iteration,accepted_updates,status,linearization_refreshed,mean_objective_gradient_norm,lambda,objective_loss,train_mse_normalized,validation_mse_normalized,best_validation_mse_normalized,normal_seconds,jacobian_seconds,normal_matrix_seconds,solve_seconds,candidate_seconds,candidate_train_seconds,candidate_validation_seconds,checkpoint,best_checkpoint
0,0,initial,0,,0.001,26.9847,26.9847,27.1499,27.1499,0,0,0,0,0,0,0,checkpoint_000000.bin,best_validation_checkpoint_0.bin
1,1,accepted,1,84.5715,0.0005,0.58696,0.58696,0.59542,0.59542,0.482618,0.0407091,0.439165,0.0122484,0.0354485,0.0126338,0.0228147,,best_validation_checkpoint_1.bin
2,2,accepted,1,3.74693,0.00025,0.129313,0.129313,0.128089,0.128089,0.423985,0.0403836,0.381713,0.0105576,0.0380533,0.0127443,0.025309,,best_validation_checkpoint_0.bin
3,3,accepted,1,1.41076,0.000125,0.0447263,0.0447263,0.0447319,0.0447319,0.450037,0.0394128,0.408852,0.0117031,0.0380935,0.0130797,0.0250137,checkpoint_3.bin,best_validation_checkpoint_1.bin
4,3,rejected,1,0.483172,0.00125,0.0447263,0.0447263,0.0447319,0.0447319,0.459584,0.0410563,0.416735,0.0105497,0.0125499,0.0125497,0,,
5,4,accepted,0,0.483172,0.000625,0.0148976,0.0148976,0.0145846,0.0145846,0,0,0,0.0107302,0.0379679,0.012702,0.0252657,,best_validation_checkpoint_0.bin
6,5,accepted,1,0.36382,0.0003125,0.00527199,0.00527199,0.00524478,0.00524478,0.444213,0.0400005,0.402509,0.0108611,0.0378881,0.0126336,0.0252544,checkpoint_6.bin,best_validation_checkpoint_1.bin
7,6,accepted,1,0.190373,0.00015625,0.00170484,0.00170484,0.0017306,0.0017306,0.437727,0.0406948,0.395288,0.0108377,0.038153,0.0130719,0.025081,,best_validation_checkpoint_0.bin
8,7,accepted,1,0.122522,7.8125e-05,0.000660734,0.000660734,0.000671008,0.000671008,0.421763,0.0390834,0.380912,0.0113163,0.0371565,0.0124173,0.0247392,checkpoint_8.bin,best_validation_checkpoint_1.bin
9,7,rejected,1,0.0634714,0.00078125,0.000660734,0.000660734,0.000671008,0.000671008,0.463561,0.0401341,0.421683,0.0113333,0.0124675,0.0124672,0,,
10,8,accepted,0,0.0634714,0.000390625,0.000425222,0.000425222,0.000432047,0.000432047,0,0,0,0.01137,0.0372405,0.0125639,0.0246766,,best_validation_checkpoint_0.bin
11,9,accepted,1,0.0114064,0.000195313,0.000361147,0.000361147,0.000367643,0.000367643,0.442447,0.0308621,0.409841,0.0096419,0.0371268,0.0124411,0.0246857,,best_validation_checkpoint_1.bin
12,10,accepted,1,0.0131923,9.76563e-05,0.00029468,0.00029468,0.000300522,0.000300522,0.432948,0.0289372,0.402294,0.0097837,0.037366,0.0125816,0.0247843,,best_validation_checkpoint_0.bin
13,11,accepted,1,0.0197976,4.88281e-05,0.000237827,0.000237827,0.00024181,0.00024181,0.433632,0.0316266,0.400252,0.0105052,0.0359272,0.012493,0.0234342,,best_validation_checkpoint_1.bin
14,12,accepted,1,0.0274237,2.44141e-05,0.000201191,0.000201191,0.000203901,0.000203901,0.431838,0.0302618,0.399462,0.0110616,0.0371902,0.0124633,0.0247267,,best_validation_checkpoint_0.bin
15,13,accepted,1,0.0291657,1.2207e-05,0.000178229,0.000178229,0.000178788,0.000178788,0.434415,0.0305344,0.402235,0.0107379,0.0371065,0.0125255,0.0245809,,best_validation_checkpoint_1.bin
16,14,accepted,1,0.0367716,6.10352e-06,0.00013179,0.00013179,0.000133055,0.000133055,0.443277,0.0294059,0.411747,0.0104396,0.0371989,0.012383,0.0248159,,best_validation_checkpoint_0.bin
17,15,accepted,1,0.0380697,3.05176e-06,0.000115749,0.000115749,0.000115357,0.000115357,0.428802,0.0302592,0.396771,0.0106299,0.0368742,0.0124129,0.0244612,,best_validation_checkpoint_1.bin
18,16,accepted,1,0.0393292,1.52588e-06,8.76621e-05,8.76621e-05,8.83345e-05,8.83345e-05,0.446479,0.0303857,0.414006,0.0106675,0.0368425,0.0122895,0.0245528,checkpoint_18.bin,best_validation_checkpoint_0.bin
19,16,rejected,1,0.028856,1.52588e-05,8.76621e-05,8.76621e-05,8.83345e-05,8.83345e-05,0.442346,0.0296506,0.410969,0.0104894,0.0122118,0.0122116,0,,
20,17,accepted,0,0.028856,7.62939e-06,1.64377e-05,1.64377e-05,1.67814e-05,1.67814e-05,0,0,0,0.0105972,0.036561,0.0122737,0.0242872,,best_validation_checkpoint_1.bin
21,18,accepted,1,0.00302944,3.8147e-06,1.49458e-05,1.49458e-05,1.52902e-05,1.52902e-05,0.434036,0.0301934,0.402115,0.0107822,0.0365435,0.0121851,0.0243583,,best_validation_checkpoint_0.bin
22,18,rejected,1,0.00484287,3.8147e-05,1.49458e-05,1.49458e-05,1.52902e-05,1.52902e-05,0.446351,0.0306616,0.413961,0.0108442,0.0122149,0.0122147,0,,
23,19,accepted,0,0.00484287,1.90735e-05,1.30401e-05,1.30401e-05,1.33404e-05,1.33404e-05,0,0,0,0.0112755,0.0365598,0.012091,0.0244686,,best_validation_checkpoint_1.bin
24,20,accepted,1,0.000306424,9.53674e-06,1.22478e-05,1.22478e-05,1.25392e-05,1.25392e-05,0.453456,0.0315079,0.42035,0.01073,0.0361678,0.0121114,0.0240564,,best_validation_checkpoint_0.bin
25,21,accepted,1,0.000971019,4.76837e-06,1.11972e-05,1.11972e-05,1.14729e-05,1.14729e-05,0.451473,0.0294796,0.419849,0.0112705,0.0339821,0.0120627,0.0219193,,best_validation_checkpoint_1.bin
26,22,accepted,1,0.00311952,2.38419e-06,1.09578e-05,1.09578e-05,1.12036e-05,1.12036e-05,0.434688,0.029244,0.403744,0.0120639,0.0363496,0.012143,0.0242066,,best_validation_checkpoint_0.bin
27,22,rejected,1,0.00853372,2.38419e-05,1.09578e-05,1.09578e-05,1.12036e-05,1.12036e-05,0.433227,0.0298195,0.401742,0.0106807,0.012193,0.0121929,0,,
28,23,accepted,0,0.00853372,1.19209e-05,8.85221e-06,8.85221e-06,9.13093e-06,9.13093e-06,0,0,0,0.0095866,0.0362996,0.0121541,0.0241455,checkpoint_28.bin,best_validation_checkpoint_1.bin
29,24,accepted,1,0.000474386,5.96046e-06,8.29518e-06,8.29518e-06,8.57143e-06,8.57143e-06,0.431607,0.0316989,0.398053,0.0104449,0.0363218,0.0120584,0.0242633,,best_validation_checkpoint_0.bin
30,25,accepted,1,0.00132088,2.98023e-06,7.71945e-06,7.71945e-06,7.99104e-06,7.99104e-06,0.436096,0.0297905,0.404592,0.0106347,0.0345457,0.0121185,0.022427,,best_validation_checkpoint_1.bin
31,25,rejected,1,0.00349294,2.98023e-05,7.71945e-06,7.71945e-06,7.99104e-06,7.99104e-06,0.462739,0.029648,0.431334,0.0115034,0.012058,0.0120579,0,,
32,26,accepted,0,0.00349294,1.49012e-05,7.10707e-06,7.10707e-06,7.38227e-06,7.38227e-06,0,0,0,0.011355,0.0355096,0.0122138,0.0232957,,best_validation_checkpoint_0.bin
33,27,accepted,1,0.000229593,7.45058e-06,6.77536e-06,6.77536e-06,7.04924e-06,7.04924e-06,0.457388,0.032745,0.42301,0.0112679,0.0360198,0.0121142,0.0239055,,best_validation_checkpoint_1.bin
34,28,accepted,1,0.000641796,3.72529e-06,6.3108e-06,6.3108e-06,6.58431e-06,6.58431e-06,0.450045,0.0297744,0.418542,0.0101496,0.0363608,0.0122324,0.0241282,,best_validation_checkpoint_0.bin
35,29,accepted,1,0.00192213,1.86265e-06,6.18982e-06,6.18982e-06,6.47323e-06,6.47323e-06,0.450085,0.0289417,0.419307,0.0117036,0.0360167,0.0121035,0.0239131,,best_validation_checkpoint_1.bin
36,29,rejected,1,0.00500278,1.86265e-05,6.18982e-06,6.18982e-06,6.47323e-06,6.47323e-06,0.453579,0.0294535,0.422233,0.015077,0.0131081,0.0131079,0,,
37,30,accepted,0,0.00500278,9.31323e-06,5.18196e-06,5.18196e-06,5.43613e-06,5.43613e-06,0,0,0,0.0134272,0.0361469,0.0128619,0.0232849,,best_validation_checkpoint_0.bin
38,31,accepted,1,0.000443691,4.65661e-06,4.91657e-06,4.91657e-06,5.16807e-06,5.16807e-06,0.470149,0.031715,0.436726,0.0115827,0.0361657,0.0121681,0.0239976,,best_validation_checkpoint_1.bin
39,32,accepted,1,0.00110808,2.32831e-06,4.6385e-06,4.6385e-06,4.89035e-06,4.89035e-06,0.460547,0.0306539,0.428006,0.0118729,0.0386584,0.0137965,0.0248617,,best_validation_checkpoint_0.bin
40,32,rejected,1,0.0028422,2.32831e-05,4.6385e-06,4.6385e-06,4.89035e-06,4.89035e-06,0.47043,0.0302482,0.438515,0.0117525,0.012054,0.0120539,0,,
41,33,accepted,0,0.0028422,1.16415e-05,4.33271e-06,4.33271e-06,4.56598e-06,4.56598e-06,0,0,0,0.0102754,0.0339009,0.0122016,0.0216993,,best_validation_checkpoint_1.bin
42,34,accepted,1,0.000231114,5.82077e-06,4.17196e-06,4.17196e-06,4.40224e-06,4.40224e-06,0.451502,0.033217,0.416609,0.0124095,0.036755,0.0128102,0.0239447,,best_validation_checkpoint_0.bin
43,35,accepted,1,0.000633843,2.91038e-06,3.94233e-06,3.94233e-06,4.1698e-06,4.1698e-06,0.462177,0.0305382,0.430026,0.0115111,0.0356489,0.0120596,0.0235893,,best_validation_checkpoint_1.bin
44,36,accepted,1,0.00170288,1.45519e-06,3.83062e-06,3.83062e-06,4.05839e-06,4.05839e-06,0.460054,0.0290455,0.429262,0.0103803,0.0361995,0.0120801,0.0241193,,best_validation_checkpoint_0.bin
45,36,rejected,1,0.00398083,1.45519e-05,3.83062e-06,3.83062e-06,4.05839e-06,4.05839e-06,0.453359,0.0291986,0.422584,0.0111918,0.0121181,0.0121179,0,,
46,37,accepted,0,0.00398083,7.27596e-06,3.35606e-06,3.35606e-06,3.558e-06,3.558e-06,0,0,0,0.0104391,0.0358966,0.0120155,0.023881,,best_validation_checkpoint_1.bin
47,38,accepted,1,0.000420773,3.63798e-06,3.21465e-06,3.21465e-06,3.41336e-06,3.41336e-06,0.435381,0.0299664,0.403814,0.011296,0.0361646,0.0120997,0.0240648,,best_validation_checkpoint_0.bin
48,39,accepted,1,0.00108279,1.81899e-06,3.0477e-06,3.0477e-06,3.24339e-06,3.24339e-06,0.44457,0.030888,0.412007,0.0108055,0.0360532,0.0120374,0.0240157,,best_validation_checkpoint_1.bin
49,39,rejected,1,0.00241066,1.81899e-05,3.0477e-06,3.0477e-06,3.24339e-06,3.24339e-06,0.44671,0.0297954,0.415272,0.0107768,0.0121513,0.012151,0,,
50,40,accepted,0,0.00241066,9.09495e-06,2.88602e-06,2.88602e-06,3.06949e-06,3.06949e-06,0,0,0,0.0112332,0.0362598,0.0123269,0.0239329,,best_validation_checkpoint_0.bin
51,41,accepted,1,0.000189422,4.54747e-06,2.79382e-06,2.79382e-06,2.97481e-06,2.97481e-06,0.443423,0.0306988,0.410972,0.0111197,0.0360403,0.0120607,0.0239796,,best_validation_checkpoint_1.bin
52,42,accepted,1,0.000542368,2.27374e-06,2.6545e-06,2.6545e-06,2.83202e-06,2.83202e-06,0.437959,0.0292783,0.406999,0.0119987,0.0358593,0.0120106,0.0238485,,best_validation_checkpoint_0.bin
53,43,accepted,1,0.00127381,1.13687e-06,2.52599e-06,2.52599e-06,2.69848e-06,2.69848e-06,0.431148,0.0291456,0.400334,0.0111312,0.036612,0.0120174,0.0245944,,best_validation_checkpoint_1.bin
54,43,rejected,1,0.00240336,1.13687e-05,2.52599e-06,2.52599e-06,2.69848e-06,2.69848e-06,0.441344,0.0299451,0.4094,0.0111364,0.0121763,0.0121761,0,,
55,44,accepted,0,0.00240336,5.68434e-06,2.31011e-06,2.31011e-06,2.46723e-06,2.46723e-06,0,0,0,0.0109021,0.0360746,0.0121987,0.0238758,,best_validation_checkpoint_0.bin
56,45,accepted,1,0.000176971,2.84217e-06,2.22177e-06,2.22177e-06,2.3756e-06,2.3756e-06,0.442056,0.0304716,0.410013,0.0105201,0.0363385,0.0121867,0.0241518,,best_validation_checkpoint_1.bin
57,46,accepted,1,0.000477057,1.42109e-06,2.0898e-06,2.0898e-06,2.2369e-06,2.2369e-06,0.427442,0.0304067,0.395047,0.0105589,0.0358637,0.0120329,0.0238306,,best_validation_checkpoint_0.bin
58,47,accepted,1,0.000723232,7.10543e-07,1.95889e-06,1.95889e-06,2.08907e-06,2.08907e-06,0.439479,0.0293831,0.408396,0.0110299,0.0356915,0.0119292,0.0237622,,best_validation_checkpoint_1.bin
59,47,rejected,1,0.00134595,7.10543e-06,1.95889e-06,1.95889e-06,2.08907e-06,2.08907e-06,0.443442,0.0305185,0.411302,0.0109052,0.0119892,0.0119889,0,,
60,48,accepted,0,0.00134595,3.55271e-06,1.78254e-06,1.78254e-06,1.90582e-06,1.90582e-06,0,0,0,0.0109787,0.0372049,0.0133785,0.0238264,,best_validation_checkpoint_0.bin
61,49,accepted,1,9.49956e-05,1.77636e-06,1.7065e-06,1.7065e-06,1.82427e-06,1.82427e-06,0.444532,0.0286618,0.414018,0.0112457,0.0361492,0.0119936,0.0241555,,best_validation_checkpoint_1.bin
62,50,accepted,1,0.000299706,8.88178e-07,1.6134e-06,1.6134e-06,1.71956e-06,1.71956e-06,0.44333,0.0298618,0.411749,0.0107005,0.0358282,0.0120183,0.0238098,,best_validation_checkpoint_0.bin
63,50,rejected,1,0.0012806,8.88178e-06,1.6134e-06,1.6134e-06,1.71956e-06,1.71956e-06,0.460067,0.0313825,0.427066,0.0119556,0.0138375,0.0138374,0,,
64,51,accepted,0,0.0012806,4.44089e-06,1.54603e-06,1.54603e-06,1.65108e-06,1.65108e-06,0,0,0,0.0106712,0.0359246,0.0120583,0.0238661,,best_validation_checkpoint_1.bin
65,52,accepted,1,6.32792e-05,2.22045e-06,1.50012e-06,1.50012e-06,1.60117e-06,1.60117e-06,0.475486,0.0310947,0.442504,0.0102327,0.0365599,0.012704,0.0238557,,best_validation_checkpoint_0.bin
66,53,accepted,1,0.000231891,1.11022e-06,1.43276e-06,1.43276e-06,1.52579e-06,1.52579e-06,0.458978,0.0301957,0.426992,0.0126667,0.0365853,0.0128125,0.0237727,,best_validation_checkpoint_1.bin
67,53,rejected,1,0.000847916,1.11022e-05,1.43276e-06,1.43276e-06,1.52579e-06,1.52579e-06,0.452397,0.0333244,0.417349,0.0124261,0.012031,0.0120308,0,,
68,54,accepted,0,0.000847916,5.55112e-06,1.40045e-06,1.40045e-06,1.49388e-06,1.49388e-06,0,0,0,0.0110121,0.0371802,0.012887,0.024293,,best_validation_checkpoint_0.bin
69,55,accepted,1,3.76773e-05,2.77556e-06,1.37029e-06,1.37029e-06,1.46098e-06,1.46098e-06,0.452294,0.0312826,0.419266,0.0131684,0.0356748,0.0120393,0.0236355,,best_validation_checkpoint_1.bin
70,56,accepted,1,0.000142404,1.38778e-06,1.32028e-06,1.32028e-06,1.40545e-06,1.40545e-06,0.444905,0.029606,0.413584,0.0121149,0.0365905,0.011945,0.0246455,,best_validation_checkpoint_0.bin
71,57,accepted,1,0.000511041,6.93889e-07,1.28084e-06,1.28084e-06,1.35544e-06,1.35544e-06,0.46188,0.0302798,0.429929,0.011143,0.035705,0.0119717,0.0237332,,best_validation_checkpoint_1.bin
72,57,rejected,1,0.00164006,6.93889e-06,1.28084e-06,1.28084e-06,1.35544e-06,1.35544e-06,0.46046,0.0299446,0.428667,0.0135848,0.0136732,0.0136729,0,,
73,58,accepted,0,0.00164006,3.46945e-06,1.20321e-06,1.20321e-06,1.28119e-06,1.28119e-06,0,0,0,0.0110498,0.0361144,0.0124143,0.0237001,,best_validation_checkpoint_0.bin
74,59,accepted,1,6.70144e-05,1.73472e-06,1.17063e-06,1.17063e-06,1.24516e-06,1.24516e-06,0.467029,0.0305044,0.434816,0.011515,0.0360346,0.0129855,0.023049,,best_validation_checkpoint_1.bin
75,60,accepted,1,0.000256504,8.67362e-07,1.12631e-06,1.12631e-06,1.19403e-06,1.19403e-06,0.448083,0.0295109,0.416847,0.0118006,0.0355956,0.011943,0.0236524,,best_validation_checkpoint_0.bin
76,60,rejected,1,0.000851889,8.67362e-06,1.12631e-06,1.12631e-06,1.19403e-06,1.19403e-06,0.44562,0.0297085,0.41424,0.012427,0.0118485,0.0118483,0,,
77,61,accepted,0,0.000851889,4.33681e-06,1.09732e-06,1.09732e-06,1.16727e-06,1.16727e-06,0,0,0,0.0112491,0.0363704,0.011937,0.0244334,,best_validation_checkpoint_1.bin
78,62,accepted,1,3.27198e-05,2.1684e-06,1.07521e-06,1.07521e-06,1.14307e-06,1.14307e-06,0.447222,0.0300597,0.415241,0.0111136,0.0356627,0.0120064,0.0236558,,best_validation_checkpoint_0.bin
79,63,accepted,1,0.000131261,1.0842e-06,1.03902e-06,1.03902e-06,1.10257e-06,1.10257e-06,0.437229,0.0299961,0.405504,0.0115514,0.0355524,0.0119113,0.0236409,,best_validation_checkpoint_1.bin
80,64,accepted,1,0.000453751,5.42101e-07,1.01542e-06,1.01542e-06,1.07057e-06,1.07057e-06,0.438896,0.030859,0.40598,0.0113902,0.0354292,0.0118995,0.0235296,,best_validation_checkpoint_0.bin
81,64,rejected,1,0.00138089,5.42101e-06,1.01542e-06,1.01542e-06,1.07057e-06,1.07057e-06,0.43766,0.029974,0.405956,0.0148827,0.0124968,0.0124966,0,,
82,65,accepted,0,0.00138089,2.71051e-06,9.50565e-07,9.50565e-07,1.01061e-06,1.01061e-06,0,0,0,0.0107533,0.0356281,0.0119409,0.0236871,,best_validation_checkpoint_1.bin
83,66,accepted,1,4.6054e-05,1.35525e-06,9.26108e-07,9.26108e-07,9.83742e-07,9.83742e-07,0.449606,0.0310522,0.416887,0.0115334,0.0366019,0.0118911,0.0247107,checkpoint_83.bin,best_validation_checkpoint_0.bin
84,67,accepted,1,0.00020635,6.77626e-07,8.9291e-07,8.9291e-07,9.45657e-07,9.45657e-07,0.451878,0.0296283,0.420472,0.0115802,0.0364555,0.0124605,0.023995,,best_validation_checkpoint_1.bin
85,67,rejected,1,0.000676145,6.77626e-06,8.9291e-07,8.9291e-07,9.45657e-07,9.45657e-07,0.455247,0.0291312,0.424362,0.0112355,0.0119244,0.0119241,0,,
86,68,accepted,0,0.000676145,3.38813e-06,8.70715e-07,8.70715e-07,9.26107e-07,9.26107e-07,0,0,0,0.0108199,0.0358833,0.0123659,0.0235172,,best_validation_checkpoint_0.bin
87,69,accepted,1,2.39152e-05,1.69407e-06,8.53972e-07,8.53972e-07,9.08049e-07,9.08049e-07,0.46404,0.032423,0.429633,0.011013,0.0359657,0.0121458,0.0238199,,best_validation_checkpoint_1.bin
88,70,accepted,1,0.000104936,8.47033e-07,8.26397e-07,8.26397e-07,8.77614e-07,8.77614e-07,0.436641,0.0326877,0.402201,0.0114201,0.0354523,0.0119493,0.0235029,,best_validation_checkpoint_0.bin
89,71,accepted,1,0.000359957,4.23516e-07,8.05499e-07,8.05499e-07,8.50977e-07,8.50977e-07,0.443447,0.0318482,0.409812,0.010873,0.0358027,0.0118219,0.0239806,,best_validation_checkpoint_1.bin
90,71,rejected,1,0.00108728,4.23516e-06,8.05499e-07,8.05499e-07,8.50977e-07,8.50977e-07,0.443824,0.0298484,0.411963,0.0107175,0.0117552,0.0117552,0,,
91,72,accepted,0,0.00108728,2.11758e-06,7.59392e-07,7.59392e-07,8.09332e-07,8.09332e-07,0,0,0,0.0122055,0.0366798,0.0132142,0.0234655,,best_validation_checkpoint_0.bin
92,73,accepted,1,3.98965e-05,1.05879e-06,7.40722e-07,7.40722e-07,7.89181e-07,7.89181e-07,0.44303,0.0305136,0.410918,0.0114968,0.0353712,0.0119121,0.023459,,best_validation_checkpoint_1.bin
93,74,accepted,1,0.000175679,5.29396e-07,7.14316e-07,7.14316e-07,7.59662e-07,7.59662e-07,0.456382,0.0294355,0.42526,0.011512,0.0352823,0.0118275,0.0234546,,best_validation_checkpoint_0.bin
94,74,rejected,1,0.000558387,5.29396e-06,7.14316e-07,7.14316e-07,7.59662e-07,7.59662e-07,0.471139,0.0306275,0.438846,0.0108925,0.0118352,0.0118351,0,,
95,75,accepted,0,0.000558387,2.64698e-06,6.98653e-07,6.98653e-07,7.46146e-07,7.46146e-07,0,0,0,0.0118939,0.0357259,0.0118821,0.0238437,,best_validation_checkpoint_1.bin
96,76,accepted,1,2.20278e-05,1.32349e-06,6.85873e-07,6.85873e-07,7.32612e-07,7.32612e-07,0.473386,0.0305833,0.441015,0.012144,0.0353965,0.0119412,0.0234552,,best_validation_checkpoint_0.bin
97,77,accepted,1,9.11969e-05,6.61744e-07,6.64461e-07,6.64461e-07,7.09459e-07,7.09459e-07,0.437794,0.0290751,0.407115,0.0112455,0.0352871,0.011815,0.023472,,best_validation_checkpoint_1.bin
98,78,accepted,1,0.000300904,3.30872e-07,6.44529e-07,6.44529e-07,6.8594e-07,6.8594e-07,0.449713,0.0295553,0.418356,0.011995,0.0367198,0.0132538,0.023466,,best_validation_checkpoint_0.bin
99,78,rejected,1,0.000874715,3.30872e-06,6.44529e-07,6.44529e-07,6.8594e-07,6.8594e-07,0.451103,0.0293288,0.419949,0.0111533,0.0120161,0.0120159,0,,
100,79,accepted,0,0.000874715,1.65436e-06,6.13768e-07,6.13768e-07,6.5832e-07,6.5832e-07,0,0,0,0.0114751,0.0367934,0.0133512,0.023442,,best_validation_checkpoint_1.bin
101,80,accepted,1,3.40737e-05,8.27181e-07,5.99399e-07,5.99399e-07,6.43103e-07,6.43103e-07,0.463676,0.0311102,0.430888,0.0112491,0.035339,0.0119561,0.0233828,,best_validation_checkpoint_0.bin
102,81,accepted,1,0.000140317,4.1359e-07,5.78191e-07,5.78191e-07,6.20016e-07,6.20016e-07,0.440081,0.0301551,0.408286,0.0126811,0.0350473,0.0117847,0.0232625,,best_validation_checkpoint_1.bin
103,81,rejected,1,0.000425563,4.1359e-06,5.78191e-07,5.78191e-07,6.20016e-07,6.20016e-07,0.449394,0.02936,0.41837,0.0114475,0.0119279,0.0119276,0,,
104,82,accepted,0,0.000425563,2.06795e-06,5.67308e-07,5.67308e-07,6.10546e-07,6.10546e-07,0,0,0,0.0117863,0.0356606,0.0118664,0.0237942,,best_validation_checkpoint_0.bin
105,83,accepted,1,1.52412e-05,1.03398e-06,5.57485e-07,5.57485e-07,6.00304e-07,6.00304e-07,0.444638,0.0293417,0.413566,0.0119589,0.039284,0.0157266,0.0235574,,best_validation_checkpoint_1.bin
106,84,accepted,1,6.75478e-05,5.16988e-07,5.40838e-07,5.40838e-07,5.8259e-07,5.8259e-07,0.436868,0.0299136,0.405145,0.0112123,0.0351598,0.0117648,0.0233949,,best_validation_checkpoint_0.bin
107,85,accepted,1,0.000222733,2.58494e-07,5.2594e-07,5.2594e-07,5.65309e-07,5.65309e-07,0.43971,0.0292395,0.408769,0.0117109,0.0356519,0.0117877,0.0238642,,best_validation_checkpoint_1.bin
108,85,rejected,1,0.000676334,2.58494e-06,5.2594e-07,5.2594e-07,5.65309e-07,5.65309e-07,0.46626,0.0315067,0.432975,0.0114499,0.0119396,0.0119396,0,,
109,86,accepted,0,0.000676334,1.29247e-06,5.01791e-07,5.01791e-07,5.43356e-07,5.43356e-07,0,0,0,0.0111278,0.0370902,0.0140386,0.0230515,,best_validation_checkpoint_0.bin
110,87,accepted,1,2.36114e-05,6.46235e-07,4.90649e-07,4.90649e-07,5.31644e-07,5.31644e-07,0.443519,0.0297042,0.411861,0.0111527,0.0359868,0.0123957,0.0235911,,best_validation_checkpoint_1.bin
111,88,accepted,1,0.000116922,3.23117e-07,4.75486e-07,4.75486e-07,5.15047e-07,5.15047e-07,0.448798,0.0290711,0.417935,0.0111903,0.0351763,0.0117811,0.0233951,,best_validation_checkpoint_0.bin
112,88,rejected,1,0.000397888,3.23117e-06,4.75486e-07,4.75486e-07,5.15047e-07,5.15047e-07,0.435314,0.0295153,0.404211,0.0111468,0.0117457,0.0117457,0,,
113,89,accepted,0,0.000397888,1.61559e-06,4.65352e-07,4.65352e-07,5.06075e-07,5.06075e-07,0,0,0,0.0118418,0.0377046,0.0143647,0.0233398,,best_validation_checkpoint_1.bin
114,90,accepted,1,1.38014e-05,8.07794e-07,4.57628e-07,4.57628e-07,4.98027e-07,4.98027e-07,0.456559,0.0298338,0.425077,0.0116029,0.0351784,0.0118651,0.0233132,,best_validation_checkpoint_0.bin
115,91,accepted,1,6.87003e-05,4.03897e-07,4.45217e-07,4.45217e-07,4.84696e-07,4.84696e-07,0.451675,0.0304833,0.419389,0.0113237,0.0350644,0.0117521,0.0233121,,best_validation_checkpoint_1.bin
116,92,accepted,1,0.000248824,2.01948e-07,4.4369e-07,4.4369e-07,4.80936e-07,4.80936e-07,0.440184,0.0304958,0.407983,0.0108828,0.0349993,0.0117965,0.0232027,,best_validation_checkpoint_0.bin
117,92,rejected,1,0.000838028,2.01948e-06,4.4369e-07,4.4369e-07,4.80936e-07,4.80936e-07,0.461159,0.0290232,0.430537,0.0117148,0.0120981,0.0120979,0,,
118,93,accepted,0,0.000838028,1.00974e-06,4.1297e-07,4.1297e-07,4.52374e-07,4.52374e-07,0,0,0,0.0121229,0.0354083,0.0119751,0.0234331,,best_validation_checkpoint_1.bin
119,94,accepted,1,3.00256e-05,5.04871e-07,4.04263e-07,4.04263e-07,4.43087e-07,4.43087e-07,0.444959,0.031359,0.41178,0.0104695,0.0355447,0.0119072,0.0236374,,best_validation_checkpoint_0.bin
120,95,accepted,1,0.000153433,2.52435e-07,3.9586e-07,3.9586e-07,4.33199e-07,4.33199e-07,0.433092,0.0312384,0.400168,0.0114575,0.0351388,0.0117968,0.0233419,,best_validation_checkpoint_1.bin
121,95,rejected,1,0.000542555,2.52435e-06,3.9586e-07,3.9586e-07,4.33199e-07,4.33199e-07,0.433822,0.0293525,0.402783,0.0110726,0.0117321,0.0117319,0,,
122,96,accepted,0,0.000542555,1.26218e-06,3.83318e-07,3.83318e-07,4.21877e-07,4.21877e-07,0,0,0,0.0111428,0.0364478,0.0127521,0.0236956,,best_validation_checkpoint_0.bin
123,97,accepted,1,1.8174e-05,6.31089e-07,3.771e-07,3.771e-07,4.15293e-07,4.15293e-07,0.443221,0.0291368,0.412491,0.0111971,0.0351628,0.0118294,0.0233332,,best_validation_checkpoint_1.bin
124,98,accepted,1,9.3759e-05,3.15544e-07,3.68257e-07,3.68257e-07,4.05462e-07,4.05462e-07,0.438157,0.0292885,0.407091,0.0116985,0.0351124,0.0117293,0.0233831,,best_validation_checkpoint_0.bin
125,98,rejected,1,0.000344054,3.15544e-06,3.68257e-07,3.68257e-07,4.05462e-07,4.05462e-07,0.429085,0.0301613,0.39715,0.0116277,0.0117875,0.0117873,0,,
126,99,accepted,0,0.000344054,1.57772e-06,3.62585e-07,3.62585e-07,4.00456e-07,4.00456e-07,0,0,0,0.0118745,0.0364214,0.0129725,0.0234489,,best_validation_checkpoint_1.bin
127,100,accepted,1,1.10243e-05,7.88861e-07,3.58058e-07,3.58058e-07,3.95678e-07,3.95678e-07,0.453756,0.0293705,0.422651,0.0114713,0.0382978,0.0132165,0.0250813,,best_validation_checkpoint_0.bin
128,101,accepted,1,5.68937e-05,3.9443e-07,3.50509e-07,3.50509e-07,3.87454e-07,3.87454e-07,0.47429,0.0335907,0.438939,0.0116017,0.0381742,0.0141904,0.0239838,,best_validation_checkpoint_1.bin
129,102,accepted,1,0.000215326,1.97215e-07,3.4788e-07,3.4788e-07,3.83176e-07,3.83176e-07,0.471993,0.031732,0.438488,0.0117071,0.0356933,0.0124684,0.0232247,,best_validation_checkpoint_0.bin
130,102,rejected,1,0.000749125,1.97215e-06,3.4788e-07,3.4788e-07,3.83176e-07,3.83176e-07,0.473901,0.0326064,0.439305,0.0119483,0.0122489,0.0122488,0,,
131,103,accepted,0,0.000749125,9.86076e-07,3.30767e-07,3.30767e-07,3.67276e-07,3.67276e-07,0,0,0,0.012016,0.0366677,0.0124021,0.0242656,,best_validation_checkpoint_1.bin
132,104,accepted,1,2.22462e-05,4.93038e-07,3.25179e-07,3.25179e-07,3.61228e-07,3.61228e-07,0.446405,0.0331003,0.411541,0.0125265,0.0359378,0.0124213,0.0235164,,best_validation_checkpoint_0.bin
133,105,accepted,1,0.000122187,2.46519e-07,3.18587e-07,3.18587e-07,3.53525e-07,3.53525e-07,0.513681,0.0373327,0.474631,0.0117781,0.035257,0.0118256,0.0234313,,best_validation_checkpoint_1.bin
134,105,rejected,1,0.000452397,2.46519e-06,3.18587e-07,3.18587e-07,3.53525e-07,3.53525e-07,0.455299,0.0322092,0.420916,0.011965,0.0129934,0.0129931,0,,
135,106,accepted,0,0.000452397,1.2326e-06,3.11794e-07,3.11794e-07,3.47299e-07,3.47299e-07,0,0,0,0.012663,0.0352729,0.0118261,0.0234468,,best_validation_checkpoint_0.bin
136,107,accepted,1,1.28689e-05,6.16298e-07,3.07689e-07,3.07689e-07,3.42874e-07,3.42874e-07,0.45197,0.033726,0.416411,0.0105859,0.0354657,0.0120761,0.0233895,,best_validation_checkpoint_1.bin
137,108,accepted,1,7.07122e-05,3.08149e-07,3.01269e-07,3.01269e-07,3.35686e-07,3.35686e-07,0.450078,0.0305364,0.417561,0.0126296,0.0353314,0.0117718,0.0235594,,best_validation_checkpoint_0.bin
138,108,rejected,1,0.000270228,3.08149e-06,3.01269e-07,3.01269e-07,3.35686e-07,3.35686e-07,0.477711,0.0341758,0.441734,0.0134581,0.0120503,0.0120501,0,,
139,109,accepted,0,0.000270228,1.54074e-06,2.9811e-07,2.9811e-07,3.32785e-07,3.32785e-07,0,0,0,0.0125635,0.0351894,0.0121213,0.023068,,best_validation_checkpoint_1.bin
140,110,accepted,1,7.58583e-06,7.70372e-07,2.95062e-07,2.95062e-07,3.295e-07,3.295e-07,0.455835,0.0303774,0.42346,0.0142229,0.0371893,0.0128003,0.024389,,best_validation_checkpoint_0.bin
141,111,accepted,1,4.10811e-05,3.85186e-07,2.89716e-07,2.89716e-07,3.23605e-07,3.23605e-07,0.466722,0.0316867,0.433323,0.0113288,0.0352089,0.011759,0.0234498,,best_validation_checkpoint_1.bin
142,112,accepted,1,0.000160784,1.92593e-07,2.85315e-07,2.85315e-07,3.17945e-07,3.17945e-07,0.458781,0.0321174,0.424212,0.0128299,0.0376547,0.0133049,0.0243497,,best_validation_checkpoint_0.bin
143,112,rejected,1,0.000571773,1.92593e-06,2.85315e-07,2.85315e-07,3.17945e-07,3.17945e-07,0.466922,0.0322024,0.432988,0.0132124,0.0118873,0.0118871,0,,
144,113,accepted,0,0.000571773,9.62965e-07,2.7634e-07,2.7634e-07,3.09481e-07,3.09481e-07,0,0,0,0.0130142,0.034877,0.0117353,0.0231417,,best_validation_checkpoint_1.bin
145,114,accepted,1,1.35639e-05,4.81482e-07,2.72345e-07,2.72345e-07,3.05091e-07,3.05091e-07,0.449343,0.0351169,0.412498,0.0125576,0.035096,0.0117931,0.0233029,,best_validation_checkpoint_0.bin
146,115,accepted,1,8.16405e-05,2.40741e-07,2.66579e-07,2.66579e-07,2.98463e-07,2.98463e-07,0.453005,0.0324893,0.417987,0.0115648,0.0359495,0.0127081,0.0232414,,best_validation_checkpoint_1.bin
147,115,rejected,1,0.000311353,2.40741e-06,2.66579e-07,2.66579e-07,2.98463e-07,2.98463e-07,0.467946,0.0334837,0.432015,0.0163958,0.0123814,0.0123812,0,,
148,116,accepted,0,0.000311353,1.20371e-06,2.6294e-07,2.6294e-07,2.94995e-07,2.94995e-07,0,0,0,0.0148776,0.0358852,0.0124644,0.0234206,,best_validation_checkpoint_0.bin
149,117,accepted,1,7.1161e-06,6.01853e-07,2.59969e-07,2.59969e-07,2.91737e-07,2.91737e-07,0.464163,0.0333308,0.429102,0.0120384,0.0352092,0.0120027,0.0232064,,best_validation_checkpoint_1.bin
150,118,accepted,1,4.31665e-05,3.00927e-07,2.54884e-07,2.54884e-07,2.86043e-07,2.86043e-07,0.482973,0.0326985,0.448522,0.0127886,0.0353621,0.0117811,0.0235809,,best_validation_checkpoint_0.bin
151,119,accepted,1,0.000169271,1.50463e-07,2.51721e-07,2.51721e-07,2.81596e-07,2.81596e-07,0.446886,0.0301801,0.414742,0.01207,0.0351264,0.0119204,0.0232059,,best_validation_checkpoint_1.bin
152,119,rejected,1,0.000579525,1.50463e-06,2.51721e-07,2.51721e-07,2.81596e-07,2.81596e-07,0.442969,0.0297961,0.411529,0.0114101,0.0117504,0.0117504,0,,
153,120,accepted,0,0.000579525,7.52316e-07,2.41811e-07,2.41811e-07,2.71997e-07,2.71997e-07,0,0,0,0.0113527,0.0356435,0.0117422,0.0239012,,best_validation_checkpoint_0.bin
154,121,accepted,1,1.09897e-05,3.76158e-07,2.37939e-07,2.37939e-07,2.67693e-07,2.67693e-07,0.460121,0.0315211,0.426442,0.0113434,0.0348679,0.0116457,0.0232222,,best_validation_checkpoint_1.bin
155,122,accepted,1,6.75284e-05,1.88079e-07,2.32346e-07,2.32346e-07,2.61255e-07,2.61255e-07,0.448283,0.0303463,0.416194,0.0108527,0.0359487,0.0127408,0.0232078,,best_validation_checkpoint_0.bin
156,122,rejected,1,0.000253166,1.88079e-06,2.32346e-07,2.32346e-07,2.61255e-07,2.61255e-07,0.439355,0.0287256,0.409014,0.0116849,0.0116628,0.0116625,0,,
157,123,accepted,0,0.000253166,9.40395e-07,2.28854e-07,2.28854e-07,2.57756e-07,2.57756e-07,0,0,0,0.0116503,0.0348832,0.0117095,0.0231736,,best_validation_checkpoint_1.bin
158,124,accepted,1,6.49989e-06,4.70198e-07,2.25972e-07,2.25972e-07,2.5457e-07,2.5457e-07,0.444914,0.0287731,0.414291,0.0114491,0.0346202,0.0117501,0.0228701,,best_validation_checkpoint_0.bin
159,125,accepted,1,2.78369e-05,2.35099e-07,2.20982e-07,2.20982e-07,2.49004e-07,2.49004e-07,0.450068,0.0298663,0.418495,0.0112675,0.0339107,0.0116872,0.0222233,,best_validation_checkpoint_1.bin
160,126,accepted,1,0.000108291,1.17549e-07,2.1651e-07,2.1651e-07,2.43455e-07,2.43455e-07,0.475536,0.0347934,0.438968,0.0109161,0.0352671,0.0123981,0.022869,,best_validation_checkpoint_0.bin
161,126,rejected,1,0.00033192,1.17549e-06,2.1651e-07,2.1651e-07,2.43455e-07,2.43455e-07,0.442357,0.0297989,0.410947,0.0107732,0.0116731,0.0116729,0,,
162,127,accepted,0,0.00033192,5.87747e-07,2.08522e-07,2.08522e-07,2.35378e-07,2.35378e-07,0,0,0,0.0104363,0.0349936,0.0116943,0.0232993,,best_validation_checkpoint_1.bin
163,128,accepted,1,2.77107e-05,2.93874e-07,2.04765e-07,2.04765e-07,2.31222e-07,2.31222e-07,0.452105,0.0312755,0.419196,0.0115324,0.0349719,0.0117232,0.0232485,,best_validation_checkpoint_0.bin
164,129,accepted,1,4.66555e-05,1.46937e-07,1.99141e-07,1.99141e-07,2.24965e-07,2.24965e-07,0.440241,0.0310388,0.407409,0.010925,0.0350434,0.0119764,0.023067,,best_validation_checkpoint_1.bin
165,129,rejected,1,0.00015472,1.46937e-06,1.99141e-07,1.99141e-07,2.24965e-07,2.24965e-07,0.439246,0.0316225,0.405791,0.0112132,0.0116656,0.0116655,0,,
166,130,accepted,0,0.00015472,7.34684e-07,1.96035e-07,1.96035e-07,2.21519e-07,2.21519e-07,0,0,0,0.0117187,0.0348671,0.0117347,0.0231322,,best_validation_checkpoint_0.bin
167,131,accepted,1,2.0815e-05,3.67342e-07,1.93265e-07,1.93265e-07,2.1848e-07,2.1848e-07,0.453192,0.0334596,0.417914,0.0114545,0.0364711,0.0116833,0.0247877,,best_validation_checkpoint_1.bin
168,132,accepted,1,4.44532e-05,1.83671e-07,1.88624e-07,1.88624e-07,2.13424e-07,2.13424e-07,0.434687,0.0300596,0.403001,0.0115862,0.0348704,0.0116789,0.0231914,,best_validation_checkpoint_0.bin
169,133,accepted,1,0.000146628,9.18355e-08,1.86333e-07,1.86333e-07,2.10597e-07,2.10597e-07,0.468115,0.0308994,0.435487,0.0107214,0.0348971,0.0116617,0.0232353,,best_validation_checkpoint_1.bin
170,133,rejected,1,0.000473063,9.18355e-07,1.86333e-07,1.86333e-07,2.10597e-07,2.10597e-07,0.471869,0.0310952,0.438957,0.0115318,0.0117144,0.0117142,0,,
171,134,accepted,0,0.000473063,4.59177e-07,1.76668e-07,1.76668e-07,2.00129e-07,2.00129e-07,0,0,0,0.0129005,0.0388386,0.0153596,0.0234789,,best_validation_checkpoint_0.bin
172,135,accepted,1,5.95452e-05,2.29589e-07,1.733e-07,1.733e-07,1.9645e-07,1.9645e-07,0.447436,0.02901,0.416375,0.0106002,0.0349477,0.0117243,0.0232232,,best_validation_checkpoint_1.bin
173,136,accepted,1,0.000134544,1.14794e-07,1.70067e-07,1.70067e-07,1.92857e-07,1.92857e-07,0.463534,0.0301831,0.431368,0.0115584,0.034224,0.0117003,0.0225236,,best_validation_checkpoint_0.bin
174,136,rejected,1,0.000402927,1.14794e-06,1.70067e-07,1.70067e-07,1.92857e-07,1.92857e-07,0.431843,0.0300501,0.399967,0.0110772,0.013966,0.0139657,0,,
175,137,accepted,0,0.000402927,5.73972e-07,1.64926e-07,1.64926e-07,1.87066e-07,1.87066e-07,0,0,0,0.0113434,0.0348324,0.0116917,0.0231406,,best_validation_checkpoint_1.bin
176,138,accepted,1,3.22686e-05,2.86986e-07,1.62446e-07,1.62446e-07,1.84361e-07,1.84361e-07,0.470106,0.031364,0.437035,0.0112499,0.0362992,0.0116585,0.0246406,,best_validation_checkpoint_0.bin
177,139,accepted,1,8.43538e-05,1.43493e-07,1.59035e-07,1.59035e-07,1.80628e-07,1.80628e-07,0.469819,0.0329114,0.435252,0.0118007,0.0347023,0.011666,0.0230363,,best_validation_checkpoint_1.bin
178,139,rejected,1,0.000257401,1.43493e-06,1.59035e-07,1.59035e-07,1.80628e-07,1.80628e-07,0.441949,0.0292691,0.411,0.0112895,0.0126797,0.0126794,0,,
179,140,accepted,0,0.000257401,7.17465e-07,1.56513e-07,1.56513e-07,1.77727e-07,1.77727e-07,0,0,0,0.0111342,0.0353343,0.0117896,0.0235446,,best_validation_checkpoint_0.bin
180,141,accepted,1,1.64374e-05,3.58732e-07,1.54671e-07,1.54671e-07,1.75712e-07,1.75712e-07,0.456435,0.0291227,0.425664,0.0110772,0.034787,0.0116482,0.0231387,,best_validation_checkpoint_1.bin
181,142,accepted,1,4.77273e-05,1.79366e-07,1.51663e-07,1.51663e-07,1.72426e-07,1.72426e-07,0.48609,0.0300948,0.45431,0.0103842,0.034706,0.0116566,0.0230493,,best_validation_checkpoint_0.bin
182,143,accepted,1,0.000152476,8.96831e-08,1.50956e-07,1.50956e-07,1.71265e-07,1.71265e-07,0.453575,0.0318577,0.419753,0.0113879,0.0351231,0.0118962,0.0232268,,best_validation_checkpoint_1.bin
183,143,rejected,1,0.00044788,8.96831e-07,1.50956e-07,1.50956e-07,1.71265e-07,1.71265e-07,0.480105,0.0299976,0.448435,0.0110615,0.0127356,0.0127354,0,,
184,144,accepted,0,0.00044788,4.48416e-07,1.43484e-07,1.43484e-07,1.63328e-07,1.63328e-07,0,0,0,0.0120955,0.0355937,0.0117954,0.0237982,,best_validation_checkpoint_0.bin
185,145,accepted,1,2.86754e-05,2.24208e-07,1.41216e-07,1.41216e-07,1.60828e-07,1.60828e-07,0.46167,0.0325098,0.427357,0.0114403,0.0347065,0.0118528,0.0228537,,best_validation_checkpoint_1.bin
186,146,accepted,1,8.13544e-05,1.12104e-07,1.38764e-07,1.38764e-07,1.57974e-07,1.57974e-07,0.44162,0.0325769,0.407299,0.0130151,0.0352599,0.0117255,0.0235342,,best_validation_checkpoint_0.bin
187,146,rejected,1,0.000257324,1.12104e-06,1.38764e-07,1.38764e-07,1.57974e-07,1.57974e-07,0.453447,0.0339463,0.417841,0.0128854,0.0138941,0.0138937,0,,
188,147,accepted,0,0.000257324,5.60519e-07,1.35653e-07,1.35653e-07,1.54659e-07,1.54659e-07,0,0,0,0.0117904,0.0355015,0.0122178,0.0232836,,best_validation_checkpoint_1.bin
189,148,accepted,1,1.36799e-05,2.8026e-07,1.33975e-07,1.33975e-07,1.52809e-07,1.52809e-07,0.485691,0.0347468,0.449192,0.0104377,0.0347517,0.011726,0.0230255,,best_validation_checkpoint_0.bin
190,149,accepted,1,4.35446e-05,1.4013e-07,1.31453e-07,1.31453e-07,1.49968e-07,1.49968e-07,0.419883,0.0294806,0.388811,0.0105035,0.0357705,0.0124967,0.0232737,,best_validation_checkpoint_1.bin
191,149,rejected,1,0.000148346,1.4013e-06,1.31453e-07,1.31453e-07,1.49968e-07,1.49968e-07,0.460936,0.0290217,0.429741,0.0108858,0.0117924,0.0117922,0,,
192,150,accepted,0,0.000148346,7.00649e-07,1.30017e-07,1.30017e-07,1.48432e-07,1.48432e-07,0,0,0,0.0112082,0.0347017,0.0116778,0.0230239,,best_validation_checkpoint_0.bin
193,151,accepted,1,7.07807e-06,3.50325e-07,1.28769e-07,1.28769e-07,1.47056e-07,1.47056e-07,0.453498,0.0300967,0.421674,0.010869,0.0347491,0.0127736,0.0219754,,best_validation_checkpoint_1.bin
194,152,accepted,1,2.43573e-05,1.75162e-07,1.26625e-07,1.26625e-07,1.44666e-07,1.44666e-07,0.442198,0.0291843,0.411286,0.0113081,0.0345712,0.0118088,0.0227623,,best_validation_checkpoint_0.bin
195,153,accepted,1,8.722e-05,8.75812e-08,1.25327e-07,1.25327e-07,1.42881e-07,1.42881e-07,0.472262,0.0337098,0.436853,0.010725,0.0348989,0.0119298,0.022969,,best_validation_checkpoint_1.bin
196,153,rejected,1,0.000297043,8.75812e-07,1.25327e-07,1.25327e-07,1.42881e-07,1.42881e-07,0.461753,0.0315274,0.427822,0.0110462,0.0116902,0.01169,0,,
197,154,accepted,0,0.000297043,4.37906e-07,1.21096e-07,1.21096e-07,1.38584e-07,1.38584e-07,0,0,0,0.0117457,0.034515,0.0119025,0.0226125,,best_validation_checkpoint_0.bin
198,155,accepted,1,1.38317e-05,2.18953e-07,1.19488e-07,1.19488e-07,1.36797e-07,1.36797e-07,0.512126,0.0378392,0.472712,0.0109578,0.0363433,0.0130898,0.0232533,,best_validation_checkpoint_1.bin
199,156,accepted,1,4.78637e-05,1.09476e-07,1.17375e-07,1.17375e-07,1.34324e-07,1.34324e-07,0.465472,0.0318731,0.431691,0.0117963,0.0351801,0.0122493,0.0229307,,best_validation_checkpoint_0.bin
200,156,rejected,1,0.000169939,1.09476e-06,1.17375e-07,1.17375e-07,1.34324e-07,1.34324e-07,0.453691,0.0324687,0.419563,0.0114524,0.0114834,0.0114832,0,,
201,157,accepted,0,0.000169939,5.47382e-07,1.15627e-07,1.15627e-07,1.32549e-07,1.32549e-07,0,0,0,0.0107107,0.0345976,0.0115688,0.0230287,,best_validation_checkpoint_1.bin
202,158,accepted,1,7.48204e-06,2.73691e-07,1.1443e-07,1.1443e-07,1.31221e-07,1.31221e-07,0.465124,0.0290704,0.434442,0.0107224,0.0347717,0.0116116,0.02316,,best_validation_checkpoint_0.bin
203,159,accepted,1,2.73822e-05,1.36846e-07,1.12473e-07,1.12473e-07,1.28998e-07,1.28998e-07,0.430055,0.0284625,0.399954,0.0109575,0.0347323,0.0115933,0.0231389,,best_validation_checkpoint_1.bin
204,160,accepted,1,9.99783e-05,6.84228e-08,1.12449e-07,1.12449e-07,1.28415e-07,1.28415e-07,0.471316,0.0289472,0.440627,0.0108557,0.0347074,0.0115921,0.0231153,,best_validation_checkpoint_0.bin
205,160,rejected,1,0.000342093,6.84228e-07,1.12449e-07,1.12449e-07,1.28415e-07,1.28415e-07,0.482573,0.0283735,0.452601,0.0116262,0.0115746,0.0115745,0,,
206,161,accepted,0,0.000342093,3.42114e-07,1.07062e-07,1.07062e-07,1.23084e-07,1.23084e-07,0,0,0,0.0108999,0.0345874,0.0115232,0.023064,,best_validation_checkpoint_1.bin
207,162,accepted,1,1.49945e-05,1.71057e-07,1.05557e-07,1.05557e-07,1.21392e-07,1.21392e-07,0.436487,0.0292561,0.405643,0.0098031,0.0348149,0.0116305,0.0231844,,best_validation_checkpoint_0.bin
208,163,accepted,1,5.50066e-05,8.55285e-08,1.03913e-07,1.03913e-07,1.19352e-07,1.19352e-07,0.434662,0.0294703,0.403518,0.0110839,0.034913,0.0118996,0.0230132,,best_validation_checkpoint_1.bin
209,163,rejected,1,0.0001943,8.55285e-07,1.03913e-07,1.03913e-07,1.19352e-07,1.19352e-07,0.477064,0.0282693,0.447222,0.0110911,0.0117534,0.0117532,0,,
210,164,accepted,0,0.0001943,4.27642e-07,1.01852e-07,1.01852e-07,1.17328e-07,1.17328e-07,0,0,0,0.011295,0.0346548,0.0115942,0.0230605,,best_validation_checkpoint_0.bin
211,165,accepted,1,8.3376e-06,2.13821e-07,1.00725e-07,1.00725e-07,1.16066e-07,1.16066e-07,0.486109,0.0307817,0.453654,0.0117644,0.0345675,0.011556,0.0230115,,best_validation_checkpoint_1.bin
212,166,accepted,1,3.16832e-05,1.06911e-07,9.89961e-08,9.89961e-08,1.14051e-07,1.14051e-07,0.469198,0.0285331,0.438764,0.0127384,0.0335943,0.0115545,0.0220398,,best_validation_checkpoint_0.bin
213,166,rejected,1,0.000114337,1.06911e-06,9.89961e-08,9.89961e-08,1.14051e-07,1.14051e-07,0.457244,0.0286757,0.42688,0.0117607,0.0116767,0.0116767,0,,
214,167,accepted,0,0.000114337,5.34553e-07,9.80527e-08,9.80527e-08,1.13127e-07,1.13127e-07,0,0,0,0.0101693,0.034673,0.0116015,0.0230714,,best_validation_checkpoint_1.bin
215,168,accepted,1,4.79754e-06,2.67276e-07,9.72052e-08,9.72052e-08,1.1218e-07,1.1218e-07,0.460527,0.0293005,0.429444,0.0109889,0.034602,0.0116664,0.0229355,,best_validation_checkpoint_0.bin
216,169,accepted,1,1.86847e-05,1.33638e-07,9.57308e-08,9.57308e-08,1.10495e-07,1.10495e-07,0.452524,0.0290751,0.421777,0.0111238,0.0350148,0.0120065,0.0230081,,best_validation_checkpoint_1.bin
217,170,accepted,1,6.8661e-05,6.68191e-08,9.477e-08,9.477e-08,1.09082e-07,1.09082e-07,0.454971,0.0284143,0.424939,0.0105033,0.0349321,0.0116478,0.0232841,,best_validation_checkpoint_0.bin
218,170,rejected,1,0.000238069,6.68191e-07,9.477e-08,9.477e-08,1.09082e-07,1.09082e-07,0.478244,0.0291999,0.447435,0.0107523,0.0115441,0.0115439,0,,
219,171,accepted,0,0.000238069,3.34096e-07,9.19219e-08,9.19219e-08,1.06325e-07,1.06325e-07,0,0,0,0.0104047,0.0349158,0.0118766,0.0230392,,best_validation_checkpoint_1.bin
220,172,accepted,1,9.91881e-06,1.67048e-07,9.08031e-08,9.08031e-08,1.0506e-07,1.0506e-07,0.471344,0.0284882,0.441105,0.0107794,0.0347632,0.0115447,0.0232184,,best_validation_checkpoint_0.bin
221,173,accepted,1,3.87602e-05,8.35239e-08,8.93114e-08,8.93114e-08,1.03253e-07,1.03253e-07,0.449945,0.0285124,0.419612,0.0107703,0.0345537,0.0116011,0.0229524,,best_validation_checkpoint_1.bin
222,173,rejected,1,0.000138779,8.35239e-07,8.93114e-08,8.93114e-08,1.03253e-07,1.03253e-07,0.436205,0.0297152,0.404773,0.0107791,0.0115802,0.0115799,0,,
223,174,accepted,0,0.000138779,4.17619e-07,8.81028e-08,8.81028e-08,1.02092e-07,1.02092e-07,0,0,0,0.011353,0.0346826,0.011707,0.0229756,,best_validation_checkpoint_0.bin
224,175,accepted,1,5.6676e-06,2.0881e-07,8.72606e-08,8.72606e-08,1.01144e-07,1.01144e-07,0.457357,0.0298457,0.425697,0.0112992,0.03463,0.0115409,0.0230891,,best_validation_checkpoint_1.bin
225,176,accepted,1,2.25985e-05,1.04405e-07,8.58799e-08,8.58799e-08,9.95384e-08,9.95384e-08,0.434715,0.0295137,0.403475,0.0116921,0.0346173,0.0115195,0.0230977,checkpoint_225.bin,best_validation_checkpoint_0.bin
226,176,rejected,1,8.31266e-05,1.04405e-06,8.58799e-08,8.58799e-08,9.95384e-08,9.95384e-08,0.445551,0.0291071,0.41472,0.0113232,0.0115323,0.0115322,0,,
227,177,accepted,0,8.31266e-05,5.22024e-07,8.52737e-08,8.52737e-08,9.8954e-08,9.8954e-08,0,0,0,0.0112577,0.0346799,0.0116939,0.022986,,best_validation_checkpoint_1.bin
228,178,accepted,1,3.33184e-06,2.61012e-07,8.4636e-08,8.4636e-08,9.82392e-08,9.82392e-08,0.485447,0.0304754,0.453322,0.0112267,0.0349432,0.011594,0.0233492,,best_validation_checkpoint_0.bin
229,179,accepted,1,1.34641e-05,1.30506e-07,8.3493e-08,8.3493e-08,9.69329e-08,9.69329e-08,0.441577,0.0297779,0.410189,0.0114808,0.0347754,0.0116238,0.0231514,,best_validation_checkpoint_1.bin
230,180,accepted,1,5.06765e-05,6.5253e-08,8.24121e-08,8.24121e-08,9.55079e-08,9.55079e-08,0.438577,0.0284297,0.408379,0.0119035,0.0348647,0.0118837,0.022981,,best_validation_checkpoint_0.bin
231,180,rejected,1,0.000181071,6.5253e-07,8.24121e-08,8.24121e-08,9.55079e-08,9.55079e-08,0.461029,0.0289933,0.430368,0.0110579,0.0115449,0.0115446,0,,
232,181,accepted,0,0.000181071,3.26265e-07,8.06227e-08,8.06227e-08,9.37869e-08,9.37869e-08,0,0,0,0.0109413,0.0334762,0.0110954,0.0223808,,best_validation_checkpoint_1.bin
233,182,accepted,1,7.10229e-06,1.63133e-07,7.97561e-08,7.97561e-08,9.28086e-08,9.28086e-08,0.456223,0.0290074,0.425461,0.01114,0.034656,0.0115176,0.0231384,,best_validation_checkpoint_0.bin
234,183,accepted,1,2.92871e-05,8.15663e-08,7.84966e-08,7.84966e-08,9.1315e-08,9.1315e-08,0.456003,0.0285939,0.425697,0.0114669,0.0346027,0.0115434,0.0230592,,best_validation_checkpoint_1.bin
235,183,rejected,1,0.000109513,8.15663e-07,7.84966e-08,7.84966e-08,9.1315e-08,9.1315e-08,0.474676,0.029454,0.443656,0.0103483,0.0115838,0.0115836,0,,
236,184,accepted,0,0.000109513,4.07832e-07,7.76816e-08,7.76816e-08,9.05291e-08,9.05291e-08,0,0,0,0.0107536,0.0345884,0.0116059,0.0229824,,best_validation_checkpoint_0.bin
237,185,accepted,1,4.28062e-06,2.03916e-07,7.70262e-08,7.70262e-08,8.9795e-08,8.9795e-08,0.441303,0.0291929,0.410448,0.0114645,0.0346396,0.011688,0.0229516,,best_validation_checkpoint_1.bin
238,186,accepted,1,1.77477e-05,1.01958e-07,7.59149e-08,7.59149e-08,8.852e-08,8.852e-08,0.449089,0.0293056,0.418057,0.0109026,0.0345031,0.0115298,0.0229733,,best_validation_checkpoint_0.bin
239,187,accepted,1,6.82193e-05,5.09789e-08,7.55924e-08,7.55924e-08,8.78702e-08,8.78702e-08,0.456937,0.0284872,0.426823,0.0103917,0.0344933,0.0116483,0.0228449,,best_validation_checkpoint_1.bin
240,187,rejected,1,0.000246035,5.09789e-07,7.55924e-08,7.55924e-08,8.78702e-08,8.78702e-08,0.428202,0.0285834,0.397955,0.0105667,0.0115683,0.0115682,0,,
241,188,accepted,0,0.000246035,2.54895e-07,7.29205e-08,7.29205e-08,8.52594e-08,8.52594e-08,0,0,0,0.0113556,0.034404,0.0115113,0.0228926,,best_validation_checkpoint_0.bin
242,189,accepted,1,9.63432e-06,1.27447e-07,7.20626e-08,7.20626e-08,8.42959e-08,8.42959e-08,0.464318,0.0285301,0.434118,0.0109003,0.0345852,0.0116376,0.0229476,,best_validation_checkpoint_1.bin
243,190,accepted,1,4.09077e-05,6.37237e-08,7.10769e-08,7.10769e-08,8.31021e-08,8.31021e-08,0.488384,0.0283343,0.458396,0.0099245,0.0348613,0.011656,0.0232052,,best_validation_checkpoint_0.bin
244,190,rejected,1,0.00015581,6.37237e-07,7.10769e-08,7.10769e-08,8.31021e-08,8.31021e-08,0.477705,0.0285666,0.447521,0.0109148,0.0115635,0.0115633,0,,
245,191,accepted,0,0.00015581,3.18618e-07,6.99499e-08,6.99499e-08,8.19904e-08,8.19904e-08,0,0,0,0.0104998,0.0345389,0.0115891,0.0229497,,best_validation_checkpoint_1.bin
246,192,accepted,1,6.20532e-06,1.59309e-07,6.92993e-08,6.92993e-08,8.12692e-08,8.12692e-08,0.45486,0.0294243,0.423759,0.0111809,0.0345663,0.0116392,0.0229271,,best_validation_checkpoint_0.bin
247,193,accepted,1,2.59835e-05,7.96546e-08,6.82961e-08,6.82961e-08,8.01274e-08,8.01274e-08,0.48984,0.0291977,0.458977,0.0102736,0.0348079,0.0115437,0.023264,,best_validation_checkpoint_1.bin
248,193,rejected,1,0.000100879,7.96546e-07,6.82961e-08,6.82961e-08,8.01274e-08,8.01274e-08,0.46218,0.0287039,0.431915,0.0114815,0.011532,0.0115319,0,,
249,194,accepted,0,0.000100879,3.98273e-07,6.77493e-08,6.77493e-08,7.95774e-08,7.95774e-08,0,0,0,0.0098664,0.0341473,0.0116308,0.0225164,,best_validation_checkpoint_0.bin
250,195,accepted,1,4.04483e-06,1.99136e-07,6.72551e-08,6.72551e-08,7.9034e-08,7.9034e-08,0.443221,0.0300472,0.41156,0.0105338,0.0349045,0.0118731,0.0230314,,best_validation_checkpoint_1.bin
251,196,accepted,1,1.66806e-05,9.95682e-08,6.63948e-08,6.63948e-08,7.80778e-08,7.80778e-08,0.45318,0.0292998,0.42211,0.0112894,0.0347578,0.0116454,0.0231122,,best_validation_checkpoint_0.bin
252,197,accepted,1,6.54202e-05,4.97841e-08,6.58771e-08,6.58771e-08,7.73883e-08,7.73883e-08,0.429795,0.0287184,0.399464,0.0116388,0.0349055,0.0117827,0.0231227,,best_validation_checkpoint_1.bin
253,197,rejected,1,0.000237804,4.97841e-07,6.58771e-08,6.58771e-08,7.73883e-08,7.73883e-08,0.436896,0.028582,0.4066,0.0104069,0.0115264,0.0115262,0,,
254,198,accepted,0,0.000237804,2.48921e-07,6.41391e-08,6.41391e-08,7.56314e-08,7.56314e-08,0,0,0,0.0110792,0.034784,0.0118343,0.0229496,,best_validation_checkpoint_0.bin
255,199,accepted,1,9.91509e-06,1.2446e-07,6.34763e-08,6.34763e-08,7.49073e-08,7.49073e-08,0.442258,0.0287517,0.411862,0.0104398,0.0346298,0.0115433,0.0230863,,best_validation_checkpoint_1.bin
256,200,accepted,1,4.07399e-05,6.22302e-08,6.26239e-08,6.26239e-08,7.39454e-08,7.39454e-08,0.433216,0.0287021,0.402776,0.0102474,0.0345837,0.0115043,0.0230792,,best_validation_checkpoint_0.bin
257,200,rejected,1,0.000153946,6.22302e-07,6.26239e-08,6.26239e-08,7.39454e-08,7.39454e-08,0.44154,0.0286715,0.411192,0.0105585,0.0115033,0.0115031,0,,
258,201,accepted,0,0.000153946,3.11151e-07,6.18575e-08,6.18575e-08,7.31536e-08,7.31536e-08,0,0,0,0.0107577,0.0344762,0.011468,0.0230082,,best_validation_checkpoint_1.bin
259,202,accepted,1,6.44467e-06,1.55575e-07,6.13525e-08,6.13525e-08,7.26071e-08,7.26071e-08,0.454659,0.0290794,0.423945,0.0124985,0.0349463,0.01173,0.0232162,,best_validation_checkpoint_0.bin
260,203,accepted,1,2.61067e-05,7.77877e-08,6.05389e-08,6.05389e-08,7.17185e-08,7.17185e-08,0.470814,0.0283647,0.440793,0.0128032,0.0345605,0.0115755,0.0229849,,best_validation_checkpoint_1.bin
261,203,rejected,1,9.95236e-05,7.77877e-07,6.05389e-08,6.05389e-08,7.17185e-08,7.17185e-08,0.443397,0.0289627,0.412697,0.01103,0.0115704,0.0115703,0,,
262,204,accepted,0,9.95236e-05,3.88938e-07,6.01508e-08,6.01508e-08,7.13076e-08,7.13076e-08,0,0,0,0.0114598,0.0331605,0.0118086,0.0213517,,best_validation_checkpoint_0.bin
263,205,accepted,1,4.1424e-06,1.94469e-07,5.97648e-08,5.97648e-08,7.0892e-08,7.0892e-08,0.457696,0.0288588,0.427154,0.0113899,0.0359191,0.0127497,0.0231693,,best_validation_checkpoint_1.bin
264,206,accepted,1,1.66194e-05,9.72346e-08,5.90786e-08,5.90786e-08,7.01517e-08,7.01517e-08,0.446616,0.02847,0.416403,0.011097,0.0345631,0.0116181,0.022945,,best_validation_checkpoint_0.bin
265,207,accepted,1,6.38537e-05,4.86173e-08,5.85006e-08,5.85006e-08,6.94844e-08,6.94844e-08,0.46679,0.0288269,0.43617,0.0110733,0.0344887,0.0115893,0.0228994,,best_validation_checkpoint_1.bin
266,207,rejected,1,0.000225939,4.86173e-07,5.85006e-08,5.85006e-08,6.94844e-08,6.94844e-08,0.452582,0.0289151,0.421996,0.0115371,0.0115417,0.0115416,0,,
267,208,accepted,0,0.000225939,2.43087e-07,5.73124e-08,5.73124e-08,6.82443e-08,6.82443e-08,0,0,0,0.0113216,0.0347778,0.0118566,0.0229212,,best_validation_checkpoint_0.bin
268,209,accepted,1,9.78029e-06,1.21543e-07,5.67826e-08,5.67826e-08,6.76774e-08,6.76774e-08,0.429164,0.0304814,0.396925,0.0102109,0.0337122,0.0115026,0.0222095,,best_validation_checkpoint_1.bin
269,210,accepted,1,3.89723e-05,6.07716e-08,5.60459e-08,5.60459e-08,6.68771e-08,6.68771e-08,0.442635,0.0290126,0.411947,0.011533,0.0344703,0.0115416,0.0229287,,best_validation_checkpoint_0.bin
270,210,rejected,1,0.000142683,6.07716e-07,5.60459e-08,5.60459e-08,6.68771e-08,6.68771e-08,0.469515,0.0286175,0.439272,0.0107008,0.0115346,0.0115346,0,,
271,211,accepted,0,0.000142683,3.03858e-07,5.5494e-08,5.5494e-08,6.62899e-08,6.62899e-08,0,0,0,0.0117317,0.0389916,0.0139531,0.0250383,,best_validation_checkpoint_1.bin
272,212,accepted,1,6.08599e-06,1.51929e-07,5.50878e-08,5.50878e-08,6.58567e-08,6.58567e-08,0.436616,0.0287326,0.406233,0.0112406,0.0335742,0.0115486,0.0220255,,best_validation_checkpoint_0.bin
273,213,accepted,1,2.41694e-05,7.59645e-08,5.44128e-08,5.44128e-08,6.51335e-08,6.51335e-08,0.436413,0.0297849,0.404866,0.0107916,0.0346775,0.0115442,0.0231333,,best_validation_checkpoint_1.bin
274,214,accepted,1,8.96554e-05,3.79823e-08,5.43802e-08,5.43802e-08,6.50186e-08,6.50186e-08,0.455831,0.0282867,0.425917,0.0112637,0.0345164,0.0117279,0.0227884,,best_validation_checkpoint_0.bin
275,214,rejected,1,0.000299741,3.79823e-07,5.43802e-08,5.43802e-08,6.50186e-08,6.50186e-08,0.454544,0.02867,0.424207,0.0107863,0.0115257,0.0115257,0,,
276,215,accepted,0,0.000299741,1.89911e-07,5.25083e-08,5.25083e-08,6.30811e-08,6.30811e-08,0,0,0,0.0102339,0.0345879,0.0115784,0.0230095,,best_validation_checkpoint_1.bin
277,216,accepted,1,1.33698e-05,9.49557e-08,5.19726e-08,5.19726e-08,6.25102e-08,6.25102e-08,0.464595,0.0295251,0.433381,0.0111202,0.0345276,0.0116034,0.0229242,,best_validation_checkpoint_0.bin
278,217,accepted,1,5.24291e-05,4.74778e-08,5.14317e-08,5.14317e-08,6.19046e-08,6.19046e-08,0.485087,0.0294769,0.453896,0.0108986,0.0343227,0.0114754,0.0228472,,best_validation_checkpoint_1.bin
279,217,rejected,1,0.000181283,4.74778e-07,5.14317e-08,5.14317e-08,6.19046e-08,6.19046e-08,0.468127,0.0291589,0.437317,0.0109182,0.0115032,0.0115032,0,,
280,218,accepted,0,0.000181283,2.37389e-07,5.06144e-08,5.06144e-08,6.10506e-08,6.10506e-08,0,0,0,0.0097612,0.0345418,0.0114437,0.0230979,,best_validation_checkpoint_0.bin
281,219,accepted,1,7.81126e-06,1.18695e-07,5.02e-08,5.02e-08,6.06092e-08,6.06092e-08,0.466276,0.028862,0.435759,0.0124822,0.0346671,0.0117691,0.0228979,,best_validation_checkpoint_1.bin
282,220,accepted,1,3.06882e-05,5.93473e-08,4.9591e-08,4.9591e-08,5.99485e-08,5.99485e-08,0.439231,0.0288221,0.408818,0.0106485,0.0344262,0.0115214,0.0229047,,best_validation_checkpoint_0.bin
283,220,rejected,1,0.000108385,5.93473e-07,4.9591e-08,4.9591e-08,5.99485e-08,5.99485e-08,0.484866,0.0301274,0.453057,0.0101573,0.0114717,0.0114717,0,,
284,221,accepted,0,0.000108385,2.96736e-07,4.91967e-08,4.91967e-08,5.95322e-08,5.95322e-08,0,0,0,0.0110576,0.0344972,0.011524,0.022973,,best_validation_checkpoint_1.bin
285,222,accepted,1,4.54769e-06,1.48368e-07,4.88779e-08,4.88779e-08,5.91923e-08,5.91923e-08,0.476584,0.0287319,0.446227,0.0104233,0.0330112,0.0117086,0.0213026,,best_validation_checkpoint_0.bin
286,223,accepted,1,1.78928e-05,7.41841e-08,4.83348e-08,4.83348e-08,5.86081e-08,5.86081e-08,0.473762,0.0285057,0.443461,0.0112958,0.0343285,0.0115522,0.0227762,,best_validation_checkpoint_1.bin
287,224,accepted,1,6.46822e-05,3.70921e-08,4.81992e-08,4.81992e-08,5.8387e-08,5.8387e-08,0.448462,0.0286466,0.418129,0.0107985,0.0348121,0.0116136,0.0231985,,best_validation_checkpoint_0.bin
288,224,rejected,1,0.00020872,3.70921e-07,4.81992e-08,4.81992e-08,5.8387e-08,5.8387e-08,0.461766,0.0284278,0.431655,0.0107155,0.0114921,0.0114921,0,,
289,225,accepted,0,0.00020872,1.8546e-07,4.68468e-08,4.68468e-08,5.7004e-08,5.7004e-08,0,0,0,0.0106752,0.0342457,0.0114864,0.0227592,,best_validation_checkpoint_1.bin
290,226,accepted,1,9.15166e-06,9.27302e-08,4.64189e-08,4.64189e-08,5.65443e-08,5.65443e-08,0.485234,0.029573,0.454012,0.0112099,0.0350402,0.0122022,0.022838,,best_validation_checkpoint_0.bin
291,227,accepted,1,3.50982e-05,4.63651e-08,4.59466e-08,4.59466e-08,5.60062e-08,5.60062e-08,0.440628,0.0290992,0.409883,0.0109972,0.0345978,0.0115265,0.0230713,,best_validation_checkpoint_1.bin
292,227,rejected,1,0.00011939,4.63651e-07,4.59466e-08,4.59466e-08,5.60062e-08,5.60062e-08,0.424759,0.0287778,0.394284,0.0108225,0.0114582,0.0114579,0,,
293,228,accepted,0,0.00011939,2.31825e-07,4.5348e-08,4.5348e-08,5.53901e-08,5.53901e-08,0,0,0,0.0105197,0.0342173,0.0114603,0.022757,,best_validation_checkpoint_0.bin
294,229,accepted,1,5.12302e-06,1.15913e-07,4.5018e-08,4.5018e-08,5.50351e-08,5.50351e-08,0.440193,0.0289865,0.409592,0.0111672,0.0344852,0.0115457,0.0229393,,best_validation_checkpoint_1.bin
295,230,accepted,1,1.96275e-05,5.79563e-08,4.45169e-08,4.45169e-08,5.4483e-08,5.4483e-08,0.442467,0.0290531,0.411727,0.0112821,0.0342841,0.0115153,0.0227686,,best_validation_checkpoint_0.bin
296,230,rejected,1,6.93176e-05,5.79563e-07,4.45169e-08,4.45169e-08,5.4483e-08,5.4483e-08,0.439096,0.0287658,0.408703,0.0107078,0.0116694,0.0116691,0,,
297,231,accepted,0,6.93176e-05,2.89782e-07,4.42234e-08,4.42234e-08,5.41772e-08,5.41772e-08,0,0,0,0.0111868,0.032953,0.0116128,0.0213402,,best_validation_checkpoint_1.bin
298,232,accepted,1,2.94776e-06,1.44891e-07,4.39699e-08,4.39699e-08,5.39039e-08,5.39039e-08,0.463712,0.0290239,0.432972,0.0112417,0.0344125,0.0115183,0.0228942,,best_validation_checkpoint_0.bin
299,233,accepted,1,1.1275e-05,7.24454e-08,4.35312e-08,4.35312e-08,5.34254e-08,5.34254e-08,0.512672,0.0451558,0.465792,0.0108822,0.0337598,0.011555,0.0222048,,best_validation_checkpoint_1.bin
300,234,accepted,1,4.10566e-05,3.62227e-08,4.33843e-08,4.33843e-08,5.31961e-08,5.31961e-08,0.455804,0.0315357,0.422546,0.0111633,0.034745,0.0118173,0.0229276,,best_validation_checkpoint_0.bin
301,234,rejected,1,0.000140485,3.62227e-07,4.33843e-08,4.33843e-08,5.31961e-08,5.31961e-08,0.437663,0.0301368,0.405903,0.0120563,0.0115221,0.0115219,0,,
302,235,accepted,0,0.000140485,1.81114e-07,4.23513e-08,4.23513e-08,5.21429e-08,5.21429e-08,0,0,0,0.0110925,0.0346929,0.0116465,0.0230463,,best_validation_checkpoint_1.bin
303,236,accepted,1,6.35597e-06,9.05568e-08,4.20076e-08,4.20076e-08,5.17687e-08,5.17687e-08,0.438453,0.0298176,0.406878,0.011995,0.03421,0.0115834,0.0226266,,best_validation_checkpoint_0.bin
304,237,accepted,1,2.30985e-05,4.52784e-08,4.16061e-08,4.16061e-08,5.13065e-08,5.13065e-08,0.449817,0.0306612,0.417382,0.0112687,0.0343816,0.0114537,0.0229279,,best_validation_checkpoint_1.bin
305,237,rejected,1,8.26458e-05,4.52784e-07,4.16061e-08,4.16061e-08,5.13065e-08,5.13065e-08,0.445889,0.0334803,0.410504,0.011533,0.0115484,0.0115482,0,,
306,238,accepted,0,8.26458e-05,2.26392e-07,4.11537e-08,4.11537e-08,5.08369e-08,5.08369e-08,0,0,0,0.0124879,0.0334137,0.0117805,0.0216331,,best_validation_checkpoint_0.bin
307,239,accepted,1,3.70397e-06,1.13196e-07,4.08889e-08,4.08889e-08,5.05482e-08,5.05482e-08,0.43481,0.0315044,0.401684,0.0115452,0.0342573,0.0115494,0.0227078,,best_validation_checkpoint_1.bin
308,240,accepted,1,1.34951e-05,5.6598e-08,4.0475e-08,4.0475e-08,5.0088e-08,5.0088e-08,0.443299,0.0307802,0.410399,0.0109922,0.0349102,0.0120807,0.0228294,,best_validation_checkpoint_0.bin
309,240,rejected,1,4.95356e-05,5.6598e-07,4.0475e-08,4.0475e-08,5.0088e-08,5.0088e-08,0.465372,0.029528,0.43406,0.0106766,0.0115521,0.0115521,0,,
310,241,accepted,0,4.95356e-05,2.8299e-07,4.02528e-08,4.02528e-08,4.98512e-08,4.98512e-08,0,0,0,0.0123644,0.0345771,0.0118478,0.0227292,,best_validation_checkpoint_1.bin
311,242,accepted,1,2.20215e-06,1.41495e-07,4.00491e-08,4.00491e-08,4.96286e-08,4.96286e-08,0.486231,0.0335318,0.450733,0.0112717,0.0342659,0.0115175,0.0227482,,best_validation_checkpoint_0.bin
312,243,accepted,1,8.08261e-06,7.07475e-08,3.96907e-08,3.96907e-08,4.9234e-08,4.9234e-08,0.44324,0.0300907,0.411353,0.0117661,0.0343284,0.011468,0.0228603,,best_validation_checkpoint_1.bin
313,244,accepted,1,3.01163e-05,3.53737e-08,3.95055e-08,3.95055e-08,4.89807e-08,4.89807e-08,0.448345,0.0301346,0.416501,0.0110579,0.034471,0.0115874,0.0228834,,best_validation_checkpoint_0.bin
314,244,rejected,1,0.000111224,3.53737e-07,3.95055e-08,3.95055e-08,4.89807e-08,4.89807e-08,0.461972,0.0294092,0.430914,0.0124417,0.0114678,0.0114677,0,,
315,245,accepted,0,0.000111224,1.76869e-07,3.87433e-08,3.87433e-08,4.81863e-08,4.81863e-08,0,0,0,0.0105624,0.0349485,0.0120969,0.0228515,,best_validation_checkpoint_1.bin
316,246,accepted,1,5.02472e-06,8.84344e-08,3.84628e-08,3.84628e-08,4.78774e-08,4.78774e-08,0.462925,0.0311935,0.430054,0.0106006,0.0352594,0.0125844,0.0226749,,best_validation_checkpoint_0.bin
317,247,accepted,1,1.76895e-05,4.42172e-08,3.81017e-08,3.81017e-08,4.7465e-08,4.7465e-08,0.455951,0.0301515,0.424045,0.0108341,0.0363942,0.0118147,0.0245794,,best_validation_checkpoint_1.bin
318,247,rejected,1,6.52992e-05,4.42172e-07,3.81017e-08,3.81017e-08,4.7465e-08,4.7465e-08,0.498584,0.0292782,0.467617,0.0102841,0.0134738,0.0134736,0,,
319,248,accepted,0,6.52992e-05,2.21086e-07,3.77722e-08,3.77722e-08,4.7109e-08,4.7109e-08,0,0,0,0.0105804,0.034321,0.0114097,0.0229112,,best_validation_checkpoint_0.bin
320,249,accepted,1,2.9178e-06,1.10543e-07,3.75559e-08,3.75559e-08,4.68701e-08,4.68701e-08,0.454589,0.0292897,0.423491,0.0106536,0.033301,0.0114453,0.0218556,,best_validation_checkpoint_1.bin
321,250,accepted,1,1.0425e-05,5.52715e-08,3.72026e-08,3.72026e-08,4.64763e-08,4.64763e-08,0.461213,0.0287585,0.430751,0.0113644,0.0344267,0.0114717,0.0229549,,best_validation_checkpoint_0.bin
322,250,rejected,1,3.88931e-05,5.52715e-07,3.72026e-08,3.72026e-08,4.64763e-08,4.64763e-08,0.49413,0.0312573,0.461225,0.0111187,0.0116405,0.0116403,0,,
323,251,accepted,0,3.88931e-05,2.76357e-07,3.70382e-08,3.70382e-08,4.62913e-08,4.62913e-08,0,0,0,0.0113516,0.0345169,0.011761,0.0227559,,best_validation_checkpoint_1.bin
324,252,accepted,1,1.71946e-06,1.38179e-07,3.68715e-08,3.68715e-08,4.61064e-08,4.61064e-08,0.462615,0.0307527,0.430234,0.010493,0.0345008,0.0115967,0.0229041,,best_validation_checkpoint_0.bin
325,253,accepted,1,6.24626e-06,6.90893e-08,3.65715e-08,3.65715e-08,4.57737e-08,4.57737e-08,0.463302,0.0294777,0.432135,0.0105123,0.0342511,0.0115499,0.0227012,,best_validation_checkpoint_1.bin
326,254,accepted,1,2.34934e-05,3.45447e-08,3.63285e-08,3.63285e-08,4.54754e-08,4.54754e-08,0.46227,0.0308461,0.42977,0.0109871,0.0355798,0.0117895,0.0237903,,best_validation_checkpoint_0.bin
327,254,rejected,1,8.85208e-05,3.45447e-07,3.63285e-08,3.63285e-08,4.54754e-08,4.54754e-08,0.546102,0.0355719,0.508694,0.0178194,0.0145231,0.0145229,0,,
328,255,accepted,0,8.85208e-05,1.72723e-07,3.57986e-08,3.57986e-08,4.48996e-08,4.48996e-08,0,0,0,0.0212232,0.0392357,0.0135732,0.0256624,,best_validation_checkpoint_1.bin
329,256,accepted,1,3.83357e-06,8.63617e-08,3.55647e-08,3.55647e-08,4.46388e-08,4.46388e-08,0.523092,0.0320914,0.488205,0.0199513,0.0397276,0.0138212,0.0259064,,best_validation_checkpoint_0.bin
330,257,accepted,1,1.36189e-05,4.31808e-08,3.52303e-08,3.52303e-08,4.42594e-08,4.42594e-08,0.584251,0.0383929,0.543335,0.0115991,0.0412908,0.0161487,0.025142,,best_validation_checkpoint_1.bin
331,257,rejected,1,5.10347e-05,4.31808e-07,3.52303e-08,3.52303e-08,4.42594e-08,4.42594e-08,0.516057,0.0371149,0.476895,0.0115932,0.0146816,0.0146814,0,,
332,258,accepted,0,5.10347e-05,2.15904e-07,3.49956e-08,3.49956e-08,4.39908e-08,4.39908e-08,0,0,0,0.0119238,0.0346021,0.011807,0.0227951,,best_validation_checkpoint_0.bin
333,259,accepted,1,2.19649e-06,1.07952e-07,3.48152e-08,3.48152e-08,4.37885e-08,4.37885e-08,0.488015,0.0293901,0.457023,0.0112064,0.0404045,0.0144899,0.0259146,,best_validation_checkpoint_1.bin
334,260,accepted,1,7.97309e-06,5.39761e-08,3.45079e-08,3.45079e-08,4.34439e-08,4.34439e-08,0.509562,0.0285821,0.479168,0.0110852,0.0345535,0.0115492,0.0230042,,best_validation_checkpoint_0.bin
335,261,accepted,1,3.02094e-05,2.6988e-08,3.44819e-08,3.44819e-08,4.33613e-08,4.33613e-08,0.505071,0.0310033,0.472362,0.0124046,0.0356218,0.0127507,0.0228709,,best_validation_checkpoint_1.bin
336,261,rejected,1,0.000113476,2.6988e-07,3.44819e-08,3.44819e-08,4.33613e-08,4.33613e-08,0.50891,0.0336454,0.4735,0.0121314,0.0154045,0.0154043,0,,
337,262,accepted,0,0.000113476,1.3494e-07,3.36575e-08,3.36575e-08,4.24622e-08,4.24622e-08,0,0,0,0.0109835,0.0363922,0.0124276,0.0239646,,best_validation_checkpoint_0.bin
338,263,accepted,1,4.56657e-06,6.74701e-08,3.34123e-08,3.34123e-08,4.21854e-08,4.21854e-08,0.636405,0.0366282,0.597268,0.0174286,0.0553439,0.0191235,0.0362203,,best_validation_checkpoint_1.bin
339,264,accepted,1,1.6867e-05,3.3735e-08,3.3133e-08,3.3133e-08,4.1857e-08,4.1857e-08,0.584867,0.0402591,0.54269,0.0118525,0.0350212,0.0115238,0.0234974,,best_validation_checkpoint_0.bin
340,264,rejected,1,6.39031e-05,3.3735e-07,3.3133e-08,3.3133e-08,4.1857e-08,4.1857e-08,0.478358,0.0302203,0.446361,0.0124149,0.0121345,0.0121342,0,,
341,265,accepted,0,6.39031e-05,1.68675e-07,3.28003e-08,3.28003e-08,4.14719e-08,4.14719e-08,0,0,0,0.0127271,0.0350441,0.0120607,0.0229834,,best_validation_checkpoint_1.bin
342,266,accepted,1,2.59478e-06,8.43376e-08,3.26105e-08,3.26105e-08,4.12559e-08,4.12559e-08,0.507689,0.0315465,0.474502,0.0123615,0.0411103,0.0115761,0.0295342,,best_validation_checkpoint_0.bin
343,267,accepted,1,9.83744e-06,4.21688e-08,3.23127e-08,3.23127e-08,4.09156e-08,4.09156e-08,0.524524,0.0291014,0.493697,0.0140557,0.0343021,0.0116388,0.0226632,,best_validation_checkpoint_1.bin
344,267,rejected,1,3.77258e-05,4.21688e-07,3.23127e-08,3.23127e-08,4.09156e-08,4.09156e-08,0.522714,0.0299184,0.491109,0.0113129,0.0122976,0.0122975,0,,
345,268,accepted,0,3.77258e-05,2.10844e-07,3.21542e-08,3.21542e-08,4.07207e-08,4.07207e-08,0,0,0,0.0123186,0.0348109,0.0119617,0.0228491,,best_validation_checkpoint_0.bin
346,269,accepted,1,1.53656e-06,1.05422e-07,3.20079e-08,3.20079e-08,4.05528e-08,4.05528e-08,0.514605,0.0296594,0.48331,0.0121299,0.0350625,0.0117843,0.0232781,,best_validation_checkpoint_1.bin
347,270,accepted,1,5.92345e-06,5.2711e-08,3.17491e-08,3.17491e-08,4.02574e-08,4.02574e-08,0.509463,0.0290278,0.478787,0.0123858,0.0382187,0.015337,0.0228816,,best_validation_checkpoint_0.bin
348,271,accepted,1,2.28952e-05,2.63555e-08,3.16006e-08,3.16006e-08,4.00532e-08,4.00532e-08,0.510663,0.0296652,0.479407,0.0110432,0.0346238,0.0115682,0.0230556,,best_validation_checkpoint_1.bin
349,271,rejected,1,8.62759e-05,2.63555e-07,3.16006e-08,3.16006e-08,4.00532e-08,4.00532e-08,0.511482,0.0288913,0.480927,0.012812,0.0144244,0.0144243,0,,
350,272,accepted,0,8.62759e-05,1.31777e-07,3.10669e-08,3.10669e-08,3.94445e-08,3.94445e-08,0,0,0,0.0111448,0.0343653,0.0114343,0.022931,,best_validation_checkpoint_0.bin
351,273,accepted,1,3.31991e-06,6.58887e-08,3.08636e-08,3.08636e-08,3.92092e-08,3.92092e-08,0.511045,0.0292924,0.480092,0.0108385,0.0343599,0.0115273,0.0228326,,best_validation_checkpoint_1.bin
352,274,accepted,1,1.33243e-05,3.29444e-08,3.05948e-08,3.05948e-08,3.88898e-08,3.88898e-08,0.495351,0.0286448,0.46481,0.0117168,0.0345201,0.0115218,0.0229983,,best_validation_checkpoint_0.bin
353,274,rejected,1,5.07389e-05,3.29444e-07,3.05948e-08,3.05948e-08,3.88898e-08,3.88898e-08,0.523626,0.028694,0.493244,0.0122697,0.0124298,0.0124296,0,,
354,275,accepted,0,5.07389e-05,1.64722e-07,3.03647e-08,3.03647e-08,3.86095e-08,3.86095e-08,0,0,0,0.011201,0.0346595,0.0116116,0.0230478,,best_validation_checkpoint_1.bin
355,276,accepted,1,2.01301e-06,8.23609e-08,3.02078e-08,3.02078e-08,3.84258e-08,3.84258e-08,0.493445,0.0292704,0.462547,0.0109628,0.0345054,0.0115398,0.0229656,,best_validation_checkpoint_0.bin
356,277,accepted,1,8.13336e-06,4.11805e-08,2.9949e-08,2.9949e-08,3.81226e-08,3.81226e-08,0.513251,0.0284905,0.48309,0.011209,0.0419282,0.0138396,0.0280886,,best_validation_checkpoint_1.bin
357,277,rejected,1,3.11446e-05,4.11805e-07,2.9949e-08,2.9949e-08,3.81226e-08,3.81226e-08,0.493467,0.0315009,0.460378,0.011737,0.0145599,0.0145597,0,,
358,278,accepted,0,3.11446e-05,2.05902e-07,2.98324e-08,2.98324e-08,3.79719e-08,3.79719e-08,0,0,0,0.0115605,0.0363785,0.0134562,0.0229222,,best_validation_checkpoint_0.bin
359,279,accepted,1,1.25274e-06,1.02951e-07,2.97112e-08,2.97112e-08,3.78287e-08,3.78287e-08,0.506242,0.0295019,0.475001,0.0116405,0.0344758,0.0115816,0.0228941,,best_validation_checkpoint_1.bin
360,280,accepted,1,5.05722e-06,5.14756e-08,2.94922e-08,2.94922e-08,3.75716e-08,3.75716e-08,0.49943,0.0287047,0.468967,0.0110116,0.0365556,0.0137927,0.0227627,,best_validation_checkpoint_0.bin
361,281,accepted,1,1.94727e-05,2.57378e-08,2.93078e-08,2.93078e-08,3.73262e-08,3.73262e-08,0.503242,0.0284629,0.472978,0.0109968,0.0370615,0.0121879,0.0248736,,best_validation_checkpoint_1.bin
362,281,rejected,1,7.19939e-05,2.57378e-07,2.93078e-08,2.93078e-08,3.73262e-08,3.73262e-08,0.487536,0.0306707,0.455143,0.0112798,0.0118775,0.0118774,0,,
363,282,accepted,0,7.19939e-05,1.28689e-07,2.8929e-08,2.8929e-08,3.68794e-08,3.68794e-08,0,0,0,0.0116781,0.0344864,0.0115616,0.0229247,,best_validation_checkpoint_0.bin
364,283,accepted,1,2.88392e-06,6.43445e-08,2.8758e-08,2.8758e-08,3.66752e-08,3.66752e-08,0.490227,0.0293976,0.459096,0.010637,0.0346927,0.011693,0.0229997,,best_validation_checkpoint_1.bin
365,284,accepted,1,1.19033e-05,3.21722e-08,2.85138e-08,2.85138e-08,3.63764e-08,3.63764e-08,0.48147,0.0298607,0.449827,0.0130288,0.03474,0.012146,0.022594,,best_validation_checkpoint_0.bin
366,284,rejected,1,4.44567e-05,3.21722e-07,2.85138e-08,2.85138e-08,3.63764e-08,3.63764e-08,0.50188,0.0316857,0.46855,0.0102167,0.0114802,0.01148,0,,
367,285,accepted,0,4.44567e-05,1.60861e-07,2.83412e-08,2.83412e-08,3.61586e-08,3.61586e-08,0,0,0,0.0110858,0.0341585,0.0117126,0.0224459,,best_validation_checkpoint_1.bin
368,286,accepted,1,1.83344e-06,8.04306e-08,2.8209e-08,2.8209e-08,3.59988e-08,3.59988e-08,0.47601,0.029715,0.444553,0.0105262,0.0343091,0.0115729,0.0227361,,best_validation_checkpoint_0.bin
369,287,accepted,1,7.48905e-06,4.02153e-08,2.79846e-08,2.79846e-08,3.57271e-08,3.57271e-08,0.486243,0.0289036,0.45555,0.0108991,0.0346674,0.0116816,0.0229856,,best_validation_checkpoint_1.bin
370,287,rejected,1,2.81399e-05,4.02153e-07,2.79846e-08,2.79846e-08,3.57271e-08,3.57271e-08,0.488971,0.0284104,0.458951,0.0111543,0.011719,0.011719,0,,
371,288,accepted,0,2.81399e-05,2.01076e-07,2.78931e-08,2.78931e-08,3.5605e-08,3.5605e-08,0,0,0,0.0113905,0.0344242,0.0115233,0.0229008,,best_validation_checkpoint_0.bin
372,289,accepted,1,1.16654e-06,1.00538e-07,2.77907e-08,2.77907e-08,3.54799e-08,3.54799e-08,0.508568,0.0303274,0.476515,0.0115106,0.0345492,0.0115667,0.0229824,,best_validation_checkpoint_1.bin
373,290,accepted,1,4.72925e-06,5.02691e-08,2.76032e-08,2.76032e-08,3.52523e-08,3.52523e-08,0.50888,0.0285164,0.478609,0.0117844,0.0349569,0.0114858,0.0234711,,best_validation_checkpoint_0.bin
374,291,accepted,1,1.79285e-05,2.51346e-08,2.7416e-08,2.7416e-08,3.49981e-08,3.49981e-08,0.513464,0.0290536,0.482749,0.0116762,0.034687,0.0114911,0.0231959,,best_validation_checkpoint_1.bin
375,291,rejected,1,6.48333e-05,2.51346e-07,2.7416e-08,2.7416e-08,3.49981e-08,3.49981e-08,0.512479,0.0282335,0.482501,0.0115988,0.0115753,0.0115751,0,,
376,292,accepted,0,6.48333e-05,1.25673e-07,2.71265e-08,2.71265e-08,3.46482e-08,3.46482e-08,0,0,0,0.0114426,0.0346062,0.0117712,0.022835,,best_validation_checkpoint_0.bin
377,293,accepted,1,2.8029e-06,6.28364e-08,2.69801e-08,2.69801e-08,3.44673e-08,3.44673e-08,0.493626,0.0291958,0.462755,0.0121621,0.0346316,0.0116673,0.0229641,,best_validation_checkpoint_1.bin
378,294,accepted,1,1.13305e-05,3.14182e-08,2.67616e-08,2.67616e-08,3.419e-08,3.419e-08,0.481389,0.0304087,0.449252,0.0121761,0.0345046,0.0115274,0.0229772,,best_validation_checkpoint_0.bin
379,294,rejected,1,4.14715e-05,3.14182e-07,2.67616e-08,2.67616e-08,3.419e-08,3.419e-08,0.49341,0.0304846,0.461303,0.0108549,0.0116452,0.0116451,0,,
380,295,accepted,0,4.14715e-05,1.57091e-07,2.6624e-08,2.6624e-08,3.40118e-08,3.40118e-08,0,0,0,0.0110599,0.034912,0.0118223,0.0230896,,best_validation_checkpoint_1.bin
381,296,accepted,1,1.80297e-06,7.85455e-08,2.65104e-08,2.65104e-08,3.38697e-08,3.38697e-08,0.483426,0.0296275,0.452157,0.0109569,0.0348365,0.0117086,0.0231278,,best_validation_checkpoint_0.bin
382,297,accepted,1,7.23066e-06,3.92727e-08,2.63142e-08,2.63142e-08,3.36234e-08,3.36234e-08,0.479276,0.028711,0.448812,0.0112584,0.0343883,0.0115676,0.0228206,,best_validation_checkpoint_1.bin
383,298,accepted,1,2.67476e-05,1.96364e-08,2.62731e-08,2.62731e-08,3.34996e-08,3.34996e-08,0.474108,0.0309666,0.441453,0.0112991,0.0344212,0.0114483,0.0229728,,best_validation_checkpoint_0.bin
384,298,rejected,1,9.42322e-05,1.96364e-07,2.62731e-08,2.62731e-08,3.34996e-08,3.34996e-08,0.491644,0.0296149,0.460321,0.0104676,0.0116824,0.0116822,0,,
385,299,accepted,0,9.42322e-05,9.81819e-08,2.57731e-08,2.57731e-08,3.29202e-08,3.29202e-08,0,0,0,0.0115374,0.0343496,0.0114747,0.0228749,,best_validation_checkpoint_1.bin
386,300,accepted,1,4.51839e-06,4.90909e-08,2.56158e-08,2.56158e-08,3.27198e-08,3.27198e-08,0.480788,0.0305369,0.448595,0.0110941,0.0345038,0.0115779,0.0229257,,best_validation_checkpoint_0.bin
387,301,accepted,1,1.75393e-05,2.45455e-08,2.54383e-08,2.54383e-08,3.24695e-08,3.24695e-08,0.483327,0.0294374,0.452175,0.0111405,0.0336198,0.0115149,0.0221047,,best_validation_checkpoint_1.bin
388,301,rejected,1,6.21224e-05,2.45455e-07,2.54383e-08,2.54383e-08,3.24695e-08,3.24695e-08,0.487711,0.0286679,0.457393,0.0103129,0.0115502,0.01155,0,,
389,302,accepted,0,6.21224e-05,1.22727e-07,2.5219e-08,2.5219e-08,3.21969e-08,3.21969e-08,0,0,0,0.0090263,0.0342406,0.0114038,0.0228368,,best_validation_checkpoint_0.bin
390,303,accepted,1,2.92973e-06,6.13637e-08,2.50958e-08,2.50958e-08,3.20379e-08,3.20379e-08,0.499043,0.0286821,0.46875,0.0105918,0.0347794,0.0118098,0.0229694,,best_validation_checkpoint_1.bin
391,304,accepted,1,1.13701e-05,3.06818e-08,2.49054e-08,2.49054e-08,3.1785e-08,3.1785e-08,0.51527,0.0279339,0.485765,0.0107913,0.0347413,0.0116905,0.0230508,,best_validation_checkpoint_0.bin
392,304,rejected,1,4.08495e-05,3.06818e-07,2.49054e-08,2.49054e-08,3.1785e-08,3.1785e-08,0.477859,0.0328442,0.443332,0.0110196,0.0114977,0.0114976,0,,
393,305,accepted,0,4.08495e-05,1.53409e-07,2.47962e-08,2.47962e-08,3.16392e-08,3.16392e-08,0,0,0,0.0107,0.0348564,0.0116076,0.0232488,,best_validation_checkpoint_1.bin
394,306,accepted,1,1.87063e-06,7.67046e-08,2.47e-08,2.47e-08,3.15137e-08,3.15137e-08,0.494872,0.0291105,0.46424,0.0102616,0.0344628,0.0116081,0.0228545,,best_validation_checkpoint_0.bin
395,307,accepted,1,7.30424e-06,3.83523e-08,2.45316e-08,2.45316e-08,3.12924e-08,3.12924e-08,0.506636,0.0291969,0.475753,0.0100782,0.0347908,0.0118302,0.0229606,,best_validation_checkpoint_1.bin
396,308,accepted,1,2.67188e-05,1.91761e-08,2.44681e-08,2.44681e-08,3.11397e-08,3.11397e-08,0.505741,0.0285777,0.475657,0.0102706,0.0346712,0.011592,0.0230792,,best_validation_checkpoint_0.bin
397,308,rejected,1,9.34984e-05,1.91761e-07,2.44681e-08,2.44681e-08,3.11397e-08,3.11397e-08,0.495379,0.0288644,0.464957,0.0104107,0.0115425,0.0115422,0,,
398,309,accepted,0,9.34984e-05,9.58807e-08,2.40719e-08,2.40719e-08,3.06717e-08,3.06717e-08,0,0,0,0.0106573,0.0344211,0.0115536,0.0228674,,best_validation_checkpoint_1.bin
399,310,accepted,1,4.82989e-06,4.79404e-08,2.39366e-08,2.39366e-08,3.04914e-08,3.04914e-08,0.497293,0.0306905,0.464611,0.0106119,0.0348183,0.0117146,0.0231036,,best_validation_checkpoint_0.bin
400,311,accepted,1,1.80823e-05,2.39702e-08,2.3776e-08,2.3776e-08,3.02533e-08,3.02533e-08,0.482953,0.0286748,0.452553,0.0108998,0.0345485,0.011566,0.0229825,,best_validation_checkpoint_1.bin
401,311,rejected,1,6.37105e-05,2.39702e-07,2.3776e-08,2.3776e-08,3.02533e-08,3.02533e-08,0.49946,0.0288483,0.46901,0.0102904,0.0115716,0.0115714,0,,
402,312,accepted,0,6.37105e-05,1.19851e-07,2.35952e-08,2.35952e-08,3.00236e-08,3.00236e-08,0,0,0,0.0103635,0.034554,0.0115566,0.0229974,,best_validation_checkpoint_0.bin
403,313,accepted,1,3.13504e-06,5.99255e-08,2.34885e-08,2.34885e-08,2.98798e-08,2.98798e-08,0.514514,0.0292055,0.483735,0.0104315,0.0345984,0.0115345,0.0230638,,best_validation_checkpoint_1.bin
404,314,accepted,1,1.18991e-05,2.99627e-08,2.33211e-08,2.33211e-08,2.96465e-08,2.96465e-08,0.497837,0.0287335,0.467501,0.0108868,0.034319,0.0114776,0.0228412,,best_validation_checkpoint_0.bin
405,314,rejected,1,4.267e-05,2.99627e-07,2.33211e-08,2.33211e-08,2.96465e-08,2.96465e-08,0.489262,0.0283002,0.459255,0.0100621,0.0115082,0.0115081,0,,
406,315,accepted,0,4.267e-05,1.49814e-07,2.32286e-08,2.32286e-08,2.95201e-08,2.95201e-08,0,0,0,0.0107935,0.0342904,0.0115149,0.0227754,,best_validation_checkpoint_1.bin
407,316,accepted,1,2.00726e-06,7.49068e-08,2.31449e-08,2.31449e-08,2.94061e-08,2.94061e-08,0.511809,0.0334374,0.476693,0.0111727,0.0345841,0.0115811,0.0230029,,best_validation_checkpoint_0.bin
408,317,accepted,1,7.72899e-06,3.74534e-08,2.29973e-08,2.29973e-08,2.92033e-08,2.92033e-08,0.470704,0.028967,0.440073,0.0109028,0.0346247,0.011481,0.0231437,,best_validation_checkpoint_1.bin
409,318,accepted,1,2.82583e-05,1.87267e-08,2.29315e-08,2.29315e-08,2.90427e-08,2.90427e-08,0.48204,0.0289318,0.451309,0.0114752,0.0389033,0.0146116,0.0242917,,best_validation_checkpoint_0.bin
410,318,rejected,1,9.92627e-05,1.87267e-07,2.29315e-08,2.29315e-08,2.90427e-08,2.90427e-08,0.463738,0.0321644,0.429862,0.0108777,0.0114431,0.0114428,0,,
411,319,accepted,0,9.92627e-05,9.36335e-08,2.25948e-08,2.25948e-08,2.864e-08,2.864e-08,0,0,0,0.0111273,0.0344507,0.0114969,0.0229538,,best_validation_checkpoint_1.bin
412,320,accepted,1,5.27707e-06,4.68168e-08,2.24756e-08,2.24756e-08,2.84743e-08,2.84743e-08,0.424764,0.0319632,0.391068,0.0109317,0.0342429,0.0114422,0.0228006,,best_validation_checkpoint_0.bin
413,321,accepted,1,1.9478e-05,2.34084e-08,2.23316e-08,2.23316e-08,2.82488e-08,2.82488e-08,0.429761,0.0291115,0.398971,0.011216,0.0344819,0.0115646,0.0229173,,best_validation_checkpoint_1.bin
414,321,rejected,1,6.87955e-05,2.34084e-07,2.23316e-08,2.23316e-08,2.82488e-08,2.82488e-08,0.432727,0.0291519,0.401668,0.0107152,0.0115688,0.0115687,0,,
415,322,accepted,0,6.87955e-05,1.17042e-07,2.2174e-08,2.2174e-08,2.80463e-08,2.80463e-08,0,0,0,0.0111779,0.0344648,0.0116371,0.0228276,,best_validation_checkpoint_0.bin
416,323,accepted,1,3.41522e-06,5.8521e-08,2.20795e-08,2.20795e-08,2.79137e-08,2.79137e-08,0.478404,0.0306448,0.44607,0.0112168,0.0342572,0.0114428,0.0228143,,best_validation_checkpoint_1.bin
417,324,accepted,1,1.28781e-05,2.92605e-08,2.19303e-08,2.19303e-08,2.76959e-08,2.76959e-08,0.489756,0.0293253,0.45867,0.0120831,0.0347259,0.0116404,0.0230855,,best_validation_checkpoint_0.bin
418,324,rejected,1,4.6325e-05,2.92605e-07,2.19303e-08,2.19303e-08,2.76959e-08,2.76959e-08,0.491623,0.029173,0.460667,0.0109763,0.0115157,0.0115154,0,,
419,325,accepted,0,4.6325e-05,1.46302e-07,2.18485e-08,2.18485e-08,2.75831e-08,2.75831e-08,0,0,0,0.0106305,0.0344972,0.0114501,0.0230471,,best_validation_checkpoint_1.bin
420,326,accepted,1,2.18056e-06,7.31512e-08,2.17741e-08,2.17741e-08,2.74776e-08,2.74776e-08,0.493154,0.0296613,0.461799,0.0108573,0.0344636,0.0116106,0.022853,,best_validation_checkpoint_0.bin
421,327,accepted,1,8.3738e-06,3.65756e-08,2.16423e-08,2.16423e-08,2.72889e-08,2.72889e-08,0.529849,0.0308212,0.497315,0.0109505,0.0348175,0.0115833,0.0232341,,best_validation_checkpoint_1.bin
422,328,accepted,1,3.07062e-05,1.82878e-08,2.15799e-08,2.15799e-08,2.71269e-08,2.71269e-08,0.490197,0.0294487,0.45912,0.0101018,0.0348958,0.0120336,0.0228622,,best_validation_checkpoint_0.bin
423,328,rejected,1,0.000108289,1.82878e-07,2.15799e-08,2.15799e-08,2.71269e-08,2.71269e-08,0.500664,0.0289354,0.470077,0.0104,0.011459,0.011459,0,,
424,329,accepted,0,0.000108289,9.1439e-08,2.12822e-08,2.12822e-08,2.67706e-08,2.67706e-08,0,0,0,0.0102141,0.0349375,0.0117639,0.0231735,,best_validation_checkpoint_1.bin
425,330,accepted,1,5.67828e-06,4.57195e-08,2.11754e-08,2.11754e-08,2.66163e-08,2.66163e-08,0.488688,0.0287582,0.458273,0.0106091,0.0344984,0.0115299,0.0229685,,best_validation_checkpoint_0.bin
426,331,accepted,1,2.09992e-05,2.28597e-08,2.10449e-08,2.10449e-08,2.64016e-08,2.64016e-08,0.51777,0.0281526,0.488052,0.0101849,0.0349933,0.0119204,0.0230729,,best_validation_checkpoint_1.bin
427,331,rejected,1,7.4478e-05,2.28597e-07,2.10449e-08,2.10449e-08,2.64016e-08,2.64016e-08,0.512319,0.0301222,0.48043,0.0110429,0.0114978,0.0114976,0,,
428,332,accepted,0,7.4478e-05,1.14299e-07,2.09041e-08,2.09041e-08,2.62213e-08,2.62213e-08,0,0,0,0.0110209,0.0341465,0.0116693,0.022477,,best_validation_checkpoint_0.bin
429,333,accepted,1,3.62464e-06,5.71494e-08,2.08191e-08,2.08191e-08,2.60977e-08,2.60977e-08,0.487982,0.029968,0.45635,0.0109431,0.0347346,0.0115713,0.0231633,,best_validation_checkpoint_1.bin
430,334,accepted,1,1.37276e-05,2.85747e-08,2.06841e-08,2.06841e-08,2.58927e-08,2.58927e-08,0.512521,0.0292065,0.480425,0.0099886,0.0346378,0.0115578,0.02308,,best_validation_checkpoint_0.bin
431,334,rejected,1,4.95924e-05,2.85747e-07,2.06841e-08,2.06841e-08,2.58927e-08,2.58927e-08,0.510633,0.0286854,0.480352,0.0114356,0.0114992,0.0114991,0,,
432,335,accepted,0,4.95924e-05,1.42873e-07,2.06108e-08,2.06108e-08,2.57921e-08,2.57921e-08,0,0,0,0.0109781,0.0343526,0.0114427,0.0229097,,best_validation_checkpoint_1.bin
433,336,accepted,1,2.2888e-06,7.14367e-08,2.05436e-08,2.05436e-08,2.56939e-08,2.56939e-08,0.499617,0.0295962,0.468458,0.0114116,0.0345779,0.0115797,0.0229981,,best_validation_checkpoint_0.bin
434,337,accepted,1,8.83062e-06,3.57184e-08,2.04242e-08,2.04242e-08,2.55172e-08,2.55172e-08,0.498273,0.0289273,0.46776,0.0110594,0.0351023,0.0121268,0.0229753,,best_validation_checkpoint_1.bin
435,338,accepted,1,3.25039e-05,1.78592e-08,2.03624e-08,2.03624e-08,2.53534e-08,2.53534e-08,0.513906,0.0291853,0.483042,0.0126898,0.0345031,0.0115161,0.0229869,,best_validation_checkpoint_0.bin
436,338,rejected,1,0.00011476,1.78592e-07,2.03624e-08,2.03624e-08,2.53534e-08,2.53534e-08,0.491765,0.0287569,0.461371,0.011185,0.0114885,0.0114885,0,,
437,339,accepted,0,0.00011476,8.92959e-08,2.00984e-08,2.00984e-08,2.50397e-08,2.50397e-08,0,0,0,0.0103147,0.0346066,0.0114945,0.023112,,best_validation_checkpoint_1.bin
438,340,accepted,1,5.77994e-06,4.46479e-08,2.00014e-08,2.00014e-08,2.48957e-08,2.48957e-08,0.487316,0.0304349,0.455257,0.010766,0.0343041,0.0114912,0.0228128,,best_validation_checkpoint_0.bin
439,341,accepted,1,2.16014e-05,2.2324e-08,1.98801e-08,1.98801e-08,2.469e-08,2.469e-08,0.489984,0.0284016,0.459919,0.0120299,0.0345079,0.0114682,0.0230396,,best_validation_checkpoint_1.bin
440,341,rejected,1,7.68784e-05,2.2324e-07,1.98801e-08,1.98801e-08,2.469e-08,2.469e-08,0.489557,0.0282442,0.459637,0.0112099,0.0115492,0.0115492,0,,
441,342,accepted,0,7.68784e-05,1.1162e-07,1.97553e-08,1.97553e-08,2.45316e-08,2.45316e-08,0,0,0,0.0103785,0.0343832,0.0115427,0.0228405,,best_validation_checkpoint_0.bin
442,343,accepted,1,3.61288e-06,5.58099e-08,1.96779e-08,1.96779e-08,2.44167e-08,2.44167e-08,0.493663,0.0292602,0.462761,0.0114385,0.0345479,0.0114223,0.0231255,,best_validation_checkpoint_1.bin
443,344,accepted,1,1.38097e-05,2.7905e-08,1.95537e-08,1.95537e-08,2.42234e-08,2.42234e-08,0.498563,0.029001,0.467859,0.0109091,0.034668,0.0115691,0.0230988,,best_validation_checkpoint_0.bin
444,344,rejected,1,5.00623e-05,2.7905e-07,1.95537e-08,1.95537e-08,2.42234e-08,2.42234e-08,0.474933,0.0291017,0.444195,0.0118083,0.0115006,0.0115005,0,,
445,345,accepted,0,5.00623e-05,1.39525e-07,1.94886e-08,1.94886e-08,2.4135e-08,2.4135e-08,0,0,0,0.0120459,0.034437,0.0115724,0.0228645,,best_validation_checkpoint_1.bin
446,346,accepted,1,2.24464e-06,6.97624e-08,1.94274e-08,1.94274e-08,2.40439e-08,2.40439e-08,0.497007,0.0286451,0.466839,0.0102629,0.0362041,0.0131022,0.0231018,,best_validation_checkpoint_0.bin
447,347,accepted,1,8.72359e-06,3.48812e-08,1.93181e-08,1.93181e-08,2.38788e-08,2.38788e-08,0.515865,0.0286344,0.485642,0.0106944,0.0344325,0.0115277,0.0229047,,best_validation_checkpoint_1.bin
448,348,accepted,1,3.22044e-05,1.74406e-08,1.92504e-08,1.92504e-08,2.37109e-08,2.37109e-08,0.513359,0.0293836,0.482324,0.010536,0.0343333,0.0114529,0.0228804,,best_validation_checkpoint_0.bin
449,348,rejected,1,0.000113433,1.74406e-07,1.92504e-08,1.92504e-08,2.37109e-08,2.37109e-08,0.502792,0.0285572,0.472523,0.0104877,0.0118098,0.0118096,0,,
450,349,accepted,0,0.000113433,8.7203e-08,1.90218e-08,1.90218e-08,2.34413e-08,2.34413e-08,0,0,0,0.0103537,0.034406,0.0116351,0.0227708,,best_validation_checkpoint_1.bin
451,350,accepted,1,5.43706e-06,4.36015e-08,1.89329e-08,1.89329e-08,2.33076e-08,2.33076e-08,0.499765,0.0289809,0.469027,0.011068,0.0343984,0.0114573,0.022941,,best_validation_checkpoint_0.bin
452,351,accepted,1,2.05737e-05,2.18008e-08,1.88162e-08,1.88162e-08,2.31097e-08,2.31097e-08,0.50769,0.0286258,0.477415,0.0107444,0.0346611,0.0115265,0.0231346,,best_validation_checkpoint_1.bin
453,351,rejected,1,7.33184e-05,2.18008e-07,1.88162e-08,1.88162e-08,2.31097e-08,2.31097e-08,0.47576,0.028458,0.445661,0.0105071,0.0115983,0.011598,0,,
454,352,accepted,0,7.33184e-05,1.09004e-07,1.87087e-08,1.87087e-08,2.2974e-08,2.2974e-08,0,0,0,0.011637,0.0330837,0.0115522,0.0215314,,best_validation_checkpoint_0.bin
455,353,accepted,1,3.31628e-06,5.45019e-08,1.86379e-08,1.86379e-08,2.28678e-08,2.28678e-08,0.519521,0.0287867,0.4891,0.0103566,0.0342492,0.011406,0.0228432,,best_validation_checkpoint_1.bin
456,354,accepted,1,1.27937e-05,2.72509e-08,1.85213e-08,1.85213e-08,2.26861e-08,2.26861e-08,0.477818,0.0281178,0.447998,0.0106736,0.0344625,0.0114622,0.0230002,,best_validation_checkpoint_0.bin
457,354,rejected,1,4.64512e-05,2.72509e-07,1.85213e-08,1.85213e-08,2.26861e-08,2.26861e-08,0.510589,0.0289451,0.479982,0.0115732,0.0119966,0.0119964,0,,
458,355,accepted,0,4.64512e-05,1.36255e-07,1.84651e-08,1.84651e-08,2.261e-08,2.261e-08,0,0,0,0.0107914,0.0347445,0.0115343,0.0232101,,best_validation_checkpoint_1.bin
459,356,accepted,1,2.02203e-06,6.81274e-08,1.8409e-08,1.8409e-08,2.25261e-08,2.25261e-08,0.516375,0.0287713,0.485976,0.0112696,0.034384,0.0116275,0.0227564,,best_validation_checkpoint_0.bin
460,357,accepted,1,7.90951e-06,3.40637e-08,1.83076e-08,1.83076e-08,2.23726e-08,2.23726e-08,0.504959,0.0289633,0.474331,0.0110608,0.0345863,0.011531,0.0230553,,best_validation_checkpoint_1.bin
461,358,accepted,1,2.92376e-05,1.70318e-08,1.82275e-08,1.82275e-08,2.21988e-08,2.21988e-08,0.506518,0.0291842,0.475747,0.0109826,0.0344448,0.0115252,0.0229195,,best_validation_checkpoint_0.bin
462,358,rejected,1,0.000102495,1.70318e-07,1.82275e-08,1.82275e-08,2.21988e-08,2.21988e-08,0.482782,0.029431,0.451648,0.0109816,0.0114755,0.0114752,0,,
463,359,accepted,0,0.000102495,8.51592e-08,1.80378e-08,1.80378e-08,2.19746e-08,2.19746e-08,0,0,0,0.0111786,0.0345596,0.0114693,0.0230901,,best_validation_checkpoint_1.bin
464,360,accepted,1,4.68149e-06,4.25796e-08,1.79556e-08,1.79556e-08,2.18514e-08,2.18514e-08,0.533485,0.03373,0.49815,0.0114,0.0358886,0.0126902,0.0231982,,best_validation_checkpoint_0.bin
465,361,accepted,1,1.7904e-05,2.12898e-08,1.78399e-08,1.78399e-08,2.16612e-08,2.16612e-08,0.510311,0.0284154,0.480246,0.0104714,0.0346354,0.011515,0.0231202,,best_validation_checkpoint_1.bin
466,361,rejected,1,6.38085e-05,2.12898e-07,1.78399e-08,1.78399e-08,2.16612e-08,2.16612e-08,0.514181,0.02846,0.484127,0.0106481,0.0114589,0.0114588,0,,
467,362,accepted,0,6.38085e-05,1.06449e-07,1.77508e-08,1.77508e-08,2.15478e-08,2.15478e-08,0,0,0,0.0110247,0.0342275,0.0114533,0.0227741,,best_validation_checkpoint_0.bin
468,363,accepted,1,2.78607e-06,5.32245e-08,1.76855e-08,1.76855e-08,2.14505e-08,2.14505e-08,0.535693,0.0302274,0.503806,0.010276,0.0344385,0.0114501,0.0229884,,best_validation_checkpoint_1.bin
469,364,accepted,1,1.08257e-05,2.66122e-08,1.75746e-08,1.75746e-08,2.12806e-08,2.12806e-08,0.496988,0.0286118,0.466773,0.0112725,0.0345682,0.0114893,0.0230787,,best_validation_checkpoint_0.bin
470,364,rejected,1,3.93446e-05,2.66122e-07,1.75746e-08,1.75746e-08,2.12806e-08,2.12806e-08,0.504586,0.0288704,0.474119,0.0105349,0.0115439,0.0115437,0,,
471,365,accepted,0,3.93446e-05,1.33061e-07,1.75272e-08,1.75272e-08,2.12158e-08,2.12158e-08,0,0,0,0.0108673,0.0327288,0.0115077,0.0212211,,best_validation_checkpoint_1.bin
472,366,accepted,1,1.66827e-06,6.65306e-08,1.74756e-08,1.74756e-08,2.11392e-08,2.11392e-08,0.516055,0.0291443,0.485239,0.0117689,0.0343472,0.0114623,0.0228849,,best_validation_checkpoint_0.bin
473,367,accepted,1,6.55529e-06,3.32653e-08,1.73808e-08,1.73808e-08,2.09976e-08,2.09976e-08,0.491294,0.0286299,0.461011,0.0101338,0.0345719,0.0115339,0.023038,,best_validation_checkpoint_1.bin
474,368,accepted,1,2.42641e-05,1.66327e-08,1.72861e-08,1.72861e-08,2.08196e-08,2.08196e-08,0.496282,0.0286976,0.465879,0.0110502,0.0343209,0.0114731,0.0228477,,best_validation_checkpoint_0.bin
475,368,rejected,1,8.48843e-05,1.66327e-07,1.72861e-08,1.72861e-08,2.08196e-08,2.08196e-08,0.495361,0.0286085,0.465064,0.0107978,0.0114801,0.01148,0,,
476,369,accepted,0,8.48843e-05,8.31633e-08,1.71344e-08,1.71344e-08,2.06374e-08,2.06374e-08,0,0,0,0.0105938,0.0345205,0.0114723,0.0230482,,best_validation_checkpoint_1.bin
477,370,accepted,1,3.71014e-06,4.15816e-08,1.70581e-08,1.70581e-08,2.05248e-08,2.05248e-08,0.493564,0.0317755,0.460028,0.0110583,0.0345043,0.0115136,0.0229907,,best_validation_checkpoint_0.bin
478,371,accepted,1,1.43174e-05,2.07908e-08,1.69426e-08,1.69426e-08,2.03439e-08,2.03439e-08,0.493188,0.0288513,0.462645,0.0105814,0.0345671,0.0115408,0.0230261,,best_validation_checkpoint_1.bin
479,371,rejected,1,5.12382e-05,2.07908e-07,1.69426e-08,1.69426e-08,2.03439e-08,2.03439e-08,0.512027,0.0293817,0.480849,0.0106867,0.0115731,0.0115731,0,,
480,372,accepted,0,5.12382e-05,1.03954e-07,1.68702e-08,1.68702e-08,2.02497e-08,2.02497e-08,0,0,0,0.0107771,0.0346116,0.0114501,0.0231615,,best_validation_checkpoint_0.bin
481,373,accepted,1,2.16761e-06,5.1977e-08,1.68098e-08,1.68098e-08,2.01611e-08,2.01611e-08,0.50738,0.0293621,0.476292,0.0109503,0.0345047,0.0115402,0.0229644,,best_validation_checkpoint_1.bin
482,374,accepted,1,8.47352e-06,2.59885e-08,1.6704e-08,1.6704e-08,2.0004e-08,2.0004e-08,0.502437,0.0291073,0.471589,0.0123012,0.0355768,0.0116784,0.0238982,,best_validation_checkpoint_0.bin
483,375,accepted,1,3.09846e-05,1.29943e-08,1.66705e-08,1.66705e-08,1.98823e-08,1.98823e-08,0.489849,0.0282245,0.459933,0.0104804,0.0342543,0.0115275,0.0227267,,best_validation_checkpoint_1.bin
484,375,rejected,1,0.000106888,1.29943e-07,1.66705e-08,1.66705e-08,1.98823e-08,1.98823e-08,0.477349,0.0285532,0.447175,0.0107079,0.0114605,0.0114604,0,,
485,376,accepted,0,0.000106888,6.49713e-08,1.64103e-08,1.64103e-08,1.95831e-08,1.95831e-08,0,0,0,0.0106061,0.0345654,0.0115125,0.0230528,,best_validation_checkpoint_0.bin
486,377,accepted,1,4.57104e-06,3.24857e-08,1.63232e-08,1.63232e-08,1.94567e-08,1.94567e-08,0.501225,0.0290378,0.470507,0.0110439,0.0344435,0.0114731,0.0229703,,best_validation_checkpoint_1.bin
487,378,accepted,1,1.76291e-05,1.62428e-08,1.62163e-08,1.62163e-08,1.9282e-08,1.9282e-08,0.508296,0.0288771,0.477743,0.0103116,0.0345217,0.0115534,0.0229682,,best_validation_checkpoint_0.bin
488,378,rejected,1,6.28548e-05,1.62428e-07,1.62163e-08,1.62163e-08,1.9282e-08,1.9282e-08,0.506017,0.0283942,0.476009,0.0103424,0.0114769,0.0114768,0,,
489,379,accepted,0,6.28548e-05,8.12141e-08,1.61032e-08,1.61032e-08,1.91408e-08,1.91408e-08,0,0,0,0.0108556,0.0344596,0.011645,0.0228144,,best_validation_checkpoint_1.bin
490,380,accepted,1,2.60489e-06,4.06071e-08,1.60338e-08,1.60338e-08,1.90415e-08,1.90415e-08,0.505142,0.0298368,0.473661,0.0115824,0.0345239,0.0114784,0.0230455,,best_validation_checkpoint_0.bin
491,381,accepted,1,1.02005e-05,2.03035e-08,1.59217e-08,1.59217e-08,1.88768e-08,1.88768e-08,0.501612,0.0286602,0.471125,0.0110637,0.034587,0.0116593,0.0229275,,best_validation_checkpoint_1.bin
492,381,rejected,1,3.74551e-05,2.03035e-07,1.59217e-08,1.59217e-08,1.88768e-08,1.88768e-08,0.500588,0.0291066,0.469885,0.0105965,0.0117161,0.0117159,0,,
493,382,accepted,0,3.74551e-05,1.01518e-07,1.58651e-08,1.58651e-08,1.87998e-08,1.87998e-08,0,0,0,0.0102204,0.034536,0.0117825,0.0227534,,best_validation_checkpoint_0.bin
494,383,accepted,1,1.52433e-06,5.07588e-08,1.58103e-08,1.58103e-08,1.87221e-08,1.87221e-08,0.497551,0.0294649,0.466516,0.0102324,0.0343715,0.011441,0.0229304,,best_validation_checkpoint_1.bin
495,384,accepted,1,6.02617e-06,2.53794e-08,1.57119e-08,1.57119e-08,1.85825e-08,1.85825e-08,0.517537,0.0284611,0.487384,0.0114803,0.0347471,0.0119366,0.0228104,,best_validation_checkpoint_0.bin
496,385,accepted,1,2.26694e-05,1.26897e-08,1.56502e-08,1.56502e-08,1.84534e-08,1.84534e-08,0.48129,0.028589,0.450972,0.010475,0.0346016,0.0115973,0.0230043,,best_validation_checkpoint_1.bin
497,385,rejected,1,8.23246e-05,1.26897e-07,1.56502e-08,1.56502e-08,1.84534e-08,1.84534e-08,0.494182,0.0287833,0.463652,0.0122677,0.0115762,0.011576,0,,
498,386,accepted,0,8.23246e-05,6.34485e-08,1.54495e-08,1.54495e-08,1.82142e-08,1.82142e-08,0,0,0,0.0109189,0.0342737,0.0115475,0.0227261,,best_validation_checkpoint_0.bin
499,387,accepted,1,3.27823e-06,3.17243e-08,1.53698e-08,1.53698e-08,1.81034e-08,1.81034e-08,0.52242,0.0290342,0.491598,0.0108498,0.0343767,0.0115022,0.0228745,,best_validation_checkpoint_1.bin
500,388,accepted,1,1.30759e-05,1.58621e-08,1.52631e-08,1.52631e-08,1.79449e-08,1.79449e-08,0.492484,0.0294787,0.461381,0.0101384,0.0344959,0.0114954,0.0230004,,best_validation_checkpoint_0.bin
501,388,rejected,1,4.95347e-05,1.58621e-07,1.52631e-08,1.52631e-08,1.79449e-08,1.79449e-08,0.473229,0.0289352,0.442495,0.010485,0.0116327,0.0116325,0,,
502,389,accepted,0,4.95347e-05,7.93107e-08,1.51717e-08,1.51717e-08,1.7826e-08,1.7826e-08,0,0,0,0.0109373,0.0345146,0.0114635,0.023051,,best_validation_checkpoint_1.bin
503,390,accepted,1,1.95547e-06,3.96553e-08,1.51087e-08,1.51087e-08,1.77392e-08,1.77392e-08,0.501176,0.0290118,0.470427,0.0100073,0.0345598,0.0115288,0.023031,,best_validation_checkpoint_0.bin
504,391,accepted,1,7.85946e-06,1.98277e-08,1.5004e-08,1.5004e-08,1.75942e-08,1.75942e-08,0.50501,0.0285823,0.474778,0.0110105,0.0348003,0.0117831,0.0230171,,best_validation_checkpoint_1.bin
505,391,rejected,1,3.05022e-05,1.98277e-07,1.5004e-08,1.5004e-08,1.75942e-08,1.75942e-08,0.506916,0.0286651,0.476629,0.0116528,0.011544,0.0115437,0,,
506,392,accepted,0,3.05022e-05,9.91384e-08,1.49561e-08,1.49561e-08,1.75269e-08,1.75269e-08,0,0,0,0.0110402,0.0342284,0.0114406,0.0227878,,best_validation_checkpoint_0.bin
507,393,accepted,1,1.20186e-06,4.95692e-08,1.49065e-08,1.49065e-08,1.74591e-08,1.74591e-08,0.511331,0.028961,0.480732,0.0094144,0.0349698,0.0119664,0.0230033,,best_validation_checkpoint_1.bin
508,394,accepted,1,4.83934e-06,2.47846e-08,1.48164e-08,1.48164e-08,1.73372e-08,1.73372e-08,0.483301,0.0287618,0.452875,0.0108712,0.0342793,0.0114951,0.0227841,,best_validation_checkpoint_0.bin
509,395,accepted,1,1.90528e-05,1.23923e-08,1.47518e-08,1.47518e-08,1.72242e-08,1.72242e-08,0.491695,0.0285639,0.461531,0.0115504,0.0344383,0.0114383,0.023,,best_validation_checkpoint_1.bin
510,395,rejected,1,7.38052e-05,1.23923e-07,1.47518e-08,1.47518e-08,1.72242e-08,1.72242e-08,0.493946,0.0299243,0.462346,0.0107293,0.011454,0.011454,0,,
511,396,accepted,0,7.38052e-05,6.19615e-08,1.45793e-08,1.45793e-08,1.70132e-08,1.70132e-08,0,0,0,0.0119109,0.034552,0.0115179,0.0230339,,best_validation_checkpoint_0.bin
512,397,accepted,1,2.82325e-06,3.09807e-08,1.45069e-08,1.45069e-08,1.69168e-08,1.69168e-08,0.483215,0.0292308,0.452301,0.010001,0.0344908,0.0114471,0.0230436,,best_validation_checkpoint_1.bin
513,398,accepted,1,1.15797e-05,1.54904e-08,1.44085e-08,1.44085e-08,1.67805e-08,1.67805e-08,0.496478,0.0290602,0.465761,0.0114343,0.034513,0.0115606,0.0229524,,best_validation_checkpoint_0.bin
514,398,rejected,1,4.60202e-05,1.54904e-07,1.44085e-08,1.44085e-08,1.67805e-08,1.67805e-08,0.50218,0.0290621,0.471384,0.0107443,0.0114924,0.0114924,0,,
515,399,accepted,0,4.60202e-05,7.74518e-08,1.43274e-08,1.43274e-08,1.66727e-08,1.66727e-08,0,0,0,0.0120284,0.0343563,0.0114873,0.0228689,,best_validation_checkpoint_1.bin
516,400,accepted,1,1.77904e-06,3.87259e-08,1.42702e-08,1.42702e-08,1.65973e-08,1.65973e-08,0.526927,0.0287797,0.496486,0.0105969,0.0345508,0.011696,0.0228546,,best_validation_checkpoint_0.bin
517,401,accepted,1,7.2656e-06,1.9363e-08,1.41751e-08,1.41751e-08,1.64722e-08,1.64722e-08,0.497316,0.0291572,0.466488,0.0108055,0.0344317,0.0114905,0.0229411,,best_validation_checkpoint_1.bin
518,401,rejected,1,2.9087e-05,1.9363e-07,1.41751e-08,1.41751e-08,1.64722e-08,1.64722e-08,0.484079,0.0289096,0.453531,0.0134296,0.0116351,0.0116349,0,,
519,402,accepted,0,2.9087e-05,9.68148e-08,1.41318e-08,1.41318e-08,1.64105e-08,1.64105e-08,0,0,0,0.0102579,0.0342667,0.0115576,0.022709,,best_validation_checkpoint_0.bin
520,403,accepted,1,1.13341e-06,4.84074e-08,1.40868e-08,1.40868e-08,1.63515e-08,1.63515e-08,0.50132,0.0292407,0.470447,0.0107439,0.0344675,0.0114734,0.022994,,best_validation_checkpoint_1.bin
521,404,accepted,1,4.6047e-06,2.42037e-08,1.40051e-08,1.40051e-08,1.6246e-08,1.6246e-08,0.480169,0.0289145,0.449555,0.0108438,0.0343257,0.0115487,0.0227769,,best_validation_checkpoint_0.bin
522,405,accepted,1,1.84745e-05,1.21018e-08,1.39486e-08,1.39486e-08,1.6156e-08,1.6156e-08,0.50575,0.0283846,0.47503,0.0116724,0.0325028,0.0115056,0.020997,,best_validation_checkpoint_1.bin
523,405,rejected,1,7.29335e-05,1.21018e-07,1.39486e-08,1.39486e-08,1.6156e-08,1.6156e-08,0.513899,0.0285304,0.483708,0.0110155,0.0115076,0.0115076,0,,
524,406,accepted,0,7.29335e-05,6.05092e-08,1.37899e-08,1.37899e-08,1.59599e-08,1.59599e-08,0,0,0,0.0110794,0.0344385,0.0115077,0.0229307,,best_validation_checkpoint_0.bin
525,407,accepted,1,2.78363e-06,3.02546e-08,1.37243e-08,1.37243e-08,1.58763e-08,1.58763e-08,0.497926,0.0295231,0.466732,0.0115248,0.0356585,0.0128924,0.022766,,best_validation_checkpoint_1.bin
526,408,accepted,1,1.14337e-05,1.51273e-08,1.36362e-08,1.36362e-08,1.57613e-08,1.57613e-08,0.513209,0.0287527,0.482703,0.0102254,0.0347017,0.0114625,0.0232391,,best_validation_checkpoint_0.bin
527,408,rejected,1,4.56884e-05,1.51273e-07,1.36362e-08,1.36362e-08,1.57613e-08,1.57613e-08,0.527171,0.0288528,0.49665,0.0106714,0.011792,0.0117918,0,,
528,409,accepted,0,4.56884e-05,7.56366e-08,1.35613e-08,1.35613e-08,1.5661e-08,1.5661e-08,0,0,0,0.0108526,0.034078,0.0116476,0.0224303,,best_validation_checkpoint_1.bin
529,410,accepted,1,1.7653e-06,3.78183e-08,1.35094e-08,1.35094e-08,1.55954e-08,1.55954e-08,0.481765,0.0287429,0.451312,0.010526,0.0341428,0.0115916,0.0225511,,best_validation_checkpoint_0.bin
530,411,accepted,1,7.19798e-06,1.89091e-08,1.34236e-08,1.34236e-08,1.54879e-08,1.54879e-08,0.489906,0.0290012,0.459249,0.0101479,0.0344848,0.0114972,0.0229875,,best_validation_checkpoint_1.bin
531,411,rejected,1,2.87971e-05,1.89091e-07,1.34236e-08,1.34236e-08,1.54879e-08,1.54879e-08,0.511656,0.0288248,0.48121,0.0120932,0.0116667,0.0116666,0,,
532,412,accepted,0,2.87971e-05,9.45457e-08,1.33838e-08,1.33838e-08,1.5431e-08,1.5431e-08,0,0,0,0.0113697,0.0358475,0.0127084,0.023139,,best_validation_checkpoint_0.bin
533,413,accepted,1,1.12158e-06,4.72729e-08,1.3343e-08,1.3343e-08,1.53796e-08,1.53796e-08,0.513019,0.0288255,0.482526,0.0107002,0.0343495,0.011422,0.0229275,,best_validation_checkpoint_1.bin
534,414,accepted,1,4.5462e-06,2.36364e-08,1.3269e-08,1.3269e-08,1.52881e-08,1.52881e-08,0.500387,0.0308701,0.467913,0.0113657,0.0342845,0.0114538,0.0228306,,best_validation_checkpoint_0.bin
535,415,accepted,1,1.81819e-05,1.18182e-08,1.32184e-08,1.32184e-08,1.52155e-08,1.52155e-08,0.487812,0.0290326,0.457182,0.0111969,0.0344898,0.0114742,0.0230155,,best_validation_checkpoint_1.bin
536,415,rejected,1,7.11892e-05,1.18182e-07,1.32184e-08,1.32184e-08,1.52155e-08,1.52155e-08,0.496573,0.028538,0.466462,0.0107924,0.0122022,0.012202,0,,
537,416,accepted,0,7.11892e-05,5.90911e-08,1.30734e-08,1.30734e-08,1.50349e-08,1.50349e-08,0,0,0,0.0109624,0.0342998,0.0113892,0.0229104,,best_validation_checkpoint_0.bin
538,417,accepted,1,2.72543e-06,2.95455e-08,1.30139e-08,1.30139e-08,1.49621e-08,1.49621e-08,0.497051,0.0287852,0.466624,0.0113391,0.0345236,0.0115138,0.0230096,,best_validation_checkpoint_1.bin
539,418,accepted,1,1.10949e-05,1.47728e-08,1.29333e-08,1.29333e-08,1.48634e-08,1.48634e-08,0.515312,0.0285473,0.485058,0.0110968,0.0345179,0.0115042,0.0230135,,best_validation_checkpoint_0.bin
540,418,rejected,1,4.38716e-05,1.47728e-07,1.29333e-08,1.29333e-08,1.48634e-08,1.48634e-08,0.507959,0.0289804,0.477311,0.0122609,0.0116177,0.0116176,0,,
541,419,accepted,0,4.38716e-05,7.38638e-08,1.28658e-08,1.28658e-08,1.4772e-08,1.4772e-08,0,0,0,0.009998,0.0334819,0.0110869,0.0223948,,best_validation_checkpoint_1.bin
542,420,accepted,1,1.6966e-06,3.69319e-08,1.28187e-08,1.28187e-08,1.47147e-08,1.47147e-08,0.489599,0.0294173,0.458526,0.0112134,0.0345799,0.0115258,0.0230541,,best_validation_checkpoint_0.bin
543,421,accepted,1,6.86773e-06,1.8466e-08,1.27402e-08,1.27402e-08,1.4621e-08,1.4621e-08,0.470602,0.0285869,0.440352,0.0103349,0.0344429,0.0115229,0.02292,,best_validation_checkpoint_1.bin
544,421,rejected,1,2.7217e-05,1.8466e-07,1.27402e-08,1.27402e-08,1.4621e-08,1.4621e-08,0.486792,0.0283466,0.456793,0.0106366,0.0114605,0.0114605,0,,
545,422,accepted,0,2.7217e-05,9.23298e-08,1.27045e-08,1.27045e-08,1.45695e-08,1.45695e-08,0,0,0,0.0099997,0.0344233,0.0115781,0.0228451,,best_validation_checkpoint_0.bin
546,423,accepted,1,1.06049e-06,4.61649e-08,1.26675e-08,1.26675e-08,1.45244e-08,1.45244e-08,0.510031,0.0289124,0.479546,0.0105789,0.0343223,0.0115025,0.0228196,,best_validation_checkpoint_1.bin
547,424,accepted,1,4.27379e-06,2.30824e-08,1.25999e-08,1.25999e-08,1.44443e-08,1.44443e-08,0.498483,0.0296154,0.467201,0.0119149,0.0342699,0.0113944,0.0228753,,best_validation_checkpoint_0.bin
548,425,accepted,1,1.69573e-05,1.15412e-08,1.25483e-08,1.25483e-08,1.43797e-08,1.43797e-08,0.49511,0.0316672,0.46187,0.0102561,0.034322,0.0114608,0.0228611,,best_validation_checkpoint_1.bin
549,425,rejected,1,6.56066e-05,1.15412e-07,1.25483e-08,1.25483e-08,1.43797e-08,1.43797e-08,0.53298,0.0289552,0.502416,0.0099836,0.0114165,0.0114162,0,,
550,426,accepted,0,6.56066e-05,5.77061e-08,1.24222e-08,1.24222e-08,1.422e-08,1.422e-08,0,0,0,0.0106355,0.0341104,0.0114472,0.0226632,,best_validation_checkpoint_0.bin
551,427,accepted,1,2.51651e-06,2.88531e-08,1.23679e-08,1.23679e-08,1.41561e-08,1.41561e-08,0.491415,0.0305679,0.459272,0.0094098,0.0333481,0.0110885,0.0222596,,best_validation_checkpoint_1.bin
552,428,accepted,1,1.01498e-05,1.44265e-08,1.22917e-08,1.22917e-08,1.40683e-08,1.40683e-08,0.506597,0.0291543,0.475832,0.0106227,0.034492,0.011621,0.0228709,,best_validation_checkpoint_0.bin
553,428,rejected,1,3.97087e-05,1.44265e-07,1.22917e-08,1.22917e-08,1.40683e-08,1.40683e-08,0.503198,0.0293394,0.472209,0.0099498,0.0114411,0.0114409,0,,
554,429,accepted,0,3.97087e-05,7.21326e-08,1.22331e-08,1.22331e-08,1.39875e-08,1.39875e-08,0,0,0,0.0127346,0.0345821,0.0114447,0.0231373,,best_validation_checkpoint_1.bin
555,430,accepted,1,1.53939e-06,3.60663e-08,1.21901e-08,1.21901e-08,1.39371e-08,1.39371e-08,0.501432,0.0304311,0.469306,0.0110816,0.0343164,0.0114212,0.0228952,,best_validation_checkpoint_0.bin
556,431,accepted,1,6.18608e-06,1.80332e-08,1.21173e-08,1.21173e-08,1.38541e-08,1.38541e-08,0.515068,0.029068,0.484325,0.0108437,0.0346082,0.0115954,0.0230127,,best_validation_checkpoint_1.bin
557,431,rejected,1,2.43111e-05,1.80332e-07,1.21173e-08,1.21173e-08,1.38541e-08,1.38541e-08,0.489445,0.0285947,0.459174,0.0109374,0.0117037,0.0117036,0,,
558,432,accepted,0,2.43111e-05,9.01658e-08,1.20862e-08,1.20862e-08,1.38083e-08,1.38083e-08,0,0,0,0.0113349,0.0344242,0.0116605,0.0227636,,best_validation_checkpoint_0.bin
559,433,accepted,1,9.50396e-07,4.50829e-08,1.20523e-08,1.20523e-08,1.37686e-08,1.37686e-08,0.494333,0.0287264,0.463907,0.0121556,0.0342625,0.0114516,0.0228108,,best_validation_checkpoint_1.bin
560,434,accepted,1,3.80824e-06,2.25415e-08,1.19901e-08,1.19901e-08,1.36976e-08,1.36976e-08,0.510652,0.0312039,0.477776,0.0110433,0.0342686,0.0114771,0.0227915,,best_validation_checkpoint_0.bin
561,435,accepted,1,1.50116e-05,1.12707e-08,1.19345e-08,1.19345e-08,1.36353e-08,1.36353e-08,0.503295,0.033536,0.467866,0.0115838,0.0345449,0.0115219,0.023023,,best_validation_checkpoint_1.bin
562,435,rejected,1,5.76457e-05,1.12707e-07,1.19345e-08,1.19345e-08,1.36353e-08,1.36353e-08,0.536946,0.0284021,0.50689,0.0123465,0.0124031,0.012403,0,,
563,436,accepted,0,5.76457e-05,5.63536e-08,1.18283e-08,1.18283e-08,1.3498e-08,1.3498e-08,0,0,0,0.0104254,0.0359222,0.011963,0.0239592,,best_validation_checkpoint_0.bin
564,437,accepted,1,2.22827e-06,2.81768e-08,1.17784e-08,1.17784e-08,1.34413e-08,1.34413e-08,0.50005,0.0292482,0.469225,0.0114034,0.0344052,0.0114257,0.0229794,,best_validation_checkpoint_1.bin
565,438,accepted,1,8.91896e-06,1.40884e-08,1.17054e-08,1.17054e-08,1.33615e-08,1.33615e-08,0.538218,0.0292982,0.50719,0.0106177,0.0345135,0.0116472,0.0228663,,best_validation_checkpoint_0.bin
566,438,rejected,1,3.46432e-05,1.40884e-07,1.17054e-08,1.17054e-08,1.33615e-08,1.33615e-08,0.503132,0.0308522,0.470617,0.0115688,0.0117014,0.0117013,0,,
567,439,accepted,0,3.46432e-05,7.0442e-08,1.16553e-08,1.16553e-08,1.32911e-08,1.32911e-08,0,0,0,0.0119269,0.0341026,0.0114206,0.022682,,best_validation_checkpoint_1.bin
568,440,accepted,1,1.35474e-06,3.5221e-08,1.16159e-08,1.16159e-08,1.32463e-08,1.32463e-08,0.496841,0.0289554,0.466171,0.0115633,0.0348183,0.0114816,0.0233366,,best_validation_checkpoint_0.bin
569,441,accepted,1,5.41122e-06,1.76105e-08,1.15479e-08,1.15479e-08,1.31717e-08,1.31717e-08,0.50592,0.0311219,0.473123,0.0102793,0.0341556,0.0114326,0.0227228,,best_validation_checkpoint_1.bin
570,441,rejected,1,2.11435e-05,1.76105e-07,1.15479e-08,1.15479e-08,1.31717e-08,1.31717e-08,0.481437,0.0286366,0.45117,0.0105958,0.0114477,0.0114476,0,,
571,442,accepted,0,2.11435e-05,8.80525e-08,1.15207e-08,1.15207e-08,1.31313e-08,1.31313e-08,0,0,0,0.0099282,0.0342768,0.011518,0.0227588,,best_validation_checkpoint_0.bin
572,443,accepted,1,8.33859e-07,4.40263e-08,1.14896e-08,1.14896e-08,1.30959e-08,1.30959e-08,0.497439,0.0285277,0.467213,0.0114793,0.0343387,0.0115024,0.0228362,,best_validation_checkpoint_1.bin
573,444,accepted,1,3.32574e-06,2.20131e-08,1.14321e-08,1.14321e-08,1.30324e-08,1.30324e-08,0.532113,0.0286887,0.501787,0.0108021,0.0345426,0.0114813,0.0230612,,best_validation_checkpoint_0.bin
574,445,accepted,1,1.30492e-05,1.10066e-08,1.13734e-08,1.13734e-08,1.29714e-08,1.29714e-08,0.506821,0.028529,0.476661,0.0096955,0.0343454,0.0114715,0.0228737,,best_validation_checkpoint_1.bin
575,445,rejected,1,4.995e-05,1.10066e-07,1.13734e-08,1.13734e-08,1.29714e-08,1.29714e-08,0.484992,0.0285636,0.454836,0.0101405,0.0115698,0.0115696,0,,
576,446,accepted,0,4.995e-05,5.50328e-08,1.12839e-08,1.12839e-08,1.28536e-08,1.28536e-08,0,0,0,0.0114856,0.0342929,0.0113903,0.0229025,,best_validation_checkpoint_0.bin
577,447,accepted,1,1.96318e-06,2.75164e-08,1.12379e-08,1.12379e-08,1.28028e-08,1.28028e-08,0.49389,0.0295877,0.462645,0.0119918,0.0344331,0.0115873,0.0228456,,best_validation_checkpoint_1.bin
578,448,accepted,1,7.81125e-06,1.37582e-08,1.1168e-08,1.1168e-08,1.27294e-08,1.27294e-08,0.494955,0.0290661,0.464295,0.0107988,0.034605,0.0116884,0.0229164,,best_validation_checkpoint_0.bin
579,448,rejected,1,3.01921e-05,1.37582e-07,1.1168e-08,1.1168e-08,1.27294e-08,1.27294e-08,0.481506,0.0302366,0.449611,0.0110091,0.0114427,0.0114424,0,,
580,449,accepted,0,3.01921e-05,6.87911e-08,1.11247e-08,1.11247e-08,1.26678e-08,1.26678e-08,0,0,0,0.0112715,0.0343211,0.0114135,0.0229075,,best_validation_checkpoint_1.bin
581,450,accepted,1,1.19852e-06,3.43955e-08,1.10884e-08,1.10884e-08,1.26275e-08,1.26275e-08,0.514528,0.0312631,0.481638,0.0113804,0.0338812,0.0114194,0.0224618,,best_validation_checkpoint_0.bin
582,451,accepted,1,4.76544e-06,1.71978e-08,1.10247e-08,1.10247e-08,1.25598e-08,1.25598e-08,0.49978,0.0286575,0.469512,0.0106852,0.0343042,0.0115283,0.0227758,,best_validation_checkpoint_1.bin
583,452,accepted,1,1.85382e-05,8.59888e-09,1.10127e-08,1.10127e-08,1.25528e-08,1.25528e-08,0.485772,0.0288047,0.455255,0.0105806,0.0342225,0.0114885,0.022734,,best_validation_checkpoint_0.bin
584,452,rejected,1,6.998e-05,8.59888e-08,1.10127e-08,1.10127e-08,1.25528e-08,1.25528e-08,0.475719,0.0289054,0.445108,0.0104195,0.0115382,0.011538,0,,
585,453,accepted,0,6.998e-05,4.29944e-08,1.08472e-08,1.08472e-08,1.23483e-08,1.23483e-08,0,0,0,0.0111591,0.0347213,0.0118894,0.0228317,,best_validation_checkpoint_1.bin
586,454,accepted,1,2.79378e-06,2.14972e-08,1.07949e-08,1.07949e-08,1.22926e-08,1.22926e-08,0.498387,0.0292348,0.467398,0.0102841,0.0342436,0.0113971,0.0228464,,best_validation_checkpoint_0.bin
587,455,accepted,1,1.10704e-05,1.07486e-08,1.0735e-08,1.0735e-08,1.22338e-08,1.22338e-08,0.496727,0.0284063,0.466683,0.010394,0.0341866,0.0114106,0.022776,,best_validation_checkpoint_1.bin
588,455,rejected,1,4.22232e-05,1.07486e-07,1.0735e-08,1.0735e-08,1.22338e-08,1.22338e-08,0.499721,0.0291147,0.468874,0.0116255,0.0113871,0.0113869,0,,
589,456,accepted,0,4.22232e-05,5.3743e-08,1.06617e-08,1.06617e-08,1.21358e-08,1.21358e-08,0,0,0,0.010866,0.034382,0.0115037,0.0228783,,best_validation_checkpoint_0.bin
590,457,accepted,1,1.70202e-06,2.68715e-08,1.062e-08,1.062e-08,1.20911e-08,1.20911e-08,0.479762,0.0289484,0.44924,0.0103756,0.0341126,0.0114248,0.0226878,,best_validation_checkpoint_1.bin
591,458,accepted,1,6.7426e-06,1.34358e-08,1.05545e-08,1.05545e-08,1.20246e-08,1.20246e-08,0.518206,0.0286632,0.487916,0.0120298,0.0357868,0.0117273,0.0240593,,best_validation_checkpoint_0.bin
592,458,rejected,1,2.59399e-05,1.34358e-07,1.05545e-08,1.05545e-08,1.20246e-08,1.20246e-08,0.477938,0.02829,0.447995,0.010734,0.0114126,0.0114126,0,,
593,459,accepted,0,2.59399e-05,6.71788e-08,1.05177e-08,1.05177e-08,1.19722e-08,1.19722e-08,0,0,0,0.0101437,0.0344705,0.0113932,0.0230772,,best_validation_checkpoint_1.bin
594,460,accepted,1,1.05003e-06,3.35894e-08,1.04847e-08,1.04847e-08,1.19366e-08,1.19366e-08,0.492637,0.0286393,0.462296,0.0106925,0.034394,0.0114795,0.0229143,,best_validation_checkpoint_0.bin
595,461,accepted,1,4.16281e-06,1.67947e-08,1.04262e-08,1.04262e-08,1.18761e-08,1.18761e-08,0.517772,0.0284787,0.487622,0.0110067,0.0342857,0.0113927,0.0228929,,best_validation_checkpoint_1.bin
596,462,accepted,1,1.61312e-05,8.39735e-09,1.04049e-08,1.04049e-08,1.18614e-08,1.18614e-08,0.508588,0.0283409,0.478651,0.0105526,0.0344185,0.0113878,0.0230307,,best_validation_checkpoint_0.bin
597,462,rejected,1,6.08746e-05,8.39735e-08,1.04049e-08,1.04049e-08,1.18614e-08,1.18614e-08,0.500469,0.0296554,0.46917,0.0111889,0.0114481,0.011448,0,,
598,463,accepted,0,6.08746e-05,4.19867e-08,1.02658e-08,1.02658e-08,1.16889e-08,1.16889e-08,0,0,0,0.0101893,0.0346453,0.0118118,0.0228334,,best_validation_checkpoint_1.bin
599,464,accepted,1,2.50423e-06,2.09934e-08,1.02179e-08,1.02179e-08,1.16391e-08,1.16391e-08,0.512843,0.0290622,0.482048,0.0116246,0.0342888,0.0114908,0.022798,,best_validation_checkpoint_0.bin
600,465,accepted,1,9.87804e-06,1.04967e-08,1.01604e-08,1.01604e-08,1.15841e-08,1.15841e-08,0.50111,0.0289054,0.470608,0.0114146,0.0344462,0.0114331,0.0230129,,best_validation_checkpoint_1.bin
601,465,rejected,1,3.75371e-05,1.04967e-07,1.01604e-08,1.01604e-08,1.15841e-08,1.15841e-08,0.510072,0.028288,0.480123,0.0109493,0.0114468,0.0114465,0,,
602,466,accepted,0,3.75371e-05,5.24834e-08,1.00968e-08,1.00968e-08,1.14995e-08,1.14995e-08,0,0,0,0.0120236,0.0342791,0.0114525,0.0228266,,best_validation_checkpoint_0.bin
603,467,accepted,1,1.54412e-06,2.62417e-08,1.00586e-08,1.00586e-08,1.14594e-08,1.14594e-08,0.501335,0.0286513,0.471017,0.0113846,0.0340726,0.011399,0.0226736,,best_validation_checkpoint_1.bin
604,468,accepted,1,6.09938e-06,1.31209e-08,9.99799e-09,9.99799e-09,1.13989e-08,1.13989e-08,0.498451,0.0285925,0.468233,0.0097508,0.0344223,0.0114333,0.0229889,,best_validation_checkpoint_0.bin
605,468,rejected,1,2.33977e-05,1.31209e-07,9.99799e-09,9.99799e-09,1.13989e-08,1.13989e-08,0.493721,0.0287905,0.463327,0.0099035,0.0113956,0.0113956,0,,
606,469,accepted,0,2.33977e-05,6.56043e-08,9.96527e-09,9.96527e-09,1.1353e-08,1.1353e-08,0,0,0,0.0104736,0.0343351,0.0114587,0.0228763,,best_validation_checkpoint_1.bin
607,470,accepted,1,9.60323e-07,3.28021e-08,9.93506e-09,9.93506e-09,1.13211e-08,1.13211e-08,0.476969,0.0321282,0.443226,0.0107645,0.0343949,0.0115259,0.0228689,,best_validation_checkpoint_0.bin
608,471,accepted,1,3.79989e-06,1.64011e-08,9.8813e-09,9.8813e-09,1.12662e-08,1.12662e-08,0.484979,0.0297121,0.453681,0.0107269,0.0342907,0.0114816,0.022809,,best_validation_checkpoint_1.bin
609,472,accepted,1,1.47006e-05,8.20053e-09,9.85899e-09,9.85899e-09,1.12506e-08,1.12506e-08,0.507258,0.0304552,0.4752,0.0104917,0.0340852,0.0114155,0.0226695,,best_validation_checkpoint_0.bin
610,472,rejected,1,5.54774e-05,8.20053e-08,9.85899e-09,9.85899e-09,1.12506e-08,1.12506e-08,0.518554,0.0283926,0.488484,0.0110166,0.0114215,0.0114213,0,,
611,473,accepted,0,5.54774e-05,4.10027e-08,9.73438e-09,9.73438e-09,1.10981e-08,1.10981e-08,0,0,0,0.0107036,0.0342426,0.0114492,0.0227933,,best_validation_checkpoint_1.bin
612,474,accepted,1,2.32776e-06,2.05013e-08,9.69043e-09,9.69043e-09,1.10529e-08,1.10529e-08,0.503777,0.0296981,0.472244,0.0125999,0.0342939,0.0115409,0.0227528,,best_validation_checkpoint_0.bin
613,475,accepted,1,9.1536e-06,1.02507e-08,9.63729e-09,9.63729e-09,1.10024e-08,1.10024e-08,0.51818,0.0291474,0.487474,0.0094913,0.0342249,0.0113671,0.0228577,,best_validation_checkpoint_1.bin
614,475,rejected,1,3.47747e-05,1.02507e-07,9.63729e-09,9.63729e-09,1.10024e-08,1.10024e-08,0.497311,0.0301431,0.465529,0.011463,0.0113952,0.0113952,0,,
615,476,accepted,0,3.47747e-05,5.12533e-08,9.5791e-09,9.5791e-09,1.09268e-08,1.09268e-08,0,0,0,0.0100997,0.0342972,0.0114207,0.0228764,,best_validation_checkpoint_0.bin
616,477,accepted,1,1.44862e-06,2.56267e-08,9.54399e-09,9.54399e-09,1.08904e-08,1.08904e-08,0.490813,0.029752,0.459429,0.0099707,0.0347965,0.0114037,0.0233928,,best_validation_checkpoint_1.bin
617,478,accepted,1,5.70789e-06,1.28133e-08,9.48826e-09,9.48826e-09,1.08351e-08,1.08351e-08,0.501378,0.028768,0.471023,0.0117362,0.0345047,0.0114166,0.023088,,best_validation_checkpoint_0.bin
618,478,rejected,1,2.1906e-05,1.28133e-07,9.48826e-09,9.48826e-09,1.08351e-08,1.08351e-08,0.469579,0.0289245,0.439035,0.0108694,0.0115125,0.0115121,0,,
619,479,accepted,0,2.1906e-05,6.40667e-08,9.45802e-09,9.45802e-09,1.0794e-08,1.0794e-08,0,0,0,0.0100943,0.034207,0.011322,0.022885,,best_validation_checkpoint_1.bin
620,480,accepted,1,9.0686e-07,3.20333e-08,9.43018e-09,9.43018e-09,1.07648e-08,1.07648e-08,0.500732,0.0289127,0.47028,0.0110326,0.0343448,0.0114811,0.0228637,,best_validation_checkpoint_0.bin
621,481,accepted,1,3.58e-06,1.60167e-08,9.3807e-09,9.3807e-09,1.07147e-08,1.07147e-08,0.505831,0.0289495,0.475258,0.0108948,0.034078,0.0113816,0.0226963,,best_validation_checkpoint_1.bin
622,482,accepted,1,1.38648e-05,8.00833e-09,9.36209e-09,9.36209e-09,1.07015e-08,1.07015e-08,0.520096,0.0282789,0.490199,0.010146,0.0341887,0.0113801,0.0228084,,best_validation_checkpoint_0.bin
623,482,rejected,1,5.2424e-05,8.00833e-08,9.36209e-09,9.36209e-09,1.07015e-08,1.07015e-08,0.48934,0.0286162,0.459011,0.0108968,0.0113371,0.0113368,0,,
624,483,accepted,0,5.2424e-05,4.00417e-08,9.24494e-09,9.24494e-09,1.05617e-08,1.05617e-08,0,0,0,0.0106207,0.0342146,0.0115065,0.022708,,best_validation_checkpoint_1.bin
625,484,accepted,1,2.22775e-06,2.00208e-08,9.20438e-09,9.20438e-09,1.05202e-08,1.05202e-08,0.468074,0.0289436,0.437554,0.0112709,0.034324,0.0116008,0.0227232,,best_validation_checkpoint_0.bin
626,485,accepted,1,8.72915e-06,1.00104e-08,9.15636e-09,9.15636e-09,1.04742e-08,1.04742e-08,0.506866,0.0296523,0.475634,0.0105667,0.0342878,0.0114193,0.0228685,,best_validation_checkpoint_1.bin
627,485,rejected,1,3.3244e-05,1.00104e-07,9.15636e-09,9.15636e-09,1.04742e-08,1.04742e-08,0.475375,0.0290698,0.44465,0.0108911,0.011461,0.0114609,0,,
628,486,accepted,0,3.3244e-05,5.00521e-08,9.10132e-09,9.10132e-09,1.04052e-08,1.04052e-08,0,0,0,0.0106093,0.034115,0.011382,0.0227329,,best_validation_checkpoint_0.bin
629,487,accepted,1,1.39748e-06,2.5026e-08,9.06886e-09,9.06886e-09,1.03716e-08,1.03716e-08,0.516588,0.0300696,0.484936,0.0103443,0.0346448,0.0116813,0.0229633,,best_validation_checkpoint_1.bin
630,488,accepted,1,5.48832e-06,1.2513e-08,9.01777e-09,9.01777e-09,1.03206e-08,1.03206e-08,0.505177,0.0283103,0.475234,0.0111443,0.0342424,0.0115134,0.0227289,,best_validation_checkpoint_0.bin
631,488,rejected,1,2.11121e-05,1.2513e-07,9.01777e-09,9.01777e-09,1.03206e-08,1.03206e-08,0.510583,0.0317559,0.477129,0.0104098,0.0113975,0.0113975,0,,
632,489,accepted,0,2.11121e-05,6.25651e-08,8.98919e-09,8.98919e-09,1.02834e-08,1.02834e-08,0,0,0,0.0120577,0.0341954,0.0114362,0.022759,,best_validation_checkpoint_1.bin
633,490,accepted,1,8.80109e-07,3.12825e-08,8.96341e-09,8.96341e-09,1.02565e-08,1.02565e-08,0.503773,0.0287175,0.473417,0.0113133,0.0343364,0.0114243,0.0229121,,best_validation_checkpoint_0.bin
634,491,accepted,1,3.46379e-06,1.56413e-08,8.91776e-09,8.91776e-09,1.02101e-08,1.02101e-08,0.519237,0.0286766,0.488701,0.010948,0.0358587,0.0127999,0.0230587,,best_validation_checkpoint_1.bin
635,492,accepted,1,1.34437e-05,7.82064e-09,8.90382e-09,8.90382e-09,1.01997e-08,1.01997e-08,0.499259,0.0287941,0.468829,0.0105908,0.0344186,0.0116282,0.0227903,,best_validation_checkpoint_0.bin
636,492,rejected,1,5.09919e-05,7.82064e-08,8.90382e-09,8.90382e-09,1.01997e-08,1.01997e-08,0.512274,0.0283047,0.482313,0.0097745,0.011462,0.0114618,0,,
637,493,accepted,0,5.09919e-05,3.91032e-08,8.79154e-09,8.79154e-09,1.00698e-08,1.00698e-08,0,0,0,0.0117951,0.0341377,0.0114292,0.0227084,,best_validation_checkpoint_1.bin
638,494,accepted,1,2.19197e-06,1.95516e-08,8.75397e-09,8.75397e-09,1.00312e-08,1.00312e-08,0.513613,0.0290217,0.482952,0.0105703,0.0341529,0.011409,0.0227438,,best_validation_checkpoint_0.bin
639,495,accepted,1,8.55606e-06,9.7758e-09,8.71063e-09,8.71063e-09,9.98869e-09,9.98869e-09,0.50629,0.0285289,0.476063,0.0097199,0.034249,0.011414,0.0228349,checkpoint_639.bin,best_validation_checkpoint_1.bin
640,495,rejected,1,3.269e-05,9.7758e-08,8.71063e-09,8.71063e-09,9.98869e-09,9.98869e-09,0.529086,0.0292374,0.498197,0.0110882,0.0114401,0.01144,0,,
641,496,accepted,0,3.269e-05,4.8879e-08,8.65812e-09,8.65812e-09,9.92551e-09,9.92551e-09,0,0,0,0.0104208,0.0342017,0.0113726,0.022829,,best_validation_checkpoint_0.bin
642,497,accepted,1,1.38683e-06,2.44395e-08,8.62797e-09,8.62797e-09,9.89425e-09,9.89425e-09,0.501028,0.0293072,0.470023,0.0099942,0.0341451,0.0113948,0.0227503,,best_validation_checkpoint_1.bin
643,498,accepted,1,5.43089e-06,1.22197e-08,8.58094e-09,8.58094e-09,9.84663e-09,9.84663e-09,0.515118,0.0281466,0.485246,0.0102168,0.0343174,0.0114031,0.0229143,,best_validation_checkpoint_0.bin
644,498,rejected,1,2.09507e-05,1.22197e-07,8.58094e-09,8.58094e-09,9.84663e-09,9.84663e-09,0.496528,0.0287197,0.466147,0.011512,0.0115391,0.011539,0,,
645,499,accepted,0,2.09507e-05,6.10987e-08,8.55385e-09,8.55385e-09,9.81309e-09,9.81309e-09,0,0,0,0.011945,0.0344796,0.0117846,0.0226949,,best_validation_checkpoint_1.bin
646,500,accepted,1,8.79792e-07,3.05494e-08,8.52988e-09,8.52988e-09,9.78803e-09,9.78803e-09,0.502227,0.0286978,0.471886,0.0103409,0.0342652,0.0114234,0.0228418,,best_validation_checkpoint_0.bin
647,501,accepted,1,3.45547e-06,1.52747e-08,8.48758e-09,8.48758e-09,9.74452e-09,9.74452e-09,0.491981,0.0298726,0.460386,0.0110683,0.0343512,0.0116357,0.0227154,,best_validation_checkpoint_1.bin
648,502,accepted,1,1.34478e-05,7.63734e-09,8.47685e-09,8.47685e-09,9.73493e-09,9.73493e-09,0.516573,0.0282746,0.486588,0.0116155,0.0342791,0.0114043,0.0228747,,best_validation_checkpoint_0.bin
649,502,rejected,1,5.12763e-05,7.63734e-08,8.47685e-09,8.47685e-09,9.73493e-09,9.73493e-09,0.484708,0.0284602,0.454662,0.010598,0.0113624,0.0113622,0,,
650,503,accepted,0,5.12763e-05,3.81867e-08,8.36988e-09,8.36988e-09,9.61518e-09,9.61518e-09,0,0,0,0.0116682,0.034231,0.0114111,0.0228199,,best_validation_checkpoint_1.bin
651,504,accepted,1,2.23291e-06,1.90934e-08,8.33494e-09,8.33494e-09,9.57899e-09,9.57899e-09,0.503076,0.0290976,0.4723,0.0114584,0.0341287,0.011458,0.0226707,,best_validation_checkpoint_0.bin
652,505,accepted,1,8.70583e-06,9.54668e-09,8.29535e-09,8.29535e-09,9.53869e-09,9.53869e-09,0.50246,0.0286868,0.471917,0.0113297,0.0339151,0.0114283,0.0224868,,best_validation_checkpoint_1.bin
653,505,rejected,1,3.34349e-05,9.54668e-08,8.29535e-09,8.29535e-09,9.53869e-09,9.53869e-09,0.486137,0.0285845,0.455902,0.0107152,0.0114634,0.0114631,0,,
654,506,accepted,0,3.34349e-05,4.77334e-08,8.24558e-09,8.24558e-09,9.48139e-09,9.48139e-09,0,0,0,0.0106755,0.0343472,0.0115349,0.0228121,,best_validation_checkpoint_0.bin
655,507,accepted,1,1.43104e-06,2.38667e-08,8.2175e-09,8.2175e-09,9.45206e-09,9.45206e-09,0.485927,0.0295561,0.454773,0.0109268,0.0342358,0.0113404,0.0228954,,best_validation_checkpoint_1.bin
656,508,accepted,1,5.60769e-06,1.19333e-08,8.17394e-09,8.17394e-09,9.40697e-09,9.40697e-09,0.506952,0.0286051,0.476701,0.0104116,0.0344041,0.0117119,0.022692,,best_validation_checkpoint_0.bin
657,508,rejected,1,2.17461e-05,1.19333e-07,8.17394e-09,8.17394e-09,9.40697e-09,9.40697e-09,0.499232,0.0284078,0.469138,0.0115869,0.0116866,0.0116864,0,,
658,509,accepted,0,2.17461e-05,5.96667e-08,8.14838e-09,8.14838e-09,9.37696e-09,9.37696e-09,0,0,0,0.0104034,0.0343056,0.011665,0.0226406,,best_validation_checkpoint_1.bin
659,510,accepted,1,9.18308e-07,2.98334e-08,8.12604e-09,8.12604e-09,9.35346e-09,9.35346e-09,0.503091,0.031481,0.469885,0.0114779,0.0342845,0.0114905,0.022794,,best_validation_checkpoint_0.bin
660,511,accepted,1,3.61333e-06,1.49167e-08,8.08671e-09,8.08671e-09,9.31236e-09,9.31236e-09,0.497583,0.0293127,0.46661,0.0113712,0.0342913,0.01152,0.0227712,,best_validation_checkpoint_1.bin
661,512,accepted,1,1.41358e-05,7.45834e-09,8.07834e-09,8.07834e-09,9.30257e-09,9.30257e-09,0.498226,0.0285715,0.467896,0.0112694,0.0343939,0.0113948,0.022999,,best_validation_checkpoint_0.bin
662,512,rejected,1,5.44162e-05,7.45834e-08,8.07834e-09,8.07834e-09,9.30257e-09,9.30257e-09,0.502822,0.0287898,0.472345,0.0113696,0.0114876,0.0114874,0,,
663,513,accepted,0,5.44162e-05,3.72917e-08,7.97682e-09,7.97682e-09,9.1927e-09,9.1927e-09,0,0,0,0.010835,0.0343106,0.0114941,0.0228165,,best_validation_checkpoint_1.bin
664,514,accepted,1,2.38763e-06,1.86459e-08,7.9443e-09,7.9443e-09,9.15857e-09,9.15857e-09,0.485453,0.0285196,0.454971,0.0106515,0.0344921,0.011441,0.0230509,,best_validation_checkpoint_0.bin
665,515,accepted,1,9.35726e-06,9.32293e-09,7.90827e-09,7.90827e-09,9.12024e-09,9.12024e-09,0.50568,0.0287922,0.475234,0.011895,0.0344235,0.0114847,0.0229388,,best_validation_checkpoint_1.bin
666,515,rejected,1,3.62567e-05,9.32293e-08,7.90827e-09,7.90827e-09,9.12024e-09,9.12024e-09,0.520635,0.0281632,0.490824,0.0106011,0.0114616,0.0114615,0,,
667,516,accepted,0,3.62567e-05,4.66146e-08,7.86086e-09,7.86086e-09,9.06807e-09,9.06807e-09,0,0,0,0.0104003,0.0340097,0.0113203,0.0226893,,best_validation_checkpoint_0.bin
668,517,accepted,1,1.55313e-06,2.33073e-08,7.8347e-09,7.8347e-09,9.04044e-09,9.04044e-09,0.502232,0.0296822,0.470882,0.010942,0.0321767,0.0114742,0.0207024,,best_validation_checkpoint_1.bin
669,518,accepted,1,6.12542e-06,1.16537e-08,7.79455e-09,7.79455e-09,8.99778e-09,8.99778e-09,0.487348,0.0289254,0.456862,0.011208,0.0347091,0.0118299,0.022879,,best_validation_checkpoint_0.bin
670,518,rejected,1,2.39451e-05,1.16537e-07,7.79455e-09,7.79455e-09,8.99778e-09,8.99778e-09,0.502819,0.0291621,0.47205,0.010182,0.011356,0.011356,0,,
671,519,accepted,0,2.39451e-05,5.82683e-08,7.77018e-09,7.77018e-09,8.97068e-09,8.97068e-09,0,0,0,0.0107302,0.0346612,0.0114332,0.023228,,best_validation_checkpoint_1.bin
672,520,accepted,1,1.00806e-06,2.91341e-08,7.74936e-09,7.74936e-09,8.94857e-09,8.94857e-09,0.517643,0.0289609,0.487052,0.0117002,0.0342648,0.0114882,0.0227765,,best_validation_checkpoint_0.bin
673,521,accepted,1,3.99291e-06,1.45671e-08,7.71291e-09,7.71291e-09,8.90976e-09,8.90976e-09,0.500018,0.0285244,0.469833,0.0114888,0.0345174,0.0114684,0.023049,,best_validation_checkpoint_1.bin
674,522,accepted,1,1.57293e-05,7.28354e-09,7.70925e-09,7.70925e-09,8.90242e-09,8.90242e-09,0.490676,0.0286301,0.460411,0.0099418,0.0338346,0.0113396,0.022495,,best_validation_checkpoint_0.bin
675,522,rejected,1,6.11067e-05,7.28354e-08,7.70925e-09,7.70925e-09,8.90242e-09,8.90242e-09,0.484358,0.0283398,0.454352,0.01055,0.0114401,0.0114397,0,,
676,523,accepted,0,6.11067e-05,3.64177e-08,7.61016e-09,7.61016e-09,8.79859e-09,8.79859e-09,0,0,0,0.0116721,0.0342103,0.0114226,0.0227876,,best_validation_checkpoint_1.bin
677,524,accepted,1,2.65762e-06,1.82088e-08,7.57997e-09,7.57997e-09,8.76643e-09,8.76643e-09,0.482477,0.0302254,0.450512,0.0103258,0.0341654,0.0113316,0.0228338,,best_validation_checkpoint_0.bin
678,525,accepted,1,1.05169e-05,9.10442e-09,7.54875e-09,7.54875e-09,8.73154e-09,8.73154e-09,0.508564,0.0293707,0.477555,0.0104512,0.0341794,0.0114428,0.0227365,,best_validation_checkpoint_1.bin
679,525,rejected,1,4.10629e-05,9.10442e-08,7.54875e-09,7.54875e-09,8.73154e-09,8.73154e-09,0.472553,0.0293217,0.441617,0.010437,0.0114234,0.0114231,0,,
680,526,accepted,0,4.10629e-05,4.55221e-08,7.50201e-09,7.50201e-09,8.6822e-09,8.6822e-09,0,0,0,0.0111621,0.0340852,0.0114354,0.0226497,,best_validation_checkpoint_0.bin
681,527,accepted,1,1.73745e-06,2.2761e-08,7.47769e-09,7.47769e-09,8.65618e-09,8.65618e-09,0.478407,0.0295878,0.44718,0.0103776,0.0339818,0.0113981,0.0225836,,best_validation_checkpoint_1.bin
682,528,accepted,1,6.91258e-06,1.13805e-08,7.44146e-09,7.44146e-09,8.61664e-09,8.61664e-09,0.501546,0.0288606,0.47112,0.010169,0.0341885,0.0114776,0.0227109,,best_validation_checkpoint_0.bin
683,528,rejected,1,2.71745e-05,1.13805e-07,7.44146e-09,7.44146e-09,8.61664e-09,8.61664e-09,0.520519,0.0288256,0.490147,0.0104352,0.0115068,0.0115068,0,,
684,529,accepted,0,2.71745e-05,5.69026e-08,7.41746e-09,7.41746e-09,8.59118e-09,8.59118e-09,0,0,0,0.0109086,0.0340983,0.0115389,0.0225593,,best_validation_checkpoint_1.bin
685,530,accepted,1,1.12931e-06,2.84513e-08,7.39809e-09,7.39809e-09,8.57039e-09,8.57039e-09,0.510769,0.0289585,0.48013,0.0109253,0.0343461,0.0114361,0.02291,,best_validation_checkpoint_0.bin
686,531,accepted,1,4.50673e-06,1.42257e-08,7.36469e-09,7.36469e-09,8.53414e-09,8.53414e-09,0.493621,0.0293091,0.462629,0.008989,0.0341725,0.0115442,0.0226283,,best_validation_checkpoint_1.bin
687,531,rejected,1,1.7823e-05,1.42257e-07,7.36469e-09,7.36469e-09,8.53414e-09,8.53414e-09,0.495428,0.0296855,0.464173,0.0101943,0.0114204,0.0114202,0,,
688,532,accepted,0,1.7823e-05,7.11283e-08,7.35106e-09,7.35106e-09,8.51965e-09,8.51965e-09,0,0,0,0.0101181,0.0333448,0.0107877,0.0225571,,best_validation_checkpoint_0.bin
689,533,accepted,1,7.31778e-07,3.55641e-08,7.33569e-09,7.33569e-09,8.50311e-09,8.50311e-09,0.498883,0.0303757,0.466815,0.0105133,0.0339595,0.0114768,0.0224827,,best_validation_checkpoint_1.bin
690,534,accepted,1,2.92387e-06,1.77821e-08,7.30728e-09,7.30728e-09,8.47234e-09,8.47234e-09,0.498951,0.0282129,0.469139,0.0108608,0.0341873,0.0113862,0.0228011,,best_validation_checkpoint_0.bin
691,535,accepted,1,1.16139e-05,8.89103e-09,7.28134e-09,7.28134e-09,8.4419e-09,8.4419e-09,0.504533,0.0296335,0.473245,0.0108364,0.0341589,0.0113333,0.0228256,,best_validation_checkpoint_1.bin
692,535,rejected,1,4.53958e-05,8.89103e-08,7.28134e-09,7.28134e-09,8.4419e-09,8.4419e-09,0.511683,0.0285674,0.481538,0.0110883,0.0113497,0.0113497,0,,
693,536,accepted,0,4.53958e-05,4.44552e-08,7.23301e-09,7.23301e-09,8.39217e-09,8.39217e-09,0,0,0,0.0101654,0.0339647,0.0113376,0.0226271,,best_validation_checkpoint_0.bin
694,537,accepted,1,1.8972e-06,2.22276e-08,7.21005e-09,7.21005e-09,8.36735e-09,8.36735e-09,0.511395,0.0295373,0.48021,0.0104012,0.0341028,0.011442,0.0226608,,best_validation_checkpoint_1.bin
695,538,accepted,1,7.58713e-06,1.11138e-08,7.17735e-09,7.17735e-09,8.3309e-09,8.3309e-09,0.485309,0.0304734,0.452969,0.0125666,0.0372961,0.0123341,0.024962,,best_validation_checkpoint_0.bin
696,538,rejected,1,2.98671e-05,1.11138e-07,7.17735e-09,7.17735e-09,8.3309e-09,8.3309e-09,0.513873,0.0305658,0.481663,0.0112809,0.0114295,0.0114295,0,,
697,539,accepted,0,2.98671e-05,5.5569e-08,7.1528e-09,7.1528e-09,8.30551e-09,8.30551e-09,0,0,0,0.0107137,0.0338087,0.0114489,0.0223598,,best_validation_checkpoint_1.bin
698,540,accepted,1,1.2267e-06,2.77845e-08,7.13447e-09,7.13447e-09,8.28568e-09,8.28568e-09,0.493878,0.0299869,0.462292,0.0093235,0.0338342,0.011315,0.0225191,,best_validation_checkpoint_0.bin
699,541,accepted,1,4.9133e-06,1.38922e-08,7.10351e-09,7.10351e-09,8.25163e-09,8.25163e-09,0.47385,0.0293068,0.442888,0.0110793,0.0339661,0.0114511,0.022515,,best_validation_checkpoint_1.bin
700,541,rejected,1,1.9426e-05,1.38922e-07,7.10351e-09,7.10351e-09,8.25163e-09,8.25163e-09,0.514235,0.0291575,0.483398,0.0106724,0.0114112,0.0114111,0,,
701,542,accepted,0,1.9426e-05,6.94612e-08,7.08983e-09,7.08983e-09,8.23742e-09,8.23742e-09,0,0,0,0.0107302,0.0342219,0.0114837,0.0227381,,best_validation_checkpoint_0.bin
702,543,accepted,1,7.89441e-07,3.47306e-08,7.07527e-09,7.07527e-09,8.22165e-09,8.22165e-09,0.517321,0.0312594,0.484352,0.0100747,0.0343401,0.0113755,0.0229644,,best_validation_checkpoint_1.bin
703,544,accepted,1,3.16344e-06,1.73653e-08,7.04864e-09,7.04864e-09,8.19251e-09,8.19251e-09,0.490786,0.02818,0.460987,0.0113105,0.0342876,0.0113743,0.0229133,,best_validation_checkpoint_0.bin
704,545,accepted,1,1.25564e-05,8.68265e-09,7.02843e-09,7.02843e-09,8.1674e-09,8.1674e-09,0.484737,0.0285273,0.454577,0.0094256,0.0342003,0.0113851,0.0228151,,best_validation_checkpoint_1.bin
705,545,rejected,1,4.89124e-05,8.68265e-08,7.02843e-09,7.02843e-09,8.1674e-09,8.1674e-09,0.498988,0.0282131,0.469159,0.0107585,0.0114373,0.0114372,0,,
706,546,accepted,0,4.89124e-05,4.34133e-08,6.97795e-09,6.97795e-09,8.11611e-09,8.11611e-09,0,0,0,0.0109111,0.034095,0.0114409,0.0226541,,best_validation_checkpoint_0.bin
707,547,accepted,1,2.01463e-06,2.17066e-08,6.95631e-09,6.95631e-09,8.09253e-09,8.09253e-09,0.490566,0.028998,0.459884,0.0113749,0.033938,0.0114231,0.0225148,,best_validation_checkpoint_1.bin
708,548,accepted,1,8.06704e-06,1.08533e-08,6.92708e-09,6.92708e-09,8.05934e-09,8.05934e-09,0.517873,0.029081,0.487189,0.0105839,0.0342954,0.0115703,0.0227251,,best_validation_checkpoint_0.bin
709,548,rejected,1,3.16701e-05,1.08533e-07,6.92708e-09,6.92708e-09,8.05934e-09,8.05934e-09,0.49674,0.0284183,0.466455,0.010444,0.0113883,0.0113882,0,,
710,549,accepted,0,3.16701e-05,5.42666e-08,6.90196e-09,6.90196e-09,8.03367e-09,8.03367e-09,0,0,0,0.0100027,0.033923,0.011445,0.0224779,,best_validation_checkpoint_1.bin
711,550,accepted,1,1.28604e-06,2.71333e-08,6.88465e-09,6.88465e-09,8.0148e-09,8.0148e-09,0.46831,0.0297163,0.436893,0.0110423,0.0344596,0.0114505,0.0230089,,best_validation_checkpoint_0.bin
712,551,accepted,1,5.15601e-06,1.35666e-08,6.85601e-09,6.85601e-09,7.98297e-09,7.98297e-09,0.486666,0.0287003,0.456274,0.0101709,0.0344695,0.011592,0.0228775,,best_validation_checkpoint_1.bin
713,551,rejected,1,2.03355e-05,1.35666e-07,6.85601e-09,6.85601e-09,7.98297e-09,7.98297e-09,0.511482,0.028888,0.480947,0.0101568,0.0114396,0.0114394,0,,
714,552,accepted,0,2.03355e-05,6.78332e-08,6.84233e-09,6.84233e-09,7.9689e-09,7.9689e-09,0,0,0,0.0102628,0.0340574,0.011383,0.0226743,,best_validation_checkpoint_0.bin
715,553,accepted,1,8.18887e-07,3.39166e-08,6.82857e-09,6.82857e-09,7.9539e-09,7.9539e-09,0.497015,0.0287801,0.466545,0.0107858,0.0342255,0.0114009,0.0228245,,best_validation_checkpoint_1.bin
716,554,accepted,1,3.28444e-06,1.69583e-08,6.80362e-09,6.80362e-09,7.92639e-09,7.92639e-09,0.489496,0.0288398,0.45901,0.0107438,0.0339594,0.0113527,0.0226066,,best_validation_checkpoint_0.bin
717,555,accepted,1,1.30075e-05,8.47915e-09,6.78812e-09,6.78812e-09,7.90587e-09,7.90587e-09,0.515762,0.0290434,0.485057,0.0103048,0.0339647,0.0113849,0.0225797,,best_validation_checkpoint_1.bin
718,555,rejected,1,5.04156e-05,8.47915e-08,6.78812e-09,6.78812e-09,7.90587e-09,7.90587e-09,0.484734,0.0286415,0.454407,0.0105537,0.0113172,0.0113171,0,,
719,556,accepted,0,5.04156e-05,4.23958e-08,6.73645e-09,6.73645e-09,7.85359e-09,7.85359e-09,0,0,0,0.0114072,0.0343667,0.0117762,0.0225904,,best_validation_checkpoint_0.bin
720,557,accepted,1,2.05031e-06,2.11979e-08,6.71606e-09,6.71606e-09,7.83124e-09,7.83124e-09,0.501244,0.0334377,0.466094,0.010433,0.0340222,0.0114431,0.0225791,,best_validation_checkpoint_1.bin
721,558,accepted,1,8.20199e-06,1.05989e-08,6.68965e-09,6.68965e-09,7.80083e-09,7.80083e-09,0.491925,0.0284537,0.461852,0.0105959,0.0343769,0.0114342,0.0229426,,best_validation_checkpoint_0.bin
722,558,rejected,1,3.20689e-05,1.05989e-07,6.68965e-09,6.68965e-09,7.80083e-09,7.80083e-09,0.512042,0.028902,0.481473,0.0110464,0.011367,0.0113668,0,,
723,559,accepted,0,3.20689e-05,5.29947e-08,6.66456e-09,6.66456e-09,7.77525e-09,7.77525e-09,0,0,0,0.0115695,0.0340216,0.0113526,0.0226689,,best_validation_checkpoint_1.bin
724,560,accepted,1,1.2897e-06,2.64973e-08,6.64821e-09,6.64821e-09,7.75734e-09,7.75734e-09,0.499536,0.0284104,0.469308,0.011547,0.0345555,0.0115155,0.0230399,,best_validation_checkpoint_0.bin
725,561,accepted,1,5.16704e-06,1.32487e-08,6.62154e-09,6.62154e-09,7.72748e-09,7.72748e-09,0.485972,0.029497,0.454663,0.0122105,0.0342056,0.0114406,0.022765,,best_validation_checkpoint_1.bin
726,561,rejected,1,2.0308e-05,1.32487e-07,6.62154e-09,6.62154e-09,7.72748e-09,7.72748e-09,0.486534,0.0294632,0.45532,0.0107669,0.0114629,0.0114627,0,,
727,562,accepted,0,2.0308e-05,6.62434e-08,6.60816e-09,6.60816e-09,7.71372e-09,7.71372e-09,0,0,0,0.0120632,0.0339648,0.0114413,0.0225235,,best_validation_checkpoint_0.bin
728,563,accepted,1,8.11585e-07,3.31217e-08,6.59515e-09,6.59515e-09,7.69947e-09,7.69947e-09,0.498944,0.0286924,0.4686,0.0100281,0.0340233,0.0114614,0.0225618,,best_validation_checkpoint_1.bin
729,564,accepted,1,3.25391e-06,1.65608e-08,6.57169e-09,6.57169e-09,7.67347e-09,7.67347e-09,0.492732,0.0285134,0.462446,0.0102787,0.0343726,0.0114454,0.0229271,,best_validation_checkpoint_0.bin
730,565,accepted,1,1.28477e-05,8.28042e-09,6.55858e-09,6.55858e-09,7.65545e-09,7.65545e-09,0.489955,0.0285916,0.459664,0.0114628,0.0340452,0.0113499,0.0226952,,best_validation_checkpoint_1.bin
731,565,rejected,1,4.95193e-05,8.28042e-08,6.55858e-09,6.55858e-09,7.65545e-09,7.65545e-09,0.529061,0.0286979,0.49876,0.0111034,0.0115584,0.0115582,0,,
732,566,accepted,0,4.95193e-05,4.14021e-08,6.50803e-09,6.50803e-09,7.60425e-09,7.60425e-09,0,0,0,0.0102941,0.0340706,0.0115072,0.0225633,,best_validation_checkpoint_0.bin
733,567,accepted,1,1.99168e-06,2.07011e-08,6.48879e-09,6.48879e-09,7.58305e-09,7.58305e-09,0.469412,0.0290123,0.438551,0.0111463,0.0343824,0.0114311,0.0229513,,best_validation_checkpoint_1.bin
734,568,accepted,1,7.95173e-06,1.03505e-08,6.46408e-09,6.46408e-09,7.55445e-09,7.55445e-09,0.497725,0.0286863,0.467397,0.0100951,0.0343327,0.0116023,0.0227303,,best_validation_checkpoint_0.bin
735,568,rejected,1,3.09454e-05,1.03505e-07,6.46408e-09,6.46408e-09,7.55445e-09,7.55445e-09,0.516318,0.0285068,0.486201,0.010308,0.0114356,0.0114354,0,,
736,569,accepted,0,3.09454e-05,5.17526e-08,6.44006e-09,6.44006e-09,7.5299e-09,7.5299e-09,0,0,0,0.0111328,0.0342754,0.0115225,0.0227528,,best_validation_checkpoint_1.bin
737,570,accepted,1,1.23413e-06,2.58763e-08,6.42461e-09,6.42461e-09,7.5129e-09,7.5129e-09,0.499881,0.0293839,0.468758,0.0098977,0.0341764,0.0113841,0.0227922,,best_validation_checkpoint_0.bin
738,571,accepted,1,4.93742e-06,1.29382e-08,6.39938e-09,6.39938e-09,7.48457e-09,7.48457e-09,0.491039,0.0286457,0.460706,0.0111172,0.0348847,0.0113499,0.0235348,,best_validation_checkpoint_1.bin
739,571,rejected,1,1.93293e-05,1.29382e-07,6.39938e-09,6.39938e-09,7.48457e-09,7.48457e-09,0.496667,0.0291468,0.465902,0.0110551,0.0116004,0.0116002,0,,
740,572,accepted,0,1.93293e-05,6.46908e-08,6.38675e-09,6.38675e-09,7.47151e-09,7.47151e-09,0,0,0,0.0106316,0.0343138,0.0113698,0.022944,,best_validation_checkpoint_0.bin
741,573,accepted,1,7.67438e-07,3.23454e-08,6.37445e-09,6.37445e-09,7.45799e-09,7.45799e-09,0.480827,0.0286805,0.450396,0.0109244,0.0338485,0.0113068,0.0225416,,best_validation_checkpoint_1.bin
742,574,accepted,1,3.07416e-06,1.61727e-08,6.35223e-09,6.35223e-09,7.4333e-09,7.4333e-09,0.490738,0.028933,0.45999,0.0112846,0.0340106,0.011499,0.0225115,,best_validation_checkpoint_0.bin
743,575,accepted,1,1.20974e-05,8.08635e-09,6.33868e-09,6.33868e-09,7.41503e-09,7.41503e-09,0.502929,0.0289461,0.472309,0.0111071,0.0341868,0.0114481,0.0227387,,best_validation_checkpoint_1.bin
744,575,rejected,1,4.63735e-05,8.08635e-08,6.33868e-09,6.33868e-09,7.41503e-09,7.41503e-09,0.532983,0.0298529,0.501475,0.0112728,0.011493,0.0114928,0,,
745,576,accepted,0,4.63735e-05,4.04317e-08,6.29208e-09,6.29208e-09,7.3677e-09,7.3677e-09,0,0,0,0.0115113,0.0345499,0.0115682,0.0229816,,best_validation_checkpoint_0.bin
746,577,accepted,1,1.84614e-06,2.02159e-08,6.27384e-09,6.27384e-09,7.34756e-09,7.34756e-09,0.525926,0.0282846,0.495975,0.0109356,0.0341263,0.0113655,0.0227608,,best_validation_checkpoint_1.bin
747,578,accepted,1,7.35671e-06,1.01079e-08,6.24965e-09,6.24965e-09,7.31961e-09,7.31961e-09,0.527503,0.0292292,0.496548,0.0109448,0.0341578,0.0113399,0.0228179,,best_validation_checkpoint_0.bin
748,578,rejected,1,2.84946e-05,1.01079e-07,6.24965e-09,6.24965e-09,7.31961e-09,7.31961e-09,0.487214,0.0290096,0.456267,0.0118746,0.0116388,0.0116384,0,,
749,579,accepted,0,2.84946e-05,5.05397e-08,6.22781e-09,6.22781e-09,7.2972e-09,7.2972e-09,0,0,0,0.0116813,0.0334157,0.0114451,0.0219705,,best_validation_checkpoint_1.bin
750,580,accepted,1,1.12746e-06,2.52698e-08,6.21317e-09,6.21317e-09,7.28106e-09,7.28106e-09,0.472812,0.0300024,0.441171,0.0111152,0.0341315,0.0113575,0.0227738,,best_validation_checkpoint_0.bin
751,581,accepted,1,4.50487e-06,1.26349e-08,6.18886e-09,6.18886e-09,7.25376e-09,7.25376e-09,0.489335,0.02895,0.458802,0.0110265,0.0338391,0.0114058,0.0224333,,best_validation_checkpoint_1.bin
752,581,rejected,1,1.7567e-05,1.26349e-07,6.18886e-09,6.18886e-09,7.25376e-09,7.25376e-09,0.477335,0.0291233,0.4466,0.0109558,0.0113792,0.0113789,0,,
753,582,accepted,0,1.7567e-05,6.31746e-08,6.17738e-09,6.17738e-09,7.24186e-09,7.24186e-09,0,0,0,0.0119416,0.0340664,0.0113231,0.0227431,,best_validation_checkpoint_0.bin
754,583,accepted,1,6.93089e-07,3.15873e-08,6.16574e-09,6.16574e-09,7.22902e-09,7.22902e-09,0.5115,0.0319248,0.477908,0.010636,0.0340167,0.0113293,0.0226873,,best_validation_checkpoint_1.bin
755,584,accepted,1,2.77438e-06,1.57937e-08,6.14451e-09,6.14451e-09,7.2054e-09,7.2054e-09,0.495192,0.0285272,0.464994,0.0111137,0.0340705,0.0114233,0.0226471,,best_validation_checkpoint_0.bin
756,585,accepted,1,1.08822e-05,7.89683e-09,6.12819e-09,6.12819e-09,7.1845e-09,7.1845e-09,0.5031,0.0285906,0.472926,0.0113576,0.034577,0.0118512,0.0227257,,best_validation_checkpoint_1.bin
757,585,rejected,1,4.15075e-05,7.89683e-08,6.12819e-09,6.12819e-09,7.1845e-09,7.1845e-09,0.506169,0.0289689,0.475551,0.010444,0.0113908,0.0113906,0,,
758,586,accepted,0,4.15075e-05,3.94841e-08,6.0878e-09,6.0878e-09,7.14347e-09,7.14347e-09,0,0,0,0.0105911,0.0341655,0.0113824,0.022783,,best_validation_checkpoint_0.bin
759,587,accepted,1,1.63477e-06,1.97421e-08,6.07043e-09,6.07043e-09,7.12425e-09,7.12425e-09,0.499719,0.0309766,0.466938,0.0106527,0.0336078,0.0114803,0.0221275,,best_validation_checkpoint_1.bin
760,588,accepted,1,6.50807e-06,9.87103e-09,6.04586e-09,6.04586e-09,7.09603e-09,7.09603e-09,0.510985,0.0295312,0.479863,0.0108931,0.0346445,0.011605,0.0230395,,best_validation_checkpoint_0.bin
761,588,rejected,1,2.50991e-05,9.87103e-08,6.04586e-09,6.04586e-09,7.09603e-09,7.09603e-09,0.501534,0.0292442,0.470529,0.011265,0.0114267,0.0114266,0,,
762,589,accepted,0,2.50991e-05,4.93552e-08,6.02695e-09,6.02695e-09,7.07666e-09,7.07666e-09,0,0,0,0.0095297,0.0338109,0.011384,0.0224268,,best_validation_checkpoint_1.bin
763,590,accepted,1,9.84394e-07,2.46776e-08,6.01305e-09,6.01305e-09,7.06129e-09,7.06129e-09,0.493708,0.0285208,0.46353,0.0104517,0.0338705,0.0113569,0.0225134,,best_validation_checkpoint_0.bin
764,591,accepted,1,3.93176e-06,1.23388e-08,5.98928e-09,5.98928e-09,7.03461e-09,7.03461e-09,0.489519,0.0285014,0.459376,0.0104745,0.0340678,0.0113333,0.0227344,,best_validation_checkpoint_1.bin
765,591,rejected,1,1.52808e-05,1.23388e-07,5.98928e-09,5.98928e-09,7.03461e-09,7.03461e-09,0.483358,0.0286251,0.452974,0.0105668,0.0113366,0.0113364,0,,
766,592,accepted,0,1.52808e-05,6.16939e-08,5.9792e-09,5.9792e-09,7.02419e-09,7.02419e-09,0,0,0,0.0098584,0.0338411,0.011274,0.0225671,,best_validation_checkpoint_0.bin
767,593,accepted,1,5.98331e-07,3.0847e-08,5.96815e-09,5.96815e-09,7.01199e-09,7.01199e-09,0.499491,0.0302557,0.467562,0.0104285,0.0341559,0.011375,0.0227809,,best_validation_checkpoint_1.bin
768,594,accepted,1,2.39569e-06,1.54235e-08,5.94771e-09,5.94771e-09,6.98924e-09,6.98924e-09,0.50553,0.0285896,0.47509,0.0121288,0.0342698,0.0114726,0.0227971,,best_validation_checkpoint_0.bin
769,595,accepted,1,9.37313e-06,7.71174e-09,5.92742e-09,5.92742e-09,6.96437e-09,6.96437e-09,0.489955,0.0285824,0.459676,0.0102288,0.0342993,0.0114152,0.022884,,best_validation_checkpoint_1.bin
770,595,rejected,1,3.56047e-05,7.71174e-08,5.92742e-09,5.92742e-09,6.96437e-09,6.96437e-09,0.507391,0.0289597,0.476786,0.0108296,0.0115621,0.011562,0,,
771,596,accepted,0,3.56047e-05,3.85587e-08,5.89427e-09,5.89427e-09,6.93092e-09,6.93092e-09,0,0,0,0.0103001,0.0339614,0.0113071,0.0226542,,best_validation_checkpoint_0.bin
772,597,accepted,1,1.38305e-06,1.92794e-08,5.87767e-09,5.87767e-09,6.91251e-09,6.91251e-09,0.50479,0.028686,0.474398,0.011544,0.0341945,0.011438,0.0227565,,best_validation_checkpoint_1.bin
773,598,accepted,1,5.51211e-06,9.63968e-09,5.85232e-09,5.85232e-09,6.88352e-09,6.88352e-09,0.485009,0.0302627,0.453098,0.0115971,0.0339433,0.0112766,0.0226666,,best_validation_checkpoint_0.bin
774,598,rejected,1,2.11985e-05,9.63968e-08,5.85232e-09,5.85232e-09,6.88352e-09,6.88352e-09,0.52901,0.0284605,0.498889,0.0115447,0.0114068,0.0114067,0,,
775,599,accepted,0,2.11985e-05,4.81984e-08,5.83655e-09,5.83655e-09,6.86758e-09,6.86758e-09,0,0,0,0.0112165,0.0338704,0.0112808,0.0225896,,best_validation_checkpoint_1.bin
776,600,accepted,1,8.20863e-07,2.40992e-08,5.8233e-09,5.8233e-09,6.85291e-09,6.85291e-09,0.518518,0.0295785,0.487178,0.010713,0.0340969,0.0113709,0.022726,,best_validation_checkpoint_0.bin
777,601,accepted,1,3.28531e-06,1.20496e-08,5.7999e-09,5.7999e-09,6.82662e-09,6.82662e-09,0.518821,0.0287994,0.488258,0.0109899,0.034065,0.0113473,0.0227177,,best_validation_checkpoint_1.bin
778,602,accepted,1,1.27525e-05,6.0248e-09,5.79121e-09,5.79121e-09,6.81181e-09,6.81181e-09,0.506825,0.028835,0.47631,0.0108603,0.0343277,0.0113747,0.0229528,,best_validation_checkpoint_0.bin
779,602,rejected,1,4.77151e-05,6.0248e-08,5.79121e-09,5.79121e-09,6.81181e-09,6.81181e-09,0.481998,0.0300013,0.450294,0.0120093,0.0114816,0.0114814,0,,
780,603,accepted,0,4.77151e-05,3.0124e-08,5.73463e-09,5.73463e-09,6.75581e-09,6.75581e-09,0,0,0,0.0117243,0.0341028,0.0113813,0.0227214,,best_validation_checkpoint_1.bin
781,604,accepted,1,1.81066e-06,1.5062e-08,5.71515e-09,5.71515e-09,6.73404e-09,6.73404e-09,0.477239,0.0293854,0.44605,0.0116095,0.0340531,0.0112963,0.0227568,,best_validation_checkpoint_0.bin
782,605,accepted,1,7.22113e-06,7.531e-09,5.68994e-09,5.68994e-09,6.70399e-09,6.70399e-09,0.490109,0.0320889,0.456306,0.0100307,0.0343732,0.0113715,0.0230017,,best_validation_checkpoint_1.bin
783,605,rejected,1,2.74913e-05,7.531e-08,5.68994e-09,5.68994e-09,6.70399e-09,6.70399e-09,0.495427,0.0285814,0.465168,0.0105908,0.0113945,0.0113943,0,,
784,606,accepted,0,2.74913e-05,3.7655e-08,5.66574e-09,5.66574e-09,6.68035e-09,6.68035e-09,0,0,0,0.0115004,0.0338227,0.0113945,0.022428,,best_validation_checkpoint_0.bin
785,607,accepted,1,1.03568e-06,1.88275e-08,5.65008e-09,5.65008e-09,6.66291e-09,6.66291e-09,0.483063,0.0291758,0.452319,0.0098624,0.0340645,0.0113036,0.0227608,,best_validation_checkpoint_1.bin
786,608,accepted,1,4.1686e-06,9.41375e-09,5.62396e-09,5.62396e-09,6.63298e-09,6.63298e-09,0.482933,0.0283747,0.452897,0.0109675,0.0341393,0.011348,0.0227912,,best_validation_checkpoint_0.bin
787,608,rejected,1,1.6117e-05,9.41375e-08,5.62396e-09,5.62396e-09,6.63298e-09,6.63298e-09,0.507709,0.0284634,0.47761,0.0104215,0.0113272,0.0113271,0,,
788,609,accepted,0,1.6117e-05,4.70687e-08,5.61185e-09,5.61185e-09,6.62134e-09,6.62134e-09,0,0,0,0.0108623,0.0340807,0.0114366,0.022644,,best_validation_checkpoint_1.bin
789,610,accepted,1,6.03641e-07,2.35344e-08,5.59941e-09,5.59941e-09,6.60751e-09,6.60751e-09,0.511096,0.0306898,0.47876,0.0106145,0.0345891,0.0113658,0.0232232,,best_validation_checkpoint_0.bin
790,611,accepted,1,2.45022e-06,1.17672e-08,5.5766e-09,5.5766e-09,6.58174e-09,6.58174e-09,0.511431,0.0283198,0.481427,0.0102621,0.0340455,0.0112996,0.0227459,,best_validation_checkpoint_1.bin
791,612,accepted,1,9.60381e-06,5.88359e-09,5.55552e-09,5.55552e-09,6.55383e-09,6.55383e-09,0.503924,0.0284534,0.473783,0.010736,0.0345121,0.0114505,0.0230615,,best_validation_checkpoint_0.bin
792,612,rejected,1,3.61847e-05,5.88359e-08,5.55552e-09,5.55552e-09,6.55383e-09,6.55383e-09,0.521572,0.029224,0.49066,0.0117139,0.0114877,0.0114874,0,,
793,613,accepted,0,3.61847e-05,2.9418e-08,5.51654e-09,5.51654e-09,6.51706e-09,6.51706e-09,0,0,0,0.0120977,0.0341681,0.0115063,0.0226616,,best_validation_checkpoint_1.bin
794,614,accepted,1,1.28952e-06,1.4709e-08,5.49797e-09,5.49797e-09,6.4962e-09,6.4962e-09,0.505673,0.0321294,0.47182,0.0104297,0.0339012,0.011278,0.022623,,best_validation_checkpoint_0.bin
795,615,accepted,1,5.31609e-06,7.35449e-09,5.46971e-09,5.46971e-09,6.46264e-09,6.46264e-09,0.488204,0.0289047,0.457564,0.0111368,0.0337437,0.0113184,0.0224252,,best_validation_checkpoint_1.bin
796,615,rejected,1,2.07182e-05,7.35449e-08,5.46971e-09,5.46971e-09,6.46264e-09,6.46264e-09,0.481928,0.0295503,0.450726,0.0108528,0.0114898,0.0114895,0,,
797,616,accepted,0,2.07182e-05,3.67725e-08,5.45208e-09,5.45208e-09,6.44671e-09,6.44671e-09,0,0,0,0.0099347,0.0339167,0.0113807,0.0225359,,best_validation_checkpoint_0.bin
798,617,accepted,1,7.22888e-07,1.83862e-08,5.43729e-09,5.43729e-09,6.43017e-09,6.43017e-09,0.534148,0.0294673,0.503017,0.0109077,0.0339701,0.0113336,0.0226364,,best_validation_checkpoint_1.bin
799,618,accepted,1,3.04968e-06,9.19311e-09,5.41114e-09,5.41114e-09,6.39999e-09,6.39999e-09,0.497631,0.0297422,0.466158,0.0111689,0.0340835,0.0113211,0.0227623,,best_validation_checkpoint_0.bin
800,619,accepted,1,1.22153e-05,4.59656e-09,5.39959e-09,5.39959e-09,6.37808e-09,6.37808e-09,0.52205,0.0284805,0.49202,0.0112753,0.0340957,0.011339,0.0227567,,best_validation_checkpoint_1.bin
801,619,rejected,1,4.6546e-05,4.59656e-08,5.39959e-09,5.39959e-09,6.37808e-09,6.37808e-09,0.520637,0.0293433,0.489693,0.0106921,0.0113657,0.0113655,0,,
802,620,accepted,0,4.6546e-05,2.29828e-08,5.33901e-09,5.33901e-09,6.3234e-09,6.3234e-09,0,0,0,0.0104262,0.0341581,0.0113935,0.0227645,,best_validation_checkpoint_0.bin
803,621,accepted,1,1.44971e-06,1.14914e-08,5.31735e-09,5.31735e-09,6.29866e-09,6.29866e-09,0.516154,0.0306117,0.483736,0.0101076,0.0341439,0.0114132,0.0227306,,best_validation_checkpoint_1.bin
804,622,accepted,1,6.58722e-06,5.7457e-09,5.28858e-09,5.28858e-09,6.26204e-09,6.26204e-09,0.495318,0.0290797,0.464631,0.0114639,0.0343029,0.0115082,0.0227946,,best_validation_checkpoint_0.bin
805,622,rejected,1,2.70321e-05,5.7457e-08,5.28858e-09,5.28858e-09,6.26204e-09,6.26204e-09,0.503943,0.0290131,0.473133,0.0108536,0.0113229,0.0113226,0,,
806,623,accepted,0,2.70321e-05,2.87285e-08,5.26308e-09,5.26308e-09,6.24093e-09,6.24093e-09,0,0,0,0.0105504,0.034349,0.0113979,0.0229511,,best_validation_checkpoint_1.bin
807,624,accepted,1,7.90908e-07,1.43642e-08,5.24581e-09,5.24581e-09,6.22135e-09,6.22135e-09,0.518864,0.0297226,0.48756,0.0098484,0.0341269,0.0113229,0.0228038,,best_validation_checkpoint_0.bin
808,625,accepted,1,3.84676e-06,7.18212e-09,5.2169e-09,5.2169e-09,6.18663e-09,6.18663e-09,0.49702,0.0284771,0.466988,0.0098002,0.0340933,0.0113274,0.0227658,,best_validation_checkpoint_1.bin
809,625,rejected,1,1.65336e-05,7.18212e-08,5.2169e-09,5.2169e-09,6.18663e-09,6.18663e-09,0.49066,0.0293491,0.459627,0.012053,0.0113961,0.011396,0,,
810,626,accepted,0,1.65336e-05,3.59106e-08,5.20398e-09,5.20398e-09,6.17676e-09,6.17676e-09,0,0,0,0.0112838,0.0340991,0.0113376,0.0227615,,best_validation_checkpoint_0.bin
811,627,accepted,1,4.63501e-07,1.79553e-08,5.19034e-09,5.19034e-09,6.16141e-09,6.16141e-09,0.485856,0.0310632,0.453134,0.010853,0.0344041,0.0114715,0.0229326,,best_validation_checkpoint_1.bin
812,628,accepted,1,2.3514e-06,8.97765e-09,5.16539e-09,5.16539e-09,6.1322e-09,6.1322e-09,0.509244,0.0318026,0.475734,0.0108197,0.0342953,0.0113228,0.0229724,,best_validation_checkpoint_0.bin
813,629,accepted,1,1.03847e-05,4.48883e-09,5.14406e-09,5.14406e-09,6.09926e-09,6.09926e-09,0.492632,0.0281784,0.462459,0.0112282,0.0338823,0.0113674,0.0225147,,best_validation_checkpoint_1.bin
814,629,rejected,1,4.2486e-05,4.48883e-08,5.14406e-09,5.14406e-09,6.09926e-09,6.09926e-09,0.474457,0.0285836,0.444232,0.0108535,0.0113648,0.0113648,0,,
815,630,accepted,0,4.2486e-05,2.24441e-08,5.10024e-09,5.10024e-09,6.0641e-09,6.0641e-09,0,0,0,0.0105313,0.0338374,0.0113157,0.0225217,,best_validation_checkpoint_0.bin
816,631,accepted,1,1.05163e-06,1.12221e-08,5.08012e-09,5.08012e-09,6.04087e-09,6.04087e-09,0.503637,0.0294741,0.472494,0.0101831,0.0341423,0.0114299,0.0227123,,best_validation_checkpoint_1.bin
817,632,accepted,1,6.0441e-06,5.61103e-09,5.05113e-09,5.05113e-09,6.00347e-09,6.00347e-09,0.511229,0.0286738,0.480896,0.0104107,0.03414,0.0114276,0.0227124,,best_validation_checkpoint_0.bin
818,632,rejected,1,2.69567e-05,5.61103e-08,5.05113e-09,5.05113e-09,6.00347e-09,6.00347e-09,0.489372,0.0284671,0.459319,0.0098454,0.011322,0.0113218,0,,
819,633,accepted,0,2.69567e-05,2.80552e-08,5.03064e-09,5.03064e-09,5.98892e-09,5.98892e-09,0,0,0,0.0098123,0.0338831,0.0112812,0.0226018,,best_validation_checkpoint_1.bin
820,634,accepted,1,6.57698e-07,1.40276e-08,5.01474e-09,5.01474e-09,5.97077e-09,5.97077e-09,0.50811,0.0299084,0.476464,0.0113338,0.0343466,0.0114719,0.0228747,,best_validation_checkpoint_0.bin
821,635,accepted,1,3.8621e-06,7.01379e-09,4.98765e-09,4.98765e-09,5.93768e-09,5.93768e-09,0.487971,0.0287816,0.45745,0.009578,0.033891,0.0113559,0.0225349,,best_validation_checkpoint_1.bin
822,635,rejected,1,1.75154e-05,7.01379e-08,4.98765e-09,4.98765e-09,5.93768e-09,5.93768e-09,0.484941,0.029014,0.454196,0.0107252,0.0113706,0.0113704,0,,
823,636,accepted,0,1.75154e-05,3.50689e-08,4.97647e-09,4.97647e-09,5.93042e-09,5.93042e-09,0,0,0,0.0103036,0.0338875,0.0113166,0.0225707,,best_validation_checkpoint_0.bin
824,637,accepted,1,4.40253e-07,1.75345e-08,4.96396e-09,4.96396e-09,5.91627e-09,5.91627e-09,0.487882,0.0297557,0.456415,0.0101675,0.034265,0.0114617,0.0228033,,best_validation_checkpoint_1.bin
825,638,accepted,1,2.50707e-06,8.76724e-09,4.94098e-09,4.94098e-09,5.88903e-09,5.88903e-09,0.492057,0.0299388,0.460444,0.0121481,0.0368696,0.0120086,0.024861,,best_validation_checkpoint_0.bin
826,639,accepted,1,1.13831e-05,4.38362e-09,4.92148e-09,4.92148e-09,5.85747e-09,5.85747e-09,0.483213,0.0304952,0.451027,0.0106844,0.0341182,0.0113652,0.022753,,best_validation_checkpoint_1.bin
827,639,rejected,1,4.71969e-05,4.38362e-08,4.92148e-09,4.92148e-09,5.85747e-09,5.85747e-09,0.477139,0.0298295,0.445705,0.0105571,0.011339,0.0113389,0,,
828,640,accepted,0,4.71969e-05,2.19181e-08,4.88141e-09,4.88141e-09,5.82753e-09,5.82753e-09,0,0,0,0.0110471,0.034597,0.0114517,0.0231451,,best_validation_checkpoint_0.bin
829,641,accepted,1,1.15403e-06,1.0959e-08,4.86299e-09,4.86299e-09,5.80611e-09,5.80611e-09,0.507286,0.0307938,0.474797,0.0114131,0.0343135,0.0113792,0.0229342,,best_validation_checkpoint_1.bin
830,642,accepted,1,6.86036e-06,5.47952e-09,4.83707e-09,4.83707e-09,5.77177e-09,5.77177e-09,0.534434,0.0297841,0.502973,0.0119003,0.034376,0.0115441,0.0228318,,best_validation_checkpoint_0.bin
831,642,rejected,1,3.0388e-05,5.47952e-08,4.83707e-09,4.83707e-09,5.77177e-09,5.77177e-09,0.524115,0.028395,0.494065,0.0106145,0.0113659,0.0113658,0,,
832,643,accepted,0,3.0388e-05,2.73976e-08,4.81768e-09,4.81768e-09,5.75896e-09,5.75896e-09,0,0,0,0.0107397,0.0340813,0.0113687,0.0227124,,best_validation_checkpoint_1.bin
833,644,accepted,1,7.68452e-07,1.36988e-08,4.80315e-09,4.80315e-09,5.74231e-09,5.74231e-09,0.530582,0.0292142,0.499845,0.0098251,0.033863,0.0112864,0.0225765,,best_validation_checkpoint_0.bin
834,645,accepted,1,4.42738e-06,6.8494e-09,4.77873e-09,4.77873e-09,5.71203e-09,5.71203e-09,0.513703,0.0289637,0.483067,0.0117195,0.0342072,0.0113805,0.0228266,,best_validation_checkpoint_1.bin
835,645,rejected,1,1.96886e-05,6.8494e-08,4.77873e-09,4.77873e-09,5.71203e-09,5.71203e-09,0.506324,0.0279631,0.476679,0.0103518,0.0113327,0.0113325,0,,
836,646,accepted,0,1.96886e-05,3.4247e-08,4.7681e-09,4.7681e-09,5.7056e-09,5.7056e-09,0,0,0,0.0098398,0.034049,0.0113971,0.0226518,,best_validation_checkpoint_0.bin
837,647,accepted,1,5.21784e-07,1.71235e-08,4.75667e-09,4.75667e-09,5.69265e-09,5.69265e-09,0.51555,0.0288186,0.485151,0.011136,0.0339807,0.0113952,0.0225855,,best_validation_checkpoint_1.bin
838,648,accepted,1,2.86203e-06,8.56176e-09,4.73582e-09,4.73582e-09,5.66771e-09,5.66771e-09,0.521833,0.028524,0.491695,0.0106103,0.0329131,0.0103883,0.0225247,,best_validation_checkpoint_0.bin
839,649,accepted,1,1.26918e-05,4.28088e-09,4.72109e-09,4.72109e-09,5.64124e-09,5.64124e-09,0.513131,0.0287371,0.482731,0.0110456,0.0336182,0.0108761,0.022742,,best_validation_checkpoint_1.bin
840,649,rejected,1,5.17819e-05,4.28088e-08,4.72109e-09,4.72109e-09,5.64124e-09,5.64124e-09,0.524825,0.0283673,0.494815,0.0114505,0.0116573,0.011657,0,,
841,650,accepted,0,5.17819e-05,2.14044e-08,4.68113e-09,4.68113e-09,5.61159e-09,5.61159e-09,0,0,0,0.0114882,0.0343131,0.0115592,0.0227539,,best_validation_checkpoint_0.bin
842,651,accepted,1,1.34934e-06,1.07022e-08,4.66435e-09,4.66435e-09,5.59202e-09,5.59202e-09,0.509839,0.0288252,0.479404,0.0104531,0.0340826,0.0113898,0.0226928,,best_validation_checkpoint_1.bin
843,652,accepted,1,7.60403e-06,5.3511e-09,4.64187e-09,4.64187e-09,5.56152e-09,5.56152e-09,0.507514,0.0294706,0.476328,0.0110498,0.0369633,0.0124631,0.0245001,,best_validation_checkpoint_0.bin
844,652,rejected,1,3.27906e-05,5.3511e-08,4.64187e-09,4.64187e-09,5.56152e-09,5.56152e-09,0.515204,0.031677,0.481942,0.010847,0.0114405,0.0114405,0,,
845,653,accepted,0,3.27906e-05,2.67555e-08,4.62283e-09,4.62283e-09,5.54897e-09,5.54897e-09,0,0,0,0.0102956,0.034123,0.0114945,0.0226284,,best_validation_checkpoint_1.bin
846,654,accepted,1,8.83262e-07,1.33777e-08,4.60957e-09,4.60957e-09,5.53376e-09,5.53376e-09,0.517153,0.0291224,0.486461,0.0105989,0.0339025,0.0113844,0.0225181,,best_validation_checkpoint_0.bin
847,655,accepted,1,4.82388e-06,6.68887e-09,4.5877e-09,4.5877e-09,5.50639e-09,5.50639e-09,0.529096,0.0295362,0.497893,0.012193,0.0340103,0.0113663,0.0226439,,best_validation_checkpoint_1.bin
848,655,rejected,1,2.09003e-05,6.68887e-08,4.5877e-09,4.5877e-09,5.50639e-09,5.50639e-09,0.536169,0.0287306,0.505776,0.0106551,0.0113212,0.0113211,0,,
849,656,accepted,0,2.09003e-05,3.34444e-08,4.5775e-09,4.5775e-09,5.50023e-09,5.50023e-09,0,0,0,0.0111945,0.0340697,0.0116259,0.0224437,,best_validation_checkpoint_0.bin
850,657,accepted,1,5.8566e-07,1.67222e-08,4.56706e-09,4.56706e-09,5.4884e-09,5.4884e-09,0.497854,0.0292609,0.466978,0.0094105,0.0338492,0.0113145,0.0225347,,best_validation_checkpoint_1.bin
851,658,accepted,1,3.07116e-06,8.36109e-09,4.54816e-09,4.54816e-09,5.46571e-09,5.46571e-09,0.530278,0.0280764,0.500525,0.0118664,0.0343043,0.0114848,0.0228195,,best_validation_checkpoint_0.bin
852,659,accepted,1,1.33016e-05,4.18054e-09,4.53716e-09,4.53716e-09,5.44371e-09,5.44371e-09,0.53417,0.0289904,0.503563,0.0106461,0.0339516,0.0113462,0.0226054,,best_validation_checkpoint_1.bin
853,659,rejected,1,5.35047e-05,4.18054e-08,4.53716e-09,4.53716e-09,5.44371e-09,5.44371e-09,0.512286,0.02839,0.482257,0.0103122,0.011391,0.0113909,0,,
854,660,accepted,0,5.35047e-05,2.09027e-08,4.49795e-09,4.49795e-09,5.41424e-09,5.41424e-09,0,0,0,0.0112849,0.0340755,0.0113576,0.0227179,,best_validation_checkpoint_0.bin
855,661,accepted,1,1.4717e-06,1.04514e-08,4.48268e-09,4.48268e-09,5.3964e-09,5.3964e-09,0.562248,0.029153,0.53157,0.0098547,0.0324301,0.0112168,0.0212133,,best_validation_checkpoint_1.bin
856,662,accepted,1,7.90825e-06,5.22568e-09,4.46293e-09,4.46293e-09,5.36924e-09,5.36924e-09,0.532851,0.0288813,0.502384,0.0105043,0.0339584,0.0113874,0.022571,,best_validation_checkpoint_0.bin
857,662,rejected,1,3.3383e-05,5.22568e-08,4.46293e-09,4.46293e-09,5.36924e-09,5.36924e-09,0.496297,0.0287076,0.465882,0.0109949,0.0113692,0.011369,0,,
858,663,accepted,0,3.3383e-05,2.61284e-08,4.44464e-09,4.44464e-09,5.35697e-09,5.35697e-09,0,0,0,0.01059,0.0339265,0.01135,0.0225764,,best_validation_checkpoint_1.bin
859,664,accepted,1,9.46326e-07,1.30642e-08,4.43254e-09,4.43254e-09,5.34309e-09,5.34309e-09,0.484865,0.0290258,0.454159,0.0104191,0.0341856,0.0114007,0.0227849,,best_validation_checkpoint_0.bin
860,665,accepted,1,4.95102e-06,6.5321e-09,4.41281e-09,4.41281e-09,5.3183e-09,5.3183e-09,0.463267,0.0294955,0.43202,0.0102313,0.0342032,0.0113255,0.0228775,,best_validation_checkpoint_1.bin
861,665,rejected,1,2.10281e-05,6.5321e-08,4.41281e-09,4.41281e-09,5.3183e-09,5.3183e-09,0.495241,0.0287483,0.464768,0.0109604,0.0121758,0.0121756,0,,
862,666,accepted,0,2.10281e-05,3.26605e-08,4.40319e-09,4.40319e-09,5.31238e-09,5.31238e-09,0,0,0,0.010979,0.0367219,0.0121598,0.0245621,,best_validation_checkpoint_0.bin
863,667,accepted,1,6.1664e-07,1.63303e-08,4.39365e-09,4.39365e-09,5.30158e-09,5.30158e-09,0.486481,0.0294194,0.455296,0.0107778,0.034321,0.0113477,0.0229732,,best_validation_checkpoint_1.bin
864,668,accepted,1,3.12085e-06,8.16513e-09,4.37646e-09,4.37646e-09,5.28091e-09,5.28091e-09,0.515122,0.0289176,0.484384,0.0110699,0.0340518,0.0116263,0.0224254,,best_validation_checkpoint_0.bin
865,669,accepted,1,1.32743e-05,4.08256e-09,4.36761e-09,4.36761e-09,5.26193e-09,5.26193e-09,0.498847,0.028467,0.468733,0.0107418,0.03382,0.0112797,0.0225402,,best_validation_checkpoint_1.bin
866,669,rejected,1,5.29282e-05,4.08256e-08,4.36761e-09,4.36761e-09,5.26193e-09,5.26193e-09,0.484089,0.0289452,0.453465,0.0099649,0.0113341,0.0113339,0,,
867,670,accepted,0,5.29282e-05,2.04128e-08,4.33042e-09,4.33042e-09,5.23364e-09,5.23364e-09,0,0,0,0.0112487,0.0333224,0.0113054,0.0220168,,best_validation_checkpoint_0.bin
868,671,accepted,1,1.5279e-06,1.02064e-08,4.31648e-09,4.31648e-09,5.21736e-09,5.21736e-09,0.48343,0.0290602,0.452528,0.0112583,0.0339076,0.0113407,0.0225668,,best_validation_checkpoint_1.bin
869,672,accepted,1,7.88542e-06,5.1032e-09,4.29878e-09,4.29878e-09,5.19287e-09,5.19287e-09,0.481845,0.0289852,0.451153,0.0115751,0.0344645,0.011525,0.0229393,,best_validation_checkpoint_0.bin
870,672,rejected,1,3.27582e-05,5.1032e-08,4.29878e-09,4.29878e-09,5.19287e-09,5.19287e-09,0.478285,0.0295369,0.447144,0.0110254,0.0115349,0.0115347,0,,
871,673,accepted,0,3.27582e-05,2.5516e-08,4.28163e-09,4.28163e-09,5.18118e-09,5.18118e-09,0,0,0,0.0115988,0.033909,0.0113737,0.0225352,,best_validation_checkpoint_1.bin
872,674,accepted,1,9.7272e-07,1.2758e-08,4.27057e-09,4.27057e-09,5.1685e-09,5.1685e-09,0.494305,0.0294869,0.463015,0.0101846,0.0339072,0.0113353,0.0225718,,best_validation_checkpoint_0.bin
873,675,accepted,1,4.90503e-06,6.379e-09,4.25262e-09,4.25262e-09,5.14593e-09,5.14593e-09,0.503457,0.0282454,0.47361,0.0109955,0.0340554,0.0113214,0.0227339,,best_validation_checkpoint_1.bin
874,675,rejected,1,2.05066e-05,6.379e-08,4.25262e-09,4.25262e-09,5.14593e-09,5.14593e-09,0.495401,0.0286001,0.465196,0.0114094,0.0113598,0.0113597,0,,
875,676,accepted,0,2.05066e-05,3.1895e-08,4.24368e-09,4.24368e-09,5.14035e-09,5.14035e-09,0,0,0,0.0110683,0.0336406,0.0112768,0.0223637,,best_validation_checkpoint_0.bin
876,677,accepted,1,6.2723e-07,1.59475e-08,4.23496e-09,4.23496e-09,5.13047e-09,5.13047e-09,0.473141,0.0289779,0.442561,0.0117883,0.0339455,0.0113822,0.0225633,,best_validation_checkpoint_1.bin
877,678,accepted,1,3.07695e-06,7.97376e-09,4.21926e-09,4.21926e-09,5.11158e-09,5.11158e-09,0.511273,0.0286083,0.481092,0.0094665,0.0342206,0.0115149,0.0227056,,best_validation_checkpoint_0.bin
878,679,accepted,1,1.28928e-05,3.98688e-09,4.21146e-09,4.21146e-09,5.09451e-09,5.09451e-09,0.494706,0.0283689,0.464664,0.0105819,0.0340206,0.0113756,0.022645,,best_validation_checkpoint_1.bin
879,679,rejected,1,5.11046e-05,3.98688e-08,4.21146e-09,4.21146e-09,5.09451e-09,5.09451e-09,0.499758,0.0304052,0.467762,0.0099753,0.0113736,0.0113735,0,,
880,680,accepted,0,5.11046e-05,1.99344e-08,4.17702e-09,4.17702e-09,5.06815e-09,5.06815e-09,0,0,0,0.0109166,0.0339703,0.0113098,0.0226604,,best_validation_checkpoint_0.bin
881,681,accepted,1,1.54546e-06,9.96719e-09,4.16426e-09,4.16426e-09,5.05326e-09,5.05326e-09,0.494747,0.029395,0.463665,0.0105809,0.0344479,0.0115319,0.022916,,best_validation_checkpoint_1.bin
882,682,accepted,1,7.68974e-06,4.9836e-09,4.14811e-09,4.14811e-09,5.0309e-09,5.0309e-09,0.50083,0.0291709,0.470062,0.0107663,0.0343677,0.0113056,0.023062,,best_validation_checkpoint_0.bin
883,682,rejected,1,3.15194e-05,4.9836e-08,4.14811e-09,4.14811e-09,5.0309e-09,5.0309e-09,0.473923,0.0289064,0.443118,0.0104801,0.0134161,0.0134159,0,,
884,683,accepted,0,3.15194e-05,2.4918e-08,4.13229e-09,4.13229e-09,5.02005e-09,5.02005e-09,0,0,0,0.0112477,0.0340815,0.0116004,0.0224809,,best_validation_checkpoint_1.bin
885,684,accepted,1,9.781e-07,1.2459e-08,4.12216e-09,4.12216e-09,5.00844e-09,5.00844e-09,0.495951,0.0287799,0.465489,0.0105966,0.032324,0.0113231,0.0210009,,best_validation_checkpoint_0.bin
886,685,accepted,1,4.77023e-06,6.2295e-09,4.1057e-09,4.1057e-09,4.98776e-09,4.98776e-09,0.512803,0.0283003,0.482739,0.0101576,0.0332022,0.0113173,0.0218849,,best_validation_checkpoint_1.bin
887,685,rejected,1,1.96695e-05,6.2295e-08,4.1057e-09,4.1057e-09,4.98776e-09,4.98776e-09,0.477973,0.0297694,0.446561,0.0108157,0.0114227,0.0114225,0,,
888,686,accepted,0,1.96695e-05,3.11475e-08,4.09749e-09,4.09749e-09,4.98259e-09,4.98259e-09,0,0,0,0.0109161,0.0342249,0.0114755,0.0227492,,best_validation_checkpoint_0.bin
889,687,accepted,1,6.26015e-07,1.55737e-08,4.08949e-09,4.08949e-09,4.97355e-09,4.97355e-09,0.489754,0.0308326,0.457199,0.0120042,0.034069,0.011291,0.0227779,,best_validation_checkpoint_1.bin
890,688,accepted,1,2.98475e-06,7.78687e-09,4.07508e-09,4.07508e-09,4.95622e-09,4.95622e-09,0.486177,0.0288862,0.45561,0.0115953,0.0339299,0.0113244,0.0226054,,best_validation_checkpoint_0.bin
891,689,accepted,1,1.23402e-05,3.89344e-09,4.06765e-09,4.06765e-09,4.94026e-09,4.94026e-09,0.494748,0.0284966,0.464497,0.0106387,0.0342799,0.0114653,0.0228145,,best_validation_checkpoint_1.bin
892,689,rejected,1,4.86571e-05,3.89344e-08,4.06765e-09,4.06765e-09,4.94026e-09,4.94026e-09,0.513321,0.03233,0.479066,0.0125335,0.0122189,0.0122187,0,,
893,690,accepted,0,4.86571e-05,1.94672e-08,4.03628e-09,4.03628e-09,4.91629e-09,4.91629e-09,0,0,0,0.0115996,0.0361821,0.0116021,0.0245798,,best_validation_checkpoint_0.bin
894,691,accepted,1,1.53624e-06,9.73359e-09,4.02456e-09,4.02456e-09,4.90264e-09,4.90264e-09,0.525432,0.0347834,0.488921,0.0109399,0.0359305,0.0123041,0.0236264,,best_validation_checkpoint_1.bin
895,692,accepted,1,7.39843e-06,4.86679e-09,4.00958e-09,4.00958e-09,4.88196e-09,4.88196e-09,0.504226,0.0302472,0.472276,0.011403,0.034186,0.011608,0.0225779,,best_validation_checkpoint_0.bin
896,692,rejected,1,2.99589e-05,4.86679e-08,4.00958e-09,4.00958e-09,4.88196e-09,4.88196e-09,0.489951,0.0291538,0.459153,0.010607,0.0113316,0.0113315,0,,
897,693,accepted,0,2.99589e-05,2.4334e-08,3.99516e-09,3.99516e-09,4.8721e-09,4.8721e-09,0,0,0,0.0103938,0.0340144,0.0113581,0.0226563,,best_validation_checkpoint_1.bin
898,694,accepted,1,9.6736e-07,1.2167e-08,3.98585e-09,3.98585e-09,4.86144e-09,4.86144e-09,0.502723,0.0298061,0.471098,0.0111772,0.0347981,0.0114449,0.0233532,,best_validation_checkpoint_0.bin
899,695,accepted,1,4.58097e-06,6.08349e-09,3.97064e-09,3.97064e-09,4.84236e-09,4.84236e-09,0.497155,0.0316859,0.463754,0.0096914,0.033871,0.0113963,0.0224747,,best_validation_checkpoint_1.bin
900,695,rejected,1,1.86543e-05,6.08349e-08,3.97064e-09,3.97064e-09,4.84236e-09,4.84236e-09,0.519213,0.0287565,0.488817,0.0106626,0.0113975,0.0113974,0,,
901,696,accepted,0,1.86543e-05,3.04175e-08,3.96315e-09,3.96315e-09,4.83768e-09,4.83768e-09,0,0,0,0.0105205,0.0338833,0.0112984,0.0225849,,best_validation_checkpoint_0.bin
902,697,accepted,1,6.15031e-07,1.52087e-08,3.95578e-09,3.95578e-09,4.82936e-09,4.82936e-09,0.503554,0.0310304,0.470862,0.011812,0.0338742,0.0113571,0.022517,,best_validation_checkpoint_1.bin
903,698,accepted,1,2.85986e-06,7.60437e-09,3.94249e-09,3.94249e-09,4.81339e-09,4.81339e-09,0.494639,0.0288009,0.464071,0.010797,0.033984,0.0113646,0.0226193,,best_validation_checkpoint_0.bin
904,699,accepted,1,1.16827e-05,3.80218e-09,3.93496e-09,3.93496e-09,4.79798e-09,4.79798e-09,0.472907,0.0315362,0.439667,0.0103384,0.0343145,0.0116152,0.0226993,,best_validation_checkpoint_1.bin
905,699,rejected,1,4.58178e-05,3.80218e-08,3.93496e-09,3.93496e-09,4.79798e-09,4.79798e-09,0.486458,0.0288311,0.455927,0.0110056,0.0113636,0.0113634,0,,
906,700,accepted,0,4.58178e-05,1.90109e-08,3.90676e-09,3.90676e-09,4.77665e-09,4.77665e-09,0,0,0,0.0103215,0.0337453,0.0112625,0.0224828,,best_validation_checkpoint_0.bin
907,701,accepted,1,1.50142e-06,9.50546e-09,3.89596e-09,3.89596e-09,4.76406e-09,4.76406e-09,0.487911,0.0306122,0.455654,0.0114731,0.0339826,0.0113192,0.0226633,,best_validation_checkpoint_1.bin
908,702,accepted,1,7.03267e-06,4.75273e-09,3.88185e-09,3.88185e-09,4.74471e-09,4.74471e-09,0.501282,0.0284977,0.471194,0.010504,0.0342707,0.0113923,0.0228783,,best_validation_checkpoint_0.bin
909,702,rejected,1,2.81657e-05,4.75273e-08,3.88185e-09,3.88185e-09,4.74471e-09,4.74471e-09,0.49333,0.0297721,0.461949,0.0109771,0.0113736,0.0113735,0,,
910,703,accepted,0,2.81657e-05,2.37636e-08,3.86884e-09,3.86884e-09,4.73594e-09,4.73594e-09,0,0,0,0.0115322,0.0343283,0.0113822,0.0229461,,best_validation_checkpoint_1.bin
911,704,accepted,1,9.40412e-07,1.18818e-08,3.86024e-09,3.86024e-09,4.72611e-09,4.72611e-09,0.496452,0.0296772,0.465219,0.0105515,0.0341381,0.0113701,0.0227679,,best_validation_checkpoint_0.bin
912,705,accepted,1,4.34448e-06,5.94091e-09,3.84608e-09,3.84608e-09,4.70838e-09,4.70838e-09,0.521285,0.0297315,0.489875,0.0108741,0.0338141,0.0113246,0.0224895,,best_validation_checkpoint_1.bin
913,705,rejected,1,1.74966e-05,5.94091e-08,3.84608e-09,3.84608e-09,4.70838e-09,4.70838e-09,0.493739,0.0320019,0.460124,0.0110181,0.0113228,0.0113227,0,,
914,706,accepted,0,1.74966e-05,2.97046e-08,3.83929e-09,3.83929e-09,4.70421e-09,4.70421e-09,0,0,0,0.0109779,0.0337698,0.0113403,0.0224294,,best_validation_checkpoint_0.bin
915,707,accepted,1,5.94039e-07,1.48523e-08,3.83248e-09,3.83248e-09,4.69654e-09,4.69654e-09,0.51483,0.0292627,0.483731,0.0106472,0.0339613,0.0113799,0.0225814,,best_validation_checkpoint_1.bin
916,708,accepted,1,2.70493e-06,7.42614e-09,3.82015e-09,3.82015e-09,4.68174e-09,4.68174e-09,0.515083,0.0295709,0.483765,0.0109119,0.0341771,0.0113231,0.0228538,,best_validation_checkpoint_0.bin
917,709,accepted,1,1.09352e-05,3.71307e-09,3.8122e-09,3.8122e-09,4.6665e-09,4.6665e-09,0.502574,0.0292815,0.471668,0.0099266,0.0340748,0.0114087,0.022666,,best_validation_checkpoint_1.bin
918,709,rejected,1,4.26567e-05,3.71307e-08,3.8122e-09,3.8122e-09,4.6665e-09,4.6665e-09,0.473484,0.0285684,0.44322,0.0122515,0.0113943,0.011394,0,,
919,710,accepted,0,4.26567e-05,1.85653e-08,3.78715e-09,3.78715e-09,4.64785e-09,4.64785e-09,0,0,0,0.0114056,0.034169,0.0113921,0.0227767,,best_validation_checkpoint_0.bin
920,711,accepted,1,1.44075e-06,9.28267e-09,3.77713e-09,3.77713e-09,4.63621e-09,4.63621e-09,0.503807,0.0286166,0.473481,0.0100816,0.0343224,0.0114687,0.0228537,,best_validation_checkpoint_1.bin
921,712,accepted,1,6.59676e-06,4.64134e-09,3.76368e-09,3.76368e-09,4.61791e-09,4.61791e-09,0.513103,0.0296664,0.481833,0.0111852,0.0339066,0.0113685,0.022538,,best_validation_checkpoint_0.bin
922,712,rejected,1,2.61666e-05,4.64134e-08,3.76368e-09,3.76368e-09,4.61791e-09,4.61791e-09,0.487657,0.0286188,0.457431,0.0101024,0.0113727,0.0113725,0,,
923,713,accepted,0,2.61666e-05,2.32067e-08,3.75204e-09,3.75204e-09,4.61024e-09,4.61024e-09,0,0,0,0.0110889,0.0354924,0.0119838,0.0235085,,best_validation_checkpoint_1.bin
924,714,accepted,1,8.97348e-07,1.16033e-08,3.74407e-09,3.74407e-09,4.60114e-09,4.60114e-09,0.481004,0.0284117,0.450938,0.0105768,0.0342021,0.0114881,0.0227138,,best_validation_checkpoint_0.bin
925,715,accepted,1,4.063e-06,5.80167e-09,3.73078e-09,3.73078e-09,4.58456e-09,4.58456e-09,0.487031,0.0297206,0.455661,0.009328,0.0339472,0.0114255,0.0225216,,best_validation_checkpoint_1.bin
926,715,rejected,1,1.62096e-05,5.80167e-08,3.73078e-09,3.73078e-09,4.58456e-09,4.58456e-09,0.508716,0.0283188,0.478612,0.0103008,0.0113181,0.011318,0,,
927,716,accepted,0,1.62096e-05,2.90084e-08,3.72465e-09,3.72465e-09,4.58089e-09,4.58089e-09,0,0,0,0.0108362,0.0340243,0.0112789,0.0227453,,best_validation_checkpoint_0.bin
928,717,accepted,1,5.63318e-07,1.45042e-08,3.71834e-09,3.71834e-09,4.57379e-09,4.57379e-09,0.481517,0.0304207,0.449477,0.0103366,0.0341251,0.0113832,0.0227418,,best_validation_checkpoint_1.bin
929,718,accepted,1,2.52172e-06,7.25209e-09,3.70683e-09,3.70683e-09,4.56001e-09,4.56001e-09,0.501509,0.0303483,0.469536,0.0110449,0.0340129,0.0113742,0.0226385,,best_validation_checkpoint_0.bin
930,719,accepted,1,1.01063e-05,3.62604e-09,3.6983e-09,3.6983e-09,4.54474e-09,4.54474e-09,0.50993,0.0286593,0.479532,0.0105218,0.0343539,0.0115169,0.0228369,,best_validation_checkpoint_1.bin
931,719,rejected,1,3.92283e-05,3.62604e-08,3.6983e-09,3.6983e-09,4.54474e-09,4.54474e-09,0.502685,0.0297262,0.471323,0.009789,0.0115856,0.0115855,0,,
932,720,accepted,0,3.92283e-05,1.81302e-08,3.67626e-09,3.67626e-09,4.52868e-09,4.52868e-09,0,0,0,0.010695,0.033919,0.0114143,0.0225045,,best_validation_checkpoint_0.bin
933,721,accepted,1,1.35668e-06,9.06511e-09,3.66693e-09,3.66693e-09,4.51786e-09,4.51786e-09,0.501571,0.0291764,0.470752,0.010286,0.0340651,0.0113722,0.0226928,,best_validation_checkpoint_1.bin
934,722,accepted,1,6.09913e-06,4.53256e-09,3.65397e-09,3.65397e-09,4.50043e-09,4.50043e-09,0.500724,0.0297838,0.469292,0.0106568,0.0329762,0.0113491,0.021627,,best_validation_checkpoint_0.bin
935,722,rejected,1,2.40001e-05,4.53256e-08,3.65397e-09,3.65397e-09,4.50043e-09,4.50043e-09,0.480664,0.0283892,0.450534,0.0115526,0.0115101,0.0115101,0,,
936,723,accepted,0,2.40001e-05,2.26628e-08,3.64362e-09,3.64362e-09,4.4938e-09,4.4938e-09,0,0,0,0.0120058,0.0344161,0.0115294,0.0228867,,best_validation_checkpoint_1.bin
937,724,accepted,1,8.40322e-07,1.13314e-08,3.63619e-09,3.63619e-09,4.48535e-09,4.48535e-09,0.511543,0.0289113,0.480916,0.0093347,0.0338272,0.0113599,0.0224673,,best_validation_checkpoint_0.bin
938,725,accepted,1,3.74378e-06,5.66569e-09,3.62364e-09,3.62364e-09,4.46977e-09,4.46977e-09,0.48681,0.0286827,0.456512,0.0104462,0.0341002,0.011356,0.0227441,,best_validation_checkpoint_1.bin
939,725,rejected,1,1.48228e-05,5.66569e-08,3.62364e-09,3.62364e-09,4.46977e-09,4.46977e-09,0.50127,0.0297034,0.469952,0.0102996,0.0114032,0.011403,0,,
940,726,accepted,0,1.48228e-05,2.83285e-08,3.61813e-09,3.61813e-09,4.46656e-09,4.46656e-09,0,0,0,0.0112053,0.0340609,0.0113847,0.0226761,,best_validation_checkpoint_0.bin
941,727,accepted,1,5.2454e-07,1.41642e-08,3.61226e-09,3.61226e-09,4.45996e-09,4.45996e-09,0.494619,0.0293064,0.463638,0.0110789,0.033809,0.0113539,0.0224551,,best_validation_checkpoint_1.bin
942,728,accepted,1,2.31603e-06,7.08212e-09,3.60146e-09,3.60146e-09,4.44709e-09,4.44709e-09,0.49686,0.0283597,0.466807,0.0105208,0.034123,0.0113798,0.0227431,,best_validation_checkpoint_0.bin
943,729,accepted,1,9.21818e-06,3.54106e-09,3.59236e-09,3.59236e-09,4.43174e-09,4.43174e-09,0.487866,0.0289274,0.457141,0.0119394,0.0340139,0.0113495,0.0226643,,best_validation_checkpoint_1.bin
944,729,rejected,1,3.56369e-05,3.54106e-08,3.59236e-09,3.59236e-09,4.43174e-09,4.43174e-09,0.527376,0.0303045,0.495433,0.0111564,0.011326,0.0113258,0,,
945,730,accepted,0,3.56369e-05,1.77053e-08,3.57304e-09,3.57304e-09,4.41802e-09,4.41802e-09,0,0,0,0.0111867,0.0341103,0.0114661,0.0226442,,best_validation_checkpoint_0.bin
946,731,accepted,1,1.25514e-06,8.85265e-09,3.56431e-09,3.56431e-09,4.40794e-09,4.40794e-09,0.495207,0.0311875,0.462372,0.0101295,0.0350079,0.0118391,0.0231687,,best_validation_checkpoint_1.bin
947,732,accepted,1,5.55965e-06,4.42632e-09,3.55177e-09,3.55177e-09,4.39127e-09,4.39127e-09,0.486778,0.0284766,0.45671,0.010248,0.0341388,0.011308,0.0228308,,best_validation_checkpoint_0.bin
948,732,rejected,1,2.17454e-05,4.42632e-08,3.55177e-09,3.55177e-09,4.39127e-09,4.39127e-09,0.497551,0.0283879,0.467509,0.0106621,0.0114724,0.0114722,0,,
949,733,accepted,0,2.17454e-05,2.21316e-08,3.54258e-09,3.54258e-09,4.38557e-09,4.38557e-09,0,0,0,0.0109547,0.0340191,0.0114889,0.0225301,,best_validation_checkpoint_1.bin
950,734,accepted,1,7.73705e-07,1.10658e-08,3.53564e-09,3.53564e-09,4.37769e-09,4.37769e-09,0.487337,0.0286018,0.456471,0.0098154,0.0341727,0.0114587,0.0227139,,best_validation_checkpoint_0.bin
951,735,accepted,1,3.40189e-06,5.5329e-09,3.52374e-09,3.52374e-09,4.36301e-09,4.36301e-09,0.487682,0.0285723,0.457419,0.0110097,0.0339834,0.0114019,0.0225813,,best_validation_checkpoint_1.bin
952,735,rejected,1,1.33938e-05,5.5329e-08,3.52374e-09,3.52374e-09,4.36301e-09,4.36301e-09,0.507038,0.0302108,0.475137,0.0115808,0.0114953,0.0114952,0,,
953,736,accepted,0,1.33938e-05,2.76645e-08,3.51878e-09,3.51878e-09,4.3602e-09,4.3602e-09,0,0,0,0.0126095,0.0346303,0.0113678,0.0232623,,best_validation_checkpoint_0.bin
954,737,accepted,1,4.8075e-07,1.38323e-08,3.51328e-09,3.51328e-09,4.35405e-09,4.35405e-09,0.514309,0.0317863,0.480931,0.0107865,0.0340119,0.011335,0.0226767,,best_validation_checkpoint_1.bin
955,738,accepted,1,2.09867e-06,6.91613e-09,3.50312e-09,3.50312e-09,4.34199e-09,4.34199e-09,0.498455,0.0287326,0.467986,0.0109393,0.0343323,0.0115077,0.0228246,,best_validation_checkpoint_0.bin
956,739,accepted,1,8.31131e-06,3.45807e-09,3.49357e-09,3.49357e-09,4.32667e-09,4.32667e-09,0.465888,0.0283513,0.435884,0.0104395,0.0340137,0.0113781,0.0226355,,best_validation_checkpoint_1.bin
957,739,rejected,1,3.20531e-05,3.45807e-08,3.49357e-09,3.49357e-09,4.32667e-09,4.32667e-09,0.497084,0.0293488,0.466055,0.0102599,0.0112962,0.0112961,0,,
958,740,accepted,0,3.20531e-05,1.72903e-08,3.47659e-09,3.47659e-09,4.31494e-09,4.31494e-09,0,0,0,0.0110122,0.0342964,0.0115484,0.0227478,,best_validation_checkpoint_0.bin
959,741,accepted,1,1.14496e-06,8.64516e-09,3.4684e-09,3.4684e-09,4.30551e-09,4.30551e-09,0.524123,0.0294344,0.492942,0.0113853,0.0342097,0.0113648,0.0228449,,best_validation_checkpoint_1.bin
960,742,accepted,1,5.00971e-06,4.32258e-09,3.45627e-09,3.45627e-09,4.28958e-09,4.28958e-09,0.516572,0.0290071,0.485792,0.0111174,0.0353623,0.0114985,0.0238637,,best_validation_checkpoint_0.bin
961,742,rejected,1,1.9523e-05,4.32258e-08,3.45627e-09,3.45627e-09,4.28958e-09,4.28958e-09,0.506353,0.0286549,0.476023,0.0122077,0.0113958,0.0113954,0,,
962,743,accepted,0,1.9523e-05,2.16129e-08,3.44807e-09,3.44807e-09,4.28464e-09,4.28464e-09,0,0,0,0.0104208,0.0341926,0.011478,0.0227145,,best_validation_checkpoint_1.bin
963,744,accepted,1,7.03533e-07,1.08065e-08,3.44155e-09,3.44155e-09,4.27728e-09,4.27728e-09,0.495608,0.0295725,0.464284,0.0111309,0.0342644,0.0115207,0.0227437,,best_validation_checkpoint_0.bin
964,745,accepted,1,3.05914e-06,5.40323e-09,3.43025e-09,3.43025e-09,4.26343e-09,4.26343e-09,0.515581,0.0289625,0.484901,0.0106743,0.0345344,0.0116597,0.0228747,,best_validation_checkpoint_1.bin
965,745,rejected,1,1.20048e-05,5.40323e-08,3.43025e-09,3.43025e-09,4.26343e-09,4.26343e-09,0.508399,0.0301413,0.476525,0.0107416,0.0113826,0.0113826,0,,
966,746,accepted,0,1.20048e-05,2.70161e-08,3.42575e-09,3.42575e-09,4.26095e-09,4.26095e-09,0,0,0,0.0112398,0.0338208,0.0113692,0.0224515,,best_validation_checkpoint_0.bin
967,747,accepted,1,4.35942e-07,1.35081e-08,3.42059e-09,3.42059e-09,4.25521e-09,4.25521e-09,0.49513,0.029392,0.464057,0.0116461,0.0340172,0.0114546,0.0225625,,best_validation_checkpoint_1.bin
968,748,accepted,1,1.88429e-06,6.75403e-09,3.411e-09,3.411e-09,4.24388e-09,4.24388e-09,0.490893,0.0283484,0.460929,0.0112141,0.033843,0.0113445,0.0224985,,best_validation_checkpoint_0.bin
969,749,accepted,1,7.44052e-06,3.37702e-09,3.40123e-09,3.40123e-09,4.22879e-09,4.22879e-09,0.488479,0.0301472,0.456492,0.0114451,0.0337967,0.0112084,0.0225882,,best_validation_checkpoint_1.bin
970,749,rejected,1,2.86931e-05,3.37702e-08,3.40123e-09,3.40123e-09,4.22879e-09,4.22879e-09,0.517629,0.029719,0.486156,0.0117701,0.0113916,0.0113915,0,,
971,750,accepted,0,2.86931e-05,1.68851e-08,3.38615e-09,3.38615e-09,4.21862e-09,4.21862e-09,0,0,0,0.0115586,0.0340765,0.0113149,0.0227615,,best_validation_checkpoint_0.bin
972,751,accepted,1,1.03648e-06,8.44254e-09,3.37843e-09,3.37843e-09,4.20978e-09,4.20978e-09,0.49228,0.0306277,0.460015,0.0103365,0.0340861,0.0114545,0.0226315,,best_validation_checkpoint_1.bin
973,752,accepted,1,4.48756e-06,4.22127e-09,3.36674e-09,3.36674e-09,4.19461e-09,4.19461e-09,0.509986,0.0285341,0.479726,0.0108464,0.0342338,0.011491,0.0227427,,best_validation_checkpoint_0.bin
974,752,rejected,1,1.74752e-05,4.22127e-08,3.36674e-09,3.36674e-09,4.19461e-09,4.19461e-09,0.490597,0.0310696,0.457889,0.0107026,0.01133,0.01133,0,,
975,753,accepted,0,1.74752e-05,2.11064e-08,3.35934e-09,3.35934e-09,4.19026e-09,4.19026e-09,0,0,0,0.010958,0.0342022,0.0114817,0.0227204,,best_validation_checkpoint_1.bin
976,754,accepted,1,6.365e-07,1.05532e-08,3.35321e-09,3.35321e-09,4.18337e-09,4.18337e-09,0.510041,0.0286595,0.479833,0.0111231,0.0343432,0.0115009,0.0228422,,best_validation_checkpoint_0.bin
977,755,accepted,1,2.74035e-06,5.27659e-09,3.34247e-09,3.34247e-09,4.1703e-09,4.1703e-09,0.491976,0.0286819,0.46163,0.0115057,0.0330535,0.0108703,0.0221831,,best_validation_checkpoint_1.bin
978,756,accepted,1,1.07472e-05,2.63829e-09,3.34158e-09,3.34158e-09,4.16205e-09,4.16205e-09,0.504782,0.0289168,0.474218,0.0100821,0.0343189,0.0115713,0.0227476,,best_validation_checkpoint_0.bin
979,756,rejected,1,4.1246e-05,2.63829e-08,3.34158e-09,3.34158e-09,4.16205e-09,4.16205e-09,0.520259,0.0294067,0.489218,0.0106324,0.0114287,0.0114285,0,,
980,757,accepted,0,4.1246e-05,1.31915e-08,3.31212e-09,3.31212e-09,4.13994e-09,4.13994e-09,0,0,0,0.0131385,0.0339615,0.0114319,0.0225295,,best_validation_checkpoint_1.bin
981,758,accepted,1,1.48948e-06,6.59574e-09,3.30323e-09,3.30323e-09,4.12958e-09,4.12958e-09,0.505938,0.0340909,0.470097,0.0111591,0.033596,0.0116087,0.0219871,,best_validation_checkpoint_0.bin
982,759,accepted,1,6.41515e-06,3.29787e-09,3.29348e-09,3.29348e-09,4.11511e-09,4.11511e-09,0.510109,0.0322043,0.475997,0.0105288,0.0339049,0.0113418,0.022563,,best_validation_checkpoint_1.bin
983,759,rejected,1,2.48527e-05,3.29787e-08,3.29348e-09,3.29348e-09,4.11511e-09,4.11511e-09,0.508444,0.0292405,0.47764,0.0103027,0.0114244,0.0114242,0,,
984,760,accepted,0,2.48527e-05,1.64893e-08,3.28034e-09,3.28034e-09,4.10651e-09,4.10651e-09,0,0,0,0.0120194,0.0340927,0.0113427,0.0227499,,best_validation_checkpoint_0.bin
985,761,accepted,1,9.07154e-07,8.24467e-09,3.27319e-09,3.27319e-09,4.09839e-09,4.09839e-09,0.492262,0.0299668,0.4607,0.011272,0.0339272,0.0113965,0.0225306,,best_validation_checkpoint_1.bin
986,762,accepted,1,3.88277e-06,4.12234e-09,3.26212e-09,3.26212e-09,4.08421e-09,4.08421e-09,0.516481,0.0285693,0.48636,0.0111961,0.0343638,0.011473,0.0228908,,best_validation_checkpoint_0.bin
987,762,rejected,1,1.51691e-05,4.12234e-08,3.26212e-09,3.26212e-09,4.08421e-09,4.08421e-09,0.508937,0.028705,0.478597,0.0105005,0.0113944,0.0113943,0,,
988,763,accepted,0,1.51691e-05,2.06117e-08,3.25556e-09,3.25556e-09,4.08047e-09,4.08047e-09,0,0,0,0.0108745,0.0340904,0.0114507,0.0226397,,best_validation_checkpoint_1.bin
989,764,accepted,1,5.58671e-07,1.03058e-08,3.24988e-09,3.24988e-09,4.07413e-09,4.07413e-09,0.481747,0.0302444,0.44986,0.0106527,0.0326774,0.0113124,0.0213649,,best_validation_checkpoint_0.bin
990,765,accepted,1,2.37831e-06,5.15292e-09,3.23985e-09,3.23985e-09,4.06203e-09,4.06203e-09,0.519774,0.0287891,0.489309,0.011161,0.0341139,0.0113725,0.0227414,,best_validation_checkpoint_1.bin
991,766,accepted,1,9.35717e-06,2.57646e-09,3.2378e-09,3.2378e-09,4.05336e-09,4.05336e-09,0.490731,0.029685,0.45931,0.0117775,0.0340668,0.0113676,0.0226992,,best_validation_checkpoint_0.bin
992,766,rejected,1,3.62078e-05,2.57646e-08,3.2378e-09,3.2378e-09,4.05336e-09,4.05336e-09,0.478082,0.0286331,0.447825,0.0109877,0.0115587,0.0115583,0,,
993,767,accepted,0,3.62078e-05,1.28823e-08,3.21182e-09,3.21182e-09,4.03416e-09,4.03416e-09,0,0,0,0.0118211,0.0338965,0.0113634,0.0225331,,best_validation_checkpoint_1.bin
994,768,accepted,1,1.31838e-06,6.44115e-09,3.20355e-09,3.20355e-09,4.02459e-09,4.02459e-09,0.477486,0.0288909,0.44691,0.010529,0.0341483,0.011328,0.0228202,,best_validation_checkpoint_0.bin
995,769,accepted,1,5.6235e-06,3.22057e-09,3.19412e-09,3.19412e-09,4.01092e-09,4.01092e-09,0.501099,0.031508,0.468018,0.0099155,0.0340906,0.0112914,0.022799,,best_validation_checkpoint_1.bin
996,769,rejected,1,2.1978e-05,3.22057e-08,3.19412e-09,3.19412e-09,4.01092e-09,4.01092e-09,0.490081,0.0287678,0.459619,0.0122771,0.0113422,0.011342,0,,
997,770,accepted,0,2.1978e-05,1.61029e-08,3.18233e-09,3.18233e-09,4.00334e-09,4.00334e-09,0,0,0,0.0115184,0.0341474,0.0113893,0.0227581,,best_validation_checkpoint_0.bin
998,771,accepted,1,8.09859e-07,8.05144e-09,3.17568e-09,3.17568e-09,3.99584e-09,3.99584e-09,0.48542,0.030155,0.453596,0.0105762,0.0339858,0.0113462,0.0226396,,best_validation_checkpoint_1.bin
999,772,accepted,1,3.43091e-06,4.02572e-09,3.16527e-09,3.16527e-09,3.98265e-09,3.98265e-09,0.481034,0.0283575,0.451019,0.0108118,0.0338714,0.0114245,0.0224467,,best_validation_checkpoint_0.bin
1000,772,rejected,1,1.35094e-05,4.02572e-08,3.16527e-09,3.16527e-09,3.98265e-09,3.98265e-09,0.519041,0.0283949,0.489055,0.0102794,0.0113912,0.0113912,0,,
1001,773,accepted,0,1.35094e-05,2.01286e-08,3.1593e-09,3.1593e-09,3.97931e-09,3.97931e-09,0,0,0,0.0120851,0.0339825,0.011395,0.0225875,,best_validation_checkpoint_1.bin
1002,774,accepted,1,5.0286e-07,1.00643e-08,3.15401e-09,3.15401e-09,3.97345e-09,3.97345e-09,0.485841,0.0302883,0.453829,0.0106975,0.0342288,0.0114513,0.0227775,,best_validation_checkpoint_0.bin
1003,775,accepted,1,2.11728e-06,5.03215e-09,3.14464e-09,3.14464e-09,3.96223e-09,3.96223e-09,0.496414,0.030302,0.464265,0.0112232,0.033946,0.0113408,0.0226051,,best_validation_checkpoint_1.bin
1004,776,accepted,1,8.38427e-06,2.51607e-09,3.1423e-09,3.1423e-09,3.9539e-09,3.9539e-09,0.509649,0.0317321,0.476235,0.0098708,0.0337916,0.0113282,0.0224632,,best_validation_checkpoint_0.bin
1005,776,rejected,1,3.27999e-05,2.51607e-08,3.1423e-09,3.1423e-09,3.9539e-09,3.9539e-09,0.503253,0.0291712,0.472423,0.0099065,0.0113326,0.0113324,0,,
1006,777,accepted,0,3.27999e-05,1.25804e-08,3.11857e-09,3.11857e-09,3.9365e-09,3.9365e-09,0,0,0,0.0112943,0.034543,0.0116348,0.0229082,,best_validation_checkpoint_1.bin
1007,778,accepted,1,1.201e-06,6.29018e-09,3.11084e-09,3.11084e-09,3.92763e-09,3.92763e-09,0.498435,0.0291443,0.46771,0.0110553,0.0342139,0.0116214,0.0225925,,best_validation_checkpoint_0.bin
1008,779,accepted,1,5.08264e-06,3.14509e-09,3.10193e-09,3.10193e-09,3.91488e-09,3.91488e-09,0.472803,0.028883,0.442186,0.0110401,0.0341529,0.0113637,0.0227891,,best_validation_checkpoint_1.bin
1009,779,rejected,1,2.00865e-05,3.14509e-08,3.10193e-09,3.10193e-09,3.91488e-09,3.91488e-09,0.502133,0.028715,0.471831,0.0112638,0.0114621,0.0114619,0,,
1010,780,accepted,0,2.00865e-05,1.57255e-08,3.09105e-09,3.09105e-09,3.90796e-09,3.90796e-09,0,0,0,0.0109216,0.0338107,0.0113099,0.0225007,,best_validation_checkpoint_0.bin
1011,781,accepted,1,7.45558e-07,7.86273e-09,3.08484e-09,3.08484e-09,3.90101e-09,3.90101e-09,0.486753,0.0289849,0.455884,0.0096869,0.0340218,0.0114767,0.022545,,best_validation_checkpoint_1.bin
1012,782,accepted,1,3.13073e-06,3.93137e-09,3.07509e-09,3.07509e-09,3.88874e-09,3.88874e-09,0.489584,0.0288076,0.458882,0.0101413,0.0340269,0.0113162,0.0227106,,best_validation_checkpoint_0.bin
1013,782,rejected,1,1.24422e-05,3.93137e-08,3.07509e-09,3.07509e-09,3.88874e-09,3.88874e-09,0.487892,0.0298545,0.456352,0.0110035,0.0115892,0.0115891,0,,
1014,783,accepted,0,1.24422e-05,1.96568e-08,3.06954e-09,3.06954e-09,3.88568e-09,3.88568e-09,0,0,0,0.010743,0.0339467,0.0113579,0.0225887,,best_validation_checkpoint_1.bin
1015,784,accepted,1,4.6709e-07,9.82841e-09,3.06459e-09,3.06459e-09,3.88025e-09,3.88025e-09,0.513507,0.0301777,0.481578,0.0113445,0.0341171,0.0114039,0.0227132,,best_validation_checkpoint_0.bin
1016,785,accepted,1,1.94761e-06,4.91421e-09,3.05582e-09,3.05582e-09,3.86981e-09,3.86981e-09,0.500616,0.0284302,0.470583,0.0101801,0.0339288,0.0113663,0.0225624,,best_validation_checkpoint_1.bin
1017,786,accepted,1,7.7684e-06,2.4571e-09,3.05364e-09,3.05364e-09,3.86211e-09,3.86211e-09,0.479748,0.0289785,0.449061,0.0105436,0.0339062,0.0113249,0.0225813,,best_validation_checkpoint_0.bin
1018,786,rejected,1,3.06892e-05,2.4571e-08,3.05364e-09,3.05364e-09,3.86211e-09,3.86211e-09,0.494772,0.0288163,0.464404,0.0101819,0.0112921,0.0112921,0,,
1019,787,accepted,0,3.06892e-05,1.22855e-08,3.03142e-09,3.03142e-09,3.84592e-09,3.84592e-09,0,0,0,0.0107366,0.0339702,0.0113171,0.0226529,,best_validation_checkpoint_1.bin
1020,788,accepted,1,1.12616e-06,6.14276e-09,3.02418e-09,3.02418e-09,3.83766e-09,3.83766e-09,0.488881,0.0290507,0.458112,0.0105901,0.033805,0.0113526,0.0224522,,best_validation_checkpoint_0.bin
1021,789,accepted,1,4.73768e-06,3.07138e-09,3.01585e-09,3.01585e-09,3.82579e-09,3.82579e-09,0.479678,0.0288146,0.449178,0.0106477,0.0341906,0.0113548,0.0228356,,best_validation_checkpoint_1.bin
1022,789,rejected,1,1.89121e-05,3.07138e-08,3.01585e-09,3.01585e-09,3.82579e-09,3.82579e-09,0.503313,0.0283465,0.473298,0.0106072,0.010532,0.0105319,0,,
1023,790,accepted,0,1.89121e-05,1.53569e-08,3.00562e-09,3.00562e-09,3.81937e-09,3.81937e-09,0,0,0,0.0107437,0.0332442,0.0115704,0.0216737,,best_validation_checkpoint_0.bin
1024,791,accepted,1,7.04744e-07,7.67845e-09,2.99979e-09,2.99979e-09,3.81288e-09,3.81288e-09,0.493891,0.0293,0.462935,0.01052,0.0341863,0.0113107,0.0228755,,best_validation_checkpoint_1.bin
1025,792,accepted,1,2.9393e-06,3.83922e-09,2.99065e-09,2.99065e-09,3.80143e-09,3.80143e-09,0.469355,0.0299898,0.437778,0.0111958,0.0344085,0.0114375,0.022971,,best_validation_checkpoint_0.bin
1026,792,rejected,1,1.17761e-05,3.83922e-08,2.99065e-09,2.99065e-09,3.80143e-09,3.80143e-09,0.495523,0.0305993,0.463256,0.0105049,0.0114101,0.0114101,0,,
1027,793,accepted,0,1.17761e-05,1.91961e-08,2.98542e-09,2.98542e-09,3.79861e-09,3.79861e-09,0,0,0,0.0112186,0.0340148,0.0114671,0.0225476,,best_validation_checkpoint_1.bin
1028,794,accepted,1,4.44349e-07,9.59806e-09,2.98078e-09,2.98078e-09,3.79353e-09,3.79353e-09,0.492958,0.0285946,0.462799,0.0105152,0.0343373,0.0118409,0.0224964,,best_validation_checkpoint_0.bin
1029,795,accepted,1,1.83888e-06,4.79903e-09,2.97254e-09,2.97254e-09,3.78377e-09,3.78377e-09,0.49552,0.0282684,0.465678,0.009718,0.0342303,0.0113627,0.0228674,,best_validation_checkpoint_1.bin
1030,796,accepted,1,7.38011e-06,2.39951e-09,2.97066e-09,2.97066e-09,3.77672e-09,3.77672e-09,0.502096,0.0283381,0.47214,0.0107222,0.0341602,0.0113855,0.0227747,,best_validation_checkpoint_0.bin
1031,796,rejected,1,2.93516e-05,2.39951e-08,2.97066e-09,2.97066e-09,3.77672e-09,3.77672e-09,0.494576,0.0286573,0.464249,0.0105333,0.0113795,0.0113794,0,,
1032,797,accepted,0,2.93516e-05,1.19976e-08,2.94957e-09,2.94957e-09,3.76149e-09,3.76149e-09,0,0,0,0.0105612,0.0339684,0.011352,0.0226164,,best_validation_checkpoint_1.bin
1033,798,accepted,1,1.07558e-06,5.99879e-09,2.94275e-09,2.94275e-09,3.75374e-09,3.75374e-09,0.525005,0.0291508,0.494163,0.0099716,0.0341468,0.0116186,0.0225282,,best_validation_checkpoint_0.bin
1034,799,accepted,1,4.50677e-06,2.99939e-09,2.93497e-09,2.93497e-09,3.74264e-09,3.74264e-09,0.496233,0.0290911,0.465404,0.0105752,0.0340272,0.0113693,0.0226578,,best_validation_checkpoint_1.bin
1035,799,rejected,1,1.81266e-05,2.99939e-08,2.93497e-09,2.93497e-09,3.74264e-09,3.74264e-09,0.499023,0.0289172,0.468283,0.0112221,0.0113928,0.0113925,0,,
1036,800,accepted,0,1.81266e-05,1.4997e-08,2.92526e-09,2.92526e-09,3.73666e-09,3.73666e-09,0,0,0,0.0104327,0.0340765,0.0115492,0.0225272,,best_validation_checkpoint_0.bin
1037,801,accepted,1,6.75769e-07,7.49848e-09,2.91977e-09,2.91977e-09,3.73057e-09,3.73057e-09,0.496439,0.0322195,0.462352,0.0109753,0.0341666,0.01144,0.0227264,,best_validation_checkpoint_1.bin
1038,802,accepted,1,2.80544e-06,3.74924e-09,2.91117e-09,2.91117e-09,3.7198e-09,3.7198e-09,0.4662,0.0289704,0.435605,0.0110815,0.0344339,0.0114424,0.0229915,,best_validation_checkpoint_0.bin
1039,802,rejected,1,1.13094e-05,3.74924e-08,2.91117e-09,2.91117e-09,3.7198e-09,3.7198e-09,0.501853,0.0282009,0.47199,0.0102611,0.0119068,0.0119066,0,,
1040,803,accepted,0,1.13094e-05,1.87462e-08,2.90621e-09,2.90621e-09,3.71722e-09,3.71722e-09,0,0,0,0.0110702,0.0333933,0.011601,0.0217921,,best_validation_checkpoint_1.bin
1041,804,accepted,1,4.27437e-07,9.37311e-09,2.90183e-09,2.90183e-09,3.71245e-09,3.71245e-09,0.508631,0.0286896,0.4784,0.0105346,0.0344085,0.0114258,0.0229826,,best_validation_checkpoint_0.bin
1042,805,accepted,1,1.75973e-06,4.68655e-09,2.89406e-09,2.89406e-09,3.70325e-09,3.70325e-09,0.503886,0.0286342,0.473585,0.0107088,0.0341843,0.0114107,0.0227736,,best_validation_checkpoint_1.bin
1043,806,accepted,1,7.0964e-06,2.34328e-09,2.89247e-09,2.89247e-09,3.6967e-09,3.6967e-09,0.487146,0.0300373,0.455305,0.0113387,0.0336082,0.0113851,0.0222231,,best_validation_checkpoint_0.bin
1044,806,rejected,1,2.83377e-05,2.34328e-08,2.89247e-09,2.89247e-09,3.6967e-09,3.6967e-09,0.494706,0.0301367,0.462874,0.0109374,0.0113234,0.0113231,0,,
1045,807,accepted,0,2.83377e-05,1.17164e-08,2.87234e-09,2.87234e-09,3.68237e-09,3.68237e-09,0,0,0,0.0110045,0.0338185,0.0113278,0.0224906,,best_validation_checkpoint_1.bin
1046,808,accepted,1,1.03382e-06,5.85819e-09,2.8659e-09,2.8659e-09,3.67506e-09,3.67506e-09,0.491754,0.0287887,0.461288,0.0102255,0.0340519,0.0113724,0.0226795,,best_validation_checkpoint_0.bin
1047,809,accepted,1,4.32215e-06,2.9291e-09,2.85859e-09,2.85859e-09,3.66456e-09,3.66456e-09,0.523853,0.0286319,0.493569,0.010731,0.0339997,0.0113437,0.0226557,,best_validation_checkpoint_1.bin
1048,809,rejected,1,1.74812e-05,2.9291e-08,2.85859e-09,2.85859e-09,3.66456e-09,3.66456e-09,0.515818,0.0281789,0.486017,0.010419,0.0113751,0.0113749,0,,
1049,810,accepted,0,1.74812e-05,1.46455e-08,2.84934e-09,2.84934e-09,3.65903e-09,3.65903e-09,0,0,0,0.0115115,0.0342409,0.0116888,0.0225519,,best_validation_checkpoint_0.bin
1050,811,accepted,1,6.50113e-07,7.32274e-09,2.84413e-09,2.84413e-09,3.65327e-09,3.65327e-09,0.475946,0.0287116,0.445537,0.0109126,0.0339883,0.0113474,0.0226407,,best_validation_checkpoint_1.bin
1051,812,accepted,1,2.69162e-06,3.66137e-09,2.83601e-09,2.83601e-09,3.64306e-09,3.64306e-09,0.489252,0.028675,0.458867,0.0105116,0.0343407,0.0116072,0.0227335,,best_validation_checkpoint_0.bin
1052,812,rejected,1,1.09032e-05,3.66137e-08,2.83601e-09,2.83601e-09,3.64306e-09,3.64306e-09,0.503691,0.0284334,0.473734,0.0099924,0.0114288,0.0114287,0,,
1053,813,accepted,0,1.09032e-05,1.83068e-08,2.83128e-09,2.83128e-09,3.64071e-09,3.64071e-09,0,0,0,0.0104079,0.0340464,0.0114166,0.0226298,,best_validation_checkpoint_1.bin
1054,814,accepted,1,4.11651e-07,9.15342e-09,2.82713e-09,2.82713e-09,3.63619e-09,3.63619e-09,0.531253,0.0296694,0.49995,0.0110233,0.0344751,0.0115367,0.0229382,,best_validation_checkpoint_0.bin
1055,815,accepted,1,1.68923e-06,4.57671e-09,2.81977e-09,2.81977e-09,3.62747e-09,3.62747e-09,0.558011,0.0306291,0.525651,0.0124093,0.0351959,0.0118117,0.0233841,,best_validation_checkpoint_1.bin
1056,816,accepted,1,6.83925e-06,2.28836e-09,2.81838e-09,2.81838e-09,3.62123e-09,3.62123e-09,0.511105,0.0286985,0.480702,0.0114667,0.034076,0.011487,0.0225889,,best_validation_checkpoint_0.bin
1057,816,rejected,1,2.73803e-05,2.28836e-08,2.81838e-09,2.81838e-09,3.62123e-09,3.62123e-09,0.492833,0.0290598,0.461921,0.0111761,0.0114665,0.0114665,0,,
1058,817,accepted,0,2.73803e-05,1.14418e-08,2.79915e-09,2.79915e-09,3.60781e-09,3.60781e-09,0,0,0,0.0116908,0.0340438,0.0114095,0.0226342,,best_validation_checkpoint_1.bin
1059,818,accepted,1,9.92201e-07,5.72089e-09,2.79303e-09,2.79303e-09,3.60086e-09,3.60086e-09,0.476935,0.0290362,0.446184,0.0115896,0.034008,0.0114186,0.0225893,,best_validation_checkpoint_0.bin
1060,819,accepted,1,4.14591e-06,2.86044e-09,2.78611e-09,2.78611e-09,3.59083e-09,3.59083e-09,0.517107,0.032411,0.482809,0.0108023,0.0342286,0.0114231,0.0228053,,best_validation_checkpoint_1.bin
1061,819,rejected,1,1.68456e-05,2.86044e-08,2.78611e-09,2.78611e-09,3.59083e-09,3.59083e-09,0.574156,0.0382718,0.534175,0.0110484,0.011495,0.0114948,0,,
1062,820,accepted,0,1.68456e-05,1.43022e-08,2.77728e-09,2.77728e-09,3.58573e-09,3.58573e-09,0,0,0,0.0105821,0.0339462,0.0114024,0.0225437,,best_validation_checkpoint_0.bin
1063,821,accepted,1,6.23697e-07,7.15111e-09,2.77234e-09,2.77234e-09,3.58025e-09,3.58025e-09,0.50392,0.030069,0.472229,0.0100821,0.0348707,0.0122472,0.0226235,,best_validation_checkpoint_1.bin
1064,822,accepted,1,2.57952e-06,3.57556e-09,2.76461e-09,2.76461e-09,3.57049e-09,3.57049e-09,0.489208,0.0288775,0.458689,0.0110553,0.0341344,0.0113836,0.0227508,,best_validation_checkpoint_0.bin
1065,822,rejected,1,1.04942e-05,3.57556e-08,2.76461e-09,2.76461e-09,3.57049e-09,3.57049e-09,0.498851,0.0291426,0.467993,0.0101719,0.0113923,0.011392,0,,
1066,823,accepted,0,1.04942e-05,1.78778e-08,2.76011e-09,2.76011e-09,3.56838e-09,3.56838e-09,0,0,0,0.0112103,0.0341011,0.0115108,0.0225902,,best_validation_checkpoint_1.bin
1067,824,accepted,1,3.95092e-07,8.93889e-09,2.75616e-09,2.75616e-09,3.56408e-09,3.56408e-09,0.487616,0.0288114,0.457111,0.0125971,0.0339146,0.0114063,0.0225083,,best_validation_checkpoint_0.bin
1068,825,accepted,1,1.61852e-06,4.46944e-09,2.74915e-09,2.74915e-09,3.55574e-09,3.55574e-09,0.465177,0.0289632,0.434583,0.0106017,0.0342196,0.0114968,0.0227227,,best_validation_checkpoint_1.bin
1069,826,accepted,1,6.57752e-06,2.23472e-09,2.74789e-09,2.74789e-09,3.54968e-09,3.54968e-09,0.480737,0.0293416,0.449702,0.0110296,0.0339149,0.011369,0.0225459,,best_validation_checkpoint_0.bin
1070,826,rejected,1,2.63816e-05,2.23472e-08,2.74789e-09,2.74789e-09,3.54968e-09,3.54968e-09,0.492173,0.0282971,0.462186,0.0103974,0.0113779,0.0113777,0,,
1071,827,accepted,0,2.63816e-05,1.11736e-08,2.72949e-09,2.72949e-09,3.53714e-09,3.53714e-09,0,0,0,0.0114379,0.0340807,0.0114648,0.0226158,,best_validation_checkpoint_1.bin
1072,828,accepted,1,9.48313e-07,5.58681e-09,2.72365e-09,2.72365e-09,3.53049e-09,3.53049e-09,0.485243,0.029082,0.4546,0.0116545,0.0341609,0.0114138,0.022747,,best_validation_checkpoint_0.bin
1073,829,accepted,1,3.9674e-06,2.7934e-09,2.71707e-09,2.71707e-09,3.52081e-09,3.52081e-09,0.485948,0.0315408,0.452712,0.0110012,0.0342383,0.0115558,0.0226825,,best_validation_checkpoint_1.bin
1074,829,rejected,1,1.61893e-05,2.7934e-08,2.71707e-09,2.71707e-09,3.52081e-09,3.52081e-09,0.47476,0.0293771,0.443669,0.0134077,0.0115525,0.0115525,0,,
1075,830,accepted,0,1.61893e-05,1.3967e-08,2.70863e-09,2.70863e-09,3.51614e-09,3.51614e-09,0,0,0,0.0118839,0.0334957,0.0115292,0.0219665,,best_validation_checkpoint_0.bin
1076,831,accepted,1,5.96108e-07,6.98351e-09,2.70391e-09,2.70391e-09,3.51089e-09,3.51089e-09,0.498396,0.0285114,0.468168,0.0108426,0.0334746,0.0114358,0.0220387,,best_validation_checkpoint_1.bin
1077,832,accepted,1,2.46678e-06,3.49175e-09,2.69654e-09,2.69654e-09,3.5015e-09,3.5015e-09,0.485321,0.0294033,0.454306,0.0106224,0.0343042,0.0113878,0.0229163,,best_validation_checkpoint_0.bin
1078,832,rejected,1,1.00775e-05,3.49175e-08,2.69654e-09,2.69654e-09,3.5015e-09,3.5015e-09,0.483757,0.0306127,0.451319,0.0110094,0.0115808,0.0115805,0,,
1079,833,accepted,0,1.00775e-05,1.74588e-08,2.69222e-09,2.69222e-09,3.4996e-09,3.4996e-09,0,0,0,0.0111485,0.0341079,0.0114317,0.0226761,,best_validation_checkpoint_1.bin
1080,834,accepted,1,3.78001e-07,8.72938e-09,2.68845e-09,2.68845e-09,3.49548e-09,3.49548e-09,0.535863,0.0285523,0.505582,0.0111027,0.034331,0.0113736,0.0229574,,best_validation_checkpoint_0.bin
1081,835,accepted,1,1.54811e-06,4.36469e-09,2.68175e-09,2.68175e-09,3.48746e-09,3.48746e-09,0.514505,0.0285197,0.484258,0.0115806,0.033822,0.0113098,0.0225121,,best_validation_checkpoint_1.bin
1082,836,accepted,1,6.31517e-06,2.18235e-09,2.6806e-09,2.6806e-09,3.48152e-09,3.48152e-09,0.501532,0.0289811,0.470927,0.0108662,0.0346747,0.012075,0.0225996,,best_validation_checkpoint_0.bin
1083,836,rejected,1,2.53668e-05,2.18235e-08,2.6806e-09,2.6806e-09,3.48152e-09,3.48152e-09,0.495012,0.0286724,0.464673,0.0107254,0.011374,0.0113739,0,,
1084,837,accepted,0,2.53668e-05,1.09117e-08,2.66294e-09,2.66294e-09,3.46977e-09,3.46977e-09,0,0,0,0.0103166,0.0340387,0.0113895,0.0226492,,best_validation_checkpoint_1.bin
1085,838,accepted,1,9.04337e-07,5.45587e-09,2.65735e-09,2.65735e-09,3.46337e-09,3.46337e-09,0.496334,0.030707,0.464027,0.0095304,0.03393,0.0113596,0.0225703,,best_validation_checkpoint_0.bin
1086,839,accepted,1,3.79554e-06,2.72793e-09,2.65107e-09,2.65107e-09,3.45399e-09,3.45399e-09,0.489513,0.0286552,0.459191,0.010525,0.0345368,0.0115198,0.0230168,,best_validation_checkpoint_1.bin
1087,839,rejected,1,1.55511e-05,2.72793e-08,2.65107e-09,2.65107e-09,3.45399e-09,3.45399e-09,0.492198,0.0285049,0.462006,0.0107816,0.011378,0.0113779,0,,
1088,840,accepted,0,1.55511e-05,1.36397e-08,2.64296e-09,2.64296e-09,3.44967e-09,3.44967e-09,0,0,0,0.0109308,0.0345859,0.011378,0.0232079,,best_validation_checkpoint_0.bin
1089,841,accepted,1,5.69451e-07,6.81983e-09,2.63844e-09,2.63844e-09,3.44462e-09,3.44462e-09,0.507694,0.0306378,0.475366,0.0096366,0.0329195,0.0105415,0.0223779,,best_validation_checkpoint_1.bin
1090,842,accepted,1,2.36194e-06,3.40992e-09,2.63138e-09,2.63138e-09,3.43554e-09,3.43554e-09,0.502467,0.0288251,0.471941,0.0100251,0.0339408,0.0113133,0.0226274,,best_validation_checkpoint_0.bin
1091,842,rejected,1,9.68795e-06,3.40992e-08,2.63138e-09,2.63138e-09,3.43554e-09,3.43554e-09,0.490041,0.028424,0.459975,0.0108527,0.011444,0.011444,0,,
1092,843,accepted,0,9.68795e-06,1.70496e-08,2.62724e-09,2.62724e-09,3.43383e-09,3.43383e-09,0,0,0,0.011044,0.0342065,0.0113338,0.0228727,,best_validation_checkpoint_1.bin
1093,844,accepted,1,3.62012e-07,8.52479e-09,2.62362e-09,2.62362e-09,3.42986e-09,3.42986e-09,0.47961,0.0304209,0.447513,0.0106921,0.0342764,0.0115566,0.0227198,,best_validation_checkpoint_0.bin
1094,845,accepted,1,1.48464e-06,4.26239e-09,2.6172e-09,2.6172e-09,3.42212e-09,3.42212e-09,0.501651,0.0285142,0.471463,0.0114787,0.033834,0.0114157,0.0224182,,best_validation_checkpoint_1.bin
1095,846,accepted,1,6.07854e-06,2.1312e-09,2.61616e-09,2.61616e-09,3.41628e-09,3.41628e-09,0.502583,0.0296098,0.471178,0.0113586,0.0342387,0.0113646,0.022874,,best_validation_checkpoint_0.bin
1096,846,rejected,1,2.44397e-05,2.1312e-08,2.61616e-09,2.61616e-09,3.41628e-09,3.41628e-09,0.50531,0.0290369,0.474609,0.0112848,0.0113819,0.0113817,0,,
1097,847,accepted,0,2.44397e-05,1.0656e-08,2.59913e-09,2.59913e-09,3.40519e-09,3.40519e-09,0,0,0,0.0110017,0.0342502,0.0115306,0.0227196,,best_validation_checkpoint_1.bin
1098,848,accepted,1,8.65279e-07,5.32799e-09,2.59377e-09,2.59377e-09,3.399e-09,3.399e-09,0.511307,0.0304283,0.479194,0.0118258,0.0341831,0.0115104,0.0226727,,best_validation_checkpoint_0.bin
1099,849,accepted,1,3.65087e-06,2.664e-09,2.58776e-09,2.58776e-09,3.38989e-09,3.38989e-09,0.51985,0.0302977,0.487758,0.0104224,0.0343244,0.0117818,0.0225424,,best_validation_checkpoint_1.bin
1100,849,rejected,1,1.501e-05,2.664e-08,2.58776e-09,2.58776e-09,3.38989e-09,3.38989e-09,0.488276,0.0306447,0.455996,0.011033,0.0113421,0.0113419,0,,
1101,850,accepted,0,1.501e-05,1.332e-08,2.57994e-09,2.57994e-09,3.38586e-09,3.38586e-09,0,0,0,0.0116551,0.0340327,0.0113823,0.0226502,,best_validation_checkpoint_0.bin
1102,851,accepted,1,5.47202e-07,6.65999e-09,2.57559e-09,2.57559e-09,3.38098e-09,3.38098e-09,0.499445,0.0307713,0.466998,0.0105244,0.0341355,0.0113836,0.0227518,,best_validation_checkpoint_1.bin
1103,852,accepted,1,2.27929e-06,3.33e-09,2.56882e-09,2.56882e-09,3.37217e-09,3.37217e-09,0.518232,0.0324712,0.483127,0.0106401,0.0341687,0.0114988,0.0226698,,best_validation_checkpoint_0.bin
1104,852,rejected,1,9.38006e-06,3.33e-08,2.56882e-09,2.56882e-09,3.37217e-09,3.37217e-09,0.514208,0.0296662,0.482765,0.0113948,0.0115254,0.0115254,0,,
1105,853,accepted,0,9.38006e-06,1.665e-08,2.56481e-09,2.56481e-09,3.37059e-09,3.37059e-09,0,0,0,0.0112642,0.0339221,0.0114055,0.0225165,,best_validation_checkpoint_1.bin
1106,854,accepted,1,3.49399e-07,8.32499e-09,2.56133e-09,2.56133e-09,3.36676e-09,3.36676e-09,0.493403,0.0314863,0.459933,0.0118449,0.0350091,0.0116706,0.0233383,,best_validation_checkpoint_0.bin
1107,855,accepted,1,1.43754e-06,4.16249e-09,2.55516e-09,2.55516e-09,3.35926e-09,3.35926e-09,0.511661,0.0307917,0.479186,0.0107275,0.0340748,0.011352,0.0227228,,best_validation_checkpoint_1.bin
1108,856,accepted,1,5.90371e-06,2.08125e-09,2.55429e-09,2.55429e-09,3.3536e-09,3.3536e-09,0.510302,0.0289846,0.479663,0.0112933,0.0342389,0.0114178,0.0228209,,best_validation_checkpoint_0.bin
1109,856,rejected,1,2.37378e-05,2.08125e-08,2.55429e-09,2.55429e-09,3.3536e-09,3.3536e-09,0.460878,0.0285684,0.430687,0.011115,0.0115657,0.0115654,0,,
1110,857,accepted,0,2.37378e-05,1.04062e-08,2.53775e-09,2.53775e-09,3.34296e-09,3.34296e-09,0,0,0,0.0125579,0.0341165,0.0115307,0.0225857,,best_validation_checkpoint_1.bin
1111,858,accepted,1,8.36982e-07,5.20312e-09,2.53258e-09,2.53258e-09,3.33696e-09,3.33696e-09,0.491409,0.0310035,0.458706,0.0098522,0.0331004,0.0104808,0.0226195,,best_validation_checkpoint_0.bin
1112,859,accepted,1,3.55687e-06,2.60156e-09,2.52686e-09,2.52686e-09,3.32813e-09,3.32813e-09,0.518587,0.028452,0.488502,0.0108556,0.0343903,0.0115163,0.0228738,,best_validation_checkpoint_1.bin
1113,859,rejected,1,1.46538e-05,2.60156e-08,2.52686e-09,2.52686e-09,3.32813e-09,3.32813e-09,0.483228,0.0286648,0.452872,0.0110138,0.011575,0.0115749,0,,
1114,860,accepted,0,1.46538e-05,1.30078e-08,2.51925e-09,2.51925e-09,3.32427e-09,3.32427e-09,0,0,0,0.0099436,0.0335965,0.0114415,0.0221549,,best_validation_checkpoint_0.bin
1115,861,accepted,1,5.32848e-07,6.5039e-09,2.51505e-09,2.51505e-09,3.31954e-09,3.31954e-09,0.48049,0.0301751,0.448677,0.0111091,0.0340111,0.0113358,0.0226753,,best_validation_checkpoint_1.bin
1116,862,accepted,1,2.23302e-06,3.25195e-09,2.50855e-09,2.50855e-09,3.311e-09,3.311e-09,0.470276,0.0300041,0.438627,0.0105949,0.0339629,0.0113373,0.0226255,,best_validation_checkpoint_0.bin
1117,862,rejected,1,9.20691e-06,3.25195e-08,2.50855e-09,2.50855e-09,3.311e-09,3.311e-09,0.487489,0.0294074,0.456421,0.0109607,0.0114095,0.0114091,0,,
1118,863,accepted,0,9.20691e-06,1.62597e-08,2.50466e-09,2.50466e-09,3.30949e-09,3.30949e-09,0,0,0,0.0115225,0.0342287,0.0115614,0.0226672,,best_validation_checkpoint_1.bin
1119,864,accepted,1,3.42185e-07,8.12987e-09,2.5013e-09,2.5013e-09,3.30578e-09,3.30578e-09,0.498277,0.0335231,0.463066,0.0102544,0.0341135,0.0113639,0.0227496,,best_validation_checkpoint_0.bin
1120,865,accepted,1,1.41512e-06,4.06494e-09,2.49535e-09,2.49535e-09,3.2985e-09,3.2985e-09,0.48159,0.0284932,0.451379,0.0100986,0.0345742,0.012364,0.0222101,,best_validation_checkpoint_1.bin
1121,866,accepted,1,5.82194e-06,2.03247e-09,2.49471e-09,2.49471e-09,3.29312e-09,3.29312e-09,0.493496,0.0289103,0.462936,0.010287,0.0340361,0.0115045,0.0225316,,best_validation_checkpoint_0.bin
1122,866,rejected,1,2.33792e-05,2.03247e-08,2.49471e-09,2.49471e-09,3.29312e-09,3.29312e-09,0.518351,0.0287562,0.487866,0.012055,0.0114912,0.0114911,0,,
1123,867,accepted,0,2.33792e-05,1.01623e-08,2.47853e-09,2.47853e-09,3.2827e-09,3.2827e-09,0,0,0,0.0107109,0.0344897,0.0117206,0.0227689,,best_validation_checkpoint_1.bin
1124,868,accepted,1,8.23732e-07,5.08117e-09,2.47354e-09,2.47354e-09,3.27688e-09,3.27688e-09,0.500863,0.0287886,0.470364,0.0108414,0.0340636,0.0113468,0.0227166,,best_validation_checkpoint_0.bin
1125,869,accepted,1,3.52998e-06,2.54059e-09,2.46809e-09,2.46809e-09,3.26837e-09,3.26837e-09,0.526024,0.0295859,0.494808,0.0114717,0.0338319,0.0113362,0.0224956,,best_validation_checkpoint_1.bin
1126,869,rejected,1,1.45428e-05,2.54059e-08,2.46809e-09,2.46809e-09,3.26837e-09,3.26837e-09,0.48362,0.028408,0.453394,0.0113629,0.0113415,0.0113415,0,,
1127,870,accepted,0,1.45428e-05,1.27029e-08,2.46064e-09,2.46064e-09,3.26456e-09,3.26456e-09,0,0,0,0.0112611,0.0341111,0.0114093,0.0227016,,best_validation_checkpoint_0.bin
1128,871,accepted,1,5.28395e-07,6.35146e-09,2.45658e-09,2.45658e-09,3.25996e-09,3.25996e-09,0.475106,0.0342105,0.439203,0.0105849,0.0340655,0.011363,0.0227024,,best_validation_checkpoint_1.bin
1129,872,accepted,1,2.23085e-06,3.17573e-09,2.45033e-09,2.45033e-09,3.25169e-09,3.25169e-09,0.49495,0.0288505,0.464434,0.0116318,0.0349428,0.0113735,0.0235692,,best_validation_checkpoint_0.bin
1130,872,rejected,1,9.19691e-06,3.17573e-08,2.45033e-09,2.45033e-09,3.25169e-09,3.25169e-09,0.488247,0.0289476,0.457621,0.0113326,0.0114282,0.0114279,0,,
1131,873,accepted,0,9.19691e-06,1.58787e-08,2.44652e-09,2.44652e-09,3.25019e-09,3.25019e-09,0,0,0,0.0113737,0.034321,0.0113698,0.0229511,,best_validation_checkpoint_1.bin
1132,874,accepted,1,3.41241e-07,7.93933e-09,2.44327e-09,2.44327e-09,3.24658e-09,3.24658e-09,0.489412,0.029794,0.45794,0.0103437,0.0343044,0.0114937,0.0228106,,best_validation_checkpoint_0.bin
1133,875,accepted,1,1.42079e-06,3.96966e-09,2.43753e-09,2.43753e-09,3.23951e-09,3.23951e-09,0.503447,0.0290654,0.47273,0.0107701,0.0343105,0.011447,0.0228634,,best_validation_checkpoint_1.bin
1134,876,accepted,1,5.8455e-06,1.98483e-09,2.43715e-09,2.43715e-09,3.2345e-09,3.2345e-09,0.489224,0.0298577,0.457634,0.0118659,0.0350104,0.0115861,0.0234241,,best_validation_checkpoint_0.bin
1135,876,rejected,1,2.34105e-05,1.98483e-08,2.43715e-09,2.43715e-09,3.2345e-09,3.2345e-09,0.511864,0.0311939,0.478859,0.0116603,0.0115278,0.0115277,0,,
1136,877,accepted,0,2.34105e-05,9.92416e-09,2.42122e-09,2.42122e-09,3.22411e-09,3.22411e-09,0,0,0,0.0106756,0.0340154,0.0113879,0.0226274,,best_validation_checkpoint_1.bin
1137,878,accepted,1,8.26167e-07,4.96208e-09,2.41639e-09,2.41639e-09,3.21845e-09,3.21845e-09,0.475592,0.0284743,0.445443,0.0110263,0.0339145,0.0113958,0.0225187,,best_validation_checkpoint_0.bin
1138,879,accepted,1,3.57137e-06,2.48104e-09,2.41122e-09,2.41122e-09,3.21027e-09,3.21027e-09,0.502512,0.0316431,0.469165,0.010706,0.0335166,0.0113635,0.022153,,best_validation_checkpoint_1.bin
1139,879,rejected,1,1.46808e-05,2.48104e-08,2.41122e-09,2.41122e-09,3.21027e-09,3.21027e-09,0.510919,0.0285229,0.480899,0.0096978,0.0113524,0.0113522,0,,
1140,880,accepted,0,1.46808e-05,1.24052e-08,2.40388e-09,2.40388e-09,3.20641e-09,3.20641e-09,0,0,0,0.0108769,0.0343449,0.0115223,0.0228225,,best_validation_checkpoint_0.bin
1141,881,accepted,1,5.33307e-07,6.2026e-09,2.39995e-09,2.39995e-09,3.20193e-09,3.20193e-09,0.509216,0.0292555,0.478416,0.0103079,0.0341677,0.0113398,0.0228278,,best_validation_checkpoint_1.bin
1142,882,accepted,1,2.26991e-06,3.1013e-09,2.39393e-09,2.39393e-09,3.19393e-09,3.19393e-09,0.498123,0.0285318,0.467992,0.0117364,0.034082,0.0114988,0.0225831,,best_validation_checkpoint_0.bin
1143,882,rejected,1,9.33873e-06,3.1013e-08,2.39393e-09,2.39393e-09,3.19393e-09,3.19393e-09,0.494802,0.0284231,0.464641,0.0110716,0.0114213,0.0114213,0,,
1144,883,accepted,0,9.33873e-06,1.55065e-08,2.39019e-09,2.39019e-09,3.19237e-09,3.19237e-09,0,0,0,0.0122158,0.0348787,0.011958,0.0229206,,best_validation_checkpoint_1.bin
1145,884,accepted,1,3.45788e-07,7.75325e-09,2.38703e-09,2.38703e-09,3.18885e-09,3.18885e-09,0.48336,0.0297609,0.451856,0.0106671,0.034165,0.0114243,0.0227406,,best_validation_checkpoint_0.bin
1146,885,accepted,1,1.45097e-06,3.87663e-09,2.38148e-09,2.38148e-09,3.18199e-09,3.18199e-09,0.484292,0.0292063,0.453331,0.0095052,0.0342781,0.0113528,0.0229253,,best_validation_checkpoint_1.bin
1147,886,accepted,1,5.96041e-06,1.93831e-09,2.38134e-09,2.38134e-09,3.1774e-09,3.1774e-09,0.490518,0.0292703,0.459608,0.0104672,0.0342201,0.0114486,0.0227714,,best_validation_checkpoint_0.bin
1148,886,rejected,1,2.3779e-05,1.93831e-08,2.38134e-09,2.38134e-09,3.1774e-09,3.1774e-09,0.51411,0.0291074,0.483393,0.0113107,0.0114748,0.0114745,0,,
1149,887,accepted,0,2.3779e-05,9.69156e-09,2.36563e-09,2.36563e-09,3.16688e-09,3.16688e-09,0,0,0,0.0110106,0.0340346,0.0113272,0.0227073,,best_validation_checkpoint_1.bin
1150,888,accepted,1,8.40648e-07,4.84578e-09,2.36094e-09,2.36094e-09,3.16137e-09,3.16137e-09,0.486139,0.0331333,0.451306,0.0110441,0.0344778,0.0115447,0.0229331,,best_validation_checkpoint_0.bin
1151,889,accepted,1,3.6651e-06,2.42289e-09,2.35601e-09,2.35601e-09,3.15354e-09,3.15354e-09,0.499063,0.0299322,0.467524,0.0111454,0.0339325,0.0113603,0.0225722,,best_validation_checkpoint_1.bin
1152,889,rejected,1,1.5008e-05,2.42289e-08,2.35601e-09,2.35601e-09,3.15354e-09,3.15354e-09,0.479468,0.0283872,0.449465,0.0107666,0.0114923,0.0114921,0,,
1153,890,accepted,0,1.5008e-05,1.21145e-08,2.34878e-09,2.34878e-09,3.14954e-09,3.14954e-09,0,0,0,0.0117963,0.0348329,0.0114445,0.0233883,,best_validation_checkpoint_0.bin
1154,891,accepted,1,5.44526e-07,6.05723e-09,2.34497e-09,2.34497e-09,3.14518e-09,3.14518e-09,0.496209,0.0283169,0.466145,0.0105412,0.0340539,0.0114587,0.0225951,,best_validation_checkpoint_1.bin
1155,892,accepted,1,2.33715e-06,3.02861e-09,2.33915e-09,2.33915e-09,3.13745e-09,3.13745e-09,0.482499,0.0283076,0.452589,0.0106763,0.0342701,0.0113776,0.0228925,,best_validation_checkpoint_0.bin
1156,892,rejected,1,9.58298e-06,3.02861e-08,2.33915e-09,2.33915e-09,3.13745e-09,3.13745e-09,0.509515,0.0287175,0.479148,0.0099709,0.0113553,0.011355,0,,
1157,893,accepted,0,9.58298e-06,1.51431e-08,2.33548e-09,2.33548e-09,3.13578e-09,3.13578e-09,0,0,0,0.0098754,0.0340301,0.0113649,0.0226652,,best_validation_checkpoint_1.bin
1158,894,accepted,1,3.53589e-07,7.57153e-09,2.33241e-09,2.33241e-09,3.13234e-09,3.13234e-09,0.468868,0.0303389,0.436836,0.0109009,0.0339992,0.0114593,0.0225399,,best_validation_checkpoint_0.bin
1159,895,accepted,1,1.49615e-06,3.78577e-09,2.32703e-09,2.32703e-09,3.12568e-09,3.12568e-09,0.499048,0.0300987,0.467243,0.0108645,0.0341712,0.0113666,0.0228044,,best_validation_checkpoint_1.bin
1160,895,rejected,1,6.13021e-06,3.78577e-08,2.32703e-09,2.32703e-09,3.12568e-09,3.12568e-09,0.502085,0.0282469,0.471933,0.0102372,0.0113935,0.0113935,0,,
1161,896,accepted,0,6.13021e-06,1.89288e-08,2.32493e-09,2.32493e-09,3.12484e-09,3.12484e-09,0,0,0,0.0114718,0.0339592,0.0114004,0.0225586,,best_validation_checkpoint_0.bin
1162,897,accepted,1,2.29257e-07,9.46442e-09,2.32248e-09,2.32248e-09,3.12213e-09,3.12213e-09,0.496533,0.0292397,0.46564,0.0110118,0.0341414,0.0114328,0.0227085,,best_validation_checkpoint_1.bin
1163,898,accepted,1,9.58786e-07,4.73221e-09,2.3179e-09,2.3179e-09,3.11668e-09,3.11668e-09,0.500872,0.0287017,0.470543,0.0102271,0.033946,0.0113507,0.0225952,,best_validation_checkpoint_0.bin
1164,899,accepted,1,3.92259e-06,2.3661e-09,2.31321e-09,2.31321e-09,3.10918e-09,3.10918e-09,0.49141,0.0285517,0.461142,0.0113531,0.0340811,0.0114664,0.0226147,,best_validation_checkpoint_1.bin
1165,899,rejected,1,1.56655e-05,2.3661e-08,2.31321e-09,2.31321e-09,3.10918e-09,3.10918e-09,0.490072,0.0290758,0.459355,0.0108611,0.0114303,0.01143,0,,
1166,900,accepted,0,1.56655e-05,1.18305e-08,2.30592e-09,2.30592e-09,3.10489e-09,3.10489e-09,0,0,0,0.011157,0.0344033,0.0113936,0.0230096,,best_validation_checkpoint_0.bin
1167,901,accepted,1,5.62963e-07,5.91526e-09,2.30217e-09,2.30217e-09,3.10059e-09,3.10059e-09,0.497589,0.0288238,0.467125,0.0110121,0.0343505,0.0118212,0.0225293,,best_validation_checkpoint_1.bin
1168,902,accepted,1,2.43193e-06,2.95763e-09,2.29651e-09,2.29651e-09,3.09306e-09,3.09306e-09,0.486457,0.0285753,0.456142,0.0106927,0.0338963,0.011412,0.0224842,,best_validation_checkpoint_0.bin
1169,902,rejected,1,9.92652e-06,2.95763e-08,2.29651e-09,2.29651e-09,3.09306e-09,3.09306e-09,0.48364,0.0286909,0.453361,0.0095112,0.0114549,0.0114548,0,,
1170,903,accepted,0,9.92652e-06,1.47882e-08,2.29284e-09,2.29284e-09,3.09124e-09,3.09124e-09,0,0,0,0.0101593,0.0339002,0.0113325,0.0225676,,best_validation_checkpoint_1.bin
1171,904,accepted,1,3.63929e-07,7.39408e-09,2.28982e-09,2.28982e-09,3.08785e-09,3.08785e-09,0.505544,0.029278,0.474533,0.0109238,0.0345055,0.0118121,0.0226934,,best_validation_checkpoint_0.bin
1172,905,accepted,1,1.55176e-06,3.69704e-09,2.28455e-09,2.28455e-09,3.08132e-09,3.08132e-09,0.502211,0.029003,0.471581,0.0105249,0.0344711,0.0115929,0.0228781,,best_validation_checkpoint_1.bin
1173,905,rejected,1,6.3415e-06,3.69704e-08,2.28455e-09,2.28455e-09,3.08132e-09,3.08132e-09,0.505561,0.0288965,0.474892,0.0117762,0.0114928,0.0114926,0,,
1174,906,accepted,0,6.3415e-06,1.84852e-08,2.28247e-09,2.28247e-09,3.08039e-09,3.08039e-09,0,0,0,0.0112806,0.0340216,0.0114418,0.0225798,,best_validation_checkpoint_0.bin
1175,907,accepted,1,2.35612e-07,9.2426e-09,2.28006e-09,2.28006e-09,3.07772e-09,3.07772e-09,0.483868,0.0288591,0.453384,0.0106582,0.0355258,0.01143,0.0240957,,best_validation_checkpoint_1.bin
1176,908,accepted,1,9.92736e-07,4.6213e-09,2.27556e-09,2.27556e-09,3.07236e-09,3.07236e-09,0.498319,0.02848,0.46814,0.0103932,0.0346325,0.0118571,0.0227754,,best_validation_checkpoint_0.bin
1177,909,accepted,1,4.05475e-06,2.31065e-09,2.27103e-09,2.27103e-09,3.06514e-09,3.06514e-09,0.521463,0.0294618,0.490234,0.0102717,0.0344352,0.0116468,0.0227884,,best_validation_checkpoint_1.bin
1178,909,rejected,1,1.61335e-05,2.31065e-08,2.27103e-09,2.27103e-09,3.06514e-09,3.06514e-09,0.505953,0.0293567,0.474963,0.0109944,0.0113836,0.0113835,0,,
1179,910,accepted,0,1.61335e-05,1.15532e-08,2.26377e-09,2.26377e-09,3.0606e-09,3.0606e-09,0,0,0,0.010178,0.0339457,0.0113329,0.0226128,,best_validation_checkpoint_0.bin
1180,911,accepted,1,5.76633e-07,5.77662e-09,2.26009e-09,2.26009e-09,3.05636e-09,3.05636e-09,0.499332,0.0287668,0.468722,0.0129724,0.0342534,0.0115729,0.0226804,,best_validation_checkpoint_1.bin
1181,912,accepted,1,2.51141e-06,2.88831e-09,2.25454e-09,2.25454e-09,3.04902e-09,3.04902e-09,0.485643,0.0287,0.455333,0.0119554,0.0340942,0.0113331,0.022761,,best_validation_checkpoint_0.bin
1182,912,rejected,1,1.02196e-05,2.88831e-08,2.25454e-09,2.25454e-09,3.04902e-09,3.04902e-09,0.495436,0.0293037,0.464424,0.0105392,0.0114149,0.0114148,0,,
1183,913,accepted,0,1.02196e-05,1.44416e-08,2.2509e-09,2.2509e-09,3.04704e-09,3.04704e-09,0,0,0,0.0102351,0.034082,0.0113611,0.0227208,,best_validation_checkpoint_1.bin
1184,914,accepted,1,3.72184e-07,7.22078e-09,2.24793e-09,2.24793e-09,3.0437e-09,3.0437e-09,0.492254,0.0303195,0.460276,0.0114392,0.0343281,0.0113965,0.0229315,,best_validation_checkpoint_0.bin
1185,915,accepted,1,1.59973e-06,3.61039e-09,2.24275e-09,2.24275e-09,3.0373e-09,3.0373e-09,0.506301,0.0289872,0.475617,0.0105751,0.0343557,0.0113924,0.0229632,,best_validation_checkpoint_1.bin
1186,915,rejected,1,6.5224e-06,3.61039e-08,2.24275e-09,2.24275e-09,3.0373e-09,3.0373e-09,0.50937,0.0292837,0.478365,0.0108747,0.0114082,0.0114082,0,,
1187,916,accepted,0,6.5224e-06,1.80519e-08,2.2407e-09,2.2407e-09,3.03626e-09,3.03626e-09,0,0,0,0.0105585,0.034163,0.0115339,0.0226291,,best_validation_checkpoint_0.bin
1188,917,accepted,1,2.40569e-07,9.02597e-09,2.23833e-09,2.23833e-09,3.03362e-09,3.03362e-09,0.490211,0.0296241,0.458933,0.0100238,0.0340499,0.0113933,0.0226564,,best_validation_checkpoint_1.bin
1189,918,accepted,1,1.02154e-06,4.51299e-09,2.2339e-09,2.2339e-09,3.02834e-09,3.02834e-09,0.486564,0.0283773,0.456504,0.0114378,0.0342637,0.0114537,0.02281,,best_validation_checkpoint_0.bin
1190,919,accepted,1,4.16597e-06,2.25649e-09,2.22947e-09,2.22947e-09,3.02137e-09,3.02137e-09,0.497403,0.0289032,0.466817,0.0099972,0.0341249,0.0113838,0.0227411,,best_validation_checkpoint_1.bin
1191,919,rejected,1,1.65193e-05,2.25649e-08,2.22947e-09,2.22947e-09,3.02137e-09,3.02137e-09,0.478107,0.0284733,0.448013,0.0104207,0.0114701,0.0114701,0,,
1192,920,accepted,0,1.65193e-05,1.12825e-08,2.2223e-09,2.2223e-09,3.01659e-09,3.01659e-09,0,0,0,0.0101613,0.0340912,0.0114703,0.0226208,,best_validation_checkpoint_0.bin
1193,921,accepted,1,5.86243e-07,5.64123e-09,2.21867e-09,2.21867e-09,3.01242e-09,3.01242e-09,0.482437,0.029177,0.451654,0.0095922,0.0342363,0.0115396,0.0226967,,best_validation_checkpoint_1.bin
1194,922,accepted,1,2.57547e-06,2.82062e-09,2.21322e-09,2.21322e-09,3.00525e-09,3.00525e-09,0.517211,0.0285669,0.486955,0.0119052,0.0340402,0.011375,0.0226651,,best_validation_checkpoint_0.bin
1195,922,rejected,1,1.045e-05,2.82062e-08,2.21322e-09,2.21322e-09,3.00525e-09,3.00525e-09,0.497052,0.0287855,0.466711,0.010631,0.0115855,0.0115854,0,,
1196,923,accepted,0,1.045e-05,1.41031e-08,2.20964e-09,2.20964e-09,3.00311e-09,3.00311e-09,0,0,0,0.0112955,0.0341213,0.0113939,0.0227274,,best_validation_checkpoint_1.bin
1197,924,accepted,1,3.77477e-07,7.05154e-09,2.20672e-09,2.20672e-09,2.99981e-09,2.99981e-09,0.486162,0.0290399,0.455435,0.0108087,0.0340965,0.0113494,0.0227471,,best_validation_checkpoint_0.bin
1198,925,accepted,1,1.63635e-06,3.52577e-09,2.20162e-09,2.20162e-09,2.99352e-09,2.99352e-09,0.496447,0.028718,0.466041,0.0105886,0.0340408,0.0113639,0.0226768,,best_validation_checkpoint_1.bin
1199,925,rejected,1,6.65725e-06,3.52577e-08,2.20162e-09,2.20162e-09,2.99352e-09,2.99352e-09,0.510835,0.0289783,0.480045,0.0105095,0.0114916,0.0114915,0,,
1200,926,accepted,0,6.65725e-06,1.76289e-08,2.1996e-09,2.1996e-09,2.99238e-09,2.99238e-09,0,0,0,0.0117307,0.0341298,0.0114626,0.0226672,,best_validation_checkpoint_0.bin
1201,927,accepted,1,2.4344e-07,8.81443e-09,2.19727e-09,2.19727e-09,2.98977e-09,2.98977e-09,0.467216,0.0291994,0.436267,0.0108894,0.0341436,0.0114205,0.0227231,,best_validation_checkpoint_1.bin
1202,928,accepted,1,1.0423e-06,4.40721e-09,2.19291e-09,2.19291e-09,2.98458e-09,2.98458e-09,0.519908,0.0289011,0.489391,0.0100287,0.0342814,0.0115037,0.0227776,,best_validation_checkpoint_0.bin
1203,929,accepted,1,4.24465e-06,2.20361e-09,2.1885e-09,2.1885e-09,2.9778e-09,2.9778e-09,0.502737,0.0296246,0.471442,0.0117417,0.0344253,0.0116147,0.0228106,,best_validation_checkpoint_1.bin
1204,929,rejected,1,1.67758e-05,2.20361e-08,2.1885e-09,2.1885e-09,2.9778e-09,2.9778e-09,0.516194,0.02833,0.486154,0.0105428,0.0114208,0.0114206,0,,
1205,930,accepted,0,1.67758e-05,1.1018e-08,2.1815e-09,2.1815e-09,2.97282e-09,2.97282e-09,0,0,0,0.0102954,0.03491,0.0114833,0.0234266,,best_validation_checkpoint_0.bin
1206,931,accepted,1,5.89933e-07,5.50902e-09,2.17793e-09,2.17793e-09,2.96871e-09,2.96871e-09,0.508331,0.0288618,0.477843,0.0113292,0.0341347,0.0114032,0.0227314,,best_validation_checkpoint_1.bin
1207,932,accepted,1,2.616e-06,2.75451e-09,2.17254e-09,2.17254e-09,2.96169e-09,2.96169e-09,0.513856,0.0288605,0.483285,0.0102258,0.0340005,0.0113428,0.0226575,,best_validation_checkpoint_0.bin
1208,932,rejected,1,1.0586e-05,2.75451e-08,2.17254e-09,2.17254e-09,2.96169e-09,2.96169e-09,0.494684,0.0292292,0.463812,0.0108192,0.0114276,0.0114274,0,,
1209,933,accepted,0,1.0586e-05,1.37725e-08,2.16904e-09,2.16904e-09,2.95939e-09,2.95939e-09,0,0,0,0.0118714,0.034349,0.0115751,0.0227737,,best_validation_checkpoint_1.bin
1210,934,accepted,1,3.78625e-07,6.88627e-09,2.16617e-09,2.16617e-09,2.95614e-09,2.95614e-09,0.49725,0.0307892,0.464921,0.0106208,0.0341801,0.0115032,0.0226769,,best_validation_checkpoint_0.bin
1211,935,accepted,1,1.65642e-06,3.44314e-09,2.16114e-09,2.16114e-09,2.94997e-09,2.94997e-09,0.492545,0.0285515,0.462334,0.0106667,0.0342495,0.011418,0.0228315,,best_validation_checkpoint_1.bin
1212,936,accepted,1,6.7258e-06,1.72157e-09,2.16108e-09,2.16108e-09,2.94682e-09,2.94682e-09,0.482072,0.0289982,0.451442,0.0112859,0.0341958,0.0113402,0.0228556,,best_validation_checkpoint_0.bin
1213,936,rejected,1,2.62897e-05,1.72157e-08,2.16108e-09,2.16108e-09,2.94682e-09,2.94682e-09,0.515412,0.0288969,0.484868,0.0100305,0.0113809,0.0113809,0,,
1214,937,accepted,0,2.62897e-05,8.60784e-09,2.14668e-09,2.14668e-09,2.93504e-09,2.93504e-09,0,0,0,0.0119909,0.0343857,0.0114489,0.0229368,,best_validation_checkpoint_1.bin
1215,938,accepted,1,9.0243e-07,4.30392e-09,2.14241e-09,2.14241e-09,2.93003e-09,2.93003e-09,0.49405,0.0290839,0.463291,0.010396,0.0344265,0.011415,0.0230113,,best_validation_checkpoint_0.bin
1216,939,accepted,1,4.10914e-06,2.15196e-09,2.13786e-09,2.13786e-09,2.92337e-09,2.92337e-09,0.505269,0.0288147,0.474873,0.0104406,0.0341656,0.0115088,0.0226566,,best_validation_checkpoint_1.bin
1217,939,rejected,1,1.65049e-05,2.15196e-08,2.13786e-09,2.13786e-09,2.92337e-09,2.92337e-09,0.495023,0.0283512,0.464801,0.0102981,0.0114112,0.0114112,0,,
1218,940,accepted,0,1.65049e-05,1.07598e-08,2.13133e-09,2.13133e-09,2.91835e-09,2.91835e-09,0,0,0,0.0104797,0.0341447,0.0113621,0.0227825,,best_validation_checkpoint_0.bin
1219,941,accepted,1,5.75998e-07,5.3799e-09,2.12786e-09,2.12786e-09,2.91434e-09,2.91434e-09,0.490158,0.0329605,0.455404,0.0099288,0.0343788,0.0115186,0.0228602,,best_validation_checkpoint_1.bin
1220,942,accepted,1,2.58456e-06,2.68995e-09,2.12251e-09,2.12251e-09,2.90752e-09,2.90752e-09,0.487978,0.0308507,0.455312,0.0110884,0.0341196,0.0115566,0.0225629,,best_validation_checkpoint_0.bin
1221,942,rejected,1,1.04375e-05,2.68995e-08,2.12251e-09,2.12251e-09,2.90752e-09,2.90752e-09,0.495616,0.0297737,0.464166,0.0110804,0.011456,0.0114559,0,,
1222,943,accepted,0,1.04375e-05,1.34497e-08,2.11921e-09,2.11921e-09,2.9051e-09,2.9051e-09,0,0,0,0.0117889,0.0342307,0.0115868,0.0226439,,best_validation_checkpoint_1.bin
1223,944,accepted,1,3.68581e-07,6.72487e-09,2.11641e-09,2.11641e-09,2.90192e-09,2.90192e-09,0.512539,0.03357,0.477332,0.0110471,0.0341763,0.0114881,0.0226881,,best_validation_checkpoint_0.bin
1224,945,accepted,1,1.63099e-06,3.36244e-09,2.11148e-09,2.11148e-09,2.89592e-09,2.89592e-09,0.479085,0.0291693,0.448235,0.0112214,0.0342425,0.0114127,0.0228296,,best_validation_checkpoint_1.bin
1225,946,accepted,1,6.61048e-06,1.68122e-09,2.11071e-09,2.11071e-09,2.89252e-09,2.89252e-09,0.504348,0.0288494,0.473771,0.0100757,0.0344842,0.0114931,0.0229911,,best_validation_checkpoint_0.bin
1226,946,rejected,1,2.5741e-05,1.68122e-08,2.11071e-09,2.11071e-09,2.89252e-09,2.89252e-09,0.491688,0.0293009,0.460738,0.0108434,0.0115211,0.011521,0,,
1227,947,accepted,0,2.5741e-05,8.40609e-09,2.09745e-09,2.09745e-09,2.88108e-09,2.88108e-09,0,0,0,0.0107533,0.033995,0.0114366,0.0225584,,best_validation_checkpoint_1.bin
1228,948,accepted,1,8.6979e-07,4.20305e-09,2.09329e-09,2.09329e-09,2.87621e-09,2.87621e-09,0.505113,0.0315393,0.471825,0.0111871,0.0341903,0.0116031,0.0225872,,best_validation_checkpoint_0.bin
1229,949,accepted,1,4.0111e-06,2.10152e-09,2.08856e-09,2.08856e-09,2.86965e-09,2.86965e-09,0.487938,0.0286508,0.457512,0.0112996,0.0344574,0.0116338,0.0228236,,best_validation_checkpoint_1.bin
1230,949,rejected,1,1.60573e-05,2.10152e-08,2.08856e-09,2.08856e-09,2.86965e-09,2.86965e-09,0.511637,0.0322672,0.477624,0.0111102,0.0114002,0.0114002,0,,
1231,950,accepted,0,1.60573e-05,1.05076e-08,2.08253e-09,2.08253e-09,2.86462e-09,2.86462e-09,0,0,0,0.0106084,0.0340046,0.0113816,0.022623,,best_validation_checkpoint_0.bin
1232,951,accepted,1,5.51061e-07,5.25381e-09,2.07914e-09,2.07914e-09,2.86073e-09,2.86073e-09,0.482384,0.0335564,0.447205,0.0105867,0.034103,0.0114121,0.0226907,,best_validation_checkpoint_1.bin
1233,952,accepted,1,2.50478e-06,2.6269e-09,2.07381e-09,2.07381e-09,2.85408e-09,2.85408e-09,0.493926,0.0312346,0.460951,0.0115638,0.03444,0.0116343,0.0228057,,best_validation_checkpoint_0.bin
1234,952,rejected,1,1.00914e-05,2.6269e-08,2.07381e-09,2.07381e-09,2.85408e-09,2.85408e-09,0.520777,0.0307163,0.488331,0.0103943,0.0115211,0.011521,0,,
1235,953,accepted,0,1.00914e-05,1.31345e-08,2.07075e-09,2.07075e-09,2.85156e-09,2.85156e-09,0,0,0,0.0113973,0.0341954,0.0115936,0.0226017,,best_validation_checkpoint_1.bin
1236,954,accepted,1,3.5044e-07,6.56726e-09,2.06803e-09,2.06803e-09,2.84847e-09,2.84847e-09,0.48133,0.0293486,0.450284,0.0105956,0.0341467,0.0114149,0.0227317,,best_validation_checkpoint_0.bin
1237,955,accepted,1,1.57073e-06,3.28363e-09,2.06318e-09,2.06318e-09,2.84265e-09,2.84265e-09,0.5156,0.0285257,0.48537,0.0108536,0.0345448,0.0115069,0.0230378,,best_validation_checkpoint_1.bin
1238,956,accepted,1,6.35733e-06,1.64181e-09,2.06158e-09,2.06158e-09,2.83889e-09,2.83889e-09,0.499014,0.0289923,0.468288,0.0105269,0.0340588,0.011439,0.0226196,,best_validation_checkpoint_0.bin
1239,956,rejected,1,2.46567e-05,1.64181e-08,2.06158e-09,2.06158e-09,2.83889e-09,2.83889e-09,0.493189,0.0325965,0.458904,0.0107282,0.0114347,0.0114344,0,,
1240,957,accepted,0,2.46567e-05,8.20907e-09,2.0496e-09,2.0496e-09,2.82797e-09,2.82797e-09,0,0,0,0.0119442,0.0343878,0.0115309,0.0228568,,best_validation_checkpoint_1.bin
1241,958,accepted,1,8.1682e-07,4.10454e-09,2.04553e-09,2.04553e-09,2.82325e-09,2.82325e-09,0.486356,0.0290379,0.455665,0.0106219,0.0341018,0.0114178,0.0226839,,best_validation_checkpoint_0.bin
1242,959,accepted,1,3.82023e-06,2.05227e-09,2.04059e-09,2.04059e-09,2.81675e-09,2.81675e-09,0.496135,0.0316674,0.462873,0.0108871,0.0343882,0.0116345,0.0227535,,best_validation_checkpoint_1.bin
1243,959,rejected,1,1.5252e-05,2.05227e-08,2.04059e-09,2.04059e-09,2.81675e-09,2.81675e-09,0.484374,0.0297178,0.453,0.0104919,0.011568,0.0115679,0,,
1244,960,accepted,0,1.5252e-05,1.02613e-08,2.03511e-09,2.03511e-09,2.8118e-09,2.8118e-09,0,0,0,0.0107711,0.0344158,0.0117817,0.0226341,,best_validation_checkpoint_0.bin
1245,961,accepted,1,5.13198e-07,5.13067e-09,2.03181e-09,2.03181e-09,2.80802e-09,2.80802e-09,0.526885,0.0300262,0.495165,0.0098501,0.0345291,0.0115613,0.0229676,,best_validation_checkpoint_1.bin
1246,962,accepted,1,2.36575e-06,2.56534e-09,2.02649e-09,2.02649e-09,2.80156e-09,2.80156e-09,0.493113,0.0289958,0.462415,0.0107824,0.0340456,0.0114162,0.0226292,,best_validation_checkpoint_0.bin
1247,962,rejected,1,9.51573e-06,2.56534e-08,2.02649e-09,2.02649e-09,2.80156e-09,2.80156e-09,0.475592,0.0284986,0.445379,0.0103049,0.0113799,0.0113799,0,,
1248,963,accepted,0,9.51573e-06,1.28267e-08,2.02366e-09,2.02366e-09,2.79899e-09,2.79899e-09,0,0,0,0.0097159,0.0339119,0.0113978,0.022514,,best_validation_checkpoint_1.bin
1249,964,accepted,1,3.24221e-07,6.41334e-09,2.02102e-09,2.02102e-09,2.79599e-09,2.79599e-09,0.496964,0.0290429,0.466308,0.0106293,0.0343382,0.0115686,0.0227696,,best_validation_checkpoint_0.bin
1250,965,accepted,1,1.47338e-06,3.20667e-09,2.01625e-09,2.01625e-09,2.79036e-09,2.79036e-09,0.490545,0.0287527,0.460071,0.0114939,0.0342674,0.0114106,0.0228568,,best_validation_checkpoint_1.bin
1251,966,accepted,1,5.95915e-06,1.60333e-09,2.01379e-09,2.01379e-09,2.78622e-09,2.78622e-09,0.492883,0.0292508,0.461948,0.0113014,0.0343055,0.0115099,0.0227956,,best_validation_checkpoint_0.bin
1252,966,rejected,1,2.30248e-05,1.60333e-08,2.01379e-09,2.01379e-09,2.78622e-09,2.78622e-09,0.512283,0.0284272,0.48223,0.010445,0.0115583,0.0115582,0,,
1253,967,accepted,0,2.30248e-05,8.01667e-09,2.00314e-09,2.00314e-09,2.77592e-09,2.77592e-09,0,0,0,0.0105351,0.0342413,0.0114795,0.0227617,,best_validation_checkpoint_1.bin
1254,968,accepted,1,7.46201e-07,4.00834e-09,1.99917e-09,1.99917e-09,2.77136e-09,2.77136e-09,0.51235,0.0325345,0.478222,0.0103737,0.0329251,0.0114076,0.0215175,,best_validation_checkpoint_0.bin
1255,969,accepted,1,3.54107e-06,2.00417e-09,1.994e-09,1.994e-09,2.76496e-09,2.76496e-09,0.494196,0.029043,0.463407,0.0109856,0.0342746,0.0114358,0.0228387,,best_validation_checkpoint_1.bin
1256,969,rejected,1,1.41104e-05,2.00417e-08,1.994e-09,1.994e-09,2.76496e-09,2.76496e-09,0.509984,0.0292861,0.479114,0.0114779,0.0113929,0.0113928,0,,
1257,970,accepted,0,1.41104e-05,1.00208e-08,1.98907e-09,1.98907e-09,2.76012e-09,2.76012e-09,0,0,0,0.0100175,0.0339954,0.0113541,0.0226413,,best_validation_checkpoint_0.bin
1258,971,accepted,1,4.65028e-07,5.01042e-09,1.98586e-09,1.98586e-09,2.75648e-09,2.75648e-09,0.476389,0.0296663,0.445072,0.0106854,0.0343149,0.0114291,0.0228858,,best_validation_checkpoint_1.bin
1259,972,accepted,1,2.17425e-06,2.50521e-09,1.98055e-09,1.98055e-09,2.75023e-09,2.75023e-09,0.509582,0.0289372,0.478885,0.0106416,0.0341469,0.0114439,0.022703,,best_validation_checkpoint_0.bin
1260,972,rejected,1,8.73791e-06,2.50521e-08,1.98055e-09,1.98055e-09,2.75023e-09,2.75023e-09,0.50237,0.0287673,0.471791,0.0107212,0.0114959,0.0114959,0,,
1261,973,accepted,0,8.73791e-06,1.25261e-08,1.97797e-09,1.97797e-09,2.74763e-09,2.74763e-09,0,0,0,0.0107636,0.0341635,0.0114971,0.0226664,,best_validation_checkpoint_1.bin
1262,974,accepted,1,2.92033e-07,6.26303e-09,1.9754e-09,1.9754e-09,2.74474e-09,2.74474e-09,0.505981,0.0304231,0.473817,0.0108122,0.0368903,0.0121369,0.0247532,,best_validation_checkpoint_0.bin
1263,975,accepted,1,1.34517e-06,3.13151e-09,1.97072e-09,1.97072e-09,2.73933e-09,2.73933e-09,0.49768,0.0307242,0.465297,0.0107182,0.0345161,0.0114805,0.0230355,,best_validation_checkpoint_1.bin
1264,976,accepted,1,5.44049e-06,1.56576e-09,1.96747e-09,1.96747e-09,2.7349e-09,2.7349e-09,0.491683,0.0293356,0.460647,0.0112434,0.0343374,0.0114542,0.0228831,,best_validation_checkpoint_0.bin
1265,976,rejected,1,2.09448e-05,1.56576e-08,1.96747e-09,1.96747e-09,2.7349e-09,2.7349e-09,0.500881,0.0286684,0.470534,0.0110789,0.0114975,0.0114973,0,,
1266,977,accepted,0,2.09448e-05,7.82878e-09,1.95806e-09,1.95806e-09,2.72521e-09,2.72521e-09,0,0,0,0.0105022,0.034357,0.0118048,0.022552,,best_validation_checkpoint_1.bin
1267,978,accepted,1,6.65567e-07,3.91439e-09,1.95419e-09,1.95419e-09,2.72084e-09,2.72084e-09,0.48833,0.0310836,0.455601,0.0134882,0.0346317,0.0115671,0.0230644,,best_validation_checkpoint_0.bin
1268,979,accepted,1,3.19697e-06,1.9572e-09,1.94885e-09,1.94885e-09,2.7146e-09,2.7146e-09,0.495902,0.029536,0.46477,0.0106865,0.0344948,0.0115472,0.0229475,,best_validation_checkpoint_1.bin
1269,979,rejected,1,1.27234e-05,1.9572e-08,1.94885e-09,1.94885e-09,2.7146e-09,2.7146e-09,0.505969,0.0291187,0.475139,0.0109801,0.0113723,0.0113721,0,,
1270,980,accepted,0,1.27234e-05,9.78598e-09,1.94442e-09,1.94442e-09,2.70987e-09,2.70987e-09,0,0,0,0.0107913,0.0342199,0.0114527,0.0227671,,best_validation_checkpoint_0.bin
1271,981,accepted,1,4.12413e-07,4.89299e-09,1.9413e-09,1.9413e-09,2.70638e-09,2.70638e-09,0.502855,0.029787,0.47144,0.0105064,0.0343439,0.0115997,0.0227441,,best_validation_checkpoint_1.bin
1272,982,accepted,1,1.9491e-06,2.44649e-09,1.93603e-09,1.93603e-09,2.70039e-09,2.70039e-09,0.50469,0.0290608,0.474055,0.0106929,0.0342204,0.0113505,0.0228698,,best_validation_checkpoint_0.bin
1273,982,rejected,1,7.83061e-06,2.44649e-08,1.93603e-09,1.93603e-09,2.70039e-09,2.70039e-09,0.501825,0.0282131,0.471959,0.0105238,0.0114459,0.0114456,0,,
1274,983,accepted,0,7.83061e-06,1.22325e-08,1.93366e-09,1.93366e-09,2.69777e-09,2.69777e-09,0,0,0,0.01123,0.0342594,0.0114635,0.0227958,,best_validation_checkpoint_1.bin
1275,984,accepted,1,2.58096e-07,6.11624e-09,1.93116e-09,1.93116e-09,2.69499e-09,2.69499e-09,0.512079,0.0288112,0.481544,0.0125291,0.0348266,0.0120357,0.0227908,,best_validation_checkpoint_0.bin
1276,985,accepted,1,1.20012e-06,3.05812e-09,1.92657e-09,1.92657e-09,2.68983e-09,2.68983e-09,0.485188,0.0301895,0.453345,0.0118275,0.0343254,0.0115362,0.0227891,,best_validation_checkpoint_1.bin
1277,986,accepted,1,4.85516e-06,1.52906e-09,1.92272e-09,1.92272e-09,2.68533e-09,2.68533e-09,0.493675,0.0287029,0.463299,0.0112917,0.034217,0.0113743,0.0228427,,best_validation_checkpoint_0.bin
1278,986,rejected,1,1.86269e-05,1.52906e-08,1.92272e-09,1.92272e-09,2.68533e-09,2.68533e-09,0.51126,0.0285333,0.480979,0.0252153,0.0128827,0.0128825,0,,
1279,987,accepted,0,1.86269e-05,7.6453e-09,1.91436e-09,1.91436e-09,2.67611e-09,2.67611e-09,0,0,0,0.0108147,0.0345947,0.0114722,0.0231223,,best_validation_checkpoint_1.bin
1280,988,accepted,1,5.88378e-07,3.82265e-09,1.91059e-09,1.91059e-09,2.67196e-09,2.67196e-09,0.490352,0.0289611,0.459808,0.0101461,0.0333519,0.0115701,0.0217817,,best_validation_checkpoint_0.bin
1281,989,accepted,1,2.83091e-06,1.91132e-09,1.90516e-09,1.90516e-09,2.66598e-09,2.66598e-09,0.484863,0.0287767,0.454407,0.0123668,0.03422,0.011406,0.022814,,best_validation_checkpoint_1.bin
1282,989,rejected,1,1.12547e-05,1.91132e-08,1.90516e-09,1.90516e-09,2.66598e-09,2.66598e-09,0.497163,0.0291972,0.46632,0.0113617,0.0114492,0.011449,0,,
1283,990,accepted,0,1.12547e-05,9.55662e-09,1.90114e-09,1.90114e-09,2.66132e-09,2.66132e-09,0,0,0,0.0117531,0.0343066,0.0115593,0.0227472,,best_validation_checkpoint_0.bin
1284,991,accepted,1,3.64952e-07,4.77831e-09,1.89811e-09,1.89811e-09,2.658e-09,2.658e-09,0.513554,0.0312413,0.480689,0.0108983,0.034262,0.0114511,0.0228109,,best_validation_checkpoint_1.bin
1285,992,accepted,1,1.72163e-06,2.38915e-09,1.8929e-09,1.8929e-09,2.65233e-09,2.65233e-09,0.513936,0.0289213,0.483398,0.0112024,0.0343429,0.0113519,0.0229909,,best_validation_checkpoint_0.bin
1286,992,rejected,1,6.91245e-06,2.38915e-08,1.8929e-09,1.8929e-09,2.65233e-09,2.65233e-09,0.482227,0.0294962,0.451061,0.0114431,0.0114227,0.0114226,0,,
1287,993,accepted,0,6.91245e-06,1.19458e-08,1.89071e-09,1.89071e-09,2.64967e-09,2.64967e-09,0,0,0,0.0107664,0.034419,0.0115127,0.0229061,,best_validation_checkpoint_1.bin
1288,994,accepted,1,2.28936e-07,5.97289e-09,1.88829e-09,1.88829e-09,2.64702e-09,2.64702e-09,0.526925,0.0288051,0.496519,0.0116781,0.0343497,0.0114845,0.0228651,,best_validation_checkpoint_0.bin
1289,995,accepted,1,1.06e-06,2.98644e-09,1.8838e-09,1.8838e-09,2.64215e-09,2.64215e-09,0.540312,0.0286978,0.510057,0.0119035,0.0343047,0.0113972,0.0229074,,best_validation_checkpoint_1.bin
1290,996,accepted,1,4.28564e-06,1.49322e-09,1.87959e-09,1.87959e-09,2.63784e-09,2.63784e-09,0.490372,0.0283392,0.460412,0.0111468,0.0339768,0.0114507,0.0225259,,best_validation_checkpoint_0.bin
1291,996,rejected,1,1.63881e-05,1.49322e-08,1.87959e-09,1.87959e-09,2.63784e-09,2.63784e-09,0.485505,0.028258,0.455639,0.011422,0.0114087,0.0114087,0,,
1292,997,accepted,0,1.63881e-05,7.46611e-09,1.872e-09,1.872e-09,2.62888e-09,2.62888e-09,0,0,0,0.0104553,0.0341062,0.0114208,0.0226853,,best_validation_checkpoint_1.bin
1293,998,accepted,1,5.33452e-07,3.73305e-09,1.86833e-09,1.86833e-09,2.62496e-09,2.62496e-09,0.475814,0.0309987,0.443181,0.0105439,0.0335405,0.0113826,0.0221578,,best_validation_checkpoint_0.bin
1294,999,accepted,1,2.50364e-06,1.86653e-09,1.86292e-09,1.86292e-09,2.61939e-09,2.61939e-09,0.478369,0.0283545,0.448318,0.0107326,0.0343897,0.0113842,0.0230055,,best_validation_checkpoint_1.bin
1295,999,rejected,1,9.93089e-06,1.86653e-08,1.86292e-09,1.86292e-09,2.61939e-09,2.61939e-09,0.479394,0.0291074,0.448588,0.0117912,0.0114156,0.0114155,0,,
1296,1000,accepted,0,9.93089e-06,9.33264e-09,1.85919e-09,1.85919e-09,2.6147e-09,2.6147e-09,0,0,0,0.0117078,0.0343421,0.0115964,0.0227456,,best_validation_checkpoint_0.bin
1297,1001,accepted,1,3.34941e-07,4.66632e-09,1.85625e-09,1.85625e-09,2.61157e-09,2.61157e-09,0.482532,0.0288908,0.451953,0.0108003,0.0343405,0.0114575,0.0228828,,best_validation_checkpoint_1.bin
1298,1002,accepted,1,1.53293e-06,2.33316e-09,1.85115e-09,1.85115e-09,2.60628e-09,2.60628e-09,0.485616,0.0287422,0.455186,0.0114803,0.0345377,0.0116706,0.0228669,,best_validation_checkpoint_0.bin
1299,1002,rejected,1,6.1364e-06,2.33316e-08,1.85115e-09,1.85115e-09,2.60628e-09,2.60628e-09,0.484867,0.028763,0.454449,0.0107151,0.011424,0.0114238,0,,
1300,1003,accepted,0,6.1364e-06,1.16658e-08,1.84907e-09,1.84907e-09,2.60355e-09,2.60355e-09,0,0,0,0.0115077,0.0340875,0.0113692,0.0227182,,best_validation_checkpoint_1.bin
1301,1004,accepted,1,2.12288e-07,5.8329e-09,1.84673e-09,1.84673e-09,2.60105e-09,2.60105e-09,0.503607,0.0291575,0.472757,0.0105351,0.0343007,0.0115508,0.0227498,,best_validation_checkpoint_0.bin
1302,1005,accepted,1,9.51578e-07,2.91645e-09,1.84237e-09,1.84237e-09,2.59649e-09,2.59649e-09,0.508104,0.0295273,0.476899,0.0110223,0.0341844,0.0113551,0.0228292,,best_validation_checkpoint_1.bin
1303,1006,accepted,1,3.83192e-06,1.45822e-09,1.83806e-09,1.83806e-09,2.59268e-09,2.59268e-09,0.474143,0.0282516,0.444124,0.0106537,0.0342393,0.0114075,0.0228317,,best_validation_checkpoint_0.bin
1304,1006,rejected,1,1.46089e-05,1.45822e-08,1.83806e-09,1.83806e-09,2.59268e-09,2.59268e-09,0.478241,0.0286521,0.447855,0.0109628,0.0115445,0.0115444,0,,
1305,1007,accepted,0,1.46089e-05,7.29112e-09,1.83094e-09,1.83094e-09,2.58372e-09,2.58372e-09,0,0,0,0.0118432,0.0345297,0.0117753,0.0227543,,best_validation_checkpoint_1.bin
1306,1008,accepted,1,5.18588e-07,3.64556e-09,1.82738e-09,1.82738e-09,2.58005e-09,2.58005e-09,0.496549,0.0293489,0.465487,0.0104918,0.0344748,0.0116927,0.0227821,,best_validation_checkpoint_0.bin
1307,1009,accepted,1,2.28144e-06,1.82278e-09,1.82209e-09,1.82209e-09,2.57501e-09,2.57501e-09,0.494042,0.029198,0.462983,0.0102444,0.0345193,0.0115677,0.0229516,,best_validation_checkpoint_1.bin
1308,1009,rejected,1,8.99591e-06,1.82278e-08,1.82209e-09,1.82209e-09,2.57501e-09,2.57501e-09,0.493312,0.0286313,0.46303,0.0113646,0.0113451,0.011345,0,,
1309,1010,accepted,0,8.99591e-06,9.1139e-09,1.81852e-09,1.81852e-09,2.57021e-09,2.57021e-09,0,0,0,0.0112233,0.0340309,0.0115234,0.0225075,,best_validation_checkpoint_0.bin
1310,1011,accepted,1,3.32063e-07,4.55695e-09,1.81567e-09,1.81567e-09,2.56726e-09,2.56726e-09,0.488064,0.028186,0.45823,0.0115025,0.0342924,0.011521,0.0227714,,best_validation_checkpoint_1.bin
1311,1012,accepted,1,1.4228e-06,2.27848e-09,1.81072e-09,1.81072e-09,2.56242e-09,2.56242e-09,0.502794,0.0281696,0.472916,0.0107397,0.0343674,0.0115495,0.0228179,,best_validation_checkpoint_0.bin
1312,1012,rejected,1,5.64991e-06,2.27848e-08,1.81072e-09,1.81072e-09,2.56242e-09,2.56242e-09,0.523092,0.028905,0.492474,0.0105087,0.0115943,0.0115942,0,,
1313,1013,accepted,0,5.64991e-06,1.13924e-08,1.80871e-09,1.80871e-09,2.55959e-09,2.55959e-09,0,0,0,0.0107237,0.0345543,0.0117996,0.0227545,,best_validation_checkpoint_1.bin
1314,1014,accepted,1,2.13254e-07,5.69619e-09,1.80644e-09,1.80644e-09,2.55724e-09,2.55724e-09,0.508395,0.0293483,0.477262,0.0108592,0.0339952,0.0114159,0.0225792,,best_validation_checkpoint_0.bin
1315,1015,accepted,1,8.97813e-07,2.84809e-09,1.80221e-09,1.80221e-09,2.55303e-09,2.55303e-09,0.485426,0.0284897,0.455288,0.0105322,0.0343368,0.0114519,0.0228847,,best_validation_checkpoint_1.bin
1316,1016,accepted,1,3.58042e-06,1.42405e-09,1.79807e-09,1.79807e-09,2.54998e-09,2.54998e-09,0.516706,0.0289893,0.485938,0.0114236,0.0343655,0.0114282,0.0229373,,best_validation_checkpoint_0.bin
1317,1016,rejected,1,1.36146e-05,1.42405e-08,1.79807e-09,1.79807e-09,2.54998e-09,2.54998e-09,0.49052,0.0282714,0.46055,0.01083,0.0116785,0.0116782,0,,
1318,1017,accepted,0,1.36146e-05,7.12024e-09,1.79113e-09,1.79113e-09,2.54079e-09,2.54079e-09,0,0,0,0.0107407,0.034207,0.0115868,0.0226201,,best_validation_checkpoint_1.bin
1319,1018,accepted,1,5.48385e-07,3.56012e-09,1.78769e-09,1.78769e-09,2.53738e-09,2.53738e-09,0.514353,0.0293298,0.48341,0.0113629,0.0342549,0.0115282,0.0227266,,best_validation_checkpoint_0.bin
1320,1019,accepted,1,2.20819e-06,1.78006e-09,1.7826e-09,1.7826e-09,2.53298e-09,2.53298e-09,0.493402,0.028367,0.463423,0.0108586,0.0339154,0.0115858,0.0223295,,best_validation_checkpoint_1.bin
1321,1019,rejected,1,8.61447e-06,1.78006e-08,1.7826e-09,1.7826e-09,2.53298e-09,2.53298e-09,0.513262,0.0288241,0.482854,0.0110358,0.0128515,0.0128513,0,,
1322,1020,accepted,0,8.61447e-06,8.9003e-09,1.77909e-09,1.77909e-09,2.52797e-09,2.52797e-09,0,0,0,0.0109853,0.0340998,0.0114677,0.0226321,,best_validation_checkpoint_0.bin
1323,1021,accepted,1,3.56234e-07,4.45015e-09,1.77632e-09,1.77632e-09,2.52523e-09,2.52523e-09,0.492879,0.0290322,0.462271,0.0097615,0.0341399,0.0113956,0.0227441,,best_validation_checkpoint_1.bin
1324,1022,accepted,1,1.40989e-06,2.22507e-09,1.77155e-09,1.77155e-09,2.52087e-09,2.52087e-09,0.524952,0.0286123,0.494728,0.0100157,0.0341205,0.011449,0.0226714,,best_validation_checkpoint_0.bin
1325,1022,rejected,1,5.52687e-06,2.22507e-08,1.77155e-09,1.77155e-09,2.52087e-09,2.52087e-09,0.496999,0.0281488,0.467138,0.0102043,0.0115916,0.0115915,0,,
1326,1023,accepted,0,5.52687e-06,1.11254e-08,1.76958e-09,1.76958e-09,2.51791e-09,2.51791e-09,0,0,0,0.0109818,0.0342469,0.0114826,0.0227642,,best_validation_checkpoint_1.bin
1327,1024,accepted,1,2.30444e-07,5.56268e-09,1.76737e-09,1.76737e-09,2.51572e-09,2.51572e-09,0.521315,0.028899,0.49076,0.0116078,0.0342835,0.0115128,0.0227706,,best_validation_checkpoint_0.bin
1328,1025,accepted,1,9.05232e-07,2.78134e-09,1.76329e-09,1.76329e-09,2.51187e-09,2.51187e-09,0.494125,0.0283904,0.464001,0.0104326,0.0330015,0.0115442,0.0214573,,best_validation_checkpoint_1.bin
1329,1026,accepted,1,3.56017e-06,1.39067e-09,1.7595e-09,1.7595e-09,2.50979e-09,2.50979e-09,0.488367,0.0302676,0.456479,0.0113007,0.0344412,0.0114838,0.0229574,,best_validation_checkpoint_0.bin
1330,1026,rejected,1,1.35129e-05,1.39067e-08,1.7595e-09,1.7595e-09,2.50979e-09,2.50979e-09,0.50024,0.028654,0.469867,0.0103122,0.0115543,0.0115542,0,,
1331,1027,accepted,0,1.35129e-05,6.95336e-09,1.75252e-09,1.75252e-09,2.50017e-09,2.50017e-09,0,0,0,0.0107081,0.0343974,0.0114435,0.0229538,,best_validation_checkpoint_1.bin
1332,1028,accepted,1,6.11463e-07,3.47668e-09,1.74919e-09,1.74919e-09,2.49704e-09,2.49704e-09,0.503179,0.0288511,0.472407,0.0101908,0.0341604,0.0115166,0.0226437,,best_validation_checkpoint_0.bin
1333,1029,accepted,1,2.27931e-06,1.73834e-09,1.74438e-09,1.74438e-09,2.49334e-09,2.49334e-09,0.486338,0.0285762,0.456087,0.0103633,0.0345326,0.0114978,0.0230348,,best_validation_checkpoint_1.bin
1334,1029,rejected,1,8.78119e-06,1.73834e-08,1.74438e-09,1.74438e-09,2.49334e-09,2.49334e-09,0.51156,0.0284799,0.481451,0.011146,0.0114167,0.0114166,0,,
1335,1030,accepted,0,8.78119e-06,8.69169e-09,1.74084e-09,1.74084e-09,2.48807e-09,2.48807e-09,0,0,0,0.0109957,0.0342635,0.0115126,0.0227507,,best_validation_checkpoint_0.bin
1336,1031,accepted,1,3.98774e-07,4.34585e-09,1.73816e-09,1.73816e-09,2.48554e-09,2.48554e-09,0.514332,0.0290064,0.483697,0.0105273,0.0344488,0.011538,0.0229108,,best_validation_checkpoint_1.bin
1337,1032,accepted,1,1.48114e-06,2.17292e-09,1.7336e-09,1.7336e-09,2.48169e-09,2.48169e-09,0.502968,0.0295773,0.471756,0.0100417,0.034375,0.0114604,0.0229145,,best_validation_checkpoint_0.bin
1338,1032,rejected,1,5.72848e-06,2.17292e-08,1.7336e-09,1.7336e-09,2.48169e-09,2.48169e-09,0.512953,0.0286373,0.482631,0.0109284,0.0113906,0.0113904,0,,
1339,1033,accepted,0,5.72848e-06,1.08646e-08,1.73161e-09,1.73161e-09,2.47859e-09,2.47859e-09,0,0,0,0.0109331,0.0344627,0.0116521,0.0228106,,best_validation_checkpoint_1.bin
1340,1034,accepted,1,2.57993e-07,5.43231e-09,1.72947e-09,1.72947e-09,2.47655e-09,2.47655e-09,0.487285,0.0294177,0.456243,0.0117688,0.0342648,0.0114669,0.0227977,,best_validation_checkpoint_0.bin
1341,1035,accepted,1,9.61332e-07,2.71615e-09,1.72554e-09,1.72554e-09,2.47308e-09,2.47308e-09,0.486555,0.0290535,0.455795,0.0107638,0.0341277,0.0114501,0.0226776,,best_validation_checkpoint_1.bin
1342,1036,accepted,1,3.73097e-06,1.35808e-09,1.72225e-09,1.72225e-09,2.47208e-09,2.47208e-09,0.496868,0.0284386,0.466823,0.0099715,0.0343618,0.0114232,0.0229386,,best_validation_checkpoint_0.bin
1343,1036,rejected,1,1.41514e-05,1.35808e-08,1.72225e-09,1.72225e-09,2.47208e-09,2.47208e-09,0.519742,0.0286919,0.489382,0.0112066,0.0114711,0.011471,0,,
1344,1037,accepted,0,1.41514e-05,6.79039e-09,1.71507e-09,1.71507e-09,2.46192e-09,2.46192e-09,0,0,0,0.0111504,0.034346,0.0114829,0.0228629,,best_validation_checkpoint_1.bin
1345,1038,accepted,1,6.9213e-07,3.39519e-09,1.71185e-09,1.71185e-09,2.45906e-09,2.45906e-09,0.504389,0.0308297,0.471921,0.0107195,0.03442,0.0115228,0.022897,,best_validation_checkpoint_0.bin
1346,1039,accepted,1,2.45274e-06,1.6976e-09,1.70736e-09,1.70736e-09,2.4561e-09,2.4561e-09,0.499206,0.0290571,0.468455,0.0111064,0.0342269,0.0114205,0.0228062,,best_validation_checkpoint_1.bin
1347,1039,rejected,1,9.35224e-06,1.6976e-08,1.70736e-09,1.70736e-09,2.4561e-09,2.4561e-09,0.511452,0.0292183,0.480605,0.0100657,0.0114288,0.0114285,0,,
1348,1040,accepted,0,9.35224e-06,8.48798e-09,1.70373e-09,1.70373e-09,2.45055e-09,2.45055e-09,0,0,0,0.0100345,0.0342473,0.0113564,0.0228907,,best_validation_checkpoint_0.bin
1349,1041,accepted,1,4.50334e-07,4.24399e-09,1.70114e-09,1.70114e-09,2.44821e-09,2.44821e-09,0.495593,0.0303307,0.463521,0.0112729,0.0344082,0.0115143,0.0228939,,best_validation_checkpoint_1.bin
1350,1042,accepted,1,1.60689e-06,2.122e-09,1.69679e-09,1.69679e-09,2.44488e-09,2.44488e-09,0.507406,0.0285292,0.477279,0.0099239,0.0342604,0.0115184,0.022742,,best_validation_checkpoint_0.bin
1351,1042,rejected,1,6.15097e-06,2.122e-08,1.69679e-09,1.69679e-09,2.44488e-09,2.44488e-09,0.562621,0.0285226,0.525828,0.07722,0.01147,0.0114698,0,,
1352,1043,accepted,0,6.15097e-06,1.061e-08,1.69478e-09,1.69478e-09,2.44164e-09,2.44164e-09,0,0,0,0.011579,0.034278,0.0115995,0.0226784,,best_validation_checkpoint_1.bin
1353,1044,accepted,1,2.90408e-07,5.30499e-09,1.69271e-09,1.69271e-09,2.43976e-09,2.43976e-09,0.494908,0.0304142,0.462806,0.0105792,0.0344736,0.0114322,0.0230414,,best_validation_checkpoint_0.bin
1354,1045,accepted,1,1.04705e-06,2.65249e-09,1.68893e-09,1.68893e-09,2.43665e-09,2.43665e-09,0.503076,0.0285963,0.472938,0.0108117,0.0344823,0.0115033,0.022979,,best_validation_checkpoint_1.bin
1355,1046,accepted,1,4.02459e-06,1.32625e-09,1.68621e-09,1.68621e-09,2.43678e-09,2.43665e-09,0.506515,0.0282439,0.476687,0.0112655,0.03437,0.0115032,0.0228667,,
1356,1046,rejected,1,1.52728e-05,1.32625e-08,1.68621e-09,1.68621e-09,2.43678e-09,2.43665e-09,0.481307,0.0288254,0.450797,0.0110887,0.0114148,0.0114145,0,,
1357,1047,accepted,0,1.52728e-05,6.63124e-09,1.67874e-09,1.67874e-09,2.42604e-09,2.42604e-09,0,0,0,0.011263,0.0345208,0.0116588,0.022862,,best_validation_checkpoint_0.bin
1358,1048,accepted,1,7.79398e-07,3.31562e-09,1.67563e-09,1.67563e-09,2.42344e-09,2.42344e-09,0.502401,0.0285657,0.472028,0.0109976,0.0343256,0.0114354,0.0228902,,best_validation_checkpoint_1.bin
1359,1049,accepted,1,2.6842e-06,1.65781e-09,1.67148e-09,1.67148e-09,2.4212e-09,2.4212e-09,0.486687,0.0285653,0.456526,0.0104284,0.0343083,0.0114752,0.022833,,best_validation_checkpoint_0.bin
1360,1049,rejected,1,1.01672e-05,1.65781e-08,1.67148e-09,1.67148e-09,2.4212e-09,2.4212e-09,0.528936,0.0347668,0.492449,0.0115098,0.0116118,0.0116118,0,,
1361,1050,accepted,0,1.01672e-05,8.28905e-09,1.66774e-09,1.66774e-09,2.41538e-09,2.41538e-09,0,0,0,0.0104296,0.0342699,0.0115155,0.0227544,,best_validation_checkpoint_1.bin
1362,1051,accepted,1,5.05051e-07,4.14452e-09,1.66523e-09,1.66523e-09,2.41324e-09,2.41324e-09,0.478823,0.0323738,0.444746,0.0107301,0.0343877,0.0113975,0.0229901,,best_validation_checkpoint_0.bin
1363,1052,accepted,1,1.76196e-06,2.07226e-09,1.6611e-09,1.6611e-09,2.4104e-09,2.4104e-09,0.501764,0.0294134,0.47059,0.0103648,0.0341647,0.0115319,0.0226328,,best_validation_checkpoint_1.bin
1364,1052,rejected,1,6.70125e-06,2.07226e-08,1.6611e-09,1.6611e-09,2.4104e-09,2.4104e-09,0.502934,0.0311793,0.470082,0.011783,0.0114921,0.0114919,0,,
1365,1053,accepted,0,6.70125e-06,1.03613e-08,1.65905e-09,1.65905e-09,2.40704e-09,2.40704e-09,0,0,0,0.0120904,0.0342845,0.0114329,0.0228516,,best_validation_checkpoint_0.bin
1366,1054,accepted,1,3.24491e-07,5.18065e-09,1.65704e-09,1.65704e-09,2.4053e-09,2.4053e-09,0.511109,0.0292598,0.480149,0.0109267,0.0345842,0.0117063,0.0228779,,best_validation_checkpoint_1.bin
1367,1055,accepted,1,1.14829e-06,2.59033e-09,1.65341e-09,1.65341e-09,2.40254e-09,2.40254e-09,0.515795,0.0310351,0.483023,0.0114234,0.0345571,0.0115502,0.0230068,,best_validation_checkpoint_0.bin
1368,1056,accepted,1,4.38775e-06,1.29516e-09,1.65132e-09,1.65132e-09,2.40378e-09,2.40254e-09,0.508514,0.030744,0.47607,0.0103752,0.0342847,0.0114037,0.0228809,,
1369,1056,rejected,1,1.66753e-05,1.29516e-08,1.65132e-09,1.65132e-09,2.40378e-09,2.40254e-09,0.483235,0.0291773,0.452364,0.0114213,0.0114226,0.0114223,0,,
1370,1057,accepted,0,1.66753e-05,6.47582e-09,1.64348e-09,1.64348e-09,2.39247e-09,2.39247e-09,0,0,0,0.0110451,0.0344493,0.0115449,0.0229043,,best_validation_checkpoint_1.bin
1371,1058,accepted,1,8.67813e-07,3.23791e-09,1.64048e-09,1.64048e-09,2.39011e-09,2.39011e-09,0.502013,0.0287791,0.471544,0.0110833,0.0341014,0.011341,0.0227604,,best_validation_checkpoint_0.bin
1372,1059,accepted,1,2.94619e-06,1.61895e-09,1.63669e-09,1.63669e-09,2.38858e-09,2.38858e-09,0.514047,0.0291055,0.483145,0.0108516,0.0340762,0.0113617,0.0227144,,best_validation_checkpoint_1.bin
1373,1059,rejected,1,1.11218e-05,1.61895e-08,1.63669e-09,1.63669e-09,2.38858e-09,2.38858e-09,0.48416,0.0318099,0.450698,0.0104266,0.0114857,0.0114856,0,,
1374,1060,accepted,0,1.11218e-05,8.09477e-09,1.63281e-09,1.63281e-09,2.3825e-09,2.3825e-09,0,0,0,0.0103107,0.0343998,0.0115462,0.0228535,,best_validation_checkpoint_0.bin
1375,1061,accepted,1,5.60258e-07,4.04739e-09,1.63038e-09,1.63038e-09,2.38054e-09,2.38054e-09,0.489873,0.0311844,0.456939,0.010753,0.0342864,0.0115303,0.022756,,best_validation_checkpoint_1.bin
1376,1062,accepted,1,1.93264e-06,2.02369e-09,1.62647e-09,1.62647e-09,2.37816e-09,2.37816e-09,0.495746,0.0291228,0.464957,0.0102711,0.0340532,0.0113867,0.0226664,,best_validation_checkpoint_0.bin
1377,1062,rejected,1,7.32612e-06,2.02369e-08,1.62647e-09,1.62647e-09,2.37816e-09,2.37816e-09,0.513354,0.0293343,0.48236,0.0114717,0.0114538,0.0114538,0,,
1378,1063,accepted,0,7.32612e-06,1.01185e-08,1.62438e-09,1.62438e-09,2.3747e-09,2.3747e-09,0,0,0,0.0116306,0.0342395,0.0115399,0.0226996,,best_validation_checkpoint_1.bin
1379,1064,accepted,1,3.58888e-07,5.05923e-09,1.62244e-09,1.62244e-09,2.37309e-09,2.37309e-09,0.490419,0.0291483,0.459525,0.0116525,0.0340236,0.0113492,0.0226743,,best_validation_checkpoint_0.bin
1380,1065,accepted,1,1.25806e-06,2.52962e-09,1.61895e-09,1.61895e-09,2.37067e-09,2.37067e-09,0.461137,0.0284386,0.43108,0.0108168,0.03407,0.0115502,0.0225197,,best_validation_checkpoint_1.bin
1381,1066,accepted,1,4.79283e-06,1.26481e-09,1.61751e-09,1.61751e-09,2.37297e-09,2.37067e-09,0.519572,0.0285894,0.489346,0.0101102,0.0342099,0.0114395,0.0227704,,
1382,1066,rejected,1,1.82523e-05,1.26481e-08,1.61751e-09,1.61751e-09,2.37297e-09,2.37067e-09,0.496839,0.0289945,0.466118,0.0102369,0.0113847,0.0113846,0,,
1383,1067,accepted,0,1.82523e-05,6.32404e-09,1.60928e-09,1.60928e-09,2.36111e-09,2.36111e-09,0,0,0,0.0107214,0.0343619,0.011463,0.0228988,,best_validation_checkpoint_0.bin
1384,1068,accepted,1,9.5543e-07,3.16202e-09,1.60638e-09,1.60638e-09,2.35898e-09,2.35898e-09,0.48958,0.0321215,0.455879,0.0105152,0.0343258,0.0114047,0.022921,,best_validation_checkpoint_1.bin
1385,1069,accepted,1,3.22697e-06,1.58101e-09,1.60296e-09,1.60296e-09,2.3581e-09,2.3581e-09,0.469866,0.0306765,0.437474,0.0103007,0.034132,0.0114036,0.0227283,,best_validation_checkpoint_0.bin
1386,1069,rejected,1,1.21693e-05,1.58101e-08,1.60296e-09,1.60296e-09,2.3581e-09,2.3581e-09,0.463928,0.0290907,0.433137,0.0107146,0.0114066,0.0114065,0,,
1387,1070,accepted,0,1.21693e-05,7.90505e-09,1.59892e-09,1.59892e-09,2.35179e-09,2.35179e-09,0,0,0,0.0110774,0.0341031,0.0114139,0.022689,,best_validation_checkpoint_1.bin
1388,1071,accepted,1,6.15157e-07,3.95253e-09,1.59657e-09,1.59657e-09,2.35e-09,2.35e-09,0.501591,0.0326694,0.467197,0.0116444,0.0343252,0.0114892,0.022836,,best_validation_checkpoint_0.bin
1389,1072,accepted,1,2.1139e-06,1.97626e-09,1.59289e-09,1.59289e-09,2.34806e-09,2.34806e-09,0.503372,0.0283913,0.473378,0.0098337,0.0342818,0.0113651,0.0229167,,best_validation_checkpoint_1.bin
1390,1072,rejected,1,8.00486e-06,1.97626e-08,1.59289e-09,1.59289e-09,2.34806e-09,2.34806e-09,0.484027,0.0286857,0.453567,0.0101948,0.0114489,0.0114488,0,,
1391,1073,accepted,0,8.00486e-06,9.88131e-09,1.59075e-09,1.59075e-09,2.3445e-09,2.3445e-09,0,0,0,0.0103932,0.0342727,0.0114907,0.0227819,,best_validation_checkpoint_0.bin
1392,1074,accepted,1,3.93266e-07,4.94066e-09,1.58886e-09,1.58886e-09,2.34303e-09,2.34303e-09,0.489691,0.0293214,0.458642,0.0113328,0.0341882,0.011433,0.0227551,,best_validation_checkpoint_1.bin
1393,1075,accepted,1,1.37421e-06,2.47033e-09,1.58552e-09,1.58552e-09,2.3409e-09,2.3409e-09,0.490442,0.0296698,0.459119,0.0106495,0.0341845,0.0114254,0.022759,,best_validation_checkpoint_0.bin
1394,1076,accepted,1,5.23061e-06,1.23516e-09,1.58474e-09,1.58474e-09,2.3442e-09,2.3409e-09,0.519455,0.0294585,0.488294,0.0104919,0.0332648,0.0114864,0.0217783,,
1395,1076,rejected,1,1.99665e-05,1.23516e-08,1.58474e-09,1.58474e-09,2.3442e-09,2.3409e-09,0.495465,0.0291022,0.464686,0.0099171,0.0113754,0.0113751,0,,
1396,1077,accepted,0,1.99665e-05,6.17582e-09,1.57609e-09,1.57609e-09,2.33184e-09,2.33184e-09,0,0,0,0.0103248,0.0340406,0.0114669,0.0225737,,best_validation_checkpoint_1.bin
1397,1078,accepted,1,1.04215e-06,3.08791e-09,1.5733e-09,1.5733e-09,2.32992e-09,2.32992e-09,0.478104,0.0316014,0.444631,0.0107272,0.0345909,0.0115885,0.0230022,,best_validation_checkpoint_0.bin
1398,1079,accepted,1,3.52426e-06,1.54396e-09,1.57024e-09,1.57024e-09,2.32963e-09,2.32963e-09,0.481946,0.0286587,0.451586,0.0114522,0.0337211,0.0113742,0.0223467,,best_validation_checkpoint_1.bin
1399,1079,rejected,1,1.32988e-05,1.54396e-08,1.57024e-09,1.57024e-09,2.32963e-09,2.32963e-09,0.484863,0.0287785,0.454334,0.0110755,0.0115365,0.0115362,0,,
1400,1080,accepted,0,1.32988e-05,7.71978e-09,1.56604e-09,1.56604e-09,2.32313e-09,2.32313e-09,0,0,0,0.0116852,0.0344195,0.0115895,0.02283,,best_validation_checkpoint_0.bin
1401,1081,accepted,1,6.69907e-07,3.85989e-09,1.56377e-09,1.56377e-09,2.32149e-09,2.32149e-09,0.497204,0.0289434,0.466569,0.0104549,0.0336886,0.0113669,0.0223216,,best_validation_checkpoint_1.bin
1402,1082,accepted,1,2.30563e-06,1.92994e-09,1.5603e-09,1.5603e-09,2.31993e-09,2.31993e-09,0.494154,0.029348,0.463185,0.0104745,0.0342154,0.0113871,0.0228282,,best_validation_checkpoint_0.bin
1403,1082,rejected,1,8.73594e-06,1.92994e-08,1.5603e-09,1.5603e-09,2.31993e-09,2.31993e-09,0.492795,0.0287779,0.462326,0.0109235,0.0115287,0.0115287,0,,
1404,1083,accepted,0,8.73594e-06,9.64972e-09,1.55811e-09,1.55811e-09,2.31631e-09,2.31631e-09,0,0,0,0.0103259,0.0342468,0.0115566,0.0226902,,best_validation_checkpoint_1.bin
1405,1084,accepted,1,4.27818e-07,4.82486e-09,1.55628e-09,1.55628e-09,2.31495e-09,2.31495e-09,0.504545,0.0291169,0.47367,0.0107695,0.0340794,0.0115294,0.0225498,,best_validation_checkpoint_0.bin
1406,1085,accepted,1,1.49721e-06,2.41243e-09,1.55309e-09,1.55309e-09,2.31309e-09,2.31309e-09,0.477717,0.0288736,0.447189,0.0104371,0.0342689,0.0114221,0.0228467,,best_validation_checkpoint_1.bin
1407,1086,accepted,1,5.70232e-06,1.20621e-09,1.55297e-09,1.55297e-09,2.3173e-09,2.31309e-09,0.506793,0.0298341,0.475243,0.0100059,0.0344206,0.0115168,0.0229038,,
1408,1086,rejected,1,2.18218e-05,1.20621e-08,1.55297e-09,1.55297e-09,2.3173e-09,2.31309e-09,0.490358,0.0283786,0.460336,0.0109311,0.0128306,0.0128304,0,,
1409,1087,accepted,0,2.18218e-05,6.03107e-09,1.54389e-09,1.54389e-09,2.30449e-09,2.30449e-09,0,0,0,0.0114605,0.0349452,0.0116755,0.0232696,,best_validation_checkpoint_0.bin
1410,1088,accepted,1,1.12891e-06,3.01554e-09,1.5412e-09,1.5412e-09,2.30276e-09,2.30276e-09,0.521479,0.0288456,0.491012,0.0105398,0.034484,0.0115189,0.0229651,,best_validation_checkpoint_1.bin
1411,1089,accepted,1,3.84095e-06,1.50777e-09,1.5385e-09,1.5385e-09,2.303e-09,2.30276e-09,0.503248,0.0284221,0.473141,0.0105998,0.0342022,0.0115277,0.0226745,,
1412,1089,rejected,1,1.45202e-05,1.50777e-08,1.5385e-09,1.5385e-09,2.303e-09,2.30276e-09,0.492758,0.0292368,0.46191,0.0095998,0.011365,0.0113648,0,,
1413,1090,accepted,0,1.45202e-05,7.53884e-09,1.53414e-09,1.53414e-09,2.29634e-09,2.29634e-09,0,0,0,0.0109828,0.0342939,0.0116587,0.0226351,,best_validation_checkpoint_0.bin
1414,1091,accepted,1,7.25209e-07,3.76942e-09,1.53194e-09,1.53194e-09,2.29484e-09,2.29484e-09,0.515385,0.0315578,0.481917,0.0116763,0.0343318,0.0113898,0.0229419,,best_validation_checkpoint_1.bin
1415,1092,accepted,1,2.51038e-06,1.88471e-09,1.52868e-09,1.52868e-09,2.29362e-09,2.29362e-09,0.489989,0.0297478,0.458614,0.0104065,0.034417,0.0114909,0.0229261,,best_validation_checkpoint_0.bin
1416,1092,rejected,1,9.52852e-06,1.88471e-08,1.52868e-09,1.52868e-09,2.29362e-09,2.29362e-09,0.484705,0.0288789,0.454181,0.0109694,0.0114101,0.0114101,0,,
1417,1093,accepted,0,9.52852e-06,9.42355e-09,1.52644e-09,1.52644e-09,2.28997e-09,2.28997e-09,0,0,0,0.0112021,0.0343267,0.0114231,0.0229036,,best_validation_checkpoint_1.bin
1418,1094,accepted,1,4.63029e-07,4.71178e-09,1.52467e-09,1.52467e-09,2.28871e-09,2.28871e-09,0.501425,0.0290853,0.470672,0.0104512,0.0343322,0.0114132,0.022919,,best_validation_checkpoint_0.bin
1419,1095,accepted,1,1.62897e-06,2.35589e-09,1.52162e-09,1.52162e-09,2.28708e-09,2.28708e-09,0.486832,0.0295104,0.455644,0.01053,0.0342469,0.0114537,0.0227931,,best_validation_checkpoint_1.bin
1420,1095,rejected,1,6.21498e-06,2.35589e-08,1.52162e-09,1.52162e-09,2.28708e-09,2.28708e-09,0.487582,0.0289366,0.456983,0.0112459,0.0113314,0.0113314,0,,
1421,1096,accepted,0,6.21498e-06,1.17794e-08,1.52034e-09,1.52034e-09,2.28495e-09,2.28495e-09,0,0,0,0.0107519,0.0342576,0.0115363,0.0227212,,best_validation_checkpoint_0.bin
1422,1097,accepted,1,2.95076e-07,5.88972e-09,1.51893e-09,1.51893e-09,2.28392e-09,2.28392e-09,0.510292,0.031331,0.477158,0.0109934,0.0343801,0.0115624,0.0228176,,best_validation_checkpoint_1.bin
1423,1098,accepted,1,1.0533e-06,2.94486e-09,1.51631e-09,1.51631e-09,2.28231e-09,2.28231e-09,0.509808,0.0312031,0.476991,0.0101821,0.034355,0.0114745,0.0228805,,best_validation_checkpoint_0.bin
1424,1099,accepted,1,4.038e-06,1.47243e-09,1.51388e-09,1.51388e-09,2.28297e-09,2.28231e-09,0.508962,0.0294994,0.477759,0.0105731,0.0342687,0.0113778,0.0228908,,
1425,1099,rejected,1,1.55507e-05,1.47243e-08,1.51388e-09,1.51388e-09,2.28297e-09,2.28231e-09,0.477456,0.0285891,0.447189,0.0105976,0.0114341,0.0114341,0,,
1426,1100,accepted,0,1.55507e-05,7.36215e-09,1.50936e-09,1.50936e-09,2.27616e-09,2.27616e-09,0,0,0,0.0111659,0.0342963,0.011543,0.0227533,,best_validation_checkpoint_1.bin
1427,1101,accepted,1,7.72776e-07,3.68108e-09,1.50722e-09,1.50722e-09,2.27474e-09,2.27474e-09,0.47666,0.0288431,0.446146,0.0123956,0.0347412,0.0114437,0.0232974,,best_validation_checkpoint_0.bin
1428,1102,accepted,1,2.69592e-06,1.84054e-09,1.50412e-09,1.50412e-09,2.27378e-09,2.27378e-09,0.514938,0.030279,0.483037,0.0101116,0.0339198,0.0113498,0.02257,,best_validation_checkpoint_1.bin
1429,1102,rejected,1,1.02779e-05,1.84054e-08,1.50412e-09,1.50412e-09,2.27378e-09,2.27378e-09,0.516663,0.0292545,0.485744,0.0104016,0.0114468,0.0114466,0,,
1430,1103,accepted,0,1.02779e-05,9.20269e-09,1.50181e-09,1.50181e-09,2.27008e-09,2.27008e-09,0,0,0,0.0106666,0.0343686,0.0115344,0.0228341,,best_validation_checkpoint_0.bin
1431,1104,accepted,1,4.95846e-07,4.60134e-09,1.50008e-09,1.50008e-09,2.26889e-09,2.26889e-09,0.51027,0.0306378,0.478044,0.0107591,0.0347535,0.0114129,0.0233404,,best_validation_checkpoint_1.bin
1432,1105,accepted,1,1.75543e-06,2.30067e-09,1.49713e-09,1.49713e-09,2.26743e-09,2.26743e-09,0.523578,0.0296528,0.4923,0.0104209,0.0346647,0.0115411,0.0231235,,best_validation_checkpoint_0.bin
1433,1105,rejected,1,6.71517e-06,2.30067e-08,1.49713e-09,1.49713e-09,2.26743e-09,2.26743e-09,0.521479,0.0300756,0.489732,0.0113298,0.0114076,0.0114074,0,,
1434,1106,accepted,0,6.71517e-06,1.15034e-08,1.49583e-09,1.49583e-09,2.2653e-09,2.2653e-09,0,0,0,0.0104562,0.0343549,0.0114816,0.0228733,,best_validation_checkpoint_1.bin
1435,1107,accepted,1,3.16566e-07,5.75168e-09,1.49444e-09,1.49444e-09,2.26432e-09,2.26432e-09,0.48859,0.0290629,0.457762,0.0120093,0.0344169,0.0115209,0.022896,,best_validation_checkpoint_0.bin
1436,1108,accepted,1,1.13622e-06,2.87584e-09,1.49189e-09,1.49189e-09,2.26283e-09,2.26283e-09,0.500761,0.0295868,0.468801,0.0108604,0.034355,0.0115782,0.0227768,,best_validation_checkpoint_1.bin
1437,1109,accepted,1,4.36512e-06,1.43792e-09,1.48979e-09,1.48979e-09,2.2639e-09,2.26283e-09,0.470348,0.0287633,0.439867,0.0106687,0.0340377,0.0113588,0.0226787,,
1438,1109,rejected,1,1.68455e-05,1.43792e-08,1.48979e-09,1.48979e-09,2.2639e-09,2.26283e-09,0.514533,0.0288022,0.483969,0.0110701,0.0114551,0.0114549,0,,
1439,1110,accepted,0,1.68455e-05,7.1896e-09,1.48506e-09,1.48506e-09,2.2569e-09,2.2569e-09,0,0,0,0.0106314,0.0340958,0.0114262,0.0226696,,best_validation_checkpoint_0.bin
1440,1111,accepted,1,8.2791e-07,3.5948e-09,1.48296e-09,1.48296e-09,2.25557e-09,2.25557e-09,0.514672,0.0289646,0.484096,0.0115728,0.0339297,0.0113407,0.0225888,,best_validation_checkpoint_1.bin
1441,1112,accepted,1,2.91331e-06,1.7974e-09,1.48005e-09,1.48005e-09,2.25484e-09,2.25484e-09,0.464539,0.0298184,0.432927,0.0119295,0.0341619,0.0113923,0.0227695,,best_validation_checkpoint_0.bin
1442,1112,rejected,1,1.11328e-05,1.7974e-08,1.48005e-09,1.48005e-09,2.25484e-09,2.25484e-09,0.478314,0.0287746,0.447929,0.010828,0.0114149,0.0114148,0,,
1443,1113,accepted,0,1.11328e-05,8.987e-09,1.47765e-09,1.47765e-09,2.25108e-09,2.25108e-09,0,0,0,0.0102307,0.0342629,0.0114995,0.0227634,,best_validation_checkpoint_1.bin
1444,1114,accepted,1,5.31611e-07,4.4935e-09,1.47596e-09,1.47596e-09,2.24996e-09,2.24996e-09,0.522491,0.0330707,0.487571,0.0116961,0.0344324,0.0117486,0.0226836,,best_validation_checkpoint_0.bin
1445,1115,accepted,1,1.89684e-06,2.24675e-09,1.47311e-09,1.47311e-09,2.24865e-09,2.24865e-09,0.498579,0.0286899,0.468166,0.0104257,0.0340213,0.0113527,0.0226684,,best_validation_checkpoint_1.bin
1446,1115,rejected,1,7.27218e-06,2.24675e-08,1.47311e-09,1.47311e-09,2.24865e-09,2.24865e-09,0.490454,0.0314795,0.457313,0.0110053,0.0113881,0.0113878,0,,
1447,1116,accepted,0,7.27218e-06,1.12338e-08,1.47179e-09,1.47179e-09,2.24651e-09,2.24651e-09,0,0,0,0.0105356,0.034109,0.0113884,0.0227205,,best_validation_checkpoint_0.bin
1448,1117,accepted,1,3.39624e-07,5.61688e-09,1.47043e-09,1.47043e-09,2.24558e-09,2.24558e-09,0.516594,0.0301878,0.484721,0.0111247,0.0344033,0.0113999,0.0230033,,best_validation_checkpoint_1.bin
1449,1118,accepted,1,1.22757e-06,2.80844e-09,1.46794e-09,1.46794e-09,2.2442e-09,2.2442e-09,0.482713,0.0285517,0.452491,0.0116067,0.0343002,0.0115773,0.0227228,,best_validation_checkpoint_0.bin
1450,1119,accepted,1,4.72607e-06,1.40422e-09,1.46618e-09,1.46618e-09,2.24565e-09,2.2442e-09,0.491655,0.029917,0.460073,0.0107322,0.0343096,0.011596,0.0227135,,
1451,1119,rejected,1,1.82671e-05,1.40422e-08,1.46618e-09,1.46618e-09,2.24565e-09,2.2442e-09,0.504773,0.0288296,0.474222,0.0111151,0.0114977,0.0114973,0,,
1452,1120,accepted,0,1.82671e-05,7.0211e-09,1.46123e-09,1.46123e-09,2.23846e-09,2.23846e-09,0,0,0,0.0109992,0.0342989,0.0114614,0.0228374,,best_validation_checkpoint_1.bin
1453,1121,accepted,1,8.86211e-07,3.51055e-09,1.45918e-09,1.45918e-09,2.23721e-09,2.23721e-09,0.50749,0.0290778,0.476732,0.0112188,0.0339585,0.0113708,0.0225876,,best_validation_checkpoint_0.bin
1454,1122,accepted,1,3.15018e-06,1.75527e-09,1.45644e-09,1.45644e-09,2.2367e-09,2.2367e-09,0.505548,0.0284648,0.475415,0.0119951,0.0342293,0.0113741,0.0228552,,best_validation_checkpoint_1.bin
1455,1122,rejected,1,1.20658e-05,1.75527e-08,1.45644e-09,1.45644e-09,2.2367e-09,2.2367e-09,0.507796,0.0286135,0.477518,0.0117151,0.0114348,0.0114346,0,,
1456,1123,accepted,0,1.20658e-05,8.77637e-09,1.45396e-09,1.45396e-09,2.23288e-09,2.23288e-09,0,0,0,0.0114218,0.0341762,0.0115863,0.0225899,,best_validation_checkpoint_0.bin
1457,1124,accepted,1,5.69403e-07,4.38818e-09,1.4523e-09,1.4523e-09,2.23181e-09,2.23181e-09,0.495707,0.0308014,0.463224,0.0107155,0.0342269,0.0114659,0.0227609,,best_validation_checkpoint_1.bin
1458,1125,accepted,1,2.05029e-06,2.19409e-09,1.44956e-09,1.44956e-09,2.23063e-09,2.23063e-09,0.507324,0.0294579,0.476107,0.0108099,0.0340507,0.0114011,0.0226494,,best_validation_checkpoint_0.bin
1459,1125,rejected,1,7.87807e-06,2.19409e-08,1.44956e-09,1.44956e-09,2.23063e-09,2.23063e-09,0.499973,0.0289815,0.469345,0.0110741,0.0116514,0.0116512,0,,
1460,1126,accepted,0,7.87807e-06,1.09705e-08,1.4482e-09,1.4482e-09,2.22849e-09,2.22849e-09,0,0,0,0.0101869,0.034477,0.0116966,0.0227804,,best_validation_checkpoint_1.bin
1461,1127,accepted,1,3.63993e-07,5.48523e-09,1.44687e-09,1.44687e-09,2.2276e-09,2.2276e-09,0.482685,0.0299909,0.451057,0.0106223,0.0342001,0.0113522,0.0228479,,best_validation_checkpoint_0.bin
1462,1128,accepted,1,1.32643e-06,2.74262e-09,1.44446e-09,1.44446e-09,2.2263e-09,2.2263e-09,0.522204,0.0284327,0.49215,0.0105726,0.0341105,0.0114971,0.0226133,,best_validation_checkpoint_1.bin
1463,1129,accepted,1,5.11772e-06,1.37131e-09,1.44305e-09,1.44305e-09,2.22812e-09,2.2263e-09,0.497449,0.0286637,0.467228,0.0098277,0.0353568,0.0114918,0.023865,,
1464,1129,rejected,1,1.98057e-05,1.37131e-08,1.44305e-09,1.44305e-09,2.22812e-09,2.2263e-09,0.473299,0.0288544,0.442769,0.0108431,0.0114133,0.0114132,0,,
1465,1130,accepted,0,1.98057e-05,6.85654e-09,1.43784e-09,1.43784e-09,2.22073e-09,2.22073e-09,0,0,0,0.010338,0.0341766,0.0113322,0.0228444,,best_validation_checkpoint_0.bin
1466,1131,accepted,1,9.47451e-07,3.42827e-09,1.43584e-09,1.43584e-09,2.21953e-09,2.21953e-09,0.479571,0.0297202,0.448218,0.0101777,0.0342805,0.0113747,0.0229058,,best_validation_checkpoint_1.bin
1467,1132,accepted,1,3.40519e-06,1.71413e-09,1.4333e-09,1.4333e-09,2.21922e-09,2.21922e-09,0.504797,0.0288647,0.474304,0.0101077,0.0342298,0.0113827,0.0228471,,best_validation_checkpoint_0.bin
1468,1132,rejected,1,1.30702e-05,1.71413e-08,1.4333e-09,1.4333e-09,2.21922e-09,2.21922e-09,0.49849,0.0292007,0.467703,0.0106367,0.0115008,0.0115007,0,,
1469,1133,accepted,0,1.30702e-05,8.57067e-09,1.43071e-09,1.43071e-09,2.21534e-09,2.21534e-09,0,0,0,0.010642,0.0340994,0.0114003,0.0226989,,best_validation_checkpoint_1.bin
1470,1134,accepted,1,6.09038e-07,4.28534e-09,1.42909e-09,1.42909e-09,2.21431e-09,2.21431e-09,0.511065,0.0288294,0.480629,0.0111297,0.0341751,0.0114414,0.0227337,,best_validation_checkpoint_0.bin
1471,1135,accepted,1,2.21476e-06,2.14267e-09,1.42646e-09,1.42646e-09,2.21325e-09,2.21325e-09,0.497353,0.0285288,0.467264,0.0103282,0.0345039,0.011561,0.0229428,,best_validation_checkpoint_1.bin
1472,1135,rejected,1,8.5277e-06,2.14267e-08,1.42646e-09,1.42646e-09,2.21325e-09,2.21325e-09,0.469728,0.0298863,0.437836,0.0109925,0.0115465,0.0115463,0,,
1473,1136,accepted,0,8.5277e-06,1.07133e-08,1.42507e-09,1.42507e-09,2.2111e-09,2.2111e-09,0,0,0,0.010784,0.0341398,0.0115561,0.0225837,,best_validation_checkpoint_0.bin
1474,1137,accepted,1,3.89505e-07,5.35667e-09,1.42376e-09,1.42376e-09,2.21024e-09,2.21024e-09,0.510519,0.0299281,0.478925,0.0107109,0.0342747,0.0113235,0.0229511,,best_validation_checkpoint_1.bin
1475,1138,accepted,1,1.43196e-06,2.67834e-09,1.42142e-09,1.42142e-09,2.20902e-09,2.20902e-09,0.496768,0.0292531,0.465824,0.010731,0.0328118,0.0114559,0.0213558,,best_validation_checkpoint_0.bin
1476,1139,accepted,1,5.53611e-06,1.33917e-09,1.4204e-09,1.4204e-09,2.21119e-09,2.20902e-09,0.498205,0.0287589,0.467851,0.0108108,0.034511,0.0114283,0.0230827,,
1477,1139,rejected,1,2.14428e-05,1.33917e-08,1.4204e-09,1.4204e-09,2.21119e-09,2.20902e-09,0.485528,0.0291478,0.454708,0.0113876,0.0114907,0.0114906,0,,
1478,1140,accepted,0,2.14428e-05,6.69584e-09,1.4149e-09,1.4149e-09,2.20357e-09,2.20357e-09,0,0,0,0.0103568,0.0348226,0.0114991,0.0233234,,best_validation_checkpoint_1.bin
1479,1141,accepted,1,1.01102e-06,3.34792e-09,1.41295e-09,1.41295e-09,2.20242e-09,2.20242e-09,0.49344,0.0287981,0.463072,0.0105085,0.0344636,0.0114549,0.0230087,,best_validation_checkpoint_0.bin
1480,1142,accepted,1,3.6751e-06,1.67396e-09,1.41061e-09,1.41061e-09,2.20229e-09,2.20229e-09,0.497505,0.028534,0.467331,0.0115531,0.0342602,0.0113912,0.0228689,,best_validation_checkpoint_1.bin
1481,1142,rejected,1,1.41312e-05,1.67396e-08,1.41061e-09,1.41061e-09,2.20229e-09,2.20229e-09,0.474372,0.0291454,0.443545,0.0103304,0.0115474,0.0115473,0,,
1482,1143,accepted,0,1.41312e-05,8.3698e-09,1.40791e-09,1.40791e-09,2.19833e-09,2.19833e-09,0,0,0,0.0117461,0.0344149,0.0116449,0.0227699,,best_validation_checkpoint_0.bin
1483,1144,accepted,1,6.49985e-07,4.1849e-09,1.40632e-09,1.40632e-09,2.19733e-09,2.19733e-09,0.520045,0.0291224,0.489124,0.0101049,0.0343074,0.0114459,0.0228613,,best_validation_checkpoint_1.bin
1484,1145,accepted,1,2.38769e-06,2.09245e-09,1.4038e-09,1.4038e-09,2.19637e-09,2.19637e-09,0.493108,0.0288472,0.46262,0.0103074,0.0343356,0.0114139,0.0229215,,best_validation_checkpoint_0.bin
1485,1145,rejected,1,9.20963e-06,2.09245e-08,1.4038e-09,1.4038e-09,2.19637e-09,2.19637e-09,0.491484,0.028718,0.46105,0.0105632,0.0114987,0.0114985,0,,
1486,1146,accepted,0,9.20963e-06,1.04622e-08,1.40237e-09,1.40237e-09,2.19419e-09,2.19419e-09,0,0,0,0.0106126,0.0342486,0.0113892,0.0228594,,best_validation_checkpoint_1.bin
1487,1147,accepted,1,4.15747e-07,5.23112e-09,1.40109e-09,1.40109e-09,2.19336e-09,2.19336e-09,0.508177,0.0289507,0.477608,0.0099774,0.0342323,0.0113945,0.0228377,,best_validation_checkpoint_0.bin
1488,1148,accepted,1,1.54228e-06,2.61556e-09,1.39881e-09,1.39881e-09,2.1922e-09,2.1922e-09,0.472353,0.0284649,0.442139,0.0104448,0.0341452,0.0113702,0.022775,,best_validation_checkpoint_1.bin
1489,1149,accepted,1,5.97295e-06,1.30778e-09,1.3982e-09,1.3982e-09,2.19474e-09,2.1922e-09,0.519777,0.0287942,0.489341,0.0097741,0.0342156,0.0114557,0.0227598,,
1490,1149,rejected,1,2.31431e-05,1.30778e-08,1.3982e-09,1.3982e-09,2.19474e-09,2.1922e-09,0.503455,0.0287624,0.472717,0.0112096,0.0113967,0.0113967,0,,
1491,1150,accepted,0,2.31431e-05,6.5389e-09,1.39239e-09,1.39239e-09,2.18682e-09,2.18682e-09,0,0,0,0.0114399,0.0342703,0.0115165,0.0227537,,best_validation_checkpoint_0.bin
1492,1151,accepted,1,1.07562e-06,3.26945e-09,1.39048e-09,1.39048e-09,2.18571e-09,2.18571e-09,0.509515,0.0289811,0.478782,0.011258,0.034355,0.0116235,0.0227315,,best_validation_checkpoint_1.bin
1493,1152,accepted,1,3.95381e-06,1.63473e-09,1.38835e-09,1.38835e-09,2.18575e-09,2.18571e-09,0.484059,0.0286496,0.453669,0.0119423,0.0346303,0.01168,0.0229502,,
1494,1152,rejected,1,1.52228e-05,1.63473e-08,1.38835e-09,1.38835e-09,2.18575e-09,2.18571e-09,0.481204,0.0287767,0.450744,0.0108095,0.0113505,0.0113505,0,,
1495,1153,accepted,0,1.52228e-05,8.17363e-09,1.38552e-09,1.38552e-09,2.18168e-09,2.18168e-09,0,0,0,0.0111741,0.0341969,0.0115475,0.0226494,,best_validation_checkpoint_0.bin
1496,1154,accepted,1,6.91272e-07,4.08682e-09,1.38396e-09,1.38396e-09,2.18071e-09,2.18071e-09,0.502919,0.0299929,0.471247,0.0104924,0.0341295,0.011545,0.0225844,,best_validation_checkpoint_1.bin
1497,1155,accepted,1,2.5647e-06,2.04341e-09,1.38156e-09,1.38156e-09,2.17984e-09,2.17984e-09,0.490788,0.0291905,0.459963,0.0098858,0.0341888,0.0114327,0.022756,,best_validation_checkpoint_0.bin
1498,1155,rejected,1,9.90552e-06,2.04341e-08,1.38156e-09,1.38156e-09,2.17984e-09,2.17984e-09,0.479231,0.0290647,0.448541,0.0104439,0.0113876,0.0113876,0,,
1499,1156,accepted,0,9.90552e-06,1.0217e-08,1.38008e-09,1.38008e-09,2.17763e-09,2.17763e-09,0,0,0,0.0107459,0.0340825,0.0114551,0.0226274,,best_validation_checkpoint_1.bin
1500,1157,accepted,1,4.42023e-07,5.10852e-09,1.37882e-09,1.37882e-09,2.17681e-09,2.17681e-09,0.521002,0.0289186,0.490247,0.0107272,0.0346574,0.011625,0.0230324,,best_validation_checkpoint_0.bin
1501,1158,accepted,1,1.65434e-06,2.55426e-09,1.37661e-09,1.37661e-09,2.17569e-09,2.17569e-09,0.457876,0.0286776,0.427557,0.0100912,0.034318,0.0113895,0.0229284,,best_validation_checkpoint_1.bin
1502,1159,accepted,1,6.41564e-06,1.27713e-09,1.37643e-09,1.37643e-09,2.17859e-09,2.17569e-09,0.480691,0.0294576,0.449454,0.0113186,0.0344403,0.0113938,0.0230465,,
1503,1159,rejected,1,2.48558e-05,1.27713e-08,1.37643e-09,1.37643e-09,2.17859e-09,2.17569e-09,0.500749,0.0309252,0.468064,0.0105802,0.0113551,0.0113551,0,,
1504,1160,accepted,0,2.48558e-05,6.38565e-09,1.37028e-09,1.37028e-09,2.17034e-09,2.17034e-09,0,0,0,0.0108866,0.0343264,0.0115162,0.0228101,,best_validation_checkpoint_0.bin
1505,1161,accepted,1,1.13928e-06,3.19282e-09,1.36842e-09,1.36842e-09,2.16925e-09,2.16925e-09,0.494564,0.0322833,0.460632,0.0104667,0.0342938,0.0113522,0.0229416,,best_validation_checkpoint_1.bin
1506,1162,accepted,1,4.23263e-06,1.59641e-09,1.36649e-09,1.36649e-09,2.16945e-09,2.16925e-09,0.524557,0.0286408,0.494282,0.0107835,0.034173,0.0113771,0.0227959,,
1507,1162,rejected,1,1.63097e-05,1.59641e-08,1.36649e-09,1.36649e-09,2.16945e-09,2.16925e-09,0.500045,0.0288779,0.469567,0.0099624,0.0113283,0.0113281,0,,
1508,1163,accepted,0,1.63097e-05,7.98206e-09,1.36353e-09,1.36353e-09,2.16525e-09,2.16525e-09,0,0,0,0.0105121,0.0341402,0.0113479,0.0227921,,best_validation_checkpoint_0.bin
1509,1164,accepted,1,7.31528e-07,3.99103e-09,1.362e-09,1.362e-09,2.16429e-09,2.16429e-09,0.499665,0.033201,0.464782,0.0118724,0.0342232,0.0114526,0.0227706,,best_validation_checkpoint_1.bin
1510,1165,accepted,1,2.73988e-06,1.99552e-09,1.35971e-09,1.35971e-09,2.16349e-09,2.16349e-09,0.506887,0.029069,0.476079,0.0102288,0.0344655,0.0114748,0.0229906,,best_validation_checkpoint_0.bin
1511,1165,rejected,1,1.05917e-05,1.99552e-08,1.35971e-09,1.35971e-09,2.16349e-09,2.16349e-09,0.497429,0.0285963,0.467169,0.0110304,0.011576,0.011576,0,,
1512,1166,accepted,0,1.05917e-05,9.97758e-09,1.35818e-09,1.35818e-09,2.16122e-09,2.16122e-09,0,0,0,0.0112469,0.0341731,0.0114921,0.0226809,,best_validation_checkpoint_1.bin
1513,1167,accepted,1,4.67413e-07,4.98879e-09,1.35694e-09,1.35694e-09,2.16041e-09,2.16041e-09,0.512544,0.0326262,0.478243,0.0104349,0.0344743,0.0114641,0.02301,,best_validation_checkpoint_0.bin
1514,1168,accepted,1,1.76422e-06,2.49439e-09,1.35481e-09,1.35481e-09,2.15933e-09,2.15933e-09,0.465559,0.028067,0.435848,0.0109672,0.034271,0.0113563,0.0229146,,best_validation_checkpoint_1.bin
1515,1168,rejected,1,6.84851e-06,2.49439e-08,1.35481e-09,1.35481e-09,2.15933e-09,2.15933e-09,0.478453,0.0285695,0.448258,0.0105349,0.0114,0.0113998,0,,
1516,1169,accepted,0,6.84851e-06,1.2472e-08,1.35393e-09,1.35393e-09,2.15803e-09,2.15803e-09,0,0,0,0.0101295,0.0339159,0.0113103,0.0226055,,best_validation_checkpoint_0.bin
1517,1170,accepted,1,2.98268e-07,6.23599e-09,1.35294e-09,1.35294e-09,2.15735e-09,2.15735e-09,0.497664,0.0310777,0.464813,0.0104035,0.0341376,0.0115009,0.0226367,,best_validation_checkpoint_1.bin
1518,1171,accepted,1,1.13348e-06,3.11799e-09,1.3511e-09,1.3511e-09,2.15628e-09,2.15628e-09,0.490143,0.0283728,0.459831,0.0107832,0.0341374,0.0114194,0.0227179,,best_validation_checkpoint_0.bin
1519,1172,accepted,1,4.41718e-06,1.559e-09,1.34935e-09,1.34935e-09,2.15659e-09,2.15628e-09,0.496896,0.0289394,0.466269,0.0113682,0.0339196,0.0113418,0.0225777,,
1520,1172,rejected,1,1.71605e-05,1.559e-08,1.34935e-09,1.34935e-09,2.15659e-09,2.15628e-09,0.494249,0.0289052,0.463675,0.0096742,0.0114981,0.0114981,0,,
1521,1173,accepted,0,1.71605e-05,7.79498e-09,1.34625e-09,1.34625e-09,2.15221e-09,2.15221e-09,0,0,0,0.0124917,0.0345642,0.0116403,0.0229239,,best_validation_checkpoint_1.bin
1522,1174,accepted,1,7.64398e-07,3.89749e-09,1.34474e-09,1.34474e-09,2.15125e-09,2.15125e-09,0.476909,0.031095,0.444075,0.0108822,0.0345574,0.0116514,0.022906,,best_validation_checkpoint_0.bin
1523,1175,accepted,1,2.88666e-06,1.94875e-09,1.34254e-09,1.34254e-09,2.15049e-09,2.15049e-09,0.517174,0.0286972,0.48685,0.0119633,0.0341428,0.0115112,0.0226315,,best_validation_checkpoint_1.bin
1524,1175,rejected,1,1.11863e-05,1.94875e-08,1.34254e-09,1.34254e-09,2.15049e-09,2.15049e-09,0.477554,0.0309064,0.444989,0.0103523,0.0113658,0.0113655,0,,
1525,1176,accepted,0,1.11863e-05,9.74373e-09,1.34094e-09,1.34094e-09,2.14815e-09,2.14815e-09,0,0,0,0.0108152,0.0341426,0.0114241,0.0227184,,best_validation_checkpoint_0.bin
1526,1177,accepted,1,4.89948e-07,4.87186e-09,1.33972e-09,1.33972e-09,2.14733e-09,2.14733e-09,0.503149,0.0294077,0.472067,0.0114499,0.0344364,0.0115177,0.0229186,,best_validation_checkpoint_1.bin
1527,1178,accepted,1,1.86177e-06,2.43593e-09,1.33763e-09,1.33763e-09,2.14626e-09,2.14626e-09,0.47502,0.0307313,0.442559,0.011048,0.0343233,0.0114685,0.0228547,,best_validation_checkpoint_0.bin
1528,1178,rejected,1,7.23588e-06,2.43593e-08,1.33763e-09,1.33763e-09,2.14626e-09,2.14626e-09,0.522367,0.0317469,0.489022,0.0097605,0.011485,0.0114848,0,,
1529,1179,accepted,0,7.23588e-06,1.21797e-08,1.33673e-09,1.33673e-09,2.14492e-09,2.14492e-09,0,0,0,0.0119414,0.0302891,0.0114863,0.0188028,,best_validation_checkpoint_1.bin
1530,1180,accepted,1,3.12874e-07,6.08983e-09,1.33575e-09,1.33575e-09,2.14424e-09,2.14424e-09,0.486866,0.028936,0.456323,0.009796,0.0335165,0.0114242,0.0220922,,best_validation_checkpoint_0.bin
1531,1181,accepted,1,1.19595e-06,3.04491e-09,1.33394e-09,1.33394e-09,2.14317e-09,2.14317e-09,0.486498,0.029063,0.455772,0.0107833,0.034115,0.0114582,0.0226567,,best_validation_checkpoint_1.bin
1532,1182,accepted,1,4.66478e-06,1.52246e-09,1.33237e-09,1.33237e-09,2.14361e-09,2.14317e-09,0.498158,0.0287091,0.467841,0.0095909,0.0352095,0.0119131,0.0232962,,
1533,1182,rejected,1,1.81195e-05,1.52246e-08,1.33237e-09,1.33237e-09,2.14361e-09,2.14317e-09,0.483091,0.0299348,0.451456,0.0123408,0.0115422,0.011542,0,,
1534,1183,accepted,0,1.81195e-05,7.61229e-09,1.32911e-09,1.32911e-09,2.13903e-09,2.13903e-09,0,0,0,0.0114676,0.0344642,0.0114599,0.0230041,,best_validation_checkpoint_0.bin
1535,1184,accepted,1,8.00011e-07,3.80614e-09,1.32762e-09,1.32762e-09,2.13807e-09,2.13807e-09,0.517452,0.0312109,0.484534,0.0104857,0.0343409,0.0116174,0.0227235,,best_validation_checkpoint_1.bin
1536,1185,accepted,1,3.04212e-06,1.90307e-09,1.32551e-09,1.32551e-09,2.13735e-09,2.13735e-09,0.488536,0.0293683,0.45752,0.0104108,0.0342196,0.0114169,0.0228026,,best_validation_checkpoint_0.bin
1537,1185,rejected,1,1.17921e-05,1.90307e-08,1.32551e-09,1.32551e-09,2.13735e-09,2.13735e-09,0.497655,0.0303163,0.465667,0.0120198,0.0115481,0.0115481,0,,
1538,1186,accepted,0,1.17921e-05,9.51536e-09,1.32385e-09,1.32385e-09,2.13491e-09,2.13491e-09,0,0,0,0.0115969,0.0342141,0.0113846,0.0228295,,best_validation_checkpoint_1.bin
1539,1187,accepted,1,5.12363e-07,4.75768e-09,1.32264e-09,1.32264e-09,2.13409e-09,2.13409e-09,0.476465,0.0307546,0.444105,0.0118369,0.0342931,0.0115109,0.022782,,best_validation_checkpoint_0.bin
1540,1188,accepted,1,1.959e-06,2.37884e-09,1.32059e-09,1.32059e-09,2.13303e-09,2.13303e-09,0.481407,0.0287376,0.451016,0.0116222,0.0341429,0.0113614,0.0227814,,best_validation_checkpoint_1.bin
1541,1188,rejected,1,7.61648e-06,2.37884e-08,1.32059e-09,1.32059e-09,2.13303e-09,2.13303e-09,0.498483,0.0291424,0.467732,0.0110725,0.0114161,0.0114161,0,,
1542,1189,accepted,0,7.61648e-06,1.18942e-08,1.31967e-09,1.31967e-09,2.13164e-09,2.13164e-09,0,0,0,0.010999,0.0342564,0.0115549,0.0227014,,best_validation_checkpoint_0.bin
1543,1190,accepted,1,3.26944e-07,5.9471e-09,1.3187e-09,1.3187e-09,2.13096e-09,2.13096e-09,0.470548,0.0310626,0.437864,0.0112354,0.0341361,0.0114883,0.0226476,,best_validation_checkpoint_1.bin
1544,1191,accepted,1,1.25669e-06,2.97355e-09,1.31692e-09,1.31692e-09,2.12987e-09,2.12987e-09,0.499535,0.0288553,0.468915,0.0116808,0.034323,0.011554,0.0227688,,best_validation_checkpoint_0.bin
1545,1192,accepted,1,4.90395e-06,1.48677e-09,1.31552e-09,1.31552e-09,2.13044e-09,2.12987e-09,0.497172,0.029822,0.465609,0.0111157,0.0339576,0.0114094,0.0225481,,
1546,1192,rejected,1,1.90369e-05,1.48677e-08,1.31552e-09,1.31552e-09,2.13044e-09,2.12987e-09,0.475619,0.0285917,0.445322,0.0097856,0.0115766,0.0115766,0,,
1547,1193,accepted,0,1.90369e-05,7.43387e-09,1.31212e-09,1.31212e-09,2.12565e-09,2.12565e-09,0,0,0,0.0108171,0.0343405,0.0115089,0.0228316,,best_validation_checkpoint_1.bin
1548,1194,accepted,1,8.33291e-07,3.71694e-09,1.31064e-09,1.31064e-09,2.12467e-09,2.12467e-09,0.507008,0.0293489,0.475942,0.0099989,0.0341484,0.0113797,0.0227686,,best_validation_checkpoint_0.bin
1549,1195,accepted,1,3.18974e-06,1.85847e-09,1.30861e-09,1.30861e-09,2.12399e-09,2.12399e-09,0.509707,0.028892,0.479051,0.0103752,0.0343734,0.0114935,0.0228799,,best_validation_checkpoint_1.bin
1550,1195,rejected,1,1.2365e-05,1.85847e-08,1.30861e-09,1.30861e-09,2.12399e-09,2.12399e-09,0.495948,0.0285632,0.46555,0.0105019,0.0116148,0.0116147,0,,
1551,1196,accepted,0,1.2365e-05,9.29234e-09,1.30689e-09,1.30689e-09,2.12145e-09,2.12145e-09,0,0,0,0.0135006,0.0340456,0.0114847,0.0225608,,best_validation_checkpoint_0.bin
1552,1197,accepted,1,5.33101e-07,4.64617e-09,1.3057e-09,1.3057e-09,2.12062e-09,2.12062e-09,0.483901,0.0298254,0.451957,0.0103202,0.0345697,0.0113667,0.023203,,best_validation_checkpoint_1.bin
1553,1198,accepted,1,2.05051e-06,2.32309e-09,1.30369e-09,1.30369e-09,2.11955e-09,2.11955e-09,0.518899,0.0293938,0.487846,0.0096658,0.0340392,0.0114781,0.0225611,,best_validation_checkpoint_0.bin
1554,1198,rejected,1,7.97386e-06,2.32309e-08,1.30369e-09,1.30369e-09,2.11955e-09,2.11955e-09,0.499783,0.0290196,0.469038,0.0122923,0.0109122,0.0109122,0,,
1555,1199,accepted,0,7.97386e-06,1.16154e-08,1.30275e-09,1.30275e-09,2.11812e-09,2.11812e-09,0,0,0,0.0113891,0.0341668,0.0114402,0.0227264,,best_validation_checkpoint_1.bin
1556,1200,accepted,1,3.39885e-07,5.80771e-09,1.30178e-09,1.30178e-09,2.11742e-09,2.11742e-09,0.495485,0.0290469,0.464745,0.0106323,0.0345882,0.0113564,0.0232316,,best_validation_checkpoint_0.bin
1557,1201,accepted,1,1.31349e-06,2.90386e-09,1.30002e-09,1.30002e-09,2.11633e-09,2.11633e-09,0.51142,0.0288596,0.480894,0.00992,0.0341941,0.0113561,0.0228379,,best_validation_checkpoint_1.bin
1558,1202,accepted,1,5.12743e-06,1.45193e-09,1.29878e-09,1.29878e-09,2.117e-09,2.11633e-09,0.492617,0.0288731,0.462001,0.0115661,0.0338814,0.0113419,0.0225394,,
1559,1202,rejected,1,1.98915e-05,1.45193e-08,1.29878e-09,1.29878e-09,2.117e-09,2.11633e-09,0.485878,0.0286541,0.455556,0.0107381,0.0113933,0.0113932,0,,
1560,1203,accepted,0,1.98915e-05,7.25964e-09,1.29524e-09,1.29524e-09,2.11199e-09,2.11199e-09,0,0,0,0.0105189,0.0341469,0.0114524,0.0226944,,best_validation_checkpoint_0.bin
1561,1204,accepted,1,8.63505e-07,3.62982e-09,1.29378e-09,1.29378e-09,2.11099e-09,2.11099e-09,0.490512,0.0287193,0.460175,0.0122239,0.0339762,0.0113677,0.0226085,,best_validation_checkpoint_1.bin
1562,1205,accepted,1,3.32681e-06,1.81491e-09,1.29183e-09,1.29183e-09,2.11034e-09,2.11034e-09,0.493777,0.0285605,0.463549,0.0114698,0.0341922,0.0115727,0.0226194,,best_validation_checkpoint_0.bin
1563,1205,rejected,1,1.28962e-05,1.81491e-08,1.29183e-09,1.29183e-09,2.11034e-09,2.11034e-09,0.472517,0.029429,0.441439,0.0115402,0.0114202,0.0114202,0,,
1564,1206,accepted,0,1.28962e-05,9.07455e-09,1.29006e-09,1.29006e-09,2.10769e-09,2.10769e-09,0,0,0,0.0112768,0.0345613,0.0116554,0.0229058,,best_validation_checkpoint_1.bin
1565,1207,accepted,1,5.51868e-07,4.53728e-09,1.28887e-09,1.28887e-09,2.10684e-09,2.10684e-09,0.492578,0.029446,0.461139,0.0109081,0.0339575,0.0114332,0.0225243,,best_validation_checkpoint_0.bin
1566,1208,accepted,1,2.13514e-06,2.26864e-09,1.2869e-09,1.2869e-09,2.10577e-09,2.10577e-09,0.522266,0.0286258,0.492033,0.0096758,0.0342544,0.0114867,0.0227676,,best_validation_checkpoint_1.bin
1567,1208,rejected,1,8.30416e-06,2.26864e-08,1.2869e-09,1.2869e-09,2.10577e-09,2.10577e-09,0.49681,0.0286022,0.466411,0.0107871,0.0120844,0.0120842,0,,
1568,1209,accepted,0,8.30416e-06,1.13432e-08,1.28594e-09,1.28594e-09,2.10427e-09,2.10427e-09,0,0,0,0.0121333,0.0351448,0.011999,0.0231457,,best_validation_checkpoint_0.bin
1569,1210,accepted,1,3.5157e-07,5.6716e-09,1.28499e-09,1.28499e-09,2.10356e-09,2.10356e-09,0.504159,0.0297367,0.472763,0.010143,0.0340842,0.0113868,0.0226974,,best_validation_checkpoint_1.bin
1570,1211,accepted,1,1.36587e-06,2.8358e-09,1.28325e-09,1.28325e-09,2.10245e-09,2.10245e-09,0.512207,0.0287798,0.481514,0.0107702,0.0342825,0.0116017,0.0226808,,best_validation_checkpoint_0.bin
1571,1212,accepted,1,5.33349e-06,1.4179e-09,1.28216e-09,1.28216e-09,2.10321e-09,2.10245e-09,0.464179,0.0289158,0.433586,0.0100357,0.0343285,0.0113913,0.0229371,,
1572,1212,rejected,1,2.06782e-05,1.4179e-08,1.28216e-09,1.28216e-09,2.10321e-09,2.10245e-09,0.487216,0.0282631,0.457379,0.0103623,0.0114553,0.0114553,0,,
1573,1213,accepted,0,2.06782e-05,7.08949e-09,1.2785e-09,1.2785e-09,2.09797e-09,2.09797e-09,0,0,0,0.0110475,0.0329598,0.0108561,0.0221036,,best_validation_checkpoint_1.bin
1574,1214,accepted,1,8.90578e-07,3.54475e-09,1.27705e-09,1.27705e-09,2.09696e-09,2.09696e-09,0.488591,0.030154,0.456738,0.0108963,0.0343533,0.0116135,0.0227398,,best_validation_checkpoint_0.bin
1575,1215,accepted,1,3.453e-06,1.77237e-09,1.27516e-09,1.27516e-09,2.09632e-09,2.09632e-09,0.525392,0.0290505,0.494648,0.010384,0.0344,0.0114773,0.0229226,,best_validation_checkpoint_1.bin
1576,1215,rejected,1,1.33851e-05,1.77237e-08,1.27516e-09,1.27516e-09,2.09632e-09,2.09632e-09,0.522706,0.0285659,0.492604,0.0115695,0.0117207,0.0117207,0,,
1577,1216,accepted,0,1.33851e-05,8.86187e-09,1.27335e-09,1.27335e-09,2.09355e-09,2.09355e-09,0,0,0,0.0118094,0.0341706,0.0114713,0.0226993,,best_validation_checkpoint_0.bin
1578,1217,accepted,1,5.68712e-07,4.43093e-09,1.27217e-09,1.27217e-09,2.09268e-09,2.09268e-09,0.50872,0.0291326,0.477929,0.0099062,0.0342735,0.01136,0.0229134,,best_validation_checkpoint_1.bin
1579,1218,accepted,1,2.21303e-06,2.21547e-09,1.27024e-09,1.27024e-09,2.0916e-09,2.0916e-09,0.498016,0.0298901,0.46648,0.0111951,0.0345425,0.0118981,0.0226444,,best_validation_checkpoint_0.bin
1580,1218,rejected,1,8.60823e-06,2.21547e-08,1.27024e-09,1.27024e-09,2.0916e-09,2.0916e-09,0.488824,0.0287749,0.458432,0.0101457,0.0114833,0.011483,0,,
1581,1219,accepted,0,8.60823e-06,1.10773e-08,1.26926e-09,1.26926e-09,2.09004e-09,2.09004e-09,0,0,0,0.0099068,0.0341413,0.0113244,0.0228168,,best_validation_checkpoint_1.bin
1582,1220,accepted,1,3.6208e-07,5.53867e-09,1.26831e-09,1.26831e-09,2.08931e-09,2.08931e-09,0.501822,0.0311607,0.469012,0.0113066,0.034682,0.0117676,0.0229143,,best_validation_checkpoint_0.bin
1583,1221,accepted,1,1.41408e-06,2.76933e-09,1.26659e-09,1.26659e-09,2.08818e-09,2.08818e-09,0.502139,0.0291498,0.471148,0.009885,0.0341786,0.0114493,0.0227292,,best_validation_checkpoint_1.bin
1584,1222,accepted,1,5.5233e-06,1.38467e-09,1.26563e-09,1.26563e-09,2.08901e-09,2.08818e-09,0.488289,0.0287201,0.457703,0.0103582,0.0345435,0.0114298,0.0231137,,
1585,1222,rejected,1,2.14029e-05,1.38467e-08,1.26563e-09,1.26563e-09,2.08901e-09,2.08818e-09,0.497586,0.0289953,0.466557,0.0113792,0.0116935,0.0116933,0,,
1586,1223,accepted,0,2.14029e-05,6.92333e-09,1.26186e-09,1.26186e-09,2.08354e-09,2.08354e-09,0,0,0,0.0109566,0.0341325,0.01157,0.0225624,,best_validation_checkpoint_0.bin
1587,1224,accepted,1,9.14915e-07,3.46167e-09,1.26043e-09,1.26043e-09,2.08251e-09,2.08251e-09,0.476527,0.0290941,0.445772,0.0105886,0.0344534,0.011387,0.0230664,,best_validation_checkpoint_1.bin
1588,1225,accepted,1,3.56971e-06,1.73083e-09,1.25861e-09,1.25861e-09,2.08188e-09,2.08188e-09,0.517141,0.0287821,0.486741,0.0096257,0.0341698,0.0115725,0.0225973,,best_validation_checkpoint_0.bin
1589,1225,rejected,1,1.38375e-05,1.73083e-08,1.25861e-09,1.25861e-09,2.08188e-09,2.08188e-09,0.507382,0.0302775,0.475456,0.0099713,0.011389,0.0113887,0,,
1590,1226,accepted,0,1.38375e-05,8.65417e-09,1.25675e-09,1.25675e-09,2.07899e-09,2.07899e-09,0,0,0,0.0107884,0.0343939,0.0114693,0.0229246,,best_validation_checkpoint_1.bin
1591,1227,accepted,1,5.83974e-07,4.32708e-09,1.25559e-09,1.25559e-09,2.0781e-09,2.0781e-09,0.521213,0.02853,0.49099,0.0102448,0.0343547,0.0114989,0.0228558,,best_validation_checkpoint_0.bin
1592,1228,accepted,1,2.28538e-06,2.16354e-09,1.25369e-09,1.25369e-09,2.077e-09,2.077e-09,0.485304,0.0282249,0.455512,0.010291,0.0340689,0.0113583,0.0227105,,best_validation_checkpoint_1.bin
1593,1228,rejected,1,8.89075e-06,2.16354e-08,1.25369e-09,1.25369e-09,2.077e-09,2.077e-09,0.522319,0.0300144,0.490619,0.0110988,0.0114135,0.0114133,0,,
1594,1229,accepted,0,8.89075e-06,1.08177e-08,1.25269e-09,1.25269e-09,2.07537e-09,2.07537e-09,0,0,0,0.0117367,0.0343097,0.0114941,0.0228155,,best_validation_checkpoint_0.bin
1595,1230,accepted,1,3.7167e-07,5.40885e-09,1.25175e-09,1.25175e-09,2.07462e-09,2.07462e-09,0.464681,0.031037,0.432031,0.0104326,0.0344717,0.0115627,0.022909,,best_validation_checkpoint_1.bin
1596,1231,accepted,1,1.45904e-06,2.70443e-09,1.25005e-09,1.25005e-09,2.07346e-09,2.07346e-09,0.509805,0.0293797,0.478729,0.0115885,0.0343112,0.0115356,0.0227755,,best_validation_checkpoint_0.bin
1597,1232,accepted,1,5.70034e-06,1.35221e-09,1.24921e-09,1.24921e-09,2.07436e-09,2.07346e-09,0.511231,0.0320281,0.477485,0.0114631,0.0339917,0.0113577,0.022634,,
1598,1232,rejected,1,2.20792e-05,1.35221e-08,1.24921e-09,1.24921e-09,2.07436e-09,2.07346e-09,0.496934,0.0286206,0.46659,0.0110922,0.0114924,0.0114923,0,,
1599,1233,accepted,0,2.20792e-05,6.76107e-09,1.24535e-09,1.24535e-09,2.06866e-09,2.06866e-09,0,0,0,0.0098975,0.0339344,0.0113483,0.022586,,best_validation_checkpoint_1.bin
1600,1234,accepted,1,9.37321e-07,3.38053e-09,1.24393e-09,1.24393e-09,2.06761e-09,2.06761e-09,0.498895,0.0304959,0.466774,0.0107658,0.0334159,0.0114165,0.0219994,,best_validation_checkpoint_0.bin
1601,1235,accepted,1,3.67967e-06,1.69027e-09,1.24216e-09,1.24216e-09,2.06698e-09,2.06698e-09,0.487618,0.0289694,0.456955,0.010432,0.0342994,0.0114182,0.0228812,,best_validation_checkpoint_1.bin
1602,1235,rejected,1,1.42635e-05,1.69027e-08,1.24216e-09,1.24216e-09,2.06698e-09,2.06698e-09,0.495947,0.0304873,0.463815,0.0100646,0.0113659,0.0113658,0,,
1603,1236,accepted,0,1.42635e-05,8.45134e-09,1.24028e-09,1.24028e-09,2.06397e-09,2.06397e-09,0,0,0,0.0106618,0.0341069,0.0114341,0.0226727,,best_validation_checkpoint_0.bin
1604,1237,accepted,1,5.98216e-07,4.22567e-09,1.23912e-09,1.23912e-09,2.06305e-09,2.06305e-09,0.507335,0.0300398,0.475704,0.0099742,0.0340732,0.0114066,0.0226665,,best_validation_checkpoint_1.bin
1605,1238,accepted,1,2.35409e-06,2.11283e-09,1.23725e-09,1.23725e-09,2.06193e-09,2.06193e-09,0.514896,0.0283431,0.484975,0.0111772,0.0343526,0.0114922,0.0228603,,best_validation_checkpoint_0.bin
1606,1238,rejected,1,9.15874e-06,2.11283e-08,1.23725e-09,1.23725e-09,2.06193e-09,2.06193e-09,0.487332,0.0289003,0.456737,0.0105779,0.0113849,0.0113846,0,,
1607,1239,accepted,0,9.15874e-06,1.05642e-08,1.23625e-09,1.23625e-09,2.06023e-09,2.06023e-09,0,0,0,0.0106938,0.0340501,0.0114079,0.0226421,,best_validation_checkpoint_1.bin
1608,1240,accepted,1,3.80714e-07,5.28208e-09,1.23531e-09,1.23531e-09,2.05947e-09,2.05947e-09,0.490151,0.0288454,0.459632,0.0110333,0.0344676,0.0114903,0.0229772,,best_validation_checkpoint_0.bin
1609,1241,accepted,1,1.50201e-06,2.64104e-09,1.23363e-09,1.23363e-09,2.05828e-09,2.05828e-09,0.499868,0.0293474,0.468894,0.0104958,0.0343016,0.0115359,0.0227656,,best_validation_checkpoint_1.bin
1610,1242,accepted,1,5.86932e-06,1.32052e-09,1.2329e-09,1.2329e-09,2.05923e-09,2.05828e-09,0.486297,0.0286186,0.455865,0.0118893,0.0343508,0.0114376,0.0229131,,
1611,1242,rejected,1,2.27245e-05,1.32052e-08,1.2329e-09,1.2329e-09,2.05923e-09,2.05828e-09,0.473652,0.0302786,0.44168,0.010596,0.011341,0.011341,0,,
1612,1243,accepted,0,2.27245e-05,6.60261e-09,1.22896e-09,1.22896e-09,2.05331e-09,2.05331e-09,0,0,0,0.0108897,0.0324223,0.0114811,0.0209411,,best_validation_checkpoint_0.bin
1613,1244,accepted,1,9.58788e-07,3.3013e-09,1.22755e-09,1.22755e-09,2.05223e-09,2.05223e-09,0.482204,0.0289923,0.451546,0.0118256,0.0341486,0.0113477,0.0228009,,best_validation_checkpoint_1.bin
1614,1245,accepted,1,3.78603e-06,1.65065e-09,1.22584e-09,1.22584e-09,2.05159e-09,2.05159e-09,0.471749,0.0299467,0.440176,0.0108234,0.0343394,0.0113418,0.0229976,,best_validation_checkpoint_0.bin
1615,1245,rejected,1,1.46742e-05,1.65065e-08,1.22584e-09,1.22584e-09,2.05159e-09,2.05159e-09,0.524623,0.0298117,0.493084,0.0111198,0.0113897,0.0113896,0,,
1616,1246,accepted,0,1.46742e-05,8.25326e-09,1.22392e-09,1.22392e-09,2.04846e-09,2.04846e-09,0,0,0,0.0106759,0.0340973,0.0115149,0.0225823,,best_validation_checkpoint_1.bin
1617,1247,accepted,1,6.12062e-07,4.12663e-09,1.22277e-09,1.22277e-09,2.04753e-09,2.04753e-09,0.508739,0.0306491,0.47646,0.0113308,0.034134,0.0114543,0.0226796,,best_validation_checkpoint_0.bin
1618,1248,accepted,1,2.42112e-06,2.06331e-09,1.22094e-09,1.22094e-09,2.04638e-09,2.04638e-09,0.497103,0.0287809,0.466616,0.0109505,0.0341189,0.0113762,0.0227427,,best_validation_checkpoint_1.bin
1619,1248,rejected,1,9.41905e-06,2.06331e-08,1.22094e-09,1.22094e-09,2.04638e-09,2.04638e-09,0.491047,0.029191,0.460185,0.0102383,0.0113819,0.0113817,0,,
1620,1249,accepted,0,9.41905e-06,1.03166e-08,1.21992e-09,1.21992e-09,2.04461e-09,2.04461e-09,0,0,0,0.0114621,0.0343199,0.0115804,0.0227395,,best_validation_checkpoint_0.bin
1621,1250,accepted,1,3.89593e-07,5.15829e-09,1.21899e-09,1.21899e-09,2.04382e-09,2.04382e-09,0.517737,0.0293459,0.486382,0.0116428,0.0343137,0.0114384,0.0228751,,best_validation_checkpoint_1.bin
1622,1251,accepted,1,1.54421e-06,2.57914e-09,1.21734e-09,1.21734e-09,2.04261e-09,2.04261e-09,0.479427,0.0288967,0.448882,0.0102551,0.034304,0.0115403,0.0227636,,best_validation_checkpoint_0.bin
1623,1252,accepted,1,6.03442e-06,1.28957e-09,1.21672e-09,1.21672e-09,2.04361e-09,2.04261e-09,0.491842,0.0284086,0.461783,0.0108058,0.0340148,0.0113987,0.0226161,,
1624,1252,rejected,1,2.33524e-05,1.28957e-08,1.21672e-09,1.21672e-09,2.04361e-09,2.04261e-09,0.509082,0.0279398,0.479483,0.0102294,0.0114494,0.0114493,0,,
1625,1253,accepted,0,2.33524e-05,6.44786e-09,1.21269e-09,1.21269e-09,2.03747e-09,2.03747e-09,0,0,0,0.0102847,0.0339531,0.0112476,0.0227054,,best_validation_checkpoint_1.bin
1626,1254,accepted,1,9.80194e-07,3.22393e-09,1.2113e-09,1.2113e-09,2.03636e-09,2.03636e-09,0.512673,0.0290285,0.481981,0.0100786,0.0341517,0.0114876,0.0226639,,best_validation_checkpoint_0.bin
1627,1255,accepted,1,3.89117e-06,1.61196e-09,1.20964e-09,1.20964e-09,2.03573e-09,2.03573e-09,0.504082,0.0290001,0.473426,0.0107862,0.0343837,0.0114869,0.0228967,,best_validation_checkpoint_1.bin
1628,1255,rejected,1,1.50767e-05,1.61196e-08,1.20964e-09,1.20964e-09,2.03573e-09,2.03573e-09,0.494808,0.0292367,0.463898,0.0096257,0.0107546,0.0107545,0,,
1629,1256,accepted,0,1.50767e-05,8.05982e-09,1.20769e-09,1.20769e-09,2.03247e-09,2.03247e-09,0,0,0,0.010869,0.0339145,0.011405,0.0225094,,best_validation_checkpoint_0.bin
1630,1257,accepted,1,6.25987e-07,4.02991e-09,1.20655e-09,1.20655e-09,2.03152e-09,2.03152e-09,0.487414,0.0301367,0.455636,0.009991,0.0343335,0.0114968,0.0228367,,best_validation_checkpoint_1.bin
1631,1258,accepted,1,2.48772e-06,2.01496e-09,1.20475e-09,1.20475e-09,2.03036e-09,2.03036e-09,0.483339,0.0283254,0.453279,0.011504,0.0341541,0.0114158,0.0227381,,best_validation_checkpoint_0.bin
1632,1258,rejected,1,9.67528e-06,2.01496e-08,1.20475e-09,1.20475e-09,2.03036e-09,2.03036e-09,0.490228,0.0288101,0.459733,0.0099874,0.0113974,0.0113972,0,,
1633,1259,accepted,0,9.67528e-06,1.00748e-08,1.20372e-09,1.20372e-09,2.02851e-09,2.02851e-09,0,0,0,0.0105863,0.0344923,0.0118078,0.0226845,,best_validation_checkpoint_1.bin
1634,1260,accepted,1,3.98558e-07,5.03739e-09,1.2028e-09,1.2028e-09,2.02771e-09,2.02771e-09,0.500047,0.0291556,0.469123,0.0123277,0.0347244,0.0116348,0.0230895,,best_validation_checkpoint_0.bin
1635,1261,accepted,1,1.58624e-06,2.51869e-09,1.20117e-09,1.20117e-09,2.02647e-09,2.02647e-09,0.512598,0.0282674,0.482629,0.0118634,0.0344057,0.0115478,0.0228578,,best_validation_checkpoint_1.bin
1636,1262,accepted,1,6.19735e-06,1.25935e-09,1.20065e-09,1.20065e-09,2.02752e-09,2.02647e-09,0.505111,0.0283552,0.475191,0.0123057,0.0344303,0.0115656,0.0228646,,
1637,1262,rejected,1,2.39661e-05,1.25935e-08,1.20065e-09,1.20065e-09,2.02752e-09,2.02647e-09,0.49542,0.0285825,0.464958,0.0101861,0.0114728,0.0114728,0,,
1638,1263,accepted,0,2.39661e-05,6.29674e-09,1.19655e-09,1.19655e-09,2.02116e-09,2.02116e-09,0,0,0,0.0103675,0.0340333,0.0113418,0.0226915,,best_validation_checkpoint_0.bin
1639,1264,accepted,1,1.00194e-06,3.14837e-09,1.19517e-09,1.19517e-09,2.02003e-09,2.02003e-09,0.495752,0.0285108,0.465505,0.0104034,0.0339795,0.0114761,0.0225032,,best_validation_checkpoint_1.bin
1640,1265,accepted,1,3.99545e-06,1.57418e-09,1.19357e-09,1.19357e-09,2.01941e-09,2.01941e-09,0.511794,0.03276,0.477296,0.01073,0.0340805,0.0113549,0.0227256,,best_validation_checkpoint_0.bin
1641,1265,rejected,1,1.54702e-05,1.57418e-08,1.19357e-09,1.19357e-09,2.01941e-09,2.01941e-09,0.493001,0.0289883,0.462001,0.0106912,0.0113598,0.0113595,0,,
1642,1266,accepted,0,1.54702e-05,7.87092e-09,1.19159e-09,1.19159e-09,2.01602e-09,2.01602e-09,0,0,0,0.0104763,0.0342703,0.0113762,0.0228939,,best_validation_checkpoint_1.bin
1643,1267,accepted,1,6.40107e-07,3.93546e-09,1.19047e-09,1.19047e-09,2.01505e-09,2.01505e-09,0.518994,0.0291219,0.488204,0.0104861,0.0339922,0.011378,0.0226141,,best_validation_checkpoint_0.bin
1644,1268,accepted,1,2.55364e-06,1.96773e-09,1.18869e-09,1.18869e-09,2.01388e-09,2.01388e-09,0.494118,0.0286842,0.463772,0.0110522,0.0342297,0.0113887,0.0228409,,best_validation_checkpoint_1.bin
1645,1268,rejected,1,9.92512e-06,1.96773e-08,1.18869e-09,1.18869e-09,2.01388e-09,2.01388e-09,0.501205,0.0293203,0.470171,0.0113862,0.0114009,0.0114007,0,,
1646,1269,accepted,0,9.92512e-06,9.83865e-09,1.18766e-09,1.18766e-09,2.01195e-09,2.01195e-09,0,0,0,0.0123448,0.0342917,0.0116413,0.0226503,,best_validation_checkpoint_0.bin
1647,1270,accepted,1,4.07601e-07,4.91932e-09,1.18675e-09,1.18675e-09,2.01113e-09,2.01113e-09,0.479106,0.028442,0.448995,0.0094919,0.0340351,0.0113755,0.0226594,,best_validation_checkpoint_1.bin
1648,1271,accepted,1,1.62772e-06,2.45966e-09,1.18513e-09,1.18513e-09,2.00988e-09,2.00988e-09,0.484401,0.0293814,0.453344,0.0106302,0.0343992,0.0113346,0.0230645,,best_validation_checkpoint_0.bin
1649,1272,accepted,1,6.35572e-06,1.22983e-09,1.18473e-09,1.18473e-09,2.01099e-09,2.00988e-09,0.499038,0.0283721,0.468965,0.0107129,0.0344852,0.0114414,0.0230436,,
1650,1272,rejected,1,2.45527e-05,1.22983e-08,1.18473e-09,1.18473e-09,2.01099e-09,2.00988e-09,0.498169,0.028632,0.467882,0.0107814,0.0113315,0.0113314,0,,
1651,1273,accepted,0,2.45527e-05,6.14916e-09,1.18055e-09,1.18055e-09,2.00441e-09,2.00441e-09,0,0,0,0.0112574,0.0341802,0.0114184,0.0227616,,best_validation_checkpoint_1.bin
1652,1274,accepted,1,1.02368e-06,3.07458e-09,1.17918e-09,1.17918e-09,2.00327e-09,2.00327e-09,0.482156,0.031001,0.449467,0.0109504,0.0326024,0.0113779,0.0212245,,best_validation_checkpoint_0.bin
1653,1275,accepted,1,4.0964e-06,1.53729e-09,1.17764e-09,1.17764e-09,2.00265e-09,2.00265e-09,0.503879,0.0287701,0.473428,0.0104104,0.0344025,0.0113338,0.0230685,,best_validation_checkpoint_1.bin
1654,1275,rejected,1,1.58426e-05,1.53729e-08,1.17764e-09,1.17764e-09,2.00265e-09,2.00265e-09,0.502298,0.0296573,0.470934,0.0105897,0.0113748,0.0113746,0,,
1655,1276,accepted,0,1.58426e-05,7.68645e-09,1.17563e-09,1.17563e-09,1.99915e-09,1.99915e-09,0,0,0,0.0110771,0.0342778,0.0115726,0.0227052,,best_validation_checkpoint_0.bin
1656,1277,accepted,1,6.54034e-07,3.84322e-09,1.17452e-09,1.17452e-09,1.99816e-09,1.99816e-09,0.477601,0.0283958,0.447386,0.0104378,0.0343043,0.0115055,0.0227987,,best_validation_checkpoint_1.bin
1657,1278,accepted,1,2.61676e-06,1.92161e-09,1.17278e-09,1.17278e-09,1.99698e-09,1.99698e-09,0.46893,0.0297442,0.437529,0.0115087,0.0323085,0.0113618,0.0209466,,best_validation_checkpoint_0.bin
1658,1278,rejected,1,1.0159e-05,1.92161e-08,1.17278e-09,1.17278e-09,1.99698e-09,1.99698e-09,0.511461,0.0282029,0.481446,0.0120071,0.0117378,0.0117376,0,,
1659,1279,accepted,0,1.0159e-05,9.60806e-09,1.17173e-09,1.17173e-09,1.99499e-09,1.99499e-09,0,0,0,0.0109544,0.0341901,0.0115053,0.0226847,,best_validation_checkpoint_1.bin
1660,1280,accepted,1,4.16387e-07,4.80403e-09,1.17083e-09,1.17083e-09,1.99416e-09,1.99416e-09,0.475329,0.0287682,0.444829,0.0113262,0.0349101,0.011956,0.0229541,,best_validation_checkpoint_0.bin
1661,1281,accepted,1,1.66698e-06,2.40201e-09,1.16924e-09,1.16924e-09,1.99289e-09,1.99289e-09,0.476928,0.0285381,0.446723,0.00977,0.0345473,0.0113925,0.0231547,,best_validation_checkpoint_1.bin
1662,1282,accepted,1,6.50247e-06,1.20101e-09,1.16894e-09,1.16894e-09,1.99407e-09,1.99289e-09,0.536029,0.028828,0.505465,0.0112721,0.0341608,0.0113843,0.0227765,,
1663,1282,rejected,1,2.50818e-05,1.20101e-08,1.16894e-09,1.16894e-09,1.99407e-09,1.99289e-09,0.499339,0.0287272,0.46901,0.0105303,0.0114231,0.0114228,0,,
1664,1283,accepted,0,2.50818e-05,6.00504e-09,1.16468e-09,1.16468e-09,1.98728e-09,1.98728e-09,0,0,0,0.0105096,0.0344687,0.0115361,0.0229325,,best_validation_checkpoint_0.bin
1665,1284,accepted,1,1.04424e-06,3.00252e-09,1.16334e-09,1.16334e-09,1.98612e-09,1.98612e-09,0.487501,0.0292327,0.456586,0.0113254,0.0344473,0.0114121,0.0230351,,best_validation_checkpoint_1.bin
1666,1285,accepted,1,4.1885e-06,1.50126e-09,1.16185e-09,1.16185e-09,1.98553e-09,1.98553e-09,0.521192,0.0288278,0.49063,0.011734,0.0325559,0.0114856,0.0210702,,best_validation_checkpoint_0.bin
1667,1285,rejected,1,1.6171e-05,1.50126e-08,1.16185e-09,1.16185e-09,1.98553e-09,1.98553e-09,0.497418,0.0316292,0.464063,0.011056,0.0113801,0.01138,0,,
1668,1286,accepted,0,1.6171e-05,7.50629e-09,1.15982e-09,1.15982e-09,1.98192e-09,1.98192e-09,0,0,0,0.0110442,0.0340387,0.0113401,0.0226984,,best_validation_checkpoint_1.bin
1669,1287,accepted,1,6.66855e-07,3.75315e-09,1.15871e-09,1.15871e-09,1.98092e-09,1.98092e-09,0.485581,0.029806,0.454138,0.0113837,0.034222,0.0114526,0.0227694,,best_validation_checkpoint_0.bin
1670,1288,accepted,1,2.67305e-06,1.87657e-09,1.15701e-09,1.15701e-09,1.97973e-09,1.97973e-09,0.492794,0.0287247,0.462406,0.0098617,0.0341547,0.011353,0.0228016,,best_validation_checkpoint_1.bin
1671,1288,rejected,1,1.03606e-05,1.87657e-08,1.15701e-09,1.15701e-09,1.97973e-09,1.97973e-09,0.485273,0.0291181,0.454365,0.0117237,0.0114265,0.0114265,0,,
1672,1289,accepted,0,1.03606e-05,9.38287e-09,1.15595e-09,1.15595e-09,1.97768e-09,1.97768e-09,0,0,0,0.0112546,0.0342198,0.0115098,0.0227099,,best_validation_checkpoint_0.bin
1673,1290,accepted,1,4.2426e-07,4.69143e-09,1.15506e-09,1.15506e-09,1.97684e-09,1.97684e-09,0.496814,0.0303703,0.464763,0.0102889,0.0334972,0.0107959,0.0227013,,best_validation_checkpoint_1.bin
1674,1291,accepted,1,1.70122e-06,2.34572e-09,1.15348e-09,1.15348e-09,1.97556e-09,1.97556e-09,0.493644,0.0290463,0.46295,0.0106819,0.0339913,0.0113745,0.0226167,,best_validation_checkpoint_0.bin
1675,1292,accepted,1,6.62625e-06,1.17286e-09,1.15328e-09,1.15328e-09,1.9768e-09,1.97556e-09,0.51293,0.0283721,0.48293,0.0100048,0.0341242,0.0113673,0.0227567,,
1676,1292,rejected,1,2.55078e-05,1.17286e-08,1.15328e-09,1.15328e-09,1.9768e-09,1.97556e-09,0.489964,0.0295505,0.458757,0.0101252,0.0113814,0.0113813,0,,
1677,1293,accepted,0,2.55078e-05,5.86429e-09,1.14897e-09,1.14897e-09,1.96984e-09,1.96984e-09,0,0,0,0.0108781,0.0342138,0.011461,0.0227528,,best_validation_checkpoint_1.bin
1678,1294,accepted,1,1.06168e-06,2.93215e-09,1.14764e-09,1.14764e-09,1.96868e-09,1.96868e-09,0.497661,0.0290809,0.466818,0.0107904,0.0327166,0.0114647,0.0212519,,best_validation_checkpoint_0.bin
1679,1295,accepted,1,4.26369e-06,1.46607e-09,1.1462e-09,1.1462e-09,1.9681e-09,1.9681e-09,0.49803,0.0295582,0.46677,0.0128497,0.0339794,0.0113762,0.0226032,,best_validation_checkpoint_1.bin
1680,1295,rejected,1,1.64235e-05,1.46607e-08,1.1462e-09,1.1462e-09,1.9681e-09,1.9681e-09,0.477344,0.0283348,0.447221,0.0109644,0.0115022,0.0115021,0,,
1681,1296,accepted,0,1.64235e-05,7.33037e-09,1.14415e-09,1.14415e-09,1.96439e-09,1.96439e-09,0,0,0,0.0105907,0.0344233,0.0114823,0.022941,,best_validation_checkpoint_0.bin
1682,1297,accepted,1,6.7723e-07,3.66518e-09,1.14305e-09,1.14305e-09,1.96339e-09,1.96339e-09,0.495257,0.028945,0.464566,0.0100765,0.034269,0.0113241,0.0229449,,best_validation_checkpoint_1.bin
1683,1298,accepted,1,2.71702e-06,1.83259e-09,1.14138e-09,1.14138e-09,1.96221e-09,1.96221e-09,0.496453,0.0289633,0.465579,0.0109224,0.0345472,0.0120215,0.0225257,,best_validation_checkpoint_0.bin
1684,1298,rejected,1,1.05082e-05,1.83259e-08,1.14138e-09,1.14138e-09,1.96221e-09,1.96221e-09,0.506505,0.0301152,0.47469,0.0101466,0.0116556,0.0116554,0,,
1685,1299,accepted,0,1.05082e-05,9.16296e-09,1.14032e-09,1.14032e-09,1.96011e-09,1.96011e-09,0,0,0,0.0109201,0.0320379,0.0116657,0.0203721,,best_validation_checkpoint_1.bin
1686,1300,accepted,1,4.30315e-07,4.58148e-09,1.13943e-09,1.13943e-09,1.95926e-09,1.95926e-09,0.478293,0.0293691,0.447278,0.0103017,0.0341249,0.0113922,0.0227326,,best_validation_checkpoint_0.bin
1687,1301,accepted,1,1.72679e-06,2.29074e-09,1.13788e-09,1.13788e-09,1.95798e-09,1.95798e-09,0.479,0.0284966,0.448865,0.0108436,0.0344235,0.0114808,0.0229426,,best_validation_checkpoint_1.bin
1688,1302,accepted,1,6.71275e-06,1.14537e-09,1.13774e-09,1.13774e-09,1.95928e-09,1.95798e-09,0.498881,0.0300016,0.467216,0.0106518,0.034244,0.0114108,0.0228332,,
1689,1302,rejected,1,2.57756e-05,1.14537e-08,1.13774e-09,1.13774e-09,1.95928e-09,1.95798e-09,0.473503,0.0287698,0.443018,0.0109796,0.0113864,0.0113863,0,,
1690,1303,accepted,0,2.57756e-05,5.72685e-09,1.1334e-09,1.1334e-09,1.95217e-09,1.95217e-09,0,0,0,0.0113663,0.0344122,0.0115007,0.0229114,,best_validation_checkpoint_0.bin
1691,1304,accepted,1,1.07359e-06,2.86342e-09,1.13208e-09,1.13208e-09,1.95101e-09,1.95101e-09,0.503652,0.0300313,0.47184,0.0118941,0.0339998,0.0113321,0.0226677,,best_validation_checkpoint_1.bin
1692,1305,accepted,1,4.31238e-06,1.43171e-09,1.13068e-09,1.13068e-09,1.95046e-09,1.95046e-09,0.488903,0.0287447,0.458464,0.0110324,0.0341556,0.0115023,0.0226532,,best_validation_checkpoint_0.bin
1693,1305,rejected,1,1.65636e-05,1.43171e-08,1.13068e-09,1.13068e-09,1.95046e-09,1.95046e-09,0.520505,0.0287887,0.490027,0.0107035,0.01143,0.0114298,0,,
1694,1306,accepted,0,1.65636e-05,7.15856e-09,1.12862e-09,1.12862e-09,1.94667e-09,1.94667e-09,0,0,0,0.0101025,0.0341799,0.0114955,0.0226842,,best_validation_checkpoint_1.bin
1695,1307,accepted,1,6.83566e-07,3.57928e-09,1.12754e-09,1.12754e-09,1.94567e-09,1.94567e-09,0.502067,0.0292848,0.471175,0.0103719,0.0343378,0.0114311,0.0229067,,best_validation_checkpoint_0.bin
1696,1308,accepted,1,2.7424e-06,1.78964e-09,1.12589e-09,1.12589e-09,1.94451e-09,1.94451e-09,0.49861,0.0289667,0.467996,0.0114745,0.0342307,0.0114285,0.0228022,,best_validation_checkpoint_1.bin
1697,1308,rejected,1,1.05781e-05,1.78964e-08,1.12589e-09,1.12589e-09,1.94451e-09,1.94451e-09,0.507597,0.029747,0.476001,0.0121446,0.0114104,0.0114104,0,,
1698,1309,accepted,0,1.05781e-05,8.9482e-09,1.12483e-09,1.12483e-09,1.94236e-09,1.94236e-09,0,0,0,0.010407,0.0341387,0.0114041,0.0227345,,best_validation_checkpoint_0.bin
1699,1310,accepted,1,4.33525e-07,4.4741e-09,1.12395e-09,1.12395e-09,1.94151e-09,1.94151e-09,0.513328,0.0295416,0.48207,0.0121009,0.0341289,0.0114549,0.0226739,,best_validation_checkpoint_1.bin
1700,1311,accepted,1,1.73964e-06,2.23705e-09,1.12242e-09,1.12242e-09,1.94024e-09,1.94024e-09,0.481805,0.0289543,0.451182,0.0103658,0.0341943,0.0113914,0.0228028,,best_validation_checkpoint_0.bin
1701,1312,accepted,1,6.74656e-06,1.11852e-09,1.12232e-09,1.12232e-09,1.94158e-09,1.94024e-09,0.515476,0.0304075,0.482457,0.0105385,0.0342304,0.0114997,0.0227306,,
1702,1312,rejected,1,2.58275e-05,1.11852e-08,1.12232e-09,1.12232e-09,1.94158e-09,1.94024e-09,0.494152,0.0297133,0.46281,0.0107439,0.0114567,0.0114566,0,,
1703,1313,accepted,0,2.58275e-05,5.59262e-09,1.11798e-09,1.11798e-09,1.93437e-09,1.93437e-09,0,0,0,0.0099081,0.0340251,0.0114552,0.0225698,,best_validation_checkpoint_1.bin
1704,1314,accepted,1,1.07736e-06,2.79631e-09,1.11667e-09,1.11667e-09,1.93321e-09,1.93321e-09,0.494816,0.0308947,0.462209,0.0110059,0.0341984,0.0115457,0.0226527,,best_validation_checkpoint_0.bin
1705,1315,accepted,1,4.32462e-06,1.39816e-09,1.11529e-09,1.11529e-09,1.9327e-09,1.9327e-09,0.520559,0.0295084,0.489064,0.0113314,0.0341847,0.0113372,0.0228475,,best_validation_checkpoint_1.bin
1706,1315,rejected,1,1.65543e-05,1.39816e-08,1.11529e-09,1.11529e-09,1.9327e-09,1.9327e-09,0.518195,0.0302249,0.486378,0.0097617,0.011356,0.0113559,0,,
1707,1316,accepted,0,1.65543e-05,6.99078e-09,1.11324e-09,1.11324e-09,1.92885e-09,1.92885e-09,0,0,0,0.0109276,0.0341285,0.011489,0.0226394,,best_validation_checkpoint_0.bin
1708,1317,accepted,1,6.84231e-07,3.49539e-09,1.11217e-09,1.11217e-09,1.92785e-09,1.92785e-09,0.504371,0.0289802,0.473827,0.00963,0.0339265,0.0113906,0.0225359,,best_validation_checkpoint_1.bin
1709,1318,accepted,1,2.74293e-06,1.7477e-09,1.11053e-09,1.11053e-09,1.92671e-09,1.92671e-09,0.481422,0.0284778,0.451246,0.0107352,0.034277,0.0113804,0.0228965,,best_validation_checkpoint_0.bin
1710,1318,rejected,1,1.05469e-05,1.7477e-08,1.11053e-09,1.11053e-09,1.92671e-09,1.92671e-09,0.514465,0.0306023,0.482188,0.0099678,0.0114269,0.0114268,0,,
1711,1319,accepted,0,1.05469e-05,8.73848e-09,1.10948e-09,1.10948e-09,1.92452e-09,1.92452e-09,0,0,0,0.0113922,0.0341703,0.0115423,0.0226279,,best_validation_checkpoint_1.bin
1712,1320,accepted,1,4.32873e-07,4.36924e-09,1.10861e-09,1.10861e-09,1.92368e-09,1.92368e-09,0.510336,0.0293103,0.479348,0.0110353,0.03403,0.0114973,0.0225326,,best_validation_checkpoint_0.bin
1713,1321,accepted,1,1.73584e-06,2.18462e-09,1.10709e-09,1.10709e-09,1.92243e-09,1.92243e-09,0.511734,0.0284502,0.481329,0.0110274,0.0343179,0.0115023,0.0228156,,best_validation_checkpoint_1.bin
1714,1322,accepted,1,6.71293e-06,1.09231e-09,1.10699e-09,1.10699e-09,1.92379e-09,1.92243e-09,0.506343,0.0287824,0.475812,0.0100058,0.0340229,0.0113862,0.0226365,,
1715,1322,rejected,1,2.56101e-05,1.09231e-08,1.10699e-09,1.10699e-09,1.92379e-09,1.92243e-09,0.479711,0.0288396,0.449189,0.0103673,0.0113514,0.0113512,0,,
1716,1323,accepted,0,2.56101e-05,5.46155e-09,1.10269e-09,1.10269e-09,1.91652e-09,1.91652e-09,0,0,0,0.0112129,0.034329,0.0114457,0.0228832,,best_validation_checkpoint_0.bin
1717,1324,accepted,1,1.07059e-06,2.73077e-09,1.1014e-09,1.1014e-09,1.91539e-09,1.91539e-09,0.492843,0.0294206,0.46181,0.0112355,0.0344809,0.0114181,0.0230628,,best_validation_checkpoint_1.bin
1718,1325,accepted,1,4.29132e-06,1.36539e-09,1.10003e-09,1.10003e-09,1.9149e-09,1.9149e-09,0.523533,0.0296768,0.492192,0.0100749,0.0343842,0.0114336,0.0229506,,best_validation_checkpoint_0.bin
1719,1325,rejected,1,1.63632e-05,1.36539e-08,1.10003e-09,1.10003e-09,1.9149e-09,1.9149e-09,0.496816,0.0283792,0.466795,0.011051,0.011468,0.011468,0,,
1720,1326,accepted,0,1.63632e-05,6.82693e-09,1.098e-09,1.098e-09,1.91101e-09,1.91101e-09,0,0,0,0.0108968,0.0343676,0.0115509,0.0228166,,best_validation_checkpoint_1.bin
1721,1327,accepted,1,6.77768e-07,3.41347e-09,1.09693e-09,1.09693e-09,1.91003e-09,1.91003e-09,0.48797,0.0288558,0.457531,0.0095073,0.0339751,0.0113485,0.0226265,,best_validation_checkpoint_0.bin
1722,1328,accepted,1,2.71312e-06,1.70673e-09,1.09531e-09,1.09531e-09,1.90891e-09,1.90891e-09,0.500006,0.0282464,0.470112,0.0112203,0.0340875,0.0113276,0.0227598,,best_validation_checkpoint_1.bin
1723,1328,rejected,1,1.03947e-05,1.70673e-08,1.09531e-09,1.09531e-09,1.90891e-09,1.90891e-09,0.505291,0.029176,0.474478,0.0109037,0.0116091,0.0116091,0,,
1724,1329,accepted,0,1.03947e-05,8.53367e-09,1.09427e-09,1.09427e-09,1.9067e-09,1.9067e-09,0,0,0,0.0107585,0.0343137,0.0115017,0.0228119,,best_validation_checkpoint_0.bin
1725,1330,accepted,1,4.27483e-07,4.26683e-09,1.09341e-09,1.09341e-09,1.90587e-09,1.90587e-09,0.517962,0.0305285,0.48576,0.0108391,0.0339981,0.0113734,0.0226247,,best_validation_checkpoint_1.bin
1726,1331,accepted,1,1.71207e-06,2.13342e-09,1.0919e-09,1.0919e-09,1.90464e-09,1.90464e-09,0.501337,0.0300213,0.469681,0.0097378,0.0342311,0.0116342,0.0225967,,best_validation_checkpoint_0.bin
1727,1332,accepted,1,6.59979e-06,1.06671e-09,1.09176e-09,1.09176e-09,1.90601e-09,1.90464e-09,0.49387,0.0285195,0.463588,0.0105572,0.0342332,0.0114714,0.0227618,,
1728,1332,rejected,1,2.50819e-05,1.06671e-08,1.09176e-09,1.09176e-09,1.90601e-09,1.90464e-09,0.486327,0.02858,0.456131,0.0106124,0.0113874,0.0113874,0,,
1729,1333,accepted,0,2.50819e-05,5.33354e-09,1.08754e-09,1.08754e-09,1.89873e-09,1.89873e-09,0,0,0,0.0105893,0.0340204,0.0114693,0.0225511,,best_validation_checkpoint_1.bin
1730,1334,accepted,1,1.05134e-06,2.66677e-09,1.08625e-09,1.08625e-09,1.89761e-09,1.89761e-09,0.474201,0.0291021,0.443439,0.0113759,0.0346045,0.0114076,0.0231969,,best_validation_checkpoint_0.bin
1731,1335,accepted,1,4.20544e-06,1.33339e-09,1.08487e-09,1.08487e-09,1.89715e-09,1.89715e-09,0.477878,0.0289216,0.447207,0.0108279,0.0342236,0.0114265,0.022797,,best_validation_checkpoint_1.bin
1732,1335,rejected,1,1.59663e-05,1.33339e-08,1.08487e-09,1.08487e-09,1.89715e-09,1.89715e-09,0.492459,0.0284807,0.462413,0.0104624,0.0114116,0.0114114,0,,
1733,1336,accepted,0,1.59663e-05,6.66693e-09,1.08288e-09,1.08288e-09,1.89325e-09,1.89325e-09,0,0,0,0.0105506,0.0342734,0.0113834,0.02289,,best_validation_checkpoint_0.bin
1734,1337,accepted,1,6.63089e-07,3.33346e-09,1.08182e-09,1.08182e-09,1.89228e-09,1.89228e-09,0.494353,0.0289833,0.463511,0.0099269,0.0343814,0.0115326,0.0228488,,best_validation_checkpoint_1.bin
1735,1338,accepted,1,2.64896e-06,1.66673e-09,1.0802e-09,1.0802e-09,1.8912e-09,1.8912e-09,0.479879,0.0293675,0.448833,0.0105122,0.0342449,0.011439,0.0228058,,best_validation_checkpoint_0.bin
1736,1338,rejected,1,1.0108e-05,1.66673e-08,1.0802e-09,1.0802e-09,1.8912e-09,1.8912e-09,0.490724,0.0285885,0.460521,0.0101957,0.0114871,0.0114869,0,,
1737,1339,accepted,0,1.0108e-05,8.33366e-09,1.07918e-09,1.07918e-09,1.88897e-09,1.88897e-09,0,0,0,0.0112132,0.0346791,0.011609,0.02307,,best_validation_checkpoint_1.bin
1738,1340,accepted,1,4.16746e-07,4.16683e-09,1.07833e-09,1.07833e-09,1.88815e-09,1.88815e-09,0.494274,0.0310576,0.461518,0.0111489,0.0341206,0.0113527,0.0227679,,best_validation_checkpoint_0.bin
1739,1341,accepted,1,1.66608e-06,2.08342e-09,1.07682e-09,1.07682e-09,1.88695e-09,1.88695e-09,0.509421,0.0296783,0.478096,0.0116097,0.0340052,0.0114106,0.0225945,,best_validation_checkpoint_1.bin
1740,1342,accepted,1,6.3994e-06,1.04171e-09,1.0766e-09,1.0766e-09,1.88831e-09,1.88695e-09,0.487472,0.0285959,0.457146,0.0115027,0.0341209,0.0113901,0.0227306,,
1741,1342,rejected,1,2.42196e-05,1.04171e-08,1.0766e-09,1.0766e-09,1.88831e-09,1.88695e-09,0.504411,0.0291632,0.473509,0.0099221,0.0113635,0.0113633,0,,
1742,1343,accepted,0,2.42196e-05,5.20854e-09,1.0725e-09,1.0725e-09,1.88105e-09,1.88105e-09,0,0,0,0.0114735,0.0341531,0.0115505,0.0226026,,best_validation_checkpoint_0.bin
1743,1344,accepted,1,1.01847e-06,2.60427e-09,1.07122e-09,1.07122e-09,1.87996e-09,1.87996e-09,0.490806,0.0321576,0.456998,0.0113335,0.0341368,0.0114535,0.0226833,,best_validation_checkpoint_1.bin
1744,1345,accepted,1,4.06312e-06,1.30213e-09,1.06981e-09,1.06981e-09,1.87953e-09,1.87953e-09,0.489303,0.0294626,0.458277,0.0103389,0.034138,0.0113045,0.0228334,,best_validation_checkpoint_0.bin
1745,1345,rejected,1,1.53529e-05,1.30213e-08,1.06981e-09,1.06981e-09,1.87953e-09,1.87953e-09,0.481001,0.0288251,0.450385,0.0117297,0.0113696,0.0113693,0,,
1746,1346,accepted,0,1.53529e-05,6.51067e-09,1.06788e-09,1.06788e-09,1.87562e-09,1.87562e-09,0,0,0,0.010921,0.0348605,0.0114341,0.0234263,,best_validation_checkpoint_1.bin
1747,1347,accepted,1,6.39662e-07,3.25534e-09,1.06683e-09,1.06683e-09,1.87468e-09,1.87468e-09,0.481458,0.0312142,0.448605,0.0108063,0.0343517,0.0114057,0.022946,,best_validation_checkpoint_0.bin
1748,1348,accepted,1,2.54868e-06,1.62767e-09,1.0652e-09,1.0652e-09,1.87363e-09,1.87363e-09,0.517235,0.0283463,0.487309,0.0105496,0.0343763,0.0114267,0.0229495,,best_validation_checkpoint_1.bin
1749,1348,rejected,1,9.68227e-06,1.62767e-08,1.0652e-09,1.0652e-09,1.87363e-09,1.87363e-09,0.490959,0.0283472,0.460916,0.0109983,0.0114005,0.0114004,0,,
1750,1349,accepted,0,9.68227e-06,8.13834e-09,1.06421e-09,1.06421e-09,1.87138e-09,1.87138e-09,0,0,0,0.0118465,0.0340845,0.0114357,0.0226486,,best_validation_checkpoint_0.bin
1751,1350,accepted,1,4.00432e-07,4.06917e-09,1.06336e-09,1.06336e-09,1.87058e-09,1.87058e-09,0.488697,0.0289745,0.458136,0.0103807,0.0351163,0.0125332,0.022583,,best_validation_checkpoint_1.bin
1752,1351,accepted,1,1.5971e-06,2.03459e-09,1.06186e-09,1.06186e-09,1.86941e-09,1.86941e-09,0.49127,0.0292881,0.46024,0.0107949,0.0344157,0.0115621,0.0228535,,best_validation_checkpoint_0.bin
1753,1352,accepted,1,6.11019e-06,1.01729e-09,1.06152e-09,1.06152e-09,1.87076e-09,1.86941e-09,0.502688,0.0294239,0.471623,0.0110366,0.0342466,0.0114059,0.0228407,,
1754,1352,rejected,1,2.30253e-05,1.01729e-08,1.06152e-09,1.06152e-09,1.87076e-09,1.86941e-09,0.514783,0.028345,0.484725,0.0117966,0.0115724,0.0115723,0,,
1755,1353,accepted,0,2.30253e-05,5.08646e-09,1.05757e-09,1.05757e-09,1.86354e-09,1.86354e-09,0,0,0,0.0102562,0.0340792,0.011453,0.0226262,,best_validation_checkpoint_1.bin
1756,1354,accepted,1,9.7191e-07,2.54323e-09,1.0563e-09,1.0563e-09,1.86248e-09,1.86248e-09,0.471187,0.0303719,0.439049,0.0120564,0.0343674,0.0113829,0.0229845,,best_validation_checkpoint_0.bin
1757,1355,accepted,1,3.86473e-06,1.27162e-09,1.05485e-09,1.05485e-09,1.86208e-09,1.86208e-09,0.474477,0.0286014,0.444108,0.0119179,0.0341287,0.0113978,0.0227308,,best_validation_checkpoint_1.bin
1758,1355,rejected,1,1.45293e-05,1.27162e-08,1.05485e-09,1.05485e-09,1.86208e-09,1.86208e-09,0.514019,0.0290745,0.483245,0.0117986,0.0114612,0.011461,0,,
1759,1356,accepted,0,1.45293e-05,6.35808e-09,1.05298e-09,1.05298e-09,1.85816e-09,1.85816e-09,0,0,0,0.012074,0.0340232,0.0114227,0.0226005,,best_validation_checkpoint_0.bin
1760,1357,accepted,1,6.07672e-07,3.17904e-09,1.05194e-09,1.05194e-09,1.85725e-09,1.85725e-09,0.494582,0.0294725,0.463471,0.0112595,0.0343259,0.0114405,0.0228853,,best_validation_checkpoint_1.bin
1761,1358,accepted,1,2.41337e-06,1.58952e-09,1.0503e-09,1.0503e-09,1.85623e-09,1.85623e-09,0.521419,0.0300152,0.489635,0.011079,0.0341936,0.0114315,0.022762,,best_validation_checkpoint_0.bin
1762,1358,rejected,1,9.12457e-06,1.58952e-08,1.0503e-09,1.0503e-09,1.85623e-09,1.85623e-09,0.49304,0.0285734,0.462782,0.0110854,0.0113612,0.0113609,0,,
1763,1359,accepted,0,9.12457e-06,7.9476e-09,1.04933e-09,1.04933e-09,1.85397e-09,1.85397e-09,0,0,0,0.0104337,0.0324357,0.011557,0.0208786,,best_validation_checkpoint_1.bin
1764,1360,accepted,1,3.78788e-07,3.9738e-09,1.04849e-09,1.04849e-09,1.85319e-09,1.85319e-09,0.494475,0.0323854,0.46048,0.0100481,0.0343094,0.0115464,0.0227628,,best_validation_checkpoint_0.bin
1765,1361,accepted,1,1.50631e-06,1.9869e-09,1.04699e-09,1.04699e-09,1.85205e-09,1.85205e-09,0.502386,0.0289477,0.471833,0.0111482,0.0343093,0.0114422,0.0228669,,best_validation_checkpoint_1.bin
1766,1362,accepted,1,5.73823e-06,9.9345e-10,1.04653e-09,1.04653e-09,1.85337e-09,1.85205e-09,0.476494,0.0289321,0.445803,0.0119615,0.0349316,0.0114286,0.0235028,,
1767,1362,rejected,1,2.15312e-05,9.9345e-09,1.04653e-09,1.04653e-09,1.85337e-09,1.85205e-09,0.515283,0.0285578,0.485063,0.0111659,0.0114683,0.0114682,0,,
1768,1363,accepted,0,2.15312e-05,4.96725e-09,1.04273e-09,1.04273e-09,1.84621e-09,1.84621e-09,0,0,0,0.0105581,0.0340611,0.0114977,0.0225633,,best_validation_checkpoint_0.bin
1769,1364,accepted,1,9.12863e-07,2.48362e-09,1.04147e-09,1.04147e-09,1.84518e-09,1.84518e-09,0.480786,0.0292266,0.449942,0.011109,0.034037,0.0114909,0.0225461,,best_validation_checkpoint_1.bin
1770,1365,accepted,1,3.61573e-06,1.24181e-09,1.03997e-09,1.03997e-09,1.8448e-09,1.8448e-09,0.495469,0.0300472,0.463839,0.0106803,0.0343292,0.0114213,0.0229079,,best_validation_checkpoint_0.bin
1771,1365,rejected,1,1.35224e-05,1.24181e-08,1.03997e-09,1.03997e-09,1.8448e-09,1.8448e-09,0.512416,0.0288838,0.481869,0.0116,0.0113791,0.011379,0,,
1772,1366,accepted,0,1.35224e-05,6.20906e-09,1.03817e-09,1.03817e-09,1.84089e-09,1.84089e-09,0,0,0,0.0106081,0.0339939,0.011408,0.0225858,,best_validation_checkpoint_1.bin
1773,1367,accepted,1,5.68137e-07,3.10453e-09,1.03713e-09,1.03713e-09,1.83999e-09,1.83999e-09,0.524383,0.0303028,0.492337,0.0107058,0.0339711,0.0115663,0.0224047,,best_validation_checkpoint_0.bin
1774,1368,accepted,1,2.24745e-06,1.55227e-09,1.03548e-09,1.03548e-09,1.83901e-09,1.83901e-09,0.482392,0.0288204,0.451896,0.0105441,0.0339083,0.011346,0.0225623,,best_validation_checkpoint_1.bin
1775,1368,rejected,1,8.45526e-06,1.55227e-08,1.03548e-09,1.03548e-09,1.83901e-09,1.83901e-09,0.48435,0.028492,0.454113,0.0101916,0.01144,0.0114398,0,,
1776,1369,accepted,0,8.45526e-06,7.76133e-09,1.03454e-09,1.03454e-09,1.83674e-09,1.83674e-09,0,0,0,0.0105506,0.0339755,0.0113947,0.0225808,,best_validation_checkpoint_0.bin
1777,1370,accepted,1,3.52602e-07,3.88066e-09,1.0337e-09,1.0337e-09,1.83598e-09,1.83598e-09,0.508783,0.0305979,0.476513,0.0108643,0.0340985,0.0115668,0.0225316,,best_validation_checkpoint_1.bin
1778,1371,accepted,1,1.39704e-06,1.94033e-09,1.0322e-09,1.0322e-09,1.83486e-09,1.83486e-09,0.512154,0.0288275,0.481617,0.0115932,0.0343101,0.0113801,0.0229298,,best_validation_checkpoint_0.bin
1779,1372,accepted,1,5.29831e-06,9.70166e-10,1.03163e-09,1.03163e-09,1.83615e-09,1.83486e-09,0.502272,0.0287939,0.471788,0.0120555,0.0340915,0.0114463,0.022645,,
1780,1372,rejected,1,1.98041e-05,9.70166e-09,1.03163e-09,1.03163e-09,1.83615e-09,1.83486e-09,0.505402,0.0291264,0.474464,0.0106487,0.0113938,0.0113935,0,,
1781,1373,accepted,0,1.98041e-05,4.85083e-09,1.02798e-09,1.02798e-09,1.82904e-09,1.82904e-09,0,0,0,0.0099246,0.0344141,0.01155,0.0228641,,best_validation_checkpoint_1.bin
1782,1374,accepted,1,8.43881e-07,2.42541e-09,1.02671e-09,1.02671e-09,1.82804e-09,1.82804e-09,0.482544,0.0294177,0.451534,0.0101233,0.0340579,0.0113388,0.022719,,best_validation_checkpoint_0.bin
1783,1375,accepted,1,3.32709e-06,1.21271e-09,1.02518e-09,1.02518e-09,1.82767e-09,1.82767e-09,0.486633,0.0285361,0.455974,0.0109743,0.0342403,0.0113477,0.0228925,,best_validation_checkpoint_1.bin
1784,1375,rejected,1,1.23807e-05,1.21271e-08,1.02518e-09,1.02518e-09,1.82767e-09,1.82767e-09,0.479149,0.0291754,0.448263,0.0110266,0.0113393,0.0113392,0,,
1785,1376,accepted,0,1.23807e-05,6.06354e-09,1.02344e-09,1.02344e-09,1.82377e-09,1.82377e-09,0,0,0,0.0106701,0.0342832,0.011421,0.022862,,best_validation_checkpoint_0.bin
1786,1377,accepted,1,5.22932e-07,3.03177e-09,1.0224e-09,1.0224e-09,1.82289e-09,1.82289e-09,0.496159,0.0285195,0.465917,0.0107663,0.0342777,0.0115209,0.0227568,,best_validation_checkpoint_1.bin
1787,1378,accepted,1,2.05885e-06,1.51588e-09,1.02074e-09,1.02074e-09,1.82192e-09,1.82192e-09,0.492229,0.0310785,0.459431,0.0101111,0.0339312,0.0114292,0.022502,,best_validation_checkpoint_0.bin
1788,1378,rejected,1,7.70873e-06,1.51588e-08,1.02074e-09,1.02074e-09,1.82192e-09,1.82192e-09,0.471507,0.0290809,0.440761,0.0107161,0.0116842,0.0116841,0,,
1789,1379,accepted,0,7.70873e-06,7.57942e-09,1.01983e-09,1.01983e-09,1.81965e-09,1.81965e-09,0,0,0,0.0113056,0.0342306,0.0116626,0.0225678,,best_validation_checkpoint_1.bin
1790,1380,accepted,1,3.23204e-07,3.78971e-09,1.01899e-09,1.01899e-09,1.8189e-09,1.8189e-09,0.509074,0.0290395,0.478144,0.0111256,0.0316519,0.0113769,0.020275,,best_validation_checkpoint_0.bin
1791,1381,accepted,1,1.27484e-06,1.89486e-09,1.01749e-09,1.01749e-09,1.8178e-09,1.8178e-09,0.491376,0.0288971,0.460863,0.0114192,0.0342796,0.0115678,0.0227118,,best_validation_checkpoint_1.bin
1792,1382,accepted,1,4.81408e-06,9.47428e-10,1.01682e-09,1.01682e-09,1.81905e-09,1.8178e-09,0.503781,0.0287542,0.473436,0.0106281,0.0339569,0.0113979,0.0225589,,
1793,1382,rejected,1,1.79443e-05,9.47428e-09,1.01682e-09,1.01682e-09,1.81905e-09,1.8178e-09,0.49563,0.0283606,0.465622,0.0106006,0.0114129,0.0114128,0,,
1794,1383,accepted,0,1.79443e-05,4.73714e-09,1.01329e-09,1.01329e-09,1.81199e-09,1.81199e-09,0,0,0,0.0108557,0.0341634,0.0116385,0.0225249,,best_validation_checkpoint_0.bin
1795,1384,accepted,1,7.68797e-07,2.36857e-09,1.01203e-09,1.01203e-09,1.81101e-09,1.81101e-09,0.467541,0.028873,0.436996,0.0107971,0.034106,0.0114581,0.0226478,,best_validation_checkpoint_1.bin
1796,1385,accepted,1,3.01505e-06,1.18428e-09,1.01046e-09,1.01046e-09,1.81063e-09,1.81063e-09,0.483817,0.0290649,0.45309,0.010937,0.0339597,0.0113762,0.0225834,,best_validation_checkpoint_0.bin
1797,1385,rejected,1,1.1173e-05,1.18428e-08,1.01046e-09,1.01046e-09,1.81063e-09,1.81063e-09,0.506636,0.0292077,0.475745,0.011276,0.0114732,0.0114731,0,,
1798,1386,accepted,0,1.1173e-05,5.92142e-09,1.00877e-09,1.00877e-09,1.80674e-09,1.80674e-09,0,0,0,0.0116265,0.0342284,0.0113223,0.022906,,best_validation_checkpoint_1.bin
1799,1387,accepted,1,4.74696e-07,2.96071e-09,1.00774e-09,1.00774e-09,1.80587e-09,1.80587e-09,0.495803,0.0289312,0.465241,0.0097314,0.033952,0.0114618,0.0224902,,best_validation_checkpoint_0.bin
1800,1388,accepted,1,1.85869e-06,1.48036e-09,1.00607e-09,1.00607e-09,1.80491e-09,1.80491e-09,0.509362,0.0287644,0.478943,0.010487,0.0342695,0.011535,0.0227343,,best_validation_checkpoint_1.bin
1801,1388,rejected,1,6.93154e-06,1.48036e-08,1.00607e-09,1.00607e-09,1.80491e-09,1.80491e-09,0.491386,0.0289544,0.460726,0.0111456,0.0113524,0.0113524,0,,
1802,1389,accepted,0,6.93154e-06,7.40178e-09,1.00518e-09,1.00518e-09,1.80263e-09,1.80263e-09,0,0,0,0.0112019,0.0341084,0.0113042,0.0228042,,best_validation_checkpoint_0.bin
1803,1390,accepted,1,2.92375e-07,3.70089e-09,1.00434e-09,1.00434e-09,1.80189e-09,1.80189e-09,0.49893,0.0308288,0.466444,0.0119618,0.0342487,0.0114537,0.0227948,,best_validation_checkpoint_1.bin
1804,1391,accepted,1,1.14719e-06,1.85044e-09,1.00284e-09,1.00284e-09,1.8008e-09,1.8008e-09,0.508516,0.0287826,0.478167,0.0112722,0.0340908,0.0113237,0.0227671,,best_validation_checkpoint_0.bin
1805,1392,accepted,1,4.31659e-06,9.25222e-10,1.00211e-09,1.00211e-09,1.802e-09,1.8008e-09,0.512283,0.0294352,0.481143,0.0113444,0.034213,0.0114074,0.0228054,,
1806,1392,rejected,1,1.60776e-05,9.25222e-09,1.00211e-09,1.00211e-09,1.802e-09,1.8008e-09,0.47143,0.0295607,0.440244,0.0105114,0.0115236,0.0115234,0,,
1807,1393,accepted,0,1.60776e-05,4.62611e-09,9.9867e-10,9.9867e-10,1.79497e-09,1.79497e-09,0,0,0,0.011622,0.0345465,0.0116688,0.0228777,,best_validation_checkpoint_1.bin
1808,1394,accepted,1,6.92372e-07,2.31306e-09,9.97411e-10,9.97411e-10,1.794e-09,1.794e-09,0.474758,0.0289369,0.44416,0.0104506,0.0340362,0.0114904,0.0225456,,best_validation_checkpoint_0.bin
1809,1395,accepted,1,2.69977e-06,1.15653e-09,9.95824e-10,9.95824e-10,1.79359e-09,1.79359e-09,0.51732,0.0299861,0.485596,0.0110917,0.0342108,0.0114417,0.0227691,,best_validation_checkpoint_1.bin
1810,1395,rejected,1,9.98213e-06,1.15653e-08,9.95824e-10,9.95824e-10,1.79359e-09,1.79359e-09,0.492384,0.0286352,0.462044,0.0110033,0.0113794,0.0113793,0,,
1811,1396,accepted,0,9.98213e-06,5.78264e-09,9.94168e-10,9.94168e-10,1.78972e-09,1.78972e-09,0,0,0,0.010027,0.031591,0.0112741,0.0203168,,best_validation_checkpoint_0.bin
1812,1397,accepted,1,4.26539e-07,2.89132e-09,9.93139e-10,9.93139e-10,1.78885e-09,1.78885e-09,0.501092,0.0289777,0.470408,0.0110289,0.033873,0.0113455,0.0225275,,best_validation_checkpoint_1.bin
1813,1398,accepted,1,1.66014e-06,1.44566e-09,9.91465e-10,9.91465e-10,1.78788e-09,1.78788e-09,0.471209,0.0294295,0.440072,0.0103479,0.0341686,0.0113232,0.0228452,,best_validation_checkpoint_0.bin
1814,1398,rejected,1,6.17784e-06,1.44566e-08,9.91465e-10,9.91465e-10,1.78788e-09,1.78788e-09,0.498177,0.0285171,0.46807,0.0101177,0.0113467,0.0113465,0,,
1815,1399,accepted,0,6.17784e-06,7.2283e-09,9.90588e-10,9.90588e-10,1.7856e-09,1.7856e-09,0,0,0,0.0100873,0.0342021,0.0114958,0.0227063,,best_validation_checkpoint_1.bin
1816,1400,accepted,1,2.62139e-07,3.61415e-09,9.89758e-10,9.89758e-10,1.78486e-09,1.78486e-09,0.481609,0.0322111,0.447803,0.0102711,0.0343081,0.0115175,0.0227906,,best_validation_checkpoint_0.bin
1817,1401,accepted,1,1.02264e-06,1.80707e-09,9.88258e-10,9.88258e-10,1.78376e-09,1.78376e-09,0.474916,0.028787,0.444354,0.0103967,0.0341745,0.011384,0.0227903,,best_validation_checkpoint_1.bin
1818,1402,accepted,1,3.84089e-06,9.03537e-10,9.87505e-10,9.87505e-10,1.78489e-09,1.78376e-09,0.483603,0.0286964,0.453236,0.0113791,0.0339156,0.0113939,0.0225216,,
1819,1402,rejected,1,1.43397e-05,9.03537e-09,9.87505e-10,9.87505e-10,1.78489e-09,1.78376e-09,0.496552,0.0293151,0.465645,0.0106623,0.0113879,0.0113879,0,,
1820,1403,accepted,0,1.43397e-05,4.51769e-09,9.84107e-10,9.84107e-10,1.77791e-09,1.77791e-09,0,0,0,0.0107255,0.033931,0.0114478,0.022483,,best_validation_checkpoint_0.bin
1821,1404,accepted,1,6.19583e-07,2.25884e-09,9.82851e-10,9.82851e-10,1.77692e-09,1.77692e-09,0.503083,0.0290975,0.47214,0.0111073,0.0341186,0.0117095,0.022409,,best_validation_checkpoint_1.bin
1822,1405,accepted,1,2.40262e-06,1.12942e-09,9.81261e-10,9.81261e-10,1.77647e-09,1.77647e-09,0.50876,0.029249,0.477919,0.0104179,0.0340784,0.0113771,0.0227013,,best_validation_checkpoint_0.bin
1823,1405,rejected,1,8.89254e-06,1.12942e-08,9.81261e-10,9.81261e-10,1.77647e-09,1.77647e-09,0.497363,0.0288089,0.466931,0.0117753,0.0114588,0.0114586,0,,
1824,1406,accepted,0,8.89254e-06,5.64711e-09,9.79623e-10,9.79623e-10,1.77262e-09,1.77262e-09,0,0,0,0.0125758,0.0341613,0.0114281,0.0227332,,best_validation_checkpoint_1.bin
1825,1407,accepted,1,3.81543e-07,2.82355e-09,9.78598e-10,9.78598e-10,1.77175e-09,1.77175e-09,0.486278,0.0291895,0.455388,0.0104545,0.0342837,0.01145,0.0228336,,best_validation_checkpoint_0.bin
1826,1408,accepted,1,1.4765e-06,1.41178e-09,9.76927e-10,9.76927e-10,1.77073e-09,1.77073e-09,0.498649,0.0289034,0.468071,0.0114346,0.0338868,0.0113237,0.0225629,,best_validation_checkpoint_1.bin
1827,1408,rejected,1,5.50031e-06,1.41178e-08,9.76927e-10,9.76927e-10,1.77073e-09,1.77073e-09,0.51788,0.0300136,0.486288,0.0097059,0.0112808,0.0112808,0,,
1828,1409,accepted,0,5.50031e-06,7.05889e-09,9.76058e-10,9.76058e-10,1.76848e-09,1.76848e-09,0,0,0,0.0104958,0.0338237,0.0114148,0.0224088,,best_validation_checkpoint_0.bin
1829,1410,accepted,1,2.34405e-07,3.52944e-09,9.75232e-10,9.75232e-10,1.76773e-09,1.76773e-09,0.477109,0.0284748,0.447025,0.0112197,0.03423,0.0115724,0.0226575,,best_validation_checkpoint_1.bin
1830,1411,accepted,1,9.09447e-07,1.76472e-09,9.73736e-10,9.73736e-10,1.7666e-09,1.7666e-09,0.501422,0.0290825,0.470677,0.0101874,0.0343291,0.0113948,0.0229342,,best_validation_checkpoint_0.bin
1831,1412,accepted,1,3.41971e-06,8.82361e-10,9.72991e-10,9.72991e-10,1.76763e-09,1.7666e-09,0.497811,0.0288211,0.467407,0.0105823,0.0340701,0.0113618,0.0227083,,
1832,1412,rejected,1,1.28473e-05,8.82361e-09,9.72991e-10,9.72991e-10,1.76763e-09,1.7666e-09,0.491895,0.0282474,0.462009,0.0095167,0.0114402,0.0114399,0,,
1833,1413,accepted,0,1.28473e-05,4.4118e-09,9.69604e-10,9.69604e-10,1.76071e-09,1.76071e-09,0,0,0,0.0099963,0.0338822,0.0113699,0.0225123,,best_validation_checkpoint_1.bin
1834,1414,accepted,1,5.54646e-07,2.2059e-09,9.68353e-10,9.68353e-10,1.7597e-09,1.7597e-09,0.505507,0.0291303,0.47473,0.0103885,0.0337853,0.0113662,0.022419,,best_validation_checkpoint_0.bin
1835,1415,accepted,1,2.14202e-06,1.10295e-09,9.66772e-10,9.66772e-10,1.75917e-09,1.75917e-09,0.490847,0.0288465,0.460364,0.0106699,0.034181,0.0116153,0.0225655,,best_validation_checkpoint_1.bin
1836,1415,rejected,1,7.97153e-06,1.10295e-08,9.66772e-10,9.66772e-10,1.75917e-09,1.75917e-09,0.473105,0.0287792,0.442543,0.0110517,0.0114698,0.0114697,0,,
1837,1416,accepted,0,7.97153e-06,5.51475e-09,9.65139e-10,9.65139e-10,1.75537e-09,1.75537e-09,0,0,0,0.0109919,0.0338077,0.0113116,0.0224961,,best_validation_checkpoint_0.bin
1838,1417,accepted,1,3.42098e-07,2.75738e-09,9.64118e-10,9.64118e-10,1.75448e-09,1.75448e-09,0.494491,0.028742,0.464141,0.0099669,0.0341302,0.0113725,0.0227576,,best_validation_checkpoint_1.bin
1839,1418,accepted,1,1.31836e-06,1.37869e-09,9.62456e-10,9.62456e-10,1.7534e-09,1.7534e-09,0.470408,0.029106,0.439703,0.0116697,0.0339348,0.0112971,0.0226376,,best_validation_checkpoint_0.bin
1840,1418,rejected,1,4.9378e-06,1.37869e-08,9.62456e-10,9.62456e-10,1.7534e-09,1.7534e-09,0.509163,0.0311213,0.47644,0.0097393,0.0113172,0.011317,0,,
1841,1419,accepted,0,4.9378e-06,6.89344e-09,9.61589e-10,9.61589e-10,1.75119e-09,1.75119e-09,0,0,0,0.0110869,0.0358253,0.0120832,0.023742,,best_validation_checkpoint_1.bin
1842,1420,accepted,1,2.10533e-07,3.44672e-09,9.60766e-10,9.60766e-10,1.75042e-09,1.75042e-09,0.526721,0.0321358,0.492858,0.0105465,0.0340099,0.011409,0.0226008,,best_validation_checkpoint_0.bin
1843,1421,accepted,1,8.13685e-07,1.72336e-09,9.59279e-10,9.59279e-10,1.74924e-09,1.74924e-09,0.500362,0.0295503,0.469204,0.0097165,0.0342637,0.0113205,0.0229432,,best_validation_checkpoint_1.bin
1844,1422,accepted,1,3.07547e-06,8.6168e-10,9.58563e-10,9.58563e-10,1.75013e-09,1.74924e-09,0.491688,0.0301444,0.459902,0.0106142,0.034044,0.0112815,0.0227625,,
1845,1422,rejected,1,1.16652e-05,8.6168e-09,9.58563e-10,9.58563e-10,1.75013e-09,1.74924e-09,0.500884,0.0287557,0.470491,0.0107619,0.0114336,0.0114334,0,,
1846,1423,accepted,0,1.16652e-05,4.3084e-09,9.55164e-10,9.55164e-10,1.74332e-09,1.74332e-09,0,0,0,0.010789,0.0340834,0.0113246,0.0227587,,best_validation_checkpoint_0.bin
1847,1424,accepted,1,4.99948e-07,2.1542e-09,9.53919e-10,9.53919e-10,1.74227e-09,1.74227e-09,0.528503,0.0309076,0.495942,0.0113091,0.034081,0.0113389,0.0227421,,best_validation_checkpoint_1.bin
1848,1425,accepted,1,1.92871e-06,1.0771e-09,9.52354e-10,9.52354e-10,1.74162e-09,1.74162e-09,0.490637,0.0284197,0.46052,0.0119008,0.0316452,0.0115164,0.0201288,,best_validation_checkpoint_0.bin
1849,1425,rejected,1,7.24938e-06,1.0771e-08,9.52354e-10,9.52354e-10,1.74162e-09,1.74162e-09,0.531346,0.0293392,0.500396,0.0103284,0.0113825,0.0113824,0,,
1850,1426,accepted,0,7.24938e-06,5.3855e-09,9.5072e-10,9.5072e-10,1.73791e-09,1.73791e-09,0,0,0,0.0110888,0.0343041,0.0115649,0.0227391,,best_validation_checkpoint_1.bin
1851,1427,accepted,1,3.09278e-07,2.69275e-09,9.49704e-10,9.49704e-10,1.737e-09,1.737e-09,0.50493,0.0301878,0.473062,0.0103489,0.0343669,0.0114565,0.0229103,,best_validation_checkpoint_0.bin
1852,1428,accepted,1,1.19076e-06,1.34638e-09,9.48053e-10,9.48053e-10,1.73583e-09,1.73583e-09,0.508918,0.0288266,0.478396,0.0096825,0.0340477,0.0114169,0.0226308,,best_validation_checkpoint_1.bin
1853,1428,rejected,1,4.50347e-06,1.34638e-08,9.48053e-10,9.48053e-10,1.73583e-09,1.73583e-09,0.505598,0.0301037,0.47371,0.0113678,0.0113278,0.0113276,0,,
1854,1429,accepted,0,4.50347e-06,6.73188e-09,9.47187e-10,9.47187e-10,1.73368e-09,1.73368e-09,0,0,0,0.0104894,0.0337517,0.0113168,0.0224349,,best_validation_checkpoint_0.bin
1855,1430,accepted,1,1.90962e-07,3.36594e-09,9.46369e-10,9.46369e-10,1.73289e-09,1.73289e-09,0.510777,0.0301305,0.478971,0.0122489,0.0342699,0.0114211,0.0228487,,best_validation_checkpoint_1.bin
1856,1431,accepted,1,7.37583e-07,1.68297e-09,9.4489e-10,9.4489e-10,1.73165e-09,1.73165e-09,0.476357,0.0293655,0.445286,0.0120847,0.0339201,0.0113308,0.0225891,,best_validation_checkpoint_0.bin
1857,1432,accepted,1,2.81324e-06,8.41485e-10,9.44214e-10,9.44214e-10,1.73233e-09,1.73165e-09,0.478604,0.0292904,0.447653,0.0101108,0.0341285,0.0115114,0.022617,,
1858,1432,rejected,1,1.07848e-05,8.41485e-09,9.44214e-10,9.44214e-10,1.73233e-09,1.73165e-09,0.470938,0.0287795,0.440208,0.0111833,0.01156,0.01156,0,,
1859,1433,accepted,0,1.07848e-05,4.20742e-09,9.40795e-10,9.40795e-10,1.7257e-09,1.7257e-09,0,0,0,0.0108757,0.0338654,0.011418,0.0224473,,best_validation_checkpoint_1.bin
1860,1434,accepted,1,4.55454e-07,2.10371e-09,9.39556e-10,9.39556e-10,1.72461e-09,1.72461e-09,0.513048,0.0288036,0.482607,0.0099628,0.0336105,0.0109665,0.022644,,best_validation_checkpoint_0.bin
1861,1435,accepted,1,1.76279e-06,1.05186e-09,9.38013e-10,9.38013e-10,1.7238e-09,1.7238e-09,0.496468,0.0285679,0.465978,0.0104071,0.0346447,0.0119722,0.0226724,,best_validation_checkpoint_1.bin
1862,1435,rejected,1,6.71057e-06,1.05186e-08,9.38013e-10,9.38013e-10,1.7238e-09,1.7238e-09,0.510492,0.0285979,0.480175,0.0112799,0.0114489,0.0114484,0,,
1863,1436,accepted,0,6.71057e-06,5.25928e-09,9.36374e-10,9.36374e-10,1.72023e-09,1.72023e-09,0,0,0,0.0103154,0.0340262,0.0114669,0.0225592,,best_validation_checkpoint_0.bin
1864,1437,accepted,1,2.82625e-07,2.62964e-09,9.35364e-10,9.35364e-10,1.71928e-09,1.71928e-09,0.471287,0.0290419,0.440573,0.0096914,0.0341666,0.0115372,0.0226292,,best_validation_checkpoint_1.bin
1865,1438,accepted,1,1.09203e-06,1.31482e-09,9.33727e-10,9.33727e-10,1.718e-09,1.718e-09,0.491039,0.0292353,0.460171,0.0098741,0.0339566,0.0113275,0.022629,,best_validation_checkpoint_0.bin
1866,1438,rejected,1,4.18195e-06,1.31482e-08,9.33727e-10,9.33727e-10,1.718e-09,1.718e-09,0.485452,0.0289208,0.45482,0.0113757,0.0113529,0.0113529,0,,
1867,1439,accepted,0,4.18195e-06,6.5741e-09,9.32861e-10,9.32861e-10,1.71595e-09,1.71595e-09,0,0,0,0.0108191,0.0341833,0.0115109,0.0226724,,best_validation_checkpoint_1.bin
1868,1440,accepted,1,1.75173e-07,3.28705e-09,9.32047e-10,9.32047e-10,1.71514e-09,1.71514e-09,0.495113,0.0293169,0.464145,0.0100609,0.0341821,0.0113338,0.0228482,,best_validation_checkpoint_0.bin
1869,1441,accepted,1,6.79154e-07,1.64352e-09,9.30578e-10,9.30578e-10,1.71381e-09,1.71381e-09,0.509529,0.0289238,0.478889,0.0110935,0.0336593,0.0113947,0.0222646,,best_validation_checkpoint_1.bin
1870,1442,accepted,1,2.62051e-06,8.21762e-10,9.29944e-10,9.29944e-10,1.71423e-09,1.71381e-09,0.48587,0.0286058,0.455629,0.0107464,0.0342712,0.0114126,0.0228586,,
1871,1442,rejected,1,1.01351e-05,8.21762e-09,9.29944e-10,9.29944e-10,1.71423e-09,1.71381e-09,0.505686,0.0281706,0.475879,0.0103477,0.0113414,0.0113414,0,,
1872,1443,accepted,0,1.01351e-05,4.10881e-09,9.26505e-10,9.26505e-10,1.70787e-09,1.70787e-09,0,0,0,0.0114572,0.0341071,0.0114882,0.0226188,,best_validation_checkpoint_0.bin
1873,1444,accepted,1,4.19132e-07,2.05441e-09,9.25275e-10,9.25275e-10,1.70672e-09,1.70672e-09,0.476575,0.0291875,0.445773,0.0107273,0.0337211,0.0113034,0.0224175,,best_validation_checkpoint_1.bin
1874,1445,accepted,1,1.63533e-06,1.0272e-09,9.23754e-10,9.23754e-10,1.70572e-09,1.70572e-09,0.505811,0.0287926,0.475285,0.0108555,0.0342451,0.0115818,0.0226632,,best_validation_checkpoint_0.bin
1875,1445,rejected,1,6.30679e-06,1.0272e-08,9.23754e-10,9.23754e-10,1.70572e-09,1.70572e-09,0.493789,0.0288852,0.463216,0.0100383,0.0117092,0.011709,0,,
1876,1446,accepted,0,6.30679e-06,5.13601e-09,9.22111e-10,9.22111e-10,1.70235e-09,1.70235e-09,0,0,0,0.0104675,0.0342055,0.0115411,0.0226642,,best_validation_checkpoint_1.bin
1877,1447,accepted,1,2.60631e-07,2.56801e-09,9.21107e-10,9.21107e-10,1.70136e-09,1.70136e-09,0.484234,0.0295861,0.453067,0.0111172,0.034736,0.0119142,0.0228217,,best_validation_checkpoint_0.bin
1878,1448,accepted,1,1.01569e-06,1.284e-09,9.19487e-10,9.19487e-10,1.69994e-09,1.69994e-09,0.504453,0.0285304,0.474149,0.0103666,0.0340152,0.0113576,0.0226575,,best_validation_checkpoint_1.bin
1879,1448,rejected,1,3.94098e-06,1.284e-08,9.19487e-10,9.19487e-10,1.69994e-09,1.69994e-09,0.489042,0.0290861,0.458346,0.0097929,0.0113084,0.0113083,0,,
1880,1449,accepted,0,3.94098e-06,6.42002e-09,9.18621e-10,9.18621e-10,1.69803e-09,1.69803e-09,0,0,0,0.0107117,0.0341572,0.0113086,0.0228486,,best_validation_checkpoint_0.bin
1881,1450,accepted,1,1.62112e-07,3.21001e-09,9.17812e-10,9.17812e-10,1.6972e-09,1.6972e-09,0.480649,0.0293278,0.449416,0.0111639,0.0342487,0.0115089,0.0227398,,best_validation_checkpoint_1.bin
1882,1451,accepted,1,6.33965e-07,1.605e-09,9.16355e-10,9.16355e-10,1.69577e-09,1.69577e-09,0.482902,0.0289801,0.452338,0.009212,0.0344574,0.0114829,0.0229744,,best_validation_checkpoint_0.bin
1883,1452,accepted,1,2.47642e-06,8.02502e-10,9.15765e-10,9.15765e-10,1.69586e-09,1.69577e-09,0.517719,0.0285865,0.4875,0.0119957,0.0342569,0.0114751,0.0227817,,
1884,1452,rejected,1,9.62879e-06,8.02502e-09,9.15765e-10,9.15765e-10,1.69586e-09,1.69577e-09,0.506705,0.0294092,0.475574,0.0120922,0.011292,0.0112918,0,,
1885,1453,accepted,0,9.62879e-06,4.01251e-09,9.12307e-10,9.12307e-10,1.68987e-09,1.68987e-09,0,0,0,0.0108868,0.0341628,0.0113182,0.0228446,,best_validation_checkpoint_1.bin
1886,1454,accepted,1,3.88461e-07,2.00626e-09,9.11086e-10,9.11086e-10,1.68866e-09,1.68866e-09,0.48422,0.0288458,0.453507,0.0102833,0.0340019,0.0115891,0.0224128,,best_validation_checkpoint_0.bin
1887,1455,accepted,1,1.53509e-06,1.00313e-09,9.09591e-10,9.09591e-10,1.68743e-09,1.68743e-09,0.503728,0.0285961,0.473587,0.0102714,0.034333,0.0113263,0.0230067,,best_validation_checkpoint_1.bin
1888,1455,rejected,1,5.98929e-06,1.00313e-08,9.09591e-10,9.09591e-10,1.68743e-09,1.68743e-09,0.49176,0.0283851,0.461641,0.0111891,0.011328,0.0113279,0,,
1889,1456,accepted,0,5.98929e-06,5.01564e-09,9.07944e-10,9.07944e-10,1.68431e-09,1.68431e-09,0,0,0,0.0124854,0.0341157,0.0113939,0.0227218,,best_validation_checkpoint_0.bin
1890,1457,accepted,1,2.41825e-07,2.50782e-09,9.06947e-10,9.06947e-10,1.68328e-09,1.68328e-09,0.505366,0.0322872,0.471466,0.0109779,0.0338325,0.0113362,0.0224962,,best_validation_checkpoint_1.bin
1891,1458,accepted,1,9.55364e-07,1.25391e-09,9.05345e-10,9.05345e-10,1.68171e-09,1.68171e-09,0.478951,0.0287637,0.448408,0.0115143,0.0341266,0.0113949,0.0227315,,best_validation_checkpoint_0.bin
1892,1458,rejected,1,3.75341e-06,1.25391e-08,9.05345e-10,9.05345e-10,1.68171e-09,1.68171e-09,0.500204,0.0293465,0.469237,0.0107167,0.011457,0.0114569,0,,
1893,1459,accepted,0,3.75341e-06,6.26955e-09,9.04478e-10,9.04478e-10,1.67997e-09,1.67997e-09,0,0,0,0.0110305,0.0340145,0.0112742,0.0227402,,best_validation_checkpoint_1.bin
1894,1460,accepted,1,1.5094e-07,3.13477e-09,9.03675e-10,9.03675e-10,1.67911e-09,1.67911e-09,0.471293,0.0320986,0.437479,0.0111258,0.0341466,0.0115164,0.0226302,,best_validation_checkpoint_0.bin
1895,1461,accepted,1,5.98468e-07,1.56739e-09,9.02232e-10,9.02232e-10,1.67758e-09,1.67758e-09,0.522,0.0285063,0.491681,0.0104227,0.0340205,0.0114537,0.0225667,,best_validation_checkpoint_1.bin
1896,1462,accepted,1,2.3662e-06,7.83694e-10,9.01699e-10,9.01699e-10,1.6773e-09,1.6773e-09,0.469734,0.0281268,0.439834,0.0116683,0.0340336,0.0113703,0.0226632,,best_validation_checkpoint_0.bin
1897,1462,rejected,1,9.21909e-06,7.83694e-09,9.01699e-10,9.01699e-10,1.6773e-09,1.6773e-09,0.476404,0.0298851,0.444852,0.0106876,0.011333,0.0113328,0,,
1898,1463,accepted,0,9.21909e-06,3.91847e-09,8.98212e-10,8.98212e-10,1.67175e-09,1.67175e-09,0,0,0,0.010042,0.0336312,0.0112579,0.0223732,,best_validation_checkpoint_1.bin
1899,1464,accepted,1,3.62433e-07,1.95923e-09,8.97002e-10,8.97002e-10,1.67047e-09,1.67047e-09,0.485824,0.0285684,0.455581,0.0107259,0.0326462,0.0115013,0.0211448,,best_validation_checkpoint_0.bin
1900,1465,accepted,1,1.45724e-06,9.79617e-10,8.95542e-10,8.95542e-10,1.66899e-09,1.66899e-09,0.483005,0.0287409,0.452614,0.0104311,0.0337607,0.0113784,0.0223821,,best_validation_checkpoint_1.bin
1901,1465,rejected,1,5.74335e-06,9.79617e-09,8.95542e-10,8.95542e-10,1.66899e-09,1.66899e-09,0.490551,0.0294817,0.459484,0.0096635,0.0113626,0.0113626,0,,
1902,1466,accepted,0,5.74335e-06,4.89809e-09,8.93884e-10,8.93884e-10,1.66618e-09,1.66618e-09,0,0,0,0.0098051,0.0338346,0.0113845,0.02245,,best_validation_checkpoint_0.bin
1903,1467,accepted,1,2.26038e-07,2.44904e-09,8.92896e-10,8.92896e-10,1.66511e-09,1.66511e-09,0.490368,0.028702,0.459808,0.0111141,0.0349012,0.0117905,0.0231105,,best_validation_checkpoint_1.bin
1904,1468,accepted,1,9.10146e-07,1.22452e-09,8.91317e-10,8.91317e-10,1.66337e-09,1.66337e-09,0.497002,0.0308927,0.464428,0.0113757,0.0339838,0.0114858,0.022498,,best_validation_checkpoint_0.bin
1905,1468,rejected,1,3.61814e-06,1.22452e-08,8.91317e-10,8.91317e-10,1.66337e-09,1.66337e-09,0.514944,0.0287888,0.484525,0.0112707,0.0113474,0.0113472,0,,
1906,1469,accepted,0,3.61814e-06,6.12261e-09,8.90447e-10,8.90447e-10,1.66183e-09,1.66183e-09,0,0,0,0.0110446,0.034204,0.0113816,0.0228223,,best_validation_checkpoint_1.bin
1907,1470,accepted,1,1.41832e-07,3.0613e-09,8.89651e-10,8.89651e-10,1.66094e-09,1.66094e-09,0.497377,0.0292653,0.466473,0.0111705,0.0340963,0.011318,0.0227782,,best_validation_checkpoint_0.bin
1908,1471,accepted,1,5.73311e-07,1.53065e-09,8.88225e-10,8.88225e-10,1.6593e-09,1.6593e-09,0.474896,0.0286342,0.444591,0.0108909,0.0340669,0.0114451,0.0226218,,best_validation_checkpoint_1.bin
1909,1472,accepted,1,2.29371e-06,7.65326e-10,8.87779e-10,8.87779e-10,1.65863e-09,1.65863e-09,0.505176,0.0285728,0.474926,0.0115855,0.0342543,0.0114032,0.022851,,best_validation_checkpoint_0.bin
1910,1472,rejected,1,8.94136e-06,7.65326e-09,8.87779e-10,8.87779e-10,1.65863e-09,1.65863e-09,0.479249,0.0286099,0.448932,0.0108214,0.0115293,0.0115291,0,,
1911,1473,accepted,0,8.94136e-06,3.82663e-09,8.84236e-10,8.84236e-10,1.65358e-09,1.65358e-09,0,0,0,0.0104365,0.0343439,0.0112785,0.0230653,,best_validation_checkpoint_1.bin
1912,1474,accepted,1,3.43317e-07,1.91331e-09,8.83038e-10,8.83038e-10,1.65223e-09,1.65223e-09,0.478671,0.0300957,0.446795,0.0111259,0.0340393,0.0113079,0.0227313,,best_validation_checkpoint_0.bin
1913,1475,accepted,1,1.41026e-06,9.56657e-10,8.81631e-10,8.81631e-10,1.65048e-09,1.65048e-09,0.494314,0.0302116,0.462312,0.0106662,0.034009,0.0113062,0.0227028,,best_validation_checkpoint_1.bin
1914,1475,rejected,1,5.61057e-06,9.56657e-09,8.81631e-10,8.81631e-10,1.65048e-09,1.65048e-09,0.523223,0.0304646,0.491108,0.0114725,0.0114542,0.011454,0,,
1915,1476,accepted,0,5.61057e-06,4.78329e-09,8.79947e-10,8.79947e-10,1.64802e-09,1.64802e-09,0,0,0,0.011623,0.03547,0.0117107,0.0237593,,best_validation_checkpoint_0.bin
1916,1477,accepted,1,2.15402e-07,2.39164e-09,8.78969e-10,8.78969e-10,1.64689e-09,1.64689e-09,0.513016,0.0284408,0.482854,0.0100201,0.0341522,0.0113519,0.0228003,,best_validation_checkpoint_1.bin
1917,1478,accepted,1,8.88253e-07,1.19582e-09,8.77423e-10,8.77423e-10,1.64497e-09,1.64497e-09,0.499999,0.0300467,0.468336,0.0100004,0.034137,0.0113683,0.0227687,,best_validation_checkpoint_0.bin
1918,1478,rejected,1,3.57112e-06,1.19582e-08,8.77423e-10,8.77423e-10,1.64497e-09,1.64497e-09,0.502246,0.029274,0.471399,0.009928,0.0113987,0.0113985,0,,
1919,1479,accepted,0,3.57112e-06,5.97911e-09,8.76542e-10,8.76542e-10,1.64367e-09,1.64367e-09,0,0,0,0.0098307,0.0338917,0.0113111,0.0225806,,best_validation_checkpoint_1.bin
1920,1480,accepted,1,1.36513e-07,2.98955e-09,8.75754e-10,8.75754e-10,1.64274e-09,1.64274e-09,0.480709,0.0297054,0.449346,0.0108291,0.0339605,0.0113579,0.0226026,,best_validation_checkpoint_0.bin
1921,1481,accepted,1,5.65108e-07,1.49478e-09,8.7435e-10,8.7435e-10,1.64098e-09,1.64098e-09,0.500689,0.0294124,0.469694,0.0112252,0.0342208,0.0114856,0.022735,,best_validation_checkpoint_1.bin
1922,1482,accepted,1,2.28637e-06,7.47389e-10,8.7405e-10,8.7405e-10,1.63992e-09,1.63992e-09,0.489087,0.0305624,0.456818,0.0105349,0.0339649,0.0113555,0.0226093,,best_validation_checkpoint_0.bin
1923,1482,rejected,1,8.92487e-06,7.47389e-09,8.7405e-10,8.7405e-10,1.63992e-09,1.63992e-09,0.482496,0.0298734,0.450933,0.0112918,0.0113405,0.0113403,0,,
1924,1483,accepted,0,8.92487e-06,3.73694e-09,8.70392e-10,8.70392e-10,1.63539e-09,1.63539e-09,0,0,0,0.0104689,0.0341392,0.0114347,0.0227044,,best_validation_checkpoint_1.bin
1925,1484,accepted,1,3.37327e-07,1.86847e-09,8.69211e-10,8.69211e-10,1.63396e-09,1.63396e-09,0.513246,0.0317191,0.47986,0.0117582,0.0343559,0.0113066,0.0230492,,best_validation_checkpoint_0.bin
1926,1485,accepted,1,1.41695e-06,9.34236e-10,8.67884e-10,8.67884e-10,1.63194e-09,1.63194e-09,0.49867,0.0294257,0.467591,0.0100781,0.0335596,0.0113319,0.0222276,,best_validation_checkpoint_1.bin
1927,1485,rejected,1,5.68693e-06,9.34236e-09,8.67884e-10,8.67884e-10,1.63194e-09,1.63194e-09,0.494545,0.0286838,0.464266,0.0116156,0.0114876,0.0114875,0,,
1928,1486,accepted,0,5.68693e-06,4.67118e-09,8.66147e-10,8.66147e-10,1.62984e-09,1.62984e-09,0,0,0,0.0115449,0.0340578,0.0115276,0.0225302,,best_validation_checkpoint_0.bin
1929,1487,accepted,1,2.14427e-07,2.33559e-09,8.65182e-10,8.65182e-10,1.62866e-09,1.62866e-09,0.506576,0.0291367,0.475825,0.0102346,0.0343421,0.0116628,0.0226793,,best_validation_checkpoint_1.bin
1930,1488,accepted,1,9.05939e-07,1.16779e-09,8.63682e-10,8.63682e-10,1.62656e-09,1.62656e-09,0.513283,0.028674,0.48293,0.0101609,0.0340206,0.0113047,0.0227159,,best_validation_checkpoint_0.bin
1931,1488,rejected,1,3.67751e-06,1.16779e-08,8.63682e-10,8.63682e-10,1.62656e-09,1.62656e-09,0.507039,0.0292792,0.476124,0.0118275,0.0114983,0.0114982,0,,
1932,1489,accepted,0,3.67751e-06,5.83897e-09,8.62779e-10,8.62779e-10,1.62549e-09,1.62549e-09,0,0,0,0.0115593,0.0337422,0.0112978,0.0224443,,best_validation_checkpoint_1.bin
1933,1490,accepted,1,1.38046e-07,2.91949e-09,8.62e-10,8.62e-10,1.62453e-09,1.62453e-09,0.488039,0.0306412,0.45559,0.0110597,0.0339232,0.0113491,0.022574,,best_validation_checkpoint_0.bin
1934,1491,accepted,1,5.84688e-07,1.45974e-09,8.60625e-10,8.60625e-10,1.62265e-09,1.62265e-09,0.492966,0.0284501,0.462812,0.0092387,0.0341261,0.0113114,0.0228146,,best_validation_checkpoint_1.bin
1935,1492,accepted,1,2.38632e-06,7.29872e-10,8.60555e-10,8.60555e-10,1.62125e-09,1.62125e-09,0.490776,0.0288836,0.459831,0.0107112,0.0342375,0.0112927,0.0229447,,best_validation_checkpoint_0.bin
1936,1492,rejected,1,9.34858e-06,7.29872e-09,8.60555e-10,8.60555e-10,1.62125e-09,1.62125e-09,0.50494,0.0302819,0.473078,0.0109594,0.0112961,0.011296,0,,
1937,1493,accepted,0,9.34858e-06,3.64936e-09,8.56697e-10,8.56697e-10,1.6172e-09,1.6172e-09,0,0,0,0.0104044,0.0336924,0.0112501,0.0224423,,best_validation_checkpoint_1.bin
1938,1494,accepted,1,3.5247e-07,1.82468e-09,8.55535e-10,8.55535e-10,1.61569e-09,1.61569e-09,0.511351,0.02922,0.48054,0.011711,0.0339646,0.0113351,0.0226294,,best_validation_checkpoint_0.bin
1939,1495,accepted,1,1.50457e-06,9.1234e-10,8.54328e-10,8.54328e-10,1.61341e-09,1.61341e-09,0.51049,0.028349,0.480521,0.0115684,0.03356,0.0113487,0.0222112,,best_validation_checkpoint_1.bin
1940,1495,rejected,1,6.07895e-06,9.1234e-09,8.54328e-10,8.54328e-10,1.61341e-09,1.61341e-09,0.475495,0.0293291,0.444468,0.0115498,0.0113368,0.0113367,0,,
1941,1496,accepted,0,6.07895e-06,4.5617e-09,8.52501e-10,8.52501e-10,1.61165e-09,1.61165e-09,0,0,0,0.0104552,0.0336758,0.0113384,0.0223372,,best_validation_checkpoint_0.bin
1942,1497,accepted,1,2.27988e-07,2.28085e-09,8.5155e-10,8.5155e-10,1.61042e-09,1.61042e-09,0.519155,0.0318174,0.485612,0.0107271,0.0344236,0.011603,0.0228204,,best_validation_checkpoint_1.bin
1943,1498,accepted,1,9.78959e-07,1.14042e-09,8.50115e-10,8.50115e-10,1.60813e-09,1.60813e-09,0.503494,0.0289096,0.472932,0.0116755,0.0341108,0.0114022,0.0227086,,best_validation_checkpoint_0.bin
1944,1498,rejected,1,3.99656e-06,1.14042e-08,8.50115e-10,8.50115e-10,1.60813e-09,1.60813e-09,0.493573,0.0288189,0.463088,0.0098235,0.0112923,0.0112922,0,,
1945,1499,accepted,0,3.99656e-06,5.70212e-09,8.49172e-10,8.49172e-10,1.6073e-09,1.6073e-09,0,0,0,0.0099067,0.0332219,0.0114438,0.0217779,,best_validation_checkpoint_1.bin
1946,1500,accepted,1,1.49217e-07,2.85106e-09,8.48404e-10,8.48404e-10,1.6063e-09,1.6063e-09,0.514246,0.0288758,0.483672,0.0112888,0.0344061,0.0113544,0.0230517,,best_validation_checkpoint_0.bin
1947,1501,accepted,1,6.4069e-07,1.42553e-09,8.47066e-10,8.47066e-10,1.6043e-09,1.6043e-09,0.48492,0.0286169,0.454582,0.011326,0.0339469,0.0114407,0.0225061,,best_validation_checkpoint_1.bin
1948,1501,rejected,1,2.62531e-06,1.42553e-08,8.47066e-10,8.47066e-10,1.6043e-09,1.6043e-09,0.480483,0.0299831,0.448861,0.011314,0.0113576,0.0113575,0,,
1949,1502,accepted,0,2.62531e-06,7.12765e-09,8.46527e-10,8.46527e-10,1.60386e-09,1.60386e-09,0,0,0,0.0105405,0.0339089,0.0115217,0.0223872,,best_validation_checkpoint_0.bin
1950,1503,accepted,1,9.77958e-08,3.56383e-09,8.45911e-10,8.45911e-10,1.60306e-09,1.60306e-09,0.497092,0.0285912,0.466706,0.0117261,0.0341282,0.0114677,0.0226605,,best_validation_checkpoint_1.bin
1951,1504,accepted,1,4.18868e-07,1.78191e-09,8.44764e-10,8.44764e-10,1.60139e-09,1.60139e-09,0.495835,0.0293357,0.464813,0.0113552,0.0341853,0.0114257,0.0227595,,best_validation_checkpoint_0.bin
1952,1505,accepted,1,1.71831e-06,8.90957e-10,8.43705e-10,8.43705e-10,1.59885e-09,1.59885e-09,0.487642,0.0287478,0.457066,0.0105173,0.034022,0.011384,0.0226378,,best_validation_checkpoint_1.bin
1953,1505,rejected,1,6.83024e-06,8.90957e-09,8.43705e-10,8.43705e-10,1.59885e-09,1.59885e-09,0.488,0.0285027,0.457906,0.0109395,0.0113906,0.0113904,0,,
1954,1506,accepted,0,6.83024e-06,4.45478e-09,8.41737e-10,8.41737e-10,1.59727e-09,1.59727e-09,0,0,0,0.0106137,0.0340022,0.0115696,0.0224324,,best_validation_checkpoint_0.bin
1955,1507,accepted,1,2.57425e-07,2.22739e-09,8.40794e-10,8.40794e-10,1.59596e-09,1.59596e-09,0.495221,0.029355,0.464201,0.0100207,0.0341827,0.01132,0.0228627,,best_validation_checkpoint_1.bin
1956,1508,accepted,1,1.10194e-06,1.1137e-09,8.3943e-10,8.3943e-10,1.59349e-09,1.59349e-09,0.503397,0.029147,0.472614,0.0105099,0.034069,0.0113062,0.0227628,,best_validation_checkpoint_0.bin
1957,1508,rejected,1,4.47649e-06,1.1137e-08,8.3943e-10,8.3943e-10,1.59349e-09,1.59349e-09,0.486001,0.0287183,0.455593,0.0113784,0.0113357,0.0113357,0,,
1958,1509,accepted,0,4.47649e-06,5.56848e-09,8.38427e-10,8.38427e-10,1.59283e-09,1.59283e-09,0,0,0,0.0103496,0.0337873,0.0114096,0.0223777,,best_validation_checkpoint_1.bin
1959,1510,accepted,1,1.67811e-07,2.78424e-09,8.37665e-10,8.37665e-10,1.59178e-09,1.59178e-09,0.464807,0.0291991,0.433774,0.0116401,0.0339059,0.0113746,0.0225313,,best_validation_checkpoint_0.bin
1960,1511,accepted,1,7.20602e-07,1.39212e-09,8.36361e-10,8.36361e-10,1.58965e-09,1.58965e-09,0.51313,0.0289102,0.482537,0.0106978,0.0340036,0.0114922,0.0225113,,best_validation_checkpoint_1.bin
1961,1511,rejected,1,2.94697e-06,1.39212e-08,8.36361e-10,8.36361e-10,1.58965e-09,1.58965e-09,0.492,0.0285169,0.461858,0.0114607,0.0113953,0.0113951,0,,
1962,1512,accepted,0,2.94697e-06,6.9606e-09,8.35797e-10,8.35797e-10,1.58934e-09,1.58934e-09,0,0,0,0.0105542,0.0346371,0.0116364,0.0230007,,best_validation_checkpoint_0.bin
1963,1513,accepted,1,1.10239e-07,3.4803e-09,8.35186e-10,8.35186e-10,1.5885e-09,1.5885e-09,0.481399,0.028581,0.451156,0.0108926,0.034035,0.0113161,0.0227188,,best_validation_checkpoint_1.bin
1964,1514,accepted,1,4.72172e-07,1.74015e-09,8.34057e-10,8.34057e-10,1.58675e-09,1.58675e-09,0.504074,0.0286135,0.47377,0.0101604,0.034231,0.0113602,0.0228706,,best_validation_checkpoint_0.bin
1965,1515,accepted,1,1.93385e-06,8.70075e-10,8.33182e-10,8.33182e-10,1.58404e-09,1.58404e-09,0.498266,0.0285834,0.467976,0.0120726,0.0346,0.0120411,0.0225588,,best_validation_checkpoint_1.bin
1966,1515,rejected,1,7.69751e-06,8.70075e-09,8.33182e-10,8.33182e-10,1.58404e-09,1.58404e-09,0.493766,0.0303446,0.461789,0.0101825,0.0114146,0.0114146,0,,
1967,1516,accepted,0,7.69751e-06,4.35037e-09,8.31038e-10,8.31038e-10,1.58265e-09,1.58265e-09,0,0,0,0.0112413,0.0344525,0.0114782,0.0229741,,best_validation_checkpoint_0.bin
1968,1517,accepted,1,2.9286e-07,2.17519e-09,8.30106e-10,8.30106e-10,1.58128e-09,1.58128e-09,0.516756,0.0291003,0.485978,0.0106567,0.0338287,0.0114011,0.0224275,,best_validation_checkpoint_1.bin
1969,1518,accepted,1,1.24904e-06,1.08759e-09,8.28826e-10,8.28826e-10,1.57867e-09,1.57867e-09,0.481026,0.0290847,0.45035,0.0108769,0.0339697,0.0113691,0.0226006,,best_validation_checkpoint_0.bin
1970,1518,rejected,1,5.06849e-06,1.08759e-08,8.28826e-10,8.28826e-10,1.57867e-09,1.57867e-09,0.471246,0.0287851,0.440699,0.0102466,0.0112922,0.011292,0,,
1971,1519,accepted,0,5.06849e-06,5.43797e-09,8.2775e-10,8.2775e-10,1.57816e-09,1.57816e-09,0,0,0,0.0113271,0.0342576,0.0112766,0.0229809,,best_validation_checkpoint_1.bin
1972,1520,accepted,1,1.915e-07,2.71898e-09,8.26995e-10,8.26995e-10,1.57708e-09,1.57708e-09,0.505445,0.0294674,0.474356,0.0123605,0.0339929,0.011291,0.0227018,,best_validation_checkpoint_0.bin
1973,1521,accepted,1,8.19248e-07,1.35949e-09,8.25732e-10,8.25732e-10,1.57483e-09,1.57483e-09,0.475848,0.0291168,0.445004,0.0105891,0.0339908,0.0114283,0.0225624,,best_validation_checkpoint_1.bin
1974,1521,rejected,1,3.34341e-06,1.35949e-08,8.25732e-10,8.25732e-10,1.57483e-09,1.57483e-09,0.493372,0.0294214,0.462344,0.0110618,0.0114318,0.0114317,0,,
1975,1522,accepted,0,3.34341e-06,6.79746e-09,8.25138e-10,8.25138e-10,1.57463e-09,1.57463e-09,0,0,0,0.0107284,0.0338684,0.0113932,0.022475,,best_validation_checkpoint_0.bin
1976,1523,accepted,1,1.25982e-07,3.39873e-09,8.24532e-10,8.24532e-10,1.57376e-09,1.57376e-09,0.51312,0.0287178,0.482647,0.0098672,0.0340151,0.0113033,0.0227117,,best_validation_checkpoint_1.bin
1977,1524,accepted,1,5.37469e-07,1.69936e-09,8.23424e-10,8.23424e-10,1.57193e-09,1.57193e-09,0.479873,0.0294708,0.448696,0.0108165,0.033978,0.0113601,0.0226179,,best_validation_checkpoint_0.bin
1978,1525,accepted,1,2.1957e-06,8.49682e-10,8.22772e-10,8.22772e-10,1.56909e-09,1.56909e-09,0.482031,0.0300563,0.450105,0.0107839,0.0326847,0.011401,0.0212835,,best_validation_checkpoint_1.bin
1979,1525,rejected,1,8.74595e-06,8.49682e-09,8.22772e-10,8.22772e-10,1.56909e-09,1.56909e-09,0.49966,0.0293494,0.468699,0.0107196,0.011272,0.011272,0,,
1980,1526,accepted,0,8.74595e-06,4.24841e-09,8.20414e-10,8.20414e-10,1.56786e-09,1.56786e-09,0,0,0,0.0103536,0.0336762,0.0113167,0.0223594,,best_validation_checkpoint_0.bin
1981,1527,accepted,1,3.35664e-07,2.12421e-09,8.19495e-10,8.19495e-10,1.56643e-09,1.56643e-09,0.479512,0.0286548,0.449216,0.0099904,0.0336291,0.0112776,0.0223515,,best_validation_checkpoint_1.bin
1982,1528,accepted,1,1.42287e-06,1.0621e-09,8.18316e-10,8.18316e-10,1.56369e-09,1.56369e-09,0.493277,0.0293202,0.462178,0.0102803,0.0339243,0.0113611,0.0225632,,best_validation_checkpoint_0.bin
1983,1528,rejected,1,5.76186e-06,1.0621e-08,8.18316e-10,8.18316e-10,1.56369e-09,1.56369e-09,0.505105,0.0305657,0.472854,0.0119977,0.0113143,0.0113143,0,,
1984,1529,accepted,0,5.76186e-06,5.31051e-09,8.1715e-10,8.1715e-10,1.56331e-09,1.56331e-09,0,0,0,0.0098391,0.0341482,0.0114019,0.0227463,,best_validation_checkpoint_1.bin
1985,1530,accepted,1,2.19411e-07,2.65526e-09,8.16404e-10,8.16404e-10,1.56218e-09,1.56218e-09,0.483651,0.0284964,0.452866,0.0115524,0.034003,0.011313,0.02269,,best_validation_checkpoint_0.bin
1986,1531,accepted,1,9.32934e-07,1.32763e-09,8.15189e-10,8.15189e-10,1.55983e-09,1.55983e-09,0.498283,0.030386,0.466342,0.0098522,0.0309771,0.0106112,0.0203659,,best_validation_checkpoint_1.bin
1987,1531,rejected,1,3.79638e-06,1.32763e-08,8.15189e-10,8.15189e-10,1.55983e-09,1.55983e-09,0.515235,0.0299939,0.483543,0.0107301,0.0114574,0.0114573,0,,
1988,1532,accepted,0,3.79638e-06,6.63814e-09,8.14559e-10,8.14559e-10,1.55973e-09,1.55973e-09,0,0,0,0.010232,0.0338268,0.0113294,0.0224974,,best_validation_checkpoint_0.bin
1989,1533,accepted,1,1.44122e-07,3.31907e-09,8.13958e-10,8.13958e-10,1.55883e-09,1.55883e-09,0.507385,0.0299194,0.475727,0.0113514,0.0338266,0.0114747,0.0223518,,best_validation_checkpoint_1.bin
1990,1534,accepted,1,6.1123e-07,1.65954e-09,8.12876e-10,8.12876e-10,1.55692e-09,1.55692e-09,0.493161,0.0288898,0.462534,0.0117098,0.0342508,0.0116329,0.0226179,,best_validation_checkpoint_0.bin
1991,1535,accepted,1,2.48928e-06,8.29768e-10,8.12482e-10,8.12482e-10,1.55399e-09,1.55399e-09,0.482472,0.0291031,0.451699,0.0102584,0.0338206,0.0113223,0.0224982,,best_validation_checkpoint_1.bin
1992,1535,rejected,1,9.91318e-06,8.29768e-09,8.12482e-10,8.12482e-10,1.55399e-09,1.55399e-09,0.492246,0.0285836,0.46192,0.0118762,0.0114783,0.0114781,0,,
1993,1536,accepted,0,9.91318e-06,4.14884e-09,8.09873e-10,8.09873e-10,1.55286e-09,1.55286e-09,0,0,0,0.0114687,0.0337994,0.0113506,0.0224487,,best_validation_checkpoint_0.bin
1994,1537,accepted,1,3.82992e-07,2.07442e-09,8.08969e-10,8.08969e-10,1.55137e-09,1.55137e-09,0.495388,0.0308499,0.462723,0.0104115,0.0338243,0.0112604,0.0225639,,best_validation_checkpoint_1.bin
1995,1538,accepted,1,1.61257e-06,1.03721e-09,8.07906e-10,8.07906e-10,1.54851e-09,1.54851e-09,0.50639,0.0285535,0.476173,0.0113544,0.032622,0.01124,0.0213819,,best_validation_checkpoint_0.bin
1996,1538,rejected,1,6.51364e-06,1.03721e-08,8.07906e-10,8.07906e-10,1.54851e-09,1.54851e-09,0.488441,0.0284074,0.458374,0.0113923,0.0113747,0.0113745,0,,
1997,1539,accepted,0,6.51364e-06,5.18605e-09,8.06637e-10,8.06637e-10,1.54825e-09,1.54825e-09,0,0,0,0.0114699,0.034169,0.0117814,0.0223875,,best_validation_checkpoint_1.bin
1998,1540,accepted,1,2.49649e-07,2.59302e-09,8.059e-10,8.059e-10,1.54707e-09,1.54707e-09,0.496485,0.0321268,0.462615,0.0099936,0.0324395,0.0112212,0.0212182,,best_validation_checkpoint_0.bin
1999,1541,accepted,1,1.05444e-06,1.29651e-09,8.04739e-10,8.04739e-10,1.54462e-09,1.54462e-09,0.475765,0.0288089,0.445316,0.0109917,0.0337479,0.0113551,0.0223926,,best_validation_checkpoint_1.bin
2000,1541,rejected,1,4.27773e-06,1.29651e-08,8.04739e-10,8.04739e-10,1.54462e-09,1.54462e-09,0.492472,0.028589,0.462144,0.010243,0.0114243,0.0114243,0,,
2001,1542,accepted,0,4.27773e-06,6.48256e-09,8.04068e-10,8.04068e-10,1.54461e-09,1.54461e-09,0,0,0,0.0109903,0.0337082,0.0113603,0.0223479,,best_validation_checkpoint_0.bin
2002,1543,accepted,1,1.63445e-07,3.24128e-09,8.03474e-10,8.03474e-10,1.54368e-09,1.54368e-09,0.469308,0.0290633,0.438466,0.0106323,0.0338679,0.0113316,0.0225361,,best_validation_checkpoint_1.bin
2003,1544,accepted,1,6.88812e-07,1.62064e-09,8.02418e-10,8.02418e-10,1.54169e-09,1.54169e-09,0.494706,0.0285814,0.464536,0.0100188,0.0337946,0.0112688,0.0225256,,best_validation_checkpoint_0.bin
2004,1545,accepted,1,2.79652e-06,8.1032e-10,8.02314e-10,8.02314e-10,1.53872e-09,1.53872e-09,0.488929,0.0293001,0.458008,0.0103558,0.033725,0.0113735,0.0223515,,best_validation_checkpoint_1.bin
2005,1545,rejected,1,1.11279e-05,8.1032e-09,8.02314e-10,8.02314e-10,1.53872e-09,1.53872e-09,0.490976,0.0287903,0.460451,0.0113566,0.011433,0.0114329,0,,
2006,1546,accepted,0,1.11279e-05,4.0516e-09,7.99424e-10,7.99424e-10,1.53763e-09,1.53763e-09,0,0,0,0.01055,0.0340024,0.0112946,0.0227078,,best_validation_checkpoint_0.bin
2007,1547,accepted,1,4.31819e-07,2.0258e-09,7.98535e-10,7.98535e-10,1.53608e-09,1.53608e-09,0.490496,0.0296171,0.459202,0.0103622,0.0336105,0.0115002,0.0221102,,best_validation_checkpoint_1.bin
2008,1548,accepted,1,1.80656e-06,1.0129e-09,7.97599e-10,7.97599e-10,1.53313e-09,1.53313e-09,0.48351,0.028981,0.452903,0.0109399,0.0339613,0.0114149,0.0225462,,best_validation_checkpoint_0.bin
2009,1548,rejected,1,7.27869e-06,1.0129e-08,7.97599e-10,7.97599e-10,1.53313e-09,1.53313e-09,0.490596,0.0289303,0.460077,0.0108737,0.0114302,0.01143,0,,
2010,1549,accepted,0,7.27869e-06,5.0645e-09,7.96217e-10,7.96217e-10,1.53295e-09,1.53295e-09,0,0,0,0.0110077,0.0346764,0.0116066,0.0230697,,best_validation_checkpoint_1.bin
2011,1550,accepted,1,2.80324e-07,2.53225e-09,7.95489e-10,7.95489e-10,1.53173e-09,1.53173e-09,0.483694,0.0295591,0.452399,0.0108492,0.0340152,0.0115219,0.0224931,,best_validation_checkpoint_0.bin
2012,1551,accepted,1,1.17652e-06,1.26613e-09,7.94388e-10,7.94388e-10,1.52918e-09,1.52918e-09,0.520274,0.0300805,0.488602,0.0097093,0.0340009,0.0115113,0.0224896,,best_validation_checkpoint_1.bin
2013,1551,rejected,1,4.75924e-06,1.26613e-08,7.94388e-10,7.94388e-10,1.52918e-09,1.52918e-09,0.481563,0.0288495,0.451004,0.0104678,0.0116726,0.0116725,0,,
2014,1552,accepted,0,4.75924e-06,6.33063e-09,7.93671e-10,7.93671e-10,1.52925e-09,1.52918e-09,0,0,0,0.0109896,0.0338342,0.0114423,0.0223919,,
2015,1553,accepted,1,1.82769e-07,3.16531e-09,7.93084e-10,7.93084e-10,1.52829e-09,1.52829e-09,0.520825,0.0283057,0.49092,0.0093772,0.0344486,0.0113763,0.0230722,,best_validation_checkpoint_0.bin
2016,1554,accepted,1,7.65679e-07,1.58266e-09,7.92058e-10,7.92058e-10,1.52622e-09,1.52622e-09,0.507266,0.030489,0.475061,0.0104635,0.0343394,0.0114962,0.0228431,,best_validation_checkpoint_1.bin
2017,1554,rejected,1,3.09972e-06,1.58266e-08,7.92058e-10,7.92058e-10,1.52622e-09,1.52622e-09,0.506259,0.030893,0.472211,0.0103268,0.0112928,0.0112928,0,,
2018,1555,accepted,0,3.09972e-06,7.91328e-09,7.91647e-10,7.91647e-10,1.5263e-09,1.52622e-09,0,0,0,0.0098442,0.0335403,0.0111798,0.0223605,,
2019,1556,accepted,1,1.18931e-07,3.95664e-09,7.91176e-10,7.91176e-10,1.52554e-09,1.52554e-09,0.52046,0.0289644,0.4897,0.0113458,0.0341418,0.0114384,0.0227034,,best_validation_checkpoint_0.bin
2020,1557,accepted,1,4.96769e-07,1.97832e-09,7.90297e-10,7.90297e-10,1.5239e-09,1.5239e-09,0.493059,0.0286415,0.46275,0.0110112,0.0341483,0.0116135,0.0225347,,best_validation_checkpoint_1.bin
2021,1558,accepted,1,2.01104e-06,9.8916e-10,7.89482e-10,7.89482e-10,1.52082e-09,1.52082e-09,0.513576,0.0293954,0.482604,0.0102579,0.0340181,0.0115673,0.0224508,,best_validation_checkpoint_0.bin
2022,1558,rejected,1,8.02674e-06,9.8916e-09,7.89482e-10,7.89482e-10,1.52082e-09,1.52082e-09,0.502914,0.0282096,0.473029,0.010408,0.0112862,0.0112859,0,,
2023,1559,accepted,0,8.02674e-06,4.9458e-09,7.87977e-10,7.87977e-10,1.52066e-09,1.52066e-09,0,0,0,0.0099007,0.0339032,0.0113715,0.0225316,,best_validation_checkpoint_1.bin
2024,1560,accepted,1,3.10925e-07,2.4729e-09,7.87255e-10,7.87255e-10,1.51939e-09,1.51939e-09,0.510604,0.0296772,0.479151,0.0112949,0.0342133,0.0114955,0.0227178,,best_validation_checkpoint_0.bin
2025,1561,accepted,1,1.29187e-06,1.23645e-09,7.86205e-10,7.86205e-10,1.51674e-09,1.51674e-09,0.526538,0.0285015,0.496412,0.0113219,0.0337393,0.0113273,0.022412,,best_validation_checkpoint_1.bin
2026,1561,rejected,1,5.19587e-06,1.23645e-08,7.86205e-10,7.86205e-10,1.51674e-09,1.51674e-09,0.49115,0.0290005,0.460419,0.0113059,0.0114258,0.0114254,0,,
2027,1562,accepted,0,5.19587e-06,6.18225e-09,7.85439e-10,7.85439e-10,1.51685e-09,1.51674e-09,0,0,0,0.010866,0.0340235,0.0113746,0.0226488,,
2028,1563,accepted,1,2.00312e-07,3.09113e-09,7.84855e-10,7.84855e-10,1.51585e-09,1.51585e-09,0.477804,0.0289336,0.447182,0.0122021,0.0338626,0.0113681,0.0224943,,best_validation_checkpoint_0.bin
2029,1564,accepted,1,8.3407e-07,1.54556e-09,7.83852e-10,7.83852e-10,1.5137e-09,1.5137e-09,0.514086,0.0289141,0.483455,0.0116838,0.033899,0.0113716,0.0225274,,best_validation_checkpoint_1.bin
2030,1564,rejected,1,3.3654e-06,1.54556e-08,7.83852e-10,7.83852e-10,1.5137e-09,1.5137e-09,0.493266,0.0302727,0.461307,0.0111927,0.0113353,0.011335,0,,
2031,1565,accepted,0,3.3654e-06,7.72782e-09,7.83422e-10,7.83422e-10,1.51382e-09,1.5137e-09,0,0,0,0.0106324,0.0340437,0.0114646,0.022579,,
2032,1566,accepted,1,1.29608e-07,3.86391e-09,7.82952e-10,7.82952e-10,1.51304e-09,1.51304e-09,0.489602,0.0289904,0.458981,0.010945,0.0340222,0.0113679,0.0226543,,best_validation_checkpoint_0.bin
2033,1567,accepted,1,5.38818e-07,1.93195e-09,7.82084e-10,7.82084e-10,1.51134e-09,1.51134e-09,0.493589,0.0284403,0.463316,0.0107312,0.0340621,0.0113454,0.0227166,,best_validation_checkpoint_1.bin
2034,1568,accepted,1,2.17588e-06,9.65977e-10,7.81394e-10,7.81394e-10,1.5082e-09,1.5082e-09,0.491072,0.0288025,0.460496,0.0109957,0.0339647,0.0113512,0.0226133,,best_validation_checkpoint_0.bin
2035,1568,rejected,1,8.67179e-06,9.65977e-09,7.81394e-10,7.81394e-10,1.5082e-09,1.5082e-09,0.490972,0.0287299,0.460666,0.0107321,0.0112747,0.0112746,0,,
2036,1569,accepted,0,8.67179e-06,4.82989e-09,7.79764e-10,7.79764e-10,1.50807e-09,1.50807e-09,0,0,0,0.0105501,0.0318778,0.0115232,0.0203544,,best_validation_checkpoint_1.bin
2037,1570,accepted,1,3.36603e-07,2.41494e-09,7.79047e-10,7.79047e-10,1.50675e-09,1.50675e-09,0.507087,0.0289854,0.476365,0.0107594,0.0339321,0.0113675,0.0225644,,best_validation_checkpoint_0.bin
2038,1571,accepted,1,1.39275e-06,1.20747e-09,7.7805e-10,7.7805e-10,1.50403e-09,1.50403e-09,0.495085,0.0285723,0.464822,0.0100925,0.0338805,0.0114064,0.022474,,best_validation_checkpoint_1.bin
2039,1571,rejected,1,5.59151e-06,1.20747e-08,7.7805e-10,7.7805e-10,1.50403e-09,1.50403e-09,0.501133,0.0287862,0.470505,0.0110036,0.0113437,0.0113436,0,,
2040,1572,accepted,0,5.59151e-06,6.03736e-09,7.77234e-10,7.77234e-10,1.50417e-09,1.50403e-09,0,0,0,0.011615,0.0338382,0.0112979,0.0225403,,
2041,1573,accepted,1,2.16114e-07,3.01868e-09,7.76653e-10,7.76653e-10,1.50314e-09,1.50314e-09,0.498892,0.0290087,0.468259,0.0118568,0.033952,0.01124,0.022712,,best_validation_checkpoint_0.bin
2042,1574,accepted,1,8.9633e-07,1.50934e-09,7.75674e-10,7.75674e-10,1.50093e-09,1.50093e-09,0.50396,0.028615,0.473564,0.0116778,0.0336321,0.0112556,0.0223763,,best_validation_checkpoint_1.bin
2043,1574,rejected,1,3.61006e-06,1.50934e-08,7.75674e-10,7.75674e-10,1.50093e-09,1.50093e-09,0.525609,0.0286104,0.49529,0.0102065,0.0112865,0.0112863,0,,
2044,1575,accepted,0,3.61006e-06,7.5467e-09,7.75223e-10,7.75223e-10,1.50108e-09,1.50093e-09,0,0,0,0.0103302,0.0337545,0.0112906,0.0224638,,
2045,1576,accepted,1,1.39417e-07,3.77335e-09,7.74756e-10,7.74756e-10,1.50028e-09,1.50028e-09,0.516834,0.0290393,0.486136,0.0106098,0.0337809,0.0113256,0.0224553,,best_validation_checkpoint_0.bin
2046,1577,accepted,1,5.77505e-07,1.88667e-09,7.73899e-10,7.73899e-10,1.49852e-09,1.49852e-09,0.503813,0.029016,0.473138,0.0109472,0.033838,0.01132,0.0225179,,best_validation_checkpoint_1.bin
2047,1578,accepted,1,2.32807e-06,9.43337e-10,7.73338e-10,7.73338e-10,1.49533e-09,1.49533e-09,0.493956,0.028014,0.464265,0.0103665,0.0338234,0.0112981,0.0225251,,best_validation_checkpoint_0.bin
2048,1578,rejected,1,9.26862e-06,9.43337e-09,7.73338e-10,7.73338e-10,1.49533e-09,1.49533e-09,0.486953,0.0285346,0.456803,0.0106208,0.011313,0.0113127,0,,
2049,1579,accepted,0,9.26862e-06,4.71668e-09,7.71579e-10,7.71579e-10,1.49521e-09,1.49521e-09,0,0,0,0.0107365,0.0339447,0.0115153,0.0224293,,best_validation_checkpoint_1.bin
2050,1580,accepted,1,3.60195e-07,2.35834e-09,7.70868e-10,7.70868e-10,1.49385e-09,1.49385e-09,0.510044,0.0291328,0.479191,0.0104237,0.0341297,0.0115512,0.0225784,,best_validation_checkpoint_0.bin
2051,1581,accepted,1,1.48528e-06,1.17917e-09,7.69925e-10,7.69925e-10,1.49106e-09,1.49106e-09,0.492143,0.0296121,0.460771,0.0111018,0.0343663,0.0115523,0.0228139,,best_validation_checkpoint_1.bin
2052,1581,rejected,1,5.95397e-06,1.17917e-08,7.69925e-10,7.69925e-10,1.49106e-09,1.49106e-09,0.48617,0.0283691,0.455931,0.0104182,0.0115117,0.0115115,0,,
2053,1582,accepted,0,5.95397e-06,5.89586e-09,7.69058e-10,7.69058e-10,1.49124e-09,1.49106e-09,0,0,0,0.0112724,0.0339795,0.011427,0.0225524,,
2054,1583,accepted,1,2.30542e-07,2.94793e-09,7.68481e-10,7.68481e-10,1.49018e-09,1.49018e-09,0.511639,0.0292956,0.480722,0.0107197,0.0345869,0.0114502,0.0231367,,best_validation_checkpoint_0.bin
2055,1584,accepted,1,9.52936e-07,1.47396e-09,7.67525e-10,7.67525e-10,1.4879e-09,1.4879e-09,0.501158,0.0297524,0.469792,0.0109662,0.0342438,0.0113826,0.0228612,,best_validation_checkpoint_1.bin
2056,1584,rejected,1,3.83197e-06,1.47396e-08,7.67525e-10,7.67525e-10,1.4879e-09,1.4879e-09,0.496508,0.0287659,0.466056,0.010238,0.0112819,0.0112818,0,,
2057,1585,accepted,0,3.83197e-06,7.36982e-09,7.67055e-10,7.67055e-10,1.48808e-09,1.4879e-09,0,0,0,0.0107103,0.0338491,0.0113589,0.0224902,,
2058,1586,accepted,1,1.48307e-07,3.68491e-09,7.6659e-10,7.6659e-10,1.48725e-09,1.48725e-09,0.49785,0.0287732,0.467375,0.0111712,0.0343436,0.0116824,0.0226611,,best_validation_checkpoint_0.bin
2059,1587,accepted,1,6.12382e-07,1.84245e-09,7.65744e-10,7.65744e-10,1.48545e-09,1.48545e-09,0.501204,0.0285653,0.470969,0.0111726,0.0341471,0.011309,0.0228381,,best_validation_checkpoint_1.bin
2060,1588,accepted,1,2.46487e-06,9.21227e-10,7.65312e-10,7.65312e-10,1.48222e-09,1.48222e-09,0.496943,0.0286158,0.466705,0.0106011,0.0340504,0.0115289,0.0225214,,best_validation_checkpoint_0.bin
2061,1588,rejected,1,9.80315e-06,9.21227e-09,7.65312e-10,7.65312e-10,1.48222e-09,1.48222e-09,0.501361,0.029387,0.470254,0.0106548,0.0113438,0.0113438,0,,
2062,1589,accepted,0,9.80315e-06,4.60614e-09,7.63424e-10,7.63424e-10,1.4821e-09,1.4821e-09,0,0,0,0.0108865,0.0338691,0.0114017,0.0224674,,best_validation_checkpoint_1.bin
2063,1590,accepted,1,3.81182e-07,2.30307e-09,7.62719e-10,7.62719e-10,1.4807e-09,1.4807e-09,0.489253,0.028837,0.458752,0.0112738,0.034104,0.0113185,0.0227853,,best_validation_checkpoint_0.bin
2064,1591,accepted,1,1.56717e-06,1.15153e-09,7.6183e-10,7.6183e-10,1.47784e-09,1.47784e-09,0.508849,0.0283281,0.478898,0.0113703,0.0340212,0.0114019,0.0226192,,best_validation_checkpoint_1.bin
2065,1591,rejected,1,6.2735e-06,1.15153e-08,7.6183e-10,7.6183e-10,1.47784e-09,1.47784e-09,0.490799,0.0287505,0.460428,0.0118446,0.0112866,0.0112864,0,,
2066,1592,accepted,0,6.2735e-06,5.75767e-09,7.60913e-10,7.60913e-10,1.47804e-09,1.47784e-09,0,0,0,0.0116568,0.0339728,0.0113408,0.0226319,,
2067,1593,accepted,1,2.43225e-07,2.87884e-09,7.60339e-10,7.60339e-10,1.47695e-09,1.47695e-09,0.486563,0.0281908,0.456783,0.0108818,0.0339466,0.0113392,0.0226072,,best_validation_checkpoint_0.bin
2068,1594,accepted,1,1.00237e-06,1.43942e-09,7.59407e-10,7.59407e-10,1.47462e-09,1.47462e-09,0.50738,0.0280849,0.47765,0.0113079,0.0341793,0.0114834,0.0226959,,best_validation_checkpoint_1.bin
2069,1594,rejected,1,4.02497e-06,1.43942e-08,7.59407e-10,7.59407e-10,1.47462e-09,1.47462e-09,0.497166,0.0281468,0.467402,0.009847,0.0112452,0.011245,0,,
2070,1595,accepted,0,4.02497e-06,7.19709e-09,7.58917e-10,7.58917e-10,1.47483e-09,1.47462e-09,0,0,0,0.0105001,0.0339379,0.0113347,0.0226032,,
2071,1596,accepted,1,1.56037e-07,3.59854e-09,7.58455e-10,7.58455e-10,1.47398e-09,1.47398e-09,0.494319,0.0286764,0.463936,0.0114453,0.0341393,0.0114016,0.0227377,,best_validation_checkpoint_0.bin
2072,1597,accepted,1,6.42488e-07,1.79927e-09,7.5762e-10,7.5762e-10,1.47213e-09,1.47213e-09,0.495402,0.0288194,0.464979,0.0103162,0.0340868,0.0112903,0.0227964,,best_validation_checkpoint_1.bin
2073,1598,accepted,1,2.58244e-06,8.99636e-10,7.57315e-10,7.57315e-10,1.46886e-09,1.46886e-09,0.477949,0.0285644,0.447666,0.010708,0.0340469,0.0115375,0.0225093,,best_validation_checkpoint_0.bin
2074,1598,rejected,1,1.02602e-05,8.99636e-09,7.57315e-10,7.57315e-10,1.46886e-09,1.46886e-09,0.517887,0.0286952,0.487606,0.0106617,0.0112977,0.0112974,0,,
2075,1599,accepted,0,1.02602e-05,4.49818e-09,7.55301e-10,7.55301e-10,1.46872e-09,1.46872e-09,0,0,0,0.0104474,0.0339944,0.0114327,0.0225617,,best_validation_checkpoint_1.bin
2076,1600,accepted,1,3.9899e-07,2.24909e-09,7.54602e-10,7.54602e-10,1.46729e-09,1.46729e-09,0.484814,0.0286014,0.454532,0.011494,0.0339021,0.0112804,0.0226217,,best_validation_checkpoint_0.bin
2077,1601,accepted,1,1.63614e-06,1.12455e-09,7.53767e-10,7.53767e-10,1.46438e-09,1.46438e-09,0.505253,0.0286039,0.474915,0.0111528,0.0339399,0.0113132,0.0226266,,best_validation_checkpoint_1.bin
2078,1601,rejected,1,6.54117e-06,1.12455e-08,7.53767e-10,7.53767e-10,1.46438e-09,1.46438e-09,0.520625,0.0294004,0.489558,0.0119224,0.011371,0.0113708,0,,
2079,1602,accepted,0,6.54117e-06,5.62273e-09,7.528e-10,7.528e-10,1.46459e-09,1.46438e-09,0,0,0,0.011585,0.033987,0.0113148,0.0226722,,
2080,1603,accepted,1,2.5382e-07,2.81136e-09,7.5223e-10,7.5223e-10,1.46348e-09,1.46348e-09,0.511071,0.028478,0.480906,0.0113576,0.0341381,0.0113695,0.0227686,,best_validation_checkpoint_0.bin
2081,1604,accepted,1,1.04327e-06,1.40568e-09,7.51322e-10,7.51322e-10,1.46109e-09,1.46109e-09,0.495623,0.0290155,0.464946,0.0106229,0.0339576,0.011346,0.0226114,,best_validation_checkpoint_1.bin
2082,1604,rejected,1,4.1837e-06,1.40568e-08,7.51322e-10,7.51322e-10,1.46109e-09,1.46109e-09,0.491345,0.0296072,0.459982,0.0110566,0.0113759,0.0113759,0,,
2083,1605,accepted,0,4.1837e-06,7.02841e-09,7.50813e-10,7.50813e-10,1.46131e-09,1.46109e-09,0,0,0,0.0106799,0.0343611,0.0114114,0.0229497,,
2084,1606,accepted,1,1.62401e-07,3.5142e-09,7.50352e-10,7.50352e-10,1.46044e-09,1.46044e-09,0.510125,0.0282931,0.480192,0.0115381,0.0340384,0.0113571,0.0226812,,best_validation_checkpoint_0.bin
2085,1607,accepted,1,6.6701e-07,1.7571e-09,7.4953e-10,7.4953e-10,1.45854e-09,1.45854e-09,0.493051,0.0285472,0.462851,0.0101521,0.0341013,0.0114732,0.022628,,best_validation_checkpoint_1.bin
2086,1608,accepted,1,2.67759e-06,8.78551e-10,7.49346e-10,7.49346e-10,1.45525e-09,1.45525e-09,0.496948,0.0289311,0.466422,0.0119658,0.0341819,0.0113203,0.0228616,,best_validation_checkpoint_0.bin
2087,1608,rejected,1,1.06273e-05,8.78551e-09,7.49346e-10,7.49346e-10,1.45525e-09,1.45525e-09,0.510269,0.0291232,0.479413,0.0113333,0.0113705,0.0113703,0,,
2088,1609,accepted,0,1.06273e-05,4.39275e-09,7.47212e-10,7.47212e-10,1.45509e-09,1.45509e-09,0,0,0,0.0104802,0.0337992,0.0113381,0.0224611,,best_validation_checkpoint_1.bin
2089,1610,accepted,1,4.13165e-07,2.19638e-09,7.46519e-10,7.46519e-10,1.45362e-09,1.45362e-09,0.491861,0.0300828,0.460068,0.010909,0.0337266,0.0113761,0.0223504,,best_validation_checkpoint_0.bin
2090,1611,accepted,1,1.69041e-06,1.09819e-09,7.45734e-10,7.45734e-10,1.45066e-09,1.45066e-09,0.496536,0.0282215,0.466614,0.0112379,0.0340364,0.0112858,0.0227506,,best_validation_checkpoint_1.bin
2091,1611,rejected,1,6.74995e-06,1.09819e-08,7.45734e-10,7.45734e-10,1.45066e-09,1.45066e-09,0.490243,0.0290182,0.459584,0.0108607,0.0113265,0.0113264,0,,
2092,1612,accepted,0,6.74995e-06,5.49094e-09,7.44721e-10,7.44721e-10,1.45089e-09,1.45066e-09,0,0,0,0.0113624,0.0341304,0.0113519,0.0227784,,
2093,1613,accepted,1,2.6207e-07,2.74547e-09,7.44154e-10,7.44154e-10,1.44974e-09,1.44974e-09,0.47096,0.0285823,0.440665,0.0105299,0.0339179,0.01133,0.0225878,,best_validation_checkpoint_0.bin
2094,1614,accepted,1,1.07464e-06,1.37274e-09,7.43269e-10,7.43269e-10,1.4473e-09,1.4473e-09,0.489758,0.0294018,0.458662,0.0113964,0.0338826,0.0113398,0.0225427,,best_validation_checkpoint_1.bin
2095,1614,rejected,1,4.30415e-06,1.37274e-08,7.43269e-10,7.43269e-10,1.4473e-09,1.4473e-09,0.527972,0.0288196,0.497498,0.0111111,0.0116036,0.0116035,0,,
2096,1615,accepted,0,4.30415e-06,6.86368e-09,7.42742e-10,7.42742e-10,1.44754e-09,1.4473e-09,0,0,0,0.0112678,0.0336832,0.0113307,0.0223524,,
2097,1616,accepted,1,1.67249e-07,3.43184e-09,7.42285e-10,7.42285e-10,1.44665e-09,1.44665e-09,0.497003,0.0285967,0.466794,0.0110932,0.0338656,0.0113251,0.0225404,,best_validation_checkpoint_0.bin
2098,1617,accepted,1,6.85359e-07,1.71592e-09,7.41473e-10,7.41473e-10,1.44471e-09,1.44471e-09,0.525076,0.0281161,0.495246,0.0113406,0.0342067,0.0114783,0.0227282,,best_validation_checkpoint_1.bin
2099,1618,accepted,1,2.74798e-06,8.5796e-10,7.41403e-10,7.41403e-10,1.44139e-09,1.44139e-09,0.505491,0.0284222,0.475363,0.0117987,0.0339598,0.0112984,0.0226614,,best_validation_checkpoint_0.bin
2100,1618,rejected,1,1.08954e-05,8.5796e-09,7.41403e-10,7.41403e-10,1.44139e-09,1.44139e-09,0.494753,0.0293048,0.463773,0.0116782,0.011262,0.0112618,0,,
2101,1619,accepted,0,1.08954e-05,4.2898e-09,7.39158e-10,7.39158e-10,1.44121e-09,1.44121e-09,0,0,0,0.0106198,0.0339258,0.0112789,0.0226468,,best_validation_checkpoint_1.bin
2102,1620,accepted,1,4.23403e-07,2.1449e-09,7.38471e-10,7.38471e-10,1.4397e-09,1.4397e-09,0.491485,0.0286329,0.461201,0.0103238,0.0339438,0.0112756,0.0226682,,best_validation_checkpoint_0.bin
2103,1621,accepted,1,1.72877e-06,1.07245e-09,7.37734e-10,7.37734e-10,1.43669e-09,1.43669e-09,0.519427,0.0281141,0.4897,0.0104435,0.034312,0.0115647,0.0227473,,best_validation_checkpoint_1.bin
2104,1621,rejected,1,6.8951e-06,1.07245e-08,7.37734e-10,7.37734e-10,1.43669e-09,1.43669e-09,0.495863,0.0283858,0.465781,0.0106502,0.0114308,0.0114308,0,,
2105,1622,accepted,0,6.8951e-06,5.36225e-09,7.36678e-10,7.36678e-10,1.43693e-09,1.43669e-09,0,0,0,0.0104673,0.0342077,0.0116061,0.0226014,,
2106,1623,accepted,1,2.67813e-07,2.68112e-09,7.36115e-10,7.36115e-10,1.43576e-09,1.43576e-09,0.502084,0.0288064,0.471635,0.0105184,0.0342142,0.0114604,0.0227537,,best_validation_checkpoint_0.bin
2107,1624,accepted,1,1.09582e-06,1.34056e-09,7.35251e-10,7.35251e-10,1.43327e-09,1.43327e-09,0.502302,0.0290403,0.471604,0.0110298,0.0341568,0.0114793,0.0226775,,best_validation_checkpoint_1.bin
2108,1624,rejected,1,4.38383e-06,1.34056e-08,7.35251e-10,7.35251e-10,1.43327e-09,1.43327e-09,0.497674,0.0302495,0.465774,0.0102091,0.0112589,0.0112588,0,,
2109,1625,accepted,0,4.38383e-06,6.70281e-09,7.34708e-10,7.34708e-10,1.43352e-09,1.43327e-09,0,0,0,0.0104577,0.0339503,0.0113644,0.0225859,,
2110,1626,accepted,1,1.70496e-07,3.35141e-09,7.34253e-10,7.34253e-10,1.43261e-09,1.43261e-09,0.501768,0.0291877,0.470862,0.0103547,0.0340958,0.0113808,0.022715,,best_validation_checkpoint_0.bin
2111,1627,accepted,1,6.97198e-07,1.6757e-09,7.33452e-10,7.33452e-10,1.43063e-09,1.43063e-09,0.49399,0.0284579,0.463923,0.0111864,0.0341,0.0114228,0.0226772,,best_validation_checkpoint_1.bin
2112,1627,rejected,1,2.7923e-06,1.6757e-08,7.33452e-10,7.33452e-10,1.43063e-09,1.43063e-09,0.511602,0.0288653,0.481046,0.0121156,0.0113659,0.0113657,0,,
2113,1628,accepted,0,2.7923e-06,8.37852e-09,7.3314e-10,7.3314e-10,1.4308e-09,1.43063e-09,0,0,0,0.010574,0.0337001,0.0112585,0.0224415,,
2114,1629,accepted,1,1.08768e-07,4.18926e-09,7.32775e-10,7.32775e-10,1.43009e-09,1.43009e-09,0.500721,0.0283036,0.470789,0.0104841,0.0340359,0.0112995,0.0227364,,best_validation_checkpoint_0.bin
2115,1630,accepted,1,4.44231e-07,2.09463e-09,7.3209e-10,7.3209e-10,1.42854e-09,1.42854e-09,0.514161,0.0288086,0.483698,0.0101262,0.0338042,0.0113187,0.0224854,,best_validation_checkpoint_1.bin
2116,1631,accepted,1,1.78023e-06,1.04731e-09,7.31397e-10,7.31397e-10,1.42545e-09,1.42545e-09,0.500516,0.0283053,0.470381,0.011816,0.033867,0.0112763,0.0225907,,best_validation_checkpoint_0.bin
2117,1631,rejected,1,7.07674e-06,1.04731e-08,7.31397e-10,7.31397e-10,1.42545e-09,1.42545e-09,0.492333,0.0286912,0.462002,0.0116239,0.0113242,0.011324,0,,
2118,1632,accepted,0,7.07674e-06,5.23657e-09,7.30293e-10,7.30293e-10,1.42568e-09,1.42545e-09,0,0,0,0.0118121,0.0327885,0.0112735,0.021515,,
2119,1633,accepted,1,2.7543e-07,2.61829e-09,7.2973e-10,7.2973e-10,1.42447e-09,1.42447e-09,0.513172,0.0287122,0.48288,0.0103518,0.0339331,0.0113664,0.0225666,,best_validation_checkpoint_1.bin
2120,1634,accepted,1,1.12176e-06,1.30914e-09,7.28883e-10,7.28883e-10,1.42192e-09,1.42192e-09,0.489079,0.0303517,0.457073,0.0106603,0.0336616,0.0112818,0.0223797,,best_validation_checkpoint_0.bin
2121,1634,rejected,1,4.47396e-06,1.30914e-08,7.28883e-10,7.28883e-10,1.42192e-09,1.42192e-09,0.5045,0.0282332,0.474538,0.0104012,0.0115065,0.0115065,0,,
2122,1635,accepted,0,4.47396e-06,6.54571e-09,7.28321e-10,7.28321e-10,1.42219e-09,1.42192e-09,0,0,0,0.0115471,0.0342643,0.0113202,0.022944,,
2123,1636,accepted,1,1.74171e-07,3.27286e-09,7.27866e-10,7.27866e-10,1.42125e-09,1.42125e-09,0.497468,0.0287433,0.467016,0.0105972,0.0338496,0.0113133,0.0225362,,best_validation_checkpoint_1.bin
2124,1637,accepted,1,7.10347e-07,1.63643e-09,7.27071e-10,7.27071e-10,1.41922e-09,1.41922e-09,0.474594,0.02828,0.444655,0.0113706,0.0338275,0.0113408,0.0224867,,best_validation_checkpoint_0.bin
2125,1637,rejected,1,2.84009e-06,1.63643e-08,7.27071e-10,7.27071e-10,1.41922e-09,1.41922e-09,0.500305,0.0284741,0.470198,0.011454,0.011321,0.0113208,0,,
2126,1638,accepted,0,2.84009e-06,8.18214e-09,7.26752e-10,7.26752e-10,1.41941e-09,1.41922e-09,0,0,0,0.0102625,0.034737,0.0122275,0.0225094,,
2127,1639,accepted,1,1.10748e-07,4.09107e-09,7.26386e-10,7.26386e-10,1.41867e-09,1.41867e-09,0.474176,0.0288501,0.443709,0.0117287,0.0340987,0.0113266,0.0227721,,best_validation_checkpoint_1.bin
2128,1640,accepted,1,4.51432e-07,2.04554e-09,7.25704e-10,7.25704e-10,1.41709e-09,1.41709e-09,0.490858,0.0287733,0.460361,0.011194,0.0340947,0.0114524,0.0226423,,best_validation_checkpoint_0.bin
2129,1641,accepted,1,1.80689e-06,1.02277e-09,7.25053e-10,7.25053e-10,1.41396e-09,1.41396e-09,0.478877,0.0286809,0.448551,0.0109867,0.0340769,0.0114338,0.022643,,best_validation_checkpoint_1.bin
2130,1641,rejected,1,7.17444e-06,1.02277e-08,7.25053e-10,7.25053e-10,1.41396e-09,1.41396e-09,0.510667,0.0286652,0.480344,0.0118361,0.0113126,0.0113124,0,,
2131,1642,accepted,0,7.17444e-06,5.11384e-09,7.23902e-10,7.23902e-10,1.41418e-09,1.41396e-09,0,0,0,0.0107643,0.0338365,0.0112641,0.0225724,,
2132,1643,accepted,1,2.79303e-07,2.55692e-09,7.23341e-10,7.23341e-10,1.41295e-09,1.41295e-09,0.498242,0.0291437,0.467424,0.0106935,0.0341194,0.0113641,0.0227553,,best_validation_checkpoint_0.bin
2133,1644,accepted,1,1.1356e-06,1.27846e-09,7.2251e-10,7.2251e-10,1.41036e-09,1.41036e-09,0.491647,0.029157,0.460723,0.0109406,0.0340513,0.0116745,0.0223768,,best_validation_checkpoint_1.bin
2134,1644,rejected,1,4.52472e-06,1.27846e-08,7.2251e-10,7.2251e-10,1.41036e-09,1.41036e-09,0.499573,0.0285588,0.469154,0.0112008,0.0116141,0.011614,0,,
2135,1645,accepted,0,4.52472e-06,6.3923e-09,7.21929e-10,7.21929e-10,1.41063e-09,1.41036e-09,0,0,0,0.0110811,0.033983,0.011349,0.0226339,,
2136,1646,accepted,1,1.76282e-07,3.19615e-09,7.21475e-10,7.21475e-10,1.40967e-09,1.40967e-09,0.502409,0.0294397,0.471381,0.0107213,0.033766,0.0113432,0.0224228,,best_validation_checkpoint_0.bin
2137,1647,accepted,1,7.1777e-07,1.59807e-09,7.20686e-10,7.20686e-10,1.40761e-09,1.40761e-09,0.555077,0.0283643,0.525109,0.0100562,0.0342397,0.0113433,0.0228964,,best_validation_checkpoint_1.bin
2138,1647,rejected,1,2.86715e-06,1.59807e-08,7.20686e-10,7.20686e-10,1.40761e-09,1.40761e-09,0.500689,0.0281042,0.470901,0.0105898,0.0113321,0.0113319,0,,
2139,1648,accepted,0,2.86715e-06,7.99037e-09,7.2036e-10,7.2036e-10,1.4078e-09,1.40761e-09,0,0,0,0.0095683,0.0337652,0.0112167,0.0225484,,
2140,1649,accepted,1,1.11918e-07,3.99519e-09,7.19994e-10,7.19994e-10,1.40705e-09,1.40705e-09,0.509309,0.0293263,0.478307,0.0106452,0.0337641,0.0112953,0.0224688,,best_validation_checkpoint_0.bin
2141,1650,accepted,1,4.55493e-07,1.99759e-09,7.19314e-10,7.19314e-10,1.40544e-09,1.40544e-09,0.506152,0.0292752,0.475104,0.0107239,0.0338409,0.0113718,0.0224691,,best_validation_checkpoint_1.bin
2142,1651,accepted,1,1.82158e-06,9.98797e-10,7.18704e-10,7.18704e-10,1.40226e-09,1.40226e-09,0.497026,0.0281536,0.467079,0.0112298,0.0335818,0.0112543,0.0223274,,best_validation_checkpoint_0.bin
2143,1651,rejected,1,7.22685e-06,9.98797e-09,7.18704e-10,7.18704e-10,1.40226e-09,1.40226e-09,0.494431,0.0289624,0.46387,0.0101444,0.0112885,0.0112883,0,,
2144,1652,accepted,0,7.22685e-06,4.99398e-09,7.1751e-10,7.1751e-10,1.40249e-09,1.40226e-09,0,0,0,0.0107905,0.0337849,0.0113314,0.0224533,,
2145,1653,accepted,1,2.81456e-07,2.49699e-09,7.16949e-10,7.16949e-10,1.40124e-09,1.40124e-09,0.523891,0.0284895,0.493748,0.0115826,0.0339212,0.0113769,0.0225442,,best_validation_checkpoint_1.bin
2146,1654,accepted,1,1.1426e-06,1.2485e-09,7.16134e-10,7.16134e-10,1.3986e-09,1.3986e-09,0.492274,0.0291671,0.461488,0.0116661,0.0337463,0.0113031,0.0224431,,best_validation_checkpoint_0.bin
2147,1654,rejected,1,4.54872e-06,1.2485e-08,7.16134e-10,7.16134e-10,1.3986e-09,1.3986e-09,0.504847,0.0284381,0.47482,0.0095483,0.0112769,0.0112769,0,,
2148,1655,accepted,0,4.54872e-06,6.24248e-09,7.15536e-10,7.15536e-10,1.39888e-09,1.3986e-09,0,0,0,0.0106468,0.0341146,0.0114486,0.022666,,
2149,1656,accepted,1,1.77382e-07,3.12124e-09,7.15082e-10,7.15082e-10,1.3979e-09,1.3979e-09,0.485804,0.0291807,0.455017,0.01203,0.0341927,0.0113881,0.0228046,,best_validation_checkpoint_1.bin
2150,1657,accepted,1,7.21087e-07,1.56062e-09,7.143e-10,7.143e-10,1.39581e-09,1.39581e-09,0.507951,0.0286714,0.47759,0.0102151,0.0339283,0.0113138,0.0226144,,best_validation_checkpoint_0.bin
2151,1657,rejected,1,2.87792e-06,1.56062e-08,7.143e-10,7.143e-10,1.39581e-09,1.39581e-09,0.48432,0.0284548,0.454249,0.0114553,0.0113798,0.0113795,0,,
2152,1658,accepted,0,2.87792e-06,7.8031e-09,7.13967e-10,7.13967e-10,1.396e-09,1.39581e-09,0,0,0,0.0103466,0.0337107,0.0112517,0.0224589,,
2153,1659,accepted,1,1.12472e-07,3.90155e-09,7.13601e-10,7.13601e-10,1.39525e-09,1.39525e-09,0.508149,0.0286268,0.477809,0.010772,0.0340407,0.0115987,0.022442,,best_validation_checkpoint_1.bin
2154,1660,accepted,1,4.57034e-07,1.95078e-09,7.12924e-10,7.12924e-10,1.3936e-09,1.3936e-09,0.485948,0.028357,0.455866,0.0109767,0.0338725,0.0113108,0.0225617,,best_validation_checkpoint_0.bin
2155,1661,accepted,1,1.82621e-06,9.75388e-10,7.12352e-10,7.12352e-10,1.39039e-09,1.39039e-09,0.488702,0.02812,0.458961,0.0120755,0.0338692,0.0113081,0.022561,,best_validation_checkpoint_1.bin
2156,1661,rejected,1,7.23935e-06,9.75388e-09,7.12352e-10,7.12352e-10,1.39039e-09,1.39039e-09,0.504183,0.0285392,0.47382,0.0098615,0.0112412,0.0112409,0,,
2157,1662,accepted,0,7.23935e-06,4.87694e-09,7.11117e-10,7.11117e-10,1.39061e-09,1.39039e-09,0,0,0,0.010963,0.0338496,0.0114803,0.0223692,,
2158,1663,accepted,1,2.82154e-07,2.43847e-09,7.10557e-10,7.10557e-10,1.38934e-09,1.38934e-09,0.499192,0.0281328,0.469427,0.0107319,0.0340121,0.0113686,0.0226435,,best_validation_checkpoint_0.bin
2159,1664,accepted,1,1.1436e-06,1.21923e-09,7.09758e-10,7.09758e-10,1.38666e-09,1.38666e-09,0.505057,0.0302678,0.473257,0.0107746,0.0335483,0.0111517,0.0223965,,best_validation_checkpoint_1.bin
2160,1664,rejected,1,4.54875e-06,1.21923e-08,7.09758e-10,7.09758e-10,1.38666e-09,1.38666e-09,0.49212,0.0294659,0.461047,0.0110791,0.0112391,0.0112388,0,,
2161,1665,accepted,0,4.54875e-06,6.09617e-09,7.09144e-10,7.09144e-10,1.38695e-09,1.38666e-09,0,0,0,0.0107578,0.0341921,0.011387,0.022805,,
2162,1666,accepted,1,1.7761e-07,3.04809e-09,7.08691e-10,7.08691e-10,1.38596e-09,1.38596e-09,0.492665,0.0289418,0.462049,0.0117576,0.0340157,0.0112991,0.0227164,,best_validation_checkpoint_0.bin
2163,1667,accepted,1,7.20777e-07,1.52404e-09,7.07915e-10,7.07915e-10,1.38383e-09,1.38383e-09,0.495969,0.0282134,0.466134,0.0101864,0.0338813,0.0113111,0.0225702,,best_validation_checkpoint_1.bin
2164,1667,rejected,1,2.87413e-06,1.52404e-08,7.07915e-10,7.07915e-10,1.38383e-09,1.38383e-09,0.513928,0.0291919,0.48314,0.01121,0.0113049,0.0113047,0,,
2165,1668,accepted,0,2.87413e-06,7.62022e-09,7.07575e-10,7.07575e-10,1.38404e-09,1.38383e-09,0,0,0,0.0119579,0.0339349,0.011344,0.0225908,,
2166,1669,accepted,1,1.12494e-07,3.81011e-09,7.07211e-10,7.07211e-10,1.38326e-09,1.38326e-09,0.48915,0.0287682,0.458718,0.0107183,0.0345131,0.0114521,0.023061,,best_validation_checkpoint_0.bin
2167,1670,accepted,1,4.5636e-07,1.90505e-09,7.06536e-10,7.06536e-10,1.38159e-09,1.38159e-09,0.499789,0.0283346,0.469871,0.0106014,0.033773,0.0113245,0.0224485,,best_validation_checkpoint_1.bin
2168,1671,accepted,1,1.82194e-06,9.52527e-10,7.06e-10,7.06e-10,1.37835e-09,1.37835e-09,0.496838,0.0286224,0.466534,0.0112443,0.031416,0.0114272,0.0199888,,best_validation_checkpoint_0.bin
2169,1671,rejected,1,7.2165e-06,9.52527e-09,7.06e-10,7.06e-10,1.37835e-09,1.37835e-09,0.498879,0.0285015,0.468662,0.0115969,0.0112922,0.0112922,0,,
2170,1672,accepted,0,7.2165e-06,4.76263e-09,7.04728e-10,7.04728e-10,1.37857e-09,1.37835e-09,0,0,0,0.0115494,0.0340661,0.0116599,0.0224061,,
2171,1673,accepted,1,2.81624e-07,2.38132e-09,7.04169e-10,7.04169e-10,1.37728e-09,1.37728e-09,0.498157,0.0284811,0.468012,0.0112997,0.0343135,0.0114491,0.0228644,,best_validation_checkpoint_1.bin
2172,1674,accepted,1,1.13944e-06,1.19066e-09,7.03385e-10,7.03385e-10,1.37457e-09,1.37457e-09,0.492561,0.0288919,0.46198,0.0114207,0.0337019,0.0112612,0.0224407,,best_validation_checkpoint_0.bin
2173,1674,rejected,1,4.52812e-06,1.19066e-08,7.03385e-10,7.03385e-10,1.37457e-09,1.37457e-09,0.47382,0.0281761,0.443987,0.0099079,0.0112372,0.0112369,0,,
2174,1675,accepted,0,4.52812e-06,5.95329e-09,7.02756e-10,7.02756e-10,1.37487e-09,1.37457e-09,0,0,0,0.0105896,0.0337671,0.0112663,0.0225007,,
2175,1676,accepted,1,1.77119e-07,2.97665e-09,7.02304e-10,7.02304e-10,1.37386e-09,1.37386e-09,0.518611,0.0287438,0.488259,0.009932,0.0335711,0.0109175,0.0226535,,best_validation_checkpoint_1.bin
2176,1677,accepted,1,7.17429e-07,1.48832e-09,7.01534e-10,7.01534e-10,1.3717e-09,1.3717e-09,0.48986,0.0285095,0.459674,0.0107958,0.0340706,0.0113871,0.0226835,,best_validation_checkpoint_0.bin
2177,1677,rejected,1,2.85814e-06,1.48832e-08,7.01534e-10,7.01534e-10,1.3717e-09,1.3717e-09,0.501255,0.0283939,0.471203,0.0107627,0.0106019,0.0106018,0,,
2178,1678,accepted,0,2.85814e-06,7.44162e-09,7.01189e-10,7.01189e-10,1.37192e-09,1.3717e-09,0,0,0,0.0098018,0.0333004,0.0113728,0.0219275,,
2179,1679,accepted,1,1.12088e-07,3.72081e-09,7.00825e-10,7.00825e-10,1.37113e-09,1.37113e-09,0.503467,0.0286782,0.473115,0.010627,0.0338597,0.0112762,0.0225834,,best_validation_checkpoint_1.bin
2180,1680,accepted,1,4.53876e-07,1.8604e-09,7.00153e-10,7.00153e-10,1.36944e-09,1.36944e-09,0.526876,0.0283798,0.496889,0.0120896,0.0351366,0.0124242,0.0227124,,best_validation_checkpoint_0.bin
2181,1681,accepted,1,1.81038e-06,9.30202e-10,6.99652e-10,6.99652e-10,1.36616e-09,1.36616e-09,0.528919,0.0283714,0.49899,0.0099802,0.033257,0.0106814,0.0225754,,best_validation_checkpoint_1.bin
2182,1681,rejected,1,7.16475e-06,9.30202e-09,6.99652e-10,6.99652e-10,1.36616e-09,1.36616e-09,0.502089,0.0285864,0.471833,0.0106715,0.0113729,0.0113728,0,,
2183,1682,accepted,0,7.16475e-06,4.65101e-09,6.98345e-10,6.98345e-10,1.36639e-09,1.36616e-09,0,0,0,0.0108823,0.0340046,0.0112773,0.0227271,,
2184,1683,accepted,1,2.80163e-07,2.32551e-09,6.97788e-10,6.97788e-10,1.36508e-09,1.36508e-09,0.530871,0.0282357,0.501019,0.0110602,0.0351159,0.0121834,0.0229324,,best_validation_checkpoint_0.bin
2185,1684,accepted,1,1.13127e-06,1.16275e-09,6.97019e-10,6.97019e-10,1.36234e-09,1.36234e-09,0.520615,0.0284725,0.490582,0.011242,0.034042,0.0113715,0.0226705,,best_validation_checkpoint_1.bin
2186,1684,rejected,1,4.49145e-06,1.16275e-08,6.97019e-10,6.97019e-10,1.36234e-09,1.36234e-09,0.506884,0.0282544,0.476941,0.0105123,0.0114381,0.011438,0,,
2187,1685,accepted,0,4.49145e-06,5.81376e-09,6.96376e-10,6.96376e-10,1.36265e-09,1.36234e-09,0,0,0,0.0111438,0.0342105,0.0112777,0.0229326,,
2188,1686,accepted,1,1.76112e-07,2.90688e-09,6.95925e-10,6.95925e-10,1.36163e-09,1.36163e-09,0.516054,0.0286377,0.485768,0.009767,0.0338857,0.0112554,0.0226303,,best_validation_checkpoint_0.bin
2189,1687,accepted,1,7.11834e-07,1.45344e-09,6.95162e-10,6.95162e-10,1.35944e-09,1.35944e-09,0.501035,0.0287063,0.470738,0.0103985,0.0339656,0.0113075,0.0226579,,best_validation_checkpoint_1.bin
2190,1687,rejected,1,2.83309e-06,1.45344e-08,6.95162e-10,6.95162e-10,1.35944e-09,1.35944e-09,0.49525,0.0298508,0.463724,0.0105871,0.0115299,0.0115296,0,,
2191,1688,accepted,0,2.83309e-06,7.2672e-09,6.94811e-10,6.94811e-10,1.35967e-09,1.35944e-09,0,0,0,0.0101036,0.0337849,0.0112272,0.0225577,,
2192,1689,accepted,1,1.11388e-07,3.6336e-09,6.94448e-10,6.94448e-10,1.35888e-09,1.35888e-09,0.483722,0.0288331,0.453219,0.0107494,0.0338738,0.0113002,0.0225736,,best_validation_checkpoint_0.bin
2193,1690,accepted,1,4.50112e-07,1.8168e-09,6.9378e-10,6.9378e-10,1.35716e-09,1.35716e-09,0.507294,0.0292629,0.476342,0.0095257,0.033899,0.01132,0.022579,,best_validation_checkpoint_1.bin
2194,1691,accepted,1,1.79366e-06,9.084e-10,6.93312e-10,6.93312e-10,1.35386e-09,1.35386e-09,0.513747,0.0285171,0.483384,0.0101673,0.033844,0.0112613,0.0225826,,best_validation_checkpoint_0.bin
2195,1691,rejected,1,7.09265e-06,9.084e-09,6.93312e-10,6.93312e-10,1.35386e-09,1.35386e-09,0.505802,0.0290086,0.475063,0.0108745,0.0112462,0.011246,0,,
2196,1692,accepted,0,7.09265e-06,4.542e-09,6.91972e-10,6.91972e-10,1.3541e-09,1.35386e-09,0,0,0,0.0113287,0.0338284,0.0113038,0.0225245,,
2197,1693,accepted,1,2.7814e-07,2.271e-09,6.91418e-10,6.91418e-10,1.35278e-09,1.35278e-09,0.507298,0.0285633,0.477095,0.0102486,0.0341992,0.0114492,0.0227499,,best_validation_checkpoint_1.bin
2198,1694,accepted,1,1.12054e-06,1.1355e-09,6.90663e-10,6.90663e-10,1.35001e-09,1.35001e-09,0.481199,0.0286205,0.450907,0.0103636,0.0339906,0.0113782,0.0226123,,best_validation_checkpoint_0.bin
2199,1694,rejected,1,4.44449e-06,1.1355e-08,6.90663e-10,6.90663e-10,1.35001e-09,1.35001e-09,0.496762,0.0293737,0.465685,0.010895,0.0113344,0.0113344,0,,
2200,1695,accepted,0,4.44449e-06,5.6775e-09,6.90008e-10,6.90008e-10,1.35033e-09,1.35001e-09,0,0,0,0.0103763,0.0338666,0.0112611,0.0226053,,
2201,1696,accepted,1,1.74828e-07,2.83875e-09,6.89558e-10,6.89558e-10,1.3493e-09,1.3493e-09,0.496488,0.0285588,0.466251,0.0104888,0.0341455,0.0114635,0.0226818,,best_validation_checkpoint_1.bin
2202,1697,accepted,1,7.04953e-07,1.41938e-09,6.88802e-10,6.88802e-10,1.34709e-09,1.34709e-09,0.513843,0.0298554,0.482406,0.0112967,0.0338072,0.0112781,0.0225291,,best_validation_checkpoint_0.bin
2203,1697,rejected,1,2.80283e-06,1.41938e-08,6.88802e-10,6.88802e-10,1.34709e-09,1.34709e-09,0.489934,0.0288743,0.459324,0.0108428,0.0112863,0.0112862,0,,
2204,1698,accepted,0,2.80283e-06,7.09688e-09,6.88447e-10,6.88447e-10,1.34733e-09,1.34709e-09,0,0,0,0.0114938,0.0336171,0.0112487,0.0223683,,
2205,1699,accepted,1,1.1055e-07,3.54844e-09,6.88084e-10,6.88084e-10,1.34653e-09,1.34653e-09,0.532229,0.0287039,0.50185,0.0104282,0.033987,0.0113833,0.0226036,,best_validation_checkpoint_1.bin
2206,1700,accepted,1,4.45697e-07,1.77422e-09,6.8742e-10,6.8742e-10,1.3448e-09,1.3448e-09,0.498409,0.028643,0.468107,0.0104983,0.0340297,0.011304,0.0227257,,best_validation_checkpoint_0.bin
2207,1701,accepted,1,1.77429e-06,8.8711e-10,6.86984e-10,6.86984e-10,1.34148e-09,1.34148e-09,0.507099,0.0281942,0.477103,0.0115644,0.0339497,0.0113136,0.0226361,,best_validation_checkpoint_1.bin
2208,1701,rejected,1,7.0101e-06,8.8711e-09,6.86984e-10,6.86984e-10,1.34148e-09,1.34148e-09,0.488735,0.0284831,0.458597,0.0108477,0.0112531,0.011253,0,,
2209,1702,accepted,0,7.0101e-06,4.43555e-09,6.85615e-10,6.85615e-10,1.34173e-09,1.34148e-09,0,0,0,0.0109955,0.0338816,0.0113237,0.0225577,,
2210,1703,accepted,1,2.75956e-07,2.21777e-09,6.85062e-10,6.85062e-10,1.34039e-09,1.34039e-09,0.497518,0.0284675,0.467388,0.0103792,0.0340437,0.0113224,0.0227213,,best_validation_checkpoint_0.bin
2211,1704,accepted,1,1.10887e-06,1.10889e-09,6.84322e-10,6.84322e-10,1.33761e-09,1.33761e-09,0.49517,0.0287246,0.464778,0.0121552,0.0339589,0.0112357,0.022723,,best_validation_checkpoint_1.bin
2212,1704,rejected,1,4.39375e-06,1.10889e-08,6.84322e-10,6.84322e-10,1.33761e-09,1.33761e-09,0.504427,0.0283127,0.474458,0.0110033,0.0112963,0.0112963,0,,
2213,1705,accepted,0,4.39375e-06,5.54444e-09,6.83656e-10,6.83656e-10,1.33793e-09,1.33761e-09,0,0,0,0.009918,0.0337378,0.0114451,0.0222927,,
2214,1706,accepted,1,1.73524e-07,2.77222e-09,6.83207e-10,6.83207e-10,1.3369e-09,1.3369e-09,0.497461,0.0289518,0.466898,0.0118286,0.0338003,0.0112844,0.0225157,,best_validation_checkpoint_0.bin
2215,1707,accepted,1,6.97829e-07,1.38611e-09,6.82459e-10,6.82459e-10,1.33468e-09,1.33468e-09,0.505578,0.0290367,0.474873,0.0109495,0.034142,0.0113909,0.0227511,,best_validation_checkpoint_1.bin
2216,1707,rejected,1,2.77153e-06,1.38611e-08,6.82459e-10,6.82459e-10,1.33468e-09,1.33468e-09,0.491204,0.0281606,0.461385,0.0107561,0.0112801,0.01128,0,,
2217,1708,accepted,0,2.77153e-06,6.93055e-09,6.82099e-10,6.82099e-10,1.33492e-09,1.33468e-09,0,0,0,0.0106631,0.0341488,0.0114935,0.0226552,,
2218,1709,accepted,1,1.09736e-07,3.46527e-09,6.81738e-10,6.81738e-10,1.33412e-09,1.33412e-09,0.509875,0.0285988,0.479714,0.0105978,0.0336633,0.011318,0.0223452,,best_validation_checkpoint_0.bin
2219,1710,accepted,1,4.41297e-07,1.73264e-09,6.81077e-10,6.81077e-10,1.33238e-09,1.33238e-09,0.49578,0.0281851,0.46595,0.0101049,0.0323149,0.0112485,0.0210662,,best_validation_checkpoint_1.bin
2220,1711,accepted,1,1.75494e-06,8.66318e-10,6.80672e-10,6.80672e-10,1.32906e-09,1.32906e-09,0.506848,0.0285322,0.476683,0.0101713,0.0336936,0.0112848,0.0224086,,best_validation_checkpoint_0.bin
2221,1711,rejected,1,6.92758e-06,8.66318e-09,6.80672e-10,6.80672e-10,1.32906e-09,1.32906e-09,0.500743,0.0289721,0.470074,0.0105605,0.0115221,0.011522,0,,
2222,1712,accepted,0,6.92758e-06,4.33159e-09,6.79276e-10,6.79276e-10,1.32931e-09,1.32906e-09,0,0,0,0.0099883,0.0337553,0.0113307,0.0224245,,
2223,1713,accepted,1,2.7401e-07,2.1658e-09,6.78727e-10,6.78727e-10,1.32797e-09,1.32797e-09,0.464641,0.0281906,0.434383,0.0107893,0.0338549,0.0113158,0.0225389,,best_validation_checkpoint_1.bin
2224,1714,accepted,1,1.09793e-06,1.0829e-09,6.78e-10,6.78e-10,1.32518e-09,1.32518e-09,0.52766,0.028474,0.497417,0.0106294,0.0339465,0.0113825,0.022564,,best_validation_checkpoint_0.bin
2225,1714,rejected,1,4.34573e-06,1.0829e-08,6.78e-10,6.78e-10,1.32518e-09,1.32518e-09,0.526852,0.0291261,0.496005,0.0115252,0.011344,0.0113437,0,,
2226,1715,accepted,0,4.34573e-06,5.41449e-09,6.77324e-10,6.77324e-10,1.32551e-09,1.32518e-09,0,0,0,0.0107252,0.0338661,0.0115085,0.0223574,,
2227,1716,accepted,1,1.72439e-07,2.70724e-09,6.76877e-10,6.76877e-10,1.32448e-09,1.32448e-09,0.508392,0.0284028,0.478272,0.0112992,0.033819,0.0112305,0.0225885,,best_validation_checkpoint_1.bin
2228,1717,accepted,1,6.91478e-07,1.35362e-09,6.76136e-10,6.76136e-10,1.32225e-09,1.32225e-09,0.510974,0.0306592,0.478721,0.0099767,0.0342694,0.0114264,0.0228429,,best_validation_checkpoint_0.bin
2229,1717,rejected,1,2.74325e-06,1.35362e-08,6.76136e-10,6.76136e-10,1.32225e-09,1.32225e-09,0.497936,0.0283304,0.467881,0.0135208,0.0113184,0.0113183,0,,
2230,1718,accepted,0,2.74325e-06,6.76811e-09,6.75773e-10,6.75773e-10,1.3225e-09,1.32225e-09,0,0,0,0.010163,0.0338638,0.0113576,0.0225062,,
2231,1719,accepted,1,1.09096e-07,3.38406e-09,6.75413e-10,6.75413e-10,1.32169e-09,1.32169e-09,0.50564,0.0289552,0.475086,0.009636,0.0336673,0.0112313,0.022436,,best_validation_checkpoint_1.bin
2232,1720,accepted,1,4.37537e-07,1.69203e-09,6.74757e-10,6.74757e-10,1.31995e-09,1.31995e-09,0.486546,0.028335,0.456507,0.010421,0.0337501,0.0112607,0.0224892,,best_validation_checkpoint_0.bin
2233,1721,accepted,1,1.73813e-06,8.46014e-10,6.74381e-10,6.74381e-10,1.31663e-09,1.31663e-09,0.483671,0.0284276,0.453532,0.0115371,0.0341799,0.0114366,0.0227431,,best_validation_checkpoint_1.bin
2234,1721,rejected,1,6.85493e-06,8.46014e-09,6.74381e-10,6.74381e-10,1.31663e-09,1.31663e-09,0.460103,0.0286562,0.429817,0.0108542,0.011351,0.0113509,0,,
2235,1722,accepted,0,6.85493e-06,4.23007e-09,6.72961e-10,6.72961e-10,1.31688e-09,1.31663e-09,0,0,0,0.0113855,0.0337419,0.0113688,0.022373,,
2236,1723,accepted,1,2.72639e-07,2.11503e-09,6.72415e-10,6.72415e-10,1.31554e-09,1.31554e-09,0.500168,0.0284155,0.470123,0.0106099,0.0339146,0.011422,0.0224925,,best_validation_checkpoint_0.bin
2237,1724,accepted,1,1.08916e-06,1.05752e-09,6.71703e-10,6.71703e-10,1.31275e-09,1.31275e-09,0.48713,0.0284683,0.456984,0.0115744,0.0338207,0.0113299,0.0224907,,best_validation_checkpoint_1.bin
2238,1724,rejected,1,4.30626e-06,1.05752e-08,6.71703e-10,6.71703e-10,1.31275e-09,1.31275e-09,0.507503,0.0287254,0.477052,0.010557,0.0114396,0.0114393,0,,
2239,1725,accepted,0,4.30626e-06,5.28759e-09,6.71017e-10,6.71017e-10,1.3131e-09,1.31275e-09,0,0,0,0.010601,0.0338883,0.0114451,0.0224432,,
2240,1726,accepted,1,1.7177e-07,2.64379e-09,6.70573e-10,6.70573e-10,1.31206e-09,1.31206e-09,0.485484,0.0288367,0.454959,0.0097201,0.0337837,0.011302,0.0224817,,best_validation_checkpoint_0.bin
2241,1727,accepted,1,6.86756e-07,1.3219e-09,6.6984e-10,6.6984e-10,1.30983e-09,1.30983e-09,0.497556,0.0287104,0.467222,0.0109275,0.0338149,0.0113469,0.022468,,best_validation_checkpoint_1.bin
2242,1727,rejected,1,2.72144e-06,1.3219e-08,6.6984e-10,6.6984e-10,1.30983e-09,1.30983e-09,0.490892,0.0283553,0.460881,0.0101001,0.0114294,0.0114293,0,,
2243,1728,accepted,0,2.72144e-06,6.60948e-09,6.69473e-10,6.69473e-10,1.31009e-09,1.30983e-09,0,0,0,0.011914,0.0336721,0.0112635,0.0224085,,
2244,1729,accepted,1,1.08743e-07,3.30474e-09,6.69115e-10,6.69115e-10,1.30929e-09,1.30929e-09,0.521264,0.0282282,0.491415,0.0107564,0.0337012,0.0112767,0.0224245,,best_validation_checkpoint_0.bin
2245,1730,accepted,1,4.34925e-07,1.65237e-09,6.68464e-10,6.68464e-10,1.30754e-09,1.30754e-09,0.498266,0.0284804,0.468121,0.0110492,0.0340462,0.0112885,0.0227576,,best_validation_checkpoint_1.bin
2246,1731,accepted,1,1.7259e-06,8.26185e-10,6.68115e-10,6.68115e-10,1.30424e-09,1.30424e-09,0.50549,0.0288911,0.474942,0.0098033,0.0337251,0.011227,0.0224981,,best_validation_checkpoint_0.bin
2247,1731,rejected,1,6.79998e-06,8.26185e-09,6.68115e-10,6.68115e-10,1.30424e-09,1.30424e-09,0.491053,0.0286357,0.46072,0.0111545,0.0113665,0.0113664,0,,
2248,1732,accepted,0,6.79998e-06,4.13093e-09,6.66675e-10,6.66675e-10,1.3045e-09,1.30424e-09,0,0,0,0.0112207,0.0336663,0.0112706,0.0223956,,
2249,1733,accepted,1,2.72075e-07,2.06546e-09,6.66132e-10,6.66132e-10,1.30316e-09,1.30316e-09,0.501844,0.0282911,0.47171,0.0100581,0.0339202,0.0112672,0.0226529,,best_validation_checkpoint_1.bin
2250,1734,accepted,1,1.08364e-06,1.03273e-09,6.65434e-10,6.65434e-10,1.30038e-09,1.30038e-09,0.503838,0.028701,0.47356,0.0098293,0.033686,0.0112653,0.0224205,,best_validation_checkpoint_0.bin
2251,1734,rejected,1,4.27963e-06,1.03273e-08,6.65434e-10,6.65434e-10,1.30038e-09,1.30038e-09,0.517147,0.0284425,0.487068,0.0104921,0.011252,0.0112518,0,,
2252,1735,accepted,0,4.27963e-06,5.16366e-09,6.64741e-10,6.64741e-10,1.30073e-09,1.30038e-09,0,0,0,0.0132419,0.0338856,0.0113105,0.022575,,
2253,1736,accepted,1,1.71641e-07,2.58183e-09,6.64299e-10,6.64299e-10,1.2997e-09,1.2997e-09,0.512774,0.0303802,0.480593,0.011966,0.0337308,0.0113152,0.0224156,,best_validation_checkpoint_1.bin
2254,1737,accepted,1,6.8425e-07,1.29091e-09,6.63574e-10,6.63574e-10,1.29748e-09,1.29748e-09,0.507228,0.0288727,0.476599,0.0110137,0.033995,0.0113532,0.0226417,,best_validation_checkpoint_0.bin
2255,1737,rejected,1,2.70846e-06,1.29091e-08,6.63574e-10,6.63574e-10,1.29748e-09,1.29748e-09,0.486648,0.0282315,0.456775,0.0104584,0.0113018,0.0113017,0,,
2256,1738,accepted,0,2.70846e-06,6.45457e-09,6.63205e-10,6.63205e-10,1.29774e-09,1.29748e-09,0,0,0,0.0107798,0.0339464,0.0112281,0.0227183,,
2257,1739,accepted,1,1.08745e-07,3.22729e-09,6.62849e-10,6.62849e-10,1.29694e-09,1.29694e-09,0.51726,0.028539,0.487077,0.0109394,0.0338172,0.0113398,0.0224773,,best_validation_checkpoint_1.bin
2258,1740,accepted,1,4.33785e-07,1.61364e-09,6.62203e-10,6.62203e-10,1.29521e-09,1.29521e-09,0.500131,0.0293953,0.46895,0.0099556,0.0338743,0.0112846,0.0225896,,best_validation_checkpoint_0.bin
2259,1741,accepted,1,1.71959e-06,8.06822e-10,6.61878e-10,6.61878e-10,1.29194e-09,1.29194e-09,0.482465,0.0287322,0.452082,0.0107075,0.0339959,0.0114855,0.0225104,,best_validation_checkpoint_1.bin
2260,1741,rejected,1,6.76772e-06,8.06822e-09,6.61878e-10,6.61878e-10,1.29194e-09,1.29194e-09,0.501339,0.0290778,0.470647,0.0123282,0.0112714,0.0112713,0,,
2261,1742,accepted,0,6.76772e-06,4.03411e-09,6.60423e-10,6.60423e-10,1.29219e-09,1.29194e-09,0,0,0,0.0111426,0.0337618,0.0113578,0.0224039,,
2262,1743,accepted,1,2.72423e-07,2.01705e-09,6.59883e-10,6.59883e-10,1.29086e-09,1.29086e-09,0.496261,0.028638,0.465802,0.0106012,0.0340623,0.0114116,0.0226506,,best_validation_checkpoint_0.bin
2263,1744,accepted,1,1.08196e-06,1.00853e-09,6.59198e-10,6.59198e-10,1.2881e-09,1.2881e-09,0.50431,0.0287229,0.473951,0.0095363,0.0341957,0.011233,0.0229626,,best_validation_checkpoint_1.bin
2264,1744,rejected,1,4.26813e-06,1.00853e-08,6.59198e-10,6.59198e-10,1.2881e-09,1.2881e-09,0.506724,0.0290014,0.476094,0.0107553,0.011244,0.0112436,0,,
2265,1745,accepted,0,4.26813e-06,5.04264e-09,6.585e-10,6.585e-10,1.28845e-09,1.2881e-09,0,0,0,0.0097814,0.0335509,0.0111301,0.0224206,,
2266,1746,accepted,1,1.7209e-07,2.52132e-09,6.58061e-10,6.58061e-10,1.28743e-09,1.28743e-09,0.49715,0.0287049,0.466744,0.0102069,0.0341245,0.0114614,0.0226631,,best_validation_checkpoint_0.bin
2267,1747,accepted,1,6.84214e-07,1.26066e-09,6.57344e-10,6.57344e-10,1.28523e-09,1.28523e-09,0.4995,0.0291953,0.468701,0.0104253,0.0342159,0.0114382,0.0227777,,best_validation_checkpoint_1.bin
2268,1747,rejected,1,2.70535e-06,1.26066e-08,6.57344e-10,6.57344e-10,1.28523e-09,1.28523e-09,0.509403,0.0285752,0.479114,0.0114522,0.0114608,0.0114607,0,,
2269,1748,accepted,0,2.70535e-06,6.30329e-09,6.56973e-10,6.56973e-10,1.28549e-09,1.28523e-09,0,0,0,0.0111496,0.0337714,0.011299,0.0224722,,
2270,1749,accepted,1,1.09117e-07,3.15165e-09,6.5662e-10,6.5662e-10,1.2847e-09,1.2847e-09,0.49584,0.0284966,0.465707,0.0106068,0.0336311,0.0112425,0.0223886,,best_validation_checkpoint_0.bin
2271,1750,accepted,1,4.34222e-07,1.57582e-09,6.55979e-10,6.55979e-10,1.28298e-09,1.28298e-09,0.511991,0.0284252,0.481884,0.0102821,0.0338103,0.0112956,0.0225146,,best_validation_checkpoint_1.bin
2272,1751,accepted,1,1.71961e-06,7.87912e-10,6.55676e-10,6.55676e-10,1.27976e-09,1.27976e-09,0.514377,0.0284352,0.484258,0.0108439,0.034016,0.0113533,0.0226627,,best_validation_checkpoint_0.bin
2273,1751,rejected,1,6.75964e-06,7.87912e-09,6.55676e-10,6.55676e-10,1.27976e-09,1.27976e-09,0.514002,0.0319977,0.480309,0.0105288,0.0113832,0.0113831,0,,
2274,1752,accepted,0,6.75964e-06,3.93956e-09,6.54208e-10,6.54208e-10,1.28e-09,1.27976e-09,0,0,0,0.0102748,0.0338893,0.0115139,0.0223752,,
2275,1753,accepted,1,2.73652e-07,1.96978e-09,6.53673e-10,6.53673e-10,1.27869e-09,1.27869e-09,0.48806,0.0283311,0.45801,0.0116448,0.0339999,0.0114896,0.0225103,,best_validation_checkpoint_1.bin
2276,1754,accepted,1,1.08414e-06,9.8489e-10,6.53e-10,6.53e-10,1.27596e-09,1.27596e-09,0.484015,0.0288002,0.453624,0.0094047,0.0339218,0.0113589,0.0225629,,best_validation_checkpoint_0.bin
2277,1754,rejected,1,4.27183e-06,9.8489e-09,6.53e-10,6.53e-10,1.27596e-09,1.27596e-09,0.514683,0.0281592,0.484771,0.0103676,0.0112269,0.0112269,0,,
2278,1755,accepted,0,4.27183e-06,4.92445e-09,6.52298e-10,6.52298e-10,1.27631e-09,1.27596e-09,0,0,0,0.0118547,0.0337737,0.0113115,0.0224621,,
2279,1756,accepted,1,1.73078e-07,2.46222e-09,6.51862e-10,6.51862e-10,1.2753e-09,1.2753e-09,0.503252,0.0285408,0.473105,0.0102201,0.0339135,0.0113803,0.0225332,,best_validation_checkpoint_1.bin
2280,1757,accepted,1,6.86555e-07,1.23111e-09,6.51153e-10,6.51153e-10,1.27312e-09,1.27312e-09,0.490016,0.0290509,0.459289,0.0101576,0.0338569,0.0114242,0.0224325,,best_validation_checkpoint_0.bin
2281,1757,rejected,1,2.71174e-06,1.23111e-08,6.51153e-10,6.51153e-10,1.27312e-09,1.27312e-09,0.509942,0.0286786,0.47952,0.010535,0.0114196,0.0114195,0,,
2282,1758,accepted,0,2.71174e-06,6.15556e-09,6.50782e-10,6.50782e-10,1.27339e-09,1.27312e-09,0,0,0,0.0120865,0.0337576,0.0113574,0.0224001,,
2283,1759,accepted,1,1.09823e-07,3.07778e-09,6.50431e-10,6.50431e-10,1.2726e-09,1.2726e-09,0.515138,0.0302258,0.483152,0.011075,0.0340743,0.0113735,0.0227008,,best_validation_checkpoint_1.bin
2284,1760,accepted,1,4.36127e-07,1.53889e-09,6.49797e-10,6.49797e-10,1.27091e-09,1.27091e-09,0.502283,0.0288553,0.471788,0.0117532,0.033763,0.0113877,0.0223752,,best_validation_checkpoint_0.bin
2285,1761,accepted,1,1.72556e-06,7.69445e-10,6.49512e-10,6.49512e-10,1.26776e-09,1.26776e-09,0.520794,0.0285723,0.490641,0.0109979,0.0339417,0.0112613,0.0226804,,best_validation_checkpoint_1.bin
2286,1761,rejected,1,6.77381e-06,7.69445e-09,6.49512e-10,6.49512e-10,1.26776e-09,1.26776e-09,0.508342,0.0289339,0.477816,0.0105279,0.011255,0.0112548,0,,
2287,1762,accepted,0,6.77381e-06,3.84723e-09,6.48037e-10,6.48037e-10,1.26797e-09,1.26776e-09,0,0,0,0.0109243,0.0338765,0.0113,0.0225765,,
2288,1763,accepted,1,2.75616e-07,1.92361e-09,6.47506e-10,6.47506e-10,1.26667e-09,1.26667e-09,0.512278,0.0289502,0.481638,0.0106378,0.0334208,0.0112496,0.0221712,,best_validation_checkpoint_0.bin
2289,1764,accepted,1,1.08968e-06,9.61806e-10,6.46845e-10,6.46845e-10,1.264e-09,1.264e-09,0.495347,0.0281492,0.465615,0.0101137,0.0338919,0.0113824,0.0225095,,best_validation_checkpoint_1.bin
2290,1764,rejected,1,4.28872e-06,9.61806e-09,6.46845e-10,6.46845e-10,1.264e-09,1.264e-09,0.506698,0.0282616,0.476647,0.0099527,0.0112176,0.0112174,0,,
2291,1765,accepted,0,4.28872e-06,4.80903e-09,6.46141e-10,6.46141e-10,1.26433e-09,1.264e-09,0,0,0,0.0110794,0.0339102,0.0113214,0.0225888,,
2292,1766,accepted,1,1.74493e-07,2.40452e-09,6.45709e-10,6.45709e-10,1.26334e-09,1.26334e-09,0.499284,0.0288733,0.468761,0.0108117,0.0339317,0.0113201,0.0226115,,best_validation_checkpoint_0.bin
2293,1767,accepted,1,6.90875e-07,1.20226e-09,6.45008e-10,6.45008e-10,1.2612e-09,1.2612e-09,0.507679,0.0284953,0.477556,0.0105037,0.0342339,0.0114313,0.0228024,,best_validation_checkpoint_1.bin
2294,1767,rejected,1,2.72602e-06,1.20226e-08,6.45008e-10,6.45008e-10,1.2612e-09,1.2612e-09,0.507282,0.0283626,0.477308,0.0103226,0.011269,0.0112689,0,,
2295,1768,accepted,0,2.72602e-06,6.01129e-09,6.44636e-10,6.44636e-10,1.26146e-09,1.2612e-09,0,0,0,0.0105933,0.0340437,0.0114391,0.0226045,,
2296,1769,accepted,1,1.10785e-07,3.00564e-09,6.44288e-10,6.44288e-10,1.26069e-09,1.26069e-09,0.502361,0.031557,0.469146,0.0117437,0.0340539,0.0114077,0.0226462,,best_validation_checkpoint_0.bin
2297,1770,accepted,1,4.39206e-07,1.50282e-09,6.4366e-10,6.4366e-10,1.25902e-09,1.25902e-09,0.494094,0.0296171,0.462776,0.0115935,0.0339415,0.0112348,0.0227067,,best_validation_checkpoint_1.bin
2298,1771,accepted,1,1.73624e-06,7.51411e-10,6.43389e-10,6.43389e-10,1.25596e-09,1.25596e-09,0.501573,0.0279081,0.471877,0.0108342,0.0340133,0.0112629,0.0227503,,best_validation_checkpoint_0.bin
2299,1771,rejected,1,6.80528e-06,7.51411e-09,6.43389e-10,6.43389e-10,1.25596e-09,1.25596e-09,0.49752,0.0286629,0.46729,0.0106514,0.0114471,0.0114471,0,,
2300,1772,accepted,0,6.80528e-06,3.75706e-09,6.41913e-10,6.41913e-10,1.25613e-09,1.25596e-09,0,0,0,0.0107324,0.0315367,0.0102475,0.0212892,,
2301,1773,accepted,1,2.78078e-07,1.87853e-09,6.41387e-10,6.41387e-10,1.25486e-09,1.25486e-09,0.484782,0.028738,0.45431,0.0108801,0.0339649,0.0113014,0.0226634,,best_validation_checkpoint_1.bin
2302,1774,accepted,1,1.09768e-06,9.39264e-10,6.40735e-10,6.40735e-10,1.25226e-09,1.25226e-09,0.475248,0.028265,0.445306,0.0113127,0.0338313,0.0113247,0.0225065,,best_validation_checkpoint_0.bin
2303,1774,rejected,1,4.31508e-06,9.39264e-09,6.40735e-10,6.40735e-10,1.25226e-09,1.25226e-09,0.493263,0.0287376,0.462874,0.0102624,0.0113949,0.0113948,0,,
2304,1775,accepted,0,4.31508e-06,4.69632e-09,6.40032e-10,6.40032e-10,1.25256e-09,1.25226e-09,0,0,0,0.0116503,0.0332667,0.0112449,0.0220216,,
2305,1776,accepted,1,1.76175e-07,2.34816e-09,6.39603e-10,6.39603e-10,1.25158e-09,1.25158e-09,0.504403,0.0290484,0.473782,0.0116964,0.0337604,0.0112627,0.0224976,,best_validation_checkpoint_1.bin
2306,1777,accepted,1,6.96533e-07,1.17408e-09,6.3891e-10,6.3891e-10,1.2495e-09,1.2495e-09,0.507881,0.028546,0.477778,0.011645,0.0339689,0.0113077,0.0226612,,best_validation_checkpoint_0.bin
2307,1777,rejected,1,2.74555e-06,1.17408e-08,6.3891e-10,6.3891e-10,1.2495e-09,1.2495e-09,0.497122,0.0284409,0.467,0.010519,0.0112438,0.0112438,0,,
2308,1778,accepted,0,2.74555e-06,5.8704e-09,6.3854e-10,6.3854e-10,1.24974e-09,1.2495e-09,0,0,0,0.0113326,0.0338387,0.0112995,0.0225391,,
2309,1779,accepted,1,1.11895e-07,2.9352e-09,6.38194e-10,6.38194e-10,1.24898e-09,1.24898e-09,0.49047,0.0280913,0.46073,0.0112323,0.0340621,0.0114497,0.0226124,,best_validation_checkpoint_1.bin
2310,1780,accepted,1,4.4302e-07,1.4676e-09,6.37572e-10,6.37572e-10,1.24735e-09,1.24735e-09,0.515329,0.0288974,0.484756,0.0108161,0.0338604,0.0114123,0.022448,,best_validation_checkpoint_0.bin
2311,1781,accepted,1,1.74985e-06,7.338e-10,6.37311e-10,6.37311e-10,1.2444e-09,1.2444e-09,0.483511,0.0287312,0.453121,0.0106858,0.0338043,0.0112402,0.022564,,best_validation_checkpoint_1.bin
2312,1781,rejected,1,6.84671e-06,7.338e-09,6.37311e-10,6.37311e-10,1.2444e-09,1.2444e-09,0.510143,0.0284521,0.479991,0.0101712,0.0112633,0.0112632,0,,
2313,1782,accepted,0,6.84671e-06,3.669e-09,6.35839e-10,6.35839e-10,1.24451e-09,1.2444e-09,0,0,0,0.0111215,0.0338037,0.0113263,0.0224772,,
2314,1783,accepted,1,2.80738e-07,1.8345e-09,6.35318e-10,6.35318e-10,1.24327e-09,1.24327e-09,0.478372,0.0289767,0.447777,0.0111686,0.0339319,0.0113207,0.022611,,best_validation_checkpoint_0.bin
2315,1784,accepted,1,1.10691e-06,9.1725e-10,6.34675e-10,6.34675e-10,1.24075e-09,1.24075e-09,0.509947,0.0283678,0.480003,0.0107699,0.0340125,0.011291,0.0227214,,best_validation_checkpoint_1.bin
2316,1784,rejected,1,4.34589e-06,9.1725e-09,6.34675e-10,6.34675e-10,1.24075e-09,1.24075e-09,0.494864,0.0285772,0.464534,0.0107567,0.0113032,0.011303,0,,
2317,1785,accepted,0,4.34589e-06,4.58625e-09,6.33974e-10,6.33974e-10,1.24101e-09,1.24075e-09,0,0,0,0.0113016,0.0331867,0.0113386,0.021848,,
2318,1786,accepted,1,1.77925e-07,2.29313e-09,6.3355e-10,6.3355e-10,1.24006e-09,1.24006e-09,0.500249,0.0283865,0.470193,0.0110389,0.0340299,0.0113054,0.0227243,,best_validation_checkpoint_0.bin
2319,1787,accepted,1,7.02703e-07,1.14656e-09,6.32863e-10,6.32863e-10,1.23804e-09,1.23804e-09,0.500877,0.0283929,0.470797,0.0105215,0.0336525,0.011291,0.0223614,,best_validation_checkpoint_1.bin
2320,1787,rejected,1,2.76698e-06,1.14656e-08,6.32863e-10,6.32863e-10,1.23804e-09,1.23804e-09,0.503087,0.0284907,0.472991,0.0097125,0.011268,0.011268,0,,
2321,1788,accepted,0,2.76698e-06,5.73281e-09,6.32495e-10,6.32495e-10,1.23825e-09,1.23804e-09,0,0,0,0.0109144,0.0340963,0.0112884,0.0228079,,
2322,1789,accepted,1,1.13023e-07,2.86641e-09,6.32153e-10,6.32153e-10,1.23751e-09,1.23751e-09,0.491854,0.0291795,0.460918,0.0103773,0.0341139,0.0112258,0.022888,,best_validation_checkpoint_0.bin
2323,1790,accepted,1,4.47029e-07,1.4332e-09,6.31536e-10,6.31536e-10,1.23593e-09,1.23593e-09,0.49967,0.0281879,0.469733,0.0106341,0.0340472,0.0115307,0.0225163,,best_validation_checkpoint_1.bin
2324,1791,accepted,1,1.76418e-06,7.16602e-10,6.31281e-10,6.31281e-10,1.2331e-09,1.2331e-09,0.501349,0.0290012,0.470668,0.0109401,0.0341285,0.0112926,0.0228359,,best_validation_checkpoint_0.bin
2325,1791,rejected,1,6.88913e-06,7.16602e-09,6.31281e-10,6.31281e-10,1.2331e-09,1.2331e-09,0.492244,0.02857,0.462137,0.0099144,0.0114526,0.0114523,0,,
2326,1792,accepted,0,6.88913e-06,3.58301e-09,6.29819e-10,6.29819e-10,1.23314e-09,1.2331e-09,0,0,0,0.0108158,0.0340867,0.0116181,0.0224685,,
2327,1793,accepted,1,2.83257e-07,1.7915e-09,6.29302e-10,6.29302e-10,1.23193e-09,1.23193e-09,0.499662,0.028577,0.469516,0.0109363,0.034053,0.0113536,0.0226992,,best_validation_checkpoint_1.bin
2328,1794,accepted,1,1.11592e-06,8.95752e-10,6.28666e-10,6.28666e-10,1.22951e-09,1.22951e-09,0.491743,0.0282559,0.461762,0.0109503,0.0338955,0.0113546,0.0225407,,best_validation_checkpoint_0.bin
2329,1794,rejected,1,4.37523e-06,8.95752e-09,6.28666e-10,6.28666e-10,1.22951e-09,1.22951e-09,0.499998,0.0282719,0.47011,0.0103597,0.0114214,0.0114214,0,,
2330,1795,accepted,0,4.37523e-06,4.47876e-09,6.27971e-10,6.27971e-10,1.22972e-09,1.22951e-09,0,0,0,0.0100858,0.0343261,0.0114607,0.0228654,,
2331,1796,accepted,1,1.79526e-07,2.23938e-09,6.2755e-10,6.2755e-10,1.22879e-09,1.22879e-09,0.510619,0.0288006,0.480195,0.0111928,0.0337085,0.0112809,0.0224276,,best_validation_checkpoint_1.bin
2332,1797,accepted,1,7.0845e-07,1.11969e-09,6.2687e-10,6.2687e-10,1.22684e-09,1.22684e-09,0.477481,0.0284744,0.4474,0.0135824,0.0341053,0.0115276,0.0225776,,best_validation_checkpoint_0.bin
2333,1797,rejected,1,2.78646e-06,1.11969e-08,6.2687e-10,6.2687e-10,1.22684e-09,1.22684e-09,0.487349,0.0284256,0.457298,0.0113748,0.0113762,0.011376,0,,
2334,1798,accepted,0,2.78646e-06,5.59845e-09,6.26505e-10,6.26505e-10,1.22701e-09,1.22684e-09,0,0,0,0.0110351,0.0338189,0.0112624,0.0225564,,
2335,1799,accepted,1,1.14027e-07,2.79922e-09,6.26166e-10,6.26166e-10,1.2263e-09,1.2263e-09,0.495646,0.0285239,0.465452,0.009392,0.0338351,0.0112726,0.0225624,,best_validation_checkpoint_1.bin
2336,1800,accepted,1,4.50626e-07,1.39961e-09,6.25555e-10,6.25555e-10,1.22476e-09,1.22476e-09,0.478182,0.0282795,0.448252,0.0102307,0.0339016,0.011268,0.0226335,,best_validation_checkpoint_0.bin
2337,1801,accepted,1,1.77676e-06,6.99806e-10,6.253e-10,6.253e-10,1.22209e-09,1.22209e-09,0.494398,0.028853,0.463902,0.0102445,0.0342558,0.0114242,0.0228315,,best_validation_checkpoint_1.bin
2338,1801,rejected,1,6.92263e-06,6.99806e-09,6.253e-10,6.253e-10,1.22209e-09,1.22209e-09,0.51479,0.0285598,0.484461,0.0114521,0.0113249,0.0113248,0,,
2339,1802,accepted,0,6.92263e-06,3.49903e-09,6.23853e-10,6.23853e-10,1.22202e-09,1.22202e-09,0,0,0,0.010741,0.0341153,0.0113355,0.0227797,,best_validation_checkpoint_0.bin
2340,1803,accepted,1,2.85273e-07,1.74952e-09,6.23342e-10,6.23342e-10,1.22086e-09,1.22086e-09,0.491954,0.0309214,0.459339,0.0111792,0.0339062,0.0113828,0.0225232,,best_validation_checkpoint_1.bin
2341,1804,accepted,1,1.12314e-06,8.74758e-10,6.2271e-10,6.2271e-10,1.21854e-09,1.21854e-09,0.507425,0.0286231,0.477071,0.0114156,0.0341216,0.0113296,0.0227919,,best_validation_checkpoint_0.bin
2342,1804,rejected,1,4.39679e-06,8.74758e-09,6.2271e-10,6.2271e-10,1.21854e-09,1.21854e-09,0.492101,0.0283847,0.46197,0.0107802,0.0112938,0.0112935,0,,
2343,1805,accepted,0,4.39679e-06,4.37379e-09,6.22023e-10,6.22023e-10,1.21868e-09,1.21854e-09,0,0,0,0.01099,0.0341499,0.0114225,0.0227273,,
2344,1806,accepted,1,1.80746e-07,2.18689e-09,6.21606e-10,6.21606e-10,1.21779e-09,1.21779e-09,0.504102,0.0283916,0.474046,0.0111365,0.0339305,0.011328,0.0226024,,best_validation_checkpoint_1.bin
2345,1807,accepted,1,7.12781e-07,1.09345e-09,6.20932e-10,6.20932e-10,1.21591e-09,1.21591e-09,0.514447,0.0287887,0.484018,0.0104606,0.0337548,0.0112372,0.0225175,,best_validation_checkpoint_0.bin
2346,1807,rejected,1,2.79998e-06,1.09345e-08,6.20932e-10,6.20932e-10,1.21591e-09,1.21591e-09,0.493509,0.0283186,0.46356,0.010751,0.0114719,0.0114718,0,,
2347,1808,accepted,0,2.79998e-06,5.46724e-09,6.20571e-10,6.20571e-10,1.21604e-09,1.21591e-09,0,0,0,0.0112002,0.0338647,0.0114678,0.0223967,,
2348,1809,accepted,1,1.1476e-07,2.73362e-09,6.20235e-10,6.20235e-10,1.21535e-09,1.21535e-09,0.517584,0.0290036,0.48686,0.0103943,0.0339815,0.011325,0.0226565,,best_validation_checkpoint_1.bin
2349,1810,accepted,1,4.53179e-07,1.36681e-09,6.1963e-10,6.1963e-10,1.21387e-09,1.21387e-09,0.479402,0.0297289,0.448121,0.0109914,0.0337551,0.0112944,0.0224607,,best_validation_checkpoint_0.bin
2350,1811,accepted,1,1.78504e-06,6.83405e-10,6.1937e-10,6.1937e-10,1.21136e-09,1.21136e-09,0.502861,0.0285383,0.472598,0.0111594,0.033849,0.0113091,0.0225399,,best_validation_checkpoint_1.bin
2351,1811,rejected,1,6.93722e-06,6.83405e-09,6.1937e-10,6.1937e-10,1.21136e-09,1.21136e-09,0.510498,0.0286814,0.480112,0.0109225,0.011329,0.0113288,0,,
2352,1812,accepted,0,6.93722e-06,3.41702e-09,6.17945e-10,6.17945e-10,1.21118e-09,1.21118e-09,0,0,0,0.0110728,0.034027,0.0112902,0.0227367,,best_validation_checkpoint_0.bin
2353,1813,accepted,1,2.86425e-07,1.70851e-09,6.17438e-10,6.17438e-10,1.21006e-09,1.21006e-09,0.479323,0.0285656,0.449022,0.0110555,0.0340629,0.0113343,0.0227284,,best_validation_checkpoint_1.bin
2354,1814,accepted,1,1.12703e-06,8.54256e-10,6.16809e-10,6.16809e-10,1.20786e-09,1.20786e-09,0.514397,0.0293462,0.48334,0.0104886,0.0334648,0.0114665,0.0219983,,best_validation_checkpoint_0.bin
2355,1814,rejected,1,4.40442e-06,8.54256e-09,6.16809e-10,6.16809e-10,1.20786e-09,1.20786e-09,0.508224,0.0293253,0.477209,0.0104928,0.0113074,0.0113072,0,,
2356,1815,accepted,0,4.40442e-06,4.27128e-09,6.16132e-10,6.16132e-10,1.20792e-09,1.20786e-09,0,0,0,0.0102095,0.0340161,0.0113137,0.0227023,,
2357,1816,accepted,1,1.81361e-07,2.13564e-09,6.15719e-10,6.15719e-10,1.20705e-09,1.20705e-09,0.506915,0.0288554,0.476256,0.0117258,0.0341288,0.0113891,0.0227396,,best_validation_checkpoint_1.bin
2358,1817,accepted,1,7.1473e-07,1.06782e-09,6.1505e-10,6.1505e-10,1.20527e-09,1.20527e-09,0.516298,0.0286005,0.48602,0.0108133,0.0338451,0.0113892,0.0224558,,best_validation_checkpoint_0.bin
2359,1817,rejected,1,2.80372e-06,1.06782e-08,6.1505e-10,6.1505e-10,1.20527e-09,1.20527e-09,0.489157,0.0282658,0.459269,0.0113769,0.0112868,0.0112867,0,,
2360,1818,accepted,0,2.80372e-06,5.3391e-09,6.14694e-10,6.14694e-10,1.20534e-09,1.20527e-09,0,0,0,0.0101654,0.0335515,0.0112591,0.0222923,,
2361,1819,accepted,1,1.1508e-07,2.66955e-09,6.14362e-10,6.14362e-10,1.20467e-09,1.20467e-09,0.489407,0.0289439,0.4588,0.0103527,0.0338497,0.0112649,0.0225846,,best_validation_checkpoint_1.bin
2362,1820,accepted,1,4.5409e-07,1.33477e-09,6.13761e-10,6.13761e-10,1.20326e-09,1.20326e-09,0.516868,0.0284426,0.486778,0.0114315,0.0345147,0.0112739,0.0232408,,best_validation_checkpoint_0.bin
2363,1821,accepted,1,1.78662e-06,6.67387e-10,6.13491e-10,6.13491e-10,1.20094e-09,1.20094e-09,0.48977,0.0285296,0.459548,0.0117391,0.0338712,0.011429,0.0224421,,best_validation_checkpoint_1.bin
2364,1821,rejected,1,6.92387e-06,6.67387e-09,6.13491e-10,6.13491e-10,1.20094e-09,1.20094e-09,0.517692,0.0283461,0.487696,0.011689,0.0113666,0.0113666,0,,
2365,1822,accepted,0,6.92387e-06,3.33694e-09,6.12093e-10,6.12093e-10,1.2006e-09,1.2006e-09,0,0,0,0.0100704,0.0336644,0.0113073,0.0223571,,best_validation_checkpoint_0.bin
2366,1823,accepted,1,2.86391e-07,1.66847e-09,6.11591e-10,6.11591e-10,1.19953e-09,1.19953e-09,0.482251,0.0292071,0.451293,0.0133813,0.033862,0.0113112,0.0225508,,best_validation_checkpoint_1.bin
2367,1824,accepted,1,1.12618e-06,8.34234e-10,6.10962e-10,6.10962e-10,1.19747e-09,1.19747e-09,0.508276,0.0303706,0.476317,0.0108008,0.0339083,0.0115258,0.0223823,,best_validation_checkpoint_0.bin
2368,1824,rejected,1,4.39273e-06,8.34234e-09,6.10962e-10,6.10962e-10,1.19747e-09,1.19747e-09,0.489587,0.0291694,0.458789,0.0106438,0.0113547,0.0113546,0,,
2369,1825,accepted,0,4.39273e-06,4.17117e-09,6.10298e-10,6.10298e-10,1.19742e-09,1.19742e-09,0,0,0,0.0105695,0.033726,0.0112407,0.0224852,,best_validation_checkpoint_1.bin
2370,1826,accepted,1,1.81177e-07,2.08559e-09,6.09889e-10,6.09889e-10,1.19659e-09,1.19659e-09,0.493383,0.0289362,0.462753,0.0101602,0.0340094,0.0114585,0.0225509,,best_validation_checkpoint_0.bin
2371,1827,accepted,1,7.13459e-07,1.04279e-09,6.09224e-10,6.09224e-10,1.19491e-09,1.19491e-09,0.496883,0.0288927,0.466349,0.0108836,0.0336771,0.0112764,0.0224006,,best_validation_checkpoint_1.bin
2372,1827,rejected,1,2.79444e-06,1.04279e-08,6.09224e-10,6.09224e-10,1.19491e-09,1.19491e-09,0.498531,0.0286597,0.468205,0.0105026,0.0113474,0.0113474,0,,
2373,1828,accepted,0,2.79444e-06,5.21396e-09,6.08874e-10,6.08874e-10,1.19491e-09,1.19491e-09,0,0,0,0.0110085,0.0338062,0.011264,0.0225421,,
2374,1829,accepted,1,1.14871e-07,2.60698e-09,6.08545e-10,6.08545e-10,1.19427e-09,1.19427e-09,0.495523,0.0290232,0.464871,0.0100064,0.0340249,0.0115287,0.0224961,,best_validation_checkpoint_0.bin
2375,1830,accepted,1,4.52852e-07,1.30349e-09,6.07949e-10,6.07949e-10,1.19293e-09,1.19293e-09,0.481272,0.028248,0.451347,0.0104769,0.0339065,0.011317,0.0225894,,best_validation_checkpoint_1.bin
2376,1831,accepted,1,1.77957e-06,6.51745e-10,6.07663e-10,6.07663e-10,1.19081e-09,1.19081e-09,0.493116,0.0286931,0.462519,0.0117695,0.0340977,0.0113673,0.0227303,,best_validation_checkpoint_0.bin
2377,1831,rejected,1,6.87557e-06,6.51745e-09,6.07663e-10,6.07663e-10,1.19081e-09,1.19081e-09,0.499551,0.0282548,0.469665,0.0101524,0.0113209,0.0113208,0,,
2378,1832,accepted,0,6.87557e-06,3.25873e-09,6.06298e-10,6.06298e-10,1.1903e-09,1.1903e-09,0,0,0,0.0101909,0.0336216,0.0111934,0.0224281,,best_validation_checkpoint_1.bin
2379,1833,accepted,1,2.84928e-07,1.62936e-09,6.058e-10,6.058e-10,1.18928e-09,1.18928e-09,0.477127,0.0294018,0.446046,0.010642,0.0338989,0.011228,0.0226707,,best_validation_checkpoint_0.bin
2380,1834,accepted,1,1.11952e-06,8.14682e-10,6.0517e-10,6.0517e-10,1.18737e-09,1.18737e-09,0.494885,0.0298862,0.463433,0.0102478,0.0339715,0.0114534,0.022518,,best_validation_checkpoint_1.bin
2381,1834,rejected,1,4.35785e-06,8.14682e-09,6.0517e-10,6.0517e-10,1.18737e-09,1.18737e-09,0.489177,0.0288833,0.458599,0.0115103,0.0113794,0.0113793,0,,
2382,1835,accepted,0,4.35785e-06,4.07341e-09,6.0452e-10,6.0452e-10,1.1872e-09,1.1872e-09,0,0,0,0.0108992,0.0338414,0.0114655,0.0223758,,best_validation_checkpoint_0.bin
2383,1836,accepted,1,1.8006e-07,2.0367e-09,6.04115e-10,6.04115e-10,1.18641e-09,1.18641e-09,0.474396,0.0290147,0.443686,0.011442,0.0339771,0.0114343,0.0225428,,best_validation_checkpoint_1.bin
2384,1837,accepted,1,7.08377e-07,1.01835e-09,6.03453e-10,6.03453e-10,1.18483e-09,1.18483e-09,0.480504,0.0285412,0.450427,0.0109375,0.0340167,0.011334,0.0226825,,best_validation_checkpoint_0.bin
2385,1837,rejected,1,2.77001e-06,1.01835e-08,6.03453e-10,6.03453e-10,1.18483e-09,1.18483e-09,0.492982,0.0292707,0.461915,0.0108061,0.0116126,0.0116123,0,,
2386,1838,accepted,0,2.77001e-06,5.09176e-09,6.0311e-10,6.0311e-10,1.18475e-09,1.18475e-09,0,0,0,0.0109527,0.0340646,0.0112849,0.0227796,,best_validation_checkpoint_1.bin
2387,1839,accepted,1,1.14056e-07,2.54588e-09,6.02784e-10,6.02784e-10,1.18413e-09,1.18413e-09,0.497092,0.0286656,0.466275,0.0106143,0.0352082,0.0116049,0.0236032,,best_validation_checkpoint_0.bin
2388,1840,accepted,1,4.49136e-07,1.27294e-09,6.02193e-10,6.02193e-10,1.18287e-09,1.18287e-09,0.496105,0.0307976,0.463587,0.0095192,0.0336828,0.0113163,0.0223665,,best_validation_checkpoint_1.bin
2389,1841,accepted,1,1.76268e-06,6.3647e-10,6.01887e-10,6.01887e-10,1.18096e-09,1.18096e-09,0.496524,0.0294338,0.465447,0.0110079,0.0337361,0.0113348,0.0224013,,best_validation_checkpoint_0.bin
2390,1841,rejected,1,6.7886e-06,6.3647e-09,6.01887e-10,6.01887e-10,1.18096e-09,1.18096e-09,0.496616,0.0295852,0.465385,0.0119173,0.0112619,0.0112618,0,,
2391,1842,accepted,0,6.7886e-06,3.18235e-09,6.00559e-10,6.00559e-10,1.18027e-09,1.18027e-09,0,0,0,0.011684,0.0338465,0.0113194,0.022527,,best_validation_checkpoint_1.bin
2392,1843,accepted,1,2.81922e-07,1.59118e-09,6.00065e-10,6.00065e-10,1.1793e-09,1.1793e-09,0.491966,0.0290786,0.461212,0.0126075,0.0339011,0.0112678,0.0226333,,best_validation_checkpoint_0.bin
2393,1844,accepted,1,1.10652e-06,7.95588e-10,5.99432e-10,5.99432e-10,1.17754e-09,1.17754e-09,0.498131,0.0287744,0.467693,0.0119226,0.0342839,0.0115005,0.0227833,,best_validation_checkpoint_1.bin
2394,1844,rejected,1,4.29826e-06,7.95588e-09,5.99432e-10,5.99432e-10,1.17754e-09,1.17754e-09,0.488711,0.0290746,0.457915,0.0113696,0.0112629,0.0112627,0,,
2395,1845,accepted,0,4.29826e-06,3.97794e-09,5.98798e-10,5.98798e-10,1.17724e-09,1.17724e-09,0,0,0,0.0115937,0.0339249,0.011251,0.0226739,,best_validation_checkpoint_0.bin
2396,1846,accepted,1,1.77962e-07,1.98897e-09,5.98396e-10,5.98396e-10,1.17649e-09,1.17649e-09,0.498003,0.028893,0.467492,0.0104475,0.0336799,0.0113001,0.0223797,,best_validation_checkpoint_1.bin
2397,1847,accepted,1,6.9925e-07,9.94484e-10,5.97737e-10,5.97737e-10,1.17502e-09,1.17502e-09,0.489219,0.0280941,0.459518,0.0111729,0.033876,0.0114965,0.0223795,,best_validation_checkpoint_0.bin
2398,1847,rejected,1,2.72978e-06,9.94484e-09,5.97737e-10,5.97737e-10,1.17502e-09,1.17502e-09,0.502843,0.0295379,0.471693,0.0099522,0.0112306,0.0112306,0,,
2399,1848,accepted,0,2.72978e-06,4.97242e-09,5.97401e-10,5.97401e-10,1.17485e-09,1.17485e-09,0,0,0,0.0103888,0.0339872,0.0113987,0.0225884,,best_validation_checkpoint_1.bin
2400,1849,accepted,1,1.1262e-07,2.48621e-09,5.97078e-10,5.97078e-10,1.17426e-09,1.17426e-09,0.489141,0.0288495,0.45873,0.0106831,0.0326379,0.0113515,0.0212863,,best_validation_checkpoint_0.bin
2401,1850,accepted,1,4.42852e-07,1.24311e-09,5.96491e-10,5.96491e-10,1.17308e-09,1.17308e-09,0.506184,0.028312,0.476121,0.0112706,0.0340537,0.0112868,0.0227667,,best_validation_checkpoint_1.bin
2402,1851,accepted,1,1.73575e-06,6.21553e-10,5.96164e-10,5.96164e-10,1.1714e-09,1.1714e-09,0.488611,0.0285411,0.458415,0.0110431,0.0333125,0.0112542,0.0220582,,best_validation_checkpoint_0.bin
2403,1851,rejected,1,6.66362e-06,6.21553e-09,5.96164e-10,5.96164e-10,1.1714e-09,1.1714e-09,0.521742,0.0296189,0.490414,0.0107267,0.0114674,0.0114671,0,,
2404,1852,accepted,0,6.66362e-06,3.10776e-09,5.94874e-10,5.94874e-10,1.17049e-09,1.17049e-09,0,0,0,0.0107174,0.0335065,0.0112167,0.0222897,,best_validation_checkpoint_1.bin
2405,1853,accepted,1,2.77426e-07,1.55388e-09,5.94384e-10,5.94384e-10,1.16958e-09,1.16958e-09,0.498778,0.0287337,0.468423,0.0100919,0.0339602,0.0112775,0.0226826,,best_validation_checkpoint_0.bin
2406,1854,accepted,1,1.08731e-06,7.76941e-10,5.93747e-10,5.93747e-10,1.16799e-09,1.16799e-09,0.505027,0.0281197,0.475216,0.0113967,0.0340968,0.0113203,0.0227765,,best_validation_checkpoint_1.bin
2407,1854,rejected,1,4.21514e-06,7.76941e-09,5.93747e-10,5.93747e-10,1.16799e-09,1.16799e-09,0.510394,0.0292065,0.479387,0.0112381,0.0113334,0.0113332,0,,
2408,1855,accepted,0,4.21514e-06,3.8847e-09,5.9313e-10,5.9313e-10,1.16754e-09,1.16754e-09,0,0,0,0.0106583,0.0339518,0.0114251,0.0225265,,best_validation_checkpoint_0.bin
2409,1856,accepted,1,1.74951e-07,1.94235e-09,5.92731e-10,5.92731e-10,1.16683e-09,1.16683e-09,0.496325,0.0287525,0.465908,0.0113503,0.0339094,0.0113664,0.022543,,best_validation_checkpoint_1.bin
2410,1857,accepted,1,6.86305e-07,9.71176e-10,5.92074e-10,5.92074e-10,1.16547e-09,1.16547e-09,0.514379,0.0289845,0.483675,0.0120582,0.0336437,0.0112773,0.0223663,,best_validation_checkpoint_0.bin
2411,1857,rejected,1,2.67505e-06,9.71176e-09,5.92074e-10,5.92074e-10,1.16547e-09,1.16547e-09,0.495047,0.0284029,0.464937,0.0111474,0.0113682,0.011368,0,,
2412,1858,accepted,0,2.67505e-06,4.85588e-09,5.91746e-10,5.91746e-10,1.16521e-09,1.16521e-09,0,0,0,0.0121162,0.0336902,0.0112149,0.0224752,,best_validation_checkpoint_1.bin
2413,1859,accepted,1,1.1062e-07,2.42794e-09,5.91426e-10,5.91426e-10,1.16465e-09,1.16465e-09,0.50779,0.0296692,0.476501,0.0098496,0.0339307,0.0113042,0.0226264,,best_validation_checkpoint_0.bin
2414,1860,accepted,1,4.34211e-07,1.21397e-09,5.90842e-10,5.90842e-10,1.16355e-09,1.16355e-09,0.512887,0.0283207,0.482943,0.0107432,0.0338311,0.0113499,0.0224811,,best_validation_checkpoint_1.bin
2415,1861,accepted,1,1.69982e-06,6.06985e-10,5.90493e-10,5.90493e-10,1.16211e-09,1.16211e-09,0.487962,0.0286991,0.457588,0.0116549,0.033883,0.0113677,0.0225152,,best_validation_checkpoint_0.bin
2416,1861,rejected,1,6.50621e-06,6.06985e-09,5.90493e-10,5.90493e-10,1.16211e-09,1.16211e-09,0.498306,0.0291868,0.467367,0.0107075,0.0112873,0.0112872,0,,
2417,1862,accepted,0,6.50621e-06,3.03493e-09,5.89242e-10,5.89242e-10,1.16097e-09,1.16097e-09,0,0,0,0.0118079,0.0338474,0.0113301,0.0225173,,best_validation_checkpoint_1.bin
2418,1863,accepted,1,2.71698e-07,1.51746e-09,5.88756e-10,5.88756e-10,1.16011e-09,1.16011e-09,0.499152,0.0292002,0.468359,0.0120038,0.0337879,0.0112984,0.0224894,,best_validation_checkpoint_0.bin
2419,1864,accepted,1,1.06284e-06,7.58731e-10,5.88115e-10,5.88115e-10,1.15869e-09,1.15869e-09,0.484878,0.0285646,0.454633,0.0113292,0.0340854,0.0113562,0.0227292,,best_validation_checkpoint_1.bin
2420,1864,rejected,1,4.11308e-06,7.58731e-09,5.88115e-10,5.88115e-10,1.15869e-09,1.15869e-09,0.533498,0.028113,0.503718,0.0103051,0.0112417,0.0112416,0,,
2421,1865,accepted,0,4.11308e-06,3.79366e-09,5.87514e-10,5.87514e-10,1.15809e-09,1.15809e-09,0,0,0,0.0101926,0.0336506,0.0112677,0.0223829,,best_validation_checkpoint_0.bin
2422,1866,accepted,1,1.71224e-07,1.89683e-09,5.87119e-10,5.87119e-10,1.15742e-09,1.15742e-09,0.505478,0.0295143,0.474358,0.0113022,0.0338607,0.0112864,0.0225742,,best_validation_checkpoint_1.bin
2423,1867,accepted,1,6.70278e-07,9.48414e-10,5.86464e-10,5.86464e-10,1.15619e-09,1.15619e-09,0.500939,0.0285191,0.470884,0.0107235,0.0341883,0.0114047,0.0227835,,best_validation_checkpoint_0.bin
2424,1867,rejected,1,2.60912e-06,9.48414e-09,5.86464e-10,5.86464e-10,1.15619e-09,1.15619e-09,0.502548,0.0287136,0.472254,0.0099305,0.0113495,0.0113493,0,,
2425,1868,accepted,0,2.60912e-06,4.74207e-09,5.86143e-10,5.86143e-10,1.15582e-09,1.15582e-09,0,0,0,0.0109095,0.0339326,0.0113688,0.0225636,,best_validation_checkpoint_1.bin
2426,1869,accepted,1,1.08202e-07,2.37104e-09,5.85825e-10,5.85825e-10,1.15529e-09,1.15529e-09,0.497881,0.0285477,0.467651,0.0112542,0.0336944,0.0112804,0.022414,,best_validation_checkpoint_0.bin
2427,1870,accepted,1,4.23758e-07,1.18552e-09,5.85245e-10,5.85245e-10,1.15427e-09,1.15427e-09,0.501793,0.0284032,0.471724,0.0108924,0.0338112,0.0113409,0.0224702,,best_validation_checkpoint_1.bin
2428,1871,accepted,1,1.65725e-06,5.92759e-10,5.84876e-10,5.84876e-10,1.15309e-09,1.15309e-09,0.491941,0.0289342,0.461178,0.0121591,0.0339356,0.0113165,0.0226191,,best_validation_checkpoint_0.bin
2429,1871,rejected,1,6.32735e-06,5.92759e-09,5.84876e-10,5.84876e-10,1.15309e-09,1.15309e-09,0.507332,0.028217,0.47739,0.0112638,0.0112606,0.0112605,0,,
2430,1872,accepted,0,6.32735e-06,2.96379e-09,5.83661e-10,5.83661e-10,1.1517e-09,1.1517e-09,0,0,0,0.0109927,0.0335948,0.011231,0.0223637,,best_validation_checkpoint_1.bin
2431,1873,accepted,1,2.65214e-07,1.4819e-09,5.83179e-10,5.83179e-10,1.1509e-09,1.1509e-09,0.4987,0.0286567,0.468346,0.0105156,0.0339592,0.0113941,0.022565,,best_validation_checkpoint_0.bin
2432,1874,accepted,1,1.03492e-06,7.40949e-10,5.82534e-10,5.82534e-10,1.14966e-09,1.14966e-09,0.494528,0.0284979,0.464204,0.0102272,0.0337578,0.0113184,0.0224394,,best_validation_checkpoint_1.bin
2433,1874,rejected,1,3.99992e-06,7.40949e-09,5.82534e-10,5.82534e-10,1.14966e-09,1.14966e-09,0.494033,0.0287771,0.463604,0.0105764,0.0114073,0.0114072,0,,
2434,1875,accepted,0,3.99992e-06,3.70474e-09,5.81948e-10,5.81948e-10,1.14889e-09,1.14889e-09,0,0,0,0.0112636,0.0338181,0.0113157,0.0225024,,best_validation_checkpoint_0.bin
2435,1876,accepted,1,1.67119e-07,1.85237e-09,5.81557e-10,5.81557e-10,1.14825e-09,1.14825e-09,0.511558,0.0292071,0.480756,0.0098912,0.0337936,0.0112355,0.022558,,best_validation_checkpoint_1.bin
2436,1877,accepted,1,6.52459e-07,9.26186e-10,5.80904e-10,5.80904e-10,1.14715e-09,1.14715e-09,0.486788,0.0297615,0.455354,0.0100886,0.0340148,0.0112539,0.0227609,,best_validation_checkpoint_0.bin
2437,1877,rejected,1,2.53749e-06,9.26186e-09,5.80904e-10,5.80904e-10,1.14715e-09,1.14715e-09,0.480008,0.0284847,0.44986,0.0100826,0.0105527,0.0105525,0,,
2438,1878,accepted,0,2.53749e-06,4.63093e-09,5.80589e-10,5.80589e-10,1.14667e-09,1.14667e-09,0,0,0,0.0111257,0.0340038,0.0113692,0.0226345,,best_validation_checkpoint_1.bin
2439,1879,accepted,1,1.05594e-07,2.31546e-09,5.80275e-10,5.80275e-10,1.14617e-09,1.14617e-09,0.484884,0.0292099,0.454068,0.0113809,0.0338766,0.0112263,0.0226502,,best_validation_checkpoint_0.bin
2440,1880,accepted,1,4.12385e-07,1.15773e-09,5.79699e-10,5.79699e-10,1.14524e-09,1.14524e-09,0.488378,0.0293809,0.457273,0.0110429,0.0340046,0.0113825,0.0226221,,best_validation_checkpoint_1.bin
2441,1881,accepted,1,1.61177e-06,5.78866e-10,5.79313e-10,5.79313e-10,1.14432e-09,1.14432e-09,0.545289,0.0288975,0.514541,0.0114847,0.0337729,0.0112807,0.022492,,best_validation_checkpoint_0.bin
2442,1881,rejected,1,6.14321e-06,5.78866e-09,5.79313e-10,5.79313e-10,1.14432e-09,1.14432e-09,0.514844,0.028485,0.484675,0.0112311,0.0114456,0.0114455,0,,
2443,1882,accepted,0,6.14321e-06,2.89433e-09,5.7813e-10,5.7813e-10,1.14267e-09,1.14267e-09,0,0,0,0.0100299,0.0337885,0.0113016,0.0224868,,best_validation_checkpoint_1.bin
2444,1883,accepted,1,2.58664e-07,1.44717e-09,5.77651e-10,5.77651e-10,1.14193e-09,1.14193e-09,0.531829,0.0332718,0.497,0.011306,0.0338757,0.0112867,0.0225889,,best_validation_checkpoint_0.bin
2445,1884,accepted,1,1.00619e-06,7.23583e-10,5.77005e-10,5.77005e-10,1.14087e-09,1.14087e-09,0.509272,0.0281922,0.47947,0.0103808,0.0339445,0.0114136,0.0225308,,best_validation_checkpoint_1.bin
2446,1884,rejected,1,3.88683e-06,7.23583e-09,5.77005e-10,5.77005e-10,1.14087e-09,1.14087e-09,0.524334,0.0285999,0.494108,0.0113003,0.0116976,0.0116973,0,,
2447,1885,accepted,0,3.88683e-06,3.61791e-09,5.76432e-10,5.76432e-10,1.13993e-09,1.13993e-09,0,0,0,0.0113101,0.0339181,0.0110435,0.0228745,,best_validation_checkpoint_0.bin
2448,1886,accepted,1,1.63096e-07,1.80896e-09,5.76044e-10,5.76044e-10,1.13934e-09,1.13934e-09,0.521407,0.0309072,0.488944,0.0105372,0.0342688,0.0114955,0.0227733,,best_validation_checkpoint_1.bin
2449,1887,accepted,1,6.34645e-07,9.04478e-10,5.75394e-10,5.75394e-10,1.13835e-09,1.13835e-09,0.510026,0.0289327,0.479481,0.0104714,0.0337972,0.0114071,0.0223901,,best_validation_checkpoint_0.bin
2450,1887,rejected,1,2.46761e-06,9.04478e-09,5.75394e-10,5.75394e-10,1.13835e-09,1.13835e-09,0.520844,0.0314265,0.487715,0.0104865,0.0114416,0.0114413,0,,
2451,1888,accepted,0,2.46761e-06,4.52239e-09,5.75085e-10,5.75085e-10,1.13777e-09,1.13777e-09,0,0,0,0.0114867,0.0338597,0.0113656,0.022494,,best_validation_checkpoint_1.bin
2452,1889,accepted,1,1.03104e-07,2.2612e-09,5.74773e-10,5.74773e-10,1.1373e-09,1.1373e-09,0.513251,0.0309849,0.480549,0.0106816,0.0339748,0.0113352,0.0226395,,best_validation_checkpoint_0.bin
2453,1890,accepted,1,4.01293e-07,1.1306e-09,5.74201e-10,5.74201e-10,1.13645e-09,1.13645e-09,0.48767,0.0300214,0.455912,0.0106202,0.0348467,0.0112726,0.0235741,,best_validation_checkpoint_1.bin
2454,1891,accepted,1,1.56831e-06,5.65299e-10,5.73806e-10,5.73806e-10,1.1358e-09,1.1358e-09,0.499297,0.0288243,0.468789,0.0111497,0.0336725,0.0112707,0.0224018,,best_validation_checkpoint_0.bin
2455,1891,rejected,1,5.97462e-06,5.65299e-09,5.73806e-10,5.73806e-10,1.1358e-09,1.1358e-09,0.497295,0.0286156,0.466653,0.0108102,0.0120893,0.0120892,0,,
2456,1892,accepted,0,5.97462e-06,2.82649e-09,5.72647e-10,5.72647e-10,1.13388e-09,1.13388e-09,0,0,0,0.0114941,0.0384993,0.0123241,0.026175,,best_validation_checkpoint_1.bin
2457,1893,accepted,1,2.52908e-07,1.41325e-09,5.72172e-10,5.72172e-10,1.1332e-09,1.1332e-09,0.519013,0.0329451,0.484403,0.0113365,0.0322388,0.0113069,0.0209317,,best_validation_checkpoint_0.bin
2458,1894,accepted,1,9.80008e-07,7.06624e-10,5.71527e-10,5.71527e-10,1.13233e-09,1.13233e-09,0.484782,0.029066,0.454069,0.0101746,0.0339579,0.011317,0.0226409,,best_validation_checkpoint_1.bin
2459,1894,rejected,1,3.78753e-06,7.06624e-09,5.71527e-10,5.71527e-10,1.13233e-09,1.13233e-09,0.489812,0.0288584,0.459318,0.010351,0.0112828,0.0112826,0,,
2460,1895,accepted,0,3.78753e-06,3.53312e-09,5.70963e-10,5.70963e-10,1.13122e-09,1.13122e-09,0,0,0,0.0109972,0.0345675,0.0117753,0.0227922,,best_validation_checkpoint_0.bin
2461,1896,accepted,1,1.59721e-07,1.76656e-09,5.70578e-10,5.70578e-10,1.13066e-09,1.13066e-09,0.507395,0.0287006,0.476934,0.0113106,0.0339986,0.0113498,0.0226486,,best_validation_checkpoint_1.bin
2462,1897,accepted,1,6.19059e-07,8.8328e-10,5.69933e-10,5.69933e-10,1.12981e-09,1.12981e-09,0.527472,0.0329956,0.492798,0.0101758,0.0338511,0.0114508,0.0224002,,best_validation_checkpoint_0.bin
2463,1897,rejected,1,2.40849e-06,8.8328e-09,5.69933e-10,5.69933e-10,1.12981e-09,1.12981e-09,0.482421,0.0286089,0.452148,0.0115965,0.0118593,0.0118593,0,,
2464,1898,accepted,0,2.40849e-06,4.4164e-09,5.69628e-10,5.69628e-10,1.12911e-09,1.12911e-09,0,0,0,0.011627,0.0336655,0.0113094,0.022356,,best_validation_checkpoint_1.bin
2465,1899,accepted,1,1.01097e-07,2.2082e-09,5.69318e-10,5.69318e-10,1.12867e-09,1.12867e-09,0.52089,0.0296592,0.489624,0.0113675,0.0337602,0.0112936,0.0224665,,best_validation_checkpoint_0.bin
2466,1900,accepted,1,3.91936e-07,1.1041e-09,5.68751e-10,5.68751e-10,1.12791e-09,1.12791e-09,0.520908,0.0283641,0.490791,0.0116043,0.033796,0.0113529,0.022443,,best_validation_checkpoint_1.bin
2467,1901,accepted,1,1.53274e-06,5.5205e-10,5.68356e-10,5.68356e-10,1.12753e-09,1.12753e-09,0.503601,0.0291998,0.472786,0.0117518,0.0337605,0.0113897,0.0223707,,best_validation_checkpoint_0.bin
2468,1901,rejected,1,5.84532e-06,5.5205e-09,5.68356e-10,5.68356e-10,1.12753e-09,1.12753e-09,0.520677,0.0284039,0.490572,0.0101042,0.0113364,0.0113361,0,,
2469,1902,accepted,0,5.84532e-06,2.76025e-09,5.6721e-10,5.6721e-10,1.12534e-09,1.12534e-09,0,0,0,0.0112145,0.0338999,0.0113647,0.0225352,,best_validation_checkpoint_1.bin
2470,1903,accepted,1,2.48913e-07,1.38012e-09,5.66739e-10,5.66739e-10,1.12472e-09,1.12472e-09,0.498993,0.0302513,0.467105,0.0103506,0.0342209,0.0113031,0.0229176,,best_validation_checkpoint_0.bin
2471,1904,accepted,1,9.60212e-07,6.90062e-10,5.661e-10,5.661e-10,1.12403e-09,1.12403e-09,0.510258,0.0282066,0.48036,0.0103219,0.0341483,0.0115926,0.0225555,,best_validation_checkpoint_1.bin
2472,1904,rejected,1,3.71724e-06,6.90062e-09,5.661e-10,5.661e-10,1.12403e-09,1.12403e-09,0.501627,0.0282438,0.471563,0.0107972,0.0114428,0.0114425,0,,
2473,1905,accepted,0,3.71724e-06,3.45031e-09,5.65541e-10,5.65541e-10,1.12275e-09,1.12275e-09,0,0,0,0.0110967,0.0338133,0.0113164,0.0224969,,best_validation_checkpoint_0.bin
2474,1906,accepted,1,1.57604e-07,1.72516e-09,5.65159e-10,5.65159e-10,1.12224e-09,1.12224e-09,0.484878,0.031522,0.451664,0.0117764,0.0338877,0.0113939,0.0224938,,best_validation_checkpoint_1.bin
2475,1907,accepted,1,6.0815e-07,8.62578e-10,5.64519e-10,5.64519e-10,1.12151e-09,1.12151e-09,0.498911,0.0292162,0.468083,0.0105614,0.0339984,0.0113362,0.0226621,,best_validation_checkpoint_0.bin
2476,1907,rejected,1,2.36978e-06,8.62578e-09,5.64519e-10,5.64519e-10,1.12151e-09,1.12151e-09,0.508134,0.0290726,0.477485,0.0100994,0.0114655,0.0114654,0,,
2477,1908,accepted,0,2.36978e-06,4.31289e-09,5.64217e-10,5.64217e-10,1.12071e-09,1.12071e-09,0,0,0,0.0106285,0.0342851,0.0114763,0.0228088,,best_validation_checkpoint_1.bin
2478,1909,accepted,1,9.99573e-08,2.15644e-09,5.6391e-10,5.6391e-10,1.12029e-09,1.12029e-09,0.507054,0.0303835,0.474982,0.0102115,0.0339833,0.0113113,0.0226719,,best_validation_checkpoint_0.bin
2479,1910,accepted,1,3.85878e-07,1.07822e-09,5.63347e-10,5.63347e-10,1.11962e-09,1.11962e-09,0.505231,0.0298769,0.473448,0.0109439,0.0338055,0.0114778,0.0223277,,best_validation_checkpoint_1.bin
2480,1911,accepted,1,1.51121e-06,5.39111e-10,5.62962e-10,5.62962e-10,1.11951e-09,1.11951e-09,0.50288,0.0283625,0.472784,0.0097992,0.0335788,0.0112213,0.0223574,,best_validation_checkpoint_0.bin
2481,1911,rejected,1,5.77931e-06,5.39111e-09,5.62962e-10,5.62962e-10,1.11951e-09,1.11951e-09,0.503627,0.0288326,0.47316,0.0104694,0.0113181,0.0113179,0,,
2482,1912,accepted,0,5.77931e-06,2.69556e-09,5.61819e-10,5.61819e-10,1.11706e-09,1.11706e-09,0,0,0,0.0103521,0.0339534,0.0113918,0.0225616,,best_validation_checkpoint_1.bin
2483,1913,accepted,1,2.47622e-07,1.34778e-09,5.61352e-10,5.61352e-10,1.11649e-09,1.11649e-09,0.492001,0.0281193,0.462218,0.0117965,0.0339244,0.0113979,0.0225265,,best_validation_checkpoint_0.bin
2484,1914,accepted,1,9.50666e-07,6.73889e-10,5.60722e-10,5.60722e-10,1.11599e-09,1.11599e-09,0.502822,0.0286981,0.472496,0.0104367,0.0339619,0.0112408,0.022721,,best_validation_checkpoint_1.bin
2485,1914,rejected,1,3.69079e-06,6.73889e-09,5.60722e-10,5.60722e-10,1.11599e-09,1.11599e-09,0.493959,0.0286852,0.463573,0.0115363,0.0113496,0.0113495,0,,
2486,1915,accepted,0,3.69079e-06,3.36944e-09,5.60164e-10,5.60164e-10,1.11454e-09,1.11454e-09,0,0,0,0.0105075,0.0335341,0.0112939,0.0222401,,best_validation_checkpoint_0.bin
2487,1916,accepted,1,1.57314e-07,1.68472e-09,5.59785e-10,5.59785e-10,1.11407e-09,1.11407e-09,0.526211,0.0309523,0.49361,0.0118415,0.0339467,0.0113873,0.0225593,,best_validation_checkpoint_1.bin
2488,1917,accepted,1,6.04298e-07,8.42361e-10,5.59153e-10,5.59153e-10,1.11346e-09,1.11346e-09,0.512551,0.0287036,0.482222,0.0106162,0.0340005,0.0113357,0.0226646,,best_validation_checkpoint_0.bin
2489,1917,rejected,1,2.36062e-06,8.42361e-09,5.59153e-10,5.59153e-10,1.11346e-09,1.11346e-09,0.481541,0.0283389,0.451494,0.0107079,0.0113251,0.0113251,0,,
2490,1918,accepted,0,2.36062e-06,4.21181e-09,5.58851e-10,5.58851e-10,1.11256e-09,1.11256e-09,0,0,0,0.009961,0.0337429,0.0112451,0.0224976,,best_validation_checkpoint_1.bin
2491,1919,accepted,1,1.00032e-07,2.1059e-09,5.58546e-10,5.58546e-10,1.11217e-09,1.11217e-09,0.490606,0.030151,0.458826,0.0103252,0.0337972,0.0112816,0.0225155,,best_validation_checkpoint_0.bin
2492,1920,accepted,1,3.84578e-07,1.05295e-09,5.5799e-10,5.5799e-10,1.11158e-09,1.11158e-09,0.493824,0.0291266,0.463066,0.0117134,0.0343881,0.0114741,0.0229139,,best_validation_checkpoint_1.bin
2493,1921,accepted,1,1.50931e-06,5.26476e-10,5.57625e-10,5.57625e-10,1.11176e-09,1.11158e-09,0.514611,0.0285755,0.484486,0.0102375,0.0338415,0.011332,0.0225095,,
2494,1921,rejected,1,5.79728e-06,5.26476e-09,5.57625e-10,5.57625e-10,1.11176e-09,1.11158e-09,0.521811,0.028505,0.491722,0.0096875,0.0112463,0.0112462,0,,
2495,1922,accepted,0,5.79728e-06,2.63238e-09,5.56474e-10,5.56474e-10,1.10904e-09,1.10904e-09,0,0,0,0.011364,0.0341605,0.0112844,0.0228761,,best_validation_checkpoint_0.bin
2496,1923,accepted,1,2.49803e-07,1.31619e-09,5.56011e-10,5.56011e-10,1.10853e-09,1.10853e-09,0.486849,0.0295815,0.455553,0.0100326,0.0338131,0.0112411,0.0225719,,best_validation_checkpoint_1.bin
2497,1924,accepted,1,9.54648e-07,6.58095e-10,5.55395e-10,5.55395e-10,1.10821e-09,1.10821e-09,0.510327,0.0278788,0.480767,0.0104704,0.0338776,0.011311,0.0225666,,best_validation_checkpoint_0.bin
2498,1924,rejected,1,3.72e-06,6.58095e-09,5.55395e-10,5.55395e-10,1.10821e-09,1.10821e-09,0.484712,0.0287673,0.454315,0.0118644,0.0114339,0.0114338,0,,
2499,1925,accepted,0,3.72e-06,3.29047e-09,5.54832e-10,5.54832e-10,1.1066e-09,1.1066e-09,0,0,0,0.0121086,0.0337189,0.0113133,0.0224055,,best_validation_checkpoint_1.bin
2500,1926,accepted,1,1.59289e-07,1.64524e-09,5.54457e-10,5.54457e-10,1.10617e-09,1.10617e-09,0.501113,0.0292386,0.470162,0.0113164,0.0342514,0.0114029,0.0228484,,best_validation_checkpoint_0.bin
2501,1927,accepted,1,6.09396e-07,8.22618e-10,5.53834e-10,5.53834e-10,1.10568e-09,1.10568e-09,0.50795,0.0280845,0.478231,0.0096866,0.0339434,0.0115866,0.0223568,,best_validation_checkpoint_1.bin
2502,1927,rejected,1,2.38787e-06,8.22618e-09,5.53834e-10,5.53834e-10,1.10568e-09,1.10568e-09,0.490427,0.0289964,0.459751,0.0106222,0.01125,0.0112498,0,,
2503,1928,accepted,0,2.38787e-06,4.11309e-09,5.5353e-10,5.5353e-10,1.10469e-09,1.10469e-09,0,0,0,0.0108201,0.0341329,0.0113655,0.0227674,,best_validation_checkpoint_0.bin
2504,1929,accepted,1,1.01572e-07,2.05655e-09,5.53228e-10,5.53228e-10,1.10433e-09,1.10433e-09,0.494461,0.0296835,0.463169,0.0109124,0.0338588,0.0113142,0.0225445,,best_validation_checkpoint_1.bin
2505,1930,accepted,1,3.89143e-07,1.02827e-09,5.52678e-10,5.52678e-10,1.10382e-09,1.10382e-09,0.502875,0.0294558,0.47174,0.0108916,0.0340584,0.0113512,0.0227072,,best_validation_checkpoint_0.bin
2506,1931,accepted,1,1.53109e-06,5.14136e-10,5.52344e-10,5.52344e-10,1.10426e-09,1.10382e-09,0.501939,0.0291067,0.471203,0.0107943,0.0337843,0.0112532,0.022531,,
2507,1931,rejected,1,5.91215e-06,5.14136e-09,5.52344e-10,5.52344e-10,1.10426e-09,1.10382e-09,0.490567,0.0283679,0.460527,0.0103181,0.011287,0.0112869,0,,
2508,1932,accepted,0,5.91215e-06,2.57068e-09,5.51173e-10,5.51173e-10,1.10129e-09,1.10129e-09,0,0,0,0.0102429,0.0338219,0.0112978,0.022524,,best_validation_checkpoint_1.bin
2509,1933,accepted,1,2.55908e-07,1.28534e-09,5.50715e-10,5.50715e-10,1.10085e-09,1.10085e-09,0.498356,0.029979,0.466346,0.0107799,0.0338982,0.011493,0.0224052,,best_validation_checkpoint_0.bin
2510,1934,accepted,1,9.74251e-07,6.42671e-10,5.50116e-10,5.50116e-10,1.1007e-09,1.1007e-09,0.486462,0.0292015,0.455593,0.0109884,0.0343419,0.0115121,0.0228297,,best_validation_checkpoint_1.bin
2511,1934,rejected,1,3.8115e-06,6.42671e-09,5.50116e-10,5.50116e-10,1.1007e-09,1.1007e-09,0.509821,0.0290582,0.479108,0.0104534,0.0113003,0.0113002,0,,
2512,1935,accepted,0,3.8115e-06,3.21335e-09,5.49546e-10,5.49546e-10,1.09894e-09,1.09894e-09,0,0,0,0.0106209,0.0336251,0.0112762,0.0223489,,best_validation_checkpoint_0.bin
2513,1936,accepted,1,1.63748e-07,1.60668e-09,5.49174e-10,5.49174e-10,1.09855e-09,1.09855e-09,0.507419,0.030517,0.475312,0.0107999,0.0341476,0.0113021,0.0228454,,best_validation_checkpoint_1.bin
2514,1937,accepted,1,6.24506e-07,8.03338e-10,5.48561e-10,5.48561e-10,1.09819e-09,1.09819e-09,0.507681,0.0286204,0.477452,0.0098393,0.03384,0.0112796,0.0225602,,best_validation_checkpoint_0.bin
2515,1937,rejected,1,2.45487e-06,8.03338e-09,5.48561e-10,5.48561e-10,1.09819e-09,1.09819e-09,0.507578,0.0282703,0.477637,0.0103601,0.0112579,0.0112578,0,,
2516,1938,accepted,0,2.45487e-06,4.01669e-09,5.48254e-10,5.48254e-10,1.0971e-09,1.0971e-09,0,0,0,0.0110074,0.0336988,0.0113301,0.0223687,,best_validation_checkpoint_1.bin
2517,1939,accepted,1,1.04683e-07,2.00835e-09,5.47955e-10,5.47955e-10,1.09677e-09,1.09677e-09,0.474471,0.0284985,0.444304,0.0095471,0.0339823,0.0114795,0.0225027,,best_validation_checkpoint_0.bin
2518,1940,accepted,1,4.00106e-07,1.00417e-09,5.47412e-10,5.47412e-10,1.09634e-09,1.09634e-09,0.501616,0.0291936,0.470716,0.0107779,0.0338748,0.0112371,0.0226376,,best_validation_checkpoint_1.bin
2519,1941,accepted,1,1.57823e-06,5.02086e-10,5.47118e-10,5.47118e-10,1.09705e-09,1.09634e-09,0.5042,0.0285081,0.474077,0.0113922,0.0340683,0.0112664,0.0228018,,
2520,1941,rejected,1,6.12726e-06,5.02086e-09,5.47118e-10,5.47118e-10,1.09705e-09,1.09634e-09,0.488328,0.0283882,0.458256,0.0114842,0.0113597,0.0113595,0,,
2521,1942,accepted,0,6.12726e-06,2.51043e-09,5.45917e-10,5.45917e-10,1.09385e-09,1.09385e-09,0,0,0,0.0109492,0.0336643,0.0112826,0.0223816,,best_validation_checkpoint_0.bin
2522,1943,accepted,1,2.65979e-07,1.25522e-09,5.45464e-10,5.45464e-10,1.09345e-09,1.09345e-09,0.497237,0.029109,0.46645,0.010952,0.0336982,0.011229,0.0224691,,best_validation_checkpoint_1.bin
2523,1944,accepted,1,1.00994e-06,6.27608e-10,5.44886e-10,5.44886e-10,1.09348e-09,1.09345e-09,0.494206,0.0284379,0.464059,0.0100341,0.0337981,0.0112143,0.0225838,,
2524,1944,rejected,1,3.96546e-06,6.27608e-09,5.44886e-10,5.44886e-10,1.09348e-09,1.09345e-09,0.471838,0.0292277,0.440868,0.0108197,0.0113673,0.011367,0,,
2525,1945,accepted,0,3.96546e-06,3.13804e-09,5.44304e-10,5.44304e-10,1.09158e-09,1.09158e-09,0,0,0,0.0110305,0.0340515,0.0115545,0.0224969,,best_validation_checkpoint_0.bin
2526,1946,accepted,1,1.70657e-07,1.56902e-09,5.43935e-10,5.43935e-10,1.09123e-09,1.09123e-09,0.502898,0.0291316,0.471996,0.0114151,0.0338732,0.0112816,0.0225915,,best_validation_checkpoint_1.bin
2527,1947,accepted,1,6.49651e-07,7.8451e-10,5.43335e-10,5.43335e-10,1.09098e-09,1.09098e-09,0.509345,0.0290991,0.478599,0.0106951,0.0339229,0.0112899,0.022633,,best_validation_checkpoint_0.bin
2528,1947,rejected,1,2.56084e-06,7.8451e-09,5.43335e-10,5.43335e-10,1.09098e-09,1.09098e-09,0.485495,0.0285,0.455209,0.0103049,0.0112559,0.0112558,0,,
2529,1948,accepted,0,2.56084e-06,3.92255e-09,5.43023e-10,5.43023e-10,1.08981e-09,1.08981e-09,0,0,0,0.0111962,0.0336072,0.0112862,0.0223208,,best_validation_checkpoint_1.bin
2530,1949,accepted,1,1.09315e-07,1.96127e-09,5.42727e-10,5.42727e-10,1.08951e-09,1.08951e-09,0.49501,0.0282731,0.465144,0.0102693,0.0339246,0.0114026,0.0225219,,best_validation_checkpoint_0.bin
2531,1950,accepted,1,4.1734e-07,9.80637e-10,5.42191e-10,5.42191e-10,1.08917e-09,1.08917e-09,0.515878,0.0288907,0.485358,0.0110467,0.0334244,0.0114804,0.0219439,,best_validation_checkpoint_1.bin
2532,1951,accepted,1,1.64977e-06,4.90319e-10,5.41946e-10,5.41946e-10,1.09014e-09,1.08917e-09,0.514976,0.028116,0.48522,0.0097153,0.0333727,0.0111721,0.0222005,,
2533,1951,rejected,1,6.43558e-06,4.90319e-09,5.41946e-10,5.41946e-10,1.09014e-09,1.08917e-09,0.486261,0.0285617,0.456066,0.0097014,0.0113237,0.0113235,0,,
2534,1952,accepted,0,6.43558e-06,2.45159e-09,5.40706e-10,5.40706e-10,1.08671e-09,1.08671e-09,0,0,0,0.0110978,0.0337394,0.0112984,0.022441,,best_validation_checkpoint_0.bin
2535,1953,accepted,1,2.79703e-07,1.2258e-09,5.40259e-10,5.40259e-10,1.08637e-09,1.08637e-09,0.515539,0.0314274,0.482429,0.0099838,0.0338877,0.0112913,0.0225964,,best_validation_checkpoint_1.bin
2536,1954,accepted,1,1.06062e-06,6.12898e-10,5.39705e-10,5.39705e-10,1.08657e-09,1.08637e-09,0.479746,0.0288611,0.448991,0.0104097,0.0343091,0.0113716,0.0229375,,
2537,1954,rejected,1,4.17607e-06,6.12898e-09,5.39705e-10,5.39705e-10,1.08657e-09,1.08637e-09,0.47387,0.0284108,0.443671,0.0112983,0.0112372,0.011237,0,,
2538,1955,accepted,0,4.17607e-06,3.06449e-09,5.39107e-10,5.39107e-10,1.08454e-09,1.08454e-09,0,0,0,0.0102244,0.0341407,0.0114021,0.0227386,,best_validation_checkpoint_0.bin
2539,1956,accepted,1,1.79768e-07,1.53225e-09,5.38742e-10,5.38742e-10,1.08424e-09,1.08424e-09,0.509246,0.0292185,0.478381,0.0093811,0.034107,0.0113636,0.0227433,,best_validation_checkpoint_1.bin
2540,1957,accepted,1,6.83901e-07,7.66123e-10,5.38155e-10,5.38155e-10,1.0841e-09,1.0841e-09,0.49726,0.0290401,0.466422,0.0102319,0.0327535,0.0113066,0.0214468,,best_validation_checkpoint_0.bin
2541,1957,rejected,1,2.70145e-06,7.66123e-09,5.38155e-10,5.38155e-10,1.0841e-09,1.0841e-09,0.498779,0.0283051,0.468826,0.0112608,0.0112885,0.0112884,0,,
2542,1958,accepted,0,2.70145e-06,3.83061e-09,5.37838e-10,5.37838e-10,1.08286e-09,1.08286e-09,0,0,0,0.0110974,0.0339117,0.0113075,0.0226041,,best_validation_checkpoint_1.bin
2543,1959,accepted,1,1.15289e-07,1.91531e-09,5.37544e-10,5.37544e-10,1.08258e-09,1.08258e-09,0.490711,0.0286667,0.460426,0.0103699,0.0342129,0.0117522,0.0224606,,best_validation_checkpoint_0.bin
2544,1960,accepted,1,4.40147e-07,9.57654e-10,5.37016e-10,5.37016e-10,1.08232e-09,1.08232e-09,0.475745,0.0289182,0.445147,0.011255,0.0338118,0.0113562,0.0224556,,best_validation_checkpoint_1.bin
2545,1961,accepted,1,1.74266e-06,4.78827e-10,5.36827e-10,5.36827e-10,1.08354e-09,1.08232e-09,0.493796,0.0286966,0.4634,0.0113455,0.0340045,0.0113663,0.0226381,,
2546,1961,rejected,1,6.82279e-06,4.78827e-09,5.36827e-10,5.36827e-10,1.08354e-09,1.08232e-09,0.49492,0.0283664,0.464865,0.0118201,0.0112608,0.0112607,0,,
2547,1962,accepted,0,6.82279e-06,2.39413e-09,5.35541e-10,5.35541e-10,1.07991e-09,1.07991e-09,0,0,0,0.0103733,0.0337235,0.0113158,0.0224077,,best_validation_checkpoint_0.bin
2548,1963,accepted,1,2.96499e-07,1.19707e-09,5.35099e-10,5.35099e-10,1.07962e-09,1.07962e-09,0.500177,0.0286395,0.469948,0.0105424,0.0339803,0.0112598,0.0227205,,best_validation_checkpoint_1.bin
2549,1964,accepted,1,1.12396e-06,5.98534e-10,5.34573e-10,5.34573e-10,1.07998e-09,1.07962e-09,0.501182,0.0279651,0.471609,0.0098154,0.0340673,0.011257,0.0228103,,
2550,1964,rejected,1,4.43335e-06,5.98534e-09,5.34573e-10,5.34573e-10,1.07998e-09,1.07962e-09,0.505726,0.0285939,0.475405,0.010551,0.0112732,0.0112732,0,,
2551,1965,accepted,0,4.43335e-06,2.99267e-09,5.33956e-10,5.33956e-10,1.07785e-09,1.07785e-09,0,0,0,0.0099411,0.0341618,0.011319,0.0228427,,best_validation_checkpoint_0.bin
2552,1966,accepted,1,1.90691e-07,1.49633e-09,5.33595e-10,5.33595e-10,1.07758e-09,1.07758e-09,0.508477,0.0308277,0.476,0.0113412,0.0339977,0.0113163,0.0226814,,best_validation_checkpoint_1.bin
2553,1967,accepted,1,7.25658e-07,7.48167e-10,5.33022e-10,5.33022e-10,1.07755e-09,1.07755e-09,0.495762,0.0300687,0.463965,0.0113134,0.0340414,0.0113796,0.0226617,,best_validation_checkpoint_0.bin
2554,1967,rejected,1,2.87002e-06,7.48167e-09,5.33022e-10,5.33022e-10,1.07755e-09,1.07755e-09,0.514161,0.029003,0.483449,0.0103975,0.0113307,0.0113304,0,,
2555,1968,accepted,0,2.87002e-06,3.74083e-09,5.32698e-10,5.32698e-10,1.07624e-09,1.07624e-09,0,0,0,0.011,0.0340091,0.0116174,0.0223916,,best_validation_checkpoint_1.bin
2556,1969,accepted,1,1.22346e-07,1.87042e-09,5.32407e-10,5.32407e-10,1.076e-09,1.076e-09,0.494741,0.0287158,0.464473,0.0105679,0.0337526,0.0114636,0.0222889,,best_validation_checkpoint_0.bin
2557,1970,accepted,1,4.67455e-07,9.35209e-10,5.31888e-10,5.31888e-10,1.07581e-09,1.07581e-09,0.505799,0.0288567,0.475229,0.0113207,0.0339181,0.0112826,0.0226354,,best_validation_checkpoint_1.bin
2558,1971,accepted,1,1.85245e-06,4.67604e-10,5.31758e-10,5.31758e-10,1.07729e-09,1.07581e-09,0.488463,0.0281681,0.458609,0.011233,0.0339229,0.0113178,0.022605,,
2559,1971,rejected,1,7.27028e-06,4.67604e-09,5.31758e-10,5.31758e-10,1.07729e-09,1.07581e-09,0.468571,0.0282256,0.438631,0.0113583,0.0112621,0.0112621,0,,
2560,1972,accepted,0,7.27028e-06,2.33802e-09,5.30422e-10,5.30422e-10,1.07346e-09,1.07346e-09,0,0,0,0.0109771,0.0335902,0.0112922,0.0222979,,best_validation_checkpoint_0.bin
2561,1973,accepted,1,3.15667e-07,1.16901e-09,5.29985e-10,5.29985e-10,1.07323e-09,1.07323e-09,0.489312,0.028939,0.458692,0.0114412,0.0338296,0.0114401,0.0223894,,best_validation_checkpoint_1.bin
2562,1974,accepted,1,1.19698e-06,5.84505e-10,5.29488e-10,5.29488e-10,1.07375e-09,1.07323e-09,0.496099,0.0286246,0.465895,0.0111981,0.0340009,0.0113272,0.0226735,,
2563,1974,rejected,1,4.72527e-06,5.84505e-09,5.29488e-10,5.29488e-10,1.07375e-09,1.07323e-09,0.493173,0.0281209,0.46333,0.010118,0.0112798,0.0112797,0,,
2564,1975,accepted,0,4.72527e-06,2.92253e-09,5.28851e-10,5.28851e-10,1.07151e-09,1.07151e-09,0,0,0,0.0114037,0.0337144,0.0113374,0.0223769,,best_validation_checkpoint_0.bin
2565,1976,accepted,1,2.02978e-07,1.46126e-09,5.28494e-10,5.28494e-10,1.07129e-09,1.07129e-09,0.521646,0.029095,0.490847,0.0108203,0.0340015,0.0113858,0.0226156,,best_validation_checkpoint_1.bin
2566,1977,accepted,1,7.73e-07,7.30632e-10,5.27936e-10,5.27936e-10,1.07136e-09,1.07129e-09,0.503732,0.0290192,0.473064,0.0109223,0.0337248,0.0113366,0.0223882,,
2567,1977,rejected,1,3.05877e-06,7.30632e-09,5.27936e-10,5.27936e-10,1.07136e-09,1.07129e-09,0.475915,0.0279184,0.446349,0.0109216,0.0112861,0.011286,0,,
2568,1978,accepted,0,3.05877e-06,3.65316e-09,5.27604e-10,5.27604e-10,1.07e-09,1.07e-09,0,0,0,0.0108318,0.0337378,0.0113143,0.0224234,,best_validation_checkpoint_0.bin
2569,1979,accepted,1,1.302e-07,1.82658e-09,5.27316e-10,5.27316e-10,1.06979e-09,1.06979e-09,0.504035,0.0287021,0.473684,0.0112435,0.0340629,0.0112804,0.0227824,,best_validation_checkpoint_1.bin
2570,1980,accepted,1,4.98027e-07,9.1329e-10,5.26805e-10,5.26805e-10,1.06968e-09,1.06968e-09,0.494087,0.0282453,0.464049,0.0119548,0.0338664,0.0114614,0.0224048,,best_validation_checkpoint_0.bin
2571,1981,accepted,1,1.97416e-06,4.56645e-10,5.2674e-10,5.2674e-10,1.0714e-09,1.06968e-09,0.505563,0.0286499,0.475232,0.0108818,0.0339573,0.01133,0.0226272,,
2572,1981,rejected,1,7.75829e-06,4.56645e-09,5.2674e-10,5.2674e-10,1.0714e-09,1.06968e-09,0.494375,0.0300613,0.462683,0.010557,0.0113572,0.0113571,0,,
2573,1982,accepted,0,7.75829e-06,2.28322e-09,5.25349e-10,5.25349e-10,1.06739e-09,1.06739e-09,0,0,0,0.0112283,0.0337036,0.0112954,0.022408,,best_validation_checkpoint_1.bin
2574,1983,accepted,1,3.36486e-07,1.14161e-09,5.24918e-10,5.24918e-10,1.06722e-09,1.06722e-09,0.522237,0.0287392,0.491755,0.0105272,0.0340819,0.011435,0.0226467,,best_validation_checkpoint_0.bin
2575,1984,accepted,1,1.27656e-06,5.70806e-10,5.24451e-10,5.24451e-10,1.0679e-09,1.06722e-09,0.498177,0.02901,0.467464,0.0099136,0.0338414,0.0113807,0.0224606,,
2576,1984,rejected,1,5.03934e-06,5.70806e-09,5.24451e-10,5.24451e-10,1.0679e-09,1.06722e-09,0.508666,0.0285001,0.478515,0.0102587,0.0113507,0.0113504,0,,
2577,1985,accepted,0,5.03934e-06,2.85403e-09,5.23792e-10,5.23792e-10,1.06557e-09,1.06557e-09,0,0,0,0.0100792,0.0336708,0.0112145,0.0224561,,best_validation_checkpoint_1.bin
2578,1986,accepted,1,2.16175e-07,1.42702e-09,5.23439e-10,5.23439e-10,1.06538e-09,1.06538e-09,0.504682,0.0327228,0.470353,0.0105305,0.0339995,0.011269,0.0227305,,best_validation_checkpoint_0.bin
2579,1987,accepted,1,8.23936e-07,7.13508e-10,5.22897e-10,5.22897e-10,1.06557e-09,1.06538e-09,0.506472,0.0285843,0.476163,0.0117072,0.0339688,0.0113761,0.0225926,,
2580,1987,rejected,1,3.25984e-06,7.13508e-09,5.22897e-10,5.22897e-10,1.06557e-09,1.06538e-09,0.489344,0.027575,0.460094,0.0104542,0.0114318,0.0114318,0,,
2581,1988,accepted,0,3.25984e-06,3.56754e-09,5.22556e-10,5.22556e-10,1.06416e-09,1.06416e-09,0,0,0,0.0107016,0.0338079,0.0113398,0.0224679,,best_validation_checkpoint_1.bin
2582,1989,accepted,1,1.38565e-07,1.78377e-09,5.22272e-10,5.22272e-10,1.06398e-09,1.06398e-09,0.519047,0.0303705,0.487066,0.0113776,0.0340484,0.0114115,0.0226368,,best_validation_checkpoint_0.bin
2583,1990,accepted,1,5.30605e-07,8.91885e-10,5.2177e-10,5.2177e-10,1.06394e-09,1.06394e-09,0.521126,0.0280697,0.491411,0.0108863,0.0340156,0.0114105,0.022605,,best_validation_checkpoint_1.bin
2584,1990,rejected,1,2.10285e-06,8.91885e-09,5.2177e-10,5.2177e-10,1.06394e-09,1.06394e-09,0.471007,0.0283946,0.440975,0.0111633,0.0114057,0.0114056,0,,
2585,1991,accepted,0,2.10285e-06,4.45942e-09,5.21575e-10,5.21575e-10,1.06306e-09,1.06306e-09,0,0,0,0.0118514,0.0339232,0.0113782,0.0225449,,best_validation_checkpoint_0.bin
2586,1992,accepted,1,8.87196e-08,2.22971e-09,5.21346e-10,5.21346e-10,1.0629e-09,1.0629e-09,0.497752,0.0290082,0.467057,0.0101522,0.0337803,0.0113117,0.0224684,,best_validation_checkpoint_1.bin
2587,1993,accepted,1,3.41235e-07,1.11486e-09,5.20918e-10,5.20918e-10,1.06277e-09,1.06277e-09,0.487729,0.0295322,0.456489,0.0104528,0.0336561,0.0112349,0.0224211,,best_validation_checkpoint_0.bin
2588,1994,accepted,1,1.35394e-06,5.57428e-10,5.20478e-10,5.20478e-10,1.06358e-09,1.06277e-09,0.515603,0.0287219,0.485324,0.0110309,0.0331714,0.0112902,0.021881,,
2589,1994,rejected,1,5.33923e-06,5.57428e-09,5.20478e-10,5.20478e-10,1.06358e-09,1.06277e-09,0.504157,0.0282401,0.474255,0.0123766,0.0113207,0.0113207,0,,
2590,1995,accepted,0,5.33923e-06,2.78714e-09,5.19793e-10,5.19793e-10,1.06115e-09,1.06115e-09,0,0,0,0.0110099,0.0340069,0.0114215,0.0225852,,best_validation_checkpoint_1.bin
2591,1996,accepted,1,2.28792e-07,1.39357e-09,5.19442e-10,5.19442e-10,1.061e-09,1.061e-09,0.499792,0.0288943,0.469283,0.0103157,0.0336983,0.0112676,0.0224306,,best_validation_checkpoint_0.bin
2592,1997,accepted,1,8.73051e-07,6.96785e-10,5.18912e-10,5.18912e-10,1.06128e-09,1.061e-09,0.523828,0.0289397,0.493262,0.0098045,0.0339802,0.0112601,0.0227201,,
2593,1997,rejected,1,3.45249e-06,6.96785e-09,5.18912e-10,5.18912e-10,1.06128e-09,1.061e-09,0.501061,0.0286578,0.470697,0.0103518,0.0113023,0.0113022,0,,
2594,1998,accepted,0,3.45249e-06,3.48392e-09,5.18561e-10,5.18561e-10,1.05981e-09,1.05981e-09,0,0,0,0.011021,0.0337611,0.0114621,0.0222988,,best_validation_checkpoint_1.bin
2595,1999,accepted,1,1.46649e-07,1.74196e-09,5.18277e-10,5.18277e-10,1.05966e-09,1.05966e-09,0.517699,0.0307945,0.485295,0.0109607,0.034004,0.0114208,0.0225831,,best_validation_checkpoint_0.bin
2596,2000,accepted,1,5.62065e-07,8.70981e-10,5.17781e-10,5.17781e-10,1.05969e-09,1.05966e-09,0.483621,0.0288519,0.453043,0.0098886,0.0334332,0.011209,0.0222241,,
2597,2000,rejected,1,2.22644e-06,8.70981e-09,5.17781e-10,5.17781e-10,1.05969e-09,1.05966e-09,0.504884,0.0291736,0.474109,0.0109247,0.0113094,0.0113093,0,,
2598,2001,accepted,0,2.22644e-06,4.3549e-09,5.17582e-10,5.17582e-10,1.05878e-09,1.05878e-09,0,0,0,0.0110883,0.0339639,0.0113334,0.0226305,,best_validation_checkpoint_1.bin
2599,2002,accepted,1,9.38677e-08,2.17745e-09,5.17354e-10,5.17354e-10,1.05863e-09,1.05863e-09,0.481899,0.0294236,0.450847,0.0103169,0.0337872,0.0112113,0.0225758,,best_validation_checkpoint_0.bin
2600,2003,accepted,1,3.61339e-07,1.08873e-09,5.16929e-10,5.16929e-10,1.05855e-09,1.05855e-09,0.498058,0.0279674,0.468459,0.0102007,0.033857,0.011343,0.022514,,best_validation_checkpoint_1.bin
2601,2004,accepted,1,1.43304e-06,5.44363e-10,5.16519e-10,5.16519e-10,1.0595e-09,1.05855e-09,0.506402,0.0286793,0.476094,0.0103294,0.0340483,0.0113197,0.0227284,,
2602,2004,rejected,1,5.65005e-06,5.44363e-09,5.16519e-10,5.16519e-10,1.0595e-09,1.05855e-09,0.511181,0.0287278,0.480708,0.0112862,0.0113999,0.0113998,0,,
2603,2005,accepted,0,5.65005e-06,2.72182e-09,5.15805e-10,5.15805e-10,1.05698e-09,1.05698e-09,0,0,0,0.0105759,0.0341434,0.0112454,0.022898,,best_validation_checkpoint_0.bin
2604,2006,accepted,1,2.42134e-07,1.36091e-09,5.15455e-10,5.15455e-10,1.05686e-09,1.05686e-09,0.50294,0.0291924,0.472079,0.0114182,0.0339083,0.0113006,0.0226075,,best_validation_checkpoint_1.bin
2605,2007,accepted,1,9.24024e-07,6.80454e-10,5.14939e-10,5.14939e-10,1.05724e-09,1.05686e-09,0.513785,0.0293004,0.482844,0.0105437,0.0338834,0.0112718,0.0226116,,
2606,2007,rejected,1,3.65091e-06,6.80454e-09,5.14939e-10,5.14939e-10,1.05724e-09,1.05686e-09,0.498843,0.028125,0.469132,0.0098752,0.0112335,0.0112333,0,,
2607,2008,accepted,0,3.65091e-06,3.40227e-09,5.14576e-10,5.14576e-10,1.05572e-09,1.05572e-09,0,0,0,0.0106365,0.0341159,0.0113235,0.0227923,,best_validation_checkpoint_0.bin
2608,2009,accepted,1,1.55055e-07,1.70113e-09,5.14294e-10,5.14294e-10,1.0556e-09,1.0556e-09,0.516693,0.0322177,0.482894,0.0104653,0.0339978,0.0113022,0.0226956,,best_validation_checkpoint_1.bin
2609,2010,accepted,1,5.94395e-07,8.50567e-10,5.13804e-10,5.13804e-10,1.0557e-09,1.0556e-09,0.508007,0.0285239,0.477774,0.0115697,0.0337995,0.0112965,0.0225029,,
2610,2010,rejected,1,2.35268e-06,8.50567e-09,5.13804e-10,5.13804e-10,1.0557e-09,1.0556e-09,0.505227,0.0287566,0.474904,0.0109933,0.0112969,0.0112967,0,,
2611,2011,accepted,0,2.35268e-06,4.25284e-09,5.136e-10,5.136e-10,1.05476e-09,1.05476e-09,0,0,0,0.0104151,0.0338467,0.0113191,0.0225276,,best_validation_checkpoint_0.bin
2612,2012,accepted,1,9.91652e-08,2.12642e-09,5.13373e-10,5.13373e-10,1.05464e-09,1.05464e-09,0.485812,0.0307612,0.453332,0.010575,0.033594,0.0112692,0.0223247,,best_validation_checkpoint_1.bin
2613,2013,accepted,1,3.81857e-07,1.06321e-09,5.12951e-10,5.12951e-10,1.0546e-09,1.0546e-09,0.487595,0.0284281,0.457462,0.011277,0.0339383,0.011355,0.0225832,,best_validation_checkpoint_0.bin
2614,2014,accepted,1,1.5134e-06,5.31605e-10,5.12572e-10,5.12572e-10,1.05571e-09,1.0546e-09,0.527217,0.0286267,0.496863,0.0110369,0.0337508,0.0112537,0.022497,,
2615,2014,rejected,1,5.96393e-06,5.31605e-09,5.12572e-10,5.12572e-10,1.05571e-09,1.0546e-09,0.512415,0.0288468,0.481919,0.0116933,0.0112275,0.0112271,0,,
2616,2015,accepted,0,5.96393e-06,2.65802e-09,5.11828e-10,5.11828e-10,1.05309e-09,1.05309e-09,0,0,0,0.0103986,0.033865,0.0112881,0.0225768,,best_validation_checkpoint_1.bin
2617,2016,accepted,1,2.5573e-07,1.32901e-09,5.1148e-10,5.1148e-10,1.05301e-09,1.05301e-09,0.496731,0.0303305,0.464782,0.010531,0.0338429,0.0112294,0.0226134,,best_validation_checkpoint_0.bin
2618,2017,accepted,1,9.75477e-07,6.64506e-10,5.10978e-10,5.10978e-10,1.05349e-09,1.05301e-09,0.486839,0.0291769,0.455951,0.0100574,0.0339721,0.0113728,0.0225993,,
2619,2017,rejected,1,3.85013e-06,6.64506e-09,5.10978e-10,5.10978e-10,1.05349e-09,1.05301e-09,0.487156,0.0292133,0.456153,0.0119742,0.011306,0.0113057,0,,
2620,2018,accepted,0,3.85013e-06,3.32253e-09,5.10603e-10,5.10603e-10,1.05192e-09,1.05192e-09,0,0,0,0.0109642,0.0338825,0.0114142,0.0224682,,best_validation_checkpoint_1.bin
2621,2019,accepted,1,1.63568e-07,1.66126e-09,5.10321e-10,5.10321e-10,1.05182e-09,1.05182e-09,0.507361,0.0285979,0.477123,0.0116358,0.0334818,0.0112743,0.0222074,,best_validation_checkpoint_0.bin
2622,2020,accepted,1,6.26864e-07,8.30632e-10,5.09838e-10,5.09838e-10,1.05199e-09,1.05182e-09,0.497916,0.0294042,0.466904,0.0105001,0.0338966,0.0112699,0.0226265,,
2623,2020,rejected,1,2.47885e-06,8.30632e-09,5.09838e-10,5.09838e-10,1.05199e-09,1.05182e-09,0.513073,0.0282179,0.483146,0.0114823,0.0112997,0.0112997,0,,
2624,2021,accepted,0,2.47885e-06,4.15316e-09,5.09629e-10,5.09629e-10,1.05102e-09,1.05102e-09,0,0,0,0.0102614,0.0336894,0.011208,0.0224812,,best_validation_checkpoint_1.bin
2625,2022,accepted,1,1.04506e-07,2.07658e-09,5.09403e-10,5.09403e-10,1.05092e-09,1.05092e-09,0.522197,0.0289757,0.491604,0.0112598,0.0323474,0.0101747,0.0221726,,best_validation_checkpoint_0.bin
2626,2023,accepted,1,4.0238e-07,1.03829e-09,5.08984e-10,5.08984e-10,1.05094e-09,1.05092e-09,0.506603,0.0280475,0.476652,0.0100288,0.0345748,0.011463,0.0231117,,
2627,2024,accepted,1,1.59344e-06,5.19145e-10,5.08638e-10,5.08638e-10,1.0522e-09,1.05092e-09,0.496577,0.0284816,0.46642,0.011483,0.033923,0.0113185,0.0226045,,
2628,2024,rejected,1,6.27487e-06,5.19145e-09,5.08638e-10,5.08638e-10,1.0522e-09,1.05092e-09,0.522388,0.0284597,0.49238,0.010318,0.0105411,0.0105409,0,,
2629,2025,accepted,0,6.27487e-06,2.59573e-09,5.07862e-10,5.07862e-10,1.04948e-09,1.04948e-09,0,0,0,0.0105232,0.0338011,0.0112553,0.0225457,,best_validation_checkpoint_1.bin
2630,2026,accepted,1,2.69356e-07,1.29786e-09,5.07516e-10,5.07516e-10,1.04945e-09,1.04945e-09,0.504096,0.0290196,0.473395,0.0106342,0.0336911,0.0112935,0.0223974,,best_validation_checkpoint_0.bin
2631,2027,accepted,1,1.02648e-06,6.48931e-10,5.07028e-10,5.07028e-10,1.05003e-09,1.04945e-09,0.49961,0.0282223,0.469687,0.011341,0.0340875,0.0113179,0.0227695,,
2632,2027,rejected,1,4.04645e-06,6.48931e-09,5.07028e-10,5.07028e-10,1.05003e-09,1.04945e-09,0.524773,0.0286311,0.494439,0.0113364,0.0114177,0.0114176,0,,
2633,2028,accepted,0,4.04645e-06,3.24466e-09,5.0664e-10,5.0664e-10,1.04841e-09,1.04841e-09,0,0,0,0.0117046,0.0340701,0.0114049,0.0226651,,best_validation_checkpoint_1.bin
2634,2029,accepted,1,1.72052e-07,1.62233e-09,5.0636e-10,5.0636e-10,1.04834e-09,1.04834e-09,0.494866,0.0285232,0.464682,0.0099343,0.0340266,0.0112025,0.0228239,,best_validation_checkpoint_0.bin
2635,2030,accepted,1,6.58892e-07,8.11164e-10,5.05884e-10,5.05884e-10,1.04859e-09,1.04834e-09,0.480317,0.0293713,0.449313,0.0099028,0.0337001,0.0113236,0.0223765,,
2636,2030,rejected,1,2.60265e-06,8.11164e-09,5.05884e-10,5.05884e-10,1.04859e-09,1.04834e-09,0.486654,0.0282766,0.456597,0.0103028,0.0102646,0.0102645,0,,
2637,2031,accepted,0,2.60265e-06,4.05582e-09,5.05669e-10,5.05669e-10,1.04759e-09,1.04759e-09,0,0,0,0.0103341,0.0322829,0.0113243,0.0209585,,best_validation_checkpoint_1.bin
2638,2032,accepted,1,1.09803e-07,2.02791e-09,5.05444e-10,5.05444e-10,1.04751e-09,1.04751e-09,0.488378,0.0288394,0.457896,0.0102288,0.0341083,0.0112702,0.0228381,,best_validation_checkpoint_0.bin
2639,2033,accepted,1,4.22551e-07,1.01396e-09,5.05028e-10,5.05028e-10,1.04758e-09,1.04751e-09,0.506747,0.028968,0.476167,0.0099978,0.0307768,0.0102367,0.02054,,
2640,2034,accepted,1,1.67172e-06,5.06978e-10,5.04717e-10,5.04717e-10,1.04901e-09,1.04751e-09,0.487379,0.0305734,0.455111,0.0100419,0.0338761,0.0112559,0.0226202,,
2641,2034,rejected,1,6.57737e-06,5.06978e-09,5.04717e-10,5.04717e-10,1.04901e-09,1.04751e-09,0.515848,0.0285743,0.485574,0.0108466,0.0114119,0.0114117,0,,
2642,2035,accepted,0,6.57737e-06,2.53489e-09,5.03908e-10,5.03908e-10,1.04619e-09,1.04619e-09,0,0,0,0.0105926,0.0341008,0.0113945,0.0227061,,best_validation_checkpoint_1.bin
2643,2036,accepted,1,2.82816e-07,1.26744e-09,5.03564e-10,5.03564e-10,1.04619e-09,1.04619e-09,0.500179,0.0301739,0.468241,0.0115088,0.034009,0.0114206,0.0225883,,
2644,2037,accepted,1,1.07617e-06,6.33722e-10,5.03091e-10,5.03091e-10,1.04689e-09,1.04619e-09,0.480803,0.028321,0.450851,0.010661,0.0340493,0.0113413,0.0227079,,
2645,2037,rejected,1,4.23657e-06,6.33722e-09,5.03091e-10,5.03091e-10,1.04689e-09,1.04619e-09,0.472299,0.0287041,0.441852,0.0105319,0.0112313,0.0112312,0,,
2646,2038,accepted,0,4.23657e-06,3.16861e-09,5.02689e-10,5.02689e-10,1.04521e-09,1.04521e-09,0,0,0,0.0103445,0.0342142,0.0113594,0.0228548,,best_validation_checkpoint_0.bin
2647,2039,accepted,1,1.80387e-07,1.58431e-09,5.0241e-10,5.0241e-10,1.04518e-09,1.04518e-09,0.469963,0.0317204,0.436518,0.0106689,0.0339593,0.0113045,0.0226547,,best_validation_checkpoint_1.bin
2648,2040,accepted,1,6.89963e-07,7.92153e-10,5.0194e-10,5.0194e-10,1.0455e-09,1.04518e-09,0.514942,0.0289168,0.484318,0.0110263,0.0341543,0.0115008,0.0226533,,
2649,2040,rejected,1,2.7221e-06,7.92153e-09,5.0194e-10,5.0194e-10,1.0455e-09,1.04518e-09,0.527798,0.0282341,0.49787,0.010681,0.0113056,0.0113056,0,,
2650,2041,accepted,0,2.7221e-06,3.96076e-09,5.01721e-10,5.01721e-10,1.04448e-09,1.04448e-09,0,0,0,0.0113368,0.0339215,0.0114205,0.0225008,,best_validation_checkpoint_0.bin
2651,2042,accepted,1,1.14984e-07,1.98038e-09,5.01496e-10,5.01496e-10,1.04443e-09,1.04443e-09,0.501108,0.0300109,0.469311,0.0099385,0.0338541,0.0113704,0.0224836,,best_validation_checkpoint_1.bin
2652,2043,accepted,1,4.42054e-07,9.90191e-10,5.01084e-10,5.01084e-10,1.04455e-09,1.04443e-09,0.499095,0.0284758,0.468962,0.0109816,0.0341387,0.011454,0.0226845,,
2653,2044,accepted,1,1.74704e-06,4.95095e-10,5.00807e-10,5.00807e-10,1.04614e-09,1.04443e-09,0.512605,0.0291001,0.481796,0.0107185,0.0339568,0.0113146,0.0226421,,
2654,2044,rejected,1,6.86692e-06,4.95095e-09,5.00807e-10,5.00807e-10,1.04614e-09,1.04443e-09,0.496543,0.0279998,0.466906,0.0102355,0.0112869,0.0112868,0,,
2655,2045,accepted,0,6.86692e-06,2.47548e-09,4.99964e-10,4.99964e-10,1.04322e-09,1.04322e-09,0,0,0,0.0119998,0.0339326,0.0114919,0.0224406,,best_validation_checkpoint_0.bin
2656,2046,accepted,1,2.95936e-07,1.23774e-09,4.99622e-10,4.99622e-10,1.04327e-09,1.04322e-09,0.50489,0.0282139,0.474966,0.0109612,0.0339137,0.0113906,0.022523,,
2657,2047,accepted,1,1.12384e-06,6.18869e-10,4.99164e-10,4.99164e-10,1.04408e-09,1.04322e-09,0.492998,0.0286504,0.462567,0.0109955,0.0340077,0.0114067,0.0226008,,
2658,2047,rejected,1,4.41778e-06,6.18869e-09,4.99164e-10,4.99164e-10,1.04408e-09,1.04322e-09,0.494802,0.0293296,0.463639,0.0113845,0.0115291,0.011529,0,,
2659,2048,accepted,0,4.41778e-06,3.09435e-09,4.98749e-10,4.98749e-10,1.04235e-09,1.04235e-09,0,0,0,0.0107189,0.0337078,0.0112871,0.0224206,,best_validation_checkpoint_1.bin
2660,2049,accepted,1,1.8847e-07,1.54717e-09,4.98471e-10,4.98471e-10,1.04235e-09,1.04235e-09,0.494592,0.02947,0.46338,0.0113379,0.0340609,0.0115188,0.0225421,,best_validation_checkpoint_0.bin
2661,2050,accepted,1,7.19666e-07,7.73587e-10,4.98008e-10,4.98008e-10,1.04275e-09,1.04235e-09,0.499833,0.0288098,0.469091,0.010585,0.0337263,0.0113165,0.0224098,,
2662,2050,rejected,1,2.83561e-06,7.73587e-09,4.98008e-10,4.98008e-10,1.04275e-09,1.04235e-09,0.490111,0.0285976,0.459808,0.0104161,0.0113106,0.0113105,0,,
2663,2051,accepted,0,2.83561e-06,3.86793e-09,4.97783e-10,4.97783e-10,1.0417e-09,1.0417e-09,0,0,0,0.0099027,0.0318043,0.011156,0.0206482,,best_validation_checkpoint_1.bin
2664,2052,accepted,1,1.19986e-07,1.93397e-09,4.97559e-10,4.97559e-10,1.04167e-09,1.04167e-09,0.499167,0.0288337,0.468669,0.0096956,0.0339465,0.0112529,0.0226934,,best_validation_checkpoint_0.bin
2665,2053,accepted,1,4.60638e-07,9.66983e-10,4.97151e-10,4.97151e-10,1.04186e-09,1.04167e-09,0.4898,0.0283472,0.459785,0.0098902,0.0337456,0.0112269,0.0225185,,
2666,2054,accepted,1,1.81841e-06,4.83492e-10,4.9691e-10,4.9691e-10,1.04362e-09,1.04167e-09,0.503938,0.0285852,0.473579,0.0106459,0.0337803,0.0113788,0.0224014,,
2667,2054,rejected,1,7.13982e-06,4.83492e-09,4.9691e-10,4.9691e-10,1.04362e-09,1.04167e-09,0.494052,0.0287099,0.463684,0.0106264,0.0113798,0.0113796,0,,
2668,2055,accepted,0,7.13982e-06,2.41746e-09,4.96031e-10,4.96031e-10,1.0406e-09,1.0406e-09,0,0,0,0.0116603,0.033924,0.0112503,0.0226736,,best_validation_checkpoint_1.bin
2669,2056,accepted,1,3.08585e-07,1.20873e-09,4.95691e-10,4.95691e-10,1.04069e-09,1.0406e-09,0.503482,0.0304402,0.471399,0.0103964,0.0338108,0.0112328,0.0225779,,
2670,2057,accepted,1,1.16895e-06,6.04364e-10,4.95249e-10,4.95249e-10,1.04162e-09,1.0406e-09,0.51407,0.0294299,0.483022,0.0100235,0.0326532,0.0113085,0.0213446,,
2671,2057,rejected,1,4.58814e-06,6.04364e-09,4.95249e-10,4.95249e-10,1.04162e-09,1.0406e-09,0.49911,0.029307,0.46815,0.0109213,0.0112607,0.0112604,0,,
2672,2058,accepted,0,4.58814e-06,3.02182e-09,4.94819e-10,4.94819e-10,1.03983e-09,1.03983e-09,0,0,0,0.0114211,0.0326012,0.011251,0.0213502,,best_validation_checkpoint_0.bin
2673,2059,accepted,1,1.96224e-07,1.51091e-09,4.94542e-10,4.94542e-10,1.03987e-09,1.03983e-09,0.5163,0.0294685,0.485138,0.009659,0.0340429,0.0114526,0.0225901,,
2674,2060,accepted,1,7.47683e-07,7.55456e-10,4.94086e-10,4.94086e-10,1.04035e-09,1.03983e-09,0.493636,0.0286083,0.463383,0.0114911,0.0339224,0.0113026,0.0226197,,
2675,2060,rejected,1,2.94202e-06,7.55456e-09,4.94086e-10,4.94086e-10,1.04035e-09,1.03983e-09,0.498012,0.0286402,0.467494,0.011203,0.0112792,0.0112791,0,,
2676,2061,accepted,0,2.94202e-06,3.77728e-09,4.93856e-10,4.93856e-10,1.03927e-09,1.03927e-09,0,0,0,0.0113987,0.0335983,0.0112279,0.0223703,,best_validation_checkpoint_1.bin
2677,2062,accepted,1,1.24764e-07,1.88864e-09,4.93632e-10,4.93632e-10,1.03927e-09,1.03927e-09,0.50947,0.0285432,0.479216,0.0103373,0.0338677,0.0114067,0.022461,,
2678,2063,accepted,1,4.78125e-07,9.44319e-10,4.93227e-10,4.93227e-10,1.03951e-09,1.03927e-09,0.492981,0.0284072,0.462947,0.0105564,0.0338951,0.0113113,0.0225837,,
2679,2064,accepted,1,1.88519e-06,4.7216e-10,4.93023e-10,4.93023e-10,1.04145e-09,1.03927e-09,0.492305,0.028122,0.462286,0.0104752,0.0336413,0.0113145,0.0223266,,
2680,2064,rejected,1,7.3939e-06,4.7216e-09,4.93023e-10,4.93023e-10,1.04145e-09,1.03927e-09,0.495618,0.0281984,0.465705,0.0106445,0.0114358,0.0114358,0,,
2681,2065,accepted,0,7.3939e-06,2.3608e-09,4.92108e-10,4.92108e-10,1.03833e-09,1.03833e-09,0,0,0,0.0112045,0.0336907,0.0112778,0.0224128,,best_validation_checkpoint_0.bin
2682,2066,accepted,1,3.20654e-07,1.1804e-09,4.91769e-10,4.91769e-10,1.03847e-09,1.03833e-09,0.496601,0.0293065,0.465577,0.010237,0.0339859,0.0113335,0.0226523,,
2683,2067,accepted,1,1.21115e-06,5.902e-10,4.91343e-10,4.91343e-10,1.03951e-09,1.03833e-09,0.488539,0.0287102,0.458177,0.0117037,0.0341314,0.0114434,0.0226879,,
2684,2067,rejected,1,4.74638e-06,5.902e-09,4.91343e-10,4.91343e-10,1.03951e-09,1.03833e-09,0.50424,0.028276,0.474279,0.0108405,0.0114353,0.0114351,0,,
2685,2068,accepted,0,4.74638e-06,2.951e-09,4.90899e-10,4.90899e-10,1.03767e-09,1.03767e-09,0,0,0,0.0116672,0.0340829,0.0115521,0.0225308,,best_validation_checkpoint_1.bin
2686,2069,accepted,1,2.0359e-07,1.4755e-09,4.90623e-10,4.90623e-10,1.03774e-09,1.03767e-09,0.511278,0.0288268,0.480771,0.0105001,0.0337546,0.0112799,0.0224746,,
2687,2070,accepted,1,7.73828e-07,7.3775e-10,4.90174e-10,4.90174e-10,1.03831e-09,1.03767e-09,0.496121,0.0287599,0.465749,0.0094929,0.0340261,0.0113502,0.0226759,,
2688,2070,rejected,1,3.04063e-06,7.3775e-09,4.90174e-10,4.90174e-10,1.03831e-09,1.03767e-09,0.492091,0.0283008,0.461996,0.0108931,0.0113951,0.0113951,0,,
2689,2071,accepted,0,3.04063e-06,3.68875e-09,4.89937e-10,4.89937e-10,1.0372e-09,1.0372e-09,0,0,0,0.0104852,0.0337334,0.0114189,0.0223144,,best_validation_checkpoint_0.bin
2690,2072,accepted,1,1.29285e-07,1.84437e-09,4.89715e-10,4.89715e-10,1.03723e-09,1.0372e-09,0.4675,0.0288946,0.437001,0.0116918,0.0338128,0.0112773,0.0225355,,
2691,2073,accepted,1,4.94413e-07,9.22187e-10,4.89313e-10,4.89313e-10,1.03753e-09,1.0372e-09,0.521412,0.0284622,0.491242,0.0107307,0.0337716,0.0113619,0.0224095,,
2692,2074,accepted,1,1.94699e-06,4.61093e-10,4.89147e-10,4.89147e-10,1.03966e-09,1.0372e-09,0.520091,0.0285136,0.489927,0.0107942,0.0339388,0.0114451,0.0224936,,
2693,2074,rejected,1,7.62793e-06,4.61093e-09,4.89147e-10,4.89147e-10,1.03966e-09,1.0372e-09,0.477473,0.0286618,0.44718,0.0107488,0.0112482,0.0112479,0,,
2694,2075,accepted,0,7.62793e-06,2.30547e-09,4.88194e-10,4.88194e-10,1.03642e-09,1.03642e-09,0,0,0,0.0106857,0.0341517,0.0114038,0.0227479,,best_validation_checkpoint_1.bin
2695,2076,accepted,1,3.32081e-07,1.15273e-09,4.87857e-10,4.87857e-10,1.03661e-09,1.03642e-09,0.516553,0.033651,0.481189,0.0114822,0.032516,0.011309,0.021207,,
2696,2077,accepted,1,1.25025e-06,5.76367e-10,4.87447e-10,4.87447e-10,1.03778e-09,1.03642e-09,0.487935,0.0289743,0.457275,0.0111638,0.0339333,0.0113321,0.0226011,,
2697,2077,rejected,1,4.89193e-06,5.76367e-09,4.87447e-10,4.87447e-10,1.03778e-09,1.03642e-09,0.490882,0.028295,0.460899,0.0105239,0.0112451,0.0112449,0,,
2698,2078,accepted,0,4.89193e-06,2.88183e-09,4.86987e-10,4.86987e-10,1.03589e-09,1.03589e-09,0,0,0,0.0108944,0.0305061,0.0101808,0.0203252,,best_validation_checkpoint_0.bin
2699,2079,accepted,1,2.10536e-07,1.44092e-09,4.86712e-10,4.86712e-10,1.03599e-09,1.03589e-09,0.501251,0.0287139,0.470939,0.0106611,0.0340687,0.0114485,0.0226201,,
2700,2080,accepted,1,7.98016e-07,7.20459e-10,4.86271e-10,4.86271e-10,1.03665e-09,1.03589e-09,0.49113,0.028605,0.46086,0.0108871,0.03376,0.0113602,0.0223997,,
2701,2080,rejected,1,3.13126e-06,7.20459e-09,4.86271e-10,4.86271e-10,1.03665e-09,1.03589e-09,0.485256,0.0283433,0.455288,0.010742,0.0113066,0.0113066,0,,
2702,2081,accepted,0,3.13126e-06,3.60229e-09,4.86028e-10,4.86028e-10,1.03551e-09,1.03551e-09,0,0,0,0.0118735,0.0338849,0.0112993,0.0225854,,best_validation_checkpoint_1.bin
2703,2082,accepted,1,1.33533e-07,1.80115e-09,4.85806e-10,4.85806e-10,1.03556e-09,1.03551e-09,0.459239,0.0296547,0.427884,0.0101133,0.0334972,0.0112168,0.0222804,,
2704,2083,accepted,1,5.09461e-07,9.00573e-10,4.85407e-10,4.85407e-10,1.03593e-09,1.03551e-09,0.505724,0.028612,0.475459,0.0105974,0.0334652,0.0112221,0.0222431,,
2705,2084,accepted,1,2.0037e-06,4.50287e-10,4.8528e-10,4.8528e-10,1.03825e-09,1.03551e-09,0.481436,0.0296516,0.450017,0.0107349,0.0339202,0.0112851,0.0226349,,
2706,2084,rejected,1,7.84174e-06,4.50287e-09,4.8528e-10,4.8528e-10,1.03825e-09,1.03551e-09,0.475231,0.0286734,0.444906,0.0117419,0.0112498,0.0112497,0,,
2707,2085,accepted,0,7.84174e-06,2.25143e-09,4.84287e-10,4.84287e-10,1.0349e-09,1.0349e-09,0,0,0,0.0110542,0.0339148,0.0114578,0.022457,,best_validation_checkpoint_0.bin
2708,2086,accepted,1,3.42832e-07,1.12572e-09,4.83952e-10,4.83952e-10,1.03514e-09,1.0349e-09,0.513174,0.0289459,0.482567,0.0115402,0.0338173,0.0114236,0.0223936,,
2709,2087,accepted,1,1.28626e-06,5.62858e-10,4.83559e-10,4.83559e-10,1.03644e-09,1.0349e-09,0.510161,0.0281589,0.480334,0.0115069,0.0340608,0.0114676,0.0225931,,
2710,2087,rejected,1,5.02494e-06,5.62858e-09,4.83559e-10,4.83559e-10,1.03644e-09,1.0349e-09,0.488222,0.0288069,0.457478,0.0103076,0.0116192,0.0116191,0,,
2711,2088,accepted,0,5.02494e-06,2.81429e-09,4.83083e-10,4.83083e-10,1.03448e-09,1.03448e-09,0,0,0,0.0106968,0.0343025,0.0116109,0.0226916,,best_validation_checkpoint_1.bin
2712,2089,accepted,1,2.17047e-07,1.40715e-09,4.82808e-10,4.82808e-10,1.03463e-09,1.03448e-09,0.511939,0.0302925,0.479982,0.0107774,0.034156,0.0114181,0.0227378,,
2713,2090,accepted,1,8.20269e-07,7.03573e-10,4.82374e-10,4.82374e-10,1.03537e-09,1.03448e-09,0.498982,0.0282122,0.469073,0.0116758,0.0339806,0.0113035,0.0226771,,
2714,2090,rejected,1,3.21402e-06,7.03573e-09,4.82374e-10,4.82374e-10,1.03537e-09,1.03448e-09,0.492499,0.0283685,0.462588,0.0110226,0.0113302,0.0113302,0,,
2715,2091,accepted,0,3.21402e-06,3.51786e-09,4.82125e-10,4.82125e-10,1.0342e-09,1.0342e-09,0,0,0,0.0104055,0.0338812,0.0113448,0.0225363,,best_validation_checkpoint_0.bin
2716,2092,accepted,1,1.37503e-07,1.75893e-09,4.81903e-10,4.81903e-10,1.03429e-09,1.0342e-09,0.500376,0.0289701,0.469757,0.0101316,0.0337772,0.0112695,0.0225076,,
2717,2093,accepted,1,5.23291e-07,8.79466e-10,4.81508e-10,4.81508e-10,1.03472e-09,1.0342e-09,0.491015,0.0287297,0.460522,0.0107875,0.0338276,0.011269,0.0225586,,
2718,2094,accepted,1,2.05548e-06,4.39733e-10,4.81421e-10,4.81421e-10,1.03723e-09,1.0342e-09,0.504357,0.0284036,0.474356,0.0125161,0.0339525,0.0112417,0.0227107,,
2719,2094,rejected,1,8.03608e-06,4.39733e-09,4.81421e-10,4.81421e-10,1.03723e-09,1.0342e-09,0.488333,0.028526,0.458094,0.0109419,0.0112435,0.0112435,0,,
2720,2095,accepted,0,8.03608e-06,2.19867e-09,4.80387e-10,4.80387e-10,1.03376e-09,1.03376e-09,0,0,0,0.011251,0.0337042,0.0112622,0.0224419,,best_validation_checkpoint_1.bin
2721,2096,accepted,1,3.52891e-07,1.09933e-09,4.80054e-10,4.80054e-10,1.03405e-09,1.03376e-09,0.479921,0.0293387,0.448792,0.011793,0.0339125,0.0115119,0.0224006,,
2722,2097,accepted,1,1.31926e-06,5.49666e-10,4.79677e-10,4.79677e-10,1.03548e-09,1.03376e-09,0.494279,0.0283165,0.464236,0.0104003,0.0338743,0.0115102,0.022364,,
2723,2097,rejected,1,5.14595e-06,5.49666e-09,4.79677e-10,4.79677e-10,1.03548e-09,1.03376e-09,0.485434,0.0281254,0.455705,0.0105258,0.0113575,0.0113575,0,,
2724,2098,accepted,0,5.14595e-06,2.74833e-09,4.79184e-10,4.79184e-10,1.03347e-09,1.03347e-09,0,0,0,0.010639,0.0339534,0.0113156,0.0226376,,best_validation_checkpoint_0.bin
2725,2099,accepted,1,2.23121e-07,1.37417e-09,4.78911e-10,4.78911e-10,1.03365e-09,1.03347e-09,0.506905,0.0305124,0.474579,0.0098604,0.0341,0.0114593,0.0226406,,
2726,2100,accepted,1,8.40651e-07,6.87083e-10,4.78484e-10,4.78484e-10,1.03449e-09,1.03347e-09,0.491775,0.0282976,0.461788,0.0119591,0.0338348,0.0112795,0.0225553,,
2727,2100,rejected,1,3.28929e-06,6.87083e-09,4.78484e-10,4.78484e-10,1.03449e-09,1.03347e-09,0.484913,0.0296848,0.453507,0.0104558,0.01129,0.0112898,0,,
2728,2101,accepted,0,3.28929e-06,3.43541e-09,4.78228e-10,4.78228e-10,1.03328e-09,1.03328e-09,0,0,0,0.0108116,0.0341729,0.0112991,0.0228737,,best_validation_checkpoint_1.bin
2729,2102,accepted,1,1.41192e-07,1.71771e-09,4.78007e-10,4.78007e-10,1.0334e-09,1.03328e-09,0.500038,0.0309767,0.467384,0.0113352,0.0337519,0.0112893,0.0224626,,
2730,2103,accepted,1,5.3595e-07,8.58854e-10,4.77615e-10,4.77615e-10,1.0339e-09,1.03328e-09,0.486946,0.0283255,0.456959,0.01115,0.0341803,0.0112865,0.0228936,,
2731,2104,accepted,1,2.10256e-06,4.29427e-10,4.7757e-10,4.7757e-10,1.0366e-09,1.03328e-09,0.510517,0.0299563,0.478887,0.01071,0.0340079,0.0113568,0.0226511,,
2732,2104,rejected,1,8.21183e-06,4.29427e-09,4.7757e-10,4.7757e-10,1.0366e-09,1.03328e-09,0.482624,0.0292527,0.451659,0.0105742,0.0113804,0.0113801,0,,
2733,2105,accepted,0,8.21183e-06,2.14713e-09,4.76492e-10,4.76492e-10,1.03302e-09,1.03302e-09,0,0,0,0.0113605,0.0335293,0.0112789,0.0222504,,best_validation_checkpoint_0.bin
2734,2106,accepted,1,3.62244e-07,1.07357e-09,4.7616e-10,4.7616e-10,1.03337e-09,1.03302e-09,0.50602,0.0300754,0.474203,0.0129396,0.033756,0.0113025,0.0224535,,
2735,2107,accepted,1,1.34936e-06,5.36783e-10,4.75801e-10,4.75801e-10,1.03493e-09,1.03302e-09,0.511413,0.0283858,0.481406,0.0097049,0.0342107,0.0116398,0.0225709,,
2736,2107,rejected,1,5.25552e-06,5.36783e-09,4.75801e-10,4.75801e-10,1.03493e-09,1.03302e-09,0.460064,0.0296112,0.428743,0.0102887,0.011233,0.0112327,0,,
2737,2108,accepted,0,5.25552e-06,2.68392e-09,4.75291e-10,4.75291e-10,1.03285e-09,1.03285e-09,0,0,0,0.0116032,0.033829,0.0114628,0.0223661,,best_validation_checkpoint_1.bin
2738,2109,accepted,1,2.28746e-07,1.34196e-09,4.75018e-10,4.75018e-10,1.03307e-09,1.03285e-09,0.50675,0.0291082,0.476029,0.0107181,0.0338201,0.0112606,0.0225595,,
2739,2110,accepted,1,8.59231e-07,6.70979e-10,4.74598e-10,4.74598e-10,1.034e-09,1.03285e-09,0.486844,0.0282948,0.456852,0.0109614,0.0337709,0.0112113,0.0225596,,
2740,2110,rejected,1,3.35737e-06,6.70979e-09,4.74598e-10,4.74598e-10,1.034e-09,1.03285e-09,0.489329,0.0285453,0.459068,0.0109957,0.011218,0.0112179,0,,
2741,2111,accepted,0,3.35737e-06,3.3549e-09,4.74335e-10,4.74335e-10,1.03276e-09,1.03276e-09,0,0,0,0.0113548,0.034126,0.0115015,0.0226245,,best_validation_checkpoint_0.bin
2742,2112,accepted,1,1.44597e-07,1.67745e-09,4.74114e-10,4.74114e-10,1.03291e-09,1.03276e-09,0.494551,0.0317695,0.461119,0.010636,0.0336151,0.0112744,0.0223406,,
2743,2113,accepted,1,5.4747e-07,8.38724e-10,4.73725e-10,4.73725e-10,1.03348e-09,1.03276e-09,0.489521,0.0284967,0.459303,0.0102706,0.0340141,0.0114662,0.0225479,,
2744,2114,accepted,1,2.1451e-06,4.19362e-10,4.73724e-10,4.73724e-10,1.03638e-09,1.03276e-09,0.505267,0.02816,0.475377,0.0115084,0.0338784,0.01136,0.0225184,,
2745,2114,rejected,1,8.37005e-06,4.19362e-09,4.73724e-10,4.73724e-10,1.03638e-09,1.03276e-09,0.492741,0.0281968,0.462925,0.0109569,0.0112062,0.0112062,0,,
2746,2115,accepted,0,8.37005e-06,2.09681e-09,4.72601e-10,4.72601e-10,1.03268e-09,1.03268e-09,0,0,0,0.0102902,0.0336217,0.0112511,0.0223705,,best_validation_checkpoint_1.bin
2747,2116,accepted,1,3.70849e-07,1.04841e-09,4.7227e-10,4.7227e-10,1.03308e-09,1.03268e-09,0.510909,0.0296951,0.479609,0.010576,0.0336304,0.0112992,0.0223312,,
2748,2117,accepted,1,1.37662e-06,5.24203e-10,4.71929e-10,4.71929e-10,1.03477e-09,1.03268e-09,0.506302,0.0298935,0.47476,0.0107074,0.0340048,0.011292,0.0227128,,
2749,2117,rejected,1,5.35389e-06,5.24203e-09,4.71929e-10,4.71929e-10,1.03477e-09,1.03268e-09,0.508393,0.0283729,0.478419,0.0110602,0.011381,0.0113808,0,,
2750,2118,accepted,0,5.35389e-06,2.62101e-09,4.714e-10,4.714e-10,1.03263e-09,1.03263e-09,0,0,0,0.0107104,0.033571,0.0112662,0.0223048,,best_validation_checkpoint_0.bin
2751,2119,accepted,1,2.33895e-07,1.31051e-09,4.71128e-10,4.71128e-10,1.0329e-09,1.03263e-09,0.492046,0.0290044,0.461441,0.0118021,0.0340144,0.0114674,0.0225468,,
2752,2120,accepted,1,8.76005e-07,6.55253e-10,4.70716e-10,4.70716e-10,1.03392e-09,1.03263e-09,0.523872,0.0286585,0.493552,0.0095774,0.0337353,0.0112158,0.0225195,,
2753,2120,rejected,1,3.41832e-06,6.55253e-09,4.70716e-10,4.70716e-10,1.03392e-09,1.03263e-09,0.639989,0.0398308,0.598426,0.010506,0.0113471,0.0113469,0,,
2754,2121,accepted,0,3.41832e-06,3.27627e-09,4.70445e-10,4.70445e-10,1.03265e-09,1.03263e-09,0,0,0,0.0107055,0.0332799,0.0114084,0.0218715,,
2755,2122,accepted,1,1.47696e-07,1.63813e-09,4.70224e-10,4.70224e-10,1.03283e-09,1.03263e-09,0.478609,0.0290128,0.448014,0.0126139,0.0337276,0.0112656,0.0224618,,
2756,2123,accepted,1,5.57831e-07,8.19067e-10,4.69839e-10,4.69839e-10,1.03346e-09,1.03263e-09,0.488121,0.0285378,0.457838,0.010363,0.033768,0.0113477,0.0224202,,
2757,2123,rejected,1,2.18304e-06,8.19067e-09,4.69839e-10,4.69839e-10,1.03346e-09,1.03263e-09,0.50811,0.028207,0.478241,0.011758,0.0113487,0.0113486,0,,
2758,2124,accepted,0,2.18304e-06,4.09533e-09,4.69684e-10,4.69684e-10,1.03269e-09,1.03263e-09,0,0,0,0.0100715,0.0336094,0.0113522,0.022257,,
2759,2125,accepted,1,9.34325e-08,2.04767e-09,4.69507e-10,4.69507e-10,1.03281e-09,1.03263e-09,0.497976,0.0285486,0.467597,0.0116932,0.0339296,0.011277,0.0226526,,
2760,2126,accepted,1,3.55537e-07,1.02383e-09,4.69176e-10,4.69176e-10,1.03322e-09,1.03263e-09,0.506791,0.0283093,0.476911,0.010462,0.033778,0.0112415,0.0225364,,
2761,2127,accepted,1,1.39472e-06,5.11917e-10,4.68851e-10,4.68851e-10,1.03501e-09,1.03263e-09,0.573304,0.0325354,0.539042,0.0105385,0.0322288,0.0112687,0.02096,,
2762,2127,rejected,1,5.458e-06,5.11917e-09,4.68851e-10,4.68851e-10,1.03501e-09,1.03263e-09,0.495279,0.0307243,0.462957,0.0099263,0.0112682,0.0112682,0,,
2763,2128,accepted,0,5.458e-06,2.55958e-09,4.68301e-10,4.68301e-10,1.0328e-09,1.03263e-09,0,0,0,0.0114023,0.0340574,0.0114068,0.0226505,,
2764,2129,accepted,1,2.3959e-07,1.27979e-09,4.68028e-10,4.68028e-10,1.03309e-09,1.03263e-09,0.521935,0.0285316,0.491717,0.0105916,0.0337457,0.0112701,0.0224756,,
2765,2130,accepted,1,8.95682e-07,6.39896e-10,4.67621e-10,4.67621e-10,1.03418e-09,1.03263e-09,0.47672,0.0286881,0.44637,0.0103955,0.0338275,0.0112943,0.0225332,,
2766,2130,rejected,1,3.49132e-06,6.39896e-09,4.67621e-10,4.67621e-10,1.03418e-09,1.03263e-09,0.498762,0.0286945,0.468232,0.0104705,0.0113298,0.0113298,0,,
2767,2131,accepted,0,3.49132e-06,3.19948e-09,4.67341e-10,4.67341e-10,1.03287e-09,1.03263e-09,0,0,0,0.0104795,0.0338313,0.0112875,0.0225437,,
2768,2132,accepted,1,1.51314e-07,1.59974e-09,4.6712e-10,4.6712e-10,1.03308e-09,1.03263e-09,0.511618,0.0303291,0.479508,0.0110004,0.0337469,0.0113795,0.0223672,,
2769,2133,accepted,1,5.70342e-07,7.9987e-10,4.66735e-10,4.66735e-10,1.03377e-09,1.03263e-09,0.498735,0.0284389,0.468598,0.0111388,0.0338889,0.0113569,0.0225319,,
2770,2133,rejected,1,2.22943e-06,7.9987e-09,4.66735e-10,4.66735e-10,1.03377e-09,1.03263e-09,0.510279,0.0285743,0.480095,0.011287,0.0113401,0.01134,0,,
2771,2134,accepted,0,2.22943e-06,3.99935e-09,4.66577e-10,4.66577e-10,1.03298e-09,1.03263e-09,0,0,0,0.0119645,0.0337208,0.0113383,0.0223825,,
2772,2135,accepted,1,9.56597e-08,1.99967e-09,4.66399e-10,4.66399e-10,1.03312e-09,1.03263e-09,0.493731,0.028625,0.463492,0.0122471,0.0337397,0.0112968,0.0224429,,
2773,2136,accepted,1,3.63377e-07,9.99837e-10,4.66068e-10,4.66068e-10,1.03356e-09,1.03263e-09,0.474767,0.0286054,0.444497,0.0098678,0.0337871,0.0112128,0.0225741,,
2774,2137,accepted,1,1.42404e-06,4.99919e-10,4.65761e-10,4.65761e-10,1.03548e-09,1.03263e-09,0.483086,0.0298361,0.451483,0.0104431,0.0337288,0.011262,0.0224668,,
2775,2137,rejected,1,5.56829e-06,4.99919e-09,4.65761e-10,4.65761e-10,1.03548e-09,1.03263e-09,0.501384,0.028241,0.471479,0.0111095,0.0113079,0.0113079,0,,
2776,2138,accepted,0,5.56829e-06,2.49959e-09,4.65187e-10,4.65187e-10,1.03318e-09,1.03263e-09,0,0,0,0.0105762,0.0336584,0.0111907,0.0224676,,
2777,2139,accepted,1,2.4524e-07,1.2498e-09,4.64913e-10,4.64913e-10,1.03351e-09,1.03263e-09,0.507742,0.0292429,0.476847,0.010662,0.03399,0.0113393,0.0226506,,
2778,2140,accepted,1,9.14634e-07,6.24898e-10,4.64513e-10,4.64513e-10,1.03469e-09,1.03263e-09,0.472376,0.028346,0.442357,0.0115951,0.0337587,0.0112462,0.0225124,,
2779,2140,rejected,1,3.56118e-06,6.24898e-09,4.64513e-10,4.64513e-10,1.03469e-09,1.03263e-09,0.505514,0.0283602,0.47543,0.0108545,0.0113851,0.0113848,0,,
2780,2141,accepted,0,3.56118e-06,3.12449e-09,4.64223e-10,4.64223e-10,1.03334e-09,1.03263e-09,0,0,0,0.0109851,0.0336653,0.0112817,0.0223836,,
2781,2142,accepted,1,1.54756e-07,1.56225e-09,4.64001e-10,4.64001e-10,1.03357e-09,1.03263e-09,0.503012,0.0289004,0.472473,0.0101092,0.033714,0.0113281,0.0223858,,
2782,2143,accepted,1,5.82156e-07,7.81123e-10,4.63618e-10,4.63618e-10,1.03432e-09,1.03263e-09,0.493728,0.0285403,0.463575,0.0108355,0.0339576,0.0113436,0.0226139,,
2783,2143,rejected,1,2.27331e-06,7.81123e-09,4.63618e-10,4.63618e-10,1.03432e-09,1.03263e-09,0.479708,0.0280388,0.449912,0.0110981,0.011459,0.011459,0,,
2784,2144,accepted,0,2.27331e-06,3.90561e-09,4.63455e-10,4.63455e-10,1.0335e-09,1.03263e-09,0,0,0,0.0120856,0.0336345,0.0112702,0.0223642,,
2785,2145,accepted,1,9.77633e-08,1.95281e-09,4.63276e-10,4.63276e-10,1.03366e-09,1.03263e-09,0.48532,0.02841,0.455225,0.0117084,0.033806,0.0114121,0.0223937,,
2786,2146,accepted,1,3.70752e-07,9.76403e-10,4.62944e-10,4.62944e-10,1.03415e-09,1.03263e-09,0.500229,0.0286989,0.470002,0.0096836,0.0337828,0.0112719,0.0225109,,
2787,2147,accepted,1,1.45164e-06,4.88202e-10,4.62657e-10,4.62657e-10,1.03619e-09,1.03263e-09,0.495251,0.0294418,0.464084,0.0121842,0.0341964,0.011333,0.0228634,,
2788,2147,rejected,1,5.67198e-06,4.88202e-09,4.62657e-10,4.62657e-10,1.03619e-09,1.03263e-09,0.493119,0.0282554,0.463209,0.0107026,0.0112384,0.0112383,0,,
2789,2148,accepted,0,5.67198e-06,2.44101e-09,4.62058e-10,4.62058e-10,1.03382e-09,1.03263e-09,0,0,0,0.0108182,0.0336456,0.0112437,0.0224018,,
2790,2149,accepted,1,2.50527e-07,1.2205e-09,4.61784e-10,4.61784e-10,1.03418e-09,1.03263e-09,0.505744,0.029075,0.474986,0.0114989,0.0341015,0.0113737,0.0227277,,
2791,2150,accepted,1,9.32305e-07,6.10252e-10,4.6139e-10,4.6139e-10,1.03544e-09,1.03263e-09,0.486296,0.0281818,0.456344,0.0112003,0.033658,0.0113761,0.0222819,,
2792,2150,rejected,1,3.62615e-06,6.10252e-09,4.6139e-10,4.6139e-10,1.03544e-09,1.03263e-09,0.493171,0.0295209,0.461714,0.0106109,0.011293,0.0112928,0,,
2793,2151,accepted,0,3.62615e-06,3.05126e-09,4.61089e-10,4.61089e-10,1.03405e-09,1.03263e-09,0,0,0,0.0096247,0.0339102,0.0112075,0.0227027,,
2794,2152,accepted,1,1.57951e-07,1.52563e-09,4.60866e-10,4.60866e-10,1.0343e-09,1.03263e-09,0.491178,0.0288799,0.460738,0.0110536,0.0338517,0.0113825,0.022469,,
2795,2153,accepted,1,5.93084e-07,7.62815e-10,4.60485e-10,4.60485e-10,1.03511e-09,1.03263e-09,0.497572,0.0287279,0.467274,0.011699,0.0336328,0.0112335,0.0223993,,
2796,2153,rejected,1,2.31374e-06,7.62815e-09,4.60485e-10,4.60485e-10,1.03511e-09,1.03263e-09,0.470994,0.0289696,0.440438,0.0102096,0.011222,0.0112219,0,,
2797,2154,accepted,0,2.31374e-06,3.81408e-09,4.60318e-10,4.60318e-10,1.03427e-09,1.03263e-09,0,0,0,0.0112653,0.0337907,0.011453,0.0223377,,
2798,2155,accepted,1,9.96991e-08,1.90704e-09,4.60138e-10,4.60138e-10,1.03445e-09,1.03263e-09,0.507906,0.0283205,0.477854,0.010326,0.0340386,0.0114313,0.0226071,,
2799,2156,accepted,1,3.77513e-07,9.53519e-10,4.59806e-10,4.59806e-10,1.03498e-09,1.03263e-09,0.470015,0.0295157,0.438765,0.0117594,0.0342722,0.0115415,0.0227306,,
2800,2157,accepted,1,1.47684e-06,4.76759e-10,4.59539e-10,4.59539e-10,1.03714e-09,1.03263e-09,0.488433,0.029073,0.457611,0.0102035,0.0337552,0.0113512,0.022404,,
2801,2157,rejected,1,5.76604e-06,4.76759e-09,4.59539e-10,4.59539e-10,1.03714e-09,1.03263e-09,0.482996,0.0284267,0.452872,0.0109744,0.011555,0.0115549,0,,
2802,2158,accepted,0,5.76604e-06,2.3838e-09,4.58914e-10,4.58914e-10,1.03469e-09,1.03263e-09,0,0,0,0.0106242,0.0338651,0.0116181,0.022247,,
2803,2159,accepted,1,2.55309e-07,1.1919e-09,4.58639e-10,4.58639e-10,1.03508e-09,1.03263e-09,0.502896,0.028333,0.472958,0.0099192,0.0337698,0.0112654,0.0225043,,
2804,2160,accepted,1,9.48217e-07,5.95949e-10,4.58252e-10,4.58252e-10,1.03643e-09,1.03263e-09,0.480295,0.0281932,0.450441,0.0106455,0.0340319,0.0113258,0.022706,,
2805,2160,rejected,1,3.68426e-06,5.95949e-09,4.58252e-10,4.58252e-10,1.03643e-09,1.03263e-09,0.500295,0.0285213,0.470201,0.0122138,0.0115813,0.0115811,0,,
2806,2161,accepted,0,3.68426e-06,2.97975e-09,4.5794e-10,4.5794e-10,1.03499e-09,1.03263e-09,0,0,0,0.0110819,0.0335484,0.0113072,0.0222412,,
2807,2162,accepted,1,1.60802e-07,1.48987e-09,4.57717e-10,4.57717e-10,1.03527e-09,1.03263e-09,0.522756,0.0284105,0.492337,0.010474,0.0339456,0.0112828,0.0226627,,
2808,2163,accepted,1,6.02786e-07,7.44937e-10,4.57337e-10,4.57337e-10,1.03613e-09,1.03263e-09,0.504243,0.0290139,0.47353,0.0103009,0.0339061,0.0114561,0.0224498,,
2809,2163,rejected,1,2.34941e-06,7.44937e-09,4.57337e-10,4.57337e-10,1.03613e-09,1.03263e-09,0.492205,0.0305041,0.460123,0.0107595,0.0112841,0.011284,0,,
2810,2164,accepted,0,2.34941e-06,3.72468e-09,4.57165e-10,4.57165e-10,1.03527e-09,1.03263e-09,0,0,0,0.0110667,0.0337306,0.0112355,0.0224951,,
2811,2165,accepted,1,1.01407e-07,1.86234e-09,4.56985e-10,4.56985e-10,1.03547e-09,1.03263e-09,0.476997,0.0288035,0.446447,0.0110248,0.0338069,0.0113064,0.0225004,,
2812,2166,accepted,1,3.83446e-07,9.31171e-10,4.56652e-10,4.56652e-10,1.03604e-09,1.03263e-09,0.514935,0.0283192,0.484921,0.0112331,0.0337457,0.0112755,0.0224701,,
2813,2167,accepted,1,1.49883e-06,4.65585e-10,4.56405e-10,4.56405e-10,1.03832e-09,1.03263e-09,0.466814,0.0286947,0.436385,0.0117022,0.0336519,0.0113034,0.0223484,,
2814,2167,rejected,1,5.84737e-06,4.65585e-09,4.56405e-10,4.56405e-10,1.03832e-09,1.03263e-09,0.485856,0.0285084,0.455714,0.0104277,0.0113071,0.011307,0,,
2815,2168,accepted,0,5.84737e-06,2.32793e-09,4.55754e-10,4.55754e-10,1.03579e-09,1.03263e-09,0,0,0,0.0110032,0.0335038,0.011232,0.0222717,,
2816,2169,accepted,1,2.59428e-07,1.16396e-09,4.55478e-10,4.55478e-10,1.03621e-09,1.03263e-09,0.498378,0.0288819,0.467896,0.0106907,0.0337774,0.0112883,0.0224891,,
2817,2170,accepted,1,9.61827e-07,5.81982e-10,4.55098e-10,4.55098e-10,1.03764e-09,1.03263e-09,0.503837,0.0279752,0.474034,0.0108654,0.0339645,0.0114283,0.0225362,,
2818,2170,rejected,1,3.7335e-06,5.81982e-09,4.55098e-10,4.55098e-10,1.03764e-09,1.03263e-09,0.478387,0.0287142,0.448016,0.0126214,0.0112739,0.0112736,0,,
2819,2171,accepted,0,3.7335e-06,2.90991e-09,4.54776e-10,4.54776e-10,1.03616e-09,1.03263e-09,0,0,0,0.0109876,0.0337614,0.0112985,0.0224629,,
2820,2172,accepted,1,1.63215e-07,1.45495e-09,4.54551e-10,4.54551e-10,1.03645e-09,1.03263e-09,0.499507,0.0283176,0.469625,0.0096978,0.0343314,0.0112688,0.0230625,,
2821,2173,accepted,1,6.10937e-07,7.27477e-10,4.54173e-10,4.54173e-10,1.03737e-09,1.03263e-09,0.493208,0.0288171,0.462736,0.0093588,0.0338552,0.0112263,0.0226288,,
2822,2173,rejected,1,2.3791e-06,7.27477e-09,4.54173e-10,4.54173e-10,1.03737e-09,1.03263e-09,0.5059,0.0278186,0.476403,0.0112017,0.0112366,0.0112364,0,,
2823,2174,accepted,0,2.3791e-06,3.63739e-09,4.53996e-10,4.53996e-10,1.03649e-09,1.03263e-09,0,0,0,0.0106682,0.0335312,0.0112577,0.0222734,,
2824,2175,accepted,1,1.02827e-07,1.81869e-09,4.53815e-10,4.53815e-10,1.0367e-09,1.03263e-09,0.504194,0.0285242,0.47408,0.0092835,0.0335891,0.0112191,0.0223699,,
2825,2176,accepted,1,3.88343e-07,9.09347e-10,4.53483e-10,4.53483e-10,1.03731e-09,1.03263e-09,0.473229,0.0288345,0.442738,0.0102963,0.0338967,0.0113666,0.02253,,
2826,2177,accepted,1,1.51683e-06,4.54673e-10,4.53255e-10,4.53255e-10,1.03971e-09,1.03263e-09,0.471848,0.0290399,0.441162,0.0113053,0.0339382,0.0113002,0.0226378,,
2827,2177,rejected,1,5.91314e-06,4.54673e-09,4.53255e-10,4.53255e-10,1.03971e-09,1.03263e-09,0.50231,0.0282321,0.472396,0.0111559,0.0113186,0.0113185,0,,
2828,2178,accepted,0,5.91314e-06,2.27337e-09,4.52579e-10,4.52579e-10,1.0371e-09,1.03263e-09,0,0,0,0.0106289,0.0338483,0.0114065,0.0224417,,
2829,2179,accepted,1,2.62728e-07,1.13668e-09,4.52302e-10,4.52302e-10,1.03755e-09,1.03263e-09,0.490044,0.0287812,0.459672,0.0103312,0.033774,0.0112772,0.0224968,,
2830,2180,accepted,1,9.72632e-07,5.68342e-10,4.51928e-10,4.51928e-10,1.03905e-09,1.03263e-09,0.510159,0.0280889,0.480371,0.0115125,0.0338256,0.0113364,0.0224892,,
2831,2180,rejected,1,3.77213e-06,5.68342e-09,4.51928e-10,4.51928e-10,1.03905e-09,1.03263e-09,0.503371,0.0286396,0.47304,0.0111819,0.0113553,0.0113552,0,,
2832,2181,accepted,0,3.77213e-06,2.84171e-09,4.51595e-10,4.51595e-10,1.03753e-09,1.03263e-09,0,0,0,0.0111143,0.0342434,0.0116744,0.022569,,
2833,2182,accepted,1,1.65093e-07,1.42085e-09,4.5137e-10,4.5137e-10,1.03785e-09,1.03263e-09,0.463054,0.0284583,0.432948,0.0106544,0.0337471,0.011225,0.022522,,
2834,2183,accepted,1,6.17213e-07,7.10427e-10,4.50992e-10,4.50992e-10,1.03881e-09,1.03263e-09,0.506764,0.029608,0.475542,0.011994,0.0337239,0.0112397,0.0224842,,
2835,2183,rejected,1,2.40166e-06,7.10427e-09,4.50992e-10,4.50992e-10,1.03881e-09,1.03263e-09,0.488554,0.0294683,0.457443,0.0109253,0.0112002,0.0112002,0,,
2836,2184,accepted,0,2.40166e-06,3.55214e-09,4.50812e-10,4.50812e-10,1.03791e-09,1.03263e-09,0,0,0,0.0108796,0.0337059,0.0113095,0.0223964,,
2837,2185,accepted,1,1.03904e-07,1.77607e-09,4.5063e-10,4.5063e-10,1.03814e-09,1.03263e-09,0.503302,0.0286369,0.473006,0.0111228,0.0337882,0.0112336,0.0225546,,
2838,2186,accepted,1,3.92009e-07,8.88034e-10,4.50297e-10,4.50297e-10,1.03878e-09,1.03263e-09,0.485723,0.0281655,0.455953,0.0108331,0.033058,0.0111568,0.0219012,,
2839,2187,accepted,1,1.53013e-06,4.44017e-10,4.50088e-10,4.50088e-10,1.04129e-09,1.03263e-09,0.511633,0.0283187,0.481688,0.0108015,0.032505,0.0112918,0.0212131,,
2840,2187,rejected,1,5.96085e-06,4.44017e-09,4.50088e-10,4.50088e-10,1.04129e-09,1.03263e-09,0.512886,0.028126,0.483102,0.0113844,0.0112803,0.0112801,0,,
2841,2188,accepted,0,5.96085e-06,2.22008e-09,4.49387e-10,4.49387e-10,1.0386e-09,1.03263e-09,0,0,0,0.0108236,0.0338043,0.0113951,0.0224091,,
2842,2189,accepted,1,2.65069e-07,1.11004e-09,4.49109e-10,4.49109e-10,1.03907e-09,1.03263e-09,0.462764,0.0288751,0.432273,0.0105486,0.0334511,0.0112275,0.0222235,,
2843,2190,accepted,1,9.80191e-07,5.55021e-10,4.48741e-10,4.48741e-10,1.04064e-09,1.03263e-09,0.489627,0.0283737,0.459568,0.0104287,0.0337935,0.0112238,0.0225696,,
2844,2190,rejected,1,3.79853e-06,5.55021e-09,4.48741e-10,4.48741e-10,1.04064e-09,1.03263e-09,0.488634,0.0284563,0.458452,0.0110353,0.0113318,0.0113315,0,,
2845,2191,accepted,0,3.79853e-06,2.77511e-09,4.48399e-10,4.48399e-10,1.03908e-09,1.03263e-09,0,0,0,0.0108794,0.0336499,0.011246,0.0224039,,
2846,2192,accepted,1,1.66356e-07,1.38755e-09,4.48172e-10,4.48172e-10,1.03941e-09,1.03263e-09,0.505693,0.0286783,0.475334,0.0116018,0.0339376,0.0114398,0.0224977,,
2847,2193,accepted,1,6.2136e-07,6.93776e-10,4.47796e-10,4.47796e-10,1.04043e-09,1.03263e-09,0.542602,0.028724,0.512206,0.0107286,0.0339584,0.0112855,0.0226727,,
2848,2193,rejected,1,2.41623e-06,6.93776e-09,4.47796e-10,4.47796e-10,1.04043e-09,1.03263e-09,0.496251,0.0282019,0.466408,0.0111773,0.0112285,0.0112283,0,,
2849,2194,accepted,0,2.41623e-06,3.46888e-09,4.47612e-10,4.47612e-10,1.0395e-09,1.03263e-09,0,0,0,0.0104762,0.0336107,0.0112116,0.022399,,
2850,2195,accepted,1,1.04588e-07,1.73444e-09,4.47429e-10,4.47429e-10,1.03974e-09,1.03263e-09,0.503878,0.0296883,0.472526,0.0113923,0.0338706,0.0112826,0.0225879,,
2851,2196,accepted,1,3.94293e-07,8.6722e-10,4.47095e-10,4.47095e-10,1.04041e-09,1.03263e-09,0.502073,0.0290515,0.47142,0.0099858,0.033852,0.0112192,0.0226328,,
2852,2197,accepted,1,1.53821e-06,4.3361e-10,4.46904e-10,4.46904e-10,1.04302e-09,1.03263e-09,0.499572,0.0289267,0.468939,0.0103444,0.0340101,0.0113043,0.0227057,,
2853,2197,rejected,1,5.98871e-06,4.3361e-09,4.46904e-10,4.46904e-10,1.04302e-09,1.03263e-09,0.493073,0.0286529,0.462795,0.011086,0.0113594,0.0113593,0,,
2854,2198,accepted,0,5.98871e-06,2.16805e-09,4.4618e-10,4.4618e-10,1.04025e-09,1.03263e-09,0,0,0,0.0117042,0.0336593,0.0113312,0.022328,,
2855,2199,accepted,1,2.6634e-07,1.08403e-09,4.45901e-10,4.45901e-10,1.04075e-09,1.03263e-09,0.506766,0.0292931,0.475862,0.0105112,0.0337803,0.0112578,0.0225224,,
2856,2200,accepted,1,9.8421e-07,5.42013e-10,4.45539e-10,4.45539e-10,1.04238e-09,1.03263e-09,0.492292,0.0298463,0.460584,0.0099273,0.0335189,0.0112305,0.0222883,,
2857,2200,rejected,1,3.81198e-06,5.42013e-09,4.45539e-10,4.45539e-10,1.04238e-09,1.03263e-09,0.48257,0.0284118,0.452509,0.010972,0.0112251,0.011225,0,,
2858,2201,accepted,0,3.81198e-06,2.71006e-09,4.45187e-10,4.45187e-10,1.04077e-09,1.03263e-09,0,0,0,0.0098926,0.0339644,0.0113513,0.0226131,,
2859,2202,accepted,1,1.66947e-07,1.35503e-09,4.44959e-10,4.44959e-10,1.04113e-09,1.03263e-09,0.486427,0.0296091,0.455075,0.0101808,0.0338227,0.0114726,0.0223499,,
2860,2203,accepted,1,6.23236e-07,6.77516e-10,4.44584e-10,4.44584e-10,1.04218e-09,1.03263e-09,0.510223,0.0289161,0.479707,0.0104493,0.0338134,0.0113338,0.0224795,,
2861,2203,rejected,1,2.42238e-06,6.77516e-09,4.44584e-10,4.44584e-10,1.04218e-09,1.03263e-09,0.521421,0.0283536,0.491161,0.0095671,0.0112018,0.0112016,0,,
2862,2204,accepted,0,2.42238e-06,3.38758e-09,4.44396e-10,4.44396e-10,1.04123e-09,1.03263e-09,0,0,0,0.0104821,0.0337666,0.0112178,0.0225487,,
2863,2205,accepted,1,1.04853e-07,1.69379e-09,4.44212e-10,4.44212e-10,1.04148e-09,1.03263e-09,0.505925,0.0292092,0.475031,0.0099698,0.0344739,0.0112757,0.0231982,,
2864,2206,accepted,1,3.95125e-07,8.46895e-10,4.43878e-10,4.43878e-10,1.04218e-09,1.03263e-09,0.51933,0.0283384,0.489293,0.0103074,0.0339391,0.0113625,0.0225765,,
2865,2207,accepted,1,1.54091e-06,4.23447e-10,4.43703e-10,4.43703e-10,1.04487e-09,1.03263e-09,0.47968,0.0284417,0.449499,0.0117041,0.0339418,0.0114213,0.0225205,,
2866,2207,rejected,1,5.99677e-06,4.23447e-09,4.43703e-10,4.43703e-10,1.04487e-09,1.03263e-09,0.529374,0.0287687,0.498979,0.0111811,0.0114326,0.0114324,0,,
2867,2208,accepted,0,5.99677e-06,2.11724e-09,4.42957e-10,4.42957e-10,1.04203e-09,1.03263e-09,0,0,0,0.0102693,0.0338589,0.0114072,0.0224517,,
2868,2209,accepted,1,2.66489e-07,1.05862e-09,4.42678e-10,4.42678e-10,1.04254e-09,1.03263e-09,0.517988,0.0288817,0.487525,0.0106205,0.0341431,0.0113862,0.0227569,,
2869,2210,accepted,1,9.84667e-07,5.29309e-10,4.4232e-10,4.4232e-10,1.04422e-09,1.03263e-09,0.479226,0.0294048,0.448104,0.0117047,0.0338789,0.0113054,0.0225735,,
2870,2210,rejected,1,3.81269e-06,5.29309e-09,4.4232e-10,4.4232e-10,1.04422e-09,1.03263e-09,0.508707,0.0283809,0.478722,0.0111044,0.0113209,0.0113206,0,,
2871,2211,accepted,0,3.81269e-06,2.64655e-09,4.41959e-10,4.41959e-10,1.04258e-09,1.03263e-09,0,0,0,0.0104342,0.0340108,0.0113243,0.0226864,,
2872,2212,accepted,1,1.66852e-07,1.32327e-09,4.41731e-10,4.41731e-10,1.04294e-09,1.03263e-09,0.504865,0.0291985,0.473977,0.011214,0.0342348,0.0114966,0.0227381,,
2873,2213,accepted,1,6.22882e-07,6.61637e-10,4.41357e-10,4.41357e-10,1.04402e-09,1.03263e-09,0.484876,0.0284452,0.4548,0.010688,0.0338696,0.0112708,0.0225987,,
2874,2213,rejected,1,2.42058e-06,6.61637e-09,4.41357e-10,4.41357e-10,1.04402e-09,1.03263e-09,0.489687,0.0286563,0.45937,0.0111787,0.0114227,0.0114225,0,,
2875,2214,accepted,0,2.42058e-06,3.30818e-09,4.41164e-10,4.41164e-10,1.04305e-09,1.03263e-09,0,0,0,0.0116643,0.033822,0.0112733,0.0225486,,
2876,2215,accepted,1,1.04701e-07,1.65409e-09,4.4098e-10,4.4098e-10,1.04331e-09,1.03263e-09,0.49402,0.0284952,0.463876,0.0107915,0.0323694,0.0112796,0.0210897,,
2877,2216,accepted,1,3.94577e-07,8.27046e-10,4.40646e-10,4.40646e-10,1.04403e-09,1.03263e-09,0.497311,0.0282224,0.467467,0.0113852,0.0337744,0.0112912,0.022483,,
2878,2217,accepted,1,1.53861e-06,4.13523e-10,4.40485e-10,4.40485e-10,1.04679e-09,1.03263e-09,0.482962,0.0288476,0.452328,0.0114444,0.0337869,0.0112868,0.0225001,,
2879,2217,rejected,1,5.98713e-06,4.13523e-09,4.40485e-10,4.40485e-10,1.04679e-09,1.03263e-09,0.504827,0.0289251,0.474361,0.0092783,0.0112199,0.0112198,0,,
2880,2218,accepted,0,5.98713e-06,2.06761e-09,4.39719e-10,4.39719e-10,1.04388e-09,1.03263e-09,0,0,0,0.011125,0.0335591,0.0112707,0.0222883,,
2881,2219,accepted,1,2.65561e-07,1.03381e-09,4.39439e-10,4.39439e-10,1.04441e-09,1.03263e-09,0.499279,0.0291527,0.468419,0.0117515,0.0337483,0.0112136,0.0225346,,
2882,2220,accepted,1,9.81926e-07,5.16904e-10,4.39085e-10,4.39085e-10,1.04613e-09,1.03263e-09,0.491438,0.028422,0.461318,0.0108152,0.0337546,0.0113228,0.0224318,,
2883,2220,rejected,1,3.8026e-06,5.16904e-09,4.39085e-10,4.39085e-10,1.04613e-09,1.03263e-09,0.469127,0.0287697,0.438767,0.0100929,0.0112081,0.0112078,0,,
2884,2221,accepted,0,3.8026e-06,2.58452e-09,4.38717e-10,4.38717e-10,1.04444e-09,1.03263e-09,0,0,0,0.0098094,0.0332537,0.0112211,0.0220324,,
2885,2222,accepted,1,1.66129e-07,1.29226e-09,4.38488e-10,4.38488e-10,1.04481e-09,1.03263e-09,0.495835,0.028359,0.465849,0.0110504,0.0336839,0.0112931,0.0223908,,
2886,2223,accepted,1,6.20643e-07,6.4613e-10,4.38114e-10,4.38114e-10,1.04592e-09,1.03263e-09,0.512589,0.0279066,0.482988,0.0100685,0.0335755,0.0112584,0.0223171,,
2887,2223,rejected,1,2.41234e-06,6.4613e-09,4.38114e-10,4.38114e-10,1.04592e-09,1.03263e-09,0.501501,0.0282151,0.471708,0.0113866,0.0114193,0.0114191,0,,
2888,2224,accepted,0,2.41234e-06,3.23065e-09,4.37919e-10,4.37919e-10,1.04492e-09,1.03263e-09,0,0,0,0.0109539,0.0340584,0.0113779,0.0226805,,
2889,2225,accepted,1,1.04187e-07,1.61532e-09,4.37734e-10,4.37734e-10,1.04518e-09,1.03263e-09,0.543889,0.0286706,0.513607,0.009628,0.0320996,0.0112423,0.0208573,,
2890,2226,accepted,1,3.92919e-07,8.07662e-10,4.37398e-10,4.37398e-10,1.04591e-09,1.03263e-09,0.493305,0.028461,0.463152,0.0106205,0.0337051,0.0112548,0.0224502,,
2891,2227,accepted,1,1.53253e-06,4.03831e-10,4.3725e-10,4.3725e-10,1.04873e-09,1.03263e-09,0.485469,0.0289766,0.454758,0.0100562,0.0339359,0.0112915,0.0226444,,
2892,2227,rejected,1,5.96514e-06,4.03831e-09,4.3725e-10,4.3725e-10,1.04873e-09,1.03263e-09,0.477639,0.0292351,0.446696,0.0119256,0.0113007,0.0113006,0,,
2893,2228,accepted,0,5.96514e-06,2.01916e-09,4.36467e-10,4.36467e-10,1.04575e-09,1.03263e-09,0,0,0,0.0105364,0.0335216,0.0112152,0.0223062,,
2894,2229,accepted,1,2.63737e-07,1.00958e-09,4.36186e-10,4.36186e-10,1.04629e-09,1.03263e-09,0.509146,0.0287706,0.478632,0.0109076,0.0337713,0.0112341,0.0225371,,
2895,2230,accepted,1,9.76942e-07,5.04789e-10,4.35835e-10,4.35835e-10,1.04804e-09,1.03263e-09,0.481935,0.0296053,0.450682,0.0114306,0.0337598,0.0112927,0.0224671,,
2896,2230,rejected,1,3.78589e-06,5.04789e-09,4.35835e-10,4.35835e-10,1.04804e-09,1.03263e-09,0.487249,0.0299786,0.455668,0.0101102,0.0112004,0.0112004,0,,
2897,2231,accepted,0,3.78589e-06,2.52394e-09,4.35461e-10,4.35461e-10,1.04631e-09,1.03263e-09,0,0,0,0.0102741,0.0338552,0.0113837,0.0224715,,
2898,2232,accepted,1,1.64931e-07,1.26197e-09,4.3523e-10,4.3523e-10,1.04669e-09,1.03263e-09,0.515101,0.0291303,0.484328,0.0112588,0.0340583,0.0113514,0.0227067,,
2899,2233,accepted,1,6.1724e-07,6.30986e-10,4.34857e-10,4.34857e-10,1.0478e-09,1.03263e-09,0.488016,0.0287797,0.457411,0.0102467,0.0338236,0.011265,0.0225586,,
2900,2233,rejected,1,2.40077e-06,6.30986e-09,4.34857e-10,4.34857e-10,1.0478e-09,1.03263e-09,0.505141,0.0287636,0.474733,0.013741,0.0112983,0.0112983,0,,
2901,2234,accepted,0,2.40077e-06,3.15493e-09,4.34659e-10,4.34659e-10,1.04678e-09,1.03263e-09,0,0,0,0.0118122,0.0338554,0.0113033,0.0225521,,
2902,2235,accepted,1,1.03427e-07,1.57746e-09,4.34473e-10,4.34473e-10,1.04705e-09,1.03263e-09,0.510439,0.0300922,0.478705,0.0106663,0.0320001,0.0113123,0.0206877,,
2903,2236,accepted,1,3.90674e-07,7.88732e-10,4.34137e-10,4.34137e-10,1.04778e-09,1.03263e-09,0.523349,0.0299999,0.491743,0.0104514,0.0339813,0.0114067,0.0225744,,
2904,2237,accepted,1,1.52482e-06,3.94366e-10,4.33999e-10,4.33999e-10,1.05064e-09,1.03263e-09,0.49756,0.0281099,0.467807,0.0099091,0.0341926,0.0113965,0.022796,,
2905,2237,rejected,1,5.93998e-06,3.94366e-09,4.33999e-10,4.33999e-10,1.05064e-09,1.03263e-09,0.496862,0.028626,0.466573,0.0112781,0.0112728,0.0112726,0,,
2906,2238,accepted,0,5.93998e-06,1.97183e-09,4.33202e-10,4.33202e-10,1.0476e-09,1.03263e-09,0,0,0,0.0113305,0.0340898,0.0114873,0.0226024,,
2907,2239,accepted,1,2.61373e-07,9.85916e-10,4.3292e-10,4.3292e-10,1.04813e-09,1.03263e-09,0.498692,0.0286322,0.468347,0.0108173,0.0340215,0.0112888,0.0227326,,
2908,2240,accepted,1,9.7132e-07,4.92958e-10,4.32571e-10,4.32571e-10,1.04989e-09,1.03263e-09,0.482835,0.0283439,0.452859,0.0106038,0.0337652,0.0112404,0.0225248,,
2909,2240,rejected,1,3.76919e-06,4.92958e-09,4.32571e-10,4.32571e-10,1.04989e-09,1.03263e-09,0.503855,0.0280165,0.474265,0.0108317,0.0112884,0.0112883,0,,
2910,2241,accepted,0,3.76919e-06,2.46479e-09,4.32191e-10,4.32191e-10,1.04813e-09,1.03263e-09,0,0,0,0.010201,0.0335319,0.0112641,0.0222677,,
2911,2242,accepted,1,1.63526e-07,1.23239e-09,4.3196e-10,4.3196e-10,1.0485e-09,1.03263e-09,0.512931,0.0295283,0.481683,0.0110924,0.0337137,0.0112444,0.0224692,,
2912,2243,accepted,1,6.13829e-07,6.16197e-10,4.31587e-10,4.31587e-10,1.04962e-09,1.03263e-09,0.505709,0.0287995,0.47523,0.0114465,0.0336515,0.0112904,0.022361,,
2913,2243,rejected,1,2.39058e-06,6.16197e-09,4.31587e-10,4.31587e-10,1.04962e-09,1.03263e-09,0.502741,0.0285095,0.472615,0.0131945,0.0114523,0.011452,0,,
2914,2244,accepted,0,2.39058e-06,3.08099e-09,4.31386e-10,4.31386e-10,1.04858e-09,1.03263e-09,0,0,0,0.0113322,0.0337497,0.0113404,0.0224092,,
2915,2245,accepted,1,1.02612e-07,1.54049e-09,4.312e-10,4.312e-10,1.04884e-09,1.03263e-09,0.500035,0.0285842,0.46983,0.0113088,0.0337262,0.0112925,0.0224337,,
2916,2246,accepted,1,3.88653e-07,7.70247e-10,4.30863e-10,4.30863e-10,1.04957e-09,1.03263e-09,0.504877,0.0283507,0.474952,0.0114273,0.0339927,0.0112871,0.0227056,,
2917,2247,accepted,1,1.51876e-06,3.85123e-10,4.30732e-10,4.30732e-10,1.05245e-09,1.03263e-09,0.525821,0.0288952,0.495323,0.0107815,0.0341306,0.0115374,0.0225931,,
2918,2247,rejected,1,5.92472e-06,3.85123e-09,4.30732e-10,4.30732e-10,1.05245e-09,1.03263e-09,0.488261,0.0285757,0.458026,0.0119863,0.0114115,0.0114113,0,,
2919,2248,accepted,0,5.92472e-06,1.92562e-09,4.29924e-10,4.29924e-10,1.04935e-09,1.03263e-09,0,0,0,0.0108877,0.0337874,0.0113534,0.0224339,,
2920,2249,accepted,1,2.59017e-07,9.62808e-10,4.29641e-10,4.29641e-10,1.04987e-09,1.03263e-09,0.499406,0.028696,0.469098,0.0107668,0.0338547,0.0113579,0.0224967,,
2921,2250,accepted,1,9.67371e-07,4.81404e-10,4.29294e-10,4.29294e-10,1.05163e-09,1.03263e-09,0.495134,0.0283839,0.465042,0.0130976,0.0338484,0.011481,0.0223672,,
2922,2250,rejected,1,3.76173e-06,4.81404e-09,4.29294e-10,4.29294e-10,1.05163e-09,1.03263e-09,0.499736,0.02879,0.469072,0.0104584,0.0112225,0.0112224,0,,
2923,2251,accepted,0,3.76173e-06,2.40702e-09,4.2891e-10,4.2891e-10,1.04984e-09,1.03263e-09,0,0,0,0.0104617,0.0339301,0.0115061,0.0224239,,
2924,2252,accepted,1,1.623e-07,1.20351e-09,4.28678e-10,4.28678e-10,1.05021e-09,1.03263e-09,0.49401,0.0291687,0.463178,0.0109533,0.0337343,0.0113013,0.022433,,
2925,2253,accepted,1,6.12008e-07,6.01755e-10,4.28304e-10,4.28304e-10,1.05132e-09,1.03263e-09,0.485405,0.0290278,0.454697,0.0101693,0.0338766,0.0114076,0.022469,,
2926,2253,rejected,1,2.38803e-06,6.01755e-09,4.28304e-10,4.28304e-10,1.05132e-09,1.03263e-09,0.476822,0.0283852,0.446644,0.0121553,0.0113012,0.0113011,0,,
2927,2254,accepted,0,2.38803e-06,3.00878e-09,4.28102e-10,4.28102e-10,1.05025e-09,1.03263e-09,0,0,0,0.010348,0.0336825,0.0111744,0.022508,,
2928,2255,accepted,1,1.02009e-07,1.50439e-09,4.27915e-10,4.27915e-10,1.05051e-09,1.03263e-09,0.480232,0.0287266,0.449756,0.0107341,0.0340236,0.0113299,0.0226936,,
2929,2256,accepted,1,3.87928e-07,7.52194e-10,4.27578e-10,4.27578e-10,1.05122e-09,1.03263e-09,0.483851,0.0299676,0.452269,0.0100242,0.0339865,0.0111829,0.0228035,,
2930,2257,accepted,1,1.51855e-06,3.76097e-10,4.27453e-10,4.27453e-10,1.0541e-09,1.03263e-09,0.485365,0.0286505,0.455132,0.00988,0.0339494,0.0112407,0.0227087,,
2931,2257,rejected,1,5.93569e-06,3.76097e-09,4.27453e-10,4.27453e-10,1.0541e-09,1.03263e-09,0.498751,0.029867,0.46722,0.0108097,0.0115105,0.0115104,0,,
2932,2258,accepted,0,5.93569e-06,1.88048e-09,4.26635e-10,4.26635e-10,1.05095e-09,1.03263e-09,0,0,0,0.0100367,0.0305319,0.0101583,0.0203735,,
2933,2259,accepted,1,2.57393e-07,9.40242e-10,4.26351e-10,4.26351e-10,1.05146e-09,1.03263e-09,0.510095,0.0284348,0.479975,0.0110284,0.0339003,0.0113394,0.0225609,,
2934,2260,accepted,1,9.67962e-07,4.70121e-10,4.26006e-10,4.26006e-10,1.0532e-09,1.03263e-09,0.492293,0.0285536,0.46167,0.0109916,0.033821,0.0113005,0.0225205,,
2935,2260,rejected,1,3.7745e-06,4.70121e-09,4.26006e-10,4.26006e-10,1.0532e-09,1.03263e-09,0.503198,0.0279905,0.473622,0.0098299,0.0114189,0.0114188,0,,
2936,2261,accepted,0,3.7745e-06,2.35061e-09,4.25617e-10,4.25617e-10,1.05138e-09,1.03263e-09,0,0,0,0.0103138,0.0338856,0.0113954,0.02249,,
2937,2262,accepted,1,1.61742e-07,1.1753e-09,4.25385e-10,4.25385e-10,1.05173e-09,1.03263e-09,0.488517,0.0284791,0.458331,0.010089,0.0340576,0.0113927,0.0226649,,
2938,2263,accepted,1,6.13673e-07,5.87651e-10,4.25011e-10,4.25011e-10,1.05282e-09,1.03263e-09,0.499054,0.028814,0.468716,0.0118476,0.0337494,0.0112904,0.022459,,
2939,2263,rejected,1,2.40041e-06,5.87651e-09,4.25011e-10,4.25011e-10,1.05282e-09,1.03263e-09,0.499587,0.029151,0.468735,0.0106854,0.0112816,0.0112814,0,,
2940,2264,accepted,0,2.40041e-06,2.93826e-09,4.24808e-10,4.24808e-10,1.05174e-09,1.03263e-09,0,0,0,0.0116186,0.0337812,0.0113359,0.0224452,,
2941,2265,accepted,1,1.01937e-07,1.46913e-09,4.2462e-10,4.2462e-10,1.05198e-09,1.03263e-09,0.474391,0.0287468,0.443871,0.0119955,0.0338823,0.0112831,0.0225992,,
2942,2266,accepted,1,3.89737e-07,7.34564e-10,4.24282e-10,4.24282e-10,1.05268e-09,1.03263e-09,0.519062,0.0286039,0.488853,0.0103287,0.0337621,0.0112858,0.0224763,,
2943,2267,accepted,1,1.52891e-06,3.67282e-10,4.24162e-10,4.24162e-10,1.05552e-09,1.03263e-09,0.495755,0.0285917,0.465517,0.0103781,0.0336971,0.0112586,0.0224385,,
2944,2267,rejected,1,5.99055e-06,3.67282e-09,4.24162e-10,4.24162e-10,1.05552e-09,1.03263e-09,0.514779,0.0283857,0.484689,0.0125651,0.0113097,0.0113095,0,,
2945,2268,accepted,0,5.99055e-06,1.83641e-09,4.23336e-10,4.23336e-10,1.05233e-09,1.03263e-09,0,0,0,0.0116947,0.0339241,0.0114265,0.0224974,,
2946,2269,accepted,1,2.57343e-07,9.18205e-10,4.23052e-10,4.23052e-10,1.05282e-09,1.03263e-09,0.495113,0.0290247,0.46442,0.0099997,0.033837,0.0113062,0.0225308,,
2947,2270,accepted,1,9.76182e-07,4.59103e-10,4.22707e-10,4.22707e-10,1.05453e-09,1.03263e-09,0.477619,0.0283337,0.447633,0.0111158,0.0336591,0.0113159,0.0223432,,
2948,2270,rejected,1,3.8188e-06,4.59103e-09,4.22707e-10,4.22707e-10,1.05453e-09,1.03263e-09,0.498515,0.0287303,0.468027,0.0105825,0.0112567,0.0112566,0,,
2949,2271,accepted,0,3.8188e-06,2.29551e-09,4.22316e-10,4.22316e-10,1.05269e-09,1.03263e-09,0,0,0,0.0106604,0.0339394,0.011401,0.0225384,,
2950,2272,accepted,1,1.62389e-07,1.14776e-09,4.22083e-10,4.22083e-10,1.05302e-09,1.03263e-09,0.490672,0.0283051,0.460675,0.0114305,0.0337517,0.0113565,0.0223952,,
2951,2273,accepted,1,6.20778e-07,5.73878e-10,4.21709e-10,4.21709e-10,1.05407e-09,1.03263e-09,0.524723,0.028225,0.494807,0.0110591,0.0336803,0.0112722,0.0224079,,
2952,2273,rejected,1,2.43482e-06,5.73878e-09,4.21709e-10,4.21709e-10,1.05407e-09,1.03263e-09,0.514473,0.0288663,0.483985,0.009635,0.0112375,0.0112373,0,,
2953,2274,accepted,0,2.43482e-06,2.86939e-09,4.21504e-10,4.21504e-10,1.05298e-09,1.03263e-09,0,0,0,0.0109412,0.0337442,0.0114052,0.0223388,,
2954,2275,accepted,1,1.02732e-07,1.4347e-09,4.21316e-10,4.21316e-10,1.0532e-09,1.03263e-09,0.47956,0.029802,0.448108,0.0105342,0.0338585,0.0112762,0.0225823,,
2955,2276,accepted,1,3.95294e-07,7.17348e-10,4.20978e-10,4.20978e-10,1.05387e-09,1.03263e-09,0.503821,0.0285285,0.47363,0.0115075,0.0338768,0.0113352,0.0225415,,
2956,2277,accepted,1,1.55429e-06,3.58674e-10,4.20862e-10,4.20862e-10,1.05667e-09,1.03263e-09,0.488996,0.0287456,0.458528,0.011489,0.0335971,0.0111679,0.0224291,,
2957,2277,rejected,1,6.10525e-06,3.58674e-09,4.20862e-10,4.20862e-10,1.05667e-09,1.03263e-09,0.487103,0.0283935,0.456939,0.0112432,0.0113335,0.0113331,0,,
2958,2278,accepted,0,6.10525e-06,1.79337e-09,4.20029e-10,4.20029e-10,1.05344e-09,1.03263e-09,0,0,0,0.0110486,0.0338259,0.0113323,0.0224935,,
2959,2279,accepted,1,2.59694e-07,8.96685e-10,4.19744e-10,4.19744e-10,1.05391e-09,1.03263e-09,0.490529,0.0291127,0.459563,0.010702,0.033547,0.0112743,0.0222726,,
2960,2280,accepted,1,9.94791e-07,4.48342e-10,4.19401e-10,4.19401e-10,1.05557e-09,1.03263e-09,0.484509,0.0284305,0.454438,0.0096878,0.0338535,0.0112305,0.0226228,,
2961,2280,rejected,1,3.90415e-06,4.48342e-09,4.19401e-10,4.19401e-10,1.05557e-09,1.03263e-09,0.50704,0.0283177,0.476972,0.0098386,0.0111936,0.0111934,0,,
2962,2281,accepted,0,3.90415e-06,2.24171e-09,4.19007e-10,4.19007e-10,1.0537e-09,1.03263e-09,0,0,0,0.0109471,0.033769,0.0113238,0.0224451,,
2963,2282,accepted,1,1.64734e-07,1.12086e-09,4.18774e-10,4.18774e-10,1.05401e-09,1.03263e-09,0.477837,0.0283099,0.447899,0.0106015,0.0336781,0.011263,0.022415,,
2964,2283,accepted,1,6.34944e-07,5.60428e-10,4.18399e-10,4.18399e-10,1.05502e-09,1.03263e-09,0.508953,0.0287834,0.478489,0.0103106,0.0339847,0.0113754,0.0226092,,
2965,2283,rejected,1,2.49693e-06,5.60428e-09,4.18399e-10,4.18399e-10,1.05502e-09,1.03263e-09,0.488628,0.0286348,0.458269,0.0103943,0.0111802,0.0111801,0,,
2966,2284,accepted,0,2.49693e-06,2.80214e-09,4.18193e-10,4.18193e-10,1.05391e-09,1.03263e-09,0,0,0,0.01059,0.0335951,0.011255,0.0223401,,
2967,2285,accepted,1,1.04683e-07,1.40107e-09,4.18005e-10,4.18005e-10,1.05411e-09,1.03263e-09,0.514483,0.0329017,0.479914,0.0120332,0.0339331,0.0113673,0.0225658,,
2968,2286,accepted,1,4.05549e-07,7.00535e-10,4.17666e-10,4.17666e-10,1.05474e-09,1.03263e-09,0.517814,0.0287694,0.487357,0.0111967,0.0337977,0.0112282,0.0225693,,
2969,2287,accepted,1,1.59801e-06,3.50268e-10,4.17555e-10,4.17555e-10,1.05748e-09,1.03263e-09,0.477582,0.0285414,0.44737,0.0100166,0.0338099,0.011303,0.0225069,,
2970,2287,rejected,1,6.29052e-06,3.50268e-09,4.17555e-10,4.17555e-10,1.05748e-09,1.03263e-09,0.475192,0.028717,0.444763,0.0114966,0.0114283,0.011428,0,,
2971,2288,accepted,0,6.29052e-06,1.75134e-09,4.16716e-10,4.16716e-10,1.05423e-09,1.03263e-09,0,0,0,0.0113802,0.0335557,0.0112868,0.0222689,,
2972,2289,accepted,1,2.65113e-07,8.75669e-10,4.1643e-10,4.1643e-10,1.05466e-09,1.03263e-09,0.499157,0.0290025,0.468549,0.0098216,0.0337021,0.0113746,0.0223275,,
2973,2290,accepted,1,1.02565e-06,4.37834e-10,4.16088e-10,4.16088e-10,1.05626e-09,1.03263e-09,0.51711,0.0289637,0.486471,0.0098005,0.0341749,0.0115699,0.0226049,,
2974,2290,rejected,1,4.03651e-06,4.37834e-09,4.16088e-10,4.16088e-10,1.05626e-09,1.03263e-09,0.506001,0.0283647,0.476002,0.0110666,0.0113409,0.0113407,0,,
2975,2291,accepted,0,4.03651e-06,2.18917e-09,4.15692e-10,4.15692e-10,1.05438e-09,1.03263e-09,0,0,0,0.0101329,0.0337238,0.0112964,0.0224274,,
2976,2292,accepted,1,1.69126e-07,1.09459e-09,4.15458e-10,4.15458e-10,1.05466e-09,1.03263e-09,0.474163,0.0289235,0.443505,0.0106064,0.0338193,0.0112482,0.0225709,,
2977,2293,accepted,1,6.5713e-07,5.47293e-10,4.15084e-10,4.15084e-10,1.05561e-09,1.03263e-09,0.492271,0.0282363,0.462426,0.0116436,0.033742,0.0113581,0.0223839,,
2978,2293,rejected,1,2.58964e-06,5.47293e-09,4.15084e-10,4.15084e-10,1.05561e-09,1.03263e-09,0.521122,0.0290434,0.490465,0.0112038,0.0113687,0.0113685,0,,
2979,2294,accepted,0,2.58964e-06,2.73647e-09,4.14877e-10,4.14877e-10,1.05449e-09,1.03263e-09,0,0,0,0.0097768,0.0332523,0.0111282,0.022124,,
2980,2295,accepted,1,1.07969e-07,1.36823e-09,4.14688e-10,4.14688e-10,1.05467e-09,1.03263e-09,0.514896,0.0291964,0.483936,0.0100797,0.0335658,0.0112335,0.0223323,,
2981,2296,accepted,1,4.20978e-07,6.84116e-10,4.14349e-10,4.14349e-10,1.05526e-09,1.03263e-09,0.489769,0.0288602,0.459235,0.0119302,0.0338385,0.0112775,0.0225609,,
2982,2297,accepted,1,1.6615e-06,3.42058e-10,4.14243e-10,4.14243e-10,1.05791e-09,1.03263e-09,0.496295,0.0286204,0.466066,0.010705,0.033774,0.0112659,0.0225081,,
2983,2297,rejected,1,6.55025e-06,3.42058e-09,4.14243e-10,4.14243e-10,1.05791e-09,1.03263e-09,0.480538,0.0283914,0.450463,0.0115737,0.0112134,0.0112133,0,,
2984,2298,accepted,0,6.55025e-06,1.71029e-09,4.13398e-10,4.13398e-10,1.05464e-09,1.03263e-09,0,0,0,0.0112683,0.033863,0.0114577,0.0224052,,
2985,2299,accepted,1,2.73951e-07,8.55145e-10,4.13112e-10,4.13112e-10,1.05503e-09,1.03263e-09,0.494822,0.0295038,0.463647,0.0108884,0.0339133,0.0114083,0.022505,,
2986,2300,accepted,1,1.06933e-06,4.27573e-10,4.12771e-10,4.12771e-10,1.05656e-09,1.03263e-09,0.46816,0.0286592,0.437889,0.0107735,0.0336738,0.0112281,0.0224457,,
2987,2300,rejected,1,4.21654e-06,4.27573e-09,4.12771e-10,4.12771e-10,1.05656e-09,1.03263e-09,0.477256,0.028395,0.447088,0.0117305,0.0112904,0.0112902,0,,
2988,2301,accepted,0,4.21654e-06,2.13786e-09,4.12372e-10,4.12372e-10,1.05466e-09,1.03263e-09,0,0,0,0.0095312,0.0334834,0.0111507,0.0223327,,
2989,2302,accepted,1,1.75702e-07,1.06893e-09,4.12139e-10,4.12139e-10,1.05491e-09,1.03263e-09,0.481852,0.0290596,0.451129,0.0106918,0.0340763,0.0115669,0.0225094,,
2990,2303,accepted,1,6.87416e-07,5.34466e-10,4.11765e-10,4.11765e-10,1.0558e-09,1.03263e-09,0.51773,0.0284274,0.48759,0.0104339,0.0342449,0.0115861,0.0226587,,
2991,2303,rejected,1,2.71262e-06,5.34466e-09,4.11765e-10,4.11765e-10,1.0558e-09,1.03263e-09,0.477888,0.0284909,0.447744,0.010831,0.0112006,0.0112006,0,,
2992,2304,accepted,0,2.71262e-06,2.67233e-09,4.11557e-10,4.11557e-10,1.05468e-09,1.03263e-09,0,0,0,0.0108,0.0337338,0.0113183,0.0224154,,
2993,2305,accepted,1,1.1263e-07,1.33616e-09,4.11368e-10,4.11368e-10,1.05483e-09,1.03263e-09,0.499697,0.0286722,0.469352,0.0103041,0.0339551,0.0115244,0.0224307,,
2994,2306,accepted,1,4.415e-07,6.68082e-10,4.11029e-10,4.11029e-10,1.05536e-09,1.03263e-09,0.533768,0.0289358,0.503289,0.0092274,0.0337403,0.0112594,0.0224809,,
2995,2307,accepted,1,1.74413e-06,3.34041e-10,4.10929e-10,4.10929e-10,1.05791e-09,1.03263e-09,0.489773,0.0283864,0.459722,0.0103563,0.0341369,0.0114181,0.0227188,,
2996,2307,rejected,1,6.88045e-06,3.34041e-09,4.10929e-10,4.10929e-10,1.05791e-09,1.03263e-09,0.516033,0.0303631,0.483877,0.0117671,0.0114083,0.0114083,0,,
2997,2308,accepted,0,6.88045e-06,1.67021e-09,4.10076e-10,4.10076e-10,1.05464e-09,1.03263e-09,0,0,0,0.0110501,0.0338642,0.0114409,0.0224232,,
2998,2309,accepted,1,2.86196e-07,8.35103e-10,4.0979e-10,4.0979e-10,1.05498e-09,1.03263e-09,0.51544,0.0290704,0.484651,0.0117038,0.0337809,0.011355,0.0224258,,
2999,2310,accepted,1,1.12506e-06,4.17551e-10,4.09452e-10,4.09452e-10,1.05642e-09,1.03263e-09,0.495082,0.0287115,0.464715,0.0108668,0.0341316,0.0116728,0.0224586,,
3000,2310,rejected,1,4.44061e-06,4.17551e-09,4.09452e-10,4.09452e-10,1.05642e-09,1.03263e-09,0.508905,0.0287125,0.4785,0.0105272,0.0114279,0.0114277,0,,
3001,2311,accepted,0,4.44061e-06,2.08776e-09,4.09051e-10,4.09051e-10,1.05453e-09,1.03263e-09,0,0,0,0.0105494,0.0337168,0.0113923,0.0223245,,
3002,2312,accepted,1,1.84361e-07,1.04388e-09,4.08817e-10,4.08817e-10,1.05474e-09,1.03263e-09,0.506432,0.0284836,0.476227,0.0112153,0.0338321,0.0113236,0.0225084,,
3003,2313,accepted,1,7.25089e-07,5.21939e-10,4.08444e-10,4.08444e-10,1.05556e-09,1.03263e-09,0.49375,0.0291004,0.462986,0.0100891,0.034059,0.0114366,0.0226224,,
3004,2313,rejected,1,2.8628e-06,5.21939e-09,4.08444e-10,4.08444e-10,1.05556e-09,1.03263e-09,0.478158,0.0286098,0.447884,0.0112762,0.0113626,0.0113624,0,,
3005,2314,accepted,0,2.8628e-06,2.6097e-09,4.08235e-10,4.08235e-10,1.05443e-09,1.03263e-09,0,0,0,0.0114489,0.0336028,0.011163,0.0224398,,
3006,2315,accepted,1,1.18559e-07,1.30485e-09,4.08046e-10,4.08046e-10,1.05455e-09,1.03263e-09,0.502959,0.0292202,0.472096,0.0107044,0.03389,0.011333,0.022557,,
3007,2316,accepted,1,4.66549e-07,6.52424e-10,4.07707e-10,4.07707e-10,1.05503e-09,1.03263e-09,0.51377,0.0288004,0.483235,0.0110447,0.0338144,0.0113258,0.0224884,,
3008,2317,accepted,1,1.84356e-06,3.26212e-10,4.07616e-10,4.07616e-10,1.05746e-09,1.03263e-09,0.51042,0.0292316,0.479486,0.0107273,0.0338181,0.0112816,0.0225365,,
3009,2317,rejected,1,7.27196e-06,3.26212e-09,4.07616e-10,4.07616e-10,1.05746e-09,1.03263e-09,0.515157,0.0282452,0.485346,0.0107809,0.0114281,0.011428,0,,
3010,2318,accepted,0,7.27196e-06,1.63106e-09,4.06754e-10,4.06754e-10,1.05419e-09,1.03263e-09,0,0,0,0.010912,0.0340635,0.0112562,0.0228072,,
3011,2319,accepted,1,3.01506e-07,8.1553e-10,4.06468e-10,4.06468e-10,1.05449e-09,1.03263e-09,0.488912,0.0284436,0.458763,0.011047,0.0338878,0.0113254,0.0225624,,
3012,2320,accepted,1,1.19108e-06,4.07765e-10,4.06134e-10,4.06134e-10,1.05583e-09,1.03263e-09,0.489589,0.0294629,0.458502,0.0123013,0.0336729,0.0112641,0.0224088,,
3013,2320,rejected,1,4.70166e-06,4.07765e-09,4.06134e-10,4.06134e-10,1.05583e-09,1.03263e-09,0.487783,0.0286373,0.457511,0.013563,0.011334,0.0113339,0,,
3014,2321,accepted,0,4.70166e-06,2.03883e-09,4.05728e-10,4.05728e-10,1.05394e-09,1.03263e-09,0,0,0,0.0114492,0.0337255,0.0114048,0.0223207,,
3015,2322,accepted,1,1.94834e-07,1.01941e-09,4.05494e-10,4.05494e-10,1.05411e-09,1.03263e-09,0.51197,0.0282888,0.482104,0.0114077,0.0339655,0.0114795,0.0224859,,
3016,2323,accepted,1,7.68912e-07,5.09706e-10,4.05123e-10,4.05123e-10,1.05485e-09,1.03263e-09,0.50178,0.0287218,0.471331,0.0113233,0.0338318,0.0113995,0.0224322,,
3017,2323,rejected,1,3.03534e-06,5.09706e-09,4.05123e-10,4.05123e-10,1.05485e-09,1.03263e-09,0.507985,0.0289464,0.477449,0.0105029,0.0113205,0.0113205,0,,
3018,2324,accepted,0,3.03534e-06,2.54853e-09,4.04912e-10,4.04912e-10,1.05372e-09,1.03263e-09,0,0,0,0.0112892,0.0336457,0.0112699,0.0223756,,
3019,2325,accepted,1,1.25564e-07,1.27427e-09,4.04723e-10,4.04723e-10,1.05382e-09,1.03263e-09,0.494697,0.0292023,0.463774,0.0108241,0.0336952,0.0112856,0.0224095,,
3020,2326,accepted,1,4.95292e-07,6.37133e-10,4.04385e-10,4.04385e-10,1.05423e-09,1.03263e-09,0.522764,0.0297498,0.491257,0.0119299,0.0332961,0.0112916,0.0220045,,
3021,2327,accepted,1,1.95658e-06,3.18566e-10,4.04306e-10,4.04306e-10,1.05653e-09,1.03263e-09,0.492507,0.0288872,0.461906,0.0113517,0.0336864,0.0112746,0.0224117,,
3022,2327,rejected,1,7.71266e-06,3.18566e-09,4.04306e-10,4.04306e-10,1.05653e-09,1.03263e-09,0.48595,0.0285218,0.455788,0.0107294,0.0112705,0.0112704,0,,
3023,2328,accepted,0,7.71266e-06,1.59283e-09,4.03431e-10,4.03431e-10,1.05327e-09,1.03263e-09,0,0,0,0.0124205,0.0326282,0.0116178,0.0210103,,
3024,2329,accepted,1,3.19349e-07,7.96416e-10,4.03146e-10,4.03146e-10,1.05352e-09,1.03263e-09,0.475757,0.0291957,0.444786,0.0114019,0.033867,0.0113552,0.0225117,,
3025,2330,accepted,1,1.26524e-06,3.98208e-10,4.02817e-10,4.02817e-10,1.05475e-09,1.03263e-09,0.508202,0.0286203,0.477979,0.0105513,0.0335178,0.0112182,0.0222995,,
3026,2330,rejected,1,4.99183e-06,3.98208e-09,4.02817e-10,4.02817e-10,1.05475e-09,1.03263e-09,0.507604,0.028463,0.477572,0.0109668,0.0113176,0.0113176,0,,
3027,2331,accepted,0,4.99183e-06,1.99104e-09,4.02406e-10,4.02406e-10,1.05288e-09,1.03263e-09,0,0,0,0.0104973,0.0337673,0.0113796,0.0223877,,
3028,2332,accepted,1,2.0676e-07,9.9552e-10,4.02172e-10,4.02172e-10,1.05301e-09,1.03263e-09,0.476076,0.0288351,0.445531,0.0108917,0.0339547,0.0113018,0.0226529,,
3029,2333,accepted,1,8.17468e-07,4.9776e-10,4.01804e-10,4.01804e-10,1.05367e-09,1.03263e-09,0.518008,0.0286902,0.48763,0.0118397,0.0339195,0.0113778,0.0225417,,
3030,2333,rejected,1,3.22514e-06,4.9776e-09,4.01804e-10,4.01804e-10,1.05367e-09,1.03263e-09,0.516095,0.0283096,0.486203,0.0103062,0.0114746,0.0114746,0,,
3031,2334,accepted,0,3.22514e-06,2.4888e-09,4.01591e-10,4.01591e-10,1.05254e-09,1.03263e-09,0,0,0,0.0109805,0.0336846,0.0113139,0.0223707,,
3032,2335,accepted,1,1.33409e-07,1.2444e-09,4.01402e-10,4.01402e-10,1.05261e-09,1.03263e-09,0.514826,0.0282766,0.48498,0.0114112,0.0336089,0.0112445,0.0223644,,
3033,2336,accepted,1,5.26822e-07,6.222e-10,4.01065e-10,4.01065e-10,1.05295e-09,1.03263e-09,0.510343,0.0291243,0.479558,0.0108626,0.0340136,0.0113157,0.0226979,,
3034,2337,accepted,1,2.07988e-06,3.111e-10,4.01002e-10,4.01002e-10,1.05511e-09,1.03263e-09,0.504405,0.0289677,0.473784,0.0108864,0.0341383,0.0114317,0.0227066,,
3035,2337,rejected,1,8.19105e-06,3.111e-09,4.01002e-10,4.01002e-10,1.05511e-09,1.03263e-09,0.504596,0.0290858,0.473873,0.009007,0.0112223,0.0112223,0,,
3036,2338,accepted,0,8.19105e-06,1.5555e-09,4.00111e-10,4.00111e-10,1.05189e-09,1.03263e-09,0,0,0,0.0104289,0.0338044,0.0113074,0.0224969,,
3037,2339,accepted,1,3.39166e-07,7.7775e-10,3.99827e-10,3.99827e-10,1.05208e-09,1.03263e-09,0.483452,0.0285453,0.45326,0.0105076,0.0335515,0.011216,0.0223354,,
3038,2340,accepted,1,1.34548e-06,3.88875e-10,3.99505e-10,3.99505e-10,1.0532e-09,1.03263e-09,0.495289,0.0285432,0.465007,0.0119087,0.0339695,0.0112829,0.0226866,,
3039,2340,rejected,1,5.30399e-06,3.88875e-09,3.99505e-10,3.99505e-10,1.0532e-09,1.03263e-09,0.478013,0.0282111,0.448136,0.0111064,0.0112518,0.0112516,0,,
3040,2341,accepted,0,5.30399e-06,1.94438e-09,3.99087e-10,3.99087e-10,1.05134e-09,1.03263e-09,0,0,0,0.0125824,0.0336072,0.0113387,0.0222684,,
3041,2342,accepted,1,2.19796e-07,9.72188e-10,3.98853e-10,3.98853e-10,1.05143e-09,1.03263e-09,0.500897,0.0283517,0.47099,0.010048,0.0338091,0.011254,0.0225551,,
3042,2343,accepted,1,8.69533e-07,4.86094e-10,3.98488e-10,3.98488e-10,1.052e-09,1.03263e-09,0.495392,0.0285356,0.465124,0.0121619,0.0339136,0.0113595,0.0225541,,
3043,2343,rejected,1,3.42781e-06,4.86094e-09,3.98488e-10,3.98488e-10,1.052e-09,1.03263e-09,0.530596,0.0287213,0.500155,0.0095942,0.0112205,0.0112204,0,,
3044,2344,accepted,0,3.42781e-06,2.43047e-09,3.98272e-10,3.98272e-10,1.0509e-09,1.03263e-09,0,0,0,0.0111473,0.0336867,0.0112867,0.0223999,,
3045,2345,accepted,1,1.41889e-07,1.21523e-09,3.98084e-10,3.98084e-10,1.05093e-09,1.03263e-09,0.457921,0.0292932,0.426943,0.0124796,0.0338342,0.011346,0.0224882,,
3046,2346,accepted,1,5.604e-07,6.07617e-10,3.97749e-10,3.97749e-10,1.0512e-09,1.03263e-09,0.472758,0.0287151,0.442388,0.0109249,0.0338571,0.0114065,0.0224505,,
3047,2347,accepted,1,2.21089e-06,3.03809e-10,3.97707e-10,3.97707e-10,1.05322e-09,1.03263e-09,0.493147,0.0280942,0.463263,0.010287,0.033825,0.0113685,0.0224564,,
3048,2347,rejected,1,8.69875e-06,3.03809e-09,3.97707e-10,3.97707e-10,1.05322e-09,1.03263e-09,0.477443,0.028414,0.447344,0.0104207,0.0115463,0.0115463,0,,
3049,2348,accepted,0,8.69875e-06,1.51904e-09,3.96794e-10,3.96794e-10,1.05003e-09,1.03263e-09,0,0,0,0.0107292,0.0337103,0.0112583,0.0224518,,
3050,2349,accepted,1,3.60482e-07,7.59522e-10,3.96511e-10,3.96511e-10,1.05017e-09,1.03263e-09,0.496202,0.0290033,0.465543,0.0112841,0.0340551,0.0114421,0.0226129,,
3051,2350,accepted,1,1.43028e-06,3.79761e-10,3.96198e-10,3.96198e-10,1.05117e-09,1.03263e-09,0.49954,0.0282042,0.469532,0.0103789,0.0342367,0.0114788,0.0227578,,
3052,2350,rejected,1,5.63365e-06,3.79761e-09,3.96198e-10,3.96198e-10,1.05117e-09,1.03263e-09,0.488851,0.0285694,0.4585,0.010773,0.0112631,0.0112629,0,,
3053,2351,accepted,0,5.63365e-06,1.8988e-09,3.95771e-10,3.95771e-10,1.04935e-09,1.03263e-09,0,0,0,0.0109912,0.0339193,0.011385,0.0225342,,
3054,2352,accepted,1,2.33668e-07,9.49402e-10,3.95539e-10,3.95539e-10,1.0494e-09,1.03263e-09,0.458711,0.02862,0.428451,0.0111048,0.0336515,0.0113084,0.022343,,
3055,2353,accepted,1,9.24211e-07,4.74701e-10,3.95178e-10,3.95178e-10,1.04987e-09,1.03263e-09,0.514857,0.0284428,0.484731,0.0109605,0.0340057,0.0113356,0.0226701,,
3056,2353,rejected,1,3.64081e-06,4.74701e-09,3.95178e-10,3.95178e-10,1.04987e-09,1.03263e-09,0.505179,0.0286897,0.474855,0.0104851,0.0113016,0.0113014,0,,
3057,2354,accepted,0,3.64081e-06,2.37351e-09,3.94958e-10,3.94958e-10,1.04879e-09,1.03263e-09,0,0,0,0.0103688,0.034234,0.0114571,0.0227769,,
3058,2355,accepted,1,1.5085e-07,1.18675e-09,3.9477e-10,3.9477e-10,1.04879e-09,1.03263e-09,0.483243,0.0287542,0.452795,0.0119948,0.0339121,0.011317,0.022595,,
3059,2356,accepted,1,5.95538e-07,5.93376e-10,3.94437e-10,3.94437e-10,1.049e-09,1.03263e-09,0.492605,0.0298684,0.460959,0.0112972,0.0335596,0.0113234,0.0222362,,
3060,2357,accepted,1,2.34814e-06,2.96688e-10,3.94423e-10,3.94423e-10,1.05086e-09,1.03263e-09,0.510464,0.0286416,0.480038,0.0115218,0.0337443,0.0112326,0.0225117,,
3061,2357,rejected,1,9.23162e-06,2.96688e-09,3.94423e-10,3.94423e-10,1.05086e-09,1.03263e-09,0.500406,0.0286874,0.46998,0.0112962,0.0112586,0.0112585,0,,
3062,2358,accepted,0,9.23162e-06,1.48344e-09,3.93482e-10,3.93482e-10,1.04773e-09,1.03263e-09,0,0,0,0.011038,0.0342951,0.0114506,0.0228445,,
3063,2359,accepted,1,3.82995e-07,7.4172e-10,3.932e-10,3.932e-10,1.04782e-09,1.03263e-09,0.498577,0.02821,0.468739,0.0104133,0.0339692,0.011327,0.0226421,,
3064,2360,accepted,1,1.51885e-06,3.7086e-10,3.929e-10,3.929e-10,1.0487e-09,1.03263e-09,0.49536,0.0286555,0.465022,0.0113136,0.0339027,0.0113385,0.0225641,,
3065,2360,rejected,1,5.9785e-06,3.7086e-09,3.929e-10,3.929e-10,1.0487e-09,1.03263e-09,0.496242,0.0283118,0.466236,0.0105656,0.0113067,0.0113066,0,,
3066,2361,accepted,0,5.9785e-06,1.8543e-09,3.92461e-10,3.92461e-10,1.04692e-09,1.03263e-09,0,0,0,0.0108135,0.0338903,0.0113421,0.0225481,,
3067,2362,accepted,1,2.48237e-07,9.27151e-10,3.92229e-10,3.92229e-10,1.04692e-09,1.03263e-09,0.511467,0.0282657,0.481501,0.0104701,0.0341089,0.0113812,0.0227276,,
3068,2363,accepted,1,9.81195e-07,4.63575e-10,3.91874e-10,3.91874e-10,1.04731e-09,1.03263e-09,0.496192,0.0285863,0.465965,0.0115736,0.0335548,0.0112592,0.0222956,,
3069,2363,rejected,1,3.86345e-06,4.63575e-09,3.91874e-10,3.91874e-10,1.04731e-09,1.03263e-09,0.497839,0.0291664,0.467043,0.0100074,0.0113383,0.0113383,0,,
3070,2364,accepted,0,3.86345e-06,2.31788e-09,3.91649e-10,3.91649e-10,1.04625e-09,1.03263e-09,0,0,0,0.0107276,0.0336545,0.0112081,0.0224462,,
3071,2365,accepted,1,1.60228e-07,1.15894e-09,3.91461e-10,3.91461e-10,1.04622e-09,1.03263e-09,0.507045,0.0288776,0.476453,0.0106653,0.033841,0.0113323,0.0225086,,
3072,2366,accepted,1,6.32097e-07,5.79469e-10,3.91131e-10,3.91131e-10,1.04636e-09,1.03263e-09,0.495214,0.0281154,0.465403,0.0108304,0.034093,0.0112817,0.0228112,,
3073,2366,rejected,1,2.49139e-06,5.79469e-09,3.91131e-10,3.91131e-10,1.04636e-09,1.03263e-09,0.493089,0.0284343,0.462943,0.0113512,0.0113589,0.0113588,0,,
3074,2367,accepted,0,2.49139e-06,2.89735e-09,3.91002e-10,3.91002e-10,1.04572e-09,1.03263e-09,0,0,0,0.0118784,0.0338657,0.0113196,0.022546,,
3075,2368,accepted,1,1.03144e-07,1.44867e-09,3.90852e-10,3.90852e-10,1.04567e-09,1.03263e-09,0.513494,0.0283672,0.483442,0.0116487,0.0332502,0.01113,0.0221202,,
3076,2369,accepted,1,4.06521e-07,7.24336e-10,3.90569e-10,3.90569e-10,1.04568e-09,1.03263e-09,0.512387,0.0288937,0.481883,0.0105417,0.0338881,0.0113217,0.0225663,,
3077,2370,accepted,1,1.60415e-06,3.62168e-10,3.90285e-10,3.90285e-10,1.04646e-09,1.03263e-09,0.49949,0.0279048,0.4699,0.0110351,0.0334221,0.0112643,0.0221577,,
3078,2370,rejected,1,6.31467e-06,3.62168e-09,3.90285e-10,3.90285e-10,1.04646e-09,1.03263e-09,0.50131,0.0282925,0.471352,0.010204,0.011281,0.0112809,0,,
3079,2371,accepted,0,6.31467e-06,1.81084e-09,3.89827e-10,3.89827e-10,1.0447e-09,1.03263e-09,0,0,0,0.0100914,0.0337612,0.0112268,0.0225344,,
3080,2372,accepted,1,2.61994e-07,9.0542e-10,3.89594e-10,3.89594e-10,1.04467e-09,1.03263e-09,0.520104,0.0291019,0.489257,0.0114714,0.0343057,0.0113546,0.0229511,,
3081,2373,accepted,1,1.03546e-06,4.5271e-10,3.89245e-10,3.89245e-10,1.04499e-09,1.03263e-09,0.514279,0.0287802,0.483934,0.0104545,0.0337295,0.0113598,0.0223697,,
3082,2373,rejected,1,4.08084e-06,4.5271e-09,3.89245e-10,3.89245e-10,1.04499e-09,1.03263e-09,0.488867,0.0291179,0.458184,0.0102186,0.0117491,0.0117488,0,,
3083,2374,accepted,0,4.08084e-06,2.26355e-09,3.89012e-10,3.89012e-10,1.04395e-09,1.03263e-09,0,0,0,0.0111632,0.0340808,0.0115594,0.0225214,,
3084,2375,accepted,1,1.69277e-07,1.13178e-09,3.88824e-10,3.88824e-10,1.0439e-09,1.03263e-09,0.521833,0.0286379,0.491452,0.0116619,0.0335821,0.0112437,0.0223383,,
3085,2376,accepted,1,6.67586e-07,5.65888e-10,3.88496e-10,3.88496e-10,1.04398e-09,1.03263e-09,0.495508,0.0286941,0.465175,0.0104643,0.0340282,0.0112219,0.0228061,,
3086,2376,rejected,1,2.63259e-06,5.65888e-09,3.88496e-10,3.88496e-10,1.04398e-09,1.03263e-09,0.488034,0.0288239,0.457538,0.0117247,0.0113162,0.011316,0,,
3087,2377,accepted,0,2.63259e-06,2.82944e-09,3.88363e-10,3.88363e-10,1.04335e-09,1.03263e-09,0,0,0,0.0117252,0.0339198,0.0114994,0.0224203,,
3088,2378,accepted,1,1.09025e-07,1.41472e-09,3.88212e-10,3.88212e-10,1.04329e-09,1.03263e-09,0.473635,0.0292295,0.442715,0.0107311,0.0338451,0.011318,0.022527,,
3089,2379,accepted,1,4.29498e-07,7.0736e-10,3.8793e-10,3.8793e-10,1.04326e-09,1.03263e-09,0.488532,0.0282311,0.45862,0.0107115,0.0342939,0.0112812,0.0230127,,
3090,2380,accepted,1,1.69534e-06,3.5368e-10,3.87666e-10,3.87666e-10,1.04397e-09,1.03263e-09,0.489979,0.0284925,0.459836,0.0117855,0.0339362,0.0113337,0.0226024,,
3091,2380,rejected,1,6.67582e-06,3.5368e-09,3.87666e-10,3.87666e-10,1.04397e-09,1.03263e-09,0.502702,0.0288337,0.472219,0.0104119,0.011356,0.0113558,0,,
3092,2381,accepted,0,6.67582e-06,1.7684e-09,3.87184e-10,3.87184e-10,1.04223e-09,1.03263e-09,0,0,0,0.0112672,0.0339293,0.011351,0.0225783,,
3093,2382,accepted,1,2.77069e-07,8.842e-10,3.86952e-10,3.86952e-10,1.04217e-09,1.03263e-09,0.483488,0.0291869,0.45264,0.0117396,0.0337506,0.0113251,0.0224253,,
3094,2383,accepted,1,1.09448e-06,4.421e-10,3.86611e-10,3.86611e-10,1.04243e-09,1.03263e-09,0.494318,0.028332,0.464361,0.0110396,0.0337656,0.0113157,0.0224499,,
3095,2383,rejected,1,4.31472e-06,4.421e-09,3.86611e-10,3.86611e-10,1.04243e-09,1.03263e-09,0.50387,0.0289641,0.473154,0.0109295,0.0113541,0.0113538,0,,
3096,2384,accepted,0,4.31472e-06,2.2105e-09,3.86367e-10,3.86367e-10,1.04142e-09,1.03263e-09,0,0,0,0.0107575,0.0336292,0.0113489,0.0222803,,
3097,2385,accepted,1,1.79035e-07,1.10525e-09,3.86179e-10,3.86179e-10,1.04134e-09,1.03263e-09,0.490693,0.0290732,0.45998,0.0112402,0.0340519,0.0113143,0.0227376,,
3098,2386,accepted,1,7.05712e-07,5.52625e-10,3.85853e-10,3.85853e-10,1.04138e-09,1.03263e-09,0.466149,0.0288618,0.435576,0.0105474,0.0335807,0.0112846,0.022296,,
3099,2386,rejected,1,2.78373e-06,5.52625e-09,3.85853e-10,3.85853e-10,1.04138e-09,1.03263e-09,0.489265,0.0285336,0.459007,0.0113287,0.0113398,0.0113395,0,,
3100,2387,accepted,0,2.78373e-06,2.76312e-09,3.85717e-10,3.85717e-10,1.04077e-09,1.03263e-09,0,0,0,0.0115043,0.033756,0.0114944,0.0222616,,
3101,2388,accepted,1,1.15319e-07,1.38156e-09,3.85565e-10,3.85565e-10,1.04069e-09,1.03263e-09,0.503464,0.0292489,0.472505,0.0105414,0.0339351,0.0113255,0.0226095,,
3102,2389,accepted,1,4.54062e-07,6.90781e-10,3.85284e-10,3.85284e-10,1.04063e-09,1.03263e-09,0.482628,0.0285838,0.452459,0.0104502,0.0340773,0.0112742,0.0228031,,
3103,2390,accepted,1,1.79278e-06,3.4539e-10,3.85044e-10,3.85044e-10,1.04126e-09,1.03263e-09,0.535644,0.0287318,0.505301,0.011447,0.033827,0.0113077,0.0225192,,
3104,2390,rejected,1,7.06181e-06,3.4539e-09,3.85044e-10,3.85044e-10,1.04126e-09,1.03263e-09,0.5274,0.0295415,0.496164,0.0114237,0.0113452,0.011345,0,,
3105,2391,accepted,0,7.06181e-06,1.72695e-09,3.84534e-10,3.84534e-10,1.03956e-09,1.03263e-09,0,0,0,0.0120077,0.0338881,0.0113789,0.0225091,,
3106,2392,accepted,1,2.93173e-07,8.63476e-10,3.84302e-10,3.84302e-10,1.03948e-09,1.03263e-09,0.470226,0.0287215,0.439746,0.0102765,0.0337928,0.0113165,0.0224763,,
3107,2393,accepted,1,1.15753e-06,4.31738e-10,3.8397e-10,3.8397e-10,1.03968e-09,1.03263e-09,0.502773,0.0285715,0.472538,0.0121583,0.0336051,0.0113243,0.0222808,,
3108,2393,rejected,1,4.56488e-06,4.31738e-09,3.8397e-10,3.8397e-10,1.03968e-09,1.03263e-09,0.49219,0.028066,0.462504,0.0105207,0.0112573,0.0112569,0,,
3109,2394,accepted,0,4.56488e-06,2.15869e-09,3.83715e-10,3.83715e-10,1.03869e-09,1.03263e-09,0,0,0,0.0112236,0.0339227,0.0112918,0.0226309,,
3110,2395,accepted,1,1.8945e-07,1.07935e-09,3.83526e-10,3.83526e-10,1.0386e-09,1.03263e-09,0.464932,0.0280907,0.435031,0.0109623,0.0340197,0.0112778,0.0227419,,
3111,2396,accepted,1,7.46424e-07,5.39673e-10,3.83205e-10,3.83205e-10,1.0386e-09,1.03263e-09,0.490683,0.0287358,0.460334,0.0106253,0.0337606,0.0113417,0.0224188,,
3112,2396,rejected,1,2.94551e-06,5.39673e-09,3.83205e-10,3.83205e-10,1.0386e-09,1.03263e-09,0.479774,0.0281052,0.450042,0.0106837,0.0112108,0.0112107,0,,
3113,2397,accepted,0,2.94551e-06,2.69836e-09,3.83063e-10,3.83063e-10,1.038e-09,1.03263e-09,0,0,0,0.0108164,0.034406,0.0119294,0.0224765,,
3114,2398,accepted,1,1.22037e-07,1.34918e-09,3.82911e-10,3.82911e-10,1.03791e-09,1.03263e-09,0.520988,0.0286648,0.49073,0.0111793,0.0338842,0.0112876,0.0225964,,
3115,2399,accepted,1,4.80308e-07,6.74591e-10,3.82631e-10,3.82631e-10,1.03782e-09,1.03263e-09,0.477616,0.0279547,0.448082,0.0113772,0.0331751,0.0112468,0.0219282,,
3116,2400,accepted,1,1.89718e-06,3.37295e-10,3.82421e-10,3.82421e-10,1.03839e-09,1.03263e-09,0.483508,0.0289096,0.452947,0.0100498,0.0340797,0.0113349,0.0227446,,
3117,2400,rejected,1,7.47663e-06,3.37295e-09,3.82421e-10,3.82421e-10,1.03839e-09,1.03263e-09,0.504802,0.0283679,0.47441,0.0114943,0.0113374,0.0113373,0,,
3118,2401,accepted,0,7.47663e-06,1.68648e-09,3.81877e-10,3.81877e-10,1.03673e-09,1.03263e-09,0,0,0,0.0106675,0.034413,0.0113189,0.0230941,,
3119,2402,accepted,1,3.10408e-07,8.43238e-10,3.81645e-10,3.81645e-10,1.03663e-09,1.03263e-09,0.491715,0.0285916,0.461512,0.0106037,0.033856,0.0112402,0.0226158,,
3120,2403,accepted,1,1.2251e-06,4.21619e-10,3.81326e-10,3.81326e-10,1.03677e-09,1.03263e-09,0.493993,0.0285074,0.463765,0.0100978,0.0339816,0.0113294,0.022652,,
3121,2403,rejected,1,4.83403e-06,4.21619e-09,3.81326e-10,3.81326e-10,1.03677e-09,1.03263e-09,0.498538,0.0288522,0.467965,0.0108312,0.0113044,0.0113042,0,,
3122,2404,accepted,0,4.83403e-06,2.1081e-09,3.81056e-10,3.81056e-10,1.03582e-09,1.03263e-09,0,0,0,0.0100971,0.0337297,0.0112103,0.0225193,,
3123,2405,accepted,1,2.00603e-07,1.05405e-09,3.80867e-10,3.80867e-10,1.03571e-09,1.03263e-09,0.494219,0.0287292,0.463821,0.0114979,0.0340174,0.011462,0.0225554,,
3124,2406,accepted,1,7.90117e-07,5.27024e-10,3.8055e-10,3.8055e-10,1.03567e-09,1.03263e-09,0.473823,0.028859,0.443367,0.0103489,0.0338392,0.0112514,0.0225878,,
3125,2406,rejected,1,3.11968e-06,5.27024e-09,3.8055e-10,3.8055e-10,1.03567e-09,1.03263e-09,0.492378,0.0285599,0.462139,0.0110328,0.0112577,0.0112575,0,,
3126,2407,accepted,0,3.11968e-06,2.63512e-09,3.80402e-10,3.80402e-10,1.03511e-09,1.03263e-09,0,0,0,0.012252,0.0338844,0.0112442,0.0226402,,
3127,2408,accepted,1,1.29241e-07,1.31756e-09,3.8025e-10,3.8025e-10,1.035e-09,1.03263e-09,0.484668,0.0286983,0.454344,0.0103827,0.0338449,0.0112807,0.0225641,,
3128,2409,accepted,1,5.08508e-07,6.5878e-10,3.79971e-10,3.79971e-10,1.03488e-09,1.03263e-09,0.49289,0.0285583,0.462643,0.0103387,0.0339671,0.0112576,0.0227094,,
3129,2410,accepted,1,2.00968e-06,3.2939e-10,3.79799e-10,3.79799e-10,1.03539e-09,1.03263e-09,0.508584,0.0287867,0.478202,0.0104554,0.0339985,0.0113916,0.0226068,,
3130,2410,rejected,1,7.92465e-06,3.2939e-09,3.79799e-10,3.79799e-10,1.03539e-09,1.03263e-09,0.494501,0.0284717,0.464411,0.0100445,0.0112797,0.0112795,0,,
3131,2411,accepted,0,7.92465e-06,1.64695e-09,3.79213e-10,3.79213e-10,1.03378e-09,1.03263e-09,0,0,0,0.0112332,0.0334952,0.0113803,0.0221148,,
3132,2412,accepted,1,3.28961e-07,8.23475e-10,3.78981e-10,3.78981e-10,1.03366e-09,1.03263e-09,0.504802,0.0282938,0.474762,0.0109383,0.0340026,0.0113659,0.0226366,,
3133,2413,accepted,1,1.298e-06,4.11738e-10,3.78677e-10,3.78677e-10,1.03376e-09,1.03263e-09,0.490331,0.0291226,0.459557,0.0118649,0.0337457,0.0112333,0.0225123,,
3134,2413,rejected,1,5.12513e-06,4.11738e-09,3.78677e-10,3.78677e-10,1.03376e-09,1.03263e-09,0.492231,0.0284647,0.461992,0.0110389,0.0123447,0.0123446,0,,
3135,2414,accepted,0,5.12513e-06,2.05869e-09,3.78389e-10,3.78389e-10,1.03286e-09,1.03263e-09,0,0,0,0.0113745,0.0340445,0.011593,0.0224513,,
3136,2415,accepted,1,2.12622e-07,1.02934e-09,3.78201e-10,3.78201e-10,1.03273e-09,1.03263e-09,0.504286,0.029059,0.473533,0.0100221,0.0338818,0.0113573,0.0225245,,
3137,2416,accepted,1,8.37308e-07,5.14672e-10,3.7789e-10,3.7789e-10,1.03266e-09,1.03263e-09,0.497841,0.0288311,0.467337,0.0109094,0.0338278,0.0113029,0.0225249,,
3138,2416,rejected,1,3.3083e-06,5.14672e-09,3.7789e-10,3.7789e-10,1.03266e-09,1.03263e-09,0.480986,0.0282286,0.450909,0.0110481,0.0113893,0.0113891,0,,
3139,2417,accepted,0,3.3083e-06,2.57336e-09,3.77734e-10,3.77734e-10,1.03212e-09,1.03212e-09,0,0,0,0.0117135,0.0336812,0.0113089,0.0223723,,best_validation_checkpoint_1.bin
3140,2418,accepted,1,1.37011e-07,1.28668e-09,3.77582e-10,3.77582e-10,1.03201e-09,1.03201e-09,0.518695,0.0294033,0.487591,0.0109288,0.0323267,0.0113429,0.0209838,,best_validation_checkpoint_0.bin
3141,2419,accepted,1,5.38995e-07,6.4334e-10,3.77305e-10,3.77305e-10,1.03187e-09,1.03187e-09,0.485903,0.0290973,0.455188,0.0104167,0.0338224,0.0111995,0.0226228,,best_validation_checkpoint_1.bin
3142,2420,accepted,1,2.1316e-06,3.2167e-10,3.77179e-10,3.77179e-10,1.03233e-09,1.03187e-09,0.500282,0.0295388,0.468924,0.0113082,0.0337974,0.0113078,0.0224896,,
3143,2420,rejected,1,8.41124e-06,3.2167e-09,3.77179e-10,3.77179e-10,1.03233e-09,1.03187e-09,0.503641,0.028382,0.473629,0.0103832,0.0113155,0.0113152,0,,
3144,2421,accepted,0,8.41124e-06,1.60835e-09,3.76543e-10,3.76543e-10,1.03078e-09,1.03078e-09,0,0,0,0.0103097,0.0337316,0.0112377,0.0224938,,best_validation_checkpoint_0.bin
3145,2422,accepted,1,3.49035e-07,8.04175e-10,3.76312e-10,3.76312e-10,1.03064e-09,1.03064e-09,0.524699,0.0289543,0.494076,0.0107225,0.033809,0.0113409,0.022468,,best_validation_checkpoint_1.bin
3146,2423,accepted,1,1.37706e-06,4.02087e-10,3.76026e-10,3.76026e-10,1.03071e-09,1.03064e-09,0.515985,0.0283858,0.48553,0.0119784,0.0340716,0.0115002,0.0225713,,
3147,2423,rejected,1,5.44147e-06,4.02087e-09,3.76026e-10,3.76026e-10,1.03071e-09,1.03064e-09,0.495816,0.0285441,0.465604,0.0128398,0.0112265,0.0112265,0,,
3148,2424,accepted,0,5.44147e-06,2.01044e-09,3.75717e-10,3.75717e-10,1.02985e-09,1.02985e-09,0,0,0,0.0106283,0.033575,0.011205,0.02237,,best_validation_checkpoint_0.bin
3149,2425,accepted,1,2.25639e-07,1.00522e-09,3.75528e-10,3.75528e-10,1.02972e-09,1.02972e-09,0.49771,0.030386,0.465728,0.013199,0.0339006,0.0113591,0.0225414,,best_validation_checkpoint_1.bin
3150,2426,accepted,1,8.88542e-07,5.02609e-10,3.75225e-10,3.75225e-10,1.02961e-09,1.02961e-09,0.498635,0.0286891,0.468261,0.0114708,0.0338649,0.0113357,0.022529,,best_validation_checkpoint_0.bin
3151,2426,rejected,1,3.51349e-06,5.02609e-09,3.75225e-10,3.75225e-10,1.02961e-09,1.02961e-09,0.504632,0.0285217,0.474408,0.0106921,0.0113083,0.0113081,0,,
3152,2427,accepted,0,3.51349e-06,2.51305e-09,3.7506e-10,3.7506e-10,1.02911e-09,1.02911e-09,0,0,0,0.0113168,0.0339088,0.0114657,0.0224429,,best_validation_checkpoint_1.bin
3153,2428,accepted,1,1.45435e-07,1.25652e-09,3.74908e-10,3.74908e-10,1.029e-09,1.029e-09,0.509921,0.0295836,0.478764,0.0101331,0.0337729,0.0112902,0.0224825,,best_validation_checkpoint_0.bin
3154,2429,accepted,1,5.72122e-07,6.28262e-10,3.74634e-10,3.74634e-10,1.02883e-09,1.02883e-09,0.485692,0.0284577,0.455508,0.0105379,0.0338546,0.0112283,0.0226262,,best_validation_checkpoint_1.bin
3155,2430,accepted,1,2.26426e-06,3.14131e-10,3.74564e-10,3.74564e-10,1.02927e-09,1.02883e-09,0.481048,0.0301784,0.44906,0.0108972,0.0337759,0.0112873,0.0224884,,
3156,2430,rejected,1,8.94123e-06,3.14131e-09,3.74564e-10,3.74564e-10,1.02927e-09,1.02883e-09,0.481791,0.0283213,0.451719,0.0114849,0.0112429,0.0112428,0,,
3157,2431,accepted,0,8.94123e-06,1.57065e-09,3.73866e-10,3.73866e-10,1.02778e-09,1.02778e-09,0,0,0,0.0111522,0.0337868,0.011319,0.0224678,,best_validation_checkpoint_0.bin
3158,2432,accepted,1,3.70846e-07,7.85327e-10,3.73636e-10,3.73636e-10,1.02763e-09,1.02763e-09,0.503771,0.0289177,0.473222,0.0104215,0.0337833,0.0111961,0.022587,,best_validation_checkpoint_1.bin
3159,2433,accepted,1,1.46313e-06,3.92664e-10,3.73374e-10,3.73374e-10,1.02767e-09,1.02763e-09,0.512808,0.0281552,0.482896,0.0110929,0.0337739,0.0113977,0.0223761,,
3160,2433,rejected,1,5.78625e-06,3.92664e-09,3.73374e-10,3.73374e-10,1.02767e-09,1.02763e-09,0.506866,0.0284713,0.47658,0.0108588,0.0113411,0.011341,0,,
3161,2434,accepted,0,5.78625e-06,1.96332e-09,3.73038e-10,3.73038e-10,1.02686e-09,1.02686e-09,0,0,0,0.0114223,0.0337738,0.0114848,0.0222888,,best_validation_checkpoint_0.bin
3162,2435,accepted,1,2.39791e-07,9.81659e-10,3.7285e-10,3.7285e-10,1.02672e-09,1.02672e-09,0.500052,0.0286287,0.469703,0.0115809,0.0338791,0.0114868,0.0223923,,best_validation_checkpoint_1.bin
3163,2436,accepted,1,9.44357e-07,4.90829e-10,3.72556e-10,3.72556e-10,1.0266e-09,1.0266e-09,0.501439,0.0294483,0.470285,0.009999,0.0336592,0.0111928,0.0224663,,best_validation_checkpoint_0.bin
3164,2436,rejected,1,3.73712e-06,4.90829e-09,3.72556e-10,3.72556e-10,1.0266e-09,1.0266e-09,0.487482,0.028327,0.457461,0.0105972,0.0111381,0.0111379,0,,
3165,2437,accepted,0,3.73712e-06,2.45415e-09,3.72379e-10,3.72379e-10,1.02614e-09,1.02614e-09,0,0,0,0.0107641,0.0339343,0.0113521,0.0225821,,best_validation_checkpoint_1.bin
3166,2438,accepted,1,1.54596e-07,1.22707e-09,3.72227e-10,3.72227e-10,1.02602e-09,1.02602e-09,0.510354,0.0313066,0.477361,0.0101572,0.033797,0.0112935,0.0225034,,best_validation_checkpoint_0.bin
3167,2439,accepted,1,6.08224e-07,6.13537e-10,3.71957e-10,3.71957e-10,1.02585e-09,1.02585e-09,0.492922,0.0284374,0.462826,0.0105082,0.0338303,0.0112838,0.0225463,,best_validation_checkpoint_1.bin
3168,2440,accepted,1,2.40892e-06,3.06768e-10,3.71956e-10,3.71956e-10,1.02628e-09,1.02585e-09,0.474567,0.0299527,0.442968,0.0115571,0.0339338,0.0112649,0.0226688,,
3169,2440,rejected,1,9.51891e-06,3.06768e-09,3.71956e-10,3.71956e-10,1.02628e-09,1.02585e-09,0.489635,0.0286421,0.459177,0.0104802,0.0113925,0.0113924,0,,
3170,2441,accepted,0,9.51891e-06,1.53384e-09,3.71183e-10,3.71183e-10,1.02484e-09,1.02484e-09,0,0,0,0.0098003,0.0334607,0.0111558,0.0223049,,best_validation_checkpoint_0.bin
3171,2442,accepted,1,3.94604e-07,7.66921e-10,3.70954e-10,3.70954e-10,1.02469e-09,1.02469e-09,0.495166,0.029597,0.463838,0.0101855,0.0338731,0.0112729,0.0226001,,best_validation_checkpoint_1.bin
3172,2443,accepted,1,1.55704e-06,3.8346e-10,3.70721e-10,3.70721e-10,1.02471e-09,1.02469e-09,0.497637,0.0288349,0.467234,0.0096201,0.0328216,0.0112443,0.0215772,,
3173,2443,rejected,1,6.16215e-06,3.8346e-09,3.70721e-10,3.70721e-10,1.02471e-09,1.02469e-09,0.511725,0.0282278,0.481796,0.0102206,0.0112821,0.0112819,0,,
3174,2444,accepted,0,6.16215e-06,1.9173e-09,3.70353e-10,3.70353e-10,1.02396e-09,1.02396e-09,0,0,0,0.0111495,0.033489,0.0112466,0.0222423,,best_validation_checkpoint_0.bin
3175,2445,accepted,1,2.55204e-07,9.58651e-10,3.70165e-10,3.70165e-10,1.02382e-09,1.02382e-09,0.504523,0.0321342,0.47076,0.0112195,0.033834,0.0114518,0.0223822,,best_validation_checkpoint_1.bin
3176,2446,accepted,1,1.00524e-06,4.79326e-10,3.69883e-10,3.69883e-10,1.02369e-09,1.02369e-09,0.487831,0.0290612,0.457061,0.0117004,0.0340142,0.011272,0.0227422,,best_validation_checkpoint_0.bin
3177,2446,rejected,1,3.981e-06,4.79326e-09,3.69883e-10,3.69883e-10,1.02369e-09,1.02369e-09,0.496099,0.0282697,0.466165,0.0104516,0.0113046,0.0113043,0,,
3178,2447,accepted,0,3.981e-06,2.39663e-09,3.69693e-10,3.69693e-10,1.02327e-09,1.02327e-09,0,0,0,0.0105398,0.0339486,0.0114591,0.0224894,,best_validation_checkpoint_1.bin
3179,2448,accepted,1,1.64572e-07,1.19831e-09,3.69541e-10,3.69541e-10,1.02315e-09,1.02315e-09,0.482437,0.0287626,0.452043,0.0103047,0.0338694,0.0113643,0.022505,,best_validation_checkpoint_0.bin
3180,2449,accepted,1,6.47599e-07,5.99157e-10,3.69275e-10,3.69275e-10,1.02298e-09,1.02298e-09,0.48527,0.0287907,0.45485,0.011565,0.0337247,0.0113668,0.0223577,,best_validation_checkpoint_1.bin
3181,2449,rejected,1,2.56664e-06,5.99157e-09,3.69275e-10,3.69275e-10,1.02298e-09,1.02298e-09,0.529147,0.02858,0.498864,0.010968,0.0112471,0.0112469,0,,
3182,2450,accepted,0,2.56664e-06,2.99578e-09,3.69167e-10,3.69167e-10,1.02274e-09,1.02274e-09,0,0,0,0.0113304,0.0337661,0.011426,0.02234,,best_validation_checkpoint_0.bin
3183,2451,accepted,1,1.05897e-07,1.49789e-09,3.69045e-10,3.69045e-10,1.02264e-09,1.02264e-09,0.481778,0.0288828,0.451166,0.0105447,0.0340142,0.01143,0.0225841,,best_validation_checkpoint_1.bin
3184,2452,accepted,1,4.16586e-07,7.48946e-10,3.68816e-10,3.68816e-10,1.02246e-09,1.02246e-09,0.491745,0.0296164,0.46044,0.0102197,0.0337099,0.0112586,0.0224512,,best_validation_checkpoint_0.bin
3185,2453,accepted,1,1.65228e-06,3.74473e-10,3.68614e-10,3.68614e-10,1.02247e-09,1.02246e-09,0.522113,0.0280459,0.492302,0.0104601,0.0337341,0.0112271,0.0225069,,
3186,2453,rejected,1,6.54255e-06,3.74473e-09,3.68614e-10,3.68614e-10,1.02247e-09,1.02246e-09,0.49285,0.0284669,0.462729,0.0106299,0.0112562,0.0112561,0,,
3187,2454,accepted,0,6.54255e-06,1.87237e-09,3.68209e-10,3.68209e-10,1.02175e-09,1.02175e-09,0,0,0,0.0103928,0.0336859,0.0112295,0.0224564,,best_validation_checkpoint_1.bin
3188,2455,accepted,1,2.70636e-07,9.36183e-10,3.68021e-10,3.68021e-10,1.02161e-09,1.02161e-09,0.50098,0.0302747,0.468607,0.0099731,0.0338842,0.0112408,0.0226434,,best_validation_checkpoint_0.bin
3189,2456,accepted,1,1.06617e-06,4.68091e-10,3.6775e-10,3.6775e-10,1.02147e-09,1.02147e-09,0.493595,0.0283257,0.463653,0.0106709,0.0338577,0.0113127,0.0225449,,best_validation_checkpoint_1.bin
3190,2456,rejected,1,4.22635e-06,4.68091e-09,3.6775e-10,3.6775e-10,1.02147e-09,1.02147e-09,0.490338,0.029497,0.459199,0.0104167,0.0112628,0.0112625,0,,
3191,2457,accepted,0,4.22635e-06,2.34046e-09,3.67545e-10,3.67545e-10,1.02109e-09,1.02109e-09,0,0,0,0.0107581,0.0336944,0.0113268,0.0223674,,best_validation_checkpoint_0.bin
3192,2458,accepted,1,1.74597e-07,1.17023e-09,3.67392e-10,3.67392e-10,1.02098e-09,1.02098e-09,0.48075,0.0288944,0.450176,0.0103521,0.0338987,0.0112115,0.0226871,,best_validation_checkpoint_1.bin
3193,2459,accepted,1,6.87248e-07,5.85114e-10,3.6713e-10,3.6713e-10,1.0208e-09,1.0208e-09,0.495672,0.0295976,0.464384,0.0103852,0.0338577,0.0112491,0.0226085,,best_validation_checkpoint_0.bin
3194,2459,rejected,1,2.72594e-06,5.85114e-09,3.6713e-10,3.6713e-10,1.0208e-09,1.0208e-09,0.50045,0.0285932,0.470176,0.0110113,0.0113082,0.0113081,0,,
3195,2460,accepted,0,2.72594e-06,2.92557e-09,3.67015e-10,3.67015e-10,1.02058e-09,1.02058e-09,0,0,0,0.0107417,0.0341122,0.0114431,0.022669,,best_validation_checkpoint_1.bin
3196,2461,accepted,1,1.12402e-07,1.46279e-09,3.66892e-10,3.66892e-10,1.02049e-09,1.02049e-09,0.496864,0.0290923,0.466126,0.0105926,0.0324208,0.0113644,0.0210563,,best_validation_checkpoint_0.bin
3197,2462,accepted,1,4.42284e-07,7.31393e-10,3.66665e-10,3.66665e-10,1.02031e-09,1.02031e-09,0.483344,0.0283506,0.453382,0.0097785,0.0335591,0.0112312,0.0223278,,best_validation_checkpoint_1.bin
3198,2463,accepted,1,1.75532e-06,3.65696e-10,3.66498e-10,3.66498e-10,1.02033e-09,1.02031e-09,0.50861,0.0283728,0.478611,0.0109488,0.0339603,0.0112707,0.0226895,,
3199,2463,rejected,1,6.95415e-06,3.65696e-09,3.66498e-10,3.66498e-10,1.02033e-09,1.02031e-09,0.482178,0.0288355,0.451632,0.0109028,0.0113741,0.011374,0,,
3200,2464,accepted,0,6.95415e-06,1.82848e-09,3.66051e-10,3.66051e-10,1.01965e-09,1.01965e-09,0,0,0,0.0105515,0.0313155,0.0113499,0.0199655,,best_validation_checkpoint_0.bin
3201,2465,accepted,1,2.87531e-07,9.14241e-10,3.65863e-10,3.65863e-10,1.01952e-09,1.01952e-09,0.484811,0.0288351,0.454282,0.0105666,0.0326958,0.0113082,0.0213875,,best_validation_checkpoint_1.bin
3202,2466,accepted,1,1.13301e-06,4.5712e-10,3.65606e-10,3.65606e-10,1.01939e-09,1.01939e-09,0.469558,0.0286962,0.439197,0.0113463,0.0337956,0.0113965,0.0223989,,best_validation_checkpoint_0.bin
3203,2466,rejected,1,4.49362e-06,4.5712e-09,3.65606e-10,3.65606e-10,1.01939e-09,1.01939e-09,0.483655,0.0298471,0.452113,0.0105525,0.0112854,0.0112852,0,,
3204,2467,accepted,0,4.49362e-06,2.2856e-09,3.65382e-10,3.65382e-10,1.01904e-09,1.01904e-09,0,0,0,0.0104682,0.0338653,0.0112788,0.0225863,,best_validation_checkpoint_1.bin
3205,2468,accepted,1,1.85551e-07,1.1428e-09,3.65229e-10,3.65229e-10,1.01893e-09,1.01893e-09,0.51581,0.0332995,0.480825,0.0114268,0.0341113,0.0115317,0.0225796,,best_validation_checkpoint_0.bin
3206,2469,accepted,1,7.30539e-07,5.71401e-10,3.64972e-10,3.64972e-10,1.01876e-09,1.01876e-09,0.489197,0.0293548,0.458194,0.0120259,0.033641,0.0112817,0.0223593,,best_validation_checkpoint_1.bin
3207,2469,rejected,1,2.89902e-06,5.71401e-09,3.64972e-10,3.64972e-10,1.01876e-09,1.01876e-09,0.488319,0.0288435,0.457805,0.0098865,0.0113102,0.0113101,0,,
3208,2470,accepted,0,2.89902e-06,2.857e-09,3.64849e-10,3.64849e-10,1.01857e-09,1.01857e-09,0,0,0,0.0100135,0.0337622,0.011376,0.0223861,,best_validation_checkpoint_0.bin
3209,2471,accepted,1,1.19483e-07,1.4285e-09,3.64726e-10,3.64726e-10,1.01848e-09,1.01848e-09,0.49365,0.0286195,0.463377,0.0109866,0.0336933,0.0112738,0.0224195,,best_validation_checkpoint_1.bin
3210,2472,accepted,1,4.70247e-07,7.14251e-10,3.64499e-10,3.64499e-10,1.01831e-09,1.01831e-09,0.507135,0.0284714,0.476994,0.0108253,0.0339799,0.0115654,0.0224144,,best_validation_checkpoint_0.bin
3211,2473,accepted,1,1.86709e-06,3.57125e-10,3.64376e-10,3.64376e-10,1.01835e-09,1.01831e-09,0.496346,0.0289088,0.465766,0.0109974,0.0340493,0.0114417,0.0226075,,
3212,2473,rejected,1,7.39908e-06,3.57125e-09,3.64376e-10,3.64376e-10,1.01835e-09,1.01831e-09,0.501462,0.028723,0.471009,0.0105461,0.0115052,0.011505,0,,
3213,2474,accepted,0,7.39908e-06,1.78563e-09,3.63879e-10,3.63879e-10,1.01772e-09,1.01772e-09,0,0,0,0.0113017,0.0339079,0.0114456,0.0224623,,best_validation_checkpoint_1.bin
3214,2475,accepted,1,3.05846e-07,8.92813e-10,3.6369e-10,3.6369e-10,1.01759e-09,1.01759e-09,0.494557,0.0304821,0.462387,0.0101482,0.0340038,0.0113773,0.0226265,,best_validation_checkpoint_0.bin
3215,2476,accepted,1,1.2054e-06,4.46407e-10,3.63451e-10,3.63451e-10,1.01746e-09,1.01746e-09,0.51802,0.0299688,0.486369,0.0110292,0.0338364,0.0113083,0.022528,,best_validation_checkpoint_1.bin
3216,2476,rejected,1,4.78226e-06,4.46407e-09,3.63451e-10,3.63451e-10,1.01746e-09,1.01746e-09,0.499265,0.031711,0.465761,0.0114983,0.0112465,0.0112465,0,,
3217,2477,accepted,0,4.78226e-06,2.23203e-09,3.63206e-10,3.63206e-10,1.01716e-09,1.01716e-09,0,0,0,0.0122745,0.0336734,0.0112338,0.0224396,,best_validation_checkpoint_0.bin
3218,2478,accepted,1,1.97403e-07,1.11602e-09,3.63052e-10,3.63052e-10,1.01706e-09,1.01706e-09,0.492588,0.0309386,0.459862,0.0105831,0.0347013,0.0113378,0.0233635,,best_validation_checkpoint_1.bin
3219,2479,accepted,1,7.77356e-07,5.58008e-10,3.62801e-10,3.62801e-10,1.01689e-09,1.01689e-09,0.492643,0.0290129,0.461888,0.0107944,0.0338639,0.0113536,0.0225102,,best_validation_checkpoint_0.bin
3220,2479,rejected,1,3.08575e-06,5.58008e-09,3.62801e-10,3.62801e-10,1.01689e-09,1.01689e-09,0.510216,0.0289973,0.47949,0.011463,0.0112358,0.0112357,0,,
3221,2480,accepted,0,3.08575e-06,2.79004e-09,3.62669e-10,3.62669e-10,1.01674e-09,1.01674e-09,0,0,0,0.0113602,0.0336982,0.0112937,0.0224044,,best_validation_checkpoint_1.bin
3222,2481,accepted,1,1.27134e-07,1.39502e-09,3.62545e-10,3.62545e-10,1.01665e-09,1.01665e-09,0.494786,0.0287278,0.464246,0.0107507,0.0333552,0.0110353,0.0223199,,best_validation_checkpoint_0.bin
3223,2482,accepted,1,5.00457e-07,6.97511e-10,3.6232e-10,3.6232e-10,1.01649e-09,1.01649e-09,0.484046,0.0290547,0.453367,0.0099853,0.0342448,0.011381,0.0228638,,best_validation_checkpoint_1.bin
3224,2483,accepted,1,1.98764e-06,3.48755e-10,3.62248e-10,3.62248e-10,1.01656e-09,1.01649e-09,0.513478,0.0291523,0.482683,0.0110551,0.0340674,0.0114983,0.022569,,
3225,2483,rejected,1,7.8778e-06,3.48755e-09,3.62248e-10,3.62248e-10,1.01656e-09,1.01649e-09,0.48683,0.0289923,0.456126,0.0104723,0.0113612,0.011361,0,,
3226,2484,accepted,0,7.8778e-06,1.74378e-09,3.61693e-10,3.61693e-10,1.01597e-09,1.01597e-09,0,0,0,0.0106059,0.033621,0.0112475,0.0223735,,best_validation_checkpoint_0.bin
3227,2485,accepted,1,3.256e-07,8.71888e-10,3.61504e-10,3.61504e-10,1.01585e-09,1.01585e-09,0.506816,0.0293411,0.475869,0.0105821,0.0338016,0.0112748,0.0225268,,best_validation_checkpoint_1.bin
3228,2486,accepted,1,1.28343e-06,4.35944e-10,3.61285e-10,3.61285e-10,1.01574e-09,1.01574e-09,0.496973,0.0282176,0.467159,0.0110767,0.033685,0.0112429,0.0224421,,best_validation_checkpoint_0.bin
3229,2486,rejected,1,5.09267e-06,4.35944e-09,3.61285e-10,3.61285e-10,1.01574e-09,1.01574e-09,0.518915,0.0290204,0.488272,0.0113946,0.0113967,0.0113966,0,,
3230,2487,accepted,0,5.09267e-06,2.17972e-09,3.61015e-10,3.61015e-10,1.01548e-09,1.01548e-09,0,0,0,0.0107281,0.0340601,0.0112138,0.0228461,,best_validation_checkpoint_1.bin
3231,2488,accepted,1,2.10172e-07,1.08986e-09,3.60861e-10,3.60861e-10,1.01538e-09,1.01538e-09,0.498711,0.0298377,0.467233,0.0103783,0.0328153,0.0112168,0.0215985,,best_validation_checkpoint_0.bin
3232,2489,accepted,1,8.27776e-07,5.4493e-10,3.60618e-10,3.60618e-10,1.01523e-09,1.01523e-09,0.505536,0.0283556,0.475533,0.0109706,0.0339383,0.0114843,0.0224539,,best_validation_checkpoint_1.bin
3233,2489,rejected,1,3.28652e-06,5.4493e-09,3.60618e-10,3.60618e-10,1.01523e-09,1.01523e-09,0.472697,0.029321,0.441694,0.0099294,0.0112373,0.0112372,0,,
3234,2490,accepted,0,3.28652e-06,2.72465e-09,3.60475e-10,3.60475e-10,1.01511e-09,1.01511e-09,0,0,0,0.0102769,0.0335955,0.0111958,0.0223995,,best_validation_checkpoint_0.bin
3235,2491,accepted,1,1.3537e-07,1.36233e-09,3.6035e-10,3.6035e-10,1.01503e-09,1.01503e-09,0.494112,0.0291643,0.46339,0.010366,0.0339867,0.0114531,0.0225334,,best_validation_checkpoint_1.bin
3236,2492,accepted,1,5.32967e-07,6.81163e-10,3.60128e-10,3.60128e-10,1.01488e-09,1.01488e-09,0.512073,0.0307817,0.47971,0.0113793,0.033808,0.0113716,0.0224363,,best_validation_checkpoint_0.bin
3237,2493,accepted,1,2.11717e-06,3.40581e-10,3.60115e-10,3.60115e-10,1.01499e-09,1.01488e-09,0.506054,0.0295083,0.474827,0.0102986,0.0344243,0.0115567,0.0228675,,
3238,2493,rejected,1,8.39113e-06,3.40581e-09,3.60115e-10,3.60115e-10,1.01499e-09,1.01488e-09,0.506137,0.0287575,0.475738,0.0114685,0.0112231,0.0112184,0,,
3239,2494,accepted,0,8.39113e-06,1.70291e-09,3.59493e-10,3.59493e-10,1.01443e-09,1.01443e-09,0,0,0,0.0115287,0.0337221,0.011435,0.022287,,best_validation_checkpoint_1.bin
3240,2495,accepted,1,3.46844e-07,8.51453e-10,3.59305e-10,3.59305e-10,1.01433e-09,1.01433e-09,0.474738,0.0292489,0.44389,0.010755,0.0338594,0.0113136,0.0225458,,best_validation_checkpoint_0.bin
3241,2496,accepted,1,1.36727e-06,4.25727e-10,3.59109e-10,3.59109e-10,1.01424e-09,1.01424e-09,0.507897,0.0288548,0.477351,0.0107058,0.0338913,0.0113054,0.0225857,,best_validation_checkpoint_1.bin
3242,2496,rejected,1,5.42553e-06,4.25727e-09,3.59109e-10,3.59109e-10,1.01424e-09,1.01424e-09,0.474581,0.0288903,0.444096,0.0102714,0.0113448,0.0113447,0,,
3243,2497,accepted,0,5.42553e-06,2.12863e-09,3.58811e-10,3.58811e-10,1.01402e-09,1.01402e-09,0,0,0,0.010566,0.0336059,0.0112941,0.0223118,,best_validation_checkpoint_0.bin
3244,2498,accepted,1,2.23895e-07,1.06432e-09,3.58656e-10,3.58656e-10,1.01394e-09,1.01394e-09,0.489593,0.0287782,0.458969,0.0107958,0.0337964,0.011327,0.0224692,,best_validation_checkpoint_1.bin
3245,2499,accepted,1,8.81923e-07,5.32158e-10,3.58422e-10,3.58422e-10,1.0138e-09,1.0138e-09,0.506476,0.0282767,0.476576,0.0101751,0.0339449,0.0113341,0.0226108,,best_validation_checkpoint_0.bin
3246,2499,rejected,1,3.50173e-06,5.32158e-09,3.58422e-10,3.58422e-10,1.0138e-09,1.0138e-09,0.503373,0.0283599,0.473224,0.0113001,0.0112819,0.0112819,0,,
3247,2500,accepted,0,3.50173e-06,2.66079e-09,3.58267e-10,3.58267e-10,1.01371e-09,1.01371e-09,0,0,0,0.0105215,0.0339882,0.0113662,0.022622,,best_validation_checkpoint_1.bin
3248,2501,accepted,1,1.44215e-07,1.3304e-09,3.58142e-10,3.58142e-10,1.01365e-09,1.01365e-09,0.49109,0.0288303,0.460629,0.0103583,0.0336879,0.0112298,0.0224579,,best_validation_checkpoint_0.bin
3249,2502,accepted,1,5.67862e-07,6.65198e-10,3.57923e-10,3.57923e-10,1.01351e-09,1.01351e-09,0.482896,0.0291237,0.452053,0.0101169,0.0334369,0.0113673,0.0220696,,best_validation_checkpoint_1.bin
3250,2502,rejected,1,2.256e-06,6.65198e-09,3.57923e-10,3.57923e-10,1.01351e-09,1.01351e-09,0.52226,0.028588,0.4921,0.0102601,0.0112662,0.0112661,0,,
3251,2503,accepted,0,2.256e-06,3.32599e-09,3.57834e-10,3.57834e-10,1.01348e-09,1.01348e-09,0,0,0,0.0116272,0.0337835,0.011347,0.0224364,,best_validation_checkpoint_0.bin
3252,2504,accepted,1,9.27238e-08,1.66299e-09,3.57733e-10,3.57733e-10,1.01343e-09,1.01343e-09,0.486684,0.0283815,0.456672,0.0098348,0.0338924,0.011299,0.0225933,,best_validation_checkpoint_1.bin
3253,2505,accepted,1,3.65158e-07,8.31497e-10,3.57545e-10,3.57545e-10,1.01331e-09,1.01331e-09,0.507061,0.0286367,0.4768,0.0110455,0.0338614,0.0113608,0.0225006,,best_validation_checkpoint_0.bin
3254,2506,accepted,1,1.45141e-06,4.15749e-10,3.57373e-10,3.57373e-10,1.01324e-09,1.01324e-09,0.480475,0.0287961,0.450007,0.0112869,0.0338597,0.0113307,0.0225288,,best_validation_checkpoint_1.bin
3255,2506,rejected,1,5.75958e-06,4.15749e-09,3.57373e-10,3.57373e-10,1.01324e-09,1.01324e-09,0.479837,0.0287853,0.449359,0.0112765,0.0113095,0.0113093,0,,
3256,2507,accepted,0,5.75958e-06,2.07874e-09,3.57044e-10,3.57044e-10,1.01304e-09,1.01304e-09,0,0,0,0.0120265,0.0336404,0.0113101,0.0223303,,best_validation_checkpoint_0.bin
3257,2508,accepted,1,2.37613e-07,1.03937e-09,3.56889e-10,3.56889e-10,1.01297e-09,1.01297e-09,0.507678,0.0288288,0.477198,0.0108049,0.0319682,0.0114203,0.0205478,,best_validation_checkpoint_1.bin
3258,2509,accepted,1,9.35847e-07,5.19686e-10,3.56663e-10,3.56663e-10,1.01284e-09,1.01284e-09,0.491316,0.0294482,0.460262,0.0102899,0.0336026,0.0112208,0.0223817,,best_validation_checkpoint_0.bin
3259,2509,rejected,1,3.7163e-06,5.19686e-09,3.56663e-10,3.56663e-10,1.01284e-09,1.01284e-09,0.485847,0.028953,0.455261,0.0098863,0.0113639,0.0113638,0,,
3260,2510,accepted,0,3.7163e-06,2.59843e-09,3.56495e-10,3.56495e-10,1.01278e-09,1.01278e-09,0,0,0,0.0108285,0.0338351,0.0112096,0.0226254,,best_validation_checkpoint_1.bin
3261,2511,accepted,1,1.53043e-07,1.29921e-09,3.56369e-10,3.56369e-10,1.01273e-09,1.01273e-09,0.48703,0.0300983,0.455298,0.010565,0.0308877,0.0113251,0.0195626,,best_validation_checkpoint_0.bin
3262,2512,accepted,1,6.02684e-07,6.49607e-10,3.56152e-10,3.56152e-10,1.0126e-09,1.0126e-09,0.511545,0.0287525,0.481173,0.010201,0.0340575,0.0114473,0.0226101,,best_validation_checkpoint_1.bin
3263,2512,rejected,1,2.39469e-06,6.49607e-09,3.56152e-10,3.56152e-10,1.0126e-09,1.0126e-09,0.50071,0.0289964,0.470114,0.0103045,0.0112788,0.0112785,0,,
3264,2513,accepted,0,2.39469e-06,3.24804e-09,3.56058e-10,3.56058e-10,1.01259e-09,1.01259e-09,0,0,0,0.0108316,0.0338701,0.011372,0.022498,,best_validation_checkpoint_0.bin
3265,2514,accepted,1,9.84183e-08,1.62402e-09,3.55956e-10,3.55956e-10,1.01255e-09,1.01255e-09,0.504005,0.0287179,0.473409,0.0107613,0.0340739,0.01134,0.0227338,,best_validation_checkpoint_1.bin
3266,2515,accepted,1,3.87624e-07,8.12009e-10,3.55768e-10,3.55768e-10,1.01244e-09,1.01244e-09,0.509467,0.0286939,0.479042,0.0115215,0.0341602,0.0113429,0.0228172,,best_validation_checkpoint_0.bin
3267,2516,accepted,1,1.5409e-06,4.06005e-10,3.55624e-10,3.55624e-10,1.01239e-09,1.01239e-09,0.483797,0.0286976,0.453466,0.0101728,0.0332807,0.0112938,0.0219867,,best_validation_checkpoint_1.bin
3268,2516,rejected,1,6.1146e-06,4.06005e-09,3.55624e-10,3.55624e-10,1.01239e-09,1.01239e-09,0.462466,0.0289068,0.431918,0.0102157,0.0112718,0.0112717,0,,
3269,2517,accepted,0,6.1146e-06,2.03002e-09,3.5526e-10,3.5526e-10,1.01223e-09,1.01223e-09,0,0,0,0.0108692,0.033867,0.0112778,0.0225891,,best_validation_checkpoint_0.bin
3270,2518,accepted,1,2.52307e-07,1.01501e-09,3.55104e-10,3.55104e-10,1.01216e-09,1.01216e-09,0.519055,0.028897,0.48848,0.0099472,0.0340836,0.0114684,0.0226151,,best_validation_checkpoint_1.bin
3271,2519,accepted,1,9.93786e-07,5.07506e-10,3.54889e-10,3.54889e-10,1.01206e-09,1.01206e-09,0.509485,0.0293869,0.478397,0.0108736,0.0338762,0.0112972,0.022579,,best_validation_checkpoint_0.bin
3272,2519,rejected,1,3.94635e-06,5.07506e-09,3.54889e-10,3.54889e-10,1.01206e-09,1.01206e-09,0.506117,0.0286709,0.475863,0.009093,0.0113303,0.0113301,0,,
3273,2520,accepted,0,3.94635e-06,2.53753e-09,3.54706e-10,3.54706e-10,1.01203e-09,1.01203e-09,0,0,0,0.0095057,0.0338567,0.0112953,0.0225613,,best_validation_checkpoint_1.bin
3274,2521,accepted,1,1.62531e-07,1.26876e-09,3.54579e-10,3.54579e-10,1.01198e-09,1.01198e-09,0.488977,0.0287398,0.458656,0.0110655,0.0338402,0.0113445,0.0224956,,best_validation_checkpoint_0.bin
3275,2522,accepted,1,6.40093e-07,6.34382e-10,3.54365e-10,3.54365e-10,1.01187e-09,1.01187e-09,0.49132,0.0286003,0.461039,0.0102683,0.0335269,0.0112527,0.0222742,,best_validation_checkpoint_1.bin
3276,2522,rejected,1,2.54332e-06,6.34382e-09,3.54365e-10,3.54365e-10,1.01187e-09,1.01187e-09,0.502563,0.0285662,0.472322,0.0099097,0.0113557,0.0113556,0,,
3277,2523,accepted,0,2.54332e-06,3.17191e-09,3.54264e-10,3.54264e-10,1.01188e-09,1.01187e-09,0,0,0,0.0098874,0.0336474,0.0113666,0.0222807,,
3278,2524,accepted,1,1.0453e-07,1.58596e-09,3.54161e-10,3.54161e-10,1.01185e-09,1.01185e-09,0.490346,0.0290091,0.459643,0.0108895,0.0338298,0.011279,0.0225508,,best_validation_checkpoint_0.bin
3279,2525,accepted,1,4.11724e-07,7.92978e-10,3.53973e-10,3.53973e-10,1.01175e-09,1.01175e-09,0.49173,0.0290846,0.460991,0.01056,0.0336413,0.0112844,0.0223569,,best_validation_checkpoint_1.bin
3280,2526,accepted,1,1.63672e-06,3.96489e-10,3.53863e-10,3.53863e-10,1.01174e-09,1.01174e-09,0.49202,0.0285343,0.461771,0.0117235,0.033765,0.0112352,0.0225297,,best_validation_checkpoint_0.bin
3281,2526,rejected,1,6.49377e-06,3.96489e-09,3.53863e-10,3.53863e-10,1.01174e-09,1.01174e-09,0.513,0.0279847,0.483349,0.0117789,0.011258,0.011258,0,,
3282,2527,accepted,0,6.49377e-06,1.98244e-09,3.53459e-10,3.53459e-10,1.0116e-09,1.0116e-09,0,0,0,0.0107753,0.0337082,0.0111993,0.0225088,,best_validation_checkpoint_1.bin
3283,2528,accepted,1,2.68043e-07,9.91222e-10,3.53302e-10,3.53302e-10,1.01155e-09,1.01155e-09,0.497633,0.0290859,0.466804,0.0105478,0.0338576,0.0112358,0.0226217,,best_validation_checkpoint_0.bin
3284,2529,accepted,1,1.05577e-06,4.95611e-10,3.53099e-10,3.53099e-10,1.01146e-09,1.01146e-09,0.487439,0.0285166,0.457074,0.0111834,0.0338843,0.0112425,0.0226417,,best_validation_checkpoint_1.bin
3285,2529,rejected,1,4.19191e-06,4.95611e-09,3.53099e-10,3.53099e-10,1.01146e-09,1.01146e-09,0.505174,0.0311656,0.472248,0.0103411,0.0113483,0.0113481,0,,
3286,2530,accepted,0,4.19191e-06,2.47806e-09,3.52899e-10,3.52899e-10,1.01146e-09,1.01146e-09,0,0,0,0.0108614,0.0339526,0.0115059,0.0224466,,
3287,2531,accepted,1,1.72679e-07,1.23903e-09,3.52771e-10,3.52771e-10,1.01142e-09,1.01142e-09,0.471683,0.0285146,0.441523,0.0100369,0.0320835,0.0101662,0.0219172,,best_validation_checkpoint_0.bin
3288,2532,accepted,1,6.8008e-07,6.19514e-10,3.52561e-10,3.52561e-10,1.01133e-09,1.01133e-09,0.487488,0.028168,0.457612,0.0105761,0.0336932,0.0112532,0.02244,,best_validation_checkpoint_1.bin
3289,2532,rejected,1,2.7019e-06,6.19514e-09,3.52561e-10,3.52561e-10,1.01133e-09,1.01133e-09,0.474778,0.028886,0.444244,0.0105322,0.0112492,0.0112492,0,,
3290,2533,accepted,0,2.7019e-06,3.09757e-09,3.52453e-10,3.52453e-10,1.01136e-09,1.01133e-09,0,0,0,0.0104962,0.0340102,0.01167,0.0223402,,
3291,2534,accepted,1,1.1106e-07,1.54878e-09,3.52349e-10,3.52349e-10,1.01134e-09,1.01133e-09,0.480766,0.0294913,0.449653,0.0114196,0.0341244,0.0115762,0.022548,,
3292,2535,accepted,1,4.37464e-07,7.74392e-10,3.52162e-10,3.52162e-10,1.01126e-09,1.01126e-09,0.474939,0.0288026,0.444592,0.0112405,0.0340668,0.011295,0.0227716,,best_validation_checkpoint_0.bin
3293,2536,accepted,1,1.7389e-06,3.87196e-10,3.52089e-10,3.52089e-10,1.01128e-09,1.01126e-09,0.511368,0.0291513,0.480602,0.0097874,0.0338575,0.011291,0.0225665,,
3294,2536,rejected,1,6.89755e-06,3.87196e-09,3.52089e-10,3.52089e-10,1.01128e-09,1.01126e-09,0.490051,0.0283436,0.460081,0.0098267,0.0113582,0.011358,0,,
3295,2537,accepted,0,6.89755e-06,1.93598e-09,3.5164e-10,3.5164e-10,1.01117e-09,1.01117e-09,0,0,0,0.0109644,0.033626,0.0112497,0.0223763,,best_validation_checkpoint_1.bin
3296,2538,accepted,1,2.84835e-07,9.6799e-10,3.51482e-10,3.51482e-10,1.01113e-09,1.01113e-09,0.484202,0.0313299,0.45122,0.0111108,0.0338947,0.0112881,0.0226065,,best_validation_checkpoint_0.bin
3297,2539,accepted,1,1.12186e-06,4.83995e-10,3.51294e-10,3.51294e-10,1.01106e-09,1.01106e-09,0.48691,0.0292979,0.455906,0.0107027,0.0337758,0.0113024,0.0224734,,best_validation_checkpoint_1.bin
3298,2539,rejected,1,4.45331e-06,4.83995e-09,3.51294e-10,3.51294e-10,1.01106e-09,1.01106e-09,0.499137,0.0289351,0.468607,0.0107783,0.011312,0.0113118,0,,
3299,2540,accepted,0,4.45331e-06,2.41998e-09,3.51075e-10,3.51075e-10,1.01109e-09,1.01106e-09,0,0,0,0.0094951,0.0339483,0.0111971,0.022751,,
3300,2541,accepted,1,1.835e-07,1.20999e-09,3.50946e-10,3.50946e-10,1.01107e-09,1.01106e-09,0.537089,0.0288361,0.506638,0.0112055,0.0339329,0.0114789,0.0224539,,
3301,2542,accepted,1,7.22694e-07,6.04994e-10,3.5074e-10,3.5074e-10,1.01099e-09,1.01099e-09,0.535029,0.0288365,0.504482,0.0111018,0.0337823,0.0113507,0.0224316,,best_validation_checkpoint_0.bin
3302,2542,rejected,1,2.87066e-06,6.04994e-09,3.5074e-10,3.5074e-10,1.01099e-09,1.01099e-09,0.521178,0.0288912,0.490714,0.0105643,0.0109688,0.0109688,0,,
3303,2543,accepted,0,2.87066e-06,3.02497e-09,3.50624e-10,3.50624e-10,1.01105e-09,1.01099e-09,0,0,0,0.0108602,0.0337829,0.0112441,0.0225387,,
3304,2544,accepted,1,1.18018e-07,1.51248e-09,3.5052e-10,3.5052e-10,1.01103e-09,1.01099e-09,0.522487,0.028971,0.491923,0.0108127,0.0340166,0.0113126,0.0227039,,
3305,2545,accepted,1,4.64885e-07,7.56242e-10,3.50333e-10,3.50333e-10,1.01096e-09,1.01096e-09,0.48738,0.028873,0.456859,0.0110002,0.0339126,0.0112857,0.0226269,,best_validation_checkpoint_1.bin
3306,2546,accepted,1,1.84764e-06,3.78121e-10,3.50304e-10,3.50304e-10,1.01103e-09,1.01096e-09,0.494277,0.0285686,0.464035,0.0115283,0.0341041,0.0113163,0.0227877,,
3307,2546,rejected,1,7.32655e-06,3.78121e-09,3.50304e-10,3.50304e-10,1.01103e-09,1.01096e-09,0.50102,0.028753,0.470566,0.0116127,0.011351,0.011351,0,,
3308,2547,accepted,0,7.32655e-06,1.89061e-09,3.49803e-10,3.49803e-10,1.01095e-09,1.01095e-09,0,0,0,0.0112174,0.0339139,0.0114015,0.0225123,,best_validation_checkpoint_0.bin
3309,2548,accepted,1,3.02716e-07,9.45303e-10,3.49645e-10,3.49645e-10,1.01092e-09,1.01092e-09,0.507373,0.0301124,0.475612,0.0100481,0.0336797,0.0112789,0.0224007,,best_validation_checkpoint_1.bin
3310,2549,accepted,1,1.1922e-06,4.72652e-10,3.49473e-10,3.49473e-10,1.01087e-09,1.01087e-09,0.506617,0.0296687,0.475307,0.010347,0.0339277,0.0113627,0.0225649,,best_validation_checkpoint_0.bin
3311,2549,rejected,1,4.73108e-06,4.72652e-09,3.49473e-10,3.49473e-10,1.01087e-09,1.01087e-09,0.49134,0.0282746,0.461379,0.0109378,0.011343,0.011343,0,,
3312,2550,accepted,0,4.73108e-06,2.36326e-09,3.49232e-10,3.49232e-10,1.01093e-09,1.01087e-09,0,0,0,0.0111696,0.0338719,0.0113997,0.0224721,,
3313,2551,accepted,1,1.95017e-07,1.18163e-09,3.49103e-10,3.49103e-10,1.01092e-09,1.01087e-09,0.488291,0.028325,0.458324,0.0112801,0.033626,0.0112986,0.0223273,,
3314,2552,accepted,1,7.68026e-07,5.90814e-10,3.48903e-10,3.48903e-10,1.01085e-09,1.01085e-09,0.499717,0.0294185,0.468648,0.0105182,0.0338146,0.0113389,0.0224757,,best_validation_checkpoint_1.bin
3315,2552,rejected,1,3.04996e-06,5.90814e-09,3.48903e-10,3.48903e-10,1.01085e-09,1.01085e-09,0.48216,0.0299993,0.450517,0.0115003,0.0112553,0.0112552,0,,
3316,2553,accepted,0,3.04996e-06,2.95407e-09,3.48778e-10,3.48778e-10,1.01094e-09,1.01085e-09,0,0,0,0.0119546,0.0337324,0.011306,0.0224263,,
3317,2554,accepted,1,1.2542e-07,1.47704e-09,3.48672e-10,3.48672e-10,1.01093e-09,1.01085e-09,0.491126,0.029081,0.460381,0.0122528,0.0339303,0.0114114,0.0225189,,
3318,2555,accepted,1,4.94044e-07,7.38518e-10,3.48487e-10,3.48487e-10,1.01088e-09,1.01085e-09,0.49719,0.0282369,0.467372,0.0113119,0.0337548,0.0113354,0.0224192,,
3319,2555,rejected,1,1.96315e-06,7.38518e-09,3.48487e-10,3.48487e-10,1.01088e-09,1.01085e-09,0.510582,0.0283924,0.480542,0.0109243,0.0120781,0.012078,0,,
3320,2556,accepted,0,1.96315e-06,3.69259e-09,3.48415e-10,3.48415e-10,1.01095e-09,1.01085e-09,0,0,0,0.0108379,0.0337603,0.0113957,0.0223645,,
3321,2557,accepted,1,8.05449e-08,1.84629e-09,3.4833e-10,3.4833e-10,1.01095e-09,1.01085e-09,0.511064,0.0285091,0.480864,0.0100286,0.0337225,0.0112101,0.0225123,,
3322,2558,accepted,1,3.17442e-07,9.23147e-10,3.48171e-10,3.48171e-10,1.01091e-09,1.01085e-09,0.478896,0.0288958,0.448414,0.0101547,0.0336624,0.0112203,0.022442,,
3323,2559,accepted,1,1.26208e-06,4.61574e-10,3.48016e-10,3.48016e-10,1.01088e-09,1.01085e-09,0.514773,0.0284923,0.484684,0.0108571,0.0338378,0.0112486,0.0225892,,
3324,2559,rejected,1,5.00948e-06,4.61574e-09,3.48016e-10,3.48016e-10,1.01088e-09,1.01085e-09,0.473193,0.0283865,0.443143,0.0113043,0.0112984,0.0112982,0,,
3325,2560,accepted,0,5.00948e-06,2.30787e-09,3.47752e-10,3.47752e-10,1.01096e-09,1.01085e-09,0,0,0,0.0104169,0.0336611,0.011238,0.022423,,
3326,2561,accepted,1,2.06538e-07,1.15393e-09,3.47621e-10,3.47621e-10,1.01095e-09,1.01085e-09,0.511492,0.0282517,0.481576,0.0112159,0.0338933,0.011313,0.0225803,,
3327,2562,accepted,1,8.13248e-07,5.76967e-10,3.47427e-10,3.47427e-10,1.0109e-09,1.01085e-09,0.485261,0.0287571,0.45487,0.0102456,0.0338891,0.0112884,0.0226007,,
3328,2562,rejected,1,3.22902e-06,5.76967e-09,3.47427e-10,3.47427e-10,1.0109e-09,1.01085e-09,0.484946,0.0294771,0.453772,0.0120859,0.0112708,0.0112707,0,,
3329,2563,accepted,0,3.22902e-06,2.88484e-09,3.47291e-10,3.47291e-10,1.01101e-09,1.01085e-09,0,0,0,0.0108237,0.0338989,0.0114671,0.0224317,,
3330,2564,accepted,1,1.32815e-07,1.44242e-09,3.47185e-10,3.47185e-10,1.01101e-09,1.01085e-09,0.499592,0.0290533,0.468959,0.0095959,0.0338338,0.0112903,0.0225435,,
3331,2565,accepted,1,5.23172e-07,7.21209e-10,3.47001e-10,3.47001e-10,1.01096e-09,1.01085e-09,0.484406,0.0288199,0.454029,0.0116051,0.0338367,0.0113597,0.022477,,
3332,2565,rejected,1,2.0787e-06,7.21209e-09,3.47001e-10,3.47001e-10,1.01096e-09,1.01085e-09,0.506732,0.0281265,0.476874,0.0104194,0.0113092,0.011309,0,,
3333,2566,accepted,0,2.0787e-06,3.60604e-09,3.46924e-10,3.46924e-10,1.01105e-09,1.01085e-09,0,0,0,0.0117224,0.0337796,0.0113051,0.0224744,,
3334,2567,accepted,1,8.53015e-08,1.80302e-09,3.46838e-10,3.46838e-10,1.01106e-09,1.01085e-09,0.504987,0.0288206,0.474468,0.0114212,0.0339229,0.0113884,0.0225343,,
3335,2568,accepted,1,3.36196e-07,9.01511e-10,3.46679e-10,3.46679e-10,1.01103e-09,1.01085e-09,0.503516,0.0285398,0.473291,0.0113536,0.0337452,0.0113677,0.0223775,,
3336,2569,accepted,1,1.33655e-06,4.50756e-10,3.46543e-10,3.46543e-10,1.01102e-09,1.01085e-09,0.484485,0.0283738,0.454464,0.011095,0.0340091,0.0114833,0.0225257,,
3337,2569,rejected,1,5.30398e-06,4.50756e-09,3.46543e-10,3.46543e-10,1.01102e-09,1.01085e-09,0.496156,0.0283301,0.46613,0.0102789,0.0112485,0.0112483,0,,
3338,2570,accepted,0,5.30398e-06,2.25378e-09,3.46253e-10,3.46253e-10,1.01112e-09,1.01085e-09,0,0,0,0.0110945,0.0338716,0.0113324,0.0225392,,
3339,2571,accepted,1,2.18775e-07,1.12689e-09,3.46121e-10,3.46121e-10,1.01112e-09,1.01085e-09,0.516039,0.0292884,0.485123,0.0108702,0.033847,0.0113621,0.0224849,,
3340,2572,accepted,1,8.61422e-07,5.63445e-10,3.45934e-10,3.45934e-10,1.01108e-09,1.01085e-09,0.525728,0.0284813,0.495635,0.0100904,0.0334155,0.0114017,0.0220137,,
3341,2572,rejected,1,3.41962e-06,5.63445e-09,3.45934e-10,3.45934e-10,1.01108e-09,1.01085e-09,0.4934,0.0283439,0.463383,0.0107646,0.0112261,0.0112259,0,,
3342,2573,accepted,0,3.41962e-06,2.81722e-09,3.45787e-10,3.45787e-10,1.01121e-09,1.01085e-09,0,0,0,0.0099458,0.0340341,0.0113294,0.0227046,,
3343,2574,accepted,1,1.40699e-07,1.40861e-09,3.4568e-10,3.4568e-10,1.01122e-09,1.01085e-09,0.477797,0.0287771,0.447324,0.0098895,0.0338192,0.0113182,0.0225009,,
3344,2575,accepted,1,5.54226e-07,7.04306e-10,3.45497e-10,3.45497e-10,1.01119e-09,1.01085e-09,0.513462,0.0278946,0.483778,0.0120249,0.034273,0.0115934,0.0226794,,
3345,2575,rejected,1,2.20169e-06,7.04306e-09,3.45497e-10,3.45497e-10,1.01119e-09,1.01085e-09,0.514305,0.0298552,0.482758,0.0115933,0.0114558,0.0114557,0,,
3346,2576,accepted,0,2.20169e-06,3.52153e-09,3.45415e-10,3.45415e-10,1.01129e-09,1.01085e-09,0,0,0,0.0106304,0.0338392,0.0113583,0.0224808,,
3347,2577,accepted,1,9.03678e-08,1.76076e-09,3.45328e-10,3.45328e-10,1.0113e-09,1.01085e-09,0.501582,0.0286755,0.471161,0.0113402,0.0338756,0.0112848,0.0225908,,
3348,2578,accepted,1,3.5617e-07,8.80382e-10,3.45168e-10,3.45168e-10,1.01128e-09,1.01085e-09,0.480417,0.0287708,0.449967,0.0101844,0.032868,0.0107418,0.0221261,,
3349,2579,accepted,1,1.41575e-06,4.40191e-10,3.45055e-10,3.45055e-10,1.0113e-09,1.01085e-09,0.486721,0.0285824,0.456514,0.0106106,0.0337856,0.0113006,0.0224849,,
3350,2579,rejected,1,5.61672e-06,4.40191e-09,3.45055e-10,3.45055e-10,1.0113e-09,1.01085e-09,0.485846,0.0279803,0.456298,0.0110746,0.0112907,0.0112906,0,,
3351,2580,accepted,0,5.61672e-06,2.20096e-09,3.44736e-10,3.44736e-10,1.01142e-09,1.01085e-09,0,0,0,0.0107217,0.0338831,0.0113193,0.0225638,,
3352,2581,accepted,1,2.31785e-07,1.10048e-09,3.44603e-10,3.44603e-10,1.01143e-09,1.01085e-09,0.502889,0.0288903,0.472257,0.0107293,0.0340107,0.0113367,0.0226738,,
3353,2582,accepted,1,9.12613e-07,5.50239e-10,3.44423e-10,3.44423e-10,1.01141e-09,1.01085e-09,0.496345,0.0289647,0.465707,0.0112879,0.0341577,0.0113314,0.0228262,,
3354,2582,rejected,1,3.62186e-06,5.50239e-09,3.44423e-10,3.44423e-10,1.01141e-09,1.01085e-09,0.49278,0.0282732,0.462809,0.0116683,0.0111846,0.0111845,0,,
3355,2583,accepted,0,3.62186e-06,2.75119e-09,3.44264e-10,3.44264e-10,1.01156e-09,1.01085e-09,0,0,0,0.0103516,0.0338135,0.0113415,0.022472,,
3356,2584,accepted,1,1.4907e-07,1.3756e-09,3.44155e-10,3.44155e-10,1.01157e-09,1.01085e-09,0.479847,0.0288164,0.449447,0.0099863,0.0337827,0.011287,0.0224957,,
3357,2585,accepted,1,5.87193e-07,6.87798e-10,3.43974e-10,3.43974e-10,1.01155e-09,1.01085e-09,0.482085,0.0290221,0.451507,0.0111482,0.0335148,0.0112983,0.0222165,,
3358,2585,rejected,1,2.33211e-06,6.87798e-09,3.43974e-10,3.43974e-10,1.01155e-09,1.01085e-09,0.510947,0.028548,0.480766,0.0105603,0.0112744,0.0112742,0,,
3359,2586,accepted,0,2.33211e-06,3.43899e-09,3.43887e-10,3.43887e-10,1.01168e-09,1.01085e-09,0,0,0,0.0102736,0.0336477,0.011312,0.0223357,,
3360,2587,accepted,1,9.57431e-08,1.7195e-09,3.43799e-10,3.43799e-10,1.01169e-09,1.01085e-09,0.521741,0.0287731,0.491265,0.0100312,0.0337781,0.0114623,0.0223156,,
3361,2588,accepted,1,3.7736e-07,8.59748e-10,3.43639e-10,3.43639e-10,1.01168e-09,1.01085e-09,0.488023,0.0287636,0.45762,0.0103527,0.0338542,0.0113622,0.0224919,,
3362,2589,accepted,1,1.49969e-06,4.29874e-10,3.43551e-10,3.43551e-10,1.01172e-09,1.01085e-09,0.467002,0.0291576,0.436104,0.010487,0.0336298,0.0113013,0.0223284,,
3363,2589,rejected,1,5.94773e-06,4.29874e-09,3.43551e-10,3.43551e-10,1.01172e-09,1.01085e-09,0.493831,0.0283753,0.463735,0.0100336,0.0113743,0.0113741,0,,
3364,2590,accepted,0,5.94773e-06,2.14937e-09,3.43199e-10,3.43199e-10,1.01187e-09,1.01085e-09,0,0,0,0.0113438,0.0334781,0.0114331,0.0220449,,
3365,2591,accepted,1,2.4557e-07,1.07469e-09,3.43066e-10,3.43066e-10,1.01188e-09,1.01085e-09,0.486689,0.0287134,0.456119,0.0113762,0.033168,0.0114051,0.0217628,,
3366,2592,accepted,1,9.66843e-07,5.37343e-10,3.42894e-10,3.42894e-10,1.01188e-09,1.01085e-09,0.471518,0.0281004,0.441764,0.0104199,0.0337908,0.0113999,0.0223907,,
3367,2592,rejected,1,3.83586e-06,5.37343e-09,3.42894e-10,3.42894e-10,1.01188e-09,1.01085e-09,0.508744,0.0288439,0.478159,0.0097453,0.011246,0.0112459,0,,
3368,2593,accepted,0,3.83586e-06,2.68671e-09,3.42721e-10,3.42721e-10,1.01205e-09,1.01085e-09,0,0,0,0.0106832,0.0337618,0.0113027,0.0224589,,
3369,2594,accepted,1,1.57932e-07,1.34336e-09,3.42612e-10,3.42612e-10,1.01207e-09,1.01085e-09,0.491448,0.0291866,0.460612,0.0105417,0.0339729,0.011325,0.0226479,,
3370,2595,accepted,1,6.22094e-07,6.71678e-10,3.42433e-10,3.42433e-10,1.01206e-09,1.01085e-09,0.495523,0.0290805,0.464762,0.0115494,0.0337946,0.0112942,0.0225003,,
3371,2595,rejected,1,2.47005e-06,6.71678e-09,3.42433e-10,3.42433e-10,1.01206e-09,1.01085e-09,0.478004,0.0290975,0.447106,0.0108702,0.011287,0.011287,0,,
3372,2596,accepted,0,2.47005e-06,3.35839e-09,3.4234e-10,3.4234e-10,1.0122e-09,1.01085e-09,0,0,0,0.0114843,0.0340984,0.0112906,0.0228077,,
3373,2597,accepted,1,1.0143e-07,1.6792e-09,3.42251e-10,3.42251e-10,1.01223e-09,1.01085e-09,0.477237,0.0285849,0.447,0.0109791,0.0341829,0.0114099,0.0227729,,
3374,2598,accepted,1,3.99781e-07,8.39598e-10,3.42091e-10,3.42091e-10,1.01222e-09,1.01085e-09,0.500494,0.0294284,0.469457,0.0105496,0.0337665,0.0112058,0.0225605,,
3375,2599,accepted,1,1.58845e-06,4.19799e-10,3.42032e-10,3.42032e-10,1.01229e-09,1.01085e-09,0.490013,0.0281348,0.46021,0.011238,0.0336209,0.0112694,0.0223514,,
3376,2599,rejected,1,6.29738e-06,4.19799e-09,3.42032e-10,3.42032e-10,1.01229e-09,1.01085e-09,0.502813,0.0285003,0.472712,0.009588,0.0113659,0.0113657,0,,
3377,2600,accepted,0,6.29738e-06,2.09899e-09,3.41644e-10,3.41644e-10,1.01246e-09,1.01085e-09,0,0,0,0.0110324,0.0339136,0.0111954,0.0227182,,
3378,2601,accepted,1,2.60139e-07,1.0495e-09,3.41509e-10,3.41509e-10,1.01248e-09,1.01085e-09,0.479834,0.0287492,0.449413,0.0106508,0.0338471,0.0112435,0.0226035,,
3379,2602,accepted,1,1.02415e-06,5.24749e-10,3.41349e-10,3.41349e-10,1.01249e-09,1.01085e-09,0.498285,0.0281837,0.468438,0.01064,0.0339963,0.0112874,0.0227089,,
3380,2602,rejected,1,4.06181e-06,5.24749e-09,3.41349e-10,3.41349e-10,1.01249e-09,1.01085e-09,0.515974,0.0282452,0.48581,0.0105958,0.0113722,0.0113721,0,,
3381,2603,accepted,0,4.06181e-06,2.62374e-09,3.4116e-10,3.4116e-10,1.01268e-09,1.01085e-09,0,0,0,0.0102496,0.0336979,0.0112726,0.0224253,,
3382,2604,accepted,1,1.67294e-07,1.31187e-09,3.4105e-10,3.4105e-10,1.01271e-09,1.01085e-09,0.470773,0.0285013,0.440548,0.0106432,0.0342383,0.0114102,0.022828,,
3383,2605,accepted,1,6.5896e-07,6.55936e-10,3.40874e-10,3.40874e-10,1.01271e-09,1.01085e-09,0.474591,0.0283969,0.444647,0.0098101,0.0339889,0.0114068,0.0225821,,
3384,2605,rejected,1,2.61564e-06,6.55936e-09,3.40874e-10,3.40874e-10,1.01271e-09,1.01085e-09,0.499373,0.031538,0.466126,0.0102621,0.0114419,0.0114417,0,,
3385,2606,accepted,0,2.61564e-06,3.27968e-09,3.40774e-10,3.40774e-10,1.01287e-09,1.01085e-09,0,0,0,0.0111804,0.0338537,0.0112835,0.0225701,,
3386,2607,accepted,1,1.07434e-07,1.63984e-09,3.40685e-10,3.40685e-10,1.0129e-09,1.01085e-09,0.474311,0.0291746,0.443411,0.0100913,0.033554,0.011233,0.022321,,
3387,2608,accepted,1,4.23453e-07,8.1992e-10,3.40525e-10,3.40525e-10,1.01291e-09,1.01085e-09,0.486007,0.0284133,0.455709,0.011219,0.0331106,0.011353,0.0217576,,
3388,2609,accepted,1,1.68208e-06,4.0996e-10,3.40498e-10,3.40498e-10,1.013e-09,1.01085e-09,0.480437,0.0283127,0.450419,0.0121009,0.0334542,0.0114657,0.0219885,,
3389,2609,rejected,1,6.66597e-06,4.0996e-09,3.40498e-10,3.40498e-10,1.013e-09,1.01085e-09,0.512961,0.0284389,0.48293,0.0099193,0.0114081,0.011408,0,,
3390,2610,accepted,0,6.66597e-06,2.0498e-09,3.4007e-10,3.4007e-10,1.01319e-09,1.01085e-09,0,0,0,0.0106345,0.0339712,0.0115503,0.0224207,,
3391,2611,accepted,1,2.75506e-07,1.0249e-09,3.39934e-10,3.39934e-10,1.01322e-09,1.01085e-09,0.519489,0.0282527,0.489622,0.0112775,0.0338704,0.0113257,0.0225447,,
3392,2612,accepted,1,1.0846e-06,5.1245e-10,3.39785e-10,3.39785e-10,1.01324e-09,1.01085e-09,0.511411,0.0286215,0.481158,0.0131699,0.0339847,0.0114762,0.0225085,,
3393,2612,rejected,1,4.2999e-06,5.1245e-09,3.39785e-10,3.39785e-10,1.01324e-09,1.01085e-09,0.492121,0.0285857,0.461924,0.0104009,0.0114917,0.0114917,0,,
3394,2613,accepted,0,4.2999e-06,2.56225e-09,3.3958e-10,3.3958e-10,1.01346e-09,1.01085e-09,0,0,0,0.0110802,0.0339078,0.0114487,0.022459,,
3395,2614,accepted,1,1.77163e-07,1.28112e-09,3.39468e-10,3.39468e-10,1.01349e-09,1.01085e-09,0.492503,0.0288693,0.461939,0.010696,0.0338184,0.0112834,0.022535,,
3396,2615,accepted,1,6.97826e-07,6.40562e-10,3.39296e-10,3.39296e-10,1.0135e-09,1.01085e-09,0.504618,0.0285621,0.474373,0.011943,0.0336408,0.0112444,0.0223964,,
3397,2615,rejected,1,2.76899e-06,6.40562e-09,3.39296e-10,3.39296e-10,1.0135e-09,1.01085e-09,0.472355,0.0291851,0.441396,0.0130995,0.0115545,0.0115545,0,,
3398,2616,accepted,0,2.76899e-06,3.20281e-09,3.39189e-10,3.39189e-10,1.01368e-09,1.01085e-09,0,0,0,0.0101691,0.033795,0.0112646,0.0225302,,
3399,2617,accepted,1,1.13759e-07,1.60141e-09,3.39098e-10,3.39098e-10,1.01371e-09,1.01085e-09,0.49685,0.0287719,0.466452,0.0102679,0.0344949,0.0116657,0.022829,,
3400,2618,accepted,1,4.48396e-07,8.00703e-10,3.38939e-10,3.38939e-10,1.01373e-09,1.01085e-09,0.47602,0.0289705,0.445273,0.0107566,0.0338157,0.0113039,0.0225116,,
3401,2618,rejected,1,1.7807e-06,8.00703e-09,3.38939e-10,3.38939e-10,1.01373e-09,1.01085e-09,0.491878,0.0288816,0.461315,0.0116727,0.0113795,0.0113792,0,,
3402,2619,accepted,0,1.7807e-06,4.00351e-09,3.38877e-10,3.38877e-10,1.01386e-09,1.01085e-09,0,0,0,0.0118898,0.0338583,0.0114215,0.0224368,,
3403,2620,accepted,1,7.29668e-08,2.00176e-09,3.38804e-10,3.38804e-10,1.0139e-09,1.01085e-09,0.506782,0.0283402,0.476784,0.0106088,0.0337282,0.0112276,0.0225005,,
3404,2621,accepted,1,2.8785e-07,1.00088e-09,3.38667e-10,3.38667e-10,1.01392e-09,1.01085e-09,0.491621,0.0283531,0.461618,0.0113559,0.0337484,0.0112862,0.0224621,,
3405,2622,accepted,1,1.14395e-06,5.00439e-10,3.3853e-10,3.3853e-10,1.01394e-09,1.01085e-09,0.526108,0.028585,0.495906,0.0116855,0.0330075,0.0112281,0.0217792,,
3406,2622,rejected,1,4.53782e-06,5.00439e-09,3.3853e-10,3.3853e-10,1.01394e-09,1.01085e-09,0.494125,0.0281255,0.464333,0.0104898,0.0112897,0.0112897,0,,
3407,2623,accepted,0,4.53782e-06,2.5022e-09,3.38307e-10,3.38307e-10,1.01417e-09,1.01085e-09,0,0,0,0.0101343,0.03167,0.0112201,0.0204498,,
3408,2624,accepted,1,1.8702e-07,1.2511e-09,3.38194e-10,3.38194e-10,1.01421e-09,1.01085e-09,0.495436,0.0284011,0.465325,0.0125919,0.0340613,0.0114422,0.0226189,,
3409,2625,accepted,1,7.36613e-07,6.25549e-10,3.38025e-10,3.38025e-10,1.01422e-09,1.01085e-09,0.496891,0.0282923,0.467015,0.0118837,0.0340365,0.0113691,0.0226673,,
3410,2625,rejected,1,2.92235e-06,6.25549e-09,3.38025e-10,3.38025e-10,1.01422e-09,1.01085e-09,0.496632,0.0283219,0.466708,0.0100247,0.0112326,0.0112325,0,,
3411,2626,accepted,0,2.92235e-06,3.12775e-09,3.3791e-10,3.3791e-10,1.01442e-09,1.01085e-09,0,0,0,0.0106602,0.0337818,0.0112709,0.0225108,,
3412,2627,accepted,1,1.20088e-07,1.56387e-09,3.37818e-10,3.37818e-10,1.01446e-09,1.01085e-09,0.510413,0.0290723,0.479718,0.0100185,0.0339431,0.011266,0.0226771,,
3413,2628,accepted,1,4.73355e-07,7.81936e-10,3.37659e-10,3.37659e-10,1.01448e-09,1.01085e-09,0.4914,0.0291356,0.460612,0.0101449,0.0338887,0.0113106,0.022578,,
3414,2628,rejected,1,1.87953e-06,7.81936e-09,3.37659e-10,3.37659e-10,1.01448e-09,1.01085e-09,0.506939,0.0286231,0.476689,0.0110589,0.0113191,0.011319,0,,
3415,2629,accepted,0,1.87953e-06,3.90968e-09,3.37593e-10,3.37593e-10,1.01463e-09,1.01085e-09,0,0,0,0.0107883,0.0340017,0.0113161,0.0226855,,
3416,2630,accepted,1,7.70299e-08,1.95484e-09,3.3752e-10,3.3752e-10,1.01466e-09,1.01085e-09,0.47462,0.0282,0.444786,0.0102869,0.0337957,0.0112968,0.0224988,,
3417,2631,accepted,1,3.03893e-07,9.7742e-10,3.37382e-10,3.37382e-10,1.01469e-09,1.01085e-09,0.486442,0.0280795,0.456603,0.0107354,0.0340739,0.0114344,0.0226395,,
3418,2632,accepted,1,1.20756e-06,4.8871e-10,3.37259e-10,3.37259e-10,1.01472e-09,1.01085e-09,0.513689,0.0305005,0.481348,0.0113025,0.0343767,0.0116277,0.022749,,
3419,2632,rejected,1,4.78903e-06,4.8871e-09,3.37259e-10,3.37259e-10,1.01472e-09,1.01085e-09,0.482445,0.0290175,0.451771,0.0105578,0.0113026,0.0113025,0,,
3420,2633,accepted,0,4.78903e-06,2.44355e-09,3.37015e-10,3.37015e-10,1.01497e-09,1.01085e-09,0,0,0,0.0109685,0.0338648,0.0112645,0.0226002,,
3421,2634,accepted,1,1.97439e-07,1.22178e-09,3.36901e-10,3.36901e-10,1.01501e-09,1.01085e-09,0.508379,0.0284986,0.478255,0.0116708,0.0339965,0.0114237,0.0225726,,
3422,2635,accepted,1,7.77678e-07,6.10888e-10,3.36736e-10,3.36736e-10,1.01504e-09,1.01085e-09,0.490976,0.0290683,0.4602,0.0118099,0.0339025,0.0113237,0.0225787,,
3423,2635,rejected,1,3.08456e-06,6.10888e-09,3.36736e-10,3.36736e-10,1.01504e-09,1.01085e-09,0.480125,0.0284457,0.450062,0.0111435,0.011261,0.0112609,0,,
3424,2636,accepted,0,3.08456e-06,3.05444e-09,3.36613e-10,3.36613e-10,1.01525e-09,1.01085e-09,0,0,0,0.0111902,0.0337046,0.0114299,0.0222746,,
3425,2637,accepted,1,1.26783e-07,1.52722e-09,3.3652e-10,3.3652e-10,1.01529e-09,1.01085e-09,0.499962,0.0299423,0.468258,0.010887,0.0340352,0.0112657,0.0227694,,
3426,2638,accepted,1,4.99767e-07,7.6361e-10,3.36361e-10,3.36361e-10,1.01532e-09,1.01085e-09,0.49526,0.028347,0.465247,0.0110423,0.033626,0.0112897,0.0223363,,
3427,2638,rejected,1,1.984e-06,7.6361e-09,3.36361e-10,3.36361e-10,1.01532e-09,1.01085e-09,0.506439,0.0283299,0.476443,0.0114969,0.0113483,0.0113482,0,,
3428,2639,accepted,0,1.984e-06,3.81805e-09,3.36291e-10,3.36291e-10,1.01548e-09,1.01085e-09,0,0,0,0.0114275,0.033707,0.0112248,0.0224821,,
3429,2640,accepted,1,8.13234e-08,1.90902e-09,3.36217e-10,3.36217e-10,1.01552e-09,1.01085e-09,0.5029,0.0304549,0.47078,0.010605,0.0340674,0.0113932,0.0226742,,
3430,2641,accepted,1,3.20848e-07,9.54512e-10,3.36078e-10,3.36078e-10,1.01555e-09,1.01085e-09,0.476666,0.0282783,0.446615,0.0108284,0.0339002,0.0113927,0.0225075,,
3431,2642,accepted,1,1.27471e-06,4.77256e-10,3.35971e-10,3.35971e-10,1.0156e-09,1.01085e-09,0.496349,0.0288791,0.4659,0.0111939,0.0339463,0.0112903,0.022656,,
3432,2642,rejected,1,5.05381e-06,4.77256e-09,3.35971e-10,3.35971e-10,1.0156e-09,1.01085e-09,0.490168,0.0284743,0.460046,0.0104869,0.0113415,0.0113414,0,,
3433,2643,accepted,0,5.05381e-06,2.38628e-09,3.35705e-10,3.35705e-10,1.01586e-09,1.01085e-09,0,0,0,0.0103154,0.0340036,0.0114594,0.0225442,,
3434,2644,accepted,1,2.08424e-07,1.19314e-09,3.35589e-10,3.35589e-10,1.01591e-09,1.01085e-09,0.494152,0.0283387,0.464117,0.0111288,0.0342655,0.0112728,0.0229927,,
3435,2645,accepted,1,8.20969e-07,5.9657e-10,3.3543e-10,3.3543e-10,1.01594e-09,1.01085e-09,0.498716,0.0284924,0.468618,0.0111556,0.0339188,0.0112282,0.0226905,,
3436,2645,rejected,1,3.25536e-06,5.9657e-09,3.3543e-10,3.3543e-10,1.01594e-09,1.01085e-09,0.496676,0.0286751,0.466391,0.0106245,0.0113076,0.0113075,0,,
3437,2646,accepted,0,3.25536e-06,2.98285e-09,3.35296e-10,3.35296e-10,1.01617e-09,1.01085e-09,0,0,0,0.0116812,0.0337217,0.0112992,0.0224224,,
3438,2647,accepted,1,1.33831e-07,1.49143e-09,3.35202e-10,3.35202e-10,1.01621e-09,1.01085e-09,0.514044,0.0292437,0.483157,0.0101385,0.0339448,0.0113661,0.0225787,,
3439,2648,accepted,1,5.27574e-07,7.45713e-10,3.35044e-10,3.35044e-10,1.01624e-09,1.01085e-09,0.499413,0.0294161,0.468351,0.0110001,0.0339944,0.0112886,0.0227057,,
3440,2648,rejected,1,2.09388e-06,7.45713e-09,3.35044e-10,3.35044e-10,1.01624e-09,1.01085e-09,0.511435,0.0290232,0.480667,0.0113469,0.0114498,0.0114496,0,,
3441,2649,accepted,0,2.09388e-06,3.72856e-09,3.3497e-10,3.3497e-10,1.01641e-09,1.01085e-09,0,0,0,0.0108426,0.0337383,0.0112576,0.0224806,,
3442,2650,accepted,1,8.58387e-08,1.86428e-09,3.34894e-10,3.34894e-10,1.01646e-09,1.01085e-09,0.500118,0.0286569,0.469769,0.0101418,0.0321053,0.0113294,0.0207759,,
3443,2651,accepted,1,3.38682e-07,9.32141e-10,3.34755e-10,3.34755e-10,1.01649e-09,1.01085e-09,0.512144,0.0282966,0.482161,0.0126659,0.033909,0.0112521,0.0226568,,
3444,2652,accepted,1,1.3453e-06,4.6607e-10,3.34666e-10,3.34666e-10,1.01655e-09,1.01085e-09,0.502925,0.0282067,0.473057,0.0117648,0.0338059,0.0113157,0.0224901,,
3445,2652,rejected,1,5.33188e-06,4.6607e-09,3.34666e-10,3.34666e-10,1.01655e-09,1.01085e-09,0.487033,0.0282344,0.457212,0.0107171,0.0112956,0.0112955,0,,
3446,2653,accepted,0,5.33188e-06,2.33035e-09,3.34375e-10,3.34375e-10,1.01683e-09,1.01085e-09,0,0,0,0.0102987,0.033844,0.0113874,0.0224565,,
3447,2654,accepted,1,2.19956e-07,1.16518e-09,3.34259e-10,3.34259e-10,1.01688e-09,1.01085e-09,0.475052,0.0283984,0.444957,0.0111088,0.0338836,0.011202,0.0226815,,
3448,2655,accepted,1,8.66423e-07,5.82588e-10,3.34105e-10,3.34105e-10,1.01692e-09,1.01085e-09,0.501161,0.0286597,0.470793,0.0118272,0.0322968,0.0113444,0.0209522,,
3449,2655,rejected,1,3.43455e-06,5.82588e-09,3.34105e-10,3.34105e-10,1.01692e-09,1.01085e-09,0.521793,0.0291042,0.490802,0.0107283,0.0113761,0.011376,0,,
3450,2656,accepted,0,3.43455e-06,2.91294e-09,3.33961e-10,3.33961e-10,1.01716e-09,1.01085e-09,0,0,0,0.010946,0.0339883,0.011312,0.0226762,,
3451,2657,accepted,1,1.41224e-07,1.45647e-09,3.33866e-10,3.33866e-10,1.01721e-09,1.01085e-09,0.504875,0.0288705,0.474326,0.0097985,0.0337488,0.0113372,0.0224116,,
3452,2658,accepted,1,5.56746e-07,7.28235e-10,3.33708e-10,3.33708e-10,1.01725e-09,1.01085e-09,0.486175,0.0284399,0.456008,0.0110197,0.0338638,0.0113026,0.0225611,,
3453,2658,rejected,1,2.20908e-06,7.28235e-09,3.33708e-10,3.33708e-10,1.01725e-09,1.01085e-09,0.496966,0.0287193,0.4666,0.0104999,0.011254,0.0112537,0,,
3454,2659,accepted,0,2.20908e-06,3.64117e-09,3.3363e-10,3.3363e-10,1.01743e-09,1.01085e-09,0,0,0,0.0117657,0.0338628,0.0114269,0.0224358,,
3455,2660,accepted,1,9.05713e-08,1.82059e-09,3.33553e-10,3.33553e-10,1.01748e-09,1.01085e-09,0.496424,0.029367,0.465376,0.0108724,0.0335561,0.0111052,0.0224509,,
3456,2661,accepted,1,3.57378e-07,9.10294e-10,3.33413e-10,3.33413e-10,1.01752e-09,1.01085e-09,0.492319,0.0290159,0.461633,0.0096511,0.0336254,0.0112406,0.0223847,,
3457,2662,accepted,1,1.41926e-06,4.55147e-10,3.33344e-10,3.33344e-10,1.01759e-09,1.01085e-09,0.514275,0.0296693,0.482913,0.0103625,0.0320897,0.0110269,0.0210627,,
3458,2662,rejected,1,5.62299e-06,4.55147e-09,3.33344e-10,3.33344e-10,1.01759e-09,1.01085e-09,0.502404,0.0284761,0.472244,0.0107958,0.011354,0.011354,0,,
3459,2663,accepted,0,5.62299e-06,2.27573e-09,3.33026e-10,3.33026e-10,1.01789e-09,1.01085e-09,0,0,0,0.0106201,0.0339585,0.0114412,0.0225173,,
3460,2664,accepted,1,2.32027e-07,1.13787e-09,3.32909e-10,3.32909e-10,1.01794e-09,1.01085e-09,0.480113,0.0288129,0.449712,0.0115275,0.0341143,0.0114528,0.0226614,,
3461,2665,accepted,1,9.14014e-07,5.68934e-10,3.32761e-10,3.32761e-10,1.01798e-09,1.01085e-09,0.507143,0.0282592,0.477194,0.0104421,0.0336918,0.0112663,0.0224253,,
3462,2665,rejected,1,3.62201e-06,5.68934e-09,3.32761e-10,3.32761e-10,1.01798e-09,1.01085e-09,0.494153,0.0294445,0.463033,0.0107601,0.0113794,0.0113792,0,,
3463,2666,accepted,0,3.62201e-06,2.84467e-09,3.32606e-10,3.32606e-10,1.01824e-09,1.01085e-09,0,0,0,0.0107345,0.0339828,0.0113875,0.0225953,,
3464,2667,accepted,1,1.48957e-07,1.42233e-09,3.3251e-10,3.3251e-10,1.0183e-09,1.01085e-09,0.507316,0.0290935,0.47653,0.0100926,0.0337813,0.0112216,0.0225597,,
3465,2668,accepted,1,5.87265e-07,7.11167e-10,3.32354e-10,3.32354e-10,1.01833e-09,1.01085e-09,0.508954,0.0298613,0.477481,0.0109853,0.0338238,0.0113225,0.0225012,,
3466,2668,rejected,1,2.32953e-06,7.11167e-09,3.32354e-10,3.32354e-10,1.01833e-09,1.01085e-09,0.525909,0.0288755,0.495424,0.0110602,0.0113492,0.0113491,0,,
3467,2669,accepted,0,2.32953e-06,3.55583e-09,3.3227e-10,3.3227e-10,1.01853e-09,1.01085e-09,0,0,0,0.0115743,0.0338843,0.0112505,0.0226336,,
3468,2670,accepted,1,9.55177e-08,1.77792e-09,3.32193e-10,3.32193e-10,1.01858e-09,1.01085e-09,0.530431,0.0290623,0.499729,0.0109045,0.0337619,0.011302,0.0224598,,
3469,2671,accepted,1,3.76925e-07,8.88959e-10,3.32052e-10,3.32052e-10,1.01862e-09,1.01085e-09,0.527303,0.0296332,0.495799,0.0110884,0.0328934,0.0113872,0.0215062,,
3470,2672,accepted,1,1.49655e-06,4.44479e-10,3.32005e-10,3.32005e-10,1.0187e-09,1.01085e-09,0.509686,0.0291672,0.47882,0.0103164,0.0340785,0.0114705,0.0226079,,
3471,2672,rejected,1,5.92699e-06,4.44479e-09,3.32005e-10,3.32005e-10,1.0187e-09,1.01085e-09,0.500924,0.0281974,0.471029,0.0122871,0.0112954,0.0112953,0,,
3472,2673,accepted,0,5.92699e-06,2.2224e-09,3.31658e-10,3.31658e-10,1.01902e-09,1.01085e-09,0,0,0,0.0099883,0.0340224,0.0114168,0.0226056,,
3473,2674,accepted,1,2.44627e-07,1.1112e-09,3.31539e-10,3.31539e-10,1.01908e-09,1.01085e-09,0.525909,0.0286309,0.495602,0.0106211,0.0342527,0.0115636,0.0226889,,
3474,2675,accepted,1,9.63704e-07,5.55599e-10,3.314e-10,3.314e-10,1.01912e-09,1.01085e-09,0.500123,0.027813,0.47065,0.0105453,0.0339262,0.0113285,0.0225976,,
3475,2675,rejected,1,3.81763e-06,5.55599e-09,3.314e-10,3.314e-10,1.01912e-09,1.01085e-09,0.48963,0.0284691,0.459494,0.0109662,0.0113213,0.0113212,0,,
3476,2676,accepted,0,3.81763e-06,2.778e-09,3.31232e-10,3.31232e-10,1.0194e-09,1.01085e-09,0,0,0,0.0106462,0.0336549,0.0112326,0.0224222,,
3477,2677,accepted,1,1.57022e-07,1.389e-09,3.31134e-10,3.31134e-10,1.01945e-09,1.01085e-09,0.501175,0.0284685,0.471049,0.0100079,0.0342575,0.0113624,0.022895,,
3478,2678,accepted,1,6.19106e-07,6.94499e-10,3.3098e-10,3.3098e-10,1.01949e-09,1.01085e-09,0.50262,0.0283463,0.47261,0.0108717,0.0336241,0.0112397,0.0223843,,
3479,2678,rejected,1,2.45513e-06,6.94499e-09,3.3098e-10,3.3098e-10,1.01949e-09,1.01085e-09,0.465593,0.0290721,0.434884,0.0107724,0.0112698,0.0112696,0,,
3480,2679,accepted,0,2.45513e-06,3.47249e-09,3.30891e-10,3.30891e-10,1.01971e-09,1.01085e-09,0,0,0,0.0114546,0.0341513,0.0114762,0.0226751,,
3481,2680,accepted,1,1.00674e-07,1.73625e-09,3.30812e-10,3.30812e-10,1.01975e-09,1.01085e-09,0.524555,0.0286872,0.494255,0.0113034,0.0339317,0.0113213,0.0226102,,
3482,2681,accepted,1,3.97305e-07,8.68124e-10,3.30672e-10,3.30672e-10,1.0198e-09,1.01085e-09,0.489948,0.0287083,0.459526,0.0118201,0.0337528,0.0112434,0.0225093,,
3483,2682,accepted,1,1.5771e-06,4.34062e-10,3.3065e-10,3.3065e-10,1.01989e-09,1.01085e-09,0.478431,0.0297706,0.446992,0.0105782,0.0341004,0.0113095,0.0227908,,
3484,2682,rejected,1,6.24364e-06,4.34062e-09,3.3065e-10,3.3065e-10,1.01989e-09,1.01085e-09,0.487001,0.0285398,0.456775,0.0107567,0.0113567,0.0113565,0,,
3485,2683,accepted,0,6.24364e-06,2.17031e-09,3.3027e-10,3.3027e-10,1.02022e-09,1.01085e-09,0,0,0,0.0119276,0.0336825,0.0112821,0.0224003,,
3486,2684,accepted,1,2.57743e-07,1.08515e-09,3.3015e-10,3.3015e-10,1.02028e-09,1.01085e-09,0.486287,0.0283815,0.456177,0.0099965,0.0334714,0.0111893,0.022282,,
3487,2685,accepted,1,1.01544e-06,5.42577e-10,3.30019e-10,3.30019e-10,1.02032e-09,1.01085e-09,0.494046,0.0290683,0.463222,0.0112395,0.0338712,0.0113224,0.0225488,,
3488,2685,rejected,1,4.02121e-06,5.42577e-09,3.30019e-10,3.30019e-10,1.02032e-09,1.01085e-09,0.511314,0.0291882,0.480367,0.0108294,0.0114559,0.0114558,0,,
3489,2686,accepted,0,4.02121e-06,2.71289e-09,3.29837e-10,3.29837e-10,1.02062e-09,1.01085e-09,0,0,0,0.0098355,0.0337089,0.0113215,0.0223874,,
3490,2687,accepted,1,1.6541e-07,1.35644e-09,3.29739e-10,3.29739e-10,1.02068e-09,1.01085e-09,0.520097,0.0285841,0.489849,0.0104474,0.0337289,0.0112598,0.0224691,,
3491,2688,accepted,1,6.52236e-07,6.78222e-10,3.29587e-10,3.29587e-10,1.02072e-09,1.01085e-09,0.482371,0.028475,0.452203,0.0105722,0.0339521,0.0113036,0.0226485,,
3492,2688,rejected,1,2.58574e-06,6.78222e-09,3.29587e-10,3.29587e-10,1.02072e-09,1.01085e-09,0.500741,0.0286998,0.470432,0.0097385,0.0113384,0.0113381,0,,
3493,2689,accepted,0,2.58574e-06,3.39111e-09,3.29492e-10,3.29492e-10,1.02095e-09,1.01085e-09,0,0,0,0.0107084,0.0340259,0.0114072,0.0226185,,
3494,2690,accepted,1,1.06032e-07,1.69555e-09,3.29412e-10,3.29412e-10,1.021e-09,1.01085e-09,0.502697,0.0291844,0.471839,0.0096706,0.0339344,0.0113064,0.0226278,,
3495,2691,accepted,1,4.18496e-07,8.47777e-10,3.29271e-10,3.29271e-10,1.02104e-09,1.01085e-09,0.488309,0.0285617,0.458062,0.011616,0.0338702,0.0113379,0.0225322,,
3496,2691,rejected,1,1.66082e-06,8.47777e-09,3.29271e-10,3.29271e-10,1.02104e-09,1.01085e-09,0.514573,0.0281505,0.484659,0.0102018,0.0113347,0.0113345,0,,
3497,2692,accepted,0,1.66082e-06,4.23889e-09,3.29217e-10,3.29217e-10,1.02121e-09,1.01085e-09,0,0,0,0.0115157,0.03363,0.0112813,0.0223486,,
3498,2693,accepted,1,6.79189e-08,2.11944e-09,3.29152e-10,3.29152e-10,1.02125e-09,1.01085e-09,0.510904,0.0288342,0.480349,0.0114238,0.0338451,0.0112307,0.0226143,,
3499,2694,accepted,1,2.68333e-07,1.05972e-09,3.29031e-10,3.29031e-10,1.0213e-09,1.01085e-09,0.509593,0.0290469,0.478858,0.0102268,0.0344689,0.0119983,0.0224706,,
3500,2695,accepted,1,1.06588e-06,5.29861e-10,3.28909e-10,3.28909e-10,1.02134e-09,1.01085e-09,0.517427,0.0284558,0.487344,0.0101003,0.0338204,0.0113058,0.0225145,,
3501,2695,rejected,1,4.22456e-06,5.29861e-09,3.28909e-10,3.28909e-10,1.02134e-09,1.01085e-09,0.467928,0.0281103,0.438169,0.0123792,0.0115367,0.0115365,0,,
3502,2696,accepted,0,4.22456e-06,2.6493e-09,3.28713e-10,3.28713e-10,1.02165e-09,1.01085e-09,0,0,0,0.0099415,0.0339446,0.0115513,0.0223933,,
3503,2697,accepted,1,1.73799e-07,1.32465e-09,3.28613e-10,3.28613e-10,1.0217e-09,1.01085e-09,0.494666,0.0287532,0.464357,0.010248,0.0336853,0.0113124,0.0223729,,
3504,2698,accepted,1,6.8539e-07,6.62326e-10,3.28463e-10,3.28463e-10,1.02174e-09,1.01085e-09,0.486785,0.0279496,0.457216,0.0103717,0.0338971,0.0112176,0.0226795,,
3505,2698,rejected,1,2.71687e-06,6.62326e-09,3.28463e-10,3.28463e-10,1.02174e-09,1.01085e-09,0.510574,0.028942,0.47991,0.0106697,0.0114059,0.0114059,0,,
3506,2699,accepted,0,2.71687e-06,3.31163e-09,3.28362e-10,3.28362e-10,1.02198e-09,1.01085e-09,0,0,0,0.0107268,0.0338815,0.0114632,0.0224181,,
3507,2700,accepted,1,1.11418e-07,1.65581e-09,3.28281e-10,3.28281e-10,1.02203e-09,1.01085e-09,0.488816,0.028662,0.458549,0.0108646,0.0336176,0.0112606,0.0223569,,
3508,2701,accepted,1,4.39799e-07,8.27907e-10,3.28139e-10,3.28139e-10,1.02208e-09,1.01085e-09,0.476717,0.0285436,0.446491,0.0106414,0.0332061,0.0114514,0.0217547,,
3509,2701,rejected,1,1.74516e-06,8.27907e-09,3.28139e-10,3.28139e-10,1.02208e-09,1.01085e-09,0.498222,0.0291544,0.467405,0.0107093,0.0113427,0.0113426,0,,
3510,2702,accepted,0,1.74516e-06,4.13954e-09,3.28082e-10,3.28082e-10,1.02225e-09,1.01085e-09,0,0,0,0.0110612,0.0339607,0.0112969,0.0226638,,
3511,2703,accepted,1,7.13703e-08,2.06977e-09,3.28016e-10,3.28016e-10,1.0223e-09,1.01085e-09,0.482238,0.0285255,0.45204,0.0106789,0.0338897,0.0114042,0.0224855,,
3512,2704,accepted,1,2.81997e-07,1.03488e-09,3.27894e-10,3.27894e-10,1.02235e-09,1.01085e-09,0.496092,0.0287054,0.465717,0.0108818,0.032879,0.0112629,0.021616,,
3513,2705,accepted,1,1.12004e-06,5.17442e-10,3.27781e-10,3.27781e-10,1.02238e-09,1.01085e-09,0.484918,0.0280951,0.455231,0.0105894,0.033818,0.0112934,0.0225245,,
3514,2705,rejected,1,4.43832e-06,5.17442e-09,3.27781e-10,3.27781e-10,1.02238e-09,1.01085e-09,0.476345,0.0286546,0.445988,0.0104369,0.0113173,0.0113172,0,,
3515,2706,accepted,0,4.43832e-06,2.58721e-09,3.27569e-10,3.27569e-10,1.02271e-09,1.01085e-09,0,0,0,0.0101313,0.0335382,0.0112401,0.0222981,,
3516,2707,accepted,1,1.82612e-07,1.29361e-09,3.27468e-10,3.27468e-10,1.02277e-09,1.01085e-09,0.479697,0.0291708,0.448502,0.0114276,0.0338564,0.0112268,0.0226296,,
3517,2708,accepted,1,7.20227e-07,6.46803e-10,3.27321e-10,3.27321e-10,1.0228e-09,1.01085e-09,0.519217,0.0285048,0.488709,0.0106429,0.0337618,0.0112046,0.0225571,,
3518,2708,rejected,1,2.85441e-06,6.46803e-09,3.27321e-10,3.27321e-10,1.0228e-09,1.01085e-09,0.503942,0.0289495,0.473281,0.0106924,0.011324,0.0113238,0,,
3519,2709,accepted,0,2.85441e-06,3.23401e-09,3.27213e-10,3.27213e-10,1.02306e-09,1.01085e-09,0,0,0,0.0101441,0.0338275,0.0112508,0.0225767,,
3520,2710,accepted,1,1.17063e-07,1.61701e-09,3.27131e-10,3.27131e-10,1.02311e-09,1.01085e-09,0.488594,0.028527,0.458313,0.0123157,0.0339144,0.0112708,0.0226435,,
3521,2711,accepted,1,4.62129e-07,8.08503e-10,3.26989e-10,3.26989e-10,1.02315e-09,1.01085e-09,0.486936,0.0287573,0.456539,0.0102914,0.0340253,0.0113272,0.0226981,,
3522,2711,rejected,1,1.83345e-06,8.08503e-09,3.26989e-10,3.26989e-10,1.02315e-09,1.01085e-09,0.497433,0.0285836,0.466963,0.0098043,0.0114686,0.0114684,0,,
3523,2712,accepted,0,1.83345e-06,4.04252e-09,3.26928e-10,3.26928e-10,1.02334e-09,1.01085e-09,0,0,0,0.0105672,0.0339202,0.0115131,0.0224069,,
3524,2713,accepted,1,7.49812e-08,2.02126e-09,3.26862e-10,3.26862e-10,1.02339e-09,1.01085e-09,0.503501,0.0291827,0.472673,0.0113775,0.034049,0.0115011,0.0225479,,
3525,2714,accepted,1,2.96293e-07,1.01063e-09,3.26739e-10,3.26739e-10,1.02343e-09,1.01085e-09,0.522721,0.0281275,0.492982,0.0096222,0.0339498,0.0112301,0.0227196,,
3526,2715,accepted,1,1.17665e-06,5.05315e-10,3.26637e-10,3.26637e-10,1.02347e-09,1.01085e-09,0.49415,0.0287004,0.463805,0.011429,0.0337892,0.0112967,0.0224924,,
3527,2715,rejected,1,4.66145e-06,5.05315e-09,3.26637e-10,3.26637e-10,1.02347e-09,1.01085e-09,0.510923,0.0286436,0.480532,0.0109023,0.0112865,0.0112864,0,,
3528,2716,accepted,0,4.66145e-06,2.52657e-09,3.26408e-10,3.26408e-10,1.02381e-09,1.01085e-09,0,0,0,0.0110794,0.033816,0.0112961,0.0225199,,
3529,2717,accepted,1,1.91804e-07,1.26329e-09,3.26306e-10,3.26306e-10,1.02387e-09,1.01085e-09,0.490045,0.0285897,0.459725,0.0117641,0.0338114,0.0113803,0.0224309,,
3530,2718,accepted,1,7.5656e-07,6.31643e-10,3.26161e-10,3.26161e-10,1.0239e-09,1.01085e-09,0.488351,0.028348,0.458348,0.0111111,0.0339881,0.0112332,0.0227549,,
3531,2718,rejected,1,2.99771e-06,6.31643e-09,3.26161e-10,3.26161e-10,1.0239e-09,1.01085e-09,0.499184,0.0285887,0.468969,0.0104325,0.0113837,0.0113831,0,,
3532,2719,accepted,0,2.99771e-06,3.15822e-09,3.26046e-10,3.26046e-10,1.02417e-09,1.01085e-09,0,0,0,0.0104044,0.0338985,0.0112823,0.0226161,,
3533,2720,accepted,1,1.22941e-07,1.57911e-09,3.25962e-10,3.25962e-10,1.02423e-09,1.01085e-09,0.503218,0.0282575,0.473243,0.0103892,0.0342121,0.0113104,0.0229017,,
3534,2721,accepted,1,4.85385e-07,7.89554e-10,3.2582e-10,3.2582e-10,1.02426e-09,1.01085e-09,0.498242,0.0283862,0.468238,0.0112452,0.033872,0.0114212,0.0224507,,
3535,2721,rejected,1,1.92533e-06,7.89554e-09,3.2582e-10,3.2582e-10,1.02426e-09,1.01085e-09,0.491098,0.0290302,0.460476,0.0104095,0.0113482,0.0113479,0,,
3536,2722,accepted,0,1.92533e-06,3.94777e-09,3.25756e-10,3.25756e-10,1.02446e-09,1.01085e-09,0,0,0,0.0107552,0.0339015,0.0112401,0.0226613,,
3537,2723,accepted,1,7.87368e-08,1.97388e-09,3.25689e-10,3.25689e-10,1.02451e-09,1.01085e-09,0.502633,0.0289638,0.471913,0.0107649,0.0338298,0.0114082,0.0224214,,
3538,2724,accepted,1,3.11164e-07,9.86942e-10,3.25565e-10,3.25565e-10,1.02456e-09,1.01085e-09,0.509452,0.0284252,0.479418,0.0100029,0.0337749,0.0114339,0.0223408,,
3539,2725,accepted,1,1.23551e-06,4.93471e-10,3.25476e-10,3.25476e-10,1.02459e-09,1.01085e-09,0.529005,0.028898,0.498385,0.0108701,0.0341093,0.0112504,0.0228589,,
3540,2725,rejected,1,4.89321e-06,4.93471e-09,3.25476e-10,3.25476e-10,1.02459e-09,1.01085e-09,0.505346,0.0291912,0.474442,0.0118924,0.0114547,0.0114547,0,,
3541,2726,accepted,0,4.89321e-06,2.46736e-09,3.25228e-10,3.25228e-10,1.02495e-09,1.01085e-09,0,0,0,0.011381,0.03395,0.0112821,0.0226678,,
3542,2727,accepted,1,2.01344e-07,1.23368e-09,3.25124e-10,3.25124e-10,1.02501e-09,1.01085e-09,0.544641,0.0284437,0.514612,0.0097585,0.0338251,0.011247,0.022578,,
3543,2728,accepted,1,7.94281e-07,6.16839e-10,3.24983e-10,3.24983e-10,1.02504e-09,1.01085e-09,0.488076,0.0284044,0.45795,0.0107972,0.0328609,0.0113176,0.0215433,,
3544,2728,rejected,1,3.14639e-06,6.16839e-09,3.24983e-10,3.24983e-10,1.02504e-09,1.01085e-09,0.512946,0.028991,0.482253,0.0111728,0.0114241,0.0114239,0,,
3545,2729,accepted,0,3.14639e-06,3.0842e-09,3.24859e-10,3.24859e-10,1.02532e-09,1.01085e-09,0,0,0,0.0112458,0.0338636,0.0113796,0.022484,,
3546,2730,accepted,1,1.29035e-07,1.5421e-09,3.24775e-10,3.24775e-10,1.02538e-09,1.01085e-09,0.476372,0.0296344,0.444946,0.0113558,0.0340133,0.0112988,0.0227145,,
3547,2731,accepted,1,5.09501e-07,7.71049e-10,3.24633e-10,3.24633e-10,1.02541e-09,1.01085e-09,0.479247,0.0284262,0.449176,0.0118136,0.0337758,0.0114113,0.0223645,,
3548,2731,rejected,1,2.02056e-06,7.71049e-09,3.24633e-10,3.24633e-10,1.02541e-09,1.01085e-09,0.504113,0.0282335,0.474232,0.0120171,0.0113385,0.0113382,0,,
3549,2732,accepted,0,2.02056e-06,3.85524e-09,3.24566e-10,3.24566e-10,1.02562e-09,1.01085e-09,0,0,0,0.0113019,0.034082,0.0113443,0.0227376,,
3550,2733,accepted,1,8.26271e-08,1.92762e-09,3.24497e-10,3.24497e-10,1.02567e-09,1.01085e-09,0.496644,0.0289435,0.466039,0.0111708,0.0338975,0.0113221,0.0225753,,
3551,2734,accepted,1,3.26574e-07,9.63811e-10,3.24372e-10,3.24372e-10,1.02571e-09,1.01085e-09,0.478504,0.0279873,0.448919,0.0104985,0.0338407,0.0113251,0.0225155,,
3552,2735,accepted,1,1.29648e-06,4.81905e-10,3.24297e-10,3.24297e-10,1.02575e-09,1.01085e-09,0.490474,0.0286217,0.46017,0.0100485,0.0341092,0.0112462,0.022863,,
3553,2735,rejected,1,5.13314e-06,4.81905e-09,3.24297e-10,3.24297e-10,1.02575e-09,1.01085e-09,0.499756,0.0288073,0.469196,0.0097958,0.0112253,0.0112253,0,,
3554,2736,accepted,0,5.13314e-06,2.40953e-09,3.24028e-10,3.24028e-10,1.02612e-09,1.01085e-09,0,0,0,0.0102879,0.0315965,0.0112086,0.0203879,,
3555,2737,accepted,1,2.11211e-07,1.20476e-09,3.23924e-10,3.23924e-10,1.02618e-09,1.01085e-09,0.501768,0.0294926,0.470583,0.0105519,0.0339065,0.0113728,0.0225337,,
3556,2738,accepted,1,8.33309e-07,6.02382e-10,3.23787e-10,3.23787e-10,1.0262e-09,1.01085e-09,0.518321,0.0301455,0.486485,0.0103079,0.0338466,0.0113982,0.0224484,,
3557,2738,rejected,1,3.30014e-06,6.02382e-09,3.23787e-10,3.23787e-10,1.0262e-09,1.01085e-09,0.504485,0.0282474,0.474575,0.0105359,0.0113424,0.0113424,0,,
3558,2739,accepted,0,3.30014e-06,3.01191e-09,3.23654e-10,3.23654e-10,1.0265e-09,1.01085e-09,0,0,0,0.0108933,0.0335719,0.011254,0.0223179,,
3559,2740,accepted,1,1.35332e-07,1.50595e-09,3.23569e-10,3.23569e-10,1.02656e-09,1.01085e-09,0.519733,0.0282852,0.489812,0.0102121,0.0335638,0.011259,0.0223047,,
3560,2741,accepted,1,5.3443e-07,7.52977e-10,3.23427e-10,3.23427e-10,1.02659e-09,1.01085e-09,0.492721,0.0283979,0.462661,0.0113444,0.0337359,0.0112249,0.0225108,,
3561,2741,rejected,1,2.11897e-06,7.52977e-09,3.23427e-10,3.23427e-10,1.02659e-09,1.01085e-09,0.518843,0.0297931,0.487131,0.0104318,0.0113469,0.0113468,0,,
3562,2742,accepted,0,2.11897e-06,3.76489e-09,3.23356e-10,3.23356e-10,1.02681e-09,1.01085e-09,0,0,0,0.0107165,0.0335293,0.0112468,0.0222824,,
3563,2743,accepted,1,8.66441e-08,1.88244e-09,3.23286e-10,3.23286e-10,1.02686e-09,1.01085e-09,0.460473,0.0297442,0.428812,0.0106605,0.0337629,0.0113407,0.0224221,,
3564,2744,accepted,1,3.42491e-07,9.41222e-10,3.2316e-10,3.2316e-10,1.0269e-09,1.01085e-09,0.485607,0.0282444,0.455759,0.0107007,0.0338039,0.0113335,0.0224703,,
3565,2745,accepted,1,1.35943e-06,4.70611e-10,3.23101e-10,3.23101e-10,1.02693e-09,1.01085e-09,0.504366,0.0290919,0.473628,0.0105844,0.033747,0.0112745,0.0224725,,
3566,2745,rejected,1,5.38077e-06,4.70611e-09,3.23101e-10,3.23101e-10,1.02693e-09,1.01085e-09,0.494586,0.0282175,0.464813,0.0099623,0.0113533,0.0113532,0,,
3567,2746,accepted,0,5.38077e-06,2.35305e-09,3.2281e-10,3.2281e-10,1.02732e-09,1.01085e-09,0,0,0,0.0110737,0.032993,0.0112738,0.0217191,,
3568,2747,accepted,1,2.21384e-07,1.17653e-09,3.22704e-10,3.22704e-10,1.02737e-09,1.01085e-09,0.505525,0.0287388,0.475164,0.0105614,0.0340073,0.0113887,0.0226186,,
3569,2748,accepted,1,8.73564e-07,5.88264e-10,3.22572e-10,3.22572e-10,1.02739e-09,1.01085e-09,0.527424,0.0285264,0.497309,0.0097907,0.0337757,0.0112995,0.0224762,,
3570,2748,rejected,1,3.45866e-06,5.88264e-09,3.22572e-10,3.22572e-10,1.02739e-09,1.01085e-09,0.507091,0.028587,0.476912,0.0104396,0.0112775,0.0112774,0,,
3571,2749,accepted,0,3.45866e-06,2.94132e-09,3.2243e-10,3.2243e-10,1.02771e-09,1.01085e-09,0,0,0,0.0109231,0.0338897,0.0114378,0.0224518,,
3572,2750,accepted,1,1.41819e-07,1.47066e-09,3.22343e-10,3.22343e-10,1.02776e-09,1.01085e-09,0.49818,0.0286535,0.467928,0.0097961,0.0339112,0.0113073,0.0226039,,
3573,2751,accepted,1,5.6012e-07,7.35329e-10,3.22202e-10,3.22202e-10,1.02779e-09,1.01085e-09,0.524607,0.0287615,0.494183,0.0107598,0.033724,0.011259,0.0224649,,
3574,2751,rejected,1,2.22034e-06,7.35329e-09,3.22202e-10,3.22202e-10,1.02779e-09,1.01085e-09,0.520579,0.0290758,0.489787,0.0100724,0.0113114,0.0113112,0,,
3575,2752,accepted,0,2.22034e-06,3.67665e-09,3.22127e-10,3.22127e-10,1.02802e-09,1.01085e-09,0,0,0,0.0114723,0.0337116,0.0113138,0.0223977,,
3576,2753,accepted,1,9.07792e-08,1.83832e-09,3.22056e-10,3.22056e-10,1.02807e-09,1.01085e-09,0.502006,0.0316451,0.46869,0.0105001,0.033829,0.0112865,0.0225424,,
3577,2754,accepted,1,3.58881e-07,9.19162e-10,3.21929e-10,3.21929e-10,1.0281e-09,1.01085e-09,0.496141,0.028391,0.466057,0.01058,0.0336584,0.0112449,0.0224134,,
3578,2755,accepted,1,1.42425e-06,4.59581e-10,3.21887e-10,3.21887e-10,1.02814e-09,1.01085e-09,0.515773,0.0286128,0.485479,0.0106057,0.0337778,0.0112345,0.0225433,,
3579,2755,rejected,1,5.63556e-06,4.59581e-09,3.21887e-10,3.21887e-10,1.02814e-09,1.01085e-09,0.496023,0.0286476,0.465687,0.0109903,0.0112987,0.0112985,0,,
3580,2756,accepted,0,5.63556e-06,2.2979e-09,3.21573e-10,3.21573e-10,1.02854e-09,1.01085e-09,0,0,0,0.0101276,0.033751,0.0113397,0.0224112,,
3581,2757,accepted,1,2.3184e-07,1.14895e-09,3.21465e-10,3.21465e-10,1.02859e-09,1.01085e-09,0.513711,0.0282733,0.483846,0.0101123,0.0339402,0.011365,0.0225751,,
3582,2758,accepted,1,9.1496e-07,5.74476e-10,3.21338e-10,3.21338e-10,1.0286e-09,1.01085e-09,0.469998,0.0295051,0.438824,0.0100746,0.0336577,0.0112946,0.0223631,,
3583,2758,rejected,1,3.62161e-06,5.74476e-09,3.21338e-10,3.21338e-10,1.0286e-09,1.01085e-09,0.489469,0.0284498,0.459298,0.0114028,0.0113509,0.0113509,0,,
3584,2759,accepted,0,3.62161e-06,2.87238e-09,3.21187e-10,3.21187e-10,1.02893e-09,1.01085e-09,0,0,0,0.0102553,0.0337954,0.0112436,0.0225516,,
3585,2760,accepted,1,1.48481e-07,1.43619e-09,3.21099e-10,3.21099e-10,1.02898e-09,1.01085e-09,0.485081,0.0287397,0.454731,0.0110086,0.0340086,0.0113125,0.022696,,
3586,2761,accepted,1,5.86512e-07,7.18095e-10,3.20958e-10,3.20958e-10,1.02901e-09,1.01085e-09,0.503369,0.0289633,0.472721,0.0102359,0.0338706,0.0113385,0.022532,,
3587,2761,rejected,1,2.32446e-06,7.18095e-09,3.20958e-10,3.20958e-10,1.02901e-09,1.01085e-09,0.48998,0.0286798,0.459552,0.0108713,0.011427,0.0114268,0,,
3588,2762,accepted,0,2.32446e-06,3.59048e-09,3.20879e-10,3.20879e-10,1.02925e-09,1.01085e-09,0,0,0,0.0111352,0.0337656,0.0113892,0.0223763,,
3589,2763,accepted,1,9.50223e-08,1.79524e-09,3.20807e-10,3.20807e-10,1.02929e-09,1.01085e-09,0.485655,0.0283254,0.455639,0.0103635,0.0336447,0.011215,0.0224296,,
3590,2764,accepted,1,3.75707e-07,8.97619e-10,3.20679e-10,3.20679e-10,1.02933e-09,1.01085e-09,0.495223,0.028971,0.464568,0.0106832,0.0336624,0.0112423,0.02242,,
3591,2765,accepted,1,1.49076e-06,4.48809e-10,3.20655e-10,3.20655e-10,1.02936e-09,1.01085e-09,0.4987,0.0286291,0.468313,0.0107941,0.0337668,0.0112755,0.0224913,,
3592,2765,rejected,1,5.89698e-06,4.48809e-09,3.20655e-10,3.20655e-10,1.02936e-09,1.01085e-09,0.49266,0.0282234,0.462782,0.0098909,0.0113773,0.0113771,0,,
3593,2766,accepted,0,5.89698e-06,2.24405e-09,3.20316e-10,3.20316e-10,1.02977e-09,1.01085e-09,0,0,0,0.010664,0.0336262,0.0112793,0.0223469,,
3594,2767,accepted,1,2.42552e-07,1.12202e-09,3.20207e-10,3.20207e-10,1.02982e-09,1.01085e-09,0.513921,0.0283541,0.483855,0.0102149,0.0325954,0.0114166,0.0211788,,
3595,2768,accepted,1,9.57392e-07,5.61012e-10,3.20086e-10,3.20086e-10,1.02983e-09,1.01085e-09,0.488673,0.0293132,0.457677,0.0104169,0.0339175,0.0113308,0.0225866,,
3596,2768,rejected,1,3.78859e-06,5.61012e-09,3.20086e-10,3.20086e-10,1.02983e-09,1.01085e-09,0.497519,0.0281591,0.467711,0.0111476,0.0113114,0.0113114,0,,
3597,2769,accepted,0,3.78859e-06,2.80506e-09,3.19924e-10,3.19924e-10,1.03017e-09,1.01085e-09,0,0,0,0.0132038,0.0338972,0.0114943,0.0224028,,
3598,2770,accepted,1,1.55299e-07,1.40253e-09,3.19834e-10,3.19834e-10,1.03022e-09,1.01085e-09,0.504262,0.0293121,0.473228,0.0110743,0.0338447,0.011289,0.0225557,,
3599,2771,accepted,1,6.13538e-07,7.01265e-10,3.19695e-10,3.19695e-10,1.03024e-09,1.01085e-09,0.48837,0.028458,0.45829,0.0107496,0.0338428,0.0112426,0.0226,,
3600,2771,rejected,1,2.43105e-06,7.01265e-09,3.19695e-10,3.19695e-10,1.03024e-09,1.01085e-09,0.521581,0.0285242,0.491401,0.010899,0.0113239,0.0113237,0,,
3601,2772,accepted,0,2.43105e-06,3.50632e-09,3.19611e-10,3.19611e-10,1.03049e-09,1.01085e-09,0,0,0,0.0116776,0.0335611,0.0112865,0.0222746,,
3602,2773,accepted,1,9.93617e-08,1.75316e-09,3.19538e-10,3.19538e-10,1.03054e-09,1.01085e-09,0.50005,0.0285742,0.469735,0.0109304,0.0338445,0.0113103,0.0225341,,
3603,2774,accepted,1,3.92922e-07,8.76581e-10,3.1941e-10,3.1941e-10,1.03056e-09,1.01085e-09,0.50758,0.0285874,0.477402,0.0111346,0.0340983,0.0114247,0.0226734,,
3604,2775,accepted,1,1.55881e-06,4.3829e-10,3.19406e-10,3.19406e-10,1.03059e-09,1.01085e-09,0.508725,0.0286965,0.47836,0.010169,0.0339174,0.0113003,0.0226169,,
3605,2775,rejected,1,6.16429e-06,4.3829e-09,3.19406e-10,3.19406e-10,1.03059e-09,1.01085e-09,0.503837,0.0300269,0.47217,0.0107024,0.0112536,0.0112534,0,,
3606,2776,accepted,0,6.16429e-06,2.19145e-09,3.19039e-10,3.19039e-10,1.03102e-09,1.01085e-09,0,0,0,0.0105231,0.0330577,0.0113459,0.0217117,,
3607,2777,accepted,1,2.53489e-07,1.09573e-09,3.1893e-10,3.1893e-10,1.03106e-09,1.01085e-09,0.48923,0.0288621,0.458741,0.01079,0.0339426,0.0113605,0.0225821,,
3608,2778,accepted,1,1.00074e-06,5.47863e-10,3.18815e-10,3.18815e-10,1.03106e-09,1.01085e-09,0.520817,0.0284128,0.490747,0.0101854,0.034254,0.0117213,0.0225326,,
3609,2778,rejected,1,3.95911e-06,5.47863e-09,3.18815e-10,3.18815e-10,1.03106e-09,1.01085e-09,0.497586,0.0292043,0.466716,0.0104167,0.0109816,0.0109816,0,,
3610,2779,accepted,0,3.95911e-06,2.73932e-09,3.18641e-10,3.18641e-10,1.03142e-09,1.01085e-09,0,0,0,0.0103099,0.0338703,0.0112319,0.0226384,,
3611,2780,accepted,1,1.62252e-07,1.36966e-09,3.18551e-10,3.18551e-10,1.03147e-09,1.01085e-09,0.488648,0.0287941,0.458208,0.0107731,0.0341047,0.0113226,0.022782,,
3612,2781,accepted,1,6.41117e-07,6.84829e-10,3.18413e-10,3.18413e-10,1.03147e-09,1.01085e-09,0.493594,0.0284398,0.463525,0.0106061,0.0344214,0.0114094,0.023012,,
3613,2781,rejected,1,2.5398e-06,6.84829e-09,3.18413e-10,3.18413e-10,1.03147e-09,1.01085e-09,0.498859,0.0285419,0.468685,0.010193,0.0103824,0.0103823,0,,
3614,2782,accepted,0,2.5398e-06,3.42414e-09,3.18323e-10,3.18323e-10,1.03174e-09,1.01085e-09,0,0,0,0.0106969,0.0339507,0.0112768,0.0226738,,
3615,2783,accepted,1,1.03784e-07,1.71207e-09,3.1825e-10,3.1825e-10,1.03178e-09,1.01085e-09,0.496572,0.0285672,0.466354,0.0119608,0.0339658,0.0112689,0.0226969,,
3616,2784,accepted,1,4.10474e-07,8.56036e-10,3.18121e-10,3.18121e-10,1.03181e-09,1.01085e-09,0.520903,0.0282838,0.491025,0.0101773,0.0340657,0.0113951,0.0226704,,
3617,2784,rejected,1,1.62818e-06,8.56036e-09,3.18121e-10,3.18121e-10,1.03181e-09,1.01085e-09,0.500307,0.0292073,0.469464,0.0114422,0.0113753,0.0113753,0,,
3618,2785,accepted,0,1.62818e-06,4.28018e-09,3.18069e-10,3.18069e-10,1.03199e-09,1.01085e-09,0,0,0,0.010918,0.0337546,0.0112939,0.0224606,,
3619,2786,accepted,1,6.63662e-08,2.14009e-09,3.1801e-10,3.1801e-10,1.03203e-09,1.01085e-09,0.467883,0.0281868,0.438069,0.0109061,0.0338577,0.0112997,0.0225579,,
3620,2787,accepted,1,2.62727e-07,1.07005e-09,3.17899e-10,3.17899e-10,1.03207e-09,1.01085e-09,0.506588,0.0288425,0.476171,0.0103957,0.033851,0.0112228,0.0226282,,
3621,2788,accepted,1,1.04331e-06,5.35023e-10,3.17791e-10,3.17791e-10,1.03205e-09,1.01085e-09,0.503873,0.0284924,0.473677,0.0108209,0.0338407,0.0113274,0.0225132,,
3622,2788,rejected,1,4.13158e-06,5.35023e-09,3.17791e-10,3.17791e-10,1.03205e-09,1.01085e-09,0.505002,0.0284249,0.47495,0.010432,0.0113003,0.0113002,0,,
3623,2789,accepted,0,4.13158e-06,2.67511e-09,3.17605e-10,3.17605e-10,1.03242e-09,1.01085e-09,0,0,0,0.0108104,0.0338254,0.0113511,0.0224742,,
3624,2790,accepted,1,1.69303e-07,1.33756e-09,3.17514e-10,3.17514e-10,1.03246e-09,1.01085e-09,0.508043,0.0285869,0.477846,0.0097833,0.0338612,0.0112882,0.022573,,
3625,2791,accepted,1,6.69136e-07,6.68778e-10,3.17377e-10,3.17377e-10,1.03246e-09,1.01085e-09,0.490824,0.0287276,0.460467,0.0105098,0.0340302,0.0114915,0.0225387,,
3626,2791,rejected,1,2.65079e-06,6.68778e-09,3.17377e-10,3.17377e-10,1.03246e-09,1.01085e-09,0.492262,0.0284654,0.462103,0.0119119,0.0112358,0.0112354,0,,
3627,2792,accepted,0,2.65079e-06,3.34389e-09,3.17282e-10,3.17282e-10,1.03274e-09,1.01085e-09,0,0,0,0.0112135,0.0338377,0.0113935,0.0224442,,
3628,2793,accepted,1,1.08305e-07,1.67195e-09,3.17207e-10,3.17207e-10,1.03278e-09,1.01085e-09,0.490016,0.0291755,0.459114,0.0113466,0.033998,0.0115131,0.0224848,,
3629,2794,accepted,1,4.28425e-07,8.35973e-10,3.17078e-10,3.17078e-10,1.0328e-09,1.01085e-09,0.50746,0.028734,0.477079,0.0104606,0.0337558,0.0111861,0.0225696,,
3630,2794,rejected,1,1.69929e-06,8.35973e-09,3.17078e-10,3.17078e-10,1.0328e-09,1.01085e-09,0.495614,0.0290648,0.464794,0.0101942,0.0112898,0.0112898,0,,
3631,2795,accepted,0,1.69929e-06,4.17986e-09,3.17024e-10,3.17024e-10,1.03299e-09,1.01085e-09,0,0,0,0.0109785,0.0336292,0.0112388,0.0223903,,
3632,2796,accepted,1,6.92564e-08,2.08993e-09,3.16964e-10,3.16964e-10,1.03303e-09,1.01085e-09,0.499041,0.0284728,0.468866,0.0107053,0.0338794,0.0112888,0.0225906,,
3633,2797,accepted,1,2.74205e-07,1.04497e-09,3.16851e-10,3.16851e-10,1.03306e-09,1.01085e-09,0.499061,0.0284661,0.46899,0.0105326,0.0339797,0.0112597,0.02272,,
3634,2798,accepted,1,1.08883e-06,5.22483e-10,3.16751e-10,3.16751e-10,1.03303e-09,1.01085e-09,0.495893,0.0285114,0.465679,0.0114516,0.0340194,0.0113474,0.022672,,
3635,2798,rejected,1,4.3113e-06,5.22483e-09,3.16751e-10,3.16751e-10,1.03303e-09,1.01085e-09,0.487336,0.0286488,0.456968,0.0105263,0.0112694,0.0112693,0,,
3636,2799,accepted,0,4.3113e-06,2.61241e-09,3.16552e-10,3.16552e-10,1.03341e-09,1.01085e-09,0,0,0,0.0112821,0.0336148,0.0112959,0.0223189,,
3637,2800,accepted,1,1.76636e-07,1.30621e-09,3.16459e-10,3.16459e-10,1.03345e-09,1.01085e-09,0.521052,0.028379,0.490995,0.0107739,0.0339835,0.0112809,0.0227025,,
3638,2801,accepted,1,6.98239e-07,6.53104e-10,3.16324e-10,3.16324e-10,1.03345e-09,1.01085e-09,0.50741,0.0284458,0.477298,0.0111042,0.0340045,0.0113472,0.0226572,,
3639,2801,rejected,1,2.76574e-06,6.53104e-09,3.16324e-10,3.16324e-10,1.03345e-09,1.01085e-09,0.469647,0.0292377,0.438718,0.0103362,0.0113685,0.0113684,0,,
3640,2802,accepted,0,2.76574e-06,3.26552e-09,3.16223e-10,3.16223e-10,1.03373e-09,1.01085e-09,0,0,0,0.0105235,0.0338485,0.0114107,0.0224378,,
3641,2803,accepted,1,1.12983e-07,1.63276e-09,3.16147e-10,3.16147e-10,1.03377e-09,1.01085e-09,0.489773,0.0292685,0.458767,0.0107682,0.0340015,0.0113258,0.0226757,,
3642,2804,accepted,1,4.46994e-07,8.1638e-10,3.16017e-10,3.16017e-10,1.03378e-09,1.01085e-09,0.499237,0.0288082,0.468804,0.0097572,0.0337446,0.0112453,0.0224993,,
3643,2804,rejected,1,1.77275e-06,8.1638e-09,3.16017e-10,3.16017e-10,1.03378e-09,1.01085e-09,0.516404,0.0287533,0.486024,0.010843,0.0112848,0.0112846,0,,
3644,2805,accepted,0,1.77275e-06,4.0819e-09,3.15961e-10,3.15961e-10,1.03399e-09,1.01085e-09,0,0,0,0.0111923,0.0339101,0.0115319,0.022378,,
3645,2806,accepted,1,7.22391e-08,2.04095e-09,3.15899e-10,3.15899e-10,1.03403e-09,1.01085e-09,0.4964,0.0291134,0.465676,0.0116947,0.0331472,0.0113658,0.0217814,,
3646,2807,accepted,1,2.86049e-07,1.02047e-09,3.15786e-10,3.15786e-10,1.03405e-09,1.01085e-09,0.48389,0.0287623,0.453567,0.0121009,0.034344,0.011301,0.0230429,,
3647,2808,accepted,1,1.13576e-06,5.10237e-10,3.15694e-10,3.15694e-10,1.03402e-09,1.01085e-09,0.498001,0.0285792,0.467759,0.0117896,0.0338272,0.0112842,0.0225429,,
3648,2808,rejected,1,4.4963e-06,5.10237e-09,3.15694e-10,3.15694e-10,1.03402e-09,1.01085e-09,0.499036,0.0281475,0.469137,0.0103614,0.011334,0.0113337,0,,
3649,2809,accepted,0,4.4963e-06,2.55119e-09,3.15481e-10,3.15481e-10,1.03441e-09,1.01085e-09,0,0,0,0.010907,0.0337667,0.0114173,0.0223493,,
3650,2810,accepted,1,1.84175e-07,1.27559e-09,3.15386e-10,3.15386e-10,1.03445e-09,1.01085e-09,0.525673,0.0285155,0.4955,0.0109736,0.0322737,0.0113303,0.0209433,,
3651,2811,accepted,1,7.28159e-07,6.37797e-10,3.15253e-10,3.15253e-10,1.03443e-09,1.01085e-09,0.503092,0.0285824,0.472828,0.0105767,0.0336867,0.0113984,0.0222882,,
3652,2811,rejected,1,2.88381e-06,6.37797e-09,3.15253e-10,3.15253e-10,1.03443e-09,1.01085e-09,0.508251,0.0299986,0.476527,0.0108584,0.0114272,0.0114271,0,,
3653,2812,accepted,0,2.88381e-06,3.18898e-09,3.15146e-10,3.15146e-10,1.03473e-09,1.01085e-09,0,0,0,0.0104801,0.0337475,0.0113213,0.022426,,
3654,2813,accepted,1,1.17782e-07,1.59449e-09,3.15069e-10,3.15069e-10,1.03477e-09,1.01085e-09,0.488577,0.0288018,0.458058,0.0105224,0.0338185,0.0115247,0.0222937,,
3655,2814,accepted,1,4.66048e-07,7.97246e-10,3.14938e-10,3.14938e-10,1.03477e-09,1.01085e-09,0.492187,0.0290117,0.461438,0.0111461,0.0340803,0.0113946,0.0226856,,
3656,2814,rejected,1,1.84809e-06,7.97246e-09,3.14938e-10,3.14938e-10,1.03477e-09,1.01085e-09,0.50891,0.0291076,0.478118,0.0106927,0.0112658,0.0112657,0,,
3657,2815,accepted,0,1.84809e-06,3.98623e-09,3.14879e-10,3.14879e-10,1.03498e-09,1.01085e-09,0,0,0,0.0112843,0.0346688,0.0120649,0.0226037,,
3658,2816,accepted,1,7.52949e-08,1.99311e-09,3.14817e-10,3.14817e-10,1.03502e-09,1.01085e-09,0.515066,0.0283431,0.485038,0.0099659,0.0339069,0.0112706,0.0226363,,
3659,2817,accepted,1,2.98187e-07,9.96557e-10,3.14703e-10,3.14703e-10,1.03504e-09,1.01085e-09,0.489289,0.0290307,0.458561,0.0122421,0.0341974,0.0113801,0.0228172,,
3660,2818,accepted,1,1.18384e-06,4.98279e-10,3.1462e-10,3.1462e-10,1.035e-09,1.01085e-09,0.504137,0.0284667,0.473973,0.010634,0.0339469,0.0113256,0.0226213,,
3661,2818,rejected,1,4.68569e-06,4.98279e-09,3.1462e-10,3.1462e-10,1.035e-09,1.01085e-09,0.508653,0.0287298,0.478225,0.0122225,0.0112907,0.0112906,0,,
3662,2819,accepted,0,4.68569e-06,2.49139e-09,3.14391e-10,3.14391e-10,1.0354e-09,1.01085e-09,0,0,0,0.0109889,0.033788,0.0114739,0.0223141,,
3663,2820,accepted,1,1.91881e-07,1.2457e-09,3.14296e-10,3.14296e-10,1.03543e-09,1.01085e-09,0.497764,0.0287001,0.467354,0.0103554,0.0335991,0.0112316,0.0223674,,
3664,2821,accepted,1,7.58753e-07,6.22848e-10,3.14165e-10,3.14165e-10,1.03541e-09,1.01085e-09,0.480988,0.0284159,0.450843,0.0114141,0.0338983,0.0113159,0.0225823,,
3665,2821,rejected,1,3.0045e-06,6.22848e-09,3.14165e-10,3.14165e-10,1.03541e-09,1.01085e-09,0.494291,0.029098,0.463504,0.0103385,0.0113422,0.0113421,0,,
3666,2822,accepted,0,3.0045e-06,3.11424e-09,3.14052e-10,3.14052e-10,1.03572e-09,1.01085e-09,0,0,0,0.011933,0.0337298,0.0114029,0.0223269,,
3667,2823,accepted,1,1.22682e-07,1.55712e-09,3.13973e-10,3.13973e-10,1.03575e-09,1.01085e-09,0.512748,0.028868,0.482338,0.0106742,0.0336142,0.0112549,0.0223593,,
3668,2824,accepted,1,4.85508e-07,7.7856e-10,3.13842e-10,3.13842e-10,1.03575e-09,1.01085e-09,0.49512,0.02821,0.465268,0.0104585,0.0340298,0.0113622,0.0226675,,
3669,2824,rejected,1,1.92501e-06,7.7856e-09,3.13842e-10,3.13842e-10,1.03575e-09,1.01085e-09,0.498778,0.028258,0.468909,0.0108895,0.0112381,0.011238,0,,
3670,2825,accepted,0,1.92501e-06,3.8928e-09,3.1378e-10,3.1378e-10,1.03597e-09,1.01085e-09,0,0,0,0.0116399,0.0344579,0.0121808,0.0222771,,
3671,2826,accepted,1,7.84121e-08,1.9464e-09,3.13717e-10,3.13717e-10,1.036e-09,1.01085e-09,0.488944,0.0288887,0.458426,0.0107364,0.0325304,0.0112428,0.0212875,,
3672,2827,accepted,1,3.10572e-07,9.732e-10,3.13601e-10,3.13601e-10,1.03602e-09,1.01085e-09,0.50587,0.0287401,0.475473,0.0103123,0.0336855,0.0112384,0.0224471,,
3673,2828,accepted,1,1.23288e-06,4.866e-10,3.13528e-10,3.13528e-10,1.03596e-09,1.01085e-09,0.483606,0.0289366,0.452697,0.0107251,0.0338378,0.0113178,0.02252,,
3674,2828,rejected,1,4.87882e-06,4.866e-09,3.13528e-10,3.13528e-10,1.03596e-09,1.01085e-09,0.490987,0.0288024,0.460506,0.0110542,0.0115042,0.0115041,0,,
3675,2829,accepted,0,4.87882e-06,2.433e-09,3.13284e-10,3.13284e-10,1.03638e-09,1.01085e-09,0,0,0,0.0111657,0.0340371,0.0113788,0.0226583,,
3676,2830,accepted,1,1.99726e-07,1.2165e-09,3.13187e-10,3.13187e-10,1.03641e-09,1.01085e-09,0.470893,0.0280501,0.441248,0.011706,0.0339019,0.0114516,0.0224502,,
3677,2831,accepted,1,7.8992e-07,6.0825e-10,3.13059e-10,3.13059e-10,1.03637e-09,1.01085e-09,0.500235,0.0281496,0.470415,0.0108928,0.0337259,0.0113519,0.0223737,,
3678,2831,rejected,1,3.12741e-06,6.0825e-09,3.13059e-10,3.13059e-10,1.03637e-09,1.01085e-09,0.482981,0.0280628,0.45327,0.0102882,0.0111995,0.0111993,0,,
3679,2832,accepted,0,3.12741e-06,3.04125e-09,3.12939e-10,3.12939e-10,1.03669e-09,1.01085e-09,0,0,0,0.0112164,0.0337976,0.0112338,0.0225638,,
3680,2833,accepted,1,1.27665e-07,1.52063e-09,3.12859e-10,3.12859e-10,1.03673e-09,1.01085e-09,0.482016,0.029193,0.451023,0.0110486,0.0347229,0.0119142,0.0228087,,
3681,2834,accepted,1,5.0531e-07,7.60313e-10,3.12728e-10,3.12728e-10,1.03672e-09,1.01085e-09,0.488369,0.028409,0.458291,0.0105499,0.0338868,0.0113328,0.0225538,,
3682,2834,rejected,1,2.00327e-06,7.60313e-09,3.12728e-10,3.12728e-10,1.03672e-09,1.01085e-09,0.476658,0.0298539,0.445081,0.0111444,0.0112574,0.0112573,0,,
3683,2835,accepted,0,2.00327e-06,3.80156e-09,3.12663e-10,3.12663e-10,1.03694e-09,1.01085e-09,0,0,0,0.0118828,0.0347083,0.0114909,0.0232172,,
3684,2836,accepted,1,8.15801e-08,1.90078e-09,3.12599e-10,3.12599e-10,1.03698e-09,1.01085e-09,0.501489,0.0286969,0.471198,0.0112313,0.0342549,0.0115099,0.0227449,,
3685,2837,accepted,1,3.23165e-07,9.50391e-10,3.12482e-10,3.12482e-10,1.03698e-09,1.01085e-09,0.518763,0.0285084,0.488429,0.0111404,0.0338549,0.0113308,0.022524,,
3686,2838,accepted,1,1.28275e-06,4.75195e-10,3.1242e-10,3.1242e-10,1.03692e-09,1.01085e-09,0.490764,0.0285716,0.460503,0.0108502,0.0339303,0.0113565,0.0225738,,
3687,2838,rejected,1,5.07512e-06,4.75195e-09,3.1242e-10,3.1242e-10,1.03692e-09,1.01085e-09,0.503248,0.0282259,0.473492,0.0104717,0.0115187,0.0115186,0,,
3688,2839,accepted,0,5.07512e-06,2.37598e-09,3.12159e-10,3.12159e-10,1.03735e-09,1.01085e-09,0,0,0,0.0105571,0.0339237,0.0113884,0.0225353,,
3689,2840,accepted,1,2.07687e-07,1.18799e-09,3.1206e-10,3.1206e-10,1.03737e-09,1.01085e-09,0.49352,0.0284338,0.463396,0.010528,0.0337797,0.0112577,0.0225219,,
3690,2841,accepted,1,8.21561e-07,5.93994e-10,3.11935e-10,3.11935e-10,1.03733e-09,1.01085e-09,0.458458,0.0288757,0.427941,0.0104729,0.0340829,0.0114544,0.0226284,,
3691,2841,rejected,1,3.25218e-06,5.93994e-09,3.11935e-10,3.11935e-10,1.03733e-09,1.01085e-09,0.47003,0.029229,0.43917,0.010703,0.0113815,0.0113813,0,,
3692,2842,accepted,0,3.25218e-06,2.96997e-09,3.11807e-10,3.11807e-10,1.03765e-09,1.01085e-09,0,0,0,0.0110729,0.0338693,0.0112594,0.0226098,,
3693,2843,accepted,1,1.32717e-07,1.48499e-09,3.11727e-10,3.11727e-10,1.03769e-09,1.01085e-09,0.499863,0.0291124,0.469111,0.0106191,0.0342281,0.0115756,0.0226524,,
3694,2844,accepted,1,5.25394e-07,7.42493e-10,3.11595e-10,3.11595e-10,1.03766e-09,1.01085e-09,0.487687,0.0285541,0.45752,0.0106674,0.0338661,0.0113071,0.0225589,,
3695,2844,rejected,1,2.08263e-06,7.42493e-09,3.11595e-10,3.11595e-10,1.03766e-09,1.01085e-09,0.498903,0.0285836,0.468634,0.0104681,0.0113422,0.011342,0,,
3696,2845,accepted,0,2.08263e-06,3.71246e-09,3.11527e-10,3.11527e-10,1.0379e-09,1.01085e-09,0,0,0,0.0105343,0.0337089,0.0112186,0.0224902,,
3697,2846,accepted,1,8.47893e-08,1.85623e-09,3.11462e-10,3.11462e-10,1.03793e-09,1.01085e-09,0.511992,0.0283041,0.481962,0.0103224,0.0339698,0.0112532,0.0227165,,
3698,2847,accepted,1,3.35926e-07,9.28116e-10,3.11344e-10,3.11344e-10,1.03793e-09,1.01085e-09,0.482342,0.0283184,0.4523,0.0104073,0.0337251,0.0112162,0.0225088,,
3699,2848,accepted,1,1.33328e-06,4.64058e-10,3.11294e-10,3.11294e-10,1.03786e-09,1.01085e-09,0.515247,0.028891,0.484568,0.0104772,0.0337127,0.0112748,0.0224379,,
3700,2848,rejected,1,5.274e-06,4.64058e-09,3.11294e-10,3.11294e-10,1.03786e-09,1.01085e-09,0.493014,0.0284526,0.462861,0.010712,0.0113325,0.0113322,0,,
3701,2849,accepted,0,5.274e-06,2.32029e-09,3.11015e-10,3.11015e-10,1.03829e-09,1.01085e-09,0,0,0,0.0095737,0.0337798,0.0112743,0.0225053,,
3702,2850,accepted,1,2.15737e-07,1.16015e-09,3.10915e-10,3.10915e-10,1.03831e-09,1.01085e-09,0.492123,0.029496,0.460965,0.0109131,0.0336846,0.0113043,0.0223802,,
3703,2851,accepted,1,8.53579e-07,5.80073e-10,3.10793e-10,3.10793e-10,1.03826e-09,1.01085e-09,0.478539,0.028338,0.44852,0.0113969,0.033993,0.011502,0.022491,,
3704,2851,rejected,1,3.37842e-06,5.80073e-09,3.10793e-10,3.10793e-10,1.03826e-09,1.01085e-09,0.494752,0.0285135,0.464651,0.009453,0.0112766,0.0112766,0,,
3705,2852,accepted,0,3.37842e-06,2.90036e-09,3.10658e-10,3.10658e-10,1.03859e-09,1.01085e-09,0,0,0,0.0100976,0.0339953,0.0113573,0.0226378,,
3706,2853,accepted,1,1.37821e-07,1.45018e-09,3.10576e-10,3.10576e-10,1.03862e-09,1.01085e-09,0.477905,0.0283064,0.447939,0.0099599,0.034008,0.0113256,0.0226824,,
3707,2854,accepted,1,5.45695e-07,7.25091e-10,3.10445e-10,3.10445e-10,1.03859e-09,1.01085e-09,0.50326,0.0282607,0.473148,0.0099628,0.0340146,0.0113213,0.0226933,,
3708,2854,rejected,1,2.16286e-06,7.25091e-09,3.10445e-10,3.10445e-10,1.03859e-09,1.01085e-09,0.483635,0.0298974,0.452021,0.0106896,0.0112834,0.0112834,0,,
3709,2855,accepted,0,2.16286e-06,3.62545e-09,3.10373e-10,3.10373e-10,1.03883e-09,1.01085e-09,0,0,0,0.0105537,0.0337197,0.0112862,0.0224334,,
3710,2856,accepted,1,8.80294e-08,1.81273e-09,3.10307e-10,3.10307e-10,1.03886e-09,1.01085e-09,0.496358,0.0289086,0.465749,0.0112601,0.0338472,0.011217,0.0226301,,
3711,2857,accepted,1,3.48817e-07,9.06363e-10,3.10188e-10,3.10188e-10,1.03886e-09,1.01085e-09,0.495616,0.0280907,0.465949,0.0106208,0.0337948,0.0112298,0.022565,,
3712,2858,accepted,1,1.38433e-06,4.53182e-10,3.1015e-10,3.1015e-10,1.03877e-09,1.01085e-09,0.496005,0.027968,0.466294,0.0100358,0.033874,0.0113438,0.02253,,
3713,2858,rejected,1,5.47487e-06,4.53182e-09,3.1015e-10,3.1015e-10,1.03877e-09,1.01085e-09,0.481263,0.0290712,0.450384,0.0118983,0.0116873,0.0116871,0,,
3714,2859,accepted,0,5.47487e-06,2.26591e-09,3.09852e-10,3.09852e-10,1.03921e-09,1.01085e-09,0,0,0,0.011333,0.0338823,0.0114836,0.0223986,,
3715,2860,accepted,1,2.23851e-07,1.13295e-09,3.09752e-10,3.09752e-10,1.03923e-09,1.01085e-09,0.507024,0.0285771,0.476693,0.0106114,0.0340058,0.011408,0.0225976,,
3716,2861,accepted,1,8.85874e-07,5.66477e-10,3.09633e-10,3.09633e-10,1.03916e-09,1.01085e-09,0.511321,0.0287442,0.480876,0.0107271,0.0337566,0.0114117,0.0223448,,
3717,2861,rejected,1,3.50577e-06,5.66477e-09,3.09633e-10,3.09633e-10,1.03916e-09,1.01085e-09,0.504853,0.0289503,0.474133,0.0108741,0.0112574,0.0112573,0,,
3718,2862,accepted,0,3.50577e-06,2.83239e-09,3.0949e-10,3.0949e-10,1.03951e-09,1.01085e-09,0,0,0,0.011592,0.0336885,0.0113668,0.0223216,,
3719,2863,accepted,1,1.42961e-07,1.41619e-09,3.09407e-10,3.09407e-10,1.03953e-09,1.01085e-09,0.487562,0.0285542,0.457334,0.0117209,0.0336098,0.0112861,0.0223235,,
3720,2864,accepted,1,5.66152e-07,7.08096e-10,3.09275e-10,3.09275e-10,1.03949e-09,1.01085e-09,0.482189,0.0294265,0.451085,0.0108198,0.0337155,0.0112999,0.0224154,,
3721,2864,rejected,1,2.24371e-06,7.08096e-09,3.09275e-10,3.09275e-10,1.03949e-09,1.01085e-09,0.50107,0.0289551,0.470517,0.0115242,0.0113155,0.0113154,0,,
3722,2865,accepted,0,2.24371e-06,3.54048e-09,3.092e-10,3.092e-10,1.03974e-09,1.01085e-09,0,0,0,0.0103692,0.0340479,0.0113056,0.0227423,,
3723,2866,accepted,1,9.12898e-08,1.77024e-09,3.09133e-10,3.09133e-10,1.03977e-09,1.01085e-09,0.480105,0.0288281,0.449619,0.0102459,0.0336806,0.0112421,0.0224383,,
3724,2867,accepted,1,3.61795e-07,8.85121e-10,3.09013e-10,3.09013e-10,1.03975e-09,1.01085e-09,0.488884,0.0287325,0.458515,0.0111068,0.0342991,0.0113821,0.0229169,,
3725,2868,accepted,1,1.43572e-06,4.4256e-10,3.08989e-10,3.08989e-10,1.03966e-09,1.01085e-09,0.506621,0.0292808,0.4756,0.0102997,0.0340352,0.0114175,0.0226176,,
3726,2868,rejected,1,5.67709e-06,4.4256e-09,3.08989e-10,3.08989e-10,1.03966e-09,1.01085e-09,0.49017,0.0285731,0.459959,0.0118134,0.011639,0.0116389,0,,
3727,2869,accepted,0,5.67709e-06,2.2128e-09,3.08672e-10,3.08672e-10,1.04011e-09,1.01085e-09,0,0,0,0.0120515,0.0340618,0.0116286,0.0224332,,
3728,2870,accepted,1,2.32001e-07,1.1064e-09,3.0857e-10,3.0857e-10,1.04012e-09,1.01085e-09,0.501055,0.0286716,0.470792,0.0109836,0.0338235,0.0112698,0.0225537,,
3729,2871,accepted,1,9.18339e-07,5.532e-10,3.08454e-10,3.08454e-10,1.04004e-09,1.01085e-09,0.472308,0.0282639,0.442373,0.0110566,0.0337762,0.0112494,0.0225268,,
3730,2871,rejected,1,3.63379e-06,5.532e-09,3.08454e-10,3.08454e-10,1.04004e-09,1.01085e-09,0.515712,0.0287021,0.485404,0.0099704,0.0114494,0.0114494,0,,
3731,2872,accepted,0,3.63379e-06,2.766e-09,3.08303e-10,3.08303e-10,1.04039e-09,1.01085e-09,0,0,0,0.0105788,0.0340028,0.0115364,0.0224664,,
3732,2873,accepted,1,1.48118e-07,1.383e-09,3.08219e-10,3.08219e-10,1.04041e-09,1.01085e-09,0.517317,0.0286881,0.486858,0.0112421,0.0338797,0.0113871,0.0224925,,
3733,2874,accepted,1,5.86694e-07,6.915e-10,3.08088e-10,3.08088e-10,1.04036e-09,1.01085e-09,0.488849,0.0285298,0.458695,0.0114699,0.0337925,0.0112185,0.022574,,
3734,2874,rejected,1,2.32491e-06,6.915e-09,3.08088e-10,3.08088e-10,1.04036e-09,1.01085e-09,0.519455,0.0301191,0.487756,0.010262,0.0113725,0.0113724,0,,
3735,2875,accepted,0,2.32491e-06,3.4575e-09,3.08009e-10,3.08009e-10,1.04062e-09,1.01085e-09,0,0,0,0.010666,0.0333762,0.0110612,0.0223149,,
3736,2876,accepted,1,9.45595e-08,1.72875e-09,3.07941e-10,3.07941e-10,1.04064e-09,1.01085e-09,0.483061,0.0285712,0.452846,0.0102489,0.033796,0.0114505,0.0223454,,
3737,2877,accepted,1,3.74817e-07,8.64376e-10,3.0782e-10,3.0782e-10,1.04062e-09,1.01085e-09,0.491226,0.0279768,0.461685,0.0102713,0.0345278,0.011929,0.0225988,,
3738,2878,accepted,1,1.4873e-06,4.32188e-10,3.07809e-10,3.07809e-10,1.04051e-09,1.01085e-09,0.492014,0.02877,0.461625,0.0097745,0.034383,0.0115189,0.022864,,
3739,2878,rejected,1,5.88001e-06,4.32188e-09,3.07809e-10,3.07809e-10,1.04051e-09,1.01085e-09,0.475567,0.0280276,0.445744,0.0105948,0.0113157,0.0113155,0,,
3740,2879,accepted,0,5.88001e-06,2.16094e-09,3.07472e-10,3.07472e-10,1.04097e-09,1.01085e-09,0,0,0,0.0113472,0.0336618,0.0113075,0.0223543,,
3741,2880,accepted,1,2.40161e-07,1.08047e-09,3.07369e-10,3.07369e-10,1.04097e-09,1.01085e-09,0.495299,0.0285928,0.465081,0.0103011,0.0339381,0.0112843,0.0226537,,
3742,2881,accepted,1,9.50869e-07,5.40235e-10,3.07258e-10,3.07258e-10,1.04088e-09,1.01085e-09,0.49729,0.0291104,0.466576,0.0117242,0.0338071,0.0112591,0.022548,,
3743,2881,rejected,1,3.76208e-06,5.40235e-09,3.07258e-10,3.07258e-10,1.04088e-09,1.01085e-09,0.522544,0.0281253,0.492629,0.0105666,0.0113581,0.0113579,0,,
3744,2882,accepted,0,3.76208e-06,2.70117e-09,3.07098e-10,3.07098e-10,1.04124e-09,1.01085e-09,0,0,0,0.0114158,0.0337875,0.0113133,0.0224741,,
3745,2883,accepted,1,1.53276e-07,1.35059e-09,3.07013e-10,3.07013e-10,1.04126e-09,1.01085e-09,0.504531,0.0283633,0.4746,0.0120512,0.0340013,0.0113423,0.0226588,,
3746,2884,accepted,1,6.07254e-07,6.75293e-10,3.06882e-10,3.06882e-10,1.04119e-09,1.01085e-09,0.498695,0.0293193,0.467796,0.011386,0.0337324,0.0112211,0.0225112,,
3747,2884,rejected,1,2.40619e-06,6.75293e-09,3.06882e-10,3.06882e-10,1.04119e-09,1.01085e-09,0.499861,0.0284089,0.469837,0.0108319,0.0112274,0.0112273,0,,
3748,2885,accepted,0,2.40619e-06,3.37647e-09,3.06799e-10,3.06799e-10,1.04146e-09,1.01085e-09,0,0,0,0.011087,0.0339005,0.0112231,0.0226772,,
3749,2886,accepted,1,9.78275e-08,1.68823e-09,3.0673e-10,3.0673e-10,1.04148e-09,1.01085e-09,0.506417,0.029237,0.475469,0.0120346,0.0339526,0.0116052,0.0223473,,
3750,2887,accepted,1,3.8784e-07,8.44117e-10,3.06608e-10,3.06608e-10,1.04145e-09,1.01085e-09,0.506343,0.0281565,0.476549,0.0103156,0.0340564,0.0114612,0.0225951,,
3751,2887,rejected,1,1.5389e-06,8.44117e-09,3.06608e-10,3.06608e-10,1.04145e-09,1.01085e-09,0.48496,0.0304523,0.452783,0.0103159,0.0113615,0.0113614,0,,
3752,2888,accepted,0,1.5389e-06,4.22058e-09,3.06561e-10,3.06561e-10,1.04163e-09,1.01085e-09,0,0,0,0.0119791,0.0343286,0.0113855,0.0229429,,
3753,2889,accepted,1,6.24529e-08,2.11029e-09,3.06505e-10,3.06505e-10,1.04165e-09,1.01085e-09,0.470343,0.0287998,0.439822,0.0113673,0.0338131,0.0113491,0.0224639,,
3754,2890,accepted,1,2.4776e-07,1.05515e-09,3.06401e-10,3.06401e-10,1.04164e-09,1.01085e-09,0.493444,0.0277562,0.464097,0.012344,0.0342894,0.0114547,0.0228346,,
3755,2891,accepted,1,9.84253e-07,5.27573e-10,3.06294e-10,3.06294e-10,1.04152e-09,1.01085e-09,0.52472,0.0285544,0.494559,0.0103117,0.0339585,0.0113005,0.022658,,
3756,2891,rejected,1,3.89775e-06,5.27573e-09,3.06294e-10,3.06294e-10,1.04152e-09,1.01085e-09,0.506076,0.0282997,0.476132,0.0106594,0.0114165,0.0114165,0,,
3757,2892,accepted,0,3.89775e-06,2.63786e-09,3.06125e-10,3.06125e-10,1.04189e-09,1.01085e-09,0,0,0,0.0111576,0.0337698,0.0113047,0.0224649,,
3758,2893,accepted,1,1.58748e-07,1.31893e-09,3.06038e-10,3.06038e-10,1.0419e-09,1.01085e-09,0.469603,0.0285715,0.439329,0.0110827,0.0336624,0.0112375,0.0224248,,
3759,2894,accepted,1,6.291e-07,6.59466e-10,3.05907e-10,3.05907e-10,1.04183e-09,1.01085e-09,0.48965,0.0287415,0.459224,0.0113508,0.0339021,0.0112581,0.0226439,,
3760,2894,rejected,1,2.4929e-06,6.59466e-09,3.05907e-10,3.05907e-10,1.04183e-09,1.01085e-09,0.535319,0.028163,0.505523,0.0098986,0.0115374,0.0115372,0,,
3761,2895,accepted,0,2.4929e-06,3.29733e-09,3.05821e-10,3.05821e-10,1.0421e-09,1.01085e-09,0,0,0,0.0115913,0.0337373,0.0113978,0.0223394,,
3762,2896,accepted,1,1.01322e-07,1.64867e-09,3.05751e-10,3.05751e-10,1.04211e-09,1.01085e-09,0.481087,0.0284668,0.450857,0.0108237,0.0339754,0.0112437,0.0227315,,
3763,2897,accepted,1,4.01765e-07,8.24333e-10,3.05628e-10,3.05628e-10,1.04207e-09,1.01085e-09,0.519251,0.028218,0.489362,0.0099707,0.0337126,0.0112281,0.0224845,,
3764,2897,rejected,1,1.59417e-06,8.24333e-09,3.05628e-10,3.05628e-10,1.04207e-09,1.01085e-09,0.504725,0.029017,0.474054,0.0098465,0.0113417,0.0113417,0,,
3765,2898,accepted,0,1.59417e-06,4.12166e-09,3.05578e-10,3.05578e-10,1.04226e-09,1.01085e-09,0,0,0,0.0115509,0.0338204,0.0112909,0.0225293,,
3766,2899,accepted,1,6.46807e-08,2.06083e-09,3.05522e-10,3.05522e-10,1.04228e-09,1.01085e-09,0.511489,0.0308116,0.478908,0.0107647,0.033788,0.0112339,0.022554,,
3767,2900,accepted,1,2.56632e-07,1.03042e-09,3.05416e-10,3.05416e-10,1.04226e-09,1.01085e-09,0.504265,0.0288838,0.473574,0.0105948,0.0340841,0.0114694,0.0226146,,
3768,2901,accepted,1,1.01951e-06,5.15208e-10,3.05314e-10,3.05314e-10,1.04213e-09,1.01085e-09,0.483702,0.0283745,0.453689,0.0115444,0.0340985,0.0113117,0.0227866,,
3769,2901,rejected,1,4.03717e-06,5.15208e-09,3.05314e-10,3.05314e-10,1.04213e-09,1.01085e-09,0.498805,0.030057,0.467104,0.0107815,0.0112356,0.0112354,0,,
3770,2902,accepted,0,4.03717e-06,2.57604e-09,3.05135e-10,3.05135e-10,1.04251e-09,1.01085e-09,0,0,0,0.0123441,0.0335676,0.0112586,0.0223089,,
3771,2903,accepted,1,1.64362e-07,1.28802e-09,3.05047e-10,3.05047e-10,1.04252e-09,1.01085e-09,0.509392,0.0292305,0.478538,0.0113157,0.0337422,0.0112767,0.0224654,,
3772,2904,accepted,1,6.51476e-07,6.4401e-10,3.04917e-10,3.04917e-10,1.04243e-09,1.01085e-09,0.530021,0.029526,0.498831,0.0104022,0.0337852,0.0113171,0.0224681,,
3773,2904,rejected,1,2.58151e-06,6.4401e-09,3.04917e-10,3.04917e-10,1.04243e-09,1.01085e-09,0.47826,0.0295427,0.446804,0.0114229,0.0113736,0.0113735,0,,
3774,2905,accepted,0,2.58151e-06,3.22005e-09,3.04826e-10,3.04826e-10,1.04271e-09,1.01085e-09,0,0,0,0.0111371,0.0339256,0.0115538,0.0223717,,
3775,2906,accepted,1,1.04891e-07,1.61002e-09,3.04754e-10,3.04754e-10,1.04272e-09,1.01085e-09,0.501042,0.0302254,0.469038,0.010443,0.0339451,0.0113326,0.0226123,,
3776,2907,accepted,1,4.15979e-07,8.05012e-10,3.0463e-10,3.0463e-10,1.04267e-09,1.01085e-09,0.490898,0.0288614,0.460245,0.010892,0.033809,0.011288,0.022521,,
3777,2907,rejected,1,1.65054e-06,8.05012e-09,3.0463e-10,3.0463e-10,1.04267e-09,1.01085e-09,0.500883,0.0285172,0.470751,0.0101017,0.0113058,0.0113056,0,,
3778,2908,accepted,0,1.65054e-06,4.02506e-09,3.04579e-10,3.04579e-10,1.04286e-09,1.01085e-09,0,0,0,0.0110791,0.0335128,0.0112402,0.0222726,,
3779,2909,accepted,1,6.69503e-08,2.01253e-09,3.04522e-10,3.04522e-10,1.04288e-09,1.01085e-09,0.484301,0.0288853,0.453746,0.0100421,0.0338472,0.0113741,0.0224731,,
3780,2910,accepted,1,2.65671e-07,1.00627e-09,3.04414e-10,3.04414e-10,1.04286e-09,1.01085e-09,0.492701,0.0287772,0.462218,0.0109608,0.0336517,0.0112842,0.0223675,,
3781,2911,accepted,1,1.0554e-06,5.03133e-10,3.04317e-10,3.04317e-10,1.04272e-09,1.01085e-09,0.50256,0.0283172,0.472582,0.0112993,0.0339399,0.0114819,0.0224579,,
3782,2911,rejected,1,4.17895e-06,5.03133e-09,3.04317e-10,3.04317e-10,1.04272e-09,1.01085e-09,0.510135,0.0287043,0.479749,0.0104268,0.0113788,0.0113785,0,,
3783,2912,accepted,0,4.17895e-06,2.51566e-09,3.04128e-10,3.04128e-10,1.0431e-09,1.01085e-09,0,0,0,0.0103105,0.0334125,0.0113046,0.0221078,,
3784,2913,accepted,1,1.70063e-07,1.25783e-09,3.04039e-10,3.04039e-10,1.0431e-09,1.01085e-09,0.496231,0.0286554,0.466002,0.0103047,0.0315682,0.010984,0.0205842,,
3785,2914,accepted,1,6.742e-07,6.28916e-10,3.03909e-10,3.03909e-10,1.04301e-09,1.01085e-09,0.49533,0.02861,0.465067,0.0112804,0.0336503,0.0112362,0.022414,,
3786,2914,rejected,1,2.67143e-06,6.28916e-09,3.03909e-10,3.03909e-10,1.04301e-09,1.01085e-09,0.511211,0.0285133,0.481063,0.0111759,0.0112628,0.0112628,0,,
3787,2915,accepted,0,2.67143e-06,3.14458e-09,3.03814e-10,3.03814e-10,1.04329e-09,1.01085e-09,0,0,0,0.0113203,0.0337346,0.0113915,0.0223429,,
3788,2916,accepted,1,1.08507e-07,1.57229e-09,3.03741e-10,3.03741e-10,1.0433e-09,1.01085e-09,0.504369,0.0288252,0.473808,0.0111498,0.0336912,0.01128,0.0224111,,
3789,2917,accepted,1,4.30389e-07,7.86145e-10,3.03616e-10,3.03616e-10,1.04324e-09,1.01085e-09,0.487515,0.0283987,0.457421,0.0116442,0.0339712,0.011363,0.0226081,,
3790,2917,rejected,1,1.70766e-06,7.86145e-09,3.03616e-10,3.03616e-10,1.04324e-09,1.01085e-09,0.49846,0.028823,0.467938,0.0105319,0.0114184,0.0114182,0,,
3791,2918,accepted,0,1.70766e-06,3.93072e-09,3.03563e-10,3.03563e-10,1.04344e-09,1.01085e-09,0,0,0,0.0108662,0.0338,0.0113007,0.0224992,,
3792,2919,accepted,1,6.9248e-08,1.96536e-09,3.03504e-10,3.03504e-10,1.04345e-09,1.01085e-09,0.489061,0.0289839,0.458439,0.0106774,0.033876,0.0112526,0.0226234,,
3793,2920,accepted,1,2.74823e-07,9.82681e-10,3.03396e-10,3.03396e-10,1.04342e-09,1.01085e-09,0.49041,0.0282314,0.460553,0.0101582,0.0341089,0.0113697,0.0227392,,
3794,2921,accepted,1,1.09174e-06,4.91341e-10,3.03305e-10,3.03305e-10,1.04327e-09,1.01085e-09,0.478457,0.0283796,0.448449,0.0107553,0.0319645,0.0114283,0.020536,,
3795,2921,rejected,1,4.32242e-06,4.91341e-09,3.03305e-10,3.03305e-10,1.04327e-09,1.01085e-09,0.457103,0.0293112,0.426059,0.0105785,0.0113494,0.0113492,0,,
3796,2922,accepted,0,4.32242e-06,2.4567e-09,3.03104e-10,3.03104e-10,1.04366e-09,1.01085e-09,0,0,0,0.011047,0.0338569,0.0113215,0.0225354,,
3797,2923,accepted,1,1.75821e-07,1.22835e-09,3.03014e-10,3.03014e-10,1.04365e-09,1.01085e-09,0.48973,0.0295727,0.458509,0.0098076,0.0337733,0.0112951,0.0224781,,
3798,2924,accepted,1,6.97164e-07,6.14176e-10,3.02885e-10,3.02885e-10,1.04355e-09,1.01085e-09,0.495214,0.0285605,0.464984,0.0106215,0.0337402,0.0112606,0.0224794,,
3799,2924,rejected,1,2.76229e-06,6.14176e-09,3.02885e-10,3.02885e-10,1.04355e-09,1.01085e-09,0.503339,0.0297504,0.471924,0.0118437,0.0112586,0.0112584,0,,
3800,2925,accepted,0,2.76229e-06,3.07088e-09,3.02785e-10,3.02785e-10,1.04383e-09,1.01085e-09,0,0,0,0.011964,0.0337419,0.0113541,0.0223876,,
3801,2926,accepted,1,1.12156e-07,1.53544e-09,3.02711e-10,3.02711e-10,1.04384e-09,1.01085e-09,0.497343,0.0286524,0.466808,0.0106345,0.033742,0.0112605,0.0224814,,
3802,2927,accepted,1,4.44936e-07,7.6772e-10,3.02586e-10,3.02586e-10,1.04378e-09,1.01085e-09,0.510522,0.0283482,0.480498,0.0110952,0.0340606,0.0114012,0.0226594,,
3803,2927,rejected,1,1.76533e-06,7.6772e-09,3.02586e-10,3.02586e-10,1.04378e-09,1.01085e-09,0.496876,0.0282465,0.466942,0.011954,0.0114607,0.0114607,0,,
3804,2928,accepted,0,1.76533e-06,3.8386e-09,3.0253e-10,3.0253e-10,1.04398e-09,1.01085e-09,0,0,0,0.0124621,0.0339606,0.0114926,0.0224679,,
3805,2929,accepted,1,7.15654e-08,1.9193e-09,3.02471e-10,3.02471e-10,1.04399e-09,1.01085e-09,0.490393,0.0310814,0.457578,0.0111807,0.0336864,0.0112611,0.0224253,,
3806,2930,accepted,1,2.84056e-07,9.5965e-10,3.02361e-10,3.02361e-10,1.04395e-09,1.01085e-09,0.50554,0.0281699,0.475733,0.0109263,0.0338811,0.0113344,0.0225466,,
3807,2931,accepted,1,1.1284e-06,4.79825e-10,3.02276e-10,3.02276e-10,1.04379e-09,1.01085e-09,0.490321,0.0297659,0.458779,0.0112154,0.0338908,0.0114026,0.0224882,,
3808,2931,rejected,1,4.46715e-06,4.79825e-09,3.02276e-10,3.02276e-10,1.04379e-09,1.01085e-09,0.495041,0.0287655,0.46459,0.0111372,0.0113036,0.0113035,0,,
3809,2932,accepted,0,4.46715e-06,2.39912e-09,3.02064e-10,3.02064e-10,1.04418e-09,1.01085e-09,0,0,0,0.0111609,0.0338011,0.0112795,0.0225215,,
3810,2933,accepted,1,1.81621e-07,1.19956e-09,3.01972e-10,3.01972e-10,1.04417e-09,1.01085e-09,0.503,0.0293562,0.471826,0.0110495,0.033848,0.0113119,0.022536,,
3811,2934,accepted,1,7.203e-07,5.99781e-10,3.01844e-10,3.01844e-10,1.04405e-09,1.01085e-09,0.51566,0.0287125,0.485391,0.0099325,0.0338903,0.0112928,0.0225975,,
3812,2934,rejected,1,2.85383e-06,5.99781e-09,3.01844e-10,3.01844e-10,1.04405e-09,1.01085e-09,0.485867,0.0280982,0.456183,0.0110503,0.0112534,0.0112532,0,,
3813,2935,accepted,0,2.85383e-06,2.99891e-09,3.01739e-10,3.01739e-10,1.04435e-09,1.01085e-09,0,0,0,0.011031,0.0341599,0.0115094,0.0226505,,
3814,2936,accepted,1,1.15829e-07,1.49945e-09,3.01664e-10,3.01664e-10,1.04435e-09,1.01085e-09,0.498255,0.0287979,0.467819,0.0107953,0.0339221,0.0113155,0.0226065,,
3815,2937,accepted,1,4.5958e-07,7.49726e-10,3.01538e-10,3.01538e-10,1.04427e-09,1.01085e-09,0.504478,0.0281793,0.474692,0.0107434,0.0336691,0.0112894,0.0223796,,
3816,2937,rejected,1,1.8234e-06,7.49726e-09,3.01538e-10,3.01538e-10,1.04427e-09,1.01085e-09,0.491959,0.0284019,0.461953,0.0104896,0.0112121,0.0112119,0,,
3817,2938,accepted,0,1.8234e-06,3.74863e-09,3.0148e-10,3.0148e-10,1.04448e-09,1.01085e-09,0,0,0,0.0114234,0.0335484,0.0112451,0.0223032,,
3818,2939,accepted,1,7.38963e-08,1.87432e-09,3.0142e-10,3.0142e-10,1.04449e-09,1.01085e-09,0.506597,0.0285497,0.476406,0.0109046,0.0325506,0.0112123,0.0213382,,
3819,2940,accepted,1,2.93347e-07,9.37158e-10,3.01308e-10,3.01308e-10,1.04444e-09,1.01085e-09,0.504189,0.0291012,0.473322,0.011517,0.0336151,0.0112578,0.0223572,,
3820,2941,accepted,1,1.16529e-06,4.68579e-10,3.0123e-10,3.0123e-10,1.04427e-09,1.01085e-09,0.492869,0.0285349,0.462668,0.0111226,0.0340135,0.0112911,0.0227223,,
3821,2941,rejected,1,4.61278e-06,4.68579e-09,3.0123e-10,3.0123e-10,1.04427e-09,1.01085e-09,0.513888,0.0281371,0.484097,0.0097982,0.0113594,0.0113594,0,,
3822,2942,accepted,0,4.61278e-06,2.34289e-09,3.01006e-10,3.01006e-10,1.04466e-09,1.01085e-09,0,0,0,0.0102044,0.0338971,0.011421,0.0224761,,
3823,2943,accepted,1,1.87447e-07,1.17145e-09,3.00913e-10,3.00913e-10,1.04465e-09,1.01085e-09,0.515889,0.0285852,0.485606,0.0108128,0.033657,0.0112861,0.0223709,,
3824,2944,accepted,1,7.43558e-07,5.85724e-10,3.00787e-10,3.00787e-10,1.04452e-09,1.01085e-09,0.496756,0.0281295,0.466975,0.0100239,0.0337047,0.0113025,0.0224021,,
3825,2944,rejected,1,2.94587e-06,5.85724e-09,3.00787e-10,3.00787e-10,1.04452e-09,1.01085e-09,0.488037,0.0283119,0.457857,0.0107597,0.0114449,0.0114445,0,,
3826,2945,accepted,0,2.94587e-06,2.92862e-09,3.00676e-10,3.00676e-10,1.04482e-09,1.01085e-09,0,0,0,0.0145238,0.0374178,0.0135181,0.0238996,,
3827,2946,accepted,1,1.19517e-07,1.46431e-09,3.006e-10,3.006e-10,1.04482e-09,1.01085e-09,0.513974,0.030048,0.482234,0.0116667,0.0336002,0.0112604,0.0223397,,
3828,2947,accepted,1,4.74292e-07,7.32155e-10,3.00473e-10,3.00473e-10,1.04473e-09,1.01085e-09,0.49654,0.0283708,0.466381,0.0108824,0.0349838,0.0117119,0.0232718,,
3829,2947,rejected,1,1.88174e-06,7.32155e-09,3.00473e-10,3.00473e-10,1.04473e-09,1.01085e-09,0.478089,0.0294758,0.446841,0.010443,0.011316,0.0113158,0,,
3830,2948,accepted,0,1.88174e-06,3.66077e-09,3.00413e-10,3.00413e-10,1.04494e-09,1.01085e-09,0,0,0,0.0110948,0.0343831,0.0119122,0.0224709,,
3831,2949,accepted,1,7.62361e-08,1.83039e-09,3.00351e-10,3.00351e-10,1.04495e-09,1.01085e-09,0.490663,0.0297305,0.459228,0.0113098,0.0337202,0.0113967,0.0223234,,
3832,2950,accepted,1,3.02676e-07,9.15193e-10,3.00239e-10,3.00239e-10,1.0449e-09,1.01085e-09,0.508508,0.0289916,0.477698,0.0116057,0.0357695,0.0133661,0.0224034,,
3833,2951,accepted,1,1.20235e-06,4.57597e-10,3.00168e-10,3.00168e-10,1.04471e-09,1.01085e-09,0.527627,0.0292156,0.496717,0.0110336,0.0339074,0.0113355,0.0225719,,
3834,2951,rejected,1,4.75905e-06,4.57597e-09,3.00168e-10,3.00168e-10,1.04471e-09,1.01085e-09,0.507674,0.029231,0.476704,0.0102214,0.0113186,0.0113183,0,,
3835,2952,accepted,0,4.75905e-06,2.28798e-09,2.99931e-10,2.99931e-10,1.04511e-09,1.01085e-09,0,0,0,0.0118052,0.0343701,0.0113535,0.0230166,,
3836,2953,accepted,1,1.9329e-07,1.14399e-09,2.99837e-10,2.99837e-10,1.04509e-09,1.01085e-09,0.528961,0.0306894,0.496344,0.0106082,0.0337145,0.011281,0.0224333,,
3837,2954,accepted,1,7.6689e-07,5.71996e-10,2.99712e-10,2.99712e-10,1.04495e-09,1.01085e-09,0.517779,0.0293049,0.486725,0.009903,0.034324,0.0114788,0.0228451,,
3838,2954,rejected,1,3.03824e-06,5.71996e-09,2.99712e-10,2.99712e-10,1.04495e-09,1.01085e-09,0.513449,0.0287817,0.483038,0.0120506,0.0113725,0.0113725,0,,
3839,2955,accepted,0,3.03824e-06,2.85998e-09,2.99596e-10,2.99596e-10,1.04525e-09,1.01085e-09,0,0,0,0.0130951,0.0377673,0.0122504,0.0255167,,
3840,2956,accepted,1,1.23213e-07,1.42999e-09,2.99519e-10,2.99519e-10,1.04524e-09,1.01085e-09,0.536992,0.0303312,0.50492,0.0109971,0.0339816,0.0113463,0.0226351,,
3841,2957,accepted,1,4.89043e-07,7.14995e-10,2.99391e-10,2.99391e-10,1.04515e-09,1.01085e-09,0.497647,0.0291784,0.466807,0.0100707,0.0336059,0.0113132,0.0222927,,
3842,2957,rejected,1,1.94026e-06,7.14995e-09,2.99391e-10,2.99391e-10,1.04515e-09,1.01085e-09,0.510154,0.0284853,0.480017,0.0102959,0.0112269,0.0112267,0,,
3843,2958,accepted,0,1.94026e-06,3.57497e-09,2.99328e-10,2.99328e-10,1.04536e-09,1.01085e-09,0,0,0,0.0098461,0.0338537,0.0113038,0.0225499,,
3844,2959,accepted,1,7.85808e-08,1.78749e-09,2.99266e-10,2.99266e-10,1.04536e-09,1.01085e-09,0.492947,0.0290099,0.462229,0.0112788,0.0336776,0.011223,0.0224546,,
3845,2960,accepted,1,3.12027e-07,8.93743e-10,2.99152e-10,2.99152e-10,1.0453e-09,1.01085e-09,0.513208,0.0282623,0.483251,0.0106926,0.0339081,0.0113305,0.0225775,,
3846,2961,accepted,1,1.2395e-06,4.46872e-10,2.99088e-10,2.99088e-10,1.0451e-09,1.01085e-09,0.494511,0.0287575,0.46413,0.0104001,0.0314095,0.0112629,0.0201466,,
3847,2961,rejected,1,4.90574e-06,4.46872e-09,2.99088e-10,2.99088e-10,1.0451e-09,1.01085e-09,0.504377,0.0285736,0.474207,0.0102167,0.0112255,0.0112252,0,,
3848,2962,accepted,0,4.90574e-06,2.23436e-09,2.98839e-10,2.98839e-10,1.0455e-09,1.01085e-09,0,0,0,0.0113486,0.0337377,0.011261,0.0224766,,
3849,2963,accepted,1,1.9914e-07,1.11718e-09,2.98744e-10,2.98744e-10,1.04548e-09,1.01085e-09,0.510151,0.0293654,0.479034,0.0101291,0.0335688,0.0112704,0.0222984,,
3850,2964,accepted,1,7.90265e-07,5.5859e-10,2.9862e-10,2.9862e-10,1.04533e-09,1.01085e-09,0.50024,0.0289038,0.469666,0.0107663,0.0337525,0.0112947,0.0224576,,
3851,2964,rejected,1,3.1308e-06,5.5859e-09,2.9862e-10,2.9862e-10,1.04533e-09,1.01085e-09,0.488498,0.0288732,0.457958,0.0101134,0.0113144,0.0113141,0,,
3852,2965,accepted,0,3.1308e-06,2.79295e-09,2.98499e-10,2.98499e-10,1.04563e-09,1.01085e-09,0,0,0,0.0100194,0.0335296,0.0111651,0.0223644,,
3853,2966,accepted,1,1.26913e-07,1.39647e-09,2.98421e-10,2.98421e-10,1.04562e-09,1.01085e-09,0.487382,0.0281538,0.457528,0.0112149,0.0340234,0.0113259,0.0226975,,
3854,2967,accepted,1,5.03815e-07,6.98237e-10,2.98292e-10,2.98292e-10,1.04552e-09,1.01085e-09,0.504028,0.0286826,0.473648,0.0108501,0.0340017,0.0113207,0.022681,,
3855,2967,rejected,1,1.99888e-06,6.98237e-09,2.98292e-10,2.98292e-10,1.04552e-09,1.01085e-09,0.519037,0.0285893,0.488815,0.0101914,0.0122241,0.012224,0,,
3856,2968,accepted,0,1.99888e-06,3.49119e-09,2.98227e-10,2.98227e-10,1.04573e-09,1.01085e-09,0,0,0,0.010031,0.0340151,0.0114227,0.0225923,,
3857,2969,accepted,1,8.09275e-08,1.74559e-09,2.98163e-10,2.98163e-10,1.04573e-09,1.01085e-09,0.50049,0.0289031,0.469949,0.0109188,0.0339182,0.0114499,0.0224682,,
3858,2970,accepted,1,3.2139e-07,8.72796e-10,2.98048e-10,2.98048e-10,1.04567e-09,1.01085e-09,0.520707,0.0316654,0.487407,0.0102808,0.0336629,0.0112445,0.0224182,,
3859,2971,accepted,1,1.27672e-06,4.36398e-10,2.97992e-10,2.97992e-10,1.04546e-09,1.01085e-09,0.511468,0.0326735,0.476994,0.0109764,0.0342263,0.011605,0.0226213,,
3860,2971,rejected,1,5.05269e-06,4.36398e-09,2.97992e-10,2.97992e-10,1.04546e-09,1.01085e-09,0.504277,0.0281827,0.47437,0.0102484,0.011226,0.0112258,0,,
3861,2972,accepted,0,5.05269e-06,2.18199e-09,2.9773e-10,2.9773e-10,1.04585e-09,1.01085e-09,0,0,0,0.0099439,0.0342634,0.0114319,0.0228315,,
3862,2973,accepted,1,2.04991e-07,1.091e-09,2.97633e-10,2.97633e-10,1.04583e-09,1.01085e-09,0.49291,0.0311354,0.460012,0.0118784,0.0338014,0.011347,0.0224544,,
3863,2974,accepted,1,8.13653e-07,5.45498e-10,2.97511e-10,2.97511e-10,1.04566e-09,1.01085e-09,0.481675,0.0299375,0.449941,0.0113124,0.0341074,0.0114422,0.0226651,,
3864,2974,rejected,1,3.22346e-06,5.45498e-09,2.97511e-10,2.97511e-10,1.04566e-09,1.01085e-09,0.538934,0.0295206,0.507597,0.0114878,0.0114711,0.0114709,0,,
3865,2975,accepted,0,3.22346e-06,2.72749e-09,2.97384e-10,2.97384e-10,1.04597e-09,1.01085e-09,0,0,0,0.0162769,0.0425355,0.0198951,0.0226404,,
3866,2976,accepted,1,1.30613e-07,1.36374e-09,2.97305e-10,2.97305e-10,1.04596e-09,1.01085e-09,0.502466,0.0323281,0.468507,0.0106503,0.0337838,0.01124,0.0225437,,
3867,2977,accepted,1,5.18592e-07,6.81872e-10,2.97175e-10,2.97175e-10,1.04584e-09,1.01085e-09,0.522892,0.0290914,0.492022,0.0115312,0.0342365,0.0113814,0.022855,,
3868,2977,rejected,1,2.05755e-06,6.81872e-09,2.97175e-10,2.97175e-10,1.04584e-09,1.01085e-09,0.522088,0.0288174,0.491553,0.0108642,0.0113937,0.0113935,0,,
3869,2978,accepted,0,2.05755e-06,3.40936e-09,2.97108e-10,2.97108e-10,1.04606e-09,1.01085e-09,0,0,0,0.0109959,0.0338588,0.0113937,0.0224649,,
3870,2979,accepted,1,8.32745e-08,1.70468e-09,2.97043e-10,2.97043e-10,1.04606e-09,1.01085e-09,0.507862,0.0284233,0.477684,0.010038,0.0339947,0.0113622,0.0226324,,
3871,2980,accepted,1,3.30755e-07,8.5234e-10,2.96927e-10,2.96927e-10,1.04598e-09,1.01085e-09,0.515614,0.0286306,0.485399,0.0110056,0.0340121,0.0112318,0.0227802,,
3872,2981,accepted,1,1.31395e-06,4.2617e-10,2.96879e-10,2.96879e-10,1.04576e-09,1.01085e-09,0.503633,0.0283805,0.473547,0.0109112,0.0332551,0.0113197,0.0219354,,
3873,2981,rejected,1,5.19976e-06,4.2617e-09,2.96879e-10,2.96879e-10,1.04576e-09,1.01085e-09,0.510782,0.0283736,0.480469,0.0115725,0.0113449,0.0113447,0,,
3874,2982,accepted,0,5.19976e-06,2.13085e-09,2.96603e-10,2.96603e-10,1.04616e-09,1.01085e-09,0,0,0,0.011414,0.033782,0.011233,0.022549,,
3875,2983,accepted,1,2.10841e-07,1.06543e-09,2.96505e-10,2.96505e-10,1.04612e-09,1.01085e-09,0.487688,0.0286509,0.457413,0.0105428,0.0337208,0.0112472,0.0224736,,
3876,2984,accepted,1,8.3704e-07,5.32713e-10,2.96384e-10,2.96384e-10,1.04595e-09,1.01085e-09,0.495145,0.0289314,0.464504,0.0112473,0.0341788,0.0112971,0.0228817,,
3877,2984,rejected,1,3.31615e-06,5.32713e-09,2.96384e-10,2.96384e-10,1.04595e-09,1.01085e-09,0.503539,0.0290965,0.472794,0.0099937,0.0112479,0.0112477,0,,
3878,2985,accepted,0,3.31615e-06,2.66356e-09,2.96252e-10,2.96252e-10,1.04626e-09,1.01085e-09,0,0,0,0.0098286,0.0318889,0.0113924,0.0204964,,
3879,2986,accepted,1,1.34311e-07,1.33178e-09,2.96171e-10,2.96171e-10,1.04624e-09,1.01085e-09,0.51124,0.0289659,0.480759,0.0102389,0.0338369,0.0112885,0.0225482,,
3880,2987,accepted,1,5.33367e-07,6.65891e-10,2.96041e-10,2.96041e-10,1.04612e-09,1.01085e-09,0.521965,0.0281436,0.492134,0.0114211,0.0336831,0.011339,0.0223441,,
3881,2987,rejected,1,2.11623e-06,6.65891e-09,2.96041e-10,2.96041e-10,1.04612e-09,1.01085e-09,0.48174,0.0284935,0.451616,0.01052,0.011183,0.0111828,0,,
3882,2988,accepted,0,2.11623e-06,3.32945e-09,2.95971e-10,2.95971e-10,1.04633e-09,1.01085e-09,0,0,0,0.0107336,0.0336254,0.0112496,0.0223758,,
3883,2989,accepted,1,8.5621e-08,1.66473e-09,2.95906e-10,2.95906e-10,1.04633e-09,1.01085e-09,0.520256,0.0288948,0.489699,0.0107487,0.034641,0.0116332,0.0230077,,
3884,2990,accepted,1,3.40119e-07,8.32363e-10,2.95788e-10,2.95788e-10,1.04625e-09,1.01085e-09,0.499911,0.0284916,0.469788,0.0104539,0.0315287,0.01147,0.0200587,,
3885,2991,accepted,1,1.3512e-06,4.16182e-10,2.95749e-10,2.95749e-10,1.04601e-09,1.01085e-09,0.525,0.0287228,0.494655,0.0114903,0.0339668,0.0112372,0.0227296,,
3886,2991,rejected,1,5.34686e-06,4.16182e-09,2.95749e-10,2.95749e-10,1.04601e-09,1.01085e-09,0.507082,0.0281747,0.477239,0.0106356,0.0112871,0.0112868,0,,
3887,2992,accepted,0,5.34686e-06,2.08091e-09,2.95459e-10,2.95459e-10,1.04641e-09,1.01085e-09,0,0,0,0.01011,0.0334495,0.0112309,0.0222186,,
3888,2993,accepted,1,2.16688e-07,1.04045e-09,2.95359e-10,2.95359e-10,1.04637e-09,1.01085e-09,0.490138,0.0287208,0.459716,0.0107371,0.0337947,0.0113961,0.0223985,,
3889,2994,accepted,1,8.60421e-07,5.20227e-10,2.9524e-10,2.9524e-10,1.04619e-09,1.01085e-09,0.50124,0.0288387,0.470604,0.0110271,0.0338595,0.011386,0.0224734,,
3890,2994,rejected,1,3.40888e-06,5.20227e-09,2.9524e-10,2.9524e-10,1.04619e-09,1.01085e-09,0.50073,0.0277953,0.471282,0.0099658,0.0112956,0.0112956,0,,
3891,2995,accepted,0,3.40888e-06,2.60114e-09,2.95102e-10,2.95102e-10,1.04649e-09,1.01085e-09,0,0,0,0.0116286,0.0339018,0.0113429,0.0225589,,
3892,2996,accepted,1,1.38009e-07,1.30057e-09,2.9502e-10,2.9502e-10,1.04647e-09,1.01085e-09,0.502625,0.0289108,0.471937,0.0110258,0.0337854,0.011254,0.0225313,,
3893,2997,accepted,1,5.4814e-07,6.50284e-10,2.9489e-10,2.9489e-10,1.04634e-09,1.01085e-09,0.500017,0.0283511,0.46995,0.0100057,0.0337508,0.0113165,0.0224342,,
3894,2997,rejected,1,2.17494e-06,6.50284e-09,2.9489e-10,2.9489e-10,1.04634e-09,1.01085e-09,0.493735,0.0293066,0.462828,0.0102348,0.0116726,0.0116723,0,,
3895,2998,accepted,0,2.17494e-06,3.25142e-09,2.94817e-10,2.94817e-10,1.04656e-09,1.01085e-09,0,0,0,0.0102899,0.0340182,0.0114046,0.0226135,,
3896,2999,accepted,1,8.79675e-08,1.62571e-09,2.94751e-10,2.94751e-10,1.04655e-09,1.01085e-09,0.510032,0.0301144,0.478126,0.0102642,0.0342156,0.0113599,0.0228556,,
3897,3000,accepted,1,3.49484e-07,8.12855e-10,2.94632e-10,2.94632e-10,1.04646e-09,1.01085e-09,0.510936,0.0285424,0.48067,0.0114322,0.0336169,0.0112836,0.0223333,,
3898,3001,accepted,1,1.38846e-06,4.06427e-10,2.94601e-10,2.94601e-10,1.04622e-09,1.01085e-09,0.501433,0.0284963,0.471205,0.0105951,0.034072,0.0114784,0.0225936,,
3899,3001,rejected,1,5.49413e-06,4.06427e-09,2.94601e-10,2.94601e-10,1.04622e-09,1.01085e-09,0.504838,0.0282511,0.474944,0.0098994,0.0112589,0.0112587,0,,
3900,3002,accepted,0,5.49413e-06,2.03214e-09,2.94297e-10,2.94297e-10,1.04661e-09,1.01085e-09,0,0,0,0.0109054,0.0334875,0.0111773,0.0223101,,
3901,3003,accepted,1,2.22537e-07,1.01607e-09,2.94196e-10,2.94196e-10,1.04656e-09,1.01085e-09,0.493847,0.0289688,0.46327,0.0101307,0.0335274,0.0112367,0.0222906,,
3902,3004,accepted,1,8.8381e-07,5.08034e-10,2.94079e-10,2.94079e-10,1.04637e-09,1.01085e-09,0.476847,0.0284743,0.446683,0.0100989,0.0339414,0.011224,0.0227173,,
3903,3004,rejected,1,3.50166e-06,5.08034e-09,2.94079e-10,2.94079e-10,1.04637e-09,1.01085e-09,0.502658,0.0281168,0.472852,0.0112741,0.0113235,0.0113233,0,,
3904,3005,accepted,0,3.50166e-06,2.54017e-09,2.93934e-10,2.93934e-10,1.04667e-09,1.01085e-09,0,0,0,0.0110262,0.0335515,0.0112749,0.0222765,,
3905,3006,accepted,1,1.41709e-07,1.27009e-09,2.93852e-10,2.93852e-10,1.04665e-09,1.01085e-09,0.47131,0.029188,0.440521,0.009778,0.0310582,0.0105829,0.0204752,,
3906,3007,accepted,1,5.6292e-07,6.35043e-10,2.93721e-10,2.93721e-10,1.04651e-09,1.01085e-09,0.495959,0.0283501,0.465981,0.010435,0.0338459,0.011248,0.0225978,,
3907,3007,rejected,1,2.2337e-06,6.35043e-09,2.93721e-10,2.93721e-10,1.04651e-09,1.01085e-09,0.491006,0.0284497,0.460819,0.0107928,0.0112256,0.0112254,0,,
3908,3008,accepted,0,2.2337e-06,3.17521e-09,2.93645e-10,2.93645e-10,1.04673e-09,1.01085e-09,0,0,0,0.0109357,0.0337288,0.011336,0.0223927,,
3909,3009,accepted,1,9.03166e-08,1.58761e-09,2.93578e-10,2.93578e-10,1.04671e-09,1.01085e-09,0.472727,0.0281264,0.4429,0.0131451,0.0338508,0.0112453,0.0226055,,
3910,3010,accepted,1,3.58858e-07,7.93804e-10,2.93458e-10,2.93458e-10,1.04662e-09,1.01085e-09,0.507595,0.0291717,0.476742,0.0114815,0.0324345,0.0112778,0.0211565,,
3911,3011,accepted,1,1.42577e-06,3.96902e-10,2.93436e-10,2.93436e-10,1.04637e-09,1.01085e-09,0.520318,0.0287865,0.489897,0.0107707,0.0336709,0.0112374,0.0224334,,
3912,3011,rejected,1,5.64156e-06,3.96902e-09,2.93436e-10,2.93436e-10,1.04637e-09,1.01085e-09,0.483323,0.0285605,0.452959,0.0124209,0.0112653,0.0112652,0,,
3913,3012,accepted,0,5.64156e-06,1.98451e-09,2.93117e-10,2.93117e-10,1.04675e-09,1.01085e-09,0,0,0,0.0100736,0.033769,0.0112086,0.0225604,,
3914,3013,accepted,1,2.28396e-07,9.92254e-10,2.93015e-10,2.93015e-10,1.0467e-09,1.01085e-09,0.492847,0.0286085,0.462679,0.0098502,0.0337826,0.0112769,0.0225057,,
3915,3014,accepted,1,9.07231e-07,4.96127e-10,2.929e-10,2.929e-10,1.0465e-09,1.01085e-09,0.475302,0.0295806,0.444063,0.0105509,0.0337273,0.0112977,0.0224296,,
3916,3014,rejected,1,3.59461e-06,4.96127e-09,2.929e-10,2.929e-10,1.0465e-09,1.01085e-09,0.517307,0.0283314,0.487319,0.0108298,0.011509,0.0115089,0,,
3917,3015,accepted,0,3.59461e-06,2.48064e-09,2.92749e-10,2.92749e-10,1.0468e-09,1.01085e-09,0,0,0,0.0105982,0.0336137,0.011291,0.0223226,,
3918,3016,accepted,1,1.45417e-07,1.24032e-09,2.92665e-10,2.92665e-10,1.04677e-09,1.01085e-09,0.494588,0.0285415,0.464453,0.010248,0.0339014,0.0113094,0.0225918,,
3919,3017,accepted,1,5.77728e-07,6.20159e-10,2.92534e-10,2.92534e-10,1.04662e-09,1.01085e-09,0.469461,0.0286223,0.439182,0.0106643,0.0340297,0.0114466,0.0225831,,
3920,3017,rejected,1,2.2926e-06,6.20159e-09,2.92534e-10,2.92534e-10,1.04662e-09,1.01085e-09,0.520981,0.0292225,0.490071,0.0106461,0.0115511,0.0115509,0,,
3921,3018,accepted,0,2.2926e-06,3.1008e-09,2.92455e-10,2.92455e-10,1.04684e-09,1.01085e-09,0,0,0,0.0104266,0.0338304,0.0113435,0.0224869,,
3922,3019,accepted,1,9.26723e-08,1.5504e-09,2.92387e-10,2.92387e-10,1.04683e-09,1.01085e-09,0.510299,0.0284671,0.480161,0.0101118,0.0340629,0.0112896,0.0227733,,
3923,3020,accepted,1,3.68255e-07,7.75199e-10,2.92266e-10,2.92266e-10,1.04672e-09,1.01085e-09,0.459425,0.0291123,0.428682,0.0102925,0.0334506,0.0112281,0.0222225,,
3924,3021,accepted,1,1.46319e-06,3.87599e-10,2.92254e-10,2.92254e-10,1.04647e-09,1.01085e-09,0.504144,0.0298607,0.472694,0.0122068,0.0341095,0.0114402,0.0226693,,
3925,3021,rejected,1,5.78954e-06,3.87599e-09,2.92254e-10,2.92254e-10,1.04647e-09,1.01085e-09,0.493656,0.02823,0.463768,0.0113351,0.0114155,0.0114155,0,,
3926,3022,accepted,0,5.78954e-06,1.938e-09,2.91919e-10,2.91919e-10,1.04684e-09,1.01085e-09,0,0,0,0.0103347,0.0342282,0.0116806,0.0225475,,
3927,3023,accepted,1,2.34279e-07,9.68999e-10,2.91816e-10,2.91816e-10,1.04679e-09,1.01085e-09,0.486884,0.0284432,0.456845,0.009105,0.0337646,0.0112504,0.0225142,,
3928,3024,accepted,1,9.30729e-07,4.84499e-10,2.91704e-10,2.91704e-10,1.04657e-09,1.01085e-09,0.475262,0.0289727,0.444601,0.0099152,0.0335494,0.0111991,0.0223502,,
3929,3024,rejected,1,3.68794e-06,4.84499e-09,2.91704e-10,2.91704e-10,1.04657e-09,1.01085e-09,0.48821,0.0288898,0.457589,0.0104958,0.0116171,0.0116168,0,,
3930,3025,accepted,0,3.68794e-06,2.4225e-09,2.91546e-10,2.91546e-10,1.04688e-09,1.01085e-09,0,0,0,0.0115325,0.03427,0.0115812,0.0226887,,
3931,3026,accepted,1,1.49144e-07,1.21125e-09,2.91461e-10,2.91461e-10,1.04684e-09,1.01085e-09,0.503837,0.0291717,0.473067,0.0102277,0.0338608,0.0112398,0.022621,,
3932,3027,accepted,1,5.92599e-07,6.05624e-10,2.91329e-10,2.91329e-10,1.04669e-09,1.01085e-09,0.502745,0.0283454,0.472841,0.010995,0.0338694,0.011265,0.0226043,,
3933,3027,rejected,1,2.35178e-06,6.05624e-09,2.91329e-10,2.91329e-10,1.04669e-09,1.01085e-09,0.483309,0.0288764,0.452775,0.0110835,0.0112475,0.0112474,0,,
3934,3028,accepted,0,2.35178e-06,3.02812e-09,2.91248e-10,2.91248e-10,1.0469e-09,1.01085e-09,0,0,0,0.0117831,0.0341151,0.0113695,0.0227455,,
3935,3029,accepted,1,9.50416e-08,1.51406e-09,2.91179e-10,2.91179e-10,1.04689e-09,1.01085e-09,0.487349,0.0297828,0.45585,0.0113392,0.0335843,0.0112833,0.022301,,
3936,3030,accepted,1,3.77699e-07,7.5703e-10,2.91057e-10,2.91057e-10,1.04677e-09,1.01085e-09,0.511982,0.0283733,0.481905,0.0113216,0.0337265,0.0113889,0.0223375,,
3937,3031,accepted,1,1.50081e-06,3.78515e-10,2.91055e-10,2.91055e-10,1.04651e-09,1.01085e-09,0.48906,0.0282753,0.459079,0.0110449,0.0335913,0.0112263,0.0223649,,
3938,3031,rejected,1,5.9383e-06,3.78515e-09,2.91055e-10,2.91055e-10,1.04651e-09,1.01085e-09,0.529555,0.0283474,0.499594,0.0104731,0.0112365,0.0112362,0,,
3939,3032,accepted,0,5.9383e-06,1.89258e-09,2.90704e-10,2.90704e-10,1.04688e-09,1.01085e-09,0,0,0,0.0106771,0.0333956,0.0111289,0.0222667,,
3940,3033,accepted,1,2.40203e-07,9.46288e-10,2.906e-10,2.906e-10,1.04682e-09,1.01085e-09,0.467648,0.0287617,0.437263,0.0113653,0.0338987,0.0113289,0.0225698,,
3941,3034,accepted,1,9.54374e-07,4.73144e-10,2.9049e-10,2.9049e-10,1.0466e-09,1.01085e-09,0.506185,0.028264,0.476247,0.0120331,0.0327522,0.0110013,0.0217508,,
3942,3034,rejected,1,3.78186e-06,4.73144e-09,2.9049e-10,2.9049e-10,1.0466e-09,1.01085e-09,0.50463,0.0280942,0.474887,0.0107154,0.0113015,0.0113015,0,,
3943,3035,accepted,0,3.78186e-06,2.36572e-09,2.90325e-10,2.90325e-10,1.0469e-09,1.01085e-09,0,0,0,0.0116035,0.0337274,0.0111759,0.0225515,,
3944,3036,accepted,1,1.52901e-07,1.18286e-09,2.90239e-10,2.90239e-10,1.04686e-09,1.01085e-09,0.487318,0.028366,0.457236,0.011549,0.0342356,0.0116798,0.0225558,,
3945,3037,accepted,1,6.07579e-07,5.9143e-10,2.90107e-10,2.90107e-10,1.04669e-09,1.01085e-09,0.494249,0.0279943,0.464547,0.0105232,0.0339197,0.0112829,0.0226368,,
3946,3037,rejected,1,2.4114e-06,5.9143e-09,2.90107e-10,2.90107e-10,1.04669e-09,1.01085e-09,0.481487,0.0285695,0.451264,0.0110269,0.01123,0.0112299,0,,
3947,3038,accepted,0,2.4114e-06,2.95715e-09,2.90023e-10,2.90023e-10,1.04691e-09,1.01085e-09,0,0,0,0.0108351,0.0343134,0.011412,0.0229014,,
3948,3039,accepted,1,9.74328e-08,1.47857e-09,2.89953e-10,2.89953e-10,1.04689e-09,1.01085e-09,0.51077,0.0289106,0.480166,0.0114159,0.0337114,0.0112011,0.0225103,,
3949,3040,accepted,1,3.87223e-07,7.39287e-10,2.8983e-10,2.8983e-10,1.04677e-09,1.01085e-09,0.503318,0.0280524,0.473567,0.0106726,0.0335892,0.0112539,0.0223351,,
3950,3040,rejected,1,1.53875e-06,7.39287e-09,2.8983e-10,2.8983e-10,1.04677e-09,1.01085e-09,0.512621,0.0284358,0.482562,0.010452,0.0112609,0.0112608,0,,
3951,3041,accepted,0,1.53875e-06,3.69644e-09,2.89781e-10,2.89781e-10,1.04692e-09,1.01085e-09,0,0,0,0.0106136,0.0337195,0.0113852,0.0223342,,
3952,3042,accepted,1,6.21345e-08,1.84822e-09,2.89725e-10,2.89725e-10,1.04691e-09,1.01085e-09,0.512366,0.0286854,0.482065,0.0116647,0.033724,0.0112951,0.0224289,,
3953,3043,accepted,1,2.46982e-07,9.24109e-10,2.89619e-10,2.89619e-10,1.04683e-09,1.01085e-09,0.479883,0.0282637,0.449921,0.0121809,0.0341912,0.0115615,0.0226295,,
3954,3044,accepted,1,9.82464e-07,4.62054e-10,2.89512e-10,2.89512e-10,1.04658e-09,1.01085e-09,0.510796,0.0286862,0.480422,0.0108386,0.0337465,0.0113106,0.0224358,,
3955,3044,rejected,1,3.8951e-06,4.62054e-09,2.89512e-10,2.89512e-10,1.04658e-09,1.01085e-09,0.478888,0.0288998,0.44832,0.0104928,0.0112971,0.0112968,0,,
3956,3045,accepted,0,3.8951e-06,2.31027e-09,2.8934e-10,2.8934e-10,1.04688e-09,1.01085e-09,0,0,0,0.0106302,0.0335587,0.0112163,0.0223423,,
3957,3046,accepted,1,1.5742e-07,1.15514e-09,2.89252e-10,2.89252e-10,1.04684e-09,1.01085e-09,0.494882,0.0284621,0.464786,0.0104358,0.0321661,0.0113652,0.0208008,,
3958,3047,accepted,1,6.25527e-07,5.77568e-10,2.8912e-10,2.8912e-10,1.04666e-09,1.01085e-09,0.504341,0.0287217,0.473981,0.0098747,0.0339193,0.0112453,0.0226739,,
3959,3047,rejected,1,2.48254e-06,5.77568e-09,2.8912e-10,2.8912e-10,1.04666e-09,1.01085e-09,0.478444,0.0294515,0.447398,0.0110404,0.0112452,0.0112452,0,,
3960,3048,accepted,0,2.48254e-06,2.88784e-09,2.89032e-10,2.89032e-10,1.04688e-09,1.01085e-09,0,0,0,0.0107397,0.033706,0.0112903,0.0224155,,
3961,3049,accepted,1,1.00289e-07,1.44392e-09,2.88961e-10,2.88961e-10,1.04685e-09,1.01085e-09,0.496458,0.0282146,0.466648,0.0102393,0.0338367,0.0112919,0.0225448,,
3962,3050,accepted,1,3.98568e-07,7.2196e-10,2.88837e-10,2.88837e-10,1.04673e-09,1.01085e-09,0.485934,0.0279085,0.456406,0.0105079,0.0336036,0.0112843,0.0223193,,
3963,3050,rejected,1,1.58388e-06,7.2196e-09,2.88837e-10,2.88837e-10,1.04673e-09,1.01085e-09,0.503679,0.0281074,0.473969,0.0094087,0.0112324,0.0112323,0,,
3964,3051,accepted,0,1.58388e-06,3.6098e-09,2.88787e-10,2.88787e-10,1.04688e-09,1.01085e-09,0,0,0,0.0101418,0.0339608,0.0112251,0.0227357,,
3965,3052,accepted,1,6.39514e-08,1.8049e-09,2.8873e-10,2.8873e-10,1.04686e-09,1.01085e-09,0.498968,0.0290235,0.468179,0.0110773,0.0339051,0.0113373,0.0225676,,
