1037.0899999999999
2021.4300000000001
538.90599999999995
179.48699999999999
583.96400000000006
90.202299999999994
70.548100000000005
0.086331000000000005
0.13516500000000001
0.35557299999999997
0.091635999999999995
0.37162899999999999
0.55172699999999997
0.24368300000000001
0.31615199999999999
584.91999999999996
435.017
1810.3299999999999
165.61000000000001
18.807300000000001
11.962899999999999
15.609
8.19618
18.332799999999999
21.664999999999999
19.668600000000001
31.82
209.017
602.65099999999995
293.47300000000001
90.931899999999999
188.23099999999999
555.322
405.72699999999998
225.18000000000001
99.666899999999998
506.56700000000001
350.51799999999997
902.73400000000004
83.046999999999997
1244.78
7533.1599999999999
0.119826
0.10881299999999999
0.22373699999999999
0.228106
0.071210999999999997
0.114632
0.133163
0.070905999999999997
0.074676000000000006
76.627899999999997
256.00599999999997
72.732399999999998
246.649
278.78899999999999
687.39499999999998
727.44399999999996
1416.03
640.51999999999998
0.30815999999999999
638.08900000000006
983.03300000000002
199.333
449.08199999999999
73.963200000000001
78.943399999999997
34.423499999999997
0.056230000000000002
0.18698100000000001
0.17328199999999999
0.21648200000000001
0.109248
0.080796000000000007
0.11912499999999999
0.219386
0.33865499999999998
0.122083
0.026505999999999998
8.2881
11.855700000000001
13.287100000000001
0.22137499999999999
0.22517200000000001
0.068922999999999998
723.79700000000003
117.89100000000001
176.125
469.28699999999998
270.67200000000003
115.38800000000001
211.68799999999999
51.954799999999999
692.46600000000001
363.23399999999998
131.02600000000001
364.39600000000002
136.227
487.37799999999999
55.654699999999998
2647.4699999999998
4236.4899999999998
0.34919800000000001
0.22222700000000001
0.055386999999999999
0.091090000000000004
0.072972999999999996
0.080322000000000005
0.26000099999999998
0.47348000000000001
0.091380000000000003
0.022374999999999999
164.58099999999999
212.042
405.12700000000001
375.19999999999999
479.53699999999998
1298.3199999999999
1081.95
542.94100000000003
0.24261199999999999
315.92599999999999
1726.1800000000001
167.87799999999999
386.13400000000001
160.69499999999999
43.764699999999998
49.383699999999997
82.028700000000001
120.318
0.096768000000000007
0.043567000000000002
0.31146400000000002
0.126749
0.15642700000000001
0.02094
0.30781900000000001
0.78811799999999999
0.082124000000000003
0.037912000000000001
0.081562999999999997
0.052206000000000002
0.109443
0.117966
794.42100000000005
547.71000000000004
102.053
195.41499999999999
476.42399999999998
358.63099999999997
107.063
378.42899999999997
96.824100000000001
75.587199999999996
521.74900000000002
133.642
359.43700000000001
103.764
196.95099999999999
190.26300000000001
128.12799999999999
8909.6000000000004
6059.1000000000004
0.145177
0.016240000000000001
0.0084049999999999993
0.013851
0.050278000000000003
0.23258400000000001
0.67923999999999995
0.129437
0.062972
0.083327999999999999
131.125
480.61500000000001
674.12800000000004
370.09500000000003
1797.52
1778.3199999999999
2128.6100000000001
0.34732499999999999
0.50104499999999996
0.31804399999999999
304.858
326.75099999999998
114.259
43.451000000000001
45.772199999999998
45.8782
88.687399999999997
108.001
463.29899999999998
0.080248
0.057578999999999998
0.31794
0.101408
0.235233
0.11312
0.038681
0.046890000000000001
0.176014
0.64064100000000002
0.072023000000000004
0.16653699999999999
495.697
689.77700000000004
217.428
208.965
2912.8299999999999
855.21500000000003
160.05199999999999
33.603400000000001
268.41699999999997
360.72699999999998
754.49599999999998
151.09299999999999
295.01999999999998
62.518500000000003
111.512
202.39400000000001
210.756
116.586
3331.3000000000002
6298.79
0.13638800000000001
0.061122000000000003
0.017127
0.082017999999999994
0.11085200000000001
0.026107999999999999
0.39150400000000002
0.092079999999999995
0.077515000000000001
233.98699999999999
384.197
653.85400000000004
709.52499999999998
3091.7800000000002
4345.6700000000001
48.250999999999998
0.054819
0.20897399999999999
0.094255000000000005
0.14851900000000001
0.11017399999999999
5.7311800000000002
7.9154099999999996
11.5777
24.395299999999999
131.41900000000001
122.48999999999999
443.35399999999998
238.84800000000001
142.845
248.124
0.149782
0.090508000000000005
0.067673999999999998
0.047565999999999997
0.13358400000000001
0.530057
0.75684099999999999
0.15040400000000001
0.057971000000000002
0.11458
524.65999999999997
1836.99
2516.2800000000002
5498.0500000000002
2039.6800000000001
146.18000000000001
35.876899999999999
52.1038
110.465
527.59500000000003
205.971
128.53700000000001
119.477
119.886
305.26100000000002
149.917
1360.6099999999999
3183.1399999999999
4094.4400000000001
7348.9300000000003
0.043336
0.074272000000000005
0.081559999999999994
0.080254000000000006
0.101162
0.61286499999999999
0.15545500000000001
0.1207
187.97900000000001
942.26999999999998
837.197
504.959
1844.6099999999999
3246.5
90.613900000000001
0.28842099999999998
59.8352
19.597899999999999
33.247399999999999
14.1686
6.7849300000000001
13.982200000000001
11.319000000000001
13.5625
170.489
213.46600000000001
102.64700000000001
100.327
219.30000000000001
595.09500000000003
0.123597
0.095568
0.365539
0.41869299999999998
0.184559
0.120112
0.046339999999999999
0.044852000000000003
0.035692000000000002
0.099766999999999995
595.41700000000003
172.72
167.67099999999999
9778.1800000000003
910.34000000000003
205.429
42.497199999999999
22.599
125.651
391.05599999999998
102.148
86.328299999999999
112.96899999999999
208.03899999999999
215.08099999999999
200.947
156.96700000000001
1518.4100000000001
6095.6199999999999
11663.299999999999
3219.8499999999999
0.10814799999999999
0.065862000000000004
0.27013799999999999
0.16867199999999999
0.30954300000000001
0.43232799999999999
0.18227199999999999
0.21756
2621.52
1321.77
746.69799999999998
1244.95
48.716000000000001
83.963200000000001
0.115147
35.505699999999997
15.918699999999999
51.468299999999999
18.624700000000001
6.1694699999999996
27.642900000000001
15.9381
30.1005
207.30199999999999
0.055012999999999999
0.021992999999999999
0.023119000000000001
0.024622999999999999
0.062385000000000003
0.087036000000000002
0.233651
0.130465
0.061610999999999999
0.048416000000000001
0.13328699999999999
0.11564199999999999
0.077047000000000004
0.032536000000000002
0.018113000000000001
0.049681000000000003
310.505
135.50399999999999
5821.1499999999996
780.24000000000001
88.452299999999994
44.684699999999999
46.371400000000001
130.935
241.226
6964.79
50.633099999999999
62.172600000000003
150.56999999999999
56.069400000000002
34.188000000000002
58.0411
327.91399999999999
3710.8499999999999
2836.1799999999998
2742.77
707.12900000000002
0.065212000000000006
0.15962200000000001
0.030918999999999999
1.0386500000000001
0.58839900000000001
0.50626599999999999
0.17485999999999999
0.30415900000000001
1508.4100000000001
1379.74
799.31399999999996
1526.0599999999999
241.244
0.097511
17.864100000000001
15.3383
50.340200000000003
25.026499999999999
20.138400000000001
23.044499999999999
14.553699999999999
33.522100000000002
228.76900000000001
0.0084419999999999999
0.0067260000000000002
0.01864
0.038827
0.060811999999999998
0.062590000000000007
0.079416
0.14909900000000001
0.034103000000000001
0.016917999999999999
0.018474999999999998
0.035297000000000002
0.12354900000000001
0.035068000000000002
0.24495800000000001
0.40817900000000001
0.127058
0.41470299999999999
191.607
455.90100000000001
55.470300000000002
66.629300000000001
51.961399999999998
165.892
1948.3599999999999
2395.8099999999999
52.844900000000003
88.968199999999996
93.654300000000006
116.02500000000001
33.781700000000001
67.404499999999999
408.38200000000001
165.999
1593.23
981.74099999999999
624.56700000000001
0.089650999999999995
0.081420000000000006
0.055919000000000003
0.080068
0.19400100000000001
0.040052999999999998
0.68613299999999999
0.43974800000000003
1381.6300000000001
1614.5
1266.0599999999999
928.80899999999997
305.21499999999997
40.414400000000001
23.405999999999999
27.0153
23.668700000000001
16.338899999999999
16.6997
7.33955
16.133600000000001
29.401399999999999
146.91800000000001
0.022273999999999999
0.014807000000000001
0.083611000000000005
0.167855
0.027265999999999999
0.16168199999999999
690.24699999999996
767.78899999999999
0.143539
0.019317000000000001
0.029767999999999999
0.044771999999999999
0.30847000000000002
0.115802
0.207343
0.33005600000000002
0.17931800000000001
0.16328799999999999
0.022384999999999999
246.97200000000001
68.815299999999993
93.641900000000007
91.076300000000003
4409.1999999999998
2317.1900000000001
92.593299999999999
75.259100000000004
188.733
58.546199999999999
124.511
16.4269
75.003600000000006
113.592
45.100299999999997
19.346
588.28399999999999
0.024250000000000001
0.040529999999999997
0.19797000000000001
0.047219999999999998
0.14407700000000001
0.080817
0.116617
0.054154000000000001
0.056569000000000001
1871.52
2062.2199999999998
1437.46
1814.0799999999999
1182.51
0.078569
28.787400000000002
34.346899999999998
32.151299999999999
11.7239
13.671799999999999
3.9868199999999998
17.261900000000001
55.9131
100.687
120.429
57.675699999999999
776.86300000000006
716.505
1646.3199999999999
356.14499999999998
691.10699999999997
1317.1800000000001
1987.6199999999999
0.107886
0.068095000000000003
0.068019999999999997
0.039702000000000001
0.13303799999999999
0.041600999999999999
0.14097399999999999
0.145233
0.13484599999999999
890.28700000000003
207.94200000000001
125.22
69.570599999999999
165.88499999999999
5851.04
1830.8800000000001
7874.2700000000004
1754
1567.97
64.917699999999996
269.96100000000001
3075.23
74.984700000000004
70.317300000000003
11.076700000000001
36.429400000000001
11.2133
97.421800000000005
0.014723999999999999
0.137022
0.036954000000000001
0.045304999999999998
0.113971
0.033388000000000001
0.032739999999999998
0.077310000000000004
0.047943
4041.4000000000001
2171.1300000000001
1325.96
951.62099999999998
0.046809000000000003
0.081470000000000001
31.821100000000001
58.468299999999999
29.8246
33.9846
6.6736800000000001
6.9631699999999999
11.2331
60.3369
111.06
39.924999999999997
145.565
282.54700000000003
1312.1600000000001
202.91399999999999
394.37700000000001
1058.0699999999999
1510.99
0.13494200000000001
0.15776299999999999
0.26169799999999999
0.073243000000000003
0.052227000000000003
0.15227199999999999
0.050983000000000001
0.102405
0.043900000000000002
466.62099999999998
237.798
191.07599999999999
167.34899999999999
312.17200000000003
111.378
3414.04
5313.5900000000001
758.577
2064.25
13458.9
330.06400000000002
1216.78
198.292
77.463399999999993
17.913499999999999
44.622999999999998
13.497299999999999
21.6463
0.021496999999999999
0.141067
0.020878000000000001
0.04156
0.075359999999999996
0.20602000000000001
0.048224999999999997
0.019931999999999998
0.026967000000000001
3278.29
1457.3499999999999
630.60900000000004
1183.51
0.030175
0.027623999999999999
0.040558999999999998
31.922899999999998
31.627800000000001
18.397600000000001
8.6298499999999994
8.6873699999999996
4.0029899999999996
29.848199999999999
77.654600000000002
17.983699999999999
43.391500000000001
473.30399999999997
188.423
183.434
221.78299999999999
372.13400000000001
658.41300000000001
0.16020699999999999
0.240816
0.063495999999999997
0.053997000000000003
0.044221999999999997
0.135632
0.080943000000000001
0.023584999999999998
175.00999999999999
328.26600000000002
197.755
115.366
308.06599999999997
247.233
127.837
68.4285
72.445999999999998
73.250500000000002
5132.6700000000001
7884.3999999999996
2274.8200000000002
3646.96
101.667
61.192599999999999
38.018700000000003
28.160799999999998
8.3241700000000005
18.520199999999999
24.679099999999998
0.100298
0.024174999999999999
0.032490999999999999
0.17302100000000001
0.079271999999999995
0.022839999999999999
0.010018000000000001
405.37599999999998
1571.6400000000001
1094.6099999999999
689.70399999999995
1728.1700000000001
0.0064330000000000003
0.0019919999999999998
0.01304
0.011183
0.023060000000000001
15.2705
18.456399999999999
9.0229599999999994
3.8215400000000002
19.405200000000001
25.382100000000001
23.794699999999999
39.271599999999999
401.32799999999997
152.863
130.22300000000001
408.62799999999999
709.32399999999996
0.067978999999999998
0.420487
0.21620300000000001
0.37930700000000001
0.12659200000000001
0.092860999999999999
0.25066699999999997
107.08799999999999
193.642
207.28299999999999
653.91999999999996
341.86900000000003
195.86699999999999
190.86699999999999
277.25200000000001
135.64699999999999
139.21199999999999
199.191
94.514799999999994
78.093900000000005
68.0381
3106.9699999999998
2390.77
1764.03
3135.1100000000001
1206.49
59.966099999999997
21.7014
24.6691
12.4491
28.148499999999999
0.041607999999999999
0.092480999999999994
0.63934500000000005
0.029045000000000001
0.026110999999999999
0.084326999999999999
422.27100000000002
905.57299999999998
710.98299999999995
762.87599999999998
746.84400000000005
0.010224
0.0060939999999999996
0.023358
0.027827999999999999
0.033362999999999997
0.096668000000000004
15.064500000000001
16.440000000000001
3.7400500000000001
19.803899999999999
22.7377
32.596200000000003
128.56100000000001
334.64999999999998
308.59399999999999
105.354
243.38399999999999
519.54899999999998
0.054467000000000002
0.079468999999999998
0.27072600000000002
0.18026500000000001
0.063836000000000004
0.029773999999999998
225.88300000000001
107.93600000000001
330.67500000000001
158.184
204.184
169.917
187.72
345.45600000000002
275.39400000000001
309.32499999999999
111.289
185.75899999999999
111.883
85.257000000000005
75.776499999999999
61.051499999999997
59.401000000000003
2798.3499999999999
3623.1100000000001
881.21100000000001
3947.6999999999998
27.4556
25.103899999999999
17.3963
58.829900000000002
17.178000000000001
0.039282999999999998
0.064312999999999995
0.095368999999999995
435.327
109.184
252.61000000000001
436.81999999999999
630.46799999999996
612.25599999999997
929.16999999999996
0.006411
0.012241
0.0076829999999999997
0.035721000000000003
0.046233999999999997
0.026668000000000001
0.018832000000000002
7.2787800000000002
7.5687899999999999
29.242699999999999
30.5976
77.957099999999997
98.9114
227.029
364.77499999999998
201.64400000000001
195.10300000000001
524.57799999999997
0.25279299999999999
0.167652
0.17102000000000001
0.097126000000000004
0.13039200000000001
283.61700000000002
181.75800000000001
117.988
149.309
111.172
276.43299999999999
116.71899999999999
297.46100000000001
387.47899999999998
244.881
464.06400000000002
130.08799999999999
30.070599999999999
80.878600000000006
87.335999999999999
127.646
190.55699999999999
138.24000000000001
0.212924
2998
686.01400000000001
1226.49
380.00099999999998
14.926299999999999
18.261399999999998
33.235900000000001
14.6158
22.304300000000001
0.086033999999999999
0.085195999999999994
604.30600000000004
119.254
526.71000000000004
218.06
527.21500000000003
523.37599999999998
0.14529700000000001
0.001534
0.023258999999999998
0.011469999999999999
0.048153000000000001
0.016083
0.062309999999999997
0.010012999999999999
13.204800000000001
5.8615399999999998
45.348500000000001
27.324400000000001
77.721800000000002
102.212
423.47000000000003
238.566
156.05699999999999
229.392
354.404
0.22101499999999999
0.069525000000000003
0.157391
0.073302999999999993
549.62300000000005
340.74599999999998
533.923
2383.9699999999998
391.21300000000002
209.15899999999999
278.25099999999998
185.60300000000001
311.04399999999998
719.29399999999998
355.45800000000003
910.41200000000003
101.45099999999999
52.3855
101.66
95.799800000000005
63.554299999999998
184.54900000000001
206.03100000000001
0.30280800000000002
0.369448
1300.54
1291.5799999999999
705.66800000000001
604.96900000000005
24.564
28.933299999999999
22.6784
0.090869000000000005
0.015624000000000001
0.085255999999999998
668.61300000000006
465.46199999999999
648.24300000000005
250.85499999999999
652.77300000000002
0.015155
0.029357000000000001
0.0037109999999999999
0.0043759999999999997
0.0055269999999999998
0.060755000000000003
0.060854999999999999
0.082280000000000006
20.057600000000001
23.6557
15.388
30.002700000000001
47.636000000000003
213.93000000000001
102.063
438.51999999999998
667.64599999999996
145.06899999999999
542.83699999999999
374.14999999999998
95.151300000000006
0.031981999999999997
0.25463799999999998
245.035
164.71100000000001
100.732
142.38399999999999
140.762
572.94299999999998
454.30399999999997
514.46600000000001
315.21300000000002
280.86599999999999
732.67499999999995
355.19299999999998
847.24199999999996
937.64200000000005
51.6432
236.22399999999999
105.193
84.317300000000003
160.54900000000001
154.703
0.131469
0.26348199999999999
76.479900000000001
214.03800000000001
160.52799999999999
67.966099999999997
14.2105
45.498699999999999
21.5852
28.0715
66.678799999999995
211.39099999999999
518.94000000000005
514.53700000000003
1078.52
333.34399999999999
491.76999999999998
0.043156
0.043388999999999997
0.037405000000000001
0.055869000000000002
0.035562000000000003
0.048311
0.60419299999999998
0.457839
0.041031999999999999
31.2089
22.654399999999999
24.149000000000001
67.146500000000003
126.57299999999999
58.078400000000002
186.71100000000001
579.80600000000004
220.98699999999999
852.14499999999998
284.334
150.34700000000001
133.60499999999999
245.91399999999999
279.767
101.241
165.541
63.655000000000001
87.484899999999996
501.68400000000003
540.97400000000005
652.30600000000004
416.24900000000002
360.964
530.15300000000002
993.19399999999996
0.182056
362.06900000000002
125.52200000000001
119.71599999999999
135.411
118.881
121.60899999999999
240.03100000000001
31.688700000000001
75.136799999999994
96.505200000000002
155.12100000000001
177.62200000000001
63.315800000000003
9.9378100000000007
42.598599999999998
40.199599999999997
30.105399999999999
84.492800000000003
226.267
847.26099999999997
1110.2
662.49900000000002
0.085662000000000002
0.083360000000000004
0.056777000000000001
133.84800000000001
0.13573099999999999
0.214866
0.18210399999999999
0.14038300000000001
0.14718999999999999
0.14967900000000001
126.30800000000001
20.4329
17.148700000000002
24.2622
57.629300000000001
119.042
79.580399999999997
201.27099999999999
341.31599999999997
383.97300000000001
810.43200000000002
419.37299999999999
175.69900000000001
225.60300000000001
0.055428999999999999
0.059590999999999998
141.852
373.21499999999997
70.145899999999997
127.29900000000001
614.06700000000001
226.18000000000001
551.53399999999999
755.904
423.76600000000002
148.27000000000001
144.971
169.63399999999999
268.14299999999997
194.767
287.97300000000001
204.21799999999999
126.211
240.327
8.81386
19.120200000000001
91.671199999999999
89.853700000000003
218.315
110.072
93.762500000000003
67.247699999999995
17.092700000000001
40.180900000000001
59.726100000000002
48.594099999999997
289.06400000000002
629.72799999999995
397.95999999999998
555.35400000000004
0.129334
0.13275100000000001
0.038066000000000003
161.29499999999999
0.057182999999999998
0.021901
0.018079000000000001
0.066056000000000004
0.042800999999999999
20.0245
65.529399999999995
43.600200000000001
46.8566
34.399000000000001
27.321400000000001
50.293199999999999
93.329700000000003
188.65799999999999
138.38200000000001
358.74299999999999
289.52199999999999
77.201499999999996
280.94499999999999
20.5258
10.0868
0.30627700000000002
242.042
229.81999999999999
138.833
90.779799999999994
383.483
455.76499999999999
969.12699999999995
991.28599999999994
17.4833
155.321
144.43899999999999
240.00200000000001
180.43700000000001
234.078
609.34400000000005
624.55100000000004
202.934
17.347300000000001
6.5044399999999998
19.811699999999998
122.85899999999999
155.821
383.90199999999999
0.057872
0.15733800000000001
38.526800000000001
16.123000000000001
80.355800000000002
62.534599999999998
49.423400000000001
281.74599999999998
1089.1099999999999
394.70499999999998
0.26224900000000001
0.081670000000000006
49.343000000000004
279.22800000000001
294.233
0.034119999999999998
0.029478000000000001
0.025465000000000002
0.136575
0.095186000000000007
17.813700000000001
43.782200000000003
70.909999999999997
131.58799999999999
27.577500000000001
26.770499999999998
74.117900000000006
0.380328
124.96599999999999
180.417
200.892
350.69999999999999
942.90700000000004
132.90299999999999
35.248600000000003
10.9817
127.804
33.9373
360.714
89.216800000000006
174.577
348.87099999999998
496.72000000000003
756.45600000000002
75.768299999999996
35.316800000000001
179.41399999999999
105.34999999999999
355.20699999999999
412.58699999999999
125.45399999999999
439.87299999999999
6.6242999999999999
24.097000000000001
20.4664
8.9617799999999992
48.149500000000003
0.33203300000000002
0.043758999999999999
0.019805
0.45143100000000003
0.119241
79.194400000000002
19.289100000000001
39.741900000000001
52.022300000000001
45.383699999999997
146.489
980.87599999999998
513.226
0.106654
0.28471000000000002
0.079394000000000006
0.118029
0.17274700000000001
0.205069
0.110891
0.049750999999999997
0.18035599999999999
0.062137999999999999
56.567300000000003
47.284500000000001
75.6066
68.531199999999998
27.339500000000001
26.333400000000001
0.091900999999999997
0.046316000000000003
0.16688800000000001
290.13600000000002
368.01499999999999
188.899
231.35499999999999
74.1083
31.925899999999999
10.4748
68.845699999999994
26.619399999999999
29.854500000000002
50.013300000000001
166.13499999999999
302.625
754.10500000000002
376.935
128.07300000000001
103.708
343.65499999999997
210.05699999999999
159.84200000000001
625.03099999999995
45.773600000000002
3.9290400000000001
7.5430000000000001
0.0079299999999999995
0.027729
0.15786600000000001
0.054378999999999997
0.14011799999999999
0.051347999999999998
0.059977999999999997
0.030712
53.656599999999997
71.284099999999995
22.853300000000001
36.312199999999997
65.211600000000004
40.112200000000001
102.652
748.779
414.82999999999998
0.048772999999999997
0.15382399999999999
0.19104399999999999
0.043890999999999999
0.82639700000000005
0.42299100000000001
0.54195199999999999
0.13585700000000001
0.242288
0.027179999999999999
82.618799999999993
66.083500000000001
40.957999999999998
48.331200000000003
37.802700000000002
17.072700000000001
0.075260999999999995
0.23186499999999999
0.099241999999999997
0.169992
365.45800000000003
119.84399999999999
260.447
44.652500000000003
42.8491
19.188600000000001
22.0303
29.499099999999999
152.45099999999999
71.545400000000001
146.583
134.39599999999999
161.846
243.69
132.44200000000001
68.754499999999993
192.78999999999999
234.417
0.055703000000000003
0.24287
0.16753799999999999
0.03424
0.015549
0.003042
0.015375
0.0591
0.119009
0.14694299999999999
0.158002
0.022511
0.032253999999999998
0.085888999999999993
49.684199999999997
11.4063
42.744700000000002
97.686700000000002
26.7898
156.05699999999999
524.96299999999997
397.64499999999998
0.20414499999999999
0.056286000000000003
0.32799400000000001
0.05321
0.070193000000000005
0.65907899999999997
2.4362499999999998
0.33230599999999999
0.16825000000000001
103.97199999999999
117.114
101.26000000000001
39.353700000000003
75.129000000000005
39.880899999999997
32.2258
0.080875000000000002
0.29291299999999998
0.14189599999999999
0.073908000000000001
407.428
152.24600000000001
107.538
39.051299999999998
19.555
21.4968
13.2492
47.462499999999999
229.786
212.18000000000001
107.001
100.44
384.267
544.51199999999994
121.256
149.642
411.37799999999999
85.881600000000006
0.040622999999999999
0.13462099999999999
0.33029500000000001
0.054906999999999997
0.02231
0.0076280000000000002
0.052976000000000002
0.121029
0.040975999999999999
0.034882999999999997
0.12654599999999999
0.015810000000000001
0.043659000000000003
0.048751000000000003
50.862000000000002
29.4894
85.197199999999995
142.21199999999999
56.969799999999999
88.139099999999999
414.245
354.53800000000001
0.125916
0.19544800000000001
0.052145999999999998
0.052142000000000001
0.063346
1.0567200000000001
3.4926699999999999
0.83909
0.201764
131.16399999999999
333.39499999999998
156.35599999999999
71.737300000000005
32.147399999999998
44.803800000000003
32.4099
0.092713000000000004
0.27101999999999998
0.11528099999999999
203.41200000000001
601.56500000000005
90.656499999999994
108.917
20.568000000000001
11.3558
19.901
23.492000000000001
10.9527
528.23800000000006
189.49700000000001
757.55999999999995
201.41
278.827
276.85199999999998
43.347799999999999
152.37899999999999
131.512
0.028295000000000001
0.12717600000000001
0.078326000000000007
0.098018999999999995
0.19684099999999999
0.057092999999999998
0.026609000000000001
0.160306
0.034173000000000002
138.816
151.339
1295.9300000000001
0.125775
0.095802999999999999
0.16713700000000001
75.4619
13.473100000000001
123.32899999999999
118.682
72.918800000000005
71.226900000000001
414.375
340.55200000000002
462.03199999999998
0.372336
0.126052
0.026842000000000001
0.046736
0.39371200000000001
0.119449
0.104254
0.16098699999999999
0.063888
186.39699999999999
262.72699999999998
181.751
53.452500000000001
153.923
42.403399999999998
280.75099999999998
0.44620500000000002
0.23271500000000001
78.000699999999995
289.67500000000001
148.89500000000001
23.382300000000001
15.0143
9.9264500000000009
20.479600000000001
34.070900000000002
32.720599999999997
454.904
1089.3299999999999
841.54999999999995
495.70400000000001
358.27199999999999
348.911
55.087699999999998
135.32499999999999
1365.3399999999999
0.0099640000000000006
0.037227999999999997
0.115926
0.31477899999999998
0.46175500000000003
0.21406
0.36295500000000003
0.482713
43.7575
147.85300000000001
432.56999999999999
597.90499999999997
161.01599999999999
110.755
154.47900000000001
0.047440000000000003
21.389199999999999
94.172300000000007
77.152699999999996
70.554299999999998
126.86
373.233
792.42999999999995
395.72000000000003
0.10370500000000001
0.25074999999999997
0.119669
0.079301999999999997
0.11573899999999999
0.15896099999999999
0.148343
0.12525600000000001
0.081394999999999995
0.077543000000000001
143.06899999999999
389.55900000000003
70.977599999999995
190.32599999999999
66.583600000000004
219.83000000000001
337.64699999999999
199.53
94.757400000000004
217.39099999999999
144.88200000000001
35.578699999999998
21.9422
10.3095
21.127700000000001
7.1924200000000003
0.080045000000000005
0.168435
945.12800000000004
1051.8599999999999
450.90600000000001
209.614
171.66399999999999
282.19600000000003
61.264499999999998
1188.49
0.014347
0.011504
0.120615
0.112217
0.35266599999999998
0.063573000000000005
0.098990999999999996
0.25714399999999998
34.598199999999999
707.84299999999996
245.773
572.18899999999996
245.08600000000001
151.02199999999999
0.068526000000000004
0.070624999999999993
0.22806299999999999
155.346
167.619
57.3048
138.95599999999999
355.08300000000003
371.03899999999999
463.74000000000001
0.24124999999999999
0.081782999999999995
0.027861
0.032106000000000003
0.116494
0.14930599999999999
0.17469799999999999
0.034589000000000002
0.003797
0.014829999999999999
0.013934999999999999
0.032136999999999999
0.056434999999999999
0.054462000000000003
77.037499999999994
139.15299999999999
568.59699999999998
205.41
127.297
601.97000000000003
625.84100000000001
15.1219
34.307899999999997
14.5381
14.7925
9.4695900000000002
0.12385400000000001
0.053908999999999999
102.01600000000001
1599.48
463.916
245.304
303.11099999999999
397.161
27.385899999999999
629.90200000000004
465.62099999999998
279.23599999999999
0.13689299999999999
0.35381699999999999
0.20369399999999999
0.066087000000000007
0.19064
257.42700000000002
73.622200000000007
606.94000000000005
194.40799999999999
448.94900000000001
128.81700000000001
109.633
0.047275999999999999
0.21974199999999999
0.145815
1.1377600000000001
131.423
46.766300000000001
233.63900000000001
418.99000000000001
496.96100000000001
613.125
2367.1599999999999
0.11505799999999999
0.145179
0.076541999999999999
0.327237
0.30635699999999999
0.024341000000000002
0.083667000000000005
0.021222999999999999
0.029486999999999999
0.087814000000000003
0.24336099999999999
0.023692999999999999
0.052739000000000001
0.096655000000000005
0.050266999999999999
171.596
69.895799999999994
187.71899999999999
1147.0999999999999
1322.3
2779.6300000000001
1555.3299999999999
32.617100000000001
7.4612299999999996
2.7922400000000001
0.45156600000000002
0.18415300000000001
280.05399999999997
2690.25
994.82500000000005
305.61200000000002
354.541
725.18700000000001
678.64700000000005
737.89700000000005
1534.6800000000001
0.233321
0.154471
0.085167000000000007
0.072396000000000002
0.061869
0.140927
387.142
168.643
389.68900000000002
237.19999999999999
392.24299999999999
95.152500000000003
0.13190499999999999
0.28441699999999998
0.50232600000000005
0.10882600000000001
0.120505
105.935
41.3125
135.25700000000001
248.72
267.15300000000002
495.32999999999998
1341.0699999999999
0.191131
0.168542
0.15737999999999999
0.056885999999999999
0.091818999999999998
0.0528
0.017516
0.054200999999999999
0.029163000000000001
0.032558999999999998
0.05006
0.046426000000000002
0.050728000000000002
0.047301000000000003
41.864600000000003
70.726299999999995
34.700299999999999
137.11500000000001
1419.4000000000001
886.46400000000006
2191.4499999999998
2483.6399999999999
435.928
0.37799899999999997
0.40154000000000001
0.21549599999999999
0.65478599999999998
793.75599999999997
3901.04
1345.8
440.71300000000002
301.89100000000002
283.33800000000002
248.65700000000001
0.085087999999999997
0.110968
0.297375
0.43573600000000001
0.133437
0.103362
0.18923200000000001
470.209
381.04599999999999
74.156499999999994
240.01499999999999
465.38900000000001
791.71500000000003
0.49240899999999999
0.47438200000000003
0.972302
0.38068200000000002
0.058547000000000002
0.76146899999999995
0.20810699999999999
56.659199999999998
164.28700000000001
118.874
383.94600000000003
367.03500000000003
1031.6300000000001
1532.48
0.29284900000000003
0.67412399999999995
0.1217
0.073786000000000004
0.075453999999999993
0.23865400000000001
0.19585900000000001
0.030696000000000001
0.047538999999999998
0.059555999999999998
0.13145599999999999
0.10687000000000001
46.3185
72.917000000000002
98.683400000000006
13.8802
187.624
561.125
1706.54
4616.8000000000002
7991.1899999999996
3369.52
303.72000000000003
0.16600400000000001
0.55363499999999999
1025.3699999999999
535.88699999999994
2632.3499999999999
1082.27
506.83100000000002
274.30900000000003
228.96700000000001
39.068199999999997
0.116455
0.24562600000000001
0.212478
0.15465000000000001
0.46319500000000002
0.059546000000000002
0.31970300000000001
308.80000000000001
404.15600000000001
231.50899999999999
208.10400000000001
410.87799999999999
457.291
0.30097800000000002
0.49245699999999998
0.72690600000000005
83.357600000000005
0.056841999999999997
0.41664200000000001
206.304
90.113399999999999
214.52099999999999
49.993499999999997
311.32900000000001
413.702
1592.71
1268.99
0.30621900000000002
0.20830399999999999
0.362263
0.026973
0.118143
0.33659600000000001
0.11361499999999999
0.094159000000000007
0.062518000000000004
0.21452399999999999
0.32302199999999998
82.271299999999997
76.072699999999998
22.638500000000001
127.20099999999999
74.551299999999998
112.572
646.16200000000003
1447.24
3062.4000000000001
9156.8099999999995
6090.8800000000001
1363.55
394.524
875.54999999999995
1159.02
2193.0599999999999
1931.3599999999999
756.95699999999999
506.11700000000002
463.22899999999998
441.19200000000001
21.645499999999998
29.930099999999999
0.45698699999999998
0.29100399999999998
0.31012299999999998
0.12465900000000001
0.063143000000000005
0.060454000000000001
271.029
199.304
145.13999999999999
152.97399999999999
537.86099999999999
1.09151
0.59738100000000005
3.0492400000000002
0.29313
0.031673
96.482100000000003
37.828899999999997
261.904
55.536299999999997
231.49600000000001
151.58600000000001
332.86900000000003
525.88
1563.48
1187.95
0.15115899999999999
1.3925099999999999
0.098811999999999997
0.18484800000000001
0.27829100000000001
0.21573400000000001
0.082283999999999996
0.081174999999999997
0.115426
0.067533999999999997
159.89500000000001
60.122199999999999
155.184
22.0654
84.743300000000005
75.120699999999999
66.646199999999993
175.53800000000001
3441.6500000000001
3381.2800000000002
5892.54
5570.3699999999999
5796.4399999999996
5530.4499999999998
4188.1000000000004
567.91200000000003
2187.6999999999998
1994.75
1008.6799999999999
431.74700000000001
515.45100000000002
147.31800000000001
10.134600000000001
0.103149
0.125809
0.071947999999999998
0.072733999999999993
0.051427
0.016974
522.87
546.173
136.78399999999999
153.69399999999999
0.0039690000000000003
0.13645299999999999
0.38578299999999999
0.57698799999999995
1.8349500000000001
0.46630899999999997
0.27585100000000001
0.455042
0.21917900000000001
245.49799999999999
81.591999999999999
153.898
84.000399999999999
407.49900000000002
1725.8699999999999
0.17299300000000001
1213.3699999999999
376.62099999999998
125.29000000000001
0.074052999999999994
0.31757000000000002
0.100647
0.075980000000000006
0.100591
0.024447
0.14744199999999999
39.370899999999999
190.54900000000001
113.941
80.5839
0.017899000000000002
0.016913000000000001
0.052018000000000002
0.162574
0.18154899999999999
0.10533099999999999
0.17699799999999999
1682.76
3855.8499999999999
6188.7600000000002
10865.4
3768.8400000000001
865.77800000000002
1856.6400000000001
2329.6900000000001
961.577
532.29899999999998
677.226
141.41399999999999
27.616700000000002
0.036558
0.083878999999999995
0.044513999999999998
458.83300000000003
157.352
809.92999999999995
468.82600000000002
385.36900000000003
169.36199999999999
857.697
0.079325000000000007
0.26357199999999997
0.23732200000000001
0.68723699999999999
2.9398200000000001
0.39604800000000001
0.17266899999999999
0.457067
0.39896599999999999
187.20099999999999
25.064299999999999
73.095100000000002
148.595
596.94299999999998
162.952
0.040489999999999998
782.32500000000005
305.54599999999999
197.15100000000001
0.15277499999999999
0.042831000000000001
0.108345
0.055842999999999997
0.79516200000000004
0.159803
0.071594000000000005
0.020392
0.051122000000000001
0.118474
0.0066629999999999997
0.035250999999999998
0.022407
0.039806000000000001
0.096005999999999994
0.015789999999999998
0.025961999999999999
0.19551499999999999
5107.6999999999998
10379.799999999999
6560.3500000000004
8260.1299999999992
2478.9299999999998
721.529
3633.3000000000002
850.93799999999999
973.03399999999999
952.91999999999996
272.65100000000001
117.401
14.5335
0.090873999999999996
0.037109999999999997
264.726
1578.73
130.64699999999999
568.49599999999998
319.762
612.44000000000005
156.55600000000001
0.093607999999999997
0.13123099999999999
0.39140900000000001
1.427
0.44587100000000002
0.53187399999999996
0.29616700000000001
0.245783
0.45228699999999999
0.25743100000000002
254.47499999999999
15.3939
77.197599999999994
121.83799999999999
458.98000000000002
0.063913999999999999
921.02099999999996
1114.1300000000001
393.83800000000002
109.02200000000001
0.13444800000000001
0.066521999999999998
0.10800899999999999
0.79327899999999996
0.77073100000000005
0.14065900000000001
0.062428999999999998
0.067920999999999995
0.039867
0.016233999999999998
0.012812
0.097186999999999996
0.096953999999999999
0.65889399999999998
0.031668000000000002
0.021224
0.088281999999999999
5385.0799999999999
3346.0700000000002
7530.9799999999996
2740.79
11814.6
1711.6800000000001
1561.5
2391.1599999999999
9694.6000000000004
1849.29
1044.9000000000001
335.31200000000001
72.409099999999995
221
0.015445
283.76299999999998
272.97800000000001
520.92399999999998
731.13199999999995
809.96500000000003
190.648
0.446106
0.10663599999999999
0.18154300000000001
0.10199
0.119509
0.25644499999999998
0.103543
0.040533
0.15249399999999999
0.046522000000000001
0.23072000000000001
0.31448599999999999
0.20602100000000001
0.44022
0.19285099999999999
0.16583700000000001
0.232292
1.6789400000000001
281.209
2068.9099999999999
683.23400000000004
95.3459
0.048918000000000003
0.043959999999999999
0.35280499999999998
0.079971
0.32590799999999998
0.219667
0.030370000000000001
0.031029000000000001
0.075503000000000001
0.038185999999999998
0.17144699999999999
0.20466100000000001
0.13774600000000001
0.374056
0.136597
0.091968999999999995
0.084412000000000001
6696.0699999999997
2302.5700000000002
9173.3899999999994
3763.8299999999999
9755.4200000000001
2611.04
4558.1499999999996
6990.4099999999999
5803.9700000000003
8121.5600000000004
3657.9499999999998
1395.5899999999999
140.90100000000001
90.1922
627.60500000000002
169.251
337.54700000000003
530.86400000000003
318.96499999999997
476.66300000000001
0.91425999999999996
0.55316900000000002
0.044587000000000002
0.057678
0.087247000000000005
0.0061310000000000002
0.02163
0.027611
0.046056
0.092994999999999994
0.141206
0.13333800000000001
0.76925299999999996
0.262133
0.18704799999999999
0.026796
0.207174
0.24748500000000001
0.17127300000000001
7844.29
2381.4099999999999
1483.1800000000001
187.03700000000001
0.069554000000000005
0.033978000000000001
0.070388999999999993
0.017235
0.14530799999999999
0.204152
0.033411000000000003
0.071096000000000006
0.025725000000000001
0.023377999999999999
0.17211000000000001
0.025180000000000001
0.021187999999999999
0.029382999999999999
0.040712999999999999
0.065343999999999999
0.16373199999999999
2447.1799999999998
1595.0699999999999
5654.3000000000002
4007.3899999999999
7037.0900000000001
5953.1700000000001
10590.200000000001
11520.9
9961.9599999999991
4088.6100000000001
6850.6999999999998
3889.46
205.36500000000001
110.621
35.785499999999999
550.99800000000005
481.69900000000001
222.18899999999999
459.84500000000003
431.02300000000002
0.038330999999999997
0.31317400000000001
0.103906
0.041815999999999999
0.048985000000000001
0.032349000000000003
0.0040660000000000002
0.067945000000000005
0.109929
0.037303999999999997
0.082663
0.031548
0.116782
0.12656500000000001
0.063874
0.14366899999999999
0.16502
0.144235
0.13886899999999999
0.51078900000000005
4657.4499999999998
2002.1099999999999
130.41999999999999
0.041175000000000003
0.0064970000000000002
0.066986000000000004
0.052358000000000002
0.056663999999999999
0.220334
0.094655000000000003
0.035237999999999998
0.029246999999999999
0.163911
0.33679599999999998
0.021031000000000001
0.022953999999999999
0.0092800000000000001
0.073818999999999996
0.071809999999999999
711.63
1663.78
1165.45
2421.8200000000002
2792.8099999999999
4269.2299999999996
14756.9
8089.46
9695.2099999999991
3895.3200000000002
2532.4400000000001
4744.8999999999996
5176.7799999999997
6237.7299999999996
1853.8699999999999
664.75
614.98400000000004
68.072400000000002
81.019900000000007
509.53800000000001
672.24300000000005
0.068744
0.056211999999999998
0.138047
0.024684000000000001
0.118989
0.028108999999999999
0.020532000000000002
0.032939000000000003
0.049569000000000002
0.010311000000000001
0.042308999999999999
0.017183
0.043395999999999997
0.071692000000000006
0.37661899999999998
0.13616800000000001
0.22198899999999999
0.088317999999999994
0.15553800000000001
3078.5
3832.4499999999998
2092.4899999999998
224.81299999999999
0.033391999999999998
0.033241
0.018012
0.022121999999999999
0.0094319999999999994
0.012317
0.049981999999999999
0.030461999999999999
0.046737000000000001
0.050397999999999998
0.021045000000000001
0.025649999999999999
0.039551000000000003
6.7157200000000001
14.4902
84.983400000000003
882.23400000000004
1869.8199999999999
641.83000000000004
2628.8400000000001
2815.52
344.15100000000001
467.00799999999998
7224.8999999999996
13805.1
6577.3100000000004
3760.1100000000001
2530.5100000000002
3545.0599999999999
4897.3500000000004
4026.8400000000001
811.97799999999995
479.19799999999998
487.70499999999998
78.158699999999996
203.24000000000001
118.14400000000001
356.85599999999999
0.26688600000000001
0.030314000000000001
0.085932999999999995
0.27933000000000002
0.036434000000000001
0.024985
0.030129
308.18900000000002
197.071
144.71000000000001
271.88299999999998
0.076135999999999995
0.048483999999999999
0.17118900000000001
0.24582499999999999
0.17316400000000001
2163.3400000000001
7004.4899999999998
2848.73
4972.96
925.89800000000002
421.86599999999999
0.020326
0.068765999999999994
0.0090729999999999995
0.013972999999999999
0.037368999999999999
0.0060470000000000003
0.047849000000000003
0.055243
0.058906
0.39954699999999999
10.4124
5.9377899999999997
11.6953
8.7517999999999994
641.59400000000005
3576.1199999999999
1520.45
5437.2399999999998
782.38099999999997
50.996099999999998
83.005200000000002
287.346
344.92200000000003
162.71899999999999
130.05799999999999
6882.5799999999999
5556.71
4929.8699999999999
3632.4899999999998
5246.1800000000003
2234.6399999999999
1057.51
521.57399999999996
275.39299999999997
342.12900000000002
123.95
0.378581
0.35027999999999998
0.21544199999999999
0.023147999999999998
0.034780999999999999
0.046247000000000003
0.096339999999999995
167.96199999999999
326.98599999999999
62.1785
183.86199999999999
0.091152999999999998
0.020331999999999999
0.031990999999999999
0.13794899999999999
0.136239
7562.1599999999999
14515.200000000001
7453.7799999999997
7046.0100000000002
3060.0799999999999
13183.6
1467.9300000000001
342.517
0.018009000000000001
0.040815999999999998
0.024346
0.084691000000000002
0.014969
0.034721000000000002
0.156139
0.23522799999999999
0.90167900000000001
1.7276499999999999
12.133900000000001
5.10548
14.1374
836.09699999999998
1419.3800000000001
2877.29
2748.25
8932.8400000000001
32.218699999999998
88.052800000000005
48.994100000000003
332.14699999999999
251.911
166.16999999999999
112.102
67.302499999999995
4357.7700000000004
8941.2099999999991
2638.9200000000001
6589.1099999999997
3549.48
928.55899999999997
363.76900000000001
778.17100000000005
229.43100000000001
70.823999999999998
0.59262999999999999
0.27229999999999999
0.26108500000000001
0.043166999999999997
0.034039
0.070616999999999999
0.26025399999999999
416.21800000000002
481.12200000000001
465.21100000000001
274.95600000000002
0.28304400000000002
0.034166000000000002
0.053108000000000002
0.205039
0.077601000000000003
10195.9
9481.4799999999996
17436.5
8453.5100000000002
6668.79
3491.2800000000002
1065.27
151.44399999999999
0.19477800000000001
0.024197
0.011362000000000001
0.060061000000000003
0.021534000000000001
0.17021500000000001
0.30313499999999999
0.17648
0.120362
0.66780099999999998
7.0636099999999997
7.5575900000000003
375.88799999999998
720.26900000000001
2990.4699999999998
6640.6999999999998
3189.1900000000001
9571.8799999999992
45.937600000000003
72.090199999999996
63.251100000000001
216.262
302.87700000000001
89.614000000000004
63.903500000000001
107.083
42.235900000000001
20000
3254.1900000000001
4530.5
1500.3
1089.55
704.62400000000002
1381.75
344.399
54.631
49.152000000000001
0.31519399999999997
0.084985000000000005
0.180252
0.165911
0.055910000000000001
1602.2
278.36399999999998
245.09700000000001
0.019375
0.14777899999999999
0.60233599999999998
0.075898999999999994
0.15543199999999999
0.042439999999999999
0.019266999999999999
9622.4899999999998
8608.3500000000004
18059.900000000001
8873.0200000000004
3117.6399999999999
3157.3899999999999
1169.8900000000001
152.798
0.061441000000000003
0.057123
0.073289000000000007
0.037902999999999999
0.044896999999999999
0.18182599999999999
0.264629
0.43124000000000001
0.18989200000000001
5.2605300000000002
7.54535
9.6339400000000008
404.24400000000003
500.154
1409.97
4624.8199999999997
4577.4700000000003
611.59299999999996
129.23699999999999
60.845999999999997
61.6723
170.517
211.554
61.113
78.203699999999998
75.584500000000006
89.721500000000006
13253.4
3717.0500000000002
2954.3600000000001
2371.6199999999999
899.59000000000003
1544.4200000000001
1090.5699999999999
319.51100000000002
94.028899999999993
82.844300000000004
129.15799999999999
0.095344999999999999
0.15990499999999999
0.47692600000000002
3399.96
949.04700000000003
377.46499999999997
182.29300000000001
0.042668999999999999
0.013105
0.042028000000000003
0.196551
0.045627000000000001
0.028649000000000001
1580.8499999999999
5831.25
12197.799999999999
4325.6199999999999
9592.8700000000008
3410.6799999999998
3614.52
2830.0100000000002
345.37700000000001
0.13655100000000001
0.057086999999999999
0.128052
0.034542000000000003
0.014859000000000001
0.081242999999999996
0.13134399999999999
0.11018699999999999
9.3813399999999998
5.6900599999999999
383.43599999999998
325.01799999999997
680.35400000000004
337.29300000000001
2008.4100000000001
3037.8200000000002
1437
538.48199999999997
162.28200000000001
93.518199999999993
52.731999999999999
25.123000000000001
56.860100000000003
109.404
89.879800000000003
110.51600000000001
81.728399999999993
426.21699999999998
301.73899999999998
1695.1900000000001
1310.03
1202.47
1285.95
767.85000000000002
462.98000000000002
72.7059
66.295199999999994
38.506799999999998
0.022735999999999999
0.12596399999999999
0.059733000000000001
0.029276
514.42600000000004
215.93299999999999
112.518
0.18773400000000001
0.059249999999999997
0.15942600000000001
0.21720500000000001
0.11501500000000001
978.00300000000004
3067.3000000000002
2866.5
7440.21
4114.1400000000003
8018.9099999999999
1911.6500000000001
3586.79
1501.2
583.49800000000005
0.36193700000000001
0.059506999999999997
0.084352999999999997
0.049486000000000002
0.023102000000000001
0.021552999999999999
0.067002999999999993
0.037461000000000001
10.004300000000001
6.4004700000000003
640.36900000000003
322.48599999999999
709.03700000000003
264.27600000000001
4859.9399999999996
1402.28
599.27300000000002
933.94299999999998
155.11799999999999
0.10585
1.1375599999999999
17.473400000000002
31.465
44.527700000000003
301.89400000000001
44.799700000000001
92.269900000000007
258.43000000000001
412.26600000000002
778.71400000000006
612.04999999999995
1145.9000000000001
1444.8599999999999
1969.1800000000001
560.00699999999995
166.53200000000001
27.354900000000001
0.074324000000000001
0.013605000000000001
0.16436400000000001
0.12789
0.086260000000000003
551.51499999999999
326.34399999999999
170.76599999999999
0.156111
0.066783999999999996
0.057946999999999999
0.024482
387.221
737.37
2171.1700000000001
3231.71
11338.1
4290.54
5734.9399999999996
3197.5500000000002
3522.1399999999999
4035.9299999999998
625.99000000000001
0.45513500000000001
0.112638
0.027906
0.15615699999999999
0.188057
0.111511
0.213615
11.1317
17.499700000000001
630.279
1516.53
417.14499999999998
590.548
212.48699999999999
0.017423000000000001
1205.5699999999999
750.38599999999997
1795.22
178.84700000000001
0.168628
0.13312399999999999
11.644600000000001
59.322000000000003
56.415199999999999
390.15100000000001
52.851999999999997
112.80800000000001
5.0676899999999998
720.221
961.43299999999999
1012.45
1523.9000000000001
561.10299999999995
1980.9200000000001
2017.4000000000001
118.989
0.25743700000000003
0.10913100000000001
0.055129999999999998
0.19731799999999999
0.19534499999999999
0.173843
0.025142999999999999
1134.4300000000001
248.387
768.94000000000005
0.055472
0.017989000000000002
0.011294
446.88999999999999
709.70500000000004
1371.1099999999999
3296.6399999999999
20000
3666.6999999999998
12988.5
2500.4099999999999
4656.7600000000002
4069.8899999999999
0.23469899999999999
0.51942600000000005
1.2029300000000001
0.178532
0.228769
0.12925600000000001
0.19243199999999999
0.15846099999999999
0.55684500000000003
436.334
1030.54
1132.1099999999999
544.28399999999999
238.15299999999999
300.76799999999997
84.176699999999997
802.33799999999997
1365.49
1503.6099999999999
255.25999999999999
0.115425
0.14442199999999999
0.98242300000000005
34.234000000000002
130.22900000000001
147.589
11.836
116.25
8.18337
1414.29
2368.52
2594.6100000000001
3823.0799999999999
832.096
2567.46
779.596
233.86699999999999
220.78399999999999
0.057556000000000003
0.25422800000000001
0.28295399999999998
0.27562399999999998
0.17729200000000001
0.208727
0.045719999999999997
275.22699999999998
718.13699999999994
609.755
77.574399999999997
197.92599999999999
692.74400000000003
656.03300000000002
1780.3699999999999
2256.8400000000001
18423.599999999999
6426.1800000000003
6509.04
2539.75
1661.3900000000001
4287.1499999999996
0.20977399999999999
0.136962
0.36629899999999999
0.237153
0.15847900000000001
0.11959
0.206676
0.41619600000000001
311.15899999999999
1078.47
651.423
1935.9000000000001
1129.49
213.06399999999999
140.89500000000001
105.44
178.45699999999999
225.65299999999999
823.48000000000002
153.44900000000001
466.34399999999999
0.38997500000000002
0.52854000000000001
52.952500000000001
138.268
124.874
33.719999999999999
171.19300000000001
52.743000000000002
123.01000000000001
198.90100000000001
162.678
90.281999999999996
269.70600000000002
275.25
467.37400000000002
72.944500000000005
178.28200000000001
240.923
136.11600000000001
0.19476599999999999
0.122714
0.46183299999999999
0.31323800000000002
0.053919000000000002
214.56100000000001
166.90199999999999
230.047
39.7258
113.434
995.82500000000005
1021.92
888.08799999999997
875.19200000000001
8825.75
8345.4899999999998
11633.1
885.78899999999999
1355.05
9903.1299999999992
0.187773
0.049396000000000002
0.143148
0.25262699999999999
0.33093600000000001
0.075191999999999995
0.21848500000000001
0.34415200000000001
0.23580799999999999
0.15862999999999999
0.070531999999999997
1747.8199999999999
752.74800000000005
507.95100000000002
187.94800000000001
0.58359700000000003
0.21249399999999999
876.90800000000002
600.60400000000004
114.916
150.13200000000001
0.181311
0.166875
64.282499999999999
254.19
91.858400000000003
128.09200000000001
51.701000000000001
55.322600000000001
379.61500000000001
138.011
381.69200000000001
177.54300000000001
196.072
465.36700000000002
328.87299999999999
101.211
50.837299999999999
0.23135700000000001
0.65553700000000004
0.35827300000000001
0.426568
0.272007
1.26451
44.675600000000003
187.35400000000001
95.523200000000003
210.06
134.39099999999999
320.35899999999998
1081.9000000000001
562.05999999999995
462.43799999999999
328.80200000000002
4614.4300000000003
9996.9300000000003
9560.1499999999996
0.112126
0.051161999999999999
0.13269400000000001
0.025118999999999999
0.136325
0.122505
0.082661999999999999
0.15970200000000001
0.019477999999999999
0.10813200000000001
0.27295900000000001
0.237262
0.115175
0.105117
0.50711499999999998
0.012885000000000001
0.217777
0.49882799999999999
5.6314799999999998
1.60667
656.78300000000002
740.822
174.476
93.473500000000001
94.588300000000004
386.48599999999999
137.55199999999999
252.58699999999999
276.44499999999999
268.303
41.456000000000003
46.680399999999999
75.750200000000007
38.525700000000001
232.83199999999999
294.84300000000002
290.07900000000001
412.42099999999999
359.06099999999998
258.38299999999998
102.99299999999999
423.767
0.48594199999999999
0.59487299999999999
0.30510199999999998
0.29512699999999997
56.615299999999998
31.442799999999998
100.816
71.314599999999999
62.352699999999999
112.251
156.44900000000001
764.65599999999995
230.24600000000001
247.77699999999999
327.07100000000003
4286.8400000000001
20000
0.042250999999999997
0.027861
0.042979000000000003
0.054626000000000001
0.0075890000000000003
0.22978000000000001
0.124676
0.231848
0.24085100000000001
0.086257
0.054002000000000001
0.16280900000000001
0.22581799999999999
0.22226699999999999
0.11185299999999999
0.12857299999999999
0.15593099999999999
0.035105999999999998
0.073083999999999996
0.923817
1.2116899999999999
380.18900000000002
276.387
390.87299999999999
151.65100000000001
47.778500000000001
526.40200000000004
276.03399999999999
312.05799999999999
193.61000000000001
175.94900000000001
51.557000000000002
22.3933
103.849
32.755299999999998
96.838099999999997
58.666499999999999
33.320799999999998
243.02000000000001
154.755
299.87900000000002
150.43799999999999
540.11099999999999
754.49099999999999
0.23302400000000001
0.20052600000000001
0.18332000000000001
37.407400000000003
24.781700000000001
35.257100000000001
31.982500000000002
39.601799999999997
102.675
194.44200000000001
481.25900000000001
192.91
99.191599999999994
329.17899999999997
0.184169
0.097615999999999994
0.081162999999999999
0.035762000000000002
0.065485000000000002
0.017541999999999999
0.018433000000000001
0.100316
0.287852
0.314942
0.67974900000000005
0.104541
0.11938799999999999
0.37118899999999999
0.26212800000000003
0.097106999999999999
0.18062700000000001
0.22267600000000001
0.14258799999999999
0.13245899999999999
0.045194999999999999
0.222277
0.47255999999999998
199.93199999999999
385.245
479.81
153.21799999999999
24.633199999999999
28.337399999999999
582.08199999999999
5.2793900000000002
176.773
130.089
111.142
61.976999999999997
116.45699999999999
53.194200000000002
167.57900000000001
56.712800000000001
0.062328000000000001
0.114328
0.11589000000000001
411.06200000000001
190.31399999999999
391.95800000000003
718.44799999999998
146.47999999999999
0.155863
0.18696199999999999
36.627099999999999
94.556799999999996
52.845799999999997
74.458299999999994
53.573399999999999
297.95800000000003
302.25999999999999
311.78399999999999
226.45699999999999
1015.38
0.14307300000000001
0.15069299999999999
0.038979
0.019168999999999999
0.167487
0.035541999999999997
0.026356000000000001
0.026887999999999999
0.97888699999999995
0.29133799999999999
0.42426999999999998
0.394708
0.29173399999999999
0.31747900000000001
0.101925
0.33018500000000001
0.213806
0.37112899999999999
0.49893399999999999
0.12424300000000001
0.065383999999999998
0.037544000000000001
0.158889
0.159834
469.387
270.09500000000003
297.32600000000002
532.17999999999995
371.12700000000001
125.563
35.936700000000002
17.5533
116.639
122.316
148.36199999999999
30.8188
60.221899999999998
65.951400000000007
109.657
0.044756999999999998
0.17471900000000001
0.113952
0.033096
0.58348100000000003
283.97199999999998
503.01299999999998
676.21900000000005
161.892
359.887
0.131186
0.36100100000000002
54.242100000000001
60.162399999999998
219.44499999999999
95.502200000000002
146.28999999999999
189.72900000000001
181.74100000000001
338.77699999999999
1061.99
2039.25
0.078807000000000002
0.032608999999999999
0.27144400000000002
0.99118200000000001
0.028587000000000001
0.15191099999999999
0.029680000000000002
0.21773000000000001
0.52794399999999997
1.22346
0.30294700000000002
0.174313
0.084220000000000003
0.101851
0.25650899999999999
0.17741199999999999
0.159245
0.68194200000000005
0.057702000000000003
58.2027
31.261600000000001
33.494599999999998
514.16700000000003
418.30700000000002
188.25399999999999
262.47399999999999
431.39299999999997
546.42100000000005
65.028599999999997
70.480400000000003
43.6511
182.995
279.75200000000001
119.271
24.4086
4997.8999999999996
2542.5799999999999
2010.78
1207.4100000000001
1203.8099999999999
0.35811399999999999
0.25139699999999998
0.42721999999999999
383.815
407.87299999999999
502.38900000000001
143.46899999999999
335.24299999999999
0.074791999999999997
0.063278000000000001
54.339599999999997
39.777900000000002
187.374
91.422499999999999
229.68199999999999
214.20699999999999
265.04199999999997
0.067026000000000002
0.043432999999999999
0.028729000000000001
0.053353999999999999
0.21441499999999999
0.228018
0.21038100000000001
0.077912999999999996
0.13314300000000001
0.033445999999999997
0.036760000000000001
0.13628499999999999
1.3284100000000001
0.486008
0.22592100000000001
0.079665
0.039038000000000003
0.071072999999999997
0.049984000000000001
0.057616000000000001
0.468472
115.09399999999999
337.95600000000002
187.41300000000001
254.28
186.29300000000001
325.22300000000001
445.608
242.54400000000001
975.30499999999995
707.13099999999997
169.184
111.989
1515.27
185.059
221.39599999999999
97.6601
2009
1822.01
2767.4299999999998
1790.5
1071.96
0.40589199999999998
0.29802699999999999
0.38579000000000002
0.28764000000000001
0.42796699999999999
167.54599999999999
537.53800000000001
131.81800000000001
165.374
0.060276999999999997
56.173999999999999
29.4374
37.570500000000003
223.23099999999999
121.295
251.04300000000001
259.601
229.13300000000001
831.08399999999995
0.027032
0.014749
0.054012999999999999
0.055370999999999997
2102.4299999999998
3096.96
0.112987
0.11218
0.032923000000000001
0.40296700000000002
0.31398500000000001
1.00444
0.36090899999999998
0.10721899999999999
0.058963000000000002
0.033849999999999998
0.063622999999999999
0.064356999999999998
39.421599999999998
13.6736
119.8
143.80199999999999
29.084299999999999
339.18000000000001
240.25700000000001
383.483
466.97399999999999
221.28399999999999
876.37
596.19500000000005
288.86599999999999
191.78299999999999
1121.6199999999999
689.202
439.61799999999999
209.84899999999999
1241.7
1741.2
1735.47
2420.6700000000001
0.154311
0.073205999999999993
0.10960499999999999
0.11865199999999999
0.077045000000000002
103.85299999999999
168.154
184.25
61.931899999999999
126.73699999999999
0.219579
21.938099999999999
26.9742
37.972900000000003
96.497200000000007
133.06
337.63799999999998
294.51999999999998
391.77600000000001
465.81799999999998
732.59799999999996
1372.73
256.97800000000001
408.74599999999998
1002.84
2446.9499999999998
1316.0999999999999
213.541
0.16059799999999999
0.727132
0.339005
0.074258000000000005
0.26069399999999998
0.114969
0.13819100000000001
58.412599999999998
15.798999999999999
41.296999999999997
40.328699999999998
21.176500000000001
68.266099999999994
171.27500000000001
72.367500000000007
806.59400000000005
1222.04
2574.8600000000001
1882.98
2452.6500000000001
1633.51
805.44000000000005
619.89999999999998
502.291
520.42100000000005
853.36800000000005
849.34900000000005
984.03399999999999
717.91800000000001
785.98199999999997
1214.3599999999999
196.75
0.081008999999999998
0.094206999999999999
0.1714
0.16852200000000001
0.065645999999999996
0.144376
80.479799999999997
171.72499999999999
43.380200000000002
99.431100000000001
16.7866
9.5460700000000003
147.82300000000001
167.84800000000001
326.904
408.77499999999998
1490.49
368.89499999999998
127.09
370.63799999999998
338.61099999999999
987.98500000000001
0.019809
0.025576000000000002
0.047425000000000002
0.0051409999999999997
0.024924000000000002
0.027205
0.265013
0.37641000000000002
0.32342100000000001
0.459285
0.15226899999999999
0.29363
0.085287000000000002
0.33081700000000003
37.253
21.273
21.732900000000001
11.4316
22.386600000000001
135.92099999999999
87.064499999999995
490.03199999999998
2603.7600000000002
4104.6400000000003
1275.8099999999999
2719.6999999999998
1561.79
1601.01
823.09299999999996
367.70699999999999
354.31700000000001
203.392
559.62
277.238
1081.8199999999999
831.62699999999995
87.649199999999993
167
49.907899999999998
0.11108899999999999
0.22037799999999999
0.15068999999999999
0.109412
0.14255899999999999
93.900099999999995
81.639700000000005
86.545100000000005
47.671199999999999
47.439300000000003
310.29300000000001
215.06999999999999
80.472899999999996
242.53899999999999
124.413
318.697
648.52599999999995
152.023
0.05373
0.042719
0.16331899999999999
0.32639699999999999
0.067872000000000002
0.039140000000000001
0.028608999999999999
0.0050049999999999999
0.017642000000000001
0.087697999999999998
0.68329499999999999
0.50883100000000003
0.103551
0.31652999999999998
0.65632699999999999
0.195189
31.800000000000001
34.632899999999999
28.6965
19.543800000000001
13.758599999999999
25.767399999999999
60.304600000000001
81.234200000000001
901.61500000000001
3968.6100000000001
7437.6899999999996
1530.1400000000001
1035.9300000000001
865.56600000000003
1210.24
1030.5799999999999
815.399
418.887
277.31900000000002
444.91199999999998
412.87900000000002
133.614
107.187
62.159100000000002
59.441800000000001
43.606900000000003
0.077499999999999999
0.28496700000000003
209.18100000000001
95.326400000000007
158.06999999999999
98.272499999999994
13.715999999999999
19.645299999999999
82.616
65.757000000000005
16.930099999999999
28.945799999999998
22.715399999999999
14.1676
100.63200000000001
0.064714999999999995
0.079362000000000002
0.178733
0.024670000000000001
0.022771
0.081463999999999995
0.122645
0.032912999999999998
0.034411999999999998
0.019598999999999998
0.0078370000000000002
0.021815000000000001
0.030772999999999998
0.75987099999999996
1.15666
0.69011100000000003
0.40067700000000001
0.58182800000000001
0.137851
0.16422900000000001
19.355
55.876300000000001
31.1206
9.7986699999999995
15.242100000000001
50.6051
43.888199999999998
71.786799999999999
106.126
1507.1400000000001
1167.3599999999999
681.34100000000001
422.50799999999998
534.28800000000001
2278.8800000000001
784.21699999999998
371.03800000000001
257.31200000000001
361.80099999999999
0.162499
170.261
67.683800000000005
32.791499999999999
58.2254
55.355499999999999
7.72464
0.144785
104.402
84.1173
129.88999999999999
39.411999999999999
19.791599999999999
13.366400000000001
57.572600000000001
75.365700000000004
7.8422200000000002
28.888100000000001
13.3582
15.622
72.183599999999998
0.27970499999999998
0.061085
0.120987
0.044894999999999997
0.020559000000000001
0.023730999999999999
0.027747999999999998
0.045952
0.032356000000000003
0.036042999999999999
0.0097610000000000006
0.058263000000000002
0.022724000000000001
0.15784500000000001
0.85929900000000004
1.66106
0.56082500000000002
0.15798699999999999
0.20463400000000001
0.19442300000000001
1.08063
38.384900000000002
36.5535
11.8066
23.822099999999999
93.071700000000007
50.724899999999998
35.528399999999998
163.30199999999999
2064.1199999999999
154.714
243.59399999999999
339.99799999999999
5610.3500000000004
2057.9400000000001
842.14499999999998
325.904
714.41700000000003
0.094034999999999994
0.185415
0.088701000000000002
35.317900000000002
66.475399999999993
159.953
18.565200000000001
16.327999999999999
108.965
104.84099999999999
31.4575
0.043721999999999997
43.063899999999997
34.978099999999998
20.413
38.222999999999999
62.926699999999997
13.361000000000001
19.281500000000001
10.3308
16.969799999999999
1.13171
0.96608799999999995
0.16874700000000001
0.080218999999999999
0.043996
0.077452999999999994
0.028672
0.029569999999999999
0.10825
0.103496
0.034006000000000002
0.053151999999999998
0.042387000000000001
0.073529999999999998
0.22685
0.36589500000000003
0.61540099999999998
0.35239700000000002
0.117718
0.24932599999999999
0.55310800000000004
0.50094300000000003
79.896799999999999
43.630800000000001
22.891500000000001
16.306899999999999
56.1464
73.657300000000006
81.766900000000007
161.47300000000001
650.30399999999997
106.63200000000001
78.641999999999996
3305.9299999999998
1073.5999999999999
710.84699999999998
1055.5899999999999
453.14800000000002
0.18463399999999999
0.116676
0.066642000000000007
0.141627
10.719900000000001
28.6294
110.813
34.665900000000001
68.0261
94.625500000000002
63.386400000000002
0.01359
485.96899999999999
600.19899999999996
16.605499999999999
18.100899999999999
25.1038
62.076500000000003
623.60400000000004
24.779199999999999
31.060400000000001
12.659599999999999
1565.6199999999999
255.34
135.47900000000001
0.085581000000000004
0.26985999999999999
0.17161399999999999
0.025177000000000001
0.037977999999999998
0.099060999999999996
0.07077
0.13950299999999999
0.016966999999999999
0.082817000000000002
0.037067000000000003
0.40454899999999999
0.132465
0.40515299999999999
0.65443399999999996
0.95158600000000004
0.39704699999999998
0.098371
0.27983799999999998
64.431600000000003
522.91300000000001
225.631
20.863700000000001
38.105600000000003
93.709100000000007
89.715299999999999
505.78500000000003
260.947
71.967600000000004
40.619199999999999
2331.0500000000002
385.22300000000001
406.11399999999998
589.07299999999998
0.102407
0.080359
0.044436999999999997
0.16919799999999999
0.068614999999999995
0.095204999999999998
25.742799999999999
71.465100000000007
8.7766199999999994
69.890000000000001
45.750500000000002
0.15149899999999999
1882.76
407.03500000000003
690.85400000000004
151.233
20.065899999999999
22.1919
48.772300000000001
342.15800000000002
34.520600000000002
56.506100000000004
19.7684
857.55100000000004
639.745
169.654
0.099402000000000004
683.47199999999998
0.26140400000000003
0.081050999999999998
0.02477
0.037909999999999999
0.051171000000000001
0.055042000000000001
0.43628099999999997
0.13469500000000001
0.15864400000000001
0.84073500000000001
0.162995
0.129467
0.26474399999999998
0.22902800000000001
0.103183
0.30698500000000001
0.076881000000000005
0.10217
199.30000000000001
249.99000000000001
277.32999999999998
213.131
171.83199999999999
130.70500000000001
450.78100000000001
225.03299999999999
86.269199999999998
71.443799999999996
1240.23
587.93700000000001
524.78200000000004
46.539400000000001
20.964400000000001
0.121249
0.252
0.148478
0.025316000000000002
0.053672999999999998
19.910900000000002
41.610199999999999
55.387599999999999
48.494500000000002
116.44499999999999
148.59899999999999
1243.95
781.46799999999996
695.11800000000005
111.34999999999999
214.542
19.340499999999999
99.569000000000003
343.178
208.59200000000001
417.536
1313.4300000000001
321.67599999999999
321.53399999999999
506.21600000000001
3155.9000000000001
0.28372700000000001
0.363311
0.209317
0.061838999999999998
0.057152000000000001
0.106625
0.27039099999999999
0.094292000000000001
0.19505900000000001
0.13484699999999999
1.2166699999999999
0.286271
0.54741499999999998
0.494029
0.044194999999999998
0.71743500000000004
0.38242999999999999
0.031580999999999998
0.28948200000000002
0.016531000000000001
147.916
199.74100000000001
161.38999999999999
363.28300000000002
242.76900000000001
605.37699999999995
633.56799999999998
178.66200000000001
66.459599999999995
106.98699999999999
414.09899999999999
513.23699999999997
24.933299999999999
32.883400000000002
24.443200000000001
0.109019
0.38500499999999999
0.098504999999999995
0.234707
29.606000000000002
33.572200000000002
43.362499999999997
21.2624
286.584
145.45599999999999
2737.5900000000001
2190.25
525.25999999999999
166.11799999999999
120.913
149.05000000000001
25.641500000000001
109.09699999999999
187.25999999999999
586.07100000000003
482.64100000000002
507.08800000000002
299.77699999999999
1364.8699999999999
1432.6700000000001
1367.95
255.92400000000001
0.038266000000000001
0.106993
0.047625000000000001
0.027245999999999999
0.054991999999999999
0.12522800000000001
1.18594
0.58387199999999995
0.24667800000000001
0.114361
0.46584999999999999
0.36598199999999997
0.041870999999999998
0.249696
0.12953100000000001
0.084899000000000002
0.029766999999999998
0.032279000000000002
0.017516
444.42200000000003
160.953
339.91699999999997
726.87199999999996
175.315
946.63199999999995
92.879099999999994
75.236099999999993
290.63499999999999
164.01400000000001
255.369
446.58100000000002
15.651300000000001
23.872699999999998
43.811500000000002
0.064117999999999994
0.18589
0.18568799999999999
24.273900000000001
86.448400000000007
60.5291
23.451599999999999
52.227400000000003
204.929
151.989
1516.54
858.42600000000004
234.136
184.87299999999999
114.092
64.906899999999993
86.803700000000006
130.99000000000001
55.2943
731.65800000000002
114.492
369.57400000000001
695.947
1468.01
2561.5999999999999
0.10663300000000001
0.22168199999999999
0.172427
0.015514999999999999
0.0092580000000000006
0.057264000000000002
0.029978999999999999
0.21124699999999999
1.07548
0.64267799999999997
0.092807000000000001
0.28491499999999997
0.35987000000000002
0.33725699999999997
0.31946799999999997
0.10985499999999999
0.17335900000000001
0.077035000000000006
0.078286999999999995
0.057472000000000002
0.088261000000000006
102.79600000000001
223.46600000000001
218.46199999999999
402.73599999999999
389.37099999999998
286.43799999999999
189.078
229.934
168.84
269.83300000000003
742.17600000000004
288.73000000000002
257.30399999999997
28.071100000000001
81.605000000000004
0.71928099999999995
64.043800000000005
54.127099999999999
73.201400000000007
87.6571
36.902200000000001
65.582499999999996
35.942
50.566899999999997
126.547
728.50599999999997
252.99199999999999
194.565
158.148
177.66499999999999
19.451799999999999
62.253100000000003
87.651700000000005
374.70299999999997
796.09500000000003
0.052699000000000003
555.92399999999998
661.87
1232.8499999999999
11446.6
0.083680000000000004
0.073074
0.014838
0.0085360000000000002
0.188863
0.12988
0.17069400000000001
0.051048000000000003
0.018099000000000001
0.11369700000000001
0.102522
0.37586599999999998
0.10557
0.26932099999999998
0.071619000000000002
0.257683
0.50389200000000001
0.074052999999999994
0.068113999999999994
0.17454800000000001
0.066906999999999994
394.911
262.95299999999997
428.351
266.15899999999999
268.70699999999999
378.29300000000001
163.14500000000001
53.686999999999998
132.363
951.09400000000005
256.97800000000001
223.86099999999999
22.0839
94.883799999999994
26.590499999999999
61.772500000000001
175.34399999999999
364.15699999999998
203.88800000000001
22.4636
40.246899999999997
5.9742899999999999
65.1023
75.769499999999994
254.41499999999999
100.66500000000001
144.06999999999999
114.90300000000001
217.16200000000001
0.56248799999999999
0.41329199999999999
0.22589600000000001
351.74599999999998
1149.02
649.82299999999998
1367.54
935.48599999999999
1491.54
6788.9799999999996
7521.6099999999997
0.068498000000000003
0.016434000000000001
0.015956000000000001
0.16420699999999999
0.18158299999999999
0.113535
0.074547000000000002
0.023362999999999998
0.15032300000000001
0.27919100000000002
0.112662
0.061614000000000002
0.168964
0.029850999999999999
0.046016000000000001
0.109824
0.12192799999999999
0.213003
0.21571899999999999
0.16656399999999999
0.015897000000000001
233.41800000000001
395.37700000000001
316.37599999999998
438.44499999999999
396.29300000000001
69.575999999999993
51.271999999999998
5116.0699999999997
1079.8900000000001
136.14699999999999
206.54499999999999
63.315800000000003
19.650700000000001
29.110499999999998
116.616
189.91399999999999
451.56200000000001
1173.4100000000001
7.08141
7.7813600000000003
10.888500000000001
44.225299999999997
85.328900000000004
28.1129
281.41699999999997
124.038
90.453100000000006
468.334
727.63300000000004
0.060172000000000003
0.048030999999999997
0.121696
1629.6400000000001
415.38900000000001
643.40700000000004
501.928
3118.8899999999999
3984.3800000000001
9000.8500000000004
3108.48
5384.1599999999999
0.012248999999999999
0.028296000000000002
0.066295999999999994
0.098519999999999996
0.056956
0.36202099999999998
0.089186000000000001
0.56823800000000002
0.137577
0.185863
0.32647399999999999
0.22745599999999999
0.288632
867.80700000000002
672.06500000000005
153.904
157.74000000000001
996.75800000000004
718.87800000000004
355.73399999999998
287.82799999999997
432.947
514.69200000000001
697.47199999999998
165.38399999999999
1961.0699999999999
6427.3199999999997
953.255
181.297
192.46799999999999
185.874
93.114999999999995
53.999099999999999
132.78200000000001
444.06799999999998
501.62400000000002
0.19528999999999999
17.397200000000002
13.736800000000001
6.2687299999999997
23.031500000000001
87.889600000000002
43.023400000000002
0.17698
0.054110999999999999
176.886
195.15799999999999
414.74900000000002
981.30899999999997
0.100163
0.23469300000000001
0.202596
420.59500000000003
438.16899999999998
506.96699999999998
1552.51
6982.7299999999996
6223.54
5635.7799999999997
4188.1099999999997
8907.8400000000001
0.11429
0.083747000000000002
0.40576899999999999
0.047566999999999998
0.21396200000000001
0.15265100000000001
0.25522499999999998
0.65592899999999998
2945.9400000000001
3280.75
2079.1199999999999
2730.3299999999999
291.83800000000002
729.51900000000001
230.274
175.95599999999999
1049.9300000000001
46.001600000000003
361.435
158.72200000000001
444.584
473.459
997.59699999999998
42.651600000000002
1465.5699999999999
3025.79
933.899
236.63800000000001
401.85000000000002
152.28200000000001
68.295299999999997
33.332799999999999
155.922
358.238
763.57399999999996
0.023096999999999999
26.0642
9.1499799999999993
23.2424
21.709499999999998
29.263500000000001
35.088900000000002
0.068919999999999995
0.041820999999999997
0.019879000000000001
273.41000000000003
542.29100000000005
770.76900000000001
950.45500000000004
0.21233099999999999
0.050668999999999999
0.12776199999999999
507.89499999999998
613.41600000000005
2739.0100000000002
383.57100000000003
4604.3100000000004
1453.5599999999999
4508.9300000000003
4107.9700000000003
11235.799999999999
0.31974900000000001
0.104715
0.078482999999999997
0.19500799999999999
155.15700000000001
268.21699999999998
232.58799999999999
2362.6999999999998
2061.1999999999998
1721.9200000000001
3206.5799999999999
401.72000000000003
493.69900000000001
281.887
124.005
383.34500000000003
37.736400000000003
97.954700000000003
37.599200000000003
255.50399999999999
829.03399999999999
1038.52
33.932200000000002
27.799199999999999
949.24699999999996
1133.6700000000001
275.84500000000003
429.49000000000001
128.84999999999999
84.2072
13.8794
100.91800000000001
387.048
1016.13
0.074309
0.016331999999999999
15.0845
38.023800000000001
63.647799999999997
41.9621
32.052199999999999
27.133700000000001
0.047091000000000001
0.030315999999999999
1150.97
839.90499999999997
623.495
406.95600000000002
184.93000000000001
0.13793900000000001
0.10732
0.117728
835.36500000000001
892.202
386.12799999999999
167.01599999999999
751.86800000000005
3759.4699999999998
11104.700000000001
6321.3599999999997
2682.3000000000002
0.59664499999999998
0.29406399999999999
0.25407400000000002
173.523
201.41
387.00299999999999
2588.5799999999999
931.43600000000004
1313.0599999999999
2640.8699999999999
750.77800000000002
1108.6600000000001
0.448098
0.17132500000000001
44.2667
31.585000000000001
61.032299999999999
66.347899999999996
443.41500000000002
414.39499999999998
333.24299999999999
338.55200000000002
177.24100000000001
547.19200000000001
894.39400000000001
1288.0599999999999
973.25599999999997
618.99199999999996
51.417999999999999
14.970499999999999
68.168999999999997
102.56699999999999
0.14503099999999999
0.032585999999999997
0.19862099999999999
37.624099999999999
52.867199999999997
43.2104
59.958300000000001
20.7745
44.314599999999999
0.035466999999999999
0.060498999999999997
0.039671999999999999
1133.6300000000001
2794.3499999999999
288.976
173.97399999999999
187.50899999999999
0.059130000000000002
0.078785999999999995
667.42100000000005
489.02699999999999
452.81900000000002
425.82999999999998
1040.75
4808.4899999999998
5528.54
4044.5300000000002
6820.0900000000001
0.069316000000000003
0.022051999999999999
0.43275799999999998
105.17
102.027
161.13999999999999
2239.1799999999998
1178.9100000000001
1557.52
0.104712
0.055618000000000001
0.028385000000000001
0.043735999999999997
0.087292999999999996
33.320300000000003
42.683300000000003
54.170200000000001
35.282499999999999
39.170699999999997
659.11099999999999
795.26900000000001
591.452
167.727
350.52499999999998
921.52300000000002
1998.6099999999999
637.08199999999999
865.74800000000005
59.000900000000001
7394.54
3600.9699999999998
528.12
0.086778999999999995
0.222276
0.064045000000000005
0.19037799999999999
0.189275
48.5289
44.679299999999998
16.665299999999998
95.179900000000004
339.61099999999999
0.048377999999999997
2650.9899999999998
2927.4400000000001
4083.0900000000001
0.079552999999999999
382.27499999999998
362.97199999999998
755.18600000000004
0.21626500000000001
332.04899999999998
539.55100000000004
578.83900000000006
289.54399999999998
805.02599999999995
3373.2600000000002
2225.3000000000002
5046.25
6810.9700000000003
0.14793100000000001
0.043859000000000002
0.12737100000000001
0.142902
169.35300000000001
249.33600000000001
776.88599999999997
1320.05
607.35199999999998
0.033444000000000002
0.050424999999999998
0.1143
0.069310999999999998
13.712999999999999
24.137799999999999
94.434700000000007
41.153300000000002
0.039394999999999999
56.239699999999999
33.957000000000001
21.976900000000001
412.63799999999998
118.46599999999999
275.81599999999997
837.18200000000002
1364.03
512.32799999999997
60.648699999999998
124.73699999999999
7081.1199999999999
2097.6799999999998
530.41499999999996
0.073321999999999998
0.102673
0.033714000000000001
0.10441300000000001
0.29470099999999999
0.092743000000000006
56.256
31.108000000000001
370.54700000000003
478.65899999999999
462.99900000000002
4099.4099999999999
7715.0500000000002
2587.29
1379.6400000000001
168.017
802.71799999999996
843.55899999999997
474.31599999999997
268.98099999999999
497.17099999999999
474.28500000000003
181.458
60.133899999999997
1773.3199999999999
1881.1099999999999
4610.71
4242.9499999999998
0.11527800000000001
0.31820700000000002
0.33807700000000002
0.27205600000000002
0.123566
153.53
451.75400000000002
539.89999999999998
482.21300000000002
0.057648999999999999
0.023281
0.084254999999999997
14.206099999999999
18.522400000000001
32.537599999999998
48.0169
58.250999999999998
38.383899999999997
33.712000000000003
56.722900000000003
836.99800000000005
391.57100000000003
203.852
192.459
753.69100000000003
976.80999999999995
424.80799999999999
582.61199999999997
2322.5
8633.2600000000002
1092.9300000000001
0.048652000000000001
0.11977599999999999
0.057534000000000002
0.13417699999999999
0.18410899999999999
0.94275100000000001
143.55199999999999
114.27800000000001
100.133
57.624200000000002
70.056899999999999
3026.3499999999999
5323.79
2478.8299999999999
1511.8
250.16399999999999
229.77199999999999
65.512200000000007
459.06
369.01499999999999
579.05200000000002
389.71800000000002
420.404
339.113
63.790500000000002
966.44399999999996
3316.3600000000001
0.053496000000000002
0.14058599999999999
0.047175000000000002
0.058962000000000001
0.284611
0.065757999999999997
0.110017
0.186642
671.19600000000003
351.13099999999997
503.86700000000002
1147.8099999999999
246.44499999999999
0.031168999999999999
25.685099999999998
26.773800000000001
119.13200000000001
40.878399999999999
35.584200000000003
16.758800000000001
15.1515
1829.27
2507.7800000000002
1082.75
147.00800000000001
257.47500000000002
612.42999999999995
391.072
293.50999999999999
228.11799999999999
212.62200000000001
2285.29
580.93200000000002
0.080795000000000006
0.030210000000000001
19.4163
88.075400000000002
52.729700000000001
173.78999999999999
99.442099999999996
115.845
138.19
82.110500000000002
100.13200000000001
114.923
339.29300000000001
569.43399999999997
198.01900000000001
219.42599999999999
73.953199999999995
119.47
437.745
382.00900000000001
511.44299999999998
420.68299999999999
671.90200000000004
378.303
53.708199999999998
0.096921999999999994
0.122512
0.022328000000000001
0.111579
0.25806699999999999
0.34616000000000002
0.10285
0.059163
0.190745
0.095493999999999996
0.061768999999999998
266.411
355.55399999999997
1787.26
194.989
327.50200000000001
0.058222000000000003
31.951000000000001
113.824
29.695499999999999
84.865300000000005
31.687799999999999
18.394300000000001
1760.23
1446.9200000000001
650.52800000000002
267.245
346.18900000000002
286.26600000000002
63.900700000000001
216.34399999999999
474.64600000000002
143.07900000000001
26.255800000000001
58.856999999999999
18.158799999999999
34.744700000000002
31.482299999999999
187.26599999999999
119.741
105.00700000000001
90.915899999999993
244.50800000000001
339.892
100.29600000000001
199.035
94.739900000000006
138.697
363.78800000000001
757.43100000000004
645.34000000000003
0.069760000000000003
572.16800000000001
2980.96
589.85900000000004
1145.0599999999999
1008.9400000000001
1010.77
309.79000000000002
34.498899999999999
0.16384399999999999
0.260828
0.058764999999999998
0.078661999999999996
0.048601999999999999
0.35967300000000002
0.025170999999999999
0.084083000000000005
0.12723200000000001
0.092251
0.043271999999999998
0.018353000000000001
0.058890999999999999
815.58600000000001
349.851
61.707799999999999
60.672199999999997
51.457500000000003
106.015
78.433999999999997
36.612000000000002
22.6402
37.549700000000001
1693.4200000000001
2404.0300000000002
3561.3400000000001
919.84799999999996
212.953
488.29199999999997
56.614400000000003
162.54400000000001
254.70500000000001
84.423500000000004
36.777999999999999
37.716500000000003
8.6052700000000009
44.240699999999997
18.682700000000001
108.895
145.40899999999999
101.60599999999999
88.671199999999999
232.12299999999999
463.93900000000002
0.135237
0.21002199999999999
947.25800000000004
532.09299999999996
351.54599999999999
328.10000000000002
1003.11
579.04700000000003
2739.5900000000001
2305.6199999999999
737.46000000000004
3950.6799999999998
582.86400000000003
1021.92
263.505
0.063835000000000003
0.70424500000000001
0.15312500000000001
0.064532999999999993
0.047264
0.091877
0.25409199999999998
0.30858799999999997
0.076807
0.12438
0.131462
0.045353999999999998
0.089540999999999996
0.12821399999999999
127.447
25.723199999999999
96.240700000000004
82.919200000000004
211.49299999999999
192.983
32.459600000000002
42.231200000000001
109.96899999999999
116.602
1878.8800000000001
3521.96
3523.3899999999999
690.06899999999996
255.36500000000001
355.06999999999999
77.143000000000001
141.81700000000001
82.357699999999994
87.433999999999997
319.64999999999998
22.6114
7.0896100000000004
27.591799999999999
21.410299999999999
0.055178999999999999
0.067246
0.15167700000000001
0.34372999999999998
0.441245
0.53107899999999997
0.160056
0.73443099999999994
0.159771
0.28232200000000002
294.33600000000001
333.70800000000003
429.89699999999999
140.881
1019.59
2564.21
1018.95
2534.1599999999999
1444.1500000000001
0.11071
0.069004999999999997
0.060083999999999999
0.068793999999999994
0.25927899999999998
0.090512999999999996
0.31589600000000001
0.36742399999999997
0.453961
0.23792199999999999
0.148811
0.15779799999999999
0.065197000000000005
993.90999999999997
1112.3199999999999
622.37900000000002
74.208299999999994
44.1004
64.4114
67.295000000000002
120.41
246.49600000000001
155.232
93.287300000000002
113.05800000000001
1371.47
1994.9000000000001
6521.8000000000002
5323.6099999999997
1516.24
692.53999999999996
12090.299999999999
95.183999999999997
71.883899999999997
68.091999999999999
102.628
211.191
34.8476
11.546200000000001
30.2028
0.13717099999999999
0.091165999999999997
0.079228999999999994
0.29179300000000002
1.3766400000000001
0.30860599999999999
0.078183000000000002
0.237093
0.83200200000000002
0.28112999999999999
0.071199999999999999
0.19139200000000001
371.67399999999998
1786.5599999999999
2236.8000000000002
822.55799999999999
2145.3899999999999
1925.0999999999999
2313.1799999999998
732.529
0.063570000000000002
0.071043999999999996
0.037823000000000002
0.022860999999999999
0.068357000000000001
0.15758
0.50368999999999997
0.38812099999999999
0.13523099999999999
0.116101
0.125443
0.26789099999999999
0.113507
0.064591999999999997
3497.3699999999999
1106.45
212.53800000000001
58.111199999999997
165.58600000000001
49.098799999999997
0.028537
137.65100000000001
98.808999999999997
109.42700000000001
78.9114
727.57899999999995
2390.98
945.03099999999995
1930.4100000000001
1730.72
547.45699999999999
9801.2999999999993
100.553
87.194299999999998
115.664
112.39
205.845
67.491500000000002
6.4149399999999996
24.088100000000001
0.423149
0.098981
0.44337199999999999
0.210345
0.41913600000000001
0.31240600000000002
0.21885499999999999
0.39118199999999997
2.53281
1.3932500000000001
0.35807800000000001
0.37967600000000001
0.69197200000000003
672.07000000000005
470.73599999999999
1312.8699999999999
1348.22
2064.5799999999999
0.122228
0.065389000000000003
0.17996400000000001
0.053435000000000003
0.019383999999999998
0.074904999999999999
0.073010000000000005
0.130163
0.070197999999999997
0.16064899999999999
0.22617499999999999
0.13705999999999999
0.057190999999999999
0.079811000000000007
0.035991000000000002
0.21656800000000001
2377.7800000000002
1498.48
406.25
99.480900000000005
131.80199999999999
112.746
73.503600000000006
168.875
112.726
129.48400000000001
107.614
381.84500000000003
577.60299999999995
652.00300000000004
1363.4100000000001
1198.02
78.350300000000004
24.904699999999998
239.56899999999999
244.29400000000001
121.283
203.398
396.423
103.093
389.25900000000001
18.061499999999999
0.14202300000000001
0.17944199999999999
0.503278
1.15479
0.63184899999999999
0.95910200000000001
0.26980900000000002
0.54417599999999999
1.0638399999999999
0.99685500000000005
0.86631800000000003
0.29818800000000001
0.27298499999999998
0.26543899999999998
514.02499999999998
213.84999999999999
78.601500000000001
40.8386
54.902500000000003
31.688600000000001
0.014499
0.022751
0.030702
0.051562999999999998
0.108933
0.16419300000000001
0.097842999999999999
0.341393
0.41959000000000002
0.121597
0.099814
0.13258400000000001
0.0063309999999999998
6824.3100000000004
2893.4299999999998
1461.02
619.827
322.709
166.46299999999999
65.797300000000007
42.265599999999999
87.621099999999998
42.196300000000001
233.73500000000001
161.964
309.86000000000001
220.63
391.01799999999997
332.02499999999998
1038.3800000000001
67.618300000000005
27.7897
206.809
128.83000000000001
42.583599999999997
162.374
161.321
64.039900000000003
223.22
27.787099999999999
110.322
348.10399999999998
0.79064400000000001
0.56300300000000003
0.15856300000000001
0.35594900000000002
0.11964900000000001
0.27412300000000001
0.30773200000000001
0.125552
0.171405
0.34336499999999998
0.44395099999999998
0.039482999999999997
0.019143
110.11
103.5
20.249099999999999
74.863399999999999
55.854799999999997
0.036728999999999998
0.078198000000000004
0.119102
0.060456000000000003
0.080336000000000005
0.40856900000000002
0.25339600000000001
0.27519100000000002
0.13822999999999999
0.11408699999999999
0.19184300000000001
0.023677
9987.4200000000001
5743.0600000000004
2417.6999999999998
2408.8400000000001
1022.64
90.6023
131.131
0.25419399999999998
0.089962
0.036382999999999999
0.023536000000000001
133.47999999999999
0.12997
200.898
198.798
195.376
203.726
1329.3499999999999
136.73099999999999
3.2544200000000001
100.544
171.81
82.206199999999995
79.778800000000004
120.646
162.04400000000001
78.613799999999998
29.788499999999999
123.738
351.084
137.11600000000001
0.224716
0.19897699999999999
0.084462999999999996
0.076008000000000006
0.30292999999999998
0.226687
523.66899999999998
0.114234
0.30368000000000001
0.15498000000000001
0.075440999999999994
0.044162
0.045051000000000001
29.018799999999999
31.719000000000001
164.55600000000001
67.159199999999998
364.72199999999998
0.071330000000000005
0.031648000000000003
0.086773000000000003
0.25204300000000002
0.037734999999999998
0.414663
0.33219300000000002
0.484371
0.16565299999999999
0.035097000000000003
0.117886
13346.4
5081.8100000000004
2296.5500000000002
421.57299999999998
1176.3199999999999
0.21781900000000001
0.052328
0.073236999999999997
253.227
193.45099999999999
257.91800000000001
878.26700000000005
1366.1500000000001
81.463700000000003
176.15100000000001
129.529
696.16800000000001
1523.77
101.375
41.067799999999998
87.946100000000001
103.57599999999999
79.0381
131.91200000000001
82.710300000000004
0.0344
64.263400000000004
19.482199999999999
70.714799999999997
173.31899999999999
39.360700000000001
19.019500000000001
0.23344200000000001
0.123505
0.090588000000000002
0.145649
842.49099999999999
2233.4699999999998
2047.3099999999999
650.18899999999996
3948.9000000000001
2878.4000000000001
0.110593
0.084639000000000006
60.383899999999997
45.330599999999997
230.99700000000001
82.225800000000007
338.87900000000002
475.91500000000002
0.064380000000000007
0.19991600000000001
0.23594699999999999
0.45188299999999998
0.153116
0.093043000000000001
0.023657999999999998
0.21186199999999999
0.066103999999999996
0.067849999999999994
0.068927000000000002
2777.5700000000002
3349.73
412.56099999999998
0.082224000000000005
385.56700000000001
538.59100000000001
265.94299999999998
430.74000000000001
394.02999999999997
184.17599999999999
380.149
29.424600000000002
90.674700000000001
112.06699999999999
64.501000000000005
233.54400000000001
1050.23
42.926299999999998
33.790500000000002
71.682699999999997
194.458
77.370500000000007
173.72800000000001
1672.05
0.090166999999999997
0.148643
17.131599999999999
89.950100000000006
175.83199999999999
27.6569
42.435699999999997
22.0154
16.956600000000002
0.17730699999999999
0.097702999999999998
1826.27
3513.0999999999999
2453.5700000000002
1192.5599999999999
1841.3599999999999
4844.04
1436.6700000000001
968.82600000000002
0.080739000000000005
43.424100000000003
186.95500000000001
130.572
433.779
270.19600000000003
419.83199999999999
0.178092
0.91940299999999997
0.36099599999999998
0.073987999999999998
0.19120899999999999
0.10313799999999999
0.99522600000000006
0.122811
0.29503600000000002
337.459
4311.9200000000001
2586.23
893.31100000000004
1026.9300000000001
823.76199999999994
313.09500000000003
273.55700000000002
590.90899999999999
536.01599999999996
273.11200000000002
460.29500000000002
15.1852
128.59299999999999
125.524
127.771
136.089
78.173500000000004
67.580299999999994
32.774900000000002
30.525600000000001
60.173900000000003
30.124099999999999
143.49100000000001
1090.4100000000001
2360.2600000000002
0.14210100000000001
0.45815
0.30031600000000003
134.571
31.3644
34.878799999999998
23.4498
12.6547
5.0244499999999999
0.083201999999999998
0.0264
987.01900000000001
5364.1700000000001
1277.1600000000001
1765.3900000000001
1531.46
1015.5
0.104452
0.113515
0.019726
187.51300000000001
144.321
290.48099999999999
202.93799999999999
251.678
0.099631999999999998
0.28435500000000002
0.11880499999999999
0.81661600000000001
0.10301299999999999
0.118148
538.84799999999996
628.077
383.46100000000001
781.64099999999996
1459.0699999999999
1371.8399999999999
708.024
508.62099999999998
2139.46
201.71600000000001
102.39
559.36300000000006
400.43799999999999
243.25700000000001
379.44400000000002
17.4102
57.7742
237.661
134.08099999999999
59.319099999999999
64.849100000000007
32.387599999999999
58.277500000000003
75.610500000000002
56.4193
20.412600000000001
235.441
1243.0999999999999
1056.1800000000001
726.28899999999999
0.22937199999999999
0.15801799999999999
0.081682000000000005
26.699999999999999
60.548000000000002
15.4969
5.1715400000000002
5.1888199999999998
3.7115100000000001
0.069958000000000006
0.14521000000000001
5530.6000000000004
1087.02
2080.7399999999998
1338.2
543.173
0.111828
0.038613000000000001
0.044153999999999999
301.899
181.78100000000001
138.69
215.99600000000001
207.54599999999999
584.43499999999995
0.086154999999999995
0.51340300000000005
0.46018999999999999
0.128799
0.092714000000000005
231.136
534.93799999999999
314.91000000000003
476.16199999999998
954.55600000000004
920.63199999999995
561.49699999999996
716.98099999999999
937.49900000000002
601.48199999999997
45.578600000000002
177.27600000000001
0.061003000000000002
0.15115799999999999
19.955500000000001
18.6448
75.522300000000001
188.76900000000001
152.16200000000001
69.090900000000005
61.798699999999997
41.109099999999998
167.90600000000001
49.709899999999998
27.9818
43.695399999999999
0.160187
569.654
999.26700000000005
534.995
96.369900000000001
0.32444200000000001
0.24432599999999999
0.33591599999999999
44.910200000000003
20.828900000000001
18.6082
3.5930399999999998
6.9477099999999998
15.788600000000001
0.062276999999999999
4086.77
1283.4200000000001
1820.7
1641.03
891.81299999999999
321.24900000000002
0.077433000000000002
153.392
453.79399999999998
235.666
50.395000000000003
101.003
239.661
704.86300000000006
0.081108
0.032119000000000002
0.34016600000000002
0.032171999999999999
0.14535500000000001
204.31200000000001
552.82299999999998
391.39100000000002
200.73599999999999
705.34199999999998
1438.52
2262.3499999999999
861.48500000000001
0.049567
0.030098
0.081054000000000001
0.177616
0.24263799999999999
0.042272999999999998
22.758199999999999
20.633500000000002
84.316800000000001
122.068
109.63200000000001
30.724399999999999
39.024900000000002
285.67399999999998
96.539199999999994
48.261299999999999
51.425899999999999
0.073721999999999996
0.19478599999999999
0.56550900000000004
746.17499999999995
516.71600000000001
128.31999999999999
71.821700000000007
262.18000000000001
0.20128799999999999
66.599999999999994
32.3093
10.472
230.273
252.59899999999999
14.2319
3877.77
5333.29
2071.25
1611.5999999999999
1031.6300000000001
693.47500000000002
455.19400000000002
242.05500000000001
286.15100000000001
185.52799999999999
187.77000000000001
100.54000000000001
75.833500000000001
78.211699999999993
0.039247999999999998
0.025974000000000001
0.070376999999999995
0.088152999999999995
0.067650000000000002
0.028736000000000001
163.38200000000001
430.69099999999997
368.29700000000003
244.24799999999999
344.65800000000002
2398.8400000000001
2477.6399999999999
0.041113999999999998
0.015918000000000002
0.068523000000000001
0.45996300000000001
0.21796699999999999
0.14285800000000001
879.53399999999999
23.563300000000002
30.5623
79.641099999999994
137.17400000000001
165.17699999999999
671.69399999999996
114.36199999999999
300.685
73.0642
75.648099999999999
60.450299999999999
0.034155999999999999
0.051274
0.49462299999999998
0.12844700000000001
1005.42
50.155900000000003
112.634
239.024
250.899
233.05199999999999
31.4876
23.058900000000001
262.73200000000003
237.86000000000001
944.79100000000005
1070.7
2633.3200000000002
2333.6700000000001
1624.0899999999999
0.33218799999999998
0.143764
158.68299999999999
129.27000000000001
418.90300000000002
179.81399999999999
313.96899999999999
155.54499999999999
0.083043000000000006
0.092393000000000003
0.20292199999999999
0.073525999999999994
0.098600999999999994
0.15188299999999999
0.055510999999999998
0.095671000000000006
189.06999999999999
880.88999999999999
242.55799999999999
620.63
822.75199999999995
3044.0700000000002
0.136902
0.054175000000000001
0.0078139999999999998
0.023890999999999999
0.100013
0.10584
229.07499999999999
426.428
314.64499999999998
77.958600000000004
87.437899999999999
135.995
234.61699999999999
1005.3200000000001
278.36099999999999
375.21199999999999
76.307500000000005
51.558300000000003
0.21185899999999999
0.056704999999999998
0.014432
0.265432
0.27884399999999998
0.12987699999999999
0.058778999999999998
40.054699999999997
89.712100000000007
268.66000000000003
214.42099999999999
190.50200000000001
19.9834
37.909700000000001
105.126
1077.76
1100.1199999999999
208.357
6403.1000000000004
0.14605899999999999
965.36699999999996
625.10599999999999
568.76900000000001
282.851
340.94600000000003
252.27099999999999
321.07100000000003
0.32659100000000002
0.300589
0.063300999999999996
0.023156
0.16378499999999999
0.042426999999999999
0.057547000000000001
0.060557
0.061605
106.599
561.14200000000005
378.27699999999999
486.81999999999999
259.83999999999997
370.94
0.031094
0.047626000000000002
0.013908
0.050935000000000001
0.21345800000000001
0.455984
0.18174799999999999
189.572
410.50200000000001
86.542299999999997
76.093400000000003
111.455
338.13499999999999
971.64700000000005
512.45500000000004
649.33699999999999
77.280199999999994
64.5047
49.100299999999997
0.0511
0.012130999999999999
0.016202999999999999
0.25100899999999998
0.051702999999999999
0.13098299999999999
22.111499999999999
53.999099999999999
285.39100000000002
110.804
239.917
258.565
422.92700000000002
92.254499999999993
865.26300000000003
708.74099999999999
131.35599999999999
1745.76
739.125
1560.8299999999999
542.79899999999998
289.70100000000002
176.28200000000001
204.26599999999999
236.27199999999999
0.66459199999999996
1.6574199999999999
0.61386799999999997
0.051848999999999999
0.065912999999999999
0.037663000000000002
0.037727999999999998
0.022606000000000001
0.148756
0.12042899999999999
290.82900000000001
374.08600000000001
196.91499999999999
440.63600000000002
327.32600000000002
1330.72
0.011213000000000001
0.17713899999999999
0.115319
0.097127000000000005
0.13159199999999999
0.465665
281.37099999999998
122.113
394.67000000000002
171.92400000000001
76.315899999999999
154.26900000000001
630.70699999999999
264.315
592.029
545.27800000000002
71.761399999999995
106.44
38.5867
0.048741
0.036896999999999999
0.016541
0.033135999999999999
0.043104000000000003
0.10545400000000001
0.15027099999999999
41.151200000000003
122.267
89.538600000000002
188.42599999999999
209.25999999999999
218.52099999999999
408.68000000000001
597.94799999999998
529.524
208.77000000000001
561.11300000000006
0.075174000000000005
0.072367000000000001
0.048297
0.60769200000000001
0.117288
0.108057
0.105619
0.24322099999999999
0.64093
0.14849699999999999
0.069056000000000006
0.034013000000000002
0.0042420000000000001
0.010255
0.053111999999999999
0.112801
0.30926799999999999
523.68299999999999
318.48000000000002
206.69499999999999
737.23900000000003
331.09899999999999
824.67399999999998
486.06599999999997
0.25893500000000003
0.067879999999999996
0.035267
0.27839799999999998
39.3795
288.63999999999999
235.137
0.58962599999999998
94.149199999999993
85.007499999999993
173.65100000000001
728.59000000000003
89.840999999999994
0.55491000000000001
774.20100000000002
161.04499999999999
200.446
68.349999999999994
194.203
0.30924299999999999
0.018026
0.036693999999999997
0.040909000000000001
0.019421000000000001
0.051331000000000002
0.073958999999999997
73.822100000000006
48.504100000000001
261.10899999999998
150.09800000000001
299.26499999999999
669.63699999999994
363.59699999999998
573.05999999999995
274.666
0.03952
0.016452999999999999
0.067599999999999993
0.064904000000000003
0.074180999999999997
0.115649
0.105568
0.58479099999999995
0.38981500000000002
0.13443099999999999
0.124218
0.15670200000000001
0.047646000000000001
0.016719999999999999
0.022696000000000001
0.12461899999999999
0.336146
0.28396900000000003
992.62599999999998
669.30799999999999
247.916
549.77099999999996
576.39200000000005
622.88999999999999
1795.3399999999999
322.93799999999999
0.12028
0.18568999999999999
10.1183
67.775499999999994
159.678
18.489100000000001
56.850999999999999
63.728000000000002
108.069
159.09200000000001
263.19499999999999
84.640699999999995
3347.6999999999998
1454.73
460.50700000000001
228.40199999999999
57.207099999999997
109.208
149.929
78.363699999999994
0.032696000000000003
0.16911499999999999
0.018557000000000001
94.917500000000004
67.364699999999999
61.250100000000003
36.255499999999998
72.593800000000002
423.06700000000001
243.947
685.88499999999999
413.62299999999999
533.94200000000001
190.47399999999999
553.09400000000005
0.049134999999999998
0.073826000000000003
0.108
0.15954499999999999
0.115869
0.098732
0.099315000000000001
0.115897
0.182506
0.19814000000000001
0.25442399999999998
0.039333
0.011207999999999999
0.023118
0.062003999999999997
0.23640600000000001
0.089543999999999999
3879.4299999999998
855.16099999999994
205.91300000000001
761.05799999999999
615.89200000000005
445.33199999999999
1740.8699999999999
318.50400000000002
404.66300000000001
33.102699999999999
7.6939000000000002
66.726200000000006
0.20177200000000001
21.160499999999999
55.407699999999998
37.563299999999998
106.223
222.702
70.506900000000002
156.59700000000001
126.551
1332.0599999999999
398.84199999999998
539.548
115.667
68.644000000000005
134.22999999999999
53.281300000000002
116.104
62.590299999999999
12.584899999999999
124.001
194.79900000000001
36.1023
58.015999999999998
87.0869
158.71899999999999
226.86199999999999
375.40800000000002
52.834699999999998
1450.4300000000001
279.935
235.55799999999999
243.25200000000001
0.037837999999999997
0.028516
0.05842
0.076796000000000003
0.097162999999999999
0.099973000000000006
0.097615999999999994
0.092120999999999995
0.079533999999999994
0.082559999999999995
0.032326000000000001
0.024839
0.055074999999999999
0.099097000000000005
0.055853
0.085192000000000004
1228.05
1333.27
154.024
546.08500000000004
568.90499999999997
326.642
2238.0999999999999
382.20699999999999
121.64700000000001
40.211599999999997
9.5964899999999993
42.610300000000002
152.273
0.14101900000000001
0.15629799999999999
13.564
76.683099999999996
142.58600000000001
32.858600000000003
130.72900000000001
6224.2399999999998
1703.53
427.27100000000002
386.16899999999998
169.07900000000001
302.52499999999998
0.041569000000000002
45.104199999999999
89.675799999999995
50.1342
29.872900000000001
44.396999999999998
64.636300000000006
44.649900000000002
66.692499999999995
75.7864
121.557
219.84700000000001
266.61900000000003
39.606499999999997
889.84900000000005
230.04499999999999
133.95400000000001
206.50399999999999
0.02664
0.086987999999999996
0.045000999999999999
0.056897000000000003
0.058805999999999997
0.10824
0.470217
0.13963
0.14443300000000001
0.070104
0.21149000000000001
0.073903999999999997
0.066257999999999997
0.31024499999999999
0.341497
0.024763
1131.52
712.71299999999997
185.30000000000001
412.73200000000003
545.84000000000003
548.54700000000003
1446.21
830.40899999999999
64.803600000000003
102.80800000000001
20.401700000000002
36.705199999999998
74.402100000000004
0.118741
11.927099999999999
9.3689300000000006
39.9572
338.815
46.629800000000003
92.117199999999997
120.20699999999999
1127.4000000000001
153.84
219.26499999999999
179.86699999999999
143.98500000000001
34.724600000000002
32.830199999999998
129.483
528.03499999999997
146.38399999999999
27.701499999999999
136.27000000000001
108.76000000000001
70.130899999999997
45.222000000000001
180.02000000000001
165.559
162.26400000000001
41.4071
653.18100000000004
76.997399999999999
128.096
185.952
0.083408999999999997
0.018131999999999999
0.069748000000000004
0.071145
0.21287600000000001
0.35023599999999999
1.4185300000000001
0.106742
0.140183
0.045086000000000001
0.096740999999999994
0.21882399999999999
0.067224000000000006
0.15648400000000001
0.43242900000000001
0.30853399999999997
1643.74
703.38800000000003
236.04400000000001
416.85300000000001
184.89400000000001
340.32299999999998
686.98800000000006
1627.53
362.50299999999999
120.075
47.995600000000003
41.574399999999997
109.38200000000001
0.033371999999999999
0.075035000000000004
17.549700000000001
22.2728
242.52500000000001
85.029799999999994
110.152
64.409099999999995
735.404
235.46000000000001
390.964
222.78200000000001
51.352200000000003
35.299999999999997
36.102499999999999
194.214
169.477
47.253799999999998
29.550599999999999
120.479
158.84399999999999
151.203
33.605600000000003
0.41456300000000001
0.42090699999999998
0.077313000000000007
60.679200000000002
480.98599999999999
61.977499999999999
136.595
156.52099999999999
0.022231000000000001
0.042021999999999997
0.048730999999999997
0.084237000000000006
0.259075
0.42000900000000002
0.147678
0.054692999999999999
0.018955
0.035254000000000001
0.061378000000000002
0.119607
0.60409299999999999
1.45627
0.44859100000000002
0.115948
560.46500000000003
293.97399999999999
252.33600000000001
345.654
161.99700000000001
628.92700000000002
797.06799999999998
629.048
487.077
67.180499999999995
56.886800000000001
25.109000000000002
56.747100000000003
153.74299999999999
112.10599999999999
28.259899999999998
39.506700000000002
290.91199999999998
173.67400000000001
105.285
89.444900000000004
56.417700000000004
67.967500000000001
340.36700000000002
236.791
89.587900000000005
52.704500000000003
33.348799999999997
255.04499999999999
11.8649
18.501200000000001
32.149900000000002
64.286199999999994
160.58099999999999
401.97800000000001
0.46287299999999998
0.151696
0.043130000000000002
0.068143999999999996
0.123187
301.62799999999999
84.404300000000006
87.879199999999997
132.20099999999999
0.093519000000000005
0.077455999999999997
0.073469000000000007
0.119134
0.073315000000000005
0.15962499999999999
0.53073099999999995
0.119216
0.030702
0.38319500000000001
0.12703
0.053795999999999997
0.26190999999999998
1.8655200000000001
0.59523300000000001
0.26108999999999999
353.00099999999998
333.488
73.311300000000003
374.80599999999998
127.45999999999999
644.476
976.50800000000004
789.95500000000004
274.24599999999998
142.715
85.670900000000003
35.940300000000001
36.764699999999998
271.16699999999997
183.29300000000001
209.63800000000001
0.168742
308.20699999999999
173.154
81.657799999999995
64.472899999999996
115.64400000000001
73.738399999999999
119.28700000000001
245.40799999999999
47.567599999999999
0.17364299999999999
28.374199999999998
3.5785900000000002
8.1006099999999996
5.0983499999999999
27.6538
4951.5299999999997
7061.5200000000004
648.34299999999996
0.33505200000000002
0.032598000000000002
0.030988000000000002
0.055925000000000002
158.52500000000001
430.92200000000003
112.795
77.088200000000001
192.55000000000001
446.63200000000001
0.25175900000000001
0.332478
0.215527
0.13610800000000001
0.100726
0.124532
0.062163000000000003
0.036256999999999998
0.130139
0.043198
0.071554000000000006
0.11546099999999999
0.54588800000000004
0.073606000000000005
0.06164
1612.1900000000001
395.334
118.605
220.40000000000001
457.62400000000002
87.185299999999998
426.36099999999999
357.74200000000002
213.11500000000001
218.858
564.02200000000005
1861.4300000000001
44.165700000000001
400.77100000000002
148.42500000000001
348.58199999999999
505.512
0.099173999999999998
205.53800000000001
51.548699999999997
55.311900000000001
69.6905
125.842
117.291
313.11900000000003
19.851800000000001
4312.9099999999999
28.0443
9.3369900000000001
16.2746
9.6040200000000002
0.013643000000000001
6830.79
14615.700000000001
11993.1
1449.3900000000001
0.030401999999999998
0.023213999999999999
0.037227000000000003
145.96299999999999
199.988
84.6006
135.21799999999999
91.617199999999997
0.36874800000000002
1.00925
0.119547
0.13266800000000001
0.084763000000000005
0.040673000000000001
0.036219000000000001
0.086699999999999999
0.158056
0.158279
0.044659999999999998
0.030530000000000002
0.14171900000000001
0.11253299999999999
0.28551300000000002
0.047593999999999997
0.049366
570.88400000000001
113.49299999999999
298.66000000000003
302.81099999999998
669.06500000000005
677.43899999999996
387.36500000000001
599.83199999999999
268.24000000000001
453.48399999999998
1174.45
1367.0999999999999
365.95600000000002
234.83000000000001
201.95500000000001
229.25
2543.4499999999998
0.032836999999999998
95.824200000000005
64.5047
110.913
118.898
202.49000000000001
366.495
37.953200000000002
60.358699999999999
139.47900000000001
105.94199999999999
23.998200000000001
8.5639599999999998
0.011336000000000001
0.020268999999999999
19154.299999999999
6383.8199999999997
952.75900000000001
1362.7
0.01388
117.908
134.185
58.681699999999999
155.74000000000001
136.119
92.696100000000001
0.088921
0.21043200000000001
0.22908100000000001
0.042418999999999998
0.049889000000000003
0.016185000000000001
0.079224000000000003
0.027224000000000002
0.17652799999999999
0.064186999999999994
0.011721000000000001
0.018157
0.060184000000000001
0.159138
0.091133000000000006
0.13259599999999999
0.040926999999999998
194.69800000000001
495.85399999999998
432.50599999999997
492.33100000000002
291.54500000000002
897.01900000000001
638.76800000000003
307.29700000000003
207.93700000000001
724.70699999999999
522.64200000000005
797.06700000000001
207.22300000000001
446.85500000000002
155.66
172.49700000000001
6297.9799999999996
0.33996100000000001
58.301000000000002
115.20399999999999
97.222999999999999
150.816
311.68799999999999
259.81900000000002
93.429900000000004
112.40900000000001
110.595
131.13200000000001
71.7226
90.0518
19.8383
31.580500000000001
15138.299999999999
5004.1199999999999
721.83100000000002
621.25099999999998
602.01800000000003
476.87200000000001
72.655100000000004
159.441
93.882800000000003
313.82600000000002
0.023182999999999999
0.025930000000000002
0.071177000000000004
0.118325
0.087235999999999994
0.12088400000000001
0.0080529999999999994
0.034833000000000003
0.096468999999999999
0.182231
0.034527000000000002
0.057301999999999999
0.028159
0.079825999999999994
0.041646000000000002
0.123873
0.076082999999999998
0.163466
164.06100000000001
267.12
181.90700000000001
226.92500000000001
1953.24
1309.26
1203.6400000000001
847.096
957.08500000000004
673.86599999999999
327.85199999999998
441.096
428.79500000000002
293.62599999999998
0.035992000000000003
4106.5200000000004
3554.96
1753.55
3675.0300000000002
53.836799999999997
133.017
166.48099999999999
487.32499999999999
102.827
155.84899999999999
111.035
142.077
55.892499999999998
97.314899999999994
28.766999999999999
20.915500000000002
17.776599999999998
0.043492999999999997
5790.1499999999996
1028.71
1465.3599999999999
520.42700000000002
74.612099999999998
106.78100000000001
102.81999999999999
118.005
348.178
0.197631
0.42926300000000001
0.25170799999999999
0.26912999999999998
0.021364000000000001
0.033762
0.029909000000000002
0.012088
0.13498199999999999
0.15850400000000001
0.298956
0.027335000000000002
0.022867999999999999
0.021336999999999998
0.0042430000000000002
0.0094640000000000002
0.053353999999999999
0.57259400000000005
0.83721100000000004
267.31799999999998
793.95699999999999
390.154
1208.9000000000001
1752.8
796.07000000000005
499.89299999999997
1622.1400000000001
1010.16
672.38
211.066
261.81099999999998
414.05900000000003
4982.1499999999996
5899.1499999999996
3825.3000000000002
2562.6900000000001
152.20400000000001
89.327399999999997
156.01400000000001
196.976
865.42600000000004
98.290199999999999
115.276
121.43000000000001
124.54000000000001
57.071300000000001
50.805500000000002
130.13499999999999
16.922499999999999
0.029718000000000001
0.032617
0.015907999999999999
683.89700000000005
771.78999999999996
109.04000000000001
59.029899999999998
177.16300000000001
124.09
110.41200000000001
0.21998999999999999
0.258295
0.54379
0.38440400000000002
0.146311
0.056582
0.228799
0.028570999999999999
0.076052999999999996
0.14005500000000001
0.024802999999999999
0.086327000000000001
0.073899999999999993
0.046729
0.032057000000000002
0.010683
0.0033890000000000001
0.0072490000000000002
0.105545
0.60631800000000002
240.58099999999999
926.01300000000003
509.89999999999998
324.69900000000001
514.48199999999997
340.01999999999998
403.82900000000001
1318.1700000000001
1561.9200000000001
738.50599999999997
73.936999999999998
217.87700000000001
1503.77
1492.3599999999999
3459.3099999999999
1243.5899999999999
88.203500000000005
724.38300000000004
646.77999999999997
180.37299999999999
240.18199999999999
782.59199999999998
199.71899999999999
92.924700000000001
115.566
70.920000000000002
40.562399999999997
66.816900000000004
517.26199999999994
1223.02
0.044123000000000002
0.045187999999999999
0.090326000000000004
0.047617
109.47
66.104299999999995
90.947800000000001
150.86099999999999
158.45400000000001
0.50481699999999996
0.055587999999999999
0.306284
0.79637800000000003
0.43083700000000003
0.89665499999999998
0.072778999999999996
0.30739
0.116233
0.074630000000000002
0.044982000000000001
0.045362
0.075011999999999995
0.14022499999999999
0.13622100000000001
0.15432499999999999
0.074057999999999999
0.0072570000000000004
0.023699000000000001
0.33416299999999999
1.7539100000000001
464.416
989.56600000000003
574.91099999999994
148.59800000000001
48.879199999999997
207.886
377.99299999999999
1628.6600000000001
2762.98
1972.8499999999999
131.35499999999999
112.384
135.89599999999999
3060.8800000000001
2649.2199999999998
1781.8099999999999
725.30499999999995
817.93499999999995
738.64999999999998
504.83699999999999
341.80399999999997
574.77800000000002
253.33000000000001
80.042100000000005
115.497
746.94100000000003
630.49800000000005
330.22300000000001
164.61799999999999
1578.1400000000001
0.062063
0.105104
0.019628
0.064301999999999998
290.17500000000001
38.306600000000003
91.8125
125.23099999999999
240.839
651.05999999999995
0.102686
0.046275999999999998
0.094768000000000005
0.68563600000000002
0.63199700000000003
0.80881599999999998
0.45733000000000001
0.23241999999999999
0.108074
0.050172000000000001
0.040662999999999998
0.089486999999999997
0.20657600000000001
0.19073000000000001
0.065548999999999996
0.029812999999999999
0.0095770000000000004
0.011730000000000001
1.8127
1.4273400000000001
178.69
87.074799999999996
160.34
94.155000000000001
107.949
373.69900000000001
448.36599999999999
429.71699999999998
914.55799999999999
469.17000000000002
290.54199999999997
293.22000000000003
253.41399999999999
4201.8100000000004
2749.1500000000001
3407.8000000000002
499.77100000000002
0.311921
0.108499
0.077540999999999999
480.48700000000002
555.91800000000001
201.50399999999999
345.75299999999999
962.66800000000001
665.58199999999999
906.66800000000001
687.28499999999997
171.554
524.34100000000001
114.746
0.031945000000000001
0.037233000000000002
41.555500000000002
103.462
25.8948
124.40600000000001
248.286
524.26800000000003
353.18900000000002
91.742500000000007
0.19437599999999999
0.25791500000000001
0.58598499999999998
0.94900600000000002
0.28527400000000003
1.03009
1.11585
0.167236
0.033890999999999998
0.12676000000000001
0.16155
0.34482600000000002
0.30677100000000002
0.031085999999999999
0.026893
0.015269
0.016445000000000001
0.49251099999999998
0.945689
121.932
168.32900000000001
227.29400000000001
257.68599999999998
78.470699999999994
101.69499999999999
164.29499999999999
691.29499999999996
1233.8
615.62199999999996
313.30500000000001
278.08199999999999
244.32400000000001
0.034131000000000002
0.029010999999999999
0.156588
0.187308
0.070810999999999999
0.18861700000000001
0.15604100000000001
0.29683199999999998
946.05399999999997
343.589
265.25299999999999
207.744
1443.9100000000001
891.80799999999999
595.43499999999995
281.76799999999997
659.428
0.104712
20.5093
10.8558
40.975000000000001
87.798599999999993
38.718600000000002
79.233099999999993
339.68900000000002
496.87599999999998
402.30099999999999
25.615200000000002
214.78
0.88186500000000001
1.47411
1.65995
1.0344100000000001
0.156392
0.307778
1.5848800000000001
0.122929
0.13247200000000001
0.153945
0.20638400000000001
0.065816
0.18308199999999999
0.42596099999999998
0.108696
0.052333999999999999
0.20455400000000001
0.16098899999999999
109.857
143.56999999999999
393.51900000000001
210.584
34.239199999999997
111.288
149.51400000000001
624.90899999999999
842.43499999999995
610.91899999999998
421.39400000000001
0.023716999999999998
0.023043000000000001
0.020357
0.028451000000000001
0.017978000000000001
0.207096
0.127771
0.28395199999999998
0.033286999999999997
0.70585299999999995
1225.3499999999999
0.102704
0.39695999999999998
1263.22
901.83900000000006
674.88
576.22500000000002
321.911
1178.9000000000001
15.1699
5.24587
5.88347
19.3919
572.60500000000002
420.48399999999998
691.30399999999997
486.654
503.02199999999999
849.30100000000004
44.791800000000002
131.28800000000001
0.96762499999999996
1.0870299999999999
1.4215199999999999
1.5119199999999999
0.43288199999999999
0.17272100000000001
0.80925100000000005
0.034971000000000002
0.041445000000000003
0.031756
0.088255
0.029877999999999998
0.27170699999999998
0.212862
0.147755
0.108872
0.34277800000000003
7.5941799999999997
147.06100000000001
205.47900000000001
605.90499999999997
86.046899999999994
66.385599999999997
52.607900000000001
119.622
435.80200000000002
1500.0799999999999
1084.71
0.046937
0.0089239999999999996
0.0077720000000000003
0.052906000000000002
0.0076039999999999996
0.069293999999999994
0.44208700000000001
0.378639
0.52670399999999995
0.071937000000000001
0.318249
0.15405199999999999
0.49473499999999998
1530.3199999999999
3399.27
1703.6800000000001
696.96400000000006
520.75099999999998
418.08199999999999
1267.1099999999999
15.158300000000001
20.134499999999999
4.8452700000000002
6.3030499999999998
639.29200000000003
382.25799999999998
500.84899999999999
618.10400000000004
299.726
117.77200000000001
75.033600000000007
0.45459500000000003
1.4161900000000001
0.22192700000000001
1.44777
0.28772199999999998
0.23602699999999999
0.075629000000000002
0.072491
0.050414
0.019456000000000001
0.10154199999999999
0.107809
0.025828
0.27447899999999997
0.109776
0.33426600000000001
0.13159899999999999
24.8142
10.9801
4.5702600000000002
3.0316100000000001
521.59400000000005
59.252600000000001
49.950299999999999
107.20399999999999
123.833
83.234099999999998
1193.1700000000001
1051.5799999999999
0.055337999999999998
0.0067970000000000001
0.035539000000000001
0.019008000000000001
0.037009
0.111527
0.27895799999999998
1.8990400000000001
0.40135199999999999
1.6392100000000001
0.97662000000000004
0.94028400000000001
0.57970100000000002
2084.02
2116.6300000000001
1795.5899999999999
1277.0999999999999
419.34199999999998
683.58799999999997
1475.9200000000001
369.58699999999999
40.585599999999999
13.148199999999999
823.06500000000005
508.94999999999999
675.37599999999998
1.9214800000000001
5.0349300000000001
29.583300000000001
79.598799999999997
61.136400000000002
2.2518899999999999
1.08873
0.35845199999999999
0.85862799999999995
0.36190499999999998
0.048495999999999997
0.055739999999999998
0.14228299999999999
0.17346700000000001
0.187253
0.099227999999999997
0.060665999999999998
0.074745000000000006
0.091105000000000005
0.082730999999999999
0.059525000000000002
0.176984
20.031600000000001
17.234200000000001
4.4508200000000002
3.1667000000000001
9.9588800000000006
98.060400000000001
127.44799999999999
60.051200000000001
75.701300000000003
101.592
211.40100000000001
29.007100000000001
0.018023000000000001
0.012408000000000001
0.047025999999999998
0.030394999999999998
0.35888100000000001
0.036310000000000002
0.13936200000000001
1.70872
0.97939900000000002
0.412609
0.80231200000000003
0.20905399999999999
0.173095
457.86200000000002
2483.54
1098.8099999999999
803.93700000000001
297.96899999999999
1452.0599999999999
601.09900000000005
239.31100000000001
254.62200000000001
576.24199999999996
0.192023
0.087424000000000002
2.4387099999999999
2.5018699999999998
5.6239800000000004
35.080399999999997
34.657299999999999
23.915500000000002
1.08203
0.21184600000000001
0.27094600000000002
0.72366399999999997
0.196267
0.568662
0.20577599999999999
0.044248000000000003
0.071610999999999994
0.14308599999999999
0.19866
0.110544
0.033135999999999999
0.13650799999999999
0.350242
0.083959000000000006
0.12548599999999999
27.244499999999999
32.771999999999998
8.0333900000000007
4.5247900000000003
8.7201199999999996
183.536
178.12899999999999
82.956100000000006
165.839
77.8917
223.34999999999999
39.237000000000002
0.049592999999999998
0.021385999999999999
0.039974000000000003
0.075301000000000007
0.13366
0.120586
0.081374000000000002
1.01061
0.80128500000000003
0.30240499999999998
0.72909000000000002
0.67016799999999999
0.29201899999999997
3776.1399999999999
2920.3000000000002
2975.6799999999998
1595.4300000000001
538.84199999999998
1631.95
388.81900000000002
382.04500000000002
0.13681299999999999
0.120125
0.033415
3.5399600000000002
2.6595
2.5053800000000002
2.0724499999999999
19.904199999999999
30.1797
24.524000000000001
0.73295399999999999
1597.46
1523.98
0.366587
0.062197000000000002
0.035478000000000003
0.034583000000000003
0.121045
0.085218000000000002
0.16348199999999999
0.26838899999999999
0.031199000000000001
0.024323999999999998
0.100093
0.063971
0.040210999999999997
0.051679999999999997
31.937799999999999
62.936500000000002
17.564399999999999
6.4492399999999996
11.0548
131.93100000000001
196.887
101.26300000000001
171.18100000000001
55.116100000000003
36.166699999999999
91.117099999999994
0.021197000000000001
0.062580999999999998
0.072600999999999999
0.59387999999999996
0.29498600000000003
0.33191100000000001
0.17912600000000001
0.20001099999999999
0.31231999999999999
0.37882500000000002
0.53026300000000004
0.203653
244.30199999999999
1277.4200000000001
2028.6500000000001
1313.02
891.96900000000005
246.96299999999999
1720.5
466.55900000000003
377.154
0.025467
0.091718999999999995
0.035416000000000003
0.131074
5.67469
3.2273800000000001
2.69102
9.5730699999999995
23.083300000000001
9.9108400000000003
0.61887099999999995
1143.0799999999999
2610.79
0.077845999999999999
0.081494999999999998
0.16551199999999999
0.02946
0.058202999999999998
0.075199000000000002
0.101218
0.097119999999999998
0.083705000000000002
0.109348
0.13669700000000001
0.044942999999999997
0.113788
0.069344000000000003
0.12756200000000001
83.820700000000002
23.491700000000002
6.5473699999999999
7.343
5.4011899999999997
408.13299999999998
357.84100000000001
153.99100000000001
25.408999999999999
39.295900000000003
21.237400000000001
42.205100000000002
0.069606000000000001
0.041634999999999998
1.9537899999999999
1.1744000000000001
0.78586100000000003
0.72891799999999995
0.105688
0.020858999999999999
0.11985800000000001
0.168209
62.779499999999999
165.78
481.75599999999997
980.70600000000002
101.253
51.2273
246.48599999999999
550.28399999999999
0.105492
0.117508
0.019095999999999998
0.038023000000000001
0.010293999999999999
0.065178
1.4532799999999999
1.6158600000000001
2.82348
11.7925
27.649100000000001
8.4491599999999991
0.54422099999999995
1172.6800000000001
2383
0.075469999999999995
0.042743999999999997
0.13248699999999999
0.040170999999999998
0.065211000000000005
0.26649400000000001
0.093034000000000006
0.045512999999999998
0.090299000000000004
0.180673
0.052608000000000002
0.020801
0.028561
0.026631999999999999
5716.8100000000004
1309.24
17.440999999999999
6.67896
9.0564499999999999
3.2606000000000002
48.497
136.24000000000001
145.94800000000001
31.900300000000001
56.100499999999997
35.014000000000003
34.883499999999998
0.042369999999999998
0.090898999999999994
0.25251899999999999
0.41201100000000002
0.72855300000000001
0.75633499999999998
0.64442100000000002
0.035388000000000003
0.014978999999999999
68.466300000000004
149.47200000000001
238.006
98.122
89.995599999999996
105.121
104.691
165.97900000000001
0.140206
0.025156999999999999
0.053108000000000002
0.074842000000000006
0.045187999999999999
0.037935999999999998
0.036981
3.6544300000000001
3.9373300000000002
4.2233200000000002
7.5690099999999996
6.5570300000000001
8.3041999999999998
0.076316999999999996
584.53300000000002
2538.3600000000001
0.104819
0.060278999999999999
0.55047599999999997
0.102122
0.107336
0.21304300000000001
0.11476699999999999
0.059759
0.083238000000000006
0.258656
0.17641000000000001
0.22803599999999999
0.27327600000000002
0.064016000000000003
1721.55
905.18700000000001
27.1754
7.4370000000000003
14.4923
4.85053
13.854799999999999
0.036294
212.512
25.3017
46.340899999999998
42.918500000000002
53.441200000000002
33.557499999999997
0.27657500000000002
0.231046
0.161776
1.4364300000000001
0.267148
0.207367
0.043341999999999999
19.655999999999999
87.781400000000005
149.35400000000001
72.977199999999996
159.83600000000001
58.846499999999999
81.496399999999994
36.418199999999999
183.34399999999999
0.084875000000000006
0.026412999999999999
0.044535999999999999
0.032747999999999999
452.69499999999999
0.121892
0.048172
17907.299999999999
3002.5599999999999
3.9096000000000002
6.8050600000000001
7.7115900000000002
7.8289200000000001
0.028851000000000002
0.036914000000000002
6280.0100000000002
3221.6599999999999
0.15243200000000001
0.14733199999999999
0.16508
0.225658
0.10982699999999999
0.048013
0.027895
0.037392000000000002
0.069056999999999993
0.047789999999999999
0.116455
0.208089
0.062129999999999998
1577.21
2348.8200000000002
826.79999999999995
10.0451
10.7822
3.5511699999999999
7.5870199999999999
9.9199400000000004
163.43899999999999
42.026699999999998
107.35299999999999
120.93000000000001
154.97300000000001
9.0108200000000007
0.52705199999999996
0.50112000000000001
0.28983300000000001
0.585121
0.13050100000000001
0.12667300000000001
0.045752000000000001
65.3643
139.08000000000001
124.48099999999999
86.434299999999993
75.959400000000002
119.005
92.454800000000006
38.726900000000001
0.050444000000000003
0.067295999999999995
277.32299999999998
493.34800000000001
55.891100000000002
1673.1099999999999
10713.1
20000
17219.700000000001
8.1523500000000002
7.53444
0.106836
0.259494
0.092257000000000006
0.033188000000000002
0.041603000000000001
9630.3600000000006
5997.8100000000004
20000
0.12528400000000001
0.088170999999999999
0.20937700000000001
0.15140400000000001
0.050860000000000002
0.091389999999999999
0.075020000000000003
0.090913999999999995
0.077973000000000001
0.68022099999999996
0.19728799999999999
0.25409500000000002
1480.99
3427.6700000000001
1865.23
0.079274999999999998
3.69096
1.7865500000000001
3.4964
7.59985
7.39764
69.211500000000001
159.85499999999999
132.66200000000001
56.889699999999998
6.6465300000000003
17.227799999999998
0.14205100000000001
0.056899999999999999
0.070161000000000001
0.19480600000000001
0.16970099999999999
61.256500000000003
155.63300000000001
98.381299999999996
79.084299999999999
73.046199999999999
88.110100000000003
118.63
237.90899999999999
56.544199999999996
0.49245699999999998
0.218248
113.541
357.71699999999998
82.760000000000005
110.379
17437.400000000001
14777.6
0.046606000000000002
0.060823000000000002
0.07077
0.085143999999999997
0.092194999999999999
0.052484000000000003
0.31345000000000001
0.014045
0.020258000000000002
12119.9
13607.299999999999
0.152447
0.074261999999999995
0.223083
0.087825
0.12407700000000001
0.081393999999999994
0.12083199999999999
0.033987000000000003
0.040161000000000002
0.173321
0.14974999999999999
0.32121699999999997
692.31100000000004
0.61635899999999999
1.4105099999999999
2.0408499999999998
4.1213600000000001
1.63219
6.1719799999999996
14.347300000000001
27.887
47.399099999999997
58.007399999999997
273.83999999999997
19.073599999999999
11.9491
0.146561
0.43063499999999999
0.188664
0.107705
0.150001
0.49453200000000003
0.19706399999999999
160.40799999999999
95.886099999999999
126.535
48.128900000000002
102.75700000000001
160.49799999999999
351.58999999999997
113.01600000000001
0.20711199999999999
0.28451799999999999
177.82900000000001
484.928
82.077200000000005
6384.6700000000001
11983
0.035896999999999998
0.049168000000000003
0.074844999999999995
0.015736
0.25817400000000001
0.064084000000000002
0.110677
0.13286400000000001
0.034195999999999997
3037.1100000000001
9821.7999999999993
15866.4
2822.5500000000002
0.44733499999999998
0.212974
0.29913099999999998
1.01745
0.80709699999999995
0.46825099999999997
0.70511500000000005
0.13264599999999999
0.16028899999999999
0.231128
0.026845999999999998
0.932446
0.95169599999999999
0.128862
0.27011600000000002
0.73224599999999995
2.8981499999999998
57.646900000000002
42.607599999999998
46.314100000000003
35.002200000000002
178.16
177.12299999999999
15.5947
6.8876200000000001
0.74487999999999999
0.17508099999999999
0.10960499999999999
0.25675100000000001
0.32861499999999999
0.201233
0.375581
122.18600000000001
173.08600000000001
188.43899999999999
81.414199999999994
184.566
329.45999999999998
231.33699999999999
113.376
116.018
0.51795999999999998
176.45099999999999
370.06400000000002
20000
12820
12184.200000000001
0.078113000000000002
0.076309000000000002
0.055599999999999997
0.030290999999999998
0.036977999999999997
0.12288300000000001
0.128498
0.446766
0.14963599999999999
4679.6300000000001
7378.1199999999999
4193.9099999999999
3467.1900000000001
0.14116999999999999
0.041326000000000002
0.072788000000000005
0.51256299999999999
0.20311199999999999
0.11382299999999999
0.43460199999999999
0.215666
0.39726600000000001
0.039428999999999999
0.070365999999999998
0.363898
0.059240000000000001
0.049333000000000002
635.12800000000004
89.529899999999998
87.4709
58.4709
26.9514
27.904199999999999
33.036999999999999
220.69
124.818
0.23890900000000001
0.17047599999999999
0.439419
0.044431999999999999
0.114797
0.21051900000000001
0.092886999999999997
0.25752999999999998
0.29686400000000002
0.031664999999999999
413.33300000000003
255.63800000000001
202.69499999999999
110.688
305.339
340.577
122.39700000000001
177.035
0.70949899999999999
0.068024000000000001
147.44
338.68900000000002
49.113599999999998
13445
0.32008199999999998
0.26110699999999998
0.064873
0.053088000000000003
0.20274400000000001
0.163776
0.26598699999999997
0.25414199999999998
0.100441
2909.2199999999998
7235.3800000000001
2902.21
2120.3099999999999
0.019775999999999998
0.0081740000000000007
0.050178
0.17467099999999999
0.123817
0.091592999999999994
0.81310499999999997
1.5488599999999999
0.071253999999999998
0.15034800000000001
0.097344
0.18987100000000001
0.019997000000000001
0.043404999999999999
982.67899999999997
150.53999999999999
98.097700000000003
45.990699999999997
20.5289
23.071400000000001
44.348500000000001
14.348000000000001
24.6065
0.12556999999999999
0.097087999999999994
0.058083000000000003
0.056974999999999998
0.040661000000000003
0.122221
0.084439
0.31722800000000001
0.054715
0.022756999999999999
356.30500000000001
512.94200000000001
228.381
54.820599999999999
173.83199999999999
194.84899999999999
396.02499999999998
122.675
0.13972200000000001
0.097742999999999997
4063.7600000000002
8712.6800000000003
14220.799999999999
11827.4
0.109386
0.41289199999999998
0.35120800000000002
0.243172
0.54833500000000002
1.27749
0.94622499999999998
3524.8200000000002
13315.799999999999
3079.5999999999999
7163.7200000000003
1664.51
1626.4400000000001
0.076289999999999997
0.105326
0.062434000000000003
0.148227
1.0535000000000001
0.61342300000000005
2.49119
1.13557
1.7346600000000001
0.66595700000000002
0.172184
0.16153300000000001
401.26999999999998
276.41699999999997
518.83100000000002
150.82300000000001
73.019800000000004
46.796999999999997
20.514800000000001
54.639699999999998
140.49100000000001
18.0627
15.442600000000001
31.6753
0.028881
0.040793999999999997
0.045255999999999998
0.064782999999999993
0.12842999999999999
0.14782999999999999
0.13241700000000001
0.0038070000000000001
0.044437999999999998
398.673
44.880400000000002
144.387
299.53300000000002
384.30099999999999
152.90899999999999
169.946
87.217299999999994
0.27739999999999998
0.72537399999999996
3317.7199999999998
3276.8000000000002
9418.3999999999996
5994.4399999999996
0.199598
0.099065
0.22880900000000001
0.196433
0.19424
3474.9499999999998
1922.8599999999999
3568.5300000000002
13698.200000000001
5159.9799999999996
3705.8400000000001
1857.9400000000001
0.036750999999999999
0.041373
0.78688800000000003
0.12904599999999999
0.35415799999999997
1.8465199999999999
1.0678700000000001
0.43364399999999997
4.8661500000000002
0.908586
0.54206399999999999
0.12972400000000001
77.718000000000004
256.46800000000002
355.69600000000003
447.84500000000003
197.535
239.71600000000001
31.948599999999999
16.243400000000001
86.712400000000002
62.885300000000001
24.7224
14.5304
22.735900000000001
0.017953
0.028433
0.111224
0.50637500000000002
0.23110800000000001
0.060955000000000002
0.040925000000000003
0.011150999999999999
0.028108999999999999
41.465400000000002
80.962400000000002
109.852
573.10699999999997
785.84400000000005
498.16500000000002
36.939
111.093
110.708
321.71699999999998
228.79499999999999
1042.0599999999999
2701.6599999999999
5902.25
2233.23
36.282200000000003
66.325400000000002
129.88499999999999
404.97899999999998
2212.5100000000002
2716.29
2789.46
3504.0900000000001
6248.6999999999998
1383.3900000000001
0.010754
0.023699000000000001
0.197378
0.575017
0.45418799999999998
3.0089199999999998
1.11948
0.78115500000000004
0.35911799999999999
1.3883000000000001
0.25114900000000001
0.60112399999999999
0.13596
76.599999999999994
84.596999999999994
497.17899999999997
452.53199999999998
234.214
160.13200000000001
62.322800000000001
62.110900000000001
152.905
170.72499999999999
56.706299999999999
35.646999999999998
18.889099999999999
0.035684
0.11576699999999999
0.020774000000000001
0.047083
0.27771099999999999
0.044325999999999997
0.058243000000000003
0.075067999999999996
0.072506000000000001
53.683100000000003
79.784300000000002
199.91200000000001
176.83699999999999
1012.42
514.49800000000005
97.0792
123.83
155.119
27.799199999999999
30.075600000000001
1956.8399999999999
3487.8099999999999
4731.1499999999996
5569.0600000000004
36.070599999999999
24.5441
137.13399999999999
0.092244999999999994
0.108595
0.097192000000000001
0.25860699999999998
0.26910400000000001
0.177706
0.22024099999999999
0.066707000000000002
0.089716000000000004
0.202349
0.113733
0.44556299999999999
0.85301400000000005
0.512907
0.117216
0.59317500000000001
0.37462099999999998
0.18982399999999999
0.22476399999999999
0.36794700000000002
102.059
122.00700000000001
0.32256099999999999
461.51900000000001
192.041
172.779
108.71599999999999
23.9373
137.233
243.74299999999999
126.887
89.5261
45.254800000000003
0.093296000000000004
0.050775000000000001
0.016848999999999999
0.13639899999999999
0.173878
0.027276999999999999
0.024406000000000001
94.039599999999993
132.61000000000001
57.964700000000001
176.16999999999999
364.14100000000002
92.307100000000005
745.49099999999999
546.11400000000003
128.54400000000001
108.575
54.995899999999999
27.780100000000001
35.085599999999999
2545.5100000000002
1869.2
3760.04
4107.04
2820.3899999999999
0.081975999999999993
0.11981799999999999
0.121251
0.29869099999999998
0.12509600000000001
0.34959699999999999
0.113786
0.334426
0.12861500000000001
0.059270000000000003
0.013558000000000001
0.22350300000000001
0.17575499999999999
0.173955
0.165549
0.228684
0.31699899999999998
0.095433000000000004
0.095402000000000001
0.066627000000000006
0.48124899999999998
0.17499200000000001
177.02600000000001
243.37299999999999
205.238
114.926
0.0574
0.250031
221.29499999999999
29.685500000000001
163.93000000000001
250.779
138.20699999999999
91.503
42.412399999999998
0.047273999999999997
0.016420000000000001
0.077141000000000001
0.42290299999999997
0.17635000000000001
0.048505
2609.2399999999998
237.376
78.650599999999997
70.995000000000005
110.916
336.392
21.768899999999999
47.322299999999998
36.0122
109.797
71.459500000000006
61.872900000000001
17.584
19.1877
31.9907
1184.05
2103.4499999999998
2500.5700000000002
3931.3600000000001
0.265712
0.25662200000000002
0.18806100000000001
1.0048900000000001
0.234871
0.595584
0.97919500000000004
0.13392899999999999
0.20422699999999999
0.30943900000000002
0.122541
0.33762799999999998
0.22032399999999999
0.051048999999999997
0.115965
0.56171499999999996
0.326714
0.158084
0.79449899999999996
0.107909
0.073839000000000002
0.051507999999999998
0.32870100000000002
0.065250000000000002
0.25872299999999998
0.052247000000000002
70.015600000000006
227.28
232.78700000000001
90.252499999999998
159.97300000000001
335.34899999999999
181.58099999999999
112.02800000000001
160.88
508
0.064875000000000002
0.16674700000000001
0.80042500000000005
0.28817100000000001
0.077996999999999997
3493.4000000000001
227.435
83.922600000000003
89.472700000000003
192.36099999999999
440.733
27.6053
59.444499999999998
28.853300000000001
71.9221
260.33600000000001
54.866900000000001
31.776499999999999
11.403600000000001
2380.0999999999999
1042.1600000000001
1631.02
1727
3542.8099999999999
0.25373800000000002
0.33137800000000001
0.13752700000000001
0.65973899999999996
0.15121299999999999
0.15268899999999999
0.42211399999999999
0.24784999999999999
0.08183
0.40826200000000001
0.46288899999999999
0.40410400000000002
0.049703999999999998
0.208567
0.25340299999999999
0.13784299999999999
0.168932
0.19910900000000001
0.396092
0.15173600000000001
0.013147000000000001
0.048016999999999997
0.73263199999999995
0.27196100000000001
136.88
110.751
39.386899999999997
213.399
198.75399999999999
156.13900000000001
258.53399999999999
592.43600000000004
259.16699999999997
177.52099999999999
179.34899999999999
0.061941000000000003
0.063471
0.055111
0.27823599999999998
0.105596
2930.6599999999999
7107.1099999999997
161.13200000000001
36.405000000000001
222.245
316.39400000000001
394.35599999999999
80.447199999999995
117.242
85.060699999999997
173.93899999999999
120.19499999999999
87.761799999999994
1063.8399999999999
9.3219100000000008
805.495
601.33900000000006
1367.3599999999999
603.18700000000001
4229.7799999999997
0.96398899999999998
0.33267799999999997
0.89361299999999999
0.77761599999999997
0.75013300000000005
0.54494100000000001
0.114958
0.18180499999999999
0.129797
0.14982100000000001
0.25868200000000002
0.094562999999999994
0.062293000000000001
0.17779900000000001
0.147566
0.073042999999999997
0.30719600000000002
0.17521800000000001
0.31394100000000003
0.031392000000000003
0.0092390000000000007
0.01413
28.540900000000001
1.0114399999999999
0.055939000000000003
157.97300000000001
56.505000000000003
261.76299999999998
140.68299999999999
357.053
433.565
201.70699999999999
218.815
334.62900000000002
0.038445
0.01456
0.024223999999999999
0.27264300000000002
0.048578000000000003
0.090643000000000001
0.080901000000000001
0.010562999999999999
291.74200000000002
44.198300000000003
259.07999999999998
593.33799999999997
169.03800000000001
93.107299999999995
65.108199999999997
93.935000000000002
89.826800000000006
148.15000000000001
173.84899999999999
508.06400000000002
1066.0699999999999
968.91700000000003
1504.8
1564.3800000000001
563.13999999999999
212.68600000000001
655.96199999999999
95.784099999999995
0.24301200000000001
1.0202100000000001
1.1047899999999999
0.114909
0.18798599999999999
0.042958000000000003
0.16112099999999999
0.165879
0.13605400000000001
0.46155499999999999
0.207539
0.015696000000000002
0.043124000000000003
0.14052700000000001
0.096769999999999995
0.113316
0.13794500000000001
0.011082
0.011375
0.020559000000000001
50.8367
112.73
0.087777999999999995
0.16742299999999999
40.451799999999999
112.624
407.911
435.822
232.34899999999999
271.428
361.01999999999998
505.56200000000001
0.032731999999999997
0.015882
0.051526000000000002
0.088406999999999999
0.205431
0.082367999999999997
0.049451000000000002
0.020923000000000001
530.26499999999999
37.304699999999997
197.607
63.1755
192.61799999999999
55.557499999999997
100.964
117.991
58.787300000000002
25.990300000000001
186.03100000000001
698.61199999999997
0.17647099999999999
0.16772899999999999
0.044290999999999997
0.385075
411.26799999999997
139.05199999999999
338.15800000000002
79.149900000000002
80.716800000000006
419.19400000000002
675.90800000000002
1042.55
172.67500000000001
448.774
0.024608000000000001
0.31153700000000001
0.10005
0.093637999999999999
0.070778999999999995
0.0052989999999999999
0.048883000000000003
0.088211999999999999
0.220029
0.093858999999999998
0.077753000000000003
0.01968
0.011283
0.072389999999999996
78.399100000000004
106.569
63.492699999999999
0.18093600000000001
0.26918999999999998
181.428
286.01900000000001
321.649
120.02200000000001
175.709
64.5244
20.9816
24.174399999999999
0.013759
0.084970000000000004
0.31013000000000002
0.22215499999999999
0.115144
0.047731000000000003
0.099311999999999998
208.44999999999999
85.313999999999993
186.56700000000001
66.461799999999997
169.56800000000001
64.087900000000005
45.886699999999998
99.233199999999997
204.029
72.185299999999998
118.825
816.89499999999998
0.157169
0.24624199999999999
0.062569
0.368757
0.60679399999999994
101.724
75.766199999999998
74.025000000000006
74.336100000000002
393.83600000000001
561.41999999999996
1791.76
492.26799999999997
383.62799999999999
0.045907000000000003
0.019011
0.074133000000000004
0.31608999999999998
0.045026999999999998
0.020072
0.059075999999999997
0.01746
0.052502
0.056979000000000002
0.024892000000000001
0.035681999999999998
0.022235999999999999
0.041524999999999999
0.025635999999999999
0.028556000000000002
0.10327699999999999
0.82727499999999998
43.577800000000003
144.583
205.66900000000001
194.50899999999999
138.97800000000001
130.13800000000001
134.58699999999999
40.894599999999997
44.0336
52.156500000000001
0.041126999999999997
0.38327499999999998
0.15181600000000001
0.023871
0.041385999999999999
0.051375999999999998
243.72800000000001
159.83699999999999
122.38500000000001
116.72
82.884100000000004
93.432199999999995
61.6584
175.06999999999999
281.24000000000001
67.9559
119.679
646.17700000000002
0.058958000000000003
0.081434999999999994
0.029492999999999998
0.276142
0.098080000000000001
0.26482899999999998
65.578100000000006
51.842500000000001
42.232799999999997
622.68700000000001
782.02300000000002
1922.9400000000001
438.68299999999999
496.839
212.471
417.65600000000001
0.075821
0.22266900000000001
0.15746399999999999
0.29627100000000001
0.072610999999999995
0.030707000000000002
0.037609999999999998
0.081631999999999996
0.166045
0.22736799999999999
0.053365999999999997
0.20374900000000001
0.023466000000000001
0.010279
0.042793999999999999
0.30064400000000002
0.20982200000000001
87.872500000000002
82.559399999999997
175.46000000000001
111.788
92.213099999999997
641.41800000000001
36.0792
39.617899999999999
60.748899999999999
151.94499999999999
0.59962700000000002
0.134049
0.14823500000000001
0.025994
0.093893000000000004
0.059378
38.900300000000001
99.906199999999998
58.078600000000002
37.242600000000003
80.3095
121.732
100.61199999999999
2990.3800000000001
90.131799999999998
0.20899699999999999
0.23664399999999999
0.036832999999999998
0.016209000000000001
0.033721000000000001
0.047453000000000002
0.037619
0.13413700000000001
80.758899999999997
107.884
41.820399999999999
22.0672
845.67999999999995
2999.5500000000002
862.34299999999996
252.642
185.042
235.96700000000001
157.68600000000001
0.12839900000000001
0.20068800000000001
0.14089599999999999
0.111808
0.11990000000000001
0.109038
0.13514899999999999
0.106006
0.15942100000000001
0.062879000000000004
0.078293000000000001
0.028112000000000002
0.22060099999999999
0.391735
0.23638400000000001
20.933499999999999
170.64099999999999
161.15899999999999
210.08600000000001
223.62899999999999
65.003399999999999
75.344999999999999
45.5717
58.590200000000003
156.46700000000001
149.535
154.846
0.26573600000000003
0.14066699999999999
0.092775999999999997
0.040145
0.045841
75.022000000000006
199.535
926.71900000000005
97.382599999999996
41.666200000000003
138.905
184.892
1251.73
0.25611699999999998
0.027319
0.114759
0.011771999999999999
0.036581000000000002
0.069553000000000004
0.055098000000000001
0.075526999999999997
0.229378
56.028799999999997
46.660200000000003
19.620100000000001
9.3667499999999997
35.912799999999997
1038.5999999999999
614.327
134.965
132.77199999999999
101.39700000000001
99.551000000000002
165.96100000000001
0.41746299999999997
0.079972000000000001
0.14135600000000001
0.45342900000000003
0.26878400000000002
0.20923700000000001
0.182342
0.042603000000000002
0.030608
0.030692000000000001
0.11940099999999999
0.13938200000000001
0.12595500000000001
0.15031800000000001
58.715299999999999
79.447500000000005
66.799800000000005
54.534399999999998
47.5745
27.936800000000002
46.5961
77.417000000000002
67.075800000000001
173.637
88.444699999999997
117.738
375.73399999999998
0.10735699999999999
0.255139
0.11372699999999999
0.024486999999999998
528.21000000000004
261.012
632.08900000000006
85.840299999999999
47.5441
121.80200000000001
194.393
452.24700000000001
198.499
0.084012000000000003
0.076925999999999994
0.10061
0.052090999999999998
0.032679
0.159639
0.097865999999999995
80.011600000000001
56.028799999999997
43.101700000000001
12.217499999999999
11.057499999999999
32.101900000000001
0.14432
385.77199999999999
121.923
108.581
45.290900000000001
82.839100000000002
93.2821
0.36432199999999998
0.078799999999999995
0.119695
0.073447999999999999
0.104999
0.13784199999999999
0.044276000000000003
0.080956
0.037984999999999998
0.012070000000000001
0.253469
0.167542
54.844799999999999
124.78700000000001
50.640599999999999
1125.0799999999999
507.779
66.0685
25.114599999999999
20.046700000000001
22.3124
41.174399999999999
69.963099999999997
286.05099999999999
110.361
120.78100000000001
374.18299999999999
0.023470000000000001
0.259633
0.388154
50.689500000000002
447.28300000000002
380.50999999999999
433.55099999999999
121.416
345.50299999999999
137.61600000000001
229.44300000000001
376.01400000000001
0.043351000000000001
0.065171999999999994
0.064210000000000003
0.220383
0.18017900000000001
0.21665200000000001
0.18926999999999999
260.76799999999997
55.500799999999998
38.082900000000002
21.9955
13.011200000000001
0.104782
0.022024999999999999
0.24132799999999999
283.35300000000001
96.648399999999995
143.73400000000001
56.7834
40.4452
36.426699999999997
0.44120399999999999
0.14830499999999999
0.12737999999999999
0.078522999999999996
0.127303
0.16481000000000001
0.033125000000000002
0.054017999999999997
0.16775899999999999
0.087730000000000002
824.05100000000004
1199.5899999999999
760.83799999999997
2160.4699999999998
4008.6300000000001
1236.25
276.75900000000001
71.128399999999999
41.5212
6.3901899999999996
15.8895
31.389900000000001
76.370400000000004
117.82899999999999
4524.5799999999999
0.030518
0.11003400000000001
0.061358000000000003
0.055652
0.16950000000000001
0.27307399999999998
962.89400000000001
86.296400000000006
84.915700000000001
153.755
298.62400000000002
138.85599999999999
259.62299999999999
184.99600000000001
0.034272999999999998
0.022582999999999999
0.061887999999999999
0.51353199999999999
1.0667
154.66499999999999
330.435
167.76599999999999
97.131100000000004
30.270099999999999
0.013448999999999999
0.090096999999999997
0.028728
0.031212
806.79999999999995
127.535
92.021699999999996
162.93199999999999
79.533900000000003
31.8367
52.517800000000001
56.304600000000001
60.9694
0.23772299999999999
0.103037
0.20547699999999999
0.14968500000000001
0.23289199999999999
0.16369400000000001
0.18215899999999999
0.077698000000000003
938.59699999999998
1307.0999999999999
553.01599999999996
593.50800000000004
2820.7199999999998
3229
165.00700000000001
69.371300000000005
54.822600000000001
4.03111
14.238300000000001
34.921500000000002
163.679
665.98599999999999
7014.4099999999999
2666.1900000000001
0.24352499999999999
0.092330999999999996
0.064281000000000005
0.29126200000000002
0.195358
95.958500000000001
80.043800000000005
156.73500000000001
152.13800000000001
308.88299999999998
48.055900000000001
202.69499999999999
0.15337799999999999
0.16332099999999999
0.11436
4.8487799999999996
4.3933600000000004
718.41399999999999
534.57600000000002
345.67599999999999
173.96899999999999
154.84100000000001
0.032529000000000002
0.052749999999999998
0.021958999999999999
0.112723
0.127383
0.118863
102.884
127.90000000000001
67.716300000000004
84.078800000000001
43.246499999999997
76.341700000000003
58.066400000000002
0.102336
0.036476000000000001
0.28342299999999998
0.13448399999999999
0.166578
0.011809
0.041186
0.194968
0.051929999999999997
130.86799999999999
139.53899999999999
260.23200000000003
781.47199999999998
1172.52
1530.1500000000001
433.39699999999999
2050.8499999999999
2460.2600000000002
363.26600000000002
77.428100000000001
231.608
301.43000000000001
437.32100000000003
5003
0.086832999999999994
0.37782100000000002
0.77304300000000004
0.29941400000000001
0.095963999999999994
0.43895899999999999
102.59699999999999
175.172
234.84899999999999
192.75899999999999
184.977
99.550799999999995
270.20999999999998
0.153616
0.47433799999999998
0.10198500000000001
3.1639300000000001
5.1143099999999997
612.52300000000002
472.72699999999998
757.12199999999996
354.47800000000001
332.13900000000001
0.18787999999999999
0.055964
0.15889900000000001
0.053333999999999999
0.096874000000000002
453.39400000000001
81.642700000000005
93.314499999999995
95.164199999999994
49.5717
135.96600000000001
20.046700000000001
81.361800000000002
0.051881999999999998
0.18876399999999999
0.31010199999999999
0.084994
0.037418
0.084268999999999997
0.100105
0.17077500000000001
0.041348000000000003
103.14100000000001
123.366
147.47499999999999
41.268500000000003
111.39100000000001
0.060694999999999999
0.032443
895.99400000000003
1172.2
370.98099999999999
186.22800000000001
173.84800000000001
251.93199999999999
374.54000000000002
3164.1399999999999
0.121241
0.25033699999999998
0.70549399999999995
0.78394900000000001
0.095118999999999995
0.057395000000000002
0.12446699999999999
90.6738
208.72200000000001
257.01799999999997
136.751
126.38200000000001
261.30599999999998
0.17435200000000001
0.17094400000000001
4.5998900000000003
2.7609699999999999
284.25
225.08600000000001
523.60699999999997
764.26900000000001
0.28165099999999998
0.13983200000000001
0.099336999999999995
0.077354999999999993
0.024385
0.084855
0.130383
164.49600000000001
50.428199999999997
133.29499999999999
83.982600000000005
66.877499999999998
83.171599999999998
37.5807
0.093722
0.080304
0.174317
0.037376
0.025307
0.024049000000000001
0.049638000000000002
0.075972999999999999
0.21875
0.14471500000000001
95.131500000000003
144.55199999999999
104.81
50.964399999999998
107.96899999999999
0.163911
173.749
740.25900000000001
599.06700000000001
497.26600000000002
191.089
167.792
144.38
336.59699999999998
0.47736200000000001
0.233402
0.125529
0.079951999999999995
0.185029
0.28281299999999998
0.13159899999999999
0.031612000000000001
0.14599400000000001
139.80799999999999
209.27600000000001
111.705
99.543000000000006
0.052492999999999998
0.098764000000000005
0.16944799999999999
0.39099400000000001
3.0152199999999998
381.78699999999998
385.72300000000001
583
0.147424
0.155087
0.10480200000000001
0.15567
0.28563899999999998
94.203100000000006
98.822500000000005
49.162399999999998
122.369
136.34899999999999
223.453
113.31100000000001
53.661900000000003
0.047647000000000002
0.153028
0.086371000000000003
0.118865
0.024211
0.041037999999999998
0.019951
0.037449000000000003
0.080922999999999995
0.190054
0.38342399999999999
0.171154
76.998999999999995
120.907
59.080399999999997
120.782
180.43100000000001
0.116045
0.079731999999999997
771.83000000000004
0.037364000000000001
0.099978999999999998
78.189700000000002
214.114
291.34300000000002
0.18390300000000001
0.122125
0.147923
0.13986799999999999
0.101532
0.036285999999999999
0.060741000000000003
0.103482
0.087554000000000007
0.068377999999999994
0.037012000000000003
178.17699999999999
145.096
158.364
45.800199999999997
0.127807
0.045357000000000001
0.36831900000000001
2.1780499999999998
0.67993300000000001
279.637
345.73200000000003
431.37400000000002
1074.8299999999999
1183.5999999999999
233.679
84.382599999999996
149.53999999999999
70.075999999999993
87.329400000000007
100.956
193.62299999999999
297.44499999999999
77.319100000000006
0.030258
0.032744000000000002
0.02836
0.082246
0.097604999999999997
0.098110000000000003
0.14421
0.089832999999999996
0.073286000000000004
0.38653999999999999
0.46719300000000002
0.182759
0.048744999999999997
120.54600000000001
321.78300000000002
52.960799999999999
103.05200000000001
0.073231000000000004
0.019359999999999999
0.190166
0.098257999999999998
0.13320799999999999
0.109154
0.227911
0.12843299999999999
0.31221700000000002
0.103952
0.23188300000000001
0.14910300000000001
0.455733
0.43916500000000003
0.19271099999999999
0.223575
0.025902000000000001
0.15305099999999999
0.26984599999999997
0.079649999999999999
191.066
137.196
181.55799999999999
48.040199999999999
72.550200000000004
0.44350000000000001
9.4985700000000008
1.70668
1.06616
2.19286
260.73700000000002
69.840500000000006
1214.05
1209.2
249.49600000000001
112.60599999999999
394.99599999999998
90.571399999999997
129.78700000000001
174.655
338.07400000000001
0.015239000000000001
0.019581999999999999
0.026564000000000001
0.039141000000000002
0.097410999999999998
0.28631400000000001
0.106657
0.16228100000000001
0.586399
0.22541
0.021734
0.14338999999999999
0.15335799999999999
0.123853
0.118649
167.10300000000001
129.416
140.321
289.45600000000002
329.94299999999998
0.16956099999999999
0.28946699999999997
0.13403999999999999
0.066129999999999994
0.085148000000000001
0.110259
0.16198599999999999
0.148391
0.49515199999999998
0.164655
0.155475
0.41395799999999999
0.216889
0.18113799999999999
0.082014000000000004
0.24626600000000001
0.57370500000000002
92.581999999999994
210.99799999999999
149.45400000000001
158.57300000000001
137.47
24.279699999999998
46.927500000000002
0.088480000000000003
9.9094700000000007
2.59754
0.29084100000000002
1.0680799999999999
1.8175699999999999
83.355900000000005
75.853399999999993
934.09000000000003
248.15700000000001
98.707099999999997
199.69399999999999
148.232
571.15099999999995
758.87400000000002
0.126997
0.0080230000000000006
0.0020010000000000002
0.0095259999999999997
0.039496999999999997
0.039156999999999997
0.29483700000000002
0.084437999999999999
0.080931000000000003
0.02002
0.079409999999999994
0.059514999999999998
0.061164000000000003
0.071337999999999999
0.36192099999999999
0.193215
205.19
153.82900000000001
110.925
187.30600000000001
442.30700000000002
96.921099999999996
0.043128
0.044873000000000003
0.049183999999999999
0.21032200000000001
0.136738
0.22437799999999999
0.15291399999999999
0.049695000000000003
0.186337
0.11942700000000001
0.081892000000000006
0.35663600000000001
0.139596
0.051859000000000002
0.45812700000000001
0.85016099999999994
188.89099999999999
102.447
124.36
178.65899999999999
61.615699999999997
30.233599999999999
129.053
91.686300000000003
33.614800000000002
1.91391
0.31216500000000003
1.6513599999999999
0.57322799999999996
1707.3900000000001
2925.6999999999998
659.23400000000004
227.44900000000001
213.62
360.99400000000003
86.810400000000001
0.087970999999999994
0.18923999999999999
0.038532999999999998
0.020462000000000001
0.011183999999999999
0.020295000000000001
0.023661000000000001
0.036734000000000003
0.036499999999999998
0.043867999999999997
0.010361
0.004568
0.078834000000000001
0.085762000000000005
0.111872
0.107585
0.18243599999999999
0.25975399999999998
189.65100000000001
152.929
114.652
349.58600000000001
369.21600000000001
83.817899999999995
0.015538
0.061920000000000003
0.030426000000000002
0.045509000000000001
0.084301000000000001
0.089175000000000004
0.23205400000000001
0.291987
0.13535800000000001
0.129636
0.099399000000000001
0.24138200000000001
0.515158
0.151
0.99510799999999999
0.13677600000000001
0.086854000000000001
123.389
138.90600000000001
118.375
79.8904
35.195099999999996
84.278599999999997
52.765000000000001
117.777
484.94999999999999
0.51352799999999998
2.0007700000000002
357.05099999999999
1173.8800000000001
1946.23
627.18799999999999
252.863
151.19800000000001
267.62299999999999
0.075822000000000001
0.24001400000000001
0.075410000000000005
0.076938000000000006
0.095793000000000003
0.014798
0.026596999999999999
0.146648
0.102883
0.17782300000000001
0.11422499999999999
0.023990999999999998
0.033848000000000003
0.019633999999999999
0.078615000000000004
0.026248
0.128305
0.35633799999999999
1.0637300000000001
163.17599999999999
208.649
102.815
211.488
239.5
85.591899999999995
0.033007000000000002
0.067881999999999998
0.028583000000000001
0.019123000000000001
0.098986000000000005
42.588099999999997
44.038400000000003
0.25050600000000001
0.28507500000000002
0.042772999999999999
0.14332500000000001
0.27026099999999997
0.45757399999999998
0.42044399999999998
0.64613500000000001
0.51876800000000001
0.23155700000000001
158.61199999999999
307.68299999999999
437.73399999999998
98.727900000000005
25.1069
40.183700000000002
78.085999999999999
58.6706
688.80600000000004
1077.03
251.31
135.33699999999999
475.06299999999999
1338.2
963.76999999999998
209.375
89.405500000000004
128.649
276.25799999999998
0.14214199999999999
0.18156
0.12388100000000001
0.106527
0.045437999999999999
0.027771000000000001
0.056094999999999999
0.047588999999999999
0.090477000000000002
0.12329900000000001
0.011232000000000001
0.057486000000000002
0.044169
0.045762999999999998
0.086909
0.065167000000000003
0.90785199999999999
0.398754
0.0060260000000000001
77.584299999999999
79.6601
355.42099999999999
218.78299999999999
53.603200000000001
189.23500000000001
64.063299999999998
0.090750999999999998
0.086708999999999994
87.976799999999997
57.4251
32.780900000000003
78.934799999999996
104.09699999999999
0.10099
0.227219
0.044845000000000003
0.118128
0.080231999999999998
0.14876300000000001
0.115842
389.47899999999998
204.25899999999999
263.62
418.30000000000001
126.68899999999999
24.420000000000002
42.144500000000001
150.64699999999999
33.965600000000002
52.856499999999997
204.65299999999999
308.06700000000001
209.756
303.95699999999999
535.46900000000005
650.97000000000003
0.078382999999999994
0.055017000000000003
115.28400000000001
259.46600000000001
741.21500000000003
0.35830800000000002
0.20702999999999999
0.057876999999999998
0.035642
0.072609999999999994
0.052947000000000001
0.045585000000000001
0.070306999999999994
0.16531000000000001
0.051785999999999999
0.092188000000000006
0.51035399999999997
0.16145300000000001
0.080423999999999995
0.032759999999999997
0.047557000000000002
0.084379999999999997
0.086432999999999996
0.48661599999999999
49.263199999999998
414.69099999999997
138.501
61.7179
72.873500000000007
0.018131000000000001
590.24900000000002
446.96800000000002
70.563199999999995
18.132000000000001
32.931600000000003
77.842799999999997
0.43078499999999997
0.070509000000000002
0.056314000000000003
0.19833200000000001
0.23571
0.58639699999999995
0.22140000000000001
0.26026700000000003
0.57761899999999999
245.97
229.85499999999999
271.553
117.075
101.036
75.038600000000002
132.422
52.242600000000003
30.4193
104.303
234.84899999999999
568.39800000000002
571.28300000000002
386.53100000000001
0.050244999999999998
0.34266099999999999
0.055601999999999999
60.789400000000001
132.303
753.63800000000003
141.03
0.022065000000000001
0.054518999999999998
0.049903999999999997
0.02026
0.015779999999999999
0.0080110000000000008
0.041345
0.071387000000000006
0.35217599999999999
0.23785700000000001
0.32345800000000002
0.77627500000000005
0.054346999999999999
0.026117000000000001
0.056491
0.039878999999999998
0.064994999999999997
0.080422999999999994
0.037941999999999997
1172.77
137.69900000000001
28.171500000000002
58.996200000000002
156.55099999999999
621.22799999999995
228.79300000000001
100.113
28.373000000000001
26.8111
200.90299999999999
0.109274
0.046580999999999997
0.027549000000000001
0.072935
0.084450999999999998
0.054115999999999997
0.099279000000000006
0.50251699999999999
0.41122300000000001
319.17700000000002
297.22899999999998
173.78999999999999
84.424000000000007
74.166799999999995
90.251400000000004
147.38900000000001
57.752400000000002
246.60599999999999
188.685
307.49400000000003
554.48299999999995
1556.75
384.197
0.071471999999999994
0.107029
0.043942000000000002
0.122825
236.423
321.56900000000002
134.911
49.327199999999998
0.056730999999999997
0.094291
0.049848999999999997
0.060947000000000001
0.105861
0.088754
0.119574
0.32403700000000002
0.385017
0.13778099999999999
0.25356800000000002
0.030242999999999999
0.062601000000000004
0.071278999999999995
0.031921999999999999
0.32363900000000001
1118.8900000000001
916.29899999999998
617.08600000000001
109.81399999999999
27.624700000000001
98.742900000000006
147.74299999999999
420.51999999999998
167.989
214.55799999999999
0.051366000000000002
0.213892
0.47799000000000003
0.21756500000000001
0.261903
0.086457999999999993
0.14343400000000001
0.099487999999999993
0.18989200000000001
0.27753899999999998
0.25992900000000002
0.26961800000000002
501.13799999999998
406.32999999999998
213.83699999999999
183.643
55.585799999999999
36.3217
86.813000000000002
222.58699999999999
315.02499999999998
380.05000000000001
308.47899999999998
401.01799999999997
2735.4499999999998
0.029883
0.13661599999999999
0.40823300000000001
0.19295999999999999
0.049709999999999997
118.09099999999999
45.9176
78.853700000000003
61.609499999999997
0.29709400000000002
1.39768
0.70805300000000004
0.078885999999999998
0.12235600000000001
0.30119600000000002
0.24599099999999999
0.091467999999999994
0.19417300000000001
1.47705
0.51700999999999997
0.16826099999999999
0.055801000000000003
0.124124
0.20157800000000001
1372.3499999999999
1107.72
843.71400000000006
436.82299999999998
44.187399999999997
33.866199999999999
59.772799999999997
180.91999999999999
44.981400000000001
0.211452
0.47067799999999999
0.214758
0.54456599999999999
0.17953
0.048469999999999999
0.111399
0.050949000000000001
0.056696000000000003
0.042654999999999998
0.146346
0.084570000000000006
0.14648700000000001
0.3745
0.75400800000000001
539.64300000000003
389.92200000000003
185.52799999999999
58.1982
26.5871
288.84699999999998
234.392
166.703
315.51100000000002
343.66500000000002
409.03199999999998
1196.0699999999999
0.060587000000000002
0.23318700000000001
0.39174199999999998
0.043351000000000001
0.031334000000000001
160.31200000000001
150.93700000000001
71.4803
62.688000000000002
70.762699999999995
1.0904100000000001
0.56443200000000004
0.148646
0.061816999999999997
0.28807100000000002
1.11605
0.47788599999999998
0.13220699999999999
0.55440100000000003
1.5252600000000001
0.678593
0.977522
0.157938
0.20546500000000001
698.601
1625.76
434.84699999999998
949.18499999999995
35.884900000000002
38.750900000000001
199.16999999999999
271.45600000000002
79.585499999999996
198.505
0.31204199999999999
0.047798
0.175013
0.17016999999999999
0.095556000000000002
0.10186099999999999
0.066798999999999997
0.0085830000000000004
0.048813000000000002
0.0080719999999999993
0.022599000000000001
0.13672799999999999
378.47899999999998
212.08199999999999
624.45600000000002
577.32799999999997
262.24700000000001
223.768
14.195600000000001
331.82799999999997
259.62299999999999
268.822
436.92500000000001
251.124
372.447
525.86900000000003
1007.51
0.14866799999999999
0.111785
0.12975200000000001
0.014311000000000001
161.31299999999999
173.899
83.391800000000003
24.933499999999999
0.94196299999999999
0.13644300000000001
0.216061
0.27145900000000001
0.153553
1.40042
0.89881299999999997
2.1820400000000002
0.21993199999999999
0.65346800000000005
0.26278200000000002
1.4864299999999999
1.9674499999999999
0.39467999999999998
0.121361
958.851
681.38400000000001
394.16000000000003
702.64800000000002
711.23800000000006
35.159999999999997
214.31299999999999
631.43899999999996
224.97200000000001
241.03899999999999
0.018103000000000001
0.025028999999999999
0.034416000000000002
0.091274999999999995
0.24272199999999999
0.18513099999999999
0.041834999999999997
0.020306000000000001
0.010795000000000001
0.028948999999999999
24.486699999999999
180.101
1004.0700000000001
449.30700000000002
719.60199999999998
259.98599999999999
174.756
164.58199999999999
72.936999999999998
111.62
229.51900000000001
144.49799999999999
213.494
310.06999999999999
162.63
649.85400000000004
1143.73
1203.0799999999999
0.35438700000000001
191.40799999999999
144.64500000000001
159.74799999999999
308.589
94.643799999999999
26.5764
0.318687
0.191051
0.61864200000000003
0.66485099999999997
0.35081600000000002
0.25503199999999998
0.218997
1.2482200000000001
0.078178999999999998
0.19595399999999999
0.28332099999999999
0.21122199999999999
1.2776700000000001
0.84055500000000005
0.037532000000000003
1946.8399999999999
1418
883.73599999999999
983.048
0.222497
0.10884099999999999
0.13473399999999999
0.071515999999999996
176.34200000000001
370.536
0.071106000000000003
0.10528999999999999
0.044294
0.066060999999999995
0.157169
0.245589
0.12189899999999999
0.054058000000000002
0.077537999999999996
115.321
22.8109
109.851
1139.3900000000001
125.167
570.32500000000005
146.14099999999999
69.398300000000006
144.256
45.762
124.015
195.05699999999999
178.87299999999999
159.38800000000001
386.91000000000003
144.65700000000001
768.25900000000001
1522.6900000000001
1533.51
467.88
216.685
91.733699999999999
45.614100000000001
101.71899999999999
0.30749199999999999
0.47086600000000001
0.165769
0.46590399999999998
0.27367799999999998
0.64535900000000002
0.55015599999999998
0.94677900000000004
0.90234599999999998
1.00332
0.16655
0.088438000000000003
0.038336000000000002
0.019466000000000001
0.220642
0.147421
0.075396000000000005
1795.6800000000001
750.93799999999999
575.05700000000002
854.56399999999996
0.021281999999999999
0.45606200000000002
0.060712000000000002
0.068858000000000003
0.048871999999999999
0.073940000000000006
0.062248999999999999
0.011672999999999999
0.050745999999999999
0.044181999999999999
0.010989000000000001
0.031477999999999999
0.10269499999999999
0.57233199999999995
0.093779000000000001
0.27192
15.548299999999999
78.641199999999998
1491.9200000000001
80.706500000000005
513.00099999999998
194
84.168099999999995
65.003299999999996
91.467799999999997
329.09899999999999
208.85599999999999
88.740700000000004
121.976
353.09399999999999
125.965
819.77999999999997
0.120754
1336.6800000000001
181.334
149.68700000000001
76.523200000000003
125.855
0.20747599999999999
0.153088
0.022964999999999999
0.13017799999999999
0.37752999999999998
0.77941700000000003
0.099792000000000006
0.274781
0.19120400000000001
0.63569100000000001
0.66005800000000003
0.221085
0.071748999999999993
0.012019999999999999
0.010436000000000001
0.023067000000000001
0.089006000000000002
0.047722000000000001
1566.1199999999999
1865.77
312.48399999999998
650.14200000000005
0.033056000000000002
0.033725999999999999
0.108902
0.152666
0.015744000000000001
0.060224
0.107461
0.21064099999999999
0.083925
0.050075000000000001
0.0135
0.064079999999999998
0.057320999999999997
0.22756899999999999
0.073485999999999996
0.53915599999999997
0.78943099999999999
46.869199999999999
1017.01
712.30600000000004
380.185
131.048
93.606800000000007
118.18899999999999
92.569299999999998
0.73570599999999997
0.45154100000000003
0.84469399999999994
128.11600000000001
0.477767
0.219391
0.038927999999999997
29.979199999999999
80.8904
118.26300000000001
103.322
90.7517
0.19259699999999999
0.38740000000000002
0.24982099999999999
0.074329999999999993
0.047731999999999997
0.035036999999999999
0.39291900000000002
0.61505600000000005
0.19882
0.098261000000000001
1.1122700000000001
0.46258199999999999
0.338837
0.091201000000000004
0.024812000000000001
0.039982999999999998
0.21868599999999999
0.27012900000000001
0.123545
846.77499999999998
1633.6700000000001
712.70600000000002
0.042708999999999997
0.106263
0.043905
0.031822000000000003
0.109984
0.050141999999999999
0.065925999999999998
0.58608300000000002
0.35207300000000002
0.406501
0.27898299999999998
0.080103999999999995
0.106048
0.074644000000000002
0.077753000000000003
0.119307
0.60659099999999999
0.411997
0.702322
73.214200000000005
198.32599999999999
137.24600000000001
125.997
72.1053
53.370199999999997
0.50236899999999995
1.09829
0.18113099999999999
0.54824499999999998
1.9474199999999999
0.739483
0.123406
47.439999999999998
35.469099999999997
113.29300000000001
163.25999999999999
74.938100000000006
0.052762000000000003
0.091616000000000003
0.072654999999999997
0.036246
0.17765300000000001
0.107128
0.16428699999999999
0.098601999999999995
0.48460999999999999
0.85357000000000005
0.038013999999999999
0.053804999999999999
0.34200599999999998
0.35815900000000001
0.018863999999999999
0.023503
0.038875
0.099862999999999993
0.146315
0.37369000000000002
482.70400000000001
1887.8699999999999
647.18700000000001
524.47400000000005
0.96171799999999996
0.23194600000000001
0.284418
0.366786
0.43119099999999999
0.37992399999999998
0.330849
0.28385899999999997
0.63584600000000002
1.0310600000000001
0.79752400000000001
0.067135
0.013576
0.051891
0.137735
0.33709099999999997
0.78933600000000004
99.882199999999997
367.125
149.68799999999999
30.979199999999999
58.805599999999998
38.070500000000003
51.671599999999998
0.47366599999999998
1.42835
0.96682800000000002
0.80448500000000001
0.46707500000000002
758.072
58.152200000000001
61.119399999999999
16.790099999999999
0.079311999999999994
0.47244599999999998
0.19011500000000001
0.109212
0.029339
0.0061529999999999996
0.009606
0.068649000000000002
0.096601999999999993
0.094535999999999995
0.700627
0.11106199999999999
0.30165999999999998
0.046899000000000003
0.11669599999999999
0.22693099999999999
0.19137000000000001
0.035238999999999999
0.17605899999999999
0.033187000000000001
0.50442299999999995
0.26456600000000002
0.48154000000000002
99.503399999999999
1515.4000000000001
378.57400000000001
554.59400000000005
152.334
0.40747800000000001
1.0925
1.15537
0.15804599999999999
0.572075
0.091101000000000001
0.27341599999999999
0.79168000000000005
1.5963099999999999
1.8694299999999999
0.320969
0.078051999999999996
0.035975
749.86599999999999
397.02800000000002
33.566000000000003
293.09399999999999
115.842
96.797700000000006
47.138500000000001
89.469200000000001
24.551500000000001
93.784300000000002
0.072244000000000003
0.67792799999999998
2.2031999999999998
0.546678
157.46600000000001
831.00099999999998
57.336300000000001
70.707999999999998
0.44115599999999999
0.19312299999999999
0.29164200000000001
0.25336500000000001
0.091883000000000006
0.051582999999999997
0.011253000000000001
0.0047739999999999996
0.015629000000000001
0.10369
0.100662
0.056344999999999999
0.070329000000000003
0.066091999999999998
0.096670000000000006
0.10820100000000001
0.114829
0.130879
0.27424999999999999
0.16883600000000001
0.019377999999999999
0.15784200000000001
0.64999899999999999
0.37810300000000002
278.25599999999997
211.636
332.83999999999997
216.91399999999999
232.29300000000001
147.292
0.41964299999999999
0.52585499999999996
0.16406499999999999
0.47873399999999999
0.25203700000000001
1.37764
1.5018
2.55755
0.49121199999999998
0.15538099999999999
726.81299999999999
4029.4400000000001
1094.6900000000001
343.005
67.561700000000002
157.28700000000001
119.91200000000001
143.572
32.075600000000001
465.19400000000002
128.65799999999999
0.11537799999999999
0.111285
0.105389
50.275199999999998
148.52500000000001
152.375
1122.23
73.289100000000005
0.15713299999999999
0.29184399999999999
2.5013299999999998
0.44735999999999998
0.038084
0.059180999999999997
0.067771999999999999
0.126774
0.025375000000000002
0.082138000000000003
0.18474299999999999
0.077243000000000006
0.041897999999999998
0.066446000000000005
0.047781999999999998
0.064768000000000006
0.72577800000000003
0.79019600000000001
0.175314
0.106561
0.045517000000000002
0.050659999999999997
0.057579999999999999
0.029904
0.15112400000000001
280.97199999999998
270.52800000000002
466.08800000000002
0.84283799999999998
0.59562499999999996
76.236599999999996
102.547
0.087894
0.073594000000000007
0.113513
0.49446800000000002
1.5415300000000001
2.84368
1.63018
5227.8100000000004
5731.9499999999998
1993.8299999999999
3313.98
1538.8099999999999
974.76300000000003
125.32599999999999
81.598399999999998
331.14699999999999
107.973
56.919899999999998
0.44390000000000002
255.08099999999999
106.989
107.01000000000001
122.092
83.524799999999999
285.74099999999999
494.90699999999998
0.273393
0.702322
0.235565
0.34088200000000002
2.7714500000000002
0.13639899999999999
0.057377999999999998
0.048762
0.02877
0.12940299999999999
0.070574999999999999
0.28565099999999999
0.081194000000000002
0.020386000000000001
0.13833000000000001
0.28133900000000001
0.043955000000000001
0.22981499999999999
0.29200900000000002
0.31053500000000001
0.094173000000000007
0.057035000000000002
0.021292999999999999
0.016914999999999999
0.085329000000000002
0.230129
0.089218000000000006
421.11599999999999
98.090299999999999
424.73099999999999
171.756
1.88636
0.027451
0.065852999999999995
0.036956999999999997
0.028115000000000001
0.035284000000000003
0.172405
0.40093499999999999
442.18099999999998
368.99099999999999
3144.8299999999999
9291.9699999999993
1497.21
3227.1700000000001
4825.1300000000001
528.85000000000002
0.13788900000000001
706.697
214.53399999999999
284.22000000000003
25.299700000000001
0.54883300000000002
0.51514300000000002
86.584900000000005
107.59699999999999
56.512700000000002
225.518
413.34699999999998
0.103824
0.26113700000000001
0.20719299999999999
0.067878999999999995
0.13294400000000001
0.16478699999999999
0.19020599999999999
0.063576999999999995
0.030495999999999999
0.020121
0.14260700000000001
0.145233
0.032648999999999997
0.071970999999999993
0.215893
0.52870200000000001
0.242343
0.102826
0.36885499999999999
0.099893999999999997
0.12095499999999999
0.046386999999999998
0.090924000000000005
0.117411
0.069304000000000004
0.28159600000000001
0.72009500000000004
0.21504100000000001
219.56700000000001
102.081
565.00300000000004
551.93600000000004
0.12609999999999999
0.08591
0.063925999999999997
0.046788000000000003
0.16303200000000001
0.048482999999999998
0.24786900000000001
0.135769
414.56200000000001
219.35400000000001
3425.0599999999999
9370.7700000000004
5068.6000000000004
5112.5
0.055034
0.061885999999999997
0.057514000000000003
681.34500000000003
545.81100000000004
385.45999999999998
79.751900000000006
0.31121199999999999
64.088700000000003
68.691199999999995
128.43600000000001
125.03400000000001
210.06700000000001
412.38
0.068321999999999994
0.15750900000000001
0.29973699999999998
0.29711100000000001
0.57192399999999999
0.11491800000000001
0.22096099999999999
0.049884999999999999
0.048724999999999997
0.062490999999999998
0.17968200000000001
0.079830999999999999
0.060421999999999997
0.097697999999999993
0.125911
0.56994199999999995
0.378529
0.55437199999999998
0.49765399999999999
0.037948000000000003
0.030671
0.054741999999999999
0.12959200000000001
0.40004600000000001
0.48797699999999999
0.20715700000000001
0.29946299999999998
0.23248099999999999
369.46899999999999
81.171099999999996
261.05599999999998
240.786
359.24099999999999
0.21759899999999999
0.305039
2.5756000000000001
1.1149800000000001
0.177345
0.15573200000000001
595.88499999999999
949.67999999999995
337.20499999999998
2950.8099999999999
7572.46
9276.0699999999997
3616.0599999999999
0.101197
1629.49
2375.3099999999999
809.74800000000005
205.35400000000001
88.560699999999997
142.71600000000001
308.51799999999997
67.551699999999997
71.8035
166.733
133.589
173.96600000000001
9.0763200000000008
14.795299999999999
62.531199999999998
0.21937699999999999
0.56168799999999997
0.40437099999999998
0.16478100000000001
0.049364999999999999
0.0089309999999999997
0.087747000000000006
0.0281
0.012899000000000001
0.13216800000000001
0.16474
0.052970999999999997
0.020944000000000001
0.25577499999999997
0.99424299999999999
0.93592299999999995
0.48575400000000002
0.16367499999999999
0.123186
0.11991
0.13919799999999999
0.643764
1.0466599999999999
0.77832000000000001
0.63516700000000004
0.128664
286.899
124.41800000000001
299.43299999999999
273.29199999999997
599.86599999999999
2311.6300000000001
0.120259
0.96316999999999997
0.22897100000000001
1.0555000000000001
0.092419000000000001
417.529
1197.4000000000001
637.87699999999995
2266.3400000000001
9612.6100000000006
114.548
480.33699999999999
728.077
1346.5699999999999
4926.8100000000004
1364.9000000000001
0.58633100000000005
0.35908000000000001
151.94800000000001
493.47000000000003
86.718900000000005
168.41800000000001
220.62899999999999
289.29000000000002
151.52199999999999
47.027900000000002
43.989600000000003
73.462299999999999
25.6693
0.189222
0.15485299999999999
0.044732000000000001
0.097176999999999999
0.16919999999999999
0.12257800000000001
0.012364999999999999
0.019096999999999999
0.105364
0.053484999999999998
0.109655
0.23367399999999999
0.286078
0.149253
0.34351799999999999
0.23799699999999999
0.103507
0.29580099999999998
0.27799800000000002
0.079103000000000007
2.6623399999999999
0.22814899999999999
0.45485599999999998
0.35100100000000001
0.35849999999999999
0.11956700000000001
166.80099999999999
171.33799999999999
318.79199999999997
806.58500000000004
729.57299999999998
0.079726000000000005
0.67654300000000001
0.50763899999999995
0.36506899999999998
575.30799999999999
481.928
893.65499999999997
935.30799999999999
2874.1199999999999
77.370000000000005
174.08099999999999
512.02300000000002
1168.78
2113.4299999999998
0.76935200000000004
1.4085000000000001
0.072511999999999993
0.151007
511.113
1835.26
272.18400000000003
290.279
258.30500000000001
331.928
261.096
26.942799999999998
60.609699999999997
117.185
28.498200000000001
0.041672000000000001
0.057646999999999997
0.086485999999999993
0.023314000000000001
0.13562099999999999
0.387465
0.136737
0.14355399999999999
0.068316000000000002
0.15984699999999999
0.081290000000000001
0.294101
0.104326
0.057576000000000002
0.154666
0.26608199999999999
0.15248500000000001
0.20069300000000001
0.061823000000000003
0.056744999999999997
0.092854999999999993
0.075648000000000007
0.28352100000000002
0.13615099999999999
0.32608700000000002
0.18109600000000001
0.099821999999999994
0.314392
1.04348
0.146701
398.69
603.58500000000004
0.17533099999999999
0.26179799999999998
841.28099999999995
689.73099999999999
470.90800000000002
873.76400000000001
162.76300000000001
81.084400000000002
49.481900000000003
169.643
450.30700000000002
699.08699999999999
0.73925300000000005
1.6007100000000001
0.63177700000000003
0.045312999999999999
0.032190999999999997
0.062557000000000001
0.021659000000000001
247.06999999999999
294.83499999999998
283.64699999999999
718.16499999999996
254.12700000000001
89.169899999999998
26.944199999999999
103.94
56.562800000000003
0.048363000000000003
0.26538200000000001
0.080447000000000005
0.078298999999999994
0.115992
0.13425400000000001
0.53336899999999998
0.24990699999999999
0.47743400000000003
0.12748899999999999
0.125834
0.97605699999999995
0.178423
0.095836000000000005
0.028975000000000001
0.13241900000000001
0.22268499999999999
0.095481999999999997
0.046658999999999999
0.090028999999999998
0.79164800000000002
0.54444599999999999
0.60730200000000001
0.39058199999999998
0.16361400000000001
0.060540999999999998
0.133663
0.40400599999999998
0.91606299999999996
0.16996
0.224854
0.090685000000000002
0.070072999999999996
0.097905000000000006
1156.29
753.30799999999999
1428.1400000000001
734.56399999999996
121.113
56.753900000000002
123.715
460.411
0.25810499999999997
0.256164
0.286352
0.71139200000000002
0.32252500000000001
0.069896
0.151893
0.205289
0.038218000000000002
217.79599999999999
283.18000000000001
640.91200000000003
612.52200000000005
196.684
61.080599999999997
76.061700000000002
13.8779
106.2
265.39600000000002
217.59399999999999
0.221
0.43448500000000001
0.049376999999999997
0.122349
0.378193
0.14379700000000001
0.14627999999999999
0.097549999999999998
0.25253999999999999
0.12867500000000001
0.016355000000000001
0.063578999999999997
0.031854
0.038764
0.051966999999999999
0.041161000000000003
0.063974000000000003
0.24651400000000001
0.29052600000000001
0.27677499999999999
0.46437499999999998
0.75878100000000004
0.18696299999999999
0.29363800000000001
0.86242600000000003
0.206647
0.206762
0.20458699999999999
0.41372300000000001
0.065629000000000007
0.106812
0.085528999999999994
1934.6700000000001
1617.4000000000001
1358.1099999999999
1049.48
174.876
85.532200000000003
197.059
0.14940500000000001
0.25013600000000002
0.20194500000000001
0.15437000000000001
0.099944000000000005
0.118266
0.16903299999999999
0.311589
0.077853000000000006
0.193133
214.44800000000001
430.48700000000002
536.09699999999998
460.40300000000002
103.441
56.57
47.033200000000001
41.580599999999997
99.382999999999996
247.42500000000001
126.172
0.10988000000000001
0.68167
0.150501
0.083516999999999994
0.049383999999999997
0.13347400000000001
0.054946000000000002
0.079805000000000001
0.17071
0.13633100000000001
0.022207999999999999
0.041449
0.018693999999999999
0.061185000000000003
0.083345000000000002
0.034348999999999998
0.13806099999999999
0.35821799999999998
0.18844
0.240287
0.72952300000000003
0.70615899999999998
0.97183399999999998
0.27385799999999999
0.53440100000000001
0.039197000000000003
0.025755
0.065978999999999996
0.272096
0.430645
0.23559099999999999
0.057834999999999998
2496.1300000000001
2088.3099999999999
789.89499999999998
417.39299999999997
138.072
115.86199999999999
0.143849
0.31761699999999998
0.082222000000000003
0.39118700000000001
0.19562499999999999
0.057951000000000003
0.082407999999999995
0.25530999999999998
0.030896
0.150086
0.12238499999999999
351.858
353.07299999999998
827.16099999999994
274.10000000000002
168.483
77.401200000000003
24.381699999999999
49.605600000000003
62.202599999999997
206.386
0.16070100000000001
0.10069500000000001
0.025694999999999999
0.050122
0.015173000000000001
0.126696
0.097612000000000004
0.031718000000000003
0.17714299999999999
0.098715999999999998
0.078662999999999997
0.031223999999999998
0.0098989999999999998
0.067638000000000004
0.050068000000000001
0.076665999999999998
0.14555100000000001
0.63451800000000003
0.542045
1.8897600000000001
0.15668399999999999
0.41517199999999999
0.38865300000000003
0.31432199999999999
0.336926
0.47527599999999998
0.095861000000000002
0.089777999999999997
0.025048999999999998
0.074389999999999998
0.088732000000000005
0.122238
887.36300000000006
915.06299999999999
705.58600000000001
568.75999999999999
728.423
117.547
0.22820499999999999
0.43142000000000003
0.48348600000000003
0.14279600000000001
0.237619
0.049003999999999999
0.024381
0.066053000000000001
0.12571399999999999
0.075964000000000004
0.21774099999999999
0.074674000000000004
674.50199999999995
326.83100000000002
1468.8
178.65799999999999
117.465
36.1524
24.357900000000001
38.386400000000002
1278.3299999999999
0.15196299999999999
0.068871000000000002
0.066988000000000006
0.061406000000000002
0.15704299999999999
0.031425000000000002
0.052951999999999999
0.030453000000000001
0.071303000000000005
0.039882000000000001
0.102252
0.037066000000000002
0.023215
0.060204000000000001
0.26326899999999998
0.94433100000000003
1.2218500000000001
0.395702
0.29332999999999998
0.40947899999999998
1.1684399999999999
0.28686899999999999
0.11333500000000001
0.098304000000000002
0.18307999999999999
0.123683
0.66464000000000001
0.69166899999999998
0.113399
0.055523999999999997
0.016412
0.056387
0.025479000000000002
1499.01
1076.0599999999999
500.11700000000002
648.09699999999998
900.08500000000004
124.149
0.29578399999999999
0.66937100000000005
0.075715000000000005
0.103616
0.083196000000000006
0.040254999999999999
0.030901000000000001
0.065545000000000006
142.00999999999999
117.893
182.29400000000001
436.61799999999999
602.654
378.05099999999999
1405.4400000000001
444.779
160.577
58.764899999999997
25.283899999999999
31.898499999999999
1331.98
1168.8699999999999
0.10123500000000001
0.15463099999999999
0.19716500000000001
0.21370600000000001
0.034868000000000003
0.0099710000000000007
0.27632899999999999
0.022105
0.019335000000000001
0.018173000000000002
0.032833000000000001
0.0080979999999999993
0.074993000000000004
0.96731400000000001
0.498724
0.20746800000000001
0.24812899999999999
1.12178
0.65448799999999996
0.43266500000000002
0.479823
0.086804000000000006
0.069443000000000005
0.086155999999999996
0.060576999999999999
0.54723299999999997
0.39258300000000002
0.64577499999999999
0.118313
0.32984599999999997
0.051233000000000001
613.553
503.97300000000001
598.59100000000001
728.48699999999997
851.55399999999997
539.87199999999996
1825.01
0.122784
0.121611
0.041147000000000003
0.20716000000000001
0.19078800000000001
0.15671099999999999
127.712
1458.23
296.78899999999999
86.474900000000005
221.50299999999999
1261.0799999999999
936.44100000000003
238.81899999999999
740.23299999999995
245.33799999999999
99.396299999999997
156.09299999999999
49.831699999999998
39.183399999999999
1208.1099999999999
566.625
13759.6
0.20804400000000001
0.13597100000000001
0.13009699999999999
306.68299999999999
221.077
0.029486999999999999
0.015636000000000001
0.011032999999999999
0.015632
0.054361
0.074826000000000004
0.065564999999999998
0.70675100000000002
0.50464299999999995
0.67711900000000003
0.110068
0.396341
0.091072
0.041535000000000002
0.095554
0.21287200000000001
0.056025999999999999
0.065425999999999998
0.33146100000000001
0.77020900000000003
0.14168800000000001
0.67816799999999999
0.72598499999999999
0.17511499999999999
0.078438999999999995
0.049762000000000001
745.37800000000004
717.35699999999997
1025.5
1282.4400000000001
490.37799999999999
977.90599999999995
396.24099999999999
0.081391000000000005
0.079315999999999998
0.022695
0.17066600000000001
0.20405699999999999
148.34999999999999
259.72000000000003
435.05599999999998
321.03100000000001
426.61500000000001
1481.78
803.91700000000003
106.66
293.81
206.249
100.063
141.791
40.992199999999997
21.789200000000001
113.345
949.08399999999995
7130.4099999999999
8.1918399999999991
12.603899999999999
0.046816000000000003
83.491799999999998
182.137
384.137
209.90899999999999
0.018114999999999999
0.042823
0.16094900000000001
0.066591999999999998
0.16436300000000001
0.26905400000000002
0.39500600000000002
0.10828699999999999
0.074936000000000003
0.10317
0.240282
0.15379999999999999
0.138654
0.018343999999999999
0.050955
0.090692999999999996
305.20299999999997
191.39699999999999
124.392
574.30700000000002
484.52800000000002
0.097903000000000004
0.027637999999999999
0.120409
693.18399999999997
598.58000000000004
954.12300000000005
1416.0999999999999
1217.1199999999999
395.53199999999998
699.49800000000005
9190.0400000000009
0.071468000000000004
0.028975999999999998
0.053642000000000002
1188.8199999999999
317.63299999999998
305.48599999999999
294.66399999999999
206.39500000000001
116.83199999999999
586.25300000000004
366.125
218.958
302.05399999999997
243.23599999999999
154.06100000000001
141.36500000000001
142.285
71.002300000000005
109.687
92.736400000000003
71.992999999999995
24.1828
10.259600000000001
39.882800000000003
140.82400000000001
200.35400000000001
211.17400000000001
0.059847999999999998
0.045276999999999998
0.11765399999999999
0.115304
0.049618000000000002
0.083086999999999994
0.25461
0.044896999999999999
0.011057000000000001
0.063493999999999995
0.039530999999999997
0.12292599999999999
0.13023599999999999
0.112871
0.019349000000000002
0.032053999999999999
0.035465000000000003
0.19995599999999999
0.036831000000000003
0.092775999999999997
0.15773400000000001
0.038337000000000003
0.016081999999999999
0.047933999999999997
440.34399999999999
898.33600000000001
386.98099999999999
522.70299999999997
1174.3099999999999
1255.98
425.71300000000002
1673.52
10806.700000000001
0.064484
0.043475
0.013884000000000001
1356.3599999999999
470.49099999999999
400.86500000000001
204.68199999999999
69.179299999999998
63.350700000000003
263.00299999999999
466.21800000000002
300.15600000000001
498.24599999999998
440.69099999999997
371.12799999999999
334.63400000000001
229.815
206.95500000000001
110.842
40.196199999999997
65.886700000000005
30.627800000000001
20.851700000000001
26.942399999999999
55.662700000000001
210.18899999999999
295.88400000000001
0.015036000000000001
0.064598000000000003
0.099851999999999996
0.171489
0.082987000000000005
0.077526999999999999
0.210428
0.042530999999999999
0.033985000000000001
0.018009000000000001
0.123949
0.34135399999999999
0.31079499999999999
0.12168900000000001
0.021805999999999999
0.069078000000000001
0.64463999999999999
0.047560999999999999
0.071095000000000005
0.147093
0.201651
0.026932999999999999
0.017953
0.015587
1067.55
211.08199999999999
249.922
452.40600000000001
829.77200000000005
1229.51
1111.77
1070.9000000000001
15874.6
0.075592000000000006
0.097244999999999998
0.13373499999999999
1117.1900000000001
615.49000000000001
817.697
438.81799999999998
75.837000000000003
86.592100000000002
126.32299999999999
317.06700000000001
544.60799999999995
599.88199999999995
203.23099999999999
468.93299999999999
945.79499999999996
271.52100000000002
139.03700000000001
63.950099999999999
35.465400000000002
50.662500000000001
15.6974
23.781199999999998
29.980399999999999
107.854
243.56700000000001
0.015805
0.026641999999999999
0.022431
0.091899999999999996
0.073076000000000002
0.55936900000000001
0.076702000000000006
0.47912900000000003
0.10401299999999999
0.072150000000000006
0.01281
0.035376999999999999
0.110594
0.057373
0.19534099999999999
0.030120000000000001
0.077101000000000003
0.23186999999999999
0.202486
0.101884
0.10967499999999999
0.091249999999999998
0.058660999999999998
0.064909999999999995
0.11022
876.423
228.37799999999999
131.36000000000001
411.88299999999998
509.97899999999998
1112.5899999999999
0.026366000000000001
0.13486000000000001
5256.5200000000004
7122.6300000000001
0.380469
0.186697
0.55103199999999997
758.73199999999997
423.43900000000002
496.59899999999999
166.398
82.278000000000006
60.976900000000001
29.677299999999999
429.83600000000001
298.62700000000001
559.21799999999996
331.464
1110
420.149
199.65100000000001
28.0535
57.265799999999999
63.7714
16.546700000000001
20.164200000000001
140.56399999999999
0.067627000000000007
0.019356999999999999
0.029781999999999999
0.18659500000000001
0.063944000000000001
0.018144
0.19595099999999999
0.097833000000000003
0.45284999999999997
0.353628
0.14960100000000001
0.053851999999999997
0.059740000000000001
0.082725000000000007
0.13517899999999999
0.074274999999999994
0.072872000000000006
0.246507
0.116772
0.16652700000000001
0.12532099999999999
0.13182199999999999
0.156273
0.312417
0.143177
0.16494900000000001
0.046829999999999997
1628.53
352.584
108.63500000000001
218.17099999999999
175.99600000000001
664.90899999999999
0.0057429999999999998
0.046039999999999998
0.052298999999999998
4288.75
0.065698999999999994
0.103315
0.12995100000000001
0.22303200000000001
333.55099999999999
738.28700000000003
208.89699999999999
42.476300000000002
139.14699999999999
83.768000000000001
127.407
373.07299999999998
207.48099999999999
218.88399999999999
1047.25
285.279
403.01299999999998
66.790199999999999
20.578199999999999
46.838700000000003
21.655899999999999
96.383700000000005
0.027994000000000002
0.124866
0.155224
0.081710000000000005
0.233401
0.058779999999999999
0.032310999999999999
0.185088
0.18986800000000001
0.27457300000000001
0.06837
0.135155
0.103727
0.027796999999999999
0.041512
0.13311400000000001
0.025229999999999999
0.017697999999999998
0.148066
0.132996
0.037734999999999998
0.11476
0.44280700000000001
1.3103100000000001
1.53383
0.20913399999999999
0.011532000000000001
0.038612
0.070854
191.21299999999999
146.16800000000001
136.59800000000001
185.57300000000001
336.08600000000001
509.00599999999997
0.078842999999999996
0.028487999999999999
0.018606999999999999
2308.4299999999998
0.26978000000000002
0.117821
0.161052
0.32762999999999998
60.019300000000001
62.8827
64.561000000000007
119.545
96.884600000000006
205.584
469.30500000000001
160.31899999999999
475.63299999999998
1197.4200000000001
253.84299999999999
45.353000000000002
26.421600000000002
13.2889
35.193100000000001
22.212499999999999
0.17801
0.054683000000000002
0.31830399999999998
0.41910799999999998
0.131604
0.28200500000000001
0.093021999999999994
0.025276
0.136818
0.194856
0.092369000000000007
0.019099999999999999
0.10814500000000001
0.163274
0.027764
0.12578900000000001
0.066804000000000002
0.027651999999999999
0.017038000000000001
0.033743000000000002
0.041991000000000001
0.061806
0.24904299999999999
0.36710599999999999
0.13830400000000001
0.45231500000000002
0.23580000000000001
0.026313
0.044193000000000003
0.043277999999999997
326.41300000000001
129.17599999999999
123.43300000000001
222.91
607.19100000000003
406.54700000000003
264.24200000000002
0.08208
0.022896
0.095767000000000005
312.42399999999998
0.14777599999999999
0.071002999999999997
164.34399999999999
78.2898
99.150099999999995
71.139499999999998
127.45
32.779200000000003
251.559
125.715
0.12467
506.13299999999998
2013.9300000000001
67.556200000000004
67.527900000000002
21.526399999999999
4.3326700000000002
14.033799999999999
21.736499999999999
135.095
0.12625700000000001
0.047881
0.032994999999999997
0.0091310000000000002
0.082506999999999997
0.122749
0.14530199999999999
0.15512000000000001
0.062030000000000002
0.037532000000000003
0.042618000000000003
0.047759999999999997
0.059996000000000001
0.023326
0.056415
0.080557000000000004
0.049047
0.012135999999999999
0.062739000000000003
0.016580999999999999
0.10087
0.165855
0.061529
0.045376
0.071229000000000001
0.146451
0.105354
0.21415200000000001
0.032555000000000001
0.017401
107.40000000000001
196.244
863.60699999999997
561.16300000000001
544.64599999999996
540.27800000000002
0.103849
0.020778000000000001
0.33748499999999998
0.29164800000000002
62.057499999999997
59.345300000000002
82.031599999999997
169.28899999999999
128.59
93.305999999999997
59.909599999999998
26.0334
17.459299999999999
60.733600000000003
135.214
1240.3399999999999
2072.1300000000001
54.004800000000003
49.559600000000003
13.3414
3.8748900000000002
11.434900000000001
35.669499999999999
106.777
0.0094029999999999999
0.008829
0.054378000000000003
0.017850999999999999
0.107374
0.37591599999999997
0.044797999999999998
0.080480999999999997
0.069532999999999998
0.074345999999999995
0.034445000000000003
0.011971000000000001
0.0090290000000000006
0.052632999999999999
0.11296200000000001
0.088582999999999995
0.015330999999999999
0.022766999999999999
0.048121999999999998
0.012288
0.041965000000000002
0.032800000000000003
0.0088730000000000007
0.061900999999999998
0.12534000000000001
0.127632
0.24706
0.11045099999999999
0.085050000000000001
0.012433
96.310400000000001
234.46600000000001
694.77300000000002
562.245
873.53399999999999
225.875
41.996299999999998
0.073778999999999997
0.100614
0.26840000000000003
0.255716
20.4146
116.023
119.79600000000001
179.14500000000001
221.24799999999999
166.995
50.187899999999999
44.722299999999997
55.196100000000001
1698.4300000000001
3527.0599999999999
2220.6399999999999
32.179499999999997
32.509700000000002
15.5489
10.859500000000001
14.1098
41.130400000000002
18.285499999999999
0.028112999999999999
0.036185000000000002
0.074984999999999996
0.041542999999999997
0.059316000000000001
0.23710600000000001
0.20438100000000001
0.065725000000000006
0.50952399999999998
0.045067000000000003
0.0064590000000000003
0.023515999999999999
0.018790999999999999
0.037490999999999997
0.147509
0.287524
0.082583000000000004
0.029811000000000001
0.040277
0.048593999999999998
0.051153999999999998
0.018631999999999999
0.020486999999999998
0.29997200000000002
0.109234
0.905636
0.66717300000000002
0.47995599999999999
0.24102899999999999
0.020684000000000001
65.997699999999995
198.02500000000001
496.44499999999999
518.99000000000001
384.91199999999998
180.86799999999999
33.9923
47.810499999999998
0.033436
0.138012
328.048
25.472300000000001
80.554100000000005
138.64500000000001
100.777
53.8855
131.952
48.633000000000003
47.674900000000001
36.333100000000002
4849.7600000000002
10879.5
100.134
34.1265
29.3948
9.1532900000000001
10.5395
11.9079
30.718299999999999
18.3904
0.055345999999999999
0.12273000000000001
0.12120599999999999
0.058071999999999999
0.091299000000000005
0.296761
0.081988000000000005
0.056089
0.041804000000000001
0.038331999999999998
0.016632000000000001
0.017787000000000001
0.013908
0.046392000000000003
0.065069000000000002
0.052763999999999998
0.017750999999999999
0.036096999999999997
0.037969000000000003
0.036745
0.023167
0.030780999999999999
0.066948999999999995
0.079876000000000003
0.248806
0.28554600000000002
0.050423999999999997
0.27707100000000001
0.34102300000000002
0.46423900000000001
0.127249
143.84
359.726
468.65899999999999
390.77699999999999
159.08500000000001
85.025700000000001
139.03200000000001
127.02200000000001
0.045607000000000002
0.064371999999999999
53.693300000000001
152.584
268.411
151.49100000000001
73.191999999999993
90.266300000000001
106.376
53.083100000000002
61.072000000000003
51.426000000000002
15195
55.031700000000001
33.3155
39.303199999999997
21.736599999999999
16.0685
21.508400000000002
17.133600000000001
0.11008
0.25288500000000003
0.042774
0.21030299999999999
0.041319000000000002
0.059069000000000003
0.102205
0.041258999999999997
0.099138000000000004
0.25417899999999999
0.062816999999999998
0.038552999999999997
0.023189999999999999
0.010831
0.034867000000000002
0.057246999999999999
0.065012
0.10993600000000001
0.070805000000000007
0.062283999999999999
0.077296000000000004
0.088322999999999999
0.041216000000000003
0.046122999999999997
0.040349999999999997
0.109971
0.17438300000000001
0.028788000000000001
0.222275
0.34039900000000001
0.113299
0.137598
0.089210999999999999
200.143
239.90000000000001
209.09200000000001
258.108
102.38
236.62200000000001
93.488600000000005
0.045335
0.10680099999999999
64.724299999999999
198.381
214.84999999999999
205.381
0.017552999999999999
104.818
141.13999999999999
57.257300000000001
22.713999999999999
34.905999999999999
51.125700000000002
58.785600000000002
16.639199999999999
58.956699999999998
33.014499999999998
58.503500000000003
10.8254
21.521799999999999
27.7285
75.483000000000004
37.993899999999996
0.26456800000000003
0.088053000000000006
0.026588000000000001
0.12182900000000001
0.14576
0.057655999999999999
0.76885800000000004
0.061821000000000001
0.18900500000000001
0.12231
0.016402
0.027949999999999999
0.061938
0.050881000000000003
0.058022999999999998
0.087308999999999998
0.14070199999999999
0.32858700000000002
0.231631
0.026547999999999999
0.093330999999999997
0.041704999999999999
0.082069000000000003
0.140766
0.043054000000000002
0.19286
0.34417599999999998
0.88554900000000003
0.91769100000000003
0.18027699999999999
166.572
186.702
166.38800000000001
212.93000000000001
102.628
251.982
917.08199999999999
0.1031
0.29301300000000002
88.5167
156.62100000000001
197
387.45800000000003
0.0025839999999999999
67.052300000000002
58.054499999999997
78.963200000000001
34.274000000000001
0.114014
69.478700000000003
90.096400000000003
34.023600000000002
46.773600000000002
28.128299999999999
92.561700000000002
140.22200000000001
147.86000000000001
36.042200000000001
69.331999999999994
18.910799999999998
0.22925000000000001
0.16475200000000001
0.15445
0.56733900000000004
0.243697
0.025530000000000001
0.181065
0.069191000000000003
0.206321
0.14272199999999999
0.064376000000000003
0.044511000000000002
0.053799
0.185725
0.045178999999999997
0.088102
0.24394199999999999
0.17119200000000001
0.194325
0.058587
0.25079600000000002
0.057833000000000002
0.040885999999999999
0.019966999999999999
0.019732
0.074944999999999998
0.338835
1.2430699999999999
1.2553099999999999
0.086857000000000004
75.967600000000004
271.83100000000002
442.25299999999999
182.678
132.46199999999999
231.464
505.07600000000002
218.32499999999999
0.43768699999999999
0.441797
81.750200000000007
130.804
281.28100000000001
15.816599999999999
32.578299999999999
46.598199999999999
51.071899999999999
0.064813999999999997
0.047597
385.86900000000003
104.378
30.271599999999999
102.68899999999999
28.5245
165.07400000000001
152.749
108.18300000000001
99.8459
202.96899999999999
38.498600000000003
170.673
0.17127800000000001
0.029576999999999999
0.046149999999999997
0.35176299999999999
0.146841
0.172206
0.050458999999999997
0.056730000000000003
0.23692199999999999
0.058622
0.175145
0.42203400000000002
0.22613
0.048010999999999998
0.078375
0.083684999999999996
0.46072800000000003
0.26589800000000002
0.42614400000000002
0.42556100000000002
0.050152000000000002
0.029079000000000001
0.049142999999999999
0.16696
0.26748
0.39021899999999998
0.45424700000000001
0.31848900000000002
1006.22
129.01300000000001
354.37
141.23400000000001
159.83699999999999
133.37700000000001
237.53
287.22000000000003
242.017
0.20697099999999999
0.29198000000000002
0.027910000000000001
102.998
198.16
163.36600000000001
14.737500000000001
14.255800000000001
0.043421000000000001
0.057378999999999999
2181.3099999999999
326.88
91.733800000000002
48.552799999999998
60.157699999999998
40.207000000000001
363.15100000000001
125.711
85.995099999999994
113.33799999999999
87.766400000000004
42.496200000000002
0.14654
0.036715999999999999
0.058237999999999998
0.18011099999999999
0.95658200000000004
0.961843
0.39553100000000002
0.204181
0.20844599999999999
0.036442000000000002
0.066157999999999995
0.10560799999999999
0.133129
0.42595300000000003
0.263569
0.067993999999999999
0.241035
0.48644700000000002
0.277028
0.422593
0.35446
0.11784699999999999
0.34234700000000001
0.18047299999999999
0.62836899999999996
0.289962
0.26104100000000002
0.19239700000000001
2263.79
1127.8399999999999
78.621899999999997
308.04199999999997
116.06999999999999
323.52300000000002
159.71000000000001
262.00400000000002
119.944
505.44099999999997
0.057883999999999998
0.083166000000000004
58.195399999999999
60.621099999999998
190.68299999999999
198.095
0.051986999999999998
0.026244
0.01277
0.031732000000000003
410.57299999999998
151.22
109.97799999999999
66.958699999999993
84.878500000000003
1157.6600000000001
463.18799999999999
207.86099999999999
200.971
197.70599999999999
150.31
184.732
340.5
0.51150200000000001
0.105499
0.210506
0.22093299999999999
0.25054599999999999
0.216415
0.106499
0.035661999999999999
0.11856899999999999
0.077162999999999995
0.097379999999999994
0.12243999999999999
0.053792
0.089789999999999995
0.19008
0.771227
0.47441800000000001
0.041654999999999998
0.30421700000000002
1.20994
0.70173300000000005
0.12922
0.46491900000000003
0.55817399999999995
0.47056900000000002
0.24049499999999999
0.820357
0.15310299999999999
61.456000000000003
76.743399999999994
285.15300000000002
432.517
691.46699999999998
336.23700000000002
301.37799999999999
100.51600000000001
0.069552000000000003
462.363
68.854699999999994
155.70099999999999
236.30199999999999
207.34899999999999
675.65899999999999
371.87099999999998
0.017713
0.042845000000000001
0.014305
611.05899999999997
142.886
75.428100000000001
30.369499999999999
53.748399999999997
0.79311399999999999
364.04599999999999
410.26400000000001
243.82599999999999
197.89599999999999
50.318199999999997
95.116500000000002
161.24100000000001
211.77699999999999
0.33055600000000002
0.17088200000000001
0.079973000000000002
0.149144
0.037963999999999998
0.043723999999999999
0.190083
0.130138
0.02794
0.126999
0.053747999999999997
0.109974
0.34619100000000003
0.58684199999999997
0.37487399999999999
0.087056999999999995
0.118423
0.13181799999999999
0.58705499999999999
0.46857199999999999
0.724109
0.80038900000000002
0.076413999999999996
0.22784199999999999
1.0789899999999999
0.42846800000000002
144.84200000000001
48.351300000000002
99.498500000000007
174.98500000000001
461.23599999999999
326.03800000000001
466.19799999999998
346.267
270.661
0.054931000000000001
210.238
102.66500000000001
222.61500000000001
241.50800000000001
0.082630999999999996
0.086055999999999994
0.036837000000000002
0.029859
0.025930000000000002
0.039513
0.024174000000000001
172.44800000000001
81.323800000000006
34.869199999999999
101.871
1250.8
364.80799999999999
244.28999999999999
116.432
201.679
177.51499999999999
56.073500000000003
154.83500000000001
158.34
0.53312800000000005
0.13433999999999999
0.15357599999999999
0.42448900000000001
0.110765
0.032967999999999997
0.54483599999999999
0.195436
0.036988
0.035650000000000001
0.18681300000000001
0.054692999999999999
0.122959
1.0975600000000001
0.857325
0.86736899999999995
0.148177
0.13380300000000001
0.36849100000000001
0.62455499999999997
0.97017500000000001
0.33529399999999998
0.26167000000000001
0.220218
0.53473499999999996
168.52799999999999
91.566199999999995
78.813999999999993
139.721
225.91399999999999
411.17599999999999
255.154
718.61699999999996
60.291200000000003
184.75999999999999
109.01600000000001
83.427000000000007
166.541
195.81
0.081215999999999997
0.036519999999999997
0.046497999999999998
0.048050000000000002
0.071062
0.073552999999999993
0.14815500000000001
0.12687999999999999
134.36699999999999
49.924700000000001
40.149500000000003
72.872699999999995
289.20999999999998
515.01800000000003
318.78500000000003
291.32299999999998
223.67500000000001
93.395399999999995
111.004
121.413
208.87899999999999
945.779
0.089548000000000003
1406.6600000000001
912.96400000000006
0.038657999999999998
0.075510999999999995
0.17482300000000001
0.076877000000000001
0.016589
0.015820000000000001
0.083908999999999997
0.107615
0.075231000000000006
0.13229099999999999
0.45376300000000003
0.25979000000000002
0.32850499999999999
0.318747
0.26586100000000001
0.075092999999999993
0.37146400000000002
0.54387700000000005
90.904499999999999
48.493400000000001
156.251
204.87200000000001
189.89099999999999
169.227
534.85000000000002
327.85199999999998
12.0722
13.2738
877.38499999999999
260.46800000000002
193.15299999999999
120.21899999999999
173.61199999999999
0.083540000000000003
0.075622999999999996
0.22165899999999999
0.13537099999999999
0.080000000000000002
0.234817
0.089948
0.050978999999999997
0.138629
0.057634999999999999
0.263241
0.17826700000000001
70.527900000000002
87.239999999999995
317.65100000000001
167.76400000000001
463.87900000000002
141.77500000000001
191.93799999999999
167.69800000000001
113.913
106.861
179.07599999999999
0.84999000000000002
0.15299699999999999
0.72100399999999998
694.60900000000004
59.452599999999997
94.373999999999995
41.692399999999999
0.206903
0.052599
0.0090589999999999993
0.14604
0.80100099999999996
0.070123000000000005
0.028294
0.179845
0.14954600000000001
0.15706600000000001
0.481379
0.23244699999999999
0.37186000000000002
0.053719000000000003
42.340699999999998
57.874000000000002
27.184100000000001
161.87
0.080988000000000004
0.16314999999999999
0.21836900000000001
0.017439
8.1019699999999997
9.3599599999999992
2241.1799999999998
1922.3199999999999
804.05600000000004
472.63200000000001
167.518
165.84299999999999
0.37154300000000001
0.13558300000000001
0.088491
0.061806
0.069708999999999993
0.16094600000000001
0.064814999999999998
0.058328999999999999
0.066974000000000006
0.031216000000000001
0.068863999999999995
0.13139400000000001
206.08600000000001
91.787599999999998
372.88600000000002
110.074
249.05600000000001
143.75899999999999
166.71600000000001
313.87
157.988
289.42899999999997
105.36799999999999
122.23699999999999
93.722399999999993
0.25128899999999998
0.023101
0.15948100000000001
44.972999999999999
75.0779
65.235399999999998
0.031979
0.042733
0.30104700000000001
0.25610699999999997
0.109111
0.16211200000000001
0.31143199999999999
0.28581099999999998
0.13420199999999999
0.469275
1.1029899999999999
0.52772200000000002
0.113112
0.030175
0.06053
0.025961999999999999
0.155219
0.043174999999999998
0.041363999999999998
0.048520000000000001
0.013610000000000001
0.028347000000000001
6.3527500000000003
37.854799999999997
4012.1300000000001
862.13999999999999
358.10899999999998
124.343
0.12718399999999999
0.28184700000000001
0.074401999999999996
0.051954
0.159862
0.31556299999999998
0.17206399999999999
0.050500000000000003
0.011030999999999999
0.015661999999999999
0.046360999999999999
0.163662
0.24546100000000001
169.43700000000001
117.23399999999999
401.11900000000003
71.041200000000003
44.593000000000004
84.854900000000001
271.03300000000002
219.601
156.08600000000001
215.65700000000001
106.137
115.416
78.695800000000006
78.2273
128.52099999999999
31.907599999999999
58.851900000000001
98.009600000000006
43.392200000000003
0.010376
0.010055
0.17410700000000001
0.252475
0.452625
0.18737699999999999
0.19286400000000001
0.023421999999999998
0.026748000000000001
0.29892600000000003
0.188916
0.119209
0.037801000000000001
0.055035000000000001
0.084006999999999998
0.041422
0.113876
0.080133999999999997
0.024704
0.12701000000000001
0.081598000000000004
0.075405
4.2026599999999998
20.3553
72.491100000000003
84.141900000000007
187.64500000000001
0.021026
0.093556
0.094973000000000002
0.063614000000000004
0.036368999999999999
0.144228
0.103185
0.173681
0.16450899999999999
0.045693999999999999
0.069717000000000001
0.144071
0.076612
0.40151500000000001
0.10321900000000001
471.86799999999999
302.54300000000001
139.70500000000001
50.530099999999997
0.65979100000000002
0.26368900000000001
25.222100000000001
81.229799999999997
45.5212
33.784199999999998
340.42899999999997
83.541200000000003
95.913799999999995
100.789
45.215899999999998
70.1036
63.089100000000002
77.8339
0.016219000000000001
0.018918999999999998
0.031271
0.050812000000000003
0.18046400000000001
0.34525400000000001
0.46326400000000001
0.027122
0.136684
0.065781000000000006
0.08183
30.340199999999999
0.021488
0.054591000000000001
0.074171000000000001
0.083766999999999994
0.060019999999999997
0.062706999999999999
0.038115999999999997
0.024636000000000002
0.057465000000000002
0.27631499999999998
6174.8599999999997
3324.25
1360.1700000000001
763.202
0.104573
0.022993
0.070727999999999999
0.032299000000000001
0.071185999999999999
0.070708999999999994
0.089418999999999998
0.088950000000000001
0.018409999999999999
0.043146999999999998
0.345862
0.076243000000000005
1.06972
0.53399300000000005
0.49222300000000002
0.085650000000000004
0.092130000000000004
127.625
9.0547299999999993
28.031300000000002
1.7947599999999999
0.28761399999999998
0.027085999999999999
125.85599999999999
28.697299999999998
27.581700000000001
270.25599999999997
95.502799999999993
25.046500000000002
60.592799999999997
32.6432
100.015
32.808100000000003
110.529
109.914
184.27600000000001
125.333
0.103729
0.2334
0.219695
0.037058000000000001
0.089813000000000004
0.041563999999999997
0.016121
0.150369
26.408899999999999
609.45699999999999
1688.99
0.053296000000000003
0.32815699999999998
0.080895999999999996
0.11597399999999999
0.020576000000000001
0.047032999999999998
0.157994
0.035779999999999999
7086.3800000000001
3505.5100000000002
2458.9699999999998
1058.3
3025.5100000000002
972.58100000000002
0.13778199999999999
0.23519300000000001
0.53947400000000001
0.077027999999999999
147.274
176.96799999999999
0.068051
0.019088999999999998
0.19989499999999999
0.238369
1.78803
0.87324100000000004
0.402837
0.25291599999999997
0.061841
66.903599999999997
14.7095
12.8994
51.952800000000003
0.19444800000000001
0.39017000000000002
0.139043
44.296599999999998
23.1096
732.74400000000003
107.262
29.088999999999999
63.508200000000002
49.235999999999997
68.108800000000002
98.681600000000003
81.628399999999999
160.05799999999999
150.369
148.56800000000001
0.041778000000000003
0.014459
0.160937
0.208734
0.048533
0.078131999999999993
0.0070609999999999996
0.0086199999999999992
49.700099999999999
999.69000000000005
893.34400000000005
0.144374
0.25687300000000002
0.113288
0.023444
0.011782000000000001
0.077016000000000001
0.079879000000000006
2324.3899999999999
4727.8900000000003
838.82799999999997
1198.0899999999999
1062
1918.1300000000001
2148.8499999999999
0.0246
0.11204600000000001
0.16392999999999999
350.596
202.82900000000001
264.77999999999997
1590.6600000000001
1225.4200000000001
1871.8199999999999
3933.98
0.470692
1.1171899999999999
0.45351599999999997
0.203683
0.050291000000000002
51.860100000000003
8.0955499999999994
19.082000000000001
23.1111
0.29943599999999998
0.113275
0.098881999999999998
0.20036200000000001
0.088798000000000002
0.040430000000000001
0.045994
75.169300000000007
22.270900000000001
38.687600000000003
65.644800000000004
80.918700000000001
136.31299999999999
132.53299999999999
0.034086999999999999
0.059945999999999999
0.22975499999999999
0.059347999999999998
0.28593000000000002
0.034625000000000003
0.109639
0.094889000000000001
0.037594000000000002
0.076244000000000006
135.03899999999999
441.709
1756.24
3345.3400000000001
0.15769
0.103405
0.060023
0.061122999999999997
0.15643799999999999
0.196577
1387.4000000000001
2090.6500000000001
1463.79
1400.51
1343.8299999999999
2629.04
0.088248999999999994
0.051536999999999999
0.095838000000000007
164.815
201.34100000000001
140.96199999999999
213.58600000000001
747.06899999999996
1107.6199999999999
2100.6100000000001
2375.0100000000002
4115.1700000000001
0.30141699999999999
1.08355
0.109389
0.071249000000000007
40.738599999999998
11.590400000000001
15.8895
11.737299999999999
0.072222999999999996
0.083289000000000002
0.12989000000000001
0.29600300000000002
0.090361999999999998
0.15831100000000001
0.033666000000000001
0.011088000000000001
119.036
0.047649999999999998
0.114021
0.019959000000000001
0.052242999999999998
0.124219
0.037876
0.16222800000000001
0.32027699999999998
0.217248
0.14341200000000001
0.034457000000000002
0.112927
0.191438
0.083032999999999996
0.021845
193.16
568.41099999999994
1515.28
4081.6300000000001
0.30712400000000001
0.32670399999999999
0.120644
0.133682
110.54600000000001
63.019300000000001
3054.5599999999999
1602.21
2062.4299999999998
1695.8299999999999
1296.6500000000001
0.107791
0.034348999999999998
0.034450000000000001
0.037207999999999998
238.12799999999999
175.63
170.31399999999999
139.09999999999999
249.042
403.37599999999998
1004.3200000000001
4346.71
0.88042699999999996
1.6489100000000001
0.31897999999999999
0.104517
0.107127
0.061037000000000001
6.2507099999999998
15.357900000000001
12.165100000000001
65.663499999999999
20.993600000000001
0.242371
0.238872
0.060384
0.044465999999999999
0.045494
0.016119000000000001
0.024188999999999999
0.072479000000000002
0.38914799999999999
0.170733
0.25834400000000002
0.45060899999999998
0.082820000000000005
0.35182200000000002
0.44130200000000003
0.136017
0.124225
0.137105
0.18180199999999999
0.16464500000000001
0.016473999999999999
0.0066350000000000003
0.031656999999999998
755.125
986.67600000000004
3522.8400000000001
0.064189999999999997
0.040787999999999998
0.026804000000000001
75.095600000000005
9157.4300000000003
10647.299999999999
3192.1799999999998
2955.29
4092.8400000000001
2685.0599999999999
515.428
665.74699999999996
0.024888
0.074904999999999999
255.71700000000001
103.777
293.45999999999998
225.154
395.50799999999998
308.95100000000002
718.91600000000005
791.70000000000005
3485.54
3.5522100000000001
1.0185599999999999
0.40491300000000002
0.13676199999999999
0.221854
0.23785899999999999
11.6252
25.4192
12.774900000000001
56.866599999999998
23.0581
0.71022700000000005
1.75942
0.065772999999999998
0.062947000000000003
0.027642
0.036380999999999997
0.011493
0.26340400000000003
0.29870099999999999
0.13619500000000001
0.047650999999999999
0.35702
0.058319000000000003
0.22784299999999999
0.25765100000000002
0.15551699999999999
0.038642000000000003
0.36229299999999998
0.38222299999999998
0.22821900000000001
0.081792000000000004
0.043278999999999998
0.062841999999999995
0.061690000000000002
3056.5700000000002
3912.3800000000001
13903.6
2286.8099999999999
678.05499999999995
522.375
12464.9
6035
2788.77
3963.0599999999999
4559.6499999999996
1979.6500000000001
502.01100000000002
757.64499999999998
80.348699999999994
219.87799999999999
193.126
172.83799999999999
326.286
394.42700000000002
271.60199999999998
288.04199999999997
150.63999999999999
614.19299999999998
0.15148300000000001
0.56688400000000005
0.25604900000000003
0.50515699999999997
0.31916699999999998
0.24588199999999999
0.081082000000000001
10.137700000000001
43.82
9.3721300000000003
18.170100000000001
39.203400000000002
0.17413300000000001
0.24409
0.227351
0.117504
0.012012999999999999
0.17900199999999999
0.14114599999999999
0.080127000000000004
0.40549000000000002
0.23760600000000001
0.097851999999999995
0.044734000000000003
0.0080560000000000007
0.017211000000000001
0.15442900000000001
0.17583699999999999
0.059985999999999998
0.056804
0.21140500000000001
0.093094999999999997
0.067631999999999998
0.038287000000000002
0.011913999999999999
0.021174999999999999
207.43700000000001
3607.9200000000001
8565.4799999999996
3721
443.14800000000002
662.52200000000005
4776.4399999999996
5652.2399999999998
2268.8899999999999
1580.9100000000001
3104.3400000000001
518.12099999999998
663.14599999999996
656.5
129.959
206.29599999999999
148.953
114.992
584.76900000000001
424.92200000000003
154.636
175.964
94.917000000000002
464.52300000000002
0.092941999999999997
0.18373600000000001
0.178091
0.17812700000000001
0.14493800000000001
0.38201299999999999
0.40051500000000001
0.084445000000000006
38.545400000000001
4.1689100000000003
33.460500000000003
33.565199999999997
11.3942
47.711599999999997
0.383876
0.30705199999999999
0.064788999999999999
0.50400800000000001
0.18412799999999999
0.18002099999999999
0.195714
0.14030200000000001
0.125365
0.026603999999999999
0.018277000000000002
0.024095999999999999
0.027283999999999999
0.17316100000000001
0.13642199999999999
0.31204799999999999
0.064337000000000005
0.066980999999999999
0.054736
0.19931299999999999
0.035181999999999998
851.34100000000001
404.26299999999998
1300.1800000000001
1951.2
2798.3800000000001
483.02800000000002
426.33999999999997
5769.3800000000001
2787.0100000000002
1312.01
3045.9400000000001
740.84699999999998
1013.1
552.09900000000005
370.52499999999998
127.86
154.636
193.86000000000001
134.642
386.78300000000002
647.03099999999995
286.589
0.060139999999999999
0.34420200000000001
0.61572700000000002
0.038790999999999999
0.033723000000000003
0.085016999999999995
0.101422
0.19480900000000001
0.048506000000000001
0.049998000000000001
0.105697
78.560599999999994
11.5402
24.186599999999999
25.878699999999998
4.0518400000000003
29.158899999999999
22.0915
0.052659999999999998
0.208232
0.240532
0.124462
0.15878700000000001
0.028188999999999999
0.075114
0.154057
0.037936999999999999
0.023847
0.025616
0.063027
0.092237
0.20075200000000001
0.048397999999999997
0.0074409999999999997
0.019512000000000002
0.060072
0.089319999999999997
1677.04
532.31700000000001
823.69899999999996
2159.73
1790.6199999999999
1799.52
1495.1400000000001
635.93200000000002
4088.4400000000001
1583.6400000000001
715.71500000000003
1070.6700000000001
822.53399999999999
393.20400000000001
879.78499999999997
551.38800000000003
161.32400000000001
61.807400000000001
285.88299999999998
206.55600000000001
369.13799999999998
0.182002
0.071651000000000006
0.085538000000000003
0.208839
0.55209699999999995
0.050958999999999997
0.020733000000000001
0.060678999999999997
0.43011100000000002
0.076865000000000003
0.091289999999999996
0.042188999999999997
0.077920000000000003
0.11984300000000001
16.757899999999999
17.201699999999999
43.8247
8.3279599999999991
21.715499999999999
75.082700000000003
130.43000000000001
0.098830000000000001
0.13015099999999999
0.051291000000000003
0.058472000000000003
0.142237
0.054643999999999998
0.044317000000000002
0.080148999999999998
0.074159000000000003
0.148393
0.034005000000000001
0.017430000000000001
0.085773000000000002
0.14749200000000001
0.016473999999999999
0.024140999999999999
0.18046799999999999
574.572
1609.97
559.24699999999996
817.27499999999998
2508.8299999999999
4618.0600000000004
1239.6300000000001
2725.1199999999999
606.226
2963.5300000000002
4132.5500000000002
459.00799999999998
944.93100000000004
1174.4400000000001
1338.51
0.14172499999999999
0.053739000000000002
213.07499999999999
60.057499999999997
356.197
0.15739700000000001
0.066225999999999993
0.151231
0.073510000000000006
0.073025000000000007
0.26003799999999999
0.14344999999999999
0.044322
0.024622000000000002
0.086221999999999993
0.54395700000000002
0.224909
0.113911
0.116628
19.061900000000001
52.455800000000004
21.607199999999999
23.100300000000001
58.666200000000003
26.679099999999998
21.843399999999999
61.784999999999997
113.001
0.034424999999999997
0.14055500000000001
0.118586
0.081577999999999998
0.13037699999999999
0.156279
0.67099699999999995
0.18199199999999999
0.090428999999999995
0.28042600000000001
0.17668300000000001
0.078040999999999999
0.058221000000000002
0.052207999999999997
0.067609000000000002
0.242865
0.037768999999999997
0.060842
1549.29
2192.6500000000001
763.851
2824.2199999999998
2329.79
1153.4400000000001
1444.95
886.69299999999998
5181.7700000000004
7485.3500000000004
664.99199999999996
1205.1199999999999
917.46699999999998
0.106972
0.084030999999999995
0.46700999999999998
0.23446800000000001
0.16744400000000001
0.14616699999999999
0.12600700000000001
0.043847999999999998
0.029815999999999999
0.051353999999999997
0.088631000000000001
0.113733
0.16460900000000001
0.083452999999999999
0.15487300000000001
0.409835
0.25131199999999998
0.094464999999999993
0.054927999999999998
53.464100000000002
18.069700000000001
47.250799999999998
11.6951
24.308900000000001
39.593699999999998
51.263399999999997
21.774799999999999
0.404117
0.13611400000000001
0.127612
0.042776000000000002
0.056494000000000003
0.089574000000000001
0.86374600000000001
0.19737199999999999
0.54869699999999999
0.167374
0.32234699999999999
0.17959700000000001
0.15990699999999999
0.027972
0.021506000000000001
0.11882
0.10773199999999999
0.107581
691.62300000000005
1017.59
826.47699999999998
147.16900000000001
301.44900000000001
40.473199999999999
73.0702
987.202
2362.5100000000002
1761.97
5241.2299999999996
6196.3599999999997
1680.3
990.34500000000003
12.2387
0.01456
0.124128
0.27390999999999999
0.13189100000000001
0.037815000000000001
0.045097999999999999
0.056460999999999997
0.031189999999999999
0.013903
0.012593999999999999
0.035361999999999998
0.15889200000000001
0.69304699999999997
0.70082900000000004
0.14302300000000001
159.30600000000001
42.989100000000001
43.491700000000002
67.729500000000002
58.456699999999998
26.043099999999999
31.5411
33.819600000000001
21.731999999999999
20.403600000000001
0.33709800000000001
1.0248299999999999
0.70135700000000001
0.44110500000000002
0.082250000000000004
0.031976999999999998
0.019828999999999999
0.056138
0.182476
0.099985000000000004
0.36067100000000002
0.21904299999999999
0.10359
0.178649
0.106131
0.04045
0.0091889999999999993
0.080396999999999996
0.15243499999999999
0.44023499999999999
654.93499999999995
331.01600000000002
493.63200000000001
55.245199999999997
298.01999999999998
94.774900000000002
62.288200000000003
136.715
107.608
2057.8299999999999
11290.200000000001
5547.3900000000003
1005.64
1770.02
2366.8499999999999
355.483
0.010277
0.353574
0.093413999999999997
0.48882199999999998
0.067844000000000002
0.080327999999999997
0.06472
0.10553700000000001
0.067922999999999997
0.048175999999999997
0.13090099999999999
0.21359400000000001
20.0183
16.369800000000001
132.958
138.43199999999999
57.4131
48.484699999999997
49.686199999999999
21
69.031499999999994
0.116227
0.12520400000000001
0.13695499999999999
0.197854
1.06077
0.82738100000000003
0.56432000000000004
0.056625000000000002
0.017361000000000001
0.0064070000000000004
0.045855
0.063990000000000005
0.17252000000000001
0.25089099999999998
0.16147500000000001
0.47499599999999997
0.179618
0.21846399999999999
0.055786000000000002
0.040939999999999997
0.34675600000000001
0.120166
0.050437999999999997
414.488
87.608099999999993
246.24000000000001
51.783700000000003
238.23400000000001
180.59700000000001
97.123099999999994
281.565
144.54499999999999
2098.3499999999999
9857.5
4375.2200000000003
1519.5
945.97400000000005
3326.3699999999999
598.31500000000005
225.685
0.142202
0.040736000000000001
0.058271000000000003
0.028972999999999999
0.0071729999999999997
0.15443799999999999
0.080191999999999999
4114.0900000000001
1646.0699999999999
538.23599999999999
78.781000000000006
21.512
27.723700000000001
61.982900000000001
57.000599999999999
58.639699999999998
79.698899999999995
0.19670799999999999
0.076340000000000005
0.10112400000000001
0.058842999999999999
0.1381
0.25011499999999998
0.30565399999999998
0.27921699999999999
0.32297399999999998
0.277754
0.047342000000000002
0.019739
0.031851999999999998
0.030606999999999999
0.047460000000000002
0.46615099999999998
0.18124100000000001
0.080771999999999997
0.050742000000000002
0.27609499999999998
0.089155999999999999
0.070570999999999995
0.029781999999999999
0.14384
0.241504
0.18024699999999999
