iteration,accepted_updates,status,linearization_refreshed,mean_objective_gradient_norm,lambda,objective_loss,train_mse_normalized,validation_mse_normalized,best_validation_mse_normalized,normal_seconds,jacobian_seconds,normal_matrix_seconds,solve_seconds,candidate_seconds,candidate_train_seconds,candidate_validation_seconds,checkpoint,best_checkpoint
1,0,rejected,1,9.67341e-06,5.90814e-09,7.991e-10,7.991e-10,1.01085e-09,1.01085e-09,0.95945,0.105816,0.850465,0.0156335,0.0251676,0.0251673,0,,
2,0,rejected,0,9.67341e-06,5.90814e-08,7.991e-10,7.991e-10,1.01085e-09,1.01085e-09,0,0,0,0.0121393,0.0236634,0.0236632,0,,
3,0,rejected,0,9.67341e-06,5.90814e-07,7.991e-10,7.991e-10,1.01085e-09,1.01085e-09,0,0,0,0.0118206,0.0242641,0.0242638,0,,
4,1,accepted,0,9.67341e-06,2.95407e-07,5.8269e-10,5.8269e-10,6.46769e-10,6.46769e-10,0,0,0,0.0122071,0.0506181,0.0240522,0.0265658,checkpoint_4.bin,best_validation_checkpoint_1.bin
5,2,accepted,1,1.32354e-05,1.47703e-07,5.42108e-10,5.42108e-10,6.10121e-10,6.10121e-10,0.888073,0.069981,0.815982,0.0114698,0.0441049,0.0218649,0.02224,,best_validation_checkpoint_0.bin
6,3,accepted,1,2.25534e-05,7.38517e-08,5.09518e-10,5.09518e-10,5.89441e-10,5.89441e-10,0.945054,0.0698852,0.873299,0.0115743,0.0444074,0.0221154,0.022292,,best_validation_checkpoint_1.bin
7,4,accepted,1,2.80198e-05,3.69259e-08,4.80949e-10,4.80949e-10,5.775e-10,5.775e-10,0.925383,0.069972,0.853697,0.0110575,0.0449687,0.0226752,0.0222935,,best_validation_checkpoint_0.bin
8,5,accepted,1,2.71557e-05,1.84629e-08,4.56369e-10,4.56369e-10,5.70261e-10,5.70261e-10,0.911635,0.0696057,0.840197,0.0106241,0.0448012,0.0224057,0.0223954,,best_validation_checkpoint_1.bin
9,6,accepted,1,2.15262e-05,9.23147e-09,4.37694e-10,4.37694e-10,5.66771e-10,5.66771e-10,0.90605,0.0693774,0.834589,0.0122252,0.0455387,0.0230517,0.022487,,best_validation_checkpoint_0.bin
10,7,accepted,1,1.47599e-05,4.61573e-09,4.26224e-10,4.26224e-10,5.67563e-10,5.66771e-10,0.883091,0.068816,0.812334,0.0128412,0.0475268,0.0237394,0.0237872,,
11,8,accepted,1,1.144e-05,2.30787e-09,4.23795e-10,4.23795e-10,5.74857e-10,5.66771e-10,0.926937,0.0726655,0.852229,0.0116002,0.0452971,0.0230034,0.0222937,,
12,8,rejected,1,2.53269e-05,2.30787e-08,4.23795e-10,4.23795e-10,5.74857e-10,5.66771e-10,0.938609,0.0588006,0.877718,0.0148325,0.0247239,0.0247235,0,,
13,9,accepted,0,2.53269e-05,1.15393e-08,4.11022e-10,4.11022e-10,5.62367e-10,5.62367e-10,0,0,0,0.0132448,0.045867,0.0234874,0.0223795,,best_validation_checkpoint_1.bin
14,10,accepted,1,1.25506e-06,5.76967e-09,4.09365e-10,4.09365e-10,5.6272e-10,5.62367e-10,0.983442,0.0644647,0.916142,0.0153281,0.0528946,0.0290121,0.0238823,,
15,11,accepted,1,3.43689e-06,2.88483e-09,4.07462e-10,4.07462e-10,5.63838e-10,5.62367e-10,1.00375,0.06484,0.936949,0.0129023,0.0453153,0.0230178,0.0222974,,
16,12,accepted,1,8.72196e-06,1.44242e-09,4.06701e-10,4.06701e-10,5.67193e-10,5.62367e-10,0.962422,0.0597675,0.900362,0.0125448,0.0451135,0.0226231,0.0224903,,
17,12,rejected,1,1.98422e-05,1.44242e-08,4.06701e-10,4.06701e-10,5.67193e-10,5.62367e-10,0.962693,0.0645071,0.89602,0.0133564,0.0279453,0.027945,0,,
18,13,accepted,0,1.98422e-05,7.21208e-09,4.0245e-10,4.0245e-10,5.62293e-10,5.62293e-10,0,0,0,0.0125203,0.0526409,0.0276151,0.0250257,,best_validation_checkpoint_0.bin
19,14,accepted,1,8.87195e-07,3.60604e-09,4.01428e-10,4.01428e-10,5.62392e-10,5.62293e-10,0.951452,0.0605816,0.889059,0.0109726,0.0515671,0.0289264,0.0226405,,
20,15,accepted,1,2.69586e-06,1.80302e-09,4.00139e-10,4.00139e-10,5.63094e-10,5.62293e-10,0.937218,0.0602911,0.875013,0.0122803,0.0451362,0.0227066,0.0224295,,
21,15,rejected,1,7.99927e-06,1.80302e-08,4.00139e-10,4.00139e-10,5.63094e-10,5.62293e-10,0.99781,0.0577627,0.93811,0.0118066,0.0224452,0.0224449,0,,
22,16,accepted,0,7.99927e-06,9.01511e-09,3.99242e-10,3.99242e-10,5.62053e-10,5.62053e-10,0,0,0,0.0123021,0.0490984,0.0267869,0.0223113,,best_validation_checkpoint_1.bin
23,17,accepted,1,3.33656e-07,4.50755e-09,3.9863e-10,3.9863e-10,5.62061e-10,5.62053e-10,0.974095,0.0622031,0.909877,0.011378,0.0498613,0.0266737,0.0231875,,
24,18,accepted,1,1.1588e-06,2.25378e-09,3.97649e-10,3.97649e-10,5.62259e-10,5.62053e-10,0.946482,0.0592668,0.885426,0.0122409,0.0452538,0.022909,0.0223448,,
25,19,accepted,1,3.89731e-06,1.12689e-09,3.97098e-10,3.97098e-10,5.63651e-10,5.62053e-10,0.9675,0.059721,0.905877,0.0119246,0.0453803,0.0224478,0.0229324,,
26,19,rejected,1,1.20064e-05,1.12689e-08,3.97098e-10,3.97098e-10,5.63651e-10,5.62053e-10,0.954276,0.0587104,0.893733,0.0121201,0.0224761,0.022476,0,,
27,20,accepted,0,1.20064e-05,5.63444e-09,3.9531e-10,3.9531e-10,5.61722e-10,5.61722e-10,0,0,0,0.0113719,0.0456961,0.0232585,0.0224374,,best_validation_checkpoint_0.bin
28,21,accepted,1,4.67007e-07,2.81722e-09,3.94694e-10,3.94694e-10,5.61707e-10,5.61707e-10,0.982009,0.0634242,0.916635,0.0135496,0.0496833,0.0267289,0.0229543,,best_validation_checkpoint_1.bin
29,22,accepted,1,1.67669e-06,1.40861e-09,3.93855e-10,3.93855e-10,5.6198e-10,5.61707e-10,0.99763,0.0635437,0.932172,0.0116912,0.0491126,0.0252946,0.0238178,,
30,22,rejected,1,5.7498e-06,1.40861e-08,3.93855e-10,3.93855e-10,5.6198e-10,5.61707e-10,0.986769,0.0617781,0.923042,0.0110685,0.0233762,0.023376,0,,
31,23,accepted,0,5.7498e-06,7.04305e-09,3.93298e-10,3.93298e-10,5.61458e-10,5.61458e-10,0,0,0,0.0141548,0.0551292,0.0296145,0.0255146,,best_validation_checkpoint_0.bin
32,24,accepted,1,2.21372e-07,3.52153e-09,3.92884e-10,3.92884e-10,5.61421e-10,5.61421e-10,0.964609,0.0592445,0.903523,0.0119979,0.0481493,0.0225175,0.0256318,,best_validation_checkpoint_1.bin
33,25,accepted,1,8.32073e-07,1.76076e-09,3.92191e-10,3.92191e-10,5.61452e-10,5.61421e-10,1.01037,0.062241,0.946329,0.0127477,0.051911,0.0230492,0.0288617,,
34,26,accepted,1,3.0158e-06,8.80381e-10,3.91677e-10,3.91677e-10,5.6214e-10,5.61421e-10,1.02724,0.0624905,0.962123,0.0132714,0.0504588,0.0275181,0.0229406,,
35,26,rejected,1,9.96222e-06,8.80381e-09,3.91677e-10,3.91677e-10,5.6214e-10,5.61421e-10,1.07613,0.0648271,1.0094,0.0126831,0.0244325,0.0244322,0,,
36,27,accepted,0,9.96222e-06,4.40191e-09,3.90483e-10,3.90483e-10,5.61091e-10,5.61091e-10,0,0,0,0.0128497,0.0456688,0.0229446,0.0227241,,best_validation_checkpoint_0.bin
37,28,accepted,1,3.61953e-07,2.20095e-09,3.90008e-10,3.90008e-10,5.61042e-10,5.61042e-10,0.991504,0.058981,0.930798,0.0119019,0.0487126,0.0250274,0.0236852,,best_validation_checkpoint_1.bin
38,29,accepted,1,1.38338e-06,1.10048e-09,3.89307e-10,3.89307e-10,5.61121e-10,5.61042e-10,0.987998,0.0575218,0.928658,0.0116711,0.0454438,0.0229518,0.0224918,,
39,29,rejected,1,4.93656e-06,1.10048e-08,3.89307e-10,3.89307e-10,5.61121e-10,5.61042e-10,0.988743,0.0565531,0.93042,0.0113225,0.025355,0.0253548,0,,
40,30,accepted,0,4.93656e-06,5.50238e-09,3.88914e-10,3.88914e-10,5.60893e-10,5.60893e-10,0,0,0,0.0108436,0.0457135,0.0232707,0.0224426,,best_validation_checkpoint_0.bin
41,31,accepted,1,1.81277e-07,2.75119e-09,3.8858e-10,3.8858e-10,5.60856e-10,5.60856e-10,0.988997,0.0610282,0.926111,0.0128208,0.0462993,0.0239386,0.0223606,,best_validation_checkpoint_1.bin
42,32,accepted,1,7.10152e-07,1.3756e-09,3.88e-10,3.88e-10,5.60837e-10,5.60837e-10,0.977337,0.058229,0.917326,0.0131077,0.0512503,0.027117,0.0241333,,best_validation_checkpoint_0.bin
43,33,accepted,1,2.63655e-06,6.87798e-10,3.87465e-10,3.87465e-10,5.61205e-10,5.60837e-10,0.993272,0.0591534,0.932257,0.0121046,0.0469293,0.0243275,0.0226016,,
44,33,rejected,1,8.89889e-06,6.87798e-09,3.87465e-10,3.87465e-10,5.61205e-10,5.60837e-10,0.992794,0.0569784,0.93389,0.0119591,0.0225878,0.0225877,0,,
45,34,accepted,0,8.89889e-06,3.43899e-09,3.86575e-10,3.86575e-10,5.60702e-10,5.60702e-10,0,0,0,0.0118568,0.0546152,0.0300178,0.0245972,,best_validation_checkpoint_1.bin
46,35,accepted,1,3.04935e-07,1.7195e-09,3.86163e-10,3.86163e-10,5.6067e-10,5.6067e-10,0.99898,0.0577867,0.939398,0.0128905,0.0496606,0.0257887,0.0238717,,best_validation_checkpoint_0.bin
47,36,accepted,1,1.23313e-06,8.59748e-10,3.85542e-10,3.85542e-10,5.6071e-10,5.6067e-10,0.994595,0.0588539,0.933898,0.0117954,0.0465329,0.0236215,0.0229114,,
48,36,rejected,1,4.50391e-06,8.59748e-09,3.85542e-10,3.85542e-10,5.6071e-10,5.6067e-10,0.998302,0.0576883,0.938769,0.0120092,0.027319,0.0273187,0,,
49,37,accepted,0,4.50391e-06,4.29874e-09,3.85203e-10,3.85203e-10,5.60668e-10,5.60668e-10,0,0,0,0.0129043,0.0455326,0.0232152,0.0223174,,best_validation_checkpoint_1.bin
50,38,accepted,1,1.5713e-07,2.14937e-09,3.84906e-10,3.84906e-10,5.60656e-10,5.60656e-10,0.946028,0.0578616,0.886353,0.0123956,0.0455045,0.022896,0.0226084,,best_validation_checkpoint_0.bin
51,39,accepted,1,6.48755e-07,1.07468e-09,3.84388e-10,3.84388e-10,5.60652e-10,5.60652e-10,1.00091,0.0568434,0.942271,0.0113465,0.0460861,0.0228148,0.0232712,,best_validation_checkpoint_1.bin
52,40,accepted,1,2.46314e-06,5.37342e-10,3.84064e-10,3.84064e-10,5.61097e-10,5.60652e-10,0.950871,0.0588859,0.889757,0.0119396,0.0453453,0.0224792,0.022866,,
53,40,rejected,1,8.50094e-06,5.37342e-09,3.84064e-10,3.84064e-10,5.61097e-10,5.60652e-10,0.94828,0.0563042,0.890251,0.0115582,0.0223624,0.0223621,0,,
54,41,accepted,0,8.50094e-06,2.68671e-09,3.8307e-10,3.8307e-10,5.60738e-10,5.60652e-10,0,0,0,0.0113181,0.0451739,0.022539,0.0226349,,
55,42,accepted,1,2.76093e-07,1.34336e-09,3.8269e-10,3.8269e-10,5.60738e-10,5.60652e-10,0.983626,0.056125,0.925822,0.0119573,0.0496862,0.0255997,0.0240865,,
56,43,accepted,1,1.20273e-06,6.71678e-10,3.8219e-10,3.8219e-10,5.60852e-10,5.60652e-10,0.9686,0.0580028,0.908824,0.0108838,0.0473744,0.022336,0.0250384,,
57,43,rejected,1,4.52284e-06,6.71678e-09,3.8219e-10,3.8219e-10,5.60852e-10,5.60652e-10,0.970062,0.0574787,0.910805,0.0115757,0.0236248,0.0236246,0,,
58,44,accepted,0,4.52284e-06,3.35839e-09,3.81775e-10,3.81775e-10,5.60875e-10,5.60652e-10,0,0,0,0.0115156,0.0549856,0.0258427,0.0291428,,
59,45,accepted,1,1.51986e-07,1.67919e-09,3.81493e-10,3.81493e-10,5.60888e-10,5.60652e-10,0.956954,0.0571975,0.897946,0.011226,0.0452937,0.0226926,0.0226011,,
60,46,accepted,1,6.64151e-07,8.39597e-10,3.81031e-10,3.81031e-10,5.60925e-10,5.60652e-10,0.992617,0.0586984,0.932003,0.0110394,0.0455231,0.0229873,0.0225356,,
61,46,rejected,1,2.58245e-06,8.39597e-09,3.81031e-10,3.81031e-10,5.60925e-10,5.60652e-10,0.981761,0.0562541,0.92357,0.0129554,0.0228881,0.0228878,0,,
62,47,accepted,0,2.58245e-06,4.19799e-09,3.80824e-10,3.80824e-10,5.61018e-10,5.60652e-10,0,0,0,0.0116795,0.0449934,0.0227532,0.02224,,
63,48,accepted,1,8.92151e-08,2.09899e-09,3.80611e-10,3.80611e-10,5.61036e-10,5.60652e-10,0.977973,0.0570817,0.919124,0.0121947,0.0469644,0.0244303,0.0225341,,
64,49,accepted,1,3.86298e-07,1.0495e-09,3.80228e-10,3.80228e-10,5.61058e-10,5.60652e-10,0.927355,0.0573988,0.867819,0.0123381,0.0471175,0.0236945,0.0234228,,
65,50,accepted,1,1.52861e-06,5.24748e-10,3.79925e-10,3.79925e-10,5.61344e-10,5.60652e-10,0.915081,0.0567664,0.856481,0.011769,0.0464238,0.0238124,0.0226112,,
66,50,rejected,1,5.63695e-06,5.24748e-09,3.79925e-10,3.79925e-10,5.61344e-10,5.60652e-10,1.01101,0.0572907,0.95191,0.0115062,0.0225573,0.022557,0,,
67,51,accepted,0,5.63695e-06,2.62374e-09,3.79244e-10,3.79244e-10,5.61272e-10,5.60652e-10,0,0,0,0.0105889,0.046954,0.0225149,0.024439,,
68,52,accepted,1,1.88569e-07,1.31187e-09,3.78951e-10,3.78951e-10,5.61293e-10,5.60652e-10,0.993113,0.0558112,0.935617,0.012208,0.0465803,0.0237152,0.0228649,,
69,53,accepted,1,8.35794e-07,6.55935e-10,3.7854e-10,3.7854e-10,5.61375e-10,5.60652e-10,0.941755,0.0571132,0.882924,0.0115657,0.0475026,0.0235014,0.0240011,,
70,53,rejected,1,3.25269e-06,6.55935e-09,3.7854e-10,3.7854e-10,5.61375e-10,5.60652e-10,0.976916,0.0567355,0.918365,0.0110996,0.0224127,0.0224125,0,,
71,54,accepted,0,3.25269e-06,3.27968e-09,3.78234e-10,3.78234e-10,5.61473e-10,5.60652e-10,0,0,0,0.0112656,0.0455311,0.0224822,0.0230488,,
72,55,accepted,1,1.12545e-07,1.63984e-09,3.78009e-10,3.78009e-10,5.61495e-10,5.60652e-10,1.00019,0.0580476,0.94039,0.0126117,0.0457591,0.0229917,0.0227672,,
73,56,accepted,1,4.90837e-07,8.19919e-10,3.77629e-10,3.77629e-10,5.61523e-10,5.60652e-10,0.972484,0.0559571,0.914671,0.0123138,0.0455818,0.0231323,0.0224495,,
74,56,rejected,1,1.94013e-06,8.19919e-09,3.77629e-10,3.77629e-10,5.61523e-10,5.60652e-10,0.913704,0.056783,0.855079,0.0111871,0.0235422,0.0235421,0,,
75,57,accepted,0,1.94013e-06,4.0996e-09,3.7747e-10,3.7747e-10,5.61635e-10,5.60652e-10,0,0,0,0.0118244,0.0455959,0.0232793,0.0223165,,
76,58,accepted,1,6.87439e-08,2.0498e-09,3.77296e-10,3.77296e-10,5.61656e-10,5.60652e-10,0.910867,0.0565358,0.852471,0.0112921,0.0452015,0.0225877,0.0226136,,
77,59,accepted,1,2.95229e-07,1.0249e-09,3.76978e-10,3.76978e-10,5.61673e-10,5.60652e-10,0.956681,0.0566065,0.898401,0.0115224,0.0449941,0.0223948,0.0225993,,
78,60,accepted,1,1.17676e-06,5.12449e-10,3.76676e-10,3.76676e-10,5.61841e-10,5.60652e-10,0.981577,0.0559955,0.923758,0.0116735,0.0456695,0.0234118,0.0222576,,
79,60,rejected,1,4.42797e-06,5.12449e-09,3.76676e-10,3.76676e-10,5.61841e-10,5.60652e-10,0.9153,0.0577609,0.855777,0.0114423,0.0223361,0.0223358,0,,
80,61,accepted,0,4.42797e-06,2.56225e-09,3.7616e-10,3.7616e-10,5.61881e-10,5.60652e-10,0,0,0,0.0119265,0.0447867,0.0224941,0.0222925,,
81,62,accepted,1,1.53351e-07,1.28112e-09,3.75911e-10,3.75911e-10,5.61895e-10,5.60652e-10,0.91302,0.0558761,0.855371,0.0115362,0.0457604,0.0227044,0.023056,,
82,63,accepted,1,6.65816e-07,6.40562e-10,3.75541e-10,3.75541e-10,5.61925e-10,5.60652e-10,0.90034,0.0566025,0.842003,0.0109937,0.0448885,0.0223075,0.022581,,
83,63,rejected,1,2.60231e-06,6.40562e-09,3.75541e-10,3.75541e-10,5.61925e-10,5.60652e-10,0.908133,0.0566925,0.849703,0.0113279,0.0334956,0.0334955,0,,
84,64,accepted,0,2.60231e-06,3.20281e-09,3.753e-10,3.753e-10,5.62052e-10,5.60652e-10,0,0,0,0.0116433,0.0549217,0.0253158,0.0296057,,
85,65,accepted,1,9.23737e-08,1.6014e-09,3.75106e-10,3.75106e-10,5.62065e-10,5.60652e-10,0.935758,0.0583179,0.875506,0.0118387,0.0455386,0.0230042,0.0225343,,
86,66,accepted,1,3.95762e-07,8.00702e-10,3.74769e-10,3.74769e-10,5.62063e-10,5.60652e-10,0.892359,0.056794,0.833655,0.0112505,0.0449928,0.0224337,0.022559,,
87,67,accepted,1,1.56475e-06,4.00351e-10,3.74722e-10,3.74722e-10,5.62405e-10,5.60652e-10,0.932048,0.0562503,0.873933,0.0109329,0.0448851,0.0225729,0.0223121,,
88,67,rejected,1,5.81681e-06,4.00351e-09,3.74722e-10,3.74722e-10,5.62405e-10,5.60652e-10,0.949977,0.0577999,0.890362,0.0106081,0.0223837,0.0223834,0,,
89,68,accepted,0,5.81681e-06,2.00176e-09,3.73825e-10,3.73825e-10,5.62274e-10,5.60652e-10,0,0,0,0.0119686,0.045228,0.0229573,0.0222705,,
90,69,accepted,1,2.02655e-07,1.00088e-09,3.73551e-10,3.73551e-10,5.62266e-10,5.60652e-10,0.955494,0.0562342,0.897553,0.0117151,0.0447856,0.0223482,0.0224372,,
91,70,accepted,1,8.74328e-07,5.00439e-10,3.73238e-10,3.73238e-10,5.62305e-10,5.60652e-10,0.947025,0.0564364,0.888934,0.0108606,0.0445923,0.0226118,0.0219804,,
92,70,rejected,1,3.38297e-06,5.00439e-09,3.73238e-10,3.73238e-10,5.62305e-10,5.60652e-10,0.912383,0.0568327,0.85372,0.0118457,0.0225116,0.0225115,0,,
93,71,accepted,0,3.38297e-06,2.50219e-09,3.72853e-10,3.72853e-10,5.6242e-10,5.60652e-10,0,0,0,0.0114814,0.0450582,0.0226716,0.0223865,,
94,72,accepted,1,1.20677e-07,1.2511e-09,3.72636e-10,3.72636e-10,5.62413e-10,5.60652e-10,0.894208,0.0570102,0.835538,0.0112436,0.0451428,0.022361,0.0227816,,
95,73,accepted,1,5.14221e-07,6.25549e-10,3.72294e-10,3.72294e-10,5.62377e-10,5.60652e-10,0.89372,0.0570171,0.834871,0.0119807,0.0467567,0.0226612,0.0240953,,
96,73,rejected,1,2.0177e-06,6.25549e-09,3.72294e-10,3.72294e-10,5.62377e-10,5.60652e-10,0.882337,0.0578526,0.822824,0.0115992,0.0223736,0.0223734,0,,
97,74,accepted,0,2.0177e-06,3.12774e-09,3.72105e-10,3.72105e-10,5.62518e-10,5.60652e-10,0,0,0,0.0115029,0.044846,0.0224941,0.0223518,,
98,75,accepted,1,7.3267e-08,1.56387e-09,3.71934e-10,3.71934e-10,5.62514e-10,5.60652e-10,0.897408,0.0569136,0.838657,0.0109575,0.0449462,0.0224184,0.0225276,,
99,76,accepted,1,3.08813e-07,7.81936e-10,3.71629e-10,3.71629e-10,5.6247e-10,5.60652e-10,0.907367,0.0571845,0.848437,0.0115083,0.0451247,0.0225823,0.0225424,,
100,77,accepted,1,1.22255e-06,3.90968e-10,3.715e-10,3.715e-10,5.62599e-10,5.60652e-10,0.915732,0.0558097,0.858131,0.0123881,0.0442389,0.0216462,0.0225926,,
101,77,rejected,1,4.60531e-06,3.90968e-09,3.715e-10,3.715e-10,5.62599e-10,5.60652e-10,0.913863,0.0567547,0.85533,0.0116054,0.0223474,0.0223472,0,,
102,78,accepted,0,4.60531e-06,1.95484e-09,3.70795e-10,3.70795e-10,5.62603e-10,5.60652e-10,0,0,0,0.0108255,0.0448562,0.0223676,0.0224885,,
103,79,accepted,1,1.64629e-07,9.7742e-10,3.70546e-10,3.70546e-10,5.62564e-10,5.60652e-10,0.882214,0.0563287,0.824083,0.0105999,0.0449439,0.0224352,0.0225087,,
104,80,accepted,1,6.9795e-07,4.8871e-10,3.70235e-10,3.70235e-10,5.62503e-10,5.60652e-10,0.890065,0.0563472,0.831988,0.0113658,0.0452554,0.0224589,0.0227963,,
105,80,rejected,1,2.72048e-06,4.8871e-09,3.70235e-10,3.70235e-10,5.62503e-10,5.60652e-10,0.893561,0.0584741,0.833401,0.0110934,0.0224449,0.0224447,0,,
106,81,accepted,0,2.72048e-06,2.44355e-09,3.69917e-10,3.69917e-10,5.6265e-10,5.60652e-10,0,0,0,0.0113992,0.0445769,0.0222687,0.0223081,,
107,82,accepted,1,9.92187e-08,1.22177e-09,3.69719e-10,3.69719e-10,5.62619e-10,5.60652e-10,0.916175,0.0581695,0.856316,0.0110315,0.0447755,0.022276,0.0224993,,
108,83,accepted,1,4.17014e-07,6.10887e-10,3.69397e-10,3.69397e-10,5.62524e-10,5.60652e-10,0.91628,0.056372,0.858187,0.0106285,0.0449818,0.0224362,0.0225456,,
109,83,rejected,1,1.64561e-06,6.10887e-09,3.69397e-10,3.69397e-10,5.62524e-10,5.60652e-10,0.901332,0.0586563,0.840877,0.0112996,0.0226827,0.0226826,0,,
110,84,accepted,0,1.64561e-06,3.05444e-09,3.69234e-10,3.69234e-10,5.62668e-10,5.60652e-10,0,0,0,0.0109291,0.0444455,0.022567,0.0218783,,
111,85,accepted,1,6.0915e-08,1.52722e-09,3.69077e-10,3.69077e-10,5.62645e-10,5.60652e-10,0.959742,0.0567843,0.901201,0.0101361,0.0449366,0.0223821,0.0225544,,
112,86,accepted,1,2.54035e-07,7.63609e-10,3.68794e-10,3.68794e-10,5.62561e-10,5.60652e-10,0.962457,0.0575706,0.90313,0.0115866,0.0449073,0.0224714,0.0224358,,
113,87,accepted,1,1.00987e-06,3.81805e-10,3.6863e-10,3.6863e-10,5.62546e-10,5.60652e-10,0.989985,0.056425,0.931553,0.0110852,0.0448979,0.0223203,0.0225776,,
114,87,rejected,1,3.8733e-06,3.81805e-09,3.6863e-10,3.6863e-10,5.62546e-10,5.60652e-10,0.906552,0.0567588,0.847795,0.0107862,0.0229854,0.0229852,0,,
115,88,accepted,0,3.8733e-06,1.90902e-09,3.68024e-10,3.68024e-10,5.62615e-10,5.60652e-10,0,0,0,0.011452,0.0449965,0.0226713,0.0223251,,
116,89,accepted,1,1.41538e-07,9.54511e-10,3.67792e-10,3.67792e-10,5.62547e-10,5.60652e-10,0.901007,0.0566018,0.842593,0.0116056,0.0446535,0.0224304,0.0222231,,
117,90,accepted,1,5.94553e-07,4.77256e-10,3.67486e-10,3.67486e-10,5.62408e-10,5.60652e-10,0.899565,0.0589207,0.838977,0.0113194,0.0445562,0.0223401,0.0222161,,
118,90,rejected,1,2.3418e-06,4.77256e-09,3.67486e-10,3.67486e-10,5.62408e-10,5.60652e-10,0.951357,0.0563313,0.893264,0.0108026,0.0223655,0.0223653,0,,
119,91,accepted,0,2.3418e-06,2.38628e-09,3.67205e-10,3.67205e-10,5.62568e-10,5.60652e-10,0,0,0,0.0114172,0.0452333,0.022813,0.0224202,,
120,92,accepted,1,8.69269e-08,1.19314e-09,3.67019e-10,3.67019e-10,5.62515e-10,5.60652e-10,0.957578,0.0566419,0.89923,0.0103776,0.0453,0.0226335,0.0226664,,
121,93,accepted,1,3.62938e-07,5.9657e-10,3.6671e-10,3.6671e-10,5.6237e-10,5.60652e-10,0.966165,0.0569857,0.90681,0.0136749,0.0450017,0.0225507,0.0224509,,
122,93,rejected,1,1.44254e-06,5.9657e-09,3.6671e-10,3.6671e-10,5.6237e-10,5.60652e-10,0.918862,0.056498,0.86065,0.0114214,0.0225902,0.02259,0,,
123,94,accepted,0,1.44254e-06,2.98285e-09,3.66563e-10,3.66563e-10,5.62513e-10,5.60652e-10,0,0,0,0.0101642,0.0454472,0.0227413,0.0227059,,
124,95,accepted,1,5.41461e-08,1.49142e-09,3.66415e-10,3.66415e-10,5.62473e-10,5.60652e-10,0.889332,0.0566652,0.830539,0.0112513,0.0446629,0.0223859,0.0222769,,
125,96,accepted,1,2.24813e-07,7.45712e-10,3.66145e-10,3.66145e-10,5.62352e-10,5.60652e-10,0.885835,0.056413,0.82762,0.0117614,0.0449355,0.0224062,0.0225293,,
126,97,accepted,1,8.98111e-07,3.72856e-10,3.65966e-10,3.65966e-10,5.62231e-10,5.60652e-10,0.862276,0.0574093,0.803013,0.0109319,0.043951,0.0214922,0.0224586,,
127,97,rejected,1,3.50196e-06,3.72856e-09,3.65966e-10,3.65966e-10,5.62231e-10,5.60652e-10,0.876996,0.0563223,0.818825,0.0114289,0.0224318,0.0224318,0,,
128,98,accepted,0,3.50196e-06,1.86428e-09,3.65416e-10,3.65416e-10,5.62336e-10,5.60652e-10,0,0,0,0.0109268,0.0440341,0.0217424,0.0222915,,
129,99,accepted,1,1.29816e-07,9.3214e-10,3.65194e-10,3.65194e-10,5.62241e-10,5.60652e-10,0.898667,0.0573166,0.839675,0.0110126,0.0451087,0.0225366,0.0225721,,
130,100,accepted,1,5.4409e-07,4.6607e-10,3.64895e-10,3.64895e-10,5.62037e-10,5.60652e-10,0.894025,0.0574529,0.834809,0.0115785,0.0454887,0.0228658,0.0226228,,
131,100,rejected,1,2.1625e-06,4.6607e-09,3.64895e-10,3.64895e-10,5.62037e-10,5.60652e-10,0.964166,0.0568881,0.905495,0.0111727,0.0223477,0.0223474,0,,
132,101,accepted,0,2.1625e-06,2.33035e-09,3.64634e-10,3.64634e-10,5.62205e-10,5.60652e-10,0,0,0,0.0110747,0.0446133,0.0222932,0.02232,,
133,102,accepted,1,8.10493e-08,1.16518e-09,3.64456e-10,3.64456e-10,5.62131e-10,5.60652e-10,0.895517,0.0565265,0.83722,0.0114628,0.0449046,0.0223984,0.0225061,,
134,103,accepted,1,3.38172e-07,5.82588e-10,3.64157e-10,3.64157e-10,5.61942e-10,5.60652e-10,0.863553,0.0569998,0.804808,0.0111378,0.0449498,0.0223815,0.0225682,,
135,103,rejected,1,1.35239e-06,5.82588e-09,3.64157e-10,3.64157e-10,5.61942e-10,5.60652e-10,0.907512,0.057141,0.848706,0.0114973,0.0224222,0.0224221,0,,
136,104,accepted,0,1.35239e-06,2.91294e-09,3.64018e-10,3.64018e-10,5.62085e-10,5.60652e-10,0,0,0,0.0116618,0.0446535,0.0223538,0.0222997,,
137,105,accepted,1,5.10852e-08,1.45647e-09,3.63876e-10,3.63876e-10,5.62028e-10,5.60652e-10,0.960567,0.0565405,0.902251,0.010238,0.0450069,0.0223689,0.0226379,,
138,106,accepted,1,2.12208e-07,7.28234e-10,3.63615e-10,3.63615e-10,5.61876e-10,5.60652e-10,0.989318,0.0557378,0.931742,0.0109464,0.0450854,0.0225667,0.0225186,,
139,107,accepted,1,8.51552e-07,3.64117e-10,3.63431e-10,3.63431e-10,5.61668e-10,5.60652e-10,0.95972,0.05634,0.901582,0.0110658,0.0452348,0.0229288,0.022306,,
140,107,rejected,1,3.36104e-06,3.64117e-09,3.63431e-10,3.63431e-10,5.61668e-10,5.60652e-10,0.890484,0.0569763,0.831741,0.0105466,0.0223392,0.0223392,0,,
141,108,accepted,0,3.36104e-06,1.82059e-09,3.62912e-10,3.62912e-10,5.61797e-10,5.60652e-10,0,0,0,0.0102571,0.0448112,0.0223153,0.0224958,,
142,109,accepted,1,1.25346e-07,9.10293e-10,3.62698e-10,3.62698e-10,5.61677e-10,5.60652e-10,0.950801,0.0567368,0.891994,0.0114683,0.0453157,0.0225954,0.0227202,,
143,110,accepted,1,5.26457e-07,4.55147e-10,3.62403e-10,3.62403e-10,5.61419e-10,5.60652e-10,0.875207,0.0565819,0.816854,0.0104393,0.0461373,0.0221157,0.0240215,,
144,110,rejected,1,2.10852e-06,4.55147e-09,3.62403e-10,3.62403e-10,5.61419e-10,5.60652e-10,0.8723,0.0567947,0.81377,0.0119645,0.022429,0.0224286,0,,
145,111,accepted,0,2.10852e-06,2.27573e-09,3.62154e-10,3.62154e-10,5.61592e-10,5.60652e-10,0,0,0,0.0105298,0.0460639,0.0224328,0.0236311,,
146,112,accepted,1,7.92494e-08,1.13787e-09,3.61981e-10,3.61981e-10,5.615e-10,5.60652e-10,0.936628,0.0571937,0.877694,0.0119581,0.0447274,0.0222942,0.0224331,,
147,113,accepted,1,3.31494e-07,5.68933e-10,3.6169e-10,3.6169e-10,5.61272e-10,5.60652e-10,0.906189,0.0570187,0.847463,0.0103176,0.0449496,0.0226538,0.0222957,,
148,113,rejected,1,1.33367e-06,5.68933e-09,3.6169e-10,3.6169e-10,5.61272e-10,5.60652e-10,0.952609,0.0555888,0.895373,0.012085,0.0229306,0.0229303,0,,
149,114,accepted,0,1.33367e-06,2.84467e-09,3.61556e-10,3.61556e-10,5.61415e-10,5.60652e-10,0,0,0,0.0112818,0.0454721,0.0229829,0.0224891,,
150,115,accepted,1,5.04285e-08,1.42233e-09,3.61417e-10,3.61417e-10,5.61345e-10,5.60652e-10,0.90629,0.0563385,0.848279,0.0109876,0.0450501,0.0224071,0.0226429,,
151,116,accepted,1,2.10025e-07,7.11166e-10,3.61163e-10,3.61163e-10,5.61163e-10,5.60652e-10,0.897578,0.0567415,0.839134,0.0128682,0.0449179,0.0224276,0.0224901,,
152,117,accepted,1,8.46968e-07,3.55583e-10,3.60977e-10,3.60977e-10,5.60884e-10,5.60652e-10,0.950155,0.0556432,0.89262,0.0110409,0.0450816,0.0225925,0.0224889,,
153,117,rejected,1,3.37625e-06,3.55583e-09,3.60977e-10,3.60977e-10,5.60884e-10,5.60652e-10,0.955593,0.0564286,0.897338,0.0112062,0.0224468,0.0224467,0,,
154,118,accepted,0,3.37625e-06,1.77792e-09,3.60477e-10,3.60477e-10,5.61031e-10,5.60652e-10,0,0,0,0.0109154,0.0416287,0.0214923,0.0201364,,
155,119,accepted,1,1.26079e-07,8.88958e-10,3.60267e-10,3.60267e-10,5.60889e-10,5.60652e-10,0.881083,0.056443,0.822909,0.0111109,0.0449923,0.0223647,0.0226274,,
156,120,accepted,1,5.31312e-07,4.44479e-10,3.59977e-10,3.59977e-10,5.60582e-10,5.60582e-10,0.894945,0.0556924,0.837431,0.0114659,0.0450619,0.0224506,0.0226113,,best_validation_checkpoint_0.bin
157,120,rejected,1,2.14473e-06,4.44479e-09,3.59977e-10,3.59977e-10,5.60582e-10,5.60582e-10,0.90856,0.0559268,0.850983,0.0108629,0.0227068,0.0227064,0,,
158,121,accepted,0,2.14473e-06,2.2224e-09,3.59735e-10,3.59735e-10,5.60762e-10,5.60582e-10,0,0,0,0.0112589,0.0446693,0.0224005,0.0222688,,
159,122,accepted,1,8.05995e-08,1.1112e-09,3.59565e-10,3.59565e-10,5.60654e-10,5.60582e-10,0.893466,0.0568147,0.834922,0.0111056,0.0450203,0.0225539,0.0224664,,
160,123,accepted,1,3.38074e-07,5.55599e-10,3.59279e-10,3.59279e-10,5.6039e-10,5.6039e-10,0.897254,0.0567299,0.838686,0.0114473,0.0446636,0.0223589,0.0223047,,best_validation_checkpoint_1.bin
161,123,rejected,1,1.36916e-06,5.55599e-09,3.59279e-10,3.59279e-10,5.6039e-10,5.6039e-10,0.906476,0.0563226,0.848366,0.011691,0.0220098,0.0220097,0,,
162,124,accepted,0,1.36916e-06,2.77799e-09,3.59148e-10,3.59148e-10,5.60535e-10,5.6039e-10,0,0,0,0.0108093,0.0449928,0.0226406,0.0223522,,
163,125,accepted,1,5.17402e-08,1.389e-09,3.59011e-10,3.59011e-10,5.60452e-10,5.6039e-10,0.876036,0.0569648,0.817448,0.0108957,0.0473192,0.0230124,0.0243068,,
164,126,accepted,1,2.15937e-07,6.94499e-10,3.58761e-10,3.58761e-10,5.60245e-10,5.60245e-10,0.887925,0.0570286,0.829157,0.0105313,0.0453559,0.0230749,0.022281,,best_validation_checkpoint_0.bin
165,127,accepted,1,8.75671e-07,3.47249e-10,3.58578e-10,3.58578e-10,5.59905e-10,5.59905e-10,0.900144,0.0563501,0.841945,0.0106953,0.0449838,0.0224252,0.0225585,,best_validation_checkpoint_1.bin
166,127,rejected,1,3.52141e-06,3.47249e-09,3.58578e-10,3.58578e-10,5.59905e-10,5.59905e-10,0.937252,0.056783,0.878743,0.0105253,0.0225303,0.02253,0,,
167,128,accepted,0,3.52141e-06,1.73625e-09,3.58086e-10,3.58086e-10,5.60067e-10,5.59905e-10,0,0,0,0.0108029,0.0452701,0.0225167,0.0227534,,
168,129,accepted,1,1.31583e-07,8.68123e-10,3.57879e-10,3.57879e-10,5.59906e-10,5.59905e-10,0.868764,0.0563672,0.810449,0.0115707,0.0448562,0.0224277,0.0224284,,
169,130,accepted,1,5.55595e-07,4.34062e-10,3.57593e-10,3.57593e-10,5.59556e-10,5.59556e-10,0.888143,0.0565872,0.829744,0.01091,0.046991,0.0230822,0.0239087,,best_validation_checkpoint_0.bin
170,130,rejected,1,2.25965e-06,4.34062e-09,3.57593e-10,3.57593e-10,5.59556e-10,5.59556e-10,0.936394,0.0573357,0.877342,0.0120169,0.0230616,0.0230613,0,,
171,131,accepted,0,2.25965e-06,2.17031e-09,3.57354e-10,3.57354e-10,5.59742e-10,5.59556e-10,0,0,0,0.0108904,0.0456102,0.0230463,0.0225638,,
172,132,accepted,1,8.49499e-08,1.08515e-09,3.57186e-10,3.57186e-10,5.59619e-10,5.59556e-10,0.895362,0.0575208,0.836085,0.0110196,0.0450298,0.0226223,0.0224075,,
173,133,accepted,1,3.5664e-07,5.42577e-10,3.56904e-10,3.56904e-10,5.59325e-10,5.59325e-10,0.899958,0.0583982,0.839854,0.0109245,0.0446682,0.0223284,0.0223398,,best_validation_checkpoint_1.bin
174,133,rejected,1,1.45333e-06,5.42577e-09,3.56904e-10,3.56904e-10,5.59325e-10,5.59325e-10,0.910346,0.0567732,0.851695,0.0108206,0.0226018,0.0226015,0,,
175,134,accepted,0,1.45333e-06,2.71288e-09,3.56774e-10,3.56774e-10,5.59473e-10,5.59325e-10,0,0,0,0.0106918,0.0450931,0.0225791,0.022514,,
176,135,accepted,1,5.49513e-08,1.35644e-09,3.56639e-10,3.56639e-10,5.59379e-10,5.59325e-10,0.904853,0.0570869,0.845977,0.0112458,0.0437032,0.0212589,0.0224443,,
177,136,accepted,1,2.29342e-07,6.78221e-10,3.56392e-10,3.56392e-10,5.59148e-10,5.59148e-10,0.897101,0.0564984,0.838763,0.0120704,0.0445239,0.0224363,0.0220875,,best_validation_checkpoint_0.bin
178,137,accepted,1,9.34683e-07,3.39111e-10,3.56213e-10,3.56213e-10,5.58757e-10,5.58757e-10,0.883356,0.0596805,0.821857,0.01151,0.0446527,0.0223932,0.0222595,,best_validation_checkpoint_1.bin
179,137,rejected,1,3.78379e-06,3.39111e-09,3.56213e-10,3.56213e-10,5.58757e-10,5.58757e-10,0.930787,0.0572599,0.871802,0.0110804,0.0223433,0.0223432,0,,
180,138,accepted,0,3.78379e-06,1.69555e-09,3.55723e-10,3.55723e-10,5.58931e-10,5.58757e-10,0,0,0,0.0107012,0.0449087,0.0226369,0.0222717,,
181,139,accepted,1,1.41729e-07,8.47777e-10,3.55518e-10,3.55518e-10,5.58753e-10,5.58753e-10,0.88908,0.0563247,0.83095,0.0112641,0.0448145,0.0223507,0.0224637,,best_validation_checkpoint_0.bin
182,140,accepted,1,5.98001e-07,4.23888e-10,3.55236e-10,3.55236e-10,5.58367e-10,5.58367e-10,0.904518,0.0624089,0.840163,0.0108505,0.04477,0.0224,0.02237,,best_validation_checkpoint_1.bin
183,140,rejected,1,2.44573e-06,4.23888e-09,3.55236e-10,3.55236e-10,5.58367e-10,5.58367e-10,0.928527,0.056554,0.870174,0.0104997,0.0223138,0.0223135,0,,
184,141,accepted,0,2.44573e-06,2.11944e-09,3.54997e-10,3.54997e-10,5.58559e-10,5.58367e-10,0,0,0,0.0112729,0.0452795,0.0228988,0.0223807,,
185,142,accepted,1,9.21773e-08,1.05972e-09,3.54831e-10,3.54831e-10,5.58422e-10,5.58367e-10,1.00092,0.0573731,0.941486,0.0114211,0.0523034,0.0268238,0.0254796,,
186,143,accepted,1,3.86341e-07,5.2986e-10,3.54551e-10,3.54551e-10,5.58101e-10,5.58101e-10,0.983854,0.0569557,0.925232,0.0108977,0.0449389,0.0223712,0.0225677,,best_validation_checkpoint_0.bin
187,143,rejected,1,1.58109e-06,5.2986e-09,3.54551e-10,3.54551e-10,5.58101e-10,5.58101e-10,0.903261,0.0563105,0.845193,0.0109778,0.0219913,0.0219911,0,,
188,144,accepted,0,1.58109e-06,2.6493e-09,3.54421e-10,3.54421e-10,5.58252e-10,5.58101e-10,0,0,0,0.0104125,0.0449185,0.0226151,0.0223034,,
189,145,accepted,1,5.99461e-08,1.32465e-09,3.54287e-10,3.54287e-10,5.58148e-10,5.58101e-10,0.909485,0.0566342,0.851109,0.0108034,0.0448561,0.0224883,0.0223676,,
190,146,accepted,1,2.49624e-07,6.62325e-10,3.54042e-10,3.54042e-10,5.57897e-10,5.57897e-10,0.906955,0.0570225,0.84817,0.0109825,0.0452341,0.0224716,0.0227625,,best_validation_checkpoint_1.bin
191,147,accepted,1,1.02059e-06,3.31163e-10,3.53871e-10,3.53871e-10,5.57465e-10,5.57465e-10,0.897067,0.0565079,0.838839,0.0111138,0.0452078,0.0223767,0.022831,,best_validation_checkpoint_0.bin
192,147,rejected,1,4.14659e-06,3.31163e-09,3.53871e-10,3.53871e-10,5.57465e-10,5.57465e-10,0.889609,0.0565296,0.831351,0.0107073,0.0231232,0.023123,0,,
193,148,accepted,0,4.14659e-06,1.65581e-09,3.53376e-10,3.53376e-10,5.57647e-10,5.57465e-10,0,0,0,0.0110014,0.0462869,0.0239046,0.0223822,,
194,149,accepted,1,1.56074e-07,8.27907e-10,3.53172e-10,3.53172e-10,5.57454e-10,5.57454e-10,0.919424,0.057202,0.860278,0.0107117,0.0450454,0.0224294,0.0226159,,best_validation_checkpoint_1.bin
195,150,accepted,1,6.56344e-07,4.13953e-10,3.52896e-10,3.52896e-10,5.57036e-10,5.57036e-10,0.910159,0.0570081,0.851347,0.0111794,0.0446463,0.0223341,0.022312,,best_validation_checkpoint_0.bin
196,150,rejected,1,2.69161e-06,4.13953e-09,3.52896e-10,3.52896e-10,5.57036e-10,5.57036e-10,0.885497,0.0571649,0.826495,0.0106575,0.0225122,0.0225122,0,,
197,151,accepted,0,2.69161e-06,2.06977e-09,3.52654e-10,3.52654e-10,5.57234e-10,5.57036e-10,0,0,0,0.0109074,0.0447415,0.0222959,0.0224456,,
198,152,accepted,1,1.01931e-07,1.03488e-09,3.52488e-10,3.52488e-10,5.57086e-10,5.57036e-10,0.903198,0.0596176,0.841776,0.0111844,0.0449561,0.0223757,0.0225803,,
199,153,accepted,1,4.25618e-07,5.17442e-10,3.52211e-10,3.52211e-10,5.56741e-10,5.56741e-10,0.966051,0.0564547,0.907867,0.0114515,0.0451142,0.022339,0.0227751,,best_validation_checkpoint_1.bin
200,153,rejected,1,1.74491e-06,5.17442e-09,3.52211e-10,3.52211e-10,5.56741e-10,5.56741e-10,0.904841,0.0572212,0.845808,0.0110031,0.0224075,0.0224074,0,,
201,154,accepted,0,1.74491e-06,2.58721e-09,3.5208e-10,3.5208e-10,5.56896e-10,5.56741e-10,0,0,0,0.0108118,0.0450117,0.0223221,0.0226895,,
202,155,accepted,1,6.64679e-08,1.2936e-09,3.51947e-10,3.51947e-10,5.56783e-10,5.56741e-10,0.881564,0.0567357,0.823048,0.0098747,0.0448387,0.0223849,0.0224537,,
203,156,accepted,1,2.75709e-07,6.46802e-10,3.51702e-10,3.51702e-10,5.56514e-10,5.56514e-10,0.895987,0.0557354,0.838541,0.0108516,0.0450845,0.0223731,0.0227112,,best_validation_checkpoint_0.bin
204,157,accepted,1,1.12848e-06,3.23401e-10,3.51543e-10,3.51543e-10,5.56049e-10,5.56049e-10,0.947051,0.0577211,0.887606,0.0111849,0.0446704,0.0223496,0.0223208,,best_validation_checkpoint_1.bin
205,157,rejected,1,4.58782e-06,3.23401e-09,3.51543e-10,3.51543e-10,5.56049e-10,5.56049e-10,0.898886,0.058078,0.839053,0.0108589,0.0223576,0.0223574,0,,
206,158,accepted,0,4.58782e-06,1.61701e-09,3.51038e-10,3.51038e-10,5.56237e-10,5.56049e-10,0,0,0,0.0115398,0.0449697,0.0225951,0.0223745,,
207,159,accepted,1,1.73875e-07,8.08503e-10,3.50835e-10,3.50835e-10,5.5603e-10,5.5603e-10,0.914702,0.0579185,0.854943,0.0111943,0.0442669,0.0219732,0.0222935,,best_validation_checkpoint_0.bin
208,160,accepted,1,7.27516e-07,4.04251e-10,3.50564e-10,3.50564e-10,5.55586e-10,5.55586e-10,0.887448,0.0563749,0.829392,0.012014,0.0454129,0.0230204,0.0223923,,best_validation_checkpoint_1.bin
209,160,rejected,1,2.98359e-06,4.04251e-09,3.50564e-10,3.50564e-10,5.55586e-10,5.55586e-10,0.900315,0.0582853,0.840162,0.011421,0.0223849,0.0223847,0,,
210,161,accepted,0,2.98359e-06,2.02126e-09,3.50317e-10,3.50317e-10,5.55789e-10,5.55586e-10,0,0,0,0.0112049,0.0492002,0.0246624,0.0245377,,
211,162,accepted,1,1.13708e-07,1.01063e-09,3.50152e-10,3.50152e-10,5.55631e-10,5.55586e-10,0.879965,0.0567834,0.821376,0.0107955,0.0445864,0.0223831,0.0222031,,
212,163,accepted,1,4.72448e-07,5.05314e-10,3.49877e-10,3.49877e-10,5.55266e-10,5.55266e-10,0.916779,0.0567089,0.85832,0.011559,0.0447218,0.02238,0.0223417,,best_validation_checkpoint_0.bin
213,163,rejected,1,1.93614e-06,5.05314e-09,3.49877e-10,3.49877e-10,5.55266e-10,5.55266e-10,0.900555,0.0566091,0.842197,0.0109087,0.0230012,0.023001,0,,
214,164,accepted,0,1.93614e-06,2.52657e-09,3.49744e-10,3.49744e-10,5.55423e-10,5.55266e-10,0,0,0,0.0118293,0.0456198,0.0231395,0.0224802,,
215,165,accepted,1,7.41879e-08,1.26329e-09,3.49611e-10,3.49611e-10,5.55304e-10,5.55266e-10,0.93338,0.0560693,0.875527,0.0109913,0.0450465,0.022408,0.0226383,,
216,166,accepted,1,3.06294e-07,6.31643e-10,3.49368e-10,3.49368e-10,5.55019e-10,5.55019e-10,0.929268,0.056418,0.871158,0.0109278,0.0460495,0.0223234,0.0237259,,best_validation_checkpoint_1.bin
217,167,accepted,1,1.25287e-06,3.15821e-10,3.49223e-10,3.49223e-10,5.54528e-10,5.54528e-10,0.902891,0.056421,0.844691,0.011253,0.0451788,0.0226673,0.0225115,,best_validation_checkpoint_0.bin
218,167,rejected,1,5.08559e-06,3.15821e-09,3.49223e-10,3.49223e-10,5.54528e-10,5.54528e-10,0.91771,0.0564677,0.859467,0.0103606,0.022303,0.0223027,0,,
219,168,accepted,0,5.08559e-06,1.57911e-09,3.48703e-10,3.48703e-10,5.54719e-10,5.54528e-10,0,0,0,0.0107687,0.0448096,0.0223355,0.0224739,,
220,169,accepted,1,1.94306e-07,7.89553e-10,3.48501e-10,3.48501e-10,5.545e-10,5.545e-10,0.921183,0.0579344,0.861367,0.0114672,0.0452493,0.0224971,0.022752,,best_validation_checkpoint_1.bin
221,170,accepted,1,8.08214e-07,3.94777e-10,3.48235e-10,3.48235e-10,5.54034e-10,5.54034e-10,0.913883,0.0568113,0.855261,0.0114888,0.043668,0.022515,0.0211529,,best_validation_checkpoint_0.bin
222,170,rejected,1,3.30822e-06,3.94777e-09,3.48235e-10,3.48235e-10,5.54034e-10,5.54034e-10,0.892538,0.055873,0.834828,0.010523,0.0223843,0.0223842,0,,
223,171,accepted,0,3.30822e-06,1.97388e-09,3.47983e-10,3.47983e-10,5.5424e-10,5.54034e-10,0,0,0,0.0106574,0.0451024,0.0227636,0.0223386,,
224,172,accepted,1,1.27e-07,9.86942e-10,3.47818e-10,3.47818e-10,5.54074e-10,5.54034e-10,0.882861,0.0564755,0.824568,0.0104453,0.0439044,0.0222535,0.0216508,,
225,173,accepted,1,5.24796e-07,4.93471e-10,3.47545e-10,3.47545e-10,5.53691e-10,5.53691e-10,0.883321,0.0560509,0.82556,0.0108107,0.0448678,0.0223811,0.0224866,,best_validation_checkpoint_1.bin
226,173,rejected,1,2.14654e-06,4.93471e-09,3.47545e-10,3.47545e-10,5.53691e-10,5.53691e-10,0.892323,0.0564001,0.834124,0.0117377,0.0223025,0.0223024,0,,
227,174,accepted,0,2.14654e-06,2.46735e-09,3.47409e-10,3.47409e-10,5.53852e-10,5.53691e-10,0,0,0,0.010895,0.0449023,0.0224924,0.0224099,,
228,175,accepted,1,8.2789e-08,1.23368e-09,3.47277e-10,3.47277e-10,5.53726e-10,5.53691e-10,0.89662,0.0564655,0.838336,0.0111516,0.0449603,0.0225035,0.0224567,,
229,176,accepted,1,3.40123e-07,6.16839e-10,3.47035e-10,3.47035e-10,5.53428e-10,5.53428e-10,0.895644,0.0562743,0.83743,0.0106296,0.0446353,0.0225614,0.0220739,,best_validation_checkpoint_0.bin
230,177,accepted,1,1.38866e-06,3.08419e-10,3.46905e-10,3.46905e-10,5.52918e-10,5.52918e-10,0.882187,0.057316,0.823049,0.0112059,0.0481184,0.0239483,0.02417,,best_validation_checkpoint_1.bin
231,177,rejected,1,5.62043e-06,3.08419e-09,3.46905e-10,3.46905e-10,5.52918e-10,5.52918e-10,0.895687,0.0569756,0.83696,0.0114187,0.0225117,0.0225114,0,,
232,178,accepted,0,5.62043e-06,1.5421e-09,3.46368e-10,3.46368e-10,5.53108e-10,5.52918e-10,0,0,0,0.0111666,0.0448605,0.0224551,0.0224053,,
233,179,accepted,1,2.16625e-07,7.71048e-10,3.46166e-10,3.46166e-10,5.52879e-10,5.52879e-10,0.951231,0.0620446,0.88739,0.0124395,0.0450822,0.0225802,0.0225018,,best_validation_checkpoint_0.bin
234,180,accepted,1,8.95454e-07,3.85524e-10,3.45907e-10,3.45907e-10,5.52396e-10,5.52396e-10,0.87749,0.0563301,0.819321,0.0118832,0.0448158,0.0222984,0.0225173,,best_validation_checkpoint_1.bin
235,180,rejected,1,3.65399e-06,3.85524e-09,3.45907e-10,3.45907e-10,5.52396e-10,5.52396e-10,0.888313,0.0562071,0.830315,0.0112041,0.022321,0.0223208,0,,
236,181,accepted,0,3.65399e-06,1.92762e-09,3.45647e-10,3.45647e-10,5.52605e-10,5.52396e-10,0,0,0,0.0112295,0.0449482,0.022604,0.0223442,,
237,182,accepted,1,1.41351e-07,9.6381e-10,3.45482e-10,3.45482e-10,5.52431e-10,5.52396e-10,0.877748,0.0567635,0.81917,0.0110492,0.0436435,0.0224438,0.0211996,,
238,183,accepted,1,5.80866e-07,4.81905e-10,3.45212e-10,3.45212e-10,5.52033e-10,5.52033e-10,0.886706,0.056835,0.828047,0.010594,0.0454467,0.0229075,0.0225392,,best_validation_checkpoint_0.bin
239,183,rejected,1,2.36898e-06,4.81905e-09,3.45212e-10,3.45212e-10,5.52033e-10,5.52033e-10,0.864071,0.0574364,0.804772,0.0112087,0.0220668,0.0220665,0,,
240,184,accepted,0,2.36898e-06,2.40953e-09,3.45073e-10,3.45073e-10,5.52197e-10,5.52033e-10,0,0,0,0.0103047,0.0448507,0.0224171,0.0224334,,
241,185,accepted,1,9.19904e-08,1.20476e-09,3.4494e-10,3.4494e-10,5.52065e-10,5.52033e-10,0.88775,0.058468,0.827523,0.0111096,0.0448464,0.0223349,0.0225115,,
242,186,accepted,1,3.76078e-07,6.02381e-10,3.44699e-10,3.44699e-10,5.51756e-10,5.51756e-10,0.871369,0.057095,0.812486,0.011076,0.0448188,0.0223438,0.022475,,best_validation_checkpoint_1.bin
243,187,accepted,1,1.53152e-06,3.01191e-10,3.44588e-10,3.44588e-10,5.51234e-10,5.51234e-10,0.889733,0.0567676,0.831113,0.0107294,0.0454843,0.023121,0.0223632,,best_validation_checkpoint_0.bin
244,187,rejected,1,6.17599e-06,3.01191e-09,3.44588e-10,3.44588e-10,5.51234e-10,5.51234e-10,0.879907,0.0568496,0.821298,0.0106501,0.0223479,0.0223477,0,,
245,188,accepted,0,6.17599e-06,1.50595e-09,3.44031e-10,3.44031e-10,5.5142e-10,5.51234e-10,0,0,0,0.0102073,0.045351,0.022341,0.0230099,,
246,189,accepted,1,2.4019e-07,7.52977e-10,3.43829e-10,3.43829e-10,5.51182e-10,5.51182e-10,0.86484,0.0572747,0.805811,0.0114736,0.0451956,0.0224829,0.0227125,,best_validation_checkpoint_1.bin
247,190,accepted,1,9.86696e-07,3.76488e-10,3.43577e-10,3.43577e-10,5.50685e-10,5.50685e-10,0.891738,0.0573829,0.832483,0.0103754,0.0447284,0.0223256,0.0224028,,best_validation_checkpoint_0.bin
248,190,rejected,1,4.01096e-06,3.76488e-09,3.43577e-10,3.43577e-10,5.50685e-10,5.50685e-10,0.865485,0.0576604,0.806079,0.0108213,0.022375,0.0223746,0,,
249,191,accepted,0,4.01096e-06,1.88244e-09,3.43308e-10,3.43308e-10,5.50895e-10,5.50685e-10,0,0,0,0.0111597,0.0451834,0.0226646,0.0225188,,
250,192,accepted,1,1.56379e-07,9.41221e-10,3.43143e-10,3.43143e-10,5.50714e-10,5.50685e-10,0.87185,0.0565555,0.813527,0.0105517,0.0451201,0.0224764,0.0226436,,
251,193,accepted,1,6.39101e-07,4.70611e-10,3.42876e-10,3.42876e-10,5.50305e-10,5.50305e-10,0.857418,0.0562067,0.799434,0.0113288,0.044715,0.0223067,0.0224083,,best_validation_checkpoint_1.bin
252,193,rejected,1,2.5977e-06,4.70611e-09,3.42876e-10,3.42876e-10,5.50305e-10,5.50305e-10,0.84634,0.0569029,0.787657,0.0105124,0.0223817,0.0223814,0,,
253,194,accepted,0,2.5977e-06,2.35305e-09,3.42734e-10,3.42734e-10,5.50471e-10,5.50305e-10,0,0,0,0.0109528,0.0448982,0.0223943,0.0225038,,
254,195,accepted,1,1.01557e-07,1.17653e-09,3.42601e-10,3.42601e-10,5.50334e-10,5.50305e-10,0.8622,0.056939,0.803467,0.0104584,0.0448652,0.0225073,0.0223578,,
255,196,accepted,1,4.13222e-07,5.88263e-10,3.4236e-10,3.4236e-10,5.50015e-10,5.50015e-10,0.834247,0.0557882,0.776619,0.0113097,0.0450528,0.0225136,0.0225391,,best_validation_checkpoint_0.bin
256,197,accepted,1,1.67783e-06,2.94132e-10,3.42269e-10,3.42269e-10,5.49487e-10,5.49487e-10,0.910003,0.0563104,0.85188,0.01097,0.044703,0.0223865,0.0223164,,best_validation_checkpoint_1.bin
257,197,rejected,1,6.73878e-06,2.94132e-09,3.42269e-10,3.42269e-10,5.49487e-10,5.49487e-10,0.867429,0.0578462,0.807778,0.0117721,0.022453,0.0224527,0,,
258,198,accepted,0,6.73878e-06,1.47066e-09,3.4169e-10,3.4169e-10,5.49665e-10,5.49487e-10,0,0,0,0.0114177,0.0443842,0.0225234,0.0218607,,
259,199,accepted,1,2.64451e-07,7.35329e-10,3.41488e-10,3.41488e-10,5.49419e-10,5.49419e-10,0.861873,0.0570006,0.803092,0.0110478,0.044948,0.0223398,0.0226081,,best_validation_checkpoint_0.bin
260,200,accepted,1,1.07976e-06,3.67664e-10,3.41244e-10,3.41244e-10,5.48912e-10,5.48912e-10,0.854896,0.0564431,0.796637,0.0110889,0.0454779,0.0230232,0.0224546,,best_validation_checkpoint_1.bin
261,200,rejected,1,4.37109e-06,3.67664e-09,3.41244e-10,3.41244e-10,5.48912e-10,5.48912e-10,0.850322,0.0566845,0.791688,0.0113286,0.0226668,0.0226665,0,,
262,201,accepted,0,4.37109e-06,1.83832e-09,3.40966e-10,3.40966e-10,5.49121e-10,5.48912e-10,0,0,0,0.0105766,0.0451966,0.0227216,0.022475,,
263,202,accepted,1,1.71751e-07,9.19161e-10,3.40801e-10,3.40801e-10,5.48935e-10,5.48912e-10,0.854463,0.0566008,0.796132,0.010539,0.0450502,0.0223899,0.0226602,,
264,203,accepted,1,6.98203e-07,4.59581e-10,3.40537e-10,3.40537e-10,5.48516e-10,5.48516e-10,0.868116,0.05681,0.809448,0.0112833,0.0451708,0.0224905,0.0226802,,best_validation_checkpoint_0.bin
265,203,rejected,1,2.82753e-06,4.59581e-09,3.40537e-10,3.40537e-10,5.48516e-10,5.48516e-10,0.878874,0.0594101,0.817592,0.011111,0.0227984,0.0227982,0,,
266,204,accepted,0,2.82753e-06,2.2979e-09,3.4039e-10,3.4039e-10,5.48683e-10,5.48516e-10,0,0,0,0.0107727,0.0459897,0.0233049,0.0226847,,
267,205,accepted,1,1.1129e-07,1.14895e-09,3.40257e-10,3.40257e-10,5.48542e-10,5.48516e-10,0.861671,0.0587,0.801148,0.0117653,0.0445885,0.0223004,0.022288,,
268,206,accepted,1,4.50752e-07,5.74476e-10,3.40018e-10,3.40018e-10,5.48215e-10,5.48215e-10,0.85985,0.0564299,0.801574,0.0113314,0.0450189,0.0225258,0.022493,,best_validation_checkpoint_1.bin
269,207,accepted,1,1.82449e-06,2.87238e-10,3.39946e-10,3.39946e-10,5.47686e-10,5.47686e-10,0.885162,0.0574706,0.825852,0.0110512,0.0443809,0.0224116,0.0219693,,best_validation_checkpoint_0.bin
270,207,rejected,1,7.29721e-06,2.87238e-09,3.39946e-10,3.39946e-10,5.47686e-10,5.47686e-10,0.871602,0.0563572,0.813371,0.0146407,0.0226729,0.0226728,0,,
271,208,accepted,0,7.29721e-06,1.43619e-09,3.39344e-10,3.39344e-10,5.47852e-10,5.47686e-10,0,0,0,0.0115312,0.0453973,0.0229193,0.0224779,,
272,209,accepted,1,2.88958e-07,7.18095e-10,3.39143e-10,3.39143e-10,5.47601e-10,5.47601e-10,0.871676,0.0566087,0.813226,0.0104371,0.0447338,0.0224018,0.022332,,best_validation_checkpoint_1.bin
273,210,accepted,1,1.17282e-06,3.59047e-10,3.38906e-10,3.38906e-10,5.47087e-10,5.47087e-10,0.862531,0.0574311,0.803356,0.0107998,0.0446803,0.0223853,0.022295,,best_validation_checkpoint_0.bin
274,210,rejected,1,4.72747e-06,3.59047e-09,3.38906e-10,3.38906e-10,5.47087e-10,5.47087e-10,0.873324,0.0566822,0.814897,0.0110255,0.0224443,0.0224441,0,,
275,211,accepted,0,4.72747e-06,1.79524e-09,3.38619e-10,3.38619e-10,5.47293e-10,5.47087e-10,0,0,0,0.010857,0.0451444,0.02251,0.0226344,,
276,212,accepted,1,1.87187e-07,8.97618e-10,3.38454e-10,3.38454e-10,5.47103e-10,5.47087e-10,0.865058,0.0568184,0.806498,0.0107022,0.0449438,0.0224991,0.0224447,,
277,213,accepted,1,7.57048e-07,4.48809e-10,3.38193e-10,3.38193e-10,5.46676e-10,5.46676e-10,0.881636,0.0569251,0.822911,0.0110623,0.0441482,0.0215746,0.0225734,,best_validation_checkpoint_1.bin
278,213,rejected,1,3.05435e-06,4.48809e-09,3.38193e-10,3.38193e-10,5.46676e-10,5.46676e-10,0.886022,0.0561968,0.828202,0.0107929,0.0224593,0.0224591,0,,
279,214,accepted,0,3.05435e-06,2.24405e-09,3.38043e-10,3.38043e-10,5.46842e-10,5.46676e-10,0,0,0,0.011464,0.0445729,0.0224774,0.0220955,,
280,215,accepted,1,1.21013e-07,1.12202e-09,3.37909e-10,3.37909e-10,5.46698e-10,5.46676e-10,0.86895,0.0567164,0.810407,0.0106786,0.0453491,0.0224726,0.0228764,,
281,216,accepted,1,4.87986e-07,5.61011e-10,3.37671e-10,3.37671e-10,5.46364e-10,5.46364e-10,0.867316,0.0566785,0.808837,0.0107664,0.0450143,0.0224822,0.0225319,,best_validation_checkpoint_0.bin
282,217,accepted,1,1.96887e-06,2.80506e-10,3.3762e-10,3.3762e-10,5.45839e-10,5.45839e-10,0.878278,0.0566133,0.819872,0.0113334,0.0452173,0.0224358,0.0227814,,best_validation_checkpoint_1.bin
283,217,rejected,1,7.84209e-06,2.80506e-09,3.3762e-10,3.3762e-10,5.45839e-10,5.45839e-10,0.863364,0.0562676,0.80534,0.0111309,0.0224795,0.0224792,0,,
284,218,accepted,0,7.84209e-06,1.40253e-09,3.36995e-10,3.36995e-10,5.4599e-10,5.45839e-10,0,0,0,0.0111623,0.044794,0.0224937,0.0223002,,
285,219,accepted,1,3.13301e-07,7.01264e-10,3.36794e-10,3.36794e-10,5.45734e-10,5.45734e-10,0.860083,0.0571706,0.800914,0.0113513,0.0451968,0.0226886,0.0225082,,best_validation_checkpoint_0.bin
286,220,accepted,1,1.26431e-06,3.50632e-10,3.36566e-10,3.36566e-10,5.45216e-10,5.45216e-10,0.888661,0.0563007,0.830613,0.0117569,0.0447,0.0222955,0.0224044,,best_validation_checkpoint_1.bin
287,220,rejected,1,5.07444e-06,3.50632e-09,3.36566e-10,3.36566e-10,5.45216e-10,5.45216e-10,0.863169,0.0567948,0.804484,0.0115201,0.0224331,0.0224329,0,,
288,221,accepted,0,5.07444e-06,1.75316e-09,3.36269e-10,3.36269e-10,5.45416e-10,5.45216e-10,0,0,0,0.0110715,0.0451141,0.0225033,0.0226108,,
289,222,accepted,1,2.02442e-07,8.7658e-10,3.36104e-10,3.36104e-10,5.45222e-10,5.45216e-10,0.86186,0.0562138,0.803877,0.0109888,0.0445941,0.0223546,0.0222393,,
290,223,accepted,1,8.14695e-07,4.3829e-10,3.35845e-10,3.35845e-10,5.4479e-10,5.4479e-10,0.86711,0.0572372,0.808067,0.0112032,0.0452266,0.0226775,0.0225491,,best_validation_checkpoint_0.bin
291,223,rejected,1,3.27455e-06,4.3829e-09,3.35845e-10,3.35845e-10,5.4479e-10,5.4479e-10,0.86264,0.0564142,0.804439,0.0104938,0.0225529,0.0225527,0,,
292,224,accepted,0,3.27455e-06,2.19145e-09,3.35691e-10,3.35691e-10,5.44955e-10,5.4479e-10,0,0,0,0.0109188,0.0449329,0.0223897,0.022543,,
293,225,accepted,1,1.30579e-07,1.09573e-09,3.35558e-10,3.35558e-10,5.44807e-10,5.4479e-10,0.865001,0.0572542,0.805998,0.01118,0.0448886,0.0225905,0.0222981,,
294,226,accepted,1,5.24351e-07,5.47863e-10,3.3532e-10,3.3532e-10,5.44468e-10,5.44468e-10,0.892345,0.05657,0.833975,0.0108214,0.0450593,0.0225006,0.0225587,,best_validation_checkpoint_1.bin
295,227,accepted,1,2.10882e-06,2.73931e-10,3.35291e-10,3.35291e-10,5.4395e-10,5.4395e-10,0.885576,0.0564255,0.827392,0.0118588,0.0446471,0.0222989,0.0223482,,best_validation_checkpoint_0.bin
296,227,rejected,1,8.36533e-06,2.73931e-09,3.35291e-10,3.35291e-10,5.4395e-10,5.4395e-10,0.881248,0.0576643,0.821493,0.0105912,0.0223662,0.022366,0,,
297,228,accepted,0,8.36533e-06,1.36966e-09,3.34642e-10,3.34642e-10,5.44082e-10,5.4395e-10,0,0,0,0.0105982,0.0441159,0.0224043,0.0217115,,
298,229,accepted,1,3.37132e-07,6.84828e-10,3.34441e-10,3.34441e-10,5.43822e-10,5.43822e-10,0.855752,0.0568591,0.797137,0.0113998,0.0448262,0.0225483,0.0222778,,best_validation_checkpoint_1.bin
299,230,accepted,1,1.35296e-06,3.42414e-10,3.34221e-10,3.34221e-10,5.43303e-10,5.43303e-10,0.874937,0.0566627,0.816561,0.010814,0.0448518,0.022331,0.0225208,,best_validation_checkpoint_0.bin
300,230,rejected,1,5.40695e-06,3.42414e-09,3.34221e-10,3.34221e-10,5.43303e-10,5.43303e-10,0.974681,0.0599541,0.912113,0.0201547,0.0235564,0.0235562,0,,
301,231,accepted,0,5.40695e-06,1.71207e-09,3.33915e-10,3.33915e-10,5.43496e-10,5.43303e-10,0,0,0,0.0113585,0.0474894,0.0237413,0.023748,,
302,232,accepted,1,2.17321e-07,8.56036e-10,3.3375e-10,3.3375e-10,5.43298e-10,5.43298e-10,0.869972,0.0571361,0.811074,0.010927,0.0449137,0.0225434,0.0223702,,best_validation_checkpoint_1.bin
303,233,accepted,1,8.70395e-07,4.28018e-10,3.33495e-10,3.33495e-10,5.42862e-10,5.42862e-10,0.891352,0.0568876,0.832612,0.0109855,0.0448545,0.0223192,0.0225352,,best_validation_checkpoint_0.bin
304,233,rejected,1,3.48549e-06,4.28018e-09,3.33495e-10,3.33495e-10,5.42862e-10,5.42862e-10,0.961081,0.0628897,0.89623,0.0110578,0.0235816,0.0235813,0,,
305,234,accepted,0,3.48549e-06,2.14009e-09,3.33337e-10,3.33337e-10,5.43023e-10,5.42862e-10,0,0,0,0.0119731,0.0485369,0.0239098,0.024627,,
306,235,accepted,1,1.39872e-07,1.07004e-09,3.33203e-10,3.33203e-10,5.42873e-10,5.42862e-10,0.887271,0.0584538,0.826957,0.0119363,0.0451695,0.0226608,0.0225087,,
307,236,accepted,1,5.59398e-07,5.35022e-10,3.32967e-10,3.32967e-10,5.4253e-10,5.4253e-10,0.910735,0.0610359,0.847624,0.0120784,0.046358,0.0232139,0.0231439,,best_validation_checkpoint_1.bin
308,237,accepted,1,2.24266e-06,2.67511e-10,3.32957e-10,3.32957e-10,5.42022e-10,5.42022e-10,0.891837,0.0592542,0.830522,0.01167,0.0460778,0.0231646,0.0229132,,best_validation_checkpoint_0.bin
309,237,rejected,1,8.86128e-06,2.67511e-09,3.32957e-10,3.32957e-10,5.42022e-10,5.42022e-10,0.883812,0.0596012,0.822367,0.0111229,0.0224718,0.0224716,0,,
310,238,accepted,0,8.86128e-06,1.33756e-09,3.32287e-10,3.32287e-10,5.42132e-10,5.42022e-10,0,0,0,0.0112486,0.0452977,0.0227631,0.0225345,,
311,239,accepted,1,3.60193e-07,6.68778e-10,3.32086e-10,3.32086e-10,5.41868e-10,5.41868e-10,0.887546,0.0633198,0.82249,0.0101262,0.0448023,0.022508,0.0222943,,best_validation_checkpoint_1.bin
312,240,accepted,1,1.43775e-06,3.34389e-10,3.31874e-10,3.31874e-10,5.41349e-10,5.41349e-10,0.870275,0.0579989,0.810498,0.0110497,0.0457953,0.0228513,0.022944,,best_validation_checkpoint_0.bin
313,240,rejected,1,5.72225e-06,3.34389e-09,3.31874e-10,3.31874e-10,5.41349e-10,5.41349e-10,0.888575,0.0600363,0.826535,0.0115188,0.0227721,0.0227719,0,,
314,241,accepted,0,5.72225e-06,1.67194e-09,3.31559e-10,3.31559e-10,5.41532e-10,5.41349e-10,0,0,0,0.0118807,0.0462444,0.0233895,0.0228548,,
315,242,accepted,1,2.3166e-07,8.35972e-10,3.31394e-10,3.31394e-10,5.41331e-10,5.41331e-10,0.899973,0.0605227,0.837473,0.0119228,0.0465395,0.0234753,0.0230641,,best_validation_checkpoint_1.bin
316,243,accepted,1,9.23585e-07,4.17986e-10,3.31141e-10,3.31141e-10,5.40893e-10,5.40893e-10,0.932737,0.0660478,0.864647,0.0120497,0.0448489,0.0226685,0.0221804,,best_validation_checkpoint_0.bin
317,243,rejected,1,3.68516e-06,4.17986e-09,3.31141e-10,3.31141e-10,5.40893e-10,5.40893e-10,0.87407,0.0586395,0.813524,0.0112887,0.0228959,0.0228956,0,,
318,244,accepted,0,3.68516e-06,2.08993e-09,3.3098e-10,3.3098e-10,5.41049e-10,5.40893e-10,0,0,0,0.0111337,0.0442813,0.0228488,0.0214324,,
319,245,accepted,1,1.48795e-07,1.04497e-09,3.30846e-10,3.30846e-10,5.40897e-10,5.40893e-10,0.860344,0.0581185,0.80038,0.0117831,0.044932,0.0227647,0.0221673,,
320,246,accepted,1,5.92789e-07,5.22483e-10,3.30611e-10,3.30611e-10,5.40551e-10,5.40551e-10,0.875514,0.0580824,0.815575,0.011931,0.0445848,0.0223328,0.022252,,best_validation_checkpoint_1.bin
321,246,rejected,1,2.36923e-06,5.22483e-09,3.30611e-10,3.30611e-10,5.40551e-10,5.40551e-10,0.913896,0.0564185,0.855357,0.0104104,0.0223297,0.0223294,0,,
322,247,accepted,0,2.36923e-06,2.61241e-09,3.30519e-10,3.30519e-10,5.40661e-10,5.40551e-10,0,0,0,0.0104088,0.0451633,0.0224107,0.0227524,,
323,248,accepted,1,9.5488e-08,1.30621e-09,3.30412e-10,3.30412e-10,5.40545e-10,5.40545e-10,0.886768,0.0568359,0.828087,0.0113648,0.0448358,0.0223406,0.0224952,,best_validation_checkpoint_0.bin
324,249,accepted,1,3.8027e-07,6.53103e-10,3.3021e-10,3.3021e-10,5.40279e-10,5.40279e-10,0.874338,0.0567163,0.815773,0.0111946,0.0450176,0.0225997,0.0224179,,best_validation_checkpoint_1.bin
325,250,accepted,1,1.52146e-06,3.26552e-10,3.30006e-10,3.30006e-10,5.39763e-10,5.39763e-10,0.85133,0.056406,0.793194,0.0107162,0.0451554,0.0225822,0.0225732,,best_validation_checkpoint_0.bin
326,250,rejected,1,6.01299e-06,3.26552e-09,3.30006e-10,3.30006e-10,5.39763e-10,5.39763e-10,0.851211,0.0570261,0.792297,0.0111198,0.0224011,0.0224009,0,,
327,251,accepted,0,6.01299e-06,1.63276e-09,3.2968e-10,3.2968e-10,5.39935e-10,5.39763e-10,0,0,0,0.0109213,0.0448511,0.0224732,0.0223777,,
328,252,accepted,1,2.44933e-07,8.16379e-10,3.29514e-10,3.29514e-10,5.39732e-10,5.39732e-10,0.863876,0.0568949,0.805172,0.011554,0.0450849,0.0225859,0.0224988,,best_validation_checkpoint_1.bin
329,253,accepted,1,9.73356e-07,4.0819e-10,3.29264e-10,3.29264e-10,5.39292e-10,5.39292e-10,0.870637,0.0565461,0.812055,0.0112663,0.0451161,0.0227052,0.0224107,,best_validation_checkpoint_0.bin
330,253,rejected,1,3.87142e-06,4.0819e-09,3.29264e-10,3.29264e-10,5.39292e-10,5.39292e-10,0.875049,0.0571498,0.815964,0.0117086,0.0228521,0.0228519,0,,
331,254,accepted,0,3.87142e-06,2.04095e-09,3.29098e-10,3.29098e-10,5.39443e-10,5.39292e-10,0,0,0,0.0108262,0.0451855,0.0228163,0.0223691,,
332,255,accepted,1,1.57125e-07,1.02047e-09,3.28964e-10,3.28964e-10,5.39288e-10,5.39288e-10,0.87929,0.0582983,0.819017,0.0113419,0.044916,0.0224905,0.0224254,,best_validation_checkpoint_1.bin
333,256,accepted,1,6.24206e-07,5.10237e-10,3.28729e-10,3.28729e-10,5.38938e-10,5.38938e-10,0.910981,0.0594694,0.849653,0.0113672,0.0463104,0.0235157,0.0227946,,best_validation_checkpoint_0.bin
334,256,rejected,1,2.48828e-06,5.10237e-09,3.28729e-10,3.28729e-10,5.38938e-10,5.38938e-10,0.874119,0.0598371,0.812452,0.0115854,0.0235919,0.0235917,0,,
335,257,accepted,0,2.48828e-06,2.55118e-09,3.28635e-10,3.28635e-10,5.39046e-10,5.38938e-10,0,0,0,0.0119774,0.0460919,0.0233083,0.0227835,,
336,258,accepted,1,1.00721e-07,1.27559e-09,3.28527e-10,3.28527e-10,5.38928e-10,5.38928e-10,0.88001,0.0586575,0.819456,0.0120746,0.0437667,0.0211707,0.0225958,,best_validation_checkpoint_1.bin
337,259,accepted,1,4.00124e-07,6.37796e-10,3.28325e-10,3.28325e-10,5.38658e-10,5.38658e-10,0.859436,0.0581112,0.79952,0.0113848,0.0446712,0.0223271,0.0223441,,best_validation_checkpoint_0.bin
338,260,accepted,1,1.59742e-06,3.18898e-10,3.28129e-10,3.28129e-10,5.38146e-10,5.38146e-10,0.854022,0.0562816,0.795927,0.0112943,0.0454201,0.0227205,0.0226996,,best_validation_checkpoint_1.bin
339,260,rejected,1,6.29613e-06,3.18898e-09,3.28129e-10,3.28129e-10,5.38146e-10,5.38146e-10,0.891359,0.056638,0.832761,0.0106159,0.0226552,0.022655,0,,
340,261,accepted,0,6.29613e-06,1.59449e-09,3.27792e-10,3.27792e-10,5.38305e-10,5.38146e-10,0,0,0,0.0106815,0.0455186,0.0230672,0.0224512,,
341,262,accepted,1,2.58008e-07,7.97245e-10,3.27625e-10,3.27625e-10,5.38098e-10,5.38098e-10,0.866073,0.0579974,0.806264,0.0111319,0.0450667,0.0223959,0.0226708,,best_validation_checkpoint_0.bin
342,263,accepted,1,1.02188e-06,3.98623e-10,3.27378e-10,3.27378e-10,5.37656e-10,5.37656e-10,0.878635,0.0592612,0.817536,0.0111448,0.0442471,0.0223892,0.0218578,,best_validation_checkpoint_1.bin
343,263,rejected,1,4.05285e-06,3.98623e-09,3.27378e-10,3.27378e-10,5.37656e-10,5.37656e-10,0.909894,0.0601677,0.847755,0.0116144,0.0214193,0.0214191,0,,
344,264,accepted,0,4.05285e-06,1.99311e-09,3.27207e-10,3.27207e-10,5.37801e-10,5.37656e-10,0,0,0,0.0112047,0.0441167,0.021898,0.0222187,,
345,265,accepted,1,1.65311e-07,9.96557e-10,3.27072e-10,3.27072e-10,5.37643e-10,5.37643e-10,0.900615,0.0603833,0.838407,0.0124649,0.045099,0.022654,0.0224449,,best_validation_checkpoint_0.bin
346,266,accepted,1,6.54826e-07,4.98278e-10,3.26838e-10,3.26838e-10,5.3729e-10,5.3729e-10,0.904197,0.0607357,0.841532,0.0119649,0.0452959,0.0229216,0.0223742,,best_validation_checkpoint_1.bin
347,266,rejected,1,2.60393e-06,4.98278e-09,3.26838e-10,3.26838e-10,5.3729e-10,5.3729e-10,0.891743,0.0619805,0.827725,0.0119073,0.0219701,0.0219698,0,,
348,267,accepted,0,2.60393e-06,2.49139e-09,3.26741e-10,3.26741e-10,5.37395e-10,5.3729e-10,0,0,0,0.0115229,0.044019,0.0231139,0.020905,,
349,268,accepted,1,1.05843e-07,1.2457e-09,3.26633e-10,3.26633e-10,5.37275e-10,5.37275e-10,0.873995,0.0593415,0.812866,0.0110831,0.0454054,0.0226181,0.0227873,,best_validation_checkpoint_0.bin
350,269,accepted,1,4.19447e-07,6.22848e-10,3.26431e-10,3.26431e-10,5.37002e-10,5.37002e-10,0.868992,0.0583773,0.808854,0.0105846,0.0445733,0.0223946,0.0221786,,best_validation_checkpoint_1.bin
351,270,accepted,1,1.67109e-06,3.11424e-10,3.26242e-10,3.26242e-10,5.36492e-10,5.36492e-10,0.910674,0.0585662,0.850238,0.0123214,0.0460997,0.0223997,0.0236999,,best_validation_checkpoint_0.bin
352,270,rejected,1,6.56956e-06,3.11424e-09,3.26242e-10,3.26242e-10,5.36492e-10,5.36492e-10,0.962148,0.0633089,0.89676,0.0123644,0.0230888,0.0230885,0,,
353,271,accepted,0,6.56956e-06,1.55712e-09,3.25894e-10,3.25894e-10,5.36636e-10,5.36492e-10,0,0,0,0.0124398,0.0472433,0.0246484,0.0225949,,
354,272,accepted,1,2.70773e-07,7.7856e-10,3.25727e-10,3.25727e-10,5.36426e-10,5.36426e-10,0.929443,0.0610086,0.866545,0.0117689,0.0447819,0.0225365,0.0222454,,best_validation_checkpoint_1.bin
355,273,accepted,1,1.06898e-06,3.8928e-10,3.25482e-10,3.25482e-10,5.35983e-10,5.35983e-10,0.89589,0.0625483,0.831502,0.0116684,0.0453409,0.0227623,0.0225784,,best_validation_checkpoint_0.bin
356,273,rejected,1,4.22817e-06,3.8928e-09,3.25482e-10,3.25482e-10,5.35983e-10,5.35983e-10,0.86883,0.0594571,0.807389,0.0113685,0.0229367,0.0229365,0,,
357,274,accepted,0,4.22817e-06,1.9464e-09,3.25307e-10,3.25307e-10,5.36119e-10,5.35983e-10,0,0,0,0.0115505,0.0450399,0.0226571,0.0223827,,
358,275,accepted,1,1.73291e-07,9.732e-10,3.25172e-10,3.25172e-10,5.35959e-10,5.35959e-10,0.874823,0.0591699,0.813762,0.011335,0.0450419,0.0225024,0.0225395,,best_validation_checkpoint_1.bin
359,276,accepted,1,6.84541e-07,4.866e-10,3.24938e-10,3.24938e-10,5.35604e-10,5.35604e-10,0.862302,0.059943,0.800398,0.0112996,0.0453211,0.0229245,0.0223965,,best_validation_checkpoint_0.bin
360,276,rejected,1,2.71568e-06,4.866e-09,3.24938e-10,3.24938e-10,5.35604e-10,5.35604e-10,0.908655,0.0594724,0.847121,0.0114036,0.0225391,0.0225388,0,,
361,277,accepted,0,2.71568e-06,2.433e-09,3.24839e-10,3.24839e-10,5.35704e-10,5.35604e-10,0,0,0,0.0104749,0.0454708,0.0229231,0.0225475,,
362,278,accepted,1,1.10831e-07,1.2165e-09,3.24731e-10,3.24731e-10,5.35581e-10,5.35581e-10,0.894385,0.058338,0.834209,0.0116337,0.045407,0.0230324,0.0223745,,best_validation_checkpoint_1.bin
363,279,accepted,1,4.38195e-07,6.0825e-10,3.24528e-10,3.24528e-10,5.35305e-10,5.35305e-10,0.866937,0.059362,0.805735,0.0109863,0.0451004,0.0226098,0.0224905,,best_validation_checkpoint_0.bin
364,280,accepted,1,1.7423e-06,3.04125e-10,3.24347e-10,3.24347e-10,5.348e-10,5.348e-10,0.857154,0.0592092,0.796047,0.0112851,0.044365,0.0225779,0.0217869,,best_validation_checkpoint_1.bin
365,280,rejected,1,6.83288e-06,3.04125e-09,3.24347e-10,3.24347e-10,5.348e-10,5.348e-10,0.89939,0.0620146,0.835516,0.0115103,0.024003,0.0240028,0,,
366,281,accepted,0,6.83288e-06,1.52062e-09,3.23989e-10,3.23989e-10,5.34926e-10,5.348e-10,0,0,0,0.0122443,0.0447456,0.022001,0.0227446,,
367,282,accepted,1,2.83199e-07,7.60312e-10,3.23821e-10,3.23821e-10,5.34713e-10,5.34713e-10,0.88753,0.0608308,0.824727,0.0112431,0.0450458,0.0225182,0.0225275,,best_validation_checkpoint_0.bin
368,283,accepted,1,1.11463e-06,3.80156e-10,3.23579e-10,3.23579e-10,5.34269e-10,5.34269e-10,0.882076,0.0605209,0.819485,0.0113757,0.0454485,0.022739,0.0227093,,best_validation_checkpoint_1.bin
369,283,rejected,1,4.39717e-06,3.80156e-09,3.23579e-10,3.23579e-10,5.34269e-10,5.34269e-10,0.90865,0.0612288,0.845609,0.0108523,0.0230558,0.0230555,0,,
370,284,accepted,0,4.39717e-06,1.90078e-09,3.23399e-10,3.23399e-10,5.34396e-10,5.34269e-10,0,0,0,0.0112985,0.0455341,0.0229556,0.0225783,,
371,285,accepted,1,1.81061e-07,9.5039e-10,3.23263e-10,3.23263e-10,5.34233e-10,5.34233e-10,0.884693,0.0592289,0.823539,0.0116173,0.0461951,0.0234208,0.0227742,,best_validation_checkpoint_0.bin
372,286,accepted,1,7.13367e-07,4.75195e-10,3.2303e-10,3.2303e-10,5.33874e-10,5.33874e-10,0.882404,0.0603171,0.820005,0.0114517,0.0454528,0.0225875,0.0228651,,best_validation_checkpoint_1.bin
373,286,rejected,1,2.82356e-06,4.75195e-09,3.2303e-10,3.2303e-10,5.33874e-10,5.33874e-10,0.898467,0.0609633,0.835449,0.0114698,0.0227143,0.0227141,0,,
374,287,accepted,0,2.82356e-06,2.37598e-09,3.22929e-10,3.22929e-10,5.33969e-10,5.33874e-10,0,0,0,0.0120579,0.0459262,0.0229916,0.0229345,,
375,288,accepted,1,1.15686e-07,1.18799e-09,3.2282e-10,3.2282e-10,5.33844e-10,5.33844e-10,0.89832,0.0616171,0.834695,0.0119908,0.0469201,0.0230653,0.0238548,,best_validation_checkpoint_0.bin
376,289,accepted,1,4.56391e-07,5.93994e-10,3.22618e-10,3.22618e-10,5.33564e-10,5.33564e-10,0.900363,0.0593536,0.838908,0.0112181,0.0450071,0.0224711,0.0225359,,best_validation_checkpoint_1.bin
377,290,accepted,1,1.81111e-06,2.96997e-10,3.22444e-10,3.22444e-10,5.33065e-10,5.33065e-10,0.943355,0.0585872,0.882848,0.011513,0.0448403,0.0223631,0.0224772,,best_validation_checkpoint_0.bin
378,290,rejected,1,7.08609e-06,2.96997e-09,3.22444e-10,3.22444e-10,5.33065e-10,5.33065e-10,0.876378,0.0598345,0.814674,0.0113154,0.0228853,0.0228851,0,,
379,291,accepted,0,7.08609e-06,1.48498e-09,3.22075e-10,3.22075e-10,5.3317e-10,5.33065e-10,0,0,0,0.0122518,0.0452076,0.0222292,0.0229782,,
380,292,accepted,1,2.95289e-07,7.42492e-10,3.21908e-10,3.21908e-10,5.32955e-10,5.32955e-10,0.894839,0.0591928,0.833792,0.0135072,0.0451197,0.0227679,0.0223516,,best_validation_checkpoint_1.bin
381,293,accepted,1,1.15887e-06,3.71246e-10,3.21667e-10,3.21667e-10,5.3251e-10,5.3251e-10,0.885366,0.0593582,0.823831,0.0118582,0.0443698,0.0227643,0.0216054,,best_validation_checkpoint_0.bin
382,293,rejected,1,4.56033e-06,3.71246e-09,3.21667e-10,3.21667e-10,5.3251e-10,5.3251e-10,0.931401,0.0599554,0.869432,0.012194,0.0228473,0.022847,0,,
383,294,accepted,0,4.56033e-06,1.85623e-09,3.21483e-10,3.21483e-10,5.32625e-10,5.3251e-10,0,0,0,0.0117852,0.0466756,0.0229194,0.0237562,,
384,295,accepted,1,1.88616e-07,9.28116e-10,3.21347e-10,3.21347e-10,5.3246e-10,5.3246e-10,0.905009,0.0618419,0.840806,0.0143537,0.0473804,0.0241974,0.0231829,,best_validation_checkpoint_1.bin
385,296,accepted,1,7.41324e-07,4.64058e-10,3.21114e-10,3.21114e-10,5.32099e-10,5.32099e-10,0.930785,0.0627567,0.866084,0.011527,0.0461634,0.0231985,0.0229647,,best_validation_checkpoint_0.bin
386,296,rejected,1,2.9278e-06,4.64058e-09,3.21114e-10,3.21114e-10,5.32099e-10,5.32099e-10,0.917489,0.060467,0.85512,0.0117519,0.0233707,0.0233704,0,,
387,297,accepted,0,2.9278e-06,2.32029e-09,3.21012e-10,3.21012e-10,5.32186e-10,5.32099e-10,0,0,0,0.0120481,0.0462735,0.023379,0.0228944,,
388,298,accepted,1,1.20405e-07,1.16014e-09,3.20903e-10,3.20903e-10,5.32059e-10,5.32059e-10,0.938991,0.0612106,0.875812,0.0116737,0.045839,0.0229149,0.0229241,,best_validation_checkpoint_1.bin
389,299,accepted,1,4.74043e-07,5.80072e-10,3.207e-10,3.207e-10,5.31776e-10,5.31776e-10,0.917168,0.0589484,0.856418,0.0117578,0.0447438,0.0224935,0.0222502,,best_validation_checkpoint_0.bin
390,300,accepted,1,1.87763e-06,2.90036e-10,3.20533e-10,3.20533e-10,5.31284e-10,5.31284e-10,0.89831,0.0593308,0.837065,0.0114928,0.0446796,0.0223815,0.022298,,best_validation_checkpoint_1.bin
391,300,rejected,1,7.32994e-06,2.90036e-09,3.20533e-10,3.20533e-10,5.31284e-10,5.31284e-10,0.905948,0.0596732,0.844417,0.0111728,0.0230712,0.0230709,0,,
392,301,accepted,0,7.32994e-06,1.45018e-09,3.20155e-10,3.20155e-10,5.31366e-10,5.31284e-10,0,0,0,0.0122763,0.0454265,0.0229437,0.0224826,,
393,302,accepted,1,3.07035e-07,7.2509e-10,3.19987e-10,3.19987e-10,5.31147e-10,5.31147e-10,0.907609,0.0583417,0.847292,0.0116956,0.0442076,0.0225945,0.0216129,,best_validation_checkpoint_0.bin
394,303,accepted,1,1.20174e-06,3.62545e-10,3.19749e-10,3.19749e-10,5.30703e-10,5.30703e-10,0.924227,0.0628889,0.859443,0.011365,0.0451846,0.0226155,0.022569,,best_validation_checkpoint_1.bin
395,303,rejected,1,4.71767e-06,3.62545e-09,3.19749e-10,3.19749e-10,5.30703e-10,5.30703e-10,0.901989,0.0614554,0.838446,0.0119859,0.0228756,0.0228753,0,,
396,304,accepted,0,4.71767e-06,1.81273e-09,3.19561e-10,3.19561e-10,5.30804e-10,5.30703e-10,0,0,0,0.0121464,0.0457976,0.0231176,0.02268,,
397,305,accepted,1,1.95956e-07,9.06363e-10,3.19424e-10,3.19424e-10,5.30635e-10,5.30635e-10,0.884217,0.0606817,0.821539,0.0108973,0.0447472,0.0223157,0.0224314,,best_validation_checkpoint_0.bin
398,306,accepted,1,7.68428e-07,4.53181e-10,3.19192e-10,3.19192e-10,5.30273e-10,5.30273e-10,0.891127,0.0603596,0.828923,0.0117697,0.0456156,0.0232108,0.0224048,,best_validation_checkpoint_1.bin
399,306,rejected,1,3.02834e-06,4.53181e-09,3.19192e-10,3.19192e-10,5.30273e-10,5.30273e-10,0.874561,0.0602988,0.812326,0.0115574,0.0225009,0.0225007,0,,
400,307,accepted,0,3.02834e-06,2.26591e-09,3.19088e-10,3.19088e-10,5.30351e-10,5.30273e-10,0,0,0,0.0119177,0.0447337,0.0224293,0.0223044,,
401,308,accepted,1,1.24988e-07,1.13295e-09,3.18978e-10,3.18978e-10,5.30221e-10,5.30221e-10,0.899519,0.0581543,0.839146,0.0112798,0.0448593,0.0226238,0.0222355,,best_validation_checkpoint_0.bin
402,309,accepted,1,4.91161e-07,5.66477e-10,3.18775e-10,3.18775e-10,5.29936e-10,5.29936e-10,0.916664,0.0605601,0.854306,0.0114347,0.0448977,0.0223255,0.0225721,,best_validation_checkpoint_1.bin
403,310,accepted,1,1.94189e-06,2.83238e-10,3.18615e-10,3.18615e-10,5.29451e-10,5.29451e-10,0.88813,0.0602948,0.826017,0.0117593,0.0461251,0.0230976,0.0230275,,best_validation_checkpoint_0.bin
404,310,rejected,1,7.56453e-06,2.83238e-09,3.18615e-10,3.18615e-10,5.29451e-10,5.29451e-10,0.884427,0.0603703,0.822252,0.0105968,0.0224075,0.0224073,0,,
405,311,accepted,0,7.56453e-06,1.41619e-09,3.18228e-10,3.18228e-10,5.29506e-10,5.29451e-10,0,0,0,0.0110722,0.0461685,0.0229237,0.0232447,,
406,312,accepted,1,3.18414e-07,7.08096e-10,3.1806e-10,3.1806e-10,5.29284e-10,5.29284e-10,0.939194,0.0598561,0.877509,0.0120302,0.0448782,0.0224983,0.0223798,,best_validation_checkpoint_1.bin
407,313,accepted,1,1.24324e-06,3.54048e-10,3.17824e-10,3.17824e-10,5.28841e-10,5.28841e-10,0.890612,0.0573278,0.831383,0.0117311,0.0462244,0.0232318,0.0229925,,best_validation_checkpoint_0.bin
408,313,rejected,1,4.86917e-06,3.54048e-09,3.17824e-10,3.17824e-10,5.28841e-10,5.28841e-10,0.895785,0.0597631,0.834207,0.0114582,0.0227564,0.0227561,0,,
409,314,accepted,0,4.86917e-06,1.77024e-09,3.17632e-10,3.17632e-10,5.28927e-10,5.28841e-10,0,0,0,0.0116326,0.0454633,0.0230386,0.0224247,,
410,315,accepted,1,2.03066e-07,8.8512e-10,3.17495e-10,3.17495e-10,5.28755e-10,5.28755e-10,0.880664,0.0609116,0.817898,0.0113667,0.0441484,0.0230329,0.0211154,,best_validation_checkpoint_1.bin
411,316,accepted,1,7.94678e-07,4.4256e-10,3.17263e-10,3.17263e-10,5.28391e-10,5.28391e-10,0.904521,0.0642707,0.83823,0.0120487,0.046052,0.0233191,0.0227329,,best_validation_checkpoint_0.bin
412,316,rejected,1,3.12535e-06,4.4256e-09,3.17263e-10,3.17263e-10,5.28391e-10,5.28391e-10,0.903471,0.0621896,0.839335,0.0114743,0.023204,0.0232037,0,,
413,317,accepted,0,3.12535e-06,2.2128e-09,3.17158e-10,3.17158e-10,5.28459e-10,5.28391e-10,0,0,0,0.0112791,0.0451596,0.0225084,0.0226511,,
414,318,accepted,1,1.2942e-07,1.1064e-09,3.17047e-10,3.17047e-10,5.28327e-10,5.28327e-10,0.889317,0.0597979,0.827631,0.0113558,0.0442134,0.0223425,0.0218708,,best_validation_checkpoint_1.bin
415,319,accepted,1,5.07713e-07,5.532e-10,3.16844e-10,3.16844e-10,5.28039e-10,5.28039e-10,0.892178,0.0599359,0.830325,0.0125347,0.0450087,0.0225761,0.0224326,,best_validation_checkpoint_0.bin
416,320,accepted,1,2.00377e-06,2.766e-10,3.16691e-10,3.16691e-10,5.27562e-10,5.27562e-10,0.938298,0.0626904,0.873708,0.0114011,0.0458886,0.0226523,0.0232362,,best_validation_checkpoint_1.bin
417,320,rejected,1,7.78981e-06,2.766e-09,3.16691e-10,3.16691e-10,5.27562e-10,5.27562e-10,0.894918,0.0610928,0.83196,0.0119292,0.0225302,0.02253,0,,
418,321,accepted,0,7.78981e-06,1.383e-09,3.16295e-10,3.16295e-10,5.27588e-10,5.27562e-10,0,0,0,0.011701,0.0462266,0.0236457,0.0225808,,
419,322,accepted,1,3.29392e-07,6.915e-10,3.16126e-10,3.16126e-10,5.27363e-10,5.27363e-10,0.90666,0.0596879,0.845079,0.0114835,0.0456694,0.0231877,0.0224816,,best_validation_checkpoint_0.bin
420,323,accepted,1,1.28329e-06,3.4575e-10,3.15893e-10,3.15893e-10,5.26921e-10,5.26921e-10,0.871728,0.060021,0.809914,0.0116737,0.045527,0.0229919,0.0225351,,best_validation_checkpoint_1.bin
421,323,rejected,1,5.01477e-06,3.4575e-09,3.15893e-10,3.15893e-10,5.26921e-10,5.26921e-10,0.908932,0.0611309,0.845871,0.011521,0.0225043,0.022504,0,,
422,324,accepted,0,5.01477e-06,1.72875e-09,3.15697e-10,3.15697e-10,5.26988e-10,5.26921e-10,0,0,0,0.0116001,0.0450714,0.0226721,0.0223993,,
423,325,accepted,1,2.09913e-07,8.64375e-10,3.1556e-10,3.1556e-10,5.26814e-10,5.26814e-10,0.898177,0.0601074,0.836258,0.0119723,0.0454655,0.0226379,0.0228275,,best_validation_checkpoint_0.bin
424,326,accepted,1,8.19974e-07,4.32187e-10,3.15328e-10,3.15328e-10,5.26448e-10,5.26448e-10,0.914197,0.0642484,0.847643,0.0148071,0.0481227,0.0242614,0.0238612,,best_validation_checkpoint_1.bin
425,326,rejected,1,3.21838e-06,4.32187e-09,3.15328e-10,3.15328e-10,5.26448e-10,5.26448e-10,0.955271,0.0630382,0.890325,0.0145254,0.0230063,0.023006,0,,
426,327,accepted,0,3.21838e-06,2.16094e-09,3.15221e-10,3.15221e-10,5.26505e-10,5.26448e-10,0,0,0,0.0119471,0.0458924,0.0232279,0.0226643,,
427,328,accepted,1,1.33684e-07,1.08047e-09,3.15111e-10,3.15111e-10,5.2637e-10,5.2637e-10,0.926662,0.0626861,0.862154,0.0113329,0.0453853,0.022786,0.0225992,,best_validation_checkpoint_0.bin
428,329,accepted,1,5.23655e-07,5.40234e-10,3.14908e-10,3.14908e-10,5.26079e-10,5.26079e-10,0.87898,0.0579192,0.819221,0.0110299,0.0447583,0.0223847,0.0223736,,best_validation_checkpoint_1.bin
429,330,accepted,1,2.06318e-06,2.70117e-10,3.14761e-10,3.14761e-10,5.25612e-10,5.25612e-10,0.871162,0.0590277,0.810227,0.0117115,0.0455716,0.022675,0.0228965,,best_validation_checkpoint_0.bin
430,330,rejected,1,8.00524e-06,2.70117e-09,3.14761e-10,3.14761e-10,5.25612e-10,5.25612e-10,0.887913,0.0618207,0.824271,0.01259,0.0220817,0.0220815,0,,
431,331,accepted,0,8.00524e-06,1.35059e-09,3.14357e-10,3.14357e-10,5.25605e-10,5.25605e-10,0,0,0,0.0111556,0.0453271,0.0228848,0.0224423,,best_validation_checkpoint_1.bin
432,332,accepted,1,3.39903e-07,6.75293e-10,3.14188e-10,3.14188e-10,5.25376e-10,5.25376e-10,0.879569,0.0587046,0.819032,0.0107814,0.0453298,0.0225668,0.022763,,best_validation_checkpoint_0.bin
433,333,accepted,1,1.3217e-06,3.37646e-10,3.13956e-10,3.13956e-10,5.24937e-10,5.24937e-10,0.877096,0.0596124,0.815606,0.0122774,0.0470308,0.0235985,0.0234323,,best_validation_checkpoint_1.bin
434,333,rejected,1,5.15374e-06,3.37646e-09,3.13956e-10,3.13956e-10,5.24937e-10,5.24937e-10,0.905342,0.0604066,0.84305,0.0120084,0.0231728,0.0231725,0,,
435,334,accepted,0,5.15374e-06,1.68823e-09,3.13757e-10,3.13757e-10,5.24984e-10,5.24937e-10,0,0,0,0.01214,0.0477168,0.0241966,0.0235201,,
436,335,accepted,1,2.16459e-07,8.44116e-10,3.1362e-10,3.1362e-10,5.24806e-10,5.24806e-10,0.868336,0.0591185,0.8073,0.0111604,0.045493,0.0229486,0.0225443,,best_validation_checkpoint_0.bin
437,336,accepted,1,8.44183e-07,4.22058e-10,3.13388e-10,3.13388e-10,5.24438e-10,5.24438e-10,0.865887,0.0591515,0.804895,0.0110456,0.0457332,0.0229727,0.0227604,,best_validation_checkpoint_1.bin
438,336,rejected,1,3.30711e-06,4.22058e-09,3.13388e-10,3.13388e-10,5.24438e-10,5.24438e-10,0.894896,0.0589262,0.833948,0.0107263,0.0223846,0.0223843,0,,
439,337,accepted,0,3.30711e-06,2.11029e-09,3.1328e-10,3.1328e-10,5.24483e-10,5.24438e-10,0,0,0,0.0119778,0.0451697,0.022597,0.0225726,,
440,338,accepted,1,1.37748e-07,1.05515e-09,3.13169e-10,3.13169e-10,5.24345e-10,5.24345e-10,0.867862,0.058359,0.807571,0.011664,0.044897,0.0225168,0.0223802,,best_validation_checkpoint_0.bin
441,339,accepted,1,5.38871e-07,5.27573e-10,3.12966e-10,3.12966e-10,5.24051e-10,5.24051e-10,0.850704,0.0576625,0.791195,0.0105516,0.044873,0.0225403,0.0223327,,best_validation_checkpoint_1.bin
442,340,accepted,1,2.11967e-06,2.63786e-10,3.12825e-10,3.12825e-10,5.23595e-10,5.23595e-10,0.87206,0.0588531,0.811285,0.0111276,0.0447188,0.0224198,0.0222989,,best_validation_checkpoint_0.bin
443,340,rejected,1,8.20874e-06,2.63786e-09,3.12825e-10,3.12825e-10,5.23595e-10,5.23595e-10,0.885799,0.0593211,0.824624,0.0116023,0.0227906,0.0227903,0,,
444,341,accepted,0,8.20874e-06,1.31893e-09,3.12413e-10,3.12413e-10,5.23552e-10,5.23552e-10,0,0,0,0.0118697,0.0459225,0.0234261,0.0224962,,best_validation_checkpoint_1.bin
445,342,accepted,1,3.4986e-07,6.59466e-10,3.12244e-10,3.12244e-10,5.2332e-10,5.2332e-10,0.85817,0.0605197,0.79569,0.0109431,0.0454697,0.0226723,0.0227974,,best_validation_checkpoint_0.bin
446,343,accepted,1,1.35815e-06,3.29733e-10,3.12014e-10,3.12014e-10,5.22883e-10,5.22883e-10,0.887082,0.0603307,0.824817,0.0115903,0.0451906,0.0227561,0.0224344,,best_validation_checkpoint_1.bin
447,343,rejected,1,5.28489e-06,3.29733e-09,3.12014e-10,3.12014e-10,5.22883e-10,5.22883e-10,0.871602,0.0589282,0.81078,0.0107073,0.0224547,0.0224544,0,,
448,344,accepted,0,5.28489e-06,1.64866e-09,3.11812e-10,3.11812e-10,5.22908e-10,5.22883e-10,0,0,0,0.0114206,0.0442378,0.0228288,0.0214089,,
449,345,accepted,1,2.22633e-07,8.24332e-10,3.11674e-10,3.11674e-10,5.22727e-10,5.22727e-10,0.866307,0.058743,0.805642,0.0118286,0.0452054,0.0227054,0.0225,,best_validation_checkpoint_0.bin
450,346,accepted,1,8.67087e-07,4.12166e-10,3.11443e-10,3.11443e-10,5.22358e-10,5.22358e-10,0.883812,0.0578079,0.824141,0.0113939,0.0452526,0.0225659,0.0226865,,best_validation_checkpoint_1.bin
451,346,rejected,1,3.39058e-06,4.12166e-09,3.11443e-10,3.11443e-10,5.22358e-10,5.22358e-10,0.874833,0.0596148,0.813396,0.0110125,0.0229366,0.0229364,0,,
452,347,accepted,0,3.39058e-06,2.06083e-09,3.11334e-10,3.11334e-10,5.22389e-10,5.22358e-10,0,0,0,0.0113887,0.0444623,0.0221164,0.0223458,,
453,348,accepted,1,1.41569e-07,1.03042e-09,3.11223e-10,3.11223e-10,5.22247e-10,5.22247e-10,0.854833,0.0586026,0.794415,0.0107415,0.0449035,0.0226856,0.0222178,,best_validation_checkpoint_0.bin
454,349,accepted,1,5.53219e-07,5.15208e-10,3.11019e-10,3.11019e-10,5.2195e-10,5.2195e-10,0.878734,0.0592626,0.817384,0.0112671,0.0451864,0.0227846,0.0224018,,best_validation_checkpoint_1.bin
455,350,accepted,1,2.17266e-06,2.57604e-10,3.10884e-10,3.10884e-10,5.21506e-10,5.21506e-10,0.870613,0.0596561,0.809039,0.0113113,0.0449511,0.0225172,0.0224339,,best_validation_checkpoint_0.bin
456,350,rejected,1,8.39879e-06,2.57604e-09,3.10884e-10,3.10884e-10,5.21506e-10,5.21506e-10,0.888398,0.0593399,0.827174,0.0112635,0.0227176,0.0227173,0,,
457,351,accepted,0,8.39879e-06,1.28802e-09,3.10465e-10,3.10465e-10,5.21424e-10,5.21424e-10,0,0,0,0.0113053,0.0452291,0.0225875,0.0226415,,best_validation_checkpoint_1.bin
458,352,accepted,1,3.59119e-07,6.4401e-10,3.10295e-10,3.10295e-10,5.21189e-10,5.21189e-10,0.907451,0.0608144,0.844573,0.0112001,0.0449688,0.0225304,0.0224384,,best_validation_checkpoint_0.bin
459,353,accepted,1,1.39222e-06,3.22005e-10,3.10067e-10,3.10067e-10,5.20755e-10,5.20755e-10,0.875999,0.0588051,0.815319,0.0110379,0.0450548,0.0224778,0.0225768,,best_validation_checkpoint_1.bin
460,353,rejected,1,5.40659e-06,3.22005e-09,3.10067e-10,3.10067e-10,5.20755e-10,5.20755e-10,0.881321,0.056479,0.822987,0.0112448,0.0223402,0.02234,0,,
461,354,accepted,0,5.40659e-06,1.61002e-09,3.09862e-10,3.09862e-10,5.20756e-10,5.20755e-10,0,0,0,0.0108974,0.0447887,0.02248,0.0223087,,
462,355,accepted,1,2.28354e-07,8.05012e-10,3.09724e-10,3.09724e-10,5.20572e-10,5.20572e-10,0.883858,0.056844,0.825157,0.0109367,0.0447102,0.022191,0.0225191,,best_validation_checkpoint_0.bin
463,356,accepted,1,8.88361e-07,4.02506e-10,3.09494e-10,3.09494e-10,5.20202e-10,5.20202e-10,0.865123,0.058196,0.805185,0.0112179,0.0452265,0.0227378,0.0224887,,best_validation_checkpoint_1.bin
464,356,rejected,1,3.46754e-06,4.02506e-09,3.09494e-10,3.09494e-10,5.20202e-10,5.20202e-10,0.868276,0.056837,0.809369,0.0113033,0.0222529,0.0222527,0,,
465,357,accepted,0,3.46754e-06,2.01253e-09,3.09383e-10,3.09383e-10,5.20217e-10,5.20202e-10,0,0,0,0.0100284,0.0451454,0.02239,0.0227553,,
466,358,accepted,1,1.45088e-07,1.00626e-09,3.09272e-10,3.09272e-10,5.20072e-10,5.20072e-10,0.871214,0.0567846,0.812611,0.0109763,0.0452486,0.0224007,0.0228478,,best_validation_checkpoint_0.bin
467,359,accepted,1,5.66466e-07,5.03132e-10,3.09068e-10,3.09068e-10,5.19773e-10,5.19773e-10,0.89446,0.0565834,0.836044,0.0106984,0.0450197,0.0225129,0.0225067,,best_validation_checkpoint_1.bin
468,360,accepted,1,2.22127e-06,2.51566e-10,3.08938e-10,3.08938e-10,5.19341e-10,5.19341e-10,0.871885,0.0568701,0.813172,0.0106618,0.0449392,0.0224225,0.0225166,,best_validation_checkpoint_0.bin
469,360,rejected,1,8.57192e-06,2.51566e-09,3.08938e-10,3.08938e-10,5.19341e-10,5.19341e-10,0.858147,0.0587769,0.797542,0.0111752,0.0223268,0.0223265,0,,
470,361,accepted,0,8.57192e-06,1.25783e-09,3.08512e-10,3.08512e-10,5.19218e-10,5.19218e-10,0,0,0,0.010838,0.0447807,0.0224702,0.0223105,,best_validation_checkpoint_1.bin
471,362,accepted,1,3.67543e-07,6.28916e-10,3.08342e-10,3.08342e-10,5.18979e-10,5.18979e-10,0.85289,0.0598491,0.791159,0.011496,0.0440075,0.0226215,0.0213859,,best_validation_checkpoint_0.bin
472,363,accepted,1,1.4233e-06,3.14458e-10,3.08116e-10,3.08116e-10,5.18548e-10,5.18548e-10,1.00187,0.0645484,0.928999,0.0803002,0.0456422,0.023095,0.0225471,,best_validation_checkpoint_1.bin
473,363,rejected,1,5.51663e-06,3.14458e-09,3.08116e-10,3.08116e-10,5.18548e-10,5.18548e-10,0.86365,0.0589618,0.802758,0.0113511,0.022502,0.0225017,0,,
474,364,accepted,0,5.51663e-06,1.57229e-09,3.07908e-10,3.07908e-10,5.18524e-10,5.18524e-10,0,0,0,0.0107171,0.0439107,0.0219357,0.021975,,best_validation_checkpoint_0.bin
475,365,accepted,1,2.33509e-07,7.86144e-10,3.0777e-10,3.0777e-10,5.18336e-10,5.18336e-10,0.866696,0.0621902,0.802655,0.0110185,0.0451722,0.022542,0.0226301,,best_validation_checkpoint_1.bin
476,366,accepted,1,9.07612e-07,3.93072e-10,3.0754e-10,3.0754e-10,5.17965e-10,5.17965e-10,0.868478,0.0582435,0.808416,0.0130428,0.0451753,0.0227183,0.022457,,best_validation_checkpoint_0.bin
477,366,rejected,1,3.53665e-06,3.93072e-09,3.0754e-10,3.0754e-10,5.17965e-10,5.17965e-10,0.95823,0.065854,0.890579,0.0104946,0.0223591,0.0223589,0,,
478,367,accepted,0,3.53665e-06,1.96536e-09,3.07428e-10,3.07428e-10,5.17964e-10,5.17964e-10,0,0,0,0.0114274,0.0452769,0.022785,0.0224918,,best_validation_checkpoint_1.bin
479,368,accepted,1,1.48233e-07,9.82681e-10,3.07317e-10,3.07317e-10,5.17816e-10,5.17816e-10,0.883864,0.0608698,0.821121,0.0108931,0.0450197,0.022621,0.0223986,,best_validation_checkpoint_0.bin
480,369,accepted,1,5.78354e-07,4.9134e-10,3.07113e-10,3.07113e-10,5.17514e-10,5.17514e-10,0.874121,0.0593066,0.812798,0.0119544,0.0460076,0.0230807,0.0229268,,best_validation_checkpoint_1.bin
481,370,accepted,1,2.26454e-06,2.4567e-10,3.06987e-10,3.06987e-10,5.17095e-10,5.17095e-10,0.93059,0.062491,0.866065,0.0112299,0.0450553,0.0223412,0.0227141,,best_validation_checkpoint_0.bin
482,370,rejected,1,8.72431e-06,2.4567e-09,3.06987e-10,3.06987e-10,5.17095e-10,5.17095e-10,0.883343,0.0577411,0.82373,0.0109413,0.0223504,0.0223503,0,,
483,371,accepted,0,8.72431e-06,1.22835e-09,3.06555e-10,3.06555e-10,5.16928e-10,5.16928e-10,0,0,0,0.010749,0.0455301,0.0228881,0.022642,,best_validation_checkpoint_1.bin
484,372,accepted,1,3.74943e-07,6.14175e-10,3.06385e-10,3.06385e-10,5.16685e-10,5.16685e-10,0.846101,0.060326,0.783994,0.0111308,0.0432208,0.0225131,0.0207076,,best_validation_checkpoint_0.bin
485,373,accepted,1,1.45072e-06,3.07088e-10,3.06161e-10,3.06161e-10,5.16259e-10,5.16259e-10,0.880543,0.0584116,0.820196,0.0116154,0.045565,0.0230553,0.0225096,,best_validation_checkpoint_1.bin
486,373,rejected,1,5.61236e-06,3.07088e-09,3.06161e-10,3.06161e-10,5.16259e-10,5.16259e-10,0.877127,0.0586925,0.816397,0.0112498,0.0225869,0.0225867,0,,
487,374,accepted,0,5.61236e-06,1.53544e-09,3.05951e-10,3.05951e-10,5.16207e-10,5.16207e-10,0,0,0,0.0112265,0.045975,0.0236153,0.0223596,,best_validation_checkpoint_0.bin
488,375,accepted,1,2.37987e-07,7.67719e-10,3.05812e-10,3.05812e-10,5.16015e-10,5.16015e-10,0.88445,0.0601409,0.82235,0.0122531,0.0453444,0.022599,0.0227454,,best_validation_checkpoint_1.bin
489,376,accepted,1,9.24386e-07,3.8386e-10,3.05583e-10,3.05583e-10,5.15644e-10,5.15644e-10,0.860207,0.05825,0.800028,0.0112416,0.0461655,0.0235948,0.0225706,,best_validation_checkpoint_0.bin
490,376,rejected,1,3.59596e-06,3.8386e-09,3.05583e-10,3.05583e-10,5.15644e-10,5.15644e-10,0.873991,0.0622086,0.809562,0.0106899,0.0226302,0.0226301,0,,
491,377,accepted,0,3.59596e-06,1.9193e-09,3.05469e-10,3.05469e-10,5.15626e-10,5.15626e-10,0,0,0,0.012156,0.045788,0.0230929,0.0226951,,best_validation_checkpoint_1.bin
492,378,accepted,1,1.50932e-07,9.59649e-10,3.05358e-10,3.05358e-10,5.15474e-10,5.15474e-10,0.854741,0.0615839,0.790998,0.012057,0.0450356,0.0225113,0.0225241,,best_validation_checkpoint_0.bin
493,379,accepted,1,5.88584e-07,4.79825e-10,3.05154e-10,3.05154e-10,5.1517e-10,5.1517e-10,0.872294,0.0590073,0.811105,0.0113144,0.0458759,0.0233417,0.0225341,,best_validation_checkpoint_1.bin
494,380,accepted,1,2.30129e-06,2.39912e-10,3.05033e-10,3.05033e-10,5.14766e-10,5.14766e-10,0.874663,0.0594498,0.813292,0.0114287,0.0450014,0.0224045,0.0225969,,best_validation_checkpoint_0.bin
495,380,rejected,1,8.85194e-06,2.39912e-09,3.05033e-10,3.05033e-10,5.14766e-10,5.14766e-10,0.878349,0.0602456,0.816001,0.011533,0.0224387,0.0224385,0,,
496,381,accepted,0,8.85194e-06,1.19956e-09,3.04595e-10,3.04595e-10,5.14552e-10,5.14552e-10,0,0,0,0.0110861,0.0450459,0.0225542,0.0224916,,best_validation_checkpoint_1.bin
497,382,accepted,1,3.81125e-07,5.99781e-10,3.04425e-10,3.04425e-10,5.14306e-10,5.14306e-10,0.900195,0.0593052,0.838952,0.0118838,0.0455671,0.0229775,0.0225896,,best_validation_checkpoint_0.bin
498,383,accepted,1,1.47373e-06,2.9989e-10,3.04202e-10,3.04202e-10,5.13885e-10,5.13885e-10,0.883417,0.0599717,0.821565,0.0122579,0.0452408,0.0227664,0.0224743,,best_validation_checkpoint_1.bin
499,383,rejected,1,5.69106e-06,2.9989e-09,3.04202e-10,3.04202e-10,5.13885e-10,5.13885e-10,0.892181,0.0608738,0.829525,0.0121681,0.022843,0.0228427,0,,
500,384,accepted,0,5.69106e-06,1.49945e-09,3.03989e-10,3.03989e-10,5.13804e-10,5.13804e-10,0,0,0,0.011225,0.0454272,0.022929,0.0224979,,best_validation_checkpoint_0.bin
501,385,accepted,1,2.41659e-07,7.49726e-10,3.03851e-10,3.03851e-10,5.13609e-10,5.13609e-10,0.869817,0.0577644,0.810202,0.0118757,0.0444775,0.0226232,0.0218542,,best_validation_checkpoint_1.bin
502,386,accepted,1,9.38201e-07,3.74863e-10,3.03622e-10,3.03622e-10,5.13238e-10,5.13238e-10,0.87523,0.061356,0.812103,0.0112648,0.0446666,0.0224117,0.0222549,,best_validation_checkpoint_0.bin
503,386,rejected,1,3.6437e-06,3.74863e-09,3.03622e-10,3.03622e-10,5.13238e-10,5.13238e-10,0.878076,0.0605361,0.815671,0.0115972,0.0227671,0.0227668,0,,
504,387,accepted,0,3.6437e-06,1.87431e-09,3.03507e-10,3.03507e-10,5.132e-10,5.132e-10,0,0,0,0.0108357,0.0452755,0.0228656,0.0224097,,best_validation_checkpoint_1.bin
505,388,accepted,1,1.53101e-07,9.37157e-10,3.03395e-10,3.03395e-10,5.13046e-10,5.13046e-10,0.89027,0.0625788,0.825867,0.0117265,0.0452973,0.0226484,0.0226487,,best_validation_checkpoint_0.bin
506,389,accepted,1,5.96854e-07,4.68579e-10,3.03192e-10,3.03192e-10,5.12739e-10,5.12739e-10,0.875046,0.0592947,0.813785,0.0127441,0.0464309,0.0238295,0.0226013,,best_validation_checkpoint_1.bin
507,390,accepted,1,2.33031e-06,2.34289e-10,3.03074e-10,3.03074e-10,5.12351e-10,5.12351e-10,0.928942,0.0621914,0.86491,0.0106355,0.0447025,0.0223631,0.0223394,,best_validation_checkpoint_0.bin
508,390,rejected,1,8.94988e-06,2.34289e-09,3.03074e-10,3.03074e-10,5.12351e-10,5.12351e-10,0.879865,0.0591455,0.818804,0.0118176,0.0226947,0.0226945,0,,
509,391,accepted,0,8.94988e-06,1.17145e-09,3.02631e-10,3.02631e-10,5.12089e-10,5.12089e-10,0,0,0,0.0121861,0.0459826,0.0232411,0.0227414,,best_validation_checkpoint_1.bin
510,392,accepted,1,3.85901e-07,5.85723e-10,3.02461e-10,3.02461e-10,5.1184e-10,5.1184e-10,0.895784,0.059838,0.834113,0.0110623,0.0449996,0.0227535,0.0222461,,best_validation_checkpoint_0.bin
511,393,accepted,1,1.49156e-06,2.92862e-10,3.0224e-10,3.0224e-10,5.11424e-10,5.11424e-10,0.911306,0.0603422,0.849059,0.011672,0.0465234,0.0235594,0.0229639,,best_validation_checkpoint_1.bin
512,393,rejected,1,5.74979e-06,2.92862e-09,3.0224e-10,3.0224e-10,5.11424e-10,5.11424e-10,0.901586,0.0600574,0.839725,0.0117189,0.0224809,0.0224806,0,,
513,394,accepted,0,5.74979e-06,1.46431e-09,3.02025e-10,3.02025e-10,5.11313e-10,5.11313e-10,0,0,0,0.0110383,0.0455011,0.0228598,0.0226411,,best_validation_checkpoint_0.bin
514,395,accepted,1,2.44407e-07,7.32154e-10,3.01886e-10,3.01886e-10,5.11114e-10,5.11114e-10,0.981013,0.0635022,0.915476,0.0114721,0.045378,0.0226781,0.0226999,,best_validation_checkpoint_1.bin
515,396,accepted,1,9.48571e-07,3.66077e-10,3.01657e-10,3.01657e-10,5.10743e-10,5.10743e-10,0.915081,0.062308,0.85073,0.0122861,0.0460087,0.0232821,0.0227264,,best_validation_checkpoint_0.bin
516,396,rejected,1,3.67806e-06,3.66077e-09,3.01657e-10,3.01657e-10,5.10743e-10,5.10743e-10,0.90142,0.0598511,0.839545,0.0116598,0.0229126,0.0229124,0,,
517,397,accepted,0,3.67806e-06,1.83039e-09,3.01542e-10,3.01542e-10,5.10687e-10,5.10687e-10,0,0,0,0.0117159,0.0448564,0.0224982,0.0223581,,best_validation_checkpoint_1.bin
518,398,accepted,1,1.54669e-07,9.15193e-10,3.0143e-10,3.0143e-10,5.10529e-10,5.10529e-10,0.898655,0.0630967,0.833716,0.0125763,0.0455899,0.0231368,0.022453,,best_validation_checkpoint_0.bin
519,399,accepted,1,6.02852e-07,4.57596e-10,3.01226e-10,3.01226e-10,5.1022e-10,5.1022e-10,0.895329,0.0605404,0.832903,0.0110681,0.0453992,0.0228236,0.0225755,,best_validation_checkpoint_1.bin
520,400,accepted,1,2.35046e-06,2.28798e-10,3.01111e-10,3.01111e-10,5.09847e-10,5.09847e-10,0.933225,0.0612351,0.870053,0.0116396,0.0450305,0.0224712,0.0225592,,best_validation_checkpoint_0.bin
521,400,rejected,1,9.01468e-06,2.28798e-09,3.01111e-10,3.01111e-10,5.09847e-10,5.09847e-10,0.903971,0.0593725,0.842631,0.0120092,0.0226687,0.0226684,0,,
522,401,accepted,0,9.01468e-06,1.14399e-09,3.00665e-10,3.00665e-10,5.09537e-10,5.09537e-10,0,0,0,0.0116802,0.0457854,0.0232854,0.0225,,best_validation_checkpoint_1.bin
523,402,accepted,1,3.89088e-07,5.71995e-10,3.00494e-10,3.00494e-10,5.09285e-10,5.09285e-10,0.891854,0.0637573,0.825845,0.0147188,0.0450249,0.0225593,0.0224654,,best_validation_checkpoint_0.bin
524,403,accepted,1,1.50351e-06,2.85998e-10,3.00274e-10,3.00274e-10,5.08874e-10,5.08874e-10,0.907983,0.0589152,0.847279,0.0124701,0.0458933,0.0231037,0.0227896,,best_validation_checkpoint_1.bin
525,403,rejected,1,5.78606e-06,2.85998e-09,3.00274e-10,3.00274e-10,5.08874e-10,5.08874e-10,0.890985,0.0619743,0.827182,0.0111122,0.0224306,0.0224304,0,,
526,404,accepted,0,5.78606e-06,1.42999e-09,3.00057e-10,3.00057e-10,5.08733e-10,5.08733e-10,0,0,0,0.0117978,0.0447479,0.0223471,0.0224007,,best_validation_checkpoint_0.bin
527,405,accepted,1,2.46125e-07,7.14994e-10,2.99918e-10,2.99918e-10,5.08531e-10,5.08531e-10,0.878753,0.0605221,0.816294,0.0120587,0.044914,0.0224971,0.0224168,,best_validation_checkpoint_1.bin
528,406,accepted,1,9.55057e-07,3.57497e-10,2.99689e-10,2.99689e-10,5.08161e-10,5.08161e-10,0.859209,0.0620149,0.795369,0.0113209,0.0451369,0.0228573,0.0222796,,best_validation_checkpoint_0.bin
529,406,rejected,1,3.69746e-06,3.57497e-09,2.99689e-10,2.99689e-10,5.08161e-10,5.08161e-10,0.894164,0.0604472,0.831832,0.0111825,0.0234457,0.0234455,0,,
530,407,accepted,0,3.69746e-06,1.78749e-09,2.99573e-10,2.99573e-10,5.08085e-10,5.08085e-10,0,0,0,0.0110901,0.0458058,0.0240661,0.0217397,,best_validation_checkpoint_1.bin
531,408,accepted,1,1.5557e-07,8.93743e-10,2.99461e-10,2.99461e-10,5.07924e-10,5.07924e-10,0.915886,0.0615329,0.852388,0.0124439,0.0461371,0.0230074,0.0231296,,best_validation_checkpoint_0.bin
532,409,accepted,1,6.06319e-07,4.46871e-10,2.99258e-10,2.99258e-10,5.07613e-10,5.07613e-10,0.897513,0.0601427,0.835473,0.0120726,0.0456216,0.0230144,0.0226071,,best_validation_checkpoint_1.bin
533,410,accepted,1,2.36074e-06,2.23436e-10,2.99145e-10,2.99145e-10,5.07257e-10,5.07257e-10,0.939754,0.0613793,0.876517,0.012408,0.045801,0.0227466,0.0230544,,best_validation_checkpoint_0.bin
534,410,rejected,1,9.04276e-06,2.23436e-09,2.99145e-10,2.99145e-10,5.07257e-10,5.07257e-10,1.13507,0.0697661,1.06252,0.0262336,0.026477,0.0264768,0,,
535,411,accepted,0,9.04276e-06,1.11718e-09,2.98695e-10,2.98695e-10,5.06897e-10,5.06897e-10,0,0,0,0.0166294,0.0499214,0.0256768,0.0242445,,best_validation_checkpoint_1.bin
536,412,accepted,1,3.90575e-07,5.58589e-10,2.98524e-10,2.98524e-10,5.06642e-10,5.06642e-10,0.922606,0.0641467,0.856588,0.01165,0.0451873,0.0224751,0.0227121,,best_validation_checkpoint_0.bin
537,413,accepted,1,1.50905e-06,2.79295e-10,2.98304e-10,2.98304e-10,5.06238e-10,5.06238e-10,0.901818,0.0616165,0.838015,0.0115583,0.0466853,0.0241518,0.0225333,,best_validation_checkpoint_1.bin
538,413,rejected,1,5.7978e-06,2.79295e-09,2.98304e-10,2.98304e-10,5.06238e-10,5.06238e-10,0.918032,0.0630968,0.853046,0.0123873,0.0234336,0.0234334,0,,
539,414,accepted,0,5.7978e-06,1.39647e-09,2.98086e-10,2.98086e-10,5.06066e-10,5.06066e-10,0,0,0,0.0114335,0.0453253,0.0229037,0.0224216,,best_validation_checkpoint_0.bin
540,415,accepted,1,2.46738e-07,6.98237e-10,2.97947e-10,2.97947e-10,5.05861e-10,5.05861e-10,0.885862,0.0603556,0.823689,0.0115827,0.0458473,0.022989,0.0228581,,best_validation_checkpoint_1.bin
541,416,accepted,1,9.57362e-07,3.49118e-10,2.97718e-10,2.97718e-10,5.05492e-10,5.05492e-10,0.866778,0.0592379,0.80555,0.0116786,0.0451196,0.02259,0.0225294,,best_validation_checkpoint_0.bin
542,416,rejected,1,3.70072e-06,3.49118e-09,2.97718e-10,2.97718e-10,5.05492e-10,5.05492e-10,0.897244,0.0627322,0.832595,0.0120309,0.0234098,0.0234096,0,,
543,417,accepted,0,3.70072e-06,1.74559e-09,2.97602e-10,2.97602e-10,5.05397e-10,5.05397e-10,0,0,0,0.0114925,0.0454641,0.0227494,0.0227147,,best_validation_checkpoint_1.bin
544,418,accepted,1,1.55757e-07,8.72796e-10,2.9749e-10,2.9749e-10,5.05233e-10,5.05233e-10,0.938983,0.0605576,0.876426,0.0131403,0.0466535,0.0238575,0.0227959,,best_validation_checkpoint_0.bin
545,419,accepted,1,6.07064e-07,4.36398e-10,2.97286e-10,2.97286e-10,5.0492e-10,5.0492e-10,0.935519,0.0647148,0.868848,0.0115834,0.0455396,0.0227463,0.0227933,,best_validation_checkpoint_1.bin
546,420,accepted,1,2.3605e-06,2.18199e-10,2.97175e-10,2.97175e-10,5.0458e-10,5.0458e-10,0.890034,0.0591485,0.828917,0.0142044,0.0460069,0.0231365,0.0228704,,best_validation_checkpoint_0.bin
547,420,rejected,1,9.03152e-06,2.18199e-09,2.97175e-10,2.97175e-10,5.0458e-10,5.0458e-10,0.981566,0.0641547,0.915553,0.0114666,0.022525,0.0225248,0,,
548,421,accepted,0,9.03152e-06,1.09099e-09,2.96722e-10,2.96722e-10,5.04172e-10,5.04172e-10,0,0,0,0.0124714,0.0463812,0.0234504,0.0229307,,best_validation_checkpoint_1.bin
549,422,accepted,1,3.90259e-07,5.45497e-10,2.96552e-10,2.96552e-10,5.03914e-10,5.03914e-10,0.948541,0.0636878,0.882849,0.012788,0.0465069,0.0230043,0.0235025,,best_validation_checkpoint_0.bin
550,423,accepted,1,1.50777e-06,2.72749e-10,2.96332e-10,2.96332e-10,5.03516e-10,5.03516e-10,0.950388,0.0646253,0.883687,0.0116865,0.0452474,0.0228282,0.0224192,,best_validation_checkpoint_1.bin
551,423,rejected,1,5.78371e-06,2.72749e-09,2.96332e-10,2.96332e-10,5.03516e-10,5.03516e-10,0.917557,0.0621331,0.853291,0.0137935,0.0232479,0.0232476,0,,
552,424,accepted,0,5.78371e-06,1.36374e-09,2.96113e-10,2.96113e-10,5.03314e-10,5.03314e-10,0,0,0,0.0129391,0.0454303,0.0227349,0.0226954,,best_validation_checkpoint_0.bin
553,425,accepted,1,2.46206e-07,6.81872e-10,2.95973e-10,2.95973e-10,5.03106e-10,5.03106e-10,0.98704,0.0647886,0.920272,0.0119071,0.0452741,0.022467,0.0228071,,best_validation_checkpoint_1.bin
554,426,accepted,1,9.55264e-07,3.40936e-10,2.95745e-10,2.95745e-10,5.02738e-10,5.02738e-10,0.892776,0.0618162,0.829006,0.0121022,0.0452668,0.0226814,0.0225854,,best_validation_checkpoint_0.bin
555,426,rejected,1,3.68715e-06,3.40936e-09,2.95745e-10,2.95745e-10,5.02738e-10,5.02738e-10,0.90432,0.0603617,0.841972,0.0117209,0.0225609,0.0225606,0,,
556,427,accepted,0,3.68715e-06,1.70468e-09,2.95628e-10,2.95628e-10,5.02624e-10,5.02624e-10,0,0,0,0.0121316,0.0459579,0.0233218,0.022636,,best_validation_checkpoint_1.bin
557,428,accepted,1,1.55212e-07,8.5234e-10,2.95515e-10,2.95515e-10,5.02457e-10,5.02457e-10,0.897531,0.0611108,0.834377,0.0117168,0.0456542,0.0225541,0.0231001,,best_validation_checkpoint_0.bin
558,429,accepted,1,6.04979e-07,4.2617e-10,2.95311e-10,2.95311e-10,5.02144e-10,5.02144e-10,0.926804,0.0624859,0.862382,0.0116293,0.0449378,0.0223231,0.0226147,,best_validation_checkpoint_1.bin
559,430,accepted,1,2.34931e-06,2.13085e-10,2.95201e-10,2.95201e-10,5.01819e-10,5.01819e-10,0.925533,0.0623849,0.861128,0.0122543,0.0459285,0.0229316,0.0229967,,best_validation_checkpoint_0.bin
560,430,rejected,1,8.98024e-06,2.13085e-09,2.95201e-10,2.95201e-10,5.01819e-10,5.01819e-10,0.929227,0.0610614,0.86597,0.0120532,0.0225007,0.0225004,0,,
561,431,accepted,0,8.98024e-06,1.06542e-09,2.94747e-10,2.94747e-10,5.01364e-10,5.01364e-10,0,0,0,0.0121383,0.0449413,0.0223286,0.0226127,,best_validation_checkpoint_1.bin
562,432,accepted,1,3.88122e-07,5.32712e-10,2.94576e-10,2.94576e-10,5.01104e-10,5.01104e-10,0.925668,0.0633797,0.860397,0.0122016,0.0459414,0.023089,0.0228523,,best_validation_checkpoint_0.bin
563,433,accepted,1,1.49956e-06,2.66356e-10,2.94356e-10,2.94356e-10,5.00713e-10,5.00713e-10,0.922119,0.0625161,0.857673,0.0113927,0.0455921,0.0229269,0.0226652,,best_validation_checkpoint_1.bin
564,433,rejected,1,5.74334e-06,2.66356e-09,2.94356e-10,2.94356e-10,5.00713e-10,5.00713e-10,0.871791,0.0608398,0.808899,0.0113418,0.022548,0.0225478,0,,
565,434,accepted,0,5.74334e-06,1.33178e-09,2.94136e-10,2.94136e-10,5.00481e-10,5.00481e-10,0,0,0,0.012275,0.0451622,0.0228771,0.022285,,best_validation_checkpoint_0.bin
566,435,accepted,1,2.4452e-07,6.6589e-10,2.93997e-10,2.93997e-10,5.00271e-10,5.00271e-10,0.878284,0.0606988,0.815519,0.0118804,0.0453416,0.023095,0.0222466,,best_validation_checkpoint_1.bin
567,436,accepted,1,9.48724e-07,3.32945e-10,2.93768e-10,2.93768e-10,4.99904e-10,4.99904e-10,0.88266,0.0597697,0.820874,0.0122893,0.0459799,0.0231074,0.0228725,,best_validation_checkpoint_0.bin
568,436,rejected,1,3.65658e-06,3.32945e-09,2.93768e-10,2.93768e-10,4.99904e-10,4.99904e-10,0.90506,0.0617223,0.841467,0.0115294,0.0230498,0.0230495,0,,
569,437,accepted,0,3.65658e-06,1.66473e-09,2.93651e-10,2.93651e-10,4.99771e-10,4.99771e-10,0,0,0,0.0123363,0.0449368,0.0226297,0.022307,,best_validation_checkpoint_1.bin
570,438,accepted,1,1.5394e-07,8.32363e-10,2.93538e-10,2.93538e-10,4.99602e-10,4.99602e-10,0.885911,0.060443,0.823592,0.0112954,0.0453397,0.0227879,0.0225516,,best_validation_checkpoint_0.bin
571,439,accepted,1,6.0008e-07,4.16181e-10,2.93334e-10,2.93334e-10,4.99288e-10,4.99288e-10,0.887391,0.0615779,0.823687,0.0118937,0.0454419,0.0229946,0.0224472,,best_validation_checkpoint_1.bin
572,440,accepted,1,2.32723e-06,2.08091e-10,2.93223e-10,2.93223e-10,4.98979e-10,4.98979e-10,0.880648,0.0618561,0.816909,0.0117149,0.0454492,0.0227082,0.022741,,best_validation_checkpoint_0.bin
573,440,rejected,1,8.88912e-06,2.08091e-09,2.93223e-10,2.93223e-10,4.98979e-10,4.98979e-10,0.892406,0.0613607,0.828916,0.0120974,0.0225173,0.0225171,0,,
574,441,accepted,0,8.88912e-06,1.04045e-09,2.92769e-10,2.92769e-10,4.98479e-10,4.98479e-10,0,0,0,0.0119205,0.0458331,0.0232818,0.0225512,,best_validation_checkpoint_1.bin
575,442,accepted,1,3.84216e-07,5.20227e-10,2.92597e-10,2.92597e-10,4.98217e-10,4.98217e-10,0.880715,0.0620792,0.816676,0.0116089,0.0455369,0.0229223,0.0226146,,best_validation_checkpoint_0.bin
576,443,accepted,1,1.48447e-06,2.60113e-10,2.92377e-10,2.92377e-10,4.97832e-10,4.97832e-10,0.893713,0.0612542,0.830501,0.0127813,0.0454005,0.0230011,0.0223993,,best_validation_checkpoint_1.bin
577,443,rejected,1,5.67757e-06,2.60113e-09,2.92377e-10,2.92377e-10,4.97832e-10,4.97832e-10,0.921348,0.0610844,0.858161,0.0120283,0.0230989,0.0230986,0,,
578,444,accepted,0,5.67757e-06,1.30057e-09,2.92157e-10,2.92157e-10,4.97572e-10,4.97572e-10,0,0,0,0.0118336,0.045299,0.022787,0.0225119,,best_validation_checkpoint_0.bin
579,445,accepted,1,2.41716e-07,6.50283e-10,2.92018e-10,2.92018e-10,4.97359e-10,4.97359e-10,0.87383,0.0621487,0.809793,0.0110143,0.0448661,0.0222172,0.0226488,,best_validation_checkpoint_1.bin
580,446,accepted,1,9.37861e-07,3.25142e-10,2.91788e-10,2.91788e-10,4.96995e-10,4.96995e-10,0.90953,0.0618588,0.845728,0.012183,0.0463096,0.0227677,0.0235419,,best_validation_checkpoint_0.bin
581,446,rejected,1,3.60952e-06,3.25142e-09,2.91788e-10,2.91788e-10,4.96995e-10,4.96995e-10,0.963335,0.0632199,0.897998,0.0117765,0.0226696,0.0226693,0,,
582,447,accepted,0,3.60952e-06,1.62571e-09,2.91671e-10,2.91671e-10,4.96844e-10,4.96844e-10,0,0,0,0.0118122,0.0456415,0.0227049,0.0229366,,best_validation_checkpoint_1.bin
583,448,accepted,1,1.51969e-07,8.12854e-10,2.91558e-10,2.91558e-10,4.96672e-10,4.96672e-10,0.934206,0.0652954,0.866802,0.0132508,0.0457355,0.0228753,0.0228601,,best_validation_checkpoint_0.bin
584,449,accepted,1,5.92441e-07,4.06427e-10,2.91353e-10,2.91353e-10,4.96358e-10,4.96358e-10,0.926819,0.0629781,0.861652,0.0114511,0.0457438,0.022833,0.0229107,,best_validation_checkpoint_1.bin
585,450,accepted,1,2.29459e-06,2.03214e-10,2.91242e-10,2.91242e-10,4.96064e-10,4.96064e-10,0.909254,0.06337,0.843583,0.0119568,0.0464394,0.0234962,0.0229431,,best_validation_checkpoint_0.bin
586,450,rejected,1,8.76047e-06,2.03214e-09,2.91242e-10,2.91242e-10,4.96064e-10,4.96064e-10,0.933689,0.064915,0.866075,0.012285,0.0226154,0.0226152,0,,
587,451,accepted,0,8.76047e-06,1.01607e-09,2.90788e-10,2.90788e-10,4.95521e-10,4.95521e-10,0,0,0,0.0127504,0.0480801,0.0241543,0.0239257,,best_validation_checkpoint_1.bin
588,452,accepted,1,3.7864e-07,5.08034e-10,2.90616e-10,2.90616e-10,4.95257e-10,4.95257e-10,0.898966,0.0646898,0.832335,0.0119901,0.0452165,0.0228223,0.0223941,,best_validation_checkpoint_0.bin
589,453,accepted,1,1.46291e-06,2.54017e-10,2.90395e-10,2.90395e-10,4.94879e-10,4.94879e-10,0.923358,0.0618539,0.858917,0.0117481,0.044933,0.0224149,0.0225181,,best_validation_checkpoint_1.bin
590,453,rejected,1,5.58693e-06,2.54017e-09,2.90395e-10,2.90395e-10,4.94879e-10,4.94879e-10,0.914335,0.0623837,0.849976,0.0118164,0.02279,0.0227897,0,,
591,454,accepted,0,5.58693e-06,1.27008e-09,2.90175e-10,2.90175e-10,4.94592e-10,4.94592e-10,0,0,0,0.012197,0.046369,0.0232659,0.0231031,,best_validation_checkpoint_0.bin
592,455,accepted,1,2.3789e-07,6.35042e-10,2.90035e-10,2.90035e-10,4.94377e-10,4.94377e-10,0.899136,0.0611562,0.835695,0.0121879,0.0448638,0.0225283,0.0223355,,best_validation_checkpoint_1.bin
593,456,accepted,1,9.22932e-07,3.17521e-10,2.89805e-10,2.89805e-10,4.94016e-10,4.94016e-10,0.897849,0.0625824,0.833069,0.0144946,0.0477318,0.0237642,0.0239675,,best_validation_checkpoint_0.bin
594,456,rejected,1,3.54714e-06,3.17521e-09,2.89805e-10,2.89805e-10,4.94016e-10,4.94016e-10,0.903882,0.060828,0.841098,0.011432,0.0225306,0.0225303,0,,
595,457,accepted,0,3.54714e-06,1.58761e-09,2.89688e-10,2.89688e-10,4.93847e-10,4.93847e-10,0,0,0,0.0117049,0.0454453,0.0229844,0.0224609,,best_validation_checkpoint_1.bin
596,458,accepted,1,1.49352e-07,7.93803e-10,2.89575e-10,2.89575e-10,4.93674e-10,4.93674e-10,0.895774,0.0612008,0.832586,0.0127142,0.0455591,0.0229057,0.0226533,,best_validation_checkpoint_0.bin
597,459,accepted,1,5.8227e-07,3.96902e-10,2.8937e-10,2.8937e-10,4.93359e-10,4.93359e-10,0.902865,0.0626374,0.838176,0.0144977,0.0499854,0.026416,0.0235694,,best_validation_checkpoint_1.bin
598,460,accepted,1,2.25227e-06,1.98451e-10,2.89258e-10,2.89258e-10,4.9308e-10,4.9308e-10,0.92498,0.0622361,0.860498,0.0127171,0.0468223,0.0233562,0.023466,,best_validation_checkpoint_0.bin
599,460,rejected,1,8.59614e-06,1.98451e-09,2.89258e-10,2.89258e-10,4.9308e-10,4.9308e-10,0.992472,0.0641395,0.926374,0.0142606,0.0230773,0.0230771,0,,
600,461,accepted,0,8.59614e-06,9.92254e-10,2.88803e-10,2.88803e-10,4.92496e-10,4.92496e-10,0,0,0,0.0121669,0.0469186,0.0244834,0.0224352,,best_validation_checkpoint_1.bin
601,462,accepted,1,3.71574e-07,4.96127e-10,2.88632e-10,2.88632e-10,4.92232e-10,4.92232e-10,1.08744,0.068259,1.01634,0.0175888,0.0534623,0.0285653,0.0248969,,best_validation_checkpoint_0.bin
602,463,accepted,1,1.4354e-06,2.48063e-10,2.8841e-10,2.8841e-10,4.91861e-10,4.91861e-10,1.0639,0.066273,0.995662,0.0114837,0.0455469,0.023053,0.0224939,,best_validation_checkpoint_1.bin
603,463,rejected,1,5.47473e-06,2.48063e-09,2.8841e-10,2.8841e-10,4.91861e-10,4.91861e-10,1.07115,0.0649998,1.00407,0.011645,0.0273693,0.0273691,0,,
604,464,accepted,0,5.47473e-06,1.24032e-09,2.8819e-10,2.8819e-10,4.91549e-10,4.91549e-10,0,0,0,0.0131837,0.0474294,0.0240216,0.0234076,,best_validation_checkpoint_0.bin
605,465,accepted,1,2.33133e-07,6.20159e-10,2.8805e-10,2.8805e-10,4.91332e-10,4.91332e-10,1.01071,0.0666832,0.941672,0.0135403,0.0487952,0.0252433,0.0235518,,best_validation_checkpoint_1.bin
606,466,accepted,1,9.04306e-07,3.10079e-10,2.87819e-10,2.87819e-10,4.90973e-10,4.90973e-10,1.04372,0.0680161,0.973722,0.0123751,0.048568,0.0249869,0.0235811,,best_validation_checkpoint_0.bin
607,466,rejected,1,3.47087e-06,3.10079e-09,2.87819e-10,2.87819e-10,4.90973e-10,4.90973e-10,0.976016,0.0630691,0.910816,0.0116712,0.0224709,0.0224706,0,,
608,467,accepted,0,3.47087e-06,1.5504e-09,2.87702e-10,2.87702e-10,4.90789e-10,4.90789e-10,0,0,0,0.0117529,0.045978,0.0231554,0.0228225,,best_validation_checkpoint_1.bin
609,468,accepted,1,1.46165e-07,7.75198e-10,2.87589e-10,2.87589e-10,4.90614e-10,4.90614e-10,0.955121,0.0621553,0.891078,0.0119966,0.0453789,0.0225704,0.0228084,,best_validation_checkpoint_0.bin
610,469,accepted,1,5.69796e-07,3.87599e-10,2.87383e-10,2.87383e-10,4.90299e-10,4.90299e-10,0.992614,0.0645344,0.925351,0.0147877,0.0482183,0.0244742,0.023744,,best_validation_checkpoint_1.bin
611,470,accepted,1,2.20119e-06,1.938e-10,2.87271e-10,2.87271e-10,4.90035e-10,4.90035e-10,0.983291,0.0656099,0.9157,0.0114374,0.0457787,0.02289,0.0228885,,best_validation_checkpoint_0.bin
612,470,rejected,1,8.40083e-06,1.938e-09,2.87271e-10,2.87271e-10,4.90035e-10,4.90035e-10,0.911311,0.0612865,0.847662,0.0157068,0.0241166,0.0241164,0,,
613,471,accepted,0,8.40083e-06,9.68998e-10,2.86816e-10,2.86816e-10,4.89413e-10,4.89413e-10,0,0,0,0.0154387,0.0472136,0.0244384,0.0227752,,best_validation_checkpoint_1.bin
614,472,accepted,1,3.63184e-07,4.84499e-10,2.86644e-10,2.86644e-10,4.89148e-10,4.89148e-10,0.906567,0.0640771,0.840582,0.0122528,0.0447684,0.0220855,0.0226827,,best_validation_checkpoint_0.bin
615,473,accepted,1,1.40258e-06,2.42249e-10,2.86421e-10,2.86421e-10,4.88783e-10,4.88783e-10,0.949268,0.0609753,0.886262,0.012253,0.0459658,0.0234453,0.0225204,,best_validation_checkpoint_1.bin
616,473,rejected,1,5.34319e-06,2.42249e-09,2.86421e-10,2.86421e-10,4.88783e-10,4.88783e-10,0.943428,0.0621698,0.879328,0.0126504,0.0228721,0.0228719,0,,
617,474,accepted,0,5.34319e-06,1.21125e-09,2.86202e-10,2.86202e-10,4.88448e-10,4.88448e-10,0,0,0,0.0121939,0.0470055,0.0223148,0.0246906,,best_validation_checkpoint_0.bin
618,475,accepted,1,2.27577e-07,6.05624e-10,2.86061e-10,2.86061e-10,4.8823e-10,4.8823e-10,1.00809,0.0620451,0.944077,0.01294,0.0474844,0.023838,0.0236463,,best_validation_checkpoint_1.bin
619,476,accepted,1,8.82459e-07,3.02812e-10,2.8583e-10,2.8583e-10,4.87873e-10,4.87873e-10,0.946092,0.0622145,0.881995,0.0114336,0.0454524,0.0229797,0.0224726,,best_validation_checkpoint_0.bin
620,476,rejected,1,3.38242e-06,3.02812e-09,2.8583e-10,2.8583e-10,4.87873e-10,4.87873e-10,0.878913,0.0600281,0.817002,0.0113851,0.0223892,0.0223889,0,,
621,477,accepted,0,3.38242e-06,1.51406e-09,2.85713e-10,2.85713e-10,4.87675e-10,4.87675e-10,0,0,0,0.0120583,0.0462062,0.0232156,0.0229904,,best_validation_checkpoint_1.bin
622,478,accepted,1,1.42494e-07,7.5703e-10,2.85599e-10,2.85599e-10,4.87498e-10,4.87498e-10,0.900911,0.0602869,0.838741,0.0114561,0.0461434,0.0232271,0.0229162,,best_validation_checkpoint_0.bin
623,479,accepted,1,5.55359e-07,3.78515e-10,2.85393e-10,2.85393e-10,4.87184e-10,4.87184e-10,0.890379,0.0620748,0.826105,0.0111679,0.0448793,0.0225662,0.022313,,best_validation_checkpoint_1.bin
624,480,accepted,1,2.14263e-06,1.89257e-10,2.85282e-10,2.85282e-10,4.86934e-10,4.86934e-10,0.945335,0.0597694,0.883588,0.0115438,0.0451145,0.0224288,0.0226856,,best_validation_checkpoint_0.bin
625,480,rejected,1,8.17919e-06,1.89257e-09,2.85282e-10,2.85282e-10,4.86934e-10,4.86934e-10,0.921413,0.0590729,0.860387,0.0125675,0.023093,0.0230928,0,,
626,481,accepted,0,8.17919e-06,9.46287e-10,2.84825e-10,2.84825e-10,4.86278e-10,4.86278e-10,0,0,0,0.0114536,0.0460332,0.022691,0.0233421,,best_validation_checkpoint_1.bin
627,482,accepted,1,3.53698e-07,4.73143e-10,2.84652e-10,2.84652e-10,4.86011e-10,4.86011e-10,0.87354,0.0599464,0.811631,0.0113657,0.0449239,0.0224069,0.0225169,,best_validation_checkpoint_0.bin
628,483,accepted,1,1.36525e-06,2.36572e-10,2.84429e-10,2.84429e-10,4.85654e-10,4.85654e-10,0.990735,0.0653167,0.923521,0.0104662,0.0447879,0.022118,0.0226699,,best_validation_checkpoint_1.bin
629,483,rejected,1,5.19477e-06,2.36572e-09,2.84429e-10,2.84429e-10,4.85654e-10,4.85654e-10,0.950699,0.0685073,0.880237,0.0130183,0.0227596,0.0227595,0,,
630,484,accepted,0,5.19477e-06,1.18286e-09,2.84209e-10,2.84209e-10,4.85297e-10,4.85297e-10,0,0,0,0.0124169,0.0472099,0.023936,0.0232739,,best_validation_checkpoint_0.bin
631,485,accepted,1,2.21372e-07,5.91429e-10,2.84068e-10,2.84068e-10,4.85078e-10,4.85078e-10,1.09647,0.0680521,1.02653,0.0126937,0.0469265,0.0233902,0.0235363,,best_validation_checkpoint_1.bin
632,486,accepted,1,8.57883e-07,2.95715e-10,2.83837e-10,2.83837e-10,4.84724e-10,4.84724e-10,1.0391,0.0615493,0.975739,0.0119687,0.0459901,0.0227913,0.0231988,,best_validation_checkpoint_0.bin
633,486,rejected,1,3.28372e-06,2.95715e-09,2.83837e-10,2.83837e-10,4.84724e-10,4.84724e-10,1.07252,0.0622388,1.00813,0.0139234,0.0250092,0.0250091,0,,
634,487,accepted,0,3.28372e-06,1.47857e-09,2.83719e-10,2.83719e-10,4.84512e-10,4.84512e-10,0,0,0,0.0117835,0.0475678,0.0237549,0.0238127,,best_validation_checkpoint_1.bin
635,488,accepted,1,1.3843e-07,7.39287e-10,2.83606e-10,2.83606e-10,4.84335e-10,4.84335e-10,1.06868,0.0686508,0.998168,0.0111599,0.0457392,0.0226823,0.0230569,,best_validation_checkpoint_0.bin
636,489,accepted,1,5.39279e-07,3.69643e-10,2.83399e-10,2.83399e-10,4.84021e-10,4.84021e-10,1.04985,0.0615169,0.986372,0.0118033,0.0461499,0.0226021,0.0235477,,best_validation_checkpoint_1.bin
637,490,accepted,1,2.07785e-06,1.84822e-10,2.83288e-10,2.83288e-10,4.83784e-10,4.83784e-10,1.10564,0.0655534,1.03826,0.0109103,0.0453109,0.0226783,0.0226325,,best_validation_checkpoint_0.bin
638,490,rejected,1,7.93466e-06,1.84822e-09,2.83288e-10,2.83288e-10,4.83784e-10,4.83784e-10,1.03875,0.0636651,0.973285,0.0110735,0.0231126,0.0231124,0,,
639,491,accepted,0,7.93466e-06,9.24108e-10,2.82829e-10,2.82829e-10,4.83097e-10,4.83097e-10,0,0,0,0.0110364,0.0468675,0.0233846,0.0234828,,best_validation_checkpoint_1.bin
640,492,accepted,1,3.43365e-07,4.62054e-10,2.82656e-10,2.82656e-10,4.8283e-10,4.8283e-10,1.05926,0.065884,0.991276,0.0119394,0.0461514,0.0233424,0.0228089,,best_validation_checkpoint_0.bin
641,493,accepted,1,1.32427e-06,2.31027e-10,2.82434e-10,2.82434e-10,4.82478e-10,4.82478e-10,1.04338,0.0627592,0.978654,0.0126047,0.0461805,0.022775,0.0234055,,best_validation_checkpoint_1.bin
642,493,rejected,1,5.03265e-06,2.31027e-09,2.82434e-10,2.82434e-10,4.82478e-10,4.82478e-10,1.11761,0.0696604,1.04589,0.0125041,0.0247196,0.0247194,0,,
643,494,accepted,0,5.03265e-06,1.15514e-09,2.82212e-10,2.82212e-10,4.82103e-10,4.82103e-10,0,0,0,0.0117977,0.0476039,0.0235553,0.0240485,,best_validation_checkpoint_0.bin
644,495,accepted,1,2.14656e-07,5.77568e-10,2.82071e-10,2.82071e-10,4.81883e-10,4.81883e-10,1.06004,0.0639037,0.99425,0.0116393,0.0456161,0.0229565,0.0226595,,best_validation_checkpoint_1.bin
645,496,accepted,1,8.31127e-07,2.88784e-10,2.81839e-10,2.81839e-10,4.81531e-10,4.81531e-10,1.082,0.0613859,1.01873,0.0109697,0.0453758,0.0224267,0.0229489,,best_validation_checkpoint_0.bin
646,496,rejected,1,3.17698e-06,2.88784e-09,2.81839e-10,2.81839e-10,4.81531e-10,4.81531e-10,1.05835,0.0641481,0.99235,0.0115056,0.0235896,0.0235893,0,,
647,497,accepted,0,3.17698e-06,1.44392e-09,2.81721e-10,2.81721e-10,4.81308e-10,4.81308e-10,0,0,0,0.0123503,0.0462666,0.0231931,0.0230735,,best_validation_checkpoint_1.bin
648,498,accepted,1,1.34064e-07,7.2196e-10,2.81608e-10,2.81608e-10,4.81129e-10,4.81129e-10,1.06394,0.0647001,0.997099,0.0108451,0.0460829,0.0232966,0.0227862,,best_validation_checkpoint_0.bin
649,499,accepted,1,5.21907e-07,3.6098e-10,2.81401e-10,2.81401e-10,4.80816e-10,4.80816e-10,1.02898,0.0616456,0.96535,0.0105788,0.04626,0.0233455,0.0229144,,best_validation_checkpoint_1.bin
650,500,accepted,1,2.0081e-06,1.8049e-10,2.81292e-10,2.81292e-10,4.80592e-10,4.80592e-10,1.08136,0.0601254,1.01928,0.0112371,0.0466406,0.0231748,0.0234656,,best_validation_checkpoint_0.bin
651,500,rejected,1,7.67205e-06,1.8049e-09,2.81292e-10,2.81292e-10,4.80592e-10,4.80592e-10,1.0692,0.0622492,1.00496,0.0115484,0.0234472,0.0234469,0,,
652,501,accepted,0,7.67205e-06,9.0245e-10,2.80829e-10,2.80829e-10,4.79876e-10,4.79876e-10,0,0,0,0.0110696,0.04714,0.0233207,0.0238193,,best_validation_checkpoint_1.bin
653,502,accepted,1,3.32405e-07,4.51225e-10,2.80656e-10,2.80656e-10,4.79609e-10,4.79609e-10,1.05715,0.0663607,0.988955,0.0105838,0.0456514,0.0225672,0.0230842,,best_validation_checkpoint_0.bin
654,503,accepted,1,1.28042e-06,2.25612e-10,2.80433e-10,2.80433e-10,4.79263e-10,4.79263e-10,1.12344,0.0619734,1.05955,0.0110834,0.0467003,0.0229407,0.0237596,,best_validation_checkpoint_1.bin
655,503,rejected,1,4.86037e-06,2.25612e-09,2.80433e-10,2.80433e-10,4.79263e-10,4.79263e-10,1.05959,0.0621562,0.995365,0.012144,0.0237926,0.0237924,0,,
656,504,accepted,0,4.86037e-06,1.12806e-09,2.80211e-10,2.80211e-10,4.78871e-10,4.78871e-10,0,0,0,0.0110812,0.0465695,0.023673,0.0228964,,best_validation_checkpoint_0.bin
657,505,accepted,1,2.07586e-07,5.64031e-10,2.80069e-10,2.80069e-10,4.7865e-10,4.7865e-10,1.07586,0.0653925,1.00826,0.012376,0.0477796,0.0242606,0.023519,,best_validation_checkpoint_1.bin
658,506,accepted,1,8.02723e-07,2.82015e-10,2.79837e-10,2.79837e-10,4.78301e-10,4.78301e-10,1.05142,0.0671299,0.982395,0.0116094,0.0467302,0.0236748,0.0230553,,best_validation_checkpoint_0.bin
659,506,rejected,1,3.06397e-06,2.82015e-09,2.79837e-10,2.79837e-10,4.78301e-10,4.78301e-10,1.08143,0.0638856,1.01569,0.0107738,0.0229889,0.0229886,0,,
660,507,accepted,0,3.06397e-06,1.41008e-09,2.79718e-10,2.79718e-10,4.78068e-10,4.78068e-10,0,0,0,0.0130603,0.0455755,0.0227561,0.0228194,,best_validation_checkpoint_1.bin
661,508,accepted,1,1.29501e-07,7.05039e-10,2.79604e-10,2.79604e-10,4.77888e-10,4.77888e-10,1.07561,0.065314,1.00853,0.0107653,0.0454942,0.0227391,0.022755,,best_validation_checkpoint_0.bin
662,509,accepted,1,5.03582e-07,3.52519e-10,2.79397e-10,2.79397e-10,4.77575e-10,4.77575e-10,1.02861,0.0604945,0.966256,0.0116698,0.0457985,0.0231829,0.0226156,,best_validation_checkpoint_1.bin
663,510,accepted,1,1.93486e-06,1.7626e-10,2.79291e-10,2.79291e-10,4.77363e-10,4.77363e-10,1.04066,0.0615515,0.97732,0.0111336,0.0455627,0.0227637,0.0227989,,best_validation_checkpoint_0.bin
664,510,rejected,1,7.39705e-06,1.7626e-09,2.79291e-10,2.79291e-10,4.77363e-10,4.77363e-10,1.06107,0.0607287,0.998517,0.0102405,0.0227507,0.0227504,0,,
665,511,accepted,0,7.39705e-06,8.81298e-10,2.78823e-10,2.78823e-10,4.76622e-10,4.76622e-10,0,0,0,0.0120922,0.045944,0.0233382,0.0226056,,best_validation_checkpoint_1.bin
666,512,accepted,1,3.21066e-07,4.40649e-10,2.7865e-10,2.7865e-10,4.76354e-10,4.76354e-10,1.04686,0.0629021,0.981974,0.0113854,0.0452169,0.0224846,0.0227322,,best_validation_checkpoint_0.bin
667,513,accepted,1,1.23462e-06,2.20325e-10,2.78428e-10,2.78428e-10,4.76013e-10,4.76013e-10,1.0909,0.0606263,1.02819,0.0109163,0.0452825,0.0228609,0.0224215,,best_validation_checkpoint_1.bin
668,513,rejected,1,4.6807e-06,2.20325e-09,2.78428e-10,2.78428e-10,4.76013e-10,4.76013e-10,1.11766,0.0589935,1.05656,0.0105748,0.023017,0.0230167,0,,
669,514,accepted,0,4.6807e-06,1.10162e-09,2.78203e-10,2.78203e-10,4.75607e-10,4.75607e-10,0,0,0,0.0113883,0.0461256,0.0228065,0.0233191,,best_validation_checkpoint_0.bin
670,515,accepted,1,2.00322e-07,5.50812e-10,2.78061e-10,2.78061e-10,4.75385e-10,4.75385e-10,1.07012,0.062667,1.00558,0.0113288,0.0449523,0.0224425,0.0225098,,best_validation_checkpoint_1.bin
671,516,accepted,1,7.73267e-07,2.75406e-10,2.77828e-10,2.77828e-10,4.75037e-10,4.75037e-10,1.07215,0.0609889,1.00926,0.0108766,0.0455182,0.0226188,0.0228994,,best_validation_checkpoint_0.bin
672,516,rejected,1,2.94732e-06,2.75406e-09,2.77828e-10,2.77828e-10,4.75037e-10,4.75037e-10,1.09778,0.0604529,1.03558,0.0100772,0.0232967,0.0232965,0,,
673,517,accepted,0,2.94732e-06,1.37703e-09,2.77709e-10,2.77709e-10,4.74796e-10,4.74796e-10,0,0,0,0.0115165,0.0460066,0.0232831,0.0227234,,best_validation_checkpoint_1.bin
674,518,accepted,1,1.24838e-07,6.88514e-10,2.77595e-10,2.77595e-10,4.74615e-10,4.74615e-10,1.03665,0.064466,0.970362,0.0117072,0.0459323,0.0228583,0.0230739,,best_validation_checkpoint_0.bin
675,519,accepted,1,4.84684e-07,3.44257e-10,2.77387e-10,2.77387e-10,4.74303e-10,4.74303e-10,1.0083,0.0620765,0.944407,0.0129441,0.0470974,0.0227137,0.0243837,,best_validation_checkpoint_1.bin
676,520,accepted,1,1.85953e-06,1.72129e-10,2.77285e-10,2.77285e-10,4.74101e-10,4.74101e-10,1.11144,0.0625553,1.04704,0.011878,0.0450092,0.0225901,0.0224191,,best_validation_checkpoint_0.bin
677,520,rejected,1,7.11414e-06,1.72129e-09,2.77285e-10,2.77285e-10,4.74101e-10,4.74101e-10,1.05405,0.0616665,0.990377,0.0119696,0.0223895,0.0223891,0,,
678,521,accepted,0,7.11414e-06,8.60643e-10,2.76811e-10,2.76811e-10,4.73338e-10,4.73338e-10,0,0,0,0.0123038,0.0455341,0.0228048,0.0227292,,best_validation_checkpoint_1.bin
679,522,accepted,1,3.09617e-07,4.30321e-10,2.76637e-10,2.76637e-10,4.7307e-10,4.7307e-10,1.02715,0.0648641,0.96033,0.0122995,0.0451348,0.0225481,0.0225867,,best_validation_checkpoint_0.bin
680,523,accepted,1,1.1878e-06,2.15161e-10,2.76416e-10,2.76416e-10,4.72732e-10,4.72732e-10,1.05498,0.0610658,0.992071,0.0114776,0.0470393,0.0231185,0.0239208,,best_validation_checkpoint_1.bin
681,523,rejected,1,4.49741e-06,2.15161e-09,2.76416e-10,2.76416e-10,4.72732e-10,4.72732e-10,1.08162,0.0603494,1.01924,0.0112179,0.0227037,0.0227034,0,,
682,524,accepted,0,4.49741e-06,1.0758e-09,2.76189e-10,2.76189e-10,4.72315e-10,4.72315e-10,0,0,0,0.0120749,0.04597,0.0232187,0.0227512,,best_validation_checkpoint_0.bin
683,525,accepted,1,1.93045e-07,5.37902e-10,2.76046e-10,2.76046e-10,4.72092e-10,4.72092e-10,1.03107,0.0636333,0.965521,0.0106192,0.0459726,0.0226889,0.0232836,,best_validation_checkpoint_1.bin
684,526,accepted,1,7.43398e-07,2.68951e-10,2.75813e-10,2.75813e-10,4.71745e-10,4.71745e-10,1.04245,0.0609098,0.979659,0.0102269,0.0454262,0.0226569,0.0227691,,best_validation_checkpoint_0.bin
685,526,rejected,1,2.82907e-06,2.68951e-09,2.75813e-10,2.75813e-10,4.71745e-10,4.71745e-10,1.0566,0.0605473,0.994149,0.0112343,0.0225491,0.0225488,0,,
686,527,accepted,0,2.82907e-06,1.34475e-09,2.75693e-10,2.75693e-10,4.71497e-10,4.71497e-10,0,0,0,0.0115184,0.0455305,0.0230364,0.022494,,best_validation_checkpoint_1.bin
687,528,accepted,1,1.20205e-07,6.72377e-10,2.75578e-10,2.75578e-10,4.71316e-10,4.71316e-10,1.05289,0.0610939,0.989916,0.0099976,0.0451859,0.0225628,0.0226231,,best_validation_checkpoint_0.bin
688,529,accepted,1,4.65706e-07,3.36189e-10,2.75369e-10,2.75369e-10,4.71003e-10,4.71003e-10,1.06431,0.0606518,1.00165,0.0110976,0.0450563,0.0229343,0.0221219,,best_validation_checkpoint_1.bin
689,530,accepted,1,1.78372e-06,1.68094e-10,2.75273e-10,2.75273e-10,4.7081e-10,4.7081e-10,0.961731,0.0616626,0.898182,0.0117536,0.0451002,0.022529,0.0225711,,best_validation_checkpoint_0.bin
690,530,rejected,1,6.83015e-06,1.68094e-09,2.75273e-10,2.75273e-10,4.7081e-10,4.7081e-10,1.0294,0.0607675,0.966739,0.0113023,0.0227236,0.0227234,0,,
691,531,accepted,0,6.83015e-06,8.40472e-10,2.74792e-10,2.74792e-10,4.70029e-10,4.70029e-10,0,0,0,0.0116592,0.0456878,0.0227577,0.0229299,,best_validation_checkpoint_1.bin
692,532,accepted,1,2.98422e-07,4.20236e-10,2.74617e-10,2.74617e-10,4.69759e-10,4.69759e-10,1.07445,0.0615418,1.01098,0.0108706,0.04666,0.0235566,0.0231033,,best_validation_checkpoint_0.bin
693,533,accepted,1,1.14122e-06,2.10118e-10,2.74397e-10,2.74397e-10,4.69424e-10,4.69424e-10,1.05055,0.0612331,0.987414,0.0130699,0.0459887,0.0227191,0.0232695,,best_validation_checkpoint_1.bin
694,533,rejected,1,4.31539e-06,2.10118e-09,2.74397e-10,2.74397e-10,4.69424e-10,4.69424e-10,1.10703,0.0692541,1.03557,0.0118094,0.023989,0.0239887,0,,
695,534,accepted,0,4.31539e-06,1.05059e-09,2.74166e-10,2.74166e-10,4.68998e-10,4.68998e-10,0,0,0,0.0118819,0.0465919,0.0239026,0.0226893,,best_validation_checkpoint_0.bin
696,535,accepted,1,1.85992e-07,5.25295e-10,2.74023e-10,2.74023e-10,4.68774e-10,4.68774e-10,1.06671,0.0617271,1.00306,0.0112055,0.0461837,0.0231073,0.0230764,,best_validation_checkpoint_1.bin
697,536,accepted,1,7.14009e-07,2.62647e-10,2.7379e-10,2.7379e-10,4.68427e-10,4.68427e-10,1.07904,0.0618104,1.01538,0.0111676,0.0450972,0.0226779,0.0224193,,best_validation_checkpoint_0.bin
698,536,rejected,1,2.71299e-06,2.62647e-09,2.7379e-10,2.7379e-10,4.68427e-10,4.68427e-10,1.07693,0.0611264,1.01399,0.0107785,0.0228869,0.0228868,0,,
699,537,accepted,0,2.71299e-06,1.31324e-09,2.73669e-10,2.73669e-10,4.68174e-10,4.68174e-10,0,0,0,0.0115421,0.0452522,0.0225079,0.0227443,,best_validation_checkpoint_1.bin
700,538,accepted,1,1.15754e-07,6.56618e-10,2.73553e-10,2.73553e-10,4.67992e-10,4.67992e-10,1.08276,0.06394,1.01706,0.0107592,0.0453748,0.0225079,0.0228668,,best_validation_checkpoint_0.bin
701,539,accepted,1,4.47181e-07,3.28309e-10,2.73344e-10,2.73344e-10,4.67678e-10,4.67678e-10,1.03415,0.0608075,0.971459,0.0120158,0.0452897,0.0225316,0.022758,,best_validation_checkpoint_1.bin
702,540,accepted,1,1.70999e-06,1.64155e-10,2.73254e-10,2.73254e-10,4.67492e-10,4.67492e-10,1.05665,0.0620856,0.992165,0.0113584,0.0462774,0.0232506,0.0230266,,best_validation_checkpoint_0.bin
703,540,rejected,1,6.55412e-06,1.64155e-09,2.73254e-10,2.73254e-10,4.67492e-10,4.67492e-10,1.12366,0.065327,1.05648,0.0110535,0.0240127,0.0240124,0,,
704,541,accepted,0,6.55412e-06,8.20773e-10,2.72763e-10,2.72763e-10,4.66696e-10,4.66696e-10,0,0,0,0.0118319,0.0485282,0.0255501,0.022978,,best_validation_checkpoint_1.bin
705,542,accepted,1,2.87861e-07,4.10387e-10,2.72588e-10,2.72588e-10,4.66424e-10,4.66424e-10,1.06626,0.0634373,1.00099,0.0108323,0.0451209,0.022571,0.0225499,,best_validation_checkpoint_0.bin
706,543,accepted,1,1.09652e-06,2.05193e-10,2.7237e-10,2.7237e-10,4.6609e-10,4.6609e-10,1.06858,0.0638296,1.00294,0.0111703,0.0471762,0.0229236,0.0242524,,best_validation_checkpoint_1.bin
707,543,rejected,1,4.14116e-06,2.05193e-09,2.7237e-10,2.7237e-10,4.6609e-10,4.6609e-10,1.06228,0.0605878,0.999842,0.011322,0.0224975,0.0224973,0,,
708,544,accepted,0,4.14116e-06,1.02597e-09,2.72135e-10,2.72135e-10,4.65657e-10,4.65657e-10,0,0,0,0.0105954,0.0459465,0.0229439,0.0230024,,best_validation_checkpoint_0.bin
709,545,accepted,1,1.79436e-07,5.12983e-10,2.71991e-10,2.71991e-10,4.65432e-10,4.65432e-10,1.0298,0.0617668,0.966277,0.0104438,0.0450726,0.0225881,0.0224845,,best_validation_checkpoint_1.bin
710,546,accepted,1,6.86179e-07,2.56492e-10,2.71758e-10,2.71758e-10,4.65084e-10,4.65084e-10,1.04836,0.0615745,0.984978,0.010981,0.0454924,0.0227499,0.0227425,,best_validation_checkpoint_0.bin
711,546,rejected,1,2.60327e-06,2.56492e-09,2.71758e-10,2.71758e-10,4.65084e-10,4.65084e-10,1.05911,0.0598607,0.997407,0.0106721,0.0224681,0.0224678,0,,
712,547,accepted,0,2.60327e-06,1.28246e-09,2.71635e-10,2.71635e-10,4.64829e-10,4.64829e-10,0,0,0,0.0121352,0.0456658,0.0230569,0.0226088,,best_validation_checkpoint_1.bin
713,548,accepted,1,1.11667e-07,6.41229e-10,2.71519e-10,2.71519e-10,4.64645e-10,4.64645e-10,1.03534,0.0605454,0.972867,0.0104224,0.0455809,0.0229388,0.0226419,,best_validation_checkpoint_0.bin
714,549,accepted,1,4.29892e-07,3.20614e-10,2.71309e-10,2.71309e-10,4.64329e-10,4.64329e-10,1.05611,0.0642377,0.990009,0.0108931,0.0454917,0.022847,0.0226446,,best_validation_checkpoint_1.bin
715,550,accepted,1,1.64122e-06,1.60307e-10,2.71227e-10,2.71227e-10,4.64148e-10,4.64148e-10,1.02626,0.0596029,0.964831,0.0123986,0.0452254,0.0224695,0.0227559,,best_validation_checkpoint_0.bin
716,550,rejected,1,6.29822e-06,1.60307e-09,2.71227e-10,2.71227e-10,4.64148e-10,4.64148e-10,1.07628,0.0573807,1.01713,0.0103577,0.0229163,0.0229161,0,,
717,551,accepted,0,6.29822e-06,8.01536e-10,2.70725e-10,2.70725e-10,4.6334e-10,4.6334e-10,0,0,0,0.0112905,0.0449939,0.0226785,0.0223153,,best_validation_checkpoint_1.bin
718,552,accepted,1,2.78475e-07,4.00768e-10,2.70548e-10,2.70548e-10,4.63067e-10,4.63067e-10,1.02799,0.0605978,0.965536,0.0109192,0.0447771,0.0223647,0.0224123,,best_validation_checkpoint_0.bin
719,553,accepted,1,1.05574e-06,2.00384e-10,2.70333e-10,2.70333e-10,4.62732e-10,4.62732e-10,1.10165,0.0641637,1.0357,0.0109346,0.0452526,0.022553,0.0226994,,best_validation_checkpoint_1.bin
720,553,rejected,1,3.98277e-06,2.00384e-09,2.70333e-10,2.70333e-10,4.62732e-10,4.62732e-10,1.06473,0.0617267,1.0011,0.0110005,0.0224805,0.0224802,0,,
721,554,accepted,0,3.98277e-06,1.00192e-09,2.70093e-10,2.70093e-10,4.62295e-10,4.62295e-10,0,0,0,0.0109008,0.0456116,0.0228913,0.0227201,,best_validation_checkpoint_0.bin
722,555,accepted,1,1.73748e-07,5.0096e-10,2.69949e-10,2.69949e-10,4.62068e-10,4.62068e-10,1.0259,0.0596582,0.964421,0.0117295,0.0449877,0.0226119,0.0223757,,best_validation_checkpoint_1.bin
723,556,accepted,1,6.6137e-07,2.5048e-10,2.69716e-10,2.69716e-10,4.61718e-10,4.61718e-10,1.04008,0.0646637,0.9736,0.0111774,0.0453388,0.0224102,0.0229285,,best_validation_checkpoint_0.bin
724,556,rejected,1,2.50592e-06,2.5048e-09,2.69716e-10,2.69716e-10,4.61718e-10,4.61718e-10,1.05246,0.0600171,0.990614,0.0108674,0.0234458,0.0234456,0,,
725,557,accepted,0,2.50592e-06,1.2524e-09,2.6959e-10,2.6959e-10,4.61461e-10,4.61461e-10,0,0,0,0.0118669,0.046445,0.0237178,0.0227271,,best_validation_checkpoint_1.bin
726,558,accepted,1,1.08201e-07,6.262e-10,2.69473e-10,2.69473e-10,4.61275e-10,4.61275e-10,1.07134,0.063265,1.00621,0.0117341,0.0457902,0.0230655,0.0227247,,best_validation_checkpoint_0.bin
727,559,accepted,1,4.14826e-07,3.131e-10,2.69263e-10,2.69263e-10,4.60957e-10,4.60957e-10,1.05553,0.0630868,0.990143,0.0114281,0.045866,0.0229562,0.0229098,,best_validation_checkpoint_1.bin
728,560,accepted,1,1.5816e-06,1.5655e-10,2.69191e-10,2.69191e-10,4.6078e-10,4.6078e-10,1.06215,0.0644058,0.995855,0.0117231,0.0462057,0.0229534,0.0232523,,best_validation_checkpoint_0.bin
729,560,rejected,1,6.07755e-06,1.5655e-09,2.69191e-10,2.69191e-10,4.6078e-10,4.6078e-10,1.04578,0.0607908,0.983196,0.0116046,0.0229157,0.0229155,0,,
730,561,accepted,0,6.07755e-06,7.8275e-10,2.68675e-10,2.68675e-10,4.59962e-10,4.59962e-10,0,0,0,0.0111446,0.0455409,0.0229427,0.0225982,,best_validation_checkpoint_1.bin
731,562,accepted,1,2.70926e-07,3.91375e-10,2.68498e-10,2.68498e-10,4.59687e-10,4.59687e-10,1.07537,0.0607627,1.01286,0.0104387,0.0454319,0.0224925,0.0229393,,best_validation_checkpoint_0.bin
732,563,accepted,1,1.02173e-06,1.95688e-10,2.68285e-10,2.68285e-10,4.5935e-10,4.5935e-10,1.06281,0.0602317,1.00079,0.0102723,0.0452284,0.0224086,0.0228197,,best_validation_checkpoint_1.bin
733,563,rejected,1,3.85137e-06,1.95688e-09,2.68285e-10,2.68285e-10,4.5935e-10,4.5935e-10,1.05845,0.0598398,0.99686,0.0104621,0.0225655,0.0225652,0,,
734,564,accepted,0,3.85137e-06,9.78438e-10,2.68039e-10,2.68039e-10,4.5891e-10,4.5891e-10,0,0,0,0.0113748,0.0448662,0.0225235,0.0223426,,best_validation_checkpoint_0.bin
735,565,accepted,1,1.69351e-07,4.89219e-10,2.67894e-10,2.67894e-10,4.58681e-10,4.58681e-10,1.0595,0.060096,0.997586,0.0106592,0.0455271,0.0224951,0.0230318,,best_validation_checkpoint_1.bin
736,566,accepted,1,6.41411e-07,2.44609e-10,2.67662e-10,2.67662e-10,4.58328e-10,4.58328e-10,1.01282,0.0607686,0.950264,0.0106698,0.0451675,0.0224647,0.0227027,,best_validation_checkpoint_0.bin
737,566,rejected,1,2.4282e-06,2.44609e-09,2.67662e-10,2.67662e-10,4.58328e-10,4.58328e-10,1.05622,0.060063,0.994309,0.011122,0.0224425,0.0224423,0,,
738,567,accepted,0,2.4282e-06,1.22305e-09,2.67533e-10,2.67533e-10,4.5807e-10,4.5807e-10,0,0,0,0.0107897,0.0461052,0.0235027,0.0226023,,best_validation_checkpoint_1.bin
739,568,accepted,1,1.05628e-07,6.11524e-10,2.67416e-10,2.67416e-10,4.57883e-10,4.57883e-10,1.03245,0.0615305,0.969137,0.010257,0.0450814,0.0223971,0.0226843,,best_validation_checkpoint_0.bin
740,569,accepted,1,4.03113e-07,3.05762e-10,2.67205e-10,2.67205e-10,4.57562e-10,4.57562e-10,1.05004,0.061171,0.986949,0.010985,0.0450664,0.0224495,0.0226168,,best_validation_checkpoint_1.bin
741,570,accepted,1,1.53547e-06,1.52881e-10,2.67144e-10,2.67144e-10,4.57388e-10,4.57388e-10,1.06421,0.0609405,1.00145,0.0123509,0.0452088,0.0224868,0.0227219,,best_validation_checkpoint_0.bin
742,570,rejected,1,5.91187e-06,1.52881e-09,2.67144e-10,2.67144e-10,4.57388e-10,4.57388e-10,1.05239,0.0580871,0.992497,0.0114467,0.0224907,0.0224904,0,,
743,571,accepted,0,5.91187e-06,7.64405e-10,2.66612e-10,2.66612e-10,4.56562e-10,4.56562e-10,0,0,0,0.0118033,0.0454971,0.0228446,0.0226524,,best_validation_checkpoint_1.bin
744,572,accepted,1,2.65925e-07,3.82202e-10,2.66434e-10,2.66434e-10,4.56283e-10,4.56283e-10,1.07248,0.0619134,1.0088,0.0104543,0.0453704,0.0225211,0.0228492,,best_validation_checkpoint_0.bin
745,573,accepted,1,9.97365e-07,1.91101e-10,2.66224e-10,2.66224e-10,4.55944e-10,4.55944e-10,1.02678,0.0586199,0.966333,0.0116497,0.0453911,0.0227942,0.0225969,,best_validation_checkpoint_1.bin
746,573,rejected,1,3.75943e-06,1.91101e-09,2.66224e-10,2.66224e-10,4.55944e-10,4.55944e-10,1.06374,0.0596788,1.00217,0.0110162,0.0226369,0.0226365,0,,
747,574,accepted,0,3.75943e-06,9.55506e-10,2.65972e-10,2.65972e-10,4.55502e-10,4.55502e-10,0,0,0,0.0110229,0.0450332,0.0224898,0.0225434,,best_validation_checkpoint_0.bin
748,575,accepted,1,1.66707e-07,4.77753e-10,2.65826e-10,2.65826e-10,4.55271e-10,4.55271e-10,1.04943,0.0608251,0.986812,0.0103407,0.0448531,0.0224999,0.0223532,,best_validation_checkpoint_1.bin
749,576,accepted,1,6.28303e-07,2.38876e-10,2.65594e-10,2.65594e-10,4.54913e-10,4.54913e-10,1.05791,0.0585076,0.997569,0.0111953,0.0453019,0.022511,0.0227909,,best_validation_checkpoint_0.bin
750,576,rejected,1,2.37803e-06,2.38876e-09,2.65594e-10,2.65594e-10,4.54913e-10,4.54913e-10,1.05957,0.0611753,0.996563,0.0111883,0.024587,0.0245868,0,,
751,577,accepted,0,2.37803e-06,1.19438e-09,2.65462e-10,2.65462e-10,4.54657e-10,4.54657e-10,0,0,0,0.0111881,0.045856,0.0230527,0.0228032,,best_validation_checkpoint_1.bin
752,578,accepted,1,1.04246e-07,5.97191e-10,2.65343e-10,2.65343e-10,4.54468e-10,4.54468e-10,1.06624,0.063873,1.00051,0.0126888,0.0457227,0.0230718,0.0226509,,best_validation_checkpoint_0.bin
753,579,accepted,1,3.9611e-07,2.98596e-10,2.65132e-10,2.65132e-10,4.54142e-10,4.54142e-10,1.06835,0.0586591,1.00721,0.0113522,0.0513672,0.0246865,0.0266805,,best_validation_checkpoint_1.bin
754,580,accepted,1,1.50834e-06,1.49298e-10,2.65087e-10,2.65087e-10,4.53973e-10,4.53973e-10,1.17237,0.068609,1.10181,0.0115051,0.0472101,0.0243948,0.0228152,,best_validation_checkpoint_0.bin
755,580,rejected,1,5.81981e-06,1.49298e-09,2.65087e-10,2.65087e-10,4.53973e-10,4.53973e-10,1.05691,0.0627947,0.992188,0.0105963,0.0235026,0.0235024,0,,
756,581,accepted,0,5.81981e-06,7.46489e-10,2.64533e-10,2.64533e-10,4.53137e-10,4.53137e-10,0,0,0,0.0122602,0.0460196,0.0231062,0.0229133,,best_validation_checkpoint_1.bin
757,582,accepted,1,2.64163e-07,3.73244e-10,2.64354e-10,2.64354e-10,4.52854e-10,4.52854e-10,1.12087,0.077992,1.03379,0.118008,0.115809,0.0569362,0.0588728,,best_validation_checkpoint_0.bin
758,583,accepted,1,9.85916e-07,1.86622e-10,2.6415e-10,2.6415e-10,4.52512e-10,4.52512e-10,1.20421,0.0872351,1.11421,0.0333356,0.0708995,0.0392492,0.0316502,,best_validation_checkpoint_1.bin
759,583,rejected,1,3.71954e-06,1.86622e-09,2.6415e-10,2.6415e-10,4.52512e-10,4.52512e-10,1.34247,0.0930581,1.24727,0.0307475,0.0295871,0.0295869,0,,
760,584,accepted,0,3.71954e-06,9.33111e-10,2.63888e-10,2.63888e-10,4.5207e-10,4.5207e-10,0,0,0,0.0336436,0.0722371,0.0405714,0.0316657,,best_validation_checkpoint_0.bin
761,585,accepted,1,1.66234e-07,4.66556e-10,2.63741e-10,2.63741e-10,4.51835e-10,4.51835e-10,1.17593,0.0777104,1.09627,0.0117308,0.0472858,0.0236259,0.0236599,,best_validation_checkpoint_1.bin
762,586,accepted,1,6.2387e-07,2.33278e-10,2.63511e-10,2.63511e-10,4.51473e-10,4.51473e-10,1.0611,0.0658927,0.993295,0.0112143,0.0480801,0.0249791,0.0231008,,best_validation_checkpoint_0.bin
763,586,rejected,1,2.36287e-06,2.33278e-09,2.63511e-10,2.63511e-10,4.51473e-10,4.51473e-10,1.19413,0.0685522,1.12296,0.0151886,0.0253908,0.0253906,0,,
764,587,accepted,0,2.36287e-06,1.16639e-09,2.63374e-10,2.63374e-10,4.51217e-10,4.51217e-10,0,0,0,0.0121813,0.0461888,0.0231729,0.0230158,,best_validation_checkpoint_1.bin
765,588,accepted,1,1.04315e-07,5.83194e-10,2.63255e-10,2.63255e-10,4.51026e-10,4.51026e-10,1.1083,0.0716642,1.03472,0.0115155,0.0481833,0.0244447,0.0237385,,best_validation_checkpoint_0.bin
766,589,accepted,1,3.949e-07,2.91597e-10,2.63043e-10,2.63043e-10,4.50696e-10,4.50696e-10,1.06099,0.0677369,0.991251,0.0143927,0.0463322,0.0229925,0.0233395,,best_validation_checkpoint_1.bin
767,590,accepted,1,1.50453e-06,1.45799e-10,2.63018e-10,2.63018e-10,4.50533e-10,4.50533e-10,1.06814,0.0630418,1.00291,0.01195,0.0467205,0.0234229,0.0232975,,best_validation_checkpoint_0.bin
768,590,rejected,1,5.81939e-06,1.45799e-09,2.63018e-10,2.63018e-10,4.50533e-10,4.50533e-10,1.05377,0.0631864,0.988664,0.0115978,0.024435,0.0244347,0,,
769,591,accepted,0,5.81939e-06,7.28993e-10,2.62438e-10,2.62438e-10,4.49685e-10,4.49685e-10,0,0,0,0.0132203,0.0454788,0.0226199,0.0228588,,best_validation_checkpoint_1.bin
770,592,accepted,1,2.66159e-07,3.64496e-10,2.62258e-10,2.62258e-10,4.49399e-10,4.49399e-10,1.10633,0.0669872,1.03747,0.0117373,0.0452919,0.0224766,0.0228152,,best_validation_checkpoint_0.bin
771,593,accepted,1,9.8983e-07,1.82248e-10,2.62062e-10,2.62062e-10,4.49055e-10,4.49055e-10,1.06577,0.060712,1.00313,0.0120424,0.0462092,0.0230623,0.0231468,,best_validation_checkpoint_1.bin
772,593,rejected,1,3.74046e-06,1.82248e-09,2.62062e-10,2.62062e-10,4.49055e-10,4.49055e-10,1.09234,0.0658083,1.02464,0.0121117,0.0227805,0.0227802,0,,
773,594,accepted,0,3.74046e-06,9.11241e-10,2.61788e-10,2.61788e-10,4.4861e-10,4.4861e-10,0,0,0,0.0125199,0.0458534,0.0232095,0.0226438,,best_validation_checkpoint_0.bin
774,595,accepted,1,1.68228e-07,4.55621e-10,2.6164e-10,2.6164e-10,4.48372e-10,4.48372e-10,1.105,0.0638087,1.03889,0.0107049,0.0452963,0.0224888,0.0228074,,best_validation_checkpoint_1.bin
775,596,accepted,1,6.2961e-07,2.2781e-10,2.61411e-10,2.61411e-10,4.48005e-10,4.48005e-10,1.02202,0.0607059,0.959538,0.0117307,0.0453913,0.0228353,0.022556,,best_validation_checkpoint_0.bin
776,596,rejected,1,2.3882e-06,2.2781e-09,2.61411e-10,2.61411e-10,4.48005e-10,4.48005e-10,1.02142,0.0599745,0.959547,0.0102769,0.0223924,0.0223921,0,,
777,597,accepted,0,2.3882e-06,1.13905e-09,2.61269e-10,2.61269e-10,4.4775e-10,4.4775e-10,0,0,0,0.0115337,0.045135,0.0226249,0.0225099,,best_validation_checkpoint_1.bin
778,598,accepted,1,1.05969e-07,5.69526e-10,2.61149e-10,2.61149e-10,4.47557e-10,4.47557e-10,1.026,0.0634485,0.960426,0.0120446,0.0453738,0.0226719,0.0227018,,best_validation_checkpoint_0.bin
779,599,accepted,1,4.00246e-07,2.84763e-10,2.60937e-10,2.60937e-10,4.47222e-10,4.47222e-10,0.974768,0.0600579,0.912843,0.010792,0.0451759,0.0225444,0.0226315,,best_validation_checkpoint_1.bin
780,599,rejected,1,1.52691e-06,2.84763e-09,2.60937e-10,2.60937e-10,4.47222e-10,4.47222e-10,0.996069,0.0594393,0.934707,0.0111899,0.0229666,0.0229663,0,,
781,600,accepted,0,1.52691e-06,1.42381e-09,2.60855e-10,2.60855e-10,4.47064e-10,4.47064e-10,0,0,0,0.0126104,0.0437137,0.0224746,0.021239,,best_validation_checkpoint_0.bin
782,601,accepted,1,6.68844e-08,7.11907e-10,2.60759e-10,2.60759e-10,4.46908e-10,4.46908e-10,1.02427,0.0597894,0.962659,0.010815,0.0452073,0.022646,0.0225612,,best_validation_checkpoint_1.bin
783,602,accepted,1,2.54829e-07,3.55954e-10,2.60577e-10,2.60577e-10,4.46621e-10,4.46621e-10,0.973007,0.0596306,0.911546,0.010674,0.0449909,0.0225617,0.022429,,best_validation_checkpoint_0.bin
784,603,accepted,1,9.77647e-07,1.77977e-10,2.60389e-10,2.60389e-10,4.46281e-10,4.46281e-10,0.945805,0.0605541,0.883306,0.0119,0.0456675,0.022761,0.0229064,,best_validation_checkpoint_1.bin
785,603,rejected,1,3.7956e-06,1.77977e-09,2.60389e-10,2.60389e-10,4.46281e-10,4.46281e-10,0.965259,0.0624702,0.901006,0.012132,0.0247587,0.0247585,0,,
786,604,accepted,0,3.7956e-06,8.89884e-10,2.601e-10,2.601e-10,4.45826e-10,4.45826e-10,0,0,0,0.0107299,0.0448813,0.0225131,0.0223681,,best_validation_checkpoint_0.bin
787,605,accepted,1,1.71921e-07,4.44942e-10,2.5995e-10,2.5995e-10,4.45586e-10,4.45586e-10,0.957332,0.0609049,0.894613,0.0114067,0.0452736,0.0228928,0.0223807,,best_validation_checkpoint_1.bin
788,606,accepted,1,6.45362e-07,2.22471e-10,2.59724e-10,2.59724e-10,4.45216e-10,4.45216e-10,1.00307,0.0586223,0.942598,0.0121135,0.0500986,0.0247951,0.0253034,,best_validation_checkpoint_0.bin
789,606,rejected,1,2.45915e-06,2.22471e-09,2.59724e-10,2.59724e-10,4.45216e-10,4.45216e-10,1.05911,0.0630436,0.99396,0.0136216,0.0242274,0.0242271,0,,
790,607,accepted,0,2.45915e-06,1.11235e-09,2.59575e-10,2.59575e-10,4.44959e-10,4.44959e-10,0,0,0,0.0131322,0.0469446,0.0233625,0.0235819,,best_validation_checkpoint_1.bin
791,608,accepted,1,1.09444e-07,5.56177e-10,2.59453e-10,2.59453e-10,4.44762e-10,4.44762e-10,0.998754,0.0641834,0.932224,0.0151694,0.0464096,0.0236889,0.0227206,,best_validation_checkpoint_0.bin
792,609,accepted,1,4.13334e-07,2.78089e-10,2.59241e-10,2.59241e-10,4.44424e-10,4.44424e-10,1.06151,0.063379,0.996199,0.0116883,0.0449639,0.0225398,0.022424,,best_validation_checkpoint_1.bin
793,609,rejected,1,1.58005e-06,2.78089e-09,2.59241e-10,2.59241e-10,4.44424e-10,4.44424e-10,1.0059,0.0616274,0.94238,0.0119393,0.0240035,0.0240032,0,,
794,610,accepted,0,1.58005e-06,1.39044e-09,2.59156e-10,2.59156e-10,4.44265e-10,4.44265e-10,0,0,0,0.0112205,0.0452303,0.0228221,0.0224082,,best_validation_checkpoint_0.bin
795,611,accepted,1,6.93475e-08,6.95222e-10,2.59058e-10,2.59058e-10,4.44107e-10,4.44107e-10,1.06276,0.0646156,0.996117,0.0117504,0.0456833,0.0228916,0.0227916,,best_validation_checkpoint_1.bin
796,612,accepted,1,2.64051e-07,3.47611e-10,2.58875e-10,2.58875e-10,4.43816e-10,4.43816e-10,1.0523,0.0639055,0.986508,0.0119624,0.0491175,0.0256124,0.0235051,,best_validation_checkpoint_0.bin
797,613,accepted,1,1.01444e-06,1.73805e-10,2.58699e-10,2.58699e-10,4.4348e-10,4.4348e-10,1.06133,0.0696603,0.989782,0.0108711,0.045785,0.0231331,0.0226519,,best_validation_checkpoint_1.bin
798,613,rejected,1,3.94379e-06,1.73805e-09,2.58699e-10,2.58699e-10,4.4348e-10,4.4348e-10,1.00634,0.0620921,0.942194,0.0114378,0.0236889,0.0236886,0,,
799,614,accepted,0,3.94379e-06,8.69027e-10,2.58391e-10,2.58391e-10,4.43013e-10,4.43013e-10,0,0,0,0.0124173,0.0462891,0.0237704,0.0225187,,best_validation_checkpoint_0.bin
800,615,accepted,1,1.78853e-07,4.34514e-10,2.5824e-10,2.5824e-10,4.42769e-10,4.42769e-10,1.01642,0.0622769,0.95236,0.0112364,0.0450678,0.0224201,0.0226477,,best_validation_checkpoint_1.bin
801,616,accepted,1,6.71172e-07,2.17257e-10,2.58016e-10,2.58016e-10,4.42396e-10,4.42396e-10,1.03894,0.0604969,0.976563,0.010863,0.0478931,0.0252341,0.022659,,best_validation_checkpoint_0.bin
802,616,rejected,1,2.56141e-06,2.17257e-09,2.58016e-10,2.58016e-10,4.42396e-10,4.42396e-10,1.06096,0.0617417,0.996897,0.0113578,0.0238002,0.0237999,0,,
803,617,accepted,0,2.56141e-06,1.08628e-09,2.57859e-10,2.57859e-10,4.42135e-10,4.42135e-10,0,0,0,0.0119425,0.045617,0.0229582,0.0226588,,best_validation_checkpoint_1.bin
804,618,accepted,1,1.14076e-07,5.43142e-10,2.57736e-10,2.57736e-10,4.41936e-10,4.41936e-10,1.06071,0.0607153,0.998064,0.0110379,0.0449195,0.0224859,0.0224335,,best_validation_checkpoint_0.bin
805,619,accepted,1,4.30808e-07,2.71571e-10,2.57523e-10,2.57523e-10,4.41593e-10,4.41593e-10,1.02994,0.0574712,0.970665,0.0119714,0.0501083,0.0275458,0.0225624,,best_validation_checkpoint_1.bin
806,619,rejected,1,1.64919e-06,2.71571e-09,2.57523e-10,2.57523e-10,4.41593e-10,4.41593e-10,1.00423,0.0572549,0.945176,0.0105597,0.0239344,0.0239343,0,,
807,620,accepted,0,1.64919e-06,1.35786e-09,2.57434e-10,2.57434e-10,4.41434e-10,4.41434e-10,0,0,0,0.0120746,0.0471021,0.0251778,0.0219242,,best_validation_checkpoint_0.bin
808,621,accepted,1,7.24092e-08,6.78928e-10,2.57335e-10,2.57335e-10,4.41272e-10,4.41272e-10,0.995554,0.059027,0.934749,0.0107076,0.0448794,0.0224178,0.0224615,,best_validation_checkpoint_1.bin
809,622,accepted,1,2.75721e-07,3.39464e-10,2.57151e-10,2.57151e-10,4.40978e-10,4.40978e-10,0.987975,0.0634617,0.922731,0.0114344,0.0450771,0.0224322,0.0226448,,best_validation_checkpoint_0.bin
810,623,accepted,1,1.06062e-06,1.69732e-10,2.5699e-10,2.5699e-10,4.40647e-10,4.40647e-10,1.03959,0.0572524,0.980519,0.0113977,0.0449091,0.0223702,0.0225388,,best_validation_checkpoint_1.bin
811,623,rejected,1,4.12551e-06,1.69732e-09,2.5699e-10,2.5699e-10,4.40647e-10,4.40647e-10,1.02401,0.0562809,0.965989,0.0105944,0.0227131,0.0227128,0,,
812,624,accepted,0,4.12551e-06,8.4866e-10,2.5666e-10,2.5666e-10,4.40166e-10,4.40166e-10,0,0,0,0.0112352,0.0446235,0.0229328,0.0216907,,best_validation_checkpoint_0.bin
813,625,accepted,1,1.87008e-07,4.2433e-10,2.56507e-10,2.56507e-10,4.39918e-10,4.39918e-10,0.973876,0.0590878,0.913015,0.0114202,0.0458644,0.0230628,0.0228016,,best_validation_checkpoint_1.bin
814,626,accepted,1,7.02299e-07,2.12165e-10,2.56288e-10,2.56288e-10,4.39543e-10,4.39543e-10,1.02424,0.0592507,0.962834,0.0121135,0.045258,0.0227682,0.0224897,,best_validation_checkpoint_0.bin
815,626,rejected,1,2.68377e-06,2.12165e-09,2.56288e-10,2.56288e-10,4.39543e-10,4.39543e-10,1.04461,0.0611695,0.981547,0.0115949,0.0227501,0.0227498,0,,
816,627,accepted,0,2.68377e-06,1.06082e-09,2.56121e-10,2.56121e-10,4.39277e-10,4.39277e-10,0,0,0,0.0122114,0.0460788,0.0229172,0.0231615,,best_validation_checkpoint_1.bin
817,628,accepted,1,1.19427e-07,5.30412e-10,2.55996e-10,2.55996e-10,4.39075e-10,4.39075e-10,1.02239,0.0633055,0.957069,0.0114435,0.0457455,0.0231913,0.0225542,,best_validation_checkpoint_0.bin
818,629,accepted,1,4.5145e-07,2.65206e-10,2.55784e-10,2.55784e-10,4.38727e-10,4.38727e-10,1.03747,0.060475,0.975093,0.0106006,0.0450814,0.022611,0.0224703,,best_validation_checkpoint_1.bin
819,629,rejected,1,1.73083e-06,2.65206e-09,2.55784e-10,2.55784e-10,4.38727e-10,4.38727e-10,0.992487,0.0608058,0.929729,0.0120065,0.0231984,0.0231981,0,,
820,630,accepted,0,1.73083e-06,1.32603e-09,2.5569e-10,2.5569e-10,4.38567e-10,4.38567e-10,0,0,0,0.0136879,0.0462145,0.0228863,0.0233282,,best_validation_checkpoint_0.bin
821,631,accepted,1,7.58985e-08,6.63015e-10,2.5559e-10,2.5559e-10,4.38403e-10,4.38403e-10,1.00701,0.0590849,0.94605,0.0111349,0.045093,0.0226091,0.0224838,,best_validation_checkpoint_1.bin
822,632,accepted,1,2.89274e-07,3.31508e-10,2.55405e-10,2.55405e-10,4.38104e-10,4.38104e-10,0.948353,0.0582215,0.888331,0.0109088,0.0449751,0.0223921,0.0225829,,best_validation_checkpoint_0.bin
823,633,accepted,1,1.11442e-06,1.65754e-10,2.55262e-10,2.55262e-10,4.37783e-10,4.37783e-10,0.974002,0.0608333,0.911388,0.0112165,0.0453255,0.0228574,0.0224681,,best_validation_checkpoint_1.bin
824,633,rejected,1,4.33522e-06,1.65754e-09,2.55262e-10,2.55262e-10,4.37783e-10,4.37783e-10,0.939512,0.0586362,0.878935,0.0108868,0.0227371,0.0227368,0,,
825,634,accepted,0,4.33522e-06,8.28769e-10,2.54905e-10,2.54905e-10,4.37283e-10,4.37283e-10,0,0,0,0.0121539,0.045927,0.0234455,0.0224815,,best_validation_checkpoint_0.bin
826,635,accepted,1,1.96041e-07,4.14385e-10,2.54751e-10,2.54751e-10,4.37031e-10,4.37031e-10,0.980462,0.0603605,0.918208,0.0109039,0.0450042,0.0225879,0.0224163,,best_validation_checkpoint_1.bin
827,636,accepted,1,7.37534e-07,2.07192e-10,2.54538e-10,2.54538e-10,4.36656e-10,4.36656e-10,0.96929,0.0621353,0.905375,0.0109762,0.045021,0.0224914,0.0225296,,best_validation_checkpoint_0.bin
828,636,rejected,1,2.8227e-06,2.07192e-09,2.54538e-10,2.54538e-10,4.36656e-10,4.36656e-10,0.944533,0.06063,0.882127,0.0117116,0.0219095,0.0219092,0,,
829,637,accepted,0,2.8227e-06,1.03596e-09,2.54359e-10,2.54359e-10,4.36383e-10,4.36383e-10,0,0,0,0.0110488,0.0452498,0.0226601,0.0225897,,best_validation_checkpoint_1.bin
830,638,accepted,1,1.25267e-07,5.17981e-10,2.54233e-10,2.54233e-10,4.36177e-10,4.36177e-10,0.995549,0.0604068,0.933246,0.0115694,0.0484067,0.0242197,0.024187,,best_validation_checkpoint_0.bin
831,639,accepted,1,4.74463e-07,2.5899e-10,2.54021e-10,2.54021e-10,4.35826e-10,4.35826e-10,1.03476,0.060472,0.972508,0.0112392,0.0451936,0.0224223,0.0227713,,best_validation_checkpoint_1.bin
832,639,rejected,1,1.8219e-06,2.5899e-09,2.54021e-10,2.54021e-10,4.35826e-10,4.35826e-10,1.00379,0.0587492,0.943197,0.0106632,0.022777,0.0227768,0,,
833,640,accepted,0,1.8219e-06,1.29495e-09,2.53923e-10,2.53923e-10,4.35663e-10,4.35663e-10,0,0,0,0.0119396,0.0452638,0.0228259,0.0224377,,best_validation_checkpoint_0.bin
834,641,accepted,1,7.96768e-08,6.47476e-10,2.53821e-10,2.53821e-10,4.35497e-10,4.35497e-10,0.94973,0.0621219,0.885753,0.0103701,0.0450194,0.0225038,0.0225154,,best_validation_checkpoint_1.bin
835,642,accepted,1,3.04215e-07,3.23738e-10,2.53635e-10,2.53635e-10,4.35194e-10,4.35194e-10,0.987761,0.0591509,0.926756,0.0109631,0.0430284,0.0224573,0.0205711,,best_validation_checkpoint_0.bin
836,643,accepted,1,1.17371e-06,1.61869e-10,2.53514e-10,2.53514e-10,4.34886e-10,4.34886e-10,1.00044,0.0602157,0.938315,0.0111251,0.0455815,0.0230614,0.0225201,,best_validation_checkpoint_1.bin
837,643,rejected,1,4.56444e-06,1.61869e-09,2.53514e-10,2.53514e-10,4.34886e-10,4.34886e-10,0.964406,0.0605156,0.902044,0.011199,0.0224429,0.0224427,0,,
838,644,accepted,0,4.56444e-06,8.09345e-10,2.53127e-10,2.53127e-10,4.34362e-10,4.34362e-10,0,0,0,0.0121147,0.0450758,0.0224776,0.0225981,,best_validation_checkpoint_0.bin
839,645,accepted,1,2.05552e-07,4.04672e-10,2.52971e-10,2.52971e-10,4.34107e-10,4.34107e-10,1.01658,0.0620176,0.952647,0.010595,0.0450445,0.0225854,0.0224591,,best_validation_checkpoint_1.bin
840,646,accepted,1,7.75537e-07,2.02336e-10,2.52765e-10,2.52765e-10,4.33732e-10,4.33732e-10,1.00599,0.0598613,0.943502,0.0108961,0.0452721,0.0227143,0.0225577,,best_validation_checkpoint_0.bin
841,646,rejected,1,2.97186e-06,2.02336e-09,2.52765e-10,2.52765e-10,4.33732e-10,4.33732e-10,0.985246,0.0618581,0.921628,0.0111117,0.0225733,0.0225731,0,,
842,647,accepted,0,2.97186e-06,1.01168e-09,2.52573e-10,2.52573e-10,4.33451e-10,4.33451e-10,0,0,0,0.0110906,0.0455321,0.0230047,0.0225273,,best_validation_checkpoint_1.bin
843,648,accepted,1,1.31352e-07,5.0584e-10,2.52446e-10,2.52446e-10,4.33242e-10,4.33242e-10,0.972969,0.0618176,0.909248,0.0116114,0.0453206,0.0227645,0.0225561,,best_validation_checkpoint_0.bin
844,649,accepted,1,4.98966e-07,2.5292e-10,2.52236e-10,2.52236e-10,4.32888e-10,4.32888e-10,0.951223,0.0609071,0.888328,0.0107166,0.0449644,0.0224447,0.0225196,,best_validation_checkpoint_1.bin
845,649,rejected,1,1.91896e-06,2.5292e-09,2.52236e-10,2.52236e-10,4.32888e-10,4.32888e-10,1.02587,0.0607871,0.963259,0.0120395,0.0225059,0.0225057,0,,
846,650,accepted,0,1.91896e-06,1.2646e-09,2.52131e-10,2.52131e-10,4.32722e-10,4.32722e-10,0,0,0,0.0096646,0.0454081,0.0227547,0.0226533,,best_validation_checkpoint_0.bin
847,651,accepted,1,8.35849e-08,6.32301e-10,2.52028e-10,2.52028e-10,4.32553e-10,4.32553e-10,0.972786,0.0598528,0.910994,0.0108799,0.0450302,0.0226218,0.0224082,,best_validation_checkpoint_1.bin
848,652,accepted,1,3.19986e-07,3.1615e-10,2.51841e-10,2.51841e-10,4.32246e-10,4.32246e-10,1.00792,0.0593543,0.946683,0.0110865,0.0451014,0.0225023,0.0225989,,best_validation_checkpoint_0.bin
849,653,accepted,1,1.23659e-06,1.58075e-10,2.51746e-10,2.51746e-10,4.31955e-10,4.31955e-10,0.993911,0.059052,0.933052,0.0108285,0.0451852,0.0224172,0.0227679,,best_validation_checkpoint_1.bin
850,653,rejected,1,4.80508e-06,1.58075e-09,2.51746e-10,2.51746e-10,4.31955e-10,4.31955e-10,0.979325,0.0625462,0.914877,0.0107192,0.0225212,0.0225209,0,,
851,654,accepted,0,4.80508e-06,7.90376e-10,2.51324e-10,2.51324e-10,4.31403e-10,4.31403e-10,0,0,0,0.0107349,0.0449605,0.0225279,0.0224325,,best_validation_checkpoint_0.bin
852,655,accepted,1,2.1513e-07,3.95188e-10,2.51167e-10,2.51167e-10,4.31144e-10,4.31144e-10,1.02293,0.0590894,0.96202,0.0119096,0.0451028,0.0225633,0.0225395,,best_validation_checkpoint_1.bin
853,656,accepted,1,8.1495e-07,1.97594e-10,2.5097e-10,2.5097e-10,4.30773e-10,4.30773e-10,1.0227,0.0623473,0.958564,0.0111137,0.0452229,0.0227992,0.0224237,,best_validation_checkpoint_0.bin
854,656,rejected,1,3.12749e-06,1.97594e-09,2.5097e-10,2.5097e-10,4.30773e-10,4.30773e-10,1.00841,0.0597648,0.946693,0.0106296,0.0255634,0.0255632,0,,
855,657,accepted,0,3.12749e-06,9.8797e-10,2.50763e-10,2.50763e-10,4.30479e-10,4.30479e-10,0,0,0,0.0121854,0.0455343,0.0230257,0.0225085,,best_validation_checkpoint_1.bin
856,658,accepted,1,1.37443e-07,4.93985e-10,2.50634e-10,2.50634e-10,4.30267e-10,4.30267e-10,0.979826,0.0625695,0.915464,0.0112638,0.0456749,0.0226069,0.0230679,,best_validation_checkpoint_0.bin
857,659,accepted,1,5.24225e-07,2.46992e-10,2.50426e-10,2.50426e-10,4.29911e-10,4.29911e-10,0.988318,0.0599729,0.926528,0.0115736,0.0451758,0.0225468,0.0226288,,best_validation_checkpoint_1.bin
858,659,rejected,1,2.01969e-06,2.46992e-09,2.50426e-10,2.50426e-10,4.29911e-10,4.29911e-10,0.987506,0.0610876,0.924524,0.0119737,0.0223597,0.0223595,0,,
859,660,accepted,0,2.01969e-06,1.23496e-09,2.50314e-10,2.50314e-10,4.29741e-10,4.29741e-10,0,0,0,0.0120436,0.0449933,0.0226165,0.0223767,,best_validation_checkpoint_0.bin
860,661,accepted,1,8.74882e-08,6.17481e-10,2.5021e-10,2.5021e-10,4.29569e-10,4.29569e-10,0.981909,0.0603037,0.919761,0.011101,0.0460029,0.0228616,0.0231411,,best_validation_checkpoint_1.bin
861,662,accepted,1,3.36179e-07,3.08741e-10,2.50023e-10,2.50023e-10,4.29258e-10,4.29258e-10,1.00473,0.0590549,0.943583,0.0105941,0.0444382,0.0219801,0.0224579,,best_validation_checkpoint_0.bin
862,663,accepted,1,1.30164e-06,1.5437e-10,2.49959e-10,2.49959e-10,4.28991e-10,4.28991e-10,0.970211,0.0610297,0.907312,0.0112284,0.0448231,0.0224083,0.0224147,,best_validation_checkpoint_1.bin
863,663,rejected,1,5.05309e-06,1.5437e-09,2.49959e-10,2.49959e-10,4.28991e-10,4.28991e-10,1.00254,0.0608455,0.939859,0.0117099,0.0225099,0.0225096,0,,
864,664,accepted,0,5.05309e-06,7.71851e-10,2.49497e-10,2.49497e-10,4.28404e-10,4.28404e-10,0,0,0,0.0109014,0.04492,0.0225402,0.0223798,,best_validation_checkpoint_0.bin
865,665,accepted,1,2.24515e-07,3.85926e-10,2.49338e-10,2.49338e-10,4.28141e-10,4.28141e-10,1.00527,0.0592716,0.944126,0.0104199,0.0437315,0.0223927,0.0213388,,best_validation_checkpoint_1.bin
866,666,accepted,1,8.55375e-07,1.92963e-10,2.49152e-10,2.49152e-10,4.27775e-10,4.27775e-10,1.03321,0.0571351,0.974337,0.010756,0.0451035,0.0224458,0.0226576,,best_validation_checkpoint_0.bin
867,666,rejected,1,3.28863e-06,1.92963e-09,2.49152e-10,2.49152e-10,4.27775e-10,4.27775e-10,1.04398,0.0576954,0.984525,0.0103116,0.0225702,0.0225699,0,,
868,667,accepted,0,3.28863e-06,9.64814e-10,2.48927e-10,2.48927e-10,4.27467e-10,4.27467e-10,0,0,0,0.0103462,0.0455458,0.0229928,0.0225529,,best_validation_checkpoint_1.bin
869,668,accepted,1,1.43461e-07,4.82407e-10,2.48797e-10,2.48797e-10,4.27252e-10,4.27252e-10,1.03013,0.0572015,0.971158,0.012079,0.0449379,0.0224018,0.022536,,best_validation_checkpoint_0.bin
870,669,accepted,1,5.50308e-07,2.41204e-10,2.48592e-10,2.48592e-10,4.26894e-10,4.26894e-10,1.02474,0.0568563,0.966062,0.011205,0.0454453,0.0229299,0.0225154,,best_validation_checkpoint_1.bin
871,669,rejected,1,2.125e-06,2.41204e-09,2.48592e-10,2.48592e-10,4.26894e-10,4.26894e-10,0.994708,0.0578614,0.935029,0.0101026,0.022387,0.0223866,0,,
872,670,accepted,0,2.125e-06,1.20602e-09,2.48473e-10,2.48473e-10,4.26718e-10,4.26718e-10,0,0,0,0.0114601,0.0454243,0.0225673,0.0228569,,best_validation_checkpoint_0.bin
873,671,accepted,1,9.13852e-08,6.03009e-10,2.48367e-10,2.48367e-10,4.26545e-10,4.26545e-10,1.01816,0.0574575,0.958965,0.0104262,0.0450053,0.0224329,0.0225722,,best_validation_checkpoint_1.bin
874,672,accepted,1,3.53021e-07,3.01504e-10,2.4818e-10,2.4818e-10,4.2623e-10,4.2623e-10,1.01695,0.0568372,0.958354,0.0106541,0.0449807,0.0223902,0.0225905,,best_validation_checkpoint_0.bin
875,673,accepted,1,1.37021e-06,1.50752e-10,2.48152e-10,2.48152e-10,4.25992e-10,4.25992e-10,1.03771,0.05711,0.978859,0.0101826,0.0449455,0.0224304,0.0225151,,best_validation_checkpoint_1.bin
876,673,rejected,1,5.31572e-06,1.50752e-09,2.48152e-10,2.48152e-10,4.25992e-10,4.25992e-10,1.02496,0.056318,0.966962,0.0105985,0.0224963,0.022496,0,,
877,674,accepted,0,5.31572e-06,7.53761e-10,2.47644e-10,2.47644e-10,4.25363e-10,4.25363e-10,0,0,0,0.0109012,0.045088,0.0226695,0.0224185,,best_validation_checkpoint_0.bin
878,675,accepted,1,2.33895e-07,3.76881e-10,2.47485e-10,2.47485e-10,4.25097e-10,4.25097e-10,1.04185,0.0607793,0.979314,0.0109119,0.0448307,0.0224352,0.0223953,,best_validation_checkpoint_1.bin
879,676,accepted,1,8.9831e-07,1.8844e-10,2.47312e-10,2.47312e-10,4.24738e-10,4.24738e-10,0.977526,0.057858,0.917845,0.0124925,0.0455073,0.0227999,0.0227073,,best_validation_checkpoint_0.bin
880,676,rejected,1,3.46334e-06,1.8844e-09,2.47312e-10,2.47312e-10,4.24738e-10,4.24738e-10,1.03696,0.0572586,0.977619,0.0103751,0.0230512,0.023051,0,,
881,677,accepted,0,3.46334e-06,9.42201e-10,2.47067e-10,2.47067e-10,4.24413e-10,4.24413e-10,0,0,0,0.0102951,0.0451913,0.0225529,0.0226382,,best_validation_checkpoint_1.bin
882,678,accepted,1,1.49649e-07,4.71101e-10,2.46936e-10,2.46936e-10,4.24195e-10,4.24195e-10,1.05603,0.060244,0.993923,0.0110963,0.0458029,0.022709,0.0230938,,best_validation_checkpoint_0.bin
883,679,accepted,1,5.78658e-07,2.3555e-10,2.46734e-10,2.46734e-10,4.23837e-10,4.23837e-10,1.03206,0.0584948,0.971715,0.0111966,0.0452163,0.022669,0.0225471,,best_validation_checkpoint_1.bin
884,679,rejected,1,2.24197e-06,2.3555e-09,2.46734e-10,2.46734e-10,4.23837e-10,4.23837e-10,0.989539,0.0573309,0.930457,0.0100638,0.0224047,0.0224045,0,,
885,680,accepted,0,2.24197e-06,1.17775e-09,2.46607e-10,2.46607e-10,4.23654e-10,4.23654e-10,0,0,0,0.0106072,0.0448099,0.0224412,0.0223687,,best_validation_checkpoint_0.bin
886,681,accepted,1,9.55186e-08,5.88876e-10,2.465e-10,2.465e-10,4.23478e-10,4.23478e-10,0.996036,0.0593596,0.934879,0.0105296,0.0453918,0.0226252,0.0227665,,best_validation_checkpoint_1.bin
887,682,accepted,1,3.71727e-07,2.94438e-10,2.46313e-10,2.46313e-10,4.23161e-10,4.23161e-10,1.0157,0.0605849,0.953265,0.0105753,0.0452384,0.0225868,0.0226514,,best_validation_checkpoint_0.bin
888,682,rejected,1,1.4478e-06,2.94438e-09,2.46313e-10,2.46313e-10,4.23161e-10,4.23161e-10,1.05395,0.0600054,0.991801,0.012762,0.023424,0.0234238,0,,
889,683,accepted,0,1.4478e-06,1.47219e-09,2.46239e-10,2.46239e-10,4.23047e-10,4.23047e-10,0,0,0,0.0129708,0.0473077,0.0243838,0.0229238,,best_validation_checkpoint_1.bin
890,684,accepted,1,6.09942e-08,7.36095e-10,2.46153e-10,2.46153e-10,4.22906e-10,4.22906e-10,0.999069,0.0585286,0.938697,0.0106105,0.045144,0.0226672,0.0224768,,best_validation_checkpoint_0.bin
891,685,accepted,1,2.38572e-07,3.68047e-10,2.45992e-10,2.45992e-10,4.22638e-10,4.22638e-10,1.05898,0.059523,0.997635,0.0100897,0.0452448,0.0226104,0.0226344,,best_validation_checkpoint_1.bin
892,686,accepted,1,9.33457e-07,1.84024e-10,2.45832e-10,2.45832e-10,4.2229e-10,4.2229e-10,0.99638,0.0619136,0.932646,0.0102467,0.0451456,0.0223968,0.0227488,,best_validation_checkpoint_0.bin
893,686,rejected,1,3.63631e-06,1.84024e-09,2.45832e-10,2.45832e-10,4.2229e-10,4.2229e-10,1.01217,0.0588003,0.951654,0.0097084,0.0225022,0.022502,0,,
894,687,accepted,0,3.63631e-06,9.20118e-10,2.45567e-10,2.45567e-10,4.21946e-10,4.21946e-10,0,0,0,0.0108248,0.0457458,0.0228921,0.0228536,,best_validation_checkpoint_1.bin
895,688,accepted,1,1.55843e-07,4.60059e-10,2.45434e-10,2.45434e-10,4.21725e-10,4.21725e-10,1.00466,0.0571485,0.94571,0.0108329,0.0454995,0.0225751,0.0229243,,best_validation_checkpoint_0.bin
896,689,accepted,1,6.08382e-07,2.3003e-10,2.45236e-10,2.45236e-10,4.21367e-10,4.21367e-10,1.01474,0.0602079,0.952639,0.0108181,0.0450535,0.0224673,0.022586,,best_validation_checkpoint_1.bin
897,689,rejected,1,2.36894e-06,2.3003e-09,2.45236e-10,2.45236e-10,4.21367e-10,4.21367e-10,1.03012,0.0633822,0.964921,0.0107125,0.0233247,0.0233245,0,,
898,690,accepted,0,2.36894e-06,1.15015e-09,2.45099e-10,2.45099e-10,4.21175e-10,4.21175e-10,0,0,0,0.0123453,0.045748,0.0229476,0.0228003,,best_validation_checkpoint_0.bin
899,691,accepted,1,1.00106e-07,5.75074e-10,2.44991e-10,2.44991e-10,4.20996e-10,4.20996e-10,1.04375,0.0630432,0.978729,0.011537,0.0450224,0.022454,0.0225683,,best_validation_checkpoint_1.bin
900,692,accepted,1,3.92609e-07,2.87537e-10,2.44804e-10,2.44804e-10,4.20676e-10,4.20676e-10,1.04025,0.0616243,0.97669,0.0112269,0.0451717,0.0224934,0.0226782,,best_validation_checkpoint_0.bin
901,692,rejected,1,1.53539e-06,2.87537e-09,2.44804e-10,2.44804e-10,4.20676e-10,4.20676e-10,1.02899,0.0605721,0.966431,0.0112374,0.0225071,0.0225069,0,,
902,693,accepted,0,1.53539e-06,1.43769e-09,2.44726e-10,2.44726e-10,4.20559e-10,4.20559e-10,0,0,0,0.0113329,0.0447757,0.0228859,0.0218898,,best_validation_checkpoint_1.bin
903,694,accepted,1,6.41702e-08,7.18843e-10,2.44639e-10,2.44639e-10,4.20415e-10,4.20415e-10,1.03222,0.0627481,0.967535,0.0110302,0.0451898,0.0225048,0.022685,,best_validation_checkpoint_0.bin
904,695,accepted,1,2.52696e-07,3.59421e-10,2.44477e-10,2.44477e-10,4.20145e-10,4.20145e-10,1.03173,0.0636821,0.96613,0.0107068,0.0449014,0.0224535,0.0224478,,best_validation_checkpoint_1.bin
905,696,accepted,1,9.92385e-07,1.79711e-10,2.44332e-10,2.44332e-10,4.19808e-10,4.19808e-10,1.01052,0.0606956,0.947921,0.0112814,0.045288,0.0225376,0.0227502,,best_validation_checkpoint_0.bin
906,696,rejected,1,3.87208e-06,1.79711e-09,2.44332e-10,2.44332e-10,4.19808e-10,4.19808e-10,1.00312,0.0618224,0.939361,0.011563,0.0224548,0.0224545,0,,
907,697,accepted,0,3.87208e-06,8.98553e-10,2.44044e-10,2.44044e-10,4.1944e-10,4.1944e-10,0,0,0,0.0115162,0.046096,0.023118,0.0229779,,best_validation_checkpoint_1.bin
908,698,accepted,1,1.64138e-07,4.49277e-10,2.4391e-10,2.4391e-10,4.19216e-10,4.19216e-10,1.01571,0.0655047,0.948332,0.0112719,0.0451221,0.0225866,0.0225354,,best_validation_checkpoint_0.bin
909,699,accepted,1,6.47206e-07,2.24638e-10,2.43717e-10,2.43717e-10,4.18859e-10,4.18859e-10,1.06057,0.0630108,0.995488,0.0115572,0.0450849,0.0226346,0.0224502,,best_validation_checkpoint_1.bin
910,699,rejected,1,2.53187e-06,2.24638e-09,2.43717e-10,2.43717e-10,4.18859e-10,4.18859e-10,1.03813,0.0611903,0.975092,0.0110998,0.0225672,0.022567,0,,
911,700,accepted,0,2.53187e-06,1.12319e-09,2.4357e-10,2.4357e-10,4.18657e-10,4.18657e-10,0,0,0,0.0116797,0.0452317,0.0225423,0.0226893,,best_validation_checkpoint_0.bin
912,701,accepted,1,1.05906e-07,5.61596e-10,2.4346e-10,2.4346e-10,4.18475e-10,4.18475e-10,1.005,0.0626369,0.940469,0.0122368,0.0460401,0.0228743,0.0231657,,best_validation_checkpoint_1.bin
913,702,accepted,1,4.19244e-07,2.80798e-10,2.43273e-10,2.43273e-10,4.18153e-10,4.18153e-10,1.04984,0.0672812,0.980638,0.0105449,0.0458035,0.0229486,0.0228549,,best_validation_checkpoint_0.bin
914,702,rejected,1,1.64703e-06,2.80798e-09,2.43273e-10,2.43273e-10,4.18153e-10,4.18153e-10,1.04446,0.0644423,0.978055,0.0109663,0.0226173,0.0226169,0,,
915,703,accepted,0,1.64703e-06,1.40399e-09,2.43191e-10,2.43191e-10,4.18031e-10,4.18031e-10,0,0,0,0.0123826,0.0454787,0.0228735,0.0226052,,best_validation_checkpoint_1.bin
916,704,accepted,1,6.81851e-08,7.01995e-10,2.43103e-10,2.43103e-10,4.17885e-10,4.17885e-10,1.02312,0.0638464,0.957486,0.0110611,0.045213,0.0228054,0.0224076,,best_validation_checkpoint_0.bin
917,705,accepted,1,2.70725e-07,3.50997e-10,2.4294e-10,2.4294e-10,4.17611e-10,4.17611e-10,1.09137,0.0616267,1.02787,0.0119987,0.0458726,0.0230836,0.0227889,,best_validation_checkpoint_1.bin
918,706,accepted,1,1.06769e-06,1.75499e-10,2.42813e-10,2.42813e-10,4.17287e-10,4.17287e-10,1.01107,0.0591192,0.949948,0.0103296,0.0455655,0.0227449,0.0228204,,best_validation_checkpoint_0.bin
919,706,rejected,1,4.17545e-06,1.75499e-09,2.42813e-10,2.42813e-10,4.17287e-10,4.17287e-10,1.06182,0.0621622,0.997679,0.0118579,0.0223934,0.0223931,0,,
920,707,accepted,0,4.17545e-06,8.77493e-10,2.42499e-10,2.42499e-10,4.16893e-10,4.16893e-10,0,0,0,0.011702,0.0451041,0.0225722,0.0225317,,best_validation_checkpoint_1.bin
921,708,accepted,1,1.74832e-07,4.38747e-10,2.42364e-10,2.42364e-10,4.16666e-10,4.16666e-10,1.03604,0.058694,0.975541,0.0110323,0.0450547,0.0224588,0.0225957,,best_validation_checkpoint_0.bin
922,709,accepted,1,6.97495e-07,2.19373e-10,2.42176e-10,2.42176e-10,4.16311e-10,4.16311e-10,1.03077,0.0599897,0.968885,0.0113606,0.0455939,0.0230665,0.0225273,,best_validation_checkpoint_1.bin
923,709,rejected,1,2.74309e-06,2.19373e-09,2.42176e-10,2.42176e-10,4.16311e-10,4.16311e-10,1.10888,0.0650624,1.04201,0.0171574,0.0233601,0.0233599,0,,
924,710,accepted,0,2.74309e-06,1.09687e-09,2.42018e-10,2.42018e-10,4.16097e-10,4.16097e-10,0,0,0,0.01091,0.0467867,0.0238457,0.0229409,,best_validation_checkpoint_0.bin
925,711,accepted,1,1.13481e-07,5.48433e-10,2.41907e-10,2.41907e-10,4.15913e-10,4.15913e-10,1.11982,0.0687486,1.0491,0.0122387,0.0495314,0.0252563,0.024275,,best_validation_checkpoint_1.bin
926,712,accepted,1,4.53965e-07,2.74217e-10,2.41721e-10,2.41721e-10,4.15588e-10,4.15588e-10,1.16863,0.0668506,1.09979,0.0117263,0.0471472,0.0243169,0.0228302,,best_validation_checkpoint_0.bin
927,712,rejected,1,1.79238e-06,2.74217e-09,2.41721e-10,2.41721e-10,4.15588e-10,4.15588e-10,1.12922,0.0629916,1.06433,0.0121297,0.022744,0.0227438,0,,
928,713,accepted,0,1.79238e-06,1.37108e-09,2.41634e-10,2.41634e-10,4.15461e-10,4.15461e-10,0,0,0,0.0125961,0.0539214,0.0235033,0.0304181,,best_validation_checkpoint_1.bin
929,714,accepted,1,7.34614e-08,6.85542e-10,2.41544e-10,2.41544e-10,4.15312e-10,4.15312e-10,1.00362,0.0615373,0.940246,0.0110724,0.0472923,0.0225879,0.0247044,,best_validation_checkpoint_0.bin
930,715,accepted,1,2.94292e-07,3.42771e-10,2.4138e-10,2.4138e-10,4.15035e-10,4.15035e-10,1.30079,0.0727431,1.22614,0.0115589,0.0466773,0.0229986,0.0236786,,best_validation_checkpoint_1.bin
931,716,accepted,1,1.16588e-06,1.71385e-10,2.41274e-10,2.41274e-10,4.14727e-10,4.14727e-10,1.02417,0.0613894,0.960623,0.0133635,0.0464631,0.0237499,0.0227132,,best_validation_checkpoint_0.bin
932,716,rejected,1,4.57255e-06,1.71385e-09,2.41274e-10,2.41274e-10,4.14727e-10,4.14727e-10,1.01873,0.060467,0.956136,0.0123956,0.0247704,0.0247701,0,,
933,717,accepted,0,4.57255e-06,8.56927e-10,2.40933e-10,2.40933e-10,4.14304e-10,4.14304e-10,0,0,0,0.0120373,0.0452563,0.022612,0.0226442,,best_validation_checkpoint_1.bin
934,718,accepted,1,1.89064e-07,4.28464e-10,2.40796e-10,2.40796e-10,4.14074e-10,4.14074e-10,0.995621,0.0612973,0.932388,0.0118908,0.0457441,0.0232428,0.0225013,,best_validation_checkpoint_0.bin
935,719,accepted,1,7.63424e-07,2.14232e-10,2.40615e-10,2.40615e-10,4.13721e-10,4.13721e-10,1.02031,0.06202,0.956454,0.01181,0.0454871,0.0224806,0.0230064,,best_validation_checkpoint_1.bin
936,719,rejected,1,3.01872e-06,2.14232e-09,2.40615e-10,2.40615e-10,4.13721e-10,4.13721e-10,1.01796,0.0590951,0.957122,0.0112534,0.0224974,0.0224972,0,,
937,720,accepted,0,3.01872e-06,1.07116e-09,2.40445e-10,2.40445e-10,4.13495e-10,4.13495e-10,0,0,0,0.0111443,0.0450653,0.0224527,0.0226125,,best_validation_checkpoint_0.bin
938,721,accepted,1,1.23536e-07,5.35579e-10,2.40333e-10,2.40333e-10,4.13308e-10,4.13308e-10,1.01266,0.0608375,0.94997,0.0109922,0.0451279,0.022475,0.0226527,,best_validation_checkpoint_1.bin
939,722,accepted,1,4.99317e-07,2.6779e-10,2.40148e-10,2.40148e-10,4.12981e-10,4.12981e-10,1.03673,0.0583846,0.976567,0.0116359,0.0449115,0.0224435,0.0224679,,best_validation_checkpoint_0.bin
940,722,rejected,1,1.98086e-06,2.6779e-09,2.40148e-10,2.40148e-10,4.12981e-10,4.12981e-10,1.0042,0.0578226,0.944533,0.0102594,0.0225458,0.0225457,0,,
941,723,accepted,0,1.98086e-06,1.33895e-09,2.40055e-10,2.40055e-10,4.12848e-10,4.12848e-10,0,0,0,0.0103845,0.044716,0.0224256,0.0222904,,best_validation_checkpoint_1.bin
942,724,accepted,1,8.04126e-08,6.69474e-10,2.39965e-10,2.39965e-10,4.12697e-10,4.12697e-10,1.03407,0.0598629,0.972358,0.0112175,0.0451119,0.0226517,0.0224601,,best_validation_checkpoint_0.bin
943,725,accepted,1,3.24906e-07,3.34737e-10,2.398e-10,2.398e-10,4.12416e-10,4.12416e-10,0.991318,0.0574263,0.93203,0.0107292,0.0452119,0.0225393,0.0226724,,best_validation_checkpoint_1.bin
944,726,accepted,1,1.29243e-06,1.67369e-10,2.39716e-10,2.39716e-10,4.12125e-10,4.12125e-10,0.996815,0.0577068,0.937375,0.0111593,0.0450521,0.0224308,0.0226213,,best_validation_checkpoint_0.bin
945,726,rejected,1,5.08263e-06,1.67369e-09,2.39716e-10,2.39716e-10,4.12125e-10,4.12125e-10,1.04342,0.0566383,0.985012,0.0112611,0.0224085,0.0224084,0,,
946,727,accepted,0,5.08263e-06,8.36843e-10,2.39345e-10,2.39345e-10,4.11672e-10,4.11672e-10,0,0,0,0.0111974,0.0452399,0.0225533,0.0226864,,best_validation_checkpoint_1.bin
947,728,accepted,1,2.07766e-07,4.18421e-10,2.39207e-10,2.39207e-10,4.11438e-10,4.11438e-10,1.02572,0.060077,0.963961,0.0096273,0.0447442,0.0223616,0.0223826,,best_validation_checkpoint_0.bin
948,729,accepted,1,8.4812e-07,2.09211e-10,2.39033e-10,2.39033e-10,4.11089e-10,4.11089e-10,0.993545,0.0562987,0.93556,0.0106815,0.0455923,0.0225885,0.0230037,,best_validation_checkpoint_1.bin
949,729,rejected,1,3.36856e-06,2.09211e-09,2.39033e-10,2.39033e-10,4.11089e-10,4.11089e-10,1.024,0.0562937,0.965836,0.0106793,0.022515,0.0225147,0,,
950,730,accepted,0,3.36856e-06,1.04605e-09,2.3885e-10,2.3885e-10,4.1085e-10,4.1085e-10,0,0,0,0.0102316,0.0452231,0.0227649,0.0224581,,best_validation_checkpoint_0.bin
951,731,accepted,1,1.36546e-07,5.23027e-10,2.38737e-10,2.38737e-10,4.1066e-10,4.1066e-10,1.02378,0.061441,0.960591,0.010012,0.0448115,0.0224766,0.0223348,,best_validation_checkpoint_1.bin
952,732,accepted,1,5.56793e-07,2.61513e-10,2.38554e-10,2.38554e-10,4.1033e-10,4.1033e-10,1.04402,0.056312,0.98602,0.0101231,0.0447844,0.0224343,0.02235,,best_validation_checkpoint_0.bin
953,732,rejected,1,2.21704e-06,2.61513e-09,2.38554e-10,2.38554e-10,4.1033e-10,4.1033e-10,1.00359,0.058295,0.943605,0.0109082,0.0221005,0.0221002,0,,
954,733,accepted,0,2.21704e-06,1.30757e-09,2.38456e-10,2.38456e-10,4.10192e-10,4.10192e-10,0,0,0,0.0108331,0.0448517,0.0225349,0.0223168,,best_validation_checkpoint_1.bin
955,734,accepted,1,8.92736e-08,6.53784e-10,2.38364e-10,2.38364e-10,4.10039e-10,4.10039e-10,1.03,0.0584965,0.969715,0.0105694,0.0450924,0.0226786,0.0224137,,best_validation_checkpoint_0.bin
956,735,accepted,1,3.63275e-07,3.26892e-10,2.38199e-10,2.38199e-10,4.09754e-10,4.09754e-10,1.02679,0.0579735,0.967114,0.0113401,0.0451901,0.0226869,0.0225032,,best_validation_checkpoint_1.bin
957,736,accepted,1,1.44929e-06,1.63446e-10,2.38141e-10,2.38141e-10,4.09482e-10,4.09482e-10,1.04713,0.058708,0.986501,0.0108293,0.0450518,0.0224822,0.0225694,,best_validation_checkpoint_0.bin
958,736,rejected,1,5.71164e-06,1.63446e-09,2.38141e-10,2.38141e-10,4.09482e-10,4.09482e-10,0.998791,0.0609658,0.936112,0.0110926,0.0224713,0.022471,0,,
959,737,accepted,0,5.71164e-06,8.17229e-10,2.37737e-10,2.37737e-10,4.08996e-10,4.08996e-10,0,0,0,0.0111348,0.0453819,0.0226534,0.0227284,,best_validation_checkpoint_1.bin
960,738,accepted,1,2.31277e-07,4.08615e-10,2.37598e-10,2.37598e-10,4.08759e-10,4.08759e-10,1.01869,0.0624812,0.954454,0.0103061,0.0447094,0.0223649,0.0223445,,best_validation_checkpoint_0.bin
961,739,accepted,1,9.51946e-07,2.04307e-10,2.37433e-10,2.37433e-10,4.08413e-10,4.08413e-10,0.990393,0.0591648,0.929356,0.011697,0.0455264,0.0227579,0.0227684,,best_validation_checkpoint_1.bin
962,739,rejected,1,3.79208e-06,2.04307e-09,2.37433e-10,2.37433e-10,4.08413e-10,4.08413e-10,1.04898,0.0598967,0.987183,0.0104238,0.0223293,0.0223291,0,,
963,740,accepted,0,3.79208e-06,1.02154e-09,2.37236e-10,2.37236e-10,4.0816e-10,4.0816e-10,0,0,0,0.010373,0.0446276,0.0224876,0.0221399,,best_validation_checkpoint_0.bin
964,741,accepted,1,1.52545e-07,5.10768e-10,2.37122e-10,2.37122e-10,4.07967e-10,4.07967e-10,1.04736,0.0578559,0.987708,0.0108925,0.0447801,0.0224362,0.0223439,,best_validation_checkpoint_1.bin
965,742,accepted,1,6.26077e-07,2.55384e-10,2.36941e-10,2.36941e-10,4.07636e-10,4.07636e-10,1.04367,0.0564372,0.985601,0.0099225,0.0448681,0.0223207,0.0225474,,best_validation_checkpoint_0.bin
966,742,rejected,1,2.49835e-06,2.55384e-09,2.36941e-10,2.36941e-10,4.07636e-10,4.07636e-10,1.06823,0.0564795,1.01003,0.012233,0.0227012,0.0227012,0,,
967,743,accepted,0,2.49835e-06,1.27692e-09,2.36837e-10,2.36837e-10,4.07492e-10,4.07492e-10,0,0,0,0.0098602,0.0448843,0.0224414,0.0224428,,best_validation_checkpoint_1.bin
968,744,accepted,1,9.99663e-08,6.3846e-10,2.36745e-10,2.36745e-10,4.07336e-10,4.07336e-10,1.03776,0.0576461,0.978271,0.011023,0.0450021,0.0224025,0.0225996,,best_validation_checkpoint_0.bin
969,745,accepted,1,4.0884e-07,3.1923e-10,2.3658e-10,2.3658e-10,4.07048e-10,4.07048e-10,1.07034,0.0575804,1.01104,0.0107751,0.0450867,0.0224518,0.0226348,,best_validation_checkpoint_1.bin
970,746,accepted,1,1.6339e-06,1.59615e-10,2.3655e-10,2.3655e-10,4.06797e-10,4.06797e-10,1.03637,0.0575809,0.977091,0.0103874,0.0451814,0.0223589,0.0228225,,best_validation_checkpoint_0.bin
971,746,rejected,1,6.44409e-06,1.59615e-09,2.3655e-10,2.3655e-10,4.06797e-10,4.06797e-10,1.01977,0.0574027,0.960661,0.0096811,0.0224178,0.0224176,0,,
972,747,accepted,0,6.44409e-06,7.98076e-10,2.36109e-10,2.36109e-10,4.06276e-10,4.06276e-10,0,0,0,0.0105439,0.0451613,0.0227346,0.0224265,,best_validation_checkpoint_1.bin
973,748,accepted,1,2.59017e-07,3.99038e-10,2.3597e-10,2.3597e-10,4.06035e-10,4.06035e-10,1.04594,0.0597443,0.98453,0.0095291,0.0451251,0.0224867,0.0226383,,best_validation_checkpoint_0.bin
974,749,accepted,1,1.07187e-06,1.99519e-10,2.35815e-10,2.35815e-10,4.05693e-10,4.05693e-10,1.0183,0.0577007,0.958901,0.0099015,0.0439779,0.0216072,0.0223707,,best_validation_checkpoint_1.bin
975,749,rejected,1,4.27486e-06,1.99519e-09,2.35815e-10,2.35815e-10,4.05693e-10,4.05693e-10,0.998182,0.0564938,0.939832,0.0107536,0.0229732,0.022973,0,,
976,750,accepted,0,4.27486e-06,9.97594e-10,2.35603e-10,2.35603e-10,4.05427e-10,4.05427e-10,0,0,0,0.0115764,0.0453007,0.0227339,0.0225666,,best_validation_checkpoint_0.bin
977,751,accepted,1,1.70971e-07,4.98797e-10,2.35488e-10,2.35488e-10,4.0523e-10,4.0523e-10,1.03073,0.0586697,0.970437,0.0105836,0.0449826,0.0225138,0.0224686,,best_validation_checkpoint_1.bin
978,752,accepted,1,7.04507e-07,2.49399e-10,2.35311e-10,2.35311e-10,4.04897e-10,4.04897e-10,1.00026,0.0572588,0.941173,0.0101958,0.0460128,0.0231184,0.0228943,,best_validation_checkpoint_0.bin
979,752,rejected,1,2.81324e-06,2.49399e-09,2.35311e-10,2.35311e-10,4.04897e-10,4.04897e-10,0.9887,0.058521,0.928406,0.0106374,0.0224864,0.0224861,0,,
980,753,accepted,0,2.81324e-06,1.24699e-09,2.352e-10,2.352e-10,4.04747e-10,4.04747e-10,0,0,0,0.0110651,0.0453266,0.0226968,0.0226298,,best_validation_checkpoint_1.bin
981,754,accepted,1,1.12035e-07,6.23497e-10,2.35106e-10,2.35106e-10,4.04589e-10,4.04589e-10,0.987654,0.0576964,0.928173,0.010895,0.0451951,0.0225956,0.0225993,,best_validation_checkpoint_0.bin
982,755,accepted,1,4.59624e-07,3.11748e-10,2.34942e-10,2.34942e-10,4.04297e-10,4.04297e-10,1.03094,0.0599402,0.969041,0.0115716,0.0454611,0.0226921,0.0227689,,best_validation_checkpoint_1.bin
983,756,accepted,1,1.83745e-06,1.55874e-10,2.34941e-10,2.34941e-10,4.04067e-10,4.04067e-10,0.984237,0.0590912,0.923418,0.0104574,0.0450051,0.0226053,0.0223997,,best_validation_checkpoint_0.bin
984,756,rejected,1,7.2442e-06,1.55874e-09,2.34941e-10,2.34941e-10,4.04067e-10,4.04067e-10,0.990766,0.0573987,0.931631,0.0107691,0.0225769,0.0225769,0,,
985,757,accepted,0,7.2442e-06,7.79371e-10,2.34465e-10,2.34465e-10,4.03512e-10,4.03512e-10,0,0,0,0.0113066,0.0450535,0.022496,0.0225574,,best_validation_checkpoint_1.bin
986,758,accepted,1,2.89497e-07,3.89685e-10,2.34324e-10,2.34324e-10,4.03268e-10,4.03268e-10,1.01656,0.0565635,0.958217,0.0104558,0.0453978,0.0228295,0.0225681,,best_validation_checkpoint_0.bin
987,759,accepted,1,1.20154e-06,1.94843e-10,2.3418e-10,2.3418e-10,4.02929e-10,4.02929e-10,1.12162,0.0704039,1.04936,0.0117275,0.0440251,0.0226285,0.0213965,,best_validation_checkpoint_1.bin
988,759,rejected,1,4.78989e-06,1.94843e-09,2.3418e-10,2.3418e-10,4.02929e-10,4.02929e-10,0.905173,0.061104,0.84221,0.011045,0.0215228,0.0215228,0,,
989,760,accepted,0,4.78989e-06,9.74213e-10,2.33953e-10,2.33953e-10,4.02649e-10,4.02649e-10,0,0,0,0.011069,0.0446043,0.0225464,0.0220578,,best_validation_checkpoint_0.bin
990,761,accepted,1,1.90716e-07,4.87107e-10,2.33837e-10,2.33837e-10,4.0245e-10,4.0245e-10,0.9912,0.0648264,0.924414,0.0107559,0.0434302,0.0230548,0.0203753,,best_validation_checkpoint_1.bin
991,762,accepted,1,7.87525e-07,2.43553e-10,2.33663e-10,2.33663e-10,4.02114e-10,4.02114e-10,0.992884,0.0627481,0.928144,0.0104675,0.0453103,0.022512,0.0227983,,best_validation_checkpoint_0.bin
992,762,rejected,1,3.14257e-06,2.43553e-09,2.33663e-10,2.33663e-10,4.02114e-10,4.02114e-10,1.4238,0.0972851,1.32313,0.115447,0.0319011,0.0319009,0,,
993,763,accepted,0,3.14257e-06,1.21777e-09,2.33546e-10,2.33546e-10,4.0196e-10,4.0196e-10,0,0,0,0.23348,0.104331,0.0681156,0.0362155,,best_validation_checkpoint_1.bin
994,764,accepted,1,1.24707e-07,6.08883e-10,2.33452e-10,2.33452e-10,4.01799e-10,4.01799e-10,1.77767,0.131658,1.64264,0.208394,0.0749993,0.0364878,0.0385115,,best_validation_checkpoint_0.bin
995,765,accepted,1,5.12417e-07,3.04442e-10,2.33287e-10,2.33287e-10,4.01503e-10,4.01503e-10,1.33615,0.0836815,1.25042,0.0412338,0.0528866,0.0275059,0.0253806,,best_validation_checkpoint_1.bin
996,765,rejected,1,2.04703e-06,3.04442e-09,2.33287e-10,2.33287e-10,4.01503e-10,4.01503e-10,1.37094,0.0947077,1.27127,0.051458,0.0333497,0.0333495,0,,
997,766,accepted,0,2.04703e-06,1.52221e-09,2.33221e-10,2.33221e-10,4.01409e-10,4.01409e-10,0,0,0,0.043916,0.0555358,0.0264848,0.0290509,,best_validation_checkpoint_0.bin
998,767,accepted,1,8.10749e-08,7.61104e-10,2.33145e-10,2.33145e-10,4.01279e-10,4.01279e-10,1.12897,0.0756121,1.05102,0.0171297,0.0514842,0.0251062,0.026378,,best_validation_checkpoint_1.bin
999,768,accepted,1,3.31802e-07,3.80552e-10,2.33003e-10,2.33003e-10,4.01032e-10,4.01032e-10,1.38809,0.0928153,1.28834,0.0484343,0.0630579,0.0322746,0.0307831,,best_validation_checkpoint_0.bin
1000,769,accepted,1,1.32687e-06,1.90276e-10,2.32869e-10,2.32869e-10,4.00696e-10,4.00696e-10,1.3434,0.101289,1.23984,0.0198983,0.0491144,0.0251422,0.0239721,,best_validation_checkpoint_1.bin
1001,769,rejected,1,5.23615e-06,1.90276e-09,2.32869e-10,2.32869e-10,4.00696e-10,4.00696e-10,1.03566,0.069352,0.96446,0.0119284,0.0227977,0.0227974,0,,
1002,770,accepted,0,5.23615e-06,9.5138e-10,2.32627e-10,2.32627e-10,4.00405e-10,4.00405e-10,0,0,0,0.0120291,0.045711,0.0228769,0.0228341,,best_validation_checkpoint_0.bin
1003,771,accepted,1,2.0738e-07,4.7569e-10,2.3251e-10,2.3251e-10,4.00202e-10,4.00202e-10,0.978609,0.0613935,0.915034,0.0123031,0.0445912,0.0232519,0.0213392,,best_validation_checkpoint_1.bin
1004,772,accepted,1,8.56676e-07,2.37845e-10,2.32338e-10,2.32338e-10,3.99864e-10,3.99864e-10,0.966156,0.059847,0.904524,0.0109076,0.0462218,0.0228869,0.0233348,,best_validation_checkpoint_0.bin
1005,772,rejected,1,3.41745e-06,2.37845e-09,2.32338e-10,2.32338e-10,3.99864e-10,3.99864e-10,0.985699,0.0630976,0.920745,0.0113471,0.0227104,0.0227101,0,,
1006,773,accepted,0,3.41745e-06,1.18923e-09,2.32215e-10,2.32215e-10,3.99704e-10,3.99704e-10,0,0,0,0.0121021,0.0445574,0.0230132,0.0215441,,best_validation_checkpoint_1.bin
1007,774,accepted,1,1.35248e-07,5.94613e-10,2.3212e-10,2.3212e-10,3.99541e-10,3.99541e-10,0.995136,0.0606558,0.932576,0.0114152,0.0456663,0.0226391,0.0230272,,best_validation_checkpoint_0.bin
1008,775,accepted,1,5.56418e-07,2.97306e-10,2.31955e-10,2.31955e-10,3.99242e-10,3.99242e-10,1.02945,0.0619169,0.965286,0.0117585,0.0453311,0.0226154,0.0227157,,best_validation_checkpoint_1.bin
1009,775,rejected,1,2.2223e-06,2.97306e-09,2.31955e-10,2.31955e-10,3.99242e-10,3.99242e-10,0.983679,0.0616407,0.920111,0.011203,0.0236645,0.0236642,0,,
1010,776,accepted,0,2.2223e-06,1.48653e-09,2.31886e-10,2.31886e-10,3.99145e-10,3.99145e-10,0,0,0,0.012295,0.0468035,0.0238741,0.0229293,,best_validation_checkpoint_0.bin
1011,777,accepted,1,8.78345e-08,7.43266e-10,2.31809e-10,2.31809e-10,3.99013e-10,3.99013e-10,0.980271,0.0621248,0.916264,0.011701,0.0452975,0.0227739,0.0225235,,best_validation_checkpoint_1.bin
1012,778,accepted,1,3.5983e-07,3.71633e-10,2.31667e-10,2.31667e-10,3.98762e-10,3.98762e-10,0.954201,0.0600962,0.892189,0.0118205,0.0450937,0.0224554,0.0226383,,best_validation_checkpoint_0.bin
1013,779,accepted,1,1.43837e-06,1.85816e-10,2.31541e-10,2.31541e-10,3.98428e-10,3.98428e-10,1.07243,0.0625791,1.00465,0.0686924,0.0706947,0.0310934,0.039601,,best_validation_checkpoint_1.bin
1014,779,rejected,1,5.67066e-06,1.85816e-09,2.31541e-10,2.31541e-10,3.98428e-10,3.98428e-10,1.53559,0.103278,1.43006,0.0675392,0.0358602,0.03586,0,,
1015,780,accepted,0,5.67066e-06,9.29082e-10,2.31286e-10,2.31286e-10,3.98125e-10,3.98125e-10,0,0,0,0.13008,0.0658878,0.0356389,0.0302488,,best_validation_checkpoint_0.bin
1016,781,accepted,1,2.23987e-07,4.64541e-10,2.31168e-10,2.31168e-10,3.9792e-10,3.9792e-10,1.81452,0.13189,1.67636,0.136178,0.0706453,0.0450102,0.0256349,,best_validation_checkpoint_1.bin
1017,782,accepted,1,9.26059e-07,2.32271e-10,2.30998e-10,2.30998e-10,3.97578e-10,3.97578e-10,1.46203,0.0962191,1.36166,0.126254,0.0669581,0.0383751,0.0285829,,best_validation_checkpoint_0.bin
1018,782,rejected,1,3.68994e-06,2.32271e-09,2.30998e-10,2.30998e-10,3.97578e-10,3.97578e-10,1.64849,0.102175,1.54287,0.0152747,0.024401,0.0244008,0,,
1019,783,accepted,0,3.68994e-06,1.16135e-09,2.30869e-10,2.30869e-10,3.97415e-10,3.97415e-10,0,0,0,0.0337264,0.0568975,0.0328103,0.0240871,,best_validation_checkpoint_1.bin
1020,784,accepted,1,1.45685e-07,5.80676e-10,2.30773e-10,2.30773e-10,3.97249e-10,3.97249e-10,1.38512,0.0840752,1.29723,0.0702848,0.0864282,0.04386,0.0425682,,best_validation_checkpoint_0.bin
1021,785,accepted,1,5.9976e-07,2.90338e-10,2.30608e-10,2.30608e-10,3.96945e-10,3.96945e-10,1.38496,0.0847556,1.29688,0.0354397,0.052162,0.0276923,0.0244696,,best_validation_checkpoint_1.bin
1022,785,rejected,1,2.39275e-06,2.90338e-09,2.30608e-10,2.30608e-10,3.96945e-10,3.96945e-10,1.29979,0.083814,1.2124,0.134993,0.0438071,0.0438068,0,,
1023,786,accepted,0,2.39275e-06,1.45169e-09,2.30536e-10,2.30536e-10,3.96847e-10,3.96847e-10,0,0,0,0.0777192,0.0639577,0.0306444,0.0333132,,best_validation_checkpoint_0.bin
1024,787,accepted,1,9.43855e-08,7.25846e-10,2.30459e-10,2.30459e-10,3.96714e-10,3.96714e-10,1.39494,0.0887167,1.30338,0.012989,0.05515,0.0275759,0.0275739,,best_validation_checkpoint_1.bin
1025,788,accepted,1,3.8691e-07,3.62923e-10,2.30315e-10,2.30315e-10,3.96458e-10,3.96458e-10,1.42424,0.0937472,1.32723,0.0739744,0.110398,0.0734559,0.0369421,,best_validation_checkpoint_0.bin
1026,789,accepted,1,1.54515e-06,1.81461e-10,2.30198e-10,2.30198e-10,3.96124e-10,3.96124e-10,1.18546,0.0808104,1.10272,0.0127767,0.0599889,0.0290555,0.0309334,,best_validation_checkpoint_1.bin
1027,789,rejected,1,6.08136e-06,1.81461e-09,2.30198e-10,2.30198e-10,3.96124e-10,3.96124e-10,1.69225,0.102397,1.5874,0.0141949,0.024115,0.0241148,0,,
1028,790,accepted,0,6.08136e-06,9.07307e-10,2.2993e-10,2.2993e-10,3.95813e-10,3.95813e-10,0,0,0,0.0135183,0.0541744,0.0240877,0.0300866,,best_validation_checkpoint_0.bin
1029,791,accepted,1,2.3953e-07,4.53653e-10,2.29811e-10,2.29811e-10,3.95604e-10,3.95604e-10,1.16926,0.0808704,1.08655,0.0104949,0.0449259,0.0226352,0.0222906,,best_validation_checkpoint_1.bin
1030,792,accepted,1,9.90906e-07,2.26827e-10,2.29643e-10,2.29643e-10,3.95258e-10,3.95258e-10,1.60455,0.0999273,1.50035,0.0980221,0.0628313,0.0389488,0.0238825,,best_validation_checkpoint_0.bin
1031,792,rejected,1,3.94138e-06,2.26827e-09,2.29643e-10,2.29643e-10,3.95258e-10,3.95258e-10,1.29111,0.0829249,1.20524,0.0115478,0.0232993,0.0232991,0,,
1032,793,accepted,0,3.94138e-06,1.13413e-09,2.29509e-10,2.29509e-10,3.95092e-10,3.95092e-10,0,0,0,0.0226227,0.0516146,0.0285677,0.0230468,,best_validation_checkpoint_1.bin
1033,794,accepted,1,1.55291e-07,5.67067e-10,2.29412e-10,2.29412e-10,3.94924e-10,3.94924e-10,1.21175,0.0849908,1.12485,0.0111564,0.0456124,0.0229004,0.022712,,best_validation_checkpoint_0.bin
1034,795,accepted,1,6.39612e-07,2.83533e-10,2.29247e-10,2.29247e-10,3.94616e-10,3.94616e-10,1.01365,0.0638335,0.948046,0.0112529,0.0451556,0.0225903,0.0225652,,best_validation_checkpoint_1.bin
1035,795,rejected,1,2.54804e-06,2.83533e-09,2.29247e-10,2.29247e-10,3.94616e-10,3.94616e-10,1.03706,0.0586446,0.97647,0.0108848,0.0228827,0.0228825,0,,
1036,796,accepted,0,2.54804e-06,1.41767e-09,2.29173e-10,2.29173e-10,3.94517e-10,3.94517e-10,0,0,0,0.0108731,0.0449966,0.0224233,0.0225733,,best_validation_checkpoint_0.bin
1037,797,accepted,1,1.00321e-07,7.08833e-10,2.29095e-10,2.29095e-10,3.94381e-10,3.94381e-10,1.52938,0.0885334,1.43538,0.139939,0.0790991,0.0481124,0.0309867,,best_validation_checkpoint_1.bin
1038,798,accepted,1,4.1146e-07,3.54417e-10,2.28951e-10,2.28951e-10,3.94122e-10,3.94122e-10,1.25003,0.0744517,1.17368,0.0102835,0.0448943,0.022482,0.0224122,,best_validation_checkpoint_0.bin
1039,799,accepted,1,1.64132e-06,1.77208e-10,2.2884e-10,2.2884e-10,3.93786e-10,3.93786e-10,1.01857,0.0594831,0.957191,0.0117821,0.0450739,0.0225052,0.0225685,,best_validation_checkpoint_1.bin
1040,799,rejected,1,6.44642e-06,1.77208e-09,2.2884e-10,2.2884e-10,3.93786e-10,3.93786e-10,0.994902,0.0586603,0.933705,0.0239405,0.0246357,0.0246355,0,,
1041,800,accepted,0,6.44642e-06,8.86042e-10,2.28561e-10,2.28561e-10,3.93469e-10,3.93469e-10,0,0,0,0.01413,0.047758,0.0247061,0.0230519,,best_validation_checkpoint_0.bin
1042,801,accepted,1,2.53293e-07,4.43021e-10,2.28441e-10,2.28441e-10,3.93257e-10,3.93257e-10,1.0415,0.0635437,0.976133,0.010348,0.0449842,0.0224586,0.0225254,,best_validation_checkpoint_1.bin
1043,802,accepted,1,1.04837e-06,2.2151e-10,2.28274e-10,2.28274e-10,3.92906e-10,3.92906e-10,1.03905,0.0619702,0.975213,0.0128305,0.0457921,0.0228622,0.0229299,,best_validation_checkpoint_0.bin
1044,802,rejected,1,4.16291e-06,2.2151e-09,2.28274e-10,2.28274e-10,3.92906e-10,3.92906e-10,1.07705,0.0646694,1.01046,0.011472,0.0228764,0.0228762,0,,
1045,803,accepted,0,4.16291e-06,1.10755e-09,2.28136e-10,2.28136e-10,3.92739e-10,3.92739e-10,0,0,0,0.0127518,0.0459639,0.0229666,0.0229972,,best_validation_checkpoint_1.bin
1046,804,accepted,1,1.63632e-07,5.53776e-10,2.28038e-10,2.28038e-10,3.92568e-10,3.92568e-10,1.06551,0.0616791,1.0018,0.0122634,0.0453097,0.0228498,0.0224598,,best_validation_checkpoint_0.bin
1047,805,accepted,1,6.74396e-07,2.76888e-10,2.27873e-10,2.27873e-10,3.92255e-10,3.92255e-10,1.00716,0.060443,0.944792,0.0119114,0.0451624,0.0225956,0.0225668,,best_validation_checkpoint_1.bin
1048,805,rejected,1,2.68288e-06,2.76888e-09,2.27873e-10,2.27873e-10,3.92255e-10,3.92255e-10,1.04715,0.06163,0.983697,0.0114109,0.023792,0.0237918,0,,
1049,806,accepted,0,2.68288e-06,1.38444e-09,2.27797e-10,2.27797e-10,3.92157e-10,3.92157e-10,0,0,0,0.0116891,0.0462863,0.0234899,0.0227964,,best_validation_checkpoint_0.bin
1050,807,accepted,1,1.05416e-07,6.9222e-10,2.27718e-10,2.27718e-10,3.92019e-10,3.92019e-10,1.06367,0.0619866,0.999753,0.0119872,0.0463822,0.0231963,0.0231857,,best_validation_checkpoint_1.bin
1051,808,accepted,1,4.32636e-07,3.4611e-10,2.27573e-10,2.27573e-10,3.91756e-10,3.91756e-10,1.02957,0.0625141,0.965209,0.0115335,0.0451629,0.0225046,0.0226582,,best_validation_checkpoint_0.bin
1052,809,accepted,1,1.72378e-06,1.73055e-10,2.27467e-10,2.27467e-10,3.91415e-10,3.91415e-10,1.0272,0.0605727,0.964784,0.0114312,0.0450226,0.0225346,0.0224879,,best_validation_checkpoint_1.bin
1053,809,rejected,1,6.75791e-06,1.73055e-09,2.27467e-10,2.27467e-10,3.91415e-10,3.91415e-10,0.972907,0.0586944,0.912387,0.0107226,0.0225085,0.0225082,0,,
1054,810,accepted,0,6.75791e-06,8.65275e-10,2.27179e-10,2.27179e-10,3.91096e-10,3.91096e-10,0,0,0,0.0116993,0.0452037,0.0226755,0.0225281,,best_validation_checkpoint_0.bin
1055,811,accepted,1,2.6482e-07,4.32638e-10,2.27058e-10,2.27058e-10,3.90881e-10,3.90881e-10,1.02438,0.0610977,0.961388,0.0117177,0.0458357,0.0230965,0.0227392,,best_validation_checkpoint_1.bin
1056,812,accepted,1,1.09703e-06,2.16319e-10,2.26892e-10,2.26892e-10,3.90524e-10,3.90524e-10,0.979601,0.0584336,0.91926,0.0114997,0.0454255,0.0229264,0.0224991,,best_validation_checkpoint_0.bin
1057,812,rejected,1,4.34861e-06,2.16319e-09,2.26892e-10,2.26892e-10,3.90524e-10,3.90524e-10,1.03017,0.0579883,0.970362,0.0107561,0.0224021,0.0224019,0,,
1058,813,accepted,0,4.34861e-06,1.08159e-09,2.2675e-10,2.2675e-10,3.90358e-10,3.90358e-10,0,0,0,0.0111821,0.0450941,0.0226218,0.0224722,,best_validation_checkpoint_1.bin
1059,814,accepted,1,1.70551e-07,5.40797e-10,2.26652e-10,2.26652e-10,3.90184e-10,3.90184e-10,1.03498,0.0588295,0.974391,0.0106419,0.0452,0.0224739,0.0227261,,best_validation_checkpoint_0.bin
1060,815,accepted,1,7.03513e-07,2.70399e-10,2.26486e-10,2.26486e-10,3.89866e-10,3.89866e-10,1.04512,0.0569469,0.985811,0.0096626,0.0458241,0.0225644,0.0232596,,best_validation_checkpoint_1.bin
1061,815,rejected,1,2.79467e-06,2.70399e-09,2.26486e-10,2.26486e-10,3.89866e-10,3.89866e-10,1.05261,0.0601015,0.990721,0.0107669,0.0224235,0.0224232,0,,
1062,816,accepted,0,2.79467e-06,1.35199e-09,2.26408e-10,2.26408e-10,3.89769e-10,3.89769e-10,0,0,0,0.0105777,0.0450718,0.0227207,0.0223509,,best_validation_checkpoint_0.bin
1063,817,accepted,1,1.09605e-07,6.75996e-10,2.26329e-10,2.26329e-10,3.8963e-10,3.8963e-10,1.0316,0.0594235,0.970494,0.0117648,0.0449415,0.0226111,0.0223304,,best_validation_checkpoint_1.bin
1064,818,accepted,1,4.50219e-07,3.37998e-10,2.26183e-10,2.26183e-10,3.89362e-10,3.89362e-10,1.05156,0.0588756,0.991014,0.0102302,0.0452533,0.0226477,0.0226054,,best_validation_checkpoint_0.bin
1065,819,accepted,1,1.79191e-06,1.68999e-10,2.26081e-10,2.26081e-10,3.89014e-10,3.89014e-10,1.03599,0.0582901,0.975758,0.0104447,0.0452705,0.0226813,0.0225891,,best_validation_checkpoint_1.bin
1066,819,rejected,1,7.01292e-06,1.68999e-09,2.26081e-10,2.26081e-10,3.89014e-10,3.89014e-10,1.01917,0.0580344,0.959423,0.0102215,0.02237,0.0223696,0,,
1067,820,accepted,0,7.01292e-06,8.44995e-10,2.25786e-10,2.25786e-10,3.88697e-10,3.88697e-10,0,0,0,0.0106096,0.045005,0.0225135,0.0224914,,best_validation_checkpoint_0.bin
1068,821,accepted,1,2.74103e-07,4.22498e-10,2.25664e-10,2.25664e-10,3.88479e-10,3.88479e-10,1.02362,0.057705,0.964179,0.0106644,0.0450316,0.0225562,0.0224754,,best_validation_checkpoint_1.bin
1069,822,accepted,1,1.13675e-06,2.11249e-10,2.25498e-10,2.25498e-10,3.88115e-10,3.88115e-10,1.06026,0.0574463,1.00104,0.0106604,0.0452235,0.0226309,0.0225925,,best_validation_checkpoint_0.bin
1070,822,rejected,1,4.49924e-06,2.11249e-09,2.25498e-10,2.25498e-10,3.88115e-10,3.88115e-10,1.03174,0.0569297,0.972979,0.0115463,0.0226572,0.022657,0,,
1071,823,accepted,0,4.49924e-06,1.05624e-09,2.25354e-10,2.25354e-10,3.87952e-10,3.87952e-10,0,0,0,0.0111216,0.0448576,0.0225304,0.0223271,,best_validation_checkpoint_1.bin
1072,824,accepted,1,1.76082e-07,5.28122e-10,2.25254e-10,2.25254e-10,3.87776e-10,3.87776e-10,1.0265,0.0576649,0.967034,0.0105892,0.0452036,0.022632,0.0225716,,best_validation_checkpoint_0.bin
1073,825,accepted,1,7.27137e-07,2.64061e-10,2.25088e-10,2.25088e-10,3.87452e-10,3.87452e-10,1.03809,0.0567281,0.979294,0.0110735,0.0451874,0.0225463,0.022641,,best_validation_checkpoint_1.bin
1074,825,rejected,1,2.88489e-06,2.64061e-09,2.25088e-10,2.25088e-10,3.87452e-10,3.87452e-10,0.997929,0.0578857,0.93829,0.0116176,0.0225793,0.022579,0,,
1075,826,accepted,0,2.88489e-06,1.32031e-09,2.25009e-10,2.25009e-10,3.87357e-10,3.87357e-10,0,0,0,0.010836,0.0456962,0.0230577,0.0226384,,best_validation_checkpoint_0.bin
1076,827,accepted,1,1.12933e-07,6.60153e-10,2.24929e-10,2.24929e-10,3.87217e-10,3.87217e-10,1.04022,0.0635121,0.974979,0.0106746,0.0452104,0.0226974,0.0225129,,best_validation_checkpoint_1.bin
1077,828,accepted,1,4.6443e-07,3.30076e-10,2.24782e-10,2.24782e-10,3.86945e-10,3.86945e-10,0.993856,0.061502,0.929465,0.0106584,0.0475587,0.0239852,0.0235735,,best_validation_checkpoint_0.bin
1078,829,accepted,1,1.84668e-06,1.65038e-10,2.24682e-10,2.24682e-10,3.86587e-10,3.86587e-10,1.11937,0.0692421,1.04821,0.0114675,0.0459164,0.0224379,0.0234784,,best_validation_checkpoint_1.bin
1079,829,rejected,1,7.21624e-06,1.65038e-09,2.24682e-10,2.24682e-10,3.86587e-10,3.86587e-10,1.05456,0.0607296,0.992083,0.010319,0.0228958,0.0228956,0,,
1080,830,accepted,0,7.21624e-06,8.25191e-10,2.24382e-10,2.24382e-10,3.86275e-10,3.86275e-10,0,0,0,0.0116249,0.0461333,0.02337,0.0227631,,best_validation_checkpoint_0.bin
1081,831,accepted,1,2.81403e-07,4.12595e-10,2.24259e-10,2.24259e-10,3.86054e-10,3.86054e-10,1.04923,0.0609604,0.986468,0.0098478,0.0450601,0.0224033,0.0226568,,best_validation_checkpoint_1.bin
1082,832,accepted,1,1.16877e-06,2.06298e-10,2.24093e-10,2.24093e-10,3.85683e-10,3.85683e-10,1.04428,0.0621304,0.980294,0.0107206,0.049335,0.0258192,0.0235157,,best_validation_checkpoint_0.bin
1083,832,rejected,1,4.61977e-06,2.06298e-09,2.24093e-10,2.24093e-10,3.85683e-10,3.85683e-10,1.07806,0.0648941,1.01142,0.0110318,0.0224757,0.0224754,0,,
1084,833,accepted,0,4.61977e-06,1.03149e-09,2.23946e-10,2.23946e-10,3.85524e-10,3.85524e-10,0,0,0,0.0111979,0.0467143,0.023945,0.0227691,,best_validation_checkpoint_1.bin
1085,834,accepted,1,1.8043e-07,5.15744e-10,2.23846e-10,2.23846e-10,3.85346e-10,3.85346e-10,1.00659,0.0612609,0.943463,0.0109197,0.044988,0.0224521,0.0225358,,best_validation_checkpoint_0.bin
1086,835,accepted,1,7.46208e-07,2.57872e-10,2.23678e-10,2.23678e-10,3.85017e-10,3.85017e-10,1.04358,0.0607729,0.980763,0.0107758,0.0452123,0.0227057,0.0225065,,best_validation_checkpoint_1.bin
1087,835,rejected,1,2.95737e-06,2.57872e-09,2.23678e-10,2.23678e-10,3.85017e-10,3.85017e-10,0.988426,0.0612909,0.925279,0.011315,0.0229143,0.0229141,0,,
1088,836,accepted,0,2.95737e-06,1.28936e-09,2.23599e-10,2.23599e-10,3.84925e-10,3.84925e-10,0,0,0,0.0116255,0.045443,0.0228552,0.0225877,,best_validation_checkpoint_0.bin
1089,837,accepted,1,1.15546e-07,6.4468e-10,2.23518e-10,2.23518e-10,3.84783e-10,3.84783e-10,1.00872,0.058962,0.947981,0.0107714,0.0447002,0.0223973,0.0223029,,best_validation_checkpoint_1.bin
1090,838,accepted,1,4.75867e-07,3.2234e-10,2.2337e-10,2.2337e-10,3.84507e-10,3.84507e-10,0.987031,0.0571472,0.92821,0.010179,0.0453142,0.0227085,0.0226056,,best_validation_checkpoint_0.bin
1091,839,accepted,1,1.89066e-06,1.6117e-10,2.23273e-10,2.23273e-10,3.8414e-10,3.8414e-10,1.0105,0.0579711,0.950746,0.0108288,0.0453949,0.0227101,0.0226847,,best_validation_checkpoint_1.bin
1092,839,rejected,1,7.37918e-06,1.6117e-09,2.23273e-10,2.23273e-10,3.8414e-10,3.8414e-10,1.01893,0.057182,0.959848,0.0106848,0.0224966,0.0224962,0,,
1093,840,accepted,0,7.37918e-06,8.0585e-10,2.22967e-10,2.22967e-10,3.83835e-10,3.83835e-10,0,0,0,0.0115664,0.0449005,0.0224543,0.0224462,,best_validation_checkpoint_0.bin
1094,841,accepted,1,2.87206e-07,4.02925e-10,2.22843e-10,2.22843e-10,3.83611e-10,3.83611e-10,1.01723,0.0586475,0.956638,0.0106097,0.0452329,0.0224257,0.0228071,,best_validation_checkpoint_1.bin
1095,842,accepted,1,1.1948e-06,2.01463e-10,2.22677e-10,2.22677e-10,3.83232e-10,3.83232e-10,0.991522,0.0577257,0.931952,0.0107736,0.045268,0.0224934,0.0227746,,best_validation_checkpoint_0.bin
1096,842,rejected,1,4.71783e-06,2.01463e-09,2.22677e-10,2.22677e-10,3.83232e-10,3.83232e-10,1.03092,0.057194,0.971923,0.0103571,0.0223718,0.0223717,0,,
1097,843,accepted,0,4.71783e-06,1.00731e-09,2.22528e-10,2.22528e-10,3.83079e-10,3.83079e-10,0,0,0,0.0115429,0.045211,0.0227711,0.0224399,,best_validation_checkpoint_1.bin
1098,844,accepted,1,1.8392e-07,5.03656e-10,2.22427e-10,2.22427e-10,3.82899e-10,3.82899e-10,0.994839,0.0569336,0.936257,0.0103011,0.0451476,0.0226075,0.0225399,,best_validation_checkpoint_0.bin
1099,845,accepted,1,7.61889e-07,2.51828e-10,2.22259e-10,2.22259e-10,3.82563e-10,3.82563e-10,1.03402,0.0567349,0.975398,0.0113205,0.0455557,0.022698,0.0228576,,best_validation_checkpoint_1.bin
1100,845,rejected,1,3.01727e-06,2.51828e-09,2.22259e-10,2.22259e-10,3.82563e-10,3.82563e-10,1.05723,0.0587945,0.99671,0.0100108,0.0223478,0.0223477,0,,
1101,846,accepted,0,3.01727e-06,1.25914e-09,2.22178e-10,2.22178e-10,3.82476e-10,3.82476e-10,0,0,0,0.0121063,0.0451404,0.0226123,0.022528,,best_validation_checkpoint_0.bin
1102,847,accepted,1,1.17672e-07,6.29571e-10,2.22097e-10,2.22097e-10,3.82332e-10,3.82332e-10,0.99425,0.0577736,0.93463,0.0106995,0.0452157,0.0226563,0.0225594,,best_validation_checkpoint_1.bin
1103,848,accepted,1,4.85405e-07,3.14785e-10,2.21948e-10,2.21948e-10,3.82052e-10,3.82052e-10,0.996286,0.0581604,0.936265,0.0103807,0.0450952,0.0224911,0.022604,,best_validation_checkpoint_0.bin
1104,849,accepted,1,1.92753e-06,1.57393e-10,2.21856e-10,2.21856e-10,3.81676e-10,3.81676e-10,0.989389,0.0572629,0.930119,0.0109277,0.0454787,0.0223672,0.0231115,,best_validation_checkpoint_1.bin
1105,849,rejected,1,7.51691e-06,1.57393e-09,2.21856e-10,2.21856e-10,3.81676e-10,3.81676e-10,1.0114,0.0582869,0.951225,0.0107926,0.0227323,0.0227321,0,,
1106,850,accepted,0,7.51691e-06,7.86963e-10,2.21541e-10,2.21541e-10,3.81379e-10,3.81379e-10,0,0,0,0.0110782,0.0452841,0.0225451,0.022739,,best_validation_checkpoint_0.bin
1107,851,accepted,1,2.92061e-07,3.93482e-10,2.21417e-10,2.21417e-10,3.81152e-10,3.81152e-10,1.0037,0.0596121,0.942267,0.0110318,0.0449998,0.0225437,0.0224561,,best_validation_checkpoint_1.bin
1108,852,accepted,1,1.21727e-06,1.96741e-10,2.21252e-10,2.21252e-10,3.80766e-10,3.80766e-10,0.981989,0.0570313,0.923228,0.0101157,0.0451955,0.0227959,0.0223995,,best_validation_checkpoint_0.bin
1109,852,rejected,1,4.80238e-06,1.96741e-09,2.21252e-10,2.21252e-10,3.80766e-10,3.80766e-10,1.00757,0.0569773,0.948776,0.0106213,0.0224493,0.0224491,0,,
1110,853,accepted,0,4.80238e-06,9.83704e-10,2.21099e-10,2.21099e-10,3.8062e-10,3.8062e-10,0,0,0,0.0113149,0.0450038,0.0224975,0.0225062,,best_validation_checkpoint_1.bin
1111,854,accepted,1,1.8693e-07,4.91852e-10,2.20998e-10,2.20998e-10,3.80438e-10,3.80438e-10,1.04341,0.0587817,0.982761,0.0108405,0.0450973,0.0224273,0.02267,,best_validation_checkpoint_0.bin
1112,855,accepted,1,7.75726e-07,2.45926e-10,2.2083e-10,2.2083e-10,3.80097e-10,3.80097e-10,0.978695,0.058229,0.918731,0.0107984,0.045784,0.0232796,0.0225043,,best_validation_checkpoint_1.bin
1113,855,rejected,1,3.06981e-06,2.45926e-09,2.2083e-10,2.2083e-10,3.80097e-10,3.80097e-10,0.968345,0.0582495,0.90835,0.0105852,0.0226694,0.0226691,0,,
1114,856,accepted,0,3.06981e-06,1.22963e-09,2.20747e-10,2.20747e-10,3.80015e-10,3.80015e-10,0,0,0,0.0105992,0.0452276,0.022695,0.0225325,,best_validation_checkpoint_0.bin
1115,857,accepted,1,1.19554e-07,6.14815e-10,2.20665e-10,2.20665e-10,3.79869e-10,3.79869e-10,1.00581,0.0568684,0.947183,0.0105276,0.0452203,0.0226805,0.0225397,,best_validation_checkpoint_1.bin
1116,858,accepted,1,4.94011e-07,3.07408e-10,2.20516e-10,2.20516e-10,3.79585e-10,3.79585e-10,1.02731,0.0574491,0.967542,0.0106991,0.0448349,0.0224145,0.0224203,,best_validation_checkpoint_0.bin
1117,859,accepted,1,1.96097e-06,1.53704e-10,2.20432e-10,2.20432e-10,3.79204e-10,3.79204e-10,1.00259,0.0587024,0.942177,0.0105152,0.044736,0.0223671,0.0223687,,best_validation_checkpoint_1.bin
1118,859,rejected,1,7.64265e-06,1.53704e-09,2.20432e-10,2.20432e-10,3.79204e-10,3.79204e-10,0.982145,0.059307,0.920971,0.0111105,0.0224853,0.0224851,0,,
1119,860,accepted,0,7.64265e-06,7.68519e-10,2.20106e-10,2.20106e-10,3.78913e-10,3.78913e-10,0,0,0,0.0107604,0.045168,0.0226267,0.0225412,,best_validation_checkpoint_0.bin
1120,861,accepted,1,2.9665e-07,3.84259e-10,2.19981e-10,2.19981e-10,3.78684e-10,3.78684e-10,0.966047,0.0588261,0.90508,0.0119133,0.0445185,0.0225739,0.0219446,,best_validation_checkpoint_1.bin
1121,862,accepted,1,1.23853e-06,1.9213e-10,2.19819e-10,2.19819e-10,3.78291e-10,3.78291e-10,1.00486,0.069423,0.933522,0.0114118,0.0455112,0.0225113,0.0229998,,best_validation_checkpoint_0.bin
1122,862,rejected,1,4.88332e-06,1.9213e-09,2.19819e-10,2.19819e-10,3.78291e-10,3.78291e-10,0.972928,0.0612492,0.90981,0.0109137,0.0226558,0.0226555,0,,
1123,863,accepted,0,4.88332e-06,9.60649e-10,2.19661e-10,2.19661e-10,3.78152e-10,3.78152e-10,0,0,0,0.0117148,0.0455945,0.0230275,0.0225669,,best_validation_checkpoint_1.bin
1124,864,accepted,1,1.89846e-07,4.80324e-10,2.19559e-10,2.19559e-10,3.77968e-10,3.77968e-10,1.0458,0.0635878,0.980412,0.0102413,0.045575,0.0229011,0.0226739,,best_validation_checkpoint_0.bin
1125,865,accepted,1,7.89219e-07,2.40162e-10,2.19391e-10,2.19391e-10,3.77622e-10,3.77622e-10,1.07657,0.0623624,1.01223,0.0113983,0.0456118,0.0227553,0.0228563,,best_validation_checkpoint_1.bin
1126,865,rejected,1,3.12162e-06,2.40162e-09,2.19391e-10,2.19391e-10,3.77622e-10,3.77622e-10,0.976124,0.0622418,0.911935,0.0116563,0.022714,0.0227137,0,,
1127,866,accepted,0,3.12162e-06,1.20081e-09,2.19306e-10,2.19306e-10,3.77546e-10,3.77546e-10,0,0,0,0.0112934,0.0457773,0.0231452,0.0226321,,best_validation_checkpoint_0.bin
1128,867,accepted,1,1.21412e-07,6.00405e-10,2.19224e-10,2.19224e-10,3.774e-10,3.774e-10,0.980685,0.061896,0.916848,0.0122162,0.0454627,0.0226389,0.0228238,,best_validation_checkpoint_1.bin
1129,868,accepted,1,5.02555e-07,3.00203e-10,2.19074e-10,2.19074e-10,3.77112e-10,3.77112e-10,1.06805,0.062684,1.00333,0.0126637,0.0468806,0.0235942,0.0232864,,best_validation_checkpoint_0.bin
1130,869,accepted,1,1.99403e-06,1.50101e-10,2.19004e-10,2.19004e-10,3.76729e-10,3.76729e-10,1.02447,0.0609326,0.961481,0.0122289,0.0501972,0.0271073,0.0230899,,best_validation_checkpoint_1.bin
1131,869,rejected,1,7.76948e-06,1.50101e-09,2.19004e-10,2.19004e-10,3.76729e-10,3.76729e-10,1.04783,0.0638819,0.98202,0.0120733,0.0231574,0.0231572,0,,
1132,870,accepted,0,7.76948e-06,7.50507e-10,2.1866e-10,2.1866e-10,3.76443e-10,3.76443e-10,0,0,0,0.0125155,0.0455398,0.022515,0.0230247,,best_validation_checkpoint_0.bin
1133,871,accepted,1,3.01474e-07,3.75253e-10,2.18535e-10,2.18535e-10,3.7621e-10,3.7621e-10,1.03618,0.0626112,0.971577,0.0116421,0.0456305,0.0225399,0.0230906,,best_validation_checkpoint_1.bin
1134,872,accepted,1,1.26042e-06,1.87627e-10,2.18378e-10,2.18378e-10,3.75814e-10,3.75814e-10,1.01831,0.0621659,0.954183,0.0121809,0.0455408,0.0228514,0.0226893,,best_validation_checkpoint_0.bin
1135,872,rejected,1,4.9672e-06,1.87627e-09,2.18378e-10,2.18378e-10,3.75814e-10,3.75814e-10,1.00312,0.0605759,0.940598,0.012579,0.0226689,0.0226687,0,,
1136,873,accepted,0,4.9672e-06,9.38133e-10,2.18212e-10,2.18212e-10,3.75682e-10,3.75682e-10,0,0,0,0.0124932,0.0463821,0.0236164,0.0227656,,best_validation_checkpoint_1.bin
1137,874,accepted,1,1.92967e-07,4.69067e-10,2.1811e-10,2.1811e-10,3.75496e-10,3.75496e-10,1.00239,0.0617452,0.938713,0.0120848,0.0453542,0.0226989,0.0226553,,best_validation_checkpoint_0.bin
1138,875,accepted,1,8.0341e-07,2.34533e-10,2.17944e-10,2.17944e-10,3.75146e-10,3.75146e-10,1.04395,0.0615671,0.980356,0.0123549,0.0458621,0.022988,0.022874,,best_validation_checkpoint_1.bin
1139,875,rejected,1,3.17638e-06,2.34533e-09,2.17944e-10,2.17944e-10,3.75146e-10,3.75146e-10,1.04105,0.0602691,0.978476,0.0115059,0.0226759,0.0226758,0,,
1140,876,accepted,0,3.17638e-06,1.17267e-09,2.17855e-10,2.17855e-10,3.75076e-10,3.75076e-10,0,0,0,0.0110174,0.0454126,0.022846,0.0225665,,best_validation_checkpoint_0.bin
1141,877,accepted,1,1.23424e-07,5.86333e-10,2.17772e-10,2.17772e-10,3.74928e-10,3.74928e-10,1.01441,0.0613247,0.951218,0.0111219,0.045294,0.0227573,0.0225367,,best_validation_checkpoint_1.bin
1142,878,accepted,1,5.11688e-07,2.93167e-10,2.17623e-10,2.17623e-10,3.74637e-10,3.74637e-10,0.977546,0.0579252,0.917642,0.012394,0.04597,0.0227584,0.0232116,,best_validation_checkpoint_0.bin
1143,879,accepted,1,2.02996e-06,1.46583e-10,2.17574e-10,2.17574e-10,3.74259e-10,3.74259e-10,0.959925,0.0581068,0.899923,0.0123589,0.0449908,0.0224663,0.0225243,,best_validation_checkpoint_1.bin
1144,879,rejected,1,7.90772e-06,1.46583e-09,2.17574e-10,2.17574e-10,3.74259e-10,3.74259e-10,1.00366,0.0589077,0.942969,0.0111863,0.0224728,0.0224725,0,,
1145,880,accepted,0,7.90772e-06,7.32917e-10,2.17205e-10,2.17205e-10,3.73973e-10,3.73973e-10,0,0,0,0.0106186,0.0453422,0.022912,0.02243,,best_validation_checkpoint_0.bin
1146,881,accepted,1,3.06886e-07,3.66458e-10,2.17079e-10,2.17079e-10,3.73739e-10,3.73739e-10,1.03583,0.05835,0.975421,0.0108354,0.0464424,0.023186,0.0232564,,best_validation_checkpoint_1.bin
1147,882,accepted,1,1.28447e-06,1.83229e-10,2.1693e-10,2.1693e-10,3.73341e-10,3.73341e-10,1.01973,0.0589902,0.958941,0.0106547,0.0452038,0.0226415,0.0225621,,best_validation_checkpoint_0.bin
1148,882,rejected,1,5.05918e-06,1.83229e-09,2.1693e-10,2.1693e-10,3.73341e-10,3.73341e-10,1.01211,0.0586859,0.951559,0.0102307,0.022454,0.0224539,0,,
1149,883,accepted,0,5.05918e-06,9.16146e-10,2.16754e-10,2.16754e-10,3.73215e-10,3.73215e-10,0,0,0,0.0106035,0.045173,0.0225678,0.0226052,,best_validation_checkpoint_1.bin
1150,884,accepted,1,1.96525e-07,4.58073e-10,2.16651e-10,2.16651e-10,3.73028e-10,3.73028e-10,0.99567,0.060775,0.933151,0.0114843,0.0453915,0.0224437,0.0229476,,best_validation_checkpoint_0.bin
1151,885,accepted,1,8.1907e-07,2.29036e-10,2.16487e-10,2.16487e-10,3.72675e-10,3.72675e-10,0.995288,0.0677688,0.925701,0.0098236,0.0451818,0.0225289,0.0226529,,best_validation_checkpoint_1.bin
1152,885,rejected,1,3.23704e-06,2.29036e-09,2.16487e-10,2.16487e-10,3.72675e-10,3.72675e-10,1.01977,0.0584781,0.959535,0.0104506,0.0231094,0.0231092,0,,
1153,886,accepted,0,3.23704e-06,1.14518e-09,2.16394e-10,2.16394e-10,3.72611e-10,3.72611e-10,0,0,0,0.0119353,0.044969,0.0225668,0.0224021,,best_validation_checkpoint_0.bin
1154,887,accepted,1,1.25725e-07,5.72591e-10,2.16311e-10,2.16311e-10,3.72463e-10,3.72463e-10,1.01459,0.0599084,0.952851,0.0119613,0.0452897,0.0225688,0.0227208,,best_validation_checkpoint_1.bin
1155,888,accepted,1,5.21829e-07,2.86296e-10,2.16162e-10,2.16162e-10,3.7217e-10,3.7217e-10,0.987233,0.058883,0.926383,0.0118292,0.0439851,0.0224526,0.0215325,,best_validation_checkpoint_0.bin
1156,889,accepted,1,2.06969e-06,1.43148e-10,2.16141e-10,2.16141e-10,3.71802e-10,3.71802e-10,1.05084,0.0642169,0.984657,0.0103619,0.0451708,0.022578,0.0225927,,best_validation_checkpoint_1.bin
1157,889,rejected,1,8.06277e-06,1.43148e-09,2.16141e-10,2.16141e-10,3.71802e-10,3.71802e-10,0.992038,0.0625757,0.927539,0.0121583,0.0230695,0.0230693,0,,
1158,890,accepted,0,8.06277e-06,7.15739e-10,2.15739e-10,2.15739e-10,3.71513e-10,3.71513e-10,0,0,0,0.0125803,0.0453383,0.0226496,0.0226886,,best_validation_checkpoint_0.bin
1159,891,accepted,1,3.13145e-07,3.57869e-10,2.15613e-10,2.15613e-10,3.71277e-10,3.71277e-10,0.993907,0.0607361,0.931329,0.0109429,0.0453825,0.0228105,0.022572,,best_validation_checkpoint_1.bin
1160,892,accepted,1,1.31109e-06,1.78935e-10,2.15476e-10,2.15476e-10,3.7088e-10,3.7088e-10,0.943173,0.0619713,0.879327,0.0111094,0.0453388,0.0227339,0.0226049,,best_validation_checkpoint_0.bin
1161,892,rejected,1,5.16289e-06,1.78935e-09,2.15476e-10,2.15476e-10,3.7088e-10,3.7088e-10,0.976333,0.0592105,0.915385,0.0112877,0.0226972,0.022697,0,,
1162,893,accepted,0,5.16289e-06,8.94674e-10,2.15285e-10,2.15285e-10,3.70759e-10,3.70759e-10,0,0,0,0.0108526,0.045536,0.0230016,0.0225343,,best_validation_checkpoint_1.bin
1163,894,accepted,1,2.00548e-07,4.47337e-10,2.15181e-10,2.15181e-10,3.70571e-10,3.70571e-10,1.02524,0.0593597,0.964045,0.0118443,0.0452148,0.0226915,0.0225233,,best_validation_checkpoint_0.bin
1164,895,accepted,1,8.36478e-07,2.23668e-10,2.15022e-10,2.15022e-10,3.70217e-10,3.70217e-10,0.99133,0.0600902,0.929394,0.011192,0.0449248,0.0224947,0.0224301,,best_validation_checkpoint_1.bin
1165,895,rejected,1,3.30498e-06,2.23668e-09,2.15022e-10,2.15022e-10,3.70217e-10,3.70217e-10,1.04712,0.0628993,0.982263,0.0112411,0.0235004,0.0235002,0,,
1166,896,accepted,0,3.30498e-06,1.11834e-09,2.14923e-10,2.14923e-10,3.7016e-10,3.7016e-10,0,0,0,0.0122554,0.0472765,0.0236805,0.0235959,,best_validation_checkpoint_0.bin
1167,897,accepted,1,1.28321e-07,5.59171e-10,2.14839e-10,2.14839e-10,3.70011e-10,3.70011e-10,1.02368,0.0600722,0.961555,0.0127097,0.0449984,0.0224277,0.0225706,,best_validation_checkpoint_1.bin
1168,898,accepted,1,5.33104e-07,2.79586e-10,2.14691e-10,2.14691e-10,3.69716e-10,3.69716e-10,1.0467,0.0618922,0.982885,0.0115196,0.0450504,0.0226567,0.0223937,,best_validation_checkpoint_0.bin
1169,898,rejected,1,2.11358e-06,2.79586e-09,2.14691e-10,2.14691e-10,3.69716e-10,3.69716e-10,1.04762,0.0613287,0.984344,0.0107499,0.0225632,0.022563,0,,
1170,899,accepted,0,2.11358e-06,1.39793e-09,2.14634e-10,2.14634e-10,3.69683e-10,3.69683e-10,0,0,0,0.0120193,0.0455229,0.022895,0.0226278,,best_validation_checkpoint_1.bin
1171,900,accepted,1,8.21023e-08,6.98964e-10,2.14566e-10,2.14566e-10,3.69566e-10,3.69566e-10,1.00534,0.0613948,0.941847,0.0148026,0.0458714,0.0230672,0.022804,,best_validation_checkpoint_0.bin
1172,901,accepted,1,3.39767e-07,3.49482e-10,2.1444e-10,2.1444e-10,3.69327e-10,3.69327e-10,1.22478,0.0718279,1.15092,0.0119708,0.0457997,0.0228743,0.0229253,,best_validation_checkpoint_1.bin
1173,902,accepted,1,1.35153e-06,1.74741e-10,2.14316e-10,2.14316e-10,3.68933e-10,3.68933e-10,1.03683,0.0599756,0.974769,0.0117441,0.0475889,0.0244029,0.0231855,,best_validation_checkpoint_0.bin
1174,902,rejected,1,5.28752e-06,1.74741e-09,2.14316e-10,2.14316e-10,3.68933e-10,3.68933e-10,0.969779,0.0629881,0.904596,0.011539,0.0240858,0.0240858,0,,
1175,903,accepted,0,5.28752e-06,8.73705e-10,2.14107e-10,2.14107e-10,3.68813e-10,3.68813e-10,0,0,0,0.0120125,0.0462203,0.0234787,0.0227416,,best_validation_checkpoint_1.bin
1176,904,accepted,1,2.05159e-07,4.36852e-10,2.14003e-10,2.14003e-10,3.68625e-10,3.68625e-10,1.08663,0.0714904,1.01305,0.0118103,0.045386,0.0234114,0.0219746,,best_validation_checkpoint_0.bin
1177,905,accepted,1,8.56021e-07,2.18426e-10,2.13848e-10,2.13848e-10,3.68269e-10,3.68269e-10,1.0385,0.0620001,0.974321,0.0116664,0.0463371,0.0231087,0.0232284,,best_validation_checkpoint_1.bin
1178,905,rejected,1,3.38493e-06,2.18426e-09,2.13848e-10,2.13848e-10,3.68269e-10,3.68269e-10,1.0995,0.0633078,1.03403,0.0114573,0.023717,0.0237168,0,,
1179,906,accepted,0,3.38493e-06,1.09213e-09,2.13741e-10,2.13741e-10,3.68217e-10,3.68217e-10,0,0,0,0.0113427,0.0450775,0.022535,0.0225424,,best_validation_checkpoint_0.bin
1180,907,accepted,1,1.31404e-07,5.46065e-10,2.13657e-10,2.13657e-10,3.68068e-10,3.68068e-10,1.08959,0.0658496,1.02198,0.0102542,0.0448283,0.022598,0.0222302,,best_validation_checkpoint_1.bin
1181,908,accepted,1,5.46481e-07,2.73033e-10,2.1351e-10,2.1351e-10,3.67771e-10,3.67771e-10,1.01642,0.0591827,0.955335,0.0102705,0.0452895,0.0228034,0.0224861,,best_validation_checkpoint_0.bin
1182,908,rejected,1,2.16769e-06,2.73033e-09,2.1351e-10,2.1351e-10,3.67771e-10,3.67771e-10,1.33592,0.0974644,1.23558,0.0400331,0.0360547,0.0360543,0,,
1183,909,accepted,0,2.16769e-06,1.36516e-09,2.13449e-10,2.13449e-10,3.67742e-10,3.67742e-10,0,0,0,0.04803,0.061924,0.0377648,0.0241591,,best_validation_checkpoint_1.bin
1184,910,accepted,1,8.41628e-08,6.82582e-10,2.13381e-10,2.13381e-10,3.67625e-10,3.67625e-10,1.16619,0.0807562,1.08158,0.0853622,0.066532,0.0392858,0.0272462,,best_validation_checkpoint_0.bin
1185,911,accepted,1,3.48651e-07,3.41291e-10,2.13254e-10,2.13254e-10,3.67385e-10,3.67385e-10,1.22403,0.0775989,1.14426,0.013563,0.0464084,0.0234644,0.022944,,best_validation_checkpoint_1.bin
1186,912,accepted,1,1.38716e-06,1.70645e-10,2.13146e-10,2.13146e-10,3.66998e-10,3.66998e-10,1.16783,0.0756144,1.08831,0.0698708,0.0523616,0.026026,0.0263355,,best_validation_checkpoint_0.bin
1187,912,rejected,1,5.42935e-06,1.70645e-09,2.13146e-10,2.13146e-10,3.66998e-10,3.66998e-10,1.34435,0.0978118,1.24385,0.0235126,0.0311761,0.0311758,0,,
1188,913,accepted,0,5.42935e-06,8.53227e-10,2.12917e-10,2.12917e-10,3.66877e-10,3.66877e-10,0,0,0,0.0543532,0.0628246,0.0373414,0.0254831,,best_validation_checkpoint_1.bin
1189,914,accepted,1,2.10763e-07,4.26614e-10,2.12812e-10,2.12812e-10,3.66688e-10,3.66688e-10,1.14634,0.0803906,1.06388,0.0118459,0.0463627,0.0234973,0.0228654,,best_validation_checkpoint_0.bin
1190,915,accepted,1,8.79686e-07,2.13307e-10,2.12662e-10,2.12662e-10,3.66332e-10,3.66332e-10,1.06417,0.0646676,0.997607,0.0110445,0.0454899,0.0230239,0.0224658,,best_validation_checkpoint_1.bin
1191,915,rejected,1,3.47797e-06,2.13307e-09,2.12662e-10,2.12662e-10,3.66332e-10,3.66332e-10,0.976804,0.0573098,0.917604,0.0113309,0.0227597,0.0227595,0,,
1192,916,accepted,0,3.47797e-06,1.06653e-09,2.12547e-10,2.12547e-10,3.66285e-10,3.66285e-10,0,0,0,0.0111002,0.0451457,0.0226483,0.0224973,,best_validation_checkpoint_0.bin
1193,917,accepted,1,1.35047e-07,5.33267e-10,2.12462e-10,2.12462e-10,3.66135e-10,3.66135e-10,0.976241,0.0581224,0.916297,0.011127,0.0448499,0.0223729,0.022477,,best_validation_checkpoint_1.bin
1194,918,accepted,1,5.61831e-07,2.66634e-10,2.12317e-10,2.12317e-10,3.65837e-10,3.65837e-10,1.01408,0.0599426,0.952351,0.0104735,0.0456069,0.0228503,0.0227566,,best_validation_checkpoint_0.bin
1195,918,rejected,1,2.22798e-06,2.66634e-09,2.12317e-10,2.12317e-10,3.65837e-10,3.65837e-10,1.01455,0.0566383,0.956158,0.0113876,0.0225772,0.0225772,0,,
1196,919,accepted,0,2.22798e-06,1.33317e-09,2.12253e-10,2.12253e-10,3.65814e-10,3.65814e-10,0,0,0,0.0106267,0.0443581,0.0219687,0.0223892,,best_validation_checkpoint_1.bin
1197,920,accepted,1,8.65077e-08,6.66584e-10,2.12184e-10,2.12184e-10,3.65696e-10,3.65696e-10,0.992161,0.0624745,0.927819,0.0118688,0.0458886,0.023255,0.0226336,,best_validation_checkpoint_0.bin
1198,921,accepted,1,3.58534e-07,3.33292e-10,2.12057e-10,2.12057e-10,3.65455e-10,3.65455e-10,1.01412,0.0581872,0.954181,0.0105107,0.0452494,0.0228107,0.0224387,,best_validation_checkpoint_1.bin
1199,922,accepted,1,1.42617e-06,1.66646e-10,2.11966e-10,2.11966e-10,3.65077e-10,3.65077e-10,0.99949,0.0578652,0.939791,0.0108313,0.0453854,0.0225353,0.0228501,,best_validation_checkpoint_0.bin
1200,922,rejected,1,5.58171e-06,1.66646e-09,2.11966e-10,2.11966e-10,3.65077e-10,3.65077e-10,0.96779,0.0592371,0.906788,0.0113149,0.0225696,0.0225694,0,,
1201,923,accepted,0,5.58171e-06,8.3323e-10,2.11715e-10,2.11715e-10,3.64955e-10,3.64955e-10,0,0,0,0.0109257,0.0455626,0.0230892,0.0224732,,best_validation_checkpoint_1.bin
1202,924,accepted,1,2.16885e-07,4.16615e-10,2.1161e-10,2.1161e-10,3.64765e-10,3.64765e-10,0.987377,0.0621657,0.923377,0.010736,0.0454319,0.0226751,0.0227567,,best_validation_checkpoint_0.bin
1203,925,accepted,1,9.04928e-07,2.08307e-10,2.11466e-10,2.11466e-10,3.64411e-10,3.64411e-10,0.931205,0.0597222,0.869702,0.0130348,0.0449972,0.0225047,0.0224923,,best_validation_checkpoint_1.bin
1204,925,rejected,1,3.57669e-06,2.08307e-09,2.11466e-10,2.11466e-10,3.64411e-10,3.64411e-10,0.97941,0.0580415,0.919479,0.0115939,0.0226047,0.0226046,0,,
1205,926,accepted,0,3.57669e-06,1.04154e-09,2.11342e-10,2.11342e-10,3.64368e-10,3.64368e-10,0,0,0,0.0116177,0.0453142,0.0227641,0.02255,,best_validation_checkpoint_0.bin
1206,927,accepted,1,1.38939e-07,5.20769e-10,2.11256e-10,2.11256e-10,3.64219e-10,3.64219e-10,0.999861,0.0596185,0.938385,0.0118931,0.0452312,0.0225408,0.0226904,,best_validation_checkpoint_1.bin
1207,928,accepted,1,5.77998e-07,2.60384e-10,2.11112e-10,2.11112e-10,3.6392e-10,3.6392e-10,0.989632,0.0586788,0.929095,0.0122138,0.0453946,0.0227606,0.0226339,,best_validation_checkpoint_0.bin
1208,928,rejected,1,2.29151e-06,2.60384e-09,2.11112e-10,2.11112e-10,3.6392e-10,3.6392e-10,1.00392,0.0589073,0.942943,0.0109839,0.0230161,0.0230159,0,,
1209,929,accepted,0,2.29151e-06,1.30192e-09,2.11044e-10,2.11044e-10,3.63902e-10,3.63902e-10,0,0,0,0.0119892,0.0470929,0.024042,0.0230509,,best_validation_checkpoint_1.bin
1210,930,accepted,1,8.89826e-08,6.50961e-10,2.10974e-10,2.10974e-10,3.63785e-10,3.63785e-10,1.0139,0.0604272,0.951621,0.0105457,0.0455549,0.0226465,0.0229083,,best_validation_checkpoint_0.bin
1211,931,accepted,1,3.6885e-07,3.2548e-10,2.10848e-10,2.10848e-10,3.63543e-10,3.63543e-10,1.10054,0.0596665,1.03909,0.0114832,0.0449948,0.0224724,0.0225223,,best_validation_checkpoint_1.bin
1212,932,accepted,1,1.46685e-06,1.6274e-10,2.10778e-10,2.10778e-10,3.63176e-10,3.63176e-10,1.03776,0.0575193,0.978337,0.0114285,0.0449444,0.0225381,0.0224062,,best_validation_checkpoint_0.bin
1213,932,rejected,1,5.73887e-06,1.6274e-09,2.10778e-10,2.10778e-10,3.63176e-10,3.63176e-10,1.02428,0.0581305,0.964349,0.011495,0.0229889,0.0229886,0,,
1214,933,accepted,0,5.73887e-06,8.13701e-10,2.10501e-10,2.10501e-10,3.63051e-10,3.63051e-10,0,0,0,0.0113379,0.0457011,0.0229585,0.0227425,,best_validation_checkpoint_1.bin
1215,934,accepted,1,2.2329e-07,4.0685e-10,2.10395e-10,2.10395e-10,3.62861e-10,3.62861e-10,0.979446,0.0579765,0.919801,0.0102705,0.0420631,0.0203868,0.0216763,,best_validation_checkpoint_0.bin
1216,935,accepted,1,9.31135e-07,2.03425e-10,2.10259e-10,2.10259e-10,3.6251e-10,3.6251e-10,1.02951,0.0580471,0.969637,0.0108509,0.0452648,0.0227538,0.0225109,,best_validation_checkpoint_1.bin
1217,935,rejected,1,3.67773e-06,2.03425e-09,2.10259e-10,2.10259e-10,3.6251e-10,3.6251e-10,1.00032,0.0577743,0.940649,0.0114229,0.0228867,0.0228865,0,,
1218,936,accepted,0,3.67773e-06,1.01713e-09,2.10123e-10,2.10123e-10,3.62472e-10,3.62472e-10,0,0,0,0.0115701,0.0454723,0.0229841,0.0224881,,best_validation_checkpoint_0.bin
1219,937,accepted,1,1.42991e-07,5.08563e-10,2.10037e-10,2.10037e-10,3.62323e-10,3.62323e-10,1.05023,0.0585445,0.989828,0.0105403,0.0451607,0.0227019,0.0224587,,best_validation_checkpoint_1.bin
1220,938,accepted,1,5.94683e-07,2.54282e-10,2.09895e-10,2.09895e-10,3.62025e-10,3.62025e-10,0.995001,0.0580758,0.935048,0.0111555,0.0450381,0.0225524,0.0224856,,best_validation_checkpoint_0.bin
1221,938,rejected,1,2.35627e-06,2.54282e-09,2.09895e-10,2.09895e-10,3.62025e-10,3.62025e-10,0.958935,0.057713,0.899445,0.0109662,0.0225398,0.0225395,0,,
1222,939,accepted,0,2.35627e-06,1.27141e-09,2.09823e-10,2.09823e-10,3.62012e-10,3.62012e-10,0,0,0,0.0104747,0.046138,0.0233563,0.0227816,,best_validation_checkpoint_1.bin
1223,940,accepted,1,9.15463e-08,6.35704e-10,2.09753e-10,2.09753e-10,3.61895e-10,3.61895e-10,1.00109,0.0584298,0.940871,0.0122943,0.0448654,0.0223504,0.0225149,,best_validation_checkpoint_0.bin
1224,941,accepted,1,3.79469e-07,3.17852e-10,2.09626e-10,2.09626e-10,3.61654e-10,3.61654e-10,1.01824,0.0577363,0.958613,0.0105743,0.0450293,0.0225998,0.0224293,,best_validation_checkpoint_1.bin
1225,942,accepted,1,1.50849e-06,1.58926e-10,2.0958e-10,2.0958e-10,3.61302e-10,3.61302e-10,0.994659,0.0585129,0.934351,0.0107241,0.0450464,0.0225002,0.0225462,,best_validation_checkpoint_0.bin
1226,942,rejected,1,5.90019e-06,1.58926e-09,2.0958e-10,2.0958e-10,3.61302e-10,3.61302e-10,1.04761,0.0633045,0.981549,0.0136477,0.0273124,0.0273122,0,,
1227,943,accepted,0,5.90019e-06,7.9463e-10,2.09274e-10,2.09274e-10,3.61173e-10,3.61173e-10,0,0,0,0.0112457,0.0519694,0.0284138,0.0235556,,best_validation_checkpoint_1.bin
1228,944,accepted,1,2.29891e-07,3.97315e-10,2.09168e-10,2.09168e-10,3.60983e-10,3.60983e-10,1.15865,0.0714216,1.08393,0.0166165,0.0475562,0.0242394,0.0233166,,best_validation_checkpoint_0.bin
1229,945,accepted,1,9.57807e-07,1.98657e-10,2.0904e-10,2.0904e-10,3.60636e-10,3.60636e-10,1.14939,0.0656864,1.08164,0.0110093,0.045149,0.0224594,0.0226896,,best_validation_checkpoint_1.bin
1230,945,rejected,1,3.7811e-06,1.98657e-09,2.0904e-10,2.0904e-10,3.60636e-10,3.60636e-10,1.05675,0.0617302,0.993013,0.0117431,0.0229997,0.0229994,0,,
1231,946,accepted,0,3.7811e-06,9.93287e-10,2.08893e-10,2.08893e-10,3.60602e-10,3.60602e-10,0,0,0,0.012689,0.0461645,0.0233014,0.0228629,,best_validation_checkpoint_0.bin
1232,947,accepted,1,1.47146e-07,4.96644e-10,2.08806e-10,2.08806e-10,3.60454e-10,3.60454e-10,1.03626,0.0600987,0.974161,0.0108115,0.0451519,0.0225279,0.0226239,,best_validation_checkpoint_1.bin
1233,948,accepted,1,6.11662e-07,2.48322e-10,2.08667e-10,2.08667e-10,3.60157e-10,3.60157e-10,1.02891,0.0580325,0.968856,0.0107017,0.0455145,0.0228448,0.0226696,,best_validation_checkpoint_0.bin
1234,948,rejected,1,2.42251e-06,2.48322e-09,2.08667e-10,2.08667e-10,3.60157e-10,3.60157e-10,1.05483,0.0600373,0.99302,0.0114216,0.0225456,0.0225453,0,,
1235,949,accepted,0,2.42251e-06,1.24161e-09,2.08589e-10,2.08589e-10,3.6015e-10,3.6015e-10,0,0,0,0.0107413,0.0450971,0.0226515,0.0224456,,best_validation_checkpoint_1.bin
1236,950,accepted,1,9.41666e-08,6.20805e-10,2.08519e-10,2.08519e-10,3.60034e-10,3.60034e-10,1.06308,0.0595818,1.00172,0.0112495,0.0451313,0.0224106,0.0227206,,best_validation_checkpoint_0.bin
1237,951,accepted,1,3.90265e-07,3.10402e-10,2.08393e-10,2.08393e-10,3.59793e-10,3.59793e-10,1.04861,0.0578536,0.988924,0.0102953,0.0450531,0.022532,0.0225211,,best_validation_checkpoint_1.bin
1238,952,accepted,1,1.55062e-06,1.55201e-10,2.08373e-10,2.08373e-10,3.59459e-10,3.59459e-10,1.12113,0.0595045,1.05973,0.0115245,0.0458169,0.0229786,0.0228382,,best_validation_checkpoint_0.bin
1239,952,rejected,1,6.06358e-06,1.55201e-09,2.08373e-10,2.08373e-10,3.59459e-10,3.59459e-10,1.02453,0.0602659,0.962279,0.0115786,0.0228919,0.0228918,0,,
1240,953,accepted,0,6.06358e-06,7.76006e-10,2.08036e-10,2.08036e-10,3.59324e-10,3.59324e-10,0,0,0,0.0108357,0.0450324,0.0225469,0.0224855,,best_validation_checkpoint_1.bin
1241,954,accepted,1,2.36677e-07,3.88003e-10,2.07929e-10,2.07929e-10,3.59135e-10,3.59135e-10,1.02974,0.0628098,0.964786,0.0115517,0.045413,0.0226433,0.0227696,,best_validation_checkpoint_0.bin
1242,955,accepted,1,9.84892e-07,1.94001e-10,2.07811e-10,2.07811e-10,3.58795e-10,3.58795e-10,1.02961,0.0581723,0.969598,0.0114678,0.0464611,0.0235864,0.0228746,,best_validation_checkpoint_1.bin
1243,955,rejected,1,3.88568e-06,1.94001e-09,2.07811e-10,2.07811e-10,3.58795e-10,3.58795e-10,1.03884,0.0632885,0.97363,0.0114779,0.0225211,0.0225209,0,,
1244,956,accepted,0,3.88568e-06,9.70007e-10,2.07651e-10,2.07651e-10,3.58765e-10,3.58765e-10,0,0,0,0.0118918,0.0450569,0.0226831,0.0223737,,best_validation_checkpoint_0.bin
1245,957,accepted,1,1.51404e-07,4.85004e-10,2.07563e-10,2.07563e-10,3.58617e-10,3.58617e-10,1.03772,0.0628616,0.973176,0.0098979,0.041758,0.0205216,0.0212363,,best_validation_checkpoint_1.bin
1246,958,accepted,1,6.28916e-07,2.42502e-10,2.07427e-10,2.07427e-10,3.58322e-10,3.58322e-10,1.05416,0.0594014,0.992987,0.0111327,0.0449743,0.0224648,0.0225094,,best_validation_checkpoint_0.bin
1247,958,rejected,1,2.48935e-06,2.42502e-09,2.07427e-10,2.07427e-10,3.58322e-10,3.58322e-10,1.01718,0.0567697,0.958527,0.0108189,0.0223663,0.0223661,0,,
1248,959,accepted,0,2.48935e-06,1.21251e-09,2.07344e-10,2.07344e-10,3.58322e-10,3.58322e-10,0,0,0,0.0102683,0.0454293,0.0229266,0.0225026,,best_validation_checkpoint_1.bin
1249,960,accepted,1,9.68555e-08,6.06254e-10,2.07273e-10,2.07273e-10,3.58207e-10,3.58207e-10,0.99985,0.0583425,0.939673,0.0109525,0.045215,0.0226562,0.0225587,,best_validation_checkpoint_0.bin
1250,961,accepted,1,4.01234e-07,3.03127e-10,2.07147e-10,2.07147e-10,3.57967e-10,3.57967e-10,1.08328,0.0570479,1.0198,0.140418,0.0726277,0.0427486,0.029879,,best_validation_checkpoint_1.bin
1251,961,rejected,1,1.59362e-06,3.03127e-09,2.07147e-10,2.07147e-10,3.57967e-10,3.57967e-10,1.68591,0.0955497,1.58105,0.872952,0.0340015,0.0340013,0,,
1252,962,accepted,0,1.59362e-06,1.51564e-09,2.07099e-10,2.07099e-10,3.5797e-10,3.57967e-10,0,0,0,0.986997,0.0740871,0.0420255,0.0320614,,
1253,963,accepted,1,6.19762e-08,7.57818e-10,2.07042e-10,2.07042e-10,3.5788e-10,3.5788e-10,1.87859,0.0974664,1.77561,0.461204,0.0820896,0.0480402,0.0340493,,best_validation_checkpoint_0.bin
1254,964,accepted,1,2.55963e-07,3.78909e-10,2.06934e-10,2.06934e-10,3.5769e-10,3.5769e-10,1.90773,0.105798,1.79375,0.109353,0.0552438,0.0282466,0.0269971,,best_validation_checkpoint_1.bin
1255,965,accepted,1,1.0198e-06,1.89455e-10,2.06827e-10,2.06827e-10,3.57354e-10,3.57354e-10,1.39443,0.0816985,1.30673,0.238627,0.0562472,0.0272243,0.0290227,,best_validation_checkpoint_0.bin
1256,965,rejected,1,4.00151e-06,1.89455e-09,2.06827e-10,2.06827e-10,3.57354e-10,3.57354e-10,1.02642,0.0625549,0.961979,0.0103983,0.0228435,0.0228433,0,,
1257,966,accepted,0,4.00151e-06,9.47273e-10,2.06652e-10,2.06652e-10,3.57326e-10,3.57326e-10,0,0,0,0.0143713,0.0494767,0.0258283,0.0236483,,best_validation_checkpoint_1.bin
1258,967,accepted,1,1.55928e-07,4.73636e-10,2.06563e-10,2.06563e-10,3.57178e-10,3.57178e-10,1.25807,0.0674457,1.18876,0.0108924,0.0453252,0.0226331,0.0226921,,best_validation_checkpoint_0.bin
1259,968,accepted,1,6.47086e-07,2.36818e-10,2.06431e-10,2.06431e-10,3.56885e-10,3.56885e-10,0.993022,0.0576442,0.933567,0.0101592,0.044904,0.022429,0.0224749,,best_validation_checkpoint_1.bin
1260,968,rejected,1,2.56271e-06,2.36818e-09,2.06431e-10,2.06431e-10,3.56885e-10,3.56885e-10,0.99833,0.0599627,0.936596,0.0110078,0.0223925,0.0223922,0,,
1261,969,accepted,0,2.56271e-06,1.18409e-09,2.06341e-10,2.06341e-10,3.56888e-10,3.56885e-10,0,0,0,0.0124854,0.0452042,0.022732,0.0224721,,
1262,970,accepted,1,9.97763e-08,5.92045e-10,2.06269e-10,2.06269e-10,3.56774e-10,3.56774e-10,1.05484,0.0623054,0.990744,0.0102237,0.0453337,0.0226703,0.0226633,,best_validation_checkpoint_0.bin
1263,971,accepted,1,4.1324e-07,2.96023e-10,2.06144e-10,2.06144e-10,3.56534e-10,3.56534e-10,1.10877,0.0671371,1.03969,0.0110935,0.0478037,0.023085,0.0247186,,best_validation_checkpoint_1.bin
1264,971,rejected,1,1.64158e-06,2.96023e-09,2.06144e-10,2.06144e-10,3.56534e-10,3.56534e-10,1.02925,0.0608031,0.966702,0.0102297,0.0226063,0.022606,0,,
1265,972,accepted,0,1.64158e-06,1.48011e-09,2.06093e-10,2.06093e-10,3.56542e-10,3.56534e-10,0,0,0,0.0114865,0.0452164,0.0229335,0.0222828,,
1266,973,accepted,1,6.38809e-08,7.40057e-10,2.06035e-10,2.06035e-10,3.56452e-10,3.56452e-10,0.990677,0.0576222,0.931216,0.0109751,0.0449075,0.022328,0.0225795,,best_validation_checkpoint_0.bin
1267,974,accepted,1,2.6379e-07,3.70028e-10,2.05927e-10,2.05927e-10,3.56262e-10,3.56262e-10,1.01026,0.0606547,0.947768,0.0112854,0.0449332,0.0223985,0.0225346,,best_validation_checkpoint_1.bin
1268,975,accepted,1,1.05094e-06,1.85014e-10,2.05831e-10,2.05831e-10,3.55934e-10,3.55934e-10,1.04998,0.0600707,0.988158,0.0108298,0.0451773,0.0225759,0.0226014,,best_validation_checkpoint_0.bin
1269,975,rejected,1,4.12478e-06,1.85014e-09,2.05831e-10,2.05831e-10,3.55934e-10,3.55934e-10,1.04959,0.0615044,0.983566,0.0182389,0.0257959,0.0257957,0,,
1270,976,accepted,0,4.12478e-06,9.25071e-10,2.05641e-10,2.05641e-10,3.55906e-10,3.55906e-10,0,0,0,0.0209718,0.0502282,0.0250947,0.0251334,,best_validation_checkpoint_1.bin
1271,977,accepted,1,1.60917e-07,4.62535e-10,2.05551e-10,2.05551e-10,3.55759e-10,3.55759e-10,1.08196,0.0655713,1.01256,0.0153792,0.0531741,0.025028,0.028146,,best_validation_checkpoint_0.bin
1272,978,accepted,1,6.67353e-07,2.31268e-10,2.05422e-10,2.05422e-10,3.55467e-10,3.55467e-10,1.13799,0.0716373,1.06396,0.0209512,0.0502451,0.0233589,0.0268862,,best_validation_checkpoint_1.bin
1273,978,rejected,1,2.64234e-06,2.31268e-09,2.05422e-10,2.05422e-10,3.55467e-10,3.55467e-10,1.12519,0.0694409,1.05382,0.0113945,0.0224182,0.022418,0,,
1274,979,accepted,0,2.64234e-06,1.15634e-09,2.05326e-10,2.05326e-10,3.55475e-10,3.55467e-10,0,0,0,0.0116797,0.0455987,0.0229982,0.0226003,,
1275,980,accepted,1,1.02979e-07,5.78169e-10,2.05253e-10,2.05253e-10,3.55361e-10,3.55361e-10,1.05996,0.0644685,0.993655,0.0107953,0.0453056,0.0227938,0.0225117,,best_validation_checkpoint_0.bin
1276,981,accepted,1,4.26287e-07,2.89085e-10,2.05129e-10,2.05129e-10,3.55122e-10,3.55122e-10,1.01593,0.0642626,0.949864,0.0107176,0.0451885,0.0224281,0.0227602,,best_validation_checkpoint_1.bin
1277,981,rejected,1,1.69299e-06,2.89085e-09,2.05129e-10,2.05129e-10,3.55122e-10,3.55122e-10,1.0386,0.0603867,0.976417,0.010945,0.0225886,0.0225883,0,,
1278,982,accepted,0,1.69299e-06,1.44542e-09,2.05075e-10,2.05075e-10,3.55134e-10,3.55122e-10,0,0,0,0.0111144,0.0449374,0.022557,0.0223803,,
1279,983,accepted,1,6.59245e-08,7.22712e-10,2.05016e-10,2.05016e-10,3.55046e-10,3.55046e-10,1.03487,0.0590369,0.974028,0.0112392,0.0454497,0.0227051,0.0227444,,best_validation_checkpoint_0.bin
1280,984,accepted,1,2.72137e-07,3.61356e-10,2.04908e-10,2.04908e-10,3.54856e-10,3.54856e-10,0.995526,0.0575607,0.935932,0.0100616,0.0453252,0.0225841,0.0227409,,best_validation_checkpoint_1.bin
1281,985,accepted,1,1.08403e-06,1.80678e-10,2.04824e-10,2.04824e-10,3.54535e-10,3.54535e-10,1.01938,0.0580652,0.959483,0.0112625,0.0448732,0.0225023,0.0223709,,best_validation_checkpoint_0.bin
1282,985,rejected,1,4.25375e-06,1.80678e-09,2.04824e-10,2.04824e-10,3.54535e-10,3.54535e-10,1.01322,0.0579749,0.953471,0.0102915,0.0224431,0.0224429,0,,
1283,986,accepted,0,4.25375e-06,9.0339e-10,2.04617e-10,2.04617e-10,3.54508e-10,3.54508e-10,0,0,0,0.0108117,0.0451852,0.0226731,0.022512,,best_validation_checkpoint_1.bin
1284,987,accepted,1,1.66222e-07,4.51695e-10,2.04527e-10,2.04527e-10,3.54362e-10,3.54362e-10,1.00616,0.0605406,0.943814,0.0115727,0.0450933,0.0225772,0.0225159,,best_validation_checkpoint_0.bin
1285,988,accepted,1,6.88661e-07,2.25847e-10,2.04401e-10,2.04401e-10,3.54073e-10,3.54073e-10,1.02638,0.0614605,0.963028,0.0136136,0.0453881,0.0226288,0.0227592,,best_validation_checkpoint_1.bin
1286,988,rejected,1,2.72575e-06,2.25847e-09,2.04401e-10,2.04401e-10,3.54073e-10,3.54073e-10,0.997517,0.0603731,0.935247,0.0109352,0.0235399,0.0235396,0,,
1287,989,accepted,0,2.72575e-06,1.12924e-09,2.04298e-10,2.04298e-10,3.54085e-10,3.54073e-10,0,0,0,0.0124555,0.050411,0.0253755,0.0250353,,
1288,990,accepted,1,1.06359e-07,5.64618e-10,2.04225e-10,2.04225e-10,3.53972e-10,3.53972e-10,0.998829,0.06022,0.936674,0.0107286,0.0459957,0.0234847,0.022511,,best_validation_checkpoint_0.bin
1289,991,accepted,1,4.39942e-07,2.82309e-10,2.04101e-10,2.04101e-10,3.53733e-10,3.53733e-10,1.02173,0.0589761,0.960781,0.0114039,0.0467533,0.0235391,0.023214,,best_validation_checkpoint_1.bin
1290,991,rejected,1,1.74678e-06,2.82309e-09,2.04101e-10,2.04101e-10,3.53733e-10,3.53733e-10,1.02615,0.0633155,0.960899,0.0109803,0.0231649,0.0231645,0,,
1291,992,accepted,0,1.74678e-06,1.41155e-09,2.04044e-10,2.04044e-10,3.5375e-10,3.53733e-10,0,0,0,0.0111294,0.0456114,0.0230169,0.0225943,,
1292,993,accepted,1,6.80777e-08,7.05773e-10,2.03985e-10,2.03985e-10,3.53662e-10,3.53662e-10,1.03618,0.0593049,0.975041,0.0107383,0.044931,0.0225511,0.0223798,,best_validation_checkpoint_0.bin
1293,994,accepted,1,2.80893e-07,3.52887e-10,2.03876e-10,2.03876e-10,3.53473e-10,3.53473e-10,1.04308,0.058929,0.982295,0.0124938,0.0448144,0.0224673,0.022347,,best_validation_checkpoint_1.bin
1294,995,accepted,1,1.11846e-06,1.76443e-10,2.03806e-10,2.03806e-10,3.53162e-10,3.53162e-10,1.02628,0.0585569,0.965972,0.0105103,0.0450065,0.0223626,0.0226438,,best_validation_checkpoint_0.bin
1295,995,rejected,1,4.3885e-06,1.76443e-09,2.03806e-10,2.03806e-10,3.53162e-10,3.53162e-10,1.01821,0.0595177,0.956859,0.0108019,0.0223396,0.0223394,0,,
1296,996,accepted,0,4.3885e-06,8.82216e-10,2.0358e-10,2.0358e-10,3.53134e-10,3.53134e-10,0,0,0,0.0106429,0.0450116,0.0225767,0.0224349,,best_validation_checkpoint_1.bin
1297,997,accepted,1,1.71818e-07,4.41108e-10,2.03489e-10,2.03489e-10,3.52988e-10,3.52988e-10,1.07439,0.0628508,1.00979,0.0113157,0.0468786,0.0224619,0.0244165,,best_validation_checkpoint_0.bin
1298,998,accepted,1,7.10956e-07,2.20554e-10,2.03368e-10,2.03368e-10,3.52702e-10,3.52702e-10,1.07314,0.0577532,1.01355,0.0107719,0.046082,0.0229319,0.02315,,best_validation_checkpoint_1.bin
1299,998,rejected,1,2.81295e-06,2.20554e-09,2.03368e-10,2.03368e-10,3.52702e-10,3.52702e-10,1.02464,0.0592837,0.963487,0.0107961,0.0225094,0.0225092,0,,
1300,999,accepted,0,2.81295e-06,1.10277e-09,2.03258e-10,2.03258e-10,3.52719e-10,3.52702e-10,0,0,0,0.0106694,0.0450835,0.0225704,0.0225131,,
1301,1000,accepted,1,1.09917e-07,5.51385e-10,2.03183e-10,2.03183e-10,3.52606e-10,3.52606e-10,0.944133,0.0595127,0.882841,0.0107433,0.0457251,0.0230582,0.0226668,,best_validation_checkpoint_0.bin
1302,1001,accepted,1,4.54261e-07,2.75693e-10,2.0306e-10,2.0306e-10,3.52369e-10,3.52369e-10,0.960581,0.061725,0.896917,0.0120039,0.0460372,0.023168,0.0228691,,best_validation_checkpoint_1.bin
1303,1001,rejected,1,1.80291e-06,2.75693e-09,2.0306e-10,2.0306e-10,3.52369e-10,3.52369e-10,1.06333,0.0601129,1.00123,0.0114627,0.0245647,0.0245645,0,,
1304,1002,accepted,0,1.80291e-06,1.37846e-09,2.03e-10,2.03e-10,3.5239e-10,3.52369e-10,0,0,0,0.0114648,0.0471388,0.023917,0.0232217,,
1305,1003,accepted,1,7.03531e-08,6.89232e-10,2.0294e-10,2.0294e-10,3.52302e-10,3.52302e-10,1.07863,0.0610005,1.01588,0.0110228,0.0434107,0.0228929,0.0205178,,best_validation_checkpoint_0.bin
1306,1004,accepted,1,2.90077e-07,3.44616e-10,2.02831e-10,2.02831e-10,3.52114e-10,3.52114e-10,0.987125,0.0637425,0.921545,0.0112329,0.0453599,0.0227781,0.0225817,,best_validation_checkpoint_1.bin
1307,1005,accepted,1,1.15477e-06,1.72308e-10,2.02776e-10,2.02776e-10,3.51814e-10,3.51814e-10,1.05255,0.061834,0.988783,0.0109964,0.045636,0.0225006,0.0231352,,best_validation_checkpoint_0.bin
1308,1005,rejected,1,4.53064e-06,1.72308e-09,2.02776e-10,2.02776e-10,3.51814e-10,3.51814e-10,1.0378,0.0609859,0.974867,0.0116884,0.0229887,0.0229885,0,,
1309,1006,accepted,0,4.53064e-06,8.61539e-10,2.02531e-10,2.02531e-10,3.51785e-10,3.51785e-10,0,0,0,0.0116385,0.0454904,0.0229561,0.0225343,,best_validation_checkpoint_1.bin
1310,1007,accepted,1,1.7772e-07,4.3077e-10,2.02439e-10,2.02439e-10,3.5164e-10,3.5164e-10,1.00524,0.0626235,0.940781,0.011112,0.0448227,0.0226523,0.0221703,,best_validation_checkpoint_0.bin
1311,1008,accepted,1,7.34347e-07,2.15385e-10,2.02323e-10,2.02323e-10,3.51358e-10,3.51358e-10,1.02873,0.0602933,0.966615,0.011259,0.0450997,0.0225188,0.0225808,,best_validation_checkpoint_1.bin
1312,1008,rejected,1,2.9049e-06,2.15385e-09,2.02323e-10,2.02323e-10,3.51358e-10,3.51358e-10,0.955864,0.0600888,0.89392,0.0107454,0.0225028,0.0225025,0,,
1313,1009,accepted,0,2.9049e-06,1.07692e-09,2.02204e-10,2.02204e-10,3.51378e-10,3.51358e-10,0,0,0,0.0112107,0.0448913,0.0225144,0.0223768,,
1314,1010,accepted,1,1.13692e-07,5.38462e-10,2.02129e-10,2.02129e-10,3.51266e-10,3.51266e-10,1.00616,0.0567943,0.947627,0.0115199,0.0450445,0.0223749,0.0226695,,best_validation_checkpoint_0.bin
1315,1011,accepted,1,4.69376e-07,2.69231e-10,2.02008e-10,2.02008e-10,3.51031e-10,3.51031e-10,1.02619,0.0578336,0.966524,0.0116178,0.0452714,0.0224563,0.022815,,best_validation_checkpoint_1.bin
1316,1011,rejected,1,1.86235e-06,2.69231e-09,2.02008e-10,2.02008e-10,3.51031e-10,3.51031e-10,1.04712,0.0600464,0.985331,0.0110038,0.022378,0.0223778,0,,
1317,1012,accepted,0,1.86235e-06,1.34616e-09,2.01944e-10,2.01944e-10,3.51056e-10,3.51031e-10,0,0,0,0.0105755,0.0459879,0.0231112,0.0228767,,
1318,1013,accepted,1,7.27692e-08,6.73078e-10,2.01883e-10,2.01883e-10,3.50969e-10,3.50969e-10,1.03338,0.0590434,0.972581,0.0110578,0.0458112,0.0231232,0.0226879,,best_validation_checkpoint_0.bin
1319,1014,accepted,1,2.9979e-07,3.36539e-10,2.01774e-10,2.01774e-10,3.50782e-10,3.50782e-10,0.999507,0.0567896,0.940978,0.0113778,0.0452148,0.0226612,0.0225535,,best_validation_checkpoint_1.bin
1320,1015,accepted,1,1.19306e-06,1.68269e-10,2.01736e-10,2.01736e-10,3.50495e-10,3.50495e-10,1.04278,0.056715,0.984221,0.0108008,0.0449299,0.0224135,0.0225163,,best_validation_checkpoint_0.bin
1321,1015,rejected,1,4.68211e-06,1.68269e-09,2.01736e-10,2.01736e-10,3.50495e-10,3.50495e-10,1.04289,0.0562769,0.984687,0.0112691,0.022386,0.0223857,0,,
1322,1016,accepted,0,4.68211e-06,8.41347e-10,2.01469e-10,2.01469e-10,3.50462e-10,3.50462e-10,0,0,0,0.0119282,0.0448948,0.0223761,0.0225187,,best_validation_checkpoint_1.bin
1323,1017,accepted,1,1.84022e-07,4.20674e-10,2.01376e-10,2.01376e-10,3.50318e-10,3.50318e-10,1.02729,0.0575782,0.967904,0.0113713,0.0449114,0.0222812,0.0226302,,best_validation_checkpoint_0.bin
1324,1018,accepted,1,7.59262e-07,2.10337e-10,2.01266e-10,2.01266e-10,3.5004e-10,3.5004e-10,1.02072,0.0585448,0.960472,0.0107505,0.0450552,0.0224948,0.0225604,,best_validation_checkpoint_1.bin
1325,1018,rejected,1,3.00308e-06,2.10337e-09,2.01266e-10,2.01266e-10,3.5004e-10,3.5004e-10,1.01289,0.0579348,0.953198,0.0098913,0.021654,0.0216536,0,,
1326,1019,accepted,0,3.00308e-06,1.05168e-09,2.01138e-10,2.01138e-10,3.50064e-10,3.5004e-10,0,0,0,0.0112093,0.0449237,0.0225496,0.0223739,,
1327,1020,accepted,1,1.17736e-07,5.25842e-10,2.01063e-10,2.01063e-10,3.49953e-10,3.49953e-10,1.03142,0.0570411,0.972662,0.0103545,0.0450724,0.0225992,0.0224731,,best_validation_checkpoint_0.bin
1328,1021,accepted,1,4.85503e-07,2.62921e-10,2.00942e-10,2.00942e-10,3.49719e-10,3.49719e-10,1.01418,0.0574756,0.955023,0.0107733,0.0454319,0.0228595,0.0225724,,best_validation_checkpoint_1.bin
1329,1021,rejected,1,1.92577e-06,2.62921e-09,2.00942e-10,2.00942e-10,3.49719e-10,3.49719e-10,1.01303,0.0574606,0.953713,0.0113905,0.0223863,0.0223861,0,,
1330,1022,accepted,0,1.92577e-06,1.3146e-09,2.00874e-10,2.00874e-10,3.49748e-10,3.49719e-10,0,0,0,0.0113188,0.0450431,0.0226045,0.0224386,,
1331,1023,accepted,1,7.5368e-08,6.57302e-10,2.00813e-10,2.00813e-10,3.49663e-10,3.49663e-10,1.01845,0.0572812,0.959397,0.0103847,0.0450543,0.0224757,0.0225785,,best_validation_checkpoint_0.bin
1332,1024,accepted,1,3.102e-07,3.28651e-10,2.00704e-10,2.00704e-10,3.49476e-10,3.49476e-10,0.983927,0.0574461,0.924701,0.0103264,0.0450543,0.0223873,0.022667,,best_validation_checkpoint_1.bin
1333,1025,accepted,1,1.23429e-06,1.64326e-10,2.00686e-10,2.00686e-10,3.49204e-10,3.49204e-10,1.00045,0.0569902,0.941654,0.0112482,0.0449277,0.0223799,0.0225478,,best_validation_checkpoint_0.bin
1334,1025,rejected,1,4.84432e-06,1.64326e-09,2.00686e-10,2.00686e-10,3.49204e-10,3.49204e-10,1.00757,0.0602112,0.94554,0.0105338,0.0224663,0.022466,0,,
1335,1026,accepted,0,4.84432e-06,8.21628e-10,2.00394e-10,2.00394e-10,3.49166e-10,3.49166e-10,0,0,0,0.0114116,0.0453974,0.0228673,0.0225301,,best_validation_checkpoint_1.bin
1336,1027,accepted,1,1.90824e-07,4.10814e-10,2.00301e-10,2.00301e-10,3.49023e-10,3.49023e-10,1.02874,0.0601144,0.96685,0.0113269,0.0457315,0.0227628,0.0229686,,best_validation_checkpoint_0.bin
1337,1028,accepted,1,7.86061e-07,2.05407e-10,2.00198e-10,2.00198e-10,3.48751e-10,3.48751e-10,1.01071,0.0588107,0.950071,0.011102,0.0450762,0.0224937,0.0225824,,best_validation_checkpoint_1.bin
1338,1028,rejected,1,3.10872e-06,2.05407e-09,2.00198e-10,2.00198e-10,3.48751e-10,3.48751e-10,1.07323,0.0639446,1.00746,0.0113985,0.0230719,0.0230715,0,,
1339,1029,accepted,0,3.10872e-06,1.02703e-09,2.00059e-10,2.00059e-10,3.48776e-10,3.48751e-10,0,0,0,0.0121578,0.0455501,0.0229647,0.0225853,,
1340,1030,accepted,1,1.2211e-07,5.13517e-10,1.99983e-10,1.99983e-10,3.48666e-10,3.48666e-10,0.904971,0.0645314,0.838566,0.0134713,0.0458903,0.0230419,0.0228484,,best_validation_checkpoint_0.bin
1341,1031,accepted,1,5.02865e-07,2.56759e-10,1.99864e-10,1.99864e-10,3.48434e-10,3.48434e-10,0.989101,0.0668879,0.920023,0.0155433,0.0485278,0.0253783,0.0231494,,best_validation_checkpoint_1.bin
1342,1031,rejected,1,1.99458e-06,2.56759e-09,1.99864e-10,1.99864e-10,3.48434e-10,3.48434e-10,1.00326,0.065969,0.935476,0.0108593,0.0227458,0.0227456,0,,
1343,1032,accepted,0,1.99458e-06,1.28379e-09,1.99792e-10,1.99792e-10,3.48468e-10,3.48434e-10,0,0,0,0.0113451,0.0449496,0.0226549,0.0222947,,
1344,1033,accepted,1,7.81749e-08,6.41897e-10,1.9973e-10,1.9973e-10,3.48383e-10,3.48383e-10,0.986352,0.0590401,0.925345,0.0109258,0.0451224,0.0226004,0.022522,,best_validation_checkpoint_0.bin
1345,1034,accepted,1,3.21425e-07,3.20948e-10,1.99621e-10,1.99621e-10,3.48197e-10,3.48197e-10,0.990201,0.0611436,0.92712,0.0116687,0.0465502,0.0233059,0.0232443,,best_validation_checkpoint_1.bin
1346,1034,rejected,1,1.2788e-06,3.20948e-09,1.99621e-10,1.99621e-10,3.48197e-10,3.48197e-10,1.0602,0.062509,0.995636,0.0117444,0.022416,0.0224157,0,,
1347,1035,accepted,0,1.2788e-06,1.60474e-09,1.99579e-10,1.99579e-10,3.48223e-10,3.48197e-10,0,0,0,0.0119044,0.0473898,0.0245847,0.022805,,
1348,1036,accepted,1,5.00713e-08,8.02371e-10,1.99529e-10,1.99529e-10,3.48157e-10,3.48157e-10,1.03111,0.0590154,0.970023,0.010548,0.0450391,0.0224933,0.0225457,,best_validation_checkpoint_0.bin
1349,1037,accepted,1,2.05412e-07,4.01186e-10,1.99436e-10,1.99436e-10,3.48012e-10,3.48012e-10,0.962746,0.0602489,0.900557,0.0116425,0.0452139,0.0225939,0.0226198,,best_validation_checkpoint_1.bin
1350,1038,accepted,1,8.19491e-07,2.00593e-10,1.9934e-10,1.9934e-10,3.47743e-10,3.47743e-10,1.01748,0.0594042,0.956282,0.0112218,0.0450514,0.0224934,0.0225579,,best_validation_checkpoint_0.bin
1351,1038,rejected,1,3.22724e-06,2.00593e-09,1.9934e-10,1.9934e-10,3.47743e-10,3.47743e-10,0.997939,0.0590254,0.937067,0.0113904,0.0227068,0.0227065,0,,
1352,1039,accepted,0,3.22724e-06,1.00296e-09,1.9919e-10,1.9919e-10,3.47769e-10,3.47743e-10,0,0,0,0.0118235,0.0447611,0.0226547,0.0221063,,
1353,1040,accepted,1,1.26885e-07,5.01482e-10,1.99112e-10,1.99112e-10,3.47659e-10,3.47659e-10,1.00391,0.0580597,0.944026,0.0104575,0.0456157,0.0224482,0.0231674,,best_validation_checkpoint_1.bin
1354,1041,accepted,1,5.2171e-07,2.50741e-10,1.98996e-10,1.98996e-10,3.47428e-10,3.47428e-10,0.999792,0.0588103,0.939172,0.0109771,0.0451763,0.022586,0.0225903,,best_validation_checkpoint_0.bin
1355,1041,rejected,1,2.07069e-06,2.50741e-09,1.98996e-10,1.98996e-10,3.47428e-10,3.47428e-10,0.970514,0.0572162,0.911537,0.0109175,0.0225038,0.0225034,0,,
1356,1042,accepted,0,2.07069e-06,1.2537e-09,1.98919e-10,1.98919e-10,3.47464e-10,3.47428e-10,0,0,0,0.0115115,0.045181,0.0227737,0.0224072,,
1357,1043,accepted,1,8.1253e-08,6.26852e-10,1.98856e-10,1.98856e-10,3.47379e-10,3.47379e-10,1.03556,0.0578771,0.975786,0.0119614,0.0453159,0.0226907,0.0226251,,best_validation_checkpoint_1.bin
1358,1044,accepted,1,3.33796e-07,3.13426e-10,1.98747e-10,1.98747e-10,3.47194e-10,3.47194e-10,0.995983,0.0595205,0.934737,0.0112818,0.0449078,0.0224073,0.0225004,,best_validation_checkpoint_0.bin
1359,1044,rejected,1,1.32845e-06,3.13426e-09,1.98747e-10,1.98747e-10,3.47194e-10,3.47194e-10,1.03094,0.057386,0.971727,0.011112,0.0226657,0.0226656,0,,
1360,1045,accepted,0,1.32845e-06,1.56713e-09,1.98703e-10,1.98703e-10,3.47223e-10,3.47194e-10,0,0,0,0.0113472,0.0451563,0.0227699,0.0223863,,
1361,1046,accepted,1,5.20691e-08,7.83566e-10,1.98652e-10,1.98652e-10,3.47157e-10,3.47157e-10,0.996836,0.0578671,0.937047,0.01143,0.0452087,0.0225004,0.0227082,,best_validation_checkpoint_1.bin
1362,1047,accepted,1,2.13475e-07,3.91783e-10,1.98558e-10,1.98558e-10,3.47012e-10,3.47012e-10,1.01215,0.0585498,0.951847,0.0101704,0.0448963,0.0226351,0.0222612,,best_validation_checkpoint_0.bin
1363,1048,accepted,1,8.5173e-07,1.95891e-10,1.98471e-10,1.98471e-10,3.46748e-10,3.46748e-10,1.02975,0.0605254,0.967472,0.0104595,0.0449263,0.0223155,0.0226107,,best_validation_checkpoint_1.bin
1364,1048,rejected,1,3.35599e-06,1.95891e-09,1.98471e-10,1.98471e-10,3.46748e-10,3.46748e-10,1.00187,0.0592946,0.940759,0.0109814,0.0223848,0.0223845,0,,
1365,1049,accepted,0,3.35599e-06,9.79457e-10,1.98308e-10,1.98308e-10,3.46774e-10,3.46748e-10,0,0,0,0.0108371,0.0452567,0.0225893,0.0226674,,
1366,1050,accepted,1,1.32151e-07,4.89728e-10,1.9823e-10,1.9823e-10,3.46664e-10,3.46664e-10,0.984161,0.0589418,0.923244,0.0108721,0.0449148,0.0224363,0.0224785,,best_validation_checkpoint_0.bin
1367,1051,accepted,1,5.4278e-07,2.44864e-10,1.98116e-10,1.98116e-10,3.46433e-10,3.46433e-10,0.97106,0.0596862,0.909485,0.0113795,0.0452752,0.0225622,0.0227129,,best_validation_checkpoint_1.bin
1368,1051,rejected,1,2.15453e-06,2.44864e-09,1.98116e-10,1.98116e-10,3.46433e-10,3.46433e-10,0.975435,0.0595288,0.914061,0.0117543,0.0224719,0.0224716,0,,
1369,1052,accepted,0,2.15453e-06,1.22432e-09,1.98033e-10,1.98033e-10,3.46473e-10,3.46433e-10,0,0,0,0.0109374,0.0448576,0.0225067,0.0223508,,
1370,1053,accepted,1,8.46598e-08,6.12161e-10,1.9797e-10,1.9797e-10,3.46388e-10,3.46388e-10,0.977869,0.0577881,0.918177,0.0109058,0.0450974,0.0225247,0.0225725,,best_validation_checkpoint_0.bin
1371,1054,accepted,1,3.47479e-07,3.0608e-10,1.9786e-10,1.9786e-10,3.46202e-10,3.46202e-10,1.01798,0.0579428,0.958153,0.0110603,0.0452261,0.0226123,0.0226137,,best_validation_checkpoint_1.bin
1372,1054,rejected,1,1.38293e-06,3.0608e-09,1.9786e-10,1.9786e-10,3.46202e-10,3.46202e-10,0.976812,0.0561232,0.918826,0.0117483,0.0233798,0.0233795,0,,
1373,1055,accepted,0,1.38293e-06,1.5304e-09,1.97814e-10,1.97814e-10,3.46234e-10,3.46202e-10,0,0,0,0.0122264,0.0450777,0.0226905,0.0223872,,
1374,1056,accepted,1,5.4267e-08,7.65201e-10,1.97763e-10,1.97763e-10,3.46169e-10,3.46169e-10,0.964041,0.0603807,0.901843,0.0120492,0.0452057,0.0226053,0.0226003,,best_validation_checkpoint_0.bin
1375,1057,accepted,1,2.22318e-07,3.826e-10,1.97668e-10,1.97668e-10,3.46023e-10,3.46023e-10,1.01768,0.0600005,0.955809,0.0108516,0.0449444,0.0224088,0.0225356,,best_validation_checkpoint_1.bin
1376,1058,accepted,1,8.87094e-07,1.913e-10,1.9759e-10,1.9759e-10,3.45765e-10,3.45765e-10,0.989987,0.0601667,0.927999,0.0116404,0.045919,0.0231537,0.0227652,,best_validation_checkpoint_0.bin
1377,1058,rejected,1,3.49612e-06,1.913e-09,1.9759e-10,1.9759e-10,3.45765e-10,3.45765e-10,1.03776,0.059442,0.976461,0.0112375,0.0225178,0.0225177,0,,
1378,1059,accepted,0,3.49612e-06,9.56501e-10,1.97413e-10,1.97413e-10,3.45791e-10,3.45765e-10,0,0,0,0.0115935,0.0454375,0.0227344,0.0227029,,
1379,1060,accepted,1,1.37884e-07,4.7825e-10,1.97334e-10,1.97334e-10,3.4568e-10,3.4568e-10,1.00098,0.0584189,0.940756,0.0103671,0.0452528,0.0228318,0.0224209,,best_validation_checkpoint_1.bin
1380,1061,accepted,1,5.65669e-07,2.39125e-10,1.97223e-10,1.97223e-10,3.45451e-10,3.45451e-10,1.01942,0.0614359,0.956071,0.0113141,0.0453072,0.022785,0.0225221,,best_validation_checkpoint_0.bin
1381,1061,rejected,1,2.24565e-06,2.39125e-09,1.97223e-10,1.97223e-10,3.45451e-10,3.45451e-10,0.997093,0.0582809,0.937015,0.011875,0.0226124,0.0226121,0,,
1382,1062,accepted,0,2.24565e-06,1.19563e-09,1.97134e-10,1.97134e-10,3.45493e-10,3.45451e-10,0,0,0,0.0110226,0.0460336,0.0229344,0.023099,,
1383,1063,accepted,1,8.83585e-08,5.97813e-10,1.9707e-10,1.9707e-10,3.45409e-10,3.45409e-10,1.02982,0.0578892,0.970078,0.0113581,0.0452213,0.0224063,0.0228149,,best_validation_checkpoint_1.bin
1384,1064,accepted,1,3.62315e-07,2.98907e-10,1.96961e-10,1.96961e-10,3.45223e-10,3.45223e-10,1.00169,0.0579847,0.941835,0.0110793,0.0460193,0.023241,0.0227783,,best_validation_checkpoint_0.bin
1385,1064,rejected,1,1.44208e-06,2.98907e-09,1.96961e-10,1.96961e-10,3.45223e-10,3.45223e-10,1.00404,0.0593365,0.942921,0.0113113,0.0226768,0.0226765,0,,
1386,1065,accepted,0,1.44208e-06,1.49453e-09,1.96912e-10,1.96912e-10,3.45258e-10,3.45223e-10,0,0,0,0.0117264,0.045177,0.0228132,0.0223638,,
1387,1066,accepted,1,5.66495e-08,7.47266e-10,1.9686e-10,1.9686e-10,3.45192e-10,3.45192e-10,1.01927,0.0583593,0.959051,0.0107248,0.0449438,0.0225253,0.0224183,,best_validation_checkpoint_1.bin
1388,1067,accepted,1,2.31905e-07,3.73633e-10,1.96764e-10,1.96764e-10,3.45047e-10,3.45047e-10,1.0166,0.059087,0.955621,0.0112314,0.0452857,0.0225452,0.0227405,,best_validation_checkpoint_0.bin
1389,1068,accepted,1,9.25283e-07,1.86817e-10,1.96698e-10,1.96698e-10,3.44795e-10,3.44795e-10,0.998941,0.0579852,0.939251,0.0099463,0.0449746,0.0224045,0.02257,,best_validation_checkpoint_1.bin
1390,1068,rejected,1,3.64781e-06,1.86817e-09,1.96698e-10,1.96698e-10,3.44795e-10,3.44795e-10,0.999219,0.0587548,0.938676,0.0114547,0.0225167,0.0225166,0,,
1391,1069,accepted,0,3.64781e-06,9.34083e-10,1.96505e-10,1.96505e-10,3.44819e-10,3.44795e-10,0,0,0,0.0111016,0.0440616,0.021764,0.0222975,,
1392,1070,accepted,1,1.44108e-07,4.67041e-10,1.96426e-10,1.96426e-10,3.44708e-10,3.44708e-10,1.01011,0.0578272,0.950419,0.0114869,0.045181,0.0224963,0.0226846,,best_validation_checkpoint_0.bin
1393,1071,accepted,1,5.90469e-07,2.33521e-10,1.96318e-10,1.96318e-10,3.44481e-10,3.44481e-10,1.01364,0.0611061,0.950712,0.0105453,0.0450159,0.0224508,0.0225651,,best_validation_checkpoint_1.bin
1394,1071,rejected,1,2.34427e-06,2.33521e-09,1.96318e-10,1.96318e-10,3.44481e-10,3.44481e-10,1.01539,0.0596502,0.953643,0.0106464,0.0225128,0.0225126,0,,
1395,1072,accepted,0,2.34427e-06,1.1676e-09,1.96223e-10,1.96223e-10,3.44525e-10,3.44481e-10,0,0,0,0.0120145,0.0451686,0.0226573,0.0225112,,
1396,1073,accepted,1,9.23709e-08,5.83802e-10,1.96158e-10,1.96158e-10,3.4444e-10,3.4444e-10,1.0156,0.0582796,0.955527,0.0112623,0.0448557,0.0224618,0.0223937,,best_validation_checkpoint_0.bin
1397,1074,accepted,1,3.78381e-07,2.91901e-10,1.96049e-10,1.96049e-10,3.44254e-10,3.44254e-10,0.983339,0.0593971,0.921825,0.0123266,0.0460689,0.0232736,0.0227952,,best_validation_checkpoint_1.bin
1398,1074,rejected,1,1.5061e-06,2.91901e-09,1.96049e-10,1.96049e-10,3.44254e-10,3.44254e-10,0.999798,0.0590092,0.939082,0.0106825,0.0225881,0.0225879,0,,
1399,1075,accepted,0,1.5061e-06,1.4595e-09,1.95997e-10,1.95997e-10,3.44292e-10,3.44254e-10,0,0,0,0.0110539,0.0452016,0.0226208,0.0225806,,
1400,1076,accepted,1,5.92337e-08,7.29752e-10,1.95944e-10,1.95944e-10,3.44227e-10,3.44227e-10,1.00565,0.0584214,0.945357,0.0112535,0.0454347,0.0227428,0.0226918,,best_validation_checkpoint_0.bin
1401,1077,accepted,1,2.42291e-07,3.64876e-10,1.95848e-10,1.95848e-10,3.44081e-10,3.44081e-10,0.979419,0.0594217,0.918202,0.0108181,0.0447842,0.0224469,0.0223372,,best_validation_checkpoint_1.bin
1402,1078,accepted,1,9.66755e-07,1.82438e-10,1.95795e-10,1.95795e-10,3.43837e-10,3.43837e-10,1.01274,0.0597299,0.951173,0.011963,0.0448867,0.022517,0.0223697,,best_validation_checkpoint_0.bin
1403,1078,rejected,1,3.81264e-06,1.82438e-09,1.95795e-10,1.95795e-10,3.43837e-10,3.43837e-10,0.999695,0.057814,0.940089,0.010979,0.0224664,0.0224661,0,,
1404,1079,accepted,0,3.81264e-06,9.1219e-10,1.95585e-10,1.95585e-10,3.43858e-10,3.43837e-10,0,0,0,0.0123513,0.0440684,0.0230545,0.0210138,,
1405,1080,accepted,1,1.50835e-07,4.56095e-10,1.95504e-10,1.95504e-10,3.43747e-10,3.43747e-10,1.02372,0.0590517,0.96276,0.0104471,0.0448559,0.0224622,0.0223936,,best_validation_checkpoint_1.bin
1406,1081,accepted,1,6.17284e-07,2.28048e-10,1.954e-10,1.954e-10,3.43521e-10,3.43521e-10,1.01937,0.060159,0.957352,0.0124394,0.0451151,0.0224581,0.0226569,,best_validation_checkpoint_0.bin
1407,1081,rejected,1,2.4513e-06,2.28048e-09,1.954e-10,1.954e-10,3.43521e-10,3.43521e-10,0.993837,0.060436,0.931561,0.0113343,0.0223669,0.0223669,0,,
1408,1082,accepted,0,2.4513e-06,1.14024e-09,1.95298e-10,1.95298e-10,3.43567e-10,3.43521e-10,0,0,0,0.0114121,0.045039,0.0226848,0.0223541,,
1409,1083,accepted,1,9.67052e-08,5.70119e-10,1.95232e-10,1.95232e-10,3.43482e-10,3.43482e-10,1.02488,0.0574643,0.965431,0.0118477,0.0451734,0.0224788,0.0226945,,best_validation_checkpoint_1.bin
1410,1084,accepted,1,3.95766e-07,2.85059e-10,1.95124e-10,1.95124e-10,3.43296e-10,3.43296e-10,0.981128,0.0580957,0.921195,0.0108173,0.0453751,0.0227714,0.0226036,,best_validation_checkpoint_0.bin
1411,1084,rejected,1,1.57558e-06,2.85059e-09,1.95124e-10,1.95124e-10,3.43296e-10,3.43296e-10,1.02473,0.061022,0.961903,0.0110478,0.0226567,0.0226564,0,,
1412,1085,accepted,0,1.57558e-06,1.4253e-09,1.95069e-10,1.95069e-10,3.43337e-10,3.43296e-10,0,0,0,0.0123035,0.0451112,0.0227993,0.0223117,,
1413,1086,accepted,1,6.20293e-08,7.12649e-10,1.95016e-10,1.95016e-10,3.43272e-10,3.43272e-10,1.00651,0.0580441,0.946598,0.0108534,0.0465907,0.0227631,0.0238274,,best_validation_checkpoint_1.bin
1414,1087,accepted,1,2.53526e-07,3.56324e-10,1.94919e-10,1.94919e-10,3.43125e-10,3.43125e-10,1.03183,0.0577071,0.97224,0.0110465,0.0452495,0.0225329,0.0227166,,best_validation_checkpoint_0.bin
1415,1088,accepted,1,1.01172e-06,1.78162e-10,1.9488e-10,1.9488e-10,3.4289e-10,3.4289e-10,0.983954,0.05808,0.923983,0.0108635,0.0453969,0.0225581,0.0228388,,best_validation_checkpoint_1.bin
1416,1088,rejected,1,3.99119e-06,1.78162e-09,1.9488e-10,1.9488e-10,3.4289e-10,3.4289e-10,0.972056,0.0588679,0.91139,0.0117291,0.0226265,0.022626,0,,
1417,1089,accepted,0,3.99119e-06,8.90811e-10,1.94651e-10,1.94651e-10,3.42906e-10,3.4289e-10,0,0,0,0.0114874,0.0461464,0.023424,0.0227223,,
1418,1090,accepted,1,1.58125e-07,4.45405e-10,1.9457e-10,1.9457e-10,3.42795e-10,3.42795e-10,1.02529,0.0568715,0.966591,0.0113726,0.0448213,0.0223905,0.0224307,,best_validation_checkpoint_0.bin
1419,1091,accepted,1,6.46325e-07,2.22703e-10,1.94471e-10,1.94471e-10,3.42571e-10,3.42571e-10,1.0118,0.0592557,0.950476,0.0122973,0.0449353,0.0225187,0.0224166,,best_validation_checkpoint_1.bin
1420,1091,rejected,1,2.56728e-06,2.22703e-09,1.94471e-10,1.94471e-10,3.42571e-10,3.42571e-10,1.05048,0.0578646,0.990755,0.0111077,0.0225108,0.0225107,0,,
1421,1092,accepted,0,2.56728e-06,1.11351e-09,1.9436e-10,1.9436e-10,3.42619e-10,3.42571e-10,0,0,0,0.0116323,0.0451643,0.0226291,0.0225351,,
1422,1093,accepted,1,1.01406e-07,5.56757e-10,1.94293e-10,1.94293e-10,3.42534e-10,3.42534e-10,1.0346,0.0584231,0.974398,0.0115389,0.0449102,0.0224464,0.0224638,,best_validation_checkpoint_0.bin
1423,1094,accepted,1,4.14587e-07,2.78378e-10,1.94186e-10,1.94186e-10,3.42348e-10,3.42348e-10,1.01212,0.0578971,0.952449,0.0108088,0.044816,0.0224368,0.0223791,,best_validation_checkpoint_1.bin
1424,1094,rejected,1,1.65089e-06,2.78378e-09,1.94186e-10,1.94186e-10,3.42348e-10,3.42348e-10,1.03953,0.05675,0.980869,0.0129327,0.0228164,0.0228163,0,,
1425,1095,accepted,0,1.65089e-06,1.39189e-09,1.94127e-10,1.94127e-10,3.42391e-10,3.42348e-10,0,0,0,0.0115627,0.0451642,0.0225492,0.022615,,
1426,1096,accepted,1,6.50618e-08,6.95946e-10,1.94074e-10,1.94074e-10,3.42326e-10,3.42326e-10,1.03641,0.058837,0.97569,0.0105869,0.0450197,0.0224017,0.0226178,,best_validation_checkpoint_0.bin
1427,1097,accepted,1,2.65701e-07,3.47973e-10,1.93977e-10,1.93977e-10,3.42179e-10,3.42179e-10,0.992527,0.0581977,0.932554,0.0109751,0.0450757,0.0225603,0.0225153,,best_validation_checkpoint_1.bin
1428,1098,accepted,1,1.06043e-06,1.73986e-10,1.93954e-10,1.93954e-10,3.41954e-10,3.41954e-10,0.981105,0.0573943,0.921954,0.0101701,0.0448957,0.022528,0.0223675,,best_validation_checkpoint_0.bin
1429,1098,rejected,1,4.18509e-06,1.73986e-09,1.93954e-10,1.93954e-10,3.41954e-10,3.41954e-10,1.00041,0.0578807,0.940566,0.0106305,0.0224449,0.0224447,0,,
1430,1099,accepted,0,4.18509e-06,8.69932e-10,1.93703e-10,1.93703e-10,3.41964e-10,3.41954e-10,0,0,0,0.011023,0.0488961,0.0262962,0.0225997,,
1431,1100,accepted,1,1.66012e-07,4.34966e-10,1.93621e-10,1.93621e-10,3.41852e-10,3.41852e-10,0.989341,0.0571365,0.930354,0.0114231,0.0449494,0.0225728,0.0223765,,best_validation_checkpoint_1.bin
1432,1101,accepted,1,6.77803e-07,2.17483e-10,1.93528e-10,1.93528e-10,3.41631e-10,3.41631e-10,1.01151,0.0583562,0.951403,0.0117518,0.0450378,0.0226455,0.0223923,,best_validation_checkpoint_0.bin
1433,1101,rejected,1,2.69327e-06,2.17483e-09,1.93528e-10,1.93528e-10,3.41631e-10,3.41631e-10,1.02382,0.0602948,0.961785,0.010879,0.0223434,0.0223431,0,,
1434,1102,accepted,0,2.69327e-06,1.08742e-09,1.93408e-10,1.93408e-10,3.4168e-10,3.41631e-10,0,0,0,0.0120589,0.0449742,0.0224795,0.0224947,,
1435,1103,accepted,1,1.0649e-07,5.43708e-10,1.93341e-10,1.93341e-10,3.41594e-10,3.41594e-10,1.03533,0.057089,0.976441,0.0102064,0.045099,0.0225251,0.0225739,,best_validation_checkpoint_1.bin
1436,1104,accepted,1,4.34954e-07,2.71854e-10,1.93235e-10,1.93235e-10,3.41408e-10,3.41408e-10,1.05325,0.0576094,0.993749,0.0113501,0.0449216,0.0224438,0.0224777,,best_validation_checkpoint_0.bin
1437,1104,rejected,1,1.73262e-06,2.71854e-09,1.93235e-10,1.93235e-10,3.41408e-10,3.41408e-10,1.00389,0.0585012,0.943555,0.011193,0.0224294,0.0224293,0,,
1438,1105,accepted,0,1.73262e-06,1.35927e-09,1.93173e-10,1.93173e-10,3.41454e-10,3.41408e-10,0,0,0,0.0110708,0.0455056,0.0228038,0.0227018,,
1439,1106,accepted,1,6.83415e-08,6.79635e-10,1.93118e-10,1.93118e-10,3.41389e-10,3.41389e-10,1.05468,0.0566271,0.996284,0.0116831,0.0448335,0.0224631,0.0223704,,best_validation_checkpoint_1.bin
1440,1107,accepted,1,2.78879e-07,3.39817e-10,1.93021e-10,1.93021e-10,3.4124e-10,3.4124e-10,1.01902,0.0595105,0.957777,0.0106112,0.0449828,0.0223507,0.022632,,best_validation_checkpoint_0.bin
1441,1108,accepted,1,1.11336e-06,1.69909e-10,1.93017e-10,1.93017e-10,3.41028e-10,3.41028e-10,1.04612,0.0567006,0.987658,0.0110296,0.0448617,0.0223874,0.0224742,,best_validation_checkpoint_1.bin
1442,1108,rejected,1,4.39533e-06,1.69909e-09,1.93017e-10,1.93017e-10,3.41028e-10,3.41028e-10,1.02841,0.0565323,0.970075,0.0107151,0.0228162,0.0228162,0,,
1443,1109,accepted,0,4.39533e-06,8.49543e-10,1.92743e-10,1.92743e-10,3.4103e-10,3.41028e-10,0,0,0,0.0115594,0.0452888,0.0227681,0.0225206,,
1444,1110,accepted,1,1.74544e-07,4.24772e-10,1.9266e-10,1.9266e-10,3.40917e-10,3.40917e-10,0.996068,0.0563111,0.937833,0.0109791,0.0453373,0.0227832,0.022554,,best_validation_checkpoint_0.bin
1445,1111,accepted,1,7.11867e-07,2.12386e-10,1.92573e-10,1.92573e-10,3.40699e-10,3.40699e-10,1.00724,0.0574277,0.948031,0.0107357,0.0451551,0.0225224,0.0226325,,best_validation_checkpoint_1.bin
1446,1111,rejected,1,2.8297e-06,2.12386e-09,1.92573e-10,1.92573e-10,3.40699e-10,3.40699e-10,1.02192,0.0565591,0.963584,0.0114258,0.0225149,0.0225147,0,,
1447,1112,accepted,0,2.8297e-06,1.06193e-09,1.92443e-10,1.92443e-10,3.40748e-10,3.40699e-10,0,0,0,0.011774,0.045123,0.0226495,0.0224734,,
1448,1113,accepted,1,1.11977e-07,5.30965e-10,1.92375e-10,1.92375e-10,3.40662e-10,3.40662e-10,1.0197,0.057377,0.960536,0.0122144,0.045047,0.0224412,0.0226057,,best_validation_checkpoint_0.bin
1449,1114,accepted,1,4.5698e-07,2.65482e-10,1.92271e-10,1.92271e-10,3.40475e-10,3.40475e-10,1.01606,0.058902,0.955419,0.0109071,0.0452322,0.0224218,0.0228103,,best_validation_checkpoint_1.bin
1450,1114,rejected,1,1.82108e-06,2.65482e-09,1.92271e-10,1.92271e-10,3.40475e-10,3.40475e-10,1.02084,0.0575342,0.961535,0.0114311,0.0225812,0.0225809,0,,
1451,1115,accepted,0,1.82108e-06,1.32741e-09,1.92204e-10,1.92204e-10,3.40524e-10,3.40475e-10,0,0,0,0.0114332,0.0453277,0.0229122,0.0224155,,
1452,1116,accepted,1,7.18836e-08,6.63706e-10,1.92149e-10,1.92149e-10,3.40458e-10,3.40458e-10,1.00233,0.0573723,0.94298,0.0111892,0.0450592,0.0224979,0.0225612,,best_validation_checkpoint_0.bin
1453,1117,accepted,1,2.93122e-07,3.31853e-10,1.92052e-10,1.92052e-10,3.4031e-10,3.4031e-10,1.0004,0.0591131,0.939439,0.0116739,0.0456314,0.0224335,0.0231977,,best_validation_checkpoint_1.bin
1454,1117,rejected,1,1.17065e-06,3.31853e-09,1.92052e-10,1.92052e-10,3.4031e-10,3.4031e-10,1.20924,0.076698,1.13006,0.0245549,0.0278135,0.0278131,0,,
1455,1118,accepted,0,1.17065e-06,1.65926e-09,1.92013e-10,1.92013e-10,3.40346e-10,3.4031e-10,0,0,0,0.0368131,0.0527733,0.0286155,0.0241577,,
1456,1119,accepted,1,4.61449e-08,8.29632e-10,1.91969e-10,1.91969e-10,3.40295e-10,3.40295e-10,1.18981,0.0713462,1.11457,0.0440893,0.0536457,0.0305083,0.0231373,,best_validation_checkpoint_0.bin
1457,1120,accepted,1,1.87885e-07,4.14816e-10,1.91885e-10,1.91885e-10,3.4018e-10,3.4018e-10,1.17355,0.0800828,1.09129,0.0133736,0.0535805,0.0273322,0.0262482,,best_validation_checkpoint_1.bin
1458,1121,accepted,1,7.51756e-07,2.07408e-10,1.91806e-10,1.91806e-10,3.39962e-10,3.39962e-10,1.08348,0.0751216,1.00627,0.0149072,0.0463566,0.0235072,0.0228494,,best_validation_checkpoint_0.bin
1459,1121,rejected,1,2.97646e-06,2.07408e-09,1.91806e-10,1.91806e-10,3.39962e-10,3.39962e-10,1.0505,0.0733321,0.975036,0.011819,0.023716,0.0237157,0,,
1460,1122,accepted,0,2.97646e-06,1.03704e-09,1.91665e-10,1.91665e-10,3.40011e-10,3.39962e-10,0,0,0,0.0119968,0.0487722,0.0237028,0.0250694,,
1461,1123,accepted,1,1.17799e-07,5.1852e-10,1.91596e-10,1.91596e-10,3.39924e-10,3.39924e-10,1.01822,0.0732955,0.942055,0.0265045,0.0566017,0.0278426,0.028759,,best_validation_checkpoint_1.bin
1462,1124,accepted,1,4.80067e-07,2.5926e-10,1.91494e-10,1.91494e-10,3.39736e-10,3.39736e-10,0.999051,0.0676271,0.92881,0.0110256,0.0453946,0.0228516,0.0225428,,best_validation_checkpoint_0.bin
1463,1124,rejected,1,1.91393e-06,2.5926e-09,1.91494e-10,1.91494e-10,3.39736e-10,3.39736e-10,1.06148,0.0638459,0.995769,0.0106222,0.0235804,0.0235801,0,,
1464,1125,accepted,0,1.91393e-06,1.2963e-09,1.91422e-10,1.91422e-10,3.39787e-10,3.39736e-10,0,0,0,0.0139804,0.0493019,0.0264612,0.0228405,,
1465,1126,accepted,1,7.55697e-08,6.4815e-10,1.91366e-10,1.91366e-10,3.3972e-10,3.3972e-10,1.04236,0.0645315,0.975112,0.0323246,0.0489256,0.0254371,0.0234884,,best_validation_checkpoint_1.bin
1466,1127,accepted,1,3.07955e-07,3.24075e-10,1.91269e-10,1.91269e-10,3.3957e-10,3.3957e-10,1.18471,0.0746983,1.10801,0.0615334,0.0570102,0.0310387,0.0259715,,best_validation_checkpoint_0.bin
1467,1127,rejected,1,1.23048e-06,3.24075e-09,1.91269e-10,1.91269e-10,3.3957e-10,3.3957e-10,1.24646,0.0791171,1.16429,0.034311,0.0275755,0.0275752,0,,
1468,1128,accepted,0,1.23048e-06,1.62038e-09,1.91228e-10,1.91228e-10,3.39608e-10,3.3957e-10,0,0,0,0.0719015,0.0792948,0.0382458,0.0410488,,
1469,1129,accepted,1,4.85176e-08,8.10188e-10,1.91183e-10,1.91183e-10,3.39557e-10,3.39557e-10,1.19709,0.0802867,1.11344,0.0572814,0.0498489,0.0254444,0.0244044,,best_validation_checkpoint_1.bin
1470,1130,accepted,1,1.97458e-07,4.05094e-10,1.91098e-10,1.91098e-10,3.3944e-10,3.3944e-10,1.2887,0.0826667,1.20329,0.0346308,0.054798,0.0296268,0.0251711,,best_validation_checkpoint_0.bin
1471,1131,accepted,1,7.90364e-07,2.02547e-10,1.91027e-10,1.91027e-10,3.39225e-10,3.39225e-10,1.26967,0.077903,1.18971,0.0133331,0.0536332,0.0268295,0.0268035,,best_validation_checkpoint_1.bin
1472,1131,rejected,1,3.13065e-06,2.02547e-09,1.91027e-10,1.91027e-10,3.39225e-10,3.39225e-10,1.17689,0.0799496,1.09478,0.0124786,0.0251767,0.0251765,0,,
1473,1132,accepted,0,3.13065e-06,1.01273e-09,1.90873e-10,1.90873e-10,3.39273e-10,3.39225e-10,0,0,0,0.0216241,0.0478643,0.0244378,0.0234265,,
1474,1133,accepted,1,1.23936e-07,5.06367e-10,1.90804e-10,1.90804e-10,3.39185e-10,3.39185e-10,1.12894,0.0908589,1.03495,0.02918,0.0559023,0.0276272,0.0282749,,best_validation_checkpoint_0.bin
1475,1134,accepted,1,5.04775e-07,2.53184e-10,1.90704e-10,1.90704e-10,3.38996e-10,3.38996e-10,1.06924,0.0744512,0.991626,0.0416614,0.0643191,0.0358349,0.028484,,best_validation_checkpoint_1.bin
1476,1134,rejected,1,2.01339e-06,2.53184e-09,1.90704e-10,1.90704e-10,3.38996e-10,3.38996e-10,1.13083,0.0857998,1.04312,0.0115992,0.02357,0.0235698,0,,
1477,1135,accepted,0,2.01339e-06,1.26592e-09,1.90627e-10,1.90627e-10,3.39049e-10,3.38996e-10,0,0,0,0.0481761,0.050981,0.0306028,0.020378,,
1478,1136,accepted,1,7.95178e-08,6.32959e-10,1.9057e-10,1.9057e-10,3.38982e-10,3.38982e-10,1.08144,0.0715875,1.00798,0.0108404,0.045682,0.0226857,0.0229962,,best_validation_checkpoint_0.bin
1479,1137,accepted,1,3.23897e-07,3.1648e-10,1.90473e-10,1.90473e-10,3.3883e-10,3.3883e-10,1.25807,0.0910421,1.1595,0.0404229,0.0646928,0.0339829,0.0307098,,best_validation_checkpoint_1.bin
1480,1137,rejected,1,1.2947e-06,3.1648e-09,1.90473e-10,1.90473e-10,3.3883e-10,3.3883e-10,1.09796,0.0825161,1.01142,0.031868,0.0319168,0.0319165,0,,
1481,1138,accepted,0,1.2947e-06,1.5824e-09,1.9043e-10,1.9043e-10,3.38871e-10,3.3883e-10,0,0,0,0.0336812,0.0697106,0.0370119,0.0326985,,
1482,1139,accepted,1,5.10642e-08,7.91199e-10,1.90384e-10,1.90384e-10,3.38819e-10,3.38819e-10,1.08265,0.0751531,1.00556,0.0120735,0.0514439,0.0266209,0.0248228,,best_validation_checkpoint_0.bin
1483,1140,accepted,1,2.07734e-07,3.95599e-10,1.90299e-10,1.90299e-10,3.38701e-10,3.38701e-10,1.01086,0.0624909,0.946493,0.0113693,0.0453018,0.0226893,0.0226125,,best_validation_checkpoint_1.bin
1484,1141,accepted,1,8.31812e-07,1.978e-10,1.90237e-10,1.90237e-10,3.38489e-10,3.38489e-10,1.03909,0.0606337,0.976625,0.0101543,0.0457932,0.0233942,0.0223989,,best_validation_checkpoint_0.bin
1485,1141,rejected,1,3.29608e-06,1.978e-09,1.90237e-10,1.90237e-10,3.38489e-10,3.38489e-10,1.0007,0.0595006,0.939362,0.0103434,0.0221048,0.0221045,0,,
1486,1142,accepted,0,3.29608e-06,9.88999e-10,1.9007e-10,1.9007e-10,3.38535e-10,3.38489e-10,0,0,0,0.0113367,0.0438765,0.0226459,0.0212306,,
1487,1143,accepted,1,1.30503e-07,4.94499e-10,1.89999e-10,1.89999e-10,3.38446e-10,3.38446e-10,0.934945,0.0599192,0.8731,0.0114988,0.0441668,0.0227498,0.0214168,,best_validation_checkpoint_1.bin
1488,1144,accepted,1,5.31167e-07,2.4725e-10,1.89902e-10,1.89902e-10,3.38256e-10,3.38256e-10,0.94609,0.0627372,0.881016,0.013206,0.0459171,0.024041,0.021876,,best_validation_checkpoint_0.bin
1489,1144,rejected,1,2.11989e-06,2.4725e-09,1.89902e-10,1.89902e-10,3.38256e-10,3.38256e-10,0.932688,0.0636324,0.867038,0.0133397,0.0245037,0.0245034,0,,
1490,1145,accepted,0,2.11989e-06,1.23625e-09,1.89819e-10,1.89819e-10,3.38311e-10,3.38256e-10,0,0,0,0.0117836,0.0461622,0.023322,0.0228402,,
1491,1146,accepted,1,8.37285e-08,6.18124e-10,1.89761e-10,1.89761e-10,3.38243e-10,3.38243e-10,0.939509,0.0619031,0.875496,0.0122796,0.0450916,0.0238552,0.0212363,,best_validation_checkpoint_1.bin
1492,1147,accepted,1,3.40881e-07,3.09062e-10,1.89665e-10,1.89665e-10,3.38089e-10,3.38089e-10,0.941704,0.0640071,0.875894,0.0111629,0.0461002,0.0234235,0.0226766,,best_validation_checkpoint_0.bin
1493,1147,rejected,1,1.3633e-06,3.09062e-09,1.89665e-10,1.89665e-10,3.38089e-10,3.38089e-10,0.919776,0.0616294,0.856255,0.0109844,0.0227594,0.0227591,0,,
1494,1148,accepted,0,1.3633e-06,1.54531e-09,1.89619e-10,1.89619e-10,3.38132e-10,3.38089e-10,0,0,0,0.0118194,0.0458268,0.02373,0.0220967,,
1495,1149,accepted,1,5.3773e-08,7.72655e-10,1.89572e-10,1.89572e-10,3.3808e-10,3.3808e-10,0.927577,0.0587544,0.866945,0.0114564,0.0446103,0.0236051,0.0210052,,best_validation_checkpoint_1.bin
1496,1150,accepted,1,2.18673e-07,3.86328e-10,1.89487e-10,1.89487e-10,3.37961e-10,3.37961e-10,0.939704,0.0649118,0.872741,0.0111722,0.0494456,0.0262763,0.0231693,,best_validation_checkpoint_0.bin
1497,1151,accepted,1,8.75955e-07,1.93164e-10,1.89436e-10,1.89436e-10,3.37754e-10,3.37754e-10,0.943028,0.0617323,0.879383,0.0121364,0.0434935,0.0225346,0.0209589,,best_validation_checkpoint_1.bin
1498,1151,rejected,1,3.47244e-06,1.93164e-09,1.89436e-10,1.89436e-10,3.37754e-10,3.37754e-10,0.934808,0.0612481,0.871688,0.0106223,0.0225517,0.0225515,0,,
1499,1152,accepted,0,3.47244e-06,9.65819e-10,1.89253e-10,1.89253e-10,3.37796e-10,3.37754e-10,0,0,0,0.0110731,0.0452288,0.0227762,0.0224526,,
1500,1153,accepted,1,1.37457e-07,4.8291e-10,1.89182e-10,1.89182e-10,3.37705e-10,3.37705e-10,0.939266,0.062029,0.875423,0.0106095,0.0446004,0.0221985,0.0224018,,best_validation_checkpoint_0.bin
1501,1154,accepted,1,5.59166e-07,2.41455e-10,1.89088e-10,1.89088e-10,3.37516e-10,3.37516e-10,0.938807,0.0608335,0.875984,0.0107315,0.0433485,0.0218172,0.0215313,,best_validation_checkpoint_1.bin
1502,1154,rejected,1,2.23289e-06,2.41455e-09,1.89088e-10,1.89088e-10,3.37516e-10,3.37516e-10,0.949203,0.0599738,0.887143,0.0111307,0.0221793,0.022179,0,,
1503,1155,accepted,0,2.23289e-06,1.20727e-09,1.88999e-10,1.88999e-10,3.37572e-10,3.37516e-10,0,0,0,0.0112948,0.0453628,0.0228316,0.0225311,,
1504,1156,accepted,1,8.81852e-08,6.03637e-10,1.8894e-10,1.8894e-10,3.37503e-10,3.37503e-10,0.936894,0.0589772,0.876174,0.0106033,0.0450304,0.0225966,0.0224338,,best_validation_checkpoint_0.bin
1505,1157,accepted,1,3.5886e-07,3.01818e-10,1.88844e-10,1.88844e-10,3.37348e-10,3.37348e-10,0.944135,0.0591379,0.882903,0.0103903,0.0428395,0.0225586,0.0202808,,best_validation_checkpoint_1.bin
1506,1157,rejected,1,1.43603e-06,3.01818e-09,1.88844e-10,1.88844e-10,3.37348e-10,3.37348e-10,0.920835,0.0587732,0.859958,0.0121653,0.0218212,0.021821,0,,
1507,1158,accepted,0,1.43603e-06,1.50909e-09,1.88795e-10,1.88795e-10,3.37393e-10,3.37348e-10,0,0,0,0.0114279,0.0450185,0.0229317,0.0220867,,
1508,1159,accepted,1,5.66368e-08,7.54546e-10,1.88748e-10,1.88748e-10,3.37341e-10,3.37341e-10,0.938628,0.0592299,0.877521,0.0105693,0.0433682,0.0212106,0.0221576,,best_validation_checkpoint_0.bin
1509,1160,accepted,1,2.3023e-07,3.77273e-10,1.88662e-10,1.88662e-10,3.37219e-10,3.37219e-10,0.964257,0.0638454,0.898568,0.01159,0.0466518,0.0236824,0.0229693,,best_validation_checkpoint_1.bin
1510,1161,accepted,1,9.22675e-07,1.88637e-10,1.88623e-10,1.88623e-10,3.37018e-10,3.37018e-10,0.930976,0.0605954,0.868545,0.0108794,0.0453399,0.0227515,0.0225883,,best_validation_checkpoint_0.bin
1511,1161,rejected,1,3.65902e-06,1.88637e-09,1.88623e-10,1.88623e-10,3.37018e-10,3.37018e-10,0.959376,0.0604506,0.897061,0.0116707,0.0224868,0.0224866,0,,
1512,1162,accepted,0,3.65902e-06,9.43183e-10,1.88424e-10,1.88424e-10,3.37056e-10,3.37018e-10,0,0,0,0.0108634,0.0453499,0.0229061,0.0224437,,
1513,1163,accepted,1,1.448e-07,4.71591e-10,1.88352e-10,1.88352e-10,3.36964e-10,3.36964e-10,0.951797,0.0598369,0.890143,0.0110422,0.0454962,0.0242037,0.0212925,,best_validation_checkpoint_1.bin
1514,1164,accepted,1,5.88705e-07,2.35796e-10,1.88262e-10,1.88262e-10,3.36774e-10,3.36774e-10,0.948431,0.0608443,0.885659,0.0110946,0.0426001,0.0221515,0.0204486,,best_validation_checkpoint_0.bin
1515,1164,rejected,1,2.35246e-06,2.35796e-09,1.88262e-10,1.88262e-10,3.36774e-10,3.36774e-10,0.913013,0.0612526,0.849842,0.0120022,0.0234951,0.0234949,0,,
1516,1165,accepted,0,2.35246e-06,1.17898e-09,1.88165e-10,1.88165e-10,3.36831e-10,3.36774e-10,0,0,0,0.0108724,0.0444184,0.0235011,0.0209172,,
1517,1166,accepted,1,9.2871e-08,5.89489e-10,1.88106e-10,1.88106e-10,3.36762e-10,3.36762e-10,0.909611,0.059207,0.848605,0.0110584,0.0444293,0.022714,0.0217152,,best_validation_checkpoint_1.bin
1518,1167,accepted,1,3.7777e-07,2.94745e-10,1.88011e-10,1.88011e-10,3.36605e-10,3.36605e-10,0.930978,0.06016,0.868945,0.0118924,0.0455937,0.0232873,0.0223064,,best_validation_checkpoint_0.bin
1519,1167,rejected,1,1.51272e-06,2.94745e-09,1.88011e-10,1.88011e-10,3.36605e-10,3.36605e-10,1.07989,0.064742,1.01264,0.0129818,0.0255305,0.0255303,0,,
1520,1168,accepted,0,1.51272e-06,1.47372e-09,1.87959e-10,1.87959e-10,3.36653e-10,3.36605e-10,0,0,0,0.0142372,0.049357,0.0263854,0.0229715,,
1521,1169,accepted,1,5.96456e-08,7.36861e-10,1.87911e-10,1.87911e-10,3.36599e-10,3.36599e-10,0.995125,0.0644546,0.928611,0.0119588,0.0529649,0.0260861,0.0268786,,best_validation_checkpoint_1.bin
1522,1170,accepted,1,2.42362e-07,3.68431e-10,1.87825e-10,1.87825e-10,3.36476e-10,3.36476e-10,1.05324,0.0668791,0.984482,0.0121548,0.0461173,0.0230656,0.0230516,,best_validation_checkpoint_0.bin
1523,1171,accepted,1,9.71876e-07,1.84215e-10,1.878e-10,1.878e-10,3.36281e-10,3.36281e-10,1.02246,0.0601818,0.960423,0.0108468,0.0456503,0.0229524,0.0226979,,best_validation_checkpoint_1.bin
1524,1171,rejected,1,3.85604e-06,1.84215e-09,1.878e-10,1.878e-10,3.36281e-10,3.36281e-10,0.981987,0.0604846,0.919623,0.013864,0.0224629,0.0224626,0,,
1525,1172,accepted,0,3.85604e-06,9.21077e-10,1.87582e-10,1.87582e-10,3.36314e-10,3.36281e-10,0,0,0,0.010307,0.0458351,0.0228369,0.0229982,,
1526,1173,accepted,1,1.52471e-07,4.60538e-10,1.87509e-10,1.87509e-10,3.36221e-10,3.36221e-10,0.974911,0.0589288,0.914253,0.0106229,0.0456492,0.022678,0.0229711,,best_validation_checkpoint_0.bin
1527,1174,accepted,1,6.19573e-07,2.30269e-10,1.87424e-10,1.87424e-10,3.36031e-10,3.36031e-10,1.02063,0.058405,0.960423,0.0111719,0.0456878,0.0227304,0.0229574,,best_validation_checkpoint_1.bin
1528,1174,rejected,1,2.47782e-06,2.30269e-09,1.87424e-10,1.87424e-10,3.36031e-10,3.36031e-10,1.03202,0.0609328,0.969256,0.0113759,0.0226145,0.0226143,0,,
1529,1175,accepted,0,2.47782e-06,1.15135e-09,1.87319e-10,1.87319e-10,3.36089e-10,3.36031e-10,0,0,0,0.011114,0.0450797,0.022721,0.0223586,,
1530,1176,accepted,1,9.77624e-08,5.75673e-10,1.87259e-10,1.87259e-10,3.36018e-10,3.36018e-10,0.970808,0.0586806,0.910278,0.0112336,0.0452489,0.0226583,0.0225905,,best_validation_checkpoint_0.bin
1531,1177,accepted,1,3.97505e-07,2.87837e-10,1.87165e-10,1.87165e-10,3.3586e-10,3.3586e-10,0.980212,0.0589296,0.919333,0.0111119,0.0461627,0.0227582,0.0234044,,best_validation_checkpoint_1.bin
1532,1177,rejected,1,1.59301e-06,2.87837e-09,1.87165e-10,1.87165e-10,3.3586e-10,3.3586e-10,1.00726,0.0596998,0.945653,0.011136,0.0224108,0.0224106,0,,
1533,1178,accepted,0,1.59301e-06,1.43918e-09,1.8711e-10,1.8711e-10,3.3591e-10,3.3586e-10,0,0,0,0.010811,0.0455832,0.0227328,0.0228503,,
1534,1179,accepted,1,6.27822e-08,7.19591e-10,1.87061e-10,1.87061e-10,3.35856e-10,3.35856e-10,0.986851,0.0619353,0.923036,0.0102519,0.042759,0.0223586,0.0204003,,best_validation_checkpoint_0.bin
1535,1180,accepted,1,2.55014e-07,3.59796e-10,1.86974e-10,1.86974e-10,3.35731e-10,3.35731e-10,0.974076,0.0591221,0.913086,0.0104067,0.0454427,0.0229737,0.022469,,best_validation_checkpoint_1.bin
1536,1181,accepted,1,1.02336e-06,1.79898e-10,1.86965e-10,1.86965e-10,3.35544e-10,3.35544e-10,1.00689,0.058592,0.946189,0.0124323,0.0452466,0.0226716,0.022575,,best_validation_checkpoint_0.bin
1537,1181,rejected,1,4.06212e-06,1.79898e-09,1.86965e-10,1.86965e-10,3.35544e-10,3.35544e-10,0.96208,0.0620742,0.898166,0.0109698,0.0221639,0.0221637,0,,
1538,1182,accepted,0,4.06212e-06,8.99489e-10,1.86727e-10,1.86727e-10,3.3557e-10,3.35544e-10,0,0,0,0.011882,0.0454062,0.0229672,0.022439,,
1539,1183,accepted,1,1.60433e-07,4.49745e-10,1.86653e-10,1.86653e-10,3.35475e-10,3.35475e-10,0.995154,0.0601839,0.93306,0.0105195,0.0450153,0.0223561,0.0226591,,best_validation_checkpoint_1.bin
1540,1184,accepted,1,6.51668e-07,2.24872e-10,1.86574e-10,1.86574e-10,3.35286e-10,3.35286e-10,0.981947,0.0599546,0.920073,0.0115433,0.0458807,0.0228992,0.0229815,,best_validation_checkpoint_0.bin
1541,1184,rejected,1,2.60839e-06,2.24872e-09,1.86574e-10,1.86574e-10,3.35286e-10,3.35286e-10,0.98335,0.0605427,0.920951,0.0116375,0.0222999,0.0222997,0,,
1542,1185,accepted,0,2.60839e-06,1.12436e-09,1.8646e-10,1.8646e-10,3.35344e-10,3.35286e-10,0,0,0,0.0111549,0.046269,0.0232808,0.0229881,,
1543,1186,accepted,1,1.02825e-07,5.62181e-10,1.864e-10,1.864e-10,3.35272e-10,3.35272e-10,0.978973,0.0591136,0.917938,0.0112974,0.0451281,0.0225648,0.0225632,,best_validation_checkpoint_1.bin
1544,1187,accepted,1,4.17936e-07,2.8109e-10,1.86306e-10,1.86306e-10,3.35112e-10,3.35112e-10,1.00891,0.0607442,0.946359,0.010491,0.0454466,0.0227337,0.0227129,,best_validation_checkpoint_0.bin
1545,1187,rejected,1,1.67645e-06,2.8109e-09,1.86306e-10,1.86306e-10,3.35112e-10,3.35112e-10,0.987122,0.0599875,0.925261,0.0112861,0.0224607,0.0224607,0,,
1546,1188,accepted,0,1.67645e-06,1.40545e-09,1.86247e-10,1.86247e-10,3.35164e-10,3.35112e-10,0,0,0,0.0110152,0.0455627,0.0227252,0.0228374,,
1547,1189,accepted,1,6.60195e-08,7.02726e-10,1.86198e-10,1.86198e-10,3.3511e-10,3.3511e-10,0.991367,0.0598001,0.929627,0.0113489,0.045419,0.0225504,0.0228685,,best_validation_checkpoint_1.bin
1548,1190,accepted,1,2.6807e-07,3.51363e-10,1.86111e-10,1.86111e-10,3.34983e-10,3.34983e-10,0.972459,0.0661152,0.90405,0.0113257,0.0549694,0.0255737,0.0293957,,best_validation_checkpoint_0.bin
1549,1190,rejected,1,1.0766e-06,3.51363e-09,1.86111e-10,1.86111e-10,3.34983e-10,3.34983e-10,1.03868,0.0701874,0.96655,0.0118152,0.0247223,0.0247221,0,,
1550,1191,accepted,0,1.0766e-06,1.75681e-09,1.86077e-10,1.86077e-10,3.35021e-10,3.34983e-10,0,0,0,0.0120367,0.0472737,0.0230968,0.0241769,,
1551,1192,accepted,1,4.2396e-08,8.78407e-10,1.86038e-10,1.86038e-10,3.34979e-10,3.34979e-10,0.960095,0.0620266,0.896029,0.0116486,0.0468615,0.0239577,0.0229037,,best_validation_checkpoint_1.bin
1552,1193,accepted,1,1.71878e-07,4.39204e-10,1.85963e-10,1.85963e-10,3.34881e-10,3.34881e-10,1.00172,0.071104,0.928659,0.0113902,0.0435899,0.0208574,0.0227325,,best_validation_checkpoint_0.bin
1553,1194,accepted,1,6.9082e-07,2.19602e-10,1.8589e-10,1.8589e-10,3.34691e-10,3.34691e-10,1.08744,0.073521,1.01182,0.011472,0.0511704,0.0237493,0.0274211,,best_validation_checkpoint_1.bin
1554,1194,rejected,1,2.75049e-06,2.19602e-09,1.8589e-10,1.8589e-10,3.34691e-10,3.34691e-10,1.11042,0.0703961,1.03768,0.0140636,0.0238333,0.023833,0,,
1555,1195,accepted,0,2.75049e-06,1.09801e-09,1.85767e-10,1.85767e-10,3.34749e-10,3.34691e-10,0,0,0,0.0137422,0.0541675,0.0275328,0.0266347,,
1556,1196,accepted,1,1.0827e-07,5.49005e-10,1.85705e-10,1.85705e-10,3.34675e-10,3.34675e-10,1.05783,0.0737726,0.982106,0.0119624,0.0462222,0.023388,0.0228341,,best_validation_checkpoint_0.bin
1557,1197,accepted,1,4.39374e-07,2.74502e-10,1.85613e-10,1.85613e-10,3.34513e-10,3.34513e-10,1.17938,0.0777545,1.09782,0.0637126,0.0545229,0.0269795,0.0275434,,best_validation_checkpoint_1.bin
1558,1197,rejected,1,1.76251e-06,2.74502e-09,1.85613e-10,1.85613e-10,3.34513e-10,3.34513e-10,1.0397,0.0726614,0.965243,0.0107386,0.0225045,0.0225042,0,,
1559,1198,accepted,0,1.76251e-06,1.37251e-09,1.8555e-10,1.8555e-10,3.34567e-10,3.34513e-10,0,0,0,0.0110661,0.0476042,0.0241315,0.0234725,,
1560,1199,accepted,1,6.93411e-08,6.86256e-10,1.855e-10,1.855e-10,3.34511e-10,3.34511e-10,1.013,0.0617012,0.94929,0.0109459,0.0425939,0.0224309,0.020163,,best_validation_checkpoint_0.bin
1561,1200,accepted,1,2.81417e-07,3.43128e-10,1.85413e-10,1.85413e-10,3.34382e-10,3.34382e-10,0.995152,0.0620429,0.931056,0.0110386,0.0502239,0.0268772,0.0233466,,best_validation_checkpoint_1.bin
1562,1200,rejected,1,1.13079e-06,3.43128e-09,1.85413e-10,1.85413e-10,3.34382e-10,3.34382e-10,1.03752,0.0667007,0.968349,0.0217993,0.0272478,0.0272476,0,,
1563,1201,accepted,0,1.13079e-06,1.71564e-09,1.85377e-10,1.85377e-10,3.34422e-10,3.34382e-10,0,0,0,0.0184846,0.0552774,0.0291752,0.0261021,,
1564,1202,accepted,1,4.44975e-08,8.5782e-10,1.85337e-10,1.85337e-10,3.34379e-10,3.34379e-10,1.13378,0.0751212,1.05682,0.0109888,0.0470025,0.0231796,0.0238228,,best_validation_checkpoint_0.bin
1565,1203,accepted,1,1.80341e-07,4.2891e-10,1.85262e-10,1.85262e-10,3.3428e-10,3.3428e-10,1.1604,0.0882324,1.07022,0.0110185,0.0459667,0.0228526,0.0231139,,best_validation_checkpoint_1.bin
1566,1204,accepted,1,7.25252e-07,2.14455e-10,1.85195e-10,1.85195e-10,3.34091e-10,3.34091e-10,1.02324,0.0634366,0.957972,0.0106954,0.046542,0.0237972,0.0227448,,best_validation_checkpoint_0.bin
1567,1204,rejected,1,2.88925e-06,2.14455e-09,1.85195e-10,1.85195e-10,3.34091e-10,3.34091e-10,1.01299,0.0620954,0.948945,0.0118345,0.0229139,0.0229137,0,,
1568,1205,accepted,0,2.88925e-06,1.07227e-09,1.85061e-10,1.85061e-10,3.34147e-10,3.34091e-10,0,0,0,0.0117418,0.0451974,0.0226719,0.0225254,,
1569,1206,accepted,1,1.13555e-07,5.36137e-10,1.84999e-10,1.84999e-10,3.34073e-10,3.34073e-10,1.03843,0.0639039,0.97219,0.0119928,0.0426311,0.021922,0.020709,,best_validation_checkpoint_1.bin
1570,1207,accepted,1,4.60719e-07,2.68069e-10,1.84909e-10,1.84909e-10,3.33908e-10,3.33908e-10,1.038,0.0688077,0.966998,0.0144395,0.0535586,0.0282057,0.0253528,,best_validation_checkpoint_0.bin
1571,1207,rejected,1,1.84976e-06,2.68069e-09,1.84909e-10,1.84909e-10,3.33908e-10,3.33908e-10,0.99777,0.0613897,0.933454,0.0227749,0.0321446,0.0321445,0,,
1572,1208,accepted,0,1.84976e-06,1.34034e-09,1.84841e-10,1.84841e-10,3.33964e-10,3.33908e-10,0,0,0,0.0168729,0.0536978,0.0302303,0.0234674,,
1573,1209,accepted,1,7.26918e-08,6.70172e-10,1.8479e-10,1.8479e-10,3.33907e-10,3.33907e-10,1.02558,0.0588258,0.964814,0.0112727,0.0453803,0.0225244,0.0228558,,best_validation_checkpoint_1.bin
1574,1210,accepted,1,2.94952e-07,3.35086e-10,1.84703e-10,1.84703e-10,3.33776e-10,3.33776e-10,1.05892,0.0724784,0.984551,0.0103746,0.0483069,0.0245293,0.0237776,,best_validation_checkpoint_0.bin
1575,1210,rejected,1,1.18614e-06,3.35086e-09,1.84703e-10,1.84703e-10,3.33776e-10,3.33776e-10,0.958154,0.0625362,0.892874,0.029327,0.0263632,0.0263629,0,,
1576,1211,accepted,0,1.18614e-06,1.67543e-09,1.84665e-10,1.84665e-10,3.33818e-10,3.33776e-10,0,0,0,0.0154713,0.0514561,0.0261285,0.0253276,,
1577,1212,accepted,1,4.66392e-08,8.37715e-10,1.84624e-10,1.84624e-10,3.33775e-10,3.33775e-10,1.0186,0.0692622,0.947471,0.0108841,0.0448975,0.0224479,0.0224496,,best_validation_checkpoint_1.bin
1578,1213,accepted,1,1.88977e-07,4.18857e-10,1.84549e-10,1.84549e-10,3.33673e-10,3.33673e-10,1.07571,0.0686468,1.00526,0.0098994,0.0474096,0.0234595,0.02395,,best_validation_checkpoint_0.bin
1579,1214,accepted,1,7.60504e-07,2.09429e-10,1.8449e-10,1.8449e-10,3.33486e-10,3.33486e-10,1.0127,0.0673558,0.943428,0.0103668,0.0513662,0.0236594,0.0277067,,best_validation_checkpoint_1.bin
1580,1214,rejected,1,3.03139e-06,2.09429e-09,1.8449e-10,1.8449e-10,3.33486e-10,3.33486e-10,1.04351,0.0600685,0.981512,0.0102556,0.0230752,0.0230748,0,,
1581,1215,accepted,0,3.03139e-06,1.04714e-09,1.84344e-10,1.84344e-10,3.33541e-10,3.33486e-10,0,0,0,0.0108488,0.0455219,0.0227698,0.0227519,,
1582,1216,accepted,1,1.18951e-07,5.23572e-10,1.84281e-10,1.84281e-10,3.33464e-10,3.33464e-10,1.00222,0.0606145,0.939554,0.0109146,0.0454318,0.0227254,0.0227063,,best_validation_checkpoint_0.bin
1583,1217,accepted,1,4.82502e-07,2.61786e-10,1.84193e-10,1.84193e-10,3.33299e-10,3.33299e-10,0.978661,0.0600579,0.916846,0.0104415,0.0454264,0.0227097,0.0227167,,best_validation_checkpoint_1.bin
1584,1217,rejected,1,1.93883e-06,2.61786e-09,1.84193e-10,1.84193e-10,3.33299e-10,3.33299e-10,1.00739,0.0591987,0.946375,0.0110639,0.0233704,0.0233701,0,,
1585,1218,accepted,0,1.93883e-06,1.30893e-09,1.8412e-10,1.8412e-10,3.33356e-10,3.33299e-10,0,0,0,0.0110353,0.0460886,0.0234499,0.0226386,,
1586,1219,accepted,1,7.60993e-08,6.54464e-10,1.84069e-10,1.84069e-10,3.33298e-10,3.33298e-10,0.970782,0.0577142,0.911217,0.0112669,0.0447623,0.0224358,0.0223263,,best_validation_checkpoint_0.bin
1587,1220,accepted,1,3.08704e-07,3.27232e-10,1.83982e-10,1.83982e-10,3.33164e-10,3.33164e-10,0.975327,0.0584838,0.914993,0.0114284,0.0452456,0.022792,0.0224534,,best_validation_checkpoint_1.bin
1588,1220,rejected,1,1.24258e-06,3.27232e-09,1.83982e-10,1.83982e-10,3.33164e-10,3.33164e-10,0.985274,0.0580676,0.925328,0.01124,0.0223677,0.0223674,0,,
1589,1221,accepted,0,1.24258e-06,1.63616e-09,1.83942e-10,1.83942e-10,3.33208e-10,3.33164e-10,0,0,0,0.0120872,0.044023,0.0225032,0.0215197,,
1590,1222,accepted,1,4.88095e-08,8.18081e-10,1.839e-10,1.839e-10,3.33164e-10,3.33164e-10,0.919618,0.061645,0.856003,0.0124728,0.0454364,0.0228254,0.0226109,,best_validation_checkpoint_0.bin
1591,1223,accepted,1,1.97722e-07,4.0904e-10,1.83824e-10,1.83824e-10,3.33061e-10,3.33061e-10,0.963056,0.0592159,0.901936,0.011155,0.0463362,0.0238048,0.0225314,,best_validation_checkpoint_1.bin
1592,1224,accepted,1,7.96321e-07,2.0452e-10,1.83774e-10,1.83774e-10,3.32875e-10,3.32875e-10,0.974226,0.0595326,0.91291,0.010729,0.0450093,0.0225519,0.0224573,,best_validation_checkpoint_0.bin
1593,1224,rejected,1,3.17594e-06,2.0452e-09,1.83774e-10,1.83774e-10,3.32875e-10,3.32875e-10,0.930985,0.0582193,0.870935,0.0110111,0.0224437,0.0224434,0,,
1594,1225,accepted,0,3.17594e-06,1.0226e-09,1.83615e-10,1.83615e-10,3.32928e-10,3.32875e-10,0,0,0,0.0113776,0.0449688,0.0226655,0.0223032,,
1595,1226,accepted,1,1.24384e-07,5.113e-10,1.83551e-10,1.83551e-10,3.3285e-10,3.3285e-10,0.957558,0.0578539,0.897909,0.0105755,0.0452085,0.0224776,0.0227308,,best_validation_checkpoint_1.bin
1596,1227,accepted,1,5.04419e-07,2.5565e-10,1.83466e-10,1.83466e-10,3.32683e-10,3.32683e-10,0.942202,0.0586718,0.881592,0.0118041,0.0503966,0.0252212,0.0251754,,best_validation_checkpoint_0.bin
1597,1227,rejected,1,2.0291e-06,2.5565e-09,1.83466e-10,1.83466e-10,3.32683e-10,3.32683e-10,0.973545,0.0599988,0.911685,0.0111503,0.0224238,0.0224235,0,,
1598,1228,accepted,0,2.0291e-06,1.27825e-09,1.83388e-10,1.83388e-10,3.32741e-10,3.32683e-10,0,0,0,0.0120531,0.0459093,0.023312,0.0225972,,
1599,1229,accepted,1,7.95153e-08,6.39125e-10,1.83335e-10,1.83335e-10,3.32682e-10,3.32682e-10,0.974167,0.0582215,0.914014,0.0115408,0.0450008,0.0224167,0.0225841,,best_validation_checkpoint_1.bin
1600,1230,accepted,1,3.22513e-07,3.19563e-10,1.83249e-10,1.83249e-10,3.32547e-10,3.32547e-10,0.9664,0.0613006,0.903215,0.0109091,0.0457906,0.0228407,0.0229498,,best_validation_checkpoint_0.bin
1601,1230,rejected,1,1.29943e-06,3.19563e-09,1.83249e-10,1.83249e-10,3.32547e-10,3.32547e-10,1.00267,0.0610005,0.939675,0.0143226,0.0215485,0.0215482,0,,
1602,1231,accepted,0,1.29943e-06,1.59781e-09,1.83206e-10,1.83206e-10,3.32593e-10,3.32547e-10,0,0,0,0.0116506,0.045135,0.0226804,0.0224545,,
1603,1232,accepted,1,5.09811e-08,7.98907e-10,1.83164e-10,1.83164e-10,3.32548e-10,3.32547e-10,1.03253,0.05975,0.970934,0.0118274,0.0455114,0.0226442,0.0228671,,
1604,1233,accepted,1,2.06471e-07,3.99453e-10,1.83087e-10,1.83087e-10,3.32442e-10,3.32442e-10,0.9877,0.0622819,0.923421,0.0130629,0.0450747,0.0225755,0.0224992,,best_validation_checkpoint_1.bin
1605,1234,accepted,1,8.32245e-07,1.99727e-10,1.83047e-10,1.83047e-10,3.3226e-10,3.3226e-10,1.04603,0.0612084,0.983016,0.0115255,0.0455086,0.0227445,0.0227641,,best_validation_checkpoint_0.bin
1606,1234,rejected,1,3.32179e-06,1.99727e-09,1.83047e-10,1.83047e-10,3.3226e-10,3.3226e-10,1.02403,0.0616093,0.960201,0.0123999,0.0244946,0.0244945,0,,
1607,1235,accepted,0,3.32179e-06,9.98634e-10,1.82874e-10,1.82874e-10,3.32309e-10,3.3226e-10,0,0,0,0.0127191,0.0457873,0.0232601,0.022527,,
1608,1236,accepted,1,1.29782e-07,4.99317e-10,1.82809e-10,1.82809e-10,3.3223e-10,3.3223e-10,1.00308,0.0592229,0.941944,0.012937,0.0458761,0.023031,0.0228451,,best_validation_checkpoint_1.bin
1609,1237,accepted,1,5.26229e-07,2.49658e-10,1.82727e-10,1.82727e-10,3.32061e-10,3.32061e-10,1.00668,0.0597304,0.944919,0.0121868,0.0449388,0.0224464,0.0224924,,best_validation_checkpoint_0.bin
1610,1237,rejected,1,2.11926e-06,2.49658e-09,1.82727e-10,1.82727e-10,3.32061e-10,3.32061e-10,1.00873,0.0590673,0.947788,0.0108497,0.0225417,0.0225415,0,,
1611,1238,accepted,0,2.11926e-06,1.24829e-09,1.82643e-10,1.82643e-10,3.32121e-10,3.32061e-10,0,0,0,0.0110173,0.0450042,0.0225097,0.0224944,,
1612,1239,accepted,1,8.28976e-08,6.24146e-10,1.8259e-10,1.8259e-10,3.3206e-10,3.3206e-10,1.01187,0.05907,0.950834,0.0109606,0.045709,0.0228471,0.0228617,,best_validation_checkpoint_1.bin
1613,1240,accepted,1,3.36172e-07,3.12073e-10,1.82504e-10,1.82504e-10,3.31922e-10,3.31922e-10,1.00098,0.0587355,0.940339,0.0133141,0.0471069,0.0243508,0.022756,,best_validation_checkpoint_0.bin
1614,1240,rejected,1,1.35598e-06,3.12073e-09,1.82504e-10,1.82504e-10,3.31922e-10,3.31922e-10,1.04973,0.0629895,0.98488,0.0102421,0.0224675,0.0224672,0,,
1615,1241,accepted,0,1.35598e-06,1.56036e-09,1.82458e-10,1.82458e-10,3.3197e-10,3.31922e-10,0,0,0,0.0112344,0.0448002,0.022461,0.022339,,
1616,1242,accepted,1,5.31269e-08,7.80182e-10,1.82416e-10,1.82416e-10,3.31924e-10,3.31922e-10,1.02301,0.0606999,0.9604,0.0108319,0.0462528,0.0227566,0.0234961,,
1617,1243,accepted,1,2.15108e-07,3.90091e-10,1.82338e-10,1.82338e-10,3.31817e-10,3.31817e-10,1.33098,0.087879,1.24046,0.014846,0.0508355,0.0248306,0.0260048,,best_validation_checkpoint_1.bin
1618,1244,accepted,1,8.67901e-07,1.95046e-10,1.82309e-10,1.82309e-10,3.31638e-10,3.31638e-10,1.14954,0.0729798,1.07281,0.0372524,0.0641773,0.0347386,0.0294387,,best_validation_checkpoint_0.bin
1619,1244,rejected,1,3.46638e-06,1.95046e-09,1.82309e-10,1.82309e-10,3.31638e-10,3.31638e-10,1.24588,0.0768859,1.16551,0.0238232,0.0234605,0.0234603,0,,
1620,1245,accepted,0,3.46638e-06,9.75228e-10,1.82121e-10,1.82121e-10,3.31683e-10,3.31638e-10,0,0,0,0.011619,0.0443357,0.0230567,0.0212789,,
1621,1246,accepted,1,1.35076e-07,4.87614e-10,1.82056e-10,1.82056e-10,3.31602e-10,3.31602e-10,0.98262,0.0585544,0.922161,0.0108587,0.0450917,0.0225314,0.0225602,,best_validation_checkpoint_1.bin
1622,1247,accepted,1,5.47634e-07,2.43807e-10,1.81977e-10,1.81977e-10,3.31432e-10,3.31432e-10,0.980463,0.0594519,0.919233,0.0113763,0.0453952,0.0228385,0.0225567,,best_validation_checkpoint_0.bin
1623,1247,rejected,1,2.20817e-06,2.43807e-09,1.81977e-10,1.81977e-10,3.31432e-10,3.31432e-10,1.01663,0.0588191,0.956082,0.0111872,0.0223558,0.0223555,0,,
1624,1248,accepted,0,2.20817e-06,1.21904e-09,1.81886e-10,1.81886e-10,3.31493e-10,3.31432e-10,0,0,0,0.0116793,0.0451823,0.0228353,0.022347,,
1625,1249,accepted,1,8.62e-08,6.09518e-10,1.81833e-10,1.81833e-10,3.31431e-10,3.31431e-10,0.967032,0.0579299,0.906617,0.0164295,0.0451151,0.0222826,0.0228325,,best_validation_checkpoint_1.bin
1626,1250,accepted,1,3.4951e-07,3.04759e-10,1.81747e-10,1.81747e-10,3.31291e-10,3.31291e-10,1.0329,0.0598491,0.971192,0.0116997,0.0455644,0.0227871,0.0227772,,best_validation_checkpoint_0.bin
1627,1250,rejected,1,1.41146e-06,3.04759e-09,1.81747e-10,1.81747e-10,3.31291e-10,3.31291e-10,1.00984,0.0697137,0.937917,0.0111978,0.0227922,0.0227919,0,,
1628,1251,accepted,0,1.41146e-06,1.52379e-09,1.81699e-10,1.81699e-10,3.31341e-10,3.31291e-10,0,0,0,0.0110836,0.0452535,0.0226854,0.0225681,,
1629,1252,accepted,1,5.52134e-08,7.61897e-10,1.81655e-10,1.81655e-10,3.31294e-10,3.31291e-10,1.01731,0.0568176,0.958767,0.0094084,0.0448308,0.0223937,0.022437,,
1630,1253,accepted,1,2.23506e-07,3.80948e-10,1.81577e-10,1.81577e-10,3.31184e-10,3.31184e-10,0.987347,0.058336,0.927234,0.0107274,0.0451839,0.0227237,0.0224602,,best_validation_checkpoint_1.bin
1631,1254,accepted,1,9.02672e-07,1.90474e-10,1.81561e-10,1.81561e-10,3.3101e-10,3.3101e-10,0.987147,0.0579731,0.92732,0.0117106,0.0453298,0.0226283,0.0227014,,best_validation_checkpoint_0.bin
1632,1254,rejected,1,3.60799e-06,1.90474e-09,1.81561e-10,1.81561e-10,3.3101e-10,3.3101e-10,1.04727,0.06186,0.983599,0.0123304,0.022354,0.0223537,0,,
1633,1255,accepted,0,3.60799e-06,9.52371e-10,1.81356e-10,1.81356e-10,3.3105e-10,3.3101e-10,0,0,0,0.0105033,0.0464898,0.024146,0.0223437,,
1634,1256,accepted,1,1.40188e-07,4.76186e-10,1.8129e-10,1.8129e-10,3.30967e-10,3.30967e-10,1.04112,0.0572998,0.981984,0.0104992,0.04464,0.0223489,0.022291,,best_validation_checkpoint_1.bin
1635,1257,accepted,1,5.6832e-07,2.38093e-10,1.81215e-10,1.81215e-10,3.30796e-10,3.30796e-10,1.00605,0.0573693,0.9469,0.0108091,0.0453733,0.0225597,0.0228136,,best_validation_checkpoint_0.bin
1636,1257,rejected,1,2.29471e-06,2.38093e-09,1.81215e-10,1.81215e-10,3.30796e-10,3.30796e-10,0.993208,0.0585512,0.932857,0.0102635,0.0228344,0.0228341,0,,
1637,1258,accepted,0,2.29471e-06,1.19046e-09,1.81117e-10,1.81117e-10,3.30858e-10,3.30796e-10,0,0,0,0.0114857,0.0454207,0.0228975,0.022523,,
1638,1259,accepted,1,8.93718e-08,5.95232e-10,1.81063e-10,1.81063e-10,3.30795e-10,3.30795e-10,1.00015,0.0580714,0.940132,0.0115938,0.0446477,0.022377,0.0222707,,best_validation_checkpoint_1.bin
1639,1260,accepted,1,3.62314e-07,2.97616e-10,1.80978e-10,1.80978e-10,3.30652e-10,3.30652e-10,1.00871,0.0585456,0.948407,0.0103288,0.0436105,0.0221821,0.0214283,,best_validation_checkpoint_0.bin
1640,1260,rejected,1,1.46502e-06,2.97616e-09,1.80978e-10,1.80978e-10,3.30652e-10,3.30652e-10,1.00237,0.0582506,0.942334,0.0108143,0.022599,0.0225987,0,,
1641,1261,accepted,0,1.46502e-06,1.48808e-09,1.80927e-10,1.80927e-10,3.30704e-10,3.30652e-10,0,0,0,0.0117273,0.045126,0.022672,0.022454,,
1642,1262,accepted,1,5.72143e-08,7.4404e-10,1.80883e-10,1.80883e-10,3.30656e-10,3.30652e-10,1.01678,0.0578298,0.957209,0.0116678,0.045017,0.0225419,0.022475,,
1643,1263,accepted,1,2.31531e-07,3.7202e-10,1.80804e-10,1.80804e-10,3.30544e-10,3.30544e-10,1.0189,0.0568795,0.960161,0.0109324,0.0449998,0.0226048,0.022395,,best_validation_checkpoint_1.bin
1644,1264,accepted,1,9.36151e-07,1.8601e-10,1.80802e-10,1.80802e-10,3.30374e-10,3.30374e-10,0.984576,0.0580615,0.924715,0.0110711,0.0446483,0.0223566,0.0222916,,best_validation_checkpoint_0.bin
1645,1264,rejected,1,3.74514e-06,1.8601e-09,1.80802e-10,1.80802e-10,3.30374e-10,3.30374e-10,1.01333,0.0573363,0.954223,0.0108242,0.0224202,0.02242,0,,
1646,1265,accepted,0,3.74514e-06,9.3005e-10,1.80579e-10,1.80579e-10,3.30409e-10,3.30374e-10,0,0,0,0.0113587,0.0451503,0.0227175,0.0224327,,
1647,1266,accepted,1,1.45025e-07,4.65025e-10,1.80512e-10,1.80512e-10,3.30324e-10,3.30324e-10,0.987283,0.0569679,0.928527,0.0108831,0.044892,0.0226242,0.0222678,,best_validation_checkpoint_1.bin
1648,1267,accepted,1,5.87928e-07,2.32512e-10,1.80442e-10,1.80442e-10,3.30152e-10,3.30152e-10,0.994754,0.0613098,0.931625,0.0104073,0.0450907,0.0224297,0.0226608,,best_validation_checkpoint_0.bin
1649,1267,rejected,1,2.37732e-06,2.32512e-09,1.80442e-10,1.80442e-10,3.30152e-10,3.30152e-10,0.988764,0.0594589,0.927476,0.010928,0.0223871,0.0223869,0,,
1650,1268,accepted,0,2.37732e-06,1.16256e-09,1.80336e-10,1.80336e-10,3.30214e-10,3.30152e-10,0,0,0,0.0114247,0.04519,0.0227571,0.0224328,,
1651,1269,accepted,1,9.23654e-08,5.81281e-10,1.80281e-10,1.80281e-10,3.3015e-10,3.3015e-10,0.97551,0.0581591,0.915583,0.0111253,0.0451348,0.0225476,0.0225872,,best_validation_checkpoint_1.bin
1652,1270,accepted,1,3.74384e-07,2.90641e-10,1.80197e-10,1.80197e-10,3.30005e-10,3.30005e-10,0.988148,0.0603213,0.926038,0.0112268,0.0448047,0.0224693,0.0223354,,best_validation_checkpoint_0.bin
1653,1270,rejected,1,1.51599e-06,2.90641e-09,1.80197e-10,1.80197e-10,3.30005e-10,3.30005e-10,1.00435,0.0590145,0.943575,0.01095,0.022444,0.0224437,0,,
1654,1271,accepted,0,1.51599e-06,1.4532e-09,1.80143e-10,1.80143e-10,3.30059e-10,3.30005e-10,0,0,0,0.011307,0.0454442,0.0227636,0.0226805,,
1655,1272,accepted,1,5.90939e-08,7.26602e-10,1.80098e-10,1.80098e-10,3.3001e-10,3.30005e-10,0.987231,0.0584993,0.926879,0.0103115,0.0450815,0.0225935,0.022488,,
1656,1273,accepted,1,2.39071e-07,3.63301e-10,1.80019e-10,1.80019e-10,3.29895e-10,3.29895e-10,1.01628,0.0578503,0.956675,0.0105421,0.0451704,0.0225392,0.0226312,,best_validation_checkpoint_1.bin
1657,1273,rejected,1,9.67752e-07,3.63301e-09,1.80019e-10,1.80019e-10,3.29895e-10,3.29895e-10,0.983756,0.0586158,0.92332,0.0110604,0.0227221,0.0227218,0,,
1658,1274,accepted,0,9.67752e-07,1.8165e-09,1.79988e-10,1.79988e-10,3.29934e-10,3.29895e-10,0,0,0,0.0107133,0.0454738,0.0228032,0.0226705,,
1659,1275,accepted,1,3.78519e-08,9.08252e-10,1.79952e-10,1.79952e-10,3.29896e-10,3.29895e-10,1.00662,0.0580866,0.946572,0.0102981,0.044715,0.0224548,0.02226,,
1660,1276,accepted,1,1.52803e-07,4.54126e-10,1.79884e-10,1.79884e-10,3.29808e-10,3.29808e-10,1.00227,0.0583038,0.942082,0.0115045,0.0450762,0.0224967,0.0225795,,best_validation_checkpoint_0.bin
1661,1277,accepted,1,6.18047e-07,2.27063e-10,1.79819e-10,1.79819e-10,3.29634e-10,3.29634e-10,1.03952,0.0579423,0.979639,0.0100622,0.0448423,0.0224201,0.0224222,,best_validation_checkpoint_1.bin
1662,1277,rejected,1,2.4805e-06,2.27063e-09,1.79819e-10,1.79819e-10,3.29634e-10,3.29634e-10,1.03714,0.0582751,0.97709,0.0108864,0.022447,0.0224468,0,,
1663,1278,accepted,0,2.4805e-06,1.13531e-09,1.79705e-10,1.79705e-10,3.29696e-10,3.29634e-10,0,0,0,0.0114619,0.045402,0.0228533,0.0225487,,
1664,1279,accepted,1,9.6104e-08,5.67657e-10,1.79649e-10,1.79649e-10,3.2963e-10,3.2963e-10,1.06341,0.0581796,1.00338,0.0108896,0.0447676,0.0224982,0.0222693,,best_validation_checkpoint_0.bin
1665,1280,accepted,1,3.887e-07,2.83829e-10,1.79566e-10,1.79566e-10,3.29481e-10,3.29481e-10,1.03102,0.0587061,0.970615,0.0102638,0.0446463,0.0224131,0.0222332,,best_validation_checkpoint_1.bin
1666,1280,rejected,1,1.57288e-06,2.83829e-09,1.79566e-10,1.79566e-10,3.29481e-10,3.29481e-10,1.03657,0.0595254,0.97529,0.0107809,0.0225051,0.0225049,0,,
1667,1281,accepted,0,1.57288e-06,1.41914e-09,1.79508e-10,1.79508e-10,3.29537e-10,3.29481e-10,0,0,0,0.01063,0.0448956,0.0224154,0.02248,,
1668,1282,accepted,1,6.12005e-08,7.09572e-10,1.79462e-10,1.79462e-10,3.29487e-10,3.29481e-10,1.00642,0.0581918,0.946376,0.0108063,0.0452169,0.0227533,0.0224636,,
1669,1283,accepted,1,2.474e-07,3.54786e-10,1.79383e-10,1.79383e-10,3.29369e-10,3.29369e-10,0.987772,0.0580953,0.927865,0.0106835,0.0453585,0.0227866,0.0225718,,best_validation_checkpoint_0.bin
1670,1283,rejected,1,1.0019e-06,3.54786e-09,1.79383e-10,1.79383e-10,3.29369e-10,3.29369e-10,1.0414,0.0601605,0.979447,0.0112187,0.022466,0.0224657,0,,
1671,1284,accepted,0,1.0019e-06,1.77393e-09,1.79351e-10,1.79351e-10,3.2941e-10,3.29369e-10,0,0,0,0.0113073,0.0449377,0.0226258,0.0223118,,
1672,1285,accepted,1,3.91394e-08,8.86965e-10,1.79314e-10,1.79314e-10,3.29372e-10,3.29369e-10,1.03706,0.0583977,0.976849,0.0116152,0.0448055,0.0223371,0.0224684,,
1673,1286,accepted,1,1.57922e-07,4.43482e-10,1.79245e-10,1.79245e-10,3.29281e-10,3.29281e-10,1.02586,0.0592618,0.9647,0.011729,0.0449054,0.0223728,0.0225325,,best_validation_checkpoint_1.bin
1674,1287,accepted,1,6.39115e-07,2.21741e-10,1.79186e-10,1.79186e-10,3.29106e-10,3.29106e-10,1.00365,0.0625913,0.938483,0.0104075,0.0449762,0.022469,0.0225071,,best_validation_checkpoint_0.bin
1675,1287,rejected,1,2.5664e-06,2.21741e-09,1.79186e-10,1.79186e-10,3.29106e-10,3.29106e-10,0.986765,0.0578343,0.927119,0.0106049,0.0226991,0.0226988,0,,
1676,1288,accepted,0,2.5664e-06,1.10871e-09,1.79063e-10,1.79063e-10,3.29168e-10,3.29106e-10,0,0,0,0.0122193,0.04526,0.0228625,0.0223974,,
1677,1289,accepted,1,9.9207e-08,5.54353e-10,1.79006e-10,1.79006e-10,3.291e-10,3.291e-10,0.992039,0.0577331,0.93254,0.0109637,0.0470253,0.0245124,0.0225128,,best_validation_checkpoint_1.bin
1678,1290,accepted,1,4.01153e-07,2.77176e-10,1.78924e-10,1.78924e-10,3.28949e-10,3.28949e-10,1.02451,0.0583987,0.964146,0.0106849,0.0449073,0.0224704,0.0224369,,best_validation_checkpoint_0.bin
1679,1290,rejected,1,1.62477e-06,2.77176e-09,1.78924e-10,1.78924e-10,3.28949e-10,3.28949e-10,1.02147,0.058021,0.961585,0.0102214,0.0223752,0.022375,0,,
1680,1291,accepted,0,1.62477e-06,1.38588e-09,1.78862e-10,1.78862e-10,3.29006e-10,3.28949e-10,0,0,0,0.0115318,0.0454114,0.0224661,0.0229451,,
1681,1292,accepted,1,6.31264e-08,6.92941e-10,1.78816e-10,1.78816e-10,3.28955e-10,3.28949e-10,1.01648,0.0572692,0.957473,0.0100792,0.045002,0.0224907,0.0225111,,
1682,1293,accepted,1,2.55104e-07,3.46471e-10,1.78737e-10,1.78737e-10,3.28834e-10,3.28834e-10,1.0146,0.0575648,0.955196,0.012067,0.045195,0.0225539,0.022641,,best_validation_checkpoint_1.bin
1683,1293,rejected,1,1.03399e-06,3.46471e-09,1.78737e-10,1.78737e-10,3.28834e-10,3.28834e-10,0.985195,0.0576845,0.925735,0.0106146,0.022426,0.0224258,0,,
1684,1294,accepted,0,1.03399e-06,1.73235e-09,1.78702e-10,1.78702e-10,3.28877e-10,3.28834e-10,0,0,0,0.0115873,0.0466755,0.0242026,0.0224727,,
1685,1295,accepted,1,4.03562e-08,8.66176e-10,1.78665e-10,1.78665e-10,3.28838e-10,3.28834e-10,0.995051,0.0584376,0.934804,0.0112668,0.045117,0.0226101,0.0225069,,
1686,1296,accepted,1,1.62759e-07,4.33088e-10,1.78596e-10,1.78596e-10,3.28745e-10,3.28745e-10,0.977114,0.0582763,0.916972,0.0107531,0.0451636,0.0226731,0.0224903,,best_validation_checkpoint_0.bin
1687,1297,accepted,1,6.5917e-07,2.16544e-10,1.78543e-10,1.78543e-10,3.2857e-10,3.2857e-10,0.992971,0.0599213,0.931234,0.0112044,0.0448101,0.0224254,0.0223847,,best_validation_checkpoint_1.bin
1688,1297,rejected,1,2.64881e-06,2.16544e-09,1.78543e-10,1.78543e-10,3.2857e-10,3.2857e-10,0.986513,0.0601287,0.924594,0.011639,0.0224085,0.0224082,0,,
1689,1298,accepted,0,2.64881e-06,1.08272e-09,1.78409e-10,1.78409e-10,3.28631e-10,3.2857e-10,0,0,0,0.0103034,0.0455459,0.0224555,0.0230903,,
1690,1299,accepted,1,1.02181e-07,5.4136e-10,1.78352e-10,1.78352e-10,3.28561e-10,3.28561e-10,0.99078,0.0607832,0.927976,0.0108371,0.0476284,0.0248258,0.0228025,,best_validation_checkpoint_0.bin
1691,1300,accepted,1,4.13078e-07,2.7068e-10,1.78272e-10,1.78272e-10,3.28407e-10,3.28407e-10,1.0055,0.0612479,0.942439,0.0107302,0.0450536,0.0227032,0.0223504,,best_validation_checkpoint_1.bin
1692,1300,rejected,1,1.67464e-06,2.7068e-09,1.78272e-10,1.78272e-10,3.28407e-10,3.28407e-10,0.998404,0.0586889,0.937654,0.0114612,0.0227222,0.0227219,0,,
1693,1301,accepted,0,1.67464e-06,1.3534e-09,1.78205e-10,1.78205e-10,3.28467e-10,3.28407e-10,0,0,0,0.0105348,0.0450827,0.0226564,0.0224262,,
1694,1302,accepted,1,6.49863e-08,6.767e-10,1.78158e-10,1.78158e-10,3.28414e-10,3.28407e-10,1.00585,0.0577247,0.946201,0.0112237,0.0448288,0.0223863,0.0224424,,
1695,1303,accepted,1,2.62505e-07,3.3835e-10,1.78079e-10,1.78079e-10,3.28291e-10,3.28291e-10,1.0189,0.0587383,0.958251,0.0101755,0.0448666,0.0224158,0.0224507,,best_validation_checkpoint_0.bin
1696,1303,rejected,1,1.06492e-06,3.3835e-09,1.78079e-10,1.78079e-10,3.28291e-10,3.28291e-10,1.05587,0.0600903,0.993861,0.0109839,0.0225218,0.0225214,0,,
1697,1304,accepted,0,1.06492e-06,1.69175e-09,1.78043e-10,1.78043e-10,3.28336e-10,3.28291e-10,0,0,0,0.0106766,0.0449772,0.0225392,0.0224379,,
1698,1305,accepted,1,4.15305e-08,8.45875e-10,1.78005e-10,1.78005e-10,3.28295e-10,3.28291e-10,1.03893,0.0574878,0.979734,0.0104849,0.0448922,0.0223329,0.0225593,,
1699,1306,accepted,1,1.67403e-07,4.22938e-10,1.77935e-10,1.77935e-10,3.282e-10,3.282e-10,1.01518,0.0570847,0.956326,0.0104035,0.0449764,0.0224145,0.0225618,,best_validation_checkpoint_1.bin
1700,1307,accepted,1,6.78438e-07,2.11469e-10,1.77889e-10,1.77889e-10,3.28024e-10,3.28024e-10,0.968359,0.057344,0.909238,0.0107512,0.0450375,0.0225829,0.0224546,,best_validation_checkpoint_0.bin
1701,1307,rejected,1,2.72786e-06,2.11469e-09,1.77889e-10,1.77889e-10,3.28024e-10,3.28024e-10,0.973486,0.0595064,0.912263,0.0109158,0.022512,0.0225117,0,,
1702,1308,accepted,0,2.72786e-06,1.05734e-09,1.77745e-10,1.77745e-10,3.28085e-10,3.28024e-10,0,0,0,0.0109483,0.0450495,0.0225099,0.0225395,,
1703,1309,accepted,1,1.05071e-07,5.28672e-10,1.77686e-10,1.77686e-10,3.28013e-10,3.28013e-10,1.01546,0.0567225,0.957035,0.0105137,0.0451782,0.0224734,0.0227047,,best_validation_checkpoint_1.bin
1704,1310,accepted,1,4.2458e-07,2.64336e-10,1.77608e-10,1.77608e-10,3.27856e-10,3.27856e-10,1.03088,0.059912,0.969038,0.0110818,0.0449574,0.0224615,0.0224959,,best_validation_checkpoint_0.bin
1705,1310,rejected,1,1.7228e-06,2.64336e-09,1.77608e-10,1.77608e-10,3.27856e-10,3.27856e-10,1.01807,0.0570737,0.959165,0.0108227,0.0224756,0.0224756,0,,
1706,1311,accepted,0,1.7228e-06,1.32168e-09,1.77537e-10,1.77537e-10,3.27918e-10,3.27856e-10,0,0,0,0.010836,0.0449561,0.0224861,0.02247,,
1707,1312,accepted,1,6.67982e-08,6.6084e-10,1.7749e-10,1.7749e-10,3.27863e-10,3.27856e-10,0.97348,0.0580149,0.913645,0.0111324,0.0454852,0.0228328,0.0226523,,
1708,1313,accepted,1,2.69669e-07,3.3042e-10,1.7741e-10,1.7741e-10,3.27737e-10,3.27737e-10,1.01408,0.0576101,0.954648,0.0112421,0.0448554,0.0224822,0.0223731,,best_validation_checkpoint_1.bin
1709,1313,rejected,1,1.09469e-06,3.3042e-09,1.7741e-10,1.7741e-10,3.27737e-10,3.27737e-10,1.0061,0.0576341,0.946682,0.0112511,0.0223671,0.0223669,0,,
1710,1314,accepted,0,1.09469e-06,1.6521e-09,1.77372e-10,1.77372e-10,3.27784e-10,3.27737e-10,0,0,0,0.0110054,0.0451842,0.0226305,0.0225536,,
1711,1315,accepted,1,4.26814e-08,8.2605e-10,1.77333e-10,1.77333e-10,3.27743e-10,3.27737e-10,0.999638,0.0586891,0.939068,0.0110779,0.0455438,0.022969,0.0225747,,
1712,1316,accepted,1,1.7192e-07,4.13025e-10,1.77262e-10,1.77262e-10,3.27645e-10,3.27645e-10,1.01488,0.0572137,0.955865,0.0105297,0.0449296,0.0223662,0.0225634,,best_validation_checkpoint_0.bin
1713,1317,accepted,1,6.97078e-07,2.06513e-10,1.77224e-10,1.77224e-10,3.27469e-10,3.27469e-10,0.964927,0.057315,0.905726,0.0106324,0.0447279,0.0224274,0.0223005,,best_validation_checkpoint_1.bin
1714,1317,rejected,1,2.80428e-06,2.06513e-09,1.77224e-10,1.77224e-10,3.27469e-10,3.27469e-10,0.982446,0.0563504,0.924336,0.0106405,0.022544,0.0225438,0,,
1715,1318,accepted,0,2.80428e-06,1.03256e-09,1.77069e-10,1.77069e-10,3.27528e-10,3.27469e-10,0,0,0,0.0102031,0.0450798,0.0227023,0.0223773,,
1716,1319,accepted,1,1.07921e-07,5.16281e-10,1.77009e-10,1.77009e-10,3.27455e-10,3.27455e-10,1.02786,0.0564601,0.969558,0.0102597,0.0452722,0.0224827,0.0227895,,best_validation_checkpoint_0.bin
1717,1320,accepted,1,4.35868e-07,2.58141e-10,1.76933e-10,1.76933e-10,3.27295e-10,3.27295e-10,1.03386,0.0587675,0.973337,0.0092367,0.0448542,0.0223606,0.0224936,,best_validation_checkpoint_1.bin
1718,1320,rejected,1,1.7695e-06,2.58141e-09,1.76933e-10,1.76933e-10,3.27295e-10,3.27295e-10,1.02368,0.0581248,0.963739,0.0110103,0.0225675,0.0225674,0,,
1719,1321,accepted,0,1.7695e-06,1.2907e-09,1.76858e-10,1.76858e-10,3.27358e-10,3.27295e-10,0,0,0,0.0116597,0.0452953,0.0228156,0.0224796,,
1720,1322,accepted,1,6.86106e-08,6.45352e-10,1.76809e-10,1.76809e-10,3.27303e-10,3.27295e-10,0.992978,0.057551,0.93362,0.011148,0.0448484,0.0224288,0.0224196,,
1721,1323,accepted,1,2.76761e-07,3.22676e-10,1.7673e-10,1.7673e-10,3.27173e-10,3.27173e-10,1.06672,0.0647998,1.0001,0.0107163,0.046144,0.0233192,0.0228246,,best_validation_checkpoint_0.bin
1722,1323,rejected,1,1.12389e-06,3.22676e-09,1.7673e-10,1.7673e-10,3.27173e-10,3.27173e-10,1.04761,0.0614133,0.984456,0.010991,0.0232615,0.0232612,0,,
1723,1324,accepted,0,1.12389e-06,1.61338e-09,1.76689e-10,1.76689e-10,3.27222e-10,3.27173e-10,0,0,0,0.0110314,0.0462757,0.0234009,0.0228748,,
1724,1325,accepted,1,4.38379e-08,8.0669e-10,1.7665e-10,1.7665e-10,3.2718e-10,3.27173e-10,1.01609,0.0615354,0.952609,0.0105799,0.0479206,0.0234521,0.0244683,,
1725,1326,accepted,1,1.76418e-07,4.03345e-10,1.76579e-10,1.76579e-10,3.2708e-10,3.2708e-10,1.01711,0.0608406,0.954545,0.0106204,0.045184,0.0225132,0.0226707,,best_validation_checkpoint_1.bin
1726,1327,accepted,1,7.15429e-07,2.01672e-10,1.76549e-10,1.76549e-10,3.26904e-10,3.26904e-10,0.998421,0.0603981,0.936193,0.0121754,0.0451421,0.0225858,0.0225563,,best_validation_checkpoint_0.bin
1727,1327,rejected,1,2.87914e-06,2.01672e-09,1.76549e-10,1.76549e-10,3.26904e-10,3.26904e-10,1.0146,0.0592564,0.953572,0.0117387,0.0224663,0.0224661,0,,
1728,1328,accepted,0,2.87914e-06,1.00836e-09,1.76381e-10,1.76381e-10,3.26961e-10,3.26904e-10,0,0,0,0.0110737,0.0449066,0.0225647,0.0223419,,
1729,1329,accepted,1,1.10844e-07,5.04181e-10,1.76321e-10,1.76321e-10,3.26886e-10,3.26886e-10,1.02398,0.0567384,0.965526,0.0110451,0.0449056,0.0225774,0.0223282,,best_validation_checkpoint_1.bin
1730,1330,accepted,1,4.47276e-07,2.52091e-10,1.76247e-10,1.76247e-10,3.26723e-10,3.26723e-10,1.01092,0.0580644,0.951065,0.0110356,0.0450835,0.0225177,0.0225656,,best_validation_checkpoint_0.bin
1731,1330,rejected,1,1.81604e-06,2.52091e-09,1.76247e-10,1.76247e-10,3.26723e-10,3.26723e-10,1.02468,0.0573123,0.965601,0.0101851,0.0224486,0.0224484,0,,
1732,1331,accepted,0,1.81604e-06,1.26045e-09,1.76166e-10,1.76166e-10,3.26788e-10,3.26723e-10,0,0,0,0.0108318,0.0439725,0.0224412,0.0215313,,
1733,1332,accepted,1,7.05005e-08,6.30226e-10,1.76117e-10,1.76117e-10,3.26731e-10,3.26723e-10,1.02415,0.0567211,0.965561,0.0107357,0.0449933,0.0226077,0.0223856,,
1734,1333,accepted,1,2.84066e-07,3.15113e-10,1.76038e-10,1.76038e-10,3.26598e-10,3.26598e-10,1.02848,0.0569691,0.969792,0.010092,0.0447687,0.0223455,0.0224232,,best_validation_checkpoint_1.bin
1735,1333,rejected,1,1.15334e-06,3.15113e-09,1.76038e-10,1.76038e-10,3.26598e-10,3.26598e-10,1.0187,0.0563644,0.9605,0.0120824,0.0224065,0.0224063,0,,
1736,1334,accepted,0,1.15334e-06,1.57557e-09,1.75995e-10,1.75995e-10,3.2665e-10,3.26598e-10,0,0,0,0.0108893,0.0445103,0.0227229,0.0217873,,
1737,1335,accepted,1,4.50577e-08,7.87783e-10,1.75955e-10,1.75955e-10,3.26606e-10,3.26598e-10,0.983664,0.0564926,0.925455,0.0109716,0.0449131,0.0225936,0.0223194,,
1738,1336,accepted,1,1.81108e-07,3.93891e-10,1.75883e-10,1.75883e-10,3.26503e-10,3.26503e-10,1.00452,0.0569258,0.945746,0.0106601,0.0433183,0.0224007,0.0209175,,best_validation_checkpoint_0.bin
1739,1337,accepted,1,7.34166e-07,1.96946e-10,1.75863e-10,1.75863e-10,3.26327e-10,3.26327e-10,0.986009,0.0568885,0.927347,0.0098003,0.0441075,0.0215173,0.0225902,,best_validation_checkpoint_1.bin
1740,1337,rejected,1,2.95466e-06,1.96946e-09,1.75863e-10,1.75863e-10,3.26327e-10,3.26327e-10,1.01991,0.060372,0.957676,0.0097643,0.0227272,0.0227269,0,,
1741,1338,accepted,0,2.95466e-06,9.84729e-10,1.75682e-10,1.75682e-10,3.26383e-10,3.26327e-10,0,0,0,0.0109978,0.0450017,0.0225763,0.0224254,,
1742,1339,accepted,1,1.14009e-07,4.92364e-10,1.75621e-10,1.75621e-10,3.26306e-10,3.26306e-10,1.00442,0.0573345,0.945312,0.011507,0.0448848,0.0225035,0.0223811,,best_validation_checkpoint_0.bin
1743,1340,accepted,1,4.59455e-07,2.46182e-10,1.7555e-10,1.7555e-10,3.2614e-10,3.2614e-10,1.01285,0.0571051,0.953925,0.0101041,0.0450547,0.02238,0.0226747,,best_validation_checkpoint_1.bin
1744,1340,rejected,1,1.86436e-06,2.46182e-09,1.7555e-10,1.7555e-10,3.2614e-10,3.2614e-10,1.01217,0.0588549,0.951572,0.0103571,0.0225137,0.0225135,0,,
1745,1341,accepted,0,1.86436e-06,1.23091e-09,1.75463e-10,1.75463e-10,3.26207e-10,3.2614e-10,0,0,0,0.0109611,0.0448403,0.0225032,0.0223369,,
1746,1342,accepted,1,7.25986e-08,6.15455e-10,1.75414e-10,1.75414e-10,3.26148e-10,3.2614e-10,1.0189,0.0575839,0.959527,0.0103796,0.0449019,0.0223943,0.0225075,,
1747,1343,accepted,1,2.92045e-07,3.07728e-10,1.75334e-10,1.75334e-10,3.26012e-10,3.26012e-10,1.02827,0.0595048,0.966956,0.011048,0.0452809,0.022614,0.0226667,,best_validation_checkpoint_0.bin
1748,1343,rejected,1,1.18457e-06,3.07728e-09,1.75334e-10,1.75334e-10,3.26012e-10,3.26012e-10,0.984241,0.0564172,0.926042,0.0099142,0.0224735,0.0224733,0,,
1749,1344,accepted,0,1.18457e-06,1.53864e-09,1.75289e-10,1.75289e-10,3.26065e-10,3.26012e-10,0,0,0,0.0113138,0.045023,0.0225622,0.0224607,,
1750,1345,accepted,1,4.64267e-08,7.69319e-10,1.75249e-10,1.75249e-10,3.26021e-10,3.26012e-10,1.01221,0.0576691,0.952659,0.0103611,0.0449407,0.022373,0.0225676,,
1751,1346,accepted,1,1.86307e-07,3.8466e-10,1.75176e-10,1.75176e-10,3.25915e-10,3.25915e-10,0.985112,0.0565583,0.926841,0.0108148,0.0451719,0.0228578,0.022314,,best_validation_checkpoint_1.bin
1752,1347,accepted,1,7.54429e-07,1.9233e-10,1.75166e-10,1.75166e-10,3.2574e-10,3.2574e-10,0.995065,0.0575817,0.935667,0.0108785,0.045134,0.0226407,0.0224932,,best_validation_checkpoint_0.bin
1753,1347,rejected,1,3.03439e-06,1.9233e-09,1.75166e-10,1.75166e-10,3.2574e-10,3.2574e-10,0.99945,0.0579755,0.939702,0.0113916,0.0225582,0.0225579,0,,
1754,1348,accepted,0,3.03439e-06,9.61649e-10,1.74971e-10,1.74971e-10,3.25794e-10,3.2574e-10,0,0,0,0.0112117,0.0451086,0.0225075,0.022601,,
1755,1349,accepted,1,1.17684e-07,4.80825e-10,1.74909e-10,1.74909e-10,3.25714e-10,3.25714e-10,1.0013,0.0570842,0.942361,0.0112988,0.0452308,0.0226971,0.0225337,,best_validation_checkpoint_1.bin
1756,1350,accepted,1,4.73349e-07,2.40412e-10,1.74841e-10,1.74841e-10,3.25545e-10,3.25545e-10,1.03289,0.0582879,0.972724,0.0102853,0.0449755,0.0224826,0.0224928,,best_validation_checkpoint_0.bin
1757,1350,rejected,1,1.91757e-06,2.40412e-09,1.74841e-10,1.74841e-10,3.25545e-10,3.25545e-10,1.02242,0.0573009,0.963328,0.010276,0.0224502,0.0224499,0,,
1758,1351,accepted,0,1.91757e-06,1.20206e-09,1.74749e-10,1.74749e-10,3.25614e-10,3.25545e-10,0,0,0,0.0119969,0.045178,0.022677,0.0225009,,
1759,1352,accepted,1,7.50859e-08,6.01031e-10,1.74698e-10,1.74698e-10,3.25553e-10,3.25545e-10,0.980936,0.0572951,0.921834,0.0109364,0.0459293,0.0233499,0.0225794,,
1760,1353,accepted,1,3.01384e-07,3.00515e-10,1.74619e-10,1.74619e-10,3.25414e-10,3.25414e-10,1.02049,0.0572272,0.961336,0.0117272,0.045119,0.0224069,0.0227121,,best_validation_checkpoint_1.bin
1761,1353,rejected,1,1.21992e-06,3.00515e-09,1.74619e-10,1.74619e-10,3.25414e-10,3.25414e-10,0.993753,0.0604822,0.931563,0.0110155,0.0226974,0.0226972,0,,
1762,1354,accepted,0,1.21992e-06,1.50258e-09,1.74571e-10,1.74571e-10,3.2547e-10,3.25414e-10,0,0,0,0.0117425,0.0463188,0.0232059,0.0231127,,
1763,1355,accepted,1,4.80684e-08,7.51288e-10,1.7453e-10,1.7453e-10,3.25424e-10,3.25414e-10,0.991306,0.0576199,0.93186,0.0112512,0.0447425,0.0223838,0.0223587,,
1764,1356,accepted,1,1.9249e-07,3.75644e-10,1.74458e-10,1.74458e-10,3.25315e-10,3.25315e-10,1.01415,0.0569785,0.955359,0.0116507,0.0449441,0.0223943,0.0225497,,best_validation_checkpoint_0.bin
1765,1357,accepted,1,7.77787e-07,1.87822e-10,1.74458e-10,1.74458e-10,3.25141e-10,3.25141e-10,0.995728,0.0573066,0.936588,0.0104382,0.0449905,0.0223348,0.0226555,,best_validation_checkpoint_1.bin
1766,1357,rejected,1,3.12458e-06,1.87822e-09,1.74458e-10,1.74458e-10,3.25141e-10,3.25141e-10,1.00236,0.0570102,0.943601,0.009556,0.0223973,0.022397,0,,
1767,1358,accepted,0,3.12458e-06,9.3911e-10,1.74248e-10,1.74248e-10,3.25192e-10,3.25141e-10,0,0,0,0.0102378,0.045283,0.0229219,0.022361,,
1768,1359,accepted,1,1.22224e-07,4.69555e-10,1.74186e-10,1.74186e-10,3.2511e-10,3.2511e-10,0.98871,0.0568444,0.930079,0.0105255,0.0447978,0.022387,0.0224107,,best_validation_checkpoint_0.bin
1769,1360,accepted,1,4.90284e-07,2.34778e-10,1.74121e-10,1.74121e-10,3.24938e-10,3.24938e-10,1.02783,0.058115,0.967915,0.010393,0.0450058,0.0223185,0.0226872,,best_validation_checkpoint_1.bin
1770,1360,rejected,1,1.98019e-06,2.34778e-09,1.74121e-10,1.74121e-10,3.24938e-10,3.24938e-10,1.0442,0.0595184,0.982876,0.0111464,0.0223708,0.0223706,0,,
1771,1361,accepted,0,1.98019e-06,1.17389e-09,1.74022e-10,1.74022e-10,3.25008e-10,3.24938e-10,0,0,0,0.0112789,0.0448885,0.0225042,0.0223843,,
1772,1362,accepted,1,7.82143e-08,5.86944e-10,1.73971e-10,1.73971e-10,3.24946e-10,3.24938e-10,1.01879,0.0565448,0.96046,0.0100516,0.0434751,0.0223592,0.0211159,,
1773,1363,accepted,1,3.13023e-07,2.93472e-10,1.73893e-10,1.73893e-10,3.24803e-10,3.24803e-10,0.998471,0.0572759,0.939466,0.0111,0.0451428,0.0225338,0.0226089,,best_validation_checkpoint_0.bin
1774,1363,rejected,1,1.26259e-06,2.93472e-09,1.73893e-10,1.73893e-10,3.24803e-10,3.24803e-10,0.984008,0.0586734,0.923549,0.0115855,0.0226368,0.0226365,0,,
1775,1364,accepted,0,1.26259e-06,1.46736e-09,1.73842e-10,1.73842e-10,3.24861e-10,3.24803e-10,0,0,0,0.0122629,0.0451157,0.0227089,0.0224067,,
1776,1365,accepted,1,5.01491e-08,7.3368e-10,1.738e-10,1.738e-10,3.24814e-10,3.24803e-10,1.01547,0.0567282,0.956815,0.0112547,0.0453286,0.0226119,0.0227165,,
1777,1366,accepted,1,2.00293e-07,3.6684e-10,1.73727e-10,1.73727e-10,3.24702e-10,3.24702e-10,1.01435,0.0567867,0.955804,0.0114333,0.0449758,0.0224278,0.0225479,,best_validation_checkpoint_1.bin
1778,1366,rejected,1,8.06518e-07,3.6684e-09,1.73727e-10,1.73727e-10,3.24702e-10,3.24702e-10,0.999009,0.0569198,0.940205,0.0099062,0.022491,0.0224909,0,,
1779,1367,accepted,0,8.06518e-07,1.8342e-09,1.73698e-10,1.73698e-10,3.24743e-10,3.24702e-10,0,0,0,0.0108779,0.0448025,0.0225027,0.0222998,,
1780,1368,accepted,1,3.21534e-08,9.171e-10,1.73664e-10,1.73664e-10,3.24707e-10,3.24702e-10,0.999056,0.0571262,0.940105,0.0114779,0.0451221,0.0225562,0.0225659,,
1781,1369,accepted,1,1.28244e-07,4.5855e-10,1.73601e-10,1.73601e-10,3.24622e-10,3.24622e-10,0.95288,0.0575027,0.893349,0.0110013,0.044746,0.0224484,0.0222976,,best_validation_checkpoint_0.bin
1782,1370,accepted,1,5.15631e-07,2.29275e-10,1.7354e-10,1.7354e-10,3.24446e-10,3.24446e-10,0.971058,0.0571474,0.912058,0.0115151,0.0450396,0.0226314,0.0224081,,best_validation_checkpoint_1.bin
1783,1370,rejected,1,2.0677e-06,2.29275e-09,1.7354e-10,1.7354e-10,3.24446e-10,3.24446e-10,1.03469,0.0585056,0.97447,0.0106598,0.0223695,0.0223691,0,,
1784,1371,accepted,0,2.0677e-06,1.14638e-09,1.73435e-10,1.73435e-10,3.24517e-10,3.24446e-10,0,0,0,0.0109555,0.0447781,0.0224882,0.0222898,,
1785,1372,accepted,1,8.21936e-08,5.73188e-10,1.73383e-10,1.73383e-10,3.24453e-10,3.24446e-10,0.997066,0.0570004,0.938109,0.0105048,0.0450108,0.0225681,0.0224427,,
1786,1373,accepted,1,3.28043e-07,2.86594e-10,1.73305e-10,1.73305e-10,3.24306e-10,3.24306e-10,0.971417,0.0573106,0.912197,0.0105506,0.0452713,0.0225219,0.0227493,,best_validation_checkpoint_0.bin
1787,1373,rejected,1,1.31795e-06,2.86594e-09,1.73305e-10,1.73305e-10,3.24306e-10,3.24306e-10,1.04534,0.0570476,0.986533,0.0116183,0.0224404,0.0224401,0,,
1788,1374,accepted,0,1.31795e-06,1.43297e-09,1.73251e-10,1.73251e-10,3.24366e-10,3.24306e-10,0,0,0,0.0109406,0.0448027,0.0225027,0.0222999,,
1789,1375,accepted,1,5.27413e-08,7.16484e-10,1.73209e-10,1.73209e-10,3.24318e-10,3.24306e-10,1.03562,0.056931,0.976858,0.0107858,0.0448666,0.0224549,0.0224117,,
1790,1376,accepted,1,2.10171e-07,3.58242e-10,1.73135e-10,1.73135e-10,3.24202e-10,3.24202e-10,0.984267,0.0567136,0.925792,0.0105258,0.0455937,0.0229542,0.0226394,,best_validation_checkpoint_1.bin
1791,1376,rejected,1,8.43272e-07,3.58242e-09,1.73135e-10,1.73135e-10,3.24202e-10,3.24202e-10,0.987075,0.0594472,0.925883,0.0109621,0.0224473,0.022447,0,,
1792,1377,accepted,0,8.43272e-07,1.79121e-09,1.73105e-10,1.73105e-10,3.24246e-10,3.24202e-10,0,0,0,0.0117951,0.0455194,0.0227509,0.0227684,,
1793,1378,accepted,1,3.38514e-08,8.95606e-10,1.73071e-10,1.73071e-10,3.24209e-10,3.24202e-10,1.00844,0.0581202,0.9484,0.0098898,0.0450439,0.0224668,0.0225771,,
1794,1379,accepted,1,1.34762e-07,4.47803e-10,1.73007e-10,1.73007e-10,3.24121e-10,3.24121e-10,0.960994,0.0585924,0.900602,0.0111966,0.0450661,0.0224833,0.0225827,,best_validation_checkpoint_0.bin
1795,1380,accepted,1,5.40063e-07,2.23901e-10,1.7295e-10,1.7295e-10,3.23942e-10,3.23942e-10,1.02065,0.057799,0.96095,0.0106534,0.0454191,0.0232139,0.0222052,,best_validation_checkpoint_1.bin
1796,1380,rejected,1,2.15974e-06,2.23901e-09,1.7295e-10,1.7295e-10,3.23942e-10,3.23942e-10,0.971771,0.0585575,0.911324,0.0114264,0.0225596,0.0225593,0,,
1797,1381,accepted,0,2.15974e-06,1.11951e-09,1.72837e-10,1.72837e-10,3.24015e-10,3.23942e-10,0,0,0,0.0123516,0.0451232,0.0226415,0.0224816,,
1798,1382,accepted,1,8.68358e-08,5.59753e-10,1.72784e-10,1.72784e-10,3.23949e-10,3.23942e-10,0.959663,0.0582067,0.899589,0.0107094,0.0449017,0.0224768,0.0224247,,
1799,1383,accepted,1,3.45639e-07,2.79877e-10,1.72707e-10,1.72707e-10,3.23798e-10,3.23798e-10,0.971121,0.0566288,0.91268,0.0102139,0.0450899,0.0224067,0.0226832,,best_validation_checkpoint_0.bin
1800,1383,rejected,1,1.38262e-06,2.79877e-09,1.72707e-10,1.72707e-10,3.23798e-10,3.23798e-10,0.993246,0.0584906,0.932858,0.0115572,0.0223962,0.022396,0,,
1801,1384,accepted,0,1.38262e-06,1.39938e-09,1.7265e-10,1.7265e-10,3.23861e-10,3.23798e-10,0,0,0,0.0121707,0.0461254,0.0236241,0.0225012,,
1802,1385,accepted,1,5.58938e-08,6.99692e-10,1.72607e-10,1.72607e-10,3.23811e-10,3.23798e-10,1.03093,0.0607757,0.968357,0.0117195,0.0450574,0.022556,0.0225013,,
1803,1386,accepted,1,2.22159e-07,3.49846e-10,1.72533e-10,1.72533e-10,3.23692e-10,3.23692e-10,0.998977,0.057841,0.939325,0.01005,0.0453613,0.0227113,0.0226498,,best_validation_checkpoint_1.bin
1804,1386,rejected,1,8.87397e-07,3.49846e-09,1.72533e-10,1.72533e-10,3.23692e-10,3.23692e-10,1.01149,0.0593953,0.95012,0.0113552,0.0227642,0.022764,0,,
1805,1387,accepted,0,8.87397e-07,1.74923e-09,1.72501e-10,1.72501e-10,3.23738e-10,3.23692e-10,0,0,0,0.0110309,0.0448727,0.0225315,0.022341,,
1806,1388,accepted,1,3.59311e-08,8.74615e-10,1.72466e-10,1.72466e-10,3.237e-10,3.23692e-10,0.994011,0.0586413,0.933553,0.0116484,0.0461928,0.0225376,0.0236552,,
1807,1389,accepted,1,1.42738e-07,4.37307e-10,1.72402e-10,1.72402e-10,3.23609e-10,3.23609e-10,0.986538,0.0589791,0.925692,0.0122181,0.0449041,0.0225056,0.0223985,,best_validation_checkpoint_0.bin
1808,1390,accepted,1,5.69682e-07,2.18654e-10,1.72349e-10,1.72349e-10,3.23428e-10,3.23428e-10,1.04145,0.0576244,0.982063,0.010527,0.0453669,0.0226348,0.0227321,,best_validation_checkpoint_1.bin
1809,1390,rejected,1,2.27033e-06,2.18654e-09,1.72349e-10,1.72349e-10,3.23428e-10,3.23428e-10,1.07256,0.057292,1.01349,0.0102431,0.0224465,0.0224463,0,,
1810,1391,accepted,0,2.27033e-06,1.09327e-09,1.72228e-10,1.72228e-10,3.23502e-10,3.23428e-10,0,0,0,0.0103944,0.0450549,0.0226716,0.0223832,,
1811,1392,accepted,1,9.25518e-08,5.46634e-10,1.72175e-10,1.72175e-10,3.23434e-10,3.23428e-10,1.0168,0.059665,0.955274,0.0107333,0.0457142,0.023295,0.022419,,
1812,1393,accepted,1,3.6726e-07,2.73317e-10,1.72099e-10,1.72099e-10,3.23279e-10,3.23279e-10,1.03232,0.0572095,0.973276,0.0101214,0.0448765,0.0224468,0.0224296,,best_validation_checkpoint_0.bin
1813,1393,rejected,1,1.46126e-06,2.73317e-09,1.72099e-10,1.72099e-10,3.23279e-10,3.23279e-10,1.01658,0.0594666,0.955305,0.0115427,0.0228273,0.022827,0,,
1814,1394,accepted,0,1.46126e-06,1.36659e-09,1.72038e-10,1.72038e-10,3.23345e-10,3.23279e-10,0,0,0,0.0110962,0.0453952,0.0226739,0.0227212,,
1815,1395,accepted,1,5.97759e-08,6.83293e-10,1.71995e-10,1.71995e-10,3.23293e-10,3.23279e-10,1.01775,0.0590812,0.956781,0.0118182,0.0449674,0.0225584,0.022409,,
1816,1396,accepted,1,2.36917e-07,3.41646e-10,1.7192e-10,1.7192e-10,3.23171e-10,3.23171e-10,1.00527,0.0558988,0.947593,0.0100709,0.0454694,0.0227367,0.0227325,,best_validation_checkpoint_1.bin
1817,1396,rejected,1,9.41315e-07,3.41646e-09,1.7192e-10,1.7192e-10,3.23171e-10,3.23171e-10,0.997479,0.0572623,0.938454,0.0111452,0.0229711,0.0229709,0,,
1818,1397,accepted,0,9.41315e-07,1.70823e-09,1.71887e-10,1.71887e-10,3.23219e-10,3.23171e-10,0,0,0,0.0109864,0.0450219,0.0226613,0.0223604,,
1819,1398,accepted,1,3.84885e-08,8.54116e-10,1.71851e-10,1.71851e-10,3.2318e-10,3.23171e-10,0.999374,0.0577406,0.939849,0.0112412,0.0446631,0.0219906,0.0226724,,
1820,1399,accepted,1,1.52557e-07,4.27058e-10,1.71786e-10,1.71786e-10,3.23086e-10,3.23086e-10,1.02883,0.0578872,0.969129,0.0113636,0.0454913,0.0225894,0.0229018,,best_validation_checkpoint_0.bin
1821,1400,accepted,1,6.05951e-07,2.13529e-10,1.71738e-10,1.71738e-10,3.22903e-10,3.22903e-10,1.02725,0.0576577,0.967837,0.0108679,0.0450432,0.022538,0.0225052,,best_validation_checkpoint_1.bin
1822,1400,rejected,1,2.40494e-06,2.13529e-09,1.71738e-10,1.71738e-10,3.22903e-10,3.22903e-10,1.02029,0.0576418,0.960827,0.0120612,0.0225045,0.0225044,0,,
1823,1401,accepted,0,2.40494e-06,1.06764e-09,1.71609e-10,1.71609e-10,3.22978e-10,3.22903e-10,0,0,0,0.0109993,0.0451859,0.0228586,0.0223273,,
1824,1402,accepted,1,9.95825e-08,5.33822e-10,1.71555e-10,1.71555e-10,3.22908e-10,3.22903e-10,1.00013,0.0576712,0.940609,0.0107418,0.0448774,0.0224715,0.0224057,,
1825,1403,accepted,1,3.93833e-07,2.66911e-10,1.7148e-10,1.7148e-10,3.2275e-10,3.2275e-10,0.992985,0.0580871,0.933049,0.0106745,0.0448418,0.0224819,0.0223599,,best_validation_checkpoint_0.bin
1826,1403,rejected,1,1.55739e-06,2.66911e-09,1.7148e-10,1.7148e-10,3.2275e-10,3.2275e-10,1.02213,0.0581131,0.962175,0.0101102,0.0224305,0.0224301,0,,
1827,1404,accepted,0,1.55739e-06,1.33456e-09,1.71416e-10,1.71416e-10,3.22818e-10,3.2275e-10,0,0,0,0.0109044,0.0451388,0.0227047,0.0224339,,
1828,1405,accepted,1,6.45372e-08,6.67278e-10,1.71371e-10,1.71371e-10,3.22765e-10,3.2275e-10,0.99767,0.0587855,0.936981,0.0117815,0.0453993,0.0228766,0.0225227,,
1829,1406,accepted,1,2.55026e-07,3.33639e-10,1.71296e-10,1.71296e-10,3.22639e-10,3.22639e-10,0.977984,0.0596773,0.916338,0.0113241,0.0453521,0.0225352,0.0228168,,best_validation_checkpoint_1.bin
1830,1406,rejected,1,1.00729e-06,3.33639e-09,1.71296e-10,1.71296e-10,3.22639e-10,3.22639e-10,0.993557,0.0593603,0.932387,0.0113463,0.0230774,0.0230772,0,,
1831,1407,accepted,0,1.00729e-06,1.6682e-09,1.71261e-10,1.71261e-10,3.22689e-10,3.22639e-10,0,0,0,0.011457,0.0452152,0.022653,0.0225622,,
1832,1408,accepted,1,4.16187e-08,8.34098e-10,1.71226e-10,1.71226e-10,3.22649e-10,3.22639e-10,0.980037,0.0590314,0.919242,0.0113318,0.0449513,0.0225721,0.0223791,,
1833,1409,accepted,1,1.64589e-07,4.17049e-10,1.7116e-10,1.7116e-10,3.22553e-10,3.22553e-10,1.00643,0.0578458,0.94673,0.0099809,0.0453806,0.0228987,0.0224819,,best_validation_checkpoint_0.bin
1834,1410,accepted,1,6.50336e-07,2.08524e-10,1.71118e-10,1.71118e-10,3.22367e-10,3.22367e-10,1.00434,0.0624067,0.940041,0.0113501,0.0461274,0.0235469,0.0225805,,best_validation_checkpoint_1.bin
1835,1410,rejected,1,2.56926e-06,2.08524e-09,1.71118e-10,1.71118e-10,3.22367e-10,3.22367e-10,0.971047,0.0598382,0.909303,0.011038,0.0228426,0.0228423,0,,
1836,1411,accepted,0,2.56926e-06,1.04262e-09,1.70979e-10,1.70979e-10,3.22443e-10,3.22367e-10,0,0,0,0.0111906,0.0451267,0.0225778,0.0225488,,
1837,1412,accepted,1,1.08164e-07,5.21311e-10,1.70924e-10,1.70924e-10,3.22371e-10,3.22367e-10,0.994984,0.0603769,0.932754,0.0108927,0.044924,0.0225843,0.0223396,,
1838,1413,accepted,1,4.26283e-07,2.60656e-10,1.7085e-10,1.7085e-10,3.22209e-10,3.22209e-10,0.969174,0.059981,0.907236,0.01169,0.0459209,0.0232818,0.022639,,best_validation_checkpoint_0.bin
1839,1413,rejected,1,1.67473e-06,2.60656e-09,1.7085e-10,1.7085e-10,3.22209e-10,3.22209e-10,0.995046,0.0613812,0.931841,0.0115602,0.0224292,0.022429,0,,
1840,1414,accepted,0,1.67473e-06,1.30328e-09,1.70783e-10,1.70783e-10,3.2228e-10,3.22209e-10,0,0,0,0.0121019,0.0451337,0.0227598,0.0223738,,
1841,1415,accepted,1,7.03197e-08,6.51639e-10,1.70738e-10,1.70738e-10,3.22225e-10,3.22209e-10,0.977063,0.058801,0.916397,0.01052,0.0453316,0.0227909,0.0225406,,
1842,1416,accepted,1,2.77061e-07,3.25819e-10,1.70662e-10,1.70662e-10,3.22097e-10,3.22097e-10,0.91401,0.0577364,0.854555,0.0108749,0.0449095,0.0225022,0.0224073,,best_validation_checkpoint_1.bin
1843,1416,rejected,1,1.08757e-06,3.25819e-09,1.70662e-10,1.70662e-10,3.22097e-10,3.22097e-10,1.01401,0.0568275,0.955404,0.0100224,0.0225461,0.0225459,0,,
1844,1417,accepted,0,1.08757e-06,1.6291e-09,1.70626e-10,1.70626e-10,3.22149e-10,3.22097e-10,0,0,0,0.0108773,0.044745,0.0224084,0.0223365,,
1845,1418,accepted,1,4.54109e-08,8.14548e-10,1.70589e-10,1.70589e-10,3.22107e-10,3.22097e-10,1.01075,0.0579532,0.950727,0.0106703,0.045034,0.0212655,0.0237684,,
1846,1419,accepted,1,1.79194e-07,4.07274e-10,1.70522e-10,1.70522e-10,3.22009e-10,3.22009e-10,1.01533,0.0595643,0.953907,0.0109195,0.0449852,0.0225468,0.0224384,,best_validation_checkpoint_0.bin
1847,1420,accepted,1,7.04278e-07,2.03637e-10,1.70487e-10,1.70487e-10,3.21821e-10,3.21821e-10,1.01587,0.0579426,0.956196,0.0105096,0.0449427,0.0225465,0.0223961,,best_validation_checkpoint_1.bin
1848,1420,rejected,1,2.76884e-06,2.03637e-09,1.70487e-10,1.70487e-10,3.21821e-10,3.21821e-10,0.999237,0.0574782,0.940032,0.0108539,0.0225457,0.0225454,0,,
1849,1421,accepted,0,2.76884e-06,1.01819e-09,1.70339e-10,1.70339e-10,3.21897e-10,3.21821e-10,0,0,0,0.0115166,0.0448073,0.0223354,0.0224718,,
1850,1422,accepted,1,1.18516e-07,5.09093e-10,1.70283e-10,1.70283e-10,3.21823e-10,3.21821e-10,0.991646,0.0578942,0.931833,0.0107192,0.0456734,0.0224859,0.0231874,,
1851,1423,accepted,1,4.65482e-07,2.54546e-10,1.70211e-10,1.70211e-10,3.21658e-10,3.21658e-10,1.00084,0.0576388,0.941294,0.0107638,0.0454004,0.0225728,0.0228275,,best_validation_checkpoint_0.bin
1852,1423,rejected,1,1.8166e-06,2.54546e-09,1.70211e-10,1.70211e-10,3.21658e-10,3.21658e-10,0.977002,0.0583743,0.916747,0.0106769,0.022406,0.0224057,0,,
1853,1424,accepted,0,1.8166e-06,1.27273e-09,1.70139e-10,1.70139e-10,3.21731e-10,3.21658e-10,0,0,0,0.0119788,0.0454931,0.023,0.0224931,,
1854,1425,accepted,1,7.72582e-08,6.36366e-10,1.70093e-10,1.70093e-10,3.21675e-10,3.21658e-10,1.00325,0.0578439,0.943493,0.0117985,0.0448473,0.0224165,0.0224308,,
1855,1426,accepted,1,3.03549e-07,3.18183e-10,1.70018e-10,1.70018e-10,3.21543e-10,3.21543e-10,1.04399,0.0566427,0.985419,0.0104861,0.0449043,0.0225672,0.022337,,best_validation_checkpoint_1.bin
1856,1426,rejected,1,1.18433e-06,3.18183e-09,1.70018e-10,1.70018e-10,3.21543e-10,3.21543e-10,1.03169,0.0587525,0.971083,0.0107209,0.0224779,0.0224778,0,,
1857,1427,accepted,0,1.18433e-06,1.59091e-09,1.69979e-10,1.69979e-10,3.21597e-10,3.21543e-10,0,0,0,0.0105615,0.0463496,0.0229078,0.0234417,,
1858,1428,accepted,1,4.99463e-08,7.95457e-10,1.69942e-10,1.69942e-10,3.21555e-10,3.21543e-10,0.943218,0.0576722,0.883693,0.0117005,0.0449832,0.0225196,0.0224635,,
1859,1429,accepted,1,1.96693e-07,3.97729e-10,1.69875e-10,1.69875e-10,3.21453e-10,3.21453e-10,0.985108,0.0574491,0.925913,0.0112056,0.0445275,0.0220409,0.0224866,,best_validation_checkpoint_0.bin
1860,1430,accepted,1,7.69022e-07,1.98864e-10,1.69846e-10,1.69846e-10,3.21264e-10,3.21264e-10,1.00098,0.0590044,0.940198,0.010673,0.0450717,0.0226786,0.0223931,,best_validation_checkpoint_1.bin
1861,1430,rejected,1,3.0089e-06,1.98864e-09,1.69846e-10,1.69846e-10,3.21264e-10,3.21264e-10,1.00841,0.0583732,0.948318,0.0109738,0.0226997,0.0226994,0,,
1862,1431,accepted,0,3.0089e-06,9.94322e-10,1.69687e-10,1.69687e-10,3.21341e-10,3.21264e-10,0,0,0,0.0117244,0.0458065,0.0232856,0.0225209,,
1863,1432,accepted,1,1.30823e-07,4.97161e-10,1.69631e-10,1.69631e-10,3.21265e-10,3.21264e-10,1.08005,0.0621855,1.01594,0.0106834,0.0471293,0.0234562,0.023673,,
1864,1433,accepted,1,5.12154e-07,2.4858e-10,1.69561e-10,1.69561e-10,3.21096e-10,3.21096e-10,1.0138,0.0598705,0.952108,0.0108076,0.0458035,0.0228515,0.022952,,best_validation_checkpoint_0.bin
1865,1433,rejected,1,1.98618e-06,2.4858e-09,1.69561e-10,1.69561e-10,3.21096e-10,3.21096e-10,0.986458,0.0585566,0.925921,0.011345,0.0223744,0.0223741,0,,
1866,1434,accepted,0,1.98618e-06,1.2429e-09,1.69484e-10,1.69484e-10,3.21171e-10,3.21096e-10,0,0,0,0.011304,0.0453148,0.0228978,0.022417,,
1867,1435,accepted,1,8.54639e-08,6.21451e-10,1.69438e-10,1.69438e-10,3.21114e-10,3.21096e-10,1.01162,0.0585171,0.951262,0.0111026,0.0451352,0.0224342,0.0227009,,
1868,1436,accepted,1,3.34924e-07,3.10726e-10,1.69362e-10,1.69362e-10,3.20978e-10,3.20978e-10,1.0315,0.0594875,0.970208,0.0112525,0.044773,0.0223677,0.0224052,,best_validation_checkpoint_1.bin
1869,1436,rejected,1,1.29931e-06,3.10726e-09,1.69362e-10,1.69362e-10,3.20978e-10,3.20978e-10,1.05307,0.0582631,0.992987,0.01188,0.0225524,0.0225524,0,,
1870,1437,accepted,0,1.29931e-06,1.55363e-09,1.69322e-10,1.69322e-10,3.21035e-10,3.20978e-10,0,0,0,0.0110285,0.0451572,0.0227549,0.0224022,,
1871,1438,accepted,1,5.52885e-08,7.76814e-10,1.69284e-10,1.69284e-10,3.20992e-10,3.20978e-10,1.05255,0.058032,0.992823,0.0101523,0.0452838,0.0227369,0.0225468,,
1872,1439,accepted,1,2.17333e-07,3.88407e-10,1.69216e-10,1.69216e-10,3.20887e-10,3.20887e-10,1.03288,0.057782,0.973353,0.011646,0.0453667,0.0228791,0.0224876,,best_validation_checkpoint_0.bin
1873,1440,accepted,1,8.45727e-07,1.94203e-10,1.69195e-10,1.69195e-10,3.20697e-10,3.20697e-10,0.996958,0.0600268,0.935106,0.0115805,0.0446933,0.0224269,0.0222663,,best_validation_checkpoint_1.bin
1874,1440,rejected,1,3.29412e-06,1.94203e-09,1.69195e-10,1.69195e-10,3.20697e-10,3.20697e-10,1.174,0.0746703,1.09722,0.0107745,0.023428,0.0234276,0,,
1875,1441,accepted,0,3.29412e-06,9.71017e-10,1.69025e-10,1.69025e-10,3.20774e-10,3.20697e-10,0,0,0,0.0155064,0.0467782,0.0238112,0.0229669,,
1876,1442,accepted,1,1.45229e-07,4.85509e-10,1.68968e-10,1.68968e-10,3.20696e-10,3.20696e-10,0.980873,0.0575653,0.921465,0.0117238,0.0452375,0.0225829,0.0226545,,best_validation_checkpoint_0.bin
1877,1443,accepted,1,5.66871e-07,2.42754e-10,1.689e-10,1.689e-10,3.20524e-10,3.20524e-10,0.973709,0.0576269,0.914105,0.0102204,0.0450386,0.0227094,0.0223291,,best_validation_checkpoint_1.bin
1878,1443,rejected,1,2.18573e-06,2.42754e-09,1.689e-10,1.689e-10,3.20524e-10,3.20524e-10,0.976878,0.0608233,0.912824,0.0322466,0.0253349,0.0253346,0,,
1879,1444,accepted,0,2.18573e-06,1.21377e-09,1.68819e-10,1.68819e-10,3.20601e-10,3.20524e-10,0,0,0,0.0311411,0.0687778,0.0290348,0.039743,,
1880,1445,accepted,1,9.50157e-08,6.06886e-10,1.68772e-10,1.68772e-10,3.20542e-10,3.20524e-10,1.03259,0.0631269,0.967626,0.011121,0.0456331,0.022544,0.0230891,,
1881,1446,accepted,1,3.71489e-07,3.03443e-10,1.68697e-10,1.68697e-10,3.20403e-10,3.20403e-10,1.00472,0.0574984,0.945321,0.0101748,0.0453443,0.0227198,0.0226244,,best_validation_checkpoint_0.bin
1882,1446,rejected,1,1.43394e-06,3.03443e-09,1.68697e-10,1.68697e-10,3.20403e-10,3.20403e-10,1.03561,0.0592003,0.97464,0.0109178,0.0225117,0.0225114,0,,
1883,1447,accepted,0,1.43394e-06,1.51721e-09,1.68654e-10,1.68654e-10,3.20463e-10,3.20403e-10,0,0,0,0.0113138,0.0447999,0.0224852,0.0223147,,
1884,1448,accepted,1,6.14892e-08,7.58607e-10,1.68616e-10,1.68616e-10,3.20418e-10,3.20403e-10,1.00711,0.0561989,0.948966,0.0107117,0.0455292,0.0228996,0.0226295,,
1885,1449,accepted,1,2.41319e-07,3.79304e-10,1.68547e-10,1.68547e-10,3.20311e-10,3.20311e-10,0.987497,0.0563277,0.929355,0.0115955,0.0446935,0.0225483,0.0221452,,best_validation_checkpoint_1.bin
1886,1450,accepted,1,9.35136e-07,1.89652e-10,1.68535e-10,1.68535e-10,3.2012e-10,3.2012e-10,1.02613,0.0601987,0.964199,0.0108576,0.0452425,0.0225213,0.0227212,,best_validation_checkpoint_0.bin
1887,1450,rejected,1,3.62784e-06,1.89652e-09,1.68535e-10,1.68535e-10,3.2012e-10,3.2012e-10,1.04241,0.0574178,0.983131,0.0112246,0.0224153,0.0224151,0,,
1888,1451,accepted,0,3.62784e-06,9.48259e-10,1.68353e-10,1.68353e-10,3.20197e-10,3.2012e-10,0,0,0,0.0112417,0.0452086,0.0226929,0.0225156,,
1889,1452,accepted,1,1.61845e-07,4.7413e-10,1.68294e-10,1.68294e-10,3.20116e-10,3.20116e-10,1.00423,0.0593841,0.94303,0.0114191,0.0461909,0.023635,0.0225558,,best_validation_checkpoint_1.bin
1890,1453,accepted,1,6.30035e-07,2.37065e-10,1.68229e-10,1.68229e-10,3.19941e-10,3.19941e-10,0.976628,0.0586121,0.916201,0.0114242,0.0450262,0.0224554,0.0225706,,best_validation_checkpoint_0.bin
1891,1453,rejected,1,2.41736e-06,2.37065e-09,1.68229e-10,1.68229e-10,3.19941e-10,3.19941e-10,0.974475,0.0589854,0.913645,0.011084,0.0224532,0.0224529,0,,
1892,1454,accepted,0,2.41736e-06,1.18532e-09,1.68143e-10,1.68143e-10,3.20021e-10,3.19941e-10,0,0,0,0.0106293,0.045636,0.0229461,0.0226899,,
1893,1455,accepted,1,1.0597e-07,5.92662e-10,1.68095e-10,1.68095e-10,3.19961e-10,3.19941e-10,1.00898,0.0577335,0.949253,0.0112601,0.0454544,0.0225184,0.0229359,,
1894,1456,accepted,1,4.1347e-07,2.96331e-10,1.6802e-10,1.6802e-10,3.19818e-10,3.19818e-10,1.01941,0.0577937,0.959777,0.010284,0.0448045,0.022398,0.0224065,,best_validation_checkpoint_1.bin
1895,1456,rejected,1,1.58928e-06,2.96331e-09,1.6802e-10,1.6802e-10,3.19818e-10,3.19818e-10,1.0048,0.0585029,0.944453,0.0135099,0.0225753,0.0225752,0,,
1896,1457,accepted,0,1.58928e-06,1.48166e-09,1.67975e-10,1.67975e-10,3.1988e-10,3.19818e-10,0,0,0,0.0118841,0.0449875,0.0225172,0.0224703,,
1897,1458,accepted,1,6.85783e-08,7.40828e-10,1.67936e-10,1.67936e-10,3.19835e-10,3.19818e-10,0.973217,0.0571139,0.914272,0.0103883,0.0419826,0.0223609,0.0196216,,
1898,1459,accepted,1,2.68761e-07,3.70414e-10,1.67867e-10,1.67867e-10,3.19725e-10,3.19725e-10,1.02163,0.0580962,0.961727,0.0104922,0.0450801,0.0225605,0.0225194,,best_validation_checkpoint_0.bin
1899,1460,accepted,1,1.03782e-06,1.85207e-10,1.67865e-10,1.67865e-10,3.19534e-10,3.19534e-10,0.975005,0.0584713,0.914716,0.0115253,0.0450945,0.02265,0.0224443,,best_validation_checkpoint_1.bin
1900,1460,rejected,1,4.01227e-06,1.85207e-09,1.67865e-10,1.67865e-10,3.19534e-10,3.19534e-10,1.0403,0.0649664,0.972792,0.0111156,0.022822,0.0228217,0,,
1901,1461,accepted,0,4.01227e-06,9.26034e-10,1.67669e-10,1.67669e-10,3.1961e-10,3.19534e-10,0,0,0,0.0158541,0.0535712,0.0263939,0.0271772,,
1902,1462,accepted,1,1.80741e-07,4.63017e-10,1.6761e-10,1.6761e-10,3.19528e-10,3.19528e-10,1.6349,0.138612,1.49382,0.033766,0.0490101,0.0261916,0.0228183,,best_validation_checkpoint_0.bin
1903,1463,accepted,1,7.01893e-07,2.31509e-10,1.67548e-10,1.67548e-10,3.1935e-10,3.1935e-10,1.04691,0.0689088,0.976058,0.0123181,0.0463366,0.023066,0.0232705,,best_validation_checkpoint_1.bin
1904,1463,rejected,1,2.68189e-06,2.31509e-09,1.67548e-10,1.67548e-10,3.1935e-10,3.1935e-10,1.07502,0.0601607,1.01301,0.0128895,0.0227929,0.0227926,0,,
1905,1464,accepted,0,2.68189e-06,1.15754e-09,1.67456e-10,1.67456e-10,3.19432e-10,3.1935e-10,0,0,0,0.0118071,0.045498,0.0230311,0.0224668,,
1906,1465,accepted,1,1.1837e-07,5.78771e-10,1.67407e-10,1.67407e-10,3.1937e-10,3.1935e-10,1.00947,0.060004,0.947607,0.0114189,0.0486619,0.0257509,0.0229109,,
1907,1466,accepted,1,4.61016e-07,2.89386e-10,1.67333e-10,1.67333e-10,3.19224e-10,3.19224e-10,1.0255,0.0597318,0.964031,0.0112578,0.0451357,0.0226642,0.0224715,,best_validation_checkpoint_0.bin
1908,1466,rejected,1,1.7657e-06,2.89386e-09,1.67333e-10,1.67333e-10,3.19224e-10,3.19224e-10,0.990718,0.0593663,0.929484,0.0103531,0.0226312,0.0226309,0,,
1909,1467,accepted,0,1.7657e-06,1.44693e-09,1.67286e-10,1.67286e-10,3.19289e-10,3.19224e-10,0,0,0,0.0105971,0.0453364,0.0228842,0.0224521,,
1910,1468,accepted,1,7.65791e-08,7.23464e-10,1.67246e-10,1.67246e-10,3.19242e-10,3.19224e-10,1.00118,0.0591062,0.940249,0.0104447,0.0451422,0.0223284,0.0228138,,
1911,1469,accepted,1,2.99748e-07,3.61732e-10,1.67177e-10,1.67177e-10,3.1913e-10,3.1913e-10,1.00222,0.0579167,0.94256,0.0113933,0.0452316,0.0225229,0.0227085,,best_validation_checkpoint_1.bin
1912,1469,rejected,1,1.15406e-06,3.61732e-09,1.67177e-10,1.67177e-10,3.1913e-10,3.1913e-10,1.03708,0.0614245,0.973883,0.0109451,0.0228214,0.0228211,0,,
1913,1470,accepted,0,1.15406e-06,1.80866e-09,1.6715e-10,1.6715e-10,3.19175e-10,3.1913e-10,0,0,0,0.0104218,0.0451819,0.022754,0.0224279,,
1914,1471,accepted,1,4.93103e-08,9.0433e-10,1.67118e-10,1.67118e-10,3.19139e-10,3.1913e-10,0.969922,0.0570953,0.910973,0.0124966,0.0454677,0.0229801,0.0224874,,
1915,1472,accepted,1,1.93906e-07,4.52165e-10,1.67059e-10,1.67059e-10,3.19054e-10,3.19054e-10,0.964775,0.0620491,0.900803,0.0107288,0.044875,0.0224515,0.0224235,,best_validation_checkpoint_0.bin
1916,1473,accepted,1,7.50834e-07,2.26083e-10,1.67e-10,1.67e-10,3.18872e-10,3.18872e-10,0.984989,0.0598536,0.92308,0.0114827,0.0456897,0.0228045,0.022885,,best_validation_checkpoint_1.bin
1917,1473,rejected,1,2.89857e-06,2.26083e-09,1.67e-10,1.67e-10,3.18872e-10,3.18872e-10,0.990232,0.059597,0.928815,0.0116128,0.022433,0.0224327,0,,
1918,1474,accepted,0,2.89857e-06,1.13041e-09,1.66901e-10,1.66901e-10,3.18956e-10,3.18872e-10,0,0,0,0.0120496,0.0456105,0.0227963,0.0228141,,
1919,1475,accepted,1,1.28721e-07,5.65207e-10,1.66852e-10,1.66852e-10,3.18892e-10,3.18872e-10,0.981609,0.0577735,0.921992,0.0102924,0.0450941,0.0225891,0.022505,,
1920,1476,accepted,1,5.0235e-07,2.82603e-10,1.66779e-10,1.66779e-10,3.18743e-10,3.18743e-10,1.00168,0.0602266,0.939257,0.0111135,0.0456718,0.0229135,0.0227583,,best_validation_checkpoint_0.bin
1921,1476,rejected,1,1.92665e-06,2.82603e-09,1.66779e-10,1.66779e-10,3.18743e-10,3.18743e-10,1.00622,0.0615346,0.942912,0.0109193,0.0227049,0.0227047,0,,
1922,1477,accepted,0,1.92665e-06,1.41302e-09,1.66728e-10,1.66728e-10,3.18811e-10,3.18743e-10,0,0,0,0.0105759,0.0452573,0.0227447,0.0225125,,
1923,1478,accepted,1,8.39023e-08,7.06508e-10,1.66688e-10,1.66688e-10,3.18763e-10,3.18743e-10,1.03581,0.0604953,0.97334,0.010749,0.0450992,0.0223569,0.0227422,,
1924,1479,accepted,1,3.28434e-07,3.53254e-10,1.66619e-10,1.66619e-10,3.18647e-10,3.18647e-10,1.01892,0.0594205,0.957594,0.0106982,0.0449773,0.0224271,0.0225502,,best_validation_checkpoint_1.bin
1925,1479,rejected,1,1.26386e-06,3.53254e-09,1.66619e-10,1.66619e-10,3.18647e-10,3.18647e-10,0.992621,0.0571511,0.933653,0.0108936,0.0225784,0.0225782,0,,
1926,1480,accepted,0,1.26386e-06,1.76627e-09,1.6659e-10,1.6659e-10,3.18695e-10,3.18647e-10,0,0,0,0.011777,0.0450393,0.022526,0.0225133,,
1927,1481,accepted,1,5.41575e-08,8.83135e-10,1.66558e-10,1.66558e-10,3.18658e-10,3.18647e-10,1.00906,0.0597553,0.947574,0.0103235,0.0451658,0.02278,0.0223857,,
1928,1482,accepted,1,2.12905e-07,4.41568e-10,1.66497e-10,1.66497e-10,3.18571e-10,3.18571e-10,1.01564,0.05787,0.955606,0.0105106,0.0428026,0.0204245,0.0223781,,best_validation_checkpoint_0.bin
1929,1483,accepted,1,8.23614e-07,2.20784e-10,1.66443e-10,1.66443e-10,3.18386e-10,3.18386e-10,0.959729,0.0584219,0.899531,0.0115291,0.0452787,0.0228569,0.0224217,,best_validation_checkpoint_1.bin
1930,1483,rejected,1,3.17677e-06,2.20784e-09,1.66443e-10,1.66443e-10,3.18386e-10,3.18386e-10,1.02703,0.0596021,0.96565,0.0104435,0.0224507,0.0224505,0,,
1931,1484,accepted,0,3.17677e-06,1.10392e-09,1.66337e-10,1.66337e-10,3.18472e-10,3.18386e-10,0,0,0,0.0110392,0.0453068,0.0226113,0.0226952,,
1932,1485,accepted,1,1.41692e-07,5.5196e-10,1.66287e-10,1.66287e-10,3.18407e-10,3.18386e-10,0.988621,0.0588442,0.927932,0.0106924,0.0456235,0.0229406,0.0226827,,
1933,1486,accepted,1,5.52404e-07,2.7598e-10,1.66215e-10,1.66215e-10,3.18255e-10,3.18255e-10,0.967171,0.0586629,0.906549,0.0097022,0.0452013,0.0226514,0.0225499,,best_validation_checkpoint_0.bin
1934,1486,rejected,1,2.11505e-06,2.7598e-09,1.66215e-10,1.66215e-10,3.18255e-10,3.18255e-10,1.01781,0.05947,0.956531,0.0105889,0.023054,0.0230538,0,,
1935,1487,accepted,0,2.11505e-06,1.3799e-09,1.66161e-10,1.66161e-10,3.18325e-10,3.18255e-10,0,0,0,0.0116675,0.045654,0.0231903,0.0224636,,
1936,1488,accepted,1,9.23854e-08,6.89949e-10,1.66121e-10,1.66121e-10,3.18276e-10,3.18255e-10,0.972097,0.0594244,0.910931,0.0103198,0.0454575,0.0231199,0.0223375,,
1937,1489,accepted,1,3.61324e-07,3.44975e-10,1.66051e-10,1.66051e-10,3.18158e-10,3.18158e-10,1.00812,0.0603741,0.945992,0.0108404,0.0450709,0.0226504,0.0224205,,best_validation_checkpoint_1.bin
1938,1489,rejected,1,1.3883e-06,3.44975e-09,1.66051e-10,1.66051e-10,3.18158e-10,3.18158e-10,0.962712,0.0599614,0.90097,0.010447,0.0226801,0.0226799,0,,
1939,1490,accepted,0,1.3883e-06,1.72487e-09,1.66021e-10,1.66021e-10,3.18207e-10,3.18158e-10,0,0,0,0.0103261,0.044943,0.0225791,0.0223639,,
1940,1491,accepted,1,5.96239e-08,8.62437e-10,1.65988e-10,1.65988e-10,3.1817e-10,3.18158e-10,1.06468,0.0601088,1.00257,0.011105,0.0476689,0.024143,0.0235259,,
1941,1492,accepted,1,2.34244e-07,4.31218e-10,1.65927e-10,1.65927e-10,3.1808e-10,3.1808e-10,1.07156,0.0625925,1.00719,0.0103568,0.0460857,0.0236855,0.0224001,,best_validation_checkpoint_0.bin
1942,1493,accepted,1,9.04955e-07,2.15609e-10,1.65878e-10,1.65878e-10,3.17895e-10,3.17895e-10,1.00474,0.0590481,0.943822,0.0105096,0.0455283,0.0228869,0.0226413,,best_validation_checkpoint_1.bin
1943,1493,rejected,1,3.48606e-06,2.15609e-09,1.65878e-10,1.65878e-10,3.17895e-10,3.17895e-10,1.0007,0.0590604,0.939776,0.0105997,0.0224521,0.0224519,0,,
1944,1494,accepted,0,3.48606e-06,1.07805e-09,1.65764e-10,1.65764e-10,3.17982e-10,3.17895e-10,0,0,0,0.0109345,0.0447963,0.0224309,0.0223653,,
1945,1495,accepted,1,1.56022e-07,5.39023e-10,1.65713e-10,1.65713e-10,3.17915e-10,3.17895e-10,0.989049,0.0588627,0.92837,0.0116518,0.0455459,0.0230347,0.0225111,,
1946,1496,accepted,1,6.07547e-07,2.69511e-10,1.65642e-10,1.65642e-10,3.1776e-10,3.1776e-10,1.06813,0.0594765,1.00672,0.010503,0.0451903,0.0224541,0.022736,,best_validation_checkpoint_0.bin
1947,1496,rejected,1,2.32244e-06,2.69511e-09,1.65642e-10,1.65642e-10,3.1776e-10,3.1776e-10,1.01304,0.0585351,0.952693,0.011502,0.022723,0.0227227,0,,
1948,1497,accepted,0,2.32244e-06,1.34756e-09,1.65585e-10,1.65585e-10,3.17833e-10,3.1776e-10,0,0,0,0.0102884,0.045367,0.0229204,0.0224465,,
1949,1498,accepted,1,1.01684e-07,6.73779e-10,1.65544e-10,1.65544e-10,3.17783e-10,3.1776e-10,1.01816,0.0589241,0.957362,0.0109276,0.0452419,0.0227647,0.0224771,,
1950,1499,accepted,1,3.97326e-07,3.36889e-10,1.65474e-10,1.65474e-10,3.17662e-10,3.17662e-10,1.00047,0.0586342,0.940063,0.0104507,0.045003,0.0225783,0.0224246,,best_validation_checkpoint_1.bin
1951,1499,rejected,1,1.52452e-06,3.36889e-09,1.65474e-10,1.65474e-10,3.17662e-10,3.17662e-10,1.01897,0.0594761,0.957667,0.0110692,0.0228399,0.0228396,0,,
1952,1500,accepted,0,1.52452e-06,1.68445e-09,1.65442e-10,1.65442e-10,3.17714e-10,3.17662e-10,0,0,0,0.0101974,0.0457308,0.023051,0.0226797,,
1953,1501,accepted,1,6.55915e-08,8.42223e-10,1.65409e-10,1.65409e-10,3.17676e-10,3.17662e-10,1.00485,0.0592334,0.94379,0.0111886,0.0452516,0.0227282,0.0225234,,
1954,1502,accepted,1,2.57517e-07,4.21112e-10,1.65347e-10,1.65347e-10,3.17584e-10,3.17584e-10,1.00079,0.059254,0.939778,0.0103218,0.0450031,0.022609,0.022394,,best_validation_checkpoint_0.bin
1955,1503,accepted,1,9.93712e-07,2.10556e-10,1.65304e-10,1.65304e-10,3.17397e-10,3.17397e-10,0.992037,0.0582192,0.931974,0.0120292,0.0456224,0.0229247,0.0226977,,best_validation_checkpoint_1.bin
1956,1503,rejected,1,3.82379e-06,2.10556e-09,1.65304e-10,1.65304e-10,3.17397e-10,3.17397e-10,0.987135,0.0610835,0.924225,0.0111155,0.0225361,0.0225357,0,,
1957,1504,accepted,0,3.82379e-06,1.05278e-09,1.65181e-10,1.65181e-10,3.17486e-10,3.17397e-10,0,0,0,0.0115716,0.0452805,0.0225895,0.0226909,,
1958,1505,accepted,1,1.71594e-07,5.2639e-10,1.6513e-10,1.6513e-10,3.17417e-10,3.17397e-10,1.01524,0.0569379,0.956548,0.0111239,0.0452766,0.0225295,0.0227471,,
1959,1506,accepted,1,6.67402e-07,2.63195e-10,1.6506e-10,1.6506e-10,3.1726e-10,3.1726e-10,1.02392,0.056472,0.965704,0.0113924,0.0451726,0.0224768,0.0226958,,best_validation_checkpoint_0.bin
1960,1506,rejected,1,2.54772e-06,2.63195e-09,1.6506e-10,1.6506e-10,3.1726e-10,3.1726e-10,0.982398,0.0568746,0.923635,0.0111007,0.0225193,0.0225189,0,,
1961,1507,accepted,0,2.54772e-06,1.31597e-09,1.64999e-10,1.64999e-10,3.17335e-10,3.1726e-10,0,0,0,0.0109505,0.0458449,0.022847,0.0229978,,
1962,1508,accepted,1,1.11755e-07,6.57987e-10,1.64957e-10,1.64957e-10,3.17284e-10,3.1726e-10,1.03567,0.0622409,0.971467,0.0127125,0.0452379,0.022776,0.0224619,,
1963,1509,accepted,1,4.36291e-07,3.28994e-10,1.64887e-10,1.64887e-10,3.1716e-10,3.1716e-10,1.04163,0.0602674,0.979206,0.0112378,0.0452533,0.0225367,0.0227165,,best_validation_checkpoint_1.bin
1964,1509,rejected,1,1.6721e-06,3.28994e-09,1.64887e-10,1.64887e-10,3.1716e-10,3.1716e-10,0.995192,0.0593764,0.934048,0.0104047,0.0225389,0.0225386,0,,
1965,1510,accepted,0,1.6721e-06,1.64497e-09,1.64854e-10,1.64854e-10,3.17215e-10,3.1716e-10,0,0,0,0.0106635,0.0438058,0.0224781,0.0213277,,
1966,1511,accepted,1,7.20413e-08,8.22484e-10,1.6482e-10,1.6482e-10,3.17176e-10,3.1716e-10,1.0038,0.0574585,0.944562,0.0105506,0.0452064,0.0224616,0.0227447,,
1967,1512,accepted,1,2.82647e-07,4.11242e-10,1.64758e-10,1.64758e-10,3.17082e-10,3.17082e-10,1.05604,0.0592585,0.994944,0.0111675,0.0453153,0.0224423,0.0228729,,best_validation_checkpoint_0.bin
1968,1513,accepted,1,1.08968e-06,2.05621e-10,1.64722e-10,1.64722e-10,3.16894e-10,3.16894e-10,1.01176,0.060901,0.949117,0.0097476,0.0452313,0.0226203,0.0226109,,best_validation_checkpoint_1.bin
1969,1513,rejected,1,4.18933e-06,2.05621e-09,1.64722e-10,1.64722e-10,3.16894e-10,3.16894e-10,1.08566,0.0602176,1.02367,0.0101923,0.0227821,0.0227819,0,,
1970,1514,accepted,0,4.18933e-06,1.0281e-09,1.64589e-10,1.64589e-10,3.16984e-10,3.16894e-10,0,0,0,0.0112055,0.0457651,0.0229221,0.0228429,,
1971,1515,accepted,1,1.88366e-07,5.14052e-10,1.64537e-10,1.64537e-10,3.16914e-10,3.16894e-10,1.00649,0.0577627,0.946841,0.0107976,0.0449939,0.0226035,0.0223904,,
1972,1516,accepted,1,7.3186e-07,2.57026e-10,1.64469e-10,1.64469e-10,3.16754e-10,3.16754e-10,0.965204,0.0581582,0.905229,0.0105111,0.0454194,0.0227351,0.0226842,,best_validation_checkpoint_0.bin
1973,1516,rejected,1,2.79047e-06,2.57026e-09,1.64469e-10,1.64469e-10,3.16754e-10,3.16754e-10,1.02342,0.060546,0.961056,0.0107527,0.0230482,0.0230481,0,,
1974,1517,accepted,0,2.79047e-06,1.28513e-09,1.64404e-10,1.64404e-10,3.16832e-10,3.16754e-10,0,0,0,0.0108132,0.0453512,0.0227692,0.022582,,
1975,1518,accepted,1,1.22582e-07,6.42565e-10,1.64361e-10,1.64361e-10,3.1678e-10,3.16754e-10,0.987067,0.0582202,0.926905,0.0108507,0.0451579,0.0224791,0.0226787,,
1976,1519,accepted,1,4.78139e-07,3.21283e-10,1.64292e-10,1.64292e-10,3.16654e-10,3.16654e-10,1.0399,0.059225,0.978736,0.0106676,0.045789,0.0227854,0.0230035,,best_validation_checkpoint_1.bin
1977,1519,rejected,1,1.83075e-06,3.21283e-09,1.64292e-10,1.64292e-10,3.16654e-10,3.16654e-10,1.02453,0.0601534,0.962734,0.0118065,0.0224242,0.0224239,0,,
1978,1520,accepted,0,1.83075e-06,1.60641e-09,1.64256e-10,1.64256e-10,3.1671e-10,3.16654e-10,0,0,0,0.0108131,0.045046,0.0227897,0.0222561,,
1979,1521,accepted,1,7.89638e-08,8.03207e-10,1.64222e-10,1.64222e-10,3.16671e-10,3.16654e-10,1.00266,0.0573237,0.943608,0.0107456,0.0448956,0.0225073,0.0223883,,
1980,1522,accepted,1,3.09602e-07,4.01603e-10,1.6416e-10,1.6416e-10,3.16575e-10,3.16575e-10,0.993784,0.056951,0.935092,0.0119225,0.0450168,0.02248,0.0225368,,best_validation_checkpoint_0.bin
1981,1523,accepted,1,1.19267e-06,2.00802e-10,1.64131e-10,1.64131e-10,3.16388e-10,3.16388e-10,0.948671,0.0573353,0.889617,0.0110004,0.0447105,0.0222694,0.022441,,best_validation_checkpoint_1.bin
1982,1523,rejected,1,4.58186e-06,2.00802e-09,1.64131e-10,1.64131e-10,3.16388e-10,3.16388e-10,0.973541,0.0568472,0.914726,0.01185,0.0225681,0.022568,0,,
1983,1524,accepted,0,4.58186e-06,1.00401e-09,1.63987e-10,1.63987e-10,3.16477e-10,3.16388e-10,0,0,0,0.0111467,0.0448311,0.0224002,0.0224307,,
1984,1525,accepted,1,2.06324e-07,5.02004e-10,1.63935e-10,1.63935e-10,3.16406e-10,3.16388e-10,0.962807,0.0556174,0.905467,0.0108246,0.0451684,0.0224247,0.0227437,,
1985,1526,accepted,1,8.00769e-07,2.51002e-10,1.6387e-10,1.6387e-10,3.16244e-10,3.16244e-10,1.02695,0.0557334,0.969446,0.0099831,0.0452342,0.0226498,0.0225844,,best_validation_checkpoint_0.bin
1986,1526,rejected,1,3.05062e-06,2.51002e-09,1.6387e-10,1.6387e-10,3.16244e-10,3.16244e-10,0.951215,0.0574273,0.892068,0.0103186,0.0228369,0.0228367,0,,
1987,1527,accepted,0,3.05062e-06,1.25501e-09,1.63799e-10,1.63799e-10,3.16324e-10,3.16244e-10,0,0,0,0.0103137,0.0450172,0.022602,0.0224152,,
1988,1528,accepted,1,1.34137e-07,6.27505e-10,1.63756e-10,1.63756e-10,3.16271e-10,3.16244e-10,0.971766,0.0561722,0.913828,0.0116509,0.0447781,0.0224029,0.0223752,,
1989,1529,accepted,1,5.22774e-07,3.13753e-10,1.63687e-10,1.63687e-10,3.16143e-10,3.16143e-10,0.965127,0.0556709,0.907734,0.0104997,0.0442004,0.0217396,0.0224608,,best_validation_checkpoint_1.bin
1990,1529,rejected,1,2.00012e-06,3.13753e-09,1.63687e-10,1.63687e-10,3.16143e-10,3.16143e-10,0.992904,0.0559917,0.934953,0.0117314,0.0227739,0.0227736,0,,
1991,1530,accepted,0,2.00012e-06,1.56876e-09,1.6365e-10,1.6365e-10,3.16202e-10,3.16143e-10,0,0,0,0.0107156,0.0451637,0.0226111,0.0225526,,
1992,1531,accepted,1,8.63431e-08,7.84382e-10,1.63615e-10,1.63615e-10,3.16162e-10,3.16143e-10,0.968767,0.0565261,0.910444,0.0110775,0.0453015,0.0224984,0.022803,,
1993,1532,accepted,1,3.38311e-07,3.92191e-10,1.63552e-10,1.63552e-10,3.16064e-10,3.16064e-10,0.990019,0.0562651,0.931989,0.0110471,0.0449131,0.0225091,0.022404,,best_validation_checkpoint_0.bin
1994,1533,accepted,1,1.30246e-06,1.96095e-10,1.63532e-10,1.63532e-10,3.15878e-10,3.15878e-10,1.00337,0.0571765,0.944442,0.0103843,0.0447575,0.0224166,0.0223408,,best_validation_checkpoint_1.bin
1995,1533,rejected,1,5.00095e-06,1.96095e-09,1.63532e-10,1.63532e-10,3.15878e-10,3.15878e-10,0.978286,0.0571793,0.919324,0.0107314,0.0224845,0.0224843,0,,
1996,1534,accepted,0,5.00095e-06,9.80477e-10,1.63376e-10,1.63376e-10,3.15967e-10,3.15878e-10,0,0,0,0.0100566,0.0446177,0.0227081,0.0219095,,
1997,1535,accepted,1,2.25413e-07,4.90239e-10,1.63323e-10,1.63323e-10,3.15895e-10,3.15878e-10,0.996562,0.0565942,0.938146,0.010853,0.0453523,0.0225339,0.0228184,,
1998,1536,accepted,1,8.73946e-07,2.45119e-10,1.63261e-10,1.63261e-10,3.15731e-10,3.15731e-10,0.980794,0.0561897,0.922797,0.0113905,0.0448515,0.0223615,0.02249,,best_validation_checkpoint_0.bin
1999,1536,rejected,1,3.32695e-06,2.45119e-09,1.63261e-10,1.63261e-10,3.15731e-10,3.15731e-10,1.01298,0.0570286,0.95418,0.0110612,0.0223781,0.0223779,0,,
2000,1537,accepted,0,3.32695e-06,1.2256e-09,1.63186e-10,1.63186e-10,3.15813e-10,3.15731e-10,0,0,0,0.011493,0.0447628,0.0223597,0.0224031,,
2001,1538,accepted,1,1.46395e-07,6.12798e-10,1.63142e-10,1.63142e-10,3.15759e-10,3.15731e-10,1.02224,0.0565273,0.963936,0.0103113,0.0448018,0.0224027,0.022399,,
2002,1539,accepted,1,5.70074e-07,3.06399e-10,1.63073e-10,1.63073e-10,3.15629e-10,3.15629e-10,0.994332,0.056205,0.936349,0.0113684,0.0449181,0.0224129,0.0225052,,best_validation_checkpoint_1.bin
2003,1539,rejected,1,2.17982e-06,3.06399e-09,1.63073e-10,1.63073e-10,3.15629e-10,3.15629e-10,0.974072,0.0567666,0.91559,0.0104646,0.022483,0.0224827,0,,
2004,1540,accepted,0,2.17982e-06,1.532e-09,1.63033e-10,1.63033e-10,3.15691e-10,3.15629e-10,0,0,0,0.010872,0.0448545,0.0224374,0.0224171,,
2005,1541,accepted,1,9.41558e-08,7.65998e-10,1.62998e-10,1.62998e-10,3.1565e-10,3.15629e-10,1.00359,0.056249,0.945553,0.0113281,0.0450432,0.0224643,0.0225789,,
2006,1542,accepted,1,3.68668e-07,3.82999e-10,1.62935e-10,1.62935e-10,3.1555e-10,3.1555e-10,0.986076,0.0558382,0.928421,0.0100633,0.0453041,0.0227642,0.0225399,,best_validation_checkpoint_0.bin
2007,1543,accepted,1,1.41868e-06,1.91499e-10,1.62926e-10,1.62926e-10,3.15366e-10,3.15366e-10,1.03128,0.0572784,0.972216,0.0107627,0.0452644,0.0225919,0.0226724,,best_validation_checkpoint_1.bin
2008,1543,rejected,1,5.4449e-06,1.91499e-09,1.62926e-10,1.62926e-10,3.15366e-10,3.15366e-10,1.024,0.0563831,0.965758,0.010307,0.022456,0.0224558,0,,
2009,1544,accepted,0,5.4449e-06,9.57497e-10,1.62756e-10,1.62756e-10,3.15454e-10,3.15366e-10,0,0,0,0.0121981,0.0447989,0.0224811,0.0223176,,
2010,1545,accepted,1,2.45564e-07,4.78749e-10,1.62702e-10,1.62702e-10,3.1538e-10,3.15366e-10,1.00754,0.0560891,0.949698,0.0110655,0.0448169,0.0223033,0.0225136,,
2011,1546,accepted,1,9.51157e-07,2.39374e-10,1.62644e-10,1.62644e-10,3.15216e-10,3.15216e-10,0.998101,0.0560006,0.940307,0.0113342,0.0448644,0.0222773,0.022587,,best_validation_checkpoint_0.bin
2012,1546,rejected,1,3.61877e-06,2.39374e-09,1.62644e-10,1.62644e-10,3.15216e-10,3.15216e-10,1.01487,0.0569296,0.956093,0.0118413,0.0224261,0.0224259,0,,
2013,1547,accepted,0,3.61877e-06,1.19687e-09,1.62563e-10,1.62563e-10,3.153e-10,3.15216e-10,0,0,0,0.0120098,0.0452541,0.0227795,0.0224745,,
2014,1548,accepted,1,1.59307e-07,5.98436e-10,1.62519e-10,1.62519e-10,3.15245e-10,3.15216e-10,0.986622,0.0563141,0.928494,0.0112974,0.0456098,0.0228674,0.0227424,,
2015,1549,accepted,1,6.19848e-07,2.99218e-10,1.62451e-10,1.62451e-10,3.15113e-10,3.15113e-10,0.992588,0.0558657,0.934985,0.0111356,0.0449259,0.0224494,0.0224765,,best_validation_checkpoint_1.bin
2016,1549,rejected,1,2.3691e-06,2.99218e-09,1.62451e-10,1.62451e-10,3.15113e-10,3.15113e-10,1.01238,0.0576775,0.952928,0.0103559,0.0224469,0.0224467,0,,
2017,1550,accepted,0,2.3691e-06,1.49609e-09,1.62408e-10,1.62408e-10,3.15177e-10,3.15113e-10,0,0,0,0.0116001,0.0447064,0.0224521,0.0222542,,
2018,1551,accepted,1,1.02367e-07,7.48045e-10,1.62373e-10,1.62373e-10,3.15136e-10,3.15113e-10,0.994346,0.0556785,0.936936,0.011006,0.0445847,0.0223487,0.022236,,
2019,1552,accepted,1,4.00562e-07,3.74022e-10,1.6231e-10,1.6231e-10,3.15034e-10,3.15034e-10,1.01943,0.0567662,0.960904,0.0100916,0.0446948,0.0224072,0.0222874,,best_validation_checkpoint_0.bin
2020,1552,rejected,1,1.54083e-06,3.74022e-09,1.6231e-10,1.6231e-10,3.15034e-10,3.15034e-10,0.999702,0.0569739,0.940905,0.0113139,0.0228894,0.0228892,0,,
2021,1553,accepted,0,1.54083e-06,1.87011e-09,1.62285e-10,1.62285e-10,3.15079e-10,3.15034e-10,0,0,0,0.011365,0.045253,0.0227178,0.0225351,,
2022,1554,accepted,1,6.55782e-08,9.35056e-10,1.62256e-10,1.62256e-10,3.15048e-10,3.15034e-10,0.990767,0.0566569,0.932343,0.0097604,0.0449806,0.0224259,0.0225547,,
2023,1555,accepted,1,2.57889e-07,4.67528e-10,1.62202e-10,1.62202e-10,3.14971e-10,3.14971e-10,0.982288,0.0560773,0.924389,0.0107881,0.0451302,0.0223124,0.0228177,,best_validation_checkpoint_1.bin
2024,1556,accepted,1,9.98184e-07,2.33764e-10,1.62147e-10,1.62147e-10,3.14803e-10,3.14803e-10,0.985873,0.0562838,0.927924,0.0101084,0.0456193,0.0227062,0.022913,,best_validation_checkpoint_0.bin
2025,1556,rejected,1,3.84236e-06,2.33764e-09,1.62147e-10,1.62147e-10,3.14803e-10,3.14803e-10,0.986885,0.05623,0.928906,0.0119889,0.0224732,0.022473,0,,
2026,1557,accepted,0,3.84236e-06,1.16882e-09,1.6206e-10,1.6206e-10,3.1489e-10,3.14803e-10,0,0,0,0.0118656,0.0454698,0.0227518,0.022718,,
2027,1558,accepted,1,1.69646e-07,5.8441e-10,1.62015e-10,1.62015e-10,3.14834e-10,3.14803e-10,0.999925,0.0566648,0.941552,0.0111934,0.0451027,0.022449,0.0226535,,
2028,1559,accepted,1,6.61331e-07,2.92205e-10,1.61948e-10,1.61948e-10,3.14699e-10,3.14699e-10,1.00068,0.0561536,0.942721,0.010362,0.0453344,0.0226422,0.0226922,,best_validation_checkpoint_1.bin
2029,1559,rejected,1,2.53444e-06,2.92205e-09,1.61948e-10,1.61948e-10,3.14699e-10,3.14699e-10,1.00033,0.057002,0.941632,0.0101298,0.0223612,0.0223608,0,,
2030,1560,accepted,0,2.53444e-06,1.46102e-09,1.61903e-10,1.61903e-10,3.14766e-10,3.14699e-10,0,0,0,0.0108034,0.0450095,0.0224105,0.022599,,
2031,1561,accepted,1,1.09652e-07,7.30512e-10,1.61867e-10,1.61867e-10,3.14724e-10,3.14699e-10,0.986997,0.0563338,0.92894,0.0108367,0.044983,0.0225087,0.0224743,,
2032,1562,accepted,1,4.29133e-07,3.65256e-10,1.61803e-10,1.61803e-10,3.1462e-10,3.1462e-10,0.996448,0.0569591,0.937742,0.0109512,0.0455844,0.0230003,0.022584,,best_validation_checkpoint_0.bin
2033,1562,rejected,1,1.65203e-06,3.65256e-09,1.61803e-10,1.61803e-10,3.1462e-10,3.1462e-10,1.00692,0.056787,0.948339,0.0099873,0.0224153,0.0224152,0,,
2034,1563,accepted,0,1.65203e-06,1.82628e-09,1.61777e-10,1.61777e-10,3.14667e-10,3.1462e-10,0,0,0,0.0099494,0.0453595,0.0226965,0.022663,,
2035,1564,accepted,1,7.03689e-08,9.1314e-10,1.61748e-10,1.61748e-10,3.14636e-10,3.1462e-10,0.987449,0.0558387,0.929809,0.0103064,0.0449472,0.0225267,0.0224204,,
2036,1565,accepted,1,2.76667e-07,4.5657e-10,1.61694e-10,1.61694e-10,3.14558e-10,3.14558e-10,0.987596,0.0568368,0.928873,0.0108992,0.0453752,0.0227517,0.0226235,,best_validation_checkpoint_1.bin
2037,1566,accepted,1,1.0711e-06,2.28285e-10,1.61643e-10,1.61643e-10,3.14389e-10,3.14389e-10,0.998445,0.0564447,0.940272,0.011867,0.0448332,0.0223153,0.0225178,,best_validation_checkpoint_0.bin
2038,1566,rejected,1,4.12518e-06,2.28285e-09,1.61643e-10,1.61643e-10,3.14389e-10,3.14389e-10,0.973622,0.0568203,0.914874,0.0110429,0.0225724,0.0225722,0,,
2039,1567,accepted,0,4.12518e-06,1.14143e-09,1.61549e-10,1.61549e-10,3.14478e-10,3.14389e-10,0,0,0,0.0108271,0.0449822,0.0226308,0.0223513,,
2040,1568,accepted,1,1.82255e-07,5.70713e-10,1.61503e-10,1.61503e-10,3.1442e-10,3.14389e-10,0.975917,0.0564444,0.917627,0.0110052,0.0450791,0.0224312,0.0226478,,
2041,1569,accepted,1,7.10029e-07,2.85356e-10,1.61438e-10,1.61438e-10,3.14283e-10,3.14283e-10,1.03798,0.0587226,0.977537,0.0116453,0.0447619,0.0223612,0.0224007,,best_validation_checkpoint_1.bin
2042,1569,rejected,1,2.72073e-06,2.85356e-09,1.61438e-10,1.61438e-10,3.14283e-10,3.14283e-10,1.00609,0.0556531,0.948664,0.010926,0.0225996,0.0225994,0,,
2043,1570,accepted,0,2.72073e-06,1.42678e-09,1.61389e-10,1.61389e-10,3.14353e-10,3.14283e-10,0,0,0,0.011053,0.0450783,0.0224422,0.0226361,,
2044,1571,accepted,1,1.17771e-07,7.13391e-10,1.61352e-10,1.61352e-10,3.1431e-10,3.14283e-10,0.993104,0.0561973,0.935096,0.0094452,0.044761,0.0224436,0.0223173,,
2045,1572,accepted,1,4.60636e-07,3.56695e-10,1.61289e-10,1.61289e-10,3.14205e-10,3.14205e-10,0.983375,0.0560817,0.925548,0.0118399,0.0444598,0.0219126,0.022547,,best_validation_checkpoint_0.bin
2046,1572,rejected,1,1.77288e-06,3.56695e-09,1.61289e-10,1.61289e-10,3.14205e-10,3.14205e-10,1.17435,0.0634077,1.10921,0.0119485,0.0225556,0.0225556,0,,
2047,1573,accepted,0,1.77288e-06,1.78348e-09,1.61262e-10,1.61262e-10,3.14254e-10,3.14205e-10,0,0,0,0.0122722,0.0447259,0.0224155,0.0223103,,
2048,1574,accepted,1,7.55512e-08,8.91739e-10,1.61232e-10,1.61232e-10,3.14222e-10,3.14205e-10,0.957695,0.0580772,0.897875,0.0110273,0.0538021,0.0244897,0.0293123,,
2049,1575,accepted,1,2.96881e-07,4.45869e-10,1.61177e-10,1.61177e-10,3.14143e-10,3.14143e-10,0.992829,0.05871,0.932217,0.0118165,0.0466273,0.0239057,0.0227214,,best_validation_checkpoint_1.bin
2050,1576,accepted,1,1.1491e-06,2.22935e-10,1.61132e-10,1.61132e-10,3.13974e-10,3.13974e-10,0.971217,0.0571379,0.912348,0.0112493,0.0487865,0.0261687,0.0226176,,best_validation_checkpoint_0.bin
2051,1576,rejected,1,4.4252e-06,2.22935e-09,1.61132e-10,1.61132e-10,3.13974e-10,3.13974e-10,1.00042,0.0569286,0.941739,0.0119333,0.0226025,0.0226022,0,,
2052,1577,accepted,0,4.4252e-06,1.11467e-09,1.61029e-10,1.61029e-10,3.14064e-10,3.13974e-10,0,0,0,0.0125063,0.0486291,0.0253724,0.0232565,,
2053,1578,accepted,1,1.9559e-07,5.57337e-10,1.60983e-10,1.60983e-10,3.14005e-10,3.13974e-10,0.982352,0.0568497,0.92369,0.011324,0.045034,0.0223772,0.0226568,,
2054,1579,accepted,1,7.61368e-07,2.78668e-10,1.60919e-10,1.60919e-10,3.13867e-10,3.13867e-10,0.963162,0.0570129,0.904469,0.0109654,0.0439778,0.0224112,0.0215665,,best_validation_checkpoint_1.bin
2055,1579,rejected,1,2.91662e-06,2.78668e-09,1.60919e-10,1.60919e-10,3.13867e-10,3.13867e-10,0.98611,0.056812,0.927571,0.0100741,0.0226283,0.0226281,0,,
2056,1580,accepted,0,2.91662e-06,1.39334e-09,1.60867e-10,1.60867e-10,3.13939e-10,3.13867e-10,0,0,0,0.0106261,0.0450641,0.0227731,0.022291,,
2057,1581,accepted,1,1.26289e-07,6.96671e-10,1.6083e-10,1.6083e-10,3.13896e-10,3.13867e-10,0.952745,0.0576794,0.893258,0.0104805,0.0449573,0.022545,0.0224123,,
2058,1582,accepted,1,4.93617e-07,3.48335e-10,1.60767e-10,1.60767e-10,3.13789e-10,3.13789e-10,0.981644,0.0565784,0.923295,0.0101722,0.0452048,0.022567,0.0226378,,best_validation_checkpoint_0.bin
2059,1582,rejected,1,1.89929e-06,3.48335e-09,1.60767e-10,1.60767e-10,3.13789e-10,3.13789e-10,0.989413,0.0596825,0.927945,0.0101083,0.022504,0.0225038,0,,
2060,1583,accepted,0,1.89929e-06,1.74168e-09,1.60738e-10,1.60738e-10,3.1384e-10,3.13789e-10,0,0,0,0.01194,0.0452379,0.0225704,0.0226674,,
2061,1584,accepted,1,8.09616e-08,8.70839e-10,1.60708e-10,1.60708e-10,3.13808e-10,3.13789e-10,0.967437,0.0560674,0.909633,0.0100747,0.0449821,0.0223281,0.0226538,,
2062,1585,accepted,1,3.17963e-07,4.35419e-10,1.60652e-10,1.60652e-10,3.13727e-10,3.13727e-10,1.00427,0.0567686,0.945725,0.0104853,0.0449496,0.0224148,0.0225348,,best_validation_checkpoint_1.bin
2063,1586,accepted,1,1.23036e-06,2.1771e-10,1.60613e-10,1.60613e-10,3.13558e-10,3.13558e-10,1.01992,0.0556579,0.962328,0.01116,0.0449607,0.0223859,0.0225748,,best_validation_checkpoint_0.bin
2064,1586,rejected,1,4.73787e-06,2.1771e-09,1.60613e-10,1.60613e-10,3.13558e-10,3.13558e-10,0.990623,0.0570813,0.931761,0.0108204,0.0223918,0.0223918,0,,
2065,1587,accepted,0,4.73787e-06,1.08855e-09,1.60502e-10,1.60502e-10,3.1365e-10,3.13558e-10,0,0,0,0.010744,0.0450627,0.0224411,0.0226214,,
2066,1588,accepted,1,2.09441e-07,5.44274e-10,1.60455e-10,1.60455e-10,3.1359e-10,3.13558e-10,0.984742,0.0563152,0.926673,0.0098848,0.0447953,0.0223587,0.0224365,,
2067,1589,accepted,1,8.14631e-07,2.72137e-10,1.60393e-10,1.60393e-10,3.1345e-10,3.1345e-10,1.00283,0.0567635,0.944279,0.0102856,0.0453024,0.0226099,0.0226925,,best_validation_checkpoint_1.bin
2068,1589,rejected,1,3.1196e-06,2.72137e-09,1.60393e-10,1.60393e-10,3.1345e-10,3.1345e-10,1.0412,0.0558206,0.983733,0.0102343,0.020811,0.0208108,0,,
2069,1590,accepted,0,3.1196e-06,1.36069e-09,1.60337e-10,1.60337e-10,3.13525e-10,3.1345e-10,0,0,0,0.0112335,0.0436489,0.0211367,0.0225121,,
2070,1591,accepted,1,1.3511e-07,6.80343e-10,1.60299e-10,1.60299e-10,3.13481e-10,3.1345e-10,0.98677,0.0559809,0.928963,0.0105695,0.0450419,0.02244,0.0226019,,
2071,1592,accepted,1,5.2773e-07,3.40171e-10,1.60236e-10,1.60236e-10,3.13372e-10,3.13372e-10,0.987071,0.0566696,0.928622,0.0107352,0.0452454,0.0226542,0.0225911,,best_validation_checkpoint_0.bin
2072,1592,rejected,1,2.02998e-06,3.40171e-09,1.60236e-10,1.60236e-10,3.13372e-10,3.13372e-10,0.991514,0.0559637,0.933668,0.0108292,0.0225479,0.0225476,0,,
2073,1593,accepted,0,2.02998e-06,1.70086e-09,1.60206e-10,1.60206e-10,3.13426e-10,3.13372e-10,0,0,0,0.0109155,0.044999,0.0227101,0.0222889,,
2074,1594,accepted,1,8.65547e-08,8.50428e-10,1.60175e-10,1.60175e-10,3.13393e-10,3.13372e-10,0.993,0.0557344,0.935585,0.0105668,0.0449327,0.0225573,0.0223754,,
2075,1595,accepted,1,3.39726e-07,4.25214e-10,1.60119e-10,1.60119e-10,3.13311e-10,3.13311e-10,1.02626,0.0563117,0.968091,0.0114781,0.0450059,0.0224215,0.0225843,,best_validation_checkpoint_1.bin
2076,1596,accepted,1,1.31426e-06,2.12607e-10,1.60087e-10,1.60087e-10,3.13143e-10,3.13143e-10,1.04035,0.0571064,0.981606,0.0099163,0.0454614,0.0227587,0.0227026,,best_validation_checkpoint_0.bin
2077,1596,rejected,1,5.06057e-06,2.12607e-09,1.60087e-10,1.60087e-10,3.13143e-10,3.13143e-10,1.06926,0.0561962,1.01123,0.011004,0.0224669,0.0224668,0,,
2078,1597,accepted,0,5.06057e-06,1.06304e-09,1.59966e-10,1.59966e-10,3.13236e-10,3.13143e-10,0,0,0,0.0101825,0.0449146,0.0225495,0.0223651,,
2079,1598,accepted,1,2.23706e-07,5.31518e-10,1.59919e-10,1.59919e-10,3.13175e-10,3.13143e-10,1.03366,0.0575884,0.974395,0.0114715,0.0449203,0.0223338,0.0225864,,
2080,1599,accepted,1,8.69421e-07,2.65759e-10,1.59858e-10,1.59858e-10,3.13034e-10,3.13034e-10,1.04148,0.0557692,0.984001,0.0098163,0.0448888,0.022596,0.0222928,,best_validation_checkpoint_1.bin
2081,1599,rejected,1,3.32848e-06,2.65759e-09,1.59858e-10,1.59858e-10,3.13034e-10,3.13034e-10,1.01812,0.0567434,0.959598,0.01093,0.0223764,0.0223762,0,,
2082,1600,accepted,0,3.32848e-06,1.32879e-09,1.59799e-10,1.59799e-10,3.13112e-10,3.13034e-10,0,0,0,0.0113516,0.0450142,0.0223906,0.0226235,,
2083,1601,accepted,1,1.44171e-07,6.64397e-10,1.5976e-10,1.5976e-10,3.13067e-10,3.13034e-10,0.975719,0.0564298,0.917523,0.0116901,0.0450937,0.02261,0.0224836,,
2084,1602,accepted,1,5.62723e-07,3.32199e-10,1.59698e-10,1.59698e-10,3.12957e-10,3.12957e-10,0.995649,0.0558091,0.938061,0.0108082,0.0452933,0.0224553,0.0228379,,best_validation_checkpoint_0.bin
2085,1602,rejected,1,2.16411e-06,3.32199e-09,1.59698e-10,1.59698e-10,3.12957e-10,3.12957e-10,1.01875,0.0559946,0.96115,0.0104698,0.0225448,0.0225447,0,,
2086,1603,accepted,0,2.16411e-06,1.66099e-09,1.59665e-10,1.59665e-10,3.13013e-10,3.12957e-10,0,0,0,0.0115925,0.0452967,0.0226814,0.0226153,,
2087,1604,accepted,1,9.2288e-08,8.30496e-10,1.59634e-10,1.59634e-10,3.1298e-10,3.12957e-10,1.02663,0.0561989,0.9687,0.0116246,0.0453294,0.0228491,0.0224801,,
2088,1605,accepted,1,3.62018e-07,4.15248e-10,1.59578e-10,1.59578e-10,3.12896e-10,3.12896e-10,1.05122,0.0557893,0.993666,0.0111243,0.0452778,0.0226979,0.0225798,,best_validation_checkpoint_1.bin
2089,1606,accepted,1,1.40022e-06,2.07624e-10,1.59553e-10,1.59553e-10,3.1273e-10,3.1273e-10,1.01092,0.0559882,0.953207,0.0119751,0.0449153,0.022396,0.0225192,,best_validation_checkpoint_0.bin
2090,1606,rejected,1,5.39084e-06,2.07624e-09,1.59553e-10,1.59553e-10,3.1273e-10,3.1273e-10,1.02392,0.0559571,0.96624,0.0102886,0.0223929,0.0223928,0,,
2091,1607,accepted,0,5.39084e-06,1.03812e-09,1.59422e-10,1.59422e-10,3.12823e-10,3.1273e-10,0,0,0,0.0114692,0.0455304,0.0226407,0.0228897,,
2092,1608,accepted,1,2.38295e-07,5.1906e-10,1.59374e-10,1.59374e-10,3.12762e-10,3.1273e-10,1.02747,0.0560908,0.969561,0.0113024,0.0452179,0.0225651,0.0226526,,
2093,1609,accepted,1,9.25364e-07,2.5953e-10,1.59316e-10,1.59316e-10,3.12619e-10,3.12619e-10,1.00776,0.055725,0.950254,0.011055,0.0430022,0.0225498,0.0204524,,best_validation_checkpoint_1.bin
2094,1609,rejected,1,3.54194e-06,2.5953e-09,1.59316e-10,1.59316e-10,3.12619e-10,3.12619e-10,0.992125,0.0566788,0.933702,0.010833,0.0224499,0.0224496,0,,
2095,1610,accepted,0,3.54194e-06,1.29765e-09,1.59252e-10,1.59252e-10,3.127e-10,3.12619e-10,0,0,0,0.0102572,0.045338,0.0234606,0.0218773,,
2096,1611,accepted,1,1.53406e-07,6.48825e-10,1.59213e-10,1.59213e-10,3.12655e-10,3.12619e-10,1.0273,0.0560257,0.969587,0.0100449,0.0459927,0.0224716,0.0235209,,
2097,1612,accepted,1,5.98364e-07,3.24413e-10,1.59151e-10,1.59151e-10,3.12543e-10,3.12543e-10,0.984731,0.0572037,0.925825,0.0123248,0.0453404,0.0226219,0.0227185,,best_validation_checkpoint_0.bin
2098,1612,rejected,1,2.30078e-06,3.24413e-09,1.59151e-10,1.59151e-10,3.12543e-10,3.12543e-10,0.984452,0.0588886,0.923843,0.0106765,0.023206,0.0232055,0,,
2099,1613,accepted,0,2.30078e-06,1.62206e-09,1.59117e-10,1.59117e-10,3.12602e-10,3.12543e-10,0,0,0,0.0112381,0.0451853,0.0226554,0.0225298,,
2100,1614,accepted,1,9.81172e-08,8.11032e-10,1.59085e-10,1.59085e-10,3.12568e-10,3.12543e-10,1.02832,0.0566504,0.969913,0.0118234,0.0449175,0.0224833,0.0224341,,
2101,1615,accepted,1,3.84662e-07,4.05516e-10,1.59029e-10,1.59029e-10,3.12483e-10,3.12483e-10,1.0118,0.0569706,0.952997,0.0122049,0.0448871,0.0224577,0.0224292,,best_validation_checkpoint_1.bin
2102,1616,accepted,1,1.48754e-06,2.02758e-10,1.59012e-10,1.59012e-10,3.12319e-10,3.12319e-10,1.00181,0.0558637,0.944171,0.0104898,0.045197,0.0226213,0.0225756,,best_validation_checkpoint_0.bin
2103,1616,rejected,1,5.72677e-06,2.02758e-09,1.59012e-10,1.59012e-10,3.12319e-10,3.12319e-10,1.00781,0.0558333,0.950083,0.0118292,0.0224744,0.0224742,0,,
2104,1617,accepted,0,5.72677e-06,1.01379e-09,1.58869e-10,1.58869e-10,3.12413e-10,3.12319e-10,0,0,0,0.0114413,0.0447185,0.022502,0.0222164,,
2105,1618,accepted,1,2.53076e-07,5.06895e-10,1.58822e-10,1.58822e-10,3.12351e-10,3.12319e-10,0.982085,0.0564058,0.923922,0.0119895,0.0447445,0.0223461,0.0223983,,
2106,1619,accepted,1,9.81957e-07,2.53447e-10,1.58766e-10,1.58766e-10,3.12207e-10,3.12207e-10,1.0089,0.055885,0.951296,0.0110326,0.0452691,0.0225901,0.0226789,,best_validation_checkpoint_1.bin
2107,1619,rejected,1,3.75784e-06,2.53447e-09,1.58766e-10,1.58766e-10,3.12207e-10,3.12207e-10,0.976042,0.0570168,0.917287,0.0118188,0.022395,0.0223947,0,,
2108,1620,accepted,0,3.75784e-06,1.26724e-09,1.58697e-10,1.58697e-10,3.12291e-10,3.12207e-10,0,0,0,0.0108161,0.0452293,0.0226424,0.0225869,,
2109,1621,accepted,1,1.6274e-07,6.33618e-10,1.58658e-10,1.58658e-10,3.12245e-10,3.12207e-10,1.02369,0.0568675,0.965045,0.011145,0.0450249,0.0223469,0.0226778,,
2110,1622,accepted,1,6.34326e-07,3.16809e-10,1.58596e-10,1.58596e-10,3.12131e-10,3.12131e-10,1.0231,0.0554744,0.965945,0.0106952,0.0447866,0.0226329,0.0221537,,best_validation_checkpoint_0.bin
2111,1622,rejected,1,2.43858e-06,3.16809e-09,1.58596e-10,1.58596e-10,3.12131e-10,3.12131e-10,1.06089,0.0566751,1.00255,0.0098959,0.0223054,0.0223053,0,,
2112,1623,accepted,0,2.43858e-06,1.58405e-09,1.5856e-10,1.5856e-10,3.12194e-10,3.12131e-10,0,0,0,0.0097196,0.0431029,0.0208959,0.0222069,,
2113,1624,accepted,1,1.03999e-07,7.92023e-10,1.58528e-10,1.58528e-10,3.12159e-10,3.12131e-10,1.00078,0.0550856,0.94398,0.0114417,0.0450608,0.0225006,0.0225602,,
2114,1625,accepted,1,4.07469e-07,3.96012e-10,1.58471e-10,1.58471e-10,3.12073e-10,3.12073e-10,1.04179,0.0568897,0.982999,0.0117303,0.044827,0.0223574,0.0224695,,best_validation_checkpoint_1.bin
2115,1626,accepted,1,1.57547e-06,1.98006e-10,1.58464e-10,1.58464e-10,3.11911e-10,3.11911e-10,1.01767,0.0592914,0.956614,0.0108606,0.0450203,0.0223889,0.0226312,,best_validation_checkpoint_0.bin
2116,1626,rejected,1,6.06469e-06,1.98006e-09,1.58464e-10,1.58464e-10,3.11911e-10,3.11911e-10,0.985232,0.0564468,0.927022,0.0121355,0.0224772,0.0224771,0,,
2117,1627,accepted,0,6.06469e-06,9.90029e-10,1.58309e-10,1.58309e-10,3.12005e-10,3.11911e-10,0,0,0,0.0108245,0.0453546,0.0227016,0.022653,,
2118,1628,accepted,1,2.67927e-07,4.95014e-10,1.58261e-10,1.58261e-10,3.11942e-10,3.11911e-10,0.98235,0.05619,0.924427,0.0106995,0.0451459,0.022434,0.0227117,,
2119,1629,accepted,1,1.03873e-06,2.47507e-10,1.58209e-10,1.58209e-10,3.11798e-10,3.11798e-10,0.961789,0.0562103,0.903807,0.0129412,0.0450672,0.0224954,0.0225716,,best_validation_checkpoint_1.bin
2120,1629,rejected,1,3.97427e-06,2.47507e-09,1.58209e-10,1.58209e-10,3.11798e-10,3.11798e-10,0.991516,0.0581567,0.931574,0.0110132,0.0225954,0.0225951,0,,
2121,1630,accepted,0,3.97427e-06,1.23754e-09,1.58134e-10,1.58134e-10,3.11885e-10,3.11798e-10,0,0,0,0.0108415,0.0429893,0.022524,0.0204653,,
2122,1631,accepted,1,1.7208e-07,6.18768e-10,1.58095e-10,1.58095e-10,3.11838e-10,3.11798e-10,1.00388,0.056163,0.945874,0.0112198,0.04518,0.0225213,0.0226587,,
2123,1632,accepted,1,6.70262e-07,3.09384e-10,1.58034e-10,1.58034e-10,3.11723e-10,3.11723e-10,1.00644,0.055997,0.948727,0.0107232,0.0447803,0.0224286,0.0223517,,best_validation_checkpoint_0.bin
2124,1632,rejected,1,2.57636e-06,3.09384e-09,1.58034e-10,1.58034e-10,3.11723e-10,3.11723e-10,1.01326,0.0564221,0.955036,0.0106414,0.0225943,0.022594,0,,
2125,1633,accepted,0,2.57636e-06,1.54692e-09,1.57995e-10,1.57995e-10,3.11789e-10,3.11723e-10,0,0,0,0.0120922,0.0445125,0.0224948,0.0220176,,
2126,1634,accepted,1,1.09864e-07,7.7346e-10,1.57963e-10,1.57963e-10,3.11754e-10,3.11723e-10,0.987339,0.0565011,0.929064,0.010945,0.0443937,0.0225593,0.0218343,,
2127,1635,accepted,1,4.30189e-07,3.8673e-10,1.57906e-10,1.57906e-10,3.11667e-10,3.11667e-10,1.00473,0.0569074,0.946169,0.0102158,0.0438177,0.0212268,0.0225907,,best_validation_checkpoint_1.bin
2128,1635,rejected,1,1.6631e-06,3.8673e-09,1.57906e-10,1.57906e-10,3.11667e-10,3.11667e-10,1.0296,0.0565787,0.971229,0.0119103,0.0223203,0.0223201,0,,
2129,1636,accepted,0,1.6631e-06,1.93365e-09,1.57884e-10,1.57884e-10,3.11712e-10,3.11667e-10,0,0,0,0.0106373,0.0447777,0.0223516,0.022426,,
2130,1637,accepted,1,7.00521e-08,9.66825e-10,1.57858e-10,1.57858e-10,3.11687e-10,3.11667e-10,0.988922,0.0570997,0.930074,0.0109595,0.0451609,0.0227552,0.0224055,,
2131,1638,accepted,1,2.75557e-07,4.83413e-10,1.57809e-10,1.57809e-10,3.11622e-10,3.11622e-10,0.988561,0.0563542,0.930423,0.0110572,0.0453557,0.0228153,0.0225402,,best_validation_checkpoint_0.bin
2132,1639,accepted,1,1.07112e-06,2.41706e-10,1.5776e-10,1.5776e-10,3.11475e-10,3.11475e-10,1.05026,0.0574025,0.991169,0.0110204,0.0449016,0.0223533,0.0225482,,best_validation_checkpoint_1.bin
2133,1639,rejected,1,4.13856e-06,2.41706e-09,1.5776e-10,1.5776e-10,3.11475e-10,3.11475e-10,0.98235,0.0563965,0.924075,0.0107,0.0223772,0.0223771,0,,
2134,1640,accepted,0,4.13856e-06,1.20853e-09,1.5768e-10,1.5768e-10,3.11565e-10,3.11475e-10,0,0,0,0.010478,0.0448041,0.0223705,0.0224335,,
2135,1641,accepted,1,1.79569e-07,6.04266e-10,1.5764e-10,1.5764e-10,3.11517e-10,3.11475e-10,1.02097,0.0564105,0.962862,0.0101935,0.0453157,0.0226039,0.0227118,,
2136,1642,accepted,1,7.00355e-07,3.02133e-10,1.5758e-10,1.5758e-10,3.114e-10,3.114e-10,1.02801,0.0559586,0.970327,0.0107527,0.0452986,0.0226748,0.0226237,,best_validation_checkpoint_0.bin
2137,1642,rejected,1,2.69764e-06,3.02133e-09,1.5758e-10,1.5758e-10,3.114e-10,3.114e-10,1.02371,0.0561373,0.965767,0.0098595,0.022379,0.0223788,0,,
2138,1643,accepted,0,2.69764e-06,1.51066e-09,1.57539e-10,1.57539e-10,3.11469e-10,3.114e-10,0,0,0,0.0109252,0.0448472,0.0224525,0.0223946,,
2139,1644,accepted,1,1.15122e-07,7.55332e-10,1.57506e-10,1.57506e-10,3.11434e-10,3.114e-10,0.988893,0.056295,0.930878,0.0111942,0.0452607,0.0226029,0.0226577,,
2140,1645,accepted,1,4.50788e-07,3.77666e-10,1.57449e-10,1.57449e-10,3.11345e-10,3.11345e-10,0.979528,0.055706,0.922124,0.0095539,0.0449678,0.0223694,0.0225983,,best_validation_checkpoint_1.bin
2141,1645,rejected,1,1.7438e-06,3.77666e-09,1.57449e-10,1.57449e-10,3.11345e-10,3.11345e-10,0.983442,0.0562789,0.925493,0.0102403,0.0224273,0.0224272,0,,
2142,1646,accepted,0,1.7438e-06,1.88833e-09,1.57426e-10,1.57426e-10,3.11393e-10,3.11345e-10,0,0,0,0.0107765,0.0455299,0.0226616,0.0228682,,
2143,1647,accepted,1,7.34864e-08,9.44165e-10,1.57399e-10,1.57399e-10,3.11367e-10,3.11345e-10,0.996812,0.0559599,0.939085,0.0103651,0.0450753,0.0224593,0.022616,,
2144,1648,accepted,1,2.8899e-07,4.72083e-10,1.5735e-10,1.5735e-10,3.11301e-10,3.11301e-10,1.00223,0.0562249,0.944202,0.0100926,0.0448829,0.0225028,0.0223799,,best_validation_checkpoint_0.bin
2145,1649,accepted,1,1.12355e-06,2.36041e-10,1.57304e-10,1.57304e-10,3.11153e-10,3.11153e-10,0.981218,0.0589904,0.920497,0.0110302,0.0449782,0.022505,0.0224732,,best_validation_checkpoint_1.bin
2146,1649,rejected,1,4.34299e-06,2.36041e-09,1.57304e-10,1.57304e-10,3.11153e-10,3.11153e-10,1.01197,0.0556941,0.954532,0.0107877,0.0227955,0.0227952,0,,
2147,1650,accepted,0,4.34299e-06,1.18021e-09,1.57219e-10,1.57219e-10,3.11246e-10,3.11153e-10,0,0,0,0.0109449,0.0446763,0.022812,0.0218643,,
2148,1651,accepted,1,1.88483e-07,5.90103e-10,1.57178e-10,1.57178e-10,3.11198e-10,3.11153e-10,0.994171,0.0559951,0.936431,0.011741,0.0449352,0.0224247,0.0225104,,
2149,1652,accepted,1,7.3467e-07,2.95052e-10,1.57119e-10,1.57119e-10,3.11079e-10,3.11079e-10,1.02039,0.0562025,0.962437,0.0120951,0.0449,0.0225169,0.022383,,best_validation_checkpoint_0.bin
2150,1652,rejected,1,2.82969e-06,2.95052e-09,1.57119e-10,1.57119e-10,3.11079e-10,3.11079e-10,0.99849,0.0567617,0.939998,0.0115682,0.0224241,0.022424,0,,
2151,1653,accepted,0,2.82969e-06,1.47526e-09,1.57075e-10,1.57075e-10,3.11151e-10,3.11079e-10,0,0,0,0.0101688,0.0452186,0.0225583,0.0226602,,
2152,1654,accepted,1,1.20781e-07,7.37629e-10,1.57042e-10,1.57042e-10,3.11116e-10,3.11079e-10,1.00217,0.055794,0.944735,0.0101231,0.0448869,0.0223729,0.022514,,
2153,1655,accepted,1,4.72681e-07,3.68814e-10,1.56985e-10,1.56985e-10,3.11025e-10,3.11025e-10,0.976187,0.0558765,0.918503,0.0100207,0.0452535,0.0225508,0.0227027,,best_validation_checkpoint_1.bin
2154,1655,rejected,1,1.82826e-06,3.68814e-09,1.56985e-10,1.56985e-10,3.11025e-10,3.11025e-10,0.986918,0.0564394,0.928764,0.0104164,0.022451,0.0224507,0,,
2155,1656,accepted,0,1.82826e-06,1.84407e-09,1.5696e-10,1.5696e-10,3.11076e-10,3.11025e-10,0,0,0,0.011142,0.0453802,0.0228432,0.022537,,
2156,1657,accepted,1,7.70594e-08,9.22036e-10,1.56933e-10,1.56933e-10,3.11049e-10,3.11025e-10,1.04031,0.0561809,0.98233,0.0114528,0.0449002,0.0224002,0.0225,,
2157,1658,accepted,1,3.02886e-07,4.61018e-10,1.56884e-10,1.56884e-10,3.10982e-10,3.10982e-10,0.991003,0.0562684,0.932983,0.0108283,0.0446183,0.0223111,0.0223071,,best_validation_checkpoint_0.bin
2158,1659,accepted,1,1.17738e-06,2.30509e-10,1.56842e-10,1.56842e-10,3.10835e-10,3.10835e-10,1.00468,0.0563208,0.946707,0.0100682,0.0458175,0.0231425,0.022675,,best_validation_checkpoint_1.bin
2159,1659,rejected,1,4.551e-06,2.30509e-09,1.56842e-10,1.56842e-10,3.10835e-10,3.10835e-10,1.02682,0.0562783,0.968811,0.011441,0.0243956,0.0243955,0,,
2160,1660,accepted,0,4.551e-06,1.15255e-09,1.5675e-10,1.5675e-10,3.1093e-10,3.10835e-10,0,0,0,0.0109284,0.0455528,0.0232101,0.0223426,,
2161,1661,accepted,1,1.97506e-07,5.76273e-10,1.56709e-10,1.56709e-10,3.10881e-10,3.10835e-10,0.99012,0.0566925,0.931738,0.0108312,0.0452276,0.022706,0.0225215,,
2162,1662,accepted,1,7.69301e-07,2.88136e-10,1.5665e-10,1.5665e-10,3.10761e-10,3.10761e-10,0.97825,0.0558034,0.920691,0.0113309,0.0453728,0.0225893,0.0227835,,best_validation_checkpoint_0.bin
2163,1662,rejected,1,2.96243e-06,2.88136e-09,1.5665e-10,1.5665e-10,3.10761e-10,3.10761e-10,1.04204,0.0569439,0.983405,0.0111405,0.0227706,0.0227705,0,,
2164,1663,accepted,0,2.96243e-06,1.44068e-09,1.56604e-10,1.56604e-10,3.10836e-10,3.10761e-10,0,0,0,0.0108139,0.0453128,0.022742,0.0225707,,
2165,1664,accepted,1,1.26453e-07,7.20341e-10,1.5657e-10,1.5657e-10,3.108e-10,3.10761e-10,1.01095,0.0558718,0.953314,0.0097163,0.0450413,0.022402,0.0226393,,
2166,1665,accepted,1,4.94563e-07,3.6017e-10,1.56513e-10,1.56513e-10,3.10709e-10,3.10709e-10,1.01208,0.0563103,0.954018,0.0107205,0.04483,0.0223705,0.0224595,,best_validation_checkpoint_1.bin
2167,1665,rejected,1,1.91247e-06,3.6017e-09,1.56513e-10,1.56513e-10,3.10709e-10,3.10709e-10,0.986958,0.0564295,0.928801,0.0103825,0.0215782,0.021578,0,,
2168,1666,accepted,0,1.91247e-06,1.80085e-09,1.56487e-10,1.56487e-10,3.10762e-10,3.10709e-10,0,0,0,0.0104417,0.0456552,0.022828,0.0228271,,
2169,1667,accepted,1,8.06181e-08,9.00426e-10,1.5646e-10,1.5646e-10,3.10735e-10,3.10709e-10,1.02456,0.0570357,0.965815,0.0097574,0.0450694,0.022481,0.0225883,,
2170,1668,accepted,1,3.16708e-07,4.50213e-10,1.5641e-10,1.5641e-10,3.10667e-10,3.10667e-10,1.01103,0.0554858,0.953736,0.0114911,0.0455234,0.0227887,0.0227346,,best_validation_checkpoint_0.bin
2171,1669,accepted,1,1.23083e-06,2.25106e-10,1.56373e-10,1.56373e-10,3.10519e-10,3.10519e-10,0.962864,0.0572484,0.903912,0.0107213,0.0450872,0.0224942,0.0225929,,best_validation_checkpoint_1.bin
2172,1669,rejected,1,4.75696e-06,2.25106e-09,1.56373e-10,1.56373e-10,3.10519e-10,3.10519e-10,0.9999,0.0562324,0.941876,0.0111587,0.022544,0.022544,0,,
2173,1670,accepted,0,4.75696e-06,1.12553e-09,1.56274e-10,1.56274e-10,3.10617e-10,3.10519e-10,0,0,0,0.0102385,0.0453395,0.0226203,0.0227192,,
2174,1671,accepted,1,2.06435e-07,5.62766e-10,1.56233e-10,1.56233e-10,3.10568e-10,3.10519e-10,1.03094,0.0558655,0.973297,0.0124946,0.0446149,0.0224357,0.0221792,,
2175,1672,accepted,1,8.03501e-07,2.81383e-10,1.56175e-10,1.56175e-10,3.10447e-10,3.10447e-10,0.982062,0.055911,0.924486,0.0107823,0.0451134,0.0227128,0.0224006,,best_validation_checkpoint_0.bin
2176,1672,rejected,1,3.09316e-06,2.81383e-09,1.56175e-10,1.56175e-10,3.10447e-10,3.10447e-10,1.03113,0.055854,0.973504,0.0101187,0.0222135,0.0222132,0,,
2177,1673,accepted,0,3.09316e-06,1.40692e-09,1.56126e-10,1.56126e-10,3.10525e-10,3.10447e-10,0,0,0,0.0095221,0.0423524,0.0221159,0.0202364,,
2178,1674,accepted,1,1.32033e-07,7.03458e-10,1.56092e-10,1.56092e-10,3.10489e-10,3.10447e-10,1.00686,0.0558856,0.949216,0.0110886,0.045245,0.0225573,0.0226876,,
2179,1675,accepted,1,5.16066e-07,3.51729e-10,1.56034e-10,1.56034e-10,3.10396e-10,3.10396e-10,1.01001,0.0558451,0.952196,0.0105544,0.0454309,0.0226501,0.0227807,,best_validation_checkpoint_1.bin
2180,1675,rejected,1,1.99511e-06,3.51729e-09,1.56034e-10,1.56034e-10,3.10396e-10,3.10396e-10,1.02459,0.0573062,0.96551,0.0109666,0.0224961,0.0224959,0,,
2181,1676,accepted,0,1.99511e-06,1.75864e-09,1.56008e-10,1.56008e-10,3.10452e-10,3.10396e-10,0,0,0,0.0106026,0.0447416,0.0223603,0.0223812,,
2182,1677,accepted,1,8.41078e-08,8.79322e-10,1.5598e-10,1.5598e-10,3.10425e-10,3.10396e-10,0.979559,0.0575042,0.920352,0.0096268,0.0449738,0.0224197,0.022554,,
2183,1678,accepted,1,3.30232e-07,4.39661e-10,1.55929e-10,1.55929e-10,3.10356e-10,3.10356e-10,1.02185,0.0560415,0.964158,0.0114316,0.0448422,0.0224262,0.0224159,,best_validation_checkpoint_0.bin
2184,1679,accepted,1,1.28312e-06,2.19831e-10,1.55897e-10,1.55897e-10,3.10208e-10,3.10208e-10,1.00073,0.055994,0.943001,0.010434,0.0449711,0.0225185,0.0224525,,best_validation_checkpoint_1.bin
2185,1679,rejected,1,4.95854e-06,2.19831e-09,1.55897e-10,1.55897e-10,3.10208e-10,3.10208e-10,0.993698,0.056564,0.935385,0.0120378,0.0225902,0.02259,0,,
2186,1680,accepted,0,4.95854e-06,1.09915e-09,1.55791e-10,1.55791e-10,3.10309e-10,3.10208e-10,0,0,0,0.0107346,0.0453148,0.0226215,0.0226933,,
2187,1681,accepted,1,2.15136e-07,5.49576e-10,1.55749e-10,1.55749e-10,3.10259e-10,3.10208e-10,1.00841,0.0562377,0.950451,0.0115341,0.0449881,0.0224313,0.0225567,,
2188,1682,accepted,1,8.36729e-07,2.74788e-10,1.55693e-10,1.55693e-10,3.10137e-10,3.10137e-10,1.00875,0.0565671,0.950402,0.0119691,0.0455592,0.0227053,0.0228539,,best_validation_checkpoint_0.bin
2189,1682,rejected,1,3.22027e-06,2.74788e-09,1.55693e-10,1.55693e-10,3.10137e-10,3.10137e-10,0.990193,0.0561854,0.932146,0.0099731,0.0205716,0.0205714,0,,
2190,1683,accepted,0,3.22027e-06,1.37394e-09,1.55641e-10,1.55641e-10,3.10218e-10,3.10137e-10,0,0,0,0.0104041,0.0415915,0.0209596,0.0206318,,
2191,1684,accepted,1,1.37447e-07,6.8697e-10,1.55606e-10,1.55606e-10,3.10182e-10,3.10137e-10,0.993986,0.0563629,0.935893,0.0105223,0.0454812,0.0226915,0.0227897,,
2192,1685,accepted,1,5.36869e-07,3.43485e-10,1.55549e-10,1.55549e-10,3.10088e-10,3.10088e-10,0.988862,0.056348,0.930734,0.0107749,0.0450808,0.0224795,0.0226013,,best_validation_checkpoint_1.bin
2193,1685,rejected,1,2.07509e-06,3.43485e-09,1.55549e-10,1.55549e-10,3.10088e-10,3.10088e-10,0.983166,0.0578596,0.923468,0.0106449,0.0224394,0.0224392,0,,
2194,1686,accepted,0,2.07509e-06,1.71743e-09,1.5552e-10,1.5552e-10,3.10146e-10,3.10088e-10,0,0,0,0.0116695,0.0450992,0.0223824,0.0227166,,
2195,1687,accepted,1,8.74805e-08,8.58713e-10,1.55492e-10,1.55492e-10,3.1012e-10,3.10088e-10,0.987251,0.0558448,0.929578,0.01128,0.0450476,0.0224677,0.0225798,,
2196,1688,accepted,1,3.43281e-07,4.29357e-10,1.55441e-10,1.55441e-10,3.1005e-10,3.1005e-10,0.985999,0.0569069,0.927256,0.0099888,0.0453999,0.0227895,0.0226103,,best_validation_checkpoint_0.bin
2197,1689,accepted,1,1.33355e-06,2.14678e-10,1.55414e-10,1.55414e-10,3.09902e-10,3.09902e-10,1.00788,0.0568527,0.949303,0.0100853,0.0449155,0.0224134,0.0225021,,best_validation_checkpoint_1.bin
2198,1689,rejected,1,5.15248e-06,2.14678e-09,1.55414e-10,1.55414e-10,3.09902e-10,3.09902e-10,1.02039,0.0570343,0.961688,0.0101189,0.0224086,0.0224083,0,,
2199,1690,accepted,0,5.15248e-06,1.07339e-09,1.55301e-10,1.55301e-10,3.10006e-10,3.09902e-10,0,0,0,0.0112872,0.0448199,0.0225338,0.0222859,,
2200,1691,accepted,1,2.235e-07,5.36696e-10,1.55258e-10,1.55258e-10,3.09955e-10,3.09902e-10,0.956729,0.0571922,0.897696,0.0108174,0.0451133,0.0225831,0.0225301,,
2201,1692,accepted,1,8.68592e-07,2.68348e-10,1.55203e-10,1.55203e-10,3.09832e-10,3.09832e-10,1.02237,0.0571585,0.963303,0.0098443,0.0452492,0.0226944,0.0225547,,best_validation_checkpoint_0.bin
2202,1692,rejected,1,3.34201e-06,2.68348e-09,1.55203e-10,1.55203e-10,3.09832e-10,3.09832e-10,0.997744,0.0564716,0.939556,0.0111124,0.0223588,0.0223587,0,,
2203,1693,accepted,0,3.34201e-06,1.34174e-09,1.55148e-10,1.55148e-10,3.09917e-10,3.09832e-10,0,0,0,0.0138161,0.0453031,0.0227332,0.0225698,,
2204,1694,accepted,1,1.42621e-07,6.7087e-10,1.55113e-10,1.55113e-10,3.0988e-10,3.09832e-10,1.01097,0.0567598,0.952451,0.0101125,0.0456946,0.0229456,0.022749,,
2205,1695,accepted,1,5.56707e-07,3.35435e-10,1.55056e-10,1.55056e-10,3.09785e-10,3.09785e-10,0.994858,0.0562837,0.93681,0.0100535,0.0449626,0.0223844,0.0225781,,best_validation_checkpoint_1.bin
2206,1695,rejected,1,2.15132e-06,3.35435e-09,1.55056e-10,1.55056e-10,3.09785e-10,3.09785e-10,0.987409,0.0561592,0.929511,0.011198,0.0206016,0.0206014,0,,
2207,1696,accepted,0,2.15132e-06,1.67717e-09,1.55026e-10,1.55026e-10,3.09846e-10,3.09785e-10,0,0,0,0.0100766,0.04469,0.0222497,0.0224402,,
2208,1697,accepted,1,9.06879e-08,8.38587e-10,1.54998e-10,1.54998e-10,3.0982e-10,3.09785e-10,0.99748,0.0563658,0.939454,0.0098119,0.0445803,0.0223886,0.0221916,,
2209,1698,accepted,1,3.55667e-07,4.19294e-10,1.54946e-10,1.54946e-10,3.09749e-10,3.09749e-10,0.988834,0.0563521,0.930663,0.0108257,0.0439703,0.0223485,0.0216217,,best_validation_checkpoint_0.bin
2210,1699,accepted,1,1.38136e-06,2.09647e-10,1.54925e-10,1.54925e-10,3.09601e-10,3.09601e-10,0.977444,0.0564429,0.91928,0.0103976,0.0449165,0.0223752,0.0225412,,best_validation_checkpoint_1.bin
2211,1699,rejected,1,5.33655e-06,2.09647e-09,1.54925e-10,1.54925e-10,3.09601e-10,3.09601e-10,0.988829,0.0562118,0.930864,0.0105105,0.0223303,0.0223302,0,,
2212,1700,accepted,0,5.33655e-06,1.04823e-09,1.54803e-10,1.54803e-10,3.09708e-10,3.09601e-10,0,0,0,0.0105057,0.0453312,0.0226832,0.0226479,,
2213,1701,accepted,1,2.31403e-07,5.24117e-10,1.5476e-10,1.5476e-10,3.09657e-10,3.09601e-10,1.00689,0.0562116,0.948928,0.0102764,0.0439447,0.0211339,0.0228108,,
2214,1702,accepted,1,8.98596e-07,2.62058e-10,1.54707e-10,1.54707e-10,3.09532e-10,3.09532e-10,0.994825,0.056206,0.936868,0.0110544,0.0452525,0.022534,0.0227185,,best_validation_checkpoint_0.bin
2215,1702,rejected,1,3.45653e-06,2.62058e-09,1.54707e-10,1.54707e-10,3.09532e-10,3.09532e-10,1.00503,0.0559138,0.947391,0.0108221,0.0224809,0.0224808,0,,
2216,1703,accepted,0,3.45653e-06,1.31029e-09,1.54648e-10,1.54648e-10,3.09621e-10,3.09532e-10,0,0,0,0.0104408,0.0450964,0.0224681,0.0226283,,
2217,1704,accepted,1,1.47479e-07,6.55146e-10,1.54613e-10,1.54613e-10,3.09584e-10,3.09532e-10,0.997739,0.0557788,0.940221,0.0119253,0.0449478,0.0224224,0.0225254,,
2218,1705,accepted,1,5.7527e-07,3.27573e-10,1.54556e-10,1.54556e-10,3.09488e-10,3.09488e-10,1.00509,0.0560061,0.947294,0.0113478,0.0450677,0.0224546,0.0226129,,best_validation_checkpoint_1.bin
2219,1705,rejected,1,2.22249e-06,3.27573e-09,1.54556e-10,1.54556e-10,3.09488e-10,3.09488e-10,1.01386,0.0572362,0.954731,0.010211,0.022489,0.0224888,0,,
2220,1706,accepted,0,2.22249e-06,1.63787e-09,1.54525e-10,1.54525e-10,3.09553e-10,3.09488e-10,0,0,0,0.0108747,0.0451161,0.0226516,0.0224645,,
2221,1707,accepted,1,9.36842e-08,8.18933e-10,1.54496e-10,1.54496e-10,3.09526e-10,3.09488e-10,1.00306,0.0565017,0.944767,0.0116367,0.0450285,0.0224937,0.0225347,,
2222,1708,accepted,1,3.67193e-07,4.09466e-10,1.54444e-10,1.54444e-10,3.09454e-10,3.09454e-10,1.02378,0.0556875,0.966392,0.0121155,0.0451464,0.0225104,0.022636,,best_validation_checkpoint_0.bin
2223,1709,accepted,1,1.42585e-06,2.04733e-10,1.54428e-10,1.54428e-10,3.09307e-10,3.09307e-10,1.02907,0.0561073,0.971183,0.0101911,0.0449466,0.0223684,0.0225782,,best_validation_checkpoint_1.bin
2224,1709,rejected,1,5.50755e-06,2.04733e-09,1.54428e-10,1.54428e-10,3.09307e-10,3.09307e-10,0.992546,0.0563762,0.934361,0.0108011,0.0226355,0.0226353,0,,
2225,1710,accepted,0,5.50755e-06,1.02367e-09,1.54299e-10,1.54299e-10,3.09417e-10,3.09307e-10,0,0,0,0.0108369,0.04548,0.0225983,0.0228817,,
2226,1711,accepted,1,2.3872e-07,5.11833e-10,1.54255e-10,1.54255e-10,3.09366e-10,3.09307e-10,1.00358,0.0559102,0.945965,0.0098988,0.0449641,0.0223596,0.0226045,,
2227,1712,accepted,1,9.26249e-07,2.55916e-10,1.54204e-10,1.54204e-10,3.0924e-10,3.0924e-10,1.00526,0.0557984,0.947648,0.0105932,0.0449486,0.0224622,0.0224863,,best_validation_checkpoint_0.bin
2228,1712,rejected,1,3.56206e-06,2.55916e-09,1.54204e-10,1.54204e-10,3.0924e-10,3.0924e-10,1.01289,0.0566475,0.954469,0.010422,0.0223903,0.0223902,0,,
2229,1713,accepted,0,3.56206e-06,1.27958e-09,1.54142e-10,1.54142e-10,3.09333e-10,3.0924e-10,0,0,0,0.0104775,0.0449275,0.0224154,0.0225121,,
2230,1714,accepted,1,1.51935e-07,6.39791e-10,1.54106e-10,1.54106e-10,3.09296e-10,3.0924e-10,1.0295,0.0563917,0.971311,0.0105518,0.0453091,0.0226172,0.0226919,,
2231,1715,accepted,1,5.92244e-07,3.19896e-10,1.54049e-10,1.54049e-10,3.09198e-10,3.09198e-10,1.05156,0.055994,0.993904,0.0108557,0.0447961,0.0223475,0.0224485,,best_validation_checkpoint_1.bin
2232,1715,rejected,1,2.2876e-06,3.19896e-09,1.54049e-10,1.54049e-10,3.09198e-10,3.09198e-10,1.01429,0.05571,0.956729,0.0114471,0.0224931,0.0224928,0,,
2233,1716,accepted,0,2.2876e-06,1.59948e-09,1.54016e-10,1.54016e-10,3.09266e-10,3.09198e-10,0,0,0,0.0116056,0.0450664,0.0226905,0.0223759,,
2234,1717,accepted,1,9.64124e-08,7.99739e-10,1.53987e-10,1.53987e-10,3.09239e-10,3.09198e-10,0.996684,0.0559583,0.938976,0.0104565,0.045065,0.022478,0.0225868,,
2235,1718,accepted,1,3.77658e-07,3.99869e-10,1.53935e-10,1.53935e-10,3.09166e-10,3.09166e-10,0.96504,0.056013,0.907242,0.0101977,0.0454633,0.022776,0.0226871,,best_validation_checkpoint_0.bin
2236,1719,accepted,1,1.4662e-06,1.99935e-10,1.53925e-10,1.53925e-10,3.0902e-10,3.0902e-10,0.995447,0.056861,0.9369,0.0110629,0.0447337,0.0223122,0.0224214,,best_validation_checkpoint_1.bin
2237,1719,rejected,1,5.66256e-06,1.99935e-09,1.53925e-10,1.53925e-10,3.0902e-10,3.0902e-10,1.01769,0.0565811,0.959358,0.0109468,0.0224018,0.0224015,0,,
2238,1720,accepted,0,5.66256e-06,9.99674e-10,1.53787e-10,1.53787e-10,3.09133e-10,3.0902e-10,0,0,0,0.0106293,0.0450365,0.0227236,0.0223129,,
2239,1721,accepted,1,2.45319e-07,4.99837e-10,1.53743e-10,1.53743e-10,3.09081e-10,3.0902e-10,0.989815,0.0562445,0.931745,0.0116909,0.0454908,0.0226261,0.0228647,,
2240,1722,accepted,1,9.51032e-07,2.49918e-10,1.53694e-10,1.53694e-10,3.08954e-10,3.08954e-10,0.982239,0.0566793,0.923751,0.0107684,0.045645,0.0224498,0.023195,,best_validation_checkpoint_0.bin
2241,1722,rejected,1,3.65636e-06,2.49918e-09,1.53694e-10,1.53694e-10,3.08954e-10,3.08954e-10,0.983172,0.0561323,0.925251,0.011691,0.0219974,0.0219973,0,,
2242,1723,accepted,0,3.65636e-06,1.24959e-09,1.53628e-10,1.53628e-10,3.09052e-10,3.08954e-10,0,0,0,0.0108541,0.0449584,0.0224247,0.0225337,,
2243,1724,accepted,1,1.55913e-07,6.24796e-10,1.53591e-10,1.53591e-10,3.09014e-10,3.08954e-10,1.0297,0.0564673,0.971507,0.0107769,0.0450497,0.0224227,0.0226269,,
2244,1725,accepted,1,6.07295e-07,3.12398e-10,1.53535e-10,1.53535e-10,3.08915e-10,3.08915e-10,1.00626,0.0564909,0.947995,0.0100583,0.0450787,0.0224666,0.022612,,best_validation_checkpoint_1.bin
2245,1725,rejected,1,2.3452e-06,3.12398e-09,1.53535e-10,1.53535e-10,3.08915e-10,3.08915e-10,0.967228,0.0559982,0.909558,0.0106798,0.0224526,0.0224524,0,,
2246,1726,accepted,0,2.3452e-06,1.56199e-09,1.53501e-10,1.53501e-10,3.08987e-10,3.08915e-10,0,0,0,0.010521,0.0450323,0.0223878,0.0226445,,
2247,1727,accepted,1,9.88265e-08,7.80995e-10,1.53471e-10,1.53471e-10,3.0896e-10,3.08915e-10,1.0161,0.0563841,0.958077,0.009743,0.0449368,0.0223674,0.0225693,,
2248,1728,accepted,1,3.86866e-07,3.90498e-10,1.53419e-10,1.53419e-10,3.08886e-10,3.08886e-10,0.95674,0.0561538,0.898813,0.0105047,0.0449233,0.0224045,0.0225187,,best_validation_checkpoint_0.bin
2249,1729,accepted,1,1.50168e-06,1.95249e-10,1.53416e-10,1.53416e-10,3.08741e-10,3.08741e-10,0.992359,0.0568495,0.93382,0.009497,0.0446989,0.0223321,0.0223667,,best_validation_checkpoint_1.bin
2250,1729,rejected,1,5.79895e-06,1.95249e-09,1.53416e-10,1.53416e-10,3.08741e-10,3.08741e-10,0.983542,0.0556482,0.926154,0.010753,0.0225026,0.0225023,0,,
2251,1730,accepted,0,5.79895e-06,9.76244e-10,1.53269e-10,1.53269e-10,3.08858e-10,3.08741e-10,0,0,0,0.0112436,0.0450024,0.0225234,0.022479,,
2252,1731,accepted,1,2.51061e-07,4.88122e-10,1.53224e-10,1.53224e-10,3.08806e-10,3.08741e-10,0.995086,0.0564297,0.936881,0.0103413,0.0454752,0.0227852,0.0226899,,
2253,1732,accepted,1,9.72461e-07,2.44061e-10,1.53177e-10,1.53177e-10,3.08677e-10,3.08677e-10,0.985788,0.0564554,0.927614,0.0100795,0.0447692,0.0228608,0.0219084,,best_validation_checkpoint_0.bin
2254,1732,rejected,1,3.73779e-06,2.44061e-09,1.53177e-10,1.53177e-10,3.08677e-10,3.08677e-10,0.967452,0.0567215,0.908928,0.0115297,0.0224621,0.0224619,0,,
2255,1733,accepted,0,3.73779e-06,1.2203e-09,1.53107e-10,1.53107e-10,3.08779e-10,3.08677e-10,0,0,0,0.010534,0.0451642,0.0227177,0.0224465,,
2256,1734,accepted,1,1.59325e-07,6.10152e-10,1.5307e-10,1.5307e-10,3.08742e-10,3.08677e-10,0.981463,0.0559318,0.923814,0.0111814,0.0450785,0.0224411,0.0226373,,
2257,1735,accepted,1,6.20113e-07,3.05076e-10,1.53014e-10,1.53014e-10,3.08641e-10,3.08641e-10,0.992882,0.0562605,0.934909,0.0105172,0.0454422,0.0225389,0.0229032,,best_validation_checkpoint_1.bin
2258,1735,rejected,1,2.39425e-06,3.05076e-09,1.53014e-10,1.53014e-10,3.08641e-10,3.08641e-10,1.00196,0.0558338,0.944418,0.0114901,0.0226183,0.0226181,0,,
2259,1736,accepted,0,2.39425e-06,1.52538e-09,1.52978e-10,1.52978e-10,3.08717e-10,3.08641e-10,0,0,0,0.0107643,0.0449801,0.0226157,0.0223642,,
2260,1737,accepted,1,1.00868e-07,7.6269e-10,1.52948e-10,1.52948e-10,3.0869e-10,3.08641e-10,0.965028,0.0556678,0.907577,0.0118073,0.0450722,0.0223551,0.0227169,,
2261,1738,accepted,1,3.94598e-07,3.81345e-10,1.52896e-10,1.52896e-10,3.08615e-10,3.08615e-10,0.983994,0.0563346,0.925931,0.0107105,0.0453415,0.0225643,0.0227771,,best_validation_checkpoint_0.bin
2262,1738,rejected,1,1.53139e-06,3.81345e-09,1.52896e-10,1.52896e-10,3.08615e-10,3.08615e-10,0.992722,0.0555254,0.935432,0.0107991,0.0224952,0.0224952,0,,
2263,1739,accepted,0,1.53139e-06,1.90673e-09,1.52875e-10,1.52875e-10,3.08667e-10,3.08615e-10,0,0,0,0.0109137,0.0451845,0.022585,0.0225994,,
2264,1740,accepted,1,6.39114e-08,9.53363e-10,1.52851e-10,1.52851e-10,3.08648e-10,3.08615e-10,1.02069,0.0608355,0.958115,0.0100981,0.0436788,0.0223406,0.0213381,,
2265,1741,accepted,1,2.51105e-07,4.76682e-10,1.52806e-10,1.52806e-10,3.08593e-10,3.08593e-10,0.983646,0.0559641,0.925837,0.0104135,0.0433303,0.0214947,0.0218356,,best_validation_checkpoint_1.bin
2266,1742,accepted,1,9.79194e-07,2.38341e-10,1.52761e-10,1.52761e-10,3.08463e-10,3.08463e-10,1.00946,0.0579345,0.949713,0.0109792,0.045075,0.0223972,0.0226776,,best_validation_checkpoint_0.bin
2267,1742,rejected,1,3.79643e-06,2.38341e-09,1.52761e-10,1.52761e-10,3.08463e-10,3.08463e-10,0.996322,0.0561925,0.938232,0.0105344,0.0223888,0.0223885,0,,
2268,1743,accepted,0,3.79643e-06,1.1917e-09,1.52687e-10,1.52687e-10,3.08569e-10,3.08463e-10,0,0,0,0.0110599,0.0452586,0.0227288,0.0225298,,
2269,1744,accepted,1,1.62077e-07,5.95852e-10,1.5265e-10,1.5265e-10,3.0853e-10,3.08463e-10,1.01856,0.0569003,0.959892,0.0111849,0.0451625,0.022458,0.0227044,,
2270,1745,accepted,1,6.31359e-07,2.97926e-10,1.52594e-10,1.52594e-10,3.08428e-10,3.08428e-10,1.00351,0.0573891,0.944295,0.0101732,0.0450998,0.0225619,0.0225378,,best_validation_checkpoint_1.bin
2271,1745,rejected,1,2.44122e-06,2.97926e-09,1.52594e-10,1.52594e-10,3.08428e-10,3.08428e-10,1.01954,0.0585104,0.959259,0.0102972,0.0223263,0.0223259,0,,
2272,1746,accepted,0,2.44122e-06,1.48963e-09,1.52557e-10,1.52557e-10,3.08508e-10,3.08428e-10,0,0,0,0.0109497,0.0449548,0.0224219,0.0225327,,
2273,1747,accepted,1,1.02892e-07,7.44815e-10,1.52526e-10,1.52526e-10,3.0848e-10,3.08428e-10,1.01073,0.0580706,0.950775,0.0108844,0.0446646,0.0223135,0.022351,,
2274,1748,accepted,1,4.02432e-07,3.72407e-10,1.52474e-10,1.52474e-10,3.08404e-10,3.08404e-10,0.975434,0.0573314,0.916372,0.0102516,0.0446052,0.0223488,0.0222564,,best_validation_checkpoint_0.bin
2275,1748,rejected,1,1.5624e-06,3.72407e-09,1.52474e-10,1.52474e-10,3.08404e-10,3.08404e-10,1.01379,0.0571009,0.95495,0.0098994,0.022403,0.0224027,0,,
2276,1749,accepted,0,1.5624e-06,1.86204e-09,1.52452e-10,1.52452e-10,3.08459e-10,3.08404e-10,0,0,0,0.010495,0.0449958,0.0225081,0.0224877,,
2277,1750,accepted,1,6.52194e-08,9.31019e-10,1.52428e-10,1.52428e-10,3.0844e-10,3.08404e-10,1.01602,0.0571858,0.957098,0.0104921,0.0448116,0.0223909,0.0224207,,
2278,1751,accepted,1,2.56151e-07,4.65509e-10,1.52382e-10,1.52382e-10,3.08385e-10,3.08385e-10,1.04297,0.0583676,0.982868,0.0096754,0.0448787,0.0224072,0.0224715,,best_validation_checkpoint_1.bin
2279,1752,accepted,1,9.98929e-07,2.32755e-10,1.52339e-10,1.52339e-10,3.08252e-10,3.08252e-10,0.993151,0.0570589,0.934361,0.0106681,0.0446785,0.0223911,0.0222874,,best_validation_checkpoint_0.bin
2280,1752,rejected,1,3.87403e-06,2.32755e-09,1.52339e-10,1.52339e-10,3.08252e-10,3.08252e-10,1.01903,0.0566597,0.960647,0.0101855,0.0223699,0.0223697,0,,
2281,1753,accepted,0,3.87403e-06,1.16377e-09,1.52261e-10,1.52261e-10,3.08363e-10,3.08252e-10,0,0,0,0.0108678,0.0451576,0.0225073,0.0226503,,
2282,1754,accepted,1,1.65383e-07,5.81887e-10,1.52224e-10,1.52224e-10,3.08324e-10,3.08252e-10,0.995688,0.0566454,0.937243,0.0099687,0.0448162,0.0225737,0.0222424,,
2283,1755,accepted,1,6.4379e-07,2.90943e-10,1.52168e-10,1.52168e-10,3.08221e-10,3.08221e-10,1.02595,0.0567637,0.967355,0.0106886,0.0449673,0.0226031,0.0223641,,best_validation_checkpoint_1.bin
2284,1755,rejected,1,2.489e-06,2.90943e-09,1.52168e-10,1.52168e-10,3.08221e-10,3.08221e-10,1.00091,0.0569189,0.942127,0.0106754,0.0225062,0.0225059,0,,
2285,1756,accepted,0,2.489e-06,1.45472e-09,1.52129e-10,1.52129e-10,3.08304e-10,3.08221e-10,0,0,0,0.0101239,0.0449426,0.0225825,0.0223599,,
2286,1757,accepted,1,1.04906e-07,7.27358e-10,1.52098e-10,1.52098e-10,3.08276e-10,3.08221e-10,0.984629,0.0568579,0.925971,0.0105985,0.0450346,0.0226222,0.0224123,,
2287,1758,accepted,1,4.10038e-07,3.63679e-10,1.52045e-10,1.52045e-10,3.08199e-10,3.08199e-10,0.991055,0.0564764,0.932795,0.0106011,0.0446332,0.022366,0.0222671,,best_validation_checkpoint_0.bin
2288,1758,rejected,1,1.59169e-06,3.63679e-09,1.52045e-10,1.52045e-10,3.08199e-10,3.08199e-10,1.01561,0.0576667,0.956143,0.0109054,0.0224013,0.022401,0,,
2289,1759,accepted,0,1.59169e-06,1.8184e-09,1.52023e-10,1.52023e-10,3.08257e-10,3.08199e-10,0,0,0,0.0111875,0.0450259,0.0226916,0.0223342,,
2290,1760,accepted,1,6.64457e-08,9.09198e-10,1.51998e-10,1.51998e-10,3.08237e-10,3.08199e-10,1.00027,0.0565995,0.941903,0.0098506,0.0450941,0.0225622,0.0225318,,
2291,1761,accepted,1,2.6081e-07,4.54599e-10,1.51952e-10,1.51952e-10,3.08182e-10,3.08182e-10,1.02768,0.0568336,0.968944,0.0106212,0.0452269,0.0226542,0.0225726,,best_validation_checkpoint_1.bin
2292,1762,accepted,1,1.01694e-06,2.27299e-10,1.51911e-10,1.51911e-10,3.08048e-10,3.08048e-10,0.998927,0.0575269,0.939562,0.010983,0.0447984,0.0224755,0.0223228,,best_validation_checkpoint_0.bin
2293,1762,rejected,1,3.94387e-06,2.27299e-09,1.51911e-10,1.51911e-10,3.08048e-10,3.08048e-10,1.05193,0.0568434,0.993243,0.0105213,0.0224216,0.0224213,0,,
2294,1763,accepted,0,3.94387e-06,1.1365e-09,1.51829e-10,1.51829e-10,3.08163e-10,3.08048e-10,0,0,0,0.0106472,0.0449477,0.0225841,0.0223636,,
2295,1764,accepted,1,1.68324e-07,5.68249e-10,1.51791e-10,1.51791e-10,3.08124e-10,3.08048e-10,1.01668,0.0569853,0.957847,0.0108258,0.0449523,0.0224069,0.0225452,,
2296,1765,accepted,1,6.54722e-07,2.84124e-10,1.51736e-10,1.51736e-10,3.08019e-10,3.08019e-10,1.04681,0.0572199,0.98782,0.0102767,0.045073,0.0225878,0.0224851,,best_validation_checkpoint_1.bin
2297,1765,rejected,1,2.53082e-06,2.84124e-09,1.51736e-10,1.51736e-10,3.08019e-10,3.08019e-10,1.00917,0.0576124,0.94982,0.0100906,0.0223998,0.0223996,0,,
2298,1766,accepted,0,2.53082e-06,1.42062e-09,1.51694e-10,1.51694e-10,3.08106e-10,3.08019e-10,0,0,0,0.0106242,0.0447514,0.022385,0.0223662,,
2299,1767,accepted,1,1.06652e-07,7.10311e-10,1.51663e-10,1.51663e-10,3.08078e-10,3.08019e-10,1.03961,0.0565232,0.981329,0.0096138,0.0452386,0.0224112,0.0228274,,
2300,1768,accepted,1,4.16559e-07,3.55155e-10,1.5161e-10,1.5161e-10,3.08e-10,3.08e-10,1.01029,0.0578249,0.950586,0.0105478,0.045621,0.0225016,0.0231193,,best_validation_checkpoint_0.bin
2301,1768,rejected,1,1.61669e-06,3.55155e-09,1.5161e-10,1.5161e-10,3.08e-10,3.08e-10,1.03899,0.0583251,0.97887,0.0098861,0.0223253,0.0223252,0,,
2302,1769,accepted,0,1.61669e-06,1.77578e-09,1.51587e-10,1.51587e-10,3.08061e-10,3.08e-10,0,0,0,0.0101537,0.0449763,0.0226976,0.0222787,,
2303,1770,accepted,1,6.74914e-08,8.87889e-10,1.51562e-10,1.51562e-10,3.08041e-10,3.08e-10,1.06531,0.0573123,1.00626,0.0110965,0.0446065,0.0223802,0.0222262,,
2304,1771,accepted,1,2.64746e-07,4.43944e-10,1.51515e-10,1.51515e-10,3.07985e-10,3.07985e-10,1.04219,0.0568949,0.983484,0.0107196,0.0446885,0.0224304,0.0222581,,best_validation_checkpoint_1.bin
2305,1772,accepted,1,1.03212e-06,2.21972e-10,1.51478e-10,1.51478e-10,3.0785e-10,3.0785e-10,0.953239,0.0575973,0.893868,0.0112141,0.0453503,0.0227467,0.0226035,,best_validation_checkpoint_0.bin
2306,1772,rejected,1,4.00259e-06,2.21972e-09,1.51478e-10,1.51478e-10,3.0785e-10,3.0785e-10,0.98595,0.0564834,0.927692,0.0107294,0.0224059,0.0224057,0,,
2307,1773,accepted,0,4.00259e-06,1.10986e-09,1.51391e-10,1.51391e-10,3.0797e-10,3.0785e-10,0,0,0,0.0106106,0.0452272,0.0226543,0.0225728,,
2308,1774,accepted,1,1.70775e-07,5.5493e-10,1.51352e-10,1.51352e-10,3.07931e-10,3.0785e-10,0.988301,0.0564379,0.929499,0.0095755,0.0449455,0.0224674,0.022478,,
2309,1775,accepted,1,6.63685e-07,2.77465e-10,1.51297e-10,1.51297e-10,3.07824e-10,3.07824e-10,1.00052,0.0559312,0.942809,0.0108744,0.0450112,0.0224906,0.0225204,,best_validation_checkpoint_1.bin
2310,1775,rejected,1,2.56503e-06,2.77465e-09,1.51297e-10,1.51297e-10,3.07824e-10,3.07824e-10,0.986954,0.0564421,0.92885,0.0123772,0.0223356,0.0223353,0,,
2311,1776,accepted,0,2.56503e-06,1.38733e-09,1.51254e-10,1.51254e-10,3.07915e-10,3.07824e-10,0,0,0,0.0101381,0.0449399,0.0225109,0.022429,,
2312,1777,accepted,1,1.08072e-07,6.93663e-10,1.51223e-10,1.51223e-10,3.07887e-10,3.07824e-10,0.967389,0.0560992,0.909566,0.0100009,0.0447152,0.0223193,0.0223959,,
2313,1778,accepted,1,4.21787e-07,3.46831e-10,1.51169e-10,1.51169e-10,3.07808e-10,3.07808e-10,1.00073,0.0557294,0.943171,0.0109994,0.0450898,0.0224216,0.0226681,,best_validation_checkpoint_0.bin
2314,1778,rejected,1,1.63677e-06,3.46831e-09,1.51169e-10,1.51169e-10,3.07808e-10,3.07808e-10,0.991233,0.0566855,0.932839,0.0101175,0.0226522,0.0226522,0,,
2315,1779,accepted,0,1.63677e-06,1.73416e-09,1.51145e-10,1.51145e-10,3.07872e-10,3.07808e-10,0,0,0,0.0103364,0.0451562,0.0226815,0.0224746,,
2316,1780,accepted,1,6.83244e-08,8.67079e-10,1.5112e-10,1.5112e-10,3.07852e-10,3.07808e-10,1.012,0.0557563,0.954486,0.0102347,0.0454663,0.0228126,0.0226537,,
2317,1781,accepted,1,2.67832e-07,4.33539e-10,1.51073e-10,1.51073e-10,3.07795e-10,3.07795e-10,0.984801,0.0563659,0.926735,0.0105682,0.0451618,0.0226081,0.0225535,,best_validation_checkpoint_1.bin
2318,1782,accepted,1,1.04401e-06,2.1677e-10,1.51038e-10,1.51038e-10,3.07659e-10,3.07659e-10,1.0206,0.0561667,0.962619,0.0100962,0.0450624,0.0223862,0.0226761,,best_validation_checkpoint_0.bin
2319,1782,rejected,1,4.04889e-06,2.1677e-09,1.51038e-10,1.51038e-10,3.07659e-10,3.07659e-10,1.00421,0.0560988,0.946208,0.0113121,0.0227875,0.0227872,0,,
2320,1783,accepted,0,4.04889e-06,1.08385e-09,1.50946e-10,1.50946e-10,3.07784e-10,3.07659e-10,0,0,0,0.010995,0.0452182,0.0227332,0.022485,,
2321,1784,accepted,1,1.72677e-07,5.41924e-10,1.50907e-10,1.50907e-10,3.07744e-10,3.07659e-10,1.01116,0.0560962,0.953315,0.0105482,0.0449713,0.0223165,0.0226547,,
2322,1785,accepted,1,6.70482e-07,2.70962e-10,1.50853e-10,1.50853e-10,3.07636e-10,3.07636e-10,0.996181,0.0560042,0.938532,0.0103231,0.0450625,0.0224829,0.0225796,,best_validation_checkpoint_1.bin
2323,1785,rejected,1,2.5909e-06,2.70962e-09,1.50853e-10,1.50853e-10,3.07636e-10,3.07636e-10,0.997518,0.0566212,0.939177,0.0110383,0.0223962,0.0223959,0,,
2324,1786,accepted,0,2.5909e-06,1.35481e-09,1.50807e-10,1.50807e-10,3.07731e-10,3.07636e-10,0,0,0,0.0101913,0.0452351,0.0229003,0.0223347,,
2325,1787,accepted,1,1.09141e-07,6.77405e-10,1.50775e-10,1.50775e-10,3.07703e-10,3.07636e-10,0.967124,0.0556487,0.909492,0.0099597,0.0452312,0.0225317,0.0226994,,
2326,1788,accepted,1,4.25607e-07,3.38703e-10,1.50722e-10,1.50722e-10,3.07623e-10,3.07623e-10,1.02122,0.0566467,0.962884,0.0114625,0.0452149,0.0225319,0.022683,,best_validation_checkpoint_0.bin
2327,1788,rejected,1,1.6514e-06,3.38703e-09,1.50722e-10,1.50722e-10,3.07623e-10,3.07623e-10,0.967609,0.0560897,0.909636,0.0103644,0.0223011,0.022301,0,,
2328,1789,accepted,0,1.6514e-06,1.69351e-09,1.50697e-10,1.50697e-10,3.0769e-10,3.07623e-10,0,0,0,0.0097367,0.0449563,0.0224559,0.0225003,,
2329,1790,accepted,1,6.89303e-08,8.46757e-10,1.50671e-10,1.50671e-10,3.0767e-10,3.07623e-10,1.03023,0.0560724,0.972447,0.0103787,0.0449467,0.0223739,0.0225726,,
2330,1791,accepted,1,2.70015e-07,4.23378e-10,1.50624e-10,1.50624e-10,3.07612e-10,3.07612e-10,1.01945,0.0559886,0.961762,0.011935,0.045274,0.0224247,0.0228492,,best_validation_checkpoint_1.bin
2331,1792,accepted,1,1.05242e-06,2.11689e-10,1.50592e-10,1.50592e-10,3.07475e-10,3.07475e-10,1.04211,0.0559649,0.984433,0.0101585,0.0451924,0.0224177,0.0227747,,best_validation_checkpoint_0.bin
2332,1792,rejected,1,4.08192e-06,2.11689e-09,1.50592e-10,1.50592e-10,3.07475e-10,3.07475e-10,1.00902,0.0557935,0.951443,0.01261,0.0224583,0.0224581,0,,
2333,1793,accepted,0,4.08192e-06,1.05845e-09,1.50495e-10,1.50495e-10,3.07605e-10,3.07475e-10,0,0,0,0.0106316,0.0452143,0.0227126,0.0225015,,
2334,1794,accepted,1,1.73997e-07,5.29223e-10,1.50455e-10,1.50455e-10,3.07565e-10,3.07475e-10,1.0148,0.0561,0.956979,0.0096687,0.0450988,0.0223546,0.022744,,
2335,1795,accepted,1,6.74978e-07,2.64611e-10,1.50402e-10,1.50402e-10,3.07455e-10,3.07455e-10,1.0227,0.0561266,0.964798,0.0118719,0.0451255,0.0225413,0.0225841,,best_validation_checkpoint_1.bin
2336,1795,rejected,1,2.60822e-06,2.64611e-09,1.50402e-10,1.50402e-10,3.07455e-10,3.07455e-10,1.00727,0.0562455,0.94924,0.0114832,0.0225406,0.0225405,0,,
2337,1796,accepted,0,2.60822e-06,1.32306e-09,1.50354e-10,1.50354e-10,3.07555e-10,3.07455e-10,0,0,0,0.0103543,0.0448157,0.0225179,0.0222976,,
2338,1797,accepted,1,1.0983e-07,6.61529e-10,1.50322e-10,1.50322e-10,3.07527e-10,3.07455e-10,0.992447,0.0558875,0.934739,0.0107042,0.0455218,0.0232341,0.0222876,,
2339,1798,accepted,1,4.27947e-07,3.30764e-10,1.50268e-10,1.50268e-10,3.07445e-10,3.07445e-10,0.992789,0.0568308,0.934271,0.0094692,0.0448576,0.0222514,0.0226061,,best_validation_checkpoint_0.bin
2340,1798,rejected,1,1.66046e-06,3.30764e-09,1.50268e-10,1.50268e-10,3.07445e-10,3.07445e-10,0.988746,0.0562141,0.930745,0.0103972,0.0224072,0.022407,0,,
2341,1799,accepted,0,1.66046e-06,1.65382e-09,1.50242e-10,1.50242e-10,3.07516e-10,3.07445e-10,0,0,0,0.0107078,0.0450807,0.022426,0.0226547,,
2342,1800,accepted,1,6.92967e-08,8.26911e-10,1.50216e-10,1.50216e-10,3.07496e-10,3.07445e-10,1.03212,0.0555056,0.974889,0.0115309,0.045128,0.0224995,0.0226285,,
2343,1801,accepted,1,2.71252e-07,4.13455e-10,1.50168e-10,1.50168e-10,3.07437e-10,3.07437e-10,0.990248,0.0554062,0.93314,0.0113856,0.0446455,0.0223867,0.0222587,,best_validation_checkpoint_1.bin
2344,1802,accepted,1,1.05719e-06,2.06728e-10,1.5014e-10,1.5014e-10,3.07299e-10,3.07299e-10,0.981203,0.0567958,0.922655,0.0105736,0.04528,0.0227455,0.0225344,,best_validation_checkpoint_0.bin
2345,1802,rejected,1,4.10161e-06,2.06728e-09,1.5014e-10,1.5014e-10,3.07299e-10,3.07299e-10,0.987946,0.0572222,0.928962,0.0105529,0.0224361,0.0224359,0,,
2346,1803,accepted,0,4.10161e-06,1.03364e-09,1.50038e-10,1.50038e-10,3.07434e-10,3.07299e-10,0,0,0,0.0110326,0.0450886,0.0225925,0.0224961,,
2347,1804,accepted,1,1.74711e-07,5.16819e-10,1.49998e-10,1.49998e-10,3.07393e-10,3.07299e-10,1.01155,0.0563819,0.953384,0.0106289,0.0424131,0.0218845,0.0205286,,
2348,1805,accepted,1,6.7713e-07,2.5841e-10,1.49945e-10,1.49945e-10,3.07282e-10,3.07282e-10,0.991231,0.0559067,0.933478,0.0113561,0.0448582,0.0223743,0.0224838,,best_validation_checkpoint_1.bin
2349,1805,rejected,1,2.61668e-06,2.5841e-09,1.49945e-10,1.49945e-10,3.07282e-10,3.07282e-10,1.02855,0.0569104,0.969865,0.0114094,0.0224679,0.0224678,0,,
2350,1806,accepted,0,2.61668e-06,1.29205e-09,1.49895e-10,1.49895e-10,3.07387e-10,3.07282e-10,0,0,0,0.0119384,0.0457665,0.0229521,0.0228143,,
2351,1807,accepted,1,1.10136e-07,6.46024e-10,1.49863e-10,1.49863e-10,3.07358e-10,3.07282e-10,0.945559,0.0564588,0.887316,0.0106744,0.0447768,0.0224077,0.0223689,,
2352,1808,accepted,1,4.28788e-07,3.23012e-10,1.49808e-10,1.49808e-10,3.07276e-10,3.07276e-10,1.02449,0.0556569,0.967082,0.0103327,0.0449205,0.0224066,0.0225139,,best_validation_checkpoint_0.bin
2353,1808,rejected,1,1.6638e-06,3.23012e-09,1.49808e-10,1.49808e-10,3.07276e-10,3.07276e-10,0.994284,0.0568024,0.935757,0.0110403,0.0224157,0.0224155,0,,
2354,1809,accepted,0,1.6638e-06,1.61506e-09,1.49782e-10,1.49782e-10,3.0735e-10,3.07276e-10,0,0,0,0.0104609,0.0450068,0.022362,0.0226447,,
2355,1810,accepted,1,6.94204e-08,8.0753e-10,1.49755e-10,1.49755e-10,3.0733e-10,3.07276e-10,0.998946,0.0561308,0.941091,0.010334,0.0451697,0.0224475,0.0227221,,
2356,1811,accepted,1,2.71528e-07,4.03765e-10,1.49707e-10,1.49707e-10,3.0727e-10,3.0727e-10,1.03616,0.0563304,0.978094,0.0104779,0.0448618,0.0223077,0.0225541,,best_validation_checkpoint_1.bin
2357,1812,accepted,1,1.05835e-06,2.01882e-10,1.49682e-10,1.49682e-10,3.07131e-10,3.07131e-10,1.02351,0.055976,0.965835,0.0110589,0.0451501,0.0224338,0.0227163,,best_validation_checkpoint_0.bin
2358,1812,rejected,1,4.1076e-06,2.01882e-09,1.49682e-10,1.49682e-10,3.07131e-10,3.07131e-10,1.00197,0.0555012,0.944753,0.0104717,0.0225601,0.0225599,0,,
2359,1813,accepted,0,4.1076e-06,1.00941e-09,1.49574e-10,1.49574e-10,3.07271e-10,3.07131e-10,0,0,0,0.0107307,0.0448293,0.0223721,0.0224571,,
2360,1814,accepted,1,1.74821e-07,5.04706e-10,1.49534e-10,1.49534e-10,3.0723e-10,3.07131e-10,0.990136,0.055792,0.932657,0.0096958,0.044901,0.0223919,0.022509,,
2361,1815,accepted,1,6.76897e-07,2.52353e-10,1.49482e-10,1.49482e-10,3.07117e-10,3.07117e-10,0.990643,0.0555344,0.933401,0.0111521,0.0430473,0.0223521,0.0206951,,best_validation_checkpoint_1.bin
2362,1815,rejected,1,2.61642e-06,2.52353e-09,1.49482e-10,1.49482e-10,3.07117e-10,3.07117e-10,0.986473,0.0560289,0.928764,0.0101373,0.0224448,0.0224445,0,,
2363,1816,accepted,0,2.61642e-06,1.26177e-09,1.4943e-10,1.4943e-10,3.07227e-10,3.07117e-10,0,0,0,0.0099781,0.042518,0.0217937,0.0207242,,
2364,1817,accepted,1,1.10064e-07,6.30883e-10,1.49397e-10,1.49397e-10,3.07198e-10,3.07117e-10,0.986409,0.0564627,0.928232,0.0105346,0.0451573,0.0224963,0.022661,,
2365,1818,accepted,1,4.28135e-07,3.15441e-10,1.49343e-10,1.49343e-10,3.07114e-10,3.07114e-10,1.00261,0.0553885,0.945501,0.01117,0.0450999,0.0226761,0.0224238,,best_validation_checkpoint_0.bin
2366,1818,rejected,1,1.66171e-06,3.15441e-09,1.49343e-10,1.49343e-10,3.07114e-10,3.07114e-10,0.965947,0.0556938,0.908459,0.0112685,0.0223398,0.0223396,0,,
2367,1819,accepted,0,1.66171e-06,1.57721e-09,1.49315e-10,1.49315e-10,3.07192e-10,3.07114e-10,0,0,0,0.0104145,0.0448554,0.0225079,0.0223475,,
2368,1820,accepted,1,6.93067e-08,7.88603e-10,1.49288e-10,1.49288e-10,3.07172e-10,3.07114e-10,0.984001,0.0555632,0.926624,0.0114747,0.0452574,0.0225818,0.0226755,,
2369,1821,accepted,1,2.70876e-07,3.94302e-10,1.4924e-10,1.4924e-10,3.07112e-10,3.07112e-10,1.00841,0.0565375,0.950039,0.0112119,0.0453055,0.0226326,0.0226728,,best_validation_checkpoint_1.bin
2370,1822,accepted,1,1.056e-06,1.97151e-10,1.49218e-10,1.49218e-10,3.06972e-10,3.06972e-10,1.00935,0.0567187,0.950866,0.0117161,0.0449409,0.0224515,0.0224894,,best_validation_checkpoint_0.bin
2371,1822,rejected,1,4.10087e-06,1.97151e-09,1.49218e-10,1.49218e-10,3.06972e-10,3.06972e-10,0.992322,0.056122,0.934441,0.0113574,0.022305,0.0223048,0,,
2372,1823,accepted,0,4.10087e-06,9.85754e-10,1.49105e-10,1.49105e-10,3.07117e-10,3.06972e-10,0,0,0,0.0110455,0.0447774,0.0218527,0.0229247,,
2373,1824,accepted,1,1.74346e-07,4.92877e-10,1.49064e-10,1.49064e-10,3.07076e-10,3.06972e-10,1.0089,0.0564923,0.950691,0.011632,0.0450186,0.0223735,0.022645,,
2374,1825,accepted,1,6.74463e-07,2.46439e-10,1.49013e-10,1.49013e-10,3.06962e-10,3.06962e-10,0.986499,0.0558906,0.928838,0.0103138,0.045775,0.0230374,0.0227376,,best_validation_checkpoint_1.bin
2375,1825,rejected,1,2.60806e-06,2.46439e-09,1.49013e-10,1.49013e-10,3.06962e-10,3.06962e-10,1.00374,0.0567025,0.945297,0.0110639,0.0226082,0.0226081,0,,
2376,1826,accepted,0,2.60806e-06,1.23219e-09,1.48959e-10,1.48959e-10,3.07076e-10,3.06962e-10,0,0,0,0.010417,0.0449983,0.022572,0.0224263,,
2377,1827,accepted,1,1.09626e-07,6.16096e-10,1.48925e-10,1.48925e-10,3.07047e-10,3.06962e-10,1.01092,0.056638,0.952626,0.0100863,0.045195,0.022416,0.022779,,
2378,1828,accepted,1,4.26089e-07,3.08048e-10,1.48871e-10,1.48871e-10,3.06962e-10,3.06962e-10,1.00314,0.0556499,0.945699,0.0120074,0.0450495,0.0224891,0.0225603,,
2379,1828,rejected,1,1.65435e-06,3.08048e-09,1.48871e-10,1.48871e-10,3.06962e-10,3.06962e-10,1.00982,0.0562808,0.951793,0.0103993,0.0223766,0.0223763,0,,
2380,1829,accepted,0,1.65435e-06,1.54024e-09,1.48842e-10,1.48842e-10,3.07043e-10,3.06962e-10,0,0,0,0.0100998,0.0449356,0.0224129,0.0225227,,
2381,1830,accepted,1,6.89707e-08,7.70121e-10,1.48815e-10,1.48815e-10,3.07023e-10,3.06962e-10,1.00865,0.0566736,0.950306,0.0103238,0.0448621,0.0223969,0.0224651,,
2382,1831,accepted,1,2.69362e-07,3.8506e-10,1.48766e-10,1.48766e-10,3.06963e-10,3.06962e-10,1.00005,0.0562884,0.942054,0.011028,0.0448757,0.0224845,0.0223912,,
2383,1832,accepted,1,1.05046e-06,1.9253e-10,1.48748e-10,1.48748e-10,3.06822e-10,3.06822e-10,0.962777,0.0566783,0.904332,0.0106659,0.0450758,0.0224043,0.0226714,,best_validation_checkpoint_0.bin
2384,1832,rejected,1,4.08244e-06,1.9253e-09,1.48748e-10,1.48748e-10,3.06822e-10,3.06822e-10,0.980818,0.0558943,0.923179,0.0117796,0.0224216,0.0224216,0,,
2385,1833,accepted,0,4.08244e-06,9.62651e-10,1.48629e-10,1.48629e-10,3.06972e-10,3.06822e-10,0,0,0,0.0106058,0.0451907,0.022615,0.0225756,,
2386,1834,accepted,1,1.73336e-07,4.81325e-10,1.48588e-10,1.48588e-10,3.06931e-10,3.06822e-10,0.978295,0.0569647,0.91953,0.0094104,0.044996,0.0224528,0.0225432,,
2387,1835,accepted,1,6.69978e-07,2.40663e-10,1.48538e-10,1.48538e-10,3.06815e-10,3.06815e-10,1.00112,0.0561049,0.943219,0.0100726,0.0449739,0.022317,0.0226568,,best_validation_checkpoint_1.bin
2388,1835,rejected,1,2.59241e-06,2.40663e-09,1.48538e-10,1.48538e-10,3.06815e-10,3.06815e-10,0.988021,0.0563693,0.92984,0.0113189,0.0223101,0.0223099,0,,
2389,1836,accepted,0,2.59241e-06,1.20331e-09,1.48481e-10,1.48481e-10,3.06934e-10,3.06815e-10,0,0,0,0.0111218,0.0447296,0.0223699,0.0223597,,
2390,1837,accepted,1,1.08867e-07,6.01657e-10,1.48448e-10,1.48448e-10,3.06905e-10,3.06815e-10,1.00708,0.0559572,0.94939,0.0097593,0.0449164,0.0223404,0.0225759,,
2391,1838,accepted,1,4.22806e-07,3.00828e-10,1.48393e-10,1.48393e-10,3.06819e-10,3.06815e-10,0.994555,0.0558435,0.937048,0.0106177,0.0446882,0.0224124,0.0222757,,
2392,1838,rejected,1,1.64266e-06,3.00828e-09,1.48393e-10,1.48393e-10,3.06819e-10,3.06815e-10,0.999067,0.056737,0.940499,0.0113387,0.0224451,0.0224448,0,,
2393,1839,accepted,0,1.64266e-06,1.50414e-09,1.48363e-10,1.48363e-10,3.06904e-10,3.06815e-10,0,0,0,0.0100719,0.0448762,0.0225055,0.0223706,,
2394,1840,accepted,1,6.84354e-08,7.52071e-10,1.48336e-10,1.48336e-10,3.06884e-10,3.06815e-10,1.00701,0.0562155,0.948902,0.0105375,0.0449853,0.0224971,0.0224881,,
2395,1841,accepted,1,2.6709e-07,3.76035e-10,1.48287e-10,1.48287e-10,3.06823e-10,3.06815e-10,1.02413,0.0555656,0.966867,0.0099235,0.0452316,0.022587,0.0226446,,
2396,1842,accepted,1,1.04218e-06,1.88018e-10,1.48272e-10,1.48272e-10,3.06681e-10,3.06681e-10,1.00565,0.055993,0.947923,0.0107884,0.0450354,0.0224065,0.0226287,,best_validation_checkpoint_0.bin
2397,1842,rejected,1,4.05478e-06,1.88018e-09,1.48272e-10,1.48272e-10,3.06681e-10,3.06681e-10,0.995542,0.0556912,0.938081,0.0111785,0.0224322,0.022432,0,,
2398,1843,accepted,0,4.05478e-06,9.40089e-10,1.48148e-10,1.48148e-10,3.06837e-10,3.06681e-10,0,0,0,0.0107654,0.0451778,0.0226526,0.0225251,,
2399,1844,accepted,1,1.71856e-07,4.70044e-10,1.48106e-10,1.48106e-10,3.06795e-10,3.06681e-10,0.947314,0.0562848,0.889242,0.0120687,0.045209,0.022686,0.0225229,,
2400,1845,accepted,1,6.63822e-07,2.35022e-10,1.48057e-10,1.48057e-10,3.06678e-10,3.06678e-10,0.999274,0.0563283,0.941197,0.0116508,0.0450929,0.02235,0.0227428,,best_validation_checkpoint_1.bin
2401,1845,rejected,1,2.57105e-06,2.35022e-09,1.48057e-10,1.48057e-10,3.06678e-10,3.06678e-10,1.00025,0.0554374,0.943112,0.00975,0.0223873,0.0223869,0,,
2402,1846,accepted,0,2.57105e-06,1.17511e-09,1.47998e-10,1.47998e-10,3.06802e-10,3.06678e-10,0,0,0,0.0096858,0.0445112,0.0220687,0.0224424,,
2403,1847,accepted,1,1.0783e-07,5.87555e-10,1.47964e-10,1.47964e-10,3.06773e-10,3.06678e-10,1.02149,0.0561076,0.963583,0.0108005,0.0451073,0.0224615,0.0226458,,
2404,1848,accepted,1,4.1853e-07,2.93778e-10,1.47909e-10,1.47909e-10,3.06686e-10,3.06678e-10,1.02681,0.056421,0.968621,0.0110745,0.0452969,0.0226882,0.0226085,,
2405,1848,rejected,1,1.62762e-06,2.93778e-09,1.47909e-10,1.47909e-10,3.06686e-10,3.06678e-10,1.00465,0.0554947,0.947322,0.0104882,0.0225116,0.0225114,0,,
2406,1849,accepted,0,1.62762e-06,1.46889e-09,1.47879e-10,1.47879e-10,3.06774e-10,3.06678e-10,0,0,0,0.0114222,0.0456507,0.0228752,0.0227755,,
2407,1850,accepted,1,6.77415e-08,7.34444e-10,1.47851e-10,1.47851e-10,3.06755e-10,3.06678e-10,0.995358,0.0556013,0.938004,0.0100554,0.0455937,0.0230627,0.022531,,
2408,1851,accepted,1,2.64242e-07,3.67222e-10,1.47801e-10,1.47801e-10,3.06692e-10,3.06678e-10,1.02077,0.0568972,0.962195,0.010958,0.0435971,0.0212797,0.0223174,,
2409,1852,accepted,1,1.03192e-06,1.83611e-10,1.47791e-10,1.47791e-10,3.0655e-10,3.0655e-10,1.02092,0.056172,0.962925,0.0103501,0.0438481,0.0224416,0.0214063,,best_validation_checkpoint_0.bin
2410,1852,rejected,1,4.02062e-06,1.83611e-09,1.47791e-10,1.47791e-10,3.0655e-10,3.0655e-10,0.998049,0.056039,0.940213,0.0109076,0.0209359,0.0209357,0,,
2411,1853,accepted,0,4.02062e-06,9.18055e-10,1.4766e-10,1.4766e-10,3.06711e-10,3.0655e-10,0,0,0,0.0100845,0.0450544,0.0227273,0.0223271,,
2412,1854,accepted,1,1.70019e-07,4.59028e-10,1.47618e-10,1.47618e-10,3.06669e-10,3.0655e-10,0.97619,0.0568572,0.91746,0.0100735,0.0449707,0.022488,0.0224827,,
2413,1855,accepted,1,6.56459e-07,2.29514e-10,1.4757e-10,1.4757e-10,3.06551e-10,3.0655e-10,0.987455,0.0560806,0.929631,0.0105584,0.0452013,0.0226207,0.0225806,,
2414,1855,rejected,1,2.54626e-06,2.29514e-09,1.4757e-10,1.4757e-10,3.06551e-10,3.0655e-10,1.01324,0.056547,0.954963,0.009834,0.0223377,0.0223377,0,,
2415,1856,accepted,0,2.54626e-06,1.14757e-09,1.47509e-10,1.47509e-10,3.0668e-10,3.0655e-10,0,0,0,0.0106969,0.0448219,0.0223067,0.0225151,,
2416,1857,accepted,1,1.06597e-07,5.73785e-10,1.47474e-10,1.47474e-10,3.06651e-10,3.0655e-10,0.993093,0.0567644,0.934621,0.0100773,0.0449635,0.0223634,0.0226,,
2417,1858,accepted,1,4.13614e-07,2.86892e-10,1.4742e-10,1.4742e-10,3.06563e-10,3.0655e-10,1.01175,0.0574878,0.952423,0.0113549,0.0450615,0.0224086,0.0226528,,
2418,1858,rejected,1,1.61062e-06,2.86892e-09,1.4742e-10,1.4742e-10,3.06563e-10,3.0655e-10,0.935146,0.0568387,0.876532,0.0104792,0.0223804,0.0223801,0,,
2419,1859,accepted,0,1.61062e-06,1.43446e-09,1.47388e-10,1.47388e-10,3.06655e-10,3.0655e-10,0,0,0,0.0113519,0.0446567,0.0226278,0.0220289,,
2420,1860,accepted,1,6.694e-08,7.17231e-10,1.4736e-10,1.4736e-10,3.06635e-10,3.0655e-10,1.0124,0.056196,0.954443,0.0115669,0.0451565,0.0223959,0.0227605,,
2421,1861,accepted,1,2.61035e-07,3.58615e-10,1.4731e-10,1.4731e-10,3.06572e-10,3.0655e-10,0.980101,0.0555262,0.922823,0.0107035,0.0451755,0.0223904,0.022785,,
2422,1862,accepted,1,1.02064e-06,1.79308e-10,1.47304e-10,1.47304e-10,3.0643e-10,3.0643e-10,1.00777,0.0560048,0.949948,0.0110969,0.0452453,0.0224817,0.0227635,,best_validation_checkpoint_1.bin
2423,1862,rejected,1,3.98384e-06,1.79308e-09,1.47304e-10,1.47304e-10,3.0643e-10,3.0643e-10,0.969685,0.0568904,0.911075,0.0113654,0.0223434,0.0223431,0,,
2424,1863,accepted,0,3.98384e-06,8.96538e-10,1.47167e-10,1.47167e-10,3.06596e-10,3.0643e-10,0,0,0,0.0104379,0.0451147,0.0225126,0.022602,,
2425,1864,accepted,1,1.67973e-07,4.48269e-10,1.47124e-10,1.47124e-10,3.06554e-10,3.0643e-10,0.971836,0.05639,0.913578,0.0103753,0.0447795,0.0223026,0.0224769,,
2426,1865,accepted,1,6.48561e-07,2.24135e-10,1.47078e-10,1.47078e-10,3.06435e-10,3.0643e-10,1.01904,0.0564473,0.960809,0.0095731,0.0449403,0.0223931,0.0225472,,
2427,1865,rejected,1,2.52041e-06,2.24135e-09,1.47078e-10,1.47078e-10,3.06435e-10,3.0643e-10,1.01446,0.0560481,0.956661,0.0113844,0.0224193,0.0224191,0,,
2428,1866,accepted,0,2.52041e-06,1.12067e-09,1.47013e-10,1.47013e-10,3.06568e-10,3.0643e-10,0,0,0,0.0111484,0.0451206,0.0226039,0.0225167,,
2429,1867,accepted,1,1.05268e-07,5.60336e-10,1.46978e-10,1.46978e-10,3.06539e-10,3.0643e-10,1.02367,0.0564603,0.965484,0.010848,0.0450781,0.0225419,0.0225361,,
2430,1868,accepted,1,4.08499e-07,2.80168e-10,1.46924e-10,1.46924e-10,3.0645e-10,3.0643e-10,0.961857,0.0564651,0.903693,0.0113706,0.0441088,0.0215432,0.0225655,,
2431,1868,rejected,1,1.59357e-06,2.80168e-09,1.46924e-10,1.46924e-10,3.0645e-10,3.0643e-10,1.02752,0.0557646,0.969949,0.0113907,0.0224551,0.0224548,0,,
2432,1869,accepted,0,1.59357e-06,1.40084e-09,1.46891e-10,1.46891e-10,3.06545e-10,3.0643e-10,0,0,0,0.0094544,0.0452266,0.0227826,0.0224438,,
2433,1870,accepted,1,6.61018e-08,7.00421e-10,1.46862e-10,1.46862e-10,3.06526e-10,3.0643e-10,1.03802,0.0578284,0.978466,0.0116612,0.0450571,0.0224254,0.0226316,,
2434,1871,accepted,1,2.57791e-07,3.5021e-10,1.46812e-10,1.46812e-10,3.06462e-10,3.0643e-10,0.99968,0.0558897,0.942041,0.0110767,0.0451121,0.0224798,0.0226321,,
2435,1872,accepted,1,1.00961e-06,1.75105e-10,1.46811e-10,1.46811e-10,3.06321e-10,3.06321e-10,0.996059,0.0562342,0.938011,0.0116721,0.0451935,0.0225745,0.0226189,,best_validation_checkpoint_0.bin
2436,1872,rejected,1,3.94934e-06,1.75105e-09,1.46811e-10,1.46811e-10,3.06321e-10,3.06321e-10,0.976237,0.0568732,0.91759,0.0107088,0.0221106,0.0221104,0,,
2437,1873,accepted,0,3.94934e-06,8.75526e-10,1.46667e-10,1.46667e-10,3.06491e-10,3.06321e-10,0,0,0,0.0099527,0.0447881,0.0223779,0.0224101,,
2438,1874,accepted,1,1.65911e-07,4.37763e-10,1.46624e-10,1.46624e-10,3.06449e-10,3.06321e-10,0.988301,0.0555394,0.930983,0.0107324,0.0450426,0.0223532,0.0226892,,
2439,1875,accepted,1,6.41012e-07,2.18881e-10,1.46579e-10,1.46579e-10,3.06329e-10,3.06321e-10,0.988651,0.0567564,0.929941,0.0102409,0.0449043,0.0223671,0.0225372,,
2440,1875,rejected,1,2.49724e-06,2.18881e-09,1.46579e-10,1.46579e-10,3.06329e-10,3.06321e-10,0.986754,0.0553075,0.929655,0.010648,0.0225302,0.02253,0,,
2441,1876,accepted,0,2.49724e-06,1.09441e-09,1.46512e-10,1.46512e-10,3.06466e-10,3.06321e-10,0,0,0,0.011691,0.0453509,0.0228591,0.0224917,,
2442,1877,accepted,1,1.03968e-07,5.47204e-10,1.46477e-10,1.46477e-10,3.06438e-10,3.06321e-10,0.964299,0.0565403,0.906058,0.0115796,0.0453584,0.0225247,0.0228337,,
2443,1878,accepted,1,4.03732e-07,2.73602e-10,1.46422e-10,1.46422e-10,3.06347e-10,3.06321e-10,0.986158,0.0557735,0.928589,0.0103265,0.0449944,0.0224953,0.022499,,
2444,1878,rejected,1,1.57878e-06,2.73602e-09,1.46422e-10,1.46422e-10,3.06347e-10,3.06321e-10,0.989658,0.0570829,0.930621,0.0206384,0.0224601,0.02246,0,,
2445,1879,accepted,0,1.57878e-06,1.36801e-09,1.46388e-10,1.46388e-10,3.06447e-10,3.06321e-10,0,0,0,0.0112482,0.0458231,0.0227914,0.0230316,,
2446,1880,accepted,1,6.53113e-08,6.84004e-10,1.46359e-10,1.46359e-10,3.06427e-10,3.06321e-10,1.0092,0.0601669,0.947369,0.0095597,0.0442004,0.0226562,0.021544,,
2447,1881,accepted,1,2.54877e-07,3.42002e-10,1.46309e-10,1.46309e-10,3.06363e-10,3.06321e-10,0.971527,0.0559199,0.913867,0.0104356,0.0454777,0.0228031,0.0226746,,
2448,1881,rejected,1,1.00036e-06,3.42002e-09,1.46309e-10,1.46309e-10,3.06363e-10,3.06321e-10,1.06697,0.0586372,1.00648,0.0226058,0.0232453,0.023245,0,,
2449,1882,accepted,0,1.00036e-06,1.71001e-09,1.46289e-10,1.46289e-10,3.06431e-10,3.06321e-10,0,0,0,0.0123614,0.0476766,0.0241253,0.0235513,,
2450,1883,accepted,1,4.11714e-08,8.55006e-10,1.46266e-10,1.46266e-10,3.06418e-10,3.06321e-10,1.12237,0.0588025,1.06177,0.0103678,0.0473865,0.0241266,0.0232598,,
2451,1884,accepted,1,1.61319e-07,4.27503e-10,1.46223e-10,1.46223e-10,3.06374e-10,3.06321e-10,0.967677,0.0563001,0.909626,0.0098752,0.0451421,0.0225428,0.0225993,,
2452,1885,accepted,1,6.35141e-07,2.13751e-10,1.46179e-10,1.46179e-10,3.06251e-10,3.06251e-10,0.997309,0.056548,0.939037,0.0114364,0.0450517,0.0223985,0.0226532,,best_validation_checkpoint_1.bin
2453,1885,rejected,1,2.49853e-06,2.13751e-09,1.46179e-10,1.46179e-10,3.06251e-10,3.06251e-10,0.985951,0.0561617,0.928023,0.0114012,0.0226601,0.02266,0,,
2454,1886,accepted,0,2.49853e-06,1.06876e-09,1.46108e-10,1.46108e-10,3.06393e-10,3.06251e-10,0,0,0,0.0103495,0.0448737,0.0224892,0.0223843,,
2455,1887,accepted,1,1.03774e-07,5.34378e-10,1.46072e-10,1.46072e-10,3.06364e-10,3.06251e-10,0.986574,0.0578524,0.926969,0.0114467,0.0448419,0.0223043,0.0225376,,
2456,1888,accepted,1,4.03971e-07,2.67189e-10,1.46018e-10,1.46018e-10,3.06272e-10,3.06251e-10,0.977384,0.0566019,0.919032,0.0099593,0.0447552,0.0223322,0.0224229,,
2457,1888,rejected,1,1.58449e-06,2.67189e-09,1.46018e-10,1.46018e-10,3.06272e-10,3.06251e-10,1.03642,0.0560801,0.978593,0.0101552,0.0224213,0.0224211,0,,
2458,1889,accepted,0,1.58449e-06,1.33595e-09,1.45982e-10,1.45982e-10,3.06375e-10,3.06251e-10,0,0,0,0.0111546,0.0452047,0.0224046,0.0228001,,
2459,1890,accepted,1,6.53683e-08,6.67973e-10,1.45953e-10,1.45953e-10,3.06356e-10,3.06251e-10,0.978732,0.0566903,0.92027,0.0113724,0.0454054,0.0226975,0.0227079,,
2460,1891,accepted,1,2.55439e-07,3.33987e-10,1.45903e-10,1.45903e-10,3.06291e-10,3.06251e-10,0.9707,0.0563186,0.912406,0.010908,0.0448797,0.0223281,0.0225514,,
2461,1891,rejected,1,1.0048e-06,3.33987e-09,1.45903e-10,1.45903e-10,3.06291e-10,3.06251e-10,0.986303,0.0556088,0.92893,0.0099677,0.0225629,0.0225627,0,,
2462,1892,accepted,0,1.0048e-06,1.66993e-09,1.45882e-10,1.45882e-10,3.06361e-10,3.06251e-10,0,0,0,0.0109116,0.0451969,0.0228185,0.0223784,,
2463,1893,accepted,1,4.12521e-08,8.34966e-10,1.45859e-10,1.45859e-10,3.06348e-10,3.06251e-10,1.00813,0.0553801,0.951085,0.0099318,0.0449044,0.0224814,0.022423,,
2464,1894,accepted,1,1.61808e-07,4.17483e-10,1.45815e-10,1.45815e-10,3.06303e-10,3.06251e-10,0.979156,0.0564777,0.920998,0.011047,0.051972,0.0290544,0.0229176,,
2465,1895,accepted,1,6.38294e-07,2.08742e-10,1.45773e-10,1.45773e-10,3.0618e-10,3.0618e-10,0.996564,0.0575499,0.937275,0.0107388,0.0451103,0.0225026,0.0226077,,best_validation_checkpoint_0.bin
2466,1895,rejected,1,2.51635e-06,2.08742e-09,1.45773e-10,1.45773e-10,3.0618e-10,3.0618e-10,1.01864,0.0566277,0.960181,0.0108211,0.0224878,0.0224875,0,,
2467,1896,accepted,0,2.51635e-06,1.04371e-09,1.45699e-10,1.45699e-10,3.06326e-10,3.0618e-10,0,0,0,0.0114062,0.0451027,0.0226427,0.0224598,,
2468,1897,accepted,1,1.04092e-07,5.21854e-10,1.45663e-10,1.45663e-10,3.06297e-10,3.0618e-10,0.985109,0.056063,0.927363,0.0119676,0.0453164,0.0224471,0.0228693,,
2469,1898,accepted,1,4.05919e-07,2.60927e-10,1.45609e-10,1.45609e-10,3.06204e-10,3.0618e-10,0.996336,0.0553943,0.939234,0.0104543,0.0426739,0.0206277,0.0220462,,
2470,1898,rejected,1,1.59621e-06,2.60927e-09,1.45609e-10,1.45609e-10,3.06204e-10,3.0618e-10,1.02482,0.0565167,0.966587,0.0106668,0.0223795,0.0223792,0,,
2471,1899,accepted,0,1.59621e-06,1.30463e-09,1.45571e-10,1.45571e-10,3.06311e-10,3.0618e-10,0,0,0,0.0113482,0.0451425,0.0226302,0.0225122,,
2472,1900,accepted,1,6.56179e-08,6.52317e-10,1.45542e-10,1.45542e-10,3.06291e-10,3.0618e-10,1.03647,0.0571185,0.977604,0.0103242,0.0450339,0.022352,0.0226817,,
2473,1901,accepted,1,2.56843e-07,3.26159e-10,1.45491e-10,1.45491e-10,3.06225e-10,3.0618e-10,1.03131,0.0557599,0.97386,0.0115361,0.0450743,0.0225138,0.0225604,,
2474,1901,rejected,1,1.01279e-06,3.26159e-09,1.45491e-10,1.45491e-10,3.06225e-10,3.0618e-10,0.993258,0.05565,0.935943,0.0116135,0.0223391,0.0223388,0,,
2475,1902,accepted,0,1.01279e-06,1.63079e-09,1.4547e-10,1.4547e-10,3.06298e-10,3.0618e-10,0,0,0,0.0108165,0.0448886,0.0223959,0.0224927,,
2476,1903,accepted,1,4.1448e-08,8.15397e-10,1.45446e-10,1.45446e-10,3.06285e-10,3.0618e-10,1.00309,0.0561921,0.945157,0.010041,0.0446199,0.02239,0.0222299,,
2477,1904,accepted,1,1.6283e-07,4.07698e-10,1.45402e-10,1.45402e-10,3.0624e-10,3.0618e-10,1.00733,0.0556519,0.949888,0.0112392,0.0452371,0.0225729,0.0226641,,
2478,1905,accepted,1,6.43728e-07,2.03849e-10,1.45362e-10,1.45362e-10,3.06116e-10,3.06116e-10,0.987149,0.0566268,0.928798,0.0104339,0.0449803,0.022497,0.0224831,,best_validation_checkpoint_1.bin
2479,1905,rejected,1,2.54365e-06,2.03849e-09,1.45362e-10,1.45362e-10,3.06116e-10,3.06116e-10,1.00278,0.0563947,0.944724,0.0098734,0.0223023,0.022302,0,,
2480,1906,accepted,0,2.54365e-06,1.01925e-09,1.45284e-10,1.45284e-10,3.06266e-10,3.06116e-10,0,0,0,0.0101737,0.0451953,0.0224281,0.0227671,,
2481,1907,accepted,1,1.04703e-07,5.09623e-10,1.45247e-10,1.45247e-10,3.06237e-10,3.06116e-10,1.00795,0.055842,0.950392,0.0111645,0.0452455,0.022489,0.0227565,,
2482,1908,accepted,1,4.09314e-07,2.54812e-10,1.45194e-10,1.45194e-10,3.06143e-10,3.06116e-10,0.988204,0.0557129,0.930652,0.0113161,0.0449976,0.0223091,0.0226885,,
2483,1908,rejected,1,1.61428e-06,2.54812e-09,1.45194e-10,1.45194e-10,3.06143e-10,3.06116e-10,1.03717,0.0567648,0.978601,0.0104325,0.022486,0.0224858,0,,
2484,1909,accepted,0,1.61428e-06,1.27406e-09,1.45154e-10,1.45154e-10,3.06253e-10,3.06116e-10,0,0,0,0.0112478,0.044805,0.0223419,0.022463,,
2485,1910,accepted,1,6.60701e-08,6.37029e-10,1.45124e-10,1.45124e-10,3.06233e-10,3.06116e-10,1.00394,0.0573486,0.94473,0.0107175,0.0451661,0.0224267,0.0227393,,
2486,1911,accepted,1,2.59249e-07,3.18514e-10,1.45073e-10,1.45073e-10,3.06167e-10,3.06116e-10,1.00144,0.0555871,0.944084,0.0111877,0.0450154,0.0223497,0.0226657,,
2487,1911,rejected,1,1.02514e-06,3.18514e-09,1.45073e-10,1.45073e-10,3.06167e-10,3.06116e-10,1.00527,0.0569297,0.94661,0.0100693,0.0224209,0.0224209,0,,
2488,1912,accepted,0,1.02514e-06,1.59257e-09,1.45051e-10,1.45051e-10,3.06243e-10,3.06116e-10,0,0,0,0.0099862,0.0448395,0.0224333,0.022406,,
2489,1913,accepted,1,4.17847e-08,7.96286e-10,1.45027e-10,1.45027e-10,3.0623e-10,3.06116e-10,0.979093,0.0568085,0.920497,0.0103486,0.0447792,0.0223469,0.0224322,,
2490,1914,accepted,1,1.64524e-07,3.98143e-10,1.44982e-10,1.44982e-10,3.06184e-10,3.06116e-10,1.01318,0.0569414,0.954491,0.0107009,0.0449619,0.0224959,0.0224659,,
2491,1915,accepted,1,6.52063e-07,1.99071e-10,1.44945e-10,1.44945e-10,3.06059e-10,3.06059e-10,0.980914,0.0567131,0.922527,0.008952,0.0449795,0.0225572,0.0224222,,best_validation_checkpoint_0.bin
2492,1915,rejected,1,2.58278e-06,1.99071e-09,1.44945e-10,1.44945e-10,3.06059e-10,3.06059e-10,1.00631,0.0562221,0.948224,0.0114433,0.0225077,0.0225075,0,,
2493,1916,accepted,0,2.58278e-06,9.95357e-10,1.44863e-10,1.44863e-10,3.06213e-10,3.06059e-10,0,0,0,0.0103177,0.0449311,0.0225813,0.0223496,,
2494,1917,accepted,1,1.05697e-07,4.97679e-10,1.44825e-10,1.44825e-10,3.06184e-10,3.06059e-10,0.983841,0.05661,0.925481,0.0102513,0.0451665,0.0225269,0.0226395,,
2495,1918,accepted,1,4.14604e-07,2.48839e-10,1.44772e-10,1.44772e-10,3.06089e-10,3.06059e-10,1.02287,0.0558038,0.965366,0.0099291,0.0451156,0.0225352,0.0225804,,
2496,1918,rejected,1,1.64049e-06,2.48839e-09,1.44772e-10,1.44772e-10,3.06089e-10,3.06059e-10,1.00297,0.0566359,0.944572,0.0098166,0.0223807,0.0223804,0,,
2497,1919,accepted,0,1.64049e-06,1.2442e-09,1.44731e-10,1.44731e-10,3.06203e-10,3.06059e-10,0,0,0,0.0109509,0.0451241,0.0224821,0.022642,,
2498,1920,accepted,1,6.67882e-08,6.22098e-10,1.44701e-10,1.44701e-10,3.06183e-10,3.06059e-10,1.00969,0.0568607,0.951102,0.0104765,0.0453232,0.0225696,0.0227536,,
2499,1921,accepted,1,2.62939e-07,3.11049e-10,1.44649e-10,1.44649e-10,3.06116e-10,3.06059e-10,1.01712,0.0571845,0.958142,0.0098193,0.0451377,0.0225064,0.0226312,,
2500,1921,rejected,1,1.04296e-06,3.11049e-09,1.44649e-10,1.44649e-10,3.06116e-10,3.06059e-10,1.00184,0.05597,0.944121,0.009777,0.0223674,0.0223671,0,,
2501,1922,accepted,0,1.04296e-06,1.55525e-09,1.44627e-10,1.44627e-10,3.06194e-10,3.06059e-10,0,0,0,0.0103244,0.0448772,0.022367,0.0225102,,
2502,1923,accepted,1,4.23058e-08,7.77623e-10,1.44602e-10,1.44602e-10,3.06181e-10,3.06059e-10,1.0416,0.0555174,0.984395,0.0103702,0.0447562,0.0224328,0.0223233,,
2503,1924,accepted,1,1.67087e-07,3.88812e-10,1.44557e-10,1.44557e-10,3.06135e-10,3.06059e-10,1.03655,0.0562039,0.978627,0.0117402,0.0461574,0.022408,0.0237494,,
2504,1925,accepted,1,6.64107e-07,1.94406e-10,1.44522e-10,1.44522e-10,3.0601e-10,3.0601e-10,0.97149,0.0570664,0.912463,0.0108255,0.0449731,0.0226092,0.0223637,,best_validation_checkpoint_1.bin
2505,1925,rejected,1,2.63676e-06,1.94406e-09,1.44522e-10,1.44522e-10,3.0601e-10,3.0601e-10,0.971165,0.0566212,0.912772,0.010775,0.022427,0.0224267,0,,
2506,1926,accepted,0,2.63676e-06,9.72029e-10,1.44436e-10,1.44436e-10,3.06168e-10,3.0601e-10,0,0,0,0.0115663,0.0450172,0.0227115,0.0223057,,
2507,1927,accepted,1,1.07181e-07,4.86014e-10,1.44398e-10,1.44398e-10,3.06138e-10,3.0601e-10,1.01935,0.0574075,0.960097,0.0115204,0.045075,0.0224687,0.0226063,,
2508,1928,accepted,1,4.22277e-07,2.43007e-10,1.44346e-10,1.44346e-10,3.06042e-10,3.0601e-10,0.997682,0.0569386,0.938823,0.0117657,0.0449699,0.0225715,0.0223984,,
2509,1928,rejected,1,1.67671e-06,2.43007e-09,1.44346e-10,1.44346e-10,3.06042e-10,3.0601e-10,1.03764,0.0572198,0.978252,0.0106901,0.022475,0.0224748,0,,
2510,1929,accepted,0,1.67671e-06,1.21504e-09,1.44303e-10,1.44303e-10,3.0616e-10,3.0601e-10,0,0,0,0.0104252,0.0454128,0.0229857,0.0224269,,
2511,1930,accepted,1,6.7843e-08,6.07518e-10,1.44272e-10,1.44272e-10,3.0614e-10,3.0601e-10,0.981973,0.0561264,0.923881,0.0102963,0.0450542,0.0224534,0.0226006,,
2512,1931,accepted,1,2.68226e-07,3.03759e-10,1.4422e-10,1.4422e-10,3.06072e-10,3.0601e-10,1.01642,0.0570582,0.957555,0.010555,0.0446945,0.0222974,0.0223971,,
2513,1931,rejected,1,1.06751e-06,3.03759e-09,1.4422e-10,1.4422e-10,3.06072e-10,3.0601e-10,0.997426,0.055725,0.939965,0.0100639,0.0224025,0.0224022,0,,
2514,1932,accepted,0,1.06751e-06,1.51879e-09,1.44197e-10,1.44197e-10,3.06153e-10,3.0601e-10,0,0,0,0.0106207,0.0454192,0.0225804,0.0228387,,
2515,1933,accepted,1,4.30538e-08,7.59397e-10,1.44172e-10,1.44172e-10,3.0614e-10,3.0601e-10,0.95889,0.0564237,0.900707,0.0107982,0.0446528,0.0222265,0.0224261,,
2516,1934,accepted,1,1.70708e-07,3.79699e-10,1.44126e-10,1.44126e-10,3.06093e-10,3.0601e-10,0.989192,0.0553164,0.932196,0.0102892,0.0448855,0.0224812,0.0224043,,
2517,1935,accepted,1,6.80573e-07,1.89849e-10,1.44094e-10,1.44094e-10,3.05968e-10,3.05968e-10,1.02347,0.0559328,0.965831,0.0108477,0.0451524,0.0224506,0.0227017,,best_validation_checkpoint_0.bin
2518,1935,rejected,1,2.70846e-06,1.89849e-09,1.44094e-10,1.44094e-10,3.05968e-10,3.05968e-10,1.01647,0.0571478,0.957579,0.010418,0.0222695,0.0222694,0,,
2519,1936,accepted,0,2.70846e-06,9.49247e-10,1.44003e-10,1.44003e-10,3.0613e-10,3.05968e-10,0,0,0,0.0119336,0.0447391,0.0225006,0.0222385,,
2520,1937,accepted,1,1.09259e-07,4.74623e-10,1.43965e-10,1.43965e-10,3.061e-10,3.05968e-10,0.984195,0.0566418,0.925743,0.0104802,0.0451474,0.0225681,0.0225793,,
2521,1938,accepted,1,4.32778e-07,2.37312e-10,1.43913e-10,1.43913e-10,3.06004e-10,3.05968e-10,0.983744,0.0564718,0.925535,0.0101044,0.0448997,0.0225867,0.0223129,,
2522,1938,rejected,1,1.72455e-06,2.37312e-09,1.43913e-10,1.43913e-10,3.06004e-10,3.05968e-10,0.988099,0.0556484,0.93058,0.0114585,0.0223783,0.0223783,0,,
2523,1939,accepted,0,1.72455e-06,1.18656e-09,1.43868e-10,1.43868e-10,3.06124e-10,3.05968e-10,0,0,0,0.0113917,0.0452418,0.0227668,0.0224749,,
2524,1940,accepted,1,6.92983e-08,5.93279e-10,1.43837e-10,1.43837e-10,3.06104e-10,3.05968e-10,0.975633,0.056844,0.916908,0.011887,0.0450453,0.0225874,0.0224579,,
2525,1941,accepted,1,2.754e-07,2.9664e-10,1.43785e-10,1.43785e-10,3.06036e-10,3.05968e-10,1.00174,0.0557612,0.944193,0.0103255,0.0449497,0.0223634,0.0225861,,
2526,1941,rejected,1,1.09978e-06,2.9664e-09,1.43785e-10,1.43785e-10,3.06036e-10,3.05968e-10,0.977422,0.0561291,0.919551,0.0113118,0.0225918,0.0225917,0,,
2527,1942,accepted,0,1.09978e-06,1.4832e-09,1.4376e-10,1.4376e-10,3.0612e-10,3.05968e-10,0,0,0,0.0119578,0.0450893,0.0227085,0.0223808,,
2528,1943,accepted,1,4.40711e-08,7.41599e-10,1.43735e-10,1.43735e-10,3.06107e-10,3.05968e-10,0.979464,0.056098,0.921537,0.0123344,0.0449697,0.0224405,0.0225292,,
2529,1944,accepted,1,1.75566e-07,3.708e-10,1.43689e-10,1.43689e-10,3.0606e-10,3.05968e-10,0.983617,0.0562139,0.92552,0.0099798,0.0448867,0.0224336,0.022453,,
2530,1945,accepted,1,7.0213e-07,1.854e-10,1.4366e-10,1.4366e-10,3.05935e-10,3.05935e-10,1.00258,0.0554895,0.945314,0.0108653,0.0448165,0.0224286,0.0223877,,best_validation_checkpoint_1.bin
2531,1945,rejected,1,2.80009e-06,1.854e-09,1.4366e-10,1.4366e-10,3.05935e-10,3.05935e-10,0.994502,0.0569084,0.935886,0.0120374,0.0222782,0.0222779,0,,
2532,1946,accepted,0,2.80009e-06,9.26999e-10,1.43564e-10,1.43564e-10,3.061e-10,3.05935e-10,0,0,0,0.0135277,0.0448454,0.022347,0.0224983,,
2533,1947,accepted,1,1.1203e-07,4.63499e-10,1.43526e-10,1.43526e-10,3.0607e-10,3.05935e-10,1.01237,0.05661,0.9539,0.0106898,0.0450092,0.0223424,0.0226668,,
2534,1948,accepted,1,4.46543e-07,2.3175e-10,1.43474e-10,1.43474e-10,3.05973e-10,3.05935e-10,1.00827,0.0562662,0.950189,0.0117408,0.045079,0.0223689,0.02271,,
2535,1948,rejected,1,1.78575e-06,2.3175e-09,1.43474e-10,1.43474e-10,3.05973e-10,3.05935e-10,0.987783,0.0557719,0.930284,0.0106016,0.0224351,0.0224349,0,,
2536,1949,accepted,0,1.78575e-06,1.15875e-09,1.43427e-10,1.43427e-10,3.06097e-10,3.05935e-10,0,0,0,0.0106915,0.0452983,0.0225283,0.02277,,
2537,1950,accepted,1,7.12118e-08,5.79374e-10,1.43396e-10,1.43396e-10,3.06077e-10,3.05935e-10,0.998583,0.056488,0.940215,0.0115252,0.044776,0.0223674,0.0224085,,
2538,1951,accepted,1,2.84693e-07,2.89687e-10,1.43344e-10,1.43344e-10,3.06008e-10,3.05935e-10,0.982348,0.0571261,0.923447,0.0108906,0.0448558,0.0224644,0.0223913,,
2539,1951,rejected,1,1.14081e-06,2.89687e-09,1.43344e-10,1.43344e-10,3.06008e-10,3.05935e-10,0.992642,0.0558225,0.935125,0.0102066,0.0223082,0.0223081,0,,
2540,1952,accepted,0,1.14081e-06,1.44844e-09,1.43318e-10,1.43318e-10,3.06094e-10,3.05935e-10,0,0,0,0.0114628,0.0443622,0.0225212,0.0218409,,
2541,1953,accepted,1,4.53891e-08,7.24218e-10,1.43293e-10,1.43293e-10,3.06081e-10,3.05935e-10,1.00728,0.0564659,0.949014,0.0105117,0.0451949,0.0226103,0.0225846,,
2542,1954,accepted,1,1.81798e-07,3.62109e-10,1.43246e-10,1.43246e-10,3.06034e-10,3.05935e-10,0.985739,0.0557652,0.928246,0.0103473,0.0450105,0.0224239,0.0225865,,
2543,1955,accepted,1,7.29334e-07,1.81054e-10,1.43221e-10,1.43221e-10,3.0591e-10,3.0591e-10,1.01233,0.0560541,0.954526,0.009819,0.0429653,0.0203227,0.0226425,,best_validation_checkpoint_0.bin
2544,1955,rejected,1,2.91364e-06,1.81054e-09,1.43221e-10,1.43221e-10,3.0591e-10,3.0591e-10,0.963503,0.0566835,0.904977,0.0104802,0.0223399,0.0223398,0,,
2545,1956,accepted,0,2.91364e-06,9.05272e-10,1.43119e-10,1.43119e-10,3.06078e-10,3.0591e-10,0,0,0,0.009928,0.045017,0.0226237,0.0223932,,
2546,1957,accepted,1,1.15564e-07,4.52636e-10,1.4308e-10,1.4308e-10,3.06048e-10,3.0591e-10,0.986173,0.0563102,0.928115,0.0105665,0.0449232,0.0224049,0.0225183,,
2547,1958,accepted,1,4.63846e-07,2.26318e-10,1.4303e-10,1.4303e-10,3.05951e-10,3.0591e-10,0.999493,0.0567467,0.940958,0.0103812,0.0448245,0.0223972,0.0224273,,
2548,1958,rejected,1,1.86122e-06,2.26318e-09,1.4303e-10,1.4303e-10,3.05951e-10,3.0591e-10,0.968273,0.0558179,0.910724,0.0101595,0.0224377,0.0224374,0,,
2549,1959,accepted,0,1.86122e-06,1.13159e-09,1.42981e-10,1.42981e-10,3.06077e-10,3.0591e-10,0,0,0,0.0101339,0.0449651,0.0226702,0.0222948,,
2550,1960,accepted,1,7.36246e-08,5.65795e-10,1.42949e-10,1.42949e-10,3.06058e-10,3.0591e-10,0.980205,0.0565464,0.921971,0.011726,0.0450531,0.0223665,0.0226865,,
2551,1961,accepted,1,2.96285e-07,2.82898e-10,1.42896e-10,1.42896e-10,3.05988e-10,3.0591e-10,1.01336,0.0556637,0.955877,0.0104504,0.0423164,0.0220082,0.0203081,,
2552,1961,rejected,1,1.19111e-06,2.82898e-09,1.42896e-10,1.42896e-10,3.05988e-10,3.0591e-10,1.0051,0.0563326,0.947058,0.0106663,0.0228891,0.0228889,0,,
2553,1962,accepted,0,1.19111e-06,1.41449e-09,1.4287e-10,1.4287e-10,3.06077e-10,3.0591e-10,0,0,0,0.0105932,0.0452174,0.0227686,0.0224487,,
2554,1963,accepted,1,4.7034e-08,7.07244e-10,1.42844e-10,1.42844e-10,3.06064e-10,3.0591e-10,0.986468,0.0559496,0.928794,0.0100833,0.0443501,0.0225378,0.0218123,,
2555,1964,accepted,1,1.8951e-07,3.53622e-10,1.42798e-10,1.42798e-10,3.06017e-10,3.0591e-10,1.00325,0.0553991,0.946123,0.0105873,0.0449927,0.0224529,0.0225397,,
2556,1965,accepted,1,7.62559e-07,1.76811e-10,1.42775e-10,1.42775e-10,3.05894e-10,3.05894e-10,1.00472,0.0566171,0.94638,0.0102776,0.0444299,0.0224494,0.0219803,,best_validation_checkpoint_1.bin
2557,1965,rejected,1,3.05041e-06,1.76811e-09,1.42775e-10,1.42775e-10,3.05894e-10,3.05894e-10,0.974248,0.0590613,0.913444,0.0108983,0.0223446,0.0223445,0,,
2558,1966,accepted,0,3.05041e-06,8.84055e-10,1.42668e-10,1.42668e-10,3.06064e-10,3.05894e-10,0,0,0,0.01044,0.045086,0.0227251,0.0223609,,
2559,1967,accepted,1,1.19918e-07,4.42028e-10,1.42629e-10,1.42629e-10,3.06034e-10,3.05894e-10,0.989225,0.0567057,0.930788,0.0098233,0.045162,0.0225584,0.0226035,,
2560,1968,accepted,1,4.84927e-07,2.21014e-10,1.42579e-10,1.42579e-10,3.05937e-10,3.05894e-10,1.01212,0.0564357,0.95399,0.0105578,0.0433381,0.0220696,0.0212684,,
2561,1968,rejected,1,1.95168e-06,2.21014e-09,1.42579e-10,1.42579e-10,3.05937e-10,3.05894e-10,1.00601,0.0555616,0.94859,0.0101695,0.0223868,0.0223867,0,,
2562,1969,accepted,0,1.95168e-06,1.10507e-09,1.42528e-10,1.42528e-10,3.06066e-10,3.05894e-10,0,0,0,0.0105015,0.0447617,0.022572,0.0221897,,
2563,1970,accepted,1,7.6567e-08,5.52534e-10,1.42496e-10,1.42496e-10,3.06047e-10,3.05894e-10,0.975498,0.0573092,0.916381,0.0115231,0.0450555,0.0225633,0.0224922,,
2564,1971,accepted,1,3.10294e-07,2.76267e-10,1.42443e-10,1.42443e-10,3.05977e-10,3.05894e-10,0.990828,0.0566293,0.932474,0.0099196,0.0461191,0.0236419,0.022477,,
2565,1971,rejected,1,1.25113e-06,2.76267e-09,1.42443e-10,1.42443e-10,3.05977e-10,3.05894e-10,0.999112,0.0564393,0.94088,0.0111976,0.0224303,0.02243,0,,
2566,1972,accepted,0,1.25113e-06,1.38134e-09,1.42416e-10,1.42416e-10,3.06068e-10,3.05894e-10,0,0,0,0.0106571,0.0447641,0.0225037,0.0222602,,
2567,1973,accepted,1,4.90201e-08,6.90668e-10,1.4239e-10,1.4239e-10,3.06056e-10,3.05894e-10,0.965941,0.0562924,0.907894,0.0117612,0.0454387,0.0227721,0.0226665,,
2568,1974,accepted,1,1.98764e-07,3.45334e-10,1.42343e-10,1.42343e-10,3.06008e-10,3.05894e-10,0.989214,0.0561447,0.931323,0.0094236,0.0446578,0.022301,0.0223567,,
2569,1975,accepted,1,8.01968e-07,1.72667e-10,1.42324e-10,1.42324e-10,3.05887e-10,3.05887e-10,0.995042,0.056279,0.937,0.0110804,0.0450525,0.0226311,0.0224213,,best_validation_checkpoint_0.bin
2570,1975,rejected,1,3.21089e-06,1.72667e-09,1.42324e-10,1.42324e-10,3.05887e-10,3.05887e-10,0.987951,0.0568846,0.929323,0.0105208,0.0227759,0.0227757,0,,
2571,1976,accepted,0,3.21089e-06,8.63335e-10,1.42211e-10,1.42211e-10,3.0606e-10,3.05887e-10,0,0,0,0.011751,0.0452263,0.0227236,0.0225026,,
2572,1977,accepted,1,1.25125e-07,4.31667e-10,1.42171e-10,1.42171e-10,3.06029e-10,3.05887e-10,0.997189,0.0565548,0.938706,0.0111853,0.0451061,0.0225849,0.0225212,,
2573,1978,accepted,1,5.09869e-07,2.15834e-10,1.42123e-10,1.42123e-10,3.05932e-10,3.05887e-10,0.974932,0.056713,0.916395,0.0102476,0.0448164,0.0223266,0.0224898,,
2574,1978,rejected,1,2.05758e-06,2.15834e-09,1.42123e-10,1.42123e-10,3.05932e-10,3.05887e-10,0.957191,0.0568906,0.898648,0.010282,0.0222675,0.0222673,0,,
2575,1979,accepted,0,2.05758e-06,1.07917e-09,1.42069e-10,1.42069e-10,3.06065e-10,3.05887e-10,0,0,0,0.0114496,0.0445969,0.0223028,0.0222941,,
2576,1980,accepted,1,8.00515e-08,5.39584e-10,1.42036e-10,1.42036e-10,3.06045e-10,3.05887e-10,0.980788,0.0557092,0.923402,0.0097246,0.0451597,0.022266,0.0228937,,
2577,1981,accepted,1,3.26753e-07,2.69792e-10,1.41984e-10,1.41984e-10,3.05975e-10,3.05887e-10,1.01155,0.0558897,0.953915,0.0110622,0.0447329,0.0224158,0.022317,,
2578,1981,rejected,1,1.32089e-06,2.69792e-09,1.41984e-10,1.41984e-10,3.05975e-10,3.05887e-10,0.994811,0.0560716,0.936967,0.0109979,0.0224076,0.0224073,0,,
2579,1982,accepted,0,1.32089e-06,1.34896e-09,1.41955e-10,1.41955e-10,3.06069e-10,3.05887e-10,0,0,0,0.010097,0.0436781,0.0214446,0.0222335,,
2580,1983,accepted,1,5.13528e-08,6.7448e-10,1.41929e-10,1.41929e-10,3.06057e-10,3.05887e-10,0.971268,0.0564021,0.913161,0.0099046,0.0430463,0.0223004,0.0207458,,
2581,1984,accepted,1,2.09572e-07,3.3724e-10,1.41881e-10,1.41881e-10,3.06009e-10,3.05887e-10,0.962331,0.0571533,0.903493,0.0096221,0.0450764,0.0225645,0.0225119,,
2582,1985,accepted,1,8.47646e-07,1.6862e-10,1.41867e-10,1.41867e-10,3.0589e-10,3.05887e-10,0.946427,0.0560783,0.888602,0.0105367,0.0449648,0.022331,0.0226336,,
2583,1985,rejected,1,3.39572e-06,1.6862e-09,1.41867e-10,1.41867e-10,3.0589e-10,3.05887e-10,0.982106,0.0564107,0.923994,0.0098787,0.0224911,0.0224909,0,,
2584,1986,accepted,0,3.39572e-06,8.43101e-10,1.41748e-10,1.41748e-10,3.06064e-10,3.05887e-10,0,0,0,0.0117885,0.0448496,0.0224579,0.0223916,,
2585,1987,accepted,1,1.31185e-07,4.2155e-10,1.41708e-10,1.41708e-10,3.06034e-10,3.05887e-10,1.02675,0.0568193,0.968194,0.010719,0.0451831,0.0225114,0.0226717,,
2586,1988,accepted,1,5.38676e-07,2.10775e-10,1.4166e-10,1.4166e-10,3.05937e-10,3.05887e-10,0.970779,0.0561332,0.912863,0.0102737,0.0449058,0.0224324,0.0224734,,
2587,1988,rejected,1,2.17864e-06,2.10775e-09,1.4166e-10,1.4166e-10,3.05937e-10,3.05887e-10,0.994199,0.0563243,0.936114,0.0122923,0.0223407,0.0223405,0,,
2588,1989,accepted,0,2.17864e-06,1.05388e-09,1.41604e-10,1.41604e-10,3.06072e-10,3.05887e-10,0,0,0,0.0097511,0.044168,0.0224681,0.0216999,,
2589,1990,accepted,1,8.40747e-08,5.26938e-10,1.41571e-10,1.41571e-10,3.06053e-10,3.05887e-10,0.99321,0.0562258,0.935184,0.0105139,0.0445861,0.0222989,0.0222871,,
2590,1991,accepted,1,3.45645e-07,2.63469e-10,1.41518e-10,1.41518e-10,3.05983e-10,3.05887e-10,1.01788,0.0564214,0.959664,0.0102852,0.0449884,0.0224529,0.0225354,,
2591,1991,rejected,1,1.40035e-06,2.63469e-09,1.41518e-10,1.41518e-10,3.05983e-10,3.05887e-10,0.989891,0.0562365,0.931926,0.0092641,0.0224306,0.0224302,0,,
2592,1992,accepted,0,1.40035e-06,1.31734e-09,1.41488e-10,1.41488e-10,3.06079e-10,3.05887e-10,0,0,0,0.0098124,0.0449391,0.0225637,0.0223752,,
2593,1993,accepted,1,5.4029e-08,6.58672e-10,1.41462e-10,1.41462e-10,3.06067e-10,3.05887e-10,1.0107,0.0555074,0.953456,0.0113118,0.0449641,0.0223518,0.0226123,,
2594,1994,accepted,1,2.21912e-07,3.29336e-10,1.41414e-10,1.41414e-10,3.06019e-10,3.05887e-10,0.976692,0.0568684,0.918011,0.0103364,0.0450394,0.0224633,0.0225761,,
2595,1995,accepted,1,8.99424e-07,1.64668e-10,1.41405e-10,1.41405e-10,3.05902e-10,3.05887e-10,0.969654,0.0551138,0.912864,0.0111064,0.0447912,0.0223307,0.0224605,,
2596,1995,rejected,1,3.60385e-06,1.64668e-09,1.41405e-10,1.41405e-10,3.05902e-10,3.05887e-10,1.01114,0.0565201,0.952904,0.0116729,0.0224065,0.0224062,0,,
2597,1996,accepted,0,3.60385e-06,8.2334e-10,1.41278e-10,1.41278e-10,3.06078e-10,3.05887e-10,0,0,0,0.0108777,0.0450312,0.0226811,0.02235,,
2598,1997,accepted,1,1.3808e-07,4.1167e-10,1.41238e-10,1.41238e-10,3.06048e-10,3.05887e-10,0.984793,0.0562015,0.926836,0.0111987,0.0449907,0.0227005,0.0222902,,
2599,1998,accepted,1,5.71271e-07,2.05835e-10,1.41192e-10,1.41192e-10,3.05952e-10,3.05887e-10,0.979441,0.0556088,0.922055,0.0101799,0.0450073,0.0224856,0.0225215,,
2600,1998,rejected,1,2.31454e-06,2.05835e-09,1.41192e-10,1.41192e-10,3.05952e-10,3.05887e-10,1.13546,0.0685613,1.06504,0.0107625,0.0223812,0.0223811,0,,
2601,1999,accepted,0,2.31454e-06,1.02918e-09,1.41132e-10,1.41132e-10,3.06089e-10,3.05887e-10,0,0,0,0.011255,0.0453187,0.0227557,0.0225628,,
2602,2000,accepted,1,8.86276e-08,5.14588e-10,1.41099e-10,1.41099e-10,3.0607e-10,3.05887e-10,0.984391,0.0560528,0.926637,0.0097755,0.0449296,0.0224447,0.0224848,,
2603,2001,accepted,1,3.66913e-07,2.57294e-10,1.41046e-10,1.41046e-10,3.06001e-10,3.05887e-10,0.98559,0.0553969,0.928427,0.0107978,0.044856,0.022278,0.0225779,,
2604,2001,rejected,1,1.48916e-06,2.57294e-09,1.41046e-10,1.41046e-10,3.06001e-10,3.05887e-10,1.03889,0.0572292,0.979221,0.0129568,0.0234306,0.0234303,0,,
2605,2002,accepted,0,1.48916e-06,1.28647e-09,1.41015e-10,1.41015e-10,3.06098e-10,3.05887e-10,0,0,0,0.0110539,0.04546,0.0228158,0.0226442,,
2606,2003,accepted,1,5.70375e-08,6.43235e-10,1.40988e-10,1.40988e-10,3.06087e-10,3.05887e-10,0.937205,0.0571492,0.878372,0.0111038,0.0449623,0.0224579,0.0225044,,
2607,2004,accepted,1,2.35736e-07,3.21617e-10,1.4094e-10,1.4094e-10,3.06039e-10,3.05887e-10,1.00732,0.0566685,0.948847,0.0114316,0.0444782,0.0224625,0.0220156,,
2608,2005,accepted,1,9.57187e-07,1.60809e-10,1.40936e-10,1.40936e-10,3.05926e-10,3.05887e-10,0.995303,0.0581117,0.9354,0.0103786,0.0449589,0.0224216,0.0225372,,
2609,2005,rejected,1,3.83477e-06,1.60809e-09,1.40936e-10,1.40936e-10,3.05926e-10,3.05887e-10,0.969503,0.056404,0.91132,0.0109752,0.0224575,0.0224574,0,,
2610,2006,accepted,0,3.83477e-06,8.04043e-10,1.40802e-10,1.40802e-10,3.06102e-10,3.05887e-10,0,0,0,0.0113908,0.0468163,0.0222933,0.0245229,,
2611,2007,accepted,1,1.45786e-07,4.02022e-10,1.40761e-10,1.40761e-10,3.06072e-10,3.05887e-10,0.996466,0.0572075,0.937515,0.0104776,0.0448816,0.022394,0.0224876,,
2612,2008,accepted,1,6.07493e-07,2.01011e-10,1.40717e-10,1.40717e-10,3.05977e-10,3.05887e-10,0.994354,0.056806,0.93576,0.0106676,0.045115,0.0226134,0.0225016,,
2613,2008,rejected,1,2.46483e-06,2.01011e-09,1.40717e-10,1.40717e-10,3.05977e-10,3.05887e-10,0.997173,0.0565407,0.93884,0.0112763,0.0223441,0.022344,0,,
2614,2009,accepted,0,2.46483e-06,1.00505e-09,1.40654e-10,1.40654e-10,3.06117e-10,3.05887e-10,0,0,0,0.0113758,0.0447333,0.0229265,0.0218067,,
2615,2010,accepted,1,9.36794e-08,5.02527e-10,1.4062e-10,1.4062e-10,3.06098e-10,3.05887e-10,1.01005,0.0569293,0.951245,0.010828,0.0450256,0.0223995,0.0226261,,
2616,2011,accepted,1,3.90437e-07,2.51264e-10,1.40568e-10,1.40568e-10,3.06029e-10,3.05887e-10,0.996283,0.0569255,0.937636,0.010315,0.045108,0.0226785,0.0224294,,
2617,2011,rejected,1,1.58705e-06,2.51264e-09,1.40568e-10,1.40568e-10,3.06029e-10,3.05887e-10,0.968598,0.0569008,0.910012,0.010037,0.0217673,0.0217673,0,,
2618,2012,accepted,0,1.58705e-06,1.25632e-09,1.40536e-10,1.40536e-10,3.06129e-10,3.05887e-10,0,0,0,0.0108398,0.0450286,0.0226146,0.0224139,,
2619,2013,accepted,1,6.03569e-08,6.28159e-10,1.40509e-10,1.40509e-10,3.06117e-10,3.05887e-10,0.962171,0.0566606,0.903769,0.010502,0.0419128,0.0213857,0.020527,,
2620,2014,accepted,1,2.50963e-07,3.14079e-10,1.4046e-10,1.4046e-10,3.0607e-10,3.05887e-10,1.00579,0.0562674,0.947797,0.0100991,0.0450836,0.0224308,0.0226528,,
2621,2014,rejected,1,1.02056e-06,3.14079e-09,1.4046e-10,1.4046e-10,3.0607e-10,3.05887e-10,1.01889,0.0559948,0.961151,0.0100744,0.0222961,0.022296,0,,
2622,2015,accepted,0,1.02056e-06,1.5704e-09,1.40442e-10,1.40442e-10,3.06138e-10,3.05887e-10,0,0,0,0.0102453,0.044805,0.0223724,0.0224325,,
2623,2016,accepted,1,3.8884e-08,7.85199e-10,1.4042e-10,1.4042e-10,3.06131e-10,3.05887e-10,0.987544,0.0557715,0.930039,0.0108873,0.0448546,0.0223707,0.0224839,,
2624,2017,accepted,1,1.61204e-07,3.92599e-10,1.40378e-10,1.40378e-10,3.061e-10,3.05887e-10,0.980093,0.05619,0.922179,0.011139,0.0448306,0.0222803,0.0225502,,
2625,2018,accepted,1,6.55464e-07,1.963e-10,1.40335e-10,1.40335e-10,3.06005e-10,3.05887e-10,1.00183,0.0560801,0.944032,0.0105689,0.0440981,0.0216757,0.0224223,,
2626,2018,rejected,1,2.62959e-06,1.963e-09,1.40335e-10,1.40335e-10,3.06005e-10,3.05887e-10,0.998752,0.0554947,0.941356,0.0103583,0.0224351,0.0224348,0,,
2627,2019,accepted,0,2.62959e-06,9.81498e-10,1.40269e-10,1.40269e-10,3.06146e-10,3.05887e-10,0,0,0,0.0114061,0.0455152,0.0228005,0.0227146,,
2628,2020,accepted,1,9.93459e-08,4.90749e-10,1.40235e-10,1.40235e-10,3.06128e-10,3.05887e-10,1.01561,0.0577732,0.956101,0.0098206,0.0454756,0.0230476,0.022428,,
2629,2021,accepted,1,4.1509e-07,2.45375e-10,1.40183e-10,1.40183e-10,3.06058e-10,3.05887e-10,0.981921,0.0563541,0.923813,0.0105132,0.045109,0.0223479,0.0227611,,
2630,2021,rejected,1,1.68684e-06,2.45375e-09,1.40183e-10,1.40183e-10,3.06058e-10,3.05887e-10,0.962989,0.0569215,0.904315,0.0104811,0.022387,0.0223867,0,,
2631,2022,accepted,0,1.68684e-06,1.22687e-09,1.40149e-10,1.40149e-10,3.0616e-10,3.05887e-10,0,0,0,0.0114356,0.0448266,0.0223663,0.0224601,,
2632,2023,accepted,1,6.38268e-08,6.13436e-10,1.40121e-10,1.40121e-10,3.06149e-10,3.05887e-10,0.978079,0.0558178,0.92058,0.0103,0.0447008,0.0223346,0.0223661,,
2633,2024,accepted,1,2.66487e-07,3.06718e-10,1.40072e-10,1.40072e-10,3.06102e-10,3.05887e-10,1.00188,0.0554366,0.944757,0.0101886,0.044604,0.0223947,0.0222093,,
2634,2024,rejected,1,1.08462e-06,3.06718e-09,1.40072e-10,1.40072e-10,3.06102e-10,3.05887e-10,1.02231,0.0555708,0.964962,0.0110823,0.0223525,0.0223524,0,,
2635,2025,accepted,0,1.08462e-06,1.53359e-09,1.40053e-10,1.40053e-10,3.06172e-10,3.05887e-10,0,0,0,0.0109652,0.04476,0.0223137,0.0224463,,
2636,2026,accepted,1,4.11264e-08,7.66796e-10,1.40031e-10,1.40031e-10,3.06165e-10,3.05887e-10,0.991334,0.0560684,0.933519,0.0103432,0.0446773,0.0223263,0.022351,,
2637,2027,accepted,1,1.71185e-07,3.83398e-10,1.39989e-10,1.39989e-10,3.06134e-10,3.05887e-10,0.987824,0.0574427,0.928615,0.010496,0.0448613,0.022491,0.0223703,,
2638,2028,accepted,1,6.96742e-07,1.91699e-10,1.39948e-10,1.39948e-10,3.0604e-10,3.05887e-10,0.973955,0.0552423,0.916994,0.0105401,0.044662,0.0224596,0.0222024,,
2639,2028,rejected,1,2.79506e-06,1.91699e-09,1.39948e-10,1.39948e-10,3.0604e-10,3.05887e-10,1.0306,0.0567512,0.972019,0.0115113,0.0223177,0.0223174,0,,
2640,2029,accepted,0,2.79506e-06,9.58494e-10,1.39878e-10,1.39878e-10,3.06183e-10,3.05887e-10,0,0,0,0.0121452,0.0448599,0.0225356,0.0223243,,
2641,2030,accepted,1,1.05038e-07,4.79247e-10,1.39843e-10,1.39843e-10,3.06165e-10,3.05887e-10,1.01263,0.0565268,0.954371,0.0104616,0.0449619,0.0223286,0.0226332,,
2642,2031,accepted,1,4.40928e-07,2.39624e-10,1.39792e-10,1.39792e-10,3.06095e-10,3.05887e-10,0.978311,0.0562713,0.920265,0.010799,0.0449065,0.0224206,0.0224859,,
2643,2031,rejected,1,1.79329e-06,2.39624e-09,1.39792e-10,1.39792e-10,3.06095e-10,3.05887e-10,1.00085,0.0568113,0.942215,0.0104179,0.0227873,0.022787,0,,
2644,2032,accepted,0,1.79329e-06,1.19812e-09,1.39756e-10,1.39756e-10,3.062e-10,3.05887e-10,0,0,0,0.0115389,0.0450813,0.0227203,0.0223609,,
2645,2033,accepted,1,6.75147e-08,5.99059e-10,1.39728e-10,1.39728e-10,3.06189e-10,3.05887e-10,0.997439,0.0558017,0.939877,0.0097532,0.0448048,0.0224198,0.0223849,,
2646,2034,accepted,1,2.83135e-07,2.99529e-10,1.39679e-10,1.39679e-10,3.06141e-10,3.05887e-10,0.981205,0.0563965,0.923063,0.0099714,0.0449409,0.0224482,0.0224926,,
2647,2034,rejected,1,1.15343e-06,2.99529e-09,1.39679e-10,1.39679e-10,3.06141e-10,3.05887e-10,1.03246,0.0573014,0.973466,0.010823,0.0223261,0.0223259,0,,
2648,2035,accepted,0,1.15343e-06,1.49765e-09,1.39659e-10,1.39659e-10,3.06214e-10,3.05887e-10,0,0,0,0.010478,0.045276,0.0228364,0.0224394,,
2649,2036,accepted,1,4.35259e-08,7.48824e-10,1.39636e-10,1.39636e-10,3.06207e-10,3.05887e-10,1.01511,0.0560206,0.957333,0.0106036,0.0450737,0.0228029,0.0222707,,
2650,2037,accepted,1,1.81895e-07,3.74412e-10,1.39594e-10,1.39594e-10,3.06176e-10,3.05887e-10,0.991726,0.05614,0.933798,0.0106253,0.0448515,0.0222734,0.0225779,,
2651,2038,accepted,1,7.4106e-07,1.87206e-10,1.39555e-10,1.39555e-10,3.06083e-10,3.05887e-10,0.960485,0.0558822,0.902909,0.0108789,0.0438644,0.0212465,0.0226179,,
2652,2038,rejected,1,2.97182e-06,1.87206e-09,1.39555e-10,1.39555e-10,3.06083e-10,3.05887e-10,0.977326,0.0561181,0.919464,0.0106115,0.0225365,0.0225364,0,,
2653,2039,accepted,0,2.97182e-06,9.3603e-10,1.39481e-10,1.39481e-10,3.06229e-10,3.05887e-10,0,0,0,0.0113007,0.0454857,0.0229196,0.0225661,,
2654,2040,accepted,1,1.11122e-07,4.68015e-10,1.39446e-10,1.39446e-10,3.0621e-10,3.05887e-10,0.979701,0.056321,0.921658,0.0108457,0.0449763,0.0224761,0.0225002,,
2655,2041,accepted,1,4.68595e-07,2.34007e-10,1.39394e-10,1.39394e-10,3.06141e-10,3.05887e-10,1.02969,0.056972,0.9709,0.0102816,0.0447977,0.022286,0.0225116,,
2656,2041,rejected,1,1.90714e-06,2.34007e-09,1.39394e-10,1.39394e-10,3.06141e-10,3.05887e-10,1.02307,0.055934,0.965457,0.0108211,0.0226095,0.0226093,0,,
2657,2042,accepted,0,1.90714e-06,1.17004e-09,1.39357e-10,1.39357e-10,3.06248e-10,3.05887e-10,0,0,0,0.0113655,0.0449526,0.0225915,0.022361,,
2658,2043,accepted,1,7.14452e-08,5.85019e-10,1.39328e-10,1.39328e-10,3.06237e-10,3.05887e-10,1.01882,0.0561567,0.960818,0.0107456,0.0448431,0.0223923,0.0224506,,
2659,2044,accepted,1,3.00894e-07,2.92509e-10,1.39279e-10,1.39279e-10,3.0619e-10,3.05887e-10,0.978025,0.0557585,0.920474,0.0115762,0.045036,0.0226615,0.0223745,,
2660,2044,rejected,1,1.22679e-06,2.92509e-09,1.39279e-10,1.39279e-10,3.0619e-10,3.05887e-10,1.00337,0.0584345,0.943121,0.009876,0.0223261,0.022326,0,,
2661,2045,accepted,0,1.22679e-06,1.46255e-09,1.39258e-10,1.39258e-10,3.06264e-10,3.05887e-10,0,0,0,0.0104472,0.0439089,0.0224068,0.0215021,,
2662,2046,accepted,1,4.60778e-08,7.31273e-10,1.39235e-10,1.39235e-10,3.06257e-10,3.05887e-10,1.00458,0.0565295,0.946359,0.0097363,0.0449224,0.022255,0.0226674,,
2663,2047,accepted,1,1.93303e-07,3.65637e-10,1.39192e-10,1.39192e-10,3.06226e-10,3.05887e-10,1.02539,0.0560993,0.96762,0.0097782,0.04494,0.0224828,0.0224572,,
2664,2048,accepted,1,7.88218e-07,1.82818e-10,1.39157e-10,1.39157e-10,3.06135e-10,3.05887e-10,0.979001,0.055657,0.921621,0.010273,0.045193,0.0222779,0.0229149,,
2665,2048,rejected,1,3.16019e-06,1.82818e-09,1.39157e-10,1.39157e-10,3.06135e-10,3.05887e-10,0.997443,0.0564572,0.939138,0.0106419,0.0225335,0.0225334,0,,
2666,2049,accepted,0,3.16019e-06,9.14091e-10,1.39078e-10,1.39078e-10,3.06282e-10,3.05887e-10,0,0,0,0.0110122,0.0452702,0.0228412,0.0224289,,
2667,2050,accepted,1,1.17573e-07,4.57046e-10,1.39042e-10,1.39042e-10,3.06264e-10,3.05887e-10,0.985885,0.0568443,0.927335,0.0104783,0.0450013,0.0225686,0.0224327,,
2668,2051,accepted,1,4.97977e-07,2.28523e-10,1.38991e-10,1.38991e-10,3.06196e-10,3.05887e-10,1.00964,0.0558074,0.952194,0.0109557,0.0448587,0.0224289,0.0224298,,
2669,2051,rejected,1,2.02788e-06,2.28523e-09,1.38991e-10,1.38991e-10,3.06196e-10,3.05887e-10,0.99639,0.0556958,0.939033,0.0106026,0.0224361,0.0224358,0,,
2670,2052,accepted,0,2.02788e-06,1.14261e-09,1.38952e-10,1.38952e-10,3.06305e-10,3.05887e-10,0,0,0,0.0108741,0.0449975,0.0227427,0.0222548,,
2671,2053,accepted,1,7.56032e-08,5.71307e-10,1.38923e-10,1.38923e-10,3.06294e-10,3.05887e-10,1.01203,0.0572666,0.952948,0.0103241,0.0450368,0.0223518,0.022685,,
2672,2054,accepted,1,3.19729e-07,2.85654e-10,1.38873e-10,1.38873e-10,3.06247e-10,3.05887e-10,1.01932,0.055757,0.961905,0.0109953,0.045303,0.0226864,0.0226165,,
2673,2054,rejected,1,1.3045e-06,2.85654e-09,1.38873e-10,1.38873e-10,3.06247e-10,3.05887e-10,0.977101,0.0557519,0.919603,0.0092093,0.0223563,0.0223561,0,,
2674,2055,accepted,0,1.3045e-06,1.42827e-09,1.38852e-10,1.38852e-10,3.06323e-10,3.05887e-10,0,0,0,0.0105216,0.0447533,0.0224366,0.0223167,,
2675,2056,accepted,1,4.87743e-08,7.14134e-10,1.38828e-10,1.38828e-10,3.06317e-10,3.05887e-10,0.96688,0.0566012,0.908404,0.0099711,0.0447937,0.0224217,0.0223719,,
2676,2057,accepted,1,2.05389e-07,3.57067e-10,1.38785e-10,1.38785e-10,3.06286e-10,3.05887e-10,0.977405,0.0560137,0.919571,0.0114642,0.0448014,0.022386,0.0224153,,
2677,2058,accepted,1,8.38122e-07,1.78533e-10,1.38752e-10,1.38752e-10,3.06197e-10,3.05887e-10,1.00464,0.055775,0.947162,0.0109232,0.0447329,0.0223903,0.0223425,,
2678,2058,rejected,1,3.35899e-06,1.78533e-09,1.38752e-10,1.38752e-10,3.06197e-10,3.05887e-10,0.983408,0.0563015,0.925333,0.010656,0.0225511,0.0225508,0,,
2679,2059,accepted,0,3.35899e-06,8.92667e-10,1.38668e-10,1.38668e-10,3.06346e-10,3.05887e-10,0,0,0,0.0105483,0.0453358,0.0226181,0.0227177,,
2680,2060,accepted,1,1.24388e-07,4.46334e-10,1.38632e-10,1.38632e-10,3.06328e-10,3.05887e-10,1.02557,0.0572146,0.966642,0.011215,0.0448782,0.0224741,0.0224039,,
2681,2061,accepted,1,5.29017e-07,2.23167e-10,1.38582e-10,1.38582e-10,3.0626e-10,3.05887e-10,1.00184,0.0561005,0.943925,0.0106275,0.0450375,0.0224663,0.0225712,,
2682,2061,rejected,1,2.15548e-06,2.23167e-09,1.38582e-10,1.38582e-10,3.0626e-10,3.05887e-10,0.999299,0.0562757,0.941314,0.0097002,0.0222923,0.0222921,0,,
2683,2062,accepted,0,2.15548e-06,1.11583e-09,1.38541e-10,1.38541e-10,3.06371e-10,3.05887e-10,0,0,0,0.0111477,0.0447375,0.0224885,0.0222489,,
2684,2063,accepted,1,7.99895e-08,5.57917e-10,1.38512e-10,1.38512e-10,3.06361e-10,3.05887e-10,0.972233,0.0565942,0.913888,0.0100429,0.043327,0.0209845,0.0223424,,
2685,2064,accepted,1,3.39614e-07,2.78959e-10,1.38462e-10,1.38462e-10,3.06314e-10,3.05887e-10,1.01374,0.0559058,0.956017,0.0107031,0.0452428,0.0225668,0.022676,,
2686,2064,rejected,1,1.38648e-06,2.78959e-09,1.38462e-10,1.38462e-10,3.06314e-10,3.05887e-10,1.0155,0.0567523,0.956929,0.0108406,0.0222956,0.0222955,0,,
2687,2065,accepted,0,1.38648e-06,1.39479e-09,1.38439e-10,1.38439e-10,3.06391e-10,3.05887e-10,0,0,0,0.0113556,0.0456553,0.0231078,0.0225475,,
2688,2066,accepted,1,5.16131e-08,6.97396e-10,1.38415e-10,1.38415e-10,3.06386e-10,3.05887e-10,1.0024,0.055761,0.944882,0.0104516,0.0448692,0.0223533,0.0225157,,
2689,2067,accepted,1,2.18121e-07,3.48698e-10,1.38372e-10,1.38372e-10,3.06355e-10,3.05887e-10,0.983215,0.056713,0.924623,0.0109563,0.0448419,0.0223369,0.022505,,
2690,2068,accepted,1,8.90712e-07,1.74349e-10,1.38342e-10,1.38342e-10,3.06269e-10,3.05887e-10,1.00014,0.0562069,0.942122,0.0111079,0.0449774,0.0224624,0.0225149,,
2691,2068,rejected,1,3.56856e-06,1.74349e-09,1.38342e-10,1.38342e-10,3.06269e-10,3.05887e-10,1.01722,0.0562995,0.959126,0.0111975,0.0222889,0.0222888,0,,
2692,2069,accepted,0,3.56856e-06,8.71746e-10,1.38253e-10,1.38253e-10,3.06419e-10,3.05887e-10,0,0,0,0.0103919,0.0449321,0.0226632,0.0222688,,
2693,2070,accepted,1,1.31554e-07,4.35873e-10,1.38217e-10,1.38217e-10,3.06401e-10,3.05887e-10,0.953459,0.0562357,0.895497,0.0108017,0.0451666,0.0225682,0.0225983,,
2694,2071,accepted,1,5.61685e-07,2.17936e-10,1.38167e-10,1.38167e-10,3.06334e-10,3.05887e-10,0.991634,0.0560079,0.933959,0.0103738,0.0447526,0.0223286,0.022424,,
2695,2071,rejected,1,2.28947e-06,2.17936e-09,1.38167e-10,1.38167e-10,3.06334e-10,3.05887e-10,0.973637,0.0563861,0.915481,0.0116864,0.0224949,0.0224948,0,,
2696,2072,accepted,0,2.28947e-06,1.08968e-09,1.38124e-10,1.38124e-10,3.06447e-10,3.05887e-10,0,0,0,0.0106119,0.0441809,0.0223781,0.0218026,,
2697,2073,accepted,1,8.45976e-08,5.44841e-10,1.38094e-10,1.38094e-10,3.06437e-10,3.05887e-10,0.985962,0.0562664,0.927835,0.0119771,0.0449676,0.0225664,0.0224011,,
2698,2074,accepted,1,3.60506e-07,2.7242e-10,1.38044e-10,1.38044e-10,3.06391e-10,3.05887e-10,0.994831,0.056323,0.936825,0.011074,0.0446346,0.0224178,0.0222168,,
2699,2074,rejected,1,1.47259e-06,2.7242e-09,1.38044e-10,1.38044e-10,3.06391e-10,3.05887e-10,1.01535,0.0564562,0.957181,0.0109363,0.0224617,0.0224614,0,,
2700,2075,accepted,0,1.47259e-06,1.3621e-09,1.3802e-10,1.3802e-10,3.0647e-10,3.05887e-10,0,0,0,0.0119338,0.0450011,0.0225157,0.0224854,,
2701,2076,accepted,1,5.45907e-08,6.81051e-10,1.37996e-10,1.37996e-10,3.06465e-10,3.05887e-10,0.972475,0.0559412,0.914854,0.0107052,0.0452244,0.0224675,0.0227568,,
2702,2077,accepted,1,2.31497e-07,3.40526e-10,1.37952e-10,1.37952e-10,3.06435e-10,3.05887e-10,0.955522,0.0564197,0.897313,0.0109985,0.0449,0.0225172,0.0223826,,
2703,2078,accepted,1,9.45917e-07,1.70263e-10,1.37926e-10,1.37926e-10,3.06351e-10,3.05887e-10,0.953261,0.056317,0.895175,0.0108778,0.0449193,0.0223443,0.0225748,,
2704,2078,rejected,1,3.78861e-06,1.70263e-09,1.37926e-10,1.37926e-10,3.06351e-10,3.05887e-10,1.04445,0.0559622,0.986747,0.0095872,0.0222453,0.022245,0,,
2705,2079,accepted,0,3.78861e-06,8.51314e-10,1.37832e-10,1.37832e-10,3.06502e-10,3.05887e-10,0,0,0,0.0098837,0.0451941,0.0225504,0.0226437,,
2706,2080,accepted,1,1.39053e-07,4.25657e-10,1.37795e-10,1.37795e-10,3.06485e-10,3.05887e-10,0.96582,0.0559636,0.908144,0.0092762,0.0449842,0.0224763,0.0225078,,
2707,2081,accepted,1,5.95948e-07,2.12829e-10,1.37746e-10,1.37746e-10,3.0642e-10,3.05887e-10,0.99835,0.0562797,0.94028,0.0104022,0.0444256,0.0223834,0.0220422,,
2708,2081,rejected,1,2.43016e-06,2.12829e-09,1.37746e-10,1.37746e-10,3.0642e-10,3.05887e-10,0.970018,0.0561896,0.912039,0.01049,0.0223613,0.022361,0,,
2709,2082,accepted,0,2.43016e-06,1.06414e-09,1.377e-10,1.377e-10,3.06534e-10,3.05887e-10,0,0,0,0.0105121,0.0448165,0.0224438,0.0223726,,
2710,2083,accepted,1,8.9408e-08,5.32071e-10,1.3767e-10,1.3767e-10,3.06525e-10,3.05887e-10,0.968575,0.0577223,0.909166,0.0118546,0.0449336,0.0223967,0.0225368,,
2711,2084,accepted,1,3.8239e-07,2.66036e-10,1.3762e-10,1.3762e-10,3.06479e-10,3.05887e-10,0.961683,0.0562378,0.903718,0.011372,0.0451617,0.0226826,0.022479,,
2712,2084,rejected,1,1.56272e-06,2.66036e-09,1.3762e-10,1.3762e-10,3.06479e-10,3.05887e-10,0.963322,0.0556166,0.905844,0.0108087,0.022584,0.0225839,0,,
2713,2085,accepted,0,1.56272e-06,1.33018e-09,1.37595e-10,1.37595e-10,3.06561e-10,3.05887e-10,0,0,0,0.0099025,0.0447044,0.0223978,0.0223065,,
2714,2086,accepted,1,5.77017e-08,6.65089e-10,1.37571e-10,1.37571e-10,3.06556e-10,3.05887e-10,1.03104,0.0567406,0.972576,0.0112683,0.0448905,0.0223282,0.0225623,,
2715,2087,accepted,1,2.45481e-07,3.32545e-10,1.37527e-10,1.37527e-10,3.06526e-10,3.05887e-10,0.982485,0.0562549,0.92453,0.0105053,0.0448226,0.0223567,0.0224659,,
2716,2088,accepted,1,1.00364e-06,1.66272e-10,1.37504e-10,1.37504e-10,3.06446e-10,3.05887e-10,1.00899,0.0560517,0.951216,0.0109494,0.0442024,0.0222746,0.0219277,,
2717,2088,rejected,1,4.01858e-06,1.66272e-09,1.37504e-10,1.37504e-10,3.06446e-10,3.05887e-10,0.985156,0.0560067,0.927154,0.0110849,0.0223809,0.0223807,0,,
2718,2089,accepted,0,4.01858e-06,8.31361e-10,1.37404e-10,1.37404e-10,3.06598e-10,3.05887e-10,0,0,0,0.0108161,0.0448662,0.0225914,0.0222748,,
2719,2090,accepted,1,1.46885e-07,4.15681e-10,1.37367e-10,1.37367e-10,3.06581e-10,3.05887e-10,0.978873,0.0565978,0.920572,0.0098953,0.0453907,0.0224675,0.0229232,,
2720,2091,accepted,1,6.31766e-07,2.0784e-10,1.37319e-10,1.37319e-10,3.06517e-10,3.05887e-10,0.998366,0.0561932,0.940406,0.0120715,0.0448644,0.0223307,0.0225335,,
2721,2091,rejected,1,2.57702e-06,2.0784e-09,1.37319e-10,1.37319e-10,3.06517e-10,3.05887e-10,0.986609,0.0561767,0.928789,0.0099486,0.0224453,0.0224452,0,,
2722,2092,accepted,0,2.57702e-06,1.0392e-09,1.37271e-10,1.37271e-10,3.06634e-10,3.05887e-10,0,0,0,0.0123978,0.0452164,0.0226141,0.0226021,,
2723,2093,accepted,1,9.44269e-08,5.19601e-10,1.3724e-10,1.3724e-10,3.06625e-10,3.05887e-10,0.994614,0.0555238,0.93735,0.0108666,0.0450051,0.0225681,0.0224369,,
2724,2094,accepted,1,4.05226e-07,2.598e-10,1.3719e-10,1.3719e-10,3.0658e-10,3.05887e-10,0.977292,0.0579879,0.91754,0.0109579,0.0448656,0.0223502,0.0225152,,
2725,2094,rejected,1,1.6568e-06,2.598e-09,1.3719e-10,1.3719e-10,3.0658e-10,3.05887e-10,0.987496,0.0557941,0.929985,0.0107659,0.0222626,0.0222624,0,,
2726,2095,accepted,0,1.6568e-06,1.299e-09,1.37164e-10,1.37164e-10,3.06663e-10,3.05887e-10,0,0,0,0.0101262,0.0450307,0.0226293,0.0224013,,
2727,2096,accepted,1,6.09389e-08,6.49501e-10,1.3714e-10,1.3714e-10,3.06659e-10,3.05887e-10,1.00762,0.0564671,0.949333,0.0101928,0.0442726,0.0216542,0.0226184,,
2728,2097,accepted,1,2.60067e-07,3.24751e-10,1.37095e-10,1.37095e-10,3.0663e-10,3.05887e-10,0.994784,0.0566593,0.936376,0.0107173,0.0446972,0.0223623,0.0223348,,
2729,2098,accepted,1,1.06389e-06,1.62375e-10,1.37077e-10,1.37077e-10,3.06554e-10,3.05887e-10,0.978379,0.0560437,0.920589,0.0109027,0.0447837,0.0223213,0.0224623,,
2730,2098,rejected,1,4.25825e-06,1.62375e-09,1.37077e-10,1.37077e-10,3.06554e-10,3.05887e-10,1.01751,0.0564956,0.959246,0.0103115,0.0225116,0.0225113,0,,
2731,2099,accepted,0,4.25825e-06,8.11876e-10,1.3697e-10,1.3697e-10,3.06706e-10,3.05887e-10,0,0,0,0.0108164,0.0447297,0.0223537,0.0223759,,
2732,2100,accepted,1,1.55035e-07,4.05938e-10,1.36932e-10,1.36932e-10,3.0669e-10,3.05887e-10,0.995145,0.0565334,0.936909,0.0107177,0.0448607,0.0225033,0.0223573,,
2733,2101,accepted,1,6.69054e-07,2.02969e-10,1.36886e-10,1.36886e-10,3.06627e-10,3.05887e-10,1.00826,0.0562573,0.950305,0.0105216,0.0449884,0.0224197,0.0225686,,
2734,2101,rejected,1,2.72993e-06,2.02969e-09,1.36886e-10,1.36886e-10,3.06627e-10,3.05887e-10,1.0159,0.0573492,0.956768,0.0109045,0.0225261,0.022526,0,,
2735,2102,accepted,0,2.72993e-06,1.01485e-09,1.36835e-10,1.36835e-10,3.06746e-10,3.05887e-10,0,0,0,0.0107183,0.0450994,0.0224877,0.0226116,,
2736,2103,accepted,1,9.96466e-08,5.07423e-10,1.36804e-10,1.36804e-10,3.06737e-10,3.05887e-10,0.96263,0.0559319,0.904964,0.0103723,0.0450168,0.0224051,0.0226115,,
2737,2104,accepted,1,4.2901e-07,2.53711e-10,1.36754e-10,1.36754e-10,3.06694e-10,3.05887e-10,1.00008,0.0567614,0.941585,0.0112632,0.0449108,0.0226847,0.022226,,
2738,2104,rejected,1,1.75464e-06,2.53711e-09,1.36754e-10,1.36754e-10,3.06694e-10,3.05887e-10,0.964888,0.055922,0.907117,0.0112662,0.0225604,0.0225602,0,,
2739,2105,accepted,0,1.75464e-06,1.26856e-09,1.36727e-10,1.36727e-10,3.06778e-10,3.05887e-10,0,0,0,0.0104144,0.0448703,0.022527,0.0223432,,
2740,2106,accepted,1,6.43007e-08,6.34278e-10,1.36702e-10,1.36702e-10,3.06774e-10,3.05887e-10,0.979003,0.057362,0.919988,0.0099305,0.045721,0.022701,0.02302,,
2741,2107,accepted,1,2.75238e-07,3.17139e-10,1.36657e-10,1.36657e-10,3.06746e-10,3.05887e-10,0.996702,0.0557187,0.93919,0.0106634,0.0447734,0.0223052,0.0224682,,
2742,2108,accepted,1,1.12642e-06,1.5857e-10,1.36644e-10,1.36644e-10,3.06675e-10,3.05887e-10,0.973836,0.056319,0.915758,0.0116791,0.0449935,0.0223627,0.0226307,,
2743,2108,rejected,1,4.5077e-06,1.5857e-09,1.36644e-10,1.36644e-10,3.06675e-10,3.05887e-10,1.00211,0.0563114,0.944125,0.0115556,0.0205456,0.0205453,0,,
2744,2109,accepted,0,4.5077e-06,7.92848e-10,1.3653e-10,1.3653e-10,3.06827e-10,3.05887e-10,0,0,0,0.0107017,0.0439235,0.0214622,0.0224613,,
2745,2110,accepted,1,1.63491e-07,3.96424e-10,1.36492e-10,1.36492e-10,3.06812e-10,3.05887e-10,1.01951,0.0563701,0.961374,0.0116026,0.0446813,0.0222579,0.0224233,,
2746,2111,accepted,1,7.07792e-07,1.98212e-10,1.36447e-10,1.36447e-10,3.06752e-10,3.05887e-10,0.981515,0.0562724,0.923477,0.0110196,0.0452386,0.0226483,0.0225903,,
2747,2111,rejected,1,2.8888e-06,1.98212e-09,1.36447e-10,1.36447e-10,3.06752e-10,3.05887e-10,1.0029,0.0565281,0.944699,0.0104149,0.0222812,0.0222811,0,,
2748,2112,accepted,0,2.8888e-06,9.9106e-10,1.36393e-10,1.36393e-10,3.06872e-10,3.05887e-10,0,0,0,0.0106564,0.0449576,0.022485,0.0224725,,
2749,2113,accepted,1,1.05051e-07,4.9553e-10,1.36362e-10,1.36362e-10,3.06864e-10,3.05887e-10,1.01336,0.0563068,0.955211,0.0119884,0.0449223,0.0224198,0.0225023,,
2750,2114,accepted,1,4.5366e-07,2.47765e-10,1.36312e-10,1.36312e-10,3.06822e-10,3.05887e-10,0.986245,0.056222,0.928346,0.011042,0.0450175,0.0223,0.0227174,,
2751,2114,rejected,1,1.85621e-06,2.47765e-09,1.36312e-10,1.36312e-10,3.06822e-10,3.05887e-10,0.964908,0.0570593,0.906101,0.0109249,0.0225836,0.0225834,0,,
2752,2115,accepted,0,1.85621e-06,1.23882e-09,1.36284e-10,1.36284e-10,3.06908e-10,3.05887e-10,0,0,0,0.0112886,0.0432499,0.0225539,0.020696,,
2753,2116,accepted,1,6.77825e-08,6.19412e-10,1.36258e-10,1.36258e-10,3.06905e-10,3.05887e-10,0.996001,0.0561352,0.938156,0.0118881,0.0449552,0.0222939,0.0226611,,
2754,2117,accepted,1,2.90946e-07,3.09706e-10,1.36213e-10,1.36213e-10,3.06878e-10,3.05887e-10,1.04269,0.0564864,0.984432,0.0099869,0.0445947,0.0222833,0.0223112,,
2755,2118,accepted,1,1.19122e-06,1.54853e-10,1.36205e-10,1.36205e-10,3.06812e-10,3.05887e-10,0.998241,0.0565652,0.939821,0.0110953,0.0448656,0.0223651,0.0225005,,
2756,2118,rejected,1,4.76599e-06,1.54853e-09,1.36205e-10,1.36205e-10,3.06812e-10,3.05887e-10,1.00063,0.0555992,0.943349,0.0117975,0.0226632,0.0226629,0,,
2757,2119,accepted,0,4.76599e-06,7.74266e-10,1.36084e-10,1.36084e-10,3.06963e-10,3.05887e-10,0,0,0,0.0117408,0.0446791,0.0224458,0.0222331,,
2758,2120,accepted,1,1.72251e-07,3.87133e-10,1.36045e-10,1.36045e-10,3.06949e-10,3.05887e-10,0.993148,0.0557213,0.935721,0.0107207,0.0443656,0.0224176,0.021948,,
2759,2121,accepted,1,7.47912e-07,1.93566e-10,1.36002e-10,1.36002e-10,3.06891e-10,3.05887e-10,0.96763,0.0566395,0.909279,0.011082,0.0447163,0.0223083,0.0224079,,
2760,2121,rejected,1,3.05314e-06,1.93566e-09,1.36002e-10,1.36002e-10,3.06891e-10,3.05887e-10,0.968326,0.0567858,0.909857,0.010539,0.0223841,0.0223839,0,,
2761,2122,accepted,0,3.05314e-06,9.67832e-10,1.35945e-10,1.35945e-10,3.07013e-10,3.05887e-10,0,0,0,0.0104176,0.0448485,0.022304,0.0225444,,
2762,2123,accepted,1,1.10643e-07,4.83916e-10,1.35913e-10,1.35913e-10,3.07006e-10,3.05887e-10,1.01586,0.0568321,0.957243,0.0107514,0.0449229,0.0223983,0.0225246,,
2763,2124,accepted,1,4.79178e-07,2.41958e-10,1.35864e-10,1.35864e-10,3.06965e-10,3.05887e-10,0.972504,0.055961,0.914874,0.0109149,0.0445485,0.0218826,0.0226659,,
2764,2124,rejected,1,1.96125e-06,2.41958e-09,1.35864e-10,1.35864e-10,3.06965e-10,3.05887e-10,0.991985,0.0558991,0.934399,0.0109417,0.0222907,0.0222906,0,,
2765,2125,accepted,0,1.96125e-06,1.20979e-09,1.35834e-10,1.35834e-10,3.07053e-10,3.05887e-10,0,0,0,0.0107949,0.0446062,0.022257,0.0223491,,
2766,2126,accepted,1,7.13727e-08,6.04895e-10,1.35808e-10,1.35808e-10,3.0705e-10,3.05887e-10,1.00855,0.0567156,0.950029,0.0112633,0.0448392,0.0223475,0.0224916,,
2767,2127,accepted,1,3.07195e-07,3.02448e-10,1.35763e-10,1.35763e-10,3.07024e-10,3.05887e-10,0.986346,0.0556432,0.928936,0.0103416,0.0450171,0.0222801,0.022737,,
2768,2128,accepted,1,1.25825e-06,1.51224e-10,1.35761e-10,1.35761e-10,3.06965e-10,3.05887e-10,1.00443,0.0559063,0.946797,0.0096079,0.0447818,0.0222832,0.0224986,,
2769,2128,rejected,1,5.0333e-06,1.51224e-09,1.35761e-10,1.35761e-10,3.06965e-10,3.05887e-10,1.11598,0.0603703,1.05278,0.0184155,0.0371519,0.0371516,0,,
2770,2129,accepted,0,5.0333e-06,7.56119e-10,1.35632e-10,1.35632e-10,3.07115e-10,3.05887e-10,0,0,0,0.0195632,0.0668171,0.0345269,0.0322901,,
2771,2130,accepted,1,1.81284e-07,3.78059e-10,1.35593e-10,1.35593e-10,3.07102e-10,3.05887e-10,1.14976,0.0746897,1.0723,0.0129919,0.0477135,0.0252283,0.0224852,,
2772,2131,accepted,1,7.8933e-07,1.8903e-10,1.35552e-10,1.35552e-10,3.07047e-10,3.05887e-10,1.12661,0.0780947,1.04623,0.0179731,0.0464694,0.0227447,0.0237247,,
2773,2131,rejected,1,3.22311e-06,1.8903e-09,1.35552e-10,1.35552e-10,3.07047e-10,3.05887e-10,1.1321,0.0728129,1.05729,0.015749,0.0272689,0.0272688,0,,
2774,2132,accepted,0,3.22311e-06,9.45148e-10,1.35491e-10,1.35491e-10,3.0717e-10,3.05887e-10,0,0,0,0.0123244,0.0511432,0.027119,0.024024,,
2775,2133,accepted,1,1.16396e-07,4.72574e-10,1.35459e-10,1.35459e-10,3.07164e-10,3.05887e-10,1.04986,0.0768482,0.97134,0.0118208,0.0503087,0.0268107,0.023498,,
2776,2134,accepted,1,5.05469e-07,2.36287e-10,1.3541e-10,1.3541e-10,3.07125e-10,3.05887e-10,1.10526,0.0740623,1.02943,0.0138426,0.0478644,0.023832,0.0240322,,
2777,2134,rejected,1,2.06948e-06,2.36287e-09,1.3541e-10,1.3541e-10,3.07125e-10,3.05887e-10,1.04204,0.0750116,0.964893,0.011823,0.0235978,0.0235975,0,,
2778,2135,accepted,0,2.06948e-06,1.18144e-09,1.35379e-10,1.35379e-10,3.07214e-10,3.05887e-10,0,0,0,0.0111604,0.0471741,0.0240384,0.0231357,,
2779,2136,accepted,1,7.50743e-08,5.90718e-10,1.35353e-10,1.35353e-10,3.07213e-10,3.05887e-10,1.06947,0.0707865,0.996876,0.0122622,0.0506356,0.0275956,0.0230398,,
2780,2137,accepted,1,3.23925e-07,2.95359e-10,1.35307e-10,1.35307e-10,3.07188e-10,3.05887e-10,1.03775,0.074873,0.959962,0.0115454,0.046801,0.0230513,0.0237497,,
2781,2137,rejected,1,1.32724e-06,2.95359e-09,1.35307e-10,1.35307e-10,3.07188e-10,3.05887e-10,1.11339,0.0782446,1.03242,0.0109249,0.0250426,0.0250424,0,,
2782,2138,accepted,0,1.32724e-06,1.47679e-09,1.35289e-10,1.35289e-10,3.0725e-10,3.05887e-10,0,0,0,0.0108407,0.0477652,0.0228676,0.0248975,,
2783,2139,accepted,1,4.84251e-08,7.38397e-10,1.35268e-10,1.35268e-10,3.07251e-10,3.05887e-10,1.08702,0.0706463,1.01351,0.013973,0.0467907,0.0225819,0.0242088,,
2784,2140,accepted,1,2.0753e-07,3.69199e-10,1.35229e-10,1.35229e-10,3.07237e-10,3.05887e-10,1.0746,0.0732164,0.999309,0.0109641,0.0472628,0.0250362,0.0222266,,
2785,2141,accepted,1,8.50367e-07,1.84599e-10,1.3519e-10,1.3519e-10,3.07184e-10,3.05887e-10,1.04633,0.0697297,0.974265,0.0118779,0.0474763,0.0224406,0.0250356,,
2786,2141,rejected,1,3.41036e-06,1.84599e-09,1.3519e-10,1.3519e-10,3.07184e-10,3.05887e-10,1.06243,0.0696355,0.990925,0.0119227,0.0226227,0.0226225,0,,
2787,2142,accepted,0,3.41036e-06,9.22997e-10,1.35125e-10,1.35125e-10,3.07308e-10,3.05887e-10,0,0,0,0.0119801,0.0477695,0.0225605,0.0252089,,
2788,2143,accepted,1,1.22902e-07,4.61498e-10,1.35092e-10,1.35092e-10,3.07302e-10,3.05887e-10,1.07921,0.0747003,1.00208,0.0116356,0.0486763,0.0255056,0.0231707,,
2789,2144,accepted,1,5.32615e-07,2.30749e-10,1.35044e-10,1.35044e-10,3.07264e-10,3.05887e-10,1.11982,0.0775229,1.04028,0.0151578,0.0467745,0.0223786,0.0243958,,
2790,2144,rejected,1,2.17765e-06,2.30749e-09,1.35044e-10,1.35044e-10,3.07264e-10,3.05887e-10,1.10709,0.0847712,1.02043,0.0109909,0.0223393,0.0223392,0,,
2791,2145,accepted,0,2.17765e-06,1.15375e-09,1.35011e-10,1.35011e-10,3.07356e-10,3.05887e-10,0,0,0,0.0149283,0.0471049,0.0259664,0.0211384,,
2792,2146,accepted,1,7.88367e-08,5.76873e-10,1.34984e-10,1.34984e-10,3.07355e-10,3.05887e-10,1.09998,0.080464,1.01705,0.0111773,0.0459623,0.0222393,0.023723,,
2793,2147,accepted,1,3.40618e-07,2.88436e-10,1.34938e-10,1.34938e-10,3.07331e-10,3.05887e-10,1.06961,0.0729438,0.994294,0.0113437,0.0478459,0.0244898,0.0233561,,
2794,2147,rejected,1,1.39585e-06,2.88436e-09,1.34938e-10,1.34938e-10,3.07331e-10,3.05887e-10,1.0342,0.0733364,0.958926,0.0141851,0.0226138,0.0226135,0,,
2795,2148,accepted,0,1.39585e-06,1.44218e-09,1.3492e-10,1.3492e-10,3.07395e-10,3.05887e-10,0,0,0,0.0152088,0.0447929,0.0224486,0.0223443,,
2796,2149,accepted,1,5.08189e-08,7.21091e-10,1.34898e-10,1.34898e-10,3.07396e-10,3.05887e-10,1.07691,0.0776955,0.99683,0.0112477,0.0488389,0.0229875,0.0258513,,
2797,2150,accepted,1,2.18156e-07,3.60546e-10,1.34859e-10,1.34859e-10,3.07383e-10,3.05887e-10,1.08072,0.0739892,1.00458,0.0153006,0.0462356,0.0212412,0.0249943,,
2798,2151,accepted,1,8.94196e-07,1.80273e-10,1.34822e-10,1.34822e-10,3.07332e-10,3.05887e-10,1.04064,0.0735359,0.965038,0.0109684,0.0465634,0.0242915,0.0222719,,
2799,2151,rejected,1,3.58599e-06,1.80273e-09,1.34822e-10,1.34822e-10,3.07332e-10,3.05887e-10,1.05652,0.0736223,0.98051,0.0118562,0.0251857,0.0251855,0,,
2800,2152,accepted,0,3.58599e-06,9.01364e-10,1.34753e-10,1.34753e-10,3.07458e-10,3.05887e-10,0,0,0,0.0109222,0.0468529,0.0229041,0.0239487,,
2801,2153,accepted,1,1.28942e-07,4.50682e-10,1.3472e-10,1.3472e-10,3.07454e-10,3.05887e-10,1.04349,0.0725219,0.968452,0.0138992,0.0478777,0.0227524,0.0251252,,
2802,2154,accepted,1,5.59889e-07,2.25341e-10,1.34672e-10,1.34672e-10,3.07417e-10,3.05887e-10,1.04322,0.0696937,0.971629,0.0144266,0.0453107,0.0230498,0.0222608,,
2803,2154,rejected,1,2.28965e-06,2.25341e-09,1.34672e-10,1.34672e-10,3.07417e-10,3.05887e-10,1.03592,0.0767585,0.955765,0.0111998,0.022392,0.0223917,0,,
2804,2155,accepted,0,2.28965e-06,1.1267e-09,1.34637e-10,1.34637e-10,3.07511e-10,3.05887e-10,0,0,0,0.0126835,0.0448591,0.022347,0.0225121,,
2805,2156,accepted,1,8.27065e-08,5.63352e-10,1.34611e-10,1.34611e-10,3.0751e-10,3.05887e-10,1.06828,0.0723583,0.993656,0.0104326,0.0468596,0.0246484,0.0222112,,
2806,2157,accepted,1,3.58001e-07,2.81676e-10,1.34564e-10,1.34564e-10,3.07487e-10,3.05887e-10,1.03306,0.0680627,0.962322,0.0108876,0.0466167,0.0248755,0.021741,,
2807,2157,rejected,1,1.46746e-06,2.81676e-09,1.34564e-10,1.34564e-10,3.07487e-10,3.05887e-10,1.06072,0.0719768,0.986575,0.0107201,0.0245308,0.0245305,0,,
2808,2158,accepted,0,1.46746e-06,1.40838e-09,1.34545e-10,1.34545e-10,3.07553e-10,3.05887e-10,0,0,0,0.0123092,0.0506533,0.0261575,0.0244957,,
2809,2159,accepted,1,5.33075e-08,7.0419e-10,1.34523e-10,1.34523e-10,3.07555e-10,3.05887e-10,1.10558,0.0726971,1.03088,0.0144904,0.0464994,0.0234211,0.0230782,,
2810,2160,accepted,1,2.29241e-07,3.52095e-10,1.34483e-10,1.34483e-10,3.07542e-10,3.05887e-10,1.10511,0.0746553,1.02825,0.0139127,0.0479065,0.0224402,0.0254663,,
2811,2161,accepted,1,9.39933e-07,1.76048e-10,1.3445e-10,1.3445e-10,3.07495e-10,3.05887e-10,1.06177,0.068447,0.988924,0.0116068,0.0469353,0.0216247,0.0253105,,
2812,2161,rejected,1,3.76936e-06,1.76048e-09,1.3445e-10,1.3445e-10,3.07495e-10,3.05887e-10,1.02554,0.073977,0.949683,0.0110596,0.0218884,0.0218882,0,,
2813,2162,accepted,0,3.76936e-06,8.80238e-10,1.34376e-10,1.34376e-10,3.07623e-10,3.05887e-10,0,0,0,0.01399,0.0479628,0.0256437,0.0223191,,
2814,2163,accepted,1,1.35209e-07,4.40119e-10,1.34343e-10,1.34343e-10,3.07619e-10,3.05887e-10,1.02894,0.0750722,0.950847,0.0113885,0.0478326,0.0252708,0.0225618,,
2815,2164,accepted,1,5.88211e-07,2.2006e-10,1.34295e-10,1.34295e-10,3.07583e-10,3.05887e-10,1.08616,0.0706457,1.01367,0.011621,0.0466491,0.0224306,0.0242184,,
2816,2164,rejected,1,2.40606e-06,2.2006e-09,1.34295e-10,1.34295e-10,3.07583e-10,3.05887e-10,1.04911,0.0693339,0.976902,0.0146368,0.022646,0.0226457,0,,
2817,2165,accepted,0,2.40606e-06,1.1003e-09,1.34258e-10,1.34258e-10,3.0768e-10,3.05887e-10,0,0,0,0.0139574,0.0474412,0.0225219,0.0249192,,
2818,2166,accepted,1,8.67013e-08,5.50149e-10,1.34231e-10,1.34231e-10,3.0768e-10,3.05887e-10,1.06725,0.0715202,0.993689,0.0141777,0.0467595,0.0237233,0.0230362,,
2819,2167,accepted,1,3.76005e-07,2.75074e-10,1.34185e-10,1.34185e-10,3.07658e-10,3.05887e-10,1.07717,0.0693254,1.00504,0.0119342,0.0481851,0.0252293,0.0229556,,
2820,2167,rejected,1,1.54161e-06,2.75074e-09,1.34185e-10,1.34185e-10,3.07658e-10,3.05887e-10,1.03918,0.0750016,0.961894,0.0124309,0.022795,0.0227947,0,,
2821,2168,accepted,0,1.54161e-06,1.37537e-09,1.34164e-10,1.34164e-10,3.07726e-10,3.05887e-10,0,0,0,0.0128116,0.0477806,0.022577,0.0252036,,
2822,2169,accepted,1,5.58765e-08,6.87686e-10,1.34143e-10,1.34143e-10,3.07728e-10,3.05887e-10,1.03146,0.0707065,0.958845,0.0121311,0.0484795,0.0252956,0.0231839,,
2823,2170,accepted,1,2.40701e-07,3.43843e-10,1.34102e-10,1.34102e-10,3.07716e-10,3.05887e-10,1.08186,0.0691684,1.01072,0.0173207,0.048684,0.022524,0.02616,,
2824,2171,accepted,1,9.87193e-07,1.71921e-10,1.34072e-10,1.34072e-10,3.07672e-10,3.05887e-10,1.05615,0.0669899,0.986263,0.0153514,0.0479748,0.0224658,0.0255089,,
2825,2171,rejected,1,3.95842e-06,1.71921e-09,1.34072e-10,1.34072e-10,3.07672e-10,3.05887e-10,1.10608,0.0802954,1.02209,0.0119342,0.023024,0.0230235,0,,
2826,2172,accepted,0,3.95842e-06,8.59607e-10,1.33993e-10,1.33993e-10,3.07802e-10,3.05887e-10,0,0,0,0.0123418,0.0495738,0.0267333,0.0228403,,
2827,2173,accepted,1,1.41678e-07,4.29804e-10,1.33959e-10,1.33959e-10,3.07798e-10,3.05887e-10,1.09319,0.0709643,1.01878,0.0120855,0.0465093,0.0223245,0.0241846,,
2828,2174,accepted,1,6.17458e-07,2.14902e-10,1.33913e-10,1.33913e-10,3.07765e-10,3.05887e-10,1.093,0.0758927,1.01471,0.0113679,0.0523538,0.0276781,0.0246756,,
2829,2174,rejected,1,2.52603e-06,2.14902e-09,1.33913e-10,1.33913e-10,3.07765e-10,3.05887e-10,1.05603,0.0758052,0.977393,0.0130085,0.0230683,0.0230681,0,,
2830,2175,accepted,0,2.52603e-06,1.07451e-09,1.33874e-10,1.33874e-10,3.07863e-10,3.05887e-10,0,0,0,0.0111565,0.0462865,0.0232017,0.0230846,,
2831,2176,accepted,1,9.08209e-08,5.37255e-10,1.33846e-10,1.33846e-10,3.07864e-10,3.05887e-10,1.04146,0.0700206,0.969259,0.0116737,0.0479756,0.0251476,0.0228279,,
2832,2177,accepted,1,3.94556e-07,2.68627e-10,1.338e-10,1.338e-10,3.07843e-10,3.05887e-10,1.05977,0.0698854,0.987467,0.011668,0.0473605,0.024872,0.0224885,,
2833,2177,rejected,1,1.61794e-06,2.68627e-09,1.338e-10,1.338e-10,3.07843e-10,3.05887e-10,1.06483,0.0713241,0.991345,0.0108613,0.0235292,0.0235289,0,,
2834,2178,accepted,0,1.61794e-06,1.34314e-09,1.33779e-10,1.33779e-10,3.07913e-10,3.05887e-10,0,0,0,0.012583,0.0480703,0.0252308,0.0228393,,
2835,2179,accepted,1,5.85219e-08,6.71568e-10,1.33756e-10,1.33756e-10,3.07916e-10,3.05887e-10,1.06244,0.0735515,0.985884,0.0133572,0.0453656,0.0233789,0.0219867,,
2836,2180,accepted,1,2.52497e-07,3.35784e-10,1.33716e-10,1.33716e-10,3.07906e-10,3.05887e-10,1.08828,0.0761088,1.00927,0.0167187,0.0486915,0.0232376,0.0254539,,
2837,2181,accepted,1,1.03581e-06,1.67892e-10,1.33689e-10,1.33689e-10,3.07866e-10,3.05887e-10,1.07847,0.0751468,1.0013,0.0128738,0.0475315,0.0256225,0.021909,,
2838,2181,rejected,1,4.15317e-06,1.67892e-09,1.33689e-10,1.33689e-10,3.07866e-10,3.05887e-10,1.05767,0.0714075,0.984448,0.0122126,0.0250827,0.0250825,0,,
2839,2182,accepted,0,4.15317e-06,8.3946e-10,1.33605e-10,1.33605e-10,3.07997e-10,3.05887e-10,0,0,0,0.0107169,0.048313,0.0259331,0.0223798,,
2840,2183,accepted,1,1.48317e-07,4.1973e-10,1.33571e-10,1.33571e-10,3.07994e-10,3.05887e-10,1.13414,0.0848196,1.0461,0.0117964,0.0454117,0.0230551,0.0223564,,
2841,2184,accepted,1,6.47504e-07,2.09865e-10,1.33525e-10,1.33525e-10,3.07963e-10,3.05887e-10,1.09159,0.0765216,1.0124,0.0141512,0.0490651,0.0229106,0.0261544,,
2842,2184,rejected,1,2.64927e-06,2.09865e-09,1.33525e-10,1.33525e-10,3.07963e-10,3.05887e-10,1.07399,0.0776744,0.993578,0.0115533,0.0250833,0.025083,0,,
2843,2185,accepted,0,2.64927e-06,1.04933e-09,1.33484e-10,1.33484e-10,3.08064e-10,3.05887e-10,0,0,0,0.0117834,0.0481151,0.0255062,0.0226088,,
2844,2186,accepted,1,9.50512e-08,5.24663e-10,1.33456e-10,1.33456e-10,3.08065e-10,3.05887e-10,1.10404,0.0789977,1.02229,0.0117026,0.046541,0.0241392,0.0224017,,
2845,2187,accepted,1,4.13609e-07,2.62331e-10,1.33409e-10,1.33409e-10,3.08046e-10,3.05887e-10,1.11043,0.077567,1.03059,0.0116712,0.0505047,0.026163,0.0243416,,
2846,2187,rejected,1,1.69636e-06,2.62331e-09,1.33409e-10,1.33409e-10,3.08046e-10,3.05887e-10,1.0776,0.0720122,1.00277,0.0111899,0.0231559,0.0231558,0,,
2847,2188,accepted,0,1.69636e-06,1.31166e-09,1.33387e-10,1.33387e-10,3.08118e-10,3.05887e-10,0,0,0,0.0125569,0.0480185,0.0223295,0.025689,,
2848,2189,accepted,1,6.12341e-08,6.55828e-10,1.33365e-10,1.33365e-10,3.08121e-10,3.05887e-10,1.07088,0.0737252,0.994626,0.0125143,0.0471295,0.0249526,0.0221767,,
2849,2190,accepted,1,2.64607e-07,3.27914e-10,1.33324e-10,1.33324e-10,3.08112e-10,3.05887e-10,1.09436,0.0764695,1.01433,0.0130962,0.0477592,0.0253123,0.0224468,,
2850,2191,accepted,1,1.0857e-06,1.63957e-10,1.333e-10,1.333e-10,3.08076e-10,3.05887e-10,1.05282,0.0733719,0.976271,0.0138965,0.0463401,0.0223938,0.0239461,,
2851,2191,rejected,1,4.3529e-06,1.63957e-09,1.333e-10,1.333e-10,3.08076e-10,3.05887e-10,1.05903,0.0730143,0.983525,0.0103501,0.0223813,0.0223812,0,,
2852,2192,accepted,0,4.3529e-06,8.19786e-10,1.33211e-10,1.33211e-10,3.08208e-10,3.05887e-10,0,0,0,0.014601,0.0473006,0.0224141,0.0248865,,
2853,2193,accepted,1,1.55127e-07,4.09893e-10,1.33176e-10,1.33176e-10,3.08207e-10,3.05887e-10,1.00747,0.0655019,0.940074,0.0114731,0.0458621,0.0232128,0.0226491,,
2854,2194,accepted,1,6.78305e-07,2.04946e-10,1.33131e-10,1.33131e-10,3.08178e-10,3.05887e-10,1.07445,0.0737405,0.998646,0.0117974,0.0465119,0.0224108,0.0241011,,
2855,2194,rejected,1,2.77562e-06,2.04946e-09,1.33131e-10,1.33131e-10,3.08178e-10,3.05887e-10,1.06618,0.0762405,0.987643,0.0152267,0.0262577,0.0262577,0,,
2856,2195,accepted,0,2.77562e-06,1.02473e-09,1.33088e-10,1.33088e-10,3.08281e-10,3.05887e-10,0,0,0,0.0122992,0.0479766,0.0256757,0.0223007,,
2857,2196,accepted,1,9.93785e-08,5.12366e-10,1.3306e-10,1.3306e-10,3.08284e-10,3.05887e-10,1.07011,0.073715,0.994573,0.0115066,0.0501859,0.0260159,0.02417,,
2858,2197,accepted,1,4.33094e-07,2.56183e-10,1.33013e-10,1.33013e-10,3.08266e-10,3.05887e-10,1.05598,0.0754279,0.978781,0.0108844,0.0492568,0.0265542,0.0227026,,
2859,2197,rejected,1,1.7766e-06,2.56183e-09,1.33013e-10,1.33013e-10,3.08266e-10,3.05887e-10,1.1065,0.0725993,1.03075,0.0144557,0.0224255,0.0224253,0,,
2860,2198,accepted,0,1.7766e-06,1.28091e-09,1.3299e-10,1.3299e-10,3.0834e-10,3.05887e-10,0,0,0,0.0154303,0.0473826,0.022556,0.0248266,,
2861,2199,accepted,1,6.40038e-08,6.40457e-10,1.32967e-10,1.32967e-10,3.08344e-10,3.05887e-10,1.05801,0.0760018,0.979674,0.0148899,0.0454081,0.0231391,0.0222689,,
2862,2200,accepted,1,2.76982e-07,3.20229e-10,1.32926e-10,1.32926e-10,3.08336e-10,3.05887e-10,1.08925,0.0801373,1.0066,0.0119727,0.0474922,0.0248988,0.0225933,,
2863,2201,accepted,1,1.13675e-06,1.60114e-10,1.32907e-10,1.32907e-10,3.08305e-10,3.05887e-10,1.03882,0.072317,0.962313,0.0142252,0.0481863,0.0251136,0.0230725,,
2864,2201,rejected,1,4.55718e-06,1.60114e-09,1.32907e-10,1.32907e-10,3.08305e-10,3.05887e-10,1.0798,0.0745147,1.00356,0.0116841,0.0254005,0.0254002,0,,
2865,2202,accepted,0,4.55718e-06,8.00572e-10,1.32811e-10,1.32811e-10,3.08439e-10,3.05887e-10,0,0,0,0.0130808,0.0474876,0.0238813,0.0236062,,
2866,2203,accepted,1,1.62082e-07,4.00286e-10,1.32777e-10,1.32777e-10,3.08438e-10,3.05887e-10,1.05405,0.0769076,0.975054,0.0115276,0.0473728,0.0250874,0.0222853,,
2867,2204,accepted,1,7.09758e-07,2.00143e-10,1.32733e-10,1.32733e-10,3.08412e-10,3.05887e-10,1.06981,0.0727099,0.995302,0.0145177,0.0460513,0.022765,0.0232862,,
2868,2204,rejected,1,2.90473e-06,2.00143e-09,1.32733e-10,1.32733e-10,3.08412e-10,3.05887e-10,1.05639,0.0825507,0.971622,0.0147339,0.0231327,0.0231324,0,,
2869,2205,accepted,0,2.90473e-06,1.00071e-09,1.32687e-10,1.32687e-10,3.08517e-10,3.05887e-10,0,0,0,0.0115261,0.0466293,0.0245642,0.0220649,,
2870,2206,accepted,1,1.03792e-07,5.00357e-10,1.32659e-10,1.32659e-10,3.08521e-10,3.05887e-10,1.07458,0.071886,0.99782,0.0118567,0.0455475,0.0221458,0.0234016,,
2871,2207,accepted,1,4.52993e-07,2.50179e-10,1.32612e-10,1.32612e-10,3.08504e-10,3.05887e-10,1.07536,0.0756046,0.997002,0.0119314,0.0482313,0.0263208,0.0219105,,
2872,2207,rejected,1,1.85852e-06,2.50179e-09,1.32612e-10,1.32612e-10,3.08504e-10,3.05887e-10,1.12426,0.0758899,1.04535,0.0146227,0.0222981,0.0222978,0,,
2873,2208,accepted,0,1.85852e-06,1.25089e-09,1.32588e-10,1.32588e-10,3.08581e-10,3.05887e-10,0,0,0,0.015413,0.0491101,0.0235382,0.0255717,,
2874,2209,accepted,1,6.68269e-08,6.25447e-10,1.32565e-10,1.32565e-10,3.08586e-10,3.05887e-10,1.06221,0.0789578,0.980412,0.0110015,0.0480405,0.023711,0.0243295,,
2875,2210,accepted,1,2.89601e-07,3.12723e-10,1.32523e-10,1.32523e-10,3.08579e-10,3.05887e-10,1.09607,0.0749365,1.01877,0.0118142,0.0450911,0.0223314,0.0227596,,
2876,2211,accepted,1,1.18871e-06,1.56362e-10,1.32509e-10,1.32509e-10,3.08554e-10,3.05887e-10,1.11033,0.075882,1.03218,0.0115141,0.0474008,0.025166,0.0222346,,
2877,2211,rejected,1,4.76536e-06,1.56362e-09,1.32509e-10,1.32509e-10,3.08554e-10,3.05887e-10,1.06793,0.0815314,0.983888,0.0115106,0.0250965,0.0250962,0,,
2878,2212,accepted,0,4.76536e-06,7.81808e-10,1.32407e-10,1.32407e-10,3.08688e-10,3.05887e-10,0,0,0,0.0123653,0.0477457,0.0252388,0.0225068,,
2879,2213,accepted,1,1.69161e-07,3.90904e-10,1.32371e-10,1.32371e-10,3.08689e-10,3.05887e-10,1.0412,0.0723788,0.96489,0.0123834,0.0471521,0.0224672,0.0246849,,
2880,2214,accepted,1,7.41774e-07,1.95452e-10,1.32329e-10,1.32329e-10,3.08665e-10,3.05887e-10,1.05532,0.068364,0.983657,0.012165,0.0450536,0.022513,0.0225405,,
2881,2214,rejected,1,3.03592e-06,1.95452e-09,1.32329e-10,1.32329e-10,3.08665e-10,3.05887e-10,1.03811,0.0724527,0.963292,0.0116989,0.0248949,0.0248946,0,,
2882,2215,accepted,0,3.03592e-06,9.77261e-10,1.32281e-10,1.32281e-10,3.08773e-10,3.05887e-10,0,0,0,0.0110991,0.0470791,0.0247901,0.022289,,
2883,2216,accepted,1,1.08277e-07,4.8863e-10,1.32252e-10,1.32252e-10,3.08778e-10,3.05887e-10,1.02917,0.0731349,0.954182,0.0147064,0.0456592,0.0231515,0.0225077,,
2884,2217,accepted,1,4.73213e-07,2.44315e-10,1.32206e-10,1.32206e-10,3.08763e-10,3.05887e-10,1.01982,0.0712018,0.945571,0.0146945,0.0481173,0.023446,0.0246713,,
2885,2217,rejected,1,1.94166e-06,2.44315e-09,1.32206e-10,1.32206e-10,3.08763e-10,3.05887e-10,1.08605,0.0681793,1.01619,0.010615,0.0236857,0.0236855,0,,
2886,2218,accepted,0,1.94166e-06,1.22158e-09,1.3218e-10,1.3218e-10,3.08842e-10,3.05887e-10,0,0,0,0.0123611,0.0477323,0.025379,0.0223533,,
2887,2219,accepted,1,6.96935e-08,6.10788e-10,1.32157e-10,1.32157e-10,3.08848e-10,3.05887e-10,1.06761,0.071122,0.994228,0.0112368,0.0480461,0.0248005,0.0232455,,
2888,2220,accepted,1,3.02402e-07,3.05394e-10,1.32115e-10,1.32115e-10,3.08843e-10,3.05887e-10,1.07687,0.0752281,0.999208,0.0141039,0.0454835,0.0231165,0.0223668,,
2889,2221,accepted,1,1.24149e-06,1.52697e-10,1.32106e-10,1.32106e-10,3.08823e-10,3.05887e-10,1.1584,0.0791555,1.0766,0.01164,0.0498558,0.0276247,0.0222311,,
2890,2221,rejected,1,4.97621e-06,1.52697e-09,1.32106e-10,1.32106e-10,3.08823e-10,3.05887e-10,1.15476,0.0859638,1.06591,0.0177141,0.0234479,0.0234475,0,,
2891,2222,accepted,0,4.97621e-06,7.63485e-10,1.31996e-10,1.31996e-10,3.08959e-10,3.05887e-10,0,0,0,0.013121,0.0494116,0.0225435,0.0268681,,
2892,2223,accepted,1,1.76339e-07,3.81742e-10,1.31961e-10,1.31961e-10,3.08962e-10,3.05887e-10,1.11996,0.0704573,1.04767,0.0117857,0.0502891,0.0274993,0.0227897,,
2893,2224,accepted,1,7.74243e-07,1.90871e-10,1.3192e-10,1.3192e-10,3.0894e-10,3.05887e-10,1.08816,0.071921,1.01371,0.0113815,0.0465788,0.0235854,0.0229934,,
2894,2224,rejected,1,3.16883e-06,1.90871e-09,1.3192e-10,1.3192e-10,3.0894e-10,3.05887e-10,1.10057,0.0687942,1.02916,0.0113847,0.0247573,0.024757,0,,
2895,2225,accepted,0,3.16883e-06,9.54356e-10,1.31869e-10,1.31869e-10,3.09051e-10,3.05887e-10,0,0,0,0.0105201,0.0470665,0.0241031,0.0229632,,
2896,2226,accepted,1,1.12817e-07,4.77178e-10,1.31839e-10,1.31839e-10,3.09057e-10,3.05887e-10,1.04727,0.0756855,0.969283,0.0122657,0.0482927,0.023316,0.0249767,,
2897,2227,accepted,1,4.93669e-07,2.38589e-10,1.31794e-10,1.31794e-10,3.09044e-10,3.05887e-10,1.07698,0.0686638,1.00658,0.012233,0.046536,0.0239204,0.0226155,,
2898,2227,rejected,1,2.02574e-06,2.38589e-09,1.31794e-10,1.31794e-10,3.09044e-10,3.05887e-10,1.06566,0.0772573,0.986121,0.0118936,0.0229576,0.0229574,0,,
2899,2228,accepted,0,2.02574e-06,1.19295e-09,1.31767e-10,1.31767e-10,3.09126e-10,3.05887e-10,0,0,0,0.011976,0.046167,0.0229431,0.0232238,,
2900,2229,accepted,1,7.25898e-08,5.96473e-10,1.31743e-10,1.31743e-10,3.09133e-10,3.05887e-10,1.03188,0.0733361,0.956089,0.0154436,0.0470719,0.022829,0.0242428,,
2901,2230,accepted,1,3.15354e-07,2.98236e-10,1.31701e-10,1.31701e-10,3.09129e-10,3.05887e-10,1.04694,0.0660989,0.978798,0.0106931,0.0481695,0.0249311,0.0232384,,
2902,2231,accepted,1,1.2948e-06,1.49118e-10,1.31698e-10,1.31698e-10,3.09115e-10,3.05887e-10,1.06027,0.0765213,0.981894,0.011357,0.0480013,0.0251511,0.02285,,
2903,2231,rejected,1,5.18992e-06,1.49118e-09,1.31698e-10,1.31698e-10,3.09115e-10,3.05887e-10,1.09016,0.0669999,1.02005,0.0116657,0.0243899,0.0243896,0,,
2904,2232,accepted,0,5.18992e-06,7.45591e-10,1.31581e-10,1.31581e-10,3.09253e-10,3.05887e-10,0,0,0,0.0108395,0.0462988,0.0228085,0.0234901,,
2905,2233,accepted,1,1.8357e-07,3.72795e-10,1.31545e-10,1.31545e-10,3.09256e-10,3.05887e-10,1.10913,0.0721268,1.03508,0.0133107,0.0483374,0.0273136,0.0210238,,
2906,2234,accepted,1,8.06979e-07,1.86398e-10,1.31506e-10,1.31506e-10,3.09238e-10,3.05887e-10,1.11648,0.0737368,1.04053,0.0155323,0.0460299,0.0232736,0.0227563,,
2907,2234,rejected,1,3.303e-06,1.86398e-09,1.31506e-10,1.31506e-10,3.09238e-10,3.05887e-10,1.11018,0.0785533,1.02833,0.0115513,0.0229814,0.0229811,0,,
2908,2235,accepted,0,3.303e-06,9.31988e-10,1.31451e-10,1.31451e-10,3.09352e-10,3.05887e-10,0,0,0,0.0113366,0.045233,0.0226043,0.0226287,,
2909,2236,accepted,1,1.17386e-07,4.65994e-10,1.31422e-10,1.31422e-10,3.09359e-10,3.05887e-10,1.09837,0.0708852,1.02296,0.0125219,0.0479213,0.0226457,0.0252756,,
2910,2237,accepted,1,5.14284e-07,2.32997e-10,1.31377e-10,1.31377e-10,3.09348e-10,3.05887e-10,1.08124,0.0750709,1.00334,0.0128262,0.0478426,0.026141,0.0217015,,
2911,2237,rejected,1,2.11048e-06,2.32997e-09,1.31377e-10,1.31377e-10,3.09348e-10,3.05887e-10,1.08704,0.0762116,1.00907,0.0103896,0.0261609,0.0261607,0,,
2912,2238,accepted,0,2.11048e-06,1.16499e-09,1.31348e-10,1.31348e-10,3.09433e-10,3.05887e-10,0,0,0,0.0104795,0.0492512,0.0263626,0.0228885,,
2913,2239,accepted,1,7.54991e-08,5.82493e-10,1.31324e-10,1.31324e-10,3.09441e-10,3.05887e-10,1.10607,0.0794887,1.02444,0.0121129,0.0481657,0.0249533,0.0232124,,
2914,2240,accepted,1,3.28363e-07,2.91246e-10,1.31282e-10,1.31282e-10,3.09438e-10,3.05887e-10,1.09879,0.0721643,1.02476,0.0108928,0.0465858,0.0232559,0.0233299,,
2915,2240,rejected,1,1.34832e-06,2.91246e-09,1.31282e-10,1.31282e-10,3.09438e-10,3.05887e-10,1.12062,0.0742846,1.04317,0.0145921,0.0271016,0.0271013,0,,
2916,2241,accepted,0,1.34832e-06,1.45623e-09,1.31266e-10,1.31266e-10,3.09497e-10,3.05887e-10,0,0,0,0.0239614,0.0486729,0.0243902,0.0242826,,
2917,2242,accepted,1,4.86064e-08,7.28116e-10,1.31247e-10,1.31247e-10,3.09506e-10,3.05887e-10,1.0851,0.0791101,1.00384,0.0148073,0.0446509,0.0223841,0.0222668,,
2918,2243,accepted,1,2.09777e-07,3.64058e-10,1.31211e-10,1.31211e-10,3.09509e-10,3.05887e-10,1.06015,0.0682348,0.989679,0.0147681,0.044757,0.0217534,0.0230035,,
2919,2244,accepted,1,8.61292e-07,1.82029e-10,1.31174e-10,1.31174e-10,3.09493e-10,3.05887e-10,1.06692,0.0694953,0.995269,0.0111763,0.0470778,0.0223404,0.0247373,,
2920,2244,rejected,1,3.46071e-06,1.82029e-09,1.31174e-10,1.31174e-10,3.09493e-10,3.05887e-10,1.07098,0.0718675,0.997013,0.0109925,0.0223447,0.0223444,0,,
2921,2245,accepted,0,3.46071e-06,9.10145e-10,1.31115e-10,1.31115e-10,3.0961e-10,3.05887e-10,0,0,0,0.014613,0.0469974,0.0245122,0.0224851,,
2922,2246,accepted,1,1.22938e-07,4.55072e-10,1.31086e-10,1.31086e-10,3.09617e-10,3.05887e-10,1.08231,0.0781235,1.00125,0.0124258,0.049223,0.0249142,0.0243086,,
2923,2247,accepted,1,5.36774e-07,2.27536e-10,1.31041e-10,1.31041e-10,3.09608e-10,3.05887e-10,1.12352,0.0737064,1.0475,0.0107807,0.0472749,0.0241277,0.0231471,,
2924,2247,rejected,1,2.19906e-06,2.27536e-09,1.31041e-10,1.31041e-10,3.09608e-10,3.05887e-10,1.11992,0.070336,1.04707,0.0151379,0.0227923,0.0227921,0,,
2925,2248,accepted,0,2.19906e-06,1.13768e-09,1.31011e-10,1.31011e-10,3.09696e-10,3.05887e-10,0,0,0,0.0150757,0.0464874,0.0224116,0.0240757,,
2926,2249,accepted,1,7.86068e-08,5.68841e-10,1.30987e-10,1.30987e-10,3.09705e-10,3.05887e-10,1.08148,0.0703477,1.00934,0.0119056,0.0470622,0.0247541,0.0223081,,
2927,2250,accepted,1,3.41954e-07,2.8442e-10,1.30944e-10,1.30944e-10,3.09703e-10,3.05887e-10,1.07928,0.0780279,0.998648,0.0134008,0.0468277,0.0230682,0.0237595,,
2928,2250,rejected,1,1.40386e-06,2.8442e-09,1.30944e-10,1.30944e-10,3.09703e-10,3.05887e-10,1.04415,0.0682,0.973506,0.0123137,0.0256886,0.0256883,0,,
2929,2251,accepted,0,1.40386e-06,1.4221e-09,1.30927e-10,1.30927e-10,3.09765e-10,3.05887e-10,0,0,0,0.011669,0.0456151,0.0232971,0.0223179,,
2930,2252,accepted,1,5.05577e-08,7.11051e-10,1.30908e-10,1.30908e-10,3.09774e-10,3.05887e-10,1.02208,0.0736501,0.946249,0.012076,0.0480135,0.0258029,0.0222105,,
2931,2253,accepted,1,2.18355e-07,3.55525e-10,1.30871e-10,1.30871e-10,3.09778e-10,3.05887e-10,1.05127,0.0765538,0.972883,0.0114363,0.0467542,0.0225412,0.024213,,
2932,2254,accepted,1,8.9657e-07,1.77763e-10,1.30837e-10,1.30837e-10,3.09765e-10,3.05887e-10,1.09508,0.0780688,1.01423,0.0121135,0.0469205,0.0246551,0.0222653,,
2933,2254,rejected,1,3.6025e-06,1.77763e-09,1.30837e-10,1.30837e-10,3.09765e-10,3.05887e-10,1.08296,0.0743354,1.00537,0.0148777,0.0227181,0.0227178,0,,
2934,2255,accepted,0,3.6025e-06,8.88813e-10,1.30775e-10,1.30775e-10,3.09885e-10,3.05887e-10,0,0,0,0.0130923,0.0457995,0.0223369,0.0234625,,
2935,2256,accepted,1,1.27802e-07,4.44407e-10,1.30744e-10,1.30744e-10,3.09894e-10,3.05887e-10,1.12113,0.0753312,1.04283,0.0150143,0.0470741,0.0241827,0.0228914,,
2936,2257,accepted,1,5.58567e-07,2.22203e-10,1.307e-10,1.307e-10,3.09886e-10,3.05887e-10,1.06419,0.0775035,0.984642,0.0109603,0.0464192,0.0241347,0.0222845,,
2937,2257,rejected,1,2.28848e-06,2.22203e-09,1.307e-10,1.307e-10,3.09886e-10,3.05887e-10,1.10596,0.0749813,1.02882,0.011456,0.0249022,0.0249019,0,,
2938,2258,accepted,0,2.28848e-06,1.11102e-09,1.30668e-10,1.30668e-10,3.09977e-10,3.05887e-10,0,0,0,0.0117137,0.0486251,0.0263756,0.0222494,,
2939,2259,accepted,1,8.17001e-08,5.55508e-10,1.30644e-10,1.30644e-10,3.09987e-10,3.05887e-10,1.10427,0.0800736,1.02126,0.0123518,0.049275,0.0264823,0.0227926,,
2940,2260,accepted,1,3.55726e-07,2.77754e-10,1.30601e-10,1.30601e-10,3.09987e-10,3.05887e-10,1.10723,0.0744504,1.03096,0.0107372,0.0483278,0.0260428,0.022285,,
2941,2260,rejected,1,1.46055e-06,2.77754e-09,1.30601e-10,1.30601e-10,3.09987e-10,3.05887e-10,1.08494,0.0743228,1.00863,0.0116567,0.0252544,0.0252542,0,,
2942,2261,accepted,0,1.46055e-06,1.38877e-09,1.30584e-10,1.30584e-10,3.10051e-10,3.05887e-10,0,0,0,0.0112215,0.0465225,0.0232724,0.0232501,,
2943,2262,accepted,1,5.25334e-08,6.94385e-10,1.30564e-10,1.30564e-10,3.10061e-10,3.05887e-10,1.08876,0.0767845,1.00966,0.0115682,0.0469185,0.0220459,0.0248726,,
2944,2263,accepted,1,2.27087e-07,3.47193e-10,1.30527e-10,1.30527e-10,3.10066e-10,3.05887e-10,1.07264,0.0747349,0.995735,0.0108068,0.0475263,0.0223656,0.0251607,,
2945,2264,accepted,1,9.32472e-07,1.73596e-10,1.30496e-10,1.30496e-10,3.10056e-10,3.05887e-10,1.05604,0.0660439,0.988174,0.0114637,0.0473646,0.022408,0.0249565,,
2946,2264,rejected,1,3.74699e-06,1.73596e-09,1.30496e-10,1.30496e-10,3.10056e-10,3.05887e-10,1.06414,0.0722647,0.989388,0.0112976,0.0245657,0.0245655,0,,
2947,2265,accepted,0,3.74699e-06,8.67982e-10,1.30429e-10,1.30429e-10,3.1018e-10,3.05887e-10,0,0,0,0.0117522,0.0461043,0.0226904,0.0234137,,
2948,2266,accepted,1,1.3274e-07,4.33991e-10,1.30398e-10,1.30398e-10,3.10189e-10,3.05887e-10,1.04587,0.0703083,0.973583,0.0146337,0.0477226,0.0231338,0.0245888,,
2949,2267,accepted,1,5.80672e-07,2.16995e-10,1.30354e-10,1.30354e-10,3.10184e-10,3.05887e-10,1.05836,0.0780768,0.977801,0.0132512,0.0477658,0.0231854,0.0245803,,
2950,2267,rejected,1,2.37918e-06,2.16995e-09,1.30354e-10,1.30354e-10,3.10184e-10,3.05887e-10,1.04203,0.0769712,0.963003,0.0116926,0.0216306,0.0216303,0,,
2951,2268,accepted,0,2.37918e-06,1.08498e-09,1.30321e-10,1.30321e-10,3.10278e-10,3.05887e-10,0,0,0,0.0116512,0.0462981,0.0231936,0.0231043,,
2952,2269,accepted,1,8.48292e-08,5.42489e-10,1.30296e-10,1.30296e-10,3.10289e-10,3.05887e-10,1.04455,0.0713447,0.971284,0.0118508,0.0497099,0.022894,0.0268159,,
2953,2270,accepted,1,3.6969e-07,2.71244e-10,1.30253e-10,1.30253e-10,3.1029e-10,3.05887e-10,1.05532,0.0750642,0.977173,0.0121499,0.0485768,0.0223704,0.0262062,,
2954,2270,rejected,1,1.51798e-06,2.71244e-09,1.30253e-10,1.30253e-10,3.1029e-10,3.05887e-10,1.07351,0.0712142,0.999657,0.0123264,0.0269815,0.0269813,0,,
2955,2271,accepted,0,1.51798e-06,1.35622e-09,1.30235e-10,1.30235e-10,3.10357e-10,3.05887e-10,0,0,0,0.0112523,0.0483179,0.0253863,0.0229316,,
2956,2272,accepted,1,5.45287e-08,6.78111e-10,1.30215e-10,1.30215e-10,3.10367e-10,3.05887e-10,1.11604,0.0767319,1.03737,0.0165521,0.0494129,0.0229495,0.0264634,,
2957,2273,accepted,1,2.3591e-07,3.39055e-10,1.30178e-10,1.30178e-10,3.10374e-10,3.05887e-10,1.12785,0.0794818,1.04614,0.0124453,0.046611,0.0251587,0.0214521,,
2958,2274,accepted,1,9.68869e-07,1.69528e-10,1.30149e-10,1.30149e-10,3.10367e-10,3.05887e-10,1.1325,0.0780282,1.05133,0.01538,0.0484181,0.0261669,0.0222511,,
2959,2274,rejected,1,3.89242e-06,1.69528e-09,1.30149e-10,1.30149e-10,3.10367e-10,3.05887e-10,1.15615,0.0814361,1.07279,0.0146483,0.0230378,0.0230376,0,,
2960,2275,accepted,0,3.89242e-06,8.47638e-10,1.30078e-10,1.30078e-10,3.10494e-10,3.05887e-10,0,0,0,0.0157249,0.0460368,0.0229536,0.023083,,
2961,2276,accepted,1,1.37724e-07,4.23819e-10,1.30047e-10,1.30047e-10,3.10505e-10,3.05887e-10,1.11794,0.0753372,1.04,0.0127758,0.0469236,0.0253774,0.0215461,,
2962,2277,accepted,1,6.03014e-07,2.1191e-10,1.30004e-10,1.30004e-10,3.10501e-10,3.05887e-10,1.07084,0.0781601,0.989787,0.0149465,0.0479016,0.0236233,0.0242783,,
2963,2277,rejected,1,2.47062e-06,2.1191e-09,1.30004e-10,1.30004e-10,3.10501e-10,3.05887e-10,1.04632,0.0671818,0.976245,0.012787,0.0256069,0.0256066,0,,
2964,2278,accepted,0,2.47062e-06,1.05955e-09,1.29969e-10,1.29969e-10,3.10599e-10,3.05887e-10,0,0,0,0.0123758,0.0471389,0.0248342,0.0223045,,
2965,2279,accepted,1,8.79751e-08,5.29774e-10,1.29944e-10,1.29944e-10,3.10611e-10,3.05887e-10,1.10875,0.0756061,1.0312,0.0115169,0.0477979,0.0254507,0.0223471,,
2966,2280,accepted,1,3.83739e-07,2.64887e-10,1.29901e-10,1.29901e-10,3.10613e-10,3.05887e-10,1.04943,0.0651844,0.982358,0.0105135,0.0466593,0.0234275,0.0232317,,
2967,2280,rejected,1,1.57568e-06,2.64887e-09,1.29901e-10,1.29901e-10,3.10613e-10,3.05887e-10,1.04785,0.0739343,0.971891,0.0158585,0.0230324,0.0230322,0,,
2968,2281,accepted,0,1.57568e-06,1.32444e-09,1.29882e-10,1.29882e-10,3.10683e-10,3.05887e-10,0,0,0,0.0160811,0.0458072,0.0224686,0.0233386,,
2969,2282,accepted,1,5.65331e-08,6.62218e-10,1.29861e-10,1.29861e-10,3.10695e-10,3.05887e-10,1.0976,0.0698399,1.02542,0.017619,0.0495828,0.0231545,0.0264282,,
2970,2283,accepted,1,2.44795e-07,3.31109e-10,1.29824e-10,1.29824e-10,3.10703e-10,3.05887e-10,1.10948,0.0717476,1.03511,0.0116533,0.0482778,0.0250292,0.0232486,,
2971,2284,accepted,1,1.00541e-06,1.65554e-10,1.29798e-10,1.29798e-10,3.10699e-10,3.05887e-10,1.06268,0.0752866,0.985619,0.0108611,0.0481423,0.0258258,0.0223164,,
2972,2284,rejected,1,4.03893e-06,1.65554e-09,1.29798e-10,1.29798e-10,3.10699e-10,3.05887e-10,1.11455,0.0791251,1.03337,0.0111114,0.0262242,0.026224,0,,
2973,2285,accepted,0,4.03893e-06,8.27772e-10,1.29722e-10,1.29722e-10,3.10831e-10,3.05887e-10,0,0,0,0.0121644,0.0516983,0.0268804,0.0248179,,
2974,2286,accepted,1,1.42716e-07,4.13886e-10,1.29691e-10,1.29691e-10,3.10843e-10,3.05887e-10,1.06087,0.0684016,0.990616,0.0123449,0.0487382,0.026332,0.0224061,,
2975,2287,accepted,1,6.25391e-07,2.06943e-10,1.29649e-10,1.29649e-10,3.10841e-10,3.05887e-10,1.07836,0.0748666,1.0013,0.0119254,0.0463272,0.0232073,0.0231198,,
2976,2287,rejected,1,2.5624e-06,2.06943e-09,1.29649e-10,1.29649e-10,3.10841e-10,3.05887e-10,1.10035,0.0754599,1.02305,0.0112974,0.0229062,0.0229059,0,,
2977,2288,accepted,0,2.5624e-06,1.03471e-09,1.29612e-10,1.29612e-10,3.10942e-10,3.05887e-10,0,0,0,0.0122417,0.0464167,0.0221235,0.0242932,,
2978,2289,accepted,1,9.11206e-08,5.17357e-10,1.29586e-10,1.29586e-10,3.10955e-10,3.05887e-10,1.06861,0.0764709,0.990276,0.0119023,0.0460424,0.0235625,0.0224798,,
2979,2290,accepted,1,3.97798e-07,2.58679e-10,1.29543e-10,1.29543e-10,3.10959e-10,3.05887e-10,1.05545,0.0752649,0.978009,0.0117696,0.0459273,0.0231842,0.022743,,
2980,2290,rejected,1,1.63357e-06,2.58679e-09,1.29543e-10,1.29543e-10,3.10959e-10,3.05887e-10,1.04361,0.0753987,0.965768,0.0152721,0.0229224,0.0229222,0,,
2981,2291,accepted,0,1.63357e-06,1.29339e-09,1.29523e-10,1.29523e-10,3.11032e-10,3.05887e-10,0,0,0,0.0169398,0.0486255,0.0233755,0.0252499,,
2982,2292,accepted,1,5.85335e-08,6.46697e-10,1.29503e-10,1.29503e-10,3.11045e-10,3.05887e-10,1.10498,0.0798026,1.02262,0.0136016,0.0455359,0.0223201,0.0232157,,
2983,2293,accepted,1,2.5367e-07,3.23348e-10,1.29465e-10,1.29465e-10,3.11054e-10,3.05887e-10,1.09225,0.0759247,1.01392,0.0127872,0.0458548,0.0223157,0.0235389,,
2984,2294,accepted,1,1.04192e-06,1.61674e-10,1.29443e-10,1.29443e-10,3.11054e-10,3.05887e-10,1.10072,0.0727001,1.02567,0.0147556,0.0469822,0.0221827,0.0247994,,
2985,2294,rejected,1,4.18534e-06,1.61674e-09,1.29443e-10,1.29443e-10,3.11054e-10,3.05887e-10,1.07023,0.0731565,0.994198,0.0116303,0.0240049,0.0240046,0,,
2986,2295,accepted,0,4.18534e-06,8.08371e-10,1.29362e-10,1.29362e-10,3.1119e-10,3.05887e-10,0,0,0,0.0115546,0.0485878,0.0227306,0.0258571,,
2987,2296,accepted,1,1.47701e-07,4.04186e-10,1.2933e-10,1.2933e-10,3.11203e-10,3.05887e-10,1.08994,0.0764312,1.01123,0.0156438,0.0486066,0.0223196,0.0262869,,
2988,2297,accepted,1,6.47769e-07,2.02093e-10,1.29289e-10,1.29289e-10,3.11203e-10,3.05887e-10,1.10039,0.0767789,1.02174,0.0117157,0.0488162,0.0233271,0.025489,,
2989,2297,rejected,1,2.65401e-06,2.02093e-09,1.29289e-10,1.29289e-10,3.11203e-10,3.05887e-10,1.08716,0.0708874,1.01411,0.0151773,0.0223873,0.0223871,0,,
2990,2298,accepted,0,2.65401e-06,1.01046e-09,1.2925e-10,1.2925e-10,3.11309e-10,3.05887e-10,0,0,0,0.0158476,0.0463976,0.022089,0.0243085,,
2991,2299,accepted,1,9.42509e-08,5.05232e-10,1.29224e-10,1.29224e-10,3.11323e-10,3.05887e-10,1.08761,0.0669447,1.01894,0.0112553,0.0477175,0.0252855,0.0224318,,
2992,2300,accepted,1,4.11821e-07,2.52616e-10,1.29181e-10,1.29181e-10,3.11329e-10,3.05887e-10,1.08564,0.0733688,1.00786,0.0115776,0.0460074,0.0225219,0.0234855,,
2993,2300,rejected,1,1.69114e-06,2.52616e-09,1.29181e-10,1.29181e-10,3.11329e-10,3.05887e-10,1.06872,0.0686964,0.998199,0.0110865,0.0243557,0.0243555,0,,
2994,2301,accepted,0,1.69114e-06,1.26308e-09,1.2916e-10,1.2916e-10,3.11405e-10,3.05887e-10,0,0,0,0.0116063,0.0461486,0.0231873,0.0229613,,
2995,2302,accepted,1,6.05244e-08,6.3154e-10,1.29139e-10,1.29139e-10,3.11418e-10,3.05887e-10,1.06344,0.0687558,0.992932,0.0112652,0.046812,0.0224549,0.0243571,,
2996,2303,accepted,1,2.62499e-07,3.1577e-10,1.29101e-10,1.29101e-10,3.11429e-10,3.05887e-10,1.07028,0.0742378,0.994103,0.0117217,0.0471593,0.0246996,0.0224596,,
2997,2304,accepted,1,1.07826e-06,1.57885e-10,1.29083e-10,1.29083e-10,3.11433e-10,3.05887e-10,1.04739,0.0690774,0.976381,0.0118076,0.0474794,0.0247235,0.0227558,,
2998,2304,rejected,1,4.33107e-06,1.57885e-09,1.29083e-10,1.29083e-10,3.11433e-10,3.05887e-10,1.05955,0.0723223,0.983944,0.0126539,0.0236441,0.0236438,0,,
2999,2305,accepted,0,4.33107e-06,7.89425e-10,1.28997e-10,1.28997e-10,3.11573e-10,3.05887e-10,0,0,0,0.0115761,0.0466971,0.0240539,0.0226431,,
3000,2306,accepted,1,1.52641e-07,3.94712e-10,1.28965e-10,1.28965e-10,3.11588e-10,3.05887e-10,1.09592,0.0742076,1.01611,0.0122778,0.0489665,0.0233433,0.0256231,,
3001,2307,accepted,1,6.6997e-07,1.97356e-10,1.28925e-10,1.28925e-10,3.1159e-10,3.05887e-10,1.08438,0.0683252,1.01314,0.0143807,0.0470025,0.0223754,0.024627,,
3002,2307,rejected,1,2.7449e-06,1.97356e-09,1.28925e-10,1.28925e-10,3.1159e-10,3.05887e-10,1.05853,0.0734013,0.983017,0.0113231,0.0263841,0.0263839,0,,
3003,2308,accepted,0,2.7449e-06,9.86781e-10,1.28883e-10,1.28883e-10,3.117e-10,3.05887e-10,0,0,0,0.0149797,0.0467714,0.0225973,0.024174,,
3004,2309,accepted,1,9.73606e-08,4.93391e-10,1.28857e-10,1.28857e-10,3.11715e-10,3.05887e-10,1.07624,0.065346,1.00911,0.0106035,0.0446669,0.0223751,0.0222918,,
3005,2310,accepted,1,4.25718e-07,2.46695e-10,1.28814e-10,1.28814e-10,3.11723e-10,3.05887e-10,1.00255,0.0570472,0.943763,0.010933,0.0447333,0.022367,0.0223662,,
3006,2310,rejected,1,1.74827e-06,2.46695e-09,1.28814e-10,1.28814e-10,3.11723e-10,3.05887e-10,1.01583,0.0568291,0.957297,0.0106484,0.0231252,0.023125,0,,
3007,2311,accepted,0,1.74827e-06,1.23348e-09,1.28792e-10,1.28792e-10,3.11802e-10,3.05887e-10,0,0,0,0.0110272,0.0447141,0.0222787,0.0224354,,
3008,2312,accepted,1,6.24977e-08,6.16738e-10,1.28771e-10,1.28771e-10,3.11817e-10,3.05887e-10,0.994076,0.0568871,0.935481,0.0101214,0.0448009,0.0224145,0.0223864,,
3009,2313,accepted,1,2.71252e-07,3.08369e-10,1.28733e-10,1.28733e-10,3.11829e-10,3.05887e-10,0.96566,0.058277,0.905676,0.0122037,0.0483392,0.0246625,0.0236767,,
3010,2314,accepted,1,1.11429e-06,1.54185e-10,1.28719e-10,1.28719e-10,3.11837e-10,3.05887e-10,1.03366,0.0563124,0.975658,0.0108495,0.0458322,0.0232451,0.022587,,
3011,2314,rejected,1,4.4753e-06,1.54185e-09,1.28719e-10,1.28719e-10,3.11837e-10,3.05887e-10,0.993971,0.0559746,0.936165,0.0105635,0.0225087,0.0225085,0,,
3012,2315,accepted,0,4.4753e-06,7.70923e-10,1.28627e-10,1.28627e-10,3.11982e-10,3.05887e-10,0,0,0,0.0098609,0.0452045,0.0224204,0.0227839,,
3013,2316,accepted,1,1.57523e-07,3.85461e-10,1.28595e-10,1.28595e-10,3.11998e-10,3.05887e-10,0.984929,0.0566599,0.926405,0.0101241,0.0447019,0.0223022,0.0223997,,
3014,2317,accepted,1,6.91927e-07,1.92731e-10,1.28556e-10,1.28556e-10,3.12003e-10,3.05887e-10,1.00543,0.0554669,0.948154,0.0136674,0.0445965,0.0222996,0.0222967,,
3015,2317,rejected,1,2.83475e-06,1.92731e-09,1.28556e-10,1.28556e-10,3.12003e-10,3.05887e-10,1.00161,0.0568727,0.942883,0.0111641,0.0227406,0.0227405,0,,
3016,2318,accepted,0,2.83475e-06,9.63653e-10,1.28512e-10,1.28512e-10,3.12117e-10,3.05887e-10,0,0,0,0.0109716,0.0450591,0.0225441,0.022515,,
3017,2319,accepted,1,1.00417e-07,4.81827e-10,1.28485e-10,1.28485e-10,3.12134e-10,3.05887e-10,0.970623,0.0560639,0.912721,0.0099218,0.0449599,0.0224966,0.0224631,,
3018,2320,accepted,1,4.39448e-07,2.40913e-10,1.28443e-10,1.28443e-10,3.12143e-10,3.05887e-10,1.00019,0.0559902,0.942359,0.0101869,0.0449485,0.0223236,0.0226249,,
3019,2320,rejected,1,1.8046e-06,2.40913e-09,1.28443e-10,1.28443e-10,3.12143e-10,3.05887e-10,0.999532,0.0565229,0.941227,0.0110023,0.0223774,0.0223771,0,,
3020,2321,accepted,0,1.8046e-06,1.20457e-09,1.2842e-10,1.2842e-10,3.12226e-10,3.05887e-10,0,0,0,0.0106628,0.0449225,0.0223817,0.0225407,,
3021,2322,accepted,1,6.44334e-08,6.02283e-10,1.28398e-10,1.28398e-10,3.12242e-10,3.05887e-10,1.00286,0.0563977,0.944748,0.0105128,0.0445971,0.022266,0.0223311,,
3022,2323,accepted,1,2.79866e-07,3.01142e-10,1.2836e-10,1.2836e-10,3.12255e-10,3.05887e-10,0.973581,0.0558639,0.915928,0.0095474,0.0446109,0.0223705,0.0222404,,
3023,2324,accepted,1,1.1497e-06,1.50571e-10,1.2835e-10,1.2835e-10,3.12267e-10,3.05887e-10,1.01645,0.0558088,0.958819,0.0100686,0.0447129,0.0223219,0.022391,,
3024,2324,rejected,1,4.61768e-06,1.50571e-09,1.2835e-10,1.2835e-10,3.12267e-10,3.05887e-10,0.978055,0.0565837,0.919759,0.0108893,0.0203187,0.0203186,0,,
3025,2325,accepted,0,4.61768e-06,7.52854e-10,1.28252e-10,1.28252e-10,3.12418e-10,3.05887e-10,0,0,0,0.011138,0.0450132,0.022579,0.022434,,
3026,2326,accepted,1,1.62305e-07,3.76427e-10,1.2822e-10,1.2822e-10,3.12435e-10,3.05887e-10,1.02747,0.0552381,0.970503,0.0106576,0.0444572,0.022272,0.0221852,,
3027,2327,accepted,1,7.13482e-07,1.88214e-10,1.28182e-10,1.28182e-10,3.12442e-10,3.05887e-10,0.973297,0.0555089,0.916006,0.0108143,0.0449593,0.0224452,0.0225141,,
3028,2327,rejected,1,2.92306e-06,1.88214e-09,1.28182e-10,1.28182e-10,3.12442e-10,3.05887e-10,1.03388,0.0556782,0.976245,0.011315,0.0223981,0.022398,0,,
3029,2328,accepted,0,2.92306e-06,9.41068e-10,1.28135e-10,1.28135e-10,3.12562e-10,3.05887e-10,0,0,0,0.0107351,0.0481096,0.0241694,0.02394,,
3030,2329,accepted,1,1.03417e-07,4.70534e-10,1.28109e-10,1.28109e-10,3.1258e-10,3.05887e-10,0.972391,0.0564665,0.914124,0.0112639,0.0450904,0.0224311,0.0226593,,
3031,2330,accepted,1,4.52881e-07,2.35267e-10,1.28067e-10,1.28067e-10,3.12591e-10,3.05887e-10,0.948582,0.0570256,0.889773,0.0100313,0.0444153,0.0222278,0.0221874,,
3032,2330,rejected,1,1.85991e-06,2.35267e-09,1.28067e-10,1.28067e-10,3.12591e-10,3.05887e-10,1.00305,0.0566467,0.944639,0.0113281,0.0224363,0.0224362,0,,
3033,2331,accepted,0,1.85991e-06,1.17633e-09,1.28042e-10,1.28042e-10,3.12678e-10,3.05887e-10,0,0,0,0.0119677,0.0447178,0.022427,0.0222906,,
3034,2332,accepted,1,6.63292e-08,5.88167e-10,1.28021e-10,1.28021e-10,3.12695e-10,3.05887e-10,0.982668,0.0567374,0.92418,0.0100151,0.0454703,0.0232849,0.0221854,,
3035,2333,accepted,1,2.88303e-07,2.94084e-10,1.27982e-10,1.27982e-10,3.1271e-10,3.05887e-10,0.978432,0.0575216,0.919047,0.0108295,0.0452677,0.0226018,0.0226658,,
3036,2334,accepted,1,1.18451e-06,1.47042e-10,1.27977e-10,1.27977e-10,3.12726e-10,3.05887e-10,0.991809,0.0570403,0.933008,0.0107781,0.0447884,0.0223869,0.0224015,,
3037,2334,rejected,1,4.75685e-06,1.47042e-09,1.27977e-10,1.27977e-10,3.12726e-10,3.05887e-10,1.01075,0.0560073,0.952896,0.0107645,0.022445,0.0224447,0,,
3038,2335,accepted,0,4.75685e-06,7.35209e-10,1.27873e-10,1.27873e-10,3.12882e-10,3.05887e-10,0,0,0,0.0116507,0.0446352,0.0223004,0.0223348,,
3039,2336,accepted,1,1.66989e-07,3.67605e-10,1.2784e-10,1.2784e-10,3.12902e-10,3.05887e-10,0.974862,0.056211,0.916797,0.0102903,0.0449003,0.0222711,0.0226291,,
3040,2337,accepted,1,7.34567e-07,1.83802e-10,1.27804e-10,1.27804e-10,3.12911e-10,3.05887e-10,0.942603,0.056557,0.884228,0.0110044,0.0449252,0.0222727,0.0226525,,
3041,2337,rejected,1,3.00953e-06,1.83802e-09,1.27804e-10,1.27804e-10,3.12911e-10,3.05887e-10,1.01681,0.056261,0.958648,0.0104872,0.0223972,0.0223969,0,,
3042,2338,accepted,0,3.00953e-06,9.19011e-10,1.27755e-10,1.27755e-10,3.13036e-10,3.05887e-10,0,0,0,0.0105128,0.0444073,0.0224125,0.0219948,,
3043,2339,accepted,1,1.06342e-07,4.59506e-10,1.27728e-10,1.27728e-10,3.13055e-10,3.05887e-10,0.997564,0.0560418,0.93986,0.0113806,0.0449152,0.0225913,0.0223239,,
3044,2340,accepted,1,4.66001e-07,2.29753e-10,1.27686e-10,1.27686e-10,3.13068e-10,3.05887e-10,0.990177,0.0560104,0.932446,0.0113352,0.0448454,0.0226665,0.0221788,,
3045,2340,rejected,1,1.91387e-06,2.29753e-09,1.27686e-10,1.27686e-10,3.13068e-10,3.05887e-10,0.950231,0.0560013,0.892469,0.0104162,0.0225006,0.0225005,0,,
3046,2341,accepted,0,1.91387e-06,1.14876e-09,1.2766e-10,1.2766e-10,3.1316e-10,3.05887e-10,0,0,0,0.0106837,0.0446924,0.0223946,0.0222977,,
3047,2342,accepted,1,6.81773e-08,5.74382e-10,1.27639e-10,1.27639e-10,3.13178e-10,3.05887e-10,0.986186,0.0558175,0.928661,0.0107434,0.0435125,0.0212678,0.0222446,,
3048,2343,accepted,1,2.96519e-07,2.87191e-10,1.276e-10,1.276e-10,3.13194e-10,3.05887e-10,1.0103,0.0560581,0.952503,0.0117313,0.0446733,0.0224388,0.0222344,,
3049,2343,rejected,1,1.21839e-06,2.87191e-09,1.276e-10,1.276e-10,3.13194e-10,3.05887e-10,0.998038,0.0557659,0.940463,0.0109177,0.0225753,0.0225749,0,,
3050,2344,accepted,0,1.21839e-06,1.43596e-09,1.27585e-10,1.27585e-10,3.13259e-10,3.05887e-10,0,0,0,0.0103877,0.044647,0.0222982,0.0223488,,
3051,2345,accepted,1,4.37838e-08,7.17978e-10,1.27568e-10,1.27568e-10,3.13276e-10,3.05887e-10,1.0363,0.0558134,0.978646,0.0104437,0.0450072,0.0223236,0.0226835,,
3052,2346,accepted,1,1.88943e-07,3.58989e-10,1.27535e-10,1.27535e-10,3.13294e-10,3.05887e-10,1,0.0562866,0.94203,0.0103481,0.0447595,0.0224055,0.022354,,
3053,2347,accepted,1,7.76062e-07,1.79494e-10,1.275e-10,1.275e-10,3.13305e-10,3.05887e-10,0.976267,0.0598868,0.914574,0.0105234,0.0447978,0.0223577,0.02244,,
3054,2347,rejected,1,3.12383e-06,1.79494e-09,1.275e-10,1.275e-10,3.13305e-10,3.05887e-10,0.954268,0.0568974,0.895573,0.0111443,0.0228951,0.0228949,0,,
3055,2348,accepted,0,3.12383e-06,8.97472e-10,1.27448e-10,1.27448e-10,3.13435e-10,3.05887e-10,0,0,0,0.0105879,0.045146,0.0227753,0.0223707,,
3056,2349,accepted,1,1.1037e-07,4.48736e-10,1.27421e-10,1.27421e-10,3.13456e-10,3.05887e-10,1.00417,0.0560423,0.946391,0.0120158,0.0447088,0.0222734,0.0224354,,
3057,2350,accepted,1,4.81946e-07,2.24368e-10,1.27379e-10,1.27379e-10,3.1347e-10,3.05887e-10,0.970997,0.056029,0.913137,0.0114288,0.044912,0.0223373,0.0225746,,
3058,2350,rejected,1,1.9757e-06,2.24368e-09,1.27379e-10,1.27379e-10,3.1347e-10,3.05887e-10,0.903551,0.0629323,0.838757,0.0115031,0.0222245,0.0222241,0,,
3059,2351,accepted,0,1.9757e-06,1.12184e-09,1.27352e-10,1.27352e-10,3.13566e-10,3.05887e-10,0,0,0,0.0104668,0.0445019,0.022214,0.0222878,,
3060,2352,accepted,1,7.03525e-08,5.6092e-10,1.2733e-10,1.2733e-10,3.13585e-10,3.05887e-10,0.877946,0.0582045,0.817893,0.0102593,0.0449555,0.0223976,0.0225577,,
3061,2353,accepted,1,3.05928e-07,2.8046e-10,1.27291e-10,1.27291e-10,3.13603e-10,3.05887e-10,0.850393,0.0569588,0.791647,0.0116732,0.0441868,0.0222524,0.0219344,,
3062,2353,rejected,1,1.25657e-06,2.8046e-09,1.27291e-10,1.27291e-10,3.13603e-10,3.05887e-10,0.888654,0.0570412,0.82979,0.0108247,0.0223307,0.0223305,0,,
3063,2354,accepted,0,1.25657e-06,1.4023e-09,1.27276e-10,1.27276e-10,3.13671e-10,3.05887e-10,0,0,0,0.0108061,0.0445773,0.0224169,0.0221604,,
3064,2355,accepted,1,4.5132e-08,7.0115e-10,1.27258e-10,1.27258e-10,3.13689e-10,3.05887e-10,0.88305,0.0576,0.823621,0.010661,0.0442638,0.0218996,0.0223642,,
3065,2356,accepted,1,1.94817e-07,3.50575e-10,1.27225e-10,1.27225e-10,3.13709e-10,3.05887e-10,0.857139,0.0572307,0.798125,0.0114806,0.0446174,0.022375,0.0222423,,
3066,2357,accepted,1,8.00135e-07,1.75288e-10,1.27193e-10,1.27193e-10,3.13721e-10,3.05887e-10,0.890614,0.0566853,0.832111,0.0110475,0.044543,0.0222628,0.0222802,,
3067,2357,rejected,1,3.22051e-06,1.75288e-09,1.27193e-10,1.27193e-10,3.13721e-10,3.05887e-10,0.890967,0.0573609,0.831853,0.010644,0.0222698,0.0222697,0,,
3068,2358,accepted,0,3.22051e-06,8.76438e-10,1.27137e-10,1.27137e-10,3.13857e-10,3.05887e-10,0,0,0,0.011529,0.0445288,0.0223668,0.0221619,,
3069,2359,accepted,1,1.13685e-07,4.38219e-10,1.27109e-10,1.27109e-10,3.13879e-10,3.05887e-10,0.868567,0.0571295,0.809639,0.0111827,0.0444861,0.0223913,0.0220948,,
3070,2360,accepted,1,4.96695e-07,2.19109e-10,1.27068e-10,1.27068e-10,3.13894e-10,3.05887e-10,0.879534,0.0564594,0.821314,0.01055,0.0447188,0.0223026,0.0224162,,
3071,2360,rejected,1,2.0363e-06,2.19109e-09,1.27068e-10,1.27068e-10,3.13894e-10,3.05887e-10,0.883072,0.0569493,0.824342,0.0109692,0.0223162,0.022316,0,,
3072,2361,accepted,0,2.0363e-06,1.09555e-09,1.2704e-10,1.2704e-10,3.13995e-10,3.05887e-10,0,0,0,0.01066,0.0452839,0.0229213,0.0223625,,
3073,2362,accepted,1,7.24349e-08,5.47774e-10,1.27017e-10,1.27017e-10,3.14016e-10,3.05887e-10,0.873808,0.0575821,0.814436,0.0107938,0.0440785,0.0221969,0.0218814,,
3074,2363,accepted,1,3.15172e-07,2.73887e-10,1.26978e-10,1.26978e-10,3.14035e-10,3.05887e-10,0.85543,0.0576187,0.796043,0.0109664,0.0446929,0.0222511,0.0224418,,
3075,2363,rejected,1,1.29462e-06,2.73887e-09,1.26978e-10,1.26978e-10,3.14035e-10,3.05887e-10,0.870562,0.0564471,0.812233,0.0109135,0.0223014,0.0223013,0,,
3076,2364,accepted,0,1.29462e-06,1.36943e-09,1.26963e-10,1.26963e-10,3.14106e-10,3.05887e-10,0,0,0,0.0107336,0.0444743,0.0222102,0.022264,,
3077,2365,accepted,1,4.64561e-08,6.84717e-10,1.26944e-10,1.26944e-10,3.14125e-10,3.05887e-10,0.881586,0.0565518,0.823282,0.0111496,0.0445806,0.0222497,0.0223309,,
3078,2366,accepted,1,2.00636e-07,3.42358e-10,1.26911e-10,1.26911e-10,3.14146e-10,3.05887e-10,0.854692,0.0564084,0.796529,0.0114663,0.0450629,0.0222506,0.0228123,,
3079,2367,accepted,1,8.24116e-07,1.71179e-10,1.2688e-10,1.2688e-10,3.14161e-10,3.05887e-10,0.852726,0.0572853,0.793602,0.0112086,0.0444965,0.0222799,0.0222165,,
3080,2367,rejected,1,3.31704e-06,1.71179e-09,1.2688e-10,1.2688e-10,3.14161e-10,3.05887e-10,0.867012,0.0565798,0.808653,0.0117649,0.0224054,0.0224053,0,,
3081,2368,accepted,0,3.31704e-06,8.55896e-10,1.26821e-10,1.26821e-10,3.14303e-10,3.05887e-10,0,0,0,0.0102222,0.0435633,0.0222235,0.0213397,,
3082,2369,accepted,1,1.16978e-07,4.27948e-10,1.26793e-10,1.26793e-10,3.14326e-10,3.05887e-10,0.900343,0.0561788,0.842335,0.0106516,0.0444559,0.0222544,0.0222015,,
3083,2370,accepted,1,5.11343e-07,2.13974e-10,1.26753e-10,1.26753e-10,3.14343e-10,3.05887e-10,0.898531,0.05688,0.839917,0.010957,0.0443511,0.0222268,0.0221243,,
3084,2370,rejected,1,2.09629e-06,2.13974e-09,1.26753e-10,1.26753e-10,3.14343e-10,3.05887e-10,0.871379,0.0569821,0.812523,0.0107396,0.0222747,0.0222744,0,,
3085,2371,accepted,0,2.09629e-06,1.06987e-09,1.26723e-10,1.26723e-10,3.14449e-10,3.05887e-10,0,0,0,0.0106418,0.044653,0.0223605,0.0222924,,
3086,2372,accepted,1,7.45131e-08,5.34935e-10,1.267e-10,1.267e-10,3.1447e-10,3.05887e-10,0.860049,0.05681,0.801392,0.0117646,0.0440232,0.0217236,0.0222995,,
3087,2373,accepted,1,3.24357e-07,2.67468e-10,1.26661e-10,1.26661e-10,3.14491e-10,3.05887e-10,0.850326,0.057552,0.790996,0.010679,0.0447242,0.0222464,0.0224778,,
3088,2373,rejected,1,1.33239e-06,2.67468e-09,1.26661e-10,1.26661e-10,3.14491e-10,3.05887e-10,0.857846,0.0565195,0.799566,0.0123079,0.0222043,0.0222042,0,,
3089,2374,accepted,0,1.33239e-06,1.33734e-09,1.26644e-10,1.26644e-10,3.14566e-10,3.05887e-10,0,0,0,0.0106865,0.0445493,0.0223605,0.0221887,,
3090,2375,accepted,1,4.77741e-08,6.68669e-10,1.26626e-10,1.26626e-10,3.14585e-10,3.05887e-10,0.890806,0.056792,0.832203,0.0114352,0.0440547,0.0223236,0.021731,,
3091,2376,accepted,1,2.06426e-07,3.34334e-10,1.26592e-10,1.26592e-10,3.14608e-10,3.05887e-10,0.910953,0.056537,0.852583,0.0105232,0.0448543,0.0226612,0.0221931,,
3092,2377,accepted,1,8.47969e-07,1.67167e-10,1.26564e-10,1.26564e-10,3.14625e-10,3.05887e-10,0.857746,0.0564341,0.799478,0.0102796,0.0447688,0.0226002,0.0221685,,
3093,2377,rejected,1,3.41262e-06,1.67167e-09,1.26564e-10,1.26564e-10,3.14625e-10,3.05887e-10,0.87682,0.0564887,0.818546,0.0102908,0.0229388,0.0229386,0,,
3094,2378,accepted,0,3.41262e-06,8.35836e-10,1.26501e-10,1.26501e-10,3.14773e-10,3.05887e-10,0,0,0,0.0105547,0.0445676,0.0224494,0.0221181,,
3095,2379,accepted,1,1.2025e-07,4.17918e-10,1.26473e-10,1.26473e-10,3.14798e-10,3.05887e-10,0.883747,0.0572659,0.824618,0.0108001,0.0424784,0.0221686,0.0203097,,
3096,2380,accepted,1,5.25908e-07,2.08959e-10,1.26433e-10,1.26433e-10,3.14816e-10,3.05887e-10,0.877938,0.0575225,0.818609,0.0113237,0.0446297,0.0223779,0.0222518,,
3097,2380,rejected,1,2.15596e-06,2.08959e-09,1.26433e-10,1.26433e-10,3.14816e-10,3.05887e-10,0.900309,0.0560324,0.842436,0.011422,0.0223721,0.0223718,0,,
3098,2381,accepted,0,2.15596e-06,1.0448e-09,1.26402e-10,1.26402e-10,3.14927e-10,3.05887e-10,0,0,0,0.0113926,0.0443677,0.0222389,0.0221287,,
3099,2382,accepted,1,7.65712e-08,5.22398e-10,1.26379e-10,1.26379e-10,3.1495e-10,3.05887e-10,0.887432,0.0567426,0.828545,0.0104241,0.0447122,0.0223059,0.0224062,,
3100,2383,accepted,1,3.33464e-07,2.61199e-10,1.26339e-10,1.26339e-10,3.14972e-10,3.05887e-10,0.882737,0.0565199,0.824348,0.0110053,0.0444837,0.0222554,0.0222282,,
3101,2383,rejected,1,1.36989e-06,2.61199e-09,1.26339e-10,1.26339e-10,3.14972e-10,3.05887e-10,0.87239,0.0575279,0.812987,0.0112347,0.0225864,0.0225861,0,,
3102,2384,accepted,0,1.36989e-06,1.30599e-09,1.26322e-10,1.26322e-10,3.15051e-10,3.05887e-10,0,0,0,0.010739,0.0445399,0.022304,0.0222358,,
3103,2385,accepted,1,4.90791e-08,6.52997e-10,1.26304e-10,1.26304e-10,3.15071e-10,3.05887e-10,0.875251,0.0581336,0.81534,0.0109315,0.04433,0.0222113,0.0221187,,
3104,2386,accepted,1,2.12151e-07,3.26498e-10,1.26269e-10,1.26269e-10,3.15095e-10,3.05887e-10,0.868479,0.0566506,0.81006,0.0108224,0.0455564,0.0233533,0.0222031,,
3105,2387,accepted,1,8.71564e-07,1.63249e-10,1.26244e-10,1.26244e-10,3.15114e-10,3.05887e-10,0.883284,0.0575212,0.824023,0.0100903,0.0446101,0.0223545,0.0222556,,
3106,2387,rejected,1,3.50756e-06,1.63249e-09,1.26244e-10,1.26244e-10,3.15114e-10,3.05887e-10,0.85639,0.0571142,0.797315,0.011414,0.0224858,0.0224856,0,,
3107,2388,accepted,0,3.50756e-06,8.16246e-10,1.26177e-10,1.26177e-10,3.1527e-10,3.05887e-10,0,0,0,0.0108542,0.0453853,0.0229195,0.0224657,,
3108,2389,accepted,1,1.23499e-07,4.08123e-10,1.26148e-10,1.26148e-10,3.15295e-10,3.05887e-10,0.875612,0.0571877,0.816635,0.0104813,0.044966,0.0224141,0.0225518,,
3109,2390,accepted,1,5.4032e-07,2.04062e-10,1.26109e-10,1.26109e-10,3.15315e-10,3.05887e-10,0.8616,0.0566849,0.803154,0.0107362,0.0446325,0.022343,0.0222895,,
3110,2390,rejected,1,2.21513e-06,2.04062e-09,1.26109e-10,1.26109e-10,3.15315e-10,3.05887e-10,0.88714,0.056757,0.828591,0.0108837,0.0222205,0.0222204,0,,
3111,2391,accepted,0,2.21513e-06,1.02031e-09,1.26076e-10,1.26076e-10,3.15432e-10,3.05887e-10,0,0,0,0.0117071,0.0450544,0.0222059,0.0228483,,
3112,2392,accepted,1,7.86077e-08,5.10154e-10,1.26052e-10,1.26052e-10,3.15456e-10,3.05887e-10,0.87763,0.0570543,0.818756,0.0112314,0.0447713,0.0222849,0.0224864,,
3113,2393,accepted,1,3.42469e-07,2.55077e-10,1.26013e-10,1.26013e-10,3.15479e-10,3.05887e-10,0.915297,0.0558959,0.857685,0.0107486,0.0447456,0.022338,0.0224076,,
3114,2393,rejected,1,1.40688e-06,2.55077e-09,1.26013e-10,1.26013e-10,3.15479e-10,3.05887e-10,0.85466,0.057647,0.795183,0.0112185,0.0223894,0.022389,0,,
3115,2394,accepted,0,1.40688e-06,1.27538e-09,1.25995e-10,1.25995e-10,3.15562e-10,3.05887e-10,0,0,0,0.0104905,0.0445801,0.0222908,0.0222893,,
3116,2395,accepted,1,5.03775e-08,6.37692e-10,1.25976e-10,1.25976e-10,3.15584e-10,3.05887e-10,0.896626,0.0574478,0.837436,0.0106507,0.0451771,0.0227045,0.0224725,,
3117,2396,accepted,1,2.17826e-07,3.18846e-10,1.25942e-10,1.25942e-10,3.15609e-10,3.05887e-10,0.893662,0.0572284,0.834666,0.011248,0.0447229,0.0224003,0.0223226,,
3118,2397,accepted,1,8.94904e-07,1.59423e-10,1.25919e-10,1.25919e-10,3.1563e-10,3.05887e-10,0.885501,0.0566707,0.827023,0.0113503,0.0448471,0.0224391,0.0224079,,
3119,2397,rejected,1,3.60151e-06,1.59423e-09,1.25919e-10,1.25919e-10,3.1563e-10,3.05887e-10,0.871459,0.0564355,0.813169,0.0111679,0.0224553,0.0224552,0,,
3120,2398,accepted,0,3.60151e-06,7.97115e-10,1.25848e-10,1.25848e-10,3.15793e-10,3.05887e-10,0,0,0,0.0106374,0.0446505,0.0222511,0.0223993,,
3121,2399,accepted,1,1.26715e-07,3.98558e-10,1.25819e-10,1.25819e-10,3.1582e-10,3.05887e-10,0.874324,0.0574876,0.815082,0.0116782,0.0449337,0.0223204,0.0226132,,
3122,2400,accepted,1,5.54577e-07,1.99279e-10,1.2578e-10,1.2578e-10,3.15841e-10,3.05887e-10,0.890924,0.0577076,0.831285,0.0104037,0.04463,0.0224185,0.0222115,,
3123,2400,rejected,1,2.27352e-06,1.99279e-09,1.2578e-10,1.2578e-10,3.15841e-10,3.05887e-10,0.892122,0.0566697,0.833646,0.0106346,0.0222325,0.0222323,0,,
3124,2401,accepted,0,2.27352e-06,9.96394e-10,1.25745e-10,1.25745e-10,3.15964e-10,3.05887e-10,0,0,0,0.0105224,0.0446353,0.022273,0.0223623,,
3125,2402,accepted,1,8.06363e-08,4.98197e-10,1.25722e-10,1.25722e-10,3.15989e-10,3.05887e-10,0.928025,0.0617994,0.864503,0.0113149,0.0448067,0.0225525,0.0222542,,
3126,2403,accepted,1,3.51389e-07,2.49099e-10,1.25683e-10,1.25683e-10,3.16014e-10,3.05887e-10,0.86651,0.0561485,0.808454,0.011455,0.0450596,0.0224321,0.0226275,,
3127,2403,rejected,1,1.44361e-06,2.49099e-09,1.25683e-10,1.25683e-10,3.16014e-10,3.05887e-10,0.859431,0.0569953,0.800688,0.0102542,0.0228189,0.0228187,0,,
3128,2404,accepted,0,1.44361e-06,1.24549e-09,1.25664e-10,1.25664e-10,3.16101e-10,3.05887e-10,0,0,0,0.0114062,0.0446938,0.022551,0.0221428,,
3129,2405,accepted,1,5.16615e-08,6.22746e-10,1.25645e-10,1.25645e-10,3.16124e-10,3.05887e-10,0.866593,0.0578677,0.806817,0.0105649,0.0446262,0.0224072,0.0222189,,
3130,2406,accepted,1,2.23437e-07,3.11373e-10,1.2561e-10,1.2561e-10,3.16151e-10,3.05887e-10,0.884159,0.0569218,0.825457,0.0107046,0.0445612,0.0222262,0.0223349,,
3131,2407,accepted,1,9.18003e-07,1.55687e-10,1.25591e-10,1.25591e-10,3.16174e-10,3.05887e-10,0.878617,0.0589146,0.817723,0.0110887,0.0430607,0.0222486,0.0208121,,
3132,2407,rejected,1,3.69499e-06,1.55687e-09,1.25591e-10,1.25591e-10,3.16174e-10,3.05887e-10,0.879629,0.0577782,0.819993,0.0109831,0.0222725,0.0222722,0,,
3133,2408,accepted,0,3.69499e-06,7.78433e-10,1.25515e-10,1.25515e-10,3.16345e-10,3.05887e-10,0,0,0,0.0110012,0.0438562,0.0226129,0.0212432,,
3134,2409,accepted,1,1.29916e-07,3.89216e-10,1.25485e-10,1.25485e-10,3.16373e-10,3.05887e-10,0.879254,0.0567314,0.820671,0.0118597,0.0447765,0.0225408,0.0222356,,
3135,2410,accepted,1,5.68665e-07,1.94608e-10,1.25447e-10,1.25447e-10,3.16396e-10,3.05887e-10,0.899874,0.0565573,0.841411,0.0117544,0.0443305,0.022245,0.0220853,,
3136,2410,rejected,1,2.33147e-06,1.94608e-09,1.25447e-10,1.25447e-10,3.16396e-10,3.05887e-10,0.888983,0.0570395,0.830246,0.0106046,0.0232246,0.0232244,0,,
3137,2411,accepted,0,2.33147e-06,9.73041e-10,1.25411e-10,1.25411e-10,3.16525e-10,3.05887e-10,0,0,0,0.0103586,0.0449334,0.0225778,0.0223556,,
3138,2412,accepted,1,8.26557e-08,4.86521e-10,1.25387e-10,1.25387e-10,3.16551e-10,3.05887e-10,0.877666,0.0584432,0.817453,0.0107571,0.0448661,0.0222265,0.0226396,,
3139,2413,accepted,1,3.60216e-07,2.4326e-10,1.25348e-10,1.25348e-10,3.16577e-10,3.05887e-10,0.861073,0.0571619,0.802086,0.0112196,0.0448548,0.0227018,0.0221528,,
3140,2413,rejected,1,1.47993e-06,2.4326e-09,1.25348e-10,1.25348e-10,3.16577e-10,3.05887e-10,0.951316,0.0562953,0.893219,0.009884,0.0223209,0.0223207,0,,
3141,2414,accepted,0,1.47993e-06,1.2163e-09,1.25328e-10,1.25328e-10,3.16669e-10,3.05887e-10,0,0,0,0.0108143,0.0445695,0.0224111,0.0221584,,
3142,2415,accepted,1,5.29449e-08,6.08151e-10,1.25309e-10,1.25309e-10,3.16694e-10,3.05887e-10,0.867665,0.0571486,0.808792,0.0107323,0.0446317,0.0223426,0.0222891,,
3143,2416,accepted,1,2.29006e-07,3.04075e-10,1.25274e-10,1.25274e-10,3.16721e-10,3.05887e-10,0.869181,0.0576362,0.809746,0.0104515,0.0446989,0.0223246,0.0223743,,
3144,2417,accepted,1,9.40877e-07,1.52038e-10,1.25258e-10,1.25258e-10,3.16748e-10,3.05887e-10,0.886448,0.057294,0.827418,0.0113915,0.0453262,0.0228967,0.0224294,,
3145,2417,rejected,1,3.78705e-06,1.52038e-09,1.25258e-10,1.25258e-10,3.16748e-10,3.05887e-10,0.877397,0.0583806,0.817273,0.0108941,0.022514,0.0225139,0,,
3146,2418,accepted,0,3.78705e-06,7.60188e-10,1.25177e-10,1.25177e-10,3.16926e-10,3.05887e-10,0,0,0,0.0111479,0.0446873,0.0224857,0.0222016,,
3147,2419,accepted,1,1.33134e-07,3.80094e-10,1.25147e-10,1.25147e-10,3.16956e-10,3.05887e-10,0.862801,0.0563571,0.804676,0.0106757,0.0432875,0.0212047,0.0220828,,
3148,2420,accepted,1,5.82713e-07,1.90047e-10,1.2511e-10,1.2511e-10,3.1698e-10,3.05887e-10,0.891528,0.0579734,0.831685,0.0108553,0.0444772,0.0222985,0.0221786,,
3149,2420,rejected,1,2.38903e-06,1.90047e-09,1.2511e-10,1.2511e-10,3.1698e-10,3.05887e-10,0.879141,0.0570745,0.820202,0.0108425,0.0223367,0.0223366,0,,
3150,2421,accepted,0,2.38903e-06,9.50236e-10,1.25072e-10,1.25072e-10,3.17116e-10,3.05887e-10,0,0,0,0.009628,0.0445131,0.0222707,0.0222423,,
3151,2422,accepted,1,8.46813e-08,4.75118e-10,1.25047e-10,1.25047e-10,3.17144e-10,3.05887e-10,0.890786,0.056365,0.83266,0.0113148,0.0450199,0.0226725,0.0223473,,
3152,2423,accepted,1,3.69027e-07,2.37559e-10,1.25008e-10,1.25008e-10,3.17171e-10,3.05887e-10,0.869569,0.057334,0.810381,0.0099114,0.044443,0.0223197,0.0221231,,
3153,2423,rejected,1,1.5161e-06,2.37559e-09,1.25008e-10,1.25008e-10,3.17171e-10,3.05887e-10,0.879272,0.0576429,0.819834,0.0107561,0.0227774,0.0227772,0,,
3154,2424,accepted,0,1.5161e-06,1.18779e-09,1.24988e-10,1.24988e-10,3.17268e-10,3.05887e-10,0,0,0,0.011266,0.0446569,0.0224393,0.0222175,,
3155,2425,accepted,1,5.42333e-08,5.93897e-10,1.24968e-10,1.24968e-10,3.17293e-10,3.05887e-10,0.88536,0.0584052,0.825194,0.0104403,0.0450488,0.0227252,0.0223234,,
3156,2426,accepted,1,2.34545e-07,2.96949e-10,1.24933e-10,1.24933e-10,3.17323e-10,3.05887e-10,0.863564,0.0577081,0.804052,0.0109325,0.0447109,0.0223137,0.0223971,,
3157,2427,accepted,1,9.63703e-07,1.48474e-10,1.24921e-10,1.24921e-10,3.17352e-10,3.05887e-10,0.880889,0.0570657,0.82205,0.0105193,0.0447446,0.0222619,0.0224827,,
3158,2427,rejected,1,3.87926e-06,1.48474e-09,1.24921e-10,1.24921e-10,3.17352e-10,3.05887e-10,0.898386,0.057081,0.839532,0.0111961,0.0222311,0.0222308,0,,
3159,2428,accepted,0,3.87926e-06,7.42372e-10,1.24834e-10,1.24834e-10,3.17538e-10,3.05887e-10,0,0,0,0.0113637,0.0447462,0.0223852,0.0223609,,
3160,2429,accepted,1,1.36358e-07,3.71186e-10,1.24805e-10,1.24805e-10,3.1757e-10,3.05887e-10,0.87289,0.0595334,0.81162,0.0105546,0.0432462,0.0222383,0.0210079,,
3161,2430,accepted,1,5.96721e-07,1.85593e-10,1.24769e-10,1.24769e-10,3.17596e-10,3.05887e-10,0.871107,0.0566785,0.812725,0.0106322,0.0445172,0.0222167,0.0223004,,
3162,2430,rejected,1,2.44646e-06,1.85593e-09,1.24769e-10,1.24769e-10,3.17596e-10,3.05887e-10,0.885227,0.057464,0.825937,0.0109989,0.0222442,0.0222439,0,,
3163,2431,accepted,0,2.44646e-06,9.27964e-10,1.24728e-10,1.24728e-10,3.17738e-10,3.05887e-10,0,0,0,0.0109131,0.0445131,0.0222333,0.0222797,,
3164,2432,accepted,1,8.67284e-08,4.63982e-10,1.24704e-10,1.24704e-10,3.17767e-10,3.05887e-10,0.891051,0.0573639,0.831882,0.0104469,0.0447038,0.0224092,0.0222945,,
3165,2433,accepted,1,3.77804e-07,2.31991e-10,1.24665e-10,1.24665e-10,3.17796e-10,3.05887e-10,0.935749,0.0558877,0.87812,0.0097117,0.0444741,0.0223214,0.0221527,,
3166,2433,rejected,1,1.55228e-06,2.31991e-09,1.24665e-10,1.24665e-10,3.17796e-10,3.05887e-10,0.842504,0.056173,0.78454,0.0108446,0.0222361,0.022236,0,,
3167,2434,accepted,0,1.55228e-06,1.15996e-09,1.24643e-10,1.24643e-10,3.17899e-10,3.05887e-10,0,0,0,0.0104822,0.0445115,0.0222541,0.0222573,,
3168,2435,accepted,1,5.55392e-08,5.79978e-10,1.24623e-10,1.24623e-10,3.17925e-10,3.05887e-10,0.900921,0.0567254,0.840982,0.0607366,0.0475927,0.0254182,0.0221744,,
3169,2436,accepted,1,2.401e-07,2.89989e-10,1.24588e-10,1.24588e-10,3.17956e-10,3.05887e-10,0.885937,0.0583497,0.825766,0.0112425,0.0451336,0.0228942,0.0222393,,
3170,2437,accepted,1,9.8649e-07,1.44994e-10,1.2458e-10,1.2458e-10,3.17988e-10,3.05887e-10,0.859085,0.0564263,0.8008,0.0101487,0.0445935,0.0222214,0.0223721,,
3171,2437,rejected,1,3.97148e-06,1.44994e-09,1.2458e-10,1.2458e-10,3.17988e-10,3.05887e-10,0.850224,0.0568716,0.791533,0.0110681,0.0222124,0.0222121,0,,
3172,2438,accepted,0,3.97148e-06,7.24972e-10,1.24488e-10,1.24488e-10,3.18183e-10,3.05887e-10,0,0,0,0.0124368,0.0467987,0.024109,0.0226896,,
3173,2439,accepted,1,1.39669e-07,3.62486e-10,1.24458e-10,1.24458e-10,3.18216e-10,3.05887e-10,0.962274,0.0604082,0.900053,0.0117342,0.0458644,0.0230476,0.0228168,,
3174,2440,accepted,1,6.10845e-07,1.81243e-10,1.24423e-10,1.24423e-10,3.18243e-10,3.05887e-10,0.895677,0.0603515,0.833587,0.0114238,0.0447351,0.0223312,0.0224038,,
3175,2440,rejected,1,2.50425e-06,1.81243e-09,1.24423e-10,1.24423e-10,3.18243e-10,3.05887e-10,0.859562,0.0574645,0.800166,0.0117358,0.0228688,0.0228685,0,,
3176,2441,accepted,0,2.50425e-06,9.06215e-10,1.2438e-10,1.2438e-10,3.18393e-10,3.05887e-10,0,0,0,0.0114504,0.0441015,0.0225022,0.0215991,,
3177,2442,accepted,1,8.88219e-08,4.53108e-10,1.24355e-10,1.24355e-10,3.18424e-10,3.05887e-10,0.887846,0.0593326,0.826643,0.0112367,0.0451334,0.0225541,0.0225792,,
3178,2443,accepted,1,3.86676e-07,2.26554e-10,1.24316e-10,1.24316e-10,3.18454e-10,3.05887e-10,0.902359,0.0597917,0.840583,0.0108977,0.0447659,0.02223,0.0225357,,
3179,2443,rejected,1,1.58863e-06,2.26554e-09,1.24316e-10,1.24316e-10,3.18454e-10,3.05887e-10,0.898551,0.0584301,0.83821,0.0115682,0.0228767,0.0228764,0,,
3180,2444,accepted,0,1.58863e-06,1.13277e-09,1.24294e-10,1.24294e-10,3.18562e-10,3.05887e-10,0,0,0,0.0116977,0.0449315,0.0226208,0.0223107,,
3181,2445,accepted,1,5.68814e-08,5.66385e-10,1.24274e-10,1.24274e-10,3.1859e-10,3.05887e-10,0.893306,0.0569249,0.834454,0.0111016,0.0447839,0.022404,0.0223799,,
3182,2446,accepted,1,2.45729e-07,2.83192e-10,1.24238e-10,1.24238e-10,3.18622e-10,3.05887e-10,0.887854,0.0572926,0.82865,0.0106485,0.044554,0.0222609,0.022293,,
3183,2447,accepted,1,1.00958e-06,1.41596e-10,1.24236e-10,1.24236e-10,3.18657e-10,3.05887e-10,0.918709,0.0607788,0.856098,0.0119552,0.0438372,0.0222477,0.0215894,,
3184,2447,rejected,1,4.06497e-06,1.41596e-09,1.24236e-10,1.24236e-10,3.18657e-10,3.05887e-10,0.874605,0.0575007,0.815317,0.0106027,0.0224701,0.0224699,0,,
3185,2448,accepted,0,4.06497e-06,7.07981e-10,1.24137e-10,1.24137e-10,3.18861e-10,3.05887e-10,0,0,0,0.0108911,0.0446986,0.0223284,0.0223702,,
3186,2449,accepted,1,1.43073e-07,3.5399e-10,1.24106e-10,1.24106e-10,3.18895e-10,3.05887e-10,0.87764,0.0590408,0.81667,0.010621,0.0446202,0.0223414,0.0222788,,
3187,2450,accepted,1,6.25162e-07,1.76995e-10,1.24074e-10,1.24074e-10,3.18925e-10,3.05887e-10,0.874816,0.0578241,0.815057,0.0110695,0.0448323,0.0226423,0.0221899,,
3188,2450,rejected,1,2.56292e-06,1.76995e-09,1.24074e-10,1.24074e-10,3.18925e-10,3.05887e-10,0.872905,0.0577299,0.813316,0.0104625,0.0223125,0.0223122,0,,
3189,2451,accepted,0,2.56292e-06,8.84976e-10,1.24027e-10,1.24027e-10,3.19082e-10,3.05887e-10,0,0,0,0.0104168,0.04509,0.0224914,0.0225986,,
3190,2452,accepted,1,9.0993e-08,4.42488e-10,1.24002e-10,1.24002e-10,3.19114e-10,3.05887e-10,0.918311,0.0594054,0.857054,0.0105409,0.0449111,0.0225494,0.0223617,,
3191,2453,accepted,1,3.95756e-07,2.21244e-10,1.23964e-10,1.23964e-10,3.19146e-10,3.05887e-10,0.894857,0.0642458,0.828746,0.0115974,0.0445649,0.0223075,0.0222573,,
3192,2453,rejected,1,1.62573e-06,2.21244e-09,1.23964e-10,1.23964e-10,3.19146e-10,3.05887e-10,0.87296,0.0576805,0.813449,0.0113056,0.0224371,0.0224368,0,,
3193,2454,accepted,0,1.62573e-06,1.10622e-09,1.2394e-10,1.2394e-10,3.1926e-10,3.05887e-10,0,0,0,0.0114174,0.0447614,0.0224384,0.0223229,,
3194,2455,accepted,1,5.82734e-08,5.5311e-10,1.2392e-10,1.2392e-10,3.19289e-10,3.05887e-10,0.893364,0.0585083,0.83292,0.010429,0.0444483,0.0222694,0.0221788,,
3195,2456,accepted,1,2.51494e-07,2.76555e-10,1.23884e-10,1.23884e-10,3.19323e-10,3.05887e-10,0.891622,0.0588693,0.830754,0.0104854,0.0451033,0.0225905,0.0225126,,
3196,2456,rejected,1,1.03313e-06,2.76555e-09,1.23884e-10,1.23884e-10,3.19323e-10,3.05887e-10,0.920034,0.0598288,0.857909,0.011582,0.0225438,0.0225435,0,,
3197,2457,accepted,0,1.03313e-06,1.38277e-09,1.2387e-10,1.2387e-10,3.19402e-10,3.05887e-10,0,0,0,0.0123947,0.0452229,0.0225178,0.0227051,,
3198,2458,accepted,1,3.73929e-08,6.91387e-10,1.23854e-10,1.23854e-10,3.19428e-10,3.05887e-10,0.89335,0.0616297,0.829854,0.0112901,0.0448665,0.0224102,0.0224563,,
3199,2459,accepted,1,1.60126e-07,3.45694e-10,1.23824e-10,1.23824e-10,3.19461e-10,3.05887e-10,0.891533,0.0610857,0.828603,0.0110144,0.0450532,0.0222622,0.0227908,,
3200,2460,accepted,1,6.57353e-07,1.72847e-10,1.23793e-10,1.23793e-10,3.19491e-10,3.05887e-10,0.947128,0.0651917,0.879746,0.0108757,0.0462499,0.0239106,0.0223391,,
3201,2460,rejected,1,2.65194e-06,1.72847e-09,1.23793e-10,1.23793e-10,3.19491e-10,3.05887e-10,0.968946,0.0617177,0.905041,0.0117984,0.0238885,0.0238883,0,,
3202,2461,accepted,0,2.65194e-06,8.64234e-10,1.23743e-10,1.23743e-10,3.19656e-10,3.05887e-10,0,0,0,0.0119512,0.0450651,0.0228048,0.0222601,,
3203,2462,accepted,1,9.43422e-08,4.32117e-10,1.23718e-10,1.23718e-10,3.1969e-10,3.05887e-10,0.871457,0.0589408,0.810734,0.01146,0.0445775,0.0224587,0.0221187,,
3204,2463,accepted,1,4.08401e-07,2.16059e-10,1.2368e-10,1.2368e-10,3.19722e-10,3.05887e-10,0.893598,0.0583875,0.833232,0.0106135,0.0447523,0.0225708,0.0221815,,
3205,2463,rejected,1,1.67422e-06,2.16059e-09,1.2368e-10,1.2368e-10,3.19722e-10,3.05887e-10,0.932066,0.0586918,0.871565,0.0102526,0.0608925,0.0608923,0,,
3206,2464,accepted,0,1.67422e-06,1.08029e-09,1.23655e-10,1.23655e-10,3.19842e-10,3.05887e-10,0,0,0,0.0100831,0.0446555,0.0224805,0.0221749,,
3207,2465,accepted,1,6.01163e-08,5.40146e-10,1.23634e-10,1.23634e-10,3.19872e-10,3.05887e-10,0.921452,0.0582423,0.861386,0.0100678,0.0447309,0.0224087,0.0223222,,
3208,2466,accepted,1,2.58973e-07,2.70073e-10,1.23598e-10,1.23598e-10,3.19907e-10,3.05887e-10,0.955941,0.0594079,0.894675,0.011065,0.0451293,0.0223915,0.0227378,,
3209,2466,rejected,1,1.0632e-06,2.70073e-09,1.23598e-10,1.23598e-10,3.19907e-10,3.05887e-10,0.909191,0.0571288,0.850275,0.0106975,0.022685,0.0226848,0,,
3210,2467,accepted,0,1.0632e-06,1.35037e-09,1.23584e-10,1.23584e-10,3.19991e-10,3.05887e-10,0,0,0,0.0108269,0.0450977,0.0229006,0.022197,,
3211,2468,accepted,1,3.85366e-08,6.75183e-10,1.23567e-10,1.23567e-10,3.20018e-10,3.05887e-10,0.941389,0.0587791,0.880673,0.0110921,0.0458976,0.0232446,0.0226528,,
3212,2469,accepted,1,1.64812e-07,3.37591e-10,1.23537e-10,1.23537e-10,3.20052e-10,3.05887e-10,0.974886,0.0607634,0.912132,0.0112492,0.0486459,0.0228975,0.0257483,,
3213,2470,accepted,1,6.76309e-07,1.68796e-10,1.23508e-10,1.23508e-10,3.20084e-10,3.05887e-10,0.969154,0.0673307,0.900004,0.0101354,0.0447513,0.0222898,0.0224613,,
3214,2470,rejected,1,2.72844e-06,1.68796e-09,1.23508e-10,1.23508e-10,3.20084e-10,3.05887e-10,0.895355,0.0586016,0.834758,0.0101376,0.022235,0.0222347,0,,
3215,2471,accepted,0,2.72844e-06,8.43979e-10,1.23455e-10,1.23455e-10,3.20256e-10,3.05887e-10,0,0,0,0.0111556,0.0451009,0.0227723,0.0223286,,
3216,2472,accepted,1,9.72249e-08,4.21989e-10,1.23429e-10,1.23429e-10,3.20291e-10,3.05887e-10,0.909762,0.0583556,0.84959,0.0104268,0.0447194,0.0224224,0.022297,,
3217,2473,accepted,1,4.20316e-07,2.10995e-10,1.23392e-10,1.23392e-10,3.20325e-10,3.05887e-10,0.905636,0.0565602,0.84728,0.0121012,0.0447513,0.0225573,0.0221939,,
3218,2473,rejected,1,1.7227e-06,2.10995e-09,1.23392e-10,1.23392e-10,3.20325e-10,3.05887e-10,0.965002,0.0621545,0.900692,0.0109754,0.0224169,0.0224168,0,,
3219,2474,accepted,0,1.7227e-06,1.05497e-09,1.23365e-10,1.23365e-10,3.20451e-10,3.05887e-10,0,0,0,0.012901,0.0468118,0.0238827,0.022929,,
3220,2475,accepted,1,6.19565e-08,5.27487e-10,1.23344e-10,1.23344e-10,3.20482e-10,3.05887e-10,0.940794,0.0612171,0.877694,0.0099472,0.0449442,0.0225218,0.0224223,,
