1729.5803033447864
1729.5803033447864
1729.5803033447864
1729.5803033447864
1729.5803033447864
1729.5803033447864
1729.5803033447853
1729.5803033447878
1729.5803033447853
1729.5803033447878
1729.5803033447853
1729.5803033447878
1729.5803033447853
1729.5803033447853
1729.5803033447901
1729.5803033447853
1729.5803033447853
1729.5803033447853
1729.5803033447901
1729.5803033447853
1729.5803033447853
1729.5803033447853
1729.5803033447901
1729.5803033447853
1729.5803033447853
1729.5803033447853
1729.5803033447903
1729.5803033447803
1729.5803033447903
1729.5803033447903
1729.5803033447803
1729.5803033447903
1729.5803033447903
1729.5803033447803
1729.5803033447903
1729.5803033447803
1729.5803033447903
1729.5803033447903
1729.5803033447803
1729.5803033447903
1729.5803033447903
1729.5803033447803
1729.5803033447903
1729.5803033447803
1729.5803033447903
1729.5803033447903
1729.5803033447803
1729.5803033447903
1729.5803033447803
1729.5803033447903
1729.5803033447903
1729.5803033447803
1729.5803033447803
1729.5803033448001
1729.5803033447803
1729.5803033447803
1729.5803033448001
1729.5803033447803
1729.5803033447803
1729.5803033448001
1729.5803033447803
1729.5803033447803
1729.5803033448001
1729.5803033447803
1729.5803033447803
1729.5803033448001
1729.5803033447803
1729.5803033447803
1729.5803033447803
1729.5803033448001
1729.5803033447803
1729.5803033447803
1729.5803033448001
1729.5803033447803
1729.5803033447803
1729.5803033448001
1729.5803033447803
1729.5803033447803
1729.5803033448001
1729.5803033447803
1729.5803033447803
1729.5803033448001
1729.5803033447803
1729.5803033447803
1729.5803033447803
1729.5803033448001
1729.5803033447803
1729.5803033447803
1729.5803033448001
1729.5803033447803
1729.5803033447803
1729.5803033448001
1729.5803033447803
1729.5803033447803
1729.5803033448001
1729.5803033447803
1729.5803033447803
1729.5803033447803
1729.5803033448001
1729.5803033447803
1729.5803033447803
1729.5803033448001
1729.5803033448001
1729.5803033447605
1729.5803033447999
1729.5803033447605
1729.5803033447999
1729.5803033447999
1729.5803033447605
1729.5803033447999
1729.5803033447999
1729.5803033447605
1729.5803033447999
1729.5803033447999
1729.5803033447605
1729.5803033447999
1729.5803033447999
1729.5803033447605
1729.5803033447999
1729.5803033447999
1729.5803033447605
1729.5803033447999
1729.5803033447999
1729.5803033447605
1729.5803033447999
1729.5803033447999
1729.5803033447605
1729.5803033447999
1729.5803033447999
1729.5803033447605
1729.5803033447999
1729.5803033447999
1729.5803033447605
1729.5803033447999
1729.5803033447999
1729.5803033447605
1729.5803033447999
1729.5803033447605
1729.5803033447999
1729.5803033447999
1729.5803033447605
1729.5803033447999
1729.5803033447999
1729.5803033447605
1729.5803033447999
1729.5803033447999
1729.5803033447605
1729.5803033447999
1729.5803033447999
1729.5803033447605
1729.5803033447999
1729.5803033447999
1729.5803033447605
1729.5803033447999
1729.5803033447999
1729.5803033447605
1729.5803033447999
1729.5803033447999
1729.5803033447605
1729.5803033447999
1729.5803033447999
1729.5803033447605
1729.5803033447999
1729.5803033447999
1729.5803033447605
1729.5803033447999
1729.5803033447605
1729.5803033447999
1729.5803033447999
1729.5803033447605
1729.5803033447999
1729.5803033447999
1729.5803033447605
1729.5803033447999
1729.5803033447999
1729.5803033447605
1729.5803033447999
1729.5803033447999
1729.5803033447605
1729.5803033447999
1729.5803033447999
1729.5803033447605
1729.5803033447999
1729.5803033447999
1729.5803033447605
1729.5803033447999
1729.5803033447999
1729.5803033447605
1729.5803033447999
1729.5803033447999
1729.5803033447605
1729.5803033447999
1729.5803033447999
1729.5803033447605
1729.5803033447999
1729.5803033447605
1729.5803033447999
1729.5803033447999
1729.5803033447605
1729.5803033447999
1729.5803033447999
1729.5803033447605
1729.5803033447999
1729.5803033447999
1729.5803033447605
1729.5803033448394
1729.5803033447605
1729.5803033447608
1729.5803033448394
1729.5803033447605
1729.5803033447608
1729.5803033447605
1729.5803033448394
1729.5803033447608
1729.5803033447605
1729.5803033448394
1729.5803033447608
1729.5803033447605
1729.5803033448394
1729.5803033447608
1729.5803033447605
1729.5803033448394
1729.5803033447608
1729.5803033447605
1729.5803033448394
1729.5803033447608
1729.5803033447605
1729.5803033448394
1729.5803033447608
1729.5803033447605
1729.5803033448394
1729.5803033447608
1729.5803033447605
1729.5803033448394
1729.5803033447608
1729.5803033447605
1729.5803033448394
1729.5803033447608
1729.5803033447605
1729.5803033448394
1729.5803033447608
1729.5803033447862
1729.5803033447862
1729.5803033447862
1729.5803033447862
1729.5803033447862
1729.5803033447862
1729.5803033447851
1729.5803033447878
1729.5803033447851
1729.5803033447878
1729.5803033447851
1729.5803033447878
1729.5803033447851
1729.5803033447851
1729.5803033447903
1729.5803033447851
1729.5803033447851
1729.5803033447851
1729.5803033447903
1729.5803033447851
1729.5803033447851
1729.5803033447851
1729.5803033447903
1729.5803033447851
1729.5803033447851
1729.5803033447851
1729.5803033447903
1729.5803033447803
1729.5803033447901
1729.5803033447903
1729.5803033447803
1729.5803033447901
1729.5803033447903
1729.5803033447803
1729.5803033447901
1729.5803033447803
1729.5803033447903
1729.5803033447901
1729.5803033447803
1729.5803033447903
1729.5803033447901
1729.5803033447803
1729.5803033447903
1729.5803033447803
1729.5803033447901
1729.5803033447903
1729.5803033447803
1729.5803033447901
1729.5803033447803
1729.5803033447903
1729.5803033447901
1729.5803033447803
1729.5803033447803
1729.5803033448001
1729.5803033447803
1729.5803033447803
1729.5803033448001
1729.5803033447803
1729.5803033447803
1729.5803033448001
1729.5803033447803
1729.5803033447803
1729.5803033448001
1729.5803033447803
1729.5803033447803
1729.5803033448001
1729.5803033447803
1729.5803033447803
1729.5803033447803
1729.5803033448001
1729.5803033447803
1729.5803033447803
1729.5803033448001
1729.5803033447803
1729.5803033447803
1729.5803033448001
1729.5803033447803
1729.5803033447803
1729.5803033448001
1729.5803033447803
1729.5803033447803
1729.5803033448001
1729.5803033447803
1729.5803033447803
1729.5803033447803
1729.5803033448001
1729.5803033447803
1729.5803033447803
1729.5803033448001
1729.5803033447803
1729.5803033447803
1729.5803033448001
1729.5803033447803
1729.5803033447803
1729.5803033448001
1729.5803033447803
1729.5803033447803
1729.5803033447803
1729.5803033448001
1729.5803033447803
1729.5803033447803
1729.5803033448001
1729.5803033448001
1729.5803033447608
1729.5803033448001
1729.5803033447608
1729.5803033448001
1729.5803033448001
1729.5803033447608
1729.5803033448001
1729.5803033448001
1729.5803033447608
1729.5803033448001
1729.5803033448001
1729.5803033447608
1729.5803033448001
1729.5803033448001
1729.5803033447608
1729.5803033448001
1729.5803033448001
1729.5803033447608
1729.5803033448001
1729.5803033448001
1729.5803033447608
1729.5803033448001
1729.5803033448001
1729.5803033447608
1729.5803033448001
1729.5803033448001
1729.5803033447608
1729.5803033448001
1729.5803033448001
1729.5803033447608
1729.5803033448001
1729.5803033448001
1729.5803033447608
1729.5803033448001
1729.5803033447608
1729.5803033448001
1729.5803033448001
1729.5803033447608
1729.5803033448001
1729.5803033448001
1729.5803033447608
1729.5803033448001
1729.5803033448001
1729.5803033447608
1729.5803033448001
1729.5803033448001
1729.5803033447608
1729.5803033448001
1729.5803033448001
1729.5803033447608
1729.5803033448001
1729.5803033448001
1729.5803033447608
1729.5803033448001
1729.5803033448001
1729.5803033447608
1729.5803033448001
1729.5803033448001
1729.5803033447608
1729.5803033448001
1729.5803033448001
1729.5803033447608
1729.5803033448001
1729.5803033447608
1729.5803033448001
1729.5803033448001
1729.5803033447608
1729.5803033448001
1729.5803033448001
1729.5803033447608
1729.5803033448001
1729.5803033448001
1729.5803033447608
1729.5803033448001
1729.5803033448001
1729.5803033447608
1729.5803033448001
1729.5803033448001
1729.5803033447608
1729.5803033448001
1729.5803033448001
1729.5803033447608
1729.5803033448001
1729.5803033448001
1729.5803033447608
1729.5803033448001
1729.5803033448001
1729.5803033447608
1729.5803033448001
1729.5803033448001
1729.5803033447608
1729.5803033448001
1729.5803033447608
1729.5803033448001
1729.5803033448001
1729.5803033447608
1729.5803033448001
1729.5803033448001
1729.5803033447608
1729.5803033448001
1729.5803033448001
1729.5803033447608
1729.5803033448392
1729.5803033447601
1729.5803033447601
1729.5803033448392
1729.5803033447601
1729.5803033447601
1729.5803033447601
1729.5803033448392
1729.5803033447601
1729.5803033447601
1729.5803033448392
1729.5803033447601
1729.5803033447601
1729.5803033448392
1729.5803033447601
1729.5803033447601
1729.5803033448392
1729.5803033447601
1729.5803033447601
1729.5803033448392
1729.5803033447601
1729.5803033447601
1729.5803033448392
1729.5803033447601
1729.5803033447601
1729.5803033448392
1729.5803033447601
1729.5803033447601
1729.5803033448392
1729.5803033447601
1729.5803033447601
1729.5803033448392
1729.5803033447601
1729.5803033447601
1729.5803033448392
1729.5803033447601
1729.580303344786
1729.580303344786
1729.5803033447862
1729.5803033447862
1729.5803033447862
1729.5803033447862
1729.5803033447851
1729.5803033447874
1729.5803033447851
1729.5803033447874
1729.5803033447851
1729.5803033447874
1729.5803033447851
1729.5803033447849
1729.5803033447899
1729.5803033447849
1729.5803033447849
1729.5803033447849
1729.5803033447899
1729.5803033447849
1729.5803033447849
1729.5803033447849
1729.5803033447899
1729.5803033447849
1729.5803033447849
1729.5803033447849
1729.5803033447899
1729.5803033447801
1729.5803033447899
1729.5803033447899
1729.5803033447801
1729.5803033447899
1729.5803033447899
1729.5803033447801
1729.5803033447899
1729.5803033447801
1729.5803033447899
1729.5803033447899
1729.5803033447801
1729.5803033447899
1729.5803033447899
1729.5803033447801
1729.5803033447899
1729.5803033447801
1729.5803033447899
1729.5803033447899
1729.5803033447801
1729.5803033447899
1729.5803033447801
1729.5803033447899
1729.5803033447899
1729.5803033447798
1729.5803033447801
1729.5803033447999
1729.5803033447798
1729.5803033447801
1729.5803033447999
1729.5803033447798
1729.5803033447801
1729.5803033447999
1729.5803033447798
1729.5803033447801
1729.5803033447999
1729.5803033447798
1729.5803033447801
1729.5803033447999
1729.5803033447798
1729.5803033447801
1729.5803033447798
1729.5803033447999
1729.5803033447801
1729.5803033447801
1729.5803033447999
1729.5803033447801
1729.5803033447801
1729.5803033447999
1729.5803033447801
1729.5803033447801
1729.5803033447999
1729.5803033447801
1729.5803033447801
1729.5803033447999
1729.5803033447801
1729.5803033447801
1729.5803033447801
1729.5803033447999
1729.5803033447801
1729.5803033447801
1729.5803033447999
1729.5803033447801
1729.5803033447801
1729.5803033447999
1729.5803033447801
1729.5803033447801
1729.5803033447999
1729.5803033447801
1729.5803033447801
1729.5803033447798
1729.5803033447999
1729.5803033447801
1729.5803033447798
1729.5803033447999
1729.5803033447999
1729.5803033447601
1729.5803033447999
1729.5803033447601
1729.5803033447999
1729.5803033447999
1729.5803033447601
1729.5803033447999
1729.5803033447999
1729.5803033447601
1729.5803033447999
1729.5803033447999
1729.5803033447601
1729.5803033447999
1729.5803033447999
1729.5803033447601
1729.5803033447999
1729.5803033447999
1729.5803033447601
1729.5803033447999
1729.5803033447999
1729.5803033447601
1729.5803033447999
1729.5803033447999
1729.5803033447601
1729.5803033447999
1729.5803033447999
1729.5803033447601
1729.5803033447999
1729.5803033447999
1729.5803033447601
1729.5803033447999
1729.5803033447999
1729.5803033447601
1729.5803033447999
1729.5803033447601
1729.5803033447999
1729.5803033447999
1729.5803033447601
1729.5803033447999
1729.5803033447999
1729.5803033447601
1729.5803033447999
1729.5803033447999
1729.5803033447601
1729.5803033447999
1729.5803033447999
1729.5803033447601
1729.5803033447999
1729.5803033447999
1729.5803033447601
1729.5803033447999
1729.5803033447999
1729.5803033447601
1729.5803033447999
1729.5803033447999
1729.5803033447601
1729.5803033447999
1729.5803033447999
1729.5803033447601
1729.5803033447999
1729.5803033447999
1729.5803033447601
1729.5803033447999
1729.5803033447601
1729.5803033447999
1729.5803033447999
1729.5803033447601
1729.5803033447999
1729.5803033447999
1729.5803033447601
1729.5803033447999
1729.5803033447999
1729.5803033447601
1729.5803033447999
1729.5803033447999
1729.5803033447601
1729.5803033447999
1729.5803033447999
1729.5803033447601
1729.5803033447999
1729.5803033447999
1729.5803033447601
1729.5803033447999
1729.5803033447999
1729.5803033447601
1729.5803033447999
1729.5803033447999
1729.5803033447601
1729.5803033447999
1729.5803033447999
1729.5803033447601
1729.5803033447999
1729.5803033447601
1729.5803033447999
1729.5803033447999
1729.5803033447601
1729.5803033447999
1729.5803033447999
1729.5803033447601
1729.5803033447999
1729.5803033447999
1729.5803033447601
1729.5803033448392
1729.5803033447601
1729.5803033447601
1729.5803033448392
1729.5803033447601
1729.5803033447601
1729.5803033447601
1729.5803033448392
1729.5803033447601
1729.5803033447601
1729.5803033448392
1729.5803033447601
1729.5803033447601
1729.5803033448392
1729.5803033447601
1729.5803033447601
1729.5803033448392
1729.5803033447601
1729.5803033447601
1729.5803033448392
1729.5803033447601
1729.5803033447601
1729.5803033448392
1729.5803033447601
1729.5803033447601
1729.5803033448392
1729.5803033447601
1729.5803033447601
1729.5803033448392
1729.5803033447601
1729.5803033447601
1729.5803033448392
1729.5803033447601
1729.5803033447601
1729.5803033448392
1729.5803033447601
1729.5803033447867
1729.5803033447867
1729.5803033447867
1729.5803033447867
1729.5803033447867
1729.5803033447867
1729.5803033447858
1729.580303344788
1729.5803033447858
1729.580303344788
1729.5803033447858
1729.580303344788
1729.5803033447858
1729.5803033447853
1729.5803033447903
1729.5803033447853
1729.5803033447853
1729.5803033447853
1729.5803033447903
1729.5803033447853
1729.5803033447853
1729.5803033447853
1729.5803033447903
1729.5803033447853
1729.5803033447853
1729.5803033447853
1729.5803033447908
1729.5803033447808
1729.5803033447908
1729.5803033447908
1729.5803033447808
1729.5803033447908
1729.5803033447908
1729.5803033447808
1729.5803033447908
1729.5803033447808
1729.5803033447908
1729.5803033447908
1729.5803033447808
1729.5803033447908
1729.5803033447908
1729.5803033447808
1729.5803033447908
1729.5803033447808
1729.5803033447908
1729.5803033447908
1729.5803033447808
1729.5803033447908
1729.5803033447808
1729.5803033447908
1729.5803033447908
1729.5803033447808
1729.5803033447808
1729.5803033448003
1729.5803033447808
1729.5803033447808
1729.5803033448003
1729.5803033447808
1729.5803033447808
1729.5803033448003
1729.5803033447808
1729.5803033447808
1729.5803033448003
1729.5803033447808
1729.5803033447808
1729.5803033448003
1729.5803033447808
1729.5803033447808
1729.5803033447808
1729.5803033448003
1729.5803033447808
1729.5803033447808
1729.5803033448003
1729.5803033447808
1729.5803033447808
1729.5803033448003
1729.5803033447808
1729.5803033447808
1729.5803033448003
1729.5803033447808
1729.5803033447808
1729.5803033448003
1729.5803033447808
1729.5803033447808
1729.5803033447808
1729.5803033448003
1729.5803033447808
1729.5803033447808
1729.5803033448003
1729.5803033447808
1729.5803033447808
1729.5803033448003
1729.5803033447808
1729.5803033447808
1729.5803033448003
1729.5803033447808
1729.5803033447808
1729.5803033447808
1729.5803033448003
1729.5803033447808
1729.5803033447808
1729.5803033448003
1729.5803033448003
1729.5803033447608
1729.5803033448003
1729.5803033447608
1729.5803033448003
1729.5803033448003
1729.5803033447608
1729.5803033448003
1729.5803033448003
1729.5803033447608
1729.5803033448003
1729.5803033448003
1729.5803033447608
1729.5803033448003
1729.5803033448003
1729.5803033447608
1729.5803033448003
1729.5803033448003
1729.5803033447608
1729.5803033448003
1729.5803033448003
1729.5803033447608
1729.5803033448003
1729.5803033448003
1729.5803033447608
1729.5803033448003
1729.5803033448003
1729.5803033447608
1729.5803033448003
1729.5803033448003
1729.5803033447608
1729.5803033448003
1729.5803033448003
1729.5803033447608
1729.5803033448003
1729.5803033447608
1729.5803033448003
1729.5803033448003
1729.5803033447608
1729.5803033448003
1729.5803033448003
1729.5803033447608
1729.5803033448003
1729.5803033448003
1729.5803033447608
1729.5803033448003
1729.5803033448003
1729.5803033447608
1729.5803033448003
1729.5803033448003
1729.5803033447608
1729.5803033448003
1729.5803033448003
1729.5803033447608
1729.5803033448003
1729.5803033448003
1729.5803033447608
1729.5803033448003
1729.5803033448003
1729.5803033447608
1729.5803033448003
1729.5803033448003
1729.5803033447608
1729.5803033448003
1729.5803033447608
1729.5803033448003
1729.5803033448003
1729.5803033447608
1729.5803033448003
1729.5803033448003
1729.5803033447608
1729.5803033448003
1729.5803033448003
1729.5803033447608
1729.5803033448003
1729.5803033448003
1729.5803033447608
1729.5803033448003
1729.5803033448003
1729.5803033447608
1729.5803033448003
1729.5803033448003
1729.5803033447608
1729.5803033448003
1729.5803033448003
1729.5803033447608
1729.5803033448003
1729.5803033448003
1729.5803033447608
1729.5803033448003
1729.5803033448003
1729.5803033447608
1729.5803033448003
1729.5803033447608
1729.5803033448003
1729.5803033448003
1729.5803033447608
1729.5803033448003
1729.5803033448003
1729.5803033447608
1729.5803033448003
1729.5803033448003
1729.5803033447608
1729.5803033448399
1729.580303344761
1729.580303344761
1729.5803033448399
1729.580303344761
1729.580303344761
1729.580303344761
1729.5803033448399
1729.580303344761
1729.580303344761
1729.5803033448399
1729.580303344761
1729.580303344761
1729.5803033448399
1729.580303344761
1729.580303344761
1729.5803033448399
1729.580303344761
1729.580303344761
1729.5803033448399
1729.580303344761
1729.580303344761
1729.5803033448399
1729.580303344761
1729.580303344761
1729.5803033448399
1729.580303344761
1729.580303344761
1729.5803033448399
1729.580303344761
1729.580303344761
1729.5803033448399
1729.580303344761
1729.580303344761
1729.5803033448399
1729.580303344761
1729.5803033447862
1729.5803033447862
1729.5803033447862
1729.5803033447862
1729.5803033447862
1729.5803033447862
1729.5803033447849
1729.5803033447876
1729.5803033447849
1729.5803033447876
1729.5803033447849
1729.5803033447876
1729.5803033447849
1729.5803033447849
1729.5803033447899
1729.5803033447849
1729.5803033447849
1729.5803033447849
1729.5803033447899
1729.5803033447849
1729.5803033447849
1729.5803033447849
1729.5803033447899
1729.5803033447849
1729.5803033447849
1729.5803033447849
1729.5803033447899
1729.5803033447798
1729.5803033447899
1729.5803033447899
1729.5803033447798
1729.5803033447899
1729.5803033447899
1729.5803033447798
1729.5803033447899
1729.5803033447803
1729.5803033447899
1729.5803033447899
1729.5803033447803
1729.5803033447899
1729.5803033447899
1729.5803033447803
1729.5803033447899
1729.5803033447798
1729.5803033447899
1729.5803033447899
1729.5803033447798
1729.5803033447899
1729.5803033447798
1729.5803033447899
1729.5803033447899
1729.5803033447803
1729.5803033447803
1729.5803033447999
1729.5803033447803
1729.5803033447803
1729.5803033447999
1729.5803033447803
1729.5803033447803
1729.5803033447999
1729.5803033447803
1729.5803033447803
1729.5803033447999
1729.5803033447803
1729.5803033447803
1729.5803033447999
1729.5803033447803
1729.5803033447803
1729.5803033447803
1729.5803033447999
1729.5803033447803
1729.5803033447803
1729.5803033447999
1729.5803033447803
1729.5803033447803
1729.5803033447999
1729.5803033447803
1729.5803033447803
1729.5803033447999
1729.5803033447803
1729.5803033447803
1729.5803033447999
1729.5803033447803
1729.5803033447803
1729.5803033447803
1729.5803033447999
1729.5803033447803
1729.5803033447803
1729.5803033447999
1729.5803033447803
1729.5803033447803
1729.5803033447999
1729.5803033447803
1729.5803033447803
1729.5803033447999
1729.5803033447803
1729.5803033447803
1729.5803033447803
1729.5803033447999
1729.5803033447803
1729.5803033447803
1729.5803033447999
1729.5803033447999
1729.5803033447601
1729.5803033447996
1729.5803033447601
1729.5803033447996
1729.5803033447996
1729.5803033447601
1729.5803033447996
1729.5803033447996
1729.5803033447601
1729.5803033447996
1729.5803033447996
1729.5803033447601
1729.5803033447996
1729.5803033447996
1729.5803033447601
1729.5803033447996
1729.5803033447996
1729.5803033447601
1729.5803033447996
1729.5803033447996
1729.5803033447601
1729.5803033447996
1729.5803033447996
1729.5803033447601
1729.5803033447996
1729.5803033447996
1729.5803033447601
1729.5803033447996
1729.5803033447996
1729.5803033447601
1729.5803033447996
1729.5803033447996
1729.5803033447601
1729.5803033447996
1729.5803033447601
1729.5803033447996
1729.5803033447996
1729.5803033447601
1729.5803033447996
1729.5803033447996
1729.5803033447601
1729.5803033447996
1729.5803033447996
1729.5803033447601
1729.5803033447996
1729.5803033447996
1729.5803033447601
1729.5803033447996
1729.5803033447996
1729.5803033447601
1729.5803033447996
1729.5803033447996
1729.5803033447601
1729.5803033447996
1729.5803033447996
1729.5803033447601
1729.5803033447996
1729.5803033447996
1729.5803033447601
1729.5803033447996
1729.5803033447996
1729.5803033447601
1729.5803033447996
1729.5803033447601
1729.5803033447996
1729.5803033447996
1729.5803033447601
1729.5803033447996
1729.5803033447996
1729.5803033447601
1729.5803033447996
1729.5803033447996
1729.5803033447601
1729.5803033447996
1729.5803033447996
1729.5803033447601
1729.5803033447996
1729.5803033447996
1729.5803033447601
1729.5803033447996
1729.5803033447996
1729.5803033447601
1729.5803033447996
1729.5803033447996
1729.5803033447601
1729.5803033447996
1729.5803033447996
1729.5803033447601
1729.5803033447996
1729.5803033447996
1729.5803033447601
1729.5803033447996
1729.5803033447601
1729.5803033447996
1729.5803033447996
1729.5803033447601
1729.5803033447996
1729.5803033447996
1729.5803033447601
1729.5803033447996
1729.5803033447996
1729.5803033447601
1729.580303344839
1729.5803033447601
1729.5803033447601
1729.580303344839
1729.5803033447601
1729.5803033447601
1729.5803033447601
1729.580303344839
1729.5803033447601
1729.5803033447601
1729.580303344839
1729.5803033447601
1729.5803033447601
1729.580303344839
1729.5803033447601
1729.5803033447601
1729.580303344839
1729.5803033447601
1729.5803033447601
1729.580303344839
1729.5803033447601
1729.5803033447601
1729.580303344839
1729.5803033447601
1729.5803033447601
1729.580303344839
1729.5803033447601
1729.5803033447601
1729.580303344839
1729.5803033447601
1729.5803033447601
1729.580303344839
1729.5803033447601
1729.5803033447601
1729.580303344839
1729.5803033447601
1729.580303344786
1729.580303344786
1729.580303344786
1729.580303344786
1729.580303344786
1729.580303344786
1729.5803033447851
1729.5803033447874
1729.5803033447851
1729.5803033447874
1729.5803033447851
1729.5803033447874
1729.5803033447851
1729.5803033447851
1729.5803033447899
1729.5803033447851
1729.5803033447851
1729.5803033447851
1729.5803033447899
1729.5803033447851
1729.5803033447851
1729.5803033447851
1729.5803033447899
1729.5803033447851
1729.5803033447851
1729.5803033447851
1729.5803033447901
1729.5803033447801
1729.5803033447901
1729.5803033447901
1729.5803033447801
1729.5803033447901
1729.5803033447901
1729.5803033447801
1729.5803033447901
1729.5803033447801
1729.5803033447901
1729.5803033447901
1729.5803033447801
1729.5803033447901
1729.5803033447901
1729.5803033447801
1729.5803033447901
1729.5803033447801
1729.5803033447901
1729.5803033447901
1729.5803033447801
1729.5803033447901
1729.5803033447801
1729.5803033447901
1729.5803033447901
1729.5803033447801
1729.5803033447801
1729.5803033447999
1729.5803033447801
1729.5803033447801
1729.5803033447999
1729.5803033447801
1729.5803033447801
1729.5803033447999
1729.5803033447801
1729.5803033447801
1729.5803033447999
1729.5803033447801
1729.5803033447801
1729.5803033447999
1729.5803033447801
1729.5803033447801
1729.5803033447801
1729.5803033447999
1729.5803033447801
1729.5803033447801
1729.5803033447999
1729.5803033447801
1729.5803033447801
1729.5803033447999
1729.5803033447801
1729.5803033447801
1729.5803033447999
1729.5803033447801
1729.5803033447801
1729.5803033447999
1729.5803033447801
1729.5803033447801
1729.5803033447801
1729.5803033447999
1729.5803033447801
1729.5803033447801
1729.5803033447999
1729.5803033447801
1729.5803033447801
1729.5803033447999
1729.5803033447801
1729.5803033447801
1729.5803033447999
1729.5803033447801
1729.5803033447801
1729.5803033447801
1729.5803033447999
1729.5803033447801
1729.5803033447801
1729.5803033447999
1729.5803033447999
1729.5803033447598
1729.5803033447994
1729.5803033447598
1729.5803033447999
1729.5803033447994
1729.5803033447598
1729.5803033447999
1729.5803033447994
1729.5803033447598
1729.5803033447999
1729.5803033447994
1729.5803033447598
1729.5803033447999
1729.5803033447994
1729.5803033447598
1729.5803033447999
1729.5803033447994
1729.5803033447598
1729.5803033447999
1729.5803033447994
1729.5803033447598
1729.5803033447999
1729.5803033447994
1729.5803033447598
1729.5803033447999
1729.5803033447994
1729.5803033447598
1729.5803033447999
1729.5803033447994
1729.5803033447598
1729.5803033447999
1729.5803033447994
1729.5803033447598
1729.5803033447999
1729.5803033447598
1729.5803033447994
1729.5803033447999
1729.5803033447598
1729.5803033447994
1729.5803033447999
1729.5803033447598
1729.5803033447994
1729.5803033447999
1729.5803033447598
1729.5803033447994
1729.5803033447999
1729.5803033447598
1729.5803033447994
1729.5803033447999
1729.5803033447598
1729.5803033447994
1729.5803033447999
1729.5803033447598
1729.5803033447994
1729.5803033447999
1729.5803033447598
1729.5803033447994
1729.5803033447999
1729.5803033447598
1729.5803033447994
1729.5803033447999
1729.5803033447598
1729.5803033447994
1729.5803033447598
1729.5803033447994
1729.5803033447994
1729.5803033447598
1729.5803033447994
1729.5803033447994
1729.5803033447598
1729.5803033447994
1729.5803033447994
1729.5803033447598
1729.5803033447994
1729.5803033447994
1729.5803033447598
1729.5803033447994
1729.5803033447994
1729.5803033447598
1729.5803033447994
1729.5803033447994
1729.5803033447598
1729.5803033447994
1729.5803033447994
1729.5803033447598
1729.5803033447994
1729.5803033447994
1729.5803033447598
1729.5803033447994
1729.5803033447994
1729.5803033447598
1729.5803033447994
1729.5803033447598
1729.5803033447994
1729.5803033447994
1729.5803033447598
1729.5803033447994
1729.5803033447994
1729.5803033447598
1729.5803033447994
1729.5803033447994
1729.5803033447598
1729.5803033448392
1729.5803033447601
1729.5803033447601
1729.5803033448392
1729.5803033447601
1729.5803033447601
1729.5803033447601
1729.5803033448392
1729.5803033447601
1729.5803033447601
1729.5803033448392
1729.5803033447601
1729.5803033447601
1729.5803033448392
1729.5803033447601
1729.5803033447601
1729.5803033448392
1729.5803033447601
1729.5803033447601
1729.5803033448392
1729.5803033447601
1729.5803033447601
1729.5803033448392
1729.5803033447601
1729.5803033447601
1729.5803033448392
1729.5803033447601
1729.5803033447601
1729.5803033448392
1729.5803033447601
1729.5803033447601
1729.5803033448392
1729.5803033447601
1729.5803033447601
1729.5803033448392
1729.5803033447601
1729.5803033447862
1729.5803033447862
1729.5803033447862
1729.5803033447862
1729.5803033447862
1729.5803033447862
1729.5803033447849
1729.5803033447876
1729.5803033447849
1729.5803033447876
1729.5803033447849
1729.5803033447876
1729.5803033447849
1729.5803033447849
1729.5803033447899
1729.5803033447849
1729.5803033447849
1729.5803033447849
1729.5803033447899
1729.5803033447849
1729.5803033447849
1729.5803033447849
1729.5803033447899
1729.5803033447849
1729.5803033447849
1729.5803033447849
1729.5803033447899
1729.5803033447798
1729.5803033447899
1729.5803033447899
1729.5803033447798
1729.5803033447899
1729.5803033447899
1729.5803033447798
1729.5803033447899
1729.5803033447803
1729.5803033447899
1729.5803033447899
1729.5803033447803
1729.5803033447899
1729.5803033447899
1729.5803033447803
1729.5803033447899
1729.5803033447798
1729.5803033447899
1729.5803033447899
1729.5803033447798
1729.5803033447899
1729.5803033447798
1729.5803033447899
1729.5803033447899
1729.5803033447803
1729.5803033447803
1729.5803033447999
1729.5803033447803
1729.5803033447803
1729.5803033447999
1729.5803033447803
1729.5803033447803
1729.5803033447999
1729.5803033447803
1729.5803033447803
1729.5803033447999
1729.5803033447803
1729.5803033447803
1729.5803033447999
1729.5803033447803
1729.5803033447803
1729.5803033447803
1729.5803033447999
1729.5803033447803
1729.5803033447803
1729.5803033447999
1729.5803033447803
1729.5803033447803
1729.5803033447999
1729.5803033447803
1729.5803033447803
1729.5803033447999
1729.5803033447803
1729.5803033447803
1729.5803033447999
1729.5803033447803
1729.5803033447803
1729.5803033447803
1729.5803033447999
1729.5803033447803
1729.5803033447803
1729.5803033447999
1729.5803033447803
1729.5803033447803
1729.5803033447999
1729.5803033447803
1729.5803033447803
1729.5803033447999
1729.5803033447803
1729.5803033447803
1729.5803033447803
1729.5803033447999
1729.5803033447803
1729.5803033447803
1729.5803033447999
1729.5803033447999
1729.5803033447601
1729.5803033447996
1729.5803033447601
1729.5803033447996
1729.5803033447996
1729.5803033447601
1729.5803033447996
1729.5803033447996
1729.5803033447601
1729.5803033447996
1729.5803033447996
1729.5803033447601
1729.5803033447996
1729.5803033447996
1729.5803033447601
1729.5803033447996
1729.5803033447996
1729.5803033447601
1729.5803033447996
1729.5803033447996
1729.5803033447601
1729.5803033447996
1729.5803033447996
1729.5803033447601
1729.5803033447996
1729.5803033447996
1729.5803033447601
1729.5803033447996
1729.5803033447996
1729.5803033447601
1729.5803033447996
1729.5803033447996
1729.5803033447601
1729.5803033447996
1729.5803033447601
1729.5803033447996
1729.5803033447996
1729.5803033447601
1729.5803033447996
1729.5803033447996
1729.5803033447601
1729.5803033447996
1729.5803033447996
1729.5803033447601
1729.5803033447996
1729.5803033447996
1729.5803033447601
1729.5803033447996
1729.5803033447996
1729.5803033447601
1729.5803033447996
1729.5803033447996
1729.5803033447601
1729.5803033447996
1729.5803033447996
1729.5803033447601
1729.5803033447996
1729.5803033447996
1729.5803033447601
1729.5803033447996
1729.5803033447996
1729.5803033447601
1729.5803033447996
1729.5803033447601
1729.5803033447996
1729.5803033447996
1729.5803033447601
1729.5803033447996
1729.5803033447996
1729.5803033447601
1729.5803033447996
1729.5803033447996
1729.5803033447601
1729.5803033447996
1729.5803033447996
1729.5803033447601
1729.5803033447996
1729.5803033447996
1729.5803033447601
1729.5803033447996
1729.5803033447996
1729.5803033447601
1729.5803033447996
1729.5803033447996
1729.5803033447601
1729.5803033447996
1729.5803033447996
1729.5803033447601
1729.5803033447996
1729.5803033447996
1729.5803033447601
1729.5803033447996
1729.5803033447601
1729.5803033447996
1729.5803033447996
1729.5803033447601
1729.5803033447996
1729.5803033447996
1729.5803033447601
1729.5803033447996
1729.5803033447996
1729.5803033447601
1729.580303344839
1729.5803033447601
1729.5803033447601
1729.580303344839
1729.5803033447601
1729.5803033447601
1729.5803033447601
1729.580303344839
1729.5803033447601
1729.5803033447601
1729.580303344839
1729.5803033447601
1729.5803033447601
1729.580303344839
1729.5803033447601
1729.5803033447601
1729.580303344839
1729.5803033447601
1729.5803033447601
1729.580303344839
1729.5803033447601
1729.5803033447601
1729.580303344839
1729.5803033447601
1729.5803033447601
1729.580303344839
1729.5803033447601
1729.5803033447601
1729.580303344839
1729.5803033447601
1729.5803033447601
1729.580303344839
1729.5803033447601
1729.5803033447601
1729.580303344839
1729.5803033447601
1729.5803033447874
1729.5803033447874
1729.5803033447874
1729.5803033447874
1729.5803033447874
1729.5803033447874
1729.5803033447862
1729.5803033447887
1729.5803033447862
1729.5803033447885
1729.5803033447862
1729.5803033447887
1729.5803033447862
1729.5803033447862
1729.580303344791
1729.5803033447862
1729.5803033447862
1729.5803033447862
1729.580303344791
1729.5803033447862
1729.5803033447862
1729.5803033447862
1729.580303344791
1729.5803033447862
1729.5803033447862
1729.5803033447862
1729.5803033447912
1729.5803033447812
1729.5803033447912
1729.5803033447912
1729.5803033447812
1729.5803033447912
1729.5803033447912
1729.5803033447812
1729.5803033447912
1729.5803033447812
1729.5803033447912
1729.5803033447912
1729.5803033447812
1729.5803033447912
1729.5803033447912
1729.5803033447812
1729.5803033447912
1729.5803033447812
1729.5803033447912
1729.5803033447912
1729.5803033447812
1729.5803033447912
1729.5803033447812
1729.5803033447912
1729.5803033447912
1729.5803033447812
1729.5803033447812
1729.580303344801
1729.5803033447812
1729.5803033447812
1729.580303344801
1729.5803033447812
1729.5803033447812
1729.580303344801
1729.5803033447812
1729.5803033447812
1729.580303344801
1729.5803033447812
1729.5803033447812
1729.580303344801
1729.5803033447812
1729.5803033447812
1729.5803033447812
1729.580303344801
1729.5803033447812
1729.5803033447812
1729.580303344801
1729.5803033447812
1729.5803033447812
1729.580303344801
1729.5803033447812
1729.5803033447812
1729.580303344801
1729.5803033447812
1729.5803033447812
1729.580303344801
1729.5803033447812
1729.5803033447812
1729.5803033447812
1729.580303344801
1729.5803033447812
1729.5803033447812
1729.580303344801
1729.5803033447812
1729.5803033447812
1729.580303344801
1729.5803033447812
1729.5803033447812
1729.580303344801
1729.5803033447812
1729.5803033447812
1729.5803033447812
1729.580303344801
1729.5803033447812
1729.5803033447812
1729.580303344801
1729.580303344801
1729.5803033447614
1729.5803033448008
1729.5803033447614
1729.580303344801
1729.5803033448008
1729.5803033447614
1729.580303344801
1729.5803033448008
1729.5803033447614
1729.580303344801
1729.5803033448008
1729.5803033447614
1729.580303344801
1729.5803033448008
1729.5803033447614
1729.580303344801
1729.5803033448008
1729.5803033447614
1729.580303344801
1729.5803033448008
1729.5803033447614
1729.580303344801
1729.5803033448008
1729.5803033447614
1729.580303344801
1729.5803033448008
1729.5803033447614
1729.580303344801
1729.5803033448008
1729.5803033447614
1729.580303344801
1729.5803033448008
1729.5803033447614
1729.580303344801
1729.5803033447614
1729.5803033448008
1729.580303344801
1729.5803033447614
1729.5803033448008
1729.580303344801
1729.5803033447614
1729.5803033448008
1729.580303344801
1729.5803033447614
1729.5803033448008
1729.580303344801
1729.5803033447614
1729.5803033448008
1729.580303344801
1729.5803033447614
1729.5803033448008
1729.580303344801
1729.5803033447614
1729.5803033448008
1729.580303344801
1729.5803033447614
1729.5803033448008
1729.580303344801
1729.5803033447614
1729.5803033448008
1729.580303344801
1729.5803033447614
1729.5803033448008
1729.5803033447614
1729.5803033448008
1729.5803033448008
1729.5803033447614
1729.5803033448008
1729.5803033448008
1729.5803033447614
1729.5803033448008
1729.5803033448008
1729.5803033447614
1729.5803033448008
1729.5803033448008
1729.5803033447614
1729.5803033448008
1729.5803033448008
1729.5803033447614
1729.5803033448008
1729.5803033448008
1729.5803033447614
1729.5803033448008
1729.5803033448008
1729.5803033447614
1729.5803033448008
1729.5803033448008
1729.5803033447614
1729.5803033448008
1729.5803033448008
1729.5803033447614
1729.5803033448008
1729.5803033447614
1729.5803033448008
1729.5803033448008
1729.5803033447614
1729.5803033448008
1729.5803033448008
1729.5803033447614
1729.5803033448008
1729.5803033448008
1729.5803033447614
1729.5803033448406
1729.5803033447617
1729.5803033447614
1729.5803033448406
1729.5803033447617
1729.5803033447614
1729.5803033447617
1729.5803033448406
1729.5803033447614
1729.5803033447617
1729.5803033448406
1729.5803033447614
1729.5803033447617
1729.5803033448406
1729.5803033447614
1729.5803033447617
1729.5803033448406
1729.5803033447614
1729.5803033447617
1729.5803033448406
1729.5803033447614
1729.5803033447617
1729.5803033448406
1729.5803033447614
1729.5803033447617
1729.5803033448406
1729.5803033447614
1729.5803033447617
1729.5803033448406
1729.5803033447614
1729.5803033447617
1729.5803033448406
1729.5803033447614
1729.5803033447617
1729.5803033448406
1729.5803033447614
1729.5803033447849
1729.5803033447849
1729.5803033447849
1729.5803033447849
1729.5803033447849
1729.5803033447849
1729.5803033447837
1729.5803033447862
1729.5803033447837
1729.5803033447862
1729.5803033447837
1729.5803033447862
1729.5803033447837
1729.5803033447837
1729.5803033447885
1729.5803033447837
1729.5803033447837
1729.5803033447837
1729.5803033447885
1729.5803033447837
1729.5803033447837
1729.5803033447837
1729.5803033447885
1729.5803033447837
1729.5803033447837
1729.5803033447837
1729.5803033447887
1729.5803033447787
1729.5803033447887
1729.5803033447887
1729.5803033447787
1729.5803033447887
1729.5803033447887
1729.5803033447787
1729.5803033447887
1729.5803033447787
1729.5803033447887
1729.5803033447887
1729.5803033447787
1729.5803033447887
1729.5803033447887
1729.5803033447787
1729.5803033447887
1729.5803033447787
1729.5803033447887
1729.5803033447887
1729.5803033447787
1729.5803033447887
1729.5803033447787
1729.5803033447887
1729.5803033447887
1729.5803033447787
1729.5803033447787
1729.5803033447985
1729.5803033447787
1729.5803033447787
1729.5803033447985
1729.5803033447787
1729.5803033447787
1729.5803033447985
1729.5803033447787
1729.5803033447787
1729.5803033447985
1729.5803033447787
1729.5803033447787
1729.5803033447985
1729.5803033447787
1729.5803033447787
1729.5803033447787
1729.5803033447985
1729.5803033447787
1729.5803033447787
1729.5803033447985
1729.5803033447787
1729.5803033447787
1729.5803033447985
1729.5803033447787
1729.5803033447787
1729.5803033447985
1729.5803033447787
1729.5803033447787
1729.5803033447985
1729.5803033447787
1729.5803033447787
1729.5803033447787
1729.5803033447985
1729.5803033447787
1729.5803033447787
1729.5803033447985
1729.5803033447787
1729.5803033447787
1729.5803033447985
1729.5803033447787
1729.5803033447787
1729.5803033447985
1729.5803033447787
1729.5803033447787
1729.5803033447787
1729.5803033447985
1729.5803033447787
1729.5803033447787
1729.5803033447985
1729.5803033447985
1729.5803033447589
1729.5803033447983
1729.5803033447589
1729.5803033447983
1729.5803033447983
1729.5803033447589
1729.5803033447983
1729.5803033447983
1729.5803033447589
1729.5803033447983
1729.5803033447983
1729.5803033447589
1729.5803033447983
1729.5803033447983
1729.5803033447589
1729.5803033447983
1729.5803033447983
1729.5803033447589
1729.5803033447983
1729.5803033447983
1729.5803033447589
1729.5803033447983
1729.5803033447983
1729.5803033447589
1729.5803033447983
1729.5803033447983
1729.5803033447589
1729.5803033447983
1729.5803033447983
1729.5803033447589
1729.5803033447983
1729.5803033447983
1729.5803033447589
1729.5803033447983
1729.5803033447589
1729.5803033447983
1729.5803033447983
1729.5803033447589
1729.5803033447983
1729.5803033447983
1729.5803033447589
1729.5803033447983
1729.5803033447983
1729.5803033447589
1729.5803033447983
1729.5803033447983
1729.5803033447589
1729.5803033447983
1729.5803033447983
1729.5803033447589
1729.5803033447983
1729.5803033447983
1729.5803033447589
1729.5803033447983
1729.5803033447983
1729.5803033447589
1729.5803033447983
1729.5803033447983
1729.5803033447589
1729.5803033447983
1729.5803033447983
1729.5803033447589
1729.5803033447983
1729.5803033447589
1729.5803033447983
1729.5803033447983
1729.5803033447589
1729.5803033447983
1729.5803033447983
1729.5803033447589
1729.5803033447983
1729.5803033447983
1729.5803033447589
1729.5803033447983
1729.5803033447983
1729.5803033447589
1729.5803033447983
1729.5803033447983
1729.5803033447589
1729.5803033447983
1729.5803033447983
1729.5803033447589
1729.5803033447983
1729.5803033447983
1729.5803033447589
1729.5803033447983
1729.5803033447983
1729.5803033447589
1729.5803033447983
1729.5803033447983
1729.5803033447589
1729.5803033447983
1729.5803033447589
1729.5803033447983
1729.5803033447983
1729.5803033447589
1729.5803033447983
1729.5803033447983
1729.5803033447589
1729.5803033447983
1729.5803033447983
1729.5803033447589
1729.5803033448381
1729.5803033447592
1729.5803033447592
1729.5803033448381
1729.5803033447592
1729.5803033447592
1729.5803033447592
1729.5803033448381
1729.5803033447592
1729.5803033447592
1729.5803033448381
1729.5803033447592
1729.5803033447592
1729.5803033448381
1729.5803033447592
1729.5803033447592
1729.5803033448381
1729.5803033447592
1729.5803033447592
1729.5803033448381
1729.5803033447592
1729.5803033447592
1729.5803033448381
1729.5803033447592
1729.5803033447592
1729.5803033448381
1729.5803033447592
1729.5803033447592
1729.5803033448381
1729.5803033447592
1729.5803033447592
1729.5803033448381
1729.5803033447592
1729.5803033447592
1729.5803033448381
1729.5803033447592
1729.5803033447874
1729.5803033447874
1729.5803033447874
1729.5803033447874
1729.5803033447874
1729.5803033447874
1729.5803033447862
1729.5803033447887
1729.5803033447862
1729.5803033447885
1729.5803033447862
1729.5803033447887
1729.5803033447862
1729.5803033447862
1729.580303344791
1729.5803033447862
1729.5803033447862
1729.5803033447862
1729.580303344791
1729.5803033447862
1729.5803033447862
1729.5803033447862
1729.580303344791
1729.5803033447862
1729.5803033447862
1729.5803033447862
1729.5803033447912
1729.5803033447812
1729.5803033447912
1729.5803033447912
1729.5803033447812
1729.5803033447912
1729.5803033447912
1729.5803033447812
1729.5803033447912
1729.5803033447812
1729.5803033447912
1729.5803033447912
1729.5803033447812
1729.5803033447912
1729.5803033447912
1729.5803033447812
1729.5803033447912
1729.5803033447812
1729.5803033447912
1729.5803033447912
1729.5803033447812
1729.5803033447912
1729.5803033447812
1729.5803033447912
1729.5803033447912
1729.5803033447812
1729.5803033447812
1729.580303344801
1729.5803033447812
1729.5803033447812
1729.580303344801
1729.5803033447812
1729.5803033447812
1729.580303344801
1729.5803033447812
1729.5803033447812
1729.580303344801
1729.5803033447812
1729.5803033447812
1729.580303344801
1729.5803033447812
1729.5803033447812
1729.5803033447812
1729.580303344801
1729.5803033447812
1729.5803033447812
1729.580303344801
1729.5803033447812
1729.5803033447812
1729.580303344801
1729.5803033447812
1729.5803033447812
1729.580303344801
1729.5803033447812
1729.5803033447812
1729.580303344801
1729.5803033447812
1729.5803033447812
1729.5803033447812
1729.580303344801
1729.5803033447812
1729.5803033447812
1729.580303344801
1729.5803033447812
1729.5803033447812
1729.580303344801
1729.5803033447812
1729.5803033447812
1729.580303344801
1729.5803033447812
1729.5803033447812
1729.5803033447812
1729.580303344801
1729.5803033447812
1729.5803033447812
1729.580303344801
1729.580303344801
1729.5803033447614
1729.5803033448008
1729.5803033447614
1729.580303344801
1729.5803033448008
1729.5803033447614
1729.580303344801
1729.5803033448008
1729.5803033447614
1729.580303344801
1729.5803033448008
1729.5803033447614
1729.580303344801
1729.5803033448008
1729.5803033447614
1729.580303344801
1729.5803033448008
1729.5803033447614
1729.580303344801
1729.5803033448008
1729.5803033447614
1729.580303344801
1729.5803033448008
1729.5803033447614
1729.580303344801
1729.5803033448008
1729.5803033447614
1729.580303344801
1729.5803033448008
1729.5803033447614
1729.580303344801
1729.5803033448008
1729.5803033447614
1729.580303344801
1729.5803033447614
1729.5803033448008
1729.580303344801
1729.5803033447614
1729.5803033448008
1729.580303344801
1729.5803033447614
1729.5803033448008
1729.580303344801
1729.5803033447614
1729.5803033448008
1729.580303344801
1729.5803033447614
1729.5803033448008
1729.580303344801
1729.5803033447614
1729.5803033448008
1729.580303344801
1729.5803033447614
1729.5803033448008
1729.580303344801
1729.5803033447614
1729.5803033448008
1729.580303344801
1729.5803033447614
1729.5803033448008
1729.580303344801
1729.5803033447614
1729.5803033448008
1729.5803033447614
1729.5803033448008
1729.5803033448008
1729.5803033447614
1729.5803033448008
1729.5803033448008
1729.5803033447614
1729.5803033448008
1729.5803033448008
1729.5803033447614
1729.5803033448008
1729.5803033448008
1729.5803033447614
1729.5803033448008
1729.5803033448008
1729.5803033447614
1729.5803033448008
1729.5803033448008
1729.5803033447614
1729.5803033448008
1729.5803033448008
1729.5803033447614
1729.5803033448008
1729.5803033448008
1729.5803033447614
1729.5803033448008
1729.5803033448008
1729.5803033447614
1729.5803033448008
1729.5803033447614
1729.5803033448008
1729.5803033448008
1729.5803033447614
1729.5803033448008
1729.5803033448008
1729.5803033447614
1729.5803033448008
1729.5803033448008
1729.5803033447614
1729.5803033448406
1729.5803033447617
1729.5803033447614
1729.5803033448406
1729.5803033447617
1729.5803033447614
1729.5803033447617
1729.5803033448406
1729.5803033447614
1729.5803033447617
1729.5803033448406
1729.5803033447614
1729.5803033447617
1729.5803033448406
1729.5803033447614
1729.5803033447617
1729.5803033448406
1729.5803033447614
1729.5803033447617
1729.5803033448406
1729.5803033447614
1729.5803033447617
1729.5803033448406
1729.5803033447614
1729.5803033447617
1729.5803033448406
1729.5803033447614
1729.5803033447617
1729.5803033448406
1729.5803033447614
1729.5803033447617
1729.5803033448406
1729.5803033447614
1729.5803033447617
1729.5803033448406
1729.5803033447614
1729.5803033447874
1729.5803033447874
1729.5803033447874
1729.5803033447874
1729.5803033447874
1729.5803033447874
1729.5803033447862
1729.5803033447887
1729.5803033447862
1729.5803033447885
1729.5803033447862
1729.5803033447887
1729.5803033447862
1729.5803033447862
1729.580303344791
1729.5803033447862
1729.5803033447862
1729.5803033447862
1729.580303344791
1729.5803033447862
1729.5803033447862
1729.5803033447862
1729.580303344791
1729.5803033447862
1729.5803033447862
1729.5803033447862
1729.5803033447912
1729.5803033447812
1729.5803033447912
1729.5803033447912
1729.5803033447812
1729.5803033447912
1729.5803033447912
1729.5803033447812
1729.5803033447912
1729.5803033447812
1729.5803033447912
1729.5803033447912
1729.5803033447812
1729.5803033447912
1729.5803033447912
1729.5803033447812
1729.5803033447912
1729.5803033447812
1729.5803033447912
1729.5803033447912
1729.5803033447812
1729.5803033447912
1729.5803033447812
1729.5803033447912
1729.5803033447912
1729.5803033447812
1729.5803033447812
1729.580303344801
1729.5803033447812
1729.5803033447812
1729.580303344801
1729.5803033447812
1729.5803033447812
1729.580303344801
1729.5803033447812
1729.5803033447812
1729.580303344801
1729.5803033447812
1729.5803033447812
1729.580303344801
1729.5803033447812
1729.5803033447812
1729.5803033447812
1729.580303344801
1729.5803033447812
1729.5803033447812
1729.580303344801
1729.5803033447812
1729.5803033447812
1729.580303344801
1729.5803033447812
1729.5803033447812
1729.580303344801
1729.5803033447812
1729.5803033447812
1729.580303344801
1729.5803033447812
1729.5803033447812
1729.5803033447812
1729.580303344801
1729.5803033447812
1729.5803033447812
1729.580303344801
1729.5803033447812
1729.5803033447812
1729.580303344801
1729.5803033447812
1729.5803033447812
1729.580303344801
1729.5803033447812
1729.5803033447812
1729.5803033447812
1729.580303344801
1729.5803033447812
1729.5803033447812
1729.580303344801
1729.580303344801
1729.5803033447614
1729.5803033448008
1729.5803033447614
1729.580303344801
1729.5803033448008
1729.5803033447614
1729.580303344801
1729.5803033448008
1729.5803033447614
1729.580303344801
1729.5803033448008
1729.5803033447614
1729.580303344801
1729.5803033448008
1729.5803033447614
1729.580303344801
1729.5803033448008
1729.5803033447614
1729.580303344801
1729.5803033448008
1729.5803033447614
1729.580303344801
1729.5803033448008
1729.5803033447614
1729.580303344801
1729.5803033448008
1729.5803033447614
1729.580303344801
1729.5803033448008
1729.5803033447614
1729.580303344801
1729.5803033448008
1729.5803033447614
1729.580303344801
1729.5803033447614
1729.5803033448008
1729.580303344801
1729.5803033447614
1729.5803033448008
1729.580303344801
1729.5803033447614
1729.5803033448008
1729.580303344801
1729.5803033447614
1729.5803033448008
1729.580303344801
1729.5803033447614
1729.5803033448008
1729.580303344801
1729.5803033447614
1729.5803033448008
1729.580303344801
1729.5803033447614
1729.5803033448008
1729.580303344801
1729.5803033447614
1729.5803033448008
1729.580303344801
1729.5803033447614
1729.5803033448008
1729.580303344801
1729.5803033447614
1729.5803033448008
1729.5803033447614
1729.5803033448008
1729.5803033448008
1729.5803033447614
1729.5803033448008
1729.5803033448008
1729.5803033447614
1729.5803033448008
1729.5803033448008
1729.5803033447614
1729.5803033448008
1729.5803033448008
1729.5803033447614
1729.5803033448008
1729.5803033448008
1729.5803033447614
1729.5803033448008
1729.5803033448008
1729.5803033447614
1729.5803033448008
1729.5803033448008
1729.5803033447614
1729.5803033448008
1729.5803033448008
1729.5803033447614
1729.5803033448008
1729.5803033448008
1729.5803033447614
1729.5803033448008
1729.5803033447614
1729.5803033448008
1729.5803033448008
1729.5803033447614
1729.5803033448008
1729.5803033448008
1729.5803033447614
1729.5803033448008
1729.5803033448008
1729.5803033447614
1729.5803033448406
1729.5803033447617
1729.5803033447614
1729.5803033448406
1729.5803033447617
1729.5803033447614
1729.5803033447617
1729.5803033448406
1729.5803033447614
1729.5803033447617
1729.5803033448406
1729.5803033447614
1729.5803033447617
1729.5803033448406
1729.5803033447614
1729.5803033447617
1729.5803033448406
1729.5803033447614
1729.5803033447617
1729.5803033448406
1729.5803033447614
1729.5803033447617
1729.5803033448406
1729.5803033447614
1729.5803033447617
1729.5803033448406
1729.5803033447614
1729.5803033447617
1729.5803033448406
1729.5803033447614
1729.5803033447617
1729.5803033448406
1729.5803033447614
1729.5803033447617
1729.5803033448406
1729.5803033447614
1729.5803033447851
1729.5803033447851
1729.5803033447849
1729.5803033447849
1729.5803033447849
1729.5803033447849
1729.5803033447837
1729.5803033447862
1729.5803033447837
1729.5803033447862
1729.5803033447837
1729.5803033447862
1729.5803033447837
1729.5803033447837
1729.5803033447885
1729.5803033447837
1729.5803033447837
1729.5803033447837
1729.5803033447885
1729.5803033447837
1729.5803033447837
1729.5803033447837
1729.5803033447885
1729.5803033447837
1729.5803033447837
1729.5803033447837
1729.5803033447887
1729.5803033447787
1729.5803033447887
1729.5803033447887
1729.5803033447787
1729.5803033447887
1729.5803033447887
1729.5803033447787
1729.5803033447887
1729.5803033447787
1729.5803033447887
1729.5803033447887
1729.5803033447787
1729.5803033447887
1729.5803033447887
1729.5803033447787
1729.5803033447887
1729.5803033447787
1729.5803033447887
1729.5803033447887
1729.5803033447787
1729.5803033447887
1729.5803033447787
1729.5803033447887
1729.5803033447887
1729.5803033447787
1729.5803033447787
1729.5803033447985
1729.5803033447787
1729.5803033447787
1729.5803033447985
1729.5803033447787
1729.5803033447787
1729.5803033447985
1729.5803033447787
1729.5803033447787
1729.5803033447985
1729.5803033447787
1729.5803033447787
1729.5803033447985
1729.5803033447787
1729.5803033447787
1729.5803033447787
1729.5803033447985
1729.5803033447787
1729.5803033447787
1729.5803033447985
1729.5803033447787
1729.5803033447787
1729.5803033447985
1729.5803033447787
1729.5803033447787
1729.5803033447985
1729.5803033447787
1729.5803033447787
1729.5803033447985
1729.5803033447787
1729.5803033447787
1729.5803033447787
1729.5803033447985
1729.5803033447787
1729.5803033447787
1729.5803033447985
1729.5803033447787
1729.5803033447787
1729.5803033447985
1729.5803033447787
1729.5803033447787
1729.5803033447985
1729.5803033447787
1729.5803033447787
1729.5803033447787
1729.5803033447985
1729.5803033447787
1729.5803033447787
1729.5803033447985
1729.5803033447985
1729.5803033447589
1729.5803033447983
1729.5803033447589
1729.5803033447983
1729.5803033447983
1729.5803033447589
1729.5803033447983
1729.5803033447983
1729.5803033447589
1729.5803033447983
1729.5803033447983
1729.5803033447589
1729.5803033447983
1729.5803033447983
1729.5803033447589
1729.5803033447983
1729.5803033447983
1729.5803033447589
1729.5803033447983
1729.5803033447983
1729.5803033447589
1729.5803033447983
1729.5803033447983
1729.5803033447589
1729.5803033447983
1729.5803033447983
1729.5803033447589
1729.5803033447983
1729.5803033447983
1729.5803033447589
1729.5803033447983
1729.5803033447983
1729.5803033447589
1729.5803033447983
1729.5803033447589
1729.5803033447983
1729.5803033447983
1729.5803033447589
1729.5803033447983
1729.5803033447983
1729.5803033447589
1729.5803033447983
1729.5803033447983
1729.5803033447589
1729.5803033447983
1729.5803033447983
1729.5803033447589
1729.5803033447983
1729.5803033447983
1729.5803033447589
1729.5803033447983
1729.5803033447983
1729.5803033447589
1729.5803033447983
1729.5803033447983
1729.5803033447589
1729.5803033447983
1729.5803033447983
1729.5803033447589
1729.5803033447983
1729.5803033447983
1729.5803033447589
1729.5803033447983
1729.5803033447589
1729.5803033447983
1729.5803033447983
1729.5803033447589
1729.5803033447983
1729.5803033447983
1729.5803033447589
1729.5803033447983
1729.5803033447983
1729.5803033447589
1729.5803033447983
1729.5803033447983
1729.5803033447589
1729.5803033447983
1729.5803033447983
1729.5803033447589
1729.5803033447983
1729.5803033447983
1729.5803033447589
1729.5803033447983
1729.5803033447983
1729.5803033447589
1729.5803033447983
1729.5803033447983
1729.5803033447589
1729.5803033447983
1729.5803033447983
1729.5803033447589
1729.5803033447983
1729.5803033447589
1729.5803033447983
1729.5803033447983
1729.5803033447589
1729.5803033447983
1729.5803033447983
1729.5803033447589
1729.5803033447983
1729.5803033447983
1729.5803033447589
1729.5803033448381
1729.5803033447589
1729.5803033447589
1729.5803033448381
1729.5803033447589
1729.5803033447589
1729.5803033447589
1729.5803033448381
1729.5803033447589
1729.5803033447589
1729.5803033448381
1729.5803033447589
1729.5803033447589
1729.5803033448381
1729.5803033447589
1729.5803033447589
1729.5803033448381
1729.5803033447589
1729.5803033447589
1729.5803033448381
1729.5803033447589
1729.5803033447589
1729.5803033448381
1729.5803033447589
1729.5803033447589
1729.5803033448381
1729.5803033447589
1729.5803033447589
1729.5803033448381
1729.5803033447589
1729.5803033447589
1729.5803033448381
1729.5803033447589
1729.5803033447589
1729.5803033448381
1729.5803033447589
1729.5803033447874
1729.5803033447874
1729.5803033447874
1729.5803033447874
1729.5803033447874
1729.5803033447874
1729.5803033447862
1729.5803033447887
1729.5803033447862
1729.5803033447885
1729.5803033447862
1729.5803033447887
1729.5803033447862
1729.5803033447862
1729.580303344791
1729.5803033447862
1729.5803033447862
1729.5803033447862
1729.580303344791
1729.5803033447862
1729.5803033447862
1729.5803033447862
1729.580303344791
1729.5803033447862
1729.5803033447862
1729.5803033447862
1729.5803033447912
1729.5803033447812
1729.5803033447912
1729.5803033447912
1729.5803033447812
1729.5803033447912
1729.5803033447912
1729.5803033447812
1729.5803033447912
1729.5803033447812
1729.5803033447912
1729.5803033447912
1729.5803033447812
1729.5803033447912
1729.5803033447912
1729.5803033447812
1729.5803033447912
1729.5803033447812
1729.5803033447912
1729.5803033447912
1729.5803033447812
1729.5803033447912
1729.5803033447812
1729.5803033447912
1729.5803033447912
1729.5803033447812
1729.5803033447812
1729.580303344801
1729.5803033447812
1729.5803033447812
1729.580303344801
1729.5803033447812
1729.5803033447812
1729.580303344801
1729.5803033447812
1729.5803033447812
1729.580303344801
1729.5803033447812
1729.5803033447812
1729.580303344801
1729.5803033447812
1729.5803033447812
1729.5803033447812
1729.580303344801
1729.5803033447812
1729.5803033447812
1729.580303344801
1729.5803033447812
1729.5803033447812
1729.580303344801
1729.5803033447812
1729.5803033447812
1729.580303344801
1729.5803033447812
1729.5803033447812
1729.580303344801
1729.5803033447812
1729.5803033447812
1729.5803033447812
1729.580303344801
1729.5803033447812
1729.5803033447812
1729.580303344801
1729.5803033447812
1729.5803033447812
1729.580303344801
1729.5803033447812
1729.5803033447812
1729.580303344801
1729.5803033447812
1729.5803033447812
1729.5803033447812
1729.580303344801
1729.5803033447812
1729.5803033447812
1729.580303344801
1729.580303344801
1729.5803033447614
1729.5803033448008
1729.5803033447614
1729.580303344801
1729.5803033448008
1729.5803033447614
1729.580303344801
1729.5803033448008
1729.5803033447614
1729.580303344801
1729.5803033448008
1729.5803033447614
1729.580303344801
1729.5803033448008
1729.5803033447614
1729.580303344801
1729.5803033448008
1729.5803033447614
1729.580303344801
1729.5803033448008
1729.5803033447614
1729.580303344801
1729.5803033448008
1729.5803033447614
1729.580303344801
1729.5803033448008
1729.5803033447614
1729.580303344801
1729.5803033448008
1729.5803033447614
1729.580303344801
1729.5803033448008
1729.5803033447614
1729.580303344801
1729.5803033447614
1729.5803033448008
1729.580303344801
1729.5803033447614
1729.5803033448008
1729.580303344801
1729.5803033447614
1729.5803033448008
1729.580303344801
1729.5803033447614
1729.5803033448008
1729.580303344801
1729.5803033447614
1729.5803033448008
1729.580303344801
1729.5803033447614
1729.5803033448008
1729.580303344801
1729.5803033447614
1729.5803033448008
1729.580303344801
1729.5803033447614
1729.5803033448008
1729.580303344801
1729.5803033447614
1729.5803033448008
1729.580303344801
1729.5803033447614
1729.5803033448008
1729.5803033447614
1729.5803033448008
1729.5803033448008
1729.5803033447614
1729.5803033448008
1729.5803033448008
1729.5803033447614
1729.5803033448008
1729.5803033448008
1729.5803033447614
1729.5803033448008
1729.5803033448008
1729.5803033447614
1729.5803033448008
1729.5803033448008
1729.5803033447614
1729.5803033448008
1729.5803033448008
1729.5803033447614
1729.5803033448008
1729.5803033448008
1729.5803033447614
1729.5803033448008
1729.5803033448008
1729.5803033447614
1729.5803033448008
1729.5803033448008
1729.5803033447614
1729.5803033448008
1729.5803033447614
1729.5803033448008
1729.5803033448008
1729.5803033447614
1729.5803033448008
1729.5803033448008
1729.5803033447614
1729.5803033448008
1729.5803033448008
1729.5803033447614
1729.5803033448406
1729.5803033447617
1729.5803033447614
1729.5803033448406
1729.5803033447617
1729.5803033447614
1729.5803033447617
1729.5803033448406
1729.5803033447614
1729.5803033447617
1729.5803033448406
1729.5803033447614
1729.5803033447617
1729.5803033448406
1729.5803033447614
1729.5803033447617
1729.5803033448406
1729.5803033447614
1729.5803033447617
1729.5803033448406
1729.5803033447614
1729.5803033447617
1729.5803033448406
1729.5803033447614
1729.5803033447617
1729.5803033448406
1729.5803033447614
1729.5803033447617
1729.5803033448406
1729.5803033447614
1729.5803033447617
1729.5803033448406
1729.5803033447614
1729.5803033447617
1729.5803033448406
1729.5803033447614
1729.5803033447849
1729.5803033447849
1729.5803033447849
1729.5803033447849
1729.5803033447849
1729.5803033447849
1729.5803033447837
1729.5803033447862
1729.5803033447837
1729.5803033447862
1729.5803033447837
1729.5803033447862
1729.5803033447837
1729.5803033447837
1729.5803033447885
1729.5803033447837
1729.5803033447837
1729.5803033447837
1729.5803033447885
1729.5803033447837
1729.5803033447837
1729.5803033447837
1729.5803033447885
1729.5803033447837
1729.5803033447837
1729.5803033447837
1729.5803033447887
1729.5803033447787
1729.5803033447887
1729.5803033447887
1729.5803033447787
1729.5803033447887
1729.5803033447887
1729.5803033447787
1729.5803033447887
1729.5803033447787
1729.5803033447887
1729.5803033447887
1729.5803033447787
1729.5803033447887
1729.5803033447887
1729.5803033447787
1729.5803033447887
1729.5803033447787
1729.5803033447887
1729.5803033447887
1729.5803033447787
1729.5803033447887
1729.5803033447787
1729.5803033447887
1729.5803033447887
1729.5803033447787
1729.5803033447787
1729.5803033447985
1729.5803033447787
1729.5803033447787
1729.5803033447985
1729.5803033447787
1729.5803033447787
1729.5803033447985
1729.5803033447787
1729.5803033447787
1729.5803033447985
1729.5803033447787
1729.5803033447787
1729.5803033447985
1729.5803033447787
1729.5803033447787
1729.5803033447787
1729.5803033447985
1729.5803033447787
1729.5803033447787
1729.5803033447985
1729.5803033447787
1729.5803033447787
1729.5803033447985
1729.5803033447787
1729.5803033447787
1729.5803033447985
1729.5803033447787
1729.5803033447787
1729.5803033447985
1729.5803033447787
1729.5803033447787
1729.5803033447787
1729.5803033447985
1729.5803033447787
1729.5803033447787
1729.5803033447985
1729.5803033447787
1729.5803033447787
1729.5803033447985
1729.5803033447787
1729.5803033447787
1729.5803033447985
1729.5803033447787
1729.5803033447787
1729.5803033447787
1729.5803033447985
1729.5803033447787
1729.5803033447787
1729.5803033447985
1729.5803033447985
1729.5803033447589
1729.5803033447983
1729.5803033447589
1729.5803033447983
1729.5803033447983
1729.5803033447589
1729.5803033447983
1729.5803033447983
1729.5803033447589
1729.5803033447983
1729.5803033447983
1729.5803033447589
1729.5803033447983
1729.5803033447983
1729.5803033447589
1729.5803033447983
1729.5803033447983
1729.5803033447589
1729.5803033447983
1729.5803033447983
1729.5803033447589
1729.5803033447983
1729.5803033447983
1729.5803033447589
1729.5803033447983
1729.5803033447983
1729.5803033447589
1729.5803033447983
1729.5803033447983
1729.5803033447589
1729.5803033447983
1729.5803033447983
1729.5803033447589
1729.5803033447983
1729.5803033447589
1729.5803033447983
1729.5803033447983
1729.5803033447589
1729.5803033447983
1729.5803033447983
1729.5803033447589
1729.5803033447983
1729.5803033447983
1729.5803033447589
1729.5803033447983
1729.5803033447983
1729.5803033447589
1729.5803033447983
1729.5803033447983
1729.5803033447589
1729.5803033447983
1729.5803033447983
1729.5803033447589
1729.5803033447983
1729.5803033447983
1729.5803033447589
1729.5803033447983
1729.5803033447983
1729.5803033447589
1729.5803033447983
1729.5803033447983
1729.5803033447589
1729.5803033447983
1729.5803033447589
1729.5803033447983
1729.5803033447983
1729.5803033447589
1729.5803033447983
1729.5803033447983
1729.5803033447589
1729.5803033447983
1729.5803033447983
1729.5803033447589
1729.5803033447983
1729.5803033447983
1729.5803033447589
1729.5803033447983
1729.5803033447983
1729.5803033447589
1729.5803033447983
1729.5803033447983
1729.5803033447589
1729.5803033447983
1729.5803033447983
1729.5803033447589
1729.5803033447983
1729.5803033447983
1729.5803033447589
1729.5803033447983
1729.5803033447983
1729.5803033447589
1729.5803033447983
1729.5803033447589
1729.5803033447983
1729.5803033447983
1729.5803033447589
1729.5803033447983
1729.5803033447983
1729.5803033447589
1729.5803033447983
1729.5803033447983
1729.5803033447589
1729.5803033448381
1729.5803033447592
1729.5803033447592
1729.5803033448381
1729.5803033447592
1729.5803033447592
1729.5803033447592
1729.5803033448381
1729.5803033447592
1729.5803033447592
1729.5803033448381
1729.5803033447592
1729.5803033447592
1729.5803033448381
1729.5803033447592
1729.5803033447592
1729.5803033448381
1729.5803033447592
1729.5803033447592
1729.5803033448381
1729.5803033447592
1729.5803033447592
1729.5803033448381
1729.5803033447592
1729.5803033447592
1729.5803033448381
1729.5803033447592
1729.5803033447592
1729.5803033448381
1729.5803033447592
1729.5803033447592
1729.5803033448381
1729.5803033447592
1729.5803033447592
1729.5803033448381
1729.5803033447592
1729.5803033447874
1729.5803033447874
1729.5803033447874
1729.5803033447874
1729.5803033447874
1729.5803033447874
1729.5803033447862
1729.5803033447887
1729.5803033447862
1729.5803033447885
1729.5803033447862
1729.5803033447887
1729.5803033447862
1729.5803033447862
1729.580303344791
1729.5803033447862
1729.5803033447862
1729.5803033447862
1729.580303344791
1729.5803033447862
1729.5803033447862
1729.5803033447862
1729.580303344791
1729.5803033447862
1729.5803033447862
1729.5803033447862
1729.5803033447912
1729.5803033447812
1729.5803033447912
1729.5803033447912
1729.5803033447812
1729.5803033447912
1729.5803033447912
1729.5803033447812
1729.5803033447912
1729.5803033447812
1729.5803033447912
1729.5803033447912
1729.5803033447812
1729.5803033447912
1729.5803033447912
1729.5803033447812
1729.5803033447912
1729.5803033447812
1729.5803033447912
1729.5803033447912
1729.5803033447812
1729.5803033447912
1729.5803033447812
1729.5803033447912
1729.5803033447912
1729.5803033447812
1729.5803033447812
1729.580303344801
1729.5803033447812
1729.5803033447812
1729.580303344801
1729.5803033447812
1729.5803033447812
1729.580303344801
1729.5803033447812
1729.5803033447812
1729.580303344801
1729.5803033447812
1729.5803033447812
1729.580303344801
1729.5803033447812
1729.5803033447812
1729.5803033447812
1729.580303344801
1729.5803033447812
1729.5803033447812
1729.580303344801
1729.5803033447812
1729.5803033447812
1729.580303344801
1729.5803033447812
1729.5803033447812
1729.580303344801
1729.5803033447812
1729.5803033447812
1729.580303344801
1729.5803033447812
1729.5803033447812
1729.5803033447812
1729.580303344801
1729.5803033447812
1729.5803033447812
1729.580303344801
1729.5803033447812
1729.5803033447812
1729.580303344801
1729.5803033447812
1729.5803033447812
1729.580303344801
1729.5803033447812
1729.5803033447812
1729.5803033447812
1729.580303344801
1729.5803033447812
1729.5803033447812
1729.580303344801
1729.580303344801
1729.5803033447614
1729.5803033448008
1729.5803033447614
1729.580303344801
1729.5803033448008
1729.5803033447614
1729.580303344801
1729.5803033448008
1729.5803033447614
1729.580303344801
1729.5803033448008
1729.5803033447614
1729.580303344801
1729.5803033448008
1729.5803033447614
1729.580303344801
1729.5803033448008
1729.5803033447614
1729.580303344801
1729.5803033448008
1729.5803033447614
1729.580303344801
1729.5803033448008
1729.5803033447614
1729.580303344801
1729.5803033448008
1729.5803033447614
1729.580303344801
1729.5803033448008
1729.5803033447614
1729.580303344801
1729.5803033448008
1729.5803033447614
1729.580303344801
1729.5803033447614
1729.5803033448008
1729.580303344801
1729.5803033447614
1729.5803033448008
1729.580303344801
1729.5803033447614
1729.5803033448008
1729.580303344801
1729.5803033447614
1729.5803033448008
1729.580303344801
1729.5803033447614
1729.5803033448008
1729.580303344801
1729.5803033447614
1729.5803033448008
1729.580303344801
1729.5803033447614
1729.5803033448008
1729.580303344801
1729.5803033447614
1729.5803033448008
1729.580303344801
1729.5803033447614
1729.5803033448008
1729.580303344801
1729.5803033447614
1729.5803033448008
1729.5803033447614
1729.5803033448008
1729.5803033448008
1729.5803033447614
1729.5803033448008
1729.5803033448008
1729.5803033447614
1729.5803033448008
1729.5803033448008
1729.5803033447614
1729.5803033448008
1729.5803033448008
1729.5803033447614
1729.5803033448008
1729.5803033448008
1729.5803033447614
1729.5803033448008
1729.5803033448008
1729.5803033447614
1729.5803033448008
1729.5803033448008
1729.5803033447614
1729.5803033448008
1729.5803033448008
1729.5803033447614
1729.5803033448008
1729.5803033448008
1729.5803033447614
1729.5803033448008
1729.5803033447614
1729.5803033448008
1729.5803033448008
1729.5803033447614
1729.5803033448008
1729.5803033448008
1729.5803033447614
1729.5803033448008
1729.5803033448008
1729.5803033447614
1729.5803033448406
1729.5803033447617
1729.5803033447614
1729.5803033448406
1729.5803033447617
1729.5803033447614
1729.5803033447617
1729.5803033448406
1729.5803033447614
1729.5803033447617
1729.5803033448406
1729.5803033447614
1729.5803033447617
1729.5803033448406
1729.5803033447614
1729.5803033447617
1729.5803033448406
1729.5803033447614
1729.5803033447617
1729.5803033448406
1729.5803033447614
1729.5803033447617
1729.5803033448406
1729.5803033447614
1729.5803033447617
1729.5803033448406
1729.5803033447614
1729.5803033447617
1729.5803033448406
1729.5803033447614
1729.5803033447617
1729.5803033448406
1729.5803033447614
1729.5803033447617
1729.5803033448406
1729.5803033447614
1729.5803033447874
1729.5803033447874
1729.5803033447874
1729.5803033447874
1729.5803033447874
1729.5803033447874
1729.5803033447862
1729.5803033447887
1729.5803033447862
1729.5803033447885
1729.5803033447862
1729.5803033447887
1729.5803033447862
1729.5803033447862
1729.580303344791
1729.5803033447862
1729.5803033447862
1729.5803033447862
1729.580303344791
1729.5803033447862
1729.5803033447862
1729.5803033447862
1729.580303344791
1729.5803033447862
1729.5803033447862
1729.5803033447862
1729.5803033447912
1729.5803033447812
1729.5803033447912
1729.5803033447912
1729.5803033447812
1729.5803033447912
1729.5803033447912
1729.5803033447812
1729.5803033447912
1729.5803033447812
1729.5803033447912
1729.5803033447912
1729.5803033447812
1729.5803033447912
1729.5803033447912
1729.5803033447812
1729.5803033447912
1729.5803033447812
1729.5803033447912
1729.5803033447912
1729.5803033447812
1729.5803033447912
1729.5803033447812
1729.5803033447912
1729.5803033447912
1729.5803033447812
1729.5803033447812
1729.580303344801
1729.5803033447812
1729.5803033447812
1729.580303344801
1729.5803033447812
1729.5803033447812
1729.580303344801
1729.5803033447812
1729.5803033447812
1729.580303344801
1729.5803033447812
1729.5803033447812
1729.580303344801
1729.5803033447812
1729.5803033447812
1729.5803033447812
1729.580303344801
1729.5803033447812
1729.5803033447812
1729.580303344801
1729.5803033447812
1729.5803033447812
1729.580303344801
1729.5803033447812
1729.5803033447812
1729.580303344801
1729.5803033447812
1729.5803033447812
1729.580303344801
1729.5803033447812
1729.5803033447812
1729.5803033447812
1729.580303344801
1729.5803033447812
1729.5803033447812
1729.580303344801
1729.5803033447812
1729.5803033447812
1729.580303344801
1729.5803033447812
1729.5803033447812
1729.580303344801
1729.5803033447812
1729.5803033447812
1729.5803033447812
1729.580303344801
1729.5803033447812
1729.5803033447812
1729.580303344801
1729.580303344801
1729.5803033447614
1729.5803033448008
1729.5803033447614
1729.580303344801
1729.5803033448008
1729.5803033447614
1729.580303344801
1729.5803033448008
1729.5803033447614
1729.580303344801
1729.5803033448008
1729.5803033447614
1729.580303344801
1729.5803033448008
1729.5803033447614
1729.580303344801
1729.5803033448008
1729.5803033447614
1729.580303344801
1729.5803033448008
1729.5803033447614
1729.580303344801
1729.5803033448008
1729.5803033447614
1729.580303344801
1729.5803033448008
1729.5803033447614
1729.580303344801
1729.5803033448008
1729.5803033447614
1729.580303344801
1729.5803033448008
1729.5803033447614
1729.580303344801
1729.5803033447614
1729.5803033448008
1729.580303344801
1729.5803033447614
1729.5803033448008
1729.580303344801
1729.5803033447614
1729.5803033448008
1729.580303344801
1729.5803033447614
1729.5803033448008
1729.580303344801
1729.5803033447614
1729.5803033448008
1729.580303344801
1729.5803033447614
1729.5803033448008
1729.580303344801
1729.5803033447614
1729.5803033448008
1729.580303344801
1729.5803033447614
1729.5803033448008
1729.580303344801
1729.5803033447614
1729.5803033448008
1729.580303344801
1729.5803033447614
1729.5803033448008
1729.5803033447614
1729.5803033448008
1729.5803033448008
1729.5803033447614
1729.5803033448008
1729.5803033448008
1729.5803033447614
1729.5803033448008
1729.5803033448008
1729.5803033447614
1729.5803033448008
1729.5803033448008
1729.5803033447614
1729.5803033448008
1729.5803033448008
1729.5803033447614
1729.5803033448008
1729.5803033448008
1729.5803033447614
1729.5803033448008
1729.5803033448008
1729.5803033447614
1729.5803033448008
1729.5803033448008
1729.5803033447614
1729.5803033448008
1729.5803033448008
1729.5803033447614
1729.5803033448008
1729.5803033447614
1729.5803033448008
1729.5803033448008
1729.5803033447614
1729.5803033448008
1729.5803033448008
1729.5803033447614
1729.5803033448008
1729.5803033448008
1729.5803033447614
1729.5803033448406
1729.5803033447617
1729.5803033447614
1729.5803033448406
1729.5803033447617
1729.5803033447614
1729.5803033447617
1729.5803033448406
1729.5803033447614
1729.5803033447617
1729.5803033448406
1729.5803033447614
1729.5803033447617
1729.5803033448406
1729.5803033447614
1729.5803033447617
1729.5803033448406
1729.5803033447614
1729.5803033447617
1729.5803033448406
1729.5803033447614
1729.5803033447617
1729.5803033448406
1729.5803033447614
1729.5803033447617
1729.5803033448406
1729.5803033447614
1729.5803033447617
1729.5803033448406
1729.5803033447614
1729.5803033447617
1729.5803033448406
1729.5803033447614
1729.5803033447617
1729.5803033448406
1729.5803033447614
1729.5803033447874
1729.5803033447874
1729.5803033447874
1729.5803033447874
1729.5803033447874
1729.5803033447874
1729.5803033447862
1729.5803033447887
1729.5803033447862
1729.5803033447885
1729.5803033447862
1729.5803033447887
1729.5803033447862
1729.5803033447862
1729.580303344791
1729.5803033447862
1729.5803033447862
1729.5803033447862
1729.580303344791
1729.5803033447862
1729.5803033447862
1729.5803033447862
1729.580303344791
1729.5803033447862
1729.5803033447862
1729.5803033447862
1729.5803033447912
1729.5803033447812
1729.5803033447912
1729.5803033447912
1729.5803033447812
1729.5803033447912
1729.5803033447912
1729.5803033447812
1729.5803033447912
1729.5803033447812
1729.5803033447912
1729.5803033447912
1729.5803033447812
1729.5803033447912
1729.5803033447912
1729.5803033447812
1729.5803033447912
1729.5803033447812
1729.5803033447912
1729.5803033447912
1729.5803033447812
1729.5803033447912
1729.5803033447812
1729.5803033447912
1729.5803033447912
1729.5803033447812
1729.5803033447812
1729.580303344801
1729.5803033447812
1729.5803033447812
1729.580303344801
1729.5803033447812
1729.5803033447812
1729.580303344801
1729.5803033447812
1729.5803033447812
1729.580303344801
1729.5803033447812
1729.5803033447812
1729.580303344801
1729.5803033447812
1729.5803033447812
1729.5803033447812
1729.580303344801
1729.5803033447812
1729.5803033447812
1729.580303344801
1729.5803033447812
1729.5803033447812
1729.580303344801
1729.5803033447812
1729.5803033447812
1729.580303344801
1729.5803033447812
1729.5803033447812
1729.580303344801
1729.5803033447812
1729.5803033447812
1729.5803033447812
1729.580303344801
1729.5803033447812
1729.5803033447812
1729.580303344801
1729.5803033447812
1729.5803033447812
1729.580303344801
1729.5803033447812
1729.5803033447812
1729.580303344801
1729.5803033447812
1729.5803033447812
1729.5803033447812
1729.580303344801
1729.5803033447812
1729.5803033447812
1729.580303344801
1729.580303344801
1729.5803033447614
1729.5803033448008
1729.5803033447614
1729.580303344801
1729.5803033448008
1729.5803033447614
1729.580303344801
1729.5803033448008
1729.5803033447614
1729.580303344801
1729.5803033448008
1729.5803033447614
1729.580303344801
1729.5803033448008
1729.5803033447614
1729.580303344801
1729.5803033448008
1729.5803033447614
1729.580303344801
1729.5803033448008
1729.5803033447614
1729.580303344801
1729.5803033448008
1729.5803033447614
1729.580303344801
1729.5803033448008
1729.5803033447614
1729.580303344801
1729.5803033448008
1729.5803033447614
1729.580303344801
1729.5803033448008
1729.5803033447614
1729.580303344801
1729.5803033447614
1729.5803033448008
1729.580303344801
1729.5803033447614
1729.5803033448008
1729.580303344801
1729.5803033447614
1729.5803033448008
1729.580303344801
1729.5803033447614
1729.5803033448008
1729.580303344801
1729.5803033447614
1729.5803033448008
1729.580303344801
1729.5803033447614
1729.5803033448008
1729.580303344801
1729.5803033447614
1729.5803033448008
1729.580303344801
1729.5803033447614
1729.5803033448008
1729.580303344801
1729.5803033447614
1729.5803033448008
1729.580303344801
1729.5803033447614
1729.5803033448008
1729.5803033447614
1729.5803033448008
1729.5803033448008
1729.5803033447614
1729.5803033448008
1729.5803033448008
1729.5803033447614
1729.5803033448008
1729.5803033448008
1729.5803033447614
1729.5803033448008
1729.5803033448008
1729.5803033447614
1729.5803033448008
1729.5803033448008
1729.5803033447614
1729.5803033448008
1729.5803033448008
1729.5803033447614
1729.5803033448008
1729.5803033448008
1729.5803033447614
1729.5803033448008
1729.5803033448008
1729.5803033447614
1729.5803033448008
1729.5803033448008
1729.5803033447614
1729.5803033448008
1729.5803033447614
1729.5803033448008
1729.5803033448008
1729.5803033447614
1729.5803033448008
1729.5803033448008
1729.5803033447614
1729.5803033448008
1729.5803033448008
1729.5803033447614
1729.5803033448406
1729.5803033447617
1729.5803033447614
1729.5803033448406
1729.5803033447617
1729.5803033447614
1729.5803033447617
1729.5803033448406
1729.5803033447614
1729.5803033447617
1729.5803033448406
1729.5803033447614
1729.5803033447617
1729.5803033448406
1729.5803033447614
1729.5803033447617
1729.5803033448406
1729.5803033447614
1729.5803033447617
1729.5803033448406
1729.5803033447614
1729.5803033447617
1729.5803033448406
1729.5803033447614
1729.5803033447617
1729.5803033448406
1729.5803033447614
1729.5803033447617
1729.5803033448406
1729.5803033447614
1729.5803033447617
1729.5803033448406
1729.5803033447614
1729.5803033447617
1729.5803033448406
1729.5803033447614
1729.5803033447824
1729.5803033447824
1729.5803033447824
1729.5803033447828
1729.5803033447824
1729.5803033447824
1729.5803033447812
1729.5803033447837
1729.5803033447812
1729.5803033447835
1729.5803033447812
1729.5803033447837
1729.5803033447812
1729.5803033447812
1729.580303344786
1729.5803033447812
1729.5803033447812
1729.5803033447812
1729.580303344786
1729.5803033447812
1729.5803033447812
1729.5803033447812
1729.580303344786
1729.5803033447812
1729.5803033447812
1729.5803033447812
1729.5803033447862
1729.5803033447762
1729.5803033447862
1729.5803033447862
1729.5803033447762
1729.5803033447862
1729.5803033447862
1729.5803033447762
1729.5803033447862
1729.5803033447762
1729.5803033447862
1729.5803033447862
1729.5803033447762
1729.5803033447862
1729.5803033447862
1729.5803033447762
1729.5803033447862
1729.5803033447762
1729.5803033447862
1729.5803033447862
1729.5803033447762
1729.5803033447862
1729.5803033447762
1729.5803033447862
1729.5803033447862
1729.5803033447762
1729.5803033447762
1729.580303344796
1729.5803033447762
1729.5803033447762
1729.580303344796
1729.5803033447762
1729.5803033447762
1729.580303344796
1729.5803033447762
1729.5803033447762
1729.580303344796
1729.5803033447762
1729.5803033447762
1729.580303344796
1729.5803033447762
1729.5803033447762
1729.5803033447762
1729.580303344796
1729.5803033447762
1729.5803033447762
1729.580303344796
1729.5803033447762
1729.5803033447762
1729.580303344796
1729.5803033447762
1729.5803033447762
1729.580303344796
1729.5803033447762
1729.5803033447762
1729.580303344796
1729.5803033447762
1729.5803033447762
1729.5803033447762
1729.580303344796
1729.5803033447762
1729.5803033447762
1729.580303344796
1729.5803033447762
1729.5803033447762
1729.580303344796
1729.5803033447762
1729.5803033447762
1729.580303344796
1729.5803033447762
1729.5803033447762
1729.5803033447762
1729.580303344796
1729.5803033447762
1729.5803033447762
1729.580303344796
1729.580303344796
1729.5803033447564
1729.5803033447958
1729.5803033447564
1729.580303344796
1729.5803033447958
1729.5803033447564
1729.580303344796
1729.5803033447958
1729.5803033447564
1729.580303344796
1729.5803033447958
1729.5803033447564
1729.580303344796
1729.5803033447958
1729.5803033447564
1729.580303344796
1729.5803033447958
1729.5803033447564
1729.580303344796
1729.5803033447958
1729.5803033447564
1729.580303344796
1729.5803033447958
1729.5803033447564
1729.580303344796
1729.5803033447958
1729.5803033447564
1729.580303344796
1729.5803033447958
1729.5803033447564
1729.580303344796
1729.5803033447958
1729.5803033447564
1729.580303344796
1729.5803033447564
1729.5803033447958
1729.580303344796
1729.5803033447564
1729.5803033447958
1729.580303344796
1729.5803033447564
1729.5803033447958
1729.580303344796
1729.5803033447564
1729.5803033447958
1729.580303344796
1729.5803033447564
1729.5803033447958
1729.580303344796
1729.5803033447564
1729.5803033447958
1729.580303344796
1729.5803033447564
1729.5803033447958
1729.580303344796
1729.5803033447564
1729.5803033447958
1729.580303344796
1729.5803033447564
1729.5803033447958
1729.580303344796
1729.5803033447564
1729.5803033447958
1729.5803033447564
1729.5803033447958
1729.5803033447958
1729.5803033447564
1729.5803033447958
1729.5803033447958
1729.5803033447564
1729.5803033447958
1729.5803033447958
1729.5803033447564
1729.5803033447958
1729.5803033447958
1729.5803033447564
1729.5803033447958
1729.5803033447958
1729.5803033447564
1729.5803033447958
1729.5803033447958
1729.5803033447564
1729.5803033447958
1729.5803033447958
1729.5803033447564
1729.5803033447958
1729.5803033447958
1729.5803033447564
1729.5803033447958
1729.5803033447958
1729.5803033447564
1729.5803033447958
1729.5803033447564
1729.5803033447958
1729.5803033447958
1729.5803033447564
1729.5803033447958
1729.5803033447958
1729.5803033447564
1729.5803033447958
1729.5803033447958
1729.5803033447564
1729.5803033448356
1729.5803033447567
1729.5803033447567
1729.5803033448356
1729.5803033447567
1729.5803033447567
1729.5803033447567
1729.5803033448356
1729.5803033447567
1729.5803033447567
1729.5803033448356
1729.5803033447567
1729.5803033447567
1729.5803033448356
1729.5803033447567
1729.5803033447567
1729.5803033448356
1729.5803033447567
1729.5803033447567
1729.5803033448356
1729.5803033447567
1729.5803033447567
1729.5803033448356
1729.5803033447567
1729.5803033447567
1729.5803033448356
1729.5803033447567
1729.5803033447567
1729.5803033448356
1729.5803033447567
1729.5803033447567
1729.5803033448356
1729.5803033447567
1729.5803033447567
1729.5803033448356
1729.5803033447567
1729.5803033447874
1729.5803033447874
1729.5803033447874
1729.5803033447874
1729.5803033447874
1729.5803033447874
1729.5803033447862
1729.5803033447887
1729.5803033447862
1729.5803033447885
1729.5803033447862
1729.5803033447887
1729.5803033447862
1729.5803033447862
1729.580303344791
1729.5803033447862
1729.5803033447862
1729.5803033447862
1729.580303344791
1729.5803033447862
1729.5803033447862
1729.5803033447862
1729.580303344791
1729.5803033447862
1729.5803033447862
1729.5803033447862
1729.5803033447912
1729.5803033447812
1729.5803033447912
1729.5803033447912
1729.5803033447812
1729.5803033447912
1729.5803033447912
1729.5803033447812
1729.5803033447912
1729.5803033447812
1729.5803033447912
1729.5803033447912
1729.5803033447812
1729.5803033447912
1729.5803033447912
1729.5803033447812
1729.5803033447912
1729.5803033447812
1729.5803033447912
1729.5803033447912
1729.5803033447812
1729.5803033447912
1729.5803033447812
1729.5803033447912
1729.5803033447912
1729.5803033447812
1729.5803033447812
1729.580303344801
1729.5803033447812
1729.5803033447812
1729.580303344801
1729.5803033447812
1729.5803033447812
1729.580303344801
1729.5803033447812
1729.5803033447812
1729.580303344801
1729.5803033447812
1729.5803033447812
1729.580303344801
1729.5803033447812
1729.5803033447812
1729.5803033447812
1729.580303344801
1729.5803033447812
1729.5803033447812
1729.580303344801
1729.5803033447812
1729.5803033447812
1729.580303344801
1729.5803033447812
1729.5803033447812
1729.580303344801
1729.5803033447812
1729.5803033447812
1729.580303344801
1729.5803033447812
1729.5803033447812
1729.5803033447812
1729.580303344801
1729.5803033447812
1729.5803033447812
1729.580303344801
1729.5803033447812
1729.5803033447812
1729.580303344801
1729.5803033447812
1729.5803033447812
1729.580303344801
1729.5803033447812
1729.5803033447812
1729.5803033447812
1729.580303344801
1729.5803033447812
1729.5803033447812
1729.580303344801
1729.580303344801
1729.5803033447614
1729.5803033448008
1729.5803033447614
1729.580303344801
1729.5803033448008
1729.5803033447614
1729.580303344801
1729.5803033448008
1729.5803033447614
1729.580303344801
1729.5803033448008
1729.5803033447614
1729.580303344801
1729.5803033448008
1729.5803033447614
1729.580303344801
1729.5803033448008
1729.5803033447614
1729.580303344801
1729.5803033448008
1729.5803033447614
1729.580303344801
1729.5803033448008
1729.5803033447614
1729.580303344801
1729.5803033448008
1729.5803033447614
1729.580303344801
1729.5803033448008
1729.5803033447614
1729.580303344801
1729.5803033448008
1729.5803033447614
1729.580303344801
1729.5803033447614
1729.5803033448008
1729.580303344801
1729.5803033447614
1729.5803033448008
1729.580303344801
1729.5803033447614
1729.5803033448008
1729.580303344801
1729.5803033447614
1729.5803033448008
1729.580303344801
1729.5803033447614
1729.5803033448008
1729.580303344801
1729.5803033447614
1729.5803033448008
1729.580303344801
1729.5803033447614
1729.5803033448008
1729.580303344801
1729.5803033447614
1729.5803033448008
1729.580303344801
1729.5803033447614
1729.5803033448008
1729.580303344801
1729.5803033447614
1729.5803033448008
1729.5803033447614
1729.5803033448008
1729.5803033448008
1729.5803033447614
1729.5803033448008
1729.5803033448008
1729.5803033447614
1729.5803033448008
1729.5803033448008
1729.5803033447614
1729.5803033448008
1729.5803033448008
1729.5803033447614
1729.5803033448008
1729.5803033448008
1729.5803033447614
1729.5803033448008
1729.5803033448008
1729.5803033447614
1729.5803033448008
1729.5803033448008
1729.5803033447614
1729.5803033448008
1729.5803033448008
1729.5803033447614
1729.5803033448008
1729.5803033448008
1729.5803033447614
1729.5803033448008
1729.5803033447614
1729.5803033448008
1729.5803033448008
1729.5803033447614
1729.5803033448008
1729.5803033448008
1729.5803033447614
1729.5803033448008
1729.5803033448008
1729.5803033447614
1729.5803033448406
1729.5803033447617
1729.5803033447614
1729.5803033448406
1729.5803033447617
1729.5803033447614
1729.5803033447617
1729.5803033448406
1729.5803033447614
1729.5803033447617
1729.5803033448406
1729.5803033447614
1729.5803033447617
1729.5803033448406
1729.5803033447614
1729.5803033447617
1729.5803033448406
1729.5803033447614
1729.5803033447617
1729.5803033448406
1729.5803033447614
1729.5803033447617
1729.5803033448406
1729.5803033447614
1729.5803033447617
1729.5803033448406
1729.5803033447614
1729.5803033447617
1729.5803033448406
1729.5803033447614
1729.5803033447617
1729.5803033448406
1729.5803033447614
1729.5803033447617
1729.5803033448406
1729.5803033447614
1729.5803033447874
1729.5803033447874
1729.5803033447874
1729.5803033447874
1729.5803033447874
1729.5803033447874
1729.5803033447862
1729.5803033447887
1729.5803033447862
1729.5803033447885
1729.5803033447862
1729.5803033447887
1729.5803033447862
1729.5803033447862
1729.580303344791
1729.5803033447862
1729.5803033447862
1729.5803033447862
1729.580303344791
1729.5803033447862
1729.5803033447862
1729.5803033447862
1729.580303344791
1729.5803033447862
1729.5803033447862
1729.5803033447862
1729.5803033447912
1729.5803033447812
1729.5803033447912
1729.5803033447912
1729.5803033447812
1729.5803033447912
1729.5803033447912
1729.5803033447812
1729.5803033447912
1729.5803033447812
1729.5803033447912
1729.5803033447912
1729.5803033447812
1729.5803033447912
1729.5803033447912
1729.5803033447812
1729.5803033447912
1729.5803033447812
1729.5803033447912
1729.5803033447912
1729.5803033447812
1729.5803033447912
1729.5803033447812
1729.5803033447912
1729.5803033447912
1729.5803033447812
1729.5803033447812
1729.580303344801
1729.5803033447812
1729.5803033447812
1729.580303344801
1729.5803033447812
1729.5803033447812
1729.580303344801
1729.5803033447812
1729.5803033447812
1729.580303344801
1729.5803033447812
1729.5803033447812
1729.580303344801
1729.5803033447812
1729.5803033447812
1729.5803033447812
1729.580303344801
1729.5803033447812
1729.5803033447812
1729.580303344801
1729.5803033447812
1729.5803033447812
1729.580303344801
1729.5803033447812
1729.5803033447812
1729.580303344801
1729.5803033447812
1729.5803033447812
1729.580303344801
1729.5803033447812
1729.5803033447812
1729.5803033447812
1729.580303344801
1729.5803033447812
1729.5803033447812
1729.580303344801
1729.5803033447812
1729.5803033447812
1729.580303344801
1729.5803033447812
1729.5803033447812
1729.580303344801
1729.5803033447812
1729.5803033447812
1729.5803033447812
1729.580303344801
1729.5803033447812
1729.5803033447812
1729.580303344801
1729.580303344801
1729.5803033447614
1729.5803033448008
1729.5803033447614
1729.580303344801
1729.5803033448008
1729.5803033447614
1729.580303344801
1729.5803033448008
1729.5803033447614
1729.580303344801
1729.5803033448008
1729.5803033447614
1729.580303344801
1729.5803033448008
1729.5803033447614
1729.580303344801
1729.5803033448008
1729.5803033447614
1729.580303344801
1729.5803033448008
1729.5803033447614
1729.580303344801
1729.5803033448008
1729.5803033447614
1729.580303344801
1729.5803033448008
1729.5803033447614
1729.580303344801
1729.5803033448008
1729.5803033447614
1729.580303344801
1729.5803033448008
1729.5803033447614
1729.580303344801
1729.5803033447614
1729.5803033448008
1729.580303344801
1729.5803033447614
1729.5803033448008
1729.580303344801
1729.5803033447614
1729.5803033448008
1729.580303344801
1729.5803033447614
1729.5803033448008
1729.580303344801
1729.5803033447614
1729.5803033448008
1729.580303344801
1729.5803033447614
1729.5803033448008
1729.580303344801
1729.5803033447614
1729.5803033448008
1729.580303344801
1729.5803033447614
1729.5803033448008
1729.580303344801
1729.5803033447614
1729.5803033448008
1729.580303344801
1729.5803033447614
1729.5803033448008
1729.5803033447614
1729.5803033448008
1729.5803033448008
1729.5803033447614
1729.5803033448008
1729.5803033448008
1729.5803033447614
1729.5803033448008
1729.5803033448008
1729.5803033447614
1729.5803033448008
1729.5803033448008
1729.5803033447614
1729.5803033448008
1729.5803033448008
1729.5803033447614
1729.5803033448008
1729.5803033448008
1729.5803033447614
1729.5803033448008
1729.5803033448008
1729.5803033447614
1729.5803033448008
1729.5803033448008
1729.5803033447614
1729.5803033448008
1729.5803033448008
1729.5803033447614
1729.5803033448008
1729.5803033447614
1729.5803033448008
1729.5803033448008
1729.5803033447614
1729.5803033448008
1729.5803033448008
1729.5803033447614
1729.5803033448008
1729.5803033448008
1729.5803033447614
1729.5803033448406
1729.5803033447617
1729.5803033447614
1729.5803033448406
1729.5803033447617
1729.5803033447614
1729.5803033447617
1729.5803033448406
1729.5803033447614
1729.5803033447617
1729.5803033448406
1729.5803033447614
1729.5803033447617
1729.5803033448406
1729.5803033447614
1729.5803033447617
1729.5803033448406
1729.5803033447614
1729.5803033447617
1729.5803033448406
1729.5803033447614
1729.5803033447617
1729.5803033448406
1729.5803033447614
1729.5803033447617
1729.5803033448406
1729.5803033447614
1729.5803033447617
1729.5803033448406
1729.5803033447614
1729.5803033447617
1729.5803033448406
1729.5803033447614
1729.5803033447617
1729.5803033448406
1729.5803033447614
1729.5803033447874
1729.5803033447874
1729.5803033447874
1729.5803033447874
1729.5803033447874
1729.5803033447874
1729.5803033447862
1729.5803033447887
1729.5803033447862
1729.5803033447885
1729.5803033447862
1729.5803033447887
1729.5803033447862
1729.5803033447862
1729.580303344791
1729.5803033447862
1729.5803033447862
1729.5803033447862
1729.580303344791
1729.5803033447862
1729.5803033447862
1729.5803033447862
1729.580303344791
1729.5803033447862
1729.5803033447862
1729.5803033447862
1729.5803033447912
1729.5803033447812
1729.5803033447912
1729.5803033447912
1729.5803033447812
1729.5803033447912
1729.5803033447912
1729.5803033447812
1729.5803033447912
1729.5803033447812
1729.5803033447912
1729.5803033447912
1729.5803033447812
1729.5803033447912
1729.5803033447912
1729.5803033447812
1729.5803033447912
1729.5803033447812
1729.5803033447912
1729.5803033447912
1729.5803033447812
1729.5803033447912
1729.5803033447812
1729.5803033447912
1729.5803033447912
1729.5803033447812
1729.5803033447812
1729.580303344801
1729.5803033447812
1729.5803033447812
1729.580303344801
1729.5803033447812
1729.5803033447812
1729.580303344801
1729.5803033447812
1729.5803033447812
1729.580303344801
1729.5803033447812
1729.5803033447812
1729.580303344801
1729.5803033447812
1729.5803033447812
1729.5803033447812
1729.580303344801
1729.5803033447812
1729.5803033447812
1729.580303344801
1729.5803033447812
1729.5803033447812
1729.580303344801
1729.5803033447812
1729.5803033447812
1729.580303344801
1729.5803033447812
1729.5803033447812
1729.580303344801
1729.5803033447812
1729.5803033447812
1729.5803033447812
1729.580303344801
1729.5803033447812
1729.5803033447812
1729.580303344801
1729.5803033447812
1729.5803033447812
1729.580303344801
1729.5803033447812
1729.5803033447812
1729.580303344801
1729.5803033447812
1729.5803033447812
1729.5803033447812
1729.580303344801
1729.5803033447812
1729.5803033447812
1729.580303344801
1729.580303344801
1729.5803033447614
1729.5803033448008
1729.5803033447614
1729.580303344801
1729.5803033448008
1729.5803033447614
1729.580303344801
1729.5803033448008
1729.5803033447614
1729.580303344801
1729.5803033448008
1729.5803033447614
1729.580303344801
1729.5803033448008
1729.5803033447614
1729.580303344801
1729.5803033448008
1729.5803033447614
1729.580303344801
1729.5803033448008
1729.5803033447614
1729.580303344801
1729.5803033448008
1729.5803033447614
1729.580303344801
1729.5803033448008
1729.5803033447614
1729.580303344801
1729.5803033448008
1729.5803033447614
1729.580303344801
1729.5803033448008
1729.5803033447614
1729.580303344801
1729.5803033447614
1729.5803033448008
1729.580303344801
1729.5803033447614
1729.5803033448008
1729.580303344801
1729.5803033447614
1729.5803033448008
1729.580303344801
1729.5803033447614
1729.5803033448008
1729.580303344801
1729.5803033447614
1729.5803033448008
1729.580303344801
1729.5803033447614
1729.5803033448008
1729.580303344801
1729.5803033447614
1729.5803033448008
1729.580303344801
1729.5803033447614
1729.5803033448008
1729.580303344801
1729.5803033447614
1729.5803033448008
1729.580303344801
1729.5803033447614
1729.5803033448008
1729.5803033447614
1729.5803033448008
1729.5803033448008
1729.5803033447614
1729.5803033448008
1729.5803033448008
1729.5803033447614
1729.5803033448008
1729.5803033448008
1729.5803033447614
1729.5803033448008
1729.5803033448008
1729.5803033447614
1729.5803033448008
1729.5803033448008
1729.5803033447614
1729.5803033448008
1729.5803033448008
1729.5803033447614
1729.5803033448008
1729.5803033448008
1729.5803033447614
1729.5803033448008
1729.5803033448008
1729.5803033447614
1729.5803033448008
1729.5803033448008
1729.5803033447614
1729.5803033448008
1729.5803033447614
1729.5803033448008
1729.5803033448008
1729.5803033447614
1729.5803033448008
1729.5803033448008
1729.5803033447614
1729.5803033448008
1729.5803033448008
1729.5803033447614
1729.5803033448406
1729.5803033447617
1729.5803033447614
1729.5803033448406
1729.5803033447617
1729.5803033447614
1729.5803033447617
1729.5803033448406
1729.5803033447614
1729.5803033447617
1729.5803033448406
1729.5803033447614
1729.5803033447617
1729.5803033448406
1729.5803033447614
1729.5803033447617
1729.5803033448406
1729.5803033447614
1729.5803033447617
1729.5803033448406
1729.5803033447614
1729.5803033447617
1729.5803033448406
1729.5803033447614
1729.5803033447617
1729.5803033448406
1729.5803033447614
1729.5803033447617
1729.5803033448406
1729.5803033447614
1729.5803033447617
1729.5803033448406
1729.5803033447614
1729.5803033447617
1729.5803033448406
1729.5803033447614
1729.5803033447874
1729.5803033447874
1729.5803033447874
1729.5803033447874
1729.5803033447874
1729.5803033447874
1729.5803033447862
1729.5803033447887
1729.5803033447862
1729.5803033447885
1729.5803033447862
1729.5803033447887
1729.5803033447862
1729.5803033447862
1729.580303344791
1729.5803033447862
1729.5803033447862
1729.5803033447862
1729.580303344791
1729.5803033447862
1729.5803033447862
1729.5803033447862
1729.580303344791
1729.5803033447862
1729.5803033447862
1729.5803033447862
1729.5803033447912
1729.5803033447812
1729.5803033447912
1729.5803033447912
1729.5803033447812
1729.5803033447912
1729.5803033447912
1729.5803033447812
1729.5803033447912
1729.5803033447812
1729.5803033447912
1729.5803033447912
1729.5803033447812
1729.5803033447912
1729.5803033447912
1729.5803033447812
1729.5803033447912
1729.5803033447812
1729.5803033447912
1729.5803033447912
1729.5803033447812
1729.5803033447912
1729.5803033447812
1729.5803033447912
1729.5803033447912
1729.5803033447812
1729.5803033447812
1729.580303344801
1729.5803033447812
1729.5803033447812
1729.580303344801
1729.5803033447812
1729.5803033447812
1729.580303344801
1729.5803033447812
1729.5803033447812
1729.580303344801
1729.5803033447812
1729.5803033447812
1729.580303344801
1729.5803033447812
1729.5803033447812
1729.5803033447812
1729.580303344801
1729.5803033447812
1729.5803033447812
1729.580303344801
1729.5803033447812
1729.5803033447812
1729.580303344801
1729.5803033447812
1729.5803033447812
1729.580303344801
1729.5803033447812
1729.5803033447812
1729.580303344801
1729.5803033447812
1729.5803033447812
1729.5803033447812
1729.580303344801
1729.5803033447812
1729.5803033447812
1729.580303344801
1729.5803033447812
1729.5803033447812
1729.580303344801
1729.5803033447812
1729.5803033447812
1729.580303344801
1729.5803033447812
1729.5803033447812
1729.5803033447812
1729.580303344801
1729.5803033447812
1729.5803033447812
1729.580303344801
1729.580303344801
1729.5803033447614
1729.5803033448008
1729.5803033447614
1729.580303344801
1729.5803033448008
1729.5803033447614
1729.580303344801
1729.5803033448008
1729.5803033447614
1729.580303344801
1729.5803033448008
1729.5803033447614
1729.580303344801
1729.5803033448008
1729.5803033447614
1729.580303344801
1729.5803033448008
1729.5803033447614
1729.580303344801
1729.5803033448008
1729.5803033447614
1729.580303344801
1729.5803033448008
1729.5803033447614
1729.580303344801
1729.5803033448008
1729.5803033447614
1729.580303344801
1729.5803033448008
1729.5803033447614
1729.580303344801
1729.5803033448008
1729.5803033447614
1729.580303344801
1729.5803033447614
1729.5803033448008
1729.580303344801
1729.5803033447614
1729.5803033448008
1729.580303344801
1729.5803033447614
1729.5803033448008
1729.580303344801
1729.5803033447614
1729.5803033448008
1729.580303344801
1729.5803033447614
1729.5803033448008
1729.580303344801
1729.5803033447614
1729.5803033448008
1729.580303344801
1729.5803033447614
1729.5803033448008
1729.580303344801
1729.5803033447614
1729.5803033448008
1729.580303344801
1729.5803033447614
1729.5803033448008
1729.580303344801
1729.5803033447614
1729.5803033448008
1729.5803033447614
1729.5803033448008
1729.5803033448008
1729.5803033447614
1729.5803033448008
1729.5803033448008
1729.5803033447614
1729.5803033448008
1729.5803033448008
1729.5803033447614
1729.5803033448008
1729.5803033448008
1729.5803033447614
1729.5803033448008
1729.5803033448008
1729.5803033447614
1729.5803033448008
1729.5803033448008
1729.5803033447614
1729.5803033448008
1729.5803033448008
1729.5803033447614
1729.5803033448008
1729.5803033448008
1729.5803033447614
1729.5803033448008
1729.5803033448008
1729.5803033447614
1729.5803033448008
1729.5803033447614
1729.5803033448008
1729.5803033448008
1729.5803033447614
1729.5803033448008
1729.5803033448008
1729.5803033447614
1729.5803033448008
1729.5803033448008
1729.5803033447614
1729.5803033448406
1729.5803033447617
1729.5803033447614
1729.5803033448406
1729.5803033447617
1729.5803033447614
1729.5803033447617
1729.5803033448406
1729.5803033447614
1729.5803033447617
1729.5803033448406
1729.5803033447614
1729.5803033447617
1729.5803033448406
1729.5803033447614
1729.5803033447617
1729.5803033448406
1729.5803033447614
1729.5803033447617
1729.5803033448406
1729.5803033447614
1729.5803033447617
1729.5803033448406
1729.5803033447614
1729.5803033447617
1729.5803033448406
1729.5803033447614
1729.5803033447617
1729.5803033448406
1729.5803033447614
1729.5803033447617
1729.5803033448406
1729.5803033447614
1729.5803033447617
1729.5803033448406
1729.5803033447614
1729.5803033447824
1729.5803033447824
1729.5803033447826
1729.5803033447826
1729.5803033447826
1729.5803033447826
1729.5803033447812
1729.5803033447837
1729.5803033447812
1729.5803033447835
1729.5803033447812
1729.5803033447837
1729.5803033447812
1729.5803033447812
1729.580303344786
1729.5803033447812
1729.5803033447812
1729.5803033447812
1729.580303344786
1729.5803033447812
1729.5803033447812
1729.5803033447812
1729.580303344786
1729.5803033447812
1729.5803033447812
1729.5803033447812
1729.5803033447862
1729.5803033447762
1729.5803033447862
1729.5803033447862
1729.5803033447762
1729.5803033447862
1729.5803033447862
1729.5803033447762
1729.5803033447862
1729.5803033447762
1729.5803033447862
1729.5803033447862
1729.5803033447762
1729.5803033447862
1729.5803033447862
1729.5803033447762
1729.5803033447862
1729.5803033447762
1729.5803033447862
1729.5803033447862
1729.5803033447762
1729.5803033447862
1729.5803033447762
1729.5803033447862
1729.5803033447862
1729.5803033447762
1729.5803033447762
1729.580303344796
1729.5803033447762
1729.5803033447762
1729.580303344796
1729.5803033447762
1729.5803033447762
1729.580303344796
1729.5803033447762
1729.5803033447762
1729.580303344796
1729.5803033447762
1729.5803033447762
1729.580303344796
1729.5803033447762
1729.5803033447762
1729.5803033447762
1729.580303344796
1729.5803033447762
1729.5803033447762
1729.580303344796
1729.5803033447762
1729.5803033447762
1729.580303344796
1729.5803033447762
1729.5803033447762
1729.580303344796
1729.5803033447762
1729.5803033447762
1729.580303344796
1729.5803033447762
1729.5803033447762
1729.5803033447762
1729.580303344796
1729.5803033447762
1729.5803033447762
1729.580303344796
1729.5803033447762
1729.5803033447762
1729.580303344796
1729.5803033447762
1729.5803033447762
1729.580303344796
1729.5803033447762
1729.5803033447762
1729.5803033447762
1729.580303344796
1729.5803033447762
1729.5803033447762
1729.580303344796
1729.580303344796
1729.5803033447564
1729.5803033447958
1729.5803033447564
1729.580303344796
1729.5803033447958
1729.5803033447564
1729.580303344796
1729.5803033447958
1729.5803033447564
1729.580303344796
1729.5803033447958
1729.5803033447564
1729.580303344796
1729.5803033447958
1729.5803033447564
1729.580303344796
1729.5803033447958
1729.5803033447564
1729.580303344796
1729.5803033447958
1729.5803033447564
1729.580303344796
1729.5803033447958
1729.5803033447564
1729.580303344796
1729.5803033447958
1729.5803033447564
1729.580303344796
1729.5803033447958
1729.5803033447564
1729.580303344796
1729.5803033447958
1729.5803033447564
1729.580303344796
1729.5803033447564
1729.5803033447958
1729.580303344796
1729.5803033447564
1729.5803033447958
1729.580303344796
1729.5803033447564
1729.5803033447958
1729.580303344796
1729.5803033447564
1729.5803033447958
1729.580303344796
1729.5803033447564
1729.5803033447958
1729.580303344796
1729.5803033447564
1729.5803033447958
1729.580303344796
1729.5803033447564
1729.5803033447958
1729.580303344796
1729.5803033447564
1729.5803033447958
1729.580303344796
1729.5803033447564
1729.5803033447958
1729.580303344796
1729.5803033447564
1729.5803033447958
1729.5803033447564
1729.5803033447958
1729.5803033447958
1729.5803033447564
1729.5803033447958
1729.5803033447958
1729.5803033447564
1729.5803033447958
1729.5803033447958
1729.5803033447564
1729.5803033447958
1729.5803033447958
1729.5803033447564
1729.5803033447958
1729.5803033447958
1729.5803033447564
1729.5803033447958
1729.5803033447958
1729.5803033447564
1729.5803033447958
1729.5803033447958
1729.5803033447564
1729.5803033447958
1729.5803033447958
1729.5803033447564
1729.5803033447958
1729.5803033447958
1729.5803033447564
1729.5803033447958
1729.5803033447564
1729.5803033447958
1729.5803033447958
1729.5803033447564
1729.5803033447958
1729.5803033447958
1729.5803033447564
1729.5803033447958
1729.5803033447958
1729.5803033447564
1729.5803033448356
1729.5803033447567
1729.5803033447564
1729.5803033448356
1729.5803033447567
1729.5803033447564
1729.5803033447567
1729.5803033448356
1729.5803033447564
1729.5803033447567
1729.5803033448356
1729.5803033447564
1729.5803033447567
1729.5803033448356
1729.5803033447564
1729.5803033447567
1729.5803033448356
1729.5803033447564
1729.5803033447567
1729.5803033448356
1729.5803033447564
1729.5803033447567
1729.5803033448356
1729.5803033447564
1729.5803033447567
1729.5803033448356
1729.5803033447564
1729.5803033447567
1729.5803033448356
1729.5803033447564
1729.5803033447567
1729.5803033448356
1729.5803033447564
1729.5803033447567
1729.5803033448356
1729.5803033447564
1729.5803033447874
1729.5803033447874
1729.5803033447874
1729.5803033447874
1729.5803033447874
1729.5803033447874
1729.5803033447862
1729.5803033447887
1729.5803033447862
1729.5803033447885
1729.5803033447862
1729.5803033447887
1729.5803033447862
1729.5803033447862
1729.580303344791
1729.5803033447862
1729.5803033447862
1729.5803033447862
1729.580303344791
1729.5803033447862
1729.5803033447862
1729.5803033447862
1729.580303344791
1729.5803033447862
1729.5803033447862
1729.5803033447862
1729.5803033447912
1729.5803033447812
1729.5803033447912
1729.5803033447912
1729.5803033447812
1729.5803033447912
1729.5803033447912
1729.5803033447812
1729.5803033447912
1729.5803033447812
1729.5803033447912
1729.5803033447912
1729.5803033447812
1729.5803033447912
1729.5803033447912
1729.5803033447812
1729.5803033447912
1729.5803033447812
1729.5803033447912
1729.5803033447912
1729.5803033447812
1729.5803033447912
1729.5803033447812
1729.5803033447912
1729.5803033447912
1729.5803033447812
1729.5803033447812
1729.580303344801
1729.5803033447812
1729.5803033447812
1729.580303344801
1729.5803033447812
1729.5803033447812
1729.580303344801
1729.5803033447812
1729.5803033447812
1729.580303344801
1729.5803033447812
1729.5803033447812
1729.580303344801
1729.5803033447812
1729.5803033447812
1729.5803033447812
1729.580303344801
1729.5803033447812
1729.5803033447812
1729.580303344801
1729.5803033447812
1729.5803033447812
1729.580303344801
1729.5803033447812
1729.5803033447812
1729.580303344801
1729.5803033447812
1729.5803033447812
1729.580303344801
1729.5803033447812
1729.5803033447812
1729.5803033447812
1729.580303344801
1729.5803033447812
1729.5803033447812
1729.580303344801
1729.5803033447812
1729.5803033447812
1729.580303344801
1729.5803033447812
1729.5803033447812
1729.580303344801
1729.5803033447812
1729.5803033447812
1729.5803033447812
1729.580303344801
1729.5803033447812
1729.5803033447812
1729.580303344801
1729.580303344801
1729.5803033447614
1729.5803033448008
1729.5803033447614
1729.580303344801
1729.5803033448008
1729.5803033447614
1729.580303344801
1729.5803033448008
1729.5803033447614
1729.580303344801
1729.5803033448008
1729.5803033447614
1729.580303344801
1729.5803033448008
1729.5803033447614
1729.580303344801
1729.5803033448008
1729.5803033447614
1729.580303344801
1729.5803033448008
1729.5803033447614
1729.580303344801
1729.5803033448008
1729.5803033447614
1729.580303344801
1729.5803033448008
1729.5803033447614
1729.580303344801
1729.5803033448008
1729.5803033447614
1729.580303344801
1729.5803033448008
1729.5803033447614
1729.580303344801
1729.5803033447614
1729.5803033448008
1729.580303344801
1729.5803033447614
1729.5803033448008
1729.580303344801
1729.5803033447614
1729.5803033448008
1729.580303344801
1729.5803033447614
1729.5803033448008
1729.580303344801
1729.5803033447614
1729.5803033448008
1729.580303344801
1729.5803033447614
1729.5803033448008
1729.580303344801
1729.5803033447614
1729.5803033448008
1729.580303344801
1729.5803033447614
1729.5803033448008
1729.580303344801
1729.5803033447614
1729.5803033448008
1729.580303344801
1729.5803033447614
1729.5803033448008
1729.5803033447614
1729.5803033448008
1729.5803033448008
1729.5803033447614
1729.5803033448008
1729.5803033448008
1729.5803033447614
1729.5803033448008
1729.5803033448008
1729.5803033447614
1729.5803033448008
1729.5803033448008
1729.5803033447614
1729.5803033448008
1729.5803033448008
1729.5803033447614
1729.5803033448008
1729.5803033448008
1729.5803033447614
1729.5803033448008
1729.5803033448008
1729.5803033447614
1729.5803033448008
1729.5803033448008
1729.5803033447614
1729.5803033448008
1729.5803033448008
1729.5803033447614
1729.5803033448008
1729.5803033447614
1729.5803033448008
1729.5803033448008
1729.5803033447614
1729.5803033448008
1729.5803033448008
1729.5803033447614
1729.5803033448008
1729.5803033448008
1729.5803033447614
1729.5803033448406
1729.5803033447617
1729.5803033447614
1729.5803033448406
1729.5803033447617
1729.5803033447614
1729.5803033447617
1729.5803033448406
1729.5803033447614
1729.5803033447617
1729.5803033448406
1729.5803033447614
1729.5803033447617
1729.5803033448406
1729.5803033447614
1729.5803033447617
1729.5803033448406
1729.5803033447614
1729.5803033447617
1729.5803033448406
1729.5803033447614
1729.5803033447617
1729.5803033448406
1729.5803033447614
1729.5803033447617
1729.5803033448406
1729.5803033447614
1729.5803033447617
1729.5803033448406
1729.5803033447614
1729.5803033447617
1729.5803033448406
1729.5803033447614
1729.5803033447617
1729.5803033448406
1729.5803033447614
1729.5803033447874
1729.5803033447874
1729.5803033447874
1729.5803033447874
1729.5803033447874
1729.5803033447874
1729.5803033447862
1729.5803033447887
1729.5803033447862
1729.5803033447885
1729.5803033447862
1729.5803033447887
1729.5803033447862
1729.5803033447862
1729.580303344791
1729.5803033447862
1729.5803033447862
1729.5803033447862
1729.580303344791
1729.5803033447862
1729.5803033447862
1729.5803033447862
1729.580303344791
1729.5803033447862
1729.5803033447862
1729.5803033447862
1729.5803033447912
1729.5803033447812
1729.5803033447912
1729.5803033447912
1729.5803033447812
1729.5803033447912
1729.5803033447912
1729.5803033447812
1729.5803033447912
1729.5803033447812
1729.5803033447912
1729.5803033447912
1729.5803033447812
1729.5803033447912
1729.5803033447912
1729.5803033447812
1729.5803033447912
1729.5803033447812
1729.5803033447912
1729.5803033447912
1729.5803033447812
1729.5803033447912
1729.5803033447812
1729.5803033447912
1729.5803033447912
1729.5803033447812
1729.5803033447812
1729.580303344801
1729.5803033447812
1729.5803033447812
1729.580303344801
1729.5803033447812
1729.5803033447812
1729.580303344801
1729.5803033447812
1729.5803033447812
1729.580303344801
1729.5803033447812
1729.5803033447812
1729.580303344801
1729.5803033447812
1729.5803033447812
1729.5803033447812
1729.580303344801
1729.5803033447812
1729.5803033447812
1729.580303344801
1729.5803033447812
1729.5803033447812
1729.580303344801
1729.5803033447812
1729.5803033447812
1729.580303344801
1729.5803033447812
1729.5803033447812
1729.580303344801
1729.5803033447812
1729.5803033447812
1729.5803033447812
1729.580303344801
1729.5803033447812
1729.5803033447812
1729.580303344801
1729.5803033447812
1729.5803033447812
1729.580303344801
1729.5803033447812
1729.5803033447812
1729.580303344801
1729.5803033447812
1729.5803033447812
1729.5803033447812
1729.580303344801
1729.5803033447812
1729.5803033447812
1729.580303344801
1729.580303344801
1729.5803033447614
1729.5803033448008
1729.5803033447614
1729.580303344801
1729.5803033448008
1729.5803033447614
1729.580303344801
1729.5803033448008
1729.5803033447614
1729.580303344801
1729.5803033448008
1729.5803033447614
1729.580303344801
1729.5803033448008
1729.5803033447614
1729.580303344801
1729.5803033448008
1729.5803033447614
1729.580303344801
1729.5803033448008
1729.5803033447614
1729.580303344801
1729.5803033448008
1729.5803033447614
1729.580303344801
1729.5803033448008
1729.5803033447614
1729.580303344801
1729.5803033448008
1729.5803033447614
1729.580303344801
1729.5803033448008
1729.5803033447614
1729.580303344801
1729.5803033447614
1729.5803033448008
1729.580303344801
1729.5803033447614
1729.5803033448008
1729.580303344801
1729.5803033447614
1729.5803033448008
1729.580303344801
1729.5803033447614
1729.5803033448008
1729.580303344801
1729.5803033447614
1729.5803033448008
1729.580303344801
1729.5803033447614
1729.5803033448008
1729.580303344801
1729.5803033447614
1729.5803033448008
1729.580303344801
1729.5803033447614
1729.5803033448008
1729.580303344801
1729.5803033447614
1729.5803033448008
1729.580303344801
1729.5803033447614
1729.5803033448008
1729.5803033447614
1729.5803033448008
1729.5803033448008
1729.5803033447614
1729.5803033448008
1729.5803033448008
1729.5803033447614
1729.5803033448008
1729.5803033448008
1729.5803033447614
1729.5803033448008
1729.5803033448008
1729.5803033447614
1729.5803033448008
1729.5803033448008
1729.5803033447614
1729.5803033448008
1729.5803033448008
1729.5803033447614
1729.5803033448008
1729.5803033448008
1729.5803033447614
1729.5803033448008
1729.5803033448008
1729.5803033447614
1729.5803033448008
1729.5803033448008
1729.5803033447614
1729.5803033448008
1729.5803033447614
1729.5803033448008
1729.5803033448008
1729.5803033447614
1729.5803033448008
1729.5803033448008
1729.5803033447614
1729.5803033448008
1729.5803033448008
1729.5803033447614
1729.5803033448406
1729.5803033447617
1729.5803033447614
1729.5803033448406
1729.5803033447617
1729.5803033447614
1729.5803033447617
1729.5803033448406
1729.5803033447614
1729.5803033447617
1729.5803033448406
1729.5803033447614
1729.5803033447617
1729.5803033448406
1729.5803033447614
1729.5803033447617
1729.5803033448406
1729.5803033447614
1729.5803033447617
1729.5803033448406
1729.5803033447614
1729.5803033447617
1729.5803033448406
1729.5803033447614
1729.5803033447617
1729.5803033448406
1729.5803033447614
1729.5803033447617
1729.5803033448406
1729.5803033447614
1729.5803033447617
1729.5803033448406
1729.5803033447614
1729.5803033447617
1729.5803033448406
1729.5803033447614
1729.5803033447874
1729.5803033447874
1729.5803033447874
1729.5803033447874
1729.5803033447874
1729.5803033447874
1729.5803033447862
1729.5803033447887
1729.5803033447862
1729.5803033447885
1729.5803033447862
1729.5803033447887
1729.5803033447862
1729.5803033447862
1729.580303344791
1729.5803033447862
1729.5803033447862
1729.5803033447862
1729.580303344791
1729.5803033447862
1729.5803033447862
1729.5803033447862
1729.580303344791
1729.5803033447862
1729.5803033447862
1729.5803033447862
1729.5803033447912
1729.5803033447812
1729.5803033447912
1729.5803033447912
1729.5803033447812
1729.5803033447912
1729.5803033447912
1729.5803033447812
1729.5803033447912
1729.5803033447812
1729.5803033447912
1729.5803033447912
1729.5803033447812
1729.5803033447912
1729.5803033447912
1729.5803033447812
1729.5803033447912
1729.5803033447812
1729.5803033447912
1729.5803033447912
1729.5803033447812
1729.5803033447912
1729.5803033447812
1729.5803033447912
1729.5803033447912
1729.5803033447812
1729.5803033447812
1729.580303344801
1729.5803033447812
1729.5803033447812
1729.580303344801
1729.5803033447812
1729.5803033447812
1729.580303344801
1729.5803033447812
1729.5803033447812
1729.580303344801
1729.5803033447812
1729.5803033447812
1729.580303344801
1729.5803033447812
1729.5803033447812
1729.5803033447812
1729.580303344801
1729.5803033447812
1729.5803033447812
1729.580303344801
1729.5803033447812
1729.5803033447812
1729.580303344801
1729.5803033447812
1729.5803033447812
1729.580303344801
1729.5803033447812
1729.5803033447812
1729.580303344801
1729.5803033447812
1729.5803033447812
1729.5803033447812
1729.580303344801
1729.5803033447812
1729.5803033447812
1729.580303344801
1729.5803033447812
1729.5803033447812
1729.580303344801
1729.5803033447812
1729.5803033447812
1729.580303344801
1729.5803033447812
1729.5803033447812
1729.5803033447812
1729.580303344801
1729.5803033447812
1729.5803033447812
1729.580303344801
1729.580303344801
1729.5803033447614
1729.5803033448008
1729.5803033447614
1729.580303344801
1729.5803033448008
1729.5803033447614
1729.580303344801
1729.5803033448008
1729.5803033447614
1729.580303344801
1729.5803033448008
1729.5803033447614
1729.580303344801
1729.5803033448008
1729.5803033447614
1729.580303344801
1729.5803033448008
1729.5803033447614
1729.580303344801
1729.5803033448008
1729.5803033447614
1729.580303344801
1729.5803033448008
1729.5803033447614
1729.580303344801
1729.5803033448008
1729.5803033447614
1729.580303344801
1729.5803033448008
1729.5803033447614
1729.580303344801
1729.5803033448008
1729.5803033447614
1729.580303344801
1729.5803033447614
1729.5803033448008
1729.580303344801
1729.5803033447614
1729.5803033448008
1729.580303344801
1729.5803033447614
1729.5803033448008
1729.580303344801
1729.5803033447614
1729.5803033448008
1729.580303344801
1729.5803033447614
1729.5803033448008
1729.580303344801
1729.5803033447614
1729.5803033448008
1729.580303344801
1729.5803033447614
1729.5803033448008
1729.580303344801
1729.5803033447614
1729.5803033448008
1729.580303344801
1729.5803033447614
1729.5803033448008
1729.580303344801
1729.5803033447614
1729.5803033448008
1729.5803033447614
1729.5803033448008
1729.5803033448008
1729.5803033447614
1729.5803033448008
1729.5803033448008
1729.5803033447614
1729.5803033448008
1729.5803033448008
1729.5803033447614
1729.5803033448008
1729.5803033448008
1729.5803033447614
1729.5803033448008
1729.5803033448008
1729.5803033447614
1729.5803033448008
1729.5803033448008
1729.5803033447614
1729.5803033448008
1729.5803033448008
1729.5803033447614
1729.5803033448008
1729.5803033448008
1729.5803033447614
1729.5803033448008
1729.5803033448008
1729.5803033447614
1729.5803033448008
1729.5803033447614
1729.5803033448008
1729.5803033448008
1729.5803033447614
1729.5803033448008
1729.5803033448008
1729.5803033447614
1729.5803033448008
1729.5803033448008
1729.5803033447614
1729.5803033448406
1729.5803033447617
1729.5803033447614
1729.5803033448406
1729.5803033447617
1729.5803033447614
1729.5803033447617
1729.5803033448406
1729.5803033447614
1729.5803033447617
1729.5803033448406
1729.5803033447614
1729.5803033447617
1729.5803033448406
1729.5803033447614
1729.5803033447617
1729.5803033448406
1729.5803033447614
1729.5803033447617
1729.5803033448406
1729.5803033447614
1729.5803033447617
1729.5803033448406
1729.5803033447614
1729.5803033447617
1729.5803033448406
1729.5803033447614
1729.5803033447617
1729.5803033448406
1729.5803033447614
1729.5803033447617
1729.5803033448406
1729.5803033447614
1729.5803033447617
1729.5803033448406
1729.5803033447614
1729.5803033447824
1729.5803033447824
1729.5803033447824
1729.5803033447828
1729.5803033447824
1729.5803033447824
1729.5803033447812
1729.5803033447837
1729.5803033447812
1729.5803033447835
1729.5803033447812
1729.5803033447837
1729.5803033447812
1729.5803033447812
1729.580303344786
1729.5803033447812
1729.5803033447812
1729.5803033447812
1729.580303344786
1729.5803033447812
1729.5803033447812
1729.5803033447812
1729.580303344786
1729.5803033447812
1729.5803033447812
1729.5803033447812
1729.5803033447862
1729.5803033447762
1729.5803033447862
1729.5803033447862
1729.5803033447762
1729.5803033447862
1729.5803033447862
1729.5803033447762
1729.5803033447862
1729.5803033447762
1729.5803033447862
1729.5803033447862
1729.5803033447762
1729.5803033447862
1729.5803033447862
1729.5803033447762
1729.5803033447862
1729.5803033447762
1729.5803033447862
1729.5803033447862
1729.5803033447762
1729.5803033447862
1729.5803033447762
1729.5803033447862
1729.5803033447862
1729.5803033447762
1729.5803033447762
1729.580303344796
1729.5803033447762
1729.5803033447762
1729.580303344796
1729.5803033447762
1729.5803033447762
1729.580303344796
1729.5803033447762
1729.5803033447762
1729.580303344796
1729.5803033447762
1729.5803033447762
1729.580303344796
1729.5803033447762
1729.5803033447762
1729.5803033447762
1729.580303344796
1729.5803033447762
1729.5803033447762
1729.580303344796
1729.5803033447762
1729.5803033447762
1729.580303344796
1729.5803033447762
1729.5803033447762
1729.580303344796
1729.5803033447762
1729.5803033447762
1729.580303344796
1729.5803033447762
1729.5803033447762
1729.5803033447762
1729.580303344796
1729.5803033447762
1729.5803033447762
1729.580303344796
1729.5803033447762
1729.5803033447762
1729.580303344796
1729.5803033447762
1729.5803033447762
1729.580303344796
1729.5803033447762
1729.5803033447762
1729.5803033447762
1729.580303344796
1729.5803033447762
1729.5803033447762
1729.580303344796
1729.580303344796
1729.5803033447564
1729.5803033447958
1729.5803033447564
1729.580303344796
1729.5803033447958
1729.5803033447564
1729.580303344796
1729.5803033447958
1729.5803033447564
1729.580303344796
1729.5803033447958
1729.5803033447564
1729.580303344796
1729.5803033447958
1729.5803033447564
1729.580303344796
1729.5803033447958
1729.5803033447564
1729.580303344796
1729.5803033447958
1729.5803033447564
1729.580303344796
1729.5803033447958
1729.5803033447564
1729.580303344796
1729.5803033447958
1729.5803033447564
1729.580303344796
1729.5803033447958
1729.5803033447564
1729.580303344796
1729.5803033447958
1729.5803033447564
1729.580303344796
1729.5803033447564
1729.5803033447958
1729.580303344796
1729.5803033447564
1729.5803033447958
1729.580303344796
1729.5803033447564
1729.5803033447958
1729.580303344796
1729.5803033447564
1729.5803033447958
1729.580303344796
1729.5803033447564
1729.5803033447958
1729.580303344796
1729.5803033447564
1729.5803033447958
1729.580303344796
1729.5803033447564
1729.5803033447958
1729.580303344796
1729.5803033447564
1729.5803033447958
1729.580303344796
1729.5803033447564
1729.5803033447958
1729.580303344796
1729.5803033447564
1729.5803033447958
1729.5803033447564
1729.5803033447958
1729.5803033447958
1729.5803033447564
1729.5803033447958
1729.5803033447958
1729.5803033447564
1729.5803033447958
1729.5803033447958
1729.5803033447564
1729.5803033447958
1729.5803033447958
1729.5803033447564
1729.5803033447958
1729.5803033447958
1729.5803033447564
1729.5803033447958
1729.5803033447958
1729.5803033447564
1729.5803033447958
1729.5803033447958
1729.5803033447564
1729.5803033447958
1729.5803033447958
1729.5803033447564
1729.5803033447958
1729.5803033447958
1729.5803033447564
1729.5803033447958
1729.5803033447564
1729.5803033447958
1729.5803033447958
1729.5803033447564
1729.5803033447958
1729.5803033447958
1729.5803033447564
1729.5803033447958
1729.5803033447958
1729.5803033447564
1729.5803033448356
1729.5803033447567
1729.5803033447567
1729.5803033448356
1729.5803033447567
1729.5803033447567
1729.5803033447567
1729.5803033448356
1729.5803033447567
1729.5803033447567
1729.5803033448356
1729.5803033447567
1729.5803033447567
1729.5803033448356
1729.5803033447567
1729.5803033447567
1729.5803033448356
1729.5803033447567
1729.5803033447567
1729.5803033448356
1729.5803033447567
1729.5803033447567
1729.5803033448356
1729.5803033447567
1729.5803033447567
1729.5803033448356
1729.5803033447567
1729.5803033447567
1729.5803033448356
1729.5803033447567
1729.5803033447567
1729.5803033448356
1729.5803033447567
1729.5803033447567
1729.5803033448356
1729.5803033447567
1729.5803033447874
1729.5803033447874
1729.5803033447874
1729.5803033447874
1729.5803033447874
1729.5803033447874
1729.5803033447862
1729.5803033447887
1729.5803033447862
1729.5803033447885
1729.5803033447862
1729.5803033447887
1729.5803033447862
1729.5803033447862
1729.580303344791
1729.5803033447862
1729.5803033447862
1729.5803033447862
1729.580303344791
1729.5803033447862
1729.5803033447862
1729.5803033447862
1729.580303344791
1729.5803033447862
1729.5803033447862
1729.5803033447862
1729.5803033447912
1729.5803033447812
1729.5803033447912
1729.5803033447912
1729.5803033447812
1729.5803033447912
1729.5803033447912
1729.5803033447812
1729.5803033447912
1729.5803033447812
1729.5803033447912
1729.5803033447912
1729.5803033447812
1729.5803033447912
1729.5803033447912
1729.5803033447812
1729.5803033447912
1729.5803033447812
1729.5803033447912
1729.5803033447912
1729.5803033447812
1729.5803033447912
1729.5803033447812
1729.5803033447912
1729.5803033447912
1729.5803033447812
1729.5803033447812
1729.580303344801
1729.5803033447812
1729.5803033447812
1729.580303344801
1729.5803033447812
1729.5803033447812
1729.580303344801
1729.5803033447812
1729.5803033447812
1729.580303344801
1729.5803033447812
1729.5803033447812
1729.580303344801
1729.5803033447812
1729.5803033447812
1729.5803033447812
1729.580303344801
1729.5803033447812
1729.5803033447812
1729.580303344801
1729.5803033447812
1729.5803033447812
1729.580303344801
1729.5803033447812
1729.5803033447812
1729.580303344801
1729.5803033447812
1729.5803033447812
1729.580303344801
1729.5803033447812
1729.5803033447812
1729.5803033447812
1729.580303344801
1729.5803033447812
1729.5803033447812
1729.580303344801
1729.5803033447812
1729.5803033447812
1729.580303344801
1729.5803033447812
1729.5803033447812
1729.580303344801
1729.5803033447812
1729.5803033447812
1729.5803033447812
1729.580303344801
1729.5803033447812
1729.5803033447812
1729.580303344801
1729.580303344801
1729.5803033447614
1729.5803033448008
1729.5803033447614
1729.580303344801
1729.5803033448008
1729.5803033447614
1729.580303344801
1729.5803033448008
1729.5803033447614
1729.580303344801
1729.5803033448008
1729.5803033447614
1729.580303344801
1729.5803033448008
1729.5803033447614
1729.580303344801
1729.5803033448008
1729.5803033447614
1729.580303344801
1729.5803033448008
1729.5803033447614
1729.580303344801
1729.5803033448008
1729.5803033447614
1729.580303344801
1729.5803033448008
1729.5803033447614
1729.580303344801
1729.5803033448008
1729.5803033447614
1729.580303344801
1729.5803033448008
1729.5803033447614
1729.580303344801
1729.5803033447614
1729.5803033448008
1729.580303344801
1729.5803033447614
1729.5803033448008
1729.580303344801
1729.5803033447614
1729.5803033448008
1729.580303344801
1729.5803033447614
1729.5803033448008
1729.580303344801
1729.5803033447614
1729.5803033448008
1729.580303344801
1729.5803033447614
1729.5803033448008
1729.580303344801
1729.5803033447614
1729.5803033448008
1729.580303344801
1729.5803033447614
1729.5803033448008
1729.580303344801
1729.5803033447614
1729.5803033448008
1729.580303344801
1729.5803033447614
1729.5803033448008
1729.5803033447614
1729.5803033448008
1729.5803033448008
1729.5803033447614
1729.5803033448008
1729.5803033448008
1729.5803033447614
1729.5803033448008
1729.5803033448008
1729.5803033447614
1729.5803033448008
1729.5803033448008
1729.5803033447614
1729.5803033448008
1729.5803033448008
1729.5803033447614
1729.5803033448008
1729.5803033448008
1729.5803033447614
1729.5803033448008
1729.5803033448008
1729.5803033447614
1729.5803033448008
1729.5803033448008
1729.5803033447614
1729.5803033448008
1729.5803033448008
1729.5803033447614
1729.5803033448008
1729.5803033447614
1729.5803033448008
1729.5803033448008
1729.5803033447614
1729.5803033448008
1729.5803033448008
1729.5803033447614
1729.5803033448008
1729.5803033448008
1729.5803033447614
1729.5803033448406
1729.5803033447617
1729.5803033447614
1729.5803033448406
1729.5803033447617
1729.5803033447614
1729.5803033447617
1729.5803033448406
1729.5803033447614
1729.5803033447617
1729.5803033448406
1729.5803033447614
1729.5803033447617
1729.5803033448406
1729.5803033447614
1729.5803033447617
1729.5803033448406
1729.5803033447614
1729.5803033447617
1729.5803033448406
1729.5803033447614
1729.5803033447617
1729.5803033448406
1729.5803033447614
1729.5803033447617
1729.5803033448406
1729.5803033447614
1729.5803033447617
1729.5803033448406
1729.5803033447614
1729.5803033447617
1729.5803033448406
1729.5803033447614
1729.5803033447617
1729.5803033448406
1729.5803033447614
1729.5803033447874
1729.5803033447874
1729.5803033447874
1729.5803033447874
1729.5803033447874
1729.5803033447874
1729.5803033447862
1729.5803033447887
1729.5803033447862
1729.5803033447885
1729.5803033447862
1729.5803033447887
1729.5803033447862
1729.5803033447862
1729.580303344791
1729.5803033447862
1729.5803033447862
1729.5803033447862
1729.580303344791
1729.5803033447862
1729.5803033447862
1729.5803033447862
1729.580303344791
1729.5803033447862
1729.5803033447862
1729.5803033447862
1729.5803033447912
1729.5803033447812
1729.5803033447912
1729.5803033447912
1729.5803033447812
1729.5803033447912
1729.5803033447912
1729.5803033447812
1729.5803033447912
1729.5803033447812
1729.5803033447912
1729.5803033447912
1729.5803033447812
1729.5803033447912
1729.5803033447912
1729.5803033447812
1729.5803033447912
1729.5803033447812
1729.5803033447912
1729.5803033447912
1729.5803033447812
1729.5803033447912
1729.5803033447812
1729.5803033447912
1729.5803033447912
1729.5803033447812
1729.5803033447812
1729.580303344801
1729.5803033447812
1729.5803033447812
1729.580303344801
1729.5803033447812
1729.5803033447812
1729.580303344801
1729.5803033447812
1729.5803033447812
1729.580303344801
1729.5803033447812
1729.5803033447812
1729.580303344801
1729.5803033447812
1729.5803033447812
1729.5803033447812
1729.580303344801
1729.5803033447812
1729.5803033447812
1729.580303344801
1729.5803033447812
1729.5803033447812
1729.580303344801
1729.5803033447812
1729.5803033447812
1729.580303344801
1729.5803033447812
1729.5803033447812
1729.580303344801
1729.5803033447812
1729.5803033447812
1729.5803033447812
1729.580303344801
1729.5803033447812
1729.5803033447812
1729.580303344801
1729.5803033447812
1729.5803033447812
1729.580303344801
1729.5803033447812
1729.5803033447812
1729.580303344801
1729.5803033447812
1729.5803033447812
1729.5803033447812
1729.580303344801
1729.5803033447812
1729.5803033447812
1729.580303344801
1729.580303344801
1729.5803033447614
1729.5803033448008
1729.5803033447614
1729.580303344801
1729.5803033448008
1729.5803033447614
1729.580303344801
1729.5803033448008
1729.5803033447614
1729.580303344801
1729.5803033448008
1729.5803033447614
1729.580303344801
1729.5803033448008
1729.5803033447614
1729.580303344801
1729.5803033448008
1729.5803033447614
1729.580303344801
1729.5803033448008
1729.5803033447614
1729.580303344801
1729.5803033448008
1729.5803033447614
1729.580303344801
1729.5803033448008
1729.5803033447614
1729.580303344801
1729.5803033448008
1729.5803033447614
1729.580303344801
1729.5803033448008
1729.5803033447614
1729.580303344801
1729.5803033447614
1729.5803033448008
1729.580303344801
1729.5803033447614
1729.5803033448008
1729.580303344801
1729.5803033447614
1729.5803033448008
1729.580303344801
1729.5803033447614
1729.5803033448008
1729.580303344801
1729.5803033447614
1729.5803033448008
1729.580303344801
1729.5803033447614
1729.5803033448008
1729.580303344801
1729.5803033447614
1729.5803033448008
1729.580303344801
1729.5803033447614
1729.5803033448008
1729.580303344801
1729.5803033447614
1729.5803033448008
1729.580303344801
1729.5803033447614
1729.5803033448008
1729.5803033447614
1729.5803033448008
1729.5803033448008
1729.5803033447614
1729.5803033448008
1729.5803033448008
1729.5803033447614
1729.5803033448008
1729.5803033448008
1729.5803033447614
1729.5803033448008
1729.5803033448008
1729.5803033447614
1729.5803033448008
1729.5803033448008
1729.5803033447614
1729.5803033448008
1729.5803033448008
1729.5803033447614
1729.5803033448008
1729.5803033448008
1729.5803033447614
1729.5803033448008
1729.5803033448008
1729.5803033447614
1729.5803033448008
1729.5803033448008
1729.5803033447614
1729.5803033448008
1729.5803033447614
1729.5803033448008
1729.5803033448008
1729.5803033447614
1729.5803033448008
1729.5803033448008
1729.5803033447614
1729.5803033448008
1729.5803033448008
1729.5803033447614
1729.5803033448406
1729.5803033447617
1729.5803033447614
1729.5803033448406
1729.5803033447617
1729.5803033447614
1729.5803033447617
1729.5803033448406
1729.5803033447614
1729.5803033447617
1729.5803033448406
1729.5803033447614
1729.5803033447617
1729.5803033448406
1729.5803033447614
1729.5803033447617
1729.5803033448406
1729.5803033447614
1729.5803033447617
1729.5803033448406
1729.5803033447614
1729.5803033447617
1729.5803033448406
1729.5803033447614
1729.5803033447617
1729.5803033448406
1729.5803033447614
1729.5803033447617
1729.5803033448406
1729.5803033447614
1729.5803033447617
1729.5803033448406
1729.5803033447614
1729.5803033447617
1729.5803033448406
1729.5803033447614
1729.5803033447874
1729.5803033447874
1729.5803033447874
1729.5803033447874
1729.5803033447874
1729.5803033447874
1729.5803033447862
1729.5803033447887
1729.5803033447862
1729.5803033447885
1729.5803033447862
1729.5803033447887
1729.5803033447862
1729.5803033447862
1729.580303344791
1729.5803033447862
1729.5803033447862
1729.5803033447862
1729.580303344791
1729.5803033447862
1729.5803033447862
1729.5803033447862
1729.580303344791
1729.5803033447862
1729.5803033447862
1729.5803033447862
1729.5803033447912
1729.5803033447812
1729.5803033447912
1729.5803033447912
1729.5803033447812
1729.5803033447912
1729.5803033447912
1729.5803033447812
1729.5803033447912
1729.5803033447812
1729.5803033447912
1729.5803033447912
1729.5803033447812
1729.5803033447912
1729.5803033447912
1729.5803033447812
1729.5803033447912
1729.5803033447812
1729.5803033447912
1729.5803033447912
1729.5803033447812
1729.5803033447912
1729.5803033447812
1729.5803033447912
1729.5803033447912
1729.5803033447812
1729.5803033447812
1729.580303344801
1729.5803033447812
1729.5803033447812
1729.580303344801
1729.5803033447812
1729.5803033447812
1729.580303344801
1729.5803033447812
1729.5803033447812
1729.580303344801
1729.5803033447812
1729.5803033447812
1729.580303344801
1729.5803033447812
1729.5803033447812
1729.5803033447812
1729.580303344801
1729.5803033447812
1729.5803033447812
1729.580303344801
1729.5803033447812
1729.5803033447812
1729.580303344801
1729.5803033447812
1729.5803033447812
1729.580303344801
1729.5803033447812
1729.5803033447812
1729.580303344801
1729.5803033447812
1729.5803033447812
1729.5803033447812
1729.580303344801
1729.5803033447812
1729.5803033447812
1729.580303344801
1729.5803033447812
1729.5803033447812
1729.580303344801
1729.5803033447812
1729.5803033447812
1729.580303344801
1729.5803033447812
1729.5803033447812
1729.5803033447812
1729.580303344801
1729.5803033447812
1729.5803033447812
1729.580303344801
1729.580303344801
1729.5803033447614
1729.5803033448008
1729.5803033447614
1729.580303344801
1729.5803033448008
1729.5803033447614
1729.580303344801
1729.5803033448008
1729.5803033447614
1729.580303344801
1729.5803033448008
1729.5803033447614
1729.580303344801
1729.5803033448008
1729.5803033447614
1729.580303344801
1729.5803033448008
1729.5803033447614
1729.580303344801
1729.5803033448008
1729.5803033447614
1729.580303344801
1729.5803033448008
1729.5803033447614
1729.580303344801
1729.5803033448008
1729.5803033447614
1729.580303344801
1729.5803033448008
1729.5803033447614
1729.580303344801
1729.5803033448008
1729.5803033447614
1729.580303344801
1729.5803033447614
1729.5803033448008
1729.580303344801
1729.5803033447614
1729.5803033448008
1729.580303344801
1729.5803033447614
1729.5803033448008
1729.580303344801
1729.5803033447614
1729.5803033448008
1729.580303344801
1729.5803033447614
1729.5803033448008
1729.580303344801
1729.5803033447614
1729.5803033448008
1729.580303344801
1729.5803033447614
1729.5803033448008
1729.580303344801
1729.5803033447614
1729.5803033448008
1729.580303344801
1729.5803033447614
1729.5803033448008
1729.580303344801
1729.5803033447614
1729.5803033448008
1729.5803033447614
1729.5803033448008
1729.5803033448008
1729.5803033447614
1729.5803033448008
1729.5803033448008
1729.5803033447614
1729.5803033448008
1729.5803033448008
1729.5803033447614
1729.5803033448008
1729.5803033448008
1729.5803033447614
1729.5803033448008
1729.5803033448008
1729.5803033447614
1729.5803033448008
1729.5803033448008
1729.5803033447614
1729.5803033448008
1729.5803033448008
1729.5803033447614
1729.5803033448008
1729.5803033448008
1729.5803033447614
1729.5803033448008
1729.5803033448008
1729.5803033447614
1729.5803033448008
1729.5803033447614
1729.5803033448008
1729.5803033448008
1729.5803033447614
1729.5803033448008
1729.5803033448008
1729.5803033447614
1729.5803033448008
1729.5803033448008
1729.5803033447614
1729.5803033448406
1729.5803033447617
1729.5803033447614
1729.5803033448406
1729.5803033447617
1729.5803033447614
1729.5803033447617
1729.5803033448406
1729.5803033447614
1729.5803033447617
1729.5803033448406
1729.5803033447614
1729.5803033447617
1729.5803033448406
1729.5803033447614
1729.5803033447617
1729.5803033448406
1729.5803033447614
1729.5803033447617
1729.5803033448406
1729.5803033447614
1729.5803033447617
1729.5803033448406
1729.5803033447614
1729.5803033447617
1729.5803033448406
1729.5803033447614
1729.5803033447617
1729.5803033448406
1729.5803033447614
1729.5803033447617
1729.5803033448406
1729.5803033447614
1729.5803033447617
1729.5803033448406
1729.5803033447614
1729.5803033447874
1729.5803033447874
1729.5803033447874
1729.5803033447874
1729.5803033447874
1729.5803033447874
1729.5803033447862
1729.5803033447887
1729.5803033447862
1729.5803033447885
1729.5803033447862
1729.5803033447887
1729.5803033447862
1729.5803033447862
1729.580303344791
1729.5803033447862
1729.5803033447862
1729.5803033447862
1729.580303344791
1729.5803033447862
1729.5803033447862
1729.5803033447862
1729.580303344791
1729.5803033447862
1729.5803033447862
1729.5803033447862
1729.5803033447912
1729.5803033447812
1729.5803033447912
1729.5803033447912
1729.5803033447812
1729.5803033447912
1729.5803033447912
1729.5803033447812
1729.5803033447912
1729.5803033447812
1729.5803033447912
1729.5803033447912
1729.5803033447812
1729.5803033447912
1729.5803033447912
1729.5803033447812
1729.5803033447912
1729.5803033447812
1729.5803033447912
1729.5803033447912
1729.5803033447812
1729.5803033447912
1729.5803033447812
1729.5803033447912
1729.5803033447912
1729.5803033447812
1729.5803033447812
1729.580303344801
1729.5803033447812
1729.5803033447812
1729.580303344801
1729.5803033447812
1729.5803033447812
1729.580303344801
1729.5803033447812
1729.5803033447812
1729.580303344801
1729.5803033447812
1729.5803033447812
1729.580303344801
1729.5803033447812
1729.5803033447812
1729.5803033447812
1729.580303344801
1729.5803033447812
1729.5803033447812
1729.580303344801
1729.5803033447812
1729.5803033447812
1729.580303344801
1729.5803033447812
1729.5803033447812
1729.580303344801
1729.5803033447812
1729.5803033447812
1729.580303344801
1729.5803033447812
1729.5803033447812
1729.5803033447812
1729.580303344801
1729.5803033447812
1729.5803033447812
1729.580303344801
1729.5803033447812
1729.5803033447812
1729.580303344801
1729.5803033447812
1729.5803033447812
1729.580303344801
1729.5803033447812
1729.5803033447812
1729.5803033447812
1729.580303344801
1729.5803033447812
1729.5803033447812
1729.580303344801
1729.580303344801
1729.5803033447614
1729.5803033448008
1729.5803033447614
1729.580303344801
1729.5803033448008
1729.5803033447614
1729.580303344801
1729.5803033448008
1729.5803033447614
1729.580303344801
1729.5803033448008
1729.5803033447614
1729.580303344801
1729.5803033448008
1729.5803033447614
1729.580303344801
1729.5803033448008
1729.5803033447614
1729.580303344801
1729.5803033448008
1729.5803033447614
1729.580303344801
1729.5803033448008
1729.5803033447614
1729.580303344801
1729.5803033448008
1729.5803033447614
1729.580303344801
1729.5803033448008
1729.5803033447614
1729.580303344801
1729.5803033448008
1729.5803033447614
1729.580303344801
1729.5803033447614
1729.5803033448008
1729.580303344801
1729.5803033447614
1729.5803033448008
1729.580303344801
1729.5803033447614
1729.5803033448008
1729.580303344801
1729.5803033447614
1729.5803033448008
1729.580303344801
1729.5803033447614
1729.5803033448008
1729.580303344801
1729.5803033447614
1729.5803033448008
1729.580303344801
1729.5803033447614
1729.5803033448008
1729.580303344801
1729.5803033447614
1729.5803033448008
1729.580303344801
1729.5803033447614
1729.5803033448008
1729.580303344801
1729.5803033447614
1729.5803033448008
1729.5803033447614
1729.5803033448008
1729.5803033448008
1729.5803033447614
1729.5803033448008
1729.5803033448008
1729.5803033447614
1729.5803033448008
1729.5803033448008
1729.5803033447614
1729.5803033448008
1729.5803033448008
1729.5803033447614
1729.5803033448008
1729.5803033448008
1729.5803033447614
1729.5803033448008
1729.5803033448008
1729.5803033447614
1729.5803033448008
1729.5803033448008
1729.5803033447614
1729.5803033448008
1729.5803033448008
1729.5803033447614
1729.5803033448008
1729.5803033448008
1729.5803033447614
1729.5803033448008
1729.5803033447614
1729.5803033448008
1729.5803033448008
1729.5803033447614
1729.5803033448008
1729.5803033448008
1729.5803033447614
1729.5803033448008
1729.5803033448008
1729.5803033447614
1729.5803033448406
1729.5803033447617
1729.5803033447614
1729.5803033448406
1729.5803033447617
1729.5803033447614
1729.5803033447617
1729.5803033448406
1729.5803033447614
1729.5803033447617
1729.5803033448406
1729.5803033447614
1729.5803033447617
1729.5803033448406
1729.5803033447614
1729.5803033447617
1729.5803033448406
1729.5803033447614
1729.5803033447617
1729.5803033448406
1729.5803033447614
1729.5803033447617
1729.5803033448406
1729.5803033447614
1729.5803033447617
1729.5803033448406
1729.5803033447614
1729.5803033447617
1729.5803033448406
1729.5803033447614
1729.5803033447617
1729.5803033448406
1729.5803033447614
1729.5803033447617
1729.5803033448406
1729.5803033447614
1729.5803033447874
1729.5803033447874
1729.5803033447874
1729.5803033447874
1729.5803033447874
1729.5803033447874
1729.5803033447862
1729.5803033447887
1729.5803033447862
1729.5803033447885
1729.5803033447862
1729.5803033447887
1729.5803033447862
1729.5803033447862
1729.580303344791
1729.5803033447862
1729.5803033447862
1729.5803033447862
1729.580303344791
1729.5803033447862
1729.5803033447862
1729.5803033447862
1729.580303344791
1729.5803033447862
1729.5803033447862
1729.5803033447862
1729.5803033447912
1729.5803033447812
1729.5803033447912
1729.5803033447912
1729.5803033447812
1729.5803033447912
1729.5803033447912
1729.5803033447812
1729.5803033447912
1729.5803033447812
1729.5803033447912
1729.5803033447912
1729.5803033447812
1729.5803033447912
1729.5803033447912
1729.5803033447812
1729.5803033447912
1729.5803033447812
1729.5803033447912
1729.5803033447912
1729.5803033447812
1729.5803033447912
1729.5803033447812
1729.5803033447912
1729.5803033447912
1729.5803033447812
1729.5803033447812
1729.580303344801
1729.5803033447812
1729.5803033447812
1729.580303344801
1729.5803033447812
1729.5803033447812
1729.580303344801
1729.5803033447812
1729.5803033447812
1729.580303344801
1729.5803033447812
1729.5803033447812
1729.580303344801
1729.5803033447812
1729.5803033447812
1729.5803033447812
1729.580303344801
1729.5803033447812
1729.5803033447812
1729.580303344801
1729.5803033447812
1729.5803033447812
1729.580303344801
1729.5803033447812
1729.5803033447812
1729.580303344801
1729.5803033447812
1729.5803033447812
1729.580303344801
1729.5803033447812
1729.5803033447812
1729.5803033447812
1729.580303344801
1729.5803033447812
1729.5803033447812
1729.580303344801
1729.5803033447812
1729.5803033447812
1729.580303344801
1729.5803033447812
1729.5803033447812
1729.580303344801
1729.5803033447812
1729.5803033447812
1729.5803033447812
1729.580303344801
1729.5803033447812
1729.5803033447812
1729.580303344801
1729.580303344801
1729.5803033447614
1729.5803033448008
1729.5803033447614
1729.580303344801
1729.5803033448008
1729.5803033447614
1729.580303344801
1729.5803033448008
1729.5803033447614
1729.580303344801
1729.5803033448008
1729.5803033447614
1729.580303344801
1729.5803033448008
1729.5803033447614
1729.580303344801
1729.5803033448008
1729.5803033447614
1729.580303344801
1729.5803033448008
1729.5803033447614
1729.580303344801
1729.5803033448008
1729.5803033447614
1729.580303344801
1729.5803033448008
1729.5803033447614
1729.580303344801
1729.5803033448008
1729.5803033447614
1729.580303344801
1729.5803033448008
1729.5803033447614
1729.580303344801
1729.5803033447614
1729.5803033448008
1729.580303344801
1729.5803033447614
1729.5803033448008
1729.580303344801
1729.5803033447614
1729.5803033448008
1729.580303344801
1729.5803033447614
1729.5803033448008
1729.580303344801
1729.5803033447614
1729.5803033448008
1729.580303344801
1729.5803033447614
1729.5803033448008
1729.580303344801
1729.5803033447614
1729.5803033448008
1729.580303344801
1729.5803033447614
1729.5803033448008
1729.580303344801
1729.5803033447614
1729.5803033448008
1729.580303344801
1729.5803033447614
1729.5803033448008
1729.5803033447614
1729.5803033448008
1729.5803033448008
1729.5803033447614
1729.5803033448008
1729.5803033448008
1729.5803033447614
1729.5803033448008
1729.5803033448008
1729.5803033447614
1729.5803033448008
1729.5803033448008
1729.5803033447614
1729.5803033448008
1729.5803033448008
1729.5803033447614
1729.5803033448008
1729.5803033448008
1729.5803033447614
1729.5803033448008
1729.5803033448008
1729.5803033447614
1729.5803033448008
1729.5803033448008
1729.5803033447614
1729.5803033448008
1729.5803033448008
1729.5803033447614
1729.5803033448008
1729.5803033447614
1729.5803033448008
1729.5803033448008
1729.5803033447614
1729.5803033448008
1729.5803033448008
1729.5803033447614
1729.5803033448008
1729.5803033448008
1729.5803033447614
1729.5803033448406
1729.5803033447617
1729.5803033447614
1729.5803033448406
1729.5803033447617
1729.5803033447614
1729.5803033447617
1729.5803033448406
1729.5803033447614
1729.5803033447617
1729.5803033448406
1729.5803033447614
1729.5803033447617
1729.5803033448406
1729.5803033447614
1729.5803033447617
1729.5803033448406
1729.5803033447614
1729.5803033447617
1729.5803033448406
1729.5803033447614
1729.5803033447617
1729.5803033448406
1729.5803033447614
1729.5803033447617
1729.5803033448406
1729.5803033447614
1729.5803033447617
1729.5803033448406
1729.5803033447614
1729.5803033447617
1729.5803033448406
1729.5803033447614
1729.5803033447617
1729.5803033448406
1729.5803033447614
1729.5803033447874
1729.5803033447874
1729.5803033447874
1729.5803033447874
1729.5803033447874
1729.5803033447874
1729.5803033447862
1729.5803033447887
1729.5803033447862
1729.5803033447885
1729.5803033447862
1729.5803033447887
1729.5803033447862
1729.5803033447862
1729.580303344791
1729.5803033447862
1729.5803033447862
1729.5803033447862
1729.580303344791
1729.5803033447862
1729.5803033447862
1729.5803033447862
1729.580303344791
1729.5803033447862
1729.5803033447862
1729.5803033447862
1729.5803033447912
1729.5803033447812
1729.5803033447912
1729.5803033447912
1729.5803033447812
1729.5803033447912
1729.5803033447912
1729.5803033447812
1729.5803033447912
1729.5803033447812
1729.5803033447912
1729.5803033447912
1729.5803033447812
1729.5803033447912
1729.5803033447912
1729.5803033447812
1729.5803033447912
1729.5803033447812
1729.5803033447912
1729.5803033447912
1729.5803033447812
1729.5803033447912
1729.5803033447812
1729.5803033447912
1729.5803033447912
1729.5803033447812
1729.5803033447812
1729.580303344801
1729.5803033447812
1729.5803033447812
1729.580303344801
1729.5803033447812
1729.5803033447812
1729.580303344801
1729.5803033447812
1729.5803033447812
1729.580303344801
1729.5803033447812
1729.5803033447812
1729.580303344801
1729.5803033447812
1729.5803033447812
1729.5803033447812
1729.580303344801
1729.5803033447812
1729.5803033447812
1729.580303344801
1729.5803033447812
1729.5803033447812
1729.580303344801
1729.5803033447812
1729.5803033447812
1729.580303344801
1729.5803033447812
1729.5803033447812
1729.580303344801
1729.5803033447812
1729.5803033447812
1729.5803033447812
1729.580303344801
1729.5803033447812
1729.5803033447812
1729.580303344801
1729.5803033447812
1729.5803033447812
1729.580303344801
1729.5803033447812
1729.5803033447812
1729.580303344801
1729.5803033447812
1729.5803033447812
1729.5803033447812
1729.580303344801
1729.5803033447812
1729.5803033447812
1729.580303344801
1729.580303344801
1729.5803033447614
1729.5803033448008
1729.5803033447614
1729.580303344801
1729.5803033448008
1729.5803033447614
1729.580303344801
1729.5803033448008
1729.5803033447614
1729.580303344801
1729.5803033448008
1729.5803033447614
1729.580303344801
1729.5803033448008
1729.5803033447614
1729.580303344801
1729.5803033448008
1729.5803033447614
1729.580303344801
1729.5803033448008
1729.5803033447614
1729.580303344801
1729.5803033448008
1729.5803033447614
1729.580303344801
1729.5803033448008
1729.5803033447614
1729.580303344801
1729.5803033448008
1729.5803033447614
1729.580303344801
1729.5803033448008
1729.5803033447614
1729.580303344801
1729.5803033447614
1729.5803033448008
1729.580303344801
1729.5803033447614
1729.5803033448008
1729.580303344801
1729.5803033447614
1729.5803033448008
1729.580303344801
1729.5803033447614
1729.5803033448008
1729.580303344801
1729.5803033447614
1729.5803033448008
1729.580303344801
1729.5803033447614
1729.5803033448008
1729.580303344801
1729.5803033447614
1729.5803033448008
1729.580303344801
1729.5803033447614
1729.5803033448008
1729.580303344801
1729.5803033447614
1729.5803033448008
1729.580303344801
1729.5803033447614
1729.5803033448008
1729.5803033447614
1729.5803033448008
1729.5803033448008
1729.5803033447614
1729.5803033448008
1729.5803033448008
1729.5803033447614
1729.5803033448008
1729.5803033448008
1729.5803033447614
1729.5803033448008
1729.5803033448008
1729.5803033447614
1729.5803033448008
1729.5803033448008
1729.5803033447614
1729.5803033448008
1729.5803033448008
1729.5803033447614
1729.5803033448008
1729.5803033448008
1729.5803033447614
1729.5803033448008
1729.5803033448008
1729.5803033447614
1729.5803033448008
1729.5803033448008
1729.5803033447614
1729.5803033448008
1729.5803033447614
1729.5803033448008
1729.5803033448008
1729.5803033447614
1729.5803033448008
1729.5803033448008
1729.5803033447614
1729.5803033448008
1729.5803033448008
1729.5803033447614
1729.5803033448406
1729.5803033447617
1729.5803033447614
1729.5803033448406
1729.5803033447617
1729.5803033447614
1729.5803033447617
1729.5803033448406
1729.5803033447614
1729.5803033447617
1729.5803033448406
1729.5803033447614
1729.5803033447617
1729.5803033448406
1729.5803033447614
1729.5803033447617
1729.5803033448406
1729.5803033447614
1729.5803033447617
1729.5803033448406
1729.5803033447614
1729.5803033447617
1729.5803033448406
1729.5803033447614
1729.5803033447617
1729.5803033448406
1729.5803033447614
1729.5803033447617
1729.5803033448406
1729.5803033447614
1729.5803033447617
1729.5803033448406
1729.5803033447614
1729.5803033447617
1729.5803033448406
1729.5803033447614
1729.5803033447874
1729.5803033447874
1729.5803033447874
1729.5803033447874
1729.5803033447874
1729.5803033447874
1729.5803033447862
1729.5803033447887
1729.5803033447862
1729.5803033447885
1729.5803033447862
1729.5803033447887
1729.5803033447862
1729.5803033447862
1729.580303344791
1729.5803033447862
1729.5803033447862
1729.5803033447862
1729.580303344791
1729.5803033447862
1729.5803033447862
1729.5803033447862
1729.580303344791
1729.5803033447862
1729.5803033447862
1729.5803033447862
1729.5803033447912
1729.5803033447812
1729.5803033447912
1729.5803033447912
1729.5803033447812
1729.5803033447912
1729.5803033447912
1729.5803033447812
1729.5803033447912
1729.5803033447812
1729.5803033447912
1729.5803033447912
1729.5803033447812
1729.5803033447912
1729.5803033447912
1729.5803033447812
1729.5803033447912
1729.5803033447812
1729.5803033447912
1729.5803033447912
1729.5803033447812
1729.5803033447912
1729.5803033447812
1729.5803033447912
1729.5803033447912
1729.5803033447812
1729.5803033447812
1729.580303344801
1729.5803033447812
1729.5803033447812
1729.580303344801
1729.5803033447812
1729.5803033447812
1729.580303344801
1729.5803033447812
1729.5803033447812
1729.580303344801
1729.5803033447812
1729.5803033447812
1729.580303344801
1729.5803033447812
1729.5803033447812
1729.5803033447812
1729.580303344801
1729.5803033447812
1729.5803033447812
1729.580303344801
1729.5803033447812
1729.5803033447812
1729.580303344801
1729.5803033447812
1729.5803033447812
1729.580303344801
1729.5803033447812
1729.5803033447812
1729.580303344801
1729.5803033447812
1729.5803033447812
1729.5803033447812
1729.580303344801
1729.5803033447812
1729.5803033447812
1729.580303344801
1729.5803033447812
1729.5803033447812
1729.580303344801
1729.5803033447812
1729.5803033447812
1729.580303344801
1729.5803033447812
1729.5803033447812
1729.5803033447812
1729.580303344801
1729.5803033447812
1729.5803033447812
1729.580303344801
1729.580303344801
1729.5803033447614
1729.5803033448008
1729.5803033447614
1729.580303344801
1729.5803033448008
1729.5803033447614
1729.580303344801
1729.5803033448008
1729.5803033447614
1729.580303344801
1729.5803033448008
1729.5803033447614
1729.580303344801
1729.5803033448008
1729.5803033447614
1729.580303344801
1729.5803033448008
1729.5803033447614
1729.580303344801
1729.5803033448008
1729.5803033447614
1729.580303344801
1729.5803033448008
1729.5803033447614
1729.580303344801
1729.5803033448008
1729.5803033447614
1729.580303344801
1729.5803033448008
1729.5803033447614
1729.580303344801
1729.5803033448008
1729.5803033447614
1729.580303344801
1729.5803033447614
1729.5803033448008
1729.580303344801
1729.5803033447614
1729.5803033448008
1729.580303344801
1729.5803033447614
1729.5803033448008
1729.580303344801
1729.5803033447614
1729.5803033448008
1729.580303344801
1729.5803033447614
1729.5803033448008
1729.580303344801
1729.5803033447614
1729.5803033448008
1729.580303344801
1729.5803033447614
1729.5803033448008
1729.580303344801
1729.5803033447614
1729.5803033448008
1729.580303344801
1729.5803033447614
1729.5803033448008
1729.580303344801
1729.5803033447614
1729.5803033448008
1729.5803033447614
1729.5803033448008
1729.5803033448008
1729.5803033447614
1729.5803033448008
1729.5803033448008
1729.5803033447614
1729.5803033448008
1729.5803033448008
1729.5803033447614
1729.5803033448008
1729.5803033448008
1729.5803033447614
1729.5803033448008
1729.5803033448008
1729.5803033447614
1729.5803033448008
1729.5803033448008
1729.5803033447614
1729.5803033448008
1729.5803033448008
1729.5803033447614
1729.5803033448008
1729.5803033448008
1729.5803033447614
1729.5803033448008
1729.5803033448008
1729.5803033447614
1729.5803033448008
1729.5803033447614
1729.5803033448008
1729.5803033448008
1729.5803033447614
1729.5803033448008
1729.5803033448008
1729.5803033447614
1729.5803033448008
1729.5803033448008
1729.5803033447614
1729.5803033448406
1729.5803033447617
1729.5803033447614
1729.5803033448406
1729.5803033447617
1729.5803033447614
1729.5803033447617
1729.5803033448406
1729.5803033447614
1729.5803033447617
1729.5803033448406
1729.5803033447614
1729.5803033447617
1729.5803033448406
1729.5803033447614
1729.5803033447617
1729.5803033448406
1729.5803033447614
1729.5803033447617
1729.5803033448406
1729.5803033447614
1729.5803033447617
1729.5803033448406
1729.5803033447614
1729.5803033447617
1729.5803033448406
1729.5803033447614
1729.5803033447617
1729.5803033448406
1729.5803033447614
1729.5803033447617
1729.5803033448406
1729.5803033447614
1729.5803033447617
1729.5803033448406
1729.5803033447614
1729.5803033447874
1729.5803033447874
1729.5803033447874
1729.5803033447874
1729.5803033447874
1729.5803033447874
1729.5803033447862
1729.5803033447887
1729.5803033447862
1729.5803033447885
1729.5803033447862
1729.5803033447887
1729.5803033447862
1729.5803033447862
1729.580303344791
1729.5803033447862
1729.5803033447862
1729.5803033447862
1729.580303344791
1729.5803033447862
1729.5803033447862
1729.5803033447862
1729.580303344791
1729.5803033447862
1729.5803033447862
1729.5803033447862
1729.5803033447912
1729.5803033447812
1729.5803033447912
1729.5803033447912
1729.5803033447812
1729.5803033447912
1729.5803033447912
1729.5803033447812
1729.5803033447912
1729.5803033447812
1729.5803033447912
1729.5803033447912
1729.5803033447812
1729.5803033447912
1729.5803033447912
1729.5803033447812
1729.5803033447912
1729.5803033447812
1729.5803033447912
1729.5803033447912
1729.5803033447812
1729.5803033447912
1729.5803033447812
1729.5803033447912
1729.5803033447912
1729.5803033447812
1729.5803033447812
1729.580303344801
1729.5803033447812
1729.5803033447812
1729.580303344801
1729.5803033447812
1729.5803033447812
1729.580303344801
1729.5803033447812
1729.5803033447812
1729.580303344801
1729.5803033447812
1729.5803033447812
1729.580303344801
1729.5803033447812
1729.5803033447812
1729.5803033447812
1729.580303344801
1729.5803033447812
1729.5803033447812
1729.580303344801
1729.5803033447812
1729.5803033447812
1729.580303344801
1729.5803033447812
1729.5803033447812
1729.580303344801
1729.5803033447812
1729.5803033447812
1729.580303344801
1729.5803033447812
1729.5803033447812
1729.5803033447812
1729.580303344801
1729.5803033447812
1729.5803033447812
1729.580303344801
1729.5803033447812
1729.5803033447812
1729.580303344801
1729.5803033447812
1729.5803033447812
1729.580303344801
1729.5803033447812
1729.5803033447812
1729.5803033447812
1729.580303344801
1729.5803033447812
1729.5803033447812
1729.580303344801
1729.580303344801
1729.5803033447614
1729.5803033448008
1729.5803033447614
1729.580303344801
1729.5803033448008
1729.5803033447614
1729.580303344801
1729.5803033448008
1729.5803033447614
1729.580303344801
1729.5803033448008
1729.5803033447614
1729.580303344801
1729.5803033448008
1729.5803033447614
1729.580303344801
1729.5803033448008
1729.5803033447614
1729.580303344801
1729.5803033448008
1729.5803033447614
1729.580303344801
1729.5803033448008
1729.5803033447614
1729.580303344801
1729.5803033448008
1729.5803033447614
1729.580303344801
1729.5803033448008
1729.5803033447614
1729.580303344801
1729.5803033448008
1729.5803033447614
1729.580303344801
1729.5803033447614
1729.5803033448008
1729.580303344801
1729.5803033447614
1729.5803033448008
1729.580303344801
1729.5803033447614
1729.5803033448008
1729.580303344801
1729.5803033447614
1729.5803033448008
1729.580303344801
1729.5803033447614
1729.5803033448008
1729.580303344801
1729.5803033447614
1729.5803033448008
1729.580303344801
1729.5803033447614
1729.5803033448008
1729.580303344801
1729.5803033447614
1729.5803033448008
1729.580303344801
1729.5803033447614
1729.5803033448008
1729.580303344801
1729.5803033447614
1729.5803033448008
1729.5803033447614
1729.5803033448008
1729.5803033448008
1729.5803033447614
1729.5803033448008
1729.5803033448008
1729.5803033447614
1729.5803033448008
1729.5803033448008
1729.5803033447614
1729.5803033448008
1729.5803033448008
1729.5803033447614
1729.5803033448008
1729.5803033448008
1729.5803033447614
1729.5803033448008
1729.5803033448008
1729.5803033447614
1729.5803033448008
1729.5803033448008
1729.5803033447614
1729.5803033448008
1729.5803033448008
1729.5803033447614
1729.5803033448008
1729.5803033448008
1729.5803033447614
1729.5803033448008
1729.5803033447614
1729.5803033448008
1729.5803033448008
1729.5803033447614
1729.5803033448008
1729.5803033448008
1729.5803033447614
1729.5803033448008
1729.5803033448008
1729.5803033447614
1729.5803033448406
1729.5803033447617
1729.5803033447614
1729.5803033448406
1729.5803033447617
1729.5803033447614
1729.5803033447617
1729.5803033448406
1729.5803033447614
1729.5803033447617
1729.5803033448406
1729.5803033447614
1729.5803033447617
1729.5803033448406
1729.5803033447614
1729.5803033447617
1729.5803033448406
1729.5803033447614
1729.5803033447617
1729.5803033448406
1729.5803033447614
1729.5803033447617
1729.5803033448406
1729.5803033447614
1729.5803033447617
1729.5803033448406
1729.5803033447614
1729.5803033447617
1729.5803033448406
1729.5803033447614
1729.5803033447617
1729.5803033448406
1729.5803033447614
1729.5803033447617
1729.5803033448406
1729.5803033447614
1729.5803033447773
1729.5803033447773
1729.5803033447773
1729.5803033447778
1729.5803033447773
1729.5803033447773
1729.5803033447762
1729.5803033447787
1729.5803033447762
1729.5803033447787
1729.5803033447762
1729.5803033447787
1729.5803033447762
1729.5803033447762
1729.580303344781
1729.5803033447762
1729.5803033447762
1729.5803033447762
1729.580303344781
1729.5803033447762
1729.5803033447762
1729.5803033447762
1729.580303344781
1729.5803033447762
1729.5803033447762
1729.5803033447762
1729.5803033447812
1729.5803033447712
1729.5803033447812
1729.5803033447812
1729.5803033447712
1729.5803033447812
1729.5803033447812
1729.5803033447712
1729.5803033447812
1729.5803033447712
1729.5803033447812
1729.5803033447812
1729.5803033447712
1729.5803033447812
1729.5803033447812
1729.5803033447712
1729.5803033447812
1729.5803033447712
1729.5803033447812
1729.5803033447812
1729.5803033447712
1729.5803033447812
1729.5803033447712
1729.5803033447812
1729.5803033447812
1729.5803033447712
1729.5803033447712
1729.580303344791
1729.5803033447712
1729.5803033447712
1729.580303344791
1729.5803033447712
1729.5803033447712
1729.580303344791
1729.5803033447712
1729.5803033447712
1729.580303344791
1729.5803033447712
1729.5803033447712
1729.580303344791
1729.5803033447712
1729.5803033447712
1729.5803033447712
1729.580303344791
1729.5803033447712
1729.5803033447712
1729.580303344791
1729.5803033447712
1729.5803033447712
1729.580303344791
1729.5803033447712
1729.5803033447712
1729.580303344791
1729.5803033447712
1729.5803033447712
1729.580303344791
1729.5803033447712
1729.5803033447712
1729.5803033447712
1729.580303344791
1729.5803033447712
1729.5803033447712
1729.580303344791
1729.5803033447712
1729.5803033447712
1729.580303344791
1729.5803033447712
1729.5803033447712
1729.580303344791
1729.5803033447712
1729.5803033447712
1729.5803033447712
1729.580303344791
1729.5803033447712
1729.5803033447712
1729.580303344791
1729.580303344791
1729.5803033447517
1729.580303344791
1729.5803033447517
1729.580303344791
1729.580303344791
1729.5803033447517
1729.580303344791
1729.580303344791
1729.5803033447517
1729.580303344791
1729.580303344791
1729.5803033447517
1729.580303344791
1729.580303344791
1729.5803033447517
1729.580303344791
1729.580303344791
1729.5803033447517
1729.580303344791
1729.580303344791
1729.5803033447517
1729.580303344791
1729.580303344791
1729.5803033447517
1729.580303344791
1729.580303344791
1729.5803033447517
1729.580303344791
1729.580303344791
1729.5803033447517
1729.580303344791
1729.580303344791
1729.5803033447517
1729.580303344791
1729.5803033447517
1729.580303344791
1729.580303344791
1729.5803033447517
1729.580303344791
1729.580303344791
1729.5803033447517
1729.580303344791
1729.580303344791
1729.5803033447517
1729.580303344791
1729.580303344791
1729.5803033447517
1729.580303344791
1729.580303344791
1729.5803033447517
1729.580303344791
1729.580303344791
1729.5803033447517
1729.580303344791
1729.580303344791
1729.5803033447517
1729.580303344791
1729.580303344791
1729.5803033447517
1729.580303344791
1729.580303344791
1729.5803033447517
1729.580303344791
1729.5803033447517
1729.580303344791
1729.580303344791
1729.5803033447517
1729.580303344791
1729.580303344791
1729.5803033447517
1729.580303344791
1729.580303344791
1729.5803033447517
1729.580303344791
1729.580303344791
1729.5803033447517
1729.580303344791
1729.580303344791
1729.5803033447517
1729.580303344791
1729.580303344791
1729.5803033447517
1729.580303344791
1729.580303344791
1729.5803033447517
1729.580303344791
1729.580303344791
1729.5803033447517
1729.580303344791
1729.580303344791
1729.5803033447517
1729.580303344791
1729.5803033447517
1729.580303344791
1729.580303344791
1729.5803033447517
1729.580303344791
1729.580303344791
1729.5803033447517
1729.580303344791
1729.580303344791
1729.5803033447517
1729.5803033448303
1729.5803033447517
1729.5803033447517
1729.5803033448303
1729.5803033447517
1729.5803033447517
1729.5803033447517
1729.5803033448303
1729.5803033447517
1729.5803033447517
1729.5803033448303
1729.5803033447517
1729.5803033447517
1729.5803033448303
1729.5803033447517
1729.5803033447517
1729.5803033448303
1729.5803033447517
1729.5803033447517
1729.5803033448303
1729.5803033447517
1729.5803033447517
1729.5803033448303
1729.5803033447517
1729.5803033447517
1729.5803033448303
1729.5803033447517
1729.5803033447517
1729.5803033448303
1729.5803033447517
1729.5803033447517
1729.5803033448303
1729.5803033447517
1729.5803033447517
1729.5803033448303
1729.5803033447517
1729.5803033447874
1729.5803033447874
1729.5803033447876
1729.5803033447876
1729.5803033447876
1729.5803033447876
1729.5803033447862
1729.5803033447885
1729.5803033447862
1729.5803033447885
1729.5803033447862
1729.5803033447885
1729.5803033447862
1729.5803033447862
1729.5803033447912
1729.5803033447862
1729.5803033447862
1729.5803033447862
1729.5803033447912
1729.5803033447862
1729.5803033447862
1729.5803033447862
1729.5803033447912
1729.5803033447862
1729.5803033447862
1729.5803033447862
1729.5803033447912
1729.5803033447812
1729.5803033447912
1729.5803033447912
1729.5803033447812
1729.5803033447912
1729.5803033447912
1729.5803033447812
1729.5803033447912
1729.5803033447812
1729.5803033447912
1729.5803033447912
1729.5803033447812
1729.5803033447912
1729.5803033447912
1729.5803033447812
1729.5803033447912
1729.5803033447812
1729.5803033447912
1729.5803033447912
1729.5803033447812
1729.5803033447912
1729.5803033447812
1729.5803033447912
1729.5803033447912
1729.5803033447812
1729.5803033447812
1729.5803033448008
1729.5803033447812
1729.5803033447812
1729.5803033448008
1729.5803033447812
1729.5803033447812
1729.5803033448008
1729.5803033447812
1729.5803033447812
1729.5803033448008
1729.5803033447812
1729.5803033447812
1729.5803033448008
1729.5803033447812
1729.5803033447812
1729.5803033447812
1729.5803033448008
1729.5803033447812
1729.5803033447812
1729.5803033448008
1729.5803033447812
1729.5803033447812
1729.5803033448008
1729.5803033447812
1729.5803033447812
1729.5803033448008
1729.5803033447812
1729.5803033447812
1729.5803033448008
1729.5803033447812
1729.5803033447812
1729.5803033447812
1729.5803033448008
1729.5803033447812
1729.5803033447812
1729.5803033448008
1729.5803033447812
1729.5803033447812
1729.5803033448008
1729.5803033447812
1729.5803033447812
1729.5803033448008
1729.5803033447812
1729.5803033447812
1729.5803033447812
1729.5803033448008
1729.5803033447812
1729.5803033447812
1729.5803033448008
1729.5803033448008
1729.5803033447617
1729.580303344801
1729.5803033447617
1729.580303344801
1729.580303344801
1729.5803033447617
1729.580303344801
1729.580303344801
1729.5803033447617
1729.580303344801
1729.580303344801
1729.5803033447617
1729.580303344801
1729.580303344801
1729.5803033447617
1729.580303344801
1729.580303344801
1729.5803033447617
1729.580303344801
1729.580303344801
1729.5803033447617
1729.580303344801
1729.580303344801
1729.5803033447617
1729.580303344801
1729.580303344801
1729.5803033447617
1729.580303344801
1729.580303344801
1729.5803033447617
1729.580303344801
1729.580303344801
1729.5803033447617
1729.580303344801
1729.5803033447617
1729.580303344801
1729.580303344801
1729.5803033447617
1729.580303344801
1729.580303344801
1729.5803033447617
1729.580303344801
1729.580303344801
1729.5803033447617
1729.580303344801
1729.580303344801
1729.5803033447617
1729.580303344801
1729.580303344801
1729.5803033447617
1729.580303344801
1729.580303344801
1729.5803033447617
1729.580303344801
1729.580303344801
1729.5803033447617
1729.580303344801
1729.580303344801
1729.5803033447617
1729.580303344801
1729.580303344801
1729.5803033447617
1729.580303344801
1729.5803033447617
1729.580303344801
1729.580303344801
1729.5803033447617
1729.580303344801
1729.580303344801
1729.5803033447617
1729.580303344801
1729.580303344801
1729.5803033447617
1729.580303344801
1729.580303344801
1729.5803033447617
1729.580303344801
1729.580303344801
1729.5803033447617
1729.580303344801
1729.580303344801
1729.5803033447617
1729.580303344801
1729.580303344801
1729.5803033447617
1729.580303344801
1729.580303344801
1729.5803033447617
1729.580303344801
1729.580303344801
1729.5803033447617
1729.580303344801
1729.5803033447617
1729.580303344801
1729.580303344801
1729.5803033447617
1729.580303344801
1729.580303344801
1729.5803033447617
1729.580303344801
1729.580303344801
1729.5803033447617
1729.5803033448406
1729.5803033447617
1729.5803033447614
1729.5803033448406
1729.5803033447617
1729.5803033447614
1729.5803033447617
1729.5803033448406
1729.5803033447614
1729.5803033447617
1729.5803033448406
1729.5803033447614
1729.5803033447617
1729.5803033448406
1729.5803033447614
1729.5803033447617
1729.5803033448406
1729.5803033447614
1729.5803033447617
1729.5803033448406
1729.5803033447614
1729.5803033447617
1729.5803033448406
1729.5803033447614
1729.5803033447617
1729.5803033448406
1729.5803033447614
1729.5803033447617
1729.5803033448406
1729.5803033447614
1729.5803033447617
1729.5803033448406
1729.5803033447614
1729.5803033447617
1729.5803033448406
1729.5803033447614
1729.5803033447874
1729.5803033447874
1729.5803033447874
1729.5803033447874
1729.5803033447874
1729.5803033447874
1729.5803033447862
1729.5803033447887
1729.5803033447862
1729.5803033447885
1729.5803033447862
1729.5803033447887
1729.5803033447862
1729.5803033447862
1729.580303344791
1729.5803033447862
1729.5803033447862
1729.5803033447862
1729.580303344791
1729.5803033447862
1729.5803033447862
1729.5803033447862
1729.580303344791
1729.5803033447862
1729.5803033447862
1729.5803033447862
1729.5803033447912
1729.5803033447812
1729.5803033447912
1729.5803033447912
1729.5803033447812
1729.5803033447912
1729.5803033447912
1729.5803033447812
1729.5803033447912
1729.5803033447812
1729.5803033447912
1729.5803033447912
1729.5803033447812
1729.5803033447912
1729.5803033447912
1729.5803033447812
1729.5803033447912
1729.5803033447812
1729.5803033447912
1729.5803033447912
1729.5803033447812
1729.5803033447912
1729.5803033447812
1729.5803033447912
1729.5803033447912
1729.5803033447812
1729.5803033447812
1729.580303344801
1729.5803033447812
1729.5803033447812
1729.580303344801
1729.5803033447812
1729.5803033447812
1729.580303344801
1729.5803033447812
1729.5803033447812
1729.580303344801
1729.5803033447812
1729.5803033447812
1729.580303344801
1729.5803033447812
1729.5803033447812
1729.5803033447812
1729.580303344801
1729.5803033447812
1729.5803033447812
1729.580303344801
1729.5803033447812
1729.5803033447812
1729.580303344801
1729.5803033447812
1729.5803033447812
1729.580303344801
1729.5803033447812
1729.5803033447812
1729.580303344801
1729.5803033447812
1729.5803033447812
1729.5803033447812
1729.580303344801
1729.5803033447812
1729.5803033447812
1729.580303344801
1729.5803033447812
1729.5803033447812
1729.580303344801
1729.5803033447812
1729.5803033447812
1729.580303344801
1729.5803033447812
1729.5803033447812
1729.5803033447812
1729.580303344801
1729.5803033447812
1729.5803033447812
1729.580303344801
1729.580303344801
1729.5803033447614
1729.5803033448008
1729.5803033447614
1729.580303344801
1729.5803033448008
1729.5803033447614
1729.580303344801
1729.5803033448008
1729.5803033447614
1729.580303344801
1729.5803033448008
1729.5803033447614
1729.580303344801
1729.5803033448008
1729.5803033447614
1729.580303344801
1729.5803033448008
1729.5803033447614
1729.580303344801
1729.5803033448008
1729.5803033447614
1729.580303344801
1729.5803033448008
1729.5803033447614
1729.580303344801
1729.5803033448008
1729.5803033447614
1729.580303344801
1729.5803033448008
1729.5803033447614
1729.580303344801
1729.5803033448008
1729.5803033447614
1729.580303344801
1729.5803033447614
1729.5803033448008
1729.580303344801
1729.5803033447614
1729.5803033448008
1729.580303344801
1729.5803033447614
1729.5803033448008
1729.580303344801
1729.5803033447614
1729.5803033448008
1729.580303344801
1729.5803033447614
1729.5803033448008
1729.580303344801
1729.5803033447614
1729.5803033448008
1729.580303344801
1729.5803033447614
1729.5803033448008
1729.580303344801
1729.5803033447614
1729.5803033448008
1729.580303344801
1729.5803033447614
1729.5803033448008
1729.580303344801
1729.5803033447614
1729.5803033448008
1729.5803033447614
1729.5803033448008
1729.5803033448008
1729.5803033447614
1729.5803033448008
1729.5803033448008
1729.5803033447614
1729.5803033448008
1729.5803033448008
1729.5803033447614
1729.5803033448008
1729.5803033448008
1729.5803033447614
1729.5803033448008
1729.5803033448008
1729.5803033447614
1729.5803033448008
1729.5803033448008
1729.5803033447614
1729.5803033448008
1729.5803033448008
1729.5803033447614
1729.5803033448008
1729.5803033448008
1729.5803033447614
1729.5803033448008
1729.5803033448008
1729.5803033447614
1729.5803033448008
1729.5803033447614
1729.5803033448008
1729.5803033448008
1729.5803033447614
1729.5803033448008
1729.5803033448008
1729.5803033447614
1729.5803033448008
1729.5803033448008
1729.5803033447614
1729.5803033448406
1729.5803033447617
1729.5803033447614
1729.5803033448406
1729.5803033447617
1729.5803033447614
1729.5803033447617
1729.5803033448406
1729.5803033447614
1729.5803033447617
1729.5803033448406
1729.5803033447614
1729.5803033447617
1729.5803033448406
1729.5803033447614
1729.5803033447617
1729.5803033448406
1729.5803033447614
1729.5803033447617
1729.5803033448406
1729.5803033447614
1729.5803033447617
1729.5803033448406
1729.5803033447614
1729.5803033447617
1729.5803033448406
1729.5803033447614
1729.5803033447617
1729.5803033448406
1729.5803033447614
1729.5803033447617
1729.5803033448406
1729.5803033447614
1729.5803033447617
1729.5803033448406
1729.5803033447614
1729.5803033447874
1729.5803033447874
1729.5803033447876
1729.5803033447876
1729.5803033447876
1729.5803033447876
1729.5803033447862
1729.5803033447885
1729.5803033447862
1729.5803033447885
1729.5803033447862
1729.5803033447885
1729.5803033447862
1729.5803033447862
1729.5803033447912
1729.5803033447862
1729.5803033447862
1729.5803033447862
1729.5803033447912
1729.5803033447862
1729.5803033447862
1729.5803033447862
1729.5803033447912
1729.5803033447862
1729.5803033447862
1729.5803033447862
1729.5803033447912
1729.5803033447812
1729.5803033447912
1729.5803033447912
1729.5803033447812
1729.5803033447912
1729.5803033447912
1729.5803033447812
1729.5803033447912
1729.5803033447812
1729.5803033447912
1729.5803033447912
1729.5803033447812
1729.5803033447912
1729.5803033447912
1729.5803033447812
1729.5803033447912
1729.5803033447812
1729.5803033447912
1729.5803033447912
1729.5803033447812
1729.5803033447912
1729.5803033447812
1729.5803033447912
1729.5803033447912
1729.5803033447812
1729.5803033447812
1729.5803033448008
1729.5803033447812
1729.5803033447812
1729.5803033448008
1729.5803033447812
1729.5803033447812
1729.5803033448008
1729.5803033447812
1729.5803033447812
1729.5803033448008
1729.5803033447812
1729.5803033447812
1729.5803033448008
1729.5803033447812
1729.5803033447812
1729.5803033447812
1729.5803033448008
1729.5803033447812
1729.5803033447812
1729.5803033448008
1729.5803033447812
1729.5803033447812
1729.5803033448008
1729.5803033447812
1729.5803033447812
1729.5803033448008
1729.5803033447812
1729.5803033447812
1729.5803033448008
1729.5803033447812
1729.5803033447812
1729.5803033447812
1729.5803033448008
1729.5803033447812
1729.5803033447812
1729.5803033448008
1729.5803033447812
1729.5803033447812
1729.5803033448008
1729.5803033447812
1729.5803033447812
1729.5803033448008
1729.5803033447812
1729.5803033447812
1729.5803033447812
1729.5803033448008
1729.5803033447812
1729.5803033447812
1729.5803033448008
1729.5803033448008
1729.5803033447617
1729.580303344801
1729.5803033447617
1729.580303344801
1729.580303344801
1729.5803033447617
1729.580303344801
1729.580303344801
1729.5803033447617
1729.580303344801
1729.580303344801
1729.5803033447617
1729.580303344801
1729.580303344801
1729.5803033447617
1729.580303344801
1729.580303344801
1729.5803033447617
1729.580303344801
1729.580303344801
1729.5803033447617
1729.580303344801
1729.580303344801
1729.5803033447617
1729.580303344801
1729.580303344801
1729.5803033447617
1729.580303344801
1729.580303344801
1729.5803033447617
1729.580303344801
1729.580303344801
1729.5803033447617
1729.580303344801
1729.5803033447617
1729.580303344801
1729.580303344801
1729.5803033447617
1729.580303344801
1729.580303344801
1729.5803033447617
1729.580303344801
1729.580303344801
1729.5803033447617
1729.580303344801
1729.580303344801
1729.5803033447617
1729.580303344801
1729.580303344801
1729.5803033447617
1729.580303344801
1729.580303344801
1729.5803033447617
1729.580303344801
1729.580303344801
1729.5803033447617
1729.580303344801
1729.580303344801
1729.5803033447617
1729.580303344801
1729.580303344801
1729.5803033447617
1729.580303344801
1729.5803033447617
1729.580303344801
1729.580303344801
1729.5803033447617
1729.580303344801
1729.580303344801
1729.5803033447617
1729.580303344801
1729.580303344801
1729.5803033447617
1729.580303344801
1729.580303344801
1729.5803033447617
1729.580303344801
1729.580303344801
1729.5803033447617
1729.580303344801
1729.580303344801
1729.5803033447617
1729.580303344801
1729.580303344801
1729.5803033447617
1729.580303344801
1729.580303344801
1729.5803033447617
1729.580303344801
1729.580303344801
1729.5803033447617
1729.580303344801
1729.5803033447617
1729.580303344801
1729.580303344801
1729.5803033447617
1729.580303344801
1729.580303344801
1729.5803033447617
1729.580303344801
1729.580303344801
1729.5803033447617
1729.5803033448406
1729.5803033447617
1729.5803033447614
1729.5803033448406
1729.5803033447617
1729.5803033447614
1729.5803033447617
1729.5803033448406
1729.5803033447614
1729.5803033447617
1729.5803033448406
1729.5803033447614
1729.5803033447617
1729.5803033448406
1729.5803033447614
1729.5803033447617
1729.5803033448406
1729.5803033447614
1729.5803033447617
1729.5803033448406
1729.5803033447614
1729.5803033447617
1729.5803033448406
1729.5803033447614
1729.5803033447617
1729.5803033448406
1729.5803033447614
1729.5803033447617
1729.5803033448406
1729.5803033447614
1729.5803033447617
1729.5803033448406
1729.5803033447614
1729.5803033447617
1729.5803033448406
1729.5803033447614
1729.5803033447874
1729.5803033447874
1729.5803033447874
1729.5803033447874
1729.5803033447874
1729.5803033447874
1729.5803033447862
1729.5803033447887
1729.5803033447862
1729.5803033447885
1729.5803033447862
1729.5803033447887
1729.5803033447862
1729.5803033447862
1729.580303344791
1729.5803033447862
1729.5803033447862
1729.5803033447862
1729.580303344791
1729.5803033447862
1729.5803033447862
1729.5803033447862
1729.580303344791
1729.5803033447862
1729.5803033447862
1729.5803033447862
1729.5803033447912
1729.5803033447812
1729.5803033447912
1729.5803033447912
1729.5803033447812
1729.5803033447912
1729.5803033447912
1729.5803033447812
1729.5803033447912
1729.5803033447812
1729.5803033447912
1729.5803033447912
1729.5803033447812
1729.5803033447912
1729.5803033447912
1729.5803033447812
1729.5803033447912
1729.5803033447812
1729.5803033447912
1729.5803033447912
1729.5803033447812
1729.5803033447912
1729.5803033447812
1729.5803033447912
1729.5803033447912
1729.5803033447812
1729.5803033447812
1729.580303344801
1729.5803033447812
1729.5803033447812
1729.580303344801
1729.5803033447812
1729.5803033447812
1729.580303344801
1729.5803033447812
1729.5803033447812
1729.580303344801
1729.5803033447812
1729.5803033447812
1729.580303344801
1729.5803033447812
1729.5803033447812
1729.5803033447812
1729.580303344801
1729.5803033447812
1729.5803033447812
1729.580303344801
1729.5803033447812
1729.5803033447812
1729.580303344801
1729.5803033447812
1729.5803033447812
1729.580303344801
1729.5803033447812
1729.5803033447812
1729.580303344801
1729.5803033447812
1729.5803033447812
1729.5803033447812
1729.580303344801
1729.5803033447812
1729.5803033447812
1729.580303344801
1729.5803033447812
1729.5803033447812
1729.580303344801
1729.5803033447812
1729.5803033447812
1729.580303344801
1729.5803033447812
1729.5803033447812
1729.5803033447812
1729.580303344801
1729.5803033447812
1729.5803033447812
1729.580303344801
1729.580303344801
1729.5803033447614
1729.5803033448008
1729.5803033447614
1729.580303344801
1729.5803033448008
1729.5803033447614
1729.580303344801
1729.5803033448008
1729.5803033447614
1729.580303344801
1729.5803033448008
1729.5803033447614
1729.580303344801
1729.5803033448008
1729.5803033447614
1729.580303344801
1729.5803033448008
1729.5803033447614
1729.580303344801
1729.5803033448008
1729.5803033447614
1729.580303344801
1729.5803033448008
1729.5803033447614
1729.580303344801
1729.5803033448008
1729.5803033447614
1729.580303344801
1729.5803033448008
1729.5803033447614
1729.580303344801
1729.5803033448008
1729.5803033447614
1729.580303344801
1729.5803033447614
1729.5803033448008
1729.580303344801
1729.5803033447614
1729.5803033448008
1729.580303344801
1729.5803033447614
1729.5803033448008
1729.580303344801
1729.5803033447614
1729.5803033448008
1729.580303344801
1729.5803033447614
1729.5803033448008
1729.580303344801
1729.5803033447614
1729.5803033448008
1729.580303344801
1729.5803033447614
1729.5803033448008
1729.580303344801
1729.5803033447614
1729.5803033448008
1729.580303344801
1729.5803033447614
1729.5803033448008
1729.580303344801
1729.5803033447614
1729.5803033448008
1729.5803033447614
1729.5803033448008
1729.5803033448008
1729.5803033447614
1729.5803033448008
1729.5803033448008
1729.5803033447614
1729.5803033448008
1729.5803033448008
1729.5803033447614
1729.5803033448008
1729.5803033448008
1729.5803033447614
1729.5803033448008
1729.5803033448008
1729.5803033447614
1729.5803033448008
1729.5803033448008
1729.5803033447614
1729.5803033448008
1729.5803033448008
1729.5803033447614
1729.5803033448008
1729.5803033448008
1729.5803033447614
1729.5803033448008
1729.5803033448008
1729.5803033447614
1729.5803033448008
1729.5803033447614
1729.5803033448008
1729.5803033448008
1729.5803033447614
1729.5803033448008
1729.5803033448008
1729.5803033447614
1729.5803033448008
1729.5803033448008
1729.5803033447614
1729.5803033448406
1729.5803033447617
1729.5803033447614
1729.5803033448406
1729.5803033447617
1729.5803033447614
1729.5803033447617
1729.5803033448406
1729.5803033447614
1729.5803033447617
1729.5803033448406
1729.5803033447614
1729.5803033447617
1729.5803033448406
1729.5803033447614
1729.5803033447617
1729.5803033448406
1729.5803033447614
1729.5803033447617
1729.5803033448406
1729.5803033447614
1729.5803033447617
1729.5803033448406
1729.5803033447614
1729.5803033447617
1729.5803033448406
1729.5803033447614
1729.5803033447617
1729.5803033448406
1729.5803033447614
1729.5803033447617
1729.5803033448406
1729.5803033447614
1729.5803033447617
1729.5803033448406
1729.5803033447614
1729.5803033447874
1729.5803033447874
1729.5803033447876
1729.5803033447876
1729.5803033447876
1729.5803033447876
1729.5803033447862
1729.5803033447885
1729.5803033447862
1729.5803033447885
1729.5803033447862
1729.5803033447885
1729.5803033447862
1729.5803033447862
1729.5803033447912
1729.5803033447862
1729.5803033447862
1729.5803033447862
1729.5803033447912
1729.5803033447862
1729.5803033447862
1729.5803033447862
1729.5803033447912
1729.5803033447862
1729.5803033447862
1729.5803033447862
1729.5803033447912
1729.5803033447812
1729.5803033447912
1729.5803033447912
1729.5803033447812
1729.5803033447912
1729.5803033447912
1729.5803033447812
1729.5803033447912
1729.5803033447812
1729.5803033447912
1729.5803033447912
1729.5803033447812
1729.5803033447912
1729.5803033447912
1729.5803033447812
1729.5803033447912
1729.5803033447812
1729.5803033447912
1729.5803033447912
1729.5803033447812
1729.5803033447912
1729.5803033447812
1729.5803033447912
1729.5803033447912
1729.5803033447812
1729.5803033447812
1729.5803033448008
1729.5803033447812
1729.5803033447812
1729.5803033448008
1729.5803033447812
1729.5803033447812
1729.5803033448008
1729.5803033447812
1729.5803033447812
1729.5803033448008
1729.5803033447812
1729.5803033447812
1729.5803033448008
1729.5803033447812
1729.5803033447812
1729.5803033447812
1729.5803033448008
1729.5803033447812
1729.5803033447812
1729.5803033448008
1729.5803033447812
1729.5803033447812
1729.5803033448008
1729.5803033447812
1729.5803033447812
1729.5803033448008
1729.5803033447812
1729.5803033447812
1729.5803033448008
1729.5803033447812
1729.5803033447812
1729.5803033447812
1729.5803033448008
1729.5803033447812
1729.5803033447812
1729.5803033448008
1729.5803033447812
1729.5803033447812
1729.5803033448008
1729.5803033447812
1729.5803033447812
1729.5803033448008
1729.5803033447812
1729.5803033447812
1729.5803033447812
1729.5803033448008
1729.5803033447812
1729.5803033447812
1729.5803033448008
1729.5803033448008
1729.5803033447617
1729.580303344801
1729.5803033447617
1729.580303344801
1729.580303344801
1729.5803033447617
1729.580303344801
1729.580303344801
1729.5803033447617
1729.580303344801
1729.580303344801
1729.5803033447617
1729.580303344801
1729.580303344801
1729.5803033447617
1729.580303344801
1729.580303344801
1729.5803033447617
1729.580303344801
1729.580303344801
1729.5803033447617
1729.580303344801
1729.580303344801
1729.5803033447617
1729.580303344801
1729.580303344801
1729.5803033447617
1729.580303344801
1729.580303344801
1729.5803033447617
1729.580303344801
1729.580303344801
1729.5803033447617
1729.580303344801
1729.5803033447617
1729.580303344801
1729.580303344801
1729.5803033447617
1729.580303344801
1729.580303344801
1729.5803033447617
1729.580303344801
1729.580303344801
1729.5803033447617
1729.580303344801
1729.580303344801
1729.5803033447617
1729.580303344801
1729.580303344801
1729.5803033447617
1729.580303344801
1729.580303344801
1729.5803033447617
1729.580303344801
1729.580303344801
1729.5803033447617
1729.580303344801
1729.580303344801
1729.5803033447617
1729.580303344801
1729.580303344801
1729.5803033447617
1729.580303344801
1729.5803033447617
1729.580303344801
1729.580303344801
1729.5803033447617
1729.580303344801
1729.580303344801
1729.5803033447617
1729.580303344801
1729.580303344801
1729.5803033447617
1729.580303344801
1729.580303344801
1729.5803033447617
1729.580303344801
1729.580303344801
1729.5803033447617
1729.580303344801
1729.580303344801
1729.5803033447617
1729.580303344801
1729.580303344801
1729.5803033447617
1729.580303344801
1729.580303344801
1729.5803033447617
1729.580303344801
1729.580303344801
1729.5803033447617
1729.580303344801
1729.5803033447617
1729.580303344801
1729.580303344801
1729.5803033447617
1729.580303344801
1729.580303344801
1729.5803033447617
1729.580303344801
1729.580303344801
1729.5803033447617
1729.5803033448406
1729.5803033447617
1729.5803033447614
1729.5803033448406
1729.5803033447617
1729.5803033447614
1729.5803033447617
1729.5803033448406
1729.5803033447614
1729.5803033447617
1729.5803033448406
1729.5803033447614
1729.5803033447617
1729.5803033448406
1729.5803033447614
1729.5803033447617
1729.5803033448406
1729.5803033447614
1729.5803033447617
1729.5803033448406
1729.5803033447614
1729.5803033447617
1729.5803033448406
1729.5803033447614
1729.5803033447617
1729.5803033448406
1729.5803033447614
1729.5803033447617
1729.5803033448406
1729.5803033447614
1729.5803033447617
1729.5803033448406
1729.5803033447614
1729.5803033447617
1729.5803033448406
1729.5803033447614
1729.5803033447874
1729.5803033447874
1729.5803033447874
1729.5803033447874
1729.5803033447874
1729.5803033447874
1729.5803033447862
1729.5803033447887
1729.5803033447862
1729.5803033447885
1729.5803033447862
1729.5803033447887
1729.5803033447862
1729.5803033447862
1729.580303344791
1729.5803033447862
1729.5803033447862
1729.5803033447862
1729.580303344791
1729.5803033447862
1729.5803033447862
1729.5803033447862
1729.580303344791
1729.5803033447862
1729.5803033447862
1729.5803033447862
1729.5803033447912
1729.5803033447812
1729.5803033447912
1729.5803033447912
1729.5803033447812
1729.5803033447912
1729.5803033447912
1729.5803033447812
1729.5803033447912
1729.5803033447812
1729.5803033447912
1729.5803033447912
1729.5803033447812
1729.5803033447912
1729.5803033447912
1729.5803033447812
1729.5803033447912
1729.5803033447812
1729.5803033447912
1729.5803033447912
1729.5803033447812
1729.5803033447912
1729.5803033447812
1729.5803033447912
1729.5803033447912
1729.5803033447812
1729.5803033447812
1729.580303344801
1729.5803033447812
1729.5803033447812
1729.580303344801
1729.5803033447812
1729.5803033447812
1729.580303344801
1729.5803033447812
1729.5803033447812
1729.580303344801
1729.5803033447812
1729.5803033447812
1729.580303344801
1729.5803033447812
1729.5803033447812
1729.5803033447812
1729.580303344801
1729.5803033447812
1729.5803033447812
1729.580303344801
1729.5803033447812
1729.5803033447812
1729.580303344801
1729.5803033447812
1729.5803033447812
1729.580303344801
1729.5803033447812
1729.5803033447812
1729.580303344801
1729.5803033447812
1729.5803033447812
1729.5803033447812
1729.580303344801
1729.5803033447812
1729.5803033447812
1729.580303344801
1729.5803033447812
1729.5803033447812
1729.580303344801
1729.5803033447812
1729.5803033447812
1729.580303344801
1729.5803033447812
1729.5803033447812
1729.5803033447812
1729.580303344801
1729.5803033447812
1729.5803033447812
1729.580303344801
1729.580303344801
1729.5803033447614
1729.5803033448008
1729.5803033447614
1729.580303344801
1729.5803033448008
1729.5803033447614
1729.580303344801
1729.5803033448008
1729.5803033447614
1729.580303344801
1729.5803033448008
1729.5803033447614
1729.580303344801
1729.5803033448008
1729.5803033447614
1729.580303344801
1729.5803033448008
1729.5803033447614
1729.580303344801
1729.5803033448008
1729.5803033447614
1729.580303344801
1729.5803033448008
1729.5803033447614
1729.580303344801
1729.5803033448008
1729.5803033447614
1729.580303344801
1729.5803033448008
1729.5803033447614
1729.580303344801
1729.5803033448008
1729.5803033447614
1729.580303344801
1729.5803033447614
1729.5803033448008
1729.580303344801
1729.5803033447614
1729.5803033448008
1729.580303344801
1729.5803033447614
1729.5803033448008
1729.580303344801
1729.5803033447614
1729.5803033448008
1729.580303344801
1729.5803033447614
1729.5803033448008
1729.580303344801
1729.5803033447614
1729.5803033448008
1729.580303344801
1729.5803033447614
1729.5803033448008
1729.580303344801
1729.5803033447614
1729.5803033448008
1729.580303344801
1729.5803033447614
1729.5803033448008
1729.580303344801
1729.5803033447614
1729.5803033448008
1729.5803033447614
1729.5803033448008
1729.5803033448008
1729.5803033447614
1729.5803033448008
1729.5803033448008
1729.5803033447614
1729.5803033448008
1729.5803033448008
1729.5803033447614
1729.5803033448008
1729.5803033448008
1729.5803033447614
1729.5803033448008
1729.5803033448008
1729.5803033447614
1729.5803033448008
1729.5803033448008
1729.5803033447614
1729.5803033448008
1729.5803033448008
1729.5803033447614
1729.5803033448008
1729.5803033448008
1729.5803033447614
1729.5803033448008
1729.5803033448008
1729.5803033447614
1729.5803033448008
1729.5803033447614
1729.5803033448008
1729.5803033448008
1729.5803033447614
1729.5803033448008
1729.5803033448008
1729.5803033447614
1729.5803033448008
1729.5803033448008
1729.5803033447614
1729.5803033448406
1729.5803033447617
1729.5803033447614
1729.5803033448406
1729.5803033447617
1729.5803033447614
1729.5803033447617
1729.5803033448406
1729.5803033447614
1729.5803033447617
1729.5803033448406
1729.5803033447614
1729.5803033447617
1729.5803033448406
1729.5803033447614
1729.5803033447617
1729.5803033448406
1729.5803033447614
1729.5803033447617
1729.5803033448406
1729.5803033447614
1729.5803033447617
1729.5803033448406
1729.5803033447614
1729.5803033447617
1729.5803033448406
1729.5803033447614
1729.5803033447617
1729.5803033448406
1729.5803033447614
1729.5803033447617
1729.5803033448406
1729.5803033447614
1729.5803033447617
1729.5803033448406
1729.5803033447614
1729.5803033447874
1729.5803033447874
1729.5803033447876
1729.5803033447876
1729.5803033447876
1729.5803033447876
1729.5803033447862
1729.5803033447885
1729.5803033447862
1729.5803033447885
1729.5803033447862
1729.5803033447885
1729.5803033447862
1729.5803033447862
1729.5803033447912
1729.5803033447862
1729.5803033447862
1729.5803033447862
1729.5803033447912
1729.5803033447862
1729.5803033447862
1729.5803033447862
1729.5803033447912
1729.5803033447862
1729.5803033447862
1729.5803033447862
1729.5803033447912
1729.5803033447812
1729.5803033447912
1729.5803033447912
1729.5803033447812
1729.5803033447912
1729.5803033447912
1729.5803033447812
1729.5803033447912
1729.5803033447812
1729.5803033447912
1729.5803033447912
1729.5803033447812
1729.5803033447912
1729.5803033447912
1729.5803033447812
1729.5803033447912
1729.5803033447812
1729.5803033447912
1729.5803033447912
1729.5803033447812
1729.5803033447912
1729.5803033447812
1729.5803033447912
1729.5803033447912
1729.5803033447812
1729.5803033447812
1729.5803033448008
1729.5803033447812
1729.5803033447812
1729.5803033448008
1729.5803033447812
1729.5803033447812
1729.5803033448008
1729.5803033447812
1729.5803033447812
1729.5803033448008
1729.5803033447812
1729.5803033447812
1729.5803033448008
1729.5803033447812
1729.5803033447812
1729.5803033447812
1729.5803033448008
1729.5803033447812
1729.5803033447812
1729.5803033448008
1729.5803033447812
1729.5803033447812
1729.5803033448008
1729.5803033447812
1729.5803033447812
1729.5803033448008
1729.5803033447812
1729.5803033447812
1729.5803033448008
1729.5803033447812
1729.5803033447812
1729.5803033447812
1729.5803033448008
1729.5803033447812
1729.5803033447812
1729.5803033448008
1729.5803033447812
1729.5803033447812
1729.5803033448008
1729.5803033447812
1729.5803033447812
1729.5803033448008
1729.5803033447812
1729.5803033447812
1729.5803033447812
1729.5803033448008
1729.5803033447812
1729.5803033447812
1729.5803033448008
1729.5803033448008
1729.5803033447617
1729.580303344801
1729.5803033447617
1729.580303344801
1729.580303344801
1729.5803033447617
1729.580303344801
1729.580303344801
1729.5803033447617
1729.580303344801
1729.580303344801
1729.5803033447617
1729.580303344801
1729.580303344801
1729.5803033447617
1729.580303344801
1729.580303344801
1729.5803033447617
1729.580303344801
1729.580303344801
1729.5803033447617
1729.580303344801
1729.580303344801
1729.5803033447617
1729.580303344801
1729.580303344801
1729.5803033447617
1729.580303344801
1729.580303344801
1729.5803033447617
1729.580303344801
1729.580303344801
1729.5803033447617
1729.580303344801
1729.5803033447617
1729.580303344801
1729.580303344801
1729.5803033447617
1729.580303344801
1729.580303344801
1729.5803033447617
1729.580303344801
1729.580303344801
1729.5803033447617
1729.580303344801
1729.580303344801
1729.5803033447617
1729.580303344801
1729.580303344801
1729.5803033447617
1729.580303344801
1729.580303344801
1729.5803033447617
1729.580303344801
1729.580303344801
1729.5803033447617
1729.580303344801
1729.580303344801
1729.5803033447617
1729.580303344801
1729.580303344801
1729.5803033447617
1729.580303344801
1729.5803033447617
1729.580303344801
1729.580303344801
1729.5803033447617
1729.580303344801
1729.580303344801
1729.5803033447617
1729.580303344801
1729.580303344801
1729.5803033447617
1729.580303344801
1729.580303344801
1729.5803033447617
1729.580303344801
1729.580303344801
1729.5803033447617
1729.580303344801
1729.580303344801
1729.5803033447617
1729.580303344801
1729.580303344801
1729.5803033447617
1729.580303344801
1729.580303344801
1729.5803033447617
1729.580303344801
1729.580303344801
1729.5803033447617
1729.580303344801
1729.5803033447617
1729.580303344801
1729.580303344801
1729.5803033447617
1729.580303344801
1729.580303344801
1729.5803033447617
1729.580303344801
1729.580303344801
1729.5803033447617
1729.5803033448406
1729.5803033447617
1729.5803033447614
1729.5803033448406
1729.5803033447617
1729.5803033447614
1729.5803033447617
1729.5803033448406
1729.5803033447614
1729.5803033447617
1729.5803033448406
1729.5803033447614
1729.5803033447617
1729.5803033448406
1729.5803033447614
1729.5803033447617
1729.5803033448406
1729.5803033447614
1729.5803033447617
1729.5803033448406
1729.5803033447614
1729.5803033447617
1729.5803033448406
1729.5803033447614
1729.5803033447617
1729.5803033448406
1729.5803033447614
1729.5803033447617
1729.5803033448406
1729.5803033447614
1729.5803033447617
1729.5803033448406
1729.5803033447614
1729.5803033447617
1729.5803033448406
1729.5803033447614
1729.5803033447874
1729.5803033447874
1729.5803033447874
1729.5803033447874
1729.5803033447874
1729.5803033447874
1729.5803033447862
1729.5803033447887
1729.5803033447862
1729.5803033447885
1729.5803033447862
1729.5803033447887
1729.5803033447862
1729.5803033447862
1729.580303344791
1729.5803033447862
1729.5803033447862
1729.5803033447862
1729.580303344791
1729.5803033447862
1729.5803033447862
1729.5803033447862
1729.580303344791
1729.5803033447862
1729.5803033447862
1729.5803033447862
1729.5803033447912
1729.5803033447812
1729.5803033447912
1729.5803033447912
1729.5803033447812
1729.5803033447912
1729.5803033447912
1729.5803033447812
1729.5803033447912
1729.5803033447812
1729.5803033447912
1729.5803033447912
1729.5803033447812
1729.5803033447912
1729.5803033447912
1729.5803033447812
1729.5803033447912
1729.5803033447812
1729.5803033447912
1729.5803033447912
1729.5803033447812
1729.5803033447912
1729.5803033447812
1729.5803033447912
1729.5803033447912
1729.5803033447812
1729.5803033447812
1729.580303344801
1729.5803033447812
1729.5803033447812
1729.580303344801
1729.5803033447812
1729.5803033447812
1729.580303344801
1729.5803033447812
1729.5803033447812
1729.580303344801
1729.5803033447812
1729.5803033447812
1729.580303344801
1729.5803033447812
1729.5803033447812
1729.5803033447812
1729.580303344801
1729.5803033447812
1729.5803033447812
1729.580303344801
1729.5803033447812
1729.5803033447812
1729.580303344801
1729.5803033447812
1729.5803033447812
1729.580303344801
1729.5803033447812
1729.5803033447812
1729.580303344801
1729.5803033447812
1729.5803033447812
1729.5803033447812
1729.580303344801
1729.5803033447812
1729.5803033447812
1729.580303344801
1729.5803033447812
1729.5803033447812
1729.580303344801
1729.5803033447812
1729.5803033447812
1729.580303344801
1729.5803033447812
1729.5803033447812
1729.5803033447812
1729.580303344801
1729.5803033447812
1729.5803033447812
1729.580303344801
1729.580303344801
1729.5803033447614
1729.5803033448008
1729.5803033447614
1729.580303344801
1729.5803033448008
1729.5803033447614
1729.580303344801
1729.5803033448008
1729.5803033447614
1729.580303344801
1729.5803033448008
1729.5803033447614
1729.580303344801
1729.5803033448008
1729.5803033447614
1729.580303344801
1729.5803033448008
1729.5803033447614
1729.580303344801
1729.5803033448008
1729.5803033447614
1729.580303344801
1729.5803033448008
1729.5803033447614
1729.580303344801
1729.5803033448008
1729.5803033447614
1729.580303344801
1729.5803033448008
1729.5803033447614
1729.580303344801
1729.5803033448008
1729.5803033447614
1729.580303344801
1729.5803033447614
1729.5803033448008
1729.580303344801
1729.5803033447614
1729.5803033448008
1729.580303344801
1729.5803033447614
1729.5803033448008
1729.580303344801
1729.5803033447614
1729.5803033448008
1729.580303344801
1729.5803033447614
1729.5803033448008
1729.580303344801
1729.5803033447614
1729.5803033448008
1729.580303344801
1729.5803033447614
1729.5803033448008
1729.580303344801
1729.5803033447614
1729.5803033448008
1729.580303344801
1729.5803033447614
1729.5803033448008
1729.580303344801
1729.5803033447614
1729.5803033448008
1729.5803033447614
1729.5803033448008
1729.5803033448008
1729.5803033447614
1729.5803033448008
1729.5803033448008
1729.5803033447614
1729.5803033448008
1729.5803033448008
1729.5803033447614
1729.5803033448008
1729.5803033448008
1729.5803033447614
1729.5803033448008
1729.5803033448008
1729.5803033447614
1729.5803033448008
1729.5803033448008
1729.5803033447614
1729.5803033448008
1729.5803033448008
1729.5803033447614
1729.5803033448008
1729.5803033448008
1729.5803033447614
1729.5803033448008
1729.5803033448008
1729.5803033447614
1729.5803033448008
1729.5803033447614
1729.5803033448008
1729.5803033448008
1729.5803033447614
1729.5803033448008
1729.5803033448008
1729.5803033447614
1729.5803033448008
1729.5803033448008
1729.5803033447614
1729.5803033448406
1729.5803033447617
1729.5803033447614
1729.5803033448406
1729.5803033447617
1729.5803033447614
1729.5803033447617
1729.5803033448406
1729.5803033447614
1729.5803033447617
1729.5803033448406
1729.5803033447614
1729.5803033447617
1729.5803033448406
1729.5803033447614
1729.5803033447617
1729.5803033448406
1729.5803033447614
1729.5803033447617
1729.5803033448406
1729.5803033447614
1729.5803033447617
1729.5803033448406
1729.5803033447614
1729.5803033447617
1729.5803033448406
1729.5803033447614
1729.5803033447617
1729.5803033448406
1729.5803033447614
1729.5803033447617
1729.5803033448406
1729.5803033447614
1729.5803033447617
1729.5803033448406
1729.5803033447614
1729.5803033447874
1729.5803033447874
1729.5803033447876
1729.5803033447876
1729.5803033447876
1729.5803033447876
1729.5803033447862
1729.5803033447885
1729.5803033447862
1729.5803033447885
1729.5803033447862
1729.5803033447885
1729.5803033447862
1729.5803033447862
1729.5803033447912
1729.5803033447862
1729.5803033447862
1729.5803033447862
1729.5803033447912
1729.5803033447862
1729.5803033447862
1729.5803033447862
1729.5803033447912
1729.5803033447862
1729.5803033447862
1729.5803033447862
1729.5803033447912
1729.5803033447812
1729.5803033447912
1729.5803033447912
1729.5803033447812
1729.5803033447912
1729.5803033447912
1729.5803033447812
1729.5803033447912
1729.5803033447812
1729.5803033447912
1729.5803033447912
1729.5803033447812
1729.5803033447912
1729.5803033447912
1729.5803033447812
1729.5803033447912
1729.5803033447812
1729.5803033447912
1729.5803033447912
1729.5803033447812
1729.5803033447912
1729.5803033447812
1729.5803033447912
1729.5803033447912
1729.5803033447812
1729.5803033447812
1729.5803033448008
1729.5803033447812
1729.5803033447812
1729.5803033448008
1729.5803033447812
1729.5803033447812
1729.5803033448008
1729.5803033447812
1729.5803033447812
1729.5803033448008
1729.5803033447812
1729.5803033447812
1729.5803033448008
1729.5803033447812
1729.5803033447812
1729.5803033447812
1729.5803033448008
1729.5803033447812
1729.5803033447812
1729.5803033448008
1729.5803033447812
1729.5803033447812
1729.5803033448008
1729.5803033447812
1729.5803033447812
1729.5803033448008
1729.5803033447812
1729.5803033447812
1729.5803033448008
1729.5803033447812
1729.5803033447812
1729.5803033447812
1729.5803033448008
1729.5803033447812
1729.5803033447812
1729.5803033448008
1729.5803033447812
1729.5803033447812
1729.5803033448008
1729.5803033447812
1729.5803033447812
1729.5803033448008
1729.5803033447812
1729.5803033447812
1729.5803033447812
1729.5803033448008
1729.5803033447812
1729.5803033447812
1729.5803033448008
1729.5803033448008
1729.5803033447617
1729.580303344801
1729.5803033447617
1729.580303344801
1729.580303344801
1729.5803033447617
1729.580303344801
1729.580303344801
1729.5803033447617
1729.580303344801
1729.580303344801
1729.5803033447617
1729.580303344801
1729.580303344801
1729.5803033447617
1729.580303344801
1729.580303344801
1729.5803033447617
1729.580303344801
1729.580303344801
1729.5803033447617
1729.580303344801
1729.580303344801
1729.5803033447617
1729.580303344801
1729.580303344801
1729.5803033447617
1729.580303344801
1729.580303344801
1729.5803033447617
1729.580303344801
1729.580303344801
1729.5803033447617
1729.580303344801
1729.5803033447617
1729.580303344801
1729.580303344801
1729.5803033447617
1729.580303344801
1729.580303344801
1729.5803033447617
1729.580303344801
1729.580303344801
1729.5803033447617
1729.580303344801
1729.580303344801
1729.5803033447617
1729.580303344801
1729.580303344801
1729.5803033447617
1729.580303344801
1729.580303344801
1729.5803033447617
1729.580303344801
1729.580303344801
1729.5803033447617
1729.580303344801
1729.580303344801
1729.5803033447617
1729.580303344801
1729.580303344801
1729.5803033447617
1729.580303344801
1729.5803033447617
1729.580303344801
1729.580303344801
1729.5803033447617
1729.580303344801
1729.580303344801
1729.5803033447617
1729.580303344801
1729.580303344801
1729.5803033447617
1729.580303344801
1729.580303344801
1729.5803033447617
1729.580303344801
1729.580303344801
1729.5803033447617
1729.580303344801
1729.580303344801
1729.5803033447617
1729.580303344801
1729.580303344801
1729.5803033447617
1729.580303344801
1729.580303344801
1729.5803033447617
1729.580303344801
1729.580303344801
1729.5803033447617
1729.580303344801
1729.5803033447617
1729.580303344801
1729.580303344801
1729.5803033447617
1729.580303344801
1729.580303344801
1729.5803033447617
1729.580303344801
1729.580303344801
1729.5803033447617
1729.5803033448406
1729.5803033447617
1729.5803033447614
1729.5803033448406
1729.5803033447617
1729.5803033447614
1729.5803033447617
1729.5803033448406
1729.5803033447614
1729.5803033447617
1729.5803033448406
1729.5803033447614
1729.5803033447617
1729.5803033448406
1729.5803033447614
1729.5803033447617
1729.5803033448406
1729.5803033447614
1729.5803033447617
1729.5803033448406
1729.5803033447614
1729.5803033447617
1729.5803033448406
1729.5803033447614
1729.5803033447617
1729.5803033448406
1729.5803033447614
1729.5803033447617
1729.5803033448406
1729.5803033447614
1729.5803033447617
1729.5803033448406
1729.5803033447614
1729.5803033447617
1729.5803033448406
1729.5803033447614
1729.5803033447773
1729.5803033447773
1729.5803033447773
1729.5803033447778
1729.5803033447773
1729.5803033447773
1729.5803033447762
1729.5803033447787
1729.5803033447762
1729.5803033447787
1729.5803033447762
1729.5803033447787
1729.5803033447762
1729.5803033447762
1729.580303344781
1729.5803033447762
1729.5803033447762
1729.5803033447762
1729.580303344781
1729.5803033447762
1729.5803033447762
1729.5803033447762
1729.580303344781
1729.5803033447762
1729.5803033447762
1729.5803033447762
1729.5803033447812
1729.5803033447712
1729.5803033447812
1729.5803033447812
1729.5803033447712
1729.5803033447812
1729.5803033447812
1729.5803033447712
1729.5803033447812
1729.5803033447712
1729.5803033447812
1729.5803033447812
1729.5803033447712
1729.5803033447812
1729.5803033447812
1729.5803033447712
1729.5803033447812
1729.5803033447712
1729.5803033447812
1729.5803033447812
1729.5803033447712
1729.5803033447812
1729.5803033447712
1729.5803033447812
1729.5803033447812
1729.5803033447712
1729.5803033447712
1729.580303344791
1729.5803033447712
1729.5803033447712
1729.580303344791
1729.5803033447712
1729.5803033447712
1729.580303344791
1729.5803033447712
1729.5803033447712
1729.580303344791
1729.5803033447712
1729.5803033447712
1729.580303344791
1729.5803033447712
1729.5803033447712
1729.5803033447712
1729.580303344791
1729.5803033447712
1729.5803033447712
1729.580303344791
1729.5803033447712
1729.5803033447712
1729.580303344791
1729.5803033447712
1729.5803033447712
1729.580303344791
1729.5803033447712
1729.5803033447712
1729.580303344791
1729.5803033447712
1729.5803033447712
1729.5803033447712
1729.580303344791
1729.5803033447712
1729.5803033447712
1729.580303344791
1729.5803033447712
1729.5803033447712
1729.580303344791
1729.5803033447712
1729.5803033447712
1729.580303344791
1729.5803033447712
1729.5803033447712
1729.5803033447712
1729.580303344791
1729.5803033447712
1729.5803033447712
1729.580303344791
1729.580303344791
1729.5803033447517
1729.580303344791
1729.5803033447517
1729.580303344791
1729.580303344791
1729.5803033447517
1729.580303344791
1729.580303344791
1729.5803033447517
1729.580303344791
1729.580303344791
1729.5803033447517
1729.580303344791
1729.580303344791
1729.5803033447517
1729.580303344791
1729.580303344791
1729.5803033447517
1729.580303344791
1729.580303344791
1729.5803033447517
1729.580303344791
1729.580303344791
1729.5803033447517
1729.580303344791
1729.580303344791
1729.5803033447517
1729.580303344791
1729.580303344791
1729.5803033447517
1729.580303344791
1729.580303344791
1729.5803033447517
1729.580303344791
1729.5803033447517
1729.580303344791
1729.580303344791
1729.5803033447517
1729.580303344791
1729.580303344791
1729.5803033447517
1729.580303344791
1729.580303344791
1729.5803033447517
1729.580303344791
1729.580303344791
1729.5803033447517
1729.580303344791
1729.580303344791
1729.5803033447517
1729.580303344791
1729.580303344791
1729.5803033447517
1729.580303344791
1729.580303344791
1729.5803033447517
1729.580303344791
1729.580303344791
1729.5803033447517
1729.580303344791
1729.580303344791
1729.5803033447517
1729.580303344791
1729.5803033447517
1729.580303344791
1729.580303344791
1729.5803033447517
1729.580303344791
1729.580303344791
1729.5803033447517
1729.580303344791
1729.580303344791
1729.5803033447517
1729.580303344791
1729.580303344791
1729.5803033447517
1729.580303344791
1729.580303344791
1729.5803033447517
1729.580303344791
1729.580303344791
1729.5803033447517
1729.580303344791
1729.580303344791
1729.5803033447517
1729.580303344791
1729.580303344791
1729.5803033447517
1729.580303344791
1729.580303344791
1729.5803033447517
1729.580303344791
1729.5803033447517
1729.580303344791
1729.580303344791
1729.5803033447517
1729.580303344791
1729.580303344791
1729.5803033447517
1729.580303344791
1729.580303344791
1729.5803033447517
1729.5803033448303
1729.5803033447517
1729.5803033447517
1729.5803033448303
1729.5803033447517
1729.5803033447517
1729.5803033447517
1729.5803033448303
1729.5803033447517
1729.5803033447517
1729.5803033448303
1729.5803033447517
1729.5803033447517
1729.5803033448303
1729.5803033447517
1729.5803033447517
1729.5803033448303
1729.5803033447517
1729.5803033447517
1729.5803033448303
1729.5803033447517
1729.5803033447517
1729.5803033448303
1729.5803033447517
1729.5803033447517
1729.5803033448303
1729.5803033447517
1729.5803033447517
1729.5803033448303
1729.5803033447517
1729.5803033447517
1729.5803033448303
1729.5803033447517
1729.5803033447517
1729.5803033448303
1729.5803033447517
1729.5803033447874
1729.5803033447874
1729.5803033447874
1729.5803033447878
1729.5803033447874
1729.5803033447874
1729.5803033447862
1729.5803033447887
1729.5803033447862
1729.5803033447887
1729.5803033447862
1729.5803033447887
1729.5803033447862
1729.5803033447862
1729.580303344791
1729.5803033447862
1729.5803033447862
1729.5803033447862
1729.580303344791
1729.5803033447862
1729.5803033447862
1729.5803033447862
1729.580303344791
1729.5803033447862
1729.5803033447862
1729.5803033447862
1729.580303344791
1729.5803033447812
1729.580303344791
1729.580303344791
1729.5803033447812
1729.580303344791
1729.580303344791
1729.5803033447812
1729.580303344791
1729.5803033447812
1729.580303344791
1729.580303344791
1729.5803033447812
1729.580303344791
1729.580303344791
1729.5803033447812
1729.580303344791
1729.5803033447812
1729.580303344791
1729.580303344791
1729.5803033447812
1729.580303344791
1729.5803033447812
1729.580303344791
1729.580303344791
1729.5803033447812
1729.5803033447812
1729.5803033448008
1729.5803033447812
1729.5803033447812
1729.5803033448008
1729.5803033447812
1729.5803033447812
1729.5803033448008
1729.5803033447812
1729.5803033447812
1729.5803033448008
1729.5803033447812
1729.5803033447812
1729.5803033448008
1729.5803033447812
1729.5803033447812
1729.5803033447812
1729.5803033448008
1729.5803033447812
1729.5803033447812
1729.5803033448008
1729.5803033447812
1729.5803033447812
1729.5803033448008
1729.5803033447812
1729.5803033447812
1729.5803033448008
1729.5803033447812
1729.5803033447812
1729.5803033448008
1729.5803033447812
1729.5803033447812
1729.5803033447812
1729.5803033448008
1729.5803033447812
1729.5803033447812
1729.5803033448008
1729.5803033447812
1729.5803033447812
1729.5803033448008
1729.5803033447812
1729.5803033447812
1729.5803033448008
1729.5803033447812
1729.5803033447812
1729.5803033447812
1729.5803033448008
1729.5803033447812
1729.5803033447812
1729.5803033448008
1729.5803033448008
1729.5803033447617
1729.580303344801
1729.5803033447617
1729.580303344801
1729.580303344801
1729.5803033447617
1729.580303344801
1729.580303344801
1729.5803033447617
1729.580303344801
1729.580303344801
1729.5803033447617
1729.580303344801
1729.580303344801
1729.5803033447617
1729.580303344801
1729.580303344801
1729.5803033447617
1729.580303344801
1729.580303344801
1729.5803033447617
1729.580303344801
1729.580303344801
1729.5803033447617
1729.580303344801
1729.580303344801
1729.5803033447617
1729.580303344801
1729.580303344801
1729.5803033447617
1729.580303344801
1729.580303344801
1729.5803033447617
1729.580303344801
1729.5803033447617
1729.580303344801
1729.580303344801
1729.5803033447617
1729.580303344801
1729.580303344801
1729.5803033447617
1729.580303344801
1729.580303344801
1729.5803033447617
1729.580303344801
1729.580303344801
1729.5803033447617
1729.580303344801
1729.580303344801
1729.5803033447617
1729.580303344801
1729.580303344801
1729.5803033447617
1729.580303344801
1729.580303344801
1729.5803033447617
1729.580303344801
1729.580303344801
1729.5803033447617
1729.580303344801
1729.580303344801
1729.5803033447617
1729.580303344801
1729.5803033447617
1729.580303344801
1729.580303344801
1729.5803033447617
1729.580303344801
1729.580303344801
1729.5803033447617
1729.580303344801
1729.580303344801
1729.5803033447617
1729.580303344801
1729.580303344801
1729.5803033447617
1729.580303344801
1729.580303344801
1729.5803033447617
1729.580303344801
1729.580303344801
1729.5803033447617
1729.580303344801
1729.580303344801
1729.5803033447617
1729.580303344801
1729.580303344801
1729.5803033447617
1729.580303344801
1729.580303344801
1729.5803033447617
1729.580303344801
1729.5803033447617
1729.580303344801
1729.580303344801
1729.5803033447617
1729.580303344801
1729.580303344801
1729.5803033447617
1729.580303344801
1729.580303344801
1729.5803033447617
1729.5803033448406
1729.5803033447617
1729.5803033447617
1729.5803033448406
1729.5803033447617
1729.5803033447617
1729.5803033447617
1729.5803033448406
1729.5803033447617
1729.5803033447617
1729.5803033448406
1729.5803033447617
1729.5803033447617
1729.5803033448406
1729.5803033447617
1729.5803033447617
1729.5803033448406
1729.5803033447617
1729.5803033447617
1729.5803033448406
1729.5803033447617
1729.5803033447617
1729.5803033448406
1729.5803033447617
1729.5803033447617
1729.5803033448406
1729.5803033447617
1729.5803033447617
1729.5803033448406
1729.5803033447617
1729.5803033447617
1729.5803033448406
1729.5803033447617
1729.5803033447617
1729.5803033448406
1729.5803033447617
1729.5803033447874
1729.5803033447874
1729.5803033447874
1729.5803033447874
1729.5803033447874
1729.5803033447874
1729.5803033447862
1729.5803033447887
1729.5803033447862
1729.5803033447885
1729.5803033447862
1729.5803033447887
1729.5803033447862
1729.5803033447862
1729.580303344791
1729.5803033447862
1729.5803033447862
1729.5803033447862
1729.580303344791
1729.5803033447862
1729.5803033447862
1729.5803033447862
1729.580303344791
1729.5803033447862
1729.5803033447862
1729.5803033447862
1729.5803033447912
1729.5803033447812
1729.5803033447912
1729.5803033447912
1729.5803033447812
1729.5803033447912
1729.5803033447912
1729.5803033447812
1729.5803033447912
1729.5803033447812
1729.5803033447912
1729.5803033447912
1729.5803033447812
1729.5803033447912
1729.5803033447912
1729.5803033447812
1729.5803033447912
1729.5803033447812
1729.5803033447912
1729.5803033447912
1729.5803033447812
1729.5803033447912
1729.5803033447812
1729.5803033447912
1729.5803033447912
1729.5803033447812
1729.5803033447812
1729.580303344801
1729.5803033447812
1729.5803033447812
1729.580303344801
1729.5803033447812
1729.5803033447812
1729.580303344801
1729.5803033447812
1729.5803033447812
1729.580303344801
1729.5803033447812
1729.5803033447812
1729.580303344801
1729.5803033447812
1729.5803033447812
1729.5803033447812
1729.580303344801
1729.5803033447812
1729.5803033447812
1729.580303344801
1729.5803033447812
1729.5803033447812
1729.580303344801
1729.5803033447812
1729.5803033447812
1729.580303344801
1729.5803033447812
1729.5803033447812
1729.580303344801
1729.5803033447812
1729.5803033447812
1729.5803033447812
1729.580303344801
1729.5803033447812
1729.5803033447812
1729.580303344801
1729.5803033447812
1729.5803033447812
1729.580303344801
1729.5803033447812
1729.5803033447812
1729.580303344801
1729.5803033447812
1729.5803033447812
1729.5803033447812
1729.580303344801
1729.5803033447812
1729.5803033447812
1729.580303344801
1729.580303344801
1729.5803033447614
1729.5803033448008
1729.5803033447614
1729.580303344801
1729.5803033448008
1729.5803033447614
1729.580303344801
1729.5803033448008
1729.5803033447614
1729.580303344801
1729.5803033448008
1729.5803033447614
1729.580303344801
1729.5803033448008
1729.5803033447614
1729.580303344801
1729.5803033448008
1729.5803033447614
1729.580303344801
1729.5803033448008
1729.5803033447614
1729.580303344801
1729.5803033448008
1729.5803033447614
1729.580303344801
1729.5803033448008
1729.5803033447614
1729.580303344801
1729.5803033448008
1729.5803033447614
1729.580303344801
1729.5803033448008
1729.5803033447614
1729.580303344801
1729.5803033447614
1729.5803033448008
1729.580303344801
1729.5803033447614
1729.5803033448008
1729.580303344801
1729.5803033447614
1729.5803033448008
1729.580303344801
1729.5803033447614
1729.5803033448008
1729.580303344801
1729.5803033447614
1729.5803033448008
1729.580303344801
1729.5803033447614
1729.5803033448008
1729.580303344801
1729.5803033447614
1729.5803033448008
1729.580303344801
1729.5803033447614
1729.5803033448008
1729.580303344801
1729.5803033447614
1729.5803033448008
1729.580303344801
1729.5803033447614
1729.5803033448008
1729.5803033447614
1729.5803033448008
1729.5803033448008
1729.5803033447614
1729.5803033448008
1729.5803033448008
1729.5803033447614
1729.5803033448008
1729.5803033448008
1729.5803033447614
1729.5803033448008
1729.5803033448008
1729.5803033447614
1729.5803033448008
1729.5803033448008
1729.5803033447614
1729.5803033448008
1729.5803033448008
1729.5803033447614
1729.5803033448008
1729.5803033448008
1729.5803033447614
1729.5803033448008
1729.5803033448008
1729.5803033447614
1729.5803033448008
1729.5803033448008
1729.5803033447614
1729.5803033448008
1729.5803033447614
1729.5803033448008
1729.5803033448008
1729.5803033447614
1729.5803033448008
1729.5803033448008
1729.5803033447614
1729.5803033448008
1729.5803033448008
1729.5803033447614
1729.5803033448406
1729.5803033447617
1729.5803033447614
1729.5803033448406
1729.5803033447617
1729.5803033447614
1729.5803033447617
1729.5803033448406
1729.5803033447614
1729.5803033447617
1729.5803033448406
1729.5803033447614
1729.5803033447617
1729.5803033448406
1729.5803033447614
1729.5803033447617
1729.5803033448406
1729.5803033447614
1729.5803033447617
1729.5803033448406
1729.5803033447614
1729.5803033447617
1729.5803033448406
1729.5803033447614
1729.5803033447617
1729.5803033448406
1729.5803033447614
1729.5803033447617
1729.5803033448406
1729.5803033447614
1729.5803033447617
1729.5803033448406
1729.5803033447614
1729.5803033447617
1729.5803033448406
1729.5803033447614
1729.5803033447874
1729.5803033447874
1729.5803033447874
1729.5803033447874
1729.5803033447874
1729.5803033447874
1729.5803033447862
1729.5803033447887
1729.5803033447862
1729.5803033447885
1729.5803033447862
1729.5803033447887
1729.5803033447862
1729.5803033447862
1729.580303344791
1729.5803033447862
1729.5803033447862
1729.5803033447862
1729.580303344791
1729.5803033447862
1729.5803033447862
1729.5803033447862
1729.580303344791
1729.5803033447862
1729.5803033447862
1729.5803033447862
1729.5803033447912
1729.5803033447812
1729.5803033447912
1729.5803033447912
1729.5803033447812
1729.5803033447912
1729.5803033447912
1729.5803033447812
1729.5803033447912
1729.5803033447812
1729.5803033447912
1729.5803033447912
1729.5803033447812
1729.5803033447912
1729.5803033447912
1729.5803033447812
1729.5803033447912
1729.5803033447812
1729.5803033447912
1729.5803033447912
1729.5803033447812
1729.5803033447912
1729.5803033447812
1729.5803033447912
1729.5803033447912
1729.5803033447812
1729.5803033447812
1729.580303344801
1729.5803033447812
1729.5803033447812
1729.580303344801
1729.5803033447812
1729.5803033447812
1729.580303344801
1729.5803033447812
1729.5803033447812
1729.580303344801
1729.5803033447812
1729.5803033447812
1729.580303344801
1729.5803033447812
1729.5803033447812
1729.5803033447812
1729.580303344801
1729.5803033447812
1729.5803033447812
1729.580303344801
1729.5803033447812
1729.5803033447812
1729.580303344801
1729.5803033447812
1729.5803033447812
1729.580303344801
1729.5803033447812
1729.5803033447812
1729.580303344801
1729.5803033447812
1729.5803033447812
1729.5803033447812
1729.580303344801
1729.5803033447812
1729.5803033447812
1729.580303344801
1729.5803033447812
1729.5803033447812
1729.580303344801
1729.5803033447812
1729.5803033447812
1729.580303344801
1729.5803033447812
1729.5803033447812
1729.5803033447812
1729.580303344801
1729.5803033447812
1729.5803033447812
1729.580303344801
1729.580303344801
1729.5803033447614
1729.5803033448008
1729.5803033447614
1729.580303344801
1729.5803033448008
1729.5803033447614
1729.580303344801
1729.5803033448008
1729.5803033447614
1729.580303344801
1729.5803033448008
1729.5803033447614
1729.580303344801
1729.5803033448008
1729.5803033447614
1729.580303344801
1729.5803033448008
1729.5803033447614
1729.580303344801
1729.5803033448008
1729.5803033447614
1729.580303344801
1729.5803033448008
1729.5803033447614
1729.580303344801
1729.5803033448008
1729.5803033447614
1729.580303344801
1729.5803033448008
1729.5803033447614
1729.580303344801
1729.5803033448008
1729.5803033447614
1729.580303344801
1729.5803033447614
1729.5803033448008
1729.580303344801
1729.5803033447614
1729.5803033448008
1729.580303344801
1729.5803033447614
1729.5803033448008
1729.580303344801
1729.5803033447614
1729.5803033448008
1729.580303344801
1729.5803033447614
1729.5803033448008
1729.580303344801
1729.5803033447614
1729.5803033448008
1729.580303344801
1729.5803033447614
1729.5803033448008
1729.580303344801
1729.5803033447614
1729.5803033448008
1729.580303344801
1729.5803033447614
1729.5803033448008
1729.580303344801
1729.5803033447614
1729.5803033448008
1729.5803033447614
1729.5803033448008
1729.5803033448008
1729.5803033447614
1729.5803033448008
1729.5803033448008
1729.5803033447614
1729.5803033448008
1729.5803033448008
1729.5803033447614
1729.5803033448008
1729.5803033448008
1729.5803033447614
1729.5803033448008
1729.5803033448008
1729.5803033447614
1729.5803033448008
1729.5803033448008
1729.5803033447614
1729.5803033448008
1729.5803033448008
1729.5803033447614
1729.5803033448008
1729.5803033448008
1729.5803033447614
1729.5803033448008
1729.5803033448008
1729.5803033447614
1729.5803033448008
1729.5803033447614
1729.5803033448008
1729.5803033448008
1729.5803033447614
1729.5803033448008
1729.5803033448008
1729.5803033447614
1729.5803033448008
1729.5803033448008
1729.5803033447614
1729.5803033448406
1729.5803033447617
1729.5803033447614
1729.5803033448406
1729.5803033447617
1729.5803033447614
1729.5803033447617
1729.5803033448406
1729.5803033447614
1729.5803033447617
1729.5803033448406
1729.5803033447614
1729.5803033447617
1729.5803033448406
1729.5803033447614
1729.5803033447617
1729.5803033448406
1729.5803033447614
1729.5803033447617
1729.5803033448406
1729.5803033447614
1729.5803033447617
1729.5803033448406
1729.5803033447614
1729.5803033447617
1729.5803033448406
1729.5803033447614
1729.5803033447617
1729.5803033448406
1729.5803033447614
1729.5803033447617
1729.5803033448406
1729.5803033447614
1729.5803033447617
1729.5803033448406
1729.5803033447614
1729.5803033447874
1729.5803033447874
1729.5803033447874
1729.5803033447874
1729.5803033447874
1729.5803033447874
1729.5803033447862
1729.5803033447887
1729.5803033447862
1729.5803033447885
1729.5803033447862
1729.5803033447887
1729.5803033447862
1729.5803033447862
1729.580303344791
1729.5803033447862
1729.5803033447862
1729.5803033447862
1729.580303344791
1729.5803033447862
1729.5803033447862
1729.5803033447862
1729.580303344791
1729.5803033447862
1729.5803033447862
1729.5803033447862
1729.5803033447912
1729.5803033447812
1729.5803033447912
1729.5803033447912
1729.5803033447812
1729.5803033447912
1729.5803033447912
1729.5803033447812
1729.5803033447912
1729.5803033447812
1729.5803033447912
1729.5803033447912
1729.5803033447812
1729.5803033447912
1729.5803033447912
1729.5803033447812
1729.5803033447912
1729.5803033447812
1729.5803033447912
1729.5803033447912
1729.5803033447812
1729.5803033447912
1729.5803033447812
1729.5803033447912
1729.5803033447912
1729.5803033447812
1729.5803033447812
1729.580303344801
1729.5803033447812
1729.5803033447812
1729.580303344801
1729.5803033447812
1729.5803033447812
1729.580303344801
1729.5803033447812
1729.5803033447812
1729.580303344801
1729.5803033447812
1729.5803033447812
1729.580303344801
1729.5803033447812
1729.5803033447812
1729.5803033447812
1729.580303344801
1729.5803033447812
1729.5803033447812
1729.580303344801
1729.5803033447812
1729.5803033447812
1729.580303344801
1729.5803033447812
1729.5803033447812
1729.580303344801
1729.5803033447812
1729.5803033447812
1729.580303344801
1729.5803033447812
1729.5803033447812
1729.5803033447812
1729.580303344801
1729.5803033447812
1729.5803033447812
1729.580303344801
1729.5803033447812
1729.5803033447812
1729.580303344801
1729.5803033447812
1729.5803033447812
1729.580303344801
1729.5803033447812
1729.5803033447812
1729.5803033447812
1729.580303344801
1729.5803033447812
1729.5803033447812
1729.580303344801
1729.580303344801
1729.5803033447614
1729.5803033448008
1729.5803033447614
1729.580303344801
1729.5803033448008
1729.5803033447614
1729.580303344801
1729.5803033448008
1729.5803033447614
1729.580303344801
1729.5803033448008
1729.5803033447614
1729.580303344801
1729.5803033448008
1729.5803033447614
1729.580303344801
1729.5803033448008
1729.5803033447614
1729.580303344801
1729.5803033448008
1729.5803033447614
1729.580303344801
1729.5803033448008
1729.5803033447614
1729.580303344801
1729.5803033448008
1729.5803033447614
1729.580303344801
1729.5803033448008
1729.5803033447614
1729.580303344801
1729.5803033448008
1729.5803033447614
1729.580303344801
1729.5803033447614
1729.5803033448008
1729.580303344801
1729.5803033447614
1729.5803033448008
1729.580303344801
1729.5803033447614
1729.5803033448008
1729.580303344801
1729.5803033447614
1729.5803033448008
1729.580303344801
1729.5803033447614
1729.5803033448008
1729.580303344801
1729.5803033447614
1729.5803033448008
1729.580303344801
1729.5803033447614
1729.5803033448008
1729.580303344801
1729.5803033447614
1729.5803033448008
1729.580303344801
1729.5803033447614
1729.5803033448008
1729.580303344801
1729.5803033447614
1729.5803033448008
1729.5803033447614
1729.5803033448008
1729.5803033448008
1729.5803033447614
1729.5803033448008
1729.5803033448008
1729.5803033447614
1729.5803033448008
1729.5803033448008
1729.5803033447614
1729.5803033448008
1729.5803033448008
1729.5803033447614
1729.5803033448008
1729.5803033448008
1729.5803033447614
1729.5803033448008
1729.5803033448008
1729.5803033447614
1729.5803033448008
1729.5803033448008
1729.5803033447614
1729.5803033448008
1729.5803033448008
1729.5803033447614
1729.5803033448008
1729.5803033448008
1729.5803033447614
1729.5803033448008
1729.5803033447614
1729.5803033448008
1729.5803033448008
1729.5803033447614
1729.5803033448008
1729.5803033448008
1729.5803033447614
1729.5803033448008
1729.5803033448008
1729.5803033447614
1729.5803033448406
1729.5803033447617
1729.5803033447614
1729.5803033448406
1729.5803033447617
1729.5803033447614
1729.5803033447617
1729.5803033448406
1729.5803033447614
1729.5803033447617
1729.5803033448406
1729.5803033447614
1729.5803033447617
1729.5803033448406
1729.5803033447614
1729.5803033447617
1729.5803033448406
1729.5803033447614
1729.5803033447617
1729.5803033448406
1729.5803033447614
1729.5803033447617
1729.5803033448406
1729.5803033447614
1729.5803033447617
1729.5803033448406
1729.5803033447614
1729.5803033447617
1729.5803033448406
1729.5803033447614
1729.5803033447617
1729.5803033448406
1729.5803033447614
1729.5803033447617
1729.5803033448406
1729.5803033447614
1729.5803033447874
1729.5803033447874
1729.5803033447874
1729.5803033447878
1729.5803033447874
1729.5803033447874
1729.5803033447862
1729.5803033447887
1729.5803033447862
1729.5803033447887
1729.5803033447862
1729.5803033447887
1729.5803033447862
1729.5803033447862
1729.580303344791
1729.5803033447862
1729.5803033447862
1729.5803033447862
1729.580303344791
1729.5803033447862
1729.5803033447862
1729.5803033447862
1729.580303344791
1729.5803033447862
1729.5803033447862
1729.5803033447862
1729.580303344791
1729.5803033447812
1729.580303344791
1729.580303344791
1729.5803033447812
1729.580303344791
1729.580303344791
1729.5803033447812
1729.580303344791
1729.5803033447812
1729.580303344791
1729.580303344791
1729.5803033447812
1729.580303344791
1729.580303344791
1729.5803033447812
1729.580303344791
1729.5803033447812
1729.580303344791
1729.580303344791
1729.5803033447812
1729.580303344791
1729.5803033447812
1729.580303344791
1729.580303344791
1729.5803033447812
1729.5803033447812
1729.5803033448008
1729.5803033447812
1729.5803033447812
1729.5803033448008
1729.5803033447812
1729.5803033447812
1729.5803033448008
1729.5803033447812
1729.5803033447812
1729.5803033448008
1729.5803033447812
1729.5803033447812
1729.5803033448008
1729.5803033447812
1729.5803033447812
1729.5803033447812
1729.5803033448008
1729.5803033447812
1729.5803033447812
1729.5803033448008
1729.5803033447812
1729.5803033447812
1729.5803033448008
1729.5803033447812
1729.5803033447812
1729.5803033448008
1729.5803033447812
1729.5803033447812
1729.5803033448008
1729.5803033447812
1729.5803033447812
1729.5803033447812
1729.5803033448008
1729.5803033447812
1729.5803033447812
1729.5803033448008
1729.5803033447812
1729.5803033447812
1729.5803033448008
1729.5803033447812
1729.5803033447812
1729.5803033448008
1729.5803033447812
1729.5803033447812
1729.5803033447812
1729.5803033448008
1729.5803033447812
1729.5803033447812
1729.5803033448008
1729.5803033448008
1729.5803033447617
1729.580303344801
1729.5803033447617
1729.580303344801
1729.580303344801
1729.5803033447617
1729.580303344801
1729.580303344801
1729.5803033447617
1729.580303344801
1729.580303344801
1729.5803033447617
1729.580303344801
1729.580303344801
1729.5803033447617
1729.580303344801
1729.580303344801
1729.5803033447617
1729.580303344801
1729.580303344801
1729.5803033447617
1729.580303344801
1729.580303344801
1729.5803033447617
1729.580303344801
1729.580303344801
1729.5803033447617
1729.580303344801
1729.580303344801
1729.5803033447617
1729.580303344801
1729.580303344801
1729.5803033447617
1729.580303344801
1729.5803033447617
1729.580303344801
1729.580303344801
1729.5803033447617
1729.580303344801
1729.580303344801
1729.5803033447617
1729.580303344801
1729.580303344801
1729.5803033447617
1729.580303344801
1729.580303344801
1729.5803033447617
1729.580303344801
1729.580303344801
1729.5803033447617
1729.580303344801
1729.580303344801
1729.5803033447617
1729.580303344801
1729.580303344801
1729.5803033447617
1729.580303344801
1729.580303344801
1729.5803033447617
1729.580303344801
1729.580303344801
1729.5803033447617
1729.580303344801
1729.5803033447617
1729.580303344801
1729.580303344801
1729.5803033447617
1729.580303344801
1729.580303344801
1729.5803033447617
1729.580303344801
1729.580303344801
1729.5803033447617
1729.580303344801
1729.580303344801
1729.5803033447617
1729.580303344801
1729.580303344801
1729.5803033447617
1729.580303344801
1729.580303344801
1729.5803033447617
1729.580303344801
1729.580303344801
1729.5803033447617
1729.580303344801
1729.580303344801
1729.5803033447617
1729.580303344801
1729.580303344801
1729.5803033447617
1729.580303344801
1729.5803033447617
1729.580303344801
1729.580303344801
1729.5803033447617
1729.580303344801
1729.580303344801
1729.5803033447617
1729.580303344801
1729.580303344801
1729.5803033447617
1729.5803033448406
1729.5803033447617
1729.5803033447617
1729.5803033448406
1729.5803033447617
1729.5803033447617
1729.5803033447617
1729.5803033448406
1729.5803033447617
1729.5803033447617
1729.5803033448406
1729.5803033447617
1729.5803033447617
1729.5803033448406
1729.5803033447617
1729.5803033447617
1729.5803033448406
1729.5803033447617
1729.5803033447617
1729.5803033448406
1729.5803033447617
1729.5803033447617
1729.5803033448406
1729.5803033447617
1729.5803033447617
1729.5803033448406
1729.5803033447617
1729.5803033447617
1729.5803033448406
1729.5803033447617
1729.5803033447617
1729.5803033448406
1729.5803033447617
1729.5803033447617
1729.5803033448406
1729.5803033447617
1729.5803033447874
1729.5803033447874
1729.5803033447874
1729.5803033447874
1729.5803033447874
1729.5803033447874
1729.5803033447862
1729.5803033447887
1729.5803033447862
1729.5803033447885
1729.5803033447862
1729.5803033447887
1729.5803033447862
1729.5803033447862
1729.580303344791
1729.5803033447862
1729.5803033447862
1729.5803033447862
1729.580303344791
1729.5803033447862
1729.5803033447862
1729.5803033447862
1729.580303344791
1729.5803033447862
1729.5803033447862
1729.5803033447862
1729.5803033447912
1729.5803033447812
1729.5803033447912
1729.5803033447912
1729.5803033447812
1729.5803033447912
1729.5803033447912
1729.5803033447812
1729.5803033447912
1729.5803033447812
1729.5803033447912
1729.5803033447912
1729.5803033447812
1729.5803033447912
1729.5803033447912
1729.5803033447812
1729.5803033447912
1729.5803033447812
1729.5803033447912
1729.5803033447912
1729.5803033447812
1729.5803033447912
1729.5803033447812
1729.5803033447912
1729.5803033447912
1729.5803033447812
1729.5803033447812
1729.580303344801
1729.5803033447812
1729.5803033447812
1729.580303344801
1729.5803033447812
1729.5803033447812
1729.580303344801
1729.5803033447812
1729.5803033447812
1729.580303344801
1729.5803033447812
1729.5803033447812
1729.580303344801
1729.5803033447812
1729.5803033447812
1729.5803033447812
1729.580303344801
1729.5803033447812
1729.5803033447812
1729.580303344801
1729.5803033447812
1729.5803033447812
1729.580303344801
1729.5803033447812
1729.5803033447812
1729.580303344801
1729.5803033447812
1729.5803033447812
1729.580303344801
1729.5803033447812
1729.5803033447812
1729.5803033447812
1729.580303344801
1729.5803033447812
1729.5803033447812
1729.580303344801
1729.5803033447812
1729.5803033447812
1729.580303344801
1729.5803033447812
1729.5803033447812
1729.580303344801
1729.5803033447812
1729.5803033447812
1729.5803033447812
1729.580303344801
1729.5803033447812
1729.5803033447812
1729.580303344801
1729.580303344801
1729.5803033447614
1729.5803033448008
1729.5803033447614
1729.580303344801
1729.5803033448008
1729.5803033447614
1729.580303344801
1729.5803033448008
1729.5803033447614
1729.580303344801
1729.5803033448008
1729.5803033447614
1729.580303344801
1729.5803033448008
1729.5803033447614
1729.580303344801
1729.5803033448008
1729.5803033447614
1729.580303344801
1729.5803033448008
1729.5803033447614
1729.580303344801
1729.5803033448008
1729.5803033447614
1729.580303344801
1729.5803033448008
1729.5803033447614
1729.580303344801
1729.5803033448008
1729.5803033447614
1729.580303344801
1729.5803033448008
1729.5803033447614
1729.580303344801
1729.5803033447614
1729.5803033448008
1729.580303344801
1729.5803033447614
1729.5803033448008
1729.580303344801
1729.5803033447614
1729.5803033448008
1729.580303344801
1729.5803033447614
1729.5803033448008
1729.580303344801
1729.5803033447614
1729.5803033448008
1729.580303344801
1729.5803033447614
1729.5803033448008
1729.580303344801
1729.5803033447614
1729.5803033448008
1729.580303344801
1729.5803033447614
1729.5803033448008
1729.580303344801
1729.5803033447614
1729.5803033448008
1729.580303344801
1729.5803033447614
1729.5803033448008
1729.5803033447614
1729.5803033448008
1729.5803033448008
1729.5803033447614
1729.5803033448008
1729.5803033448008
1729.5803033447614
1729.5803033448008
1729.5803033448008
1729.5803033447614
1729.5803033448008
1729.5803033448008
1729.5803033447614
1729.5803033448008
1729.5803033448008
1729.5803033447614
1729.5803033448008
1729.5803033448008
1729.5803033447614
1729.5803033448008
1729.5803033448008
1729.5803033447614
1729.5803033448008
1729.5803033448008
1729.5803033447614
1729.5803033448008
1729.5803033448008
1729.5803033447614
1729.5803033448008
1729.5803033447614
1729.5803033448008
1729.5803033448008
1729.5803033447614
1729.5803033448008
1729.5803033448008
1729.5803033447614
1729.5803033448008
1729.5803033448008
1729.5803033447614
1729.5803033448406
1729.5803033447617
1729.5803033447614
1729.5803033448406
1729.5803033447617
1729.5803033447614
1729.5803033447617
1729.5803033448406
1729.5803033447614
1729.5803033447617
1729.5803033448406
1729.5803033447614
1729.5803033447617
1729.5803033448406
1729.5803033447614
1729.5803033447617
1729.5803033448406
1729.5803033447614
1729.5803033447617
1729.5803033448406
1729.5803033447614
1729.5803033447617
1729.5803033448406
1729.5803033447614
1729.5803033447617
1729.5803033448406
1729.5803033447614
1729.5803033447617
1729.5803033448406
1729.5803033447614
1729.5803033447617
1729.5803033448406
1729.5803033447614
1729.5803033447617
1729.5803033448406
1729.5803033447614
1729.5803033447773
1729.5803033447773
1729.5803033447776
1729.5803033447776
1729.5803033447776
1729.5803033447776
1729.5803033447762
1729.5803033447787
1729.5803033447762
1729.5803033447787
1729.5803033447762
1729.5803033447787
1729.5803033447762
1729.5803033447762
1729.5803033447812
1729.5803033447762
1729.5803033447762
1729.5803033447762
1729.5803033447812
1729.5803033447762
1729.5803033447762
1729.5803033447762
1729.5803033447812
1729.5803033447762
1729.5803033447762
1729.5803033447762
1729.5803033447812
1729.5803033447712
1729.5803033447812
1729.5803033447812
1729.5803033447712
1729.5803033447812
1729.5803033447812
1729.5803033447712
1729.5803033447812
1729.5803033447712
1729.5803033447812
1729.5803033447812
1729.5803033447712
1729.5803033447812
1729.5803033447812
1729.5803033447712
1729.5803033447812
1729.5803033447712
1729.5803033447812
1729.5803033447812
1729.5803033447712
1729.5803033447812
1729.5803033447712
1729.5803033447812
1729.5803033447812
1729.5803033447712
1729.5803033447712
1729.580303344791
1729.5803033447712
1729.5803033447712
1729.580303344791
1729.5803033447712
1729.5803033447712
1729.580303344791
1729.5803033447712
1729.5803033447712
1729.580303344791
1729.5803033447712
1729.5803033447712
1729.580303344791
1729.5803033447712
1729.5803033447712
1729.5803033447712
1729.580303344791
1729.5803033447712
1729.5803033447712
1729.580303344791
1729.5803033447712
1729.5803033447712
1729.580303344791
1729.5803033447712
1729.5803033447712
1729.580303344791
1729.5803033447712
1729.5803033447712
1729.580303344791
1729.5803033447712
1729.5803033447712
1729.5803033447712
1729.580303344791
1729.5803033447712
1729.5803033447712
1729.580303344791
1729.5803033447712
1729.5803033447712
1729.580303344791
1729.5803033447712
1729.5803033447712
1729.580303344791
1729.5803033447712
1729.5803033447712
1729.5803033447712
1729.580303344791
1729.5803033447712
1729.5803033447712
1729.580303344791
1729.580303344791
1729.5803033447517
1729.580303344791
1729.5803033447517
1729.580303344791
1729.580303344791
1729.5803033447517
1729.580303344791
1729.580303344791
1729.5803033447517
1729.580303344791
1729.580303344791
1729.5803033447517
1729.580303344791
1729.580303344791
1729.5803033447517
1729.580303344791
1729.580303344791
1729.5803033447517
1729.580303344791
1729.580303344791
1729.5803033447517
1729.580303344791
1729.580303344791
1729.5803033447517
1729.580303344791
1729.580303344791
1729.5803033447517
1729.580303344791
1729.580303344791
1729.5803033447517
1729.580303344791
1729.580303344791
1729.5803033447517
1729.580303344791
1729.5803033447517
1729.580303344791
1729.580303344791
1729.5803033447517
1729.580303344791
1729.580303344791
1729.5803033447517
1729.580303344791
1729.580303344791
1729.5803033447517
1729.580303344791
1729.580303344791
1729.5803033447517
1729.580303344791
1729.580303344791
1729.5803033447517
1729.580303344791
1729.580303344791
1729.5803033447517
1729.580303344791
1729.580303344791
1729.5803033447517
1729.580303344791
1729.580303344791
1729.5803033447517
1729.580303344791
1729.580303344791
1729.5803033447517
1729.580303344791
1729.5803033447517
1729.580303344791
1729.580303344791
1729.5803033447517
1729.580303344791
1729.580303344791
1729.5803033447517
1729.580303344791
1729.580303344791
1729.5803033447517
1729.580303344791
1729.580303344791
1729.5803033447517
1729.580303344791
1729.580303344791
1729.5803033447517
1729.580303344791
1729.580303344791
1729.5803033447517
1729.580303344791
1729.580303344791
1729.5803033447517
1729.580303344791
1729.580303344791
1729.5803033447517
1729.580303344791
1729.580303344791
1729.5803033447517
1729.580303344791
1729.5803033447517
1729.580303344791
1729.580303344791
1729.5803033447517
1729.580303344791
1729.580303344791
1729.5803033447517
1729.580303344791
1729.580303344791
1729.5803033447517
1729.5803033448303
1729.5803033447517
1729.5803033447514
1729.5803033448303
1729.5803033447517
1729.5803033447514
1729.5803033447517
1729.5803033448303
1729.5803033447514
1729.5803033447517
1729.5803033448303
1729.5803033447514
1729.5803033447517
1729.5803033448303
1729.5803033447514
1729.5803033447517
1729.5803033448303
1729.5803033447514
1729.5803033447517
1729.5803033448303
1729.5803033447514
1729.5803033447517
1729.5803033448303
1729.5803033447514
1729.5803033447517
1729.5803033448303
1729.5803033447514
1729.5803033447517
1729.5803033448303
1729.5803033447514
1729.5803033447517
1729.5803033448303
1729.5803033447514
1729.5803033447517
1729.5803033448303
1729.5803033447514
1729.5803033447874
1729.5803033447874
1729.5803033447876
1729.5803033447876
1729.5803033447876
1729.5803033447876
1729.5803033447862
1729.5803033447885
1729.5803033447862
1729.5803033447885
1729.5803033447862
1729.5803033447885
1729.5803033447862
1729.5803033447862
1729.5803033447912
1729.5803033447862
1729.5803033447862
1729.5803033447862
1729.5803033447912
1729.5803033447862
1729.5803033447862
1729.5803033447862
1729.5803033447912
1729.5803033447862
1729.5803033447862
1729.5803033447862
1729.5803033447912
1729.5803033447812
1729.5803033447912
1729.5803033447912
1729.5803033447812
1729.5803033447912
1729.5803033447912
1729.5803033447812
1729.5803033447912
1729.5803033447812
1729.5803033447912
1729.5803033447912
1729.5803033447812
1729.5803033447912
1729.5803033447912
1729.5803033447812
1729.5803033447912
1729.5803033447812
1729.5803033447912
1729.5803033447912
1729.5803033447812
1729.5803033447912
1729.5803033447812
1729.5803033447912
1729.5803033447912
1729.5803033447812
1729.5803033447812
1729.5803033448008
1729.5803033447812
1729.5803033447812
1729.5803033448008
1729.5803033447812
1729.5803033447812
1729.5803033448008
1729.5803033447812
1729.5803033447812
1729.5803033448008
1729.5803033447812
1729.5803033447812
1729.5803033448008
1729.5803033447812
1729.5803033447812
1729.5803033447812
1729.5803033448008
1729.5803033447812
1729.5803033447812
1729.5803033448008
1729.5803033447812
1729.5803033447812
1729.5803033448008
1729.5803033447812
1729.5803033447812
1729.5803033448008
1729.5803033447812
1729.5803033447812
1729.5803033448008
1729.5803033447812
1729.5803033447812
1729.5803033447812
1729.5803033448008
1729.5803033447812
1729.5803033447812
1729.5803033448008
1729.5803033447812
1729.5803033447812
1729.5803033448008
1729.5803033447812
1729.5803033447812
1729.5803033448008
1729.5803033447812
1729.5803033447812
1729.5803033447812
1729.5803033448008
1729.5803033447812
1729.5803033447812
1729.5803033448008
1729.5803033448008
1729.5803033447617
1729.580303344801
1729.5803033447617
1729.580303344801
1729.580303344801
1729.5803033447617
1729.580303344801
1729.580303344801
1729.5803033447617
1729.580303344801
1729.580303344801
1729.5803033447617
1729.580303344801
1729.580303344801
1729.5803033447617
1729.580303344801
1729.580303344801
1729.5803033447617
1729.580303344801
1729.580303344801
1729.5803033447617
1729.580303344801
1729.580303344801
1729.5803033447617
1729.580303344801
1729.580303344801
1729.5803033447617
1729.580303344801
1729.580303344801
1729.5803033447617
1729.580303344801
1729.580303344801
1729.5803033447617
1729.580303344801
1729.5803033447617
1729.580303344801
1729.580303344801
1729.5803033447617
1729.580303344801
1729.580303344801
1729.5803033447617
1729.580303344801
1729.580303344801
1729.5803033447617
1729.580303344801
1729.580303344801
1729.5803033447617
1729.580303344801
1729.580303344801
1729.5803033447617
1729.580303344801
1729.580303344801
1729.5803033447617
1729.580303344801
1729.580303344801
1729.5803033447617
1729.580303344801
1729.580303344801
1729.5803033447617
1729.580303344801
1729.580303344801
1729.5803033447617
1729.580303344801
1729.5803033447617
1729.580303344801
1729.580303344801
1729.5803033447617
1729.580303344801
1729.580303344801
1729.5803033447617
1729.580303344801
1729.580303344801
1729.5803033447617
1729.580303344801
1729.580303344801
1729.5803033447617
1729.580303344801
1729.580303344801
1729.5803033447617
1729.580303344801
1729.580303344801
1729.5803033447617
1729.580303344801
1729.580303344801
1729.5803033447617
1729.580303344801
1729.580303344801
1729.5803033447617
1729.580303344801
1729.580303344801
1729.5803033447617
1729.580303344801
1729.5803033447617
1729.580303344801
1729.580303344801
1729.5803033447617
1729.580303344801
1729.580303344801
1729.5803033447617
1729.580303344801
1729.580303344801
1729.5803033447617
1729.5803033448406
1729.5803033447617
1729.5803033447614
1729.5803033448406
1729.5803033447617
1729.5803033447614
1729.5803033447617
1729.5803033448406
1729.5803033447614
1729.5803033447617
1729.5803033448406
1729.5803033447614
1729.5803033447617
1729.5803033448406
1729.5803033447614
1729.5803033447617
1729.5803033448406
1729.5803033447614
1729.5803033447617
1729.5803033448406
1729.5803033447614
1729.5803033447617
1729.5803033448406
1729.5803033447614
1729.5803033447617
1729.5803033448406
1729.5803033447614
1729.5803033447617
1729.5803033448406
1729.5803033447614
1729.5803033447617
1729.5803033448406
1729.5803033447614
1729.5803033447617
1729.5803033448406
1729.5803033447614
1729.5803033447874
1729.5803033447874
1729.5803033447874
1729.5803033447878
1729.5803033447874
1729.5803033447874
1729.5803033447862
1729.5803033447887
1729.5803033447862
1729.5803033447887
1729.5803033447862
1729.5803033447887
1729.5803033447862
1729.5803033447862
1729.580303344791
1729.5803033447862
1729.5803033447862
1729.5803033447862
1729.580303344791
1729.5803033447862
1729.5803033447862
1729.5803033447862
1729.580303344791
1729.5803033447862
1729.5803033447862
1729.5803033447862
1729.580303344791
1729.5803033447812
1729.580303344791
1729.580303344791
1729.5803033447812
1729.580303344791
1729.580303344791
1729.5803033447812
1729.580303344791
1729.5803033447812
1729.580303344791
1729.580303344791
1729.5803033447812
1729.580303344791
1729.580303344791
1729.5803033447812
1729.580303344791
1729.5803033447812
1729.580303344791
1729.580303344791
1729.5803033447812
1729.580303344791
1729.5803033447812
1729.580303344791
1729.580303344791
1729.5803033447812
1729.5803033447812
1729.5803033448008
1729.5803033447812
1729.5803033447812
1729.5803033448008
1729.5803033447812
1729.5803033447812
1729.5803033448008
1729.5803033447812
1729.5803033447812
1729.5803033448008
1729.5803033447812
1729.5803033447812
1729.5803033448008
1729.5803033447812
1729.5803033447812
1729.5803033447812
1729.5803033448008
1729.5803033447812
1729.5803033447812
1729.5803033448008
1729.5803033447812
1729.5803033447812
1729.5803033448008
1729.5803033447812
1729.5803033447812
1729.5803033448008
1729.5803033447812
1729.5803033447812
1729.5803033448008
1729.5803033447812
1729.5803033447812
1729.5803033447812
1729.5803033448008
1729.5803033447812
1729.5803033447812
1729.5803033448008
1729.5803033447812
1729.5803033447812
1729.5803033448008
1729.5803033447812
1729.5803033447812
1729.5803033448008
1729.5803033447812
1729.5803033447812
1729.5803033447812
1729.5803033448008
1729.5803033447812
1729.5803033447812
1729.5803033448008
1729.5803033448008
1729.5803033447617
1729.580303344801
1729.5803033447617
1729.580303344801
1729.580303344801
1729.5803033447617
1729.580303344801
1729.580303344801
1729.5803033447617
1729.580303344801
1729.580303344801
1729.5803033447617
1729.580303344801
1729.580303344801
1729.5803033447617
1729.580303344801
1729.580303344801
1729.5803033447617
1729.580303344801
1729.580303344801
1729.5803033447617
1729.580303344801
1729.580303344801
1729.5803033447617
1729.580303344801
1729.580303344801
1729.5803033447617
1729.580303344801
1729.580303344801
1729.5803033447617
1729.580303344801
1729.580303344801
1729.5803033447617
1729.580303344801
1729.5803033447617
1729.580303344801
1729.580303344801
1729.5803033447617
1729.580303344801
1729.580303344801
1729.5803033447617
1729.580303344801
1729.580303344801
1729.5803033447617
1729.580303344801
1729.580303344801
1729.5803033447617
1729.580303344801
1729.580303344801
1729.5803033447617
1729.580303344801
1729.580303344801
1729.5803033447617
1729.580303344801
1729.580303344801
1729.5803033447617
1729.580303344801
1729.580303344801
1729.5803033447617
1729.580303344801
1729.580303344801
1729.5803033447617
1729.580303344801
1729.5803033447617
1729.580303344801
1729.580303344801
1729.5803033447617
1729.580303344801
1729.580303344801
1729.5803033447617
1729.580303344801
1729.580303344801
1729.5803033447617
1729.580303344801
1729.580303344801
1729.5803033447617
1729.580303344801
1729.580303344801
1729.5803033447617
1729.580303344801
1729.580303344801
1729.5803033447617
1729.580303344801
1729.580303344801
1729.5803033447617
1729.580303344801
1729.580303344801
1729.5803033447617
1729.580303344801
1729.580303344801
1729.5803033447617
1729.580303344801
1729.5803033447617
1729.580303344801
1729.580303344801
1729.5803033447617
1729.580303344801
1729.580303344801
1729.5803033447617
1729.580303344801
1729.580303344801
1729.5803033447617
1729.5803033448406
1729.5803033447617
1729.5803033447617
1729.5803033448406
1729.5803033447617
1729.5803033447617
1729.5803033447617
1729.5803033448406
1729.5803033447617
1729.5803033447617
1729.5803033448406
1729.5803033447617
1729.5803033447617
1729.5803033448406
1729.5803033447617
1729.5803033447617
1729.5803033448406
1729.5803033447617
1729.5803033447617
1729.5803033448406
1729.5803033447617
1729.5803033447617
1729.5803033448406
1729.5803033447617
1729.5803033447617
1729.5803033448406
1729.5803033447617
1729.5803033447617
1729.5803033448406
1729.5803033447617
1729.5803033447617
1729.5803033448406
1729.5803033447617
1729.5803033447617
1729.5803033448406
1729.5803033447617
1729.5803033447874
1729.5803033447874
1729.5803033447876
1729.5803033447876
1729.5803033447876
1729.5803033447876
1729.5803033447862
1729.5803033447885
1729.5803033447862
1729.5803033447885
1729.5803033447862
1729.5803033447885
1729.5803033447862
1729.5803033447862
1729.5803033447912
1729.5803033447862
1729.5803033447862
1729.5803033447862
1729.5803033447912
1729.5803033447862
1729.5803033447862
1729.5803033447862
1729.5803033447912
1729.5803033447862
1729.5803033447862
1729.5803033447862
1729.5803033447912
1729.5803033447812
1729.5803033447912
1729.5803033447912
1729.5803033447812
1729.5803033447912
1729.5803033447912
1729.5803033447812
1729.5803033447912
1729.5803033447812
1729.5803033447912
1729.5803033447912
1729.5803033447812
1729.5803033447912
1729.5803033447912
1729.5803033447812
1729.5803033447912
1729.5803033447812
1729.5803033447912
1729.5803033447912
1729.5803033447812
1729.5803033447912
1729.5803033447812
1729.5803033447912
1729.5803033447912
1729.5803033447812
1729.5803033447812
1729.5803033448008
1729.5803033447812
1729.5803033447812
1729.5803033448008
1729.5803033447812
1729.5803033447812
1729.5803033448008
1729.5803033447812
1729.5803033447812
1729.5803033448008
1729.5803033447812
1729.5803033447812
1729.5803033448008
1729.5803033447812
1729.5803033447812
1729.5803033447812
1729.5803033448008
1729.5803033447812
1729.5803033447812
1729.5803033448008
1729.5803033447812
1729.5803033447812
1729.5803033448008
1729.5803033447812
1729.5803033447812
1729.5803033448008
1729.5803033447812
1729.5803033447812
1729.5803033448008
1729.5803033447812
1729.5803033447812
1729.5803033447812
1729.5803033448008
1729.5803033447812
1729.5803033447812
1729.5803033448008
1729.5803033447812
1729.5803033447812
1729.5803033448008
1729.5803033447812
1729.5803033447812
1729.5803033448008
1729.5803033447812
1729.5803033447812
1729.5803033447812
1729.5803033448008
1729.5803033447812
1729.5803033447812
1729.5803033448008
1729.5803033448008
1729.5803033447617
1729.580303344801
1729.5803033447617
1729.580303344801
1729.580303344801
1729.5803033447617
1729.580303344801
1729.580303344801
1729.5803033447617
1729.580303344801
1729.580303344801
1729.5803033447617
1729.580303344801
1729.580303344801
1729.5803033447617
1729.580303344801
1729.580303344801
1729.5803033447617
1729.580303344801
1729.580303344801
1729.5803033447617
1729.580303344801
1729.580303344801
1729.5803033447617
1729.580303344801
1729.580303344801
1729.5803033447617
1729.580303344801
1729.580303344801
1729.5803033447617
1729.580303344801
1729.580303344801
1729.5803033447617
1729.580303344801
1729.5803033447617
1729.580303344801
1729.580303344801
1729.5803033447617
1729.580303344801
1729.580303344801
1729.5803033447617
1729.580303344801
1729.580303344801
1729.5803033447617
1729.580303344801
1729.580303344801
1729.5803033447617
1729.580303344801
1729.580303344801
1729.5803033447617
1729.580303344801
1729.580303344801
1729.5803033447617
1729.580303344801
1729.580303344801
1729.5803033447617
1729.580303344801
1729.580303344801
1729.5803033447617
1729.580303344801
1729.580303344801
1729.5803033447617
1729.580303344801
1729.5803033447617
1729.580303344801
1729.580303344801
1729.5803033447617
1729.580303344801
1729.580303344801
1729.5803033447617
1729.580303344801
1729.580303344801
1729.5803033447617
1729.580303344801
1729.580303344801
1729.5803033447617
1729.580303344801
1729.580303344801
1729.5803033447617
1729.580303344801
1729.580303344801
1729.5803033447617
1729.580303344801
1729.580303344801
1729.5803033447617
1729.580303344801
1729.580303344801
1729.5803033447617
1729.580303344801
1729.580303344801
1729.5803033447617
1729.580303344801
1729.5803033447617
1729.580303344801
1729.580303344801
1729.5803033447617
1729.580303344801
1729.580303344801
1729.5803033447617
1729.580303344801
1729.580303344801
1729.5803033447617
1729.5803033448406
1729.5803033447617
1729.5803033447614
1729.5803033448406
1729.5803033447617
1729.5803033447614
1729.5803033447617
1729.5803033448406
1729.5803033447614
1729.5803033447617
1729.5803033448406
1729.5803033447614
1729.5803033447617
1729.5803033448406
1729.5803033447614
1729.5803033447617
1729.5803033448406
1729.5803033447614
1729.5803033447617
1729.5803033448406
1729.5803033447614
1729.5803033447617
1729.5803033448406
1729.5803033447614
1729.5803033447617
1729.5803033448406
1729.5803033447614
1729.5803033447617
1729.5803033448406
1729.5803033447614
1729.5803033447617
1729.5803033448406
1729.5803033447614
1729.5803033447617
1729.5803033448406
1729.5803033447614
1729.5803033447874
1729.5803033447874
1729.5803033447874
1729.5803033447878
1729.5803033447874
1729.5803033447874
1729.5803033447862
1729.5803033447887
1729.5803033447862
1729.5803033447887
1729.5803033447862
1729.5803033447887
1729.5803033447862
1729.5803033447862
1729.580303344791
1729.5803033447862
1729.5803033447862
1729.5803033447862
1729.580303344791
1729.5803033447862
1729.5803033447862
1729.5803033447862
1729.580303344791
1729.5803033447862
1729.5803033447862
1729.5803033447862
1729.580303344791
1729.5803033447812
1729.580303344791
1729.580303344791
1729.5803033447812
1729.580303344791
1729.580303344791
1729.5803033447812
1729.580303344791
1729.5803033447812
1729.580303344791
1729.580303344791
1729.5803033447812
1729.580303344791
1729.580303344791
1729.5803033447812
1729.580303344791
1729.5803033447812
1729.580303344791
1729.580303344791
1729.5803033447812
1729.580303344791
1729.5803033447812
1729.580303344791
1729.580303344791
1729.5803033447812
1729.5803033447812
1729.5803033448008
1729.5803033447812
1729.5803033447812
1729.5803033448008
1729.5803033447812
1729.5803033447812
1729.5803033448008
1729.5803033447812
1729.5803033447812
1729.5803033448008
1729.5803033447812
1729.5803033447812
1729.5803033448008
1729.5803033447812
1729.5803033447812
1729.5803033447812
1729.5803033448008
1729.5803033447812
1729.5803033447812
1729.5803033448008
1729.5803033447812
1729.5803033447812
1729.5803033448008
1729.5803033447812
1729.5803033447812
1729.5803033448008
1729.5803033447812
1729.5803033447812
1729.5803033448008
1729.5803033447812
1729.5803033447812
1729.5803033447812
1729.5803033448008
1729.5803033447812
1729.5803033447812
1729.5803033448008
1729.5803033447812
1729.5803033447812
1729.5803033448008
1729.5803033447812
1729.5803033447812
1729.5803033448008
1729.5803033447812
1729.5803033447812
1729.5803033447812
1729.5803033448008
1729.5803033447812
1729.5803033447812
1729.5803033448008
1729.5803033448008
1729.5803033447617
1729.580303344801
1729.5803033447617
1729.580303344801
1729.580303344801
1729.5803033447617
1729.580303344801
1729.580303344801
1729.5803033447617
1729.580303344801
1729.580303344801
1729.5803033447617
1729.580303344801
1729.580303344801
1729.5803033447617
1729.580303344801
1729.580303344801
1729.5803033447617
1729.580303344801
1729.580303344801
1729.5803033447617
1729.580303344801
1729.580303344801
1729.5803033447617
1729.580303344801
1729.580303344801
1729.5803033447617
1729.580303344801
1729.580303344801
1729.5803033447617
1729.580303344801
1729.580303344801
1729.5803033447617
1729.580303344801
1729.5803033447617
1729.580303344801
1729.580303344801
1729.5803033447617
1729.580303344801
1729.580303344801
1729.5803033447617
1729.580303344801
1729.580303344801
1729.5803033447617
1729.580303344801
1729.580303344801
1729.5803033447617
1729.580303344801
1729.580303344801
1729.5803033447617
1729.580303344801
1729.580303344801
1729.5803033447617
1729.580303344801
1729.580303344801
1729.5803033447617
1729.580303344801
1729.580303344801
1729.5803033447617
1729.580303344801
1729.580303344801
1729.5803033447617
1729.580303344801
1729.5803033447617
1729.580303344801
1729.580303344801
1729.5803033447617
1729.580303344801
1729.580303344801
1729.5803033447617
1729.580303344801
1729.580303344801
1729.5803033447617
1729.580303344801
1729.580303344801
1729.5803033447617
1729.580303344801
1729.580303344801
1729.5803033447617
1729.580303344801
1729.580303344801
1729.5803033447617
1729.580303344801
1729.580303344801
1729.5803033447617
1729.580303344801
1729.580303344801
1729.5803033447617
1729.580303344801
1729.580303344801
1729.5803033447617
1729.580303344801
1729.5803033447617
1729.580303344801
1729.580303344801
1729.5803033447617
1729.580303344801
1729.580303344801
1729.5803033447617
1729.580303344801
1729.580303344801
1729.5803033447617
1729.5803033448406
1729.5803033447617
1729.5803033447617
1729.5803033448406
1729.5803033447617
1729.5803033447617
1729.5803033447617
1729.5803033448406
1729.5803033447617
1729.5803033447617
1729.5803033448406
1729.5803033447617
1729.5803033447617
1729.5803033448406
1729.5803033447617
1729.5803033447617
1729.5803033448406
1729.5803033447617
1729.5803033447617
1729.5803033448406
1729.5803033447617
1729.5803033447617
1729.5803033448406
1729.5803033447617
1729.5803033447617
1729.5803033448406
1729.5803033447617
1729.5803033447617
1729.5803033448406
1729.5803033447617
1729.5803033447617
1729.5803033448406
1729.5803033447617
1729.5803033447617
1729.5803033448406
1729.5803033447617
1729.5803033447874
1729.5803033447874
1729.5803033447876
1729.5803033447876
1729.5803033447876
1729.5803033447876
1729.5803033447862
1729.5803033447885
1729.5803033447862
1729.5803033447885
1729.5803033447862
1729.5803033447885
1729.5803033447862
1729.5803033447862
1729.5803033447912
1729.5803033447862
1729.5803033447862
1729.5803033447862
1729.5803033447912
1729.5803033447862
1729.5803033447862
1729.5803033447862
1729.5803033447912
1729.5803033447862
1729.5803033447862
1729.5803033447862
1729.5803033447912
1729.5803033447812
1729.5803033447912
1729.5803033447912
1729.5803033447812
1729.5803033447912
1729.5803033447912
1729.5803033447812
1729.5803033447912
1729.5803033447812
1729.5803033447912
1729.5803033447912
1729.5803033447812
1729.5803033447912
1729.5803033447912
1729.5803033447812
1729.5803033447912
1729.5803033447812
1729.5803033447912
1729.5803033447912
1729.5803033447812
1729.5803033447912
1729.5803033447812
1729.5803033447912
1729.5803033447912
1729.5803033447812
1729.5803033447812
1729.5803033448008
1729.5803033447812
1729.5803033447812
1729.5803033448008
1729.5803033447812
1729.5803033447812
1729.5803033448008
1729.5803033447812
1729.5803033447812
1729.5803033448008
1729.5803033447812
1729.5803033447812
1729.5803033448008
1729.5803033447812
1729.5803033447812
1729.5803033447812
1729.5803033448008
1729.5803033447812
1729.5803033447812
1729.5803033448008
1729.5803033447812
1729.5803033447812
1729.5803033448008
1729.5803033447812
1729.5803033447812
1729.5803033448008
1729.5803033447812
1729.5803033447812
1729.5803033448008
1729.5803033447812
1729.5803033447812
1729.5803033447812
1729.5803033448008
1729.5803033447812
1729.5803033447812
1729.5803033448008
1729.5803033447812
1729.5803033447812
1729.5803033448008
1729.5803033447812
1729.5803033447812
1729.5803033448008
1729.5803033447812
1729.5803033447812
1729.5803033447812
1729.5803033448008
1729.5803033447812
1729.5803033447812
1729.5803033448008
1729.5803033448008
1729.5803033447617
1729.580303344801
1729.5803033447617
1729.580303344801
1729.580303344801
1729.5803033447617
1729.580303344801
1729.580303344801
1729.5803033447617
1729.580303344801
1729.580303344801
1729.5803033447617
1729.580303344801
1729.580303344801
1729.5803033447617
1729.580303344801
1729.580303344801
1729.5803033447617
1729.580303344801
1729.580303344801
1729.5803033447617
1729.580303344801
1729.580303344801
1729.5803033447617
1729.580303344801
1729.580303344801
1729.5803033447617
1729.580303344801
1729.580303344801
1729.5803033447617
1729.580303344801
1729.580303344801
1729.5803033447617
1729.580303344801
1729.5803033447617
1729.580303344801
1729.580303344801
1729.5803033447617
1729.580303344801
1729.580303344801
1729.5803033447617
1729.580303344801
1729.580303344801
1729.5803033447617
1729.580303344801
1729.580303344801
1729.5803033447617
1729.580303344801
1729.580303344801
1729.5803033447617
1729.580303344801
1729.580303344801
1729.5803033447617
1729.580303344801
1729.580303344801
1729.5803033447617
1729.580303344801
1729.580303344801
1729.5803033447617
1729.580303344801
1729.580303344801
1729.5803033447617
1729.580303344801
1729.5803033447617
1729.580303344801
1729.580303344801
1729.5803033447617
1729.580303344801
1729.580303344801
1729.5803033447617
1729.580303344801
1729.580303344801
1729.5803033447617
1729.580303344801
1729.580303344801
1729.5803033447617
1729.580303344801
1729.580303344801
1729.5803033447617
1729.580303344801
1729.580303344801
1729.5803033447617
1729.580303344801
1729.580303344801
1729.5803033447617
1729.580303344801
1729.580303344801
1729.5803033447617
1729.580303344801
1729.580303344801
1729.5803033447617
1729.580303344801
1729.5803033447617
1729.580303344801
1729.580303344801
1729.5803033447617
1729.580303344801
1729.580303344801
1729.5803033447617
1729.580303344801
1729.580303344801
1729.5803033447617
1729.5803033448406
1729.5803033447617
1729.5803033447614
1729.5803033448406
1729.5803033447617
1729.5803033447614
1729.5803033447617
1729.5803033448406
1729.5803033447614
1729.5803033447617
1729.5803033448406
1729.5803033447614
1729.5803033447617
1729.5803033448406
1729.5803033447614
1729.5803033447617
1729.5803033448406
1729.5803033447614
1729.5803033447617
1729.5803033448406
1729.5803033447614
1729.5803033447617
1729.5803033448406
1729.5803033447614
1729.5803033447617
1729.5803033448406
1729.5803033447614
1729.5803033447617
1729.5803033448406
1729.5803033447614
1729.5803033447617
1729.5803033448406
1729.5803033447614
1729.5803033447617
1729.5803033448406
1729.5803033447614
1729.5803033447874
1729.5803033447874
1729.5803033447874
1729.5803033447878
1729.5803033447874
1729.5803033447874
1729.5803033447862
1729.5803033447887
1729.5803033447862
1729.5803033447887
1729.5803033447862
1729.5803033447887
1729.5803033447862
1729.5803033447862
1729.580303344791
1729.5803033447862
1729.5803033447862
1729.5803033447862
1729.580303344791
1729.5803033447862
1729.5803033447862
1729.5803033447862
1729.580303344791
1729.5803033447862
1729.5803033447862
1729.5803033447862
1729.580303344791
1729.5803033447812
1729.580303344791
1729.580303344791
1729.5803033447812
1729.580303344791
1729.580303344791
1729.5803033447812
1729.580303344791
1729.5803033447812
1729.580303344791
1729.580303344791
1729.5803033447812
1729.580303344791
1729.580303344791
1729.5803033447812
1729.580303344791
1729.5803033447812
1729.580303344791
1729.580303344791
1729.5803033447812
1729.580303344791
1729.5803033447812
1729.580303344791
1729.580303344791
1729.5803033447812
1729.5803033447812
1729.5803033448008
1729.5803033447812
1729.5803033447812
1729.5803033448008
1729.5803033447812
1729.5803033447812
1729.5803033448008
1729.5803033447812
1729.5803033447812
1729.5803033448008
1729.5803033447812
1729.5803033447812
1729.5803033448008
1729.5803033447812
1729.5803033447812
1729.5803033447812
1729.5803033448008
1729.5803033447812
1729.5803033447812
1729.5803033448008
1729.5803033447812
1729.5803033447812
1729.5803033448008
1729.5803033447812
1729.5803033447812
1729.5803033448008
1729.5803033447812
1729.5803033447812
1729.5803033448008
1729.5803033447812
1729.5803033447812
1729.5803033447812
1729.5803033448008
1729.5803033447812
1729.5803033447812
1729.5803033448008
1729.5803033447812
1729.5803033447812
1729.5803033448008
1729.5803033447812
1729.5803033447812
1729.5803033448008
1729.5803033447812
1729.5803033447812
1729.5803033447812
1729.5803033448008
1729.5803033447812
1729.5803033447812
1729.5803033448008
1729.5803033448008
1729.5803033447617
1729.580303344801
1729.5803033447617
1729.580303344801
1729.580303344801
1729.5803033447617
1729.580303344801
1729.580303344801
1729.5803033447617
1729.580303344801
1729.580303344801
1729.5803033447617
1729.580303344801
1729.580303344801
1729.5803033447617
1729.580303344801
1729.580303344801
1729.5803033447617
1729.580303344801
1729.580303344801
1729.5803033447617
1729.580303344801
1729.580303344801
1729.5803033447617
1729.580303344801
1729.580303344801
1729.5803033447617
1729.580303344801
1729.580303344801
1729.5803033447617
1729.580303344801
1729.580303344801
1729.5803033447617
1729.580303344801
1729.5803033447617
1729.580303344801
1729.580303344801
1729.5803033447617
1729.580303344801
1729.580303344801
1729.5803033447617
1729.580303344801
1729.580303344801
1729.5803033447617
1729.580303344801
1729.580303344801
1729.5803033447617
1729.580303344801
1729.580303344801
1729.5803033447617
1729.580303344801
1729.580303344801
1729.5803033447617
1729.580303344801
1729.580303344801
1729.5803033447617
1729.580303344801
1729.580303344801
1729.5803033447617
1729.580303344801
1729.580303344801
1729.5803033447617
1729.580303344801
1729.5803033447617
1729.580303344801
1729.580303344801
1729.5803033447617
1729.580303344801
1729.580303344801
1729.5803033447617
1729.580303344801
1729.580303344801
1729.5803033447617
1729.580303344801
1729.580303344801
1729.5803033447617
1729.580303344801
1729.580303344801
1729.5803033447617
1729.580303344801
1729.580303344801
1729.5803033447617
1729.580303344801
1729.580303344801
1729.5803033447617
1729.580303344801
1729.580303344801
1729.5803033447617
1729.580303344801
1729.580303344801
1729.5803033447617
1729.580303344801
1729.5803033447617
1729.580303344801
1729.580303344801
1729.5803033447617
1729.580303344801
1729.580303344801
1729.5803033447617
1729.580303344801
1729.580303344801
1729.5803033447617
1729.5803033448406
1729.5803033447617
1729.5803033447617
1729.5803033448406
1729.5803033447617
1729.5803033447617
1729.5803033447617
1729.5803033448406
1729.5803033447617
1729.5803033447617
1729.5803033448406
1729.5803033447617
1729.5803033447617
1729.5803033448406
1729.5803033447617
1729.5803033447617
1729.5803033448406
1729.5803033447617
1729.5803033447617
1729.5803033448406
1729.5803033447617
1729.5803033447617
1729.5803033448406
1729.5803033447617
1729.5803033447617
1729.5803033448406
1729.5803033447617
1729.5803033447617
1729.5803033448406
1729.5803033447617
1729.5803033447617
1729.5803033448406
1729.5803033447617
1729.5803033447617
1729.5803033448406
1729.5803033447617
1729.5803033447874
1729.5803033447874
1729.5803033447876
1729.5803033447876
1729.5803033447876
1729.5803033447876
1729.5803033447862
1729.5803033447885
1729.5803033447862
1729.5803033447885
1729.5803033447862
1729.5803033447885
1729.5803033447862
1729.5803033447862
1729.5803033447912
1729.5803033447862
1729.5803033447862
1729.5803033447862
1729.5803033447912
1729.5803033447862
1729.5803033447862
1729.5803033447862
1729.5803033447912
1729.5803033447862
1729.5803033447862
1729.5803033447862
1729.5803033447912
1729.5803033447812
1729.5803033447912
1729.5803033447912
1729.5803033447812
1729.5803033447912
1729.5803033447912
1729.5803033447812
1729.5803033447912
1729.5803033447812
1729.5803033447912
1729.5803033447912
1729.5803033447812
1729.5803033447912
1729.5803033447912
1729.5803033447812
1729.5803033447912
1729.5803033447812
1729.5803033447912
1729.5803033447912
1729.5803033447812
1729.5803033447912
1729.5803033447812
1729.5803033447912
1729.5803033447912
1729.5803033447812
1729.5803033447812
1729.5803033448008
1729.5803033447812
1729.5803033447812
1729.5803033448008
1729.5803033447812
1729.5803033447812
1729.5803033448008
1729.5803033447812
1729.5803033447812
1729.5803033448008
1729.5803033447812
1729.5803033447812
1729.5803033448008
1729.5803033447812
1729.5803033447812
1729.5803033447812
1729.5803033448008
1729.5803033447812
1729.5803033447812
1729.5803033448008
1729.5803033447812
1729.5803033447812
1729.5803033448008
1729.5803033447812
1729.5803033447812
1729.5803033448008
1729.5803033447812
1729.5803033447812
1729.5803033448008
1729.5803033447812
1729.5803033447812
1729.5803033447812
1729.5803033448008
1729.5803033447812
1729.5803033447812
1729.5803033448008
1729.5803033447812
1729.5803033447812
1729.5803033448008
1729.5803033447812
1729.5803033447812
1729.5803033448008
1729.5803033447812
1729.5803033447812
1729.5803033447812
1729.5803033448008
1729.5803033447812
1729.5803033447812
1729.5803033448008
1729.5803033448008
1729.5803033447617
1729.580303344801
1729.5803033447617
1729.580303344801
1729.580303344801
1729.5803033447617
1729.580303344801
1729.580303344801
1729.5803033447617
1729.580303344801
1729.580303344801
1729.5803033447617
1729.580303344801
1729.580303344801
1729.5803033447617
1729.580303344801
1729.580303344801
1729.5803033447617
1729.580303344801
1729.580303344801
1729.5803033447617
1729.580303344801
1729.580303344801
1729.5803033447617
1729.580303344801
1729.580303344801
1729.5803033447617
1729.580303344801
1729.580303344801
1729.5803033447617
1729.580303344801
1729.580303344801
1729.5803033447617
1729.580303344801
1729.5803033447617
1729.580303344801
1729.580303344801
1729.5803033447617
1729.580303344801
1729.580303344801
1729.5803033447617
1729.580303344801
1729.580303344801
1729.5803033447617
1729.580303344801
1729.580303344801
1729.5803033447617
1729.580303344801
1729.580303344801
1729.5803033447617
1729.580303344801
1729.580303344801
1729.5803033447617
1729.580303344801
1729.580303344801
1729.5803033447617
1729.580303344801
1729.580303344801
1729.5803033447617
1729.580303344801
1729.580303344801
1729.5803033447617
1729.580303344801
1729.5803033447617
1729.580303344801
1729.580303344801
1729.5803033447617
1729.580303344801
1729.580303344801
1729.5803033447617
1729.580303344801
1729.580303344801
1729.5803033447617
1729.580303344801
1729.580303344801
1729.5803033447617
1729.580303344801
1729.580303344801
1729.5803033447617
1729.580303344801
1729.580303344801
1729.5803033447617
1729.580303344801
1729.580303344801
1729.5803033447617
1729.580303344801
1729.580303344801
1729.5803033447617
1729.580303344801
1729.580303344801
1729.5803033447617
1729.580303344801
1729.5803033447617
1729.580303344801
1729.580303344801
1729.5803033447617
1729.580303344801
1729.580303344801
1729.5803033447617
1729.580303344801
1729.580303344801
1729.5803033447617
1729.5803033448406
1729.5803033447617
1729.5803033447614
1729.5803033448406
1729.5803033447617
1729.5803033447614
1729.5803033447617
1729.5803033448406
1729.5803033447614
1729.5803033447617
1729.5803033448406
1729.5803033447614
1729.5803033447617
1729.5803033448406
1729.5803033447614
1729.5803033447617
1729.5803033448406
1729.5803033447614
1729.5803033447617
1729.5803033448406
1729.5803033447614
1729.5803033447617
1729.5803033448406
1729.5803033447614
1729.5803033447617
1729.5803033448406
1729.5803033447614
1729.5803033447617
1729.5803033448406
1729.5803033447614
1729.5803033447617
1729.5803033448406
1729.5803033447614
1729.5803033447617
1729.5803033448406
1729.5803033447614
1729.5803033447874
1729.5803033447874
1729.5803033447874
1729.5803033447878
1729.5803033447874
1729.5803033447874
1729.5803033447862
1729.5803033447887
1729.5803033447862
1729.5803033447887
1729.5803033447862
1729.5803033447887
1729.5803033447862
1729.5803033447862
1729.580303344791
1729.5803033447862
1729.5803033447862
1729.5803033447862
1729.580303344791
1729.5803033447862
1729.5803033447862
1729.5803033447862
1729.580303344791
1729.5803033447862
1729.5803033447862
1729.5803033447862
1729.580303344791
1729.5803033447812
1729.580303344791
1729.580303344791
1729.5803033447812
1729.580303344791
1729.580303344791
1729.5803033447812
1729.580303344791
1729.5803033447812
1729.580303344791
1729.580303344791
1729.5803033447812
1729.580303344791
1729.580303344791
1729.5803033447812
1729.580303344791
1729.5803033447812
1729.580303344791
1729.580303344791
1729.5803033447812
1729.580303344791
1729.5803033447812
1729.580303344791
1729.580303344791
1729.5803033447812
1729.5803033447812
1729.5803033448008
1729.5803033447812
1729.5803033447812
1729.5803033448008
1729.5803033447812
1729.5803033447812
1729.5803033448008
1729.5803033447812
1729.5803033447812
1729.5803033448008
1729.5803033447812
1729.5803033447812
1729.5803033448008
1729.5803033447812
1729.5803033447812
1729.5803033447812
1729.5803033448008
1729.5803033447812
1729.5803033447812
1729.5803033448008
1729.5803033447812
1729.5803033447812
1729.5803033448008
1729.5803033447812
1729.5803033447812
1729.5803033448008
1729.5803033447812
1729.5803033447812
1729.5803033448008
1729.5803033447812
1729.5803033447812
1729.5803033447812
1729.5803033448008
1729.5803033447812
1729.5803033447812
1729.5803033448008
1729.5803033447812
1729.5803033447812
1729.5803033448008
1729.5803033447812
1729.5803033447812
1729.5803033448008
1729.5803033447812
1729.5803033447812
1729.5803033447812
1729.5803033448008
1729.5803033447812
1729.5803033447812
1729.5803033448008
1729.5803033448008
1729.5803033447617
1729.580303344801
1729.5803033447617
1729.580303344801
1729.580303344801
1729.5803033447617
1729.580303344801
1729.580303344801
1729.5803033447617
1729.580303344801
1729.580303344801
1729.5803033447617
1729.580303344801
1729.580303344801
1729.5803033447617
1729.580303344801
1729.580303344801
1729.5803033447617
1729.580303344801
1729.580303344801
1729.5803033447617
1729.580303344801
1729.580303344801
1729.5803033447617
1729.580303344801
1729.580303344801
1729.5803033447617
1729.580303344801
1729.580303344801
1729.5803033447617
1729.580303344801
1729.580303344801
1729.5803033447617
1729.580303344801
1729.5803033447617
1729.580303344801
1729.580303344801
1729.5803033447617
1729.580303344801
1729.580303344801
1729.5803033447617
1729.580303344801
1729.580303344801
1729.5803033447617
1729.580303344801
1729.580303344801
1729.5803033447617
1729.580303344801
1729.580303344801
1729.5803033447617
1729.580303344801
1729.580303344801
1729.5803033447617
1729.580303344801
1729.580303344801
1729.5803033447617
1729.580303344801
1729.580303344801
1729.5803033447617
1729.580303344801
1729.580303344801
1729.5803033447617
1729.580303344801
1729.5803033447617
1729.580303344801
1729.580303344801
1729.5803033447617
1729.580303344801
1729.580303344801
1729.5803033447617
1729.580303344801
1729.580303344801
1729.5803033447617
1729.580303344801
1729.580303344801
1729.5803033447617
1729.580303344801
1729.580303344801
1729.5803033447617
1729.580303344801
1729.580303344801
1729.5803033447617
1729.580303344801
1729.580303344801
1729.5803033447617
1729.580303344801
1729.580303344801
1729.5803033447617
1729.580303344801
1729.580303344801
1729.5803033447617
1729.580303344801
1729.5803033447617
1729.580303344801
1729.580303344801
1729.5803033447617
1729.580303344801
1729.580303344801
1729.5803033447617
1729.580303344801
1729.580303344801
1729.5803033447617
1729.5803033448406
1729.5803033447617
1729.5803033447617
1729.5803033448406
1729.5803033447617
1729.5803033447617
1729.5803033447617
1729.5803033448406
1729.5803033447617
1729.5803033447617
1729.5803033448406
1729.5803033447617
1729.5803033447617
1729.5803033448406
1729.5803033447617
1729.5803033447617
1729.5803033448406
1729.5803033447617
1729.5803033447617
1729.5803033448406
1729.5803033447617
1729.5803033447617
1729.5803033448406
1729.5803033447617
1729.5803033447617
1729.5803033448406
1729.5803033447617
1729.5803033447617
1729.5803033448406
1729.5803033447617
1729.5803033447617
1729.5803033448406
1729.5803033447617
1729.5803033447617
1729.5803033448406
1729.5803033447617
0.22493920692809161
0.32724950761304478
0.55218871454247875
0.55218871454241014
0.55218871454121043
0.5503389838962004
0.55033898389870872
0.78243278249835901
0.31824518530017609
0.5531969434725702
0.35635734437185451
0.75003654257331343
0.55319694347295845
0.55033898389376179
0.55033898389097413
0.55033898389619751
0.55033898389880376
0.55218871454541341
0.55218871454281004
0.55218871454564478
0.55218871454802065
0.3407971711837734
0.79650697048354757
0.56865207083272828
0.56865207083035629
0.55251960977891634
0.55251960977523484
0.55251960977424286
0.5525196097781675
0.5772776790371732
0.57727767903789462
0.57727767903789462
0.57727767903718097
0.40193908843887938
0.70310013112724756
0.55251960978362513
0.5525196097812668
0.56865207083670788
0.56865207083479841
0.5686520708368451
0.5686520708368451
0.68091089914613079
0.68091089914900071
0.6809108991480598
0.68091089914711878
0.56882304053058408
0.56882304053061938
0.56882304052963528
0.56882304052921961
0.5879813307472439
0.58798133074725956
0.58798133074542469
0.5879813307472439
0.58798133074725956
0.56882304052127242
0.56882304052084898
0.56882304052019417
0.56882304051990007
0.68091089915660696
0.68091089915659131
0.68091089915467795
0.68091089915660696
0.66722525825211021
0.66722525825640733
0.66722525826073587
0.66722525825985757
0.56670546187332382
0.56670546187332382
0.70349075302253672
0.42992017071061384
0.57297651443075803
0.62161526577677417
0.52433776308381663
0.57297651443145592
0.57297651443076592
0.56670546187462156
0.56670546186875614
0.56670546186806225
0.5667054618732964
0.44228661684779713
0.89216389966503329
0.72815251268337489
0.60629800383787724
0.6687522580155062
0.66875225800920168
0.98459018136135046
0.35291433465895844
0.5669399925056261
0.5669399925062848
0.56693999250691596
0.56693999250692773
0.57465486985893965
0.57465486986309566
0.57465486986484426
0.57465486986243697
0.57465486986177827
0.56693999249651428
0.56693999249648297
0.56693999249196236
0.56693999249260141
0.66875225801370264
0.6687522580134988
0.66875225802413174
0.66875225802413174
0.58446782948954024
0.58446782949655052
0.58446782949610354
0.58446782948813669
0.49386835357119235
0.6154643772733045
0.55466636541952152
0.55466636541940784
0.60012873957097834
0.60012873957097834
0.60012873957097834
0.60012873957097834
0.30932769467974319
0.25148196183793003
0.54852307433180492
0.55466636542545955
0.55466636543072301
0.58446782949469211
0.58446782948950105
0.58446782948292997
0.58446782948719567
0.63524369384349355
0.63524369383824764
0.63524369383460921
0.63524369383972967
0.56189523608174885
0.56189523608058833
0.56189523608278391
0.561895236086289
0.67195245740945708
0.67195245740945708
0.67195245740945708
0.67195245740945708
0.595347338845306
0.52844313334742454
0.56189523610251291
0.56189523610130532
0.63524369385243273
0.63524369385993706
0.63524369385843937
0.63524369385240931
0.59922672876797611
0.20746309628165432
0.31888738724983778
0.56278860613486337
0.56278860614495141
0.55173662209456908
0.55173662210112651
0.55173662210738983
0.55173662210332608
0.56873755901429579
0.71832592744681378
0.41914919056040212
0.56873755902471712
0.55173662210799956
0.55173662210142838
0.55173662209456908
0.55173662210112651
0.56278860614889559
0.56278860615794069
0.56278860615993243
0.56278860615789761
0.67500372973574607
0.67500372973480516
0.6750037297338799
0.67500372972854772
0.56790472061737252
0.56790472061737252
0.56790472062712727
0.5679047206264608
0.58151495159474986
0.58151495159720423
0.58151495160373612
0.58151495161029942
0.5815149516055319
0.56790472061844688
0.56790472061772546
0.5679047206069513
0.5679047206069513
0.67500372973111966
0.67500372973852196
0.67500372974782197
0.67500372974153311
0.55063526924641404
0.55221822298524248
0.54905231550107514
0.55063526924151507
0.55013609388897655
0.55013609389211293
0.55013609388401152
0.55013609388710638
0.55090786792546931
0.55090786792537327
0.55090786792546931
0.42832736054990228
0.12258050737776797
0.55013609387844387
0.55013609388076468
0.55013609389447837
0.5501360938976152
0.55063526925267248
0.55063526926029627
0.55063526925761164
0.55063526925006323
0.66139318643351241
0.66139318643261857
0.66139318642825873
0.66139318642388312
0.56581376705244035
0.56581376706290476
0.5658137670622343
0.56581376706125408
0.56655637419932614
0.566556374202698
0.56655637420100424
0.56655637419933402
0.56655637420425842
0.25924161250027916
0.30657215456286374
0.33054382229794937
0.80108371179816062
0.56581376705244035
0.35743766152372075
0.96534871130806477
0.66139318642739608
0.66139318641519484
0.65992176710625794
0.65992176710537975
0.65992176710453287
0.659921767103686
0.56558981038358747
0.56558981039354606
0.56558981040292444
0.56558981040229706
0.56493404054586149
0.56493404054248186
0.5649340405408273
0.56493404055258156
0.5649340405492097
0.56558981039526335
0.56558981039463596
0.56558981038312484
0.5655898103831718
0.65992176705685701
0.7718100293089506
0.54803350482359847
0.65992176707774652
0.58013076276559672
0.58013076275560671
0.82310945323919393
0.0072488230245788265
0.32990324925890541
0.55407264536920964
0.55407264537966028
0.55407264536974288
0.55407264535980183
0.59388808450302588
0.47146008470789558
0.47934165889537644
0.51000630539930814
0.32085620452402508
0.55407264537997791
0.66894422332784187
0.43920106743059067
0.5540726453808934
0.58013076279257902
0.58013076280386289
0.58013076279257125
0.58013076279256337
0.56836456764449261
0.49857606826539669
0.63815306703190833
0.56836456764590415
0.64417802879496677
0.46078407987915737
0.55248105432635752
0.55248105433668471
0.57685982924359669
0.57685982924082091
0.57685982924082091
0.57685982924082091
0.55248105432635752
0.55248105432092731
0.55248105432655159
0.55248105433203476
0.56836456764922494
0.56836456763948195
0.56836456763925458
0.56836456764962484
0.50202624129888385
0.50202624129888385
0.50202624129888385
0.5020262412988824
0.5020262412988854
0.5020262412988854
0.5020262412988824
0.40642603660700932
0.59762644599075843
0.5020262412988824
0.5020262412988824
0.5020262412988854
0.5020262412988854
0.5020262412988824
0.5020262412988824
0.5020262412988854
0.50202624129412776
0.50202624129412776
0.50202624129412776
0.50202624129412621
0.50202624129412921
0.50202624129412921
0.50202624129412621
0.50202624129412621
0.50202624129412921
0.50202624129412621
0.50202624129412621
0.50202624129412921
0.50202624129412921
0.74269999904462669
0.76337872483775515
0.50202624129412776
0.50202624129412776
0.50202624129412776
0.50202624129412621
0.50202624129412921
0.50202624129412921
0.50202624129412621
0.50202624129412621
0.50202624129412921
0.50202624129412621
0.50202624129412621
0.64603876436359053
0.35801371822466782
0.79757070142574815
0.70850802245663347
0.50202624129412776
0.50202624129412776
0.50202624129412776
0.50202624129412621
0.50202624129412921
0.50202624129412921
0.50202624129412621
0.427145961658842
0.57690652092941352
0.50202624129412621
0.50202624129412621
0.50202624129412921
0.50202624129412921
0.50202624129412621
0.67341549616158802
0.33063698642666739
0.50202624129412776
0.50202624129412776
0.50202624129412776
0.50202624129412621
0.50202624129412921
0.50202624129412921
0.50202624129412621
0.50202624129412621
0.50202624129412921
0.50202624129412621
0.53855478686892233
0.46549769571933308
0.50202624129412921
0.50202624129412621
0.50202624129412621
0.50202624129412921
0.50202624130364004
0.50202624130364004
0.50202624130364004
0.50202624130363849
0.50202624130364149
0.50202624130364149
0.50202624130363849
0.50202624130363849
0.36051062551183716
0.64354185709544287
0.50202624130363849
0.50202624130364149
0.50202624130364149
0.50202624130363849
0.67821376402337707
0.32583871858390295
0.50202624130364004
0.50202624130364004
0.50202624130364004
0.50202624130363849
0.50202624130364149
0.50202624130364149
0.50202624130363849
0.50202624130363849
0.50202624130364149
0.50202624130363849
0.50202624130363849
0.50202624130364149
0.50202624130364149
0.50202624130363849
0.50202624130363849
0.50202624130364149
0.50202624130364004
0.50202624130364004
0.50202624130364004
0.50202624130363849
0.50202624130364149
0.81829275511590738
0.15370458337973691
0.53408138541527428
0.50202624130364149
0.50202624130363849
0.52751929677831688
0.47653318582896315
0.50202624130364149
0.50202624130363849
0.50202624130363849
0.50202624130364149
0.50202624130364004
0.50202624130364004
0.50202624130364004
0.50202624130363849
0.50202624130364149
0.45009947147309021
0.55395301113418982
0.50202624130363849
0.50202624130364149
0.50202624130363849
0.50202624130363849
0.50202624130364149
0.50202624130364149
0.74445775269827741
0.76162097121264116
0.50202624130364004
0.50202624130364004
0.50202624130364004
0.50202624130363849
0.50202624130364149
0.50202624130364149
0.50202624130363849
0.50202624130363849
0.50202624130364149
0.50202624130363849
0.50202624130363849
0.50202624130364149
0.50202624130364149
0.50202624130363849
0.56967373404418864
0.43437874856309139
0.50202624130364004
0.50202624130364004
0.50202624130364004
0.50202624130363849
0.50202624130364149
0.50202624130364149
0.50202624130363849
0.50202624130363849
0.50202624130364149
0.61009016997844701
0.39396231262883008
0.50202624130364149
0.50202624130364149
0.50202624130363849
0.50202624130363849
0.50202624130364149
0.57039111767888662
0.43366136492839341
0.50202624130364004
0.50202624130363849
0.50202624130364149
0.50202624130364149
0.50202624130363849
0.50202624130363849
0.50202624130364149
0.50202624130363849
0.50202624130363849
0.50202624130364149
0.50202624130364149
0.50202624130363849
0.50202624130363849
0.50202624130364149
0.50202624130364004
0.35197356157951204
0.6520789210277681
0.5547013934941043
0.44935108911317562
0.50202624130364149
0.50202624130363849
0.50202624130363849
0.66213715874548351
0.34191532386179663
0.50202624130363849
0.50202624130364149
0.50202624130364149
0.7254005946419515
0.78067812926896707
0.50202624130364004
0.50202624130364004
0.50202624130364004
0.50202624130363849
0.43005443709435759
0.57399804551292533
0.50202624130363849
0.50202624130363849
0.50202624130364149
0.50202624130363849
0.50202624130363849
0.50202624130364149
0.50202624130364149
0.50202624130363849
0.50202624130363849
0.50202624130364149
0.65219875337806654
0.65219875337809796
0.65219875337216981
0.65219875337216981
0.048293095940262327
0.51612797798078702
0.56442107391855278
0.63684909165129777
0.49199305619089695
0.69550200315342592
0.69550200315223409
0.69550200314961497
0.69550200315221833
0.56442107392136787
0.56442107392375174
0.56442107392236773
0.56442107392114838
0.32831261626661534
0.97608489050553393
0.65219875337994848
0.65219875337994848
0.59738684980323098
0.59738684980585
0.84658235337204801
0.34819134623889914
0.55645725978452987
0.55645725978109928
0.55645725978431038
0.55645725978690586
0.61861082666838141
0.61861082666845979
0.61861082667114153
0.61861082667105538
0.55645725979154015
0.55645725979414351
0.29092310945486188
0.82199141012225108
0.59738684981366008
0.59738684981104884
0.59738684981184087
0.59738684981627121
0.55082121716972754
0.55082121716895127
0.55082121716982457
0.55082121716972754
0.55016035371332961
0.55016035371294392
0.55016035371844474
0.55016035371815453
0.5511820315940742
0.5511820315940742
0.55118203159423595
0.55118203159413992
0.55016035371771932
0.55016035371743066
0.55016035372282857
0.55016035372244332
0.55082121716127452
0.55082121716127452
0.55082121716127452
0.55082121716127452
0.5591852595031136
0.5591852595007063
0.55918525949412734
0.55918525949651887
0.55125892377380081
0.55125892377380081
0.55125892377380081
0.55125892377414187
0.73593218352580347
0.39100729035539217
0.56346973693863545
0.56346973693806701
0.55125892377970143
0.5512589237800426
0.55125892377483587
0.55125892377493191
0.50944588819854875
0.60892463079196413
0.55918525949128473
0.5591852594927158
0.55857520197123545
0.55857520196906341
0.55857520196693833
0.36583891615059227
0.19273628581910626
0.55117831091186709
0.55117831091201797
0.55117831090671321
0.55117831090698377
0.56257636643215692
0.56257636643140407
0.5625763664358816
0.56257636643663433
0.55117831090731906
0.55117831090749547
0.55117831090792668
0.55117831090798353
0.55857520198534227
0.55857520198316235
0.55857520198102939
0.5585752019832172
0.55328022157680457
0.55328022158191914
0.55328022158578694
0.55328022158579082
0.19547259597921987
0.35500924280988194
0.55048183879092594
0.5504818387908299
0.5504818387921413
0.55480351995950372
0.55480351995950372
0.55480351995950372
0.55480351995950372
0.47676825106621157
0.62419542650943038
0.550481838792653
0.55048183879274126
0.55328022157897272
0.5532802215828424
0.55328022157385615
0.55328022157376211
0.63584525761250066
0.63584525760646271
0.63584525760040911
0.63584525760646271
0.56198390608604187
0.5619839060866143
0.5619839060866143
0.47492622903705284
0.087057677048474794
0.67279131132953196
0.67279131132953196
0.67279131132953196
0.67279131133378201
0.80215179793519487
0.32181601425549267
0.56198390608988413
0.56198390608879423
0.63584525760646271
0.54908376421908389
0.72260675099382587
0.63584525760646271
0.56694911997293196
0.53400356166648411
0.50329147242196692
0.59766120921443888
0.55011536482014611
0.55011536481819212
0.55011536482589019
0.55011536483374879
0.55067350730256504
0.3961962516096536
0.70515076301033097
0.55067350730266107
0.55011536483003465
0.55011536482737977
0.55011536481507961
0.55011536481235512
0.55047634082632957
0.55047634082200014
0.55047634081571428
0.55047634081946339
0.58175944685031289
0.5817594468542493
0.58175944684385938
0.58175944684382797
0.5542951590361882
0.55429515903554127
0.55429515904607241
0.55429515904597437
0.59623381841777956
0.59623381841773249
0.59623381841073009
0.59623381841073009
0.55429515903814464
0.55429515903813686
0.55429515902706472
0.55429515902641779
0.58175944684315362
0.58175944684313796
0.58175944685358272
0.58175944685355918
0.56198843632512618
0.56648349180612301
0.55749338084138877
0.56198843633387718
0.55163031373234328
0.55163031373224525
0.55163031372192006
0.55163031372221605
0.29343979645854168
0.8416983613045812
0.56756907889213659
0.56756907889218755
0.55163031373521521
0.55163031373570137
0.55163031372557614
0.55163031372339821
0.56198843631907258
0.56198843632075068
0.56198843633121898
0.56198843632949391
0.55238070239053494
0.55238070239544368
0.55238070240035042
0.55238070239524961
0.55036409325389557
0.55036409324797575
0.55036409323240465
0.55036409323875524
0.5534796360372729
0.5534796360372729
0.55347963602801409
0.55347963602791805
0.32399851172141769
0.77672967477687205
0.52589491059725435
0.020054085033195598
0.55477919087694028
0.55238070241810733
0.55238070241319859
0.5523807024028734
0.40553947942417073
0.56666266114911057
0.56666266114905572
0.56666266113868147
0.5485839003030375
0.018078760838202864
0.55225316558600634
0.55225316558610438
0.55225316558600634
0.55225316557614579
0.57438444424629342
0.57438444424629342
0.5743844442358722
0.57438444423586432
0.55225316559736271
0.55225316559792137
0.55225316559829585
0.55225316559838988
0.56666266114364128
0.5666626611435942
0.56666266114364128
0.5666626611435942
0.36830334663900893
0.98124652888493746
0.67477493776647812
0.67477493776654085
0.5678692841629509
0.56786928416131599
0.56786928416131599
0.56786928416131599
0.5812641938359896
0.58126419383242167
0.58126419383712657
0.5812641938479477
0.58126419385037853
0.56786928417708515
0.56786928418750637
0.56786928418616944
0.37964971320332214
0.010671307161626615
0.1775482638169685
0.54708309099881758
0.56762131310376018
0.67477493772645547
0.67477493772645547
0.74399191196700398
0.53873812165028634
0.64136501680864511
0.64136501680866076
0.56280077399757245
0.56280077399766659
0.56280077399757245
0.56280077399878781
0.68047672017405625
0.68047672017407201
0.68047672017405625
0.68047672016935146
0.56280077399986994
0.56280077400099127
0.56280077400212047
0.56280077399169925
0.64136501677742053
0.64136501679197422
0.64136501678152946
0.64136501676694435
0.5270628895686581
0.52706288956865199
0.5270628895686521
0.5270628895686581
0.5270628895686521
0.5270628895686581
0.52706288956865199
0.43146268487679107
0.62266309426051902
0.5270628895686581
0.5270628895686521
0.5270628895686581
0.5270628895686581
0.5270628895686521
0.52706288956865199
0.5270628895686581
0.52706288956366476
0.52706288956365877
0.52706288956365877
0.52706288956366476
0.52706288956365877
0.52706288956366476
0.52706288956365877
0.52706288956366476
0.52706288956365877
0.52706288956366476
0.52706288956365877
0.52706288956366476
0.52706288956366476
0.61751675769695769
0.43660902143035973
0.52706288956366476
0.52706288956366476
0.52706288956365877
0.52706288956365877
0.52706288956366476
0.52706288956365877
0.52706288956366476
0.52706288956365877
0.52706288956366476
0.52706288956365877
0.52706288956366476
0.52706288956365877
0.57092881955498986
0.4831969595723396
0.67238746007807937
0.38173831904923816
0.52706288956366476
0.52706288956366476
0.52706288956365877
0.52706288956365877
0.52706288956366476
0.52706288956365877
0.52706288956366476
0.52706288956365877
0.4521826099283866
0.60194316919893698
0.52706288956366476
0.52706288956365877
0.52706288956366476
0.52706288956366476
0.52706288956365877
0.52319560654438668
0.53093017258293684
0.52706288956366476
0.52706288956365877
0.52706288956365877
0.52706288956366476
0.52706288956365877
0.52706288956366476
0.52706288956365877
0.52706288956366476
0.52706288956365877
0.52706288956366476
0.48848149032985722
0.56564428879746631
0.52706288956366476
0.52706288956365877
0.52706288956365877
0.52706288956366476
0.52706288957365144
0.52706288957364544
0.52706288957364544
0.52706288957365144
0.52706288957364544
0.52706288957365144
0.52706288957364544
0.52706288957365144
0.3605106255118341
0.69361515363546278
0.52706288957364544
0.52706288957365144
0.52706288957365144
0.52706288957364544
0.52799387440332635
0.52613190474397054
0.52706288957365144
0.52706288957364544
0.52706288957364544
0.52706288957365144
0.52706288957364544
0.52706288957365144
0.52706288957364544
0.52706288957365144
0.52706288957364544
0.52706288957365144
0.52706288957364544
0.52706288957365144
0.52706288957365144
0.52706288957364544
0.52706288957364544
0.52706288957365144
0.52706288957365144
0.52706288957364544
0.52706288957364544
0.52706288957365144
0.52706288957364544
0.52706288957365144
0.36633981035229773
0.15370458337973092
0.53408138541526828
0.52706288957364544
0.52706288957365144
0.47744600023830608
0.57667977890899103
0.52706288957365144
0.52706288957364544
0.52706288957364544
0.52706288957365144
0.52706288957365144
0.52706288957364544
0.52706288957364544
0.52706288957365144
0.52706288957364544
0.525209416283132
0.52891636286416488
0.52706288957365144
0.52706288957364544
0.52706288957365144
0.52706288957364544
0.52706288957365144
0.52706288957365144
0.61927451134823963
0.4348512677990512
0.52706288957365144
0.52706288957365144
0.52706288957364544
0.52706288957364544
0.52706288957365144
0.52706288957364544
0.52706288957365144
0.52706288957364544
0.52706288957365144
0.52706288957364544
0.52706288957365144
0.52706288957364544
0.52706288957365144
0.52706288957365144
0.52706288957364544
0.41945384442414391
0.63467193472315298
0.52706288957365144
0.52706288957364544
0.52706288957364544
0.52706288957365144
0.52706288957364544
0.52706288957365144
0.52706288957364544
0.52706288957365144
0.52706288957364544
0.58505352170844604
0.46907225743885089
0.52706288957365144
0.52706288957365144
0.52706288957364544
0.52706288957364544
0.52706288957365144
0.7706843038389648
0.81050436488197763
0.52706288957365144
0.52706288957364544
0.52706288957365144
0.52706288957364544
0.52706288957365144
0.52706288957364544
0.52706288957365144
0.52706288957364544
0.52706288957365144
0.52706288957365144
0.52706288957364544
0.52706288957364544
0.52706288957365144
0.52706288957365144
0.52723009946957566
0.52689567967771522
0.67988463484416017
0.37424114430313682
0.52706288957365144
0.52706288957364544
0.52706288957365144
0.66213715874549262
0.39198862040180449
0.52706288957364544
0.52706288957365144
0.52706288957365144
0.60021735329191983
0.45390842585537106
0.52706288957365144
0.52706288957365144
0.52706288957364544
0.52706288957364544
0.52706288957365144
0.53020103017438847
0.52392474897290853
0.52706288957364544
0.52706288957365144
0.52706288957364544
0.52706288957365144
0.52706288957364544
0.52706288957365144
0.52706288957365144
0.52706288957364544
0.52706288957364544
0.52706288957365144
0.64961183644477227
0.64961183644481935
0.64961183643617804
0.64961183643616238
0.58997307773522623
0.58997307773497731
0.58997307773454599
0.5899730777343225
0.58997307773400687
0.69242371809874159
0.69242371810127445
0.69242371810222325
0.69242371810478742
0.10790788568501143
0.26240832109008194
0.50729922997117316
0.50729922997773647
0.50729922997656807
0.50729922997336874
0.50729922997772858
0.68908977942869998
0.32550868052677878
0.66051289988118089
0.66051289987719741
0.66051289987719741
0.6605128998785148
0.66051289987983219
0.56983745646814343
0.569837456472017
0.56983745646516359
0.56983745645955697
0.56983745646386985
0.56983745646812767
0.56983745647203277
0.56983745645478945
0.67597453007168051
0.46370038284871168
0.36381942448661514
0.92511521498556293
0.64446731973699178
0.64446731973696825
0.64446731973608806
0.48469870821978067
0.8042359312523979
0.64446731973699378
0.67068445186821346
0.67068445186676284
0.67068445186603354
0.67068445186851933
0.67068445186851933
0.67068445186822911
0.67068445186821346
0.67068445186821346
0.6536013545306909
0.65360135452993029
0.65360135452339052
0.65360135452270041
0.59834197405137646
0.5983419740508118
0.59834197404911804
0.59834197404911804
0.59834197404911804
0.59834197404913381
0.59834197405137646
0.59834197405137646
0.59834197405024725
0.59834197405024725
0.42314733704256668
0.56868757989359631
0.56868757989408247
0.56868757989369834
0.56868757989311802
0.59720074847040205
0.50519002099668553
0.6892114759597544
0.59720074847960791
0.59720074848880589
0.77830630784997112
0.41609518912855409
0.59720074848478322
0.56387987686120777
0.56387987688503793
0.56387987687566743
0.70095542831968083
0.42680432542283231
0.56387987686862973
0.56387987687151142
0.56387987688309715
0.55397706832932947
0.70194887930719452
0.62796297381666866
0.62796297381633492
0.62796297381943522
0.36728798673899038
0.88863796089912372
0.62796297381969013
0.74907929213569724
0.65253263923702065
0.25826964102073907
0.58735630401769001
0.74907929213902391
0.74907929213901414
0.68121076031760575
0.68121076031688432
0.68121076031690009
0.68121076031653938
0.68121076031690009
0.68577233261137183
0.68577233261138748
0.6857723326097408
0.6857723326097408
0.62043724636400421
0.62043724636736042
0.62043724637071651
0.92026632721015789
0.32060816550678639
0.62192796728370148
0.62192796728370936
0.34475238070866066
0.89910355386376095
0.62192796728752031
0.6219279672863206
0.62192796728633626
0.62192796729134692
0.47723374133277541
0.7666221932436923
0.73953941162346748
0.73953941163544923
0.73953941163626469
0.73953941163097958
0.73953941164324355
0.73953941161617498
0.73953941159434444
0.73953941160607517
0.73953941162298131
0.73953941162337344
0.57435074404049435
0.57435074402767361
0.57435074401496267
0.4424280703647962
0.70627341768542284
0.63558374034069176
0.63558374034069176
0.38033967126501378
0.89082780940526229
0.63558374033381482
0.63558374033383047
0.63558374033396381
0.63558374033263076
0.69978848111505876
0.69978848110950109
0.69978848111218095
0.69978848111330816
0.69978848110755842
0.69978848111043035
0.69978848111136638
0.69978848110755842
0.62950243051147903
0.62950243051160448
0.62950243051270227
0.62950243051270227
0.62950243051401966
0.62950243051587029
0.62950243051390986
0.62950243051328258
0.62950243051599575
0.62950243051436472
0.56591024451009897
0.5659102445097226
0.56591024450914229
0.56591024450951877
0.56591024451068705
0.5659102445097226
0.64742533161526872
0.48439515740387851
0.65333145289691485
0.65333145289691485
0.65333145289834194
0.6533314528983577
0.65333145289866346
0.69329511392147092
0.82894551406176031
0.43775373071504503
0.56664664000677845
0.6137323770911628
0.51956090292273116
0.56664664000735088
0.56664664000713127
0.56664664000667653
0.56664664000644127
0.56664664000667653
0.56664664000437115
0.5666466400043868
0.88076617343713171
0.34806572917476752
0.61441595132406335
0.61441595132067583
0.73787914990486103
0.4909527527352438
0.61441595132080129
0.61441595131906046
0.61441595131012128
0.61441595130842752
0.67861418952461539
0.72455615653508132
0.63267222252314359
0.67861418953157071
0.67861418953424457
0.91551104241678594
0.44171733664594964
0.67861418951562125
0.5190404700100919
0.51904047001015408
0.51904047001039566
0.51904047001068288
0.57824159028231326
0.57824159029372257
0.57824159028966848
0.57824159028435984
0.75256094096924475
0.40392223958998286
0.57824159027089617
0.57824159027421307
0.578241590276244
0.57824159027089617
0.56288814784433683
0.58721521683925149
0.58721521684206657
0.58721521684716349
0.5872152168448973
0.58721521683924371
0.58721521683863209
0.58721521684035716
0.58721521683922795
0.5872152168414706
0.53597980780119836
0.76638829423956878
0.76638829423945898
0.7663882942393806
0.76638829423422095
0.66727811365885303
0.66727811365502643
0.66727811365659473
0.66727811365973122
0.6672781136583511
0.66727811365816292
0.66727811366092316
0.66727811365954304
0.57282983010495414
0.7454185443431468
0.41562688883457982
0.73469496067994355
0.73469496068505613
0.73469496069302309
0.73469496069821405
0.62872901826599359
0.62872901826457428
0.62872901826655425
0.62872901826801275
0.62872901826911054
0.62872901826546423
0.62872901826437433
0.628729018268397
0.62872901827056116
0.6287290182694516
0.58291572045040541
0.5829157204502956
0.58291572044793527
0.58291572044802942
0.58291572045052298
0.58291572045278128
0.58291572045279705
0.58291572045039752
0.58291572045042894
0.58291572045040541
0.61921745094904035
0.61921745095123604
0.88520499772860861
0.35322990417578454
0.61921745094766034
0.61921745095029501
0.61921745095076552
0.61921745094811509
0.52103281520438216
0.51006278558440399
0.51554780038714965
0.51554780038711823
0.51554780037592063
0.51554780037595205
0.51554780038714965
0.51554780038711823
0.68502367305735123
0.6850236730570376
0.68502367304472656
0.68502367304433442
0.68502367305625345
0.68502367306817247
0.68502367305625345
0.68502367305584566
0.68502367306823519
0.68502367305623779
0.58329171673378044
0.5832917167356938
0.58329171673663471
0.58329171673378832
0.5832917167356938
0.58329171673359226
0.58329171673167901
0.5626970799420683
0.6038863535269825
0.58329171673093405
0.49478479616962556
0.49478479616987647
0.49478479616764953
0.49478479616763382
0.49478479616975102
0.49478479616739074
0.49478479616577542
0.49478479616655169
0.66068439910539012
0.66068439910393162
0.66068439910249666
0.66068439910270049
0.59466706686004034
0.59466706686131066
0.59466706686061666
0.54836360034782883
0.64097053337488663
0.59466706686051085
0.59466706685913073
0.59466706685833881
0.58221613649674264
0.58202461532242433
0.58240765766242752
0.58221613647132853
0.58221613648193016
0.50122887791327075
0.50122887791505855
0.30592313353528877
0.69653462229216223
0.50122887791505855
0.50122887791481552
0.50122887791327075
0.50122887791350601
0.64637833892266516
0.64637833891732521
0.64637833893558005
0.64637833892534691
0.64637833891518448
0.65091915974660219
0.65091915975276549
0.50978357745174996
0.79205474203393844
0.65843532050313702
0.6584353205008473
0.65843532049815778
0.65843532049500553
0.510965015860115
0.51096501586260079
0.51096501586506293
0.51096501586206755
0.51096501585761356
0.51096501585312826
0.51096501585562182
0.51096501586060905
0.56871537976018749
0.56871537975888187
0.56871537975626285
0.56871537975888586
0.56871537976150488
0.568715379761497
0.56871537976280262
0.56871537976279873
0.81385471543046484
0.32357604409179014
0.56084577408136504
0.56084577408893987
0.56084577408676772
0.56084577408141989
0.56084577408890846
0.35615512499764995
0.76553642318111181
0.56084577409109626
0.59629162392582724
0.59629162392694068
0.5962916239229259
0.59629162392415702
0.59629162393006163
0.59629162392594481
0.59629162392213386
0.59629162392339641
0.6405912421082256
0.64059124210820995
0.64059124210817853
0.64059124210819429
0.64059124210955865
0.64059124210954299
0.64059124210819429
0.64059124210819429
0.61294439948441559
0.61294439948502721
0.61294439948316093
0.61294439948160839
0.61294439948303547
0.69931794027121441
0.38328365911070084
0.54130079969493716
0.54130079969243572
0.54130079969538025
0.54130079969747391
0.54130079969242795
0.41405062696565048
0.5726024431097595
0.5726024431097595
0.72706755278012281
0.41813733344174853
0.57260244311054365
0.5726024431107789
0.5726024431097595
0.5726024431097595
0.74742994224918802
0.72321518607942759
0.77164469838416372
0.74742994221316439
0.74742994220424874
0.747429942223374
0.74742994223376391
0.74742994223485382
0.46382607380499036
1.0310338106366097
0.52845097113618233
0.66205306152980004
0.66205306153723764
0.66205306153579091
0.47466831896844042
0.3302378270529468
0.6580515000288143
0.65805150002434476
0.65805150002208634
0.28218155562451774
0.77801533854172633
0.53009844708330245
0.53009844708330045
0.39253216918056316
0.66766472498597107
0.53009844708343179
0.53009844708379639
0.75615598297659681
0.7561559829765655
0.7561559829765655
0.75615598297662823
0.75615598297847875
0.65720028759921856
0.65720028760141413
0.5012007947494137
0.81319978046945829
0.6572002876125177
0.57007110156857455
0.57007110156659857
0.57007110156633978
0.57007110156585361
0.57007110156412066
0.50141061132339471
0.63873159180654038
0.57007110156462248
0.68946949907574395
0.68946949908004107
0.81658019134427784
0.5623588068082217
0.68946949906804367
0.68946949906459343
0.6894694990787551
0.6894694990830208
0.61439134681061858
0.61439134680606666
0.61439134680483165
0.59050032309264622
0.6382823705240861
0.61439134680606278
0.61439134680318097
0.61439134680774077
0.61439134680938357
0.614391346807729
0.5653683943580613
0.5653683943568929
0.56536839435792796
0.56536839436014708
0.56536839435881403
0.56536839435881403
0.56536839435763786
0.56536839435793584
0.56536839435733988
0.56536839435600683
0.68951742656869175
0.68951742657132653
0.68951742657000914
0.68951742656739012
0.5755306700574323
0.5755306700574323
0.57553067006288483
0.57553067006014647
0.57553067005742009
0.57553067006015846
0.57553067006015857
0.57553067006014658
0.57553067006015857
0.57553067006015857
0.58747030470220751
0.58747030470544603
0.58747030470333284
0.58747030470149786
0.58747030470504613
0.53334505898102613
0.53334505898061046
0.53334505898021056
0.53334505898035955
0.53334505898155926
0.5333450589816926
0.53334505898075169
0.53334505898130058
0.63976248303402838
0.48379875597009153
0.7957262101012782
0.63976248302673577
0.63976248302677508
0.64336468940014435
0.64336468940033253
0.90693359475117019
0.37979578406728715
0.57508495375172419
0.56292178379740143
0.58724812370371016
0.57508495375664859
0.57508495375177116
0.57508495374934032
0.57508495375177116
0.36544910168491573
0.66457955610822483
0.66457955610822483
0.66457955611001263
0.66457955611081254
0.66457955610856989
0.66457955610643693
0.66457955610822483
0.61323871027016796
0.75736920138425567
0.54252351238845309
1.188578438272617
0.5410056535014437
0.75736920138325192
0.56117264482502782
0.7607165043766495
0.76071650435803395
0.76071650435419158
0.76071650436193894
0.65936323263742769
0.65936323263926255
0.65936323263780405
0.6593632326363299
0.65936323263705132
0.87810804160644262
0.44061842366816184
0.65936323263745122
0.70650250550533533
0.70650250550732707
0.70650250550583715
0.70650250549520421
0.70650250548657867
0.65381700431133272
0.6538170043101722
0.80356903957903703
0.50406496903070563
0.65381700430899592
0.65381700430841572
0.65381700430836864
0.65381700430781975
0.69831585472039648
0.69831585472012991
0.69831585472089841
0.69831585471007718
0.69831585471086133
0.69831585472408197
0.69831585472384672
0.69831585471299418
0.69831585471380975
0.69831585471460955
0.56628894892521586
0.56628894892786619
0.56628894892652148
0.56628894892788195
0.69860751810335919
0.6952222339680304
0.65839566413084094
0.68407513873017178
0.68407513872723913
0.94107744437280694
0.42707283307770749
0.68407513872725478
0.68407513872146786
0.68407513872430648
0.57695345911170592
0.57695345910651497
0.57695345910303331
0.57695345910820084
0.57695345911338403
0.57695345910820084
0.57695345910820872
0.57695345910820084
0.57695345910302553
0.57695345910471141
0.54234193161975075
0.5423419316204251
0.54234193162166022
0.54234193162166022
0.54234193162166799
0.54234193162166022
0.54234193162166799
0.54234193162099364
0.27710210605883606
0.52711928507901118
0.40448031240528109
0.26918107683530995
0.12167635780643396
0.1965318380645435
0.58948827014067007
0.52711928506983674
0.52711928506724903
0.52711928508260253
0.57720211643746633
0.5772021164427672
0.57720211644600572
0.57720211643863473
0.57720211643307517
0.57720211642765284
0.57720211643781139
0.57720211644295927
0.48756504987211347
0.48756504987174298
0.48756504987196353
0.48756504987195864
0.48756504987159988
0.48756504987239185
0.48756504987216448
0.48756504987138916
0.53043314481902692
0.53043314481753701
0.53043314481289494
0.5304331448187446
0.53043314482575488
0.5304331448316203
0.53043314482951875
0.5226713879747551
0.2548648423028872
0.91869721985108033
0.67330883032576117
0.67330883030866684
0.67330883029005129
0.78130878593290809
0.56530887462904167
0.67330883028823207
0.67330883029271738
0.67330883029703026
0.5455304022682298
0.72697206459176544
0.72697206459011876
0.72697206459529407
0.72697206459352581
0.56349089466965996
0.8904532345270445
0.74619223568596882
0.70775189350287848
0.72697206459516861
0.32930136562954032
0.57183598239001399
0.56663553907720288
0.47743176300924767
0.538634428149383
0.5386344281528489
0.53863442815072393
0.538634428149383
0.74647021453772855
0.74647021454172768
0.51907201911840506
0.9738684099911622
0.74647021455935514
0.61933948834587094
0.65631830520006651
0.65631830519900003
0.60058461742596414
0.42978576355130482
0.42978576354965814
0.42978576355744075
0.4297857635593697
0.31362334909735201
0.85387272281949056
0.58374803595844094
0.58374803596145985
0.58374803596234592
0.6534798471235953
0.65347984713378915
0.65347984712972729
0.65347984711931384
0.65347984711537754
0.70190893676693944
0.70190893677139343
0.70190893676767663
0.70190893676395971
0.69507350804976598
0.70874436548604192
0.70190893676891553
0.70190893677013877
0.61948567770086993
0.78433219583887437
0.41801029863185946
0.69531609807498096
0.60467595333040935
0.60467595331549495
0.60467595330589707
0.60467595330056489
0.60467595330776336
0.60467595330776336
0.56914280637107284
0.56914280637107673
0.56914280637241765
0.56914280637153547
0.56914280637155901
0.61939228324505657
0.61939228325358808
0.61939228326020623
0.64766258399057097
0.59112198251790682
0.6193922832547486
0.64310831947007652
0.59567624702270272
0.61939228322369644
0.61939228323536455
0.3289619574895235
0.62086119505296977
0.62086119505775295
0.6208611950596663
0.62086119505870963
0.62989484353598779
0.56209125855076647
0.6976984285205583
0.86396086972849062
0.39582881734865638
0.62989484353949288
0.62989484353657588
0.62989484353089087
0.62989484353598779
0.62989484353307079
0.86880113851273688
0.49623465354393415
0.68251789602732404
0.68251789602166246
0.68251789602163115
0.55117016936958407
0.33572519161192632
0.76661514712216849
0.55117016937031338
0.55117016937602192
0.5511701693776373
0.55117016937281482
0.55117016936796093
0.39923446974963966
0.83360902133493131
0.61642174554699325
0.61642174553574869
0.61642174553570162
0.8238492110924619
0.45682960685594165
0.64033940896975372
0.64033940895708197
0.64033940897415276
0.64033940896756991
0.64033940897866548
0.64033940897796371
0.69501780470922714
0.69501780470831753
0.69501780470646701
0.69501780470872532
0.69501780470925856
0.68651710202223659
0.68651710202258165
0.66743414416821079
0.70560005988675423
0.56730709288995096
0.56730709288752013
0.29192557348431192
0.14617753500967431
0.1656593052075053
0.25969897800978514
0.8384598869719293
0.42967780345531781
0.70493638232374511
0.56730709289065673
0.56730709289805903
0.56730709289802772
0.66186978674309505
0.66186978674312635
0.66186978674769015
0.66186978674675701
0.66186978674676478
0.60283026281273144
0.60283026281142982
0.60283026280964203
0.60283026281097496
0.60283026281050456
0.60283026280518015
0.60283026280696017
0.602830262812308
0.60283026281186891
0.60283026280827756
0.58842522084610804
0.65602177021152863
0.52082867147920531
0.58842522084475146
0.58842522084340276
0.57434798262471209
0.57434798264555664
0.57434798265522702
0.57434798264891085
0.57434798265077902
0.40916157185810637
0.73953439342575067
0.78823304501879443
0.3604629203181775
0.57434798265939679
0.95327442810761476
0.1061233116113042
0.3700318889524325
0.71471481433221984
0.71471481432735817
0.71471481433209438
0.7147148143369404
0.71471481434170803
0.48998185951267142
0.1796959976472659
0.75975177149753237
0.71471481432735817
0.59976696590219991
0.59976696590510914
0.59976696590570511
0.72563679118733271
0.47389714062359123
0.59976696590753209
0.59976696590755563
0.7137518470113603
0.48578208479261614
0.59976696590294487
0.68964911304148269
0.68964911303963217
0.68964911304854004
0.71801333078055896
0.66128489534068835
0.57951542950453494
0.57951542950423995
0.57951542950394441
0.33363539659871166
0.82539546241017947
0.57951542950366119
0.57951542950364798
0.5795154295009044
0.57951542950092894
0.5795154295009044
0.67767236321976587
0.67767236322597635
0.67767236323232005
0.67767236322868163
0.6776723632224908
0.67767236322750146
0.6776723632361662
0.67767236323018321
0.67767236322269075
0.67767236323145752
0.51771668670660409
0.3007694793878819
0.7346638940144169
0.51771668670111504
0.51771668671091686
0.51771668672052262
0.5177166867108286
0.51771668670093673
0.67170521819631546
0.67170521819631546
0.67170521819709961
0.82498369178794217
0.51842674460809979
0.53077571372000643
0.53077571373145493
0.53077571372791843
0.53077571372110421
0.34045798540870092
0.72109344203901227
0.53077571370773458
0.34208137478322875
0.40896381270250159
0.58568032816100546
0.58568032815695925
0.58568032815317184
0.58568032815695925
0.58568032815695925
0.58568032815314042
0.58568032815339144
0.47937298335379247
0.51902241864235255
0.92979072971061372
0.6427287105640056
0.64272871056251568
0.64272871056696179
0.37008500428037011
0.91537241686787196
0.57794915444915906
0.57794915445726713
0.57794915446546924
0.57794915444868467
0.57794915444281136
0.38895002883988061
1.0093222147416543
0.69913612179471962
0.69913612179705631
0.54541738844718679
0.54541738844041965
0.54541738844230159
0.54541738845179755
0.815749410858155
0.27508536604829648
0.54541738844434828
0.54541738843756538
0.77046142594397593
0.77046142593817324
0.98629125220692637
0.55463159968133913
0.77046142595432665
0.64166921839935787
0.64166921839934998
0.64166921840014979
0.64166921840014979
0.64166921839867563
0.51107641506127499
0.51107641506127299
0.5110764150576993
0.51107641505890689
0.71821225515750031
0.30394057496606897
0.5110764150613083
0.51107641506131807
0.73539948842720115
0.7353994884262367
0.73539948842528002
0.7353994884262367
0.73539948842386071
0.7353994884262367
0.73539948842527214
0.73539948842383718
1.0126949274396864
0.45810404940796456
0.59102412661833559
0.59102412662039394
0.59102412661751613
0.59102412661637915
0.59102412661798664
0.66544215332949597
0.66544215332662604
0.66544215332987233
0.66544215333184842
0.37452254341993568
0.64897544760700476
0.64897544760938075
0.64897544760874948
0.5708967149893418
0.69885982542445302
0.44293360454538555
0.57089671499149042
0.36254608741603894
0.77924734259312434
0.57089671499922201
0.57089671499283912
0.75913418172264735
0.75913418172465474
0.75913418172763447
0.75913418173161795
0.75913418173161795
0.69354654273184835
0.69354654273291483
0.6935465427336206
0.69354654273253846
0.69354654273239724
0.6935465427334323
0.6935465427345302
0.69354654273380878
0.5910688166894108
0.7682988433012613
0.76829884330126474
0.76829884330127063
0.76829884330133968
0.69745884860399665
0.69745884860656082
0.6974588486065687
0.69745884860544738
0.6974588486065687
0.64832758176087235
0.65002652291902885
0.64917705233993883
0.6491770523399466
0.71317212523921014
0.71317212523946105
0.71317212524149975
0.71317212524291129
0.8847136676424493
0.54163058283693544
0.71317212523713991
0.71317212524407181
0.71317212524564011
0.71317212524149975
0.56145325153179082
0.56145325152869352
0.56145325153177517
0.57294947811199726
0.54995702495228238
0.56145325152681158
0.56145325152992465
0.56145325153114789
0.56145325152558045
0.56145325152435721
0.47845247540559321
0.72217479489797842
0.60031363515128389
0.60031363514143898
0.60031363514827285
0.6003136351448618
0.60031363514146652
0.60031363514859437
0.70138737393240125
0.70138737392608885
0.70138737391951389
0.70138737391903949
0.39564411786271358
1.0071306299908394
0.70138737392502248
1.0111530570652643
0.39162169078914533
0.70138737393133876
0.48227254712620604
0.85033599816048955
0.66630427264815462
0.6663042726655547
0.66630427265892878
0.73917935655509259
0.7391793565473217
0.73917935653893918
0.73917935654433409
0.73917935654313438
0.7557827077523549
0.75578270775615009
0.75578270775530321
0.75578270775996104
0.60310148695092358
0.60658309776448027
0.6065830977644725
0.60658309776422148
0.89778736701271322
0.31537882851571614
0.36854287100838512
0.84462332452568023
0.60658309776422148
0.60658309776472341
0.60658309776525665
0.64234221563785465
0.64234221564266536
0.64234221564162253
0.64234221564059324
0.64234221563917204
0.65184821582898034
0.65184821582499686
0.59027677536152012
0.713419656297405
0.65184821583203845
0.5544823481203861
0.5544823481203861
0.55448234812292663
0.55448234812292663
0.55448234812292663
0.5544823481203861
0.55448234812028807
0.28232628333444665
0.57229377468037246
0.57229377468217602
0.57229377468296805
0.55976289417072089
0.58482465519081617
0.57229377468038034
0.57229377468019216
0.57229377468100762
0.57229377468118015
0.57229377468039599
0.69135958536803266
0.6913595853682365
0.69135958536884023
0.69135958536974207
0.69135958536996156
0.69135958537039288
0.69135958536995379
0.69135958536876974
0.65310445784707338
0.65310445785467175
0.78112151646920602
0.52508739925057435
0.65310445786451266
0.56492774344641072
0.56492774344380736
0.564927743441204
0.564927743441204
0.564927743441204
0.56492774344641072
0.56492774344901409
0.56492774344641072
0.67924480447259705
0.67924480447374191
0.67924480447573365
0.67924480447259705
0.67293794582736899
0.26492166976576503
0.87418256859442212
0.60401406138079261
0.60401406138508973
0.41374111155127258
0.79428701122016143
0.60401406137738944
0.6040140613899827
0.60401406139576186
0.54984166687345437
0.54984166687538338
0.54984166687539904
0.54984166686852998
0.54984166686852998
0.54984166687345437
0.54984166687345437
0.54984166687153324
0.66933492031784092
0.66933492031831043
0.66933492031858488
0.66933492031905728
0.65179739916423785
0.60941238493931604
0.69418241338608278
0.65179739916115809
0.65179739916445734
0.65179739916423196
0.55488575028222786
0.7487090480460713
0.65179739916423196
0.65179739916424473
0.63723826290416508
0.62515877039128431
0.64931775541603243
0.68506160337410416
0.73800342611721348
0.4886497592191586
0.62316148864508136
0.65131503716077299
0.58112173654561738
0.58112173654011667
0.58112173655693655
0.58112173657375632
0.58112173656871624
0.61057064533185545
0.61057064533187122
0.6105706453264057
0.35662987862142953
0.39649489145960926
0.46801652058264864
0.6105706453264057
0.61057064533403538
0.61057064533952443
0.6105706453296913
0.61057064532710359
0.75782413251162573
1.0786834442610984
0.77717074863961821
0.069221964311606723
1.1062203728345976
0.53940329278399901
0.53940329278355981
0.53940329278374022
0.53940329278569277
0.53404788575342599
0.5447586998165167
0.53940329278430477
0.53940329278611621
0.71905922514894483
0.71905922515019949
0.7190592251493918
0.71905922514854492
0.71905922514935261
0.53053280530200042
0.53053280530262381
0.53053280530224545
0.53053280530187497
0.5305328053019337
0.53053280530168279
0.53053280530106928
0.53053280530044389
0.63390256588697347
0.63390256588987481
0.63390256589621075
0.60834531661567581
0.65945981517086061
0.63390256589621075
0.63390256589620286
0.63390256589577942
0.70344586485137661
0.13037891834073193
0.43398034859950324
0.61218255455144011
0.6121825545514088
0.80225975807301986
0.42210535102208963
0.49059558084445593
0.86857910641114644
0.67958734362789142
0.6795873436273111
0.67958734362201034
0.67958734362845596
0.67958734363376461
0.6795873436273111
0.60142526193899892
0.60142526193512524
0.60142526194290391
0.60142526193904589
0.47978111700041659
0.5107549222150779
0.51075492221505381
0.51075492221261298
0.51075492221263707
0.5107549222126585
0.51075492221261032
0.51075492221505647
0.5107549222150779
0.60091256822932426
0.60091256823195105
0.60091256822519967
0.60091256822610928
0.60091256823695394
0.60091256823341743
0.43151595687531946
0.77030917958502265
0.60142206457579961
0.48985873050074391
0.40447848937057945
0.30850690928422392
0.6014220645821825
0.60142206458004965
0.46163393886171034
0.83015673754090802
0.64589533820050149
0.64589533819968603
0.64589533820307354
0.64589533820555145
0.64589533820301082
0.64589533820128564
0.73534590254401322
0.73534590254247634
0.73534590254401322
0.73534590254412302
0.73534590254260179
0.61812386467150449
0.61812386467159663
0.61812386467169855
0.6181238646715006
0.61812386467155744
0.58589629877393112
0.58589629877607963
0.58589629877055927
0.58589629877145322
0.58589629877954552
0.58589629878069827
0.45646120971734339
0.71533138782940531
0.53453905211465735
0.53453905211335562
0.53453905211467301
0.53453905211464947
0.53453905211337138
0.53453905211466513
0.53453905211464947
0.53453905211337138
0.65937135249224477
0.65937135249302892
0.65937135249284073
0.65937135249205658
0.65937135249284073
0.65937135249205658
0.65937135249284073
0.65937135249360912
0.68830074072339287
0.22713951091788642
0.42290629072914132
0.66917327118764447
0.66917327118078329
0.66917327118474712
0.66917327118796988
0.6691732711870878
0.66917327119104764
0.54725349841080406
0.54725349841031012
0.54725349841445825
0.78586031760148611
0.30864667922123168
0.53908669346338078
0.55542030336292447
0.54725349841079629
0.65232079534206033
0.65232079534278964
0.65232079534442844
0.65232079534443632
0.65232079534333065
0.69917672927017349
0.69917672926275554
0.69917672926432384
0.6991767292660489
0.69917672926796226
0.7364542917715019
0.73645429177153321
0.73645429177250554
0.73645429177252131
0.73645429176711064
0.73645429176814581
0.73645429177252131
0.73645429177051391
0.73645429177051391
0.73645429176932198
0.52838694234065631
0.52838694233312855
0.45717725220899913
0.49907388129150343
0.62890969350959824
0.5283869423468941
0.52838694234754102
0.5283869423313563
0.65802170807527427
0.65802170807601923
0.65802170807295324
0.65802170807511751
0.65802170807583105
0.036104576738880172
0.50204058603595081
0.6287767519207651
0.62877675192056903
0.62877675192201188
0.76536722260811807
0.49218628123316904
0.62877675191953397
0.62877675191932225
0.60483026987428212
0.59029345811187905
0.59756186400301958
0.59756186400305122
0.597561863997632
0.59756186399235167
0.59756186398965783
0.59756186399584799
0.59756186398425915
0.5975618639906648
0.48238606794232214
0.67983125901087027
0.67983125900803165
0.67983125900803165
0.80474554556669364
0.55491697245247484
0.67983125900956853
0.67983125900931762
0.83165288762217671
0.51727225659043374
0.67446257210563476
0.67446257210720306
0.71766305491968307
0.71766305493056703
0.71766305493056703
0.71766305492918692
0.71766305492783822
0.71766305492921834
0.5747177950557486
0.86060831479333311
0.71766305490610172
0.31791617771713004
0.26846682461705618
1.1270474124406762
0.38209391692359324
0.75457066468698852
0.75457066468516931
0.75457066468291101
0.67671699766891202
0.92317683976050502
0.2467401704898273
0.86023398276647511
0.51906129192319972
0.51906129191604045
0.51906129192270178
0.51906129194374429
0.51906129191733041
0.51906129191469175
0.51906129192136874
0.51906129192350559
0.57161621208380264
0.57161621208823299
0.57161621208292046
0.5716162120767414
0.57161621208203828
0.95697545674590245
0.43260585753301195
0.69479065712431343
0.69479065712721477
0.70982231300334808
0.70982231300334808
0.7098223129973259
0.90938252610191517
0.16904381540362831
0.34121828449949043
0.70982231300935461
0.70982231300336385
0.70982231300294041
0.9594032487465336
0.46024137726934494
0.50611558312911331
0.50611558313584915
0.50611558313584126
0.50611558312911331
0.50611558312238536
0.5061155831224089
0.50611558312901916
0.50611558312909766
0.72922175190929206
0.7292217519210229
0.72922175192365757
0.72922175190805316
0.72922175190154481
0.72922175191449878
0.42175336334229174
0.30746838857444969
0.72922175190932348
0.72922175190286209
0.7292217519066887
0.66779597257422518
0.66779597255460588
0.66779597254765843
0.66779597256356082
0.66779597256617984
0.66779597256845391
0.66779597256011058
0.66779597256324719
0.86085077786921127
0.47474116725783205
0.74060499732798712
0.74060499732666973
0.74060499732444285
0.74060499732367435
0.74060499732221585
0.5275771206669535
0.5275771206690707
0.52757712067010576
0.75259608976840364
0.30255815157027699
0.32639892948858013
0.72875531184781273
0.5275771206660439
0.89446217243186421
0.30132853183026542
0.94810588278194485
0.71463219567513536
0.71463219567605274
0.55307796551787147
0.61794175501400606
0.61794175501854232
0.61794175501281023
0.61794175500587056
0.61794175500588233
0.61794175501280635
0.61794175501281023
0.33505962109634113
0.94691441740813753
0.64098701925334689
0.64098701925586399
0.64098701925847523
0.64098701927197421
0.64098701927449531
0.41592154767612055
0.27931150387887932
0.5867409869730883
0.64098701926109425
0.71208145130323575
0.71208145130320433
0.7120814513040199
0.71208145130486677
0.71208145130403555
0.71208145130484324
0.71208145130486677
0.71208145130405121
0.71208145130403555
0.71208145130359646
0.59164244084765438
0.87500442014117752
0.44591581849037992
0.66046011932174598
0.66046011932412985
0.67500109000738084
0.67500109000934905
0.67500109000507547
0.67500109000427566
0.55450393107070872
0.55450393106872486
0.55450393106670959
0.30212850286185206
0.9152369617239754
0.06335374587125453
0.38279258275863942
0.55450393107025386
0.55450393106586271
0.65320317133971961
0.65320317133589301
0.65320317133884143
0.65320317133501482
0.65320317133397976
0.54942533688798689
0.54942533688848871
0.5494253368845915
0.54942533688798689
0.54942533689425221
0.41112553311939859
0.47462616322271312
0.76252431432188805
0.56371699303967149
0.58557857551143744
0.52907606539957552
0.57649633821064017
0.56371699303975775
0.5637169930403223
0.5637169930403223
0.56371699303974598
0.62004932770218923
0.62004932768968224
0.62004932769214438
0.62004932770211085
0.62004932769961729
0.62004932770711374
0.62004932770460441
0.62004932769463017
0.68235340833565417
0.68235340833625013
0.68235340833565417
0.68235340833503466
0.68235340833344282
1.0045206671804792
0.17662064384231069
0.86591891398030485
0.68235340833627367
0.68235340833564628
0.67755312967398507
0.67755312967398507
0.91120688749329382
0.060461082657128462
0.38343828920040607
0.58418507078945781
0.58418507078524695
0.58418507078661919
0.5841850707820242
0.58418507078188298
0.74954951300994255
0.74954951299466743
1.1086093724619202
0.39048965353599341
0.74954951300326167
0.94033353576904355
0.2294712125545518
0.89624848354349096
0.70609572962241285
0.67127309163492821
0.90212753148301172
0.47524128976970287
0.68868441063568864
0.68868441064647845
0.68868441063565722
0.83413839653042232
0.41768226521644947
0.62591033086090919
0.46182993716579723
0.78999072457679309
0.62591033087428671
0.62591033086675896
0.62591033086838987
0.53524385927299889
0.57468103860389885
0.57468103859524977
0.57468103858549502
0.57468103858544795
0.49770697764282668
0.6915507741787249
0.69155077417347111
0.69155077417212241
0.3535063503356109
1.0295951980060698
0.69155077416823307
0.69155077416955046
0.69155077416688437
0.69155077416688437
0.54366021304402623
0.54366021303901557
0.5436602130390078
0.54366021304368906
0.54366021304167389
0.54366021304634737
0.54366021304803325
0.54366021304099954
0.67145421413967465
0.68454888390554847
0.68454888391110014
0.68454888391057478
0.68454888390274116
0.55142908515649547
0.55142908515663669
0.55142908515756983
0.55142908515651123
0.55142908515343736
0.55142908515847155
0.48728172969625716
0.61557644062243455
0.56522693839008176
0.6143545641336785
0.51609931264465803
0.56522693838567484
0.56522693839202642
0.66171016858207132
0.89514309466156416
0.42827724250986327
0.66171016858219678
0.66171016859157517
0.61940442562948339
0.61940442562971665
0.61940442563033804
0.61940442562178899
0.61940442562173992
0.61940442561974829
0.6194044256203618
0.61940442562321218
0.79959459081629958
0.58452403016366405
0.69205931048362634
0.69205931048367342
0.74073512372161121
0.74073512370897077
0.89094222233822462
0.59052802511247859
0.74073512373934847
0.74073512373555328
0.7407351237331381
0.74073512373210304
0.74073512372968786
0.45966636463691707
0.62600094000425122
0.62600093998449668
0.62600093996946859
0.62600093999492779
0.62600094000372186
0.56586342417842261
0.68613845577500943
0.62600093998730588
0.8079268002548492
0.18324452929665017
0.80043348413072113
0.57433519564891522
0.68738433988940262
0.68738433989191183
0.68738433989130021
0.62722300180152957
0.62722300181159008
0.56987701194369322
0.68456899167658569
0.62722300181426405
0.62722300181827884
0.62722300181159008
0.62722300181627144
0.49086565690683898
0.49086565691070477
0.49086565691380213
0.4908656569114811
0.49086565690763878
0.49086565689834671
0.49086565690222822
0.49086565690529421
0.54452186989925455
0.78541007835920018
0.30363366143532539
0.54452186988319529
0.58436563013543485
0.58436563013603859
0.58436563014206866
0.58436563014206089
0.58436563014267251
0.58436563014266463
0.58436563014206089
0.58436563014326848
0.42441175610767684
0.53624449907075677
0.66394926943748755
0.66394926944009092
0.41632577860947673
0.91157276026080147
0.66394926943833443
0.66394926943833443
0.66394926943052435
0.66394926943228083
0.66394926943838151
0.66394926943838151
0.69000714932642682
0.69000714932710905
0.76491169551237159
0.61510260314791565
0.52353706352368845
0.52353706352368845
0.52353706352404916
0.52353706352426088
0.52353706352397855
0.28473076534320102
0.76234336170508943
0.52353706352422169
0.6906678337297224
0.67118683620232422
0.71014883127056083
0.69066783373252971
0.55097975254921472
0.64740434637983646
0.59919204946031079
0.59919204945857008
0.59919204945906401
0.27979932474060071
0.50858644519226059
0.5085864451919313
0.5085864451914921
0.50858644519117846
0.50858644519106866
0.50858644519106866
0.50858644519142937
0.68839772676633759
0.68839772677091693
0.6883977267589666
0.68839772677088562
0.68839772676263644
0.66879414152875638
0.66879414152624705
0.66879414152473371
0.6687941415262314
0.66879414152925032
0.66879414152828587
0.66879414152827021
0.66879414152978356
0.45167866743609347
0.64144199466431384
0.64144199466456475
0.64144199466489116
0.93629772277538081
0.033470041208925751
0.95455822000668755
0.64144199466307283
0.64144199466369234
0.64144199466520968
0.69098861266223532
0.86361900918823464
0.51835821613546751
0.69098861266298806
0.6909886126635526
0.59123629686193835
0.59123629686191481
0.59123629686750578
0.59123629686749402
0.56197912603363798
0.6204934676928735
0.59123629686471035
0.59123629686749402
0.52303082995363159
0.52303082995748962
0.52303082994679395
0.52303082994497474
0.52303082994857386
0.52303082994470806
0.5230308299414147
0.52303082994677819
0.64961183645981213
0.64961183645998466
0.64961183645140608
0.64961183645137477
0.58997307773655339
0.58997307773657692
0.58997307773655139
0.58997307773102714
0.58997307772967644
0.69242371810224679
0.69242371810477166
0.69242371810571268
0.69242371811176628
0.10790788568464436
0.26240832109034656
0.50729922997215338
0.50729922998094357
0.50729922997656807
0.50729922996776211
0.50729922997117316
0.6890897794243559
0.32550868052458903
0.66051289988050654
0.66051289988381556
0.66051289988648165
0.66051289988579165
0.66051289987987927
0.56983745647164064
0.56983745647592987
0.56983745646127426
0.56983745645609896
0.56983745646126649
0.56983745646127426
0.56983745646646533
0.56983745645181749
0.67597453006706976
0.46370038284660231
0.36381942448661514
0.92511521497680804
0.64446731973089211
0.64446731973697025
0.64446731973608606
0.48469870821978162
0.80423593126001591
0.64446731974309246
0.67068445186179915
0.67068445186502201
0.67068445187660386
0.67068445187340453
0.67068445186179915
0.67068445186501413
0.67068445187400827
0.67068445187080117
0.65360135452742885
0.65360135452466084
0.65360135451881107
0.6536013545216105
0.59834197405363476
0.5983419740432292
0.59834197405306233
0.59834197405250555
0.59834197405252121
0.59834197406403244
0.59834197405364253
0.59834197405364253
0.59834197405251344
0.59834197404209999
0.42314733704506419
0.56868757989023233
0.56868757989234175
0.56868757989294549
0.56868757988773877
0.5972007484697277
0.50519002098892252
0.68921147593469312
0.59720074845793414
0.59720074847631444
0.77830630783610755
0.41609518911529031
0.59720074846710858
0.56387987686172536
0.56387987688555541
0.56387987687618879
0.7009554283203473
0.42680432542244023
0.56387987686811214
0.56387987687099383
0.56387987688258356
0.55397706832952054
0.7019488793065437
0.627962973815964
0.62796297381626287
0.62796297381885546
0.36728798673872276
0.88863796089912372
0.62796297381961708
0.74907929214288782
0.65253263924029636
0.25826964102455024
0.5873563040234171
0.74907929212861835
0.74907929213591284
0.68121076031900152
0.68121076032460037
0.68121076031900152
0.68121076031898586
0.68121076031900152
0.68577233260114656
0.68577233260116222
0.6857723326143359
0.68577233261565318
0.62043724636398856
0.62043724636734465
0.62043724637071651
0.62043724637071651
0.62043724636060105
0.62192796728370148
0.62192796728369371
0.34475238070726877
0.89910355386005969
0.62192796728752031
0.6219279672863206
0.62192796728633626
0.79136939768081604
0.45248653688421886
0.6219279672863206
0.73953941159735548
0.73953941161531245
0.73953941160516556
0.73953941157866154
0.7395394115914431
0.73953941158716163
0.73953941158195491
0.73953941157768921
0.73953941157866154
0.7395394115914431
0.57435074404000042
0.57435074403736563
0.5743507440393103
0.44242807038823423
0.70627341770471275
0.63558374033223863
0.63558374033223863
0.38033967126319063
0.89082780940858708
0.63558374033750809
0.63558374033209752
0.63558374032668696
0.63558374032684373
0.69978848109966507
0.69978848109417802
0.69978848109691461
0.69978848110609793
0.69978848111111935
0.69978848111412173
0.69978848111667502
0.69978848111131053
0.6295024305176895
0.62950243051599575
0.62950243051597998
0.62950243051939891
0.62950243051941457
0.62950243052258248
0.62950243052255117
0.62950243051772081
0.6295024305176895
0.62950243051939891
0.56591024450829541
0.56591024450827976
0.56591024450973826
0.56591024450974614
0.56591024451003624
0.56591024451149474
0.64742533161845228
0.48439515740344724
0.65333145289692263
0.65333145290002004
0.65333145290085126
0.6533314528999965
0.65333145290063166
0.693295113919291
0.8289455140584826
0.43775373071693874
0.56664664000036413
0.61373237708445061
0.51956090291705392
0.56664663999543186
0.56664663999590237
0.5666466399954162
0.56664663999521225
0.56664663999612186
0.56664663999589449
0.56664664000093656
0.88076617347044217
0.34806572918406742
0.61441595133369264
0.61441595132650983
0.73787914991491377
0.49095275274333616
0.61441595132650983
0.61441595133108928
0.61441595131932714
0.61441595131932714
0.67861418953169617
0.72455615653630456
0.63267222252450006
0.67861418953186081
0.67861418955256225
0.91551104244059256
0.44171733665788626
0.67861418953414265
0.51904047000768261
0.51904047000771147
0.51904047000809472
0.51904047000821674
0.5782415902917073
0.57824159029169941
0.57824159028764543
0.57824159028764543
0.75256094097354187
0.40392223958998286
0.57824159027291921
0.57824159028029021
0.57824159028435984
0.57824159027698108
0.56288814783242569
0.58721521682846956
0.58721521683298628
0.58721521683237454
0.58721521682341182
0.58721521682337263
0.58721521682850875
0.58721521682453315
0.58721521681888733
0.58721521682338829
0.53597980781021604
0.76638829425145638
0.76638829423022958
0.76638829422902199
0.76638829423004928
0.66727811366060952
0.6672781136585394
0.66727811365715928
0.66727811365367762
0.66727811365289347
0.66727811365151346
0.66727811365019607
0.66727811365916667
0.57282983010462474
0.74541854434270771
0.41562688883745763
0.73469496068500906
0.73469496069559503
0.73469496070619666
0.7346949607007861
0.62872901826326089
0.62872901826909489
0.62872901826907923
0.62872901826327654
0.62872901826907923
0.62872901826907923
0.62872901827491323
0.62872901827490535
0.62872901826907923
0.62872901826907923
0.58291572044801376
0.58291572045277351
0.58291572045526707
0.58291572045050732
0.5829157204455202
0.58291572044782558
0.58291572045279705
0.58291572045300089
0.58291572044801376
0.58291572044779416
0.61921745095467051
0.61921745095906178
0.88520499773729688
0.35322990417828598
0.61921745095468617
0.61921745095512537
0.61921745095951652
0.61921745095903036
0.52103281519483924
0.51006278556596485
0.51554780036725978
0.51554780037664205
0.51554780036726766
0.51554780035793246
0.51554780036725978
0.5155478003672872
0.68502367306823519
0.68502367306817247
0.68502367305667689
0.68502367305667689
0.68502367306823519
0.68502367306817247
0.68502367305667689
0.68502367306864287
0.68502367306817247
0.68502367305628487
0.58329171674064173
0.58329171674067304
0.58329171674064173
0.58329171674065738
0.5832917167406495
0.5832917167408378
0.5832917167408691
0.5832917167406495
0.38525133695074698
0.78133209653122648
0.49478479616617532
0.49478479616641058
0.4947847961666772
0.49478479617128795
0.49478479617166432
0.49478479616617532
0.49478479617051946
0.49478479617077825
0.66068439911984189
0.66068439912079846
0.66068439912657762
0.66068439912752641
0.59466706685325754
0.59466706685325754
0.59466706685992277
0.54836360034817377
0.64097053336745291
0.59466706685441806
0.59466706685993054
0.59466706686051085
0.58221613649675052
0.58202461532242433
0.58240765766391345
0.58221613647428483
0.58221613648488635
0.44857652520416991
0.50122887791791282
0.50122887791431359
0.50122887791253368
0.50122887791431359
0.50122887790812676
0.5012288779063232
0.50122887791121629
0.6463783389325376
0.6463783389311496
0.64637833895059638
0.6463783389467227
0.64637833893117314
0.65091915974660997
0.65091915975278125
0.50978357745179304
0.79205474203388349
0.6584353205192669
0.65843532051386411
0.65843532051344067
0.65843532051384845
0.51096501586509435
0.51096501586659993
0.51096501586807408
0.51096501586407495
0.51096501585860943
0.51096501585859377
0.51096501586409848
0.5109650158666077
0.56871537975888187
0.5687153797536556
0.56871537975626674
0.56871537976410824
0.56871537976410036
0.56871537975888187
0.5687153797588701
0.56871537976412001
0.81385471543045695
0.32357604408806351
0.56084577407057523
0.56084577407057523
0.56084577406728964
0.56084577406194958
0.56084577407490366
0.35615512499421148
0.76553642316633863
0.56084577408028291
0.59629162392949697
0.59629162392952839
0.59629162392949697
0.59629162392952839
0.59629162392962243
0.59629162392454127
0.59629162392455692
0.59629162392951274
0.91913106649260401
0.36205141772931271
0.64059124210817853
0.64059124210546547
0.64059124210275231
0.64059124210546547
0.64059124210546547
0.64059124210275231
0.61294439947298285
0.61294439947796209
0.61294439948592117
0.61294439948094182
0.61294439948094182
0.69931794025501404
0.38328365909970719
0.54130079968533928
0.54130079969038125
0.54130079969242395
0.54130079968947564
0.54130079968032074
0.5413007996803364
0.57260244311102981
0.57260244310999475
0.29788633008470605
0.84731855613681639
0.57260244311000252
0.5726024431150446
0.57260244311604824
0.57260244311102981
0.74742994224888215
0.72321518607950019
0.7716446983842461
0.74742994221285863
0.74742994220455061
0.74742994222367587
0.74742994223406189
0.74742994223515569
0.46382607380480606
1.031033810636194
0.52845097113387896
0.66205306153772381
0.66205306154514965
0.66205306154020171
0.47466831896273382
0.33023782705643623
0.6580515000402315
0.65805150003579327
0.65805150003127655
0.28218155562432862
0.77801533854026783
0.5300984470818223
0.53009844708212817
0.39253216917993289
0.66766472498534768
0.53009844708275544
0.53009844708275156
0.75615598297847875
0.75615598296982189
0.7561559829698532
0.75615598298337183
0.75615598297847875
0.65720028761725391
0.65720028762106475
0.50120079475847834
0.81319978047872676
0.65720028762486005
0.57007110155279761
0.57007110155649876
0.57007110156018426
0.57007110156386975
0.57007110156755525
0.50141061132511988
0.63873159180219619
0.57007110156016072
0.68946949908305222
0.68946949908305222
0.81658019134327409
0.56235880680929595
0.68946949906851418
0.68946949907582245
0.68946949909161503
0.68946949908305222
0.61439134681062646
0.61439134681470786
0.61439134681059904
0.61439134681062257
0.61439134681470786
0.42028753877597985
0.80849515483214263
0.61439134680318885
0.61439134680650576
0.61439134681061469
0.56536839435644592
0.5653683943492005
0.56536839435393671
0.56536839435644592
0.56536839435423469
0.56536839435421904
0.56536839435170971
0.56536839435170971
0.5653683943492005
0.56536839435644592
0.68951742654786496
0.68951742655307169
0.68951742655573778
0.68308096552352238
0.57553067006559888
0.57553067007651604
0.57553067006559888
0.57553067005469394
0.57553067005469394
0.57553067005470593
0.57553067005469383
0.57553067005469383
0.57553067006561121
0.57553067006561121
0.58747030470162731
0.58747030470445416
0.58747030470475214
0.58747030470362682
0.58747030470646933
0.53334505898678952
0.53334505898612306
0.53334505898247675
0.53334505898316675
0.53334505898183371
0.53334505898678952
0.5333450589867974
0.53334505898183371
0.63976248303402838
0.48379875597083255
0.79572621010250144
0.63976248302673577
0.63976248302677508
0.64336468940014435
0.64336468940033253
0.90693359474508528
0.3797957840648406
0.57508495376146318
0.57508495375659363
0.57508495375173196
0.57508495375655444
0.57508495375654667
0.57508495375655444
0.57508495376140834
0.36544910168945982
0.66457955611616037
0.66457955611358832
0.66457955610709563
0.66457955610574693
0.66457955611227104
0.66457955611354136
0.6645795561048059
0.61323871026628651
0.75736920140072261
0.54252351240028585
1.1885784382985252
0.54100565351626406
0.75736920140636843
0.56117264482102869
0.76071650436959215
0.76071650435096094
0.76071650435720273
0.76071650436730243
0.65936323263661223
0.65936323263875285
0.65936323263952135
0.65936323263521646
0.6593632326344715
0.87810804160879508
0.44061842366928317
0.65936323263731789
0.70650250551904215
0.70650250551901084
0.70650250552713456
0.70650250552713456
0.70650250552713456
0.65381700427664224
0.65381700427463485
0.80356903954763992
0.50406496901621467
0.6538170042766579
0.65381700426992995
0.65381700426992995
0.65381700427667355
0.69831585472701463
0.69831585472067881
0.69831585472168256
0.69831585470908919
0.69831585470806978
0.69831585472067881
0.69831585472069446
0.69831585470905777
0.69831585472486613
0.69831585473963942
0.56628894894667003
0.56628894894584669
0.56628894894500759
0.56628894894335302
0.67960567726111032
0.019001840836246515
0.66954275935729024
0.68407513873305748
0.68407513873308889
0.68407513872723913
0.94107744437680607
0.42707283307770355
0.68407513872143644
0.68407513872146786
0.68407513872720782
0.57695345911338403
0.57695345910652274
0.57695345910303331
0.5769534590995361
0.57695345909266693
0.57695345910654627
0.57695345910303331
0.57695345909267481
0.57695345910302553
0.57695345910988671
0.54234193161896271
0.54234193161964495
0.54234193161964495
0.54234193161897837
0.5423419316189666
0.54234193161964495
0.5423419316203193
0.54234193162393418
0.27710210604943419
0.52711928505959582
0.40448031239148802
0.26918107682963277
0.12167635780351548
0.1965318380564825
0.5894882701168791
0.52711928505116623
0.5271192850508134
0.52711928506395567
0.57720211643911701
0.57720211644441777
0.57720211644656239
0.57720211643418862
0.57720211642987196
0.57720211642820951
0.57720211643726249
0.57720211644350428
0.4875650498744179
0.48756504986943955
0.48756504986908766
0.48756504987829158
0.48756504987332794
0.4875650498683633
0.48756504987367494
0.48756504987405819
0.53043314482224191
0.53043314481753701
0.53043314480819004
0.53043314481287929
0.53043314481756054
0.53043314482693105
0.53043314482484527
0.52267138796897594
0.25486484231048945
0.91869721988228925
0.67330883034862687
0.673308830328741
0.67330883032304811
0.78130878598616704
0.56530887466998969
0.67330883031406175
0.67330883031708855
0.67330883032287558
0.54553040226053728
0.7269720645781057
0.72697206457304009
0.72697206457480446
0.72697206457986219
0.56349089466172053
0.89045323450813096
0.74619223568066806
0.73787151087528335
0.69685244722626882
0.32930136563769147
0.5506725513698344
0.021163431028511436
0.50543287394243108
0.53863442816832796
0.53863442816139606
0.53863442815712248
0.53863442816271345
0.53863442816699492
0.74647021452402174
0.74647021452863249
0.51907201911926759
1.0726158929074245
0.64772273159002214
0.61933948834769015
0.65631830520924883
0.6563183052150201
0.60058461743457403
0.42978576355372
0.4297857635536847
0.42978576355985587
0.42978576356017345
0.31362334909315681
0.85387272280594062
0.58374803594721203
0.58374803595314007
0.58374803595691183
0.65347984710921414
0.65347984711967455
0.65347984712561835
0.65347984711522067
0.65347984710921414
0.70190893675953714
0.70190893675997623
0.70190893675558508
0.70190893675556942
0.54475794090335639
0.85905993262319857
0.70190893676497912
0.70190893676007038
0.61948567768753948
0.78433219582261127
0.41801029864306483
0.69531609807990535
0.60467595333574153
0.60467595332800994
0.60467595332804125
0.60467595331841206
0.60467595331361301
0.60467595331361301
0.51018121694791696
0.56914280637596004
0.56914280638047665
0.56914280637959447
0.56914280637424464
0.61939228324195139
0.61939228325046713
0.61939228326662044
0.64766258399398979
0.59112198250881076
0.61939228323768558
0.64310831946022762
0.59567624701762933
0.61939228321303219
0.61939228322584505
0.62086119506446524
0.62086119505997994
0.6208611950660492
0.62086119507055026
0.62086119506827619
0.62989484354584446
0.56209125856731967
0.6976984285301091
0.86396086973018438
0.39582881735128717
0.62989484354588365
0.62989484354585235
0.62989484353437242
0.62989484353438818
0.62989484354009673
0.86880113851629692
0.49623465354805874
0.6825178960301469
0.68251789601317803
0.68251789601880819
0.55117016937039176
0.33572519161042469
0.76661514711642864
0.55117016936951357
0.55117016938008379
0.55117016938094632
0.55117016937447716
0.55117016937274421
0.39923446975691457
0.83360902135307635
0.61642174556193907
0.61642174554997298
0.61642174553806972
0.82384921109174836
0.45682960685554175
0.64033940896752672
0.64033940896083408
0.64033940898024166
0.64033940896158292
0.64033940897256492
0.64033940897796371
0.69501780470044472
0.69501780469865693
0.69501780470508689
0.69501780471239505
0.69501780471063856
0.6865171020238362
0.68651710202386762
0.66743414416657976
0.70560005988441754
0.56730709289532233
0.56730709289109582
0.29192557348199083
0.14617753500915481
0.16565930520834432
0.25969897801112407
0.83845988697456397
0.42967780345905426
0.70493638234046307
0.56730709290519477
0.56730709290520254
0.56730709290654346
0.66186978674309505
0.6618697867431107
0.66186978674769015
0.66186978674397323
0.66186978674398889
0.60283026281274721
0.60283026281142982
0.60283026280785412
0.60283026280919505
0.60283026280694452
0.6028302628069524
0.60283026281409591
0.60283026281409591
0.60283026280918717
0.60283026280919505
0.58842522083801563
0.65602177020097407
0.52082867146963485
0.58842522084071314
0.58842522083800786
0.57434798264125952
0.57434798266398401
0.5743479826658503
0.57434798265730114
0.57434798265098286
0.40916157186025781
0.73953439341570582
0.7882330450037428
0.36046292031605248
0.57434798265593479
0.93690097560204233
0.12249676411819055
0.37003188895180911
0.71471481433927719
0.7147148143393085
0.71471481434420159
0.71471481434420159
0.71471481434884365
0.48998185952417478
0.17969599765209623
0.75975177152044504
0.71471481434412321
0.59976696590419165
0.59976696590416811
0.59976696590905332
0.72563679119100244
0.47389714062553595
0.59976696590997869
0.59976696590999434
0.71375184701424599
0.48578208479407464
0.599766965904176
0.68964911303135157
0.68964911303135157
0.68964911305289989
0.71801333076359009
0.66128489531261603
0.57951542950178947
0.57951542949600543
0.5795154295011985
0.3336353966018708
0.82539546241408646
0.57951542950091517
0.5795154295063919
0.5795154295009044
0.57951542950092694
0.5795154295063919
0.67767236323204949
0.67767236322510593
0.67767236324560343
0.67767236324172586
0.67767236322160473
0.67767236324123181
0.67767236324953195
0.67767236322953239
0.6776723632368602
0.67767236324604252
0.51771668670767834
0.30076947938851167
0.7346638940144169
0.51771668670111115
0.51771668671199111
0.51771668672160864
0.5177166867108306
0.51771668670093474
0.67170521820182794
0.67170521820129481
0.67170521820026363
0.82498369179260789
0.5184267446110481
0.53077571370884025
0.53077571372025734
0.53077571371374899
0.5307757137099145
0.5307757137126512
0.53077571369845822
0.53077571369191845
0.33347056952646065
0.0086108052478793169
0.58568032815766502
0.58568032816124849
0.58568032815695925
0.58568032815720228
0.58568032815720228
0.58568032815316395
0.58568032815720228
0.58568032815765714
0.47937298335460793
0.51902241864322296
0.92979072970957866
0.64272871056408398
0.6427287105647741
0.64272871056475833
0.37008500427570451
0.9153724168637003
0.57794915445035877
0.57794915444426598
0.57794915444899042
0.57794915444595585
0.57794915444302708
0.38895002884112739
1.0093222147482726
0.69913612179945583
0.69913612179947149
0.54541738844623799
0.54541738844136844
0.54541738844136067
0.54541738844895116
0.81574941086383213
0.27508536605116252
0.54541738844624588
0.54541738843756538
0.77046142595506373
0.77046142594676748
0.98629125221806124
0.55463159968576947
0.77046142594604605
0.64166921840681501
0.64166921840681501
0.64166921840681501
0.64166921840601521
0.64166921840522317
0.51107641507332335
0.51107641507332335
0.51107641506974766
0.51107641506492518
0.7182122551659651
0.30394057497106985
0.51107641506493684
0.51107641506973978
0.7353994884228805
0.73539948841714842
0.73539948841808944
0.73539948841713276
0.73539948841617608
0.73539948842287273
0.73539948842287273
0.73539948842383718
1.0126949274423211
0.45810404940797239
0.59102412661960202
0.59102412662142512
0.59102412661869241
0.59102412661775139
0.59102412661868453
0.6654421533221877
0.6654421533221877
0.6654421533221877
0.66544215331735745
0.37452254342065316
0.64897544761276038
0.64897544761276038
0.64897544760911419
0.57089671497014605
0.69885982541767799
0.44293360454485231
0.57089671498007322
0.36254608740484134
0.77924734257483819
0.57089671499853201
0.57089671499192163
0.75913418172763447
0.75913418172666214
0.75913418172663072
0.75913418173161795
0.75913418173161795
0.6935465427387959
0.69354654273198957
0.69354654273202088
0.69354654273631799
0.69354654273258554
0.69354654273506333
0.693546542737557
0.69354654273324412
1.0923563043709132
0.44424138223958076
0.7682988433104323
0.76829884330316578
0.76829884330322851
0.69745884860546303
0.69745884860723517
0.69745884860594132
0.69745884860282825
0.69745884860725871
0.64832758175505401
0.65002652291317908
0.64917705233412049
0.64917705233412826
0.71317212524240936
0.71317212523855145
0.71317212524011975
0.71317212524956075
0.8847136676471542
0.54163058283692755
0.71317212523852003
0.71317212524959217
0.71317212525116047
0.71317212524011975
0.56145325153332781
0.56145325153024606
0.56145325153022252
0.57294947810882924
0.54995702495107479
0.56145325152714876
0.56145325153147718
0.56145325153144587
0.56145325152282022
0.56145325152280456
0.47845247541369734
0.72217479490296554
0.6003136351561652
0.60031363515379321
0.60031363515496161
0.60031363515049985
0.60031363514784153
0.60031363514899427
0.70138737393135442
0.70138737393133876
0.70138737392528516
0.70138737391874928
0.70138737391842387
0.70138737392504991
0.70138737392502248
0.7013873739253047
0.87816476712393876
0.52460998072650611
0.48227254714543327
0.85033599819295302
0.66630427267217285
0.66630427268696968
0.6663042726815277
0.73917935655390066
0.73917935654672573
0.73917935653953515
0.7391793565562923
0.73917935655510036
0.7557827077523549
0.75578270775150802
0.75578270775696565
0.75578270775784384
0.60310148694579524
0.60658309775882657
0.60658309775882657
0.60658309777012609
0.89778736703858986
0.31537882851879001
0.36854287100338623
0.844623324529993
0.60658309777038488
0.60658309775959507
0.60658309775986174
0.64234221563743321
0.64234221563596783
0.64234221562884097
0.64234221562762162
0.64234221563266169
0.6518482158461687
0.65184821584613739
0.59027677538382894
0.71341965632394033
0.65184821586023622
0.55448234812270714
0.55448234811520292
0.55448234811518715
0.5544823481152068
0.55448234811518715
0.5544823481152068
0.55448234811255248
0.28232628333439863
0.57229377468037246
0.57229377468235643
0.57229377468395604
0.55976289417306546
0.58482465519080828
0.57229377467718101
0.57229377467779263
0.57229377468038034
0.57229377468296805
0.57229377468296805
0.69135958536860498
0.69135958536727193
0.69135958536593889
0.69135958536593889
0.69135958536593889
0.69135958537324715
0.69135958537324715
0.69135958536727193
0.65310445783632276
0.6531044578322609
0.78112151644739114
0.52508739924206638
0.6531044578512607
0.56492774344620678
0.56492774344077268
0.56492774344617547
0.56492774345161745
0.56492774345161745
0.56492774345161745
0.56492774345161745
0.56492774345161745
0.67924480446812741
0.67924480446660618
0.67924480446254432
0.67924480446491242
0.67293794581789645
0.26492166976127973
0.8741825685860789
0.6040140613743783
0.60401406138355274
0.41374111155186072
0.79428701122017709
0.60401406137911451
0.60401406138933977
0.60401406139037483
0.54984166688031566
0.54984166688330316
0.54984166687345437
0.54984166687347003
0.54984166688330316
0.54984166687347003
0.54984166688331892
0.54984166688328751
0.66933492031964936
0.66933492031786734
0.66933492031903574
0.66933492031964936
0.65179739915806856
0.57305060293095145
0.73054419537259729
0.65179739915807255
0.65179739915828616
0.65179739915806467
0.55488575027697407
0.74870904803898275
0.65179739915806267
0.65179739915807444
0.63723826290818386
0.6251587704011391
0.64931775542166648
0.68506160337354938
0.59634064054350011
0.63031254478840737
0.62316148864457754
0.6513150371602584
0.58112173654613297
0.58112173654143007
0.58112173655859101
0.58112173657480515
0.58112173656923971
0.61057064532418659
0.61057064533441174
0.61057064532421013
0.35662987861546219
0.39649489145606098
0.46801652058458548
0.61057064532421013
0.61057064532418659
0.61057064532894634
0.61057064531876815
0.61057064532420224
0.75782413250151037
1.0786834442493989
0.77717074864705193
0.069221964313191067
1.1062203728422824
0.53940329278698662
0.53940329278715127
0.53940329278305021
0.53940329278032917
0.53404788575372397
0.54475869982191161
0.53940329278785693
0.53940329278715127
0.71905922514064857
0.71905922514108767
0.71905922514809795
0.71905922514852139
0.71905922514191889
0.5305328053046704
0.53053280530467428
0.53053280530466651
0.53053280530398816
0.53053280530329816
0.5305328053039764
0.53053280530535651
0.53053280530604663
0.63390256588697347
0.63390256589281146
0.63390256589621075
0.56203115356642797
0.70577397822599353
0.63390256589621075
0.63390256590208394
0.63390256589370542
0.7034458648425943
0.13037891833952336
0.43398034859749191
0.61218255454455539
0.61218255454221082
0.80225975806389238
0.42210535102052132
0.49059558084494992
0.86857910641199332
0.67958734363035356
0.67958734363090245
0.67958734362448825
0.6795873436286598
0.67958734363392148
0.67958734362862061
0.60142526191947376
0.60142526191950507
0.60142526191947376
0.60142526191511392
0.47978111698716458
0.51075492222233609
0.510754922222312
0.51075492221261298
0.51075492222231478
0.51075492222233609
0.51075492222228802
0.51075492223199237
0.51075492222233609
0.60091256824517958
0.60091256824808092
0.60091256823869477
0.60091256823433492
0.60091256824227823
0.60091256824049044
0.43151595688122019
0.77030917959637712
0.60142206454391633
0.48985873047477307
0.40447848935035641
0.30850690926991725
0.60142206455243208
0.60142206454818203
0.46163393886221221
0.8301567375417549
0.64589533820889189
0.64589533820889189
0.6458953382114011
0.64589533821141676
0.64589533821141676
0.6458953382114011
0.73534590254097076
0.73534590253940246
0.73534590253915155
0.73534590253427423
0.7353459025361091
0.61812386467121438
0.61812386467160052
0.61812386467216507
0.61812386467198477
0.61812386467161617
0.58589629876831661
0.58589629877192373
0.58589629877066118
0.58589629876942229
0.58589629877662852
0.58589629877427607
0.45646120971506154
0.71533138782474748
0.53453905211942487
0.534539052122883
0.53453905212635677
0.53453905211686081
0.53453905210386754
0.53453905210992114
0.53453905211940922
0.53453905211338704
0.6593713524974828
0.65937135249593026
0.65937135249751422
0.6593713524990511
0.6593713524974828
0.65937135249901979
0.65937135250058809
0.6593713524990511
0.68830074070857261
0.65004580162859726
0.66917327116970327
0.66917327116252445
0.66917327117278502
0.66917327117036196
0.66917327117431402
0.66917327117400038
0.5472534984167009
0.5472534984173596
0.54725349841732029
0.78586031760813568
0.30864667922557976
0.53908669346752891
0.55542030337123638
0.54725349842139004
0.65232079534718079
0.65232079534717291
0.65232079534718079
0.65232079534718868
0.65232079534718079
0.69917672926637819
0.69917672927100472
0.69917672926157926
0.69917672926140673
0.6991767292660489
0.73645429178917643
0.73645429178375021
0.7364542917749678
0.73645429177153321
0.73645429177153321
0.73645429178916078
0.73645429178375021
0.73645429176954158
0.73645429176955723
0.7364542917749678
0.52838694236953632
0.52838694235302219
0.45717725221795402
0.49907388129865876
0.62890969353000947
0.52838694236678785
0.52838694236956762
0.52838694235031303
0.65802170807892058
0.65802170807510174
0.65802170807131433
0.65802170807510174
0.65802170807674842
0.50204058603163604
0.62877675191658566
0.62877675191489968
0.62877675191488402
0.76536722261557533
0.49218628123779939
0.62877675191906357
0.62877675192497595
0.604830269871516
0.59029345811189504
0.59756186399724143
0.59756186399453359
0.59756186399491973
0.59756186399223477
0.59756186399261024
0.59756186399586431
0.59756186399024092
0.5975618639904714
0.48238606794433742
0.67983125902241281
0.67983125902245989
0.67983125901060359
0.67983125901367747
0.9845536848445553
0.37510883319324057
0.67983125901214059
0.83165288762879486
0.51727225659457399
0.67446257211168836
0.67446257211168836
0.71766305490061277
0.71766305491149662
0.71766305491146531
0.71766305490605475
0.71766305490600768
0.71766305490597626
0.57471779503067955
0.86060831476388078
0.71766305489509241
0.31791617771108038
0.26846682460784249
1.1270474124412093
0.38209391692358147
0.75457066469989553
0.75457066470055423
0.754570664684589
0.67671699766753191
0.92317683976050502
0.24674017048632513
0.86023398274207252
0.51906129194164663
0.51906129192941797
0.51906129195089568
0.51906129196317929
0.51906129192230577
0.51906129192941408
0.51906129195089956
0.51906129193876105
0.57161621206435198
0.57161621206919011
0.57161621206347368
0.57161621205652624
0.57161621206107027
0.95697545674590245
0.4326058575347802
0.6947906571271677
0.69479065712721477
0.7098223129942991
0.70982231299425202
0.7098223129882455
0.90938252607864178
0.16904381540072108
0.34121828449638525
0.70982231299422072
0.7098223129946285
0.70982231299428344
0.95940324873069394
0.46024137725780628
0.50611558312911331
0.50611558313584126
0.50611558313582561
0.25631472012984396
0.75591644611836128
0.50611558312240101
0.50611558312901916
0.50611558312909766
0.72922175191841954
0.72922175192751559
0.72922175193140493
0.7292217519171178
0.72922175191321281
0.55329118009147071
0.90515232375570343
0.72922175192230887
0.72922175191713356
0.72922175191838812
0.66779597259881596
0.6677959725762953
0.66779597257050838
0.66779597258724199
0.66779597259014334
0.66779597259593027
0.66779597258752421
0.66779597259015899
0.86085077790344688
0.47474116727607119
0.74060499732369001
0.74060499731715024
0.740604997317166
0.74060499731715024
0.740604997317166
0.5275771206649853
0.52757712066790241
0.52757712067037243
0.75259608976689807
0.30255815156884791
0.32639892948689031
0.72875531184604059
0.52757712066540097
0.89446217242769255
0.30132853183307562
0.94810588281287145
0.71463219570179615
0.71463219568605063
0.55307796551787147
0.61794175500826998
0.61794175499682158
0.61794175499680981
0.61794175500828175
0.61794175500947368
0.61794175499680981
0.61794175499561788
0.33505962110266524
0.94691441744065596
0.64098701926405832
0.64098701926684987
0.64098701926953161
0.847211145240236
0.43476289331009349
0.69523305155545179
0.58674098698521504
0.64098701927316226
0.71208145130811307
0.71208145130812872
0.71208145129995803
0.71208145129995803
0.71208145130156553
0.71208145130317302
0.71208145129995803
0.71208145129995803
0.71208145130972844
0.71208145130809741
0.59164244087639328
0.87500442020208968
0.44591581851534701
0.66046011935693838
0.66046011935693838
0.67500109001346587
0.67500109001343445
0.67500109001051745
0.67500109000435404
0.55450393107470786
0.55450393107473916
0.55450393107070872
0.30212850286403198
0.9152369617338556
0.063353745871712275
0.38279258276001166
0.55450393107226126
0.55450393106986184
0.65320317134269934
0.65320317133884143
0.65320317133884143
0.65320317133118821
0.65320317133015315
0.54942533688798689
0.54942533688798689
0.54942533688412887
0.54942533688798689
0.54942533689425221
0.41112553311795574
0.47462616322105072
0.76252431432188805
0.56371699303366107
0.58557857550384695
0.5290760653975799
0.57649633821378843
0.5637169930428434
0.56371699303764056
0.5637169930428434
0.56371699304405876
0.62004932770458876
0.62004932770458876
0.62004932771460231
0.62004932772455301
0.62004932771456311
0.62004932771460231
0.62004932771457877
0.62004932770460441
0.68235340833468183
0.68235340832829106
0.6823534083219317
0.6823534083219317
0.68235340832829894
1.0045206671814122
0.17662064384231044
0.86591891398030485
0.68235340833468572
0.68235340833466218
0.67755312967396941
0.67755312967396941
0.76615059338255487
0.14505629410466864
0.44389937186087897
0.58418507078071469
0.5841850707762215
0.58418507077585291
0.58418507077055215
0.58418507077096771
0.74954951302551565
0.74954951301866224
1.1086093724855071
0.39048965353450354
0.74954951301864658
0.94033353576904355
0.22947121255599462
0.8962484835489799
0.70609572960889422
0.67127309161821025
0.90212753148492497
0.47524128977343538
0.68868441063568864
0.6886844106371941
0.68868441062634156
0.62591033087754877
0.6259103308700209
0.62591033086089354
0.45570679577031487
0.0061231413914011566
0.78999072458120001
0.62591033087591774
0.62591033086675896
0.62591033086838987
0.53524385927439466
0.57468103859496744
0.57468103858756514
0.57468103857773201
0.57468103857773989
0.49770697763994887
0.69155077418131261
0.69155077418399435
0.69155077417736055
0.35350635033560701
1.029595198006007
0.69155077417080502
0.69155077417740751
0.69155077417736055
0.69155077416420263
0.54366021303869416
0.5436602130386784
0.54366021304802536
0.54366021305735668
0.54366021305302825
0.54366021304801759
0.54366021305735668
0.54366021305303613
0.67145421413892192
0.68454888390479562
0.68454888390957891
0.68454888390981417
0.684548883903494
0.55142908515434697
0.55142908515251987
0.55142908515557021
0.5514290851580167
0.55142908515495859
0.5514290851580167
0.48728172969395178
0.61557644062005867
0.56522693838997196
0.56522693839204208
0.56522693838338511
0.56522693837911941
0.32124062372435352
0.66171016858432974
0.89514309466482622
0.42827724252134708
0.66171016859657805
0.66171016858939524
0.61940442562976172
0.61940442563086151
0.61940442563351195
0.61940442563337861
0.61940442563204168
0.61940442562031472
0.61940442562297693
0.6194044256345137
0.79959459081193973
0.58452403016044907
0.69205931048108571
0.69205931048111713
0.74073512371275041
0.74073512370688499
0.8909422223299126
0.59052802510888713
0.74073512373486317
0.74073512373106798
0.74073512373103656
0.74073512373003292
0.74073512372520256
0.45966636463563104
0.62600094000845419
0.62600094000543138
0.62600093998620221
0.62600093999479445
0.62600094000831508
0.56586342419781455
0.68613845581133681
0.62600093999957773
0.80792680024207553
0.18324452929852916
0.80043348412560855
0.543477342833248
0.71824219269404477
0.68738433988979464
0.68738433988979464
0.6272230018142797
0.62722300181963542
0.56987701194855489
0.68456899169512286
0.62722300182941371
0.62722300181868662
0.62722300181868662
0.62722300182405011
0.49086565691068129
0.49086565691068129
0.49086565691684464
0.49086565691609185
0.49086565690916001
0.49086565690988926
0.49086565691612322
0.49086565691608403
0.54452186989925455
0.78541007836500287
0.30363366143756804
0.54452186988319529
0.58436563013846166
0.58436563013843812
0.58436563014326848
0.58436563014326848
0.58436563014326848
0.58436563014326848
0.58436563014326848
0.58436563014326848
0.42441175610725734
0.536244499071588
0.66394926943137123
0.66394926942788968
0.41632577860454445
0.91157276025126621
0.66394926942788968
0.66394926942788968
0.66394926942437671
0.66394926943140264
0.66394926943485288
0.66394926942788968
0.69000714931216323
0.6900071493095129
0.7649116954899452
0.61510260312988818
0.52353706352732687
0.52353706352674656
0.52353706352411189
0.52353706352467644
0.52353706352592322
0.28473076534348329
0.76234336170675177
0.52353706352535079
0.69066783372829532
0.67118683619816044
0.71014883126620099
0.69066783373113394
0.59919204946623117
0.59919204946943039
0.59919204946944615
0.59919204946401206
0.59919204946176152
0.27979932473962055
0.50858644519008855
0.5085864451904728
0.50858644519086482
0.50858644519112362
0.50858644518913187
0.50858644518808893
0.50858644518932794
0.68839772677047784
0.68839772677044642
0.68839772674566757
0.68839772675394806
0.68839772675849609
0.66879414152923466
0.66879414153224581
0.66879414152924255
0.66879414152773697
0.66879414153074812
0.66879414152665484
0.66879414152667049
0.66879414152924255
0.45167866743716134
0.64144199466127916
0.64144199466001273
0.64144199466489205
0.68748642820196892
0.28228133576524933
0.95455822000310009
0.64144199466003826
0.64144199465458851
0.64144199465458851
0.69098861267242917
0.86361900920285106
0.51835821614512811
0.69098861267054723
0.69098861267148037
0.59123629684801982
0.59123629683686152
0.59123629684801982
0.59123629685914292
0.56197912601776301
0.62049346767826485
0.59123629685914292
0.59123629685914292
0.52303082995390604
0.52303082996135541
0.52303082994706052
0.52303082993989347
0.52303082994706052
0.52303082994677819
0.52303082994320249
0.52303082994677819
