0
1
1
2
2
3
3
4
4
5
5
6
6
7
7
8
8
9
9
10
10
11
11
12
12
13
13
14
14
15
15
16
16
17
17
18
18
19
19
20
20
21
21
22
22
23
23
24
24
25
25
26
26
27
27
28
28
29
29
30
30
31
31
32
32
33
33
34
34
35
35
36
36
37
37
38
38
39
39
40
40
41
41
42
42
43
43
44
44
45
45
46
46
47
47
48
48
49
49
50
50
51
51
52
52
53
53
54
54
55
55
56
56
57
57
58
58
59
59
60
60
61
61
62
62
63
63
64
64
65
65
66
66
67
67
68
68
69
69
70
70
71
71
72
72
73
73
74
74
75
75
76
76
77
77
78
78
79
79
80
80
81
81
82
82
83
83
84
84
85
85
86
86
87
87
88
88
89
89
90
90
91
91
92
92
93
93
94
94
95
95
96
96
97
97
98
98
99
99
100
100
101
101
102
102
103
103
104
104
105
105
106
106
107
107
108
108
109
109
110
110
111
111
112
112
113
113
114
114
115
115
116
116
117
117
118
118
119
119
120
120
121
121
122
122
123
123
124
124
125
125
126
126
127
127
128
128
129
129
130
130
131
131
132
132
133
133
134
134
135
135
136
136
137
137
138
138
139
139
140
140
141
141
142
142
143
143
144
144
145
145
146
146
147
147
148
148
149
149
150
150
151
151
152
152
153
153
154
154
155
155
156
156
157
157
158
158
159
159
160
160
161
161
162
162
163
163
164
164
165
165
166
166
167
167
168
168
169
169
170
170
171
171
172
172
173
173
174
174
175
175
176
176
177
177
178
178
179
179
180
180
181
181
182
182
183
183
184
184
185
185
186
186
187
187
188
188
189
189
190
190
191
191
192
192
193
193
194
194
195
195
196
196
197
197
198
198
199
199
200
200
201
201
202
202
203
203
204
204
205
205
206
206
207
207
208
208
209
209
210
210
211
211
212
212
213
213
214
214
215
215
216
216
217
217
218
218
219
219
220
220
221
221
222
222
223
223
224
224
225
225
226
226
227
227
228
228
229
229
230
230
231
231
232
232
233
233
234
234
235
235
236
236
237
237
238
238
239
239
240
241
242
242
243
243
244
244
245
245
246
246
247
247
248
248
249
249
250
250
251
251
252
252
253
253
254
254
255
255
256
256
257
257
258
258
259
259
260
260
261
261
262
262
263
263
264
264
265
265
266
266
267
267
268
268
269
269
270
270
271
271
272
272
273
273
274
274
275
275
276
276
277
277
278
278
279
279
280
280
281
281
282
282
283
283
284
284
285
285
286
286
287
287
288
288
289
289
290
290
291
291
292
292
293
293
294
294
295
295
296
296
297
297
298
298
299
299
300
300
301
301
302
302
303
303
304
304
305
305
306
306
307
307
308
308
309
309
310
310
311
311
312
312
313
313
314
314
315
315
316
316
317
317
318
318
319
319
320
320
321
321
322
322
323
323
324
324
325
325
326
326
327
327
328
328
329
329
330
330
331
331
332
332
333
333
334
334
335
335
336
336
337
337
338
338
339
339
340
340
341
341
342
342
343
343
344
344
345
345
346
346
347
347
348
348
349
349
350
350
351
351
352
352
353
353
354
354
355
355
356
356
357
357
358
358
359
359
360
360
361
361
362
362
363
363
364
364
365
365
366
366
367
367
368
368
369
369
370
370
371
371
372
372
373
373
374
374
375
375
376
376
377
377
378
378
379
379
380
380
381
381
382
382
383
383
384
384
385
385
386
386
387
387
388
388
389
389
390
390
391
391
392
392
393
393
394
394
395
395
396
396
397
397
398
398
399
399
400
400
401
401
402
402
403
403
404
404
405
405
406
406
407
407
408
408
409
409
410
410
411
411
412
412
413
413
414
414
415
415
416
416
417
417
418
418
419
419
420
420
421
421
422
422
423
423
424
424
425
425
426
426
427
427
428
428
429
429
430
430
431
431
432
432
433
433
434
434
435
435
436
436
437
437
438
438
439
439
440
440
441
441
442
442
443
443
444
444
445
445
446
446
447
447
448
448
449
449
450
450
451
451
452
452
453
453
454
454
455
455
456
456
457
457
458
458
459
459
460
460
461
461
462
462
463
463
464
464
465
465
466
466
467
467
468
468
469
469
470
470
471
471
472
472
473
473
474
474
475
475
476
476
477
477
478
478
479
479
480
480
481
482
483
483
484
484
485
485
486
486
487
487
488
488
489
489
490
490
491
491
492
492
493
493
494
494
495
495
496
496
497
497
498
498
499
499
500
500
501
501
502
502
503
503
504
504
505
505
506
506
507
507
508
508
509
509
510
510
511
511
512
512
513
513
514
514
515
515
516
516
517
517
518
518
519
519
520
520
521
521
522
522
523
523
524
524
525
525
526
526
527
527
528
528
529
529
530
530
531
531
532
532
533
533
534
534
535
535
536
536
537
537
538
538
539
539
540
540
541
541
542
542
543
543
544
544
545
545
546
546
547
547
548
548
549
549
550
550
551
551
552
552
553
553
554
554
555
555
556
556
557
557
558
558
559
559
560
560
561
561
562
562
563
563
564
564
565
565
566
566
567
567
568
568
569
569
570
570
571
571
572
572
573
573
574
574
575
575
576
576
577
577
578
578
579
579
580
580
581
581
582
582
583
583
584
584
585
585
586
586
587
587
588
588
589
589
590
590
591
591
592
592
593
593
594
594
595
595
596
596
597
597
598
598
599
599
600
600
601
601
602
602
603
603
604
604
605
605
606
606
607
607
608
608
609
609
610
610
611
611
612
612
613
613
614
614
615
615
616
616
617
617
618
618
619
619
620
620
621
621
622
622
623
623
624
624
625
625
626
626
627
627
628
628
629
629
630
630
631
631
632
632
633
633
634
634
635
635
636
636
637
637
638
638
639
639
640
640
641
641
642
642
643
643
644
644
645
645
646
646
647
647
648
648
649
649
650
650
651
651
652
652
653
653
654
654
655
655
656
656
657
657
658
658
659
659
660
660
661
661
662
662
663
663
664
664
665
665
666
666
667
667
668
668
669
669
670
670
671
671
672
672
673
673
674
674
675
675
676
676
677
677
678
678
679
679
680
680
681
681
682
682
683
683
684
684
685
685
686
686
687
687
688
688
689
689
690
690
691
691
692
692
693
693
694
694
695
695
696
696
697
697
698
698
699
699
700
700
701
701
702
702
703
703
704
704
705
705
706
706
707
707
708
708
709
709
710
710
711
711
712
712
713
713
714
714
715
715
716
716
717
717
718
718
719
719
720
720
721
721
722
723
724
724
725
725
726
726
727
727
728
728
729
729
730
730
731
731
732
732
733
733
734
734
735
735
736
736
737
737
738
738
739
739
740
740
741
741
742
742
743
743
744
744
745
745
746
746
747
747
748
748
749
749
750
750
751
751
752
752
753
753
754
754
755
755
756
756
757
757
758
758
759
759
760
760
761
761
762
762
763
763
764
764
765
765
766
766
767
767
768
768
769
769
770
770
771
771
772
772
773
773
774
774
775
775
776
776
777
777
778
778
779
779
780
780
781
781
782
782
783
783
784
784
785
785
786
786
787
787
788
788
789
789
790
790
791
791
792
792
793
793
794
794
795
795
796
796
797
797
798
798
799
799
800
800
801
801
802
802
803
803
804
804
805
805
806
806
807
807
808
808
809
809
810
810
811
811
812
812
813
813
814
814
815
815
816
816
817
817
818
818
819
819
820
820
821
821
822
822
823
823
824
824
825
825
826
826
827
827
828
828
829
829
830
830
831
831
832
832
833
833
834
834
835
835
836
836
837
837
838
838
839
839
840
840
841
841
842
842
843
843
844
844
845
845
846
846
847
847
848
848
849
849
850
850
851
851
852
852
853
853
854
854
855
855
856
856
857
857
858
858
859
859
860
860
861
861
862
862
863
863
864
864
865
865
866
866
867
867
868
868
869
869
870
870
871
871
872
872
873
873
874
874
875
875
876
876
877
877
878
878
879
879
880
880
881
881
882
882
883
883
884
884
885
885
886
886
887
887
888
888
889
889
890
890
891
891
892
892
893
893
894
894
895
895
896
896
897
897
898
898
899
899
900
900
901
901
902
902
903
903
904
904
905
905
906
906
907
907
908
908
909
909
910
910
911
911
912
912
913
913
914
914
915
915
916
916
917
917
918
918
919
919
920
920
921
921
922
922
923
923
924
924
925
925
926
926
927
927
928
928
929
929
930
930
931
931
932
932
933
933
934
934
935
935
936
936
937
937
938
938
939
939
940
940
941
941
942
942
943
943
944
944
945
945
946
946
947
947
948
948
949
949
950
950
951
951
952
952
953
953
954
954
955
955
956
956
957
957
958
958
959
959
960
960
961
961
962
962
963
964
965
965
966
966
967
967
968
968
969
969
970
970
971
971
972
972
973
973
974
974
975
975
976
976
977
977
978
978
979
979
980
980
981
981
982
982
983
983
984
984
985
985
986
986
987
987
988
988
989
989
990
990
991
991
992
992
993
993
994
994
995
995
996
996
997
997
998
998
999
999
1000
1000
1001
1001
1002
1002
1003
1003
1004
1004
1005
1005
1006
1006
1007
1007
1008
1008
1009
1009
1010
1010
1011
1011
1012
1012
1013
1013
1014
1014
1015
1015
1016
1016
1017
1017
1018
1018
1019
1019
1020
1020
1021
1021
1022
1022
1023
1023
1024
1024
1025
1025
1026
1026
1027
1027
1028
1028
1029
1029
1030
1030
1031
1031
1032
1032
1033
1033
1034
1034
1035
1035
1036
1036
1037
1037
1038
1038
1039
1039
1040
1040
1041
1041
1042
1042
1043
1043
1044
1044
1045
1045
1046
1046
1047
1047
1048
1048
1049
1049
1050
1050
1051
1051
1052
1052
1053
1053
1054
1054
1055
1055
1056
1056
1057
1057
1058
1058
1059
1059
1060
1060
1061
1061
1062
1062
1063
1063
1064
1064
1065
1065
1066
1066
1067
1067
1068
1068
1069
1069
1070
1070
1071
1071
1072
1072
1073
1073
1074
1074
1075
1075
1076
1076
1077
1077
1078
1078
1079
1079
1080
1080
1081
1081
1082
1082
1083
1083
1084
1084
1085
1085
1086
1086
1087
1087
1088
1088
1089
1089
1090
1090
1091
1091
1092
1092
1093
1093
1094
1094
1095
1095
1096
1096
1097
1097
1098
1098
1099
1099
1100
1100
1101
1101
1102
1102
1103
1103
1104
1104
1105
1105
1106
1106
1107
1107
1108
1108
1109
1109
1110
1110
1111
1111
1112
1112
1113
1113
1114
1114
1115
1115
1116
1116
1117
1117
1118
1118
1119
1119
1120
1120
1121
1121
1122
1122
1123
1123
1124
1124
1125
1125
1126
1126
1127
1127
1128
1128
1129
1129
1130
1130
1131
1131
1132
1132
1133
1133
1134
1134
1135
1135
1136
1136
1137
1137
1138
1138
1139
1139
1140
1140
1141
1141
1142
1142
1143
1143
1144
1144
1145
1145
1146
1146
1147
1147
1148
1148
1149
1149
1150
1150
1151
1151
1152
1152
1153
1153
1154
1154
1155
1155
1156
1156
1157
1157
1158
1158
1159
1159
1160
1160
1161
1161
1162
1162
1163
1163
1164
1164
1165
1165
1166
1166
1167
1167
1168
1168
1169
1169
1170
1170
1171
1171
1172
1172
1173
1173
1174
1174
1175
1175
1176
1176
1177
1177
1178
1178
1179
1179
1180
1180
1181
1181
1182
1182
1183
1183
1184
1184
1185
1185
1186
1186
1187
1187
1188
1188
1189
1189
1190
1190
1191
1191
1192
1192
1193
1193
1194
1194
1195
1195
1196
1196
1197
1197
1198
1198
1199
1199
1200
1200
1201
1201
1202
1202
1203
1203
1204
1205
1206
1206
1207
1207
1208
1208
1209
1209
1210
1210
1211
1211
1212
1212
1213
1213
1214
1214
1215
1215
1216
1216
1217
1217
1218
1218
1219
1219
1220
1220
1221
1221
1222
1222
1223
1223
1224
1224
1225
1225
1226
1226
1227
1227
1228
1228
1229
1229
1230
1230
1231
1231
1232
1232
1233
1233
1234
1234
1235
1235
1236
1236
1237
1237
1238
1238
1239
1239
1240
1240
1241
1241
1242
1242
1243
1243
1244
1244
1245
1245
1246
1246
1247
1247
1248
1248
1249
1249
1250
1250
1251
1251
1252
1252
1253
1253
1254
1254
1255
1255
1256
1256
1257
1257
1258
1258
1259
1259
1260
1260
1261
1261
1262
1262
1263
1263
1264
1264
1265
1265
1266
1266
1267
1267
1268
1268
1269
1269
1270
1270
1271
1271
1272
1272
1273
1273
1274
1274
1275
1275
1276
1276
1277
1277
1278
1278
1279
1279
1280
1280
1281
1281
1282
1282
1283
1283
1284
1284
1285
1285
1286
1286
1287
1287
1288
1288
1289
1289
1290
1290
1291
1291
1292
1292
1293
1293
1294
1294
1295
1295
1296
1296
1297
1297
1298
1298
1299
1299
1300
1300
1301
1301
1302
1302
1303
1303
1304
1304
1305
1305
1306
1306
1307
1307
1308
1308
1309
1309
1310
1310
1311
1311
1312
1312
1313
1313
1314
1314
1315
1315
1316
1316
1317
1317
1318
1318
1319
1319
1320
1320
1321
1321
1322
1322
1323
1323
1324
1324
1325
1325
1326
1326
1327
1327
1328
1328
1329
1329
1330
1330
1331
1331
1332
1332
1333
1333
1334
1334
1335
1335
1336
1336
1337
1337
1338
1338
1339
1339
1340
1340
1341
1341
1342
1342
1343
1343
1344
1344
1345
1345
1346
1346
1347
1347
1348
1348
1349
1349
1350
1350
1351
1351
1352
1352
1353
1353
1354
1354
1355
1355
1356
1356
1357
1357
1358
1358
1359
1359
1360
1360
1361
1361
1362
1362
1363
1363
1364
1364
1365
1365
1366
1366
1367
1367
1368
1368
1369
1369
1370
1370
1371
1371
1372
1372
1373
1373
1374
1374
1375
1375
1376
1376
1377
1377
1378
1378
1379
1379
1380
1380
1381
1381
1382
1382
1383
1383
1384
1384
1385
1385
1386
1386
1387
1387
1388
1388
1389
1389
1390
1390
1391
1391
1392
1392
1393
1393
1394
1394
1395
1395
1396
1396
1397
1397
1398
1398
1399
1399
1400
1400
1401
1401
1402
1402
1403
1403
1404
1404
1405
1405
1406
1406
1407
1407
1408
1408
1409
1409
1410
1410
1411
1411
1412
1412
1413
1413
1414
1414
1415
1415
1416
1416
1417
1417
1418
1418
1419
1419
1420
1420
1421
1421
1422
1422
1423
1423
1424
1424
1425
1425
1426
1426
1427
1427
1428
1428
1429
1429
1430
1430
1431
1431
1432
1432
1433
1433
1434
1434
1435
1435
1436
1436
1437
1437
1438
1438
1439
1439
1440
1440
1441
1441
1442
1442
1443
1443
1444
1444
1445
1446
1447
1447
1448
1448
1449
1449
1450
1450
1451
1451
1452
1452
1453
1453
1454
1454
1455
1455
1456
1456
1457
1457
1458
1458
1459
1459
1460
1460
1461
1461
1462
1462
1463
1463
1464
1464
1465
1465
1466
1466
1467
1467
1468
1468
1469
1469
1470
1470
1471
1471
1472
1472
1473
1473
1474
1474
1475
1475
1476
1476
1477
1477
1478
1478
1479
1479
1480
1480
1481
1481
1482
1482
1483
1483
1484
1484
1485
1485
1486
1486
1487
1487
1488
1488
1489
1489
1490
1490
1491
1491
1492
1492
1493
1493
1494
1494
1495
1495
1496
1496
1497
1497
1498
1498
1499
1499
1500
1500
1501
1501
1502
1502
1503
1503
1504
1504
1505
1505
1506
1506
1507
1507
1508
1508
1509
1509
1510
1510
1511
1511
1512
1512
1513
1513
1514
1514
1515
1515
1516
1516
1517
1517
1518
1518
1519
1519
1520
1520
1521
1521
1522
1522
1523
1523
1524
1524
1525
1525
1526
1526
1527
1527
1528
1528
1529
1529
1530
1530
1531
1531
1532
1532
1533
1533
1534
1534
1535
1535
1536
1536
1537
1537
1538
1538
1539
1539
1540
1540
1541
1541
1542
1542
1543
1543
1544
1544
1545
1545
1546
1546
1547
1547
1548
1548
1549
1549
1550
1550
1551
1551
1552
1552
1553
1553
1554
1554
1555
1555
1556
1556
1557
1557
1558
1558
1559
1559
1560
1560
1561
1561
1562
1562
1563
1563
1564
1564
1565
1565
1566
1566
1567
1567
1568
1568
1569
1569
1570
1570
1571
1571
1572
1572
1573
1573
1574
1574
1575
1575
1576
1576
1577
1577
1578
1578
1579
1579
1580
1580
1581
1581
1582
1582
1583
1583
1584
1584
1585
1585
1586
1586
1587
1587
1588
1588
1589
1589
1590
1590
1591
1591
1592
1592
1593
1593
1594
1594
1595
1595
1596
1596
1597
1597
1598
1598
1599
1599
1600
1600
1601
1601
1602
1602
1603
1603
1604
1604
1605
1605
1606
1606
1607
1607
1608
1608
1609
1609
1610
1610
1611
1611
1612
1612
1613
1613
1614
1614
1615
1615
1616
1616
1617
1617
1618
1618
1619
1619
1620
1620
1621
1621
1622
1622
1623
1623
1624
1624
1625
1625
1626
1626
1627
1627
1628
1628
1629
1629
1630
1630
1631
1631
1632
1632
1633
1633
1634
1634
1635
1635
1636
1636
1637
1637
1638
1638
1639
1639
1640
1640
1641
1641
1642
1642
1643
1643
1644
1644
1645
1645
1646
1646
1647
1647
1648
1648
1649
1649
1650
1650
1651
1651
1652
1652
1653
1653
1654
1654
1655
1655
1656
1656
1657
1657
1658
1658
1659
1659
1660
1660
1661
1661
1662
1662
1663
1663
1664
1664
1665
1665
1666
1666
1667
1667
1668
1668
1669
1669
1670
1670
1671
1671
1672
1672
1673
1673
1674
1674
1675
1675
1676
1676
1677
1677
1678
1678
1679
1679
1680
1680
1681
1681
1682
1682
1683
1683
1684
1684
1685
1685
1686
1687
1688
1688
1689
1689
1690
1690
1691
1691
1692
1692
1693
1693
1694
1694
1695
1695
1696
1696
1697
1697
1698
1698
1699
1699
1700
1700
1701
1701
1702
1702
1703
1703
1704
1704
1705
1705
1706
1706
1707
1707
1708
1708
1709
1709
1710
1710
1711
1711
1712
1712
1713
1713
1714
1714
1715
1715
1716
1716
1717
1717
1718
1718
1719
1719
1720
1720
1721
1721
1722
1722
1723
1723
1724
1724
1725
1725
1726
1726
1727
1727
1728
1728
1729
1729
1730
1730
1731
1731
1732
1732
1733
1733
1734
1734
1735
1735
1736
1736
1737
1737
1738
1738
1739
1739
1740
1740
1741
1741
1742
1742
1743
1743
1744
1744
1745
1745
1746
1746
1747
1747
1748
1748
1749
1749
1750
1750
1751
1751
1752
1752
1753
1753
1754
1754
1755
1755
1756
1756
1757
1757
1758
1758
1759
1759
1760
1760
1761
1761
1762
1762
1763
1763
1764
1764
1765
1765
1766
1766
1767
1767
1768
1768
1769
1769
1770
1770
1771
1771
1772
1772
1773
1773
1774
1774
1775
1775
1776
1776
1777
1777
1778
1778
1779
1779
1780
1780
1781
1781
1782
1782
1783
1783
1784
1784
1785
1785
1786
1786
1787
1787
1788
1788
1789
1789
1790
1790
1791
1791
1792
1792
1793
1793
1794
1794
1795
1795
1796
1796
1797
1797
1798
1798
1799
1799
1800
1800
1801
1801
1802
1802
1803
1803
1804
1804
1805
1805
1806
1806
1807
1807
1808
1808
1809
1809
1810
1810
1811
1811
1812
1812
1813
1813
1814
1814
1815
1815
1816
1816
1817
1817
1818
1818
1819
1819
1820
1820
1821
1821
1822
1822
1823
1823
1824
1824
1825
1825
1826
1826
1827
1827
1828
1828
1829
1829
1830
1830
1831
1831
1832
1832
1833
1833
1834
1834
1835
1835
1836
1836
1837
1837
1838
1838
1839
1839
1840
1840
1841
1841
1842
1842
1843
1843
1844
1844
1845
1845
1846
1846
1847
1847
1848
1848
1849
1849
1850
1850
1851
1851
1852
1852
1853
1853
1854
1854
1855
1855
1856
1856
1857
1857
1858
1858
1859
1859
1860
1860
1861
1861
1862
1862
1863
1863
1864
1864
1865
1865
1866
1866
1867
1867
1868
1868
1869
1869
1870
1870
1871
1871
1872
1872
1873
1873
1874
1874
1875
1875
1876
1876
1877
1877
1878
1878
1879
1879
1880
1880
1881
1881
1882
1882
1883
1883
1884
1884
1885
1885
1886
1886
1887
1887
1888
1888
1889
1889
1890
1890
1891
1891
1892
1892
1893
1893
1894
1894
1895
1895
1896
1896
1897
1897
1898
1898
1899
1899
1900
1900
1901
1901
1902
1902
1903
1903
1904
1904
1905
1905
1906
1906
1907
1907
1908
1908
1909
1909
1910
1910
1911
1911
1912
1912
1913
1913
1914
1914
1915
1915
1916
1916
1917
1917
1918
1918
1919
1919
1920
1920
1921
1921
1922
1922
1923
1923
1924
1924
1925
1925
1926
1926
1927
1928
1929
1929
1930
1930
1931
1931
1932
1932
1933
1933
1934
1934
1935
1935
1936
1936
1937
1937
1938
1938
1939
1939
1940
1940
1941
1941
1942
1942
1943
1943
1944
1944
1945
1945
1946
1946
1947
1947
1948
1948
1949
1949
1950
1950
1951
1951
1952
1952
1953
1953
1954
1954
1955
1955
1956
1956
1957
1957
1958
1958
1959
1959
1960
1960
1961
1961
1962
1962
1963
1963
1964
1964
1965
1965
1966
1966
1967
1967
1968
1968
1969
1969
1970
1970
1971
1971
1972
1972
1973
1973
1974
1974
1975
1975
1976
1976
1977
1977
1978
1978
1979
1979
1980
1980
1981
1981
1982
1982
1983
1983
1984
1984
1985
1985
1986
1986
1987
1987
1988
1988
1989
1989
1990
1990
1991
1991
1992
1992
1993
1993
1994
1994
1995
1995
1996
1996
1997
1997
1998
1998
1999
1999
2000
2000
2001
2001
2002
2002
2003
2003
2004
2004
2005
2005
2006
2006
2007
2007
2008
2008
2009
2009
2010
2010
2011
2011
2012
2012
2013
2013
2014
2014
2015
2015
2016
2016
2017
2017
2018
2018
2019
2019
2020
2020
2021
2021
2022
2022
2023
2023
2024
2024
2025
2025
2026
2026
2027
2027
2028
2028
2029
2029
2030
2030
2031
2031
2032
2032
2033
2033
2034
2034
2035
2035
2036
2036
2037
2037
2038
2038
2039
2039
2040
2040
2041
2041
2042
2042
2043
2043
2044
2044
2045
2045
2046
2046
2047
2047
2048
2048
2049
2049
2050
2050
2051
2051
2052
2052
2053
2053
2054
2054
2055
2055
2056
2056
2057
2057
2058
2058
2059
2059
2060
2060
2061
2061
2062
2062
2063
2063
2064
2064
2065
2065
2066
2066
2067
2067
2068
2068
2069
2069
2070
2070
2071
2071
2072
2072
2073
2073
2074
2074
2075
2075
2076
2076
2077
2077
2078
2078
2079
2079
2080
2080
2081
2081
2082
2082
2083
2083
2084
2084
2085
2085
2086
2086
2087
2087
2088
2088
2089
2089
2090
2090
2091
2091
2092
2092
2093
2093
2094
2094
2095
2095
2096
2096
2097
2097
2098
2098
2099
2099
2100
2100
2101
2101
2102
2102
2103
2103
2104
2104
2105
2105
2106
2106
2107
2107
2108
2108
2109
2109
2110
2110
2111
2111
2112
2112
2113
2113
2114
2114
2115
2115
2116
2116
2117
2117
2118
2118
2119
2119
2120
2120
2121
2121
2122
2122
2123
2123
2124
2124
2125
2125
2126
2126
2127
2127
2128
2128
2129
2129
2130
2130
2131
2131
2132
2132
2133
2133
2134
2134
2135
2135
2136
2136
2137
2137
2138
2138
2139
2139
2140
2140
2141
2141
2142
2142
2143
2143
2144
2144
2145
2145
2146
2146
2147
2147
2148
2148
2149
2149
2150
2150
2151
2151
2152
2152
2153
2153
2154
2154
2155
2155
2156
2156
2157
2157
2158
2158
2159
2159
2160
2160
2161
2161
2162
2162
2163
2163
2164
2164
2165
2165
2166
2166
2167
2167
2168
2169
2170
2170
2171
2171
2172
2172
2173
2173
2174
2174
2175
2175
2176
2176
2177
2177
2178
2178
2179
2179
2180
2180
2181
2181
2182
2182
2183
2183
2184
2184
2185
2185
2186
2186
2187
2187
2188
2188
2189
2189
2190
2190
2191
2191
2192
2192
2193
2193
2194
2194
2195
2195
2196
2196
2197
2197
2198
2198
2199
2199
2200
2200
2201
2201
2202
2202
2203
2203
2204
2204
2205
2205
2206
2206
2207
2207
2208
2208
2209
2209
2210
2210
2211
2211
2212
2212
2213
2213
2214
2214
2215
2215
2216
2216
2217
2217
2218
2218
2219
2219
2220
2220
2221
2221
2222
2222
2223
2223
2224
2224
2225
2225
2226
2226
2227
2227
2228
2228
2229
2229
2230
2230
2231
2231
2232
2232
2233
2233
2234
2234
2235
2235
2236
2236
2237
2237
2238
2238
2239
2239
2240
2240
2241
2241
2242
2242
2243
2243
2244
2244
2245
2245
2246
2246
2247
2247
2248
2248
2249
2249
2250
2250
2251
2251
2252
2252
2253
2253
2254
2254
2255
2255
2256
2256
2257
2257
2258
2258
2259
2259
2260
2260
2261
2261
2262
2262
2263
2263
2264
2264
2265
2265
2266
2266
2267
2267
2268
2268
2269
2269
2270
2270
2271
2271
2272
2272
2273
2273
2274
2274
2275
2275
2276
2276
2277
2277
2278
2278
2279
2279
2280
2280
2281
2281
2282
2282
2283
2283
2284
2284
2285
2285
2286
2286
2287
2287
2288
2288
2289
2289
2290
2290
2291
2291
2292
2292
2293
2293
2294
2294
2295
2295
2296
2296
2297
2297
2298
2298
2299
2299
2300
2300
2301
2301
2302
2302
2303
2303
2304
2304
2305
2305
2306
2306
2307
2307
2308
2308
2309
2309
2310
2310
2311
2311
2312
2312
2313
2313
2314
2314
2315
2315
2316
2316
2317
2317
2318
2318
2319
2319
2320
2320
2321
2321
2322
2322
2323
2323
2324
2324
2325
2325
2326
2326
2327
2327
2328
2328
2329
2329
2330
2330
2331
2331
2332
2332
2333
2333
2334
2334
2335
2335
2336
2336
2337
2337
2338
2338
2339
2339
2340
2340
2341
2341
2342
2342
2343
2343
2344
2344
2345
2345
2346
2346
2347
2347
2348
2348
2349
2349
2350
2350
2351
2351
2352
2352
2353
2353
2354
2354
2355
2355
2356
2356
2357
2357
2358
2358
2359
2359
2360
2360
2361
2361
2362
2362
2363
2363
2364
2364
2365
2365
2366
2366
2367
2367
2368
2368
2369
2369
2370
2370
2371
2371
2372
2372
2373
2373
2374
2374
2375
2375
2376
2376
2377
2377
2378
2378
2379
2379
2380
2380
2381
2381
2382
2382
2383
2383
2384
2384
2385
2385
2386
2386
2387
2387
2388
2388
2389
2389
2390
2390
2391
2391
2392
2392
2393
2393
2394
2394
2395
2395
2396
2396
2397
2397
2398
2398
2399
2399
2400
2400
2401
2401
2402
2402
2403
2403
2404
2404
2405
2405
2406
2406
2407
2407
2408
2408
2409
2410
2411
2411
2412
2412
2413
2413
2414
2414
2415
2415
2416
2416
2417
2417
2418
2418
2419
2419
2420
2420
2421
2421
2422
2422
2423
2423
2424
2424
2425
2425
2426
2426
2427
2427
2428
2428
2429
2429
2430
2430
2431
2431
2432
2432
2433
2433
2434
2434
2435
2435
2436
2436
2437
2437
2438
2438
2439
2439
2440
2440
2441
2441
2442
2442
2443
2443
2444
2444
2445
2445
2446
2446
2447
2447
2448
2448
2449
2449
2450
2450
2451
2451
2452
2452
2453
2453
2454
2454
2455
2455
2456
2456
2457
2457
2458
2458
2459
2459
2460
2460
2461
2461
2462
2462
2463
2463
2464
2464
2465
2465
2466
2466
2467
2467
2468
2468
2469
2469
2470
2470
2471
2471
2472
2472
2473
2473
2474
2474
2475
2475
2476
2476
2477
2477
2478
2478
2479
2479
2480
2480
2481
2481
2482
2482
2483
2483
2484
2484
2485
2485
2486
2486
2487
2487
2488
2488
2489
2489
2490
2490
2491
2491
2492
2492
2493
2493
2494
2494
2495
2495
2496
2496
2497
2497
2498
2498
2499
2499
2500
2500
2501
2501
2502
2502
2503
2503
2504
2504
2505
2505
2506
2506
2507
2507
2508
2508
2509
2509
2510
2510
2511
2511
2512
2512
2513
2513
2514
2514
2515
2515
2516
2516
2517
2517
2518
2518
2519
2519
2520
2520
2521
2521
2522
2522
2523
2523
2524
2524
2525
2525
2526
2526
2527
2527
2528
2528
2529
2529
2530
2530
2531
2531
2532
2532
2533
2533
2534
2534
2535
2535
2536
2536
2537
2537
2538
2538
2539
2539
2540
2540
2541
2541
2542
2542
2543
2543
2544
2544
2545
2545
2546
2546
2547
2547
2548
2548
2549
2549
2550
2550
2551
2551
2552
2552
2553
2553
2554
2554
2555
2555
2556
2556
2557
2557
2558
2558
2559
2559
2560
2560
2561
2561
2562
2562
2563
2563
2564
2564
2565
2565
2566
2566
2567
2567
2568
2568
2569
2569
2570
2570
2571
2571
2572
2572
2573
2573
2574
2574
2575
2575
2576
2576
2577
2577
2578
2578
2579
2579
2580
2580
2581
2581
2582
2582
2583
2583
2584
2584
2585
2585
2586
2586
2587
2587
2588
2588
2589
2589
2590
2590
2591
2591
2592
2592
2593
2593
2594
2594
2595
2595
2596
2596
2597
2597
2598
2598
2599
2599
2600
2600
2601
2601
2602
2602
2603
2603
2604
2604
2605
2605
2606
2606
2607
2607
2608
2608
2609
2609
2610
2610
2611
2611
2612
2612
2613
2613
2614
2614
2615
2615
2616
2616
2617
2617
2618
2618
2619
2619
2620
2620
2621
2621
2622
2622
2623
2623
2624
2624
2625
2625
2626
2626
2627
2627
2628
2628
2629
2629
2630
2630
2631
2631
2632
2632
2633
2633
2634
2634
2635
2635
2636
2636
2637
2637
2638
2638
2639
2639
2640
2640
2641
2641
2642
2642
2643
2643
2644
2644
2645
2645
2646
2646
2647
2647
2648
2648
2649
2649
2650
2651
2652
2652
2653
2653
2654
2654
2655
2655
2656
2656
2657
2657
2658
2658
2659
2659
2660
2660
2661
2661
2662
2662
2663
2663
2664
2664
2665
2665
2666
2666
2667
2667
2668
2668
2669
2669
2670
2670
2671
2671
2672
2672
2673
2673
2674
2674
2675
2675
2676
2676
2677
2677
2678
2678
2679
2679
2680
2680
2681
2681
2682
2682
2683
2683
2684
2684
2685
2685
2686
2686
2687
2687
2688
2688
2689
2689
2690
2690
2691
2691
2692
2692
2693
2693
2694
2694
2695
2695
2696
2696
2697
2697
2698
2698
2699
2699
2700
2700
2701
2701
2702
2702
2703
2703
2704
2704
2705
2705
2706
2706
2707
2707
2708
2708
2709
2709
2710
2710
2711
2711
2712
2712
2713
2713
2714
2714
2715
2715
2716
2716
2717
2717
2718
2718
2719
2719
2720
2720
2721
2721
2722
2722
2723
2723
2724
2724
2725
2725
2726
2726
2727
2727
2728
2728
2729
2729
2730
2730
2731
2731
2732
2732
2733
2733
2734
2734
2735
2735
2736
2736
2737
2737
2738
2738
2739
2739
2740
2740
2741
2741
2742
2742
2743
2743
2744
2744
2745
2745
2746
2746
2747
2747
2748
2748
2749
2749
2750
2750
2751
2751
2752
2752
2753
2753
2754
2754
2755
2755
2756
2756
2757
2757
2758
2758
2759
2759
2760
2760
2761
2761
2762
2762
2763
2763
2764
2764
2765
2765
2766
2766
2767
2767
2768
2768
2769
2769
2770
2770
2771
2771
2772
2772
2773
2773
2774
2774
2775
2775
2776
2776
2777
2777
2778
2778
2779
2779
2780
2780
2781
2781
2782
2782
2783
2783
2784
2784
2785
2785
2786
2786
2787
2787
2788
2788
2789
2789
2790
2790
2791
2791
2792
2792
2793
2793
2794
2794
2795
2795
2796
2796
2797
2797
2798
2798
2799
2799
2800
2800
2801
2801
2802
2802
2803
2803
2804
2804
2805
2805
2806
2806
2807
2807
2808
2808
2809
2809
2810
2810
2811
2811
2812
2812
2813
2813
2814
2814
2815
2815
2816
2816
2817
2817
2818
2818
2819
2819
2820
2820
2821
2821
2822
2822
2823
2823
2824
2824
2825
2825
2826
2826
2827
2827
2828
2828
2829
2829
2830
2830
2831
2831
2832
2832
2833
2833
2834
2834
2835
2835
2836
2836
2837
2837
2838
2838
2839
2839
2840
2840
2841
2841
2842
2842
2843
2843
2844
2844
2845
2845
2846
2846
2847
2847
2848
2848
2849
2849
2850
2850
2851
2851
2852
2852
2853
2853
2854
2854
2855
2855
2856
2856
2857
2857
2858
2858
2859
2859
2860
2860
2861
2861
2862
2862
2863
2863
2864
2864
2865
2865
2866
2866
2867
2867
2868
2868
2869
2869
2870
2870
2871
2871
2872
2872
2873
2873
2874
2874
2875
2875
2876
2876
2877
2877
2878
2878
2879
2879
2880
2880
2881
2881
2882
2882
2883
2883
2884
2884
2885
2885
2886
2886
2887
2887
2888
2888
2889
2889
2890
2890
2891
2892
2893
2893
2894
2894
2895
2895
2896
2896
2897
2897
2898
2898
2899
2899
2900
2900
2901
2901
2902
2902
2903
2903
2904
2904
2905
2905
2906
2906
2907
2907
2908
2908
2909
2909
2910
2910
2911
2911
2912
2912
2913
2913
2914
2914
2915
2915
2916
2916
2917
2917
2918
2918
2919
2919
2920
2920
2921
2921
2922
2922
2923
2923
2924
2924
2925
2925
2926
2926
2927
2927
2928
2928
2929
2929
2930
2930
2931
2931
2932
2932
2933
2933
2934
2934
2935
2935
2936
2936
2937
2937
2938
2938
2939
2939
2940
2940
2941
2941
2942
2942
2943
2943
2944
2944
2945
2945
2946
2946
2947
2947
2948
2948
2949
2949
2950
2950
2951
2951
2952
2952
2953
2953
2954
2954
2955
2955
2956
2956
2957
2957
2958
2958
2959
2959
2960
2960
2961
2961
2962
2962
2963
2963
2964
2964
2965
2965
2966
2966
2967
2967
2968
2968
2969
2969
2970
2970
2971
2971
2972
2972
2973
2973
2974
2974
2975
2975
2976
2976
2977
2977
2978
2978
2979
2979
2980
2980
2981
2981
2982
2982
2983
2983
2984
2984
2985
2985
2986
2986
2987
2987
2988
2988
2989
2989
2990
2990
2991
2991
2992
2992
2993
2993
2994
2994
2995
2995
2996
2996
2997
2997
2998
2998
2999
2999
3000
3000
3001
3001
3002
3002
3003
3003
3004
3004
3005
3005
3006
3006
3007
3007
3008
3008
3009
3009
3010
3010
3011
3011
3012
3012
3013
3013
3014
3014
3015
3015
3016
3016
3017
3017
3018
3018
3019
3019
3020
3020
3021
3021
3022
3022
3023
3023
3024
3024
3025
3025
3026
3026
3027
3027
3028
3028
3029
3029
3030
3030
3031
3031
3032
3032
3033
3033
3034
3034
3035
3035
3036
3036
3037
3037
3038
3038
3039
3039
3040
3040
3041
3041
3042
3042
3043
3043
3044
3044
3045
3045
3046
3046
3047
3047
3048
3048
3049
3049
3050
3050
3051
3051
3052
3052
3053
3053
3054
3054
3055
3055
3056
3056
3057
3057
3058
3058
3059
3059
3060
3060
3061
3061
3062
3062
3063
3063
3064
3064
3065
3065
3066
3066
3067
3067
3068
3068
3069
3069
3070
3070
3071
3071
3072
3072
3073
3073
3074
3074
3075
3075
3076
3076
3077
3077
3078
3078
3079
3079
3080
3080
3081
3081
3082
3082
3083
3083
3084
3084
3085
3085
3086
3086
3087
3087
3088
3088
3089
3089
3090
3090
3091
3091
3092
3092
3093
3093
3094
3094
3095
3095
3096
3096
3097
3097
3098
3098
3099
3099
3100
3100
3101
3101
3102
3102
3103
3103
3104
3104
3105
3105
3106
3106
3107
3107
3108
3108
3109
3109
3110
3110
3111
3111
3112
3112
3113
3113
3114
3114
3115
3115
3116
3116
3117
3117
3118
3118
3119
3119
3120
3120
3121
3121
3122
3122
3123
3123
3124
3124
3125
3125
3126
3126
3127
3127
3128
3128
3129
3129
3130
3130
3131
3131
3132
3133
3134
3134
3135
3135
3136
3136
3137
3137
3138
3138
3139
3139
3140
3140
3141
3141
3142
3142
3143
3143
3144
3144
3145
3145
3146
3146
3147
3147
3148
3148
3149
3149
3150
3150
3151
3151
3152
3152
3153
3153
3154
3154
3155
3155
3156
3156
3157
3157
3158
3158
3159
3159
3160
3160
3161
3161
3162
3162
3163
3163
3164
3164
3165
3165
3166
3166
3167
3167
3168
3168
3169
3169
3170
3170
3171
3171
3172
3172
3173
3173
3174
3174
3175
3175
3176
3176
3177
3177
3178
3178
3179
3179
3180
3180
3181
3181
3182
3182
3183
3183
3184
3184
3185
3185
3186
3186
3187
3187
3188
3188
3189
3189
3190
3190
3191
3191
3192
3192
3193
3193
3194
3194
3195
3195
3196
3196
3197
3197
3198
3198
3199
3199
3200
3200
3201
3201
3202
3202
3203
3203
3204
3204
3205
3205
3206
3206
3207
3207
3208
3208
3209
3209
3210
3210
3211
3211
3212
3212
3213
3213
3214
3214
3215
3215
3216
3216
3217
3217
3218
3218
3219
3219
3220
3220
3221
3221
3222
3222
3223
3223
3224
3224
3225
3225
3226
3226
3227
3227
3228
3228
3229
3229
3230
3230
3231
3231
3232
3232
3233
3233
3234
3234
3235
3235
3236
3236
3237
3237
3238
3238
3239
3239
3240
3240
3241
3241
3242
3242
3243
3243
3244
3244
3245
3245
3246
3246
3247
3247
3248
3248
3249
3249
3250
3250
3251
3251
3252
3252
3253
3253
3254
3254
3255
3255
3256
3256
3257
3257
3258
3258
3259
3259
3260
3260
3261
3261
3262
3262
3263
3263
3264
3264
3265
3265
3266
3266
3267
3267
3268
3268
3269
3269
3270
3270
3271
3271
3272
3272
3273
3273
3274
3274
3275
3275
3276
3276
3277
3277
3278
3278
3279
3279
3280
3280
3281
3281
3282
3282
3283
3283
3284
3284
3285
3285
3286
3286
3287
3287
3288
3288
3289
3289
3290
3290
3291
3291
3292
3292
3293
3293
3294
3294
3295
3295
3296
3296
3297
3297
3298
3298
3299
3299
3300
3300
3301
3301
3302
3302
3303
3303
3304
3304
3305
3305
3306
3306
3307
3307
3308
3308
3309
3309
3310
3310
3311
3311
3312
3312
3313
3313
3314
3314
3315
3315
3316
3316
3317
3317
3318
3318
3319
3319
3320
3320
3321
3321
3322
3322
3323
3323
3324
3324
3325
3325
3326
3326
3327
3327
3328
3328
3329
3329
3330
3330
3331
3331
3332
3332
3333
3333
3334
3334
3335
3335
3336
3336
3337
3337
3338
3338
3339
3339
3340
3340
3341
3341
3342
3342
3343
3343
3344
3344
3345
3345
3346
3346
3347
3347
3348
3348
3349
3349
3350
3350
3351
3351
3352
3352
3353
3353
3354
3354
3355
3355
3356
3356
3357
3357
3358
3358
3359
3359
3360
3360
3361
3361
3362
3362
3363
3363
3364
3364
3365
3365
3366
3366
3367
3367
3368
3368
3369
3369
3370
3370
3371
3371
3372
3372
3373
3374
3375
3375
3376
3376
3377
3377
3378
3378
3379
3379
3380
3380
3381
3381
3382
3382
3383
3383
3384
3384
3385
3385
3386
3386
3387
3387
3388
3388
3389
3389
3390
3390
3391
3391
3392
3392
3393
3393
3394
3394
3395
3395
3396
3396
3397
3397
3398
3398
3399
3399
3400
3400
3401
3401
3402
3402
3403
3403
3404
3404
3405
3405
3406
3406
3407
3407
3408
3408
3409
3409
3410
3410
3411
3411
3412
3412
3413
3413
3414
3414
3415
3415
3416
3416
3417
3417
3418
3418
3419
3419
3420
3420
3421
3421
3422
3422
3423
3423
3424
3424
3425
3425
3426
3426
3427
3427
3428
3428
3429
3429
3430
3430
3431
3431
3432
3432
3433
3433
3434
3434
3435
3435
3436
3436
3437
3437
3438
3438
3439
3439
3440
3440
3441
3441
3442
3442
3443
3443
3444
3444
3445
3445
3446
3446
3447
3447
3448
3448
3449
3449
3450
3450
3451
3451
3452
3452
3453
3453
3454
3454
3455
3455
3456
3456
3457
3457
3458
3458
3459
3459
3460
3460
3461
3461
3462
3462
3463
3463
3464
3464
3465
3465
3466
3466
3467
3467
3468
3468
3469
3469
3470
3470
3471
3471
3472
3472
3473
3473
3474
3474
3475
3475
3476
3476
3477
3477
3478
3478
3479
3479
3480
3480
3481
3481
3482
3482
3483
3483
3484
3484
3485
3485
3486
3486
3487
3487
3488
3488
3489
3489
3490
3490
3491
3491
3492
3492
3493
3493
3494
3494
3495
3495
3496
3496
3497
3497
3498
3498
3499
3499
3500
3500
3501
3501
3502
3502
3503
3503
3504
3504
3505
3505
3506
3506
3507
3507
3508
3508
3509
3509
3510
3510
3511
3511
3512
3512
3513
3513
3514
3514
3515
3515
3516
3516
3517
3517
3518
3518
3519
3519
3520
3520
3521
3521
3522
3522
3523
3523
3524
3524
3525
3525
3526
3526
3527
3527
3528
3528
3529
3529
3530
3530
3531
3531
3532
3532
3533
3533
3534
3534
3535
3535
3536
3536
3537
3537
3538
3538
3539
3539
3540
3540
3541
3541
3542
3542
3543
3543
3544
3544
3545
3545
3546
3546
3547
3547
3548
3548
3549
3549
3550
3550
3551
3551
3552
3552
3553
3553
3554
3554
3555
3555
3556
3556
3557
3557
3558
3558
3559
3559
3560
3560
3561
3561
3562
3562
3563
3563
3564
3564
3565
3565
3566
3566
3567
3567
3568
3568
3569
3569
3570
3570
3571
3571
3572
3572
3573
3573
3574
3574
3575
3575
3576
3576
3577
3577
3578
3578
3579
3579
3580
3580
3581
3581
3582
3582
3583
3583
3584
3584
3585
3585
3586
3586
3587
3587
3588
3588
3589
3589
3590
3590
3591
3591
3592
3592
3593
3593
3594
3594
3595
3595
3596
3596
3597
3597
3598
3598
3599
3599
3600
3600
3601
3601
3602
3602
3603
3603
3604
3604
3605
3605
3606
3606
3607
3607
3608
3608
3609
3609
3610
3610
3611
3611
3612
3612
3613
3613
3614
3615
3616
3616
3617
3617
3618
3618
3619
3619
3620
3620
3621
3621
3622
3622
3623
3623
3624
3624
3625
3625
3626
3626
3627
3627
3628
3628
3629
3629
3630
3630
3631
3631
3632
3632
3633
3633
3634
3634
3635
3635
3636
3636
3637
3637
3638
3638
3639
3639
3640
3640
3641
3641
3642
3642
3643
3643
3644
3644
3645
3645
3646
3646
3647
3647
3648
3648
3649
3649
3650
3650
3651
3651
3652
3652
3653
3653
3654
3654
3655
3655
3656
3656
3657
3657
3658
3658
3659
3659
3660
3660
3661
3661
3662
3662
3663
3663
3664
3664
3665
3665
3666
3666
3667
3667
3668
3668
3669
3669
3670
3670
3671
3671
3672
3672
3673
3673
3674
3674
3675
3675
3676
3676
3677
3677
3678
3678
3679
3679
3680
3680
3681
3681
3682
3682
3683
3683
3684
3684
3685
3685
3686
3686
3687
3687
3688
3688
3689
3689
3690
3690
3691
3691
3692
3692
3693
3693
3694
3694
3695
3695
3696
3696
3697
3697
3698
3698
3699
3699
3700
3700
3701
3701
3702
3702
3703
3703
3704
3704
3705
3705
3706
3706
3707
3707
3708
3708
3709
3709
3710
3710
3711
3711
3712
3712
3713
3713
3714
3714
3715
3715
3716
3716
3717
3717
3718
3718
3719
3719
3720
3720
3721
3721
3722
3722
3723
3723
3724
3724
3725
3725
3726
3726
3727
3727
3728
3728
3729
3729
3730
3730
3731
3731
3732
3732
3733
3733
3734
3734
3735
3735
3736
3736
3737
3737
3738
3738
3739
3739
3740
3740
3741
3741
3742
3742
3743
3743
3744
3744
3745
3745
3746
3746
3747
3747
3748
3748
3749
3749
3750
3750
3751
3751
3752
3752
3753
3753
3754
3754
3755
3755
3756
3756
3757
3757
3758
3758
3759
3759
3760
3760
3761
3761
3762
3762
3763
3763
3764
3764
3765
3765
3766
3766
3767
3767
3768
3768
3769
3769
3770
3770
3771
3771
3772
3772
3773
3773
3774
3774
3775
3775
3776
3776
3777
3777
3778
3778
3779
3779
3780
3780
3781
3781
3782
3782
3783
3783
3784
3784
3785
3785
3786
3786
3787
3787
3788
3788
3789
3789
3790
3790
3791
3791
3792
3792
3793
3793
3794
3794
3795
3795
3796
3796
3797
3797
3798
3798
3799
3799
3800
3800
3801
3801
3802
3802
3803
3803
3804
3804
3805
3805
3806
3806
3807
3807
3808
3808
3809
3809
3810
3810
3811
3811
3812
3812
3813
3813
3814
3814
3815
3815
3816
3816
3817
3817
3818
3818
3819
3819
3820
3820
3821
3821
3822
3822
3823
3823
3824
3824
3825
3825
3826
3826
3827
3827
3828
3828
3829
3829
3830
3830
3831
3831
3832
3832
3833
3833
3834
3834
3835
3835
3836
3836
3837
3837
3838
3838
3839
3839
3840
3840
3841
3841
3842
3842
3843
3843
3844
3844
3845
3845
3846
3846
3847
3847
3848
3848
3849
3849
3850
3850
3851
3851
3852
3852
3853
3853
3854
3854
3855
3856
3857
3857
3858
3858
3859
3859
3860
3860
3861
3861
3862
3862
3863
3863
3864
3864
3865
3865
3866
3866
3867
3867
3868
3868
3869
3869
3870
3870
3871
3871
3872
3872
3873
3873
3874
3874
3875
3875
3876
3876
3877
3877
3878
3878
3879
3879
3880
3880
3881
3881
3882
3882
3883
3883
3884
3884
3885
3885
3886
3886
3887
3887
3888
3888
3889
3889
3890
3890
3891
3891
3892
3892
3893
3893
3894
3894
3895
3895
3896
3896
3897
3897
3898
3898
3899
3899
3900
3900
3901
3901
3902
3902
3903
3903
3904
3904
3905
3905
3906
3906
3907
3907
3908
3908
3909
3909
3910
3910
3911
3911
3912
3912
3913
3913
3914
3914
3915
3915
3916
3916
3917
3917
3918
3918
3919
3919
3920
3920
3921
3921
3922
3922
3923
3923
3924
3924
3925
3925
3926
3926
3927
3927
3928
3928
3929
3929
3930
3930
3931
3931
3932
3932
3933
3933
3934
3934
3935
3935
3936
3936
3937
3937
3938
3938
3939
3939
3940
3940
3941
3941
3942
3942
3943
3943
3944
3944
3945
3945
3946
3946
3947
3947
3948
3948
3949
3949
3950
3950
3951
3951
3952
3952
3953
3953
3954
3954
3955
3955
3956
3956
3957
3957
3958
3958
3959
3959
3960
3960
3961
3961
3962
3962
3963
3963
3964
3964
3965
3965
3966
3966
3967
3967
3968
3968
3969
3969
3970
3970
3971
3971
3972
3972
3973
3973
3974
3974
3975
3975
3976
3976
3977
3977
3978
3978
3979
3979
3980
3980
3981
3981
3982
3982
3983
3983
3984
3984
3985
3985
3986
3986
3987
3987
3988
3988
3989
3989
3990
3990
3991
3991
3992
3992
3993
3993
3994
3994
3995
3995
3996
3996
3997
3997
3998
3998
3999
3999
4000
4000
4001
4001
4002
4002
4003
4003
4004
4004
4005
4005
4006
4006
4007
4007
4008
4008
4009
4009
4010
4010
4011
4011
4012
4012
4013
4013
4014
4014
4015
4015
4016
4016
4017
4017
4018
4018
4019
4019
4020
4020
4021
4021
4022
4022
4023
4023
4024
4024
4025
4025
4026
4026
4027
4027
4028
4028
4029
4029
4030
4030
4031
4031
4032
4032
4033
4033
4034
4034
4035
4035
4036
4036
4037
4037
4038
4038
4039
4039
4040
4040
4041
4041
4042
4042
4043
4043
4044
4044
4045
4045
4046
4046
4047
4047
4048
4048
4049
4049
4050
4050
4051
4051
4052
4052
4053
4053
4054
4054
4055
4055
4056
4056
4057
4057
4058
4058
4059
4059
4060
4060
4061
4061
4062
4062
4063
4063
4064
4064
4065
4065
4066
4066
4067
4067
4068
4068
4069
4069
4070
4070
4071
4071
4072
4072
4073
4073
4074
4074
4075
4075
4076
4076
4077
4077
4078
4078
4079
4079
4080
4080
4081
4081
4082
4082
4083
4083
4084
4084
4085
4085
4086
4086
4087
4087
4088
4088
4089
4089
4090
4090
4091
4091
4092
4092
4093
4093
4094
4094
4095
4095
4096
4097
4098
4098
4099
4099
4100
4100
4101
4101
4102
4102
4103
4103
4104
4104
4105
4105
4106
4106
4107
4107
4108
4108
4109
4109
4110
4110
4111
4111
4112
4112
4113
4113
4114
4114
4115
4115
4116
4116
4117
4117
4118
4118
4119
4119
4120
4120
4121
4121
4122
4122
4123
4123
4124
4124
4125
4125
4126
4126
4127
4127
4128
4128
4129
4129
4130
4130
4131
4131
4132
4132
4133
4133
4134
4134
4135
4135
4136
4136
4137
4137
4138
4138
4139
4139
4140
4140
4141
4141
4142
4142
4143
4143
4144
4144
4145
4145
4146
4146
4147
4147
4148
4148
4149
4149
4150
4150
4151
4151
4152
4152
4153
4153
4154
4154
4155
4155
4156
4156
4157
4157
4158
4158
4159
4159
4160
4160
4161
4161
4162
4162
4163
4163
4164
4164
4165
4165
4166
4166
4167
4167
4168
4168
4169
4169
4170
4170
4171
4171
4172
4172
4173
4173
4174
4174
4175
4175
4176
4176
4177
4177
4178
4178
4179
4179
4180
4180
4181
4181
4182
4182
4183
4183
4184
4184
4185
4185
4186
4186
4187
4187
4188
4188
4189
4189
4190
4190
4191
4191
4192
4192
4193
4193
4194
4194
4195
4195
4196
4196
4197
4197
4198
4198
4199
4199
4200
4200
4201
4201
4202
4202
4203
4203
4204
4204
4205
4205
4206
4206
4207
4207
4208
4208
4209
4209
4210
4210
4211
4211
4212
4212
4213
4213
4214
4214
4215
4215
4216
4216
4217
4217
4218
4218
4219
4219
4220
4220
4221
4221
4222
4222
4223
4223
4224
4224
4225
4225
4226
4226
4227
4227
4228
4228
4229
4229
4230
4230
4231
4231
4232
4232
4233
4233
4234
4234
4235
4235
4236
4236
4237
4237
4238
4238
4239
4239
4240
4240
4241
4241
4242
4242
4243
4243
4244
4244
4245
4245
4246
4246
4247
4247
4248
4248
4249
4249
4250
4250
4251
4251
4252
4252
4253
4253
4254
4254
4255
4255
4256
4256
4257
4257
4258
4258
4259
4259
4260
4260
4261
4261
4262
4262
4263
4263
4264
4264
4265
4265
4266
4266
4267
4267
4268
4268
4269
4269
4270
4270
4271
4271
4272
4272
4273
4273
4274
4274
4275
4275
4276
4276
4277
4277
4278
4278
4279
4279
4280
4280
4281
4281
4282
4282
4283
4283
4284
4284
4285
4285
4286
4286
4287
4287
4288
4288
4289
4289
4290
4290
4291
4291
4292
4292
4293
4293
4294
4294
4295
4295
4296
4296
4297
4297
4298
4298
4299
4299
4300
4300
4301
4301
4302
4302
4303
4303
4304
4304
4305
4305
4306
4306
4307
4307
4308
4308
4309
4309
4310
4310
4311
4311
4312
4312
4313
4313
4314
4314
4315
4315
4316
4316
4317
4317
4318
4318
4319
4319
4320
4320
4321
4321
4322
4322
4323
4323
4324
4324
4325
4325
4326
4326
4327
4327
4328
4328
4329
4329
4330
4330
4331
4331
4332
4332
4333
4333
4334
4334
4335
4335
4336
4336
4337
4338
4339
4339
4340
4340
4341
4341
4342
4342
4343
4343
4344
4344
4345
4345
4346
4346
4347
4347
4348
4348
4349
4349
4350
4350
4351
4351
4352
4352
4353
4353
4354
4354
4355
4355
4356
4356
4357
4357
4358
4358
4359
4359
4360
4360
4361
4361
4362
4362
4363
4363
4364
4364
4365
4365
4366
4366
4367
4367
4368
4368
4369
4369
4370
4370
4371
4371
4372
4372
4373
4373
4374
4374
4375
4375
4376
4376
4377
4377
4378
4378
4379
4379
4380
4380
4381
4381
4382
4382
4383
4383
4384
4384
4385
4385
4386
4386
4387
4387
4388
4388
4389
4389
4390
4390
4391
4391
4392
4392
4393
4393
4394
4394
4395
4395
4396
4396
4397
4397
4398
4398
4399
4399
4400
4400
4401
4401
4402
4402
4403
4403
4404
4404
4405
4405
4406
4406
4407
4407
4408
4408
4409
4409
4410
4410
4411
4411
4412
4412
4413
4413
4414
4414
4415
4415
4416
4416
4417
4417
4418
4418
4419
4419
4420
4420
4421
4421
4422
4422
4423
4423
4424
4424
4425
4425
4426
4426
4427
4427
4428
4428
4429
4429
4430
4430
4431
4431
4432
4432
4433
4433
4434
4434
4435
4435
4436
4436
4437
4437
4438
4438
4439
4439
4440
4440
4441
4441
4442
4442
4443
4443
4444
4444
4445
4445
4446
4446
4447
4447
4448
4448
4449
4449
4450
4450
4451
4451
4452
4452
4453
4453
4454
4454
4455
4455
4456
4456
4457
4457
4458
4458
4459
4459
4460
4460
4461
4461
4462
4462
4463
4463
4464
4464
4465
4465
4466
4466
4467
4467
4468
4468
4469
4469
4470
4470
4471
4471
4472
4472
4473
4473
4474
4474
4475
4475
4476
4476
4477
4477
4478
4478
4479
4479
4480
4480
4481
4481
4482
4482
4483
4483
4484
4484
4485
4485
4486
4486
4487
4487
4488
4488
4489
4489
4490
4490
4491
4491
4492
4492
4493
4493
4494
4494
4495
4495
4496
4496
4497
4497
4498
4498
4499
4499
4500
4500
4501
4501
4502
4502
4503
4503
4504
4504
4505
4505
4506
4506
4507
4507
4508
4508
4509
4509
4510
4510
4511
4511
4512
4512
4513
4513
4514
4514
4515
4515
4516
4516
4517
4517
4518
4518
4519
4519
4520
4520
4521
4521
4522
4522
4523
4523
4524
4524
4525
4525
4526
4526
4527
4527
4528
4528
4529
4529
4530
4530
4531
4531
4532
4532
4533
4533
4534
4534
4535
4535
4536
4536
4537
4537
4538
4538
4539
4539
4540
4540
4541
4541
4542
4542
4543
4543
4544
4544
4545
4545
4546
4546
4547
4547
4548
4548
4549
4549
4550
4550
4551
4551
4552
4552
4553
4553
4554
4554
4555
4555
4556
4556
4557
4557
4558
4558
4559
4559
4560
4560
4561
4561
4562
4562
4563
4563
4564
4564
4565
4565
4566
4566
4567
4567
4568
4568
4569
4569
4570
4570
4571
4571
4572
4572
4573
4573
4574
4574
4575
4575
4576
4576
4577
4577
4578
4579
4580
4580
4581
4581
4582
4582
4583
4583
4584
4584
4585
4585
4586
4586
4587
4587
4588
4588
4589
4589
4590
4590
4591
4591
4592
4592
4593
4593
4594
4594
4595
4595
4596
4596
4597
4597
4598
4598
4599
4599
4600
4600
4601
4601
4602
4602
4603
4603
4604
4604
4605
4605
4606
4606
4607
4607
4608
4608
4609
4609
4610
4610
4611
4611
4612
4612
4613
4613
4614
4614
4615
4615
4616
4616
4617
4617
4618
4618
4619
4619
4620
4620
4621
4621
4622
4622
4623
4623
4624
4624
4625
4625
4626
4626
4627
4627
4628
4628
4629
4629
4630
4630
4631
4631
4632
4632
4633
4633
4634
4634
4635
4635
4636
4636
4637
4637
4638
4638
4639
4639
4640
4640
4641
4641
4642
4642
4643
4643
4644
4644
4645
4645
4646
4646
4647
4647
4648
4648
4649
4649
4650
4650
4651
4651
4652
4652
4653
4653
4654
4654
4655
4655
4656
4656
4657
4657
4658
4658
4659
4659
4660
4660
4661
4661
4662
4662
4663
4663
4664
4664
4665
4665
4666
4666
4667
4667
4668
4668
4669
4669
4670
4670
4671
4671
4672
4672
4673
4673
4674
4674
4675
4675
4676
4676
4677
4677
4678
4678
4679
4679
4680
4680
4681
4681
4682
4682
4683
4683
4684
4684
4685
4685
4686
4686
4687
4687
4688
4688
4689
4689
4690
4690
4691
4691
4692
4692
4693
4693
4694
4694
4695
4695
4696
4696
4697
4697
4698
4698
4699
4699
4700
4700
4701
4701
4702
4702
4703
4703
4704
4704
4705
4705
4706
4706
4707
4707
4708
4708
4709
4709
4710
4710
4711
4711
4712
4712
4713
4713
4714
4714
4715
4715
4716
4716
4717
4717
4718
4718
4719
4719
4720
4720
4721
4721
4722
4722
4723
4723
4724
4724
4725
4725
4726
4726
4727
4727
4728
4728
4729
4729
4730
4730
4731
4731
4732
4732
4733
4733
4734
4734
4735
4735
4736
4736
4737
4737
4738
4738
4739
4739
4740
4740
4741
4741
4742
4742
4743
4743
4744
4744
4745
4745
4746
4746
4747
4747
4748
4748
4749
4749
4750
4750
4751
4751
4752
4752
4753
4753
4754
4754
4755
4755
4756
4756
4757
4757
4758
4758
4759
4759
4760
4760
4761
4761
4762
4762
4763
4763
4764
4764
4765
4765
4766
4766
4767
4767
4768
4768
4769
4769
4770
4770
4771
4771
4772
4772
4773
4773
4774
4774
4775
4775
4776
4776
4777
4777
4778
4778
4779
4779
4780
4780
4781
4781
4782
4782
4783
4783
4784
4784
4785
4785
4786
4786
4787
4787
4788
4788
4789
4789
4790
4790
4791
4791
4792
4792
4793
4793
4794
4794
4795
4795
4796
4796
4797
4797
4798
4798
4799
4799
4800
4800
4801
4801
4802
4802
4803
4803
4804
4804
4805
4805
4806
4806
4807
4807
4808
4808
4809
4809
4810
4810
4811
4811
4812
4812
4813
4813
4814
4814
4815
4815
4816
4816
4817
4817
4818
4818
4819
4820
4821
4821
4822
4822
4823
4823
4824
4824
4825
4825
4826
4826
4827
4827
4828
4828
4829
4829
4830
4830
4831
4831
4832
4832
4833
4833
4834
4834
4835
4835
4836
4836
4837
4837
4838
4838
4839
4839
4840
4840
4841
4841
4842
4842
4843
4843
4844
4844
4845
4845
4846
4846
4847
4847
4848
4848
4849
4849
4850
4850
4851
4851
4852
4852
4853
4853
4854
4854
4855
4855
4856
4856
4857
4857
4858
4858
4859
4859
4860
4860
4861
4861
4862
4862
4863
4863
4864
4864
4865
4865
4866
4866
4867
4867
4868
4868
4869
4869
4870
4870
4871
4871
4872
4872
4873
4873
4874
4874
4875
4875
4876
4876
4877
4877
4878
4878
4879
4879
4880
4880
4881
4881
4882
4882
4883
4883
4884
4884
4885
4885
4886
4886
4887
4887
4888
4888
4889
4889
4890
4890
4891
4891
4892
4892
4893
4893
4894
4894
4895
4895
4896
4896
4897
4897
4898
4898
4899
4899
4900
4900
4901
4901
4902
4902
4903
4903
4904
4904
4905
4905
4906
4906
4907
4907
4908
4908
4909
4909
4910
4910
4911
4911
4912
4912
4913
4913
4914
4914
4915
4915
4916
4916
4917
4917
4918
4918
4919
4919
4920
4920
4921
4921
4922
4922
4923
4923
4924
4924
4925
4925
4926
4926
4927
4927
4928
4928
4929
4929
4930
4930
4931
4931
4932
4932
4933
4933
4934
4934
4935
4935
4936
4936
4937
4937
4938
4938
4939
4939
4940
4940
4941
4941
4942
4942
4943
4943
4944
4944
4945
4945
4946
4946
4947
4947
4948
4948
4949
4949
4950
4950
4951
4951
4952
4952
4953
4953
4954
4954
4955
4955
4956
4956
4957
4957
4958
4958
4959
4959
4960
4960
4961
4961
4962
4962
4963
4963
4964
4964
4965
4965
4966
4966
4967
4967
4968
4968
4969
4969
4970
4970
4971
4971
4972
4972
4973
4973
4974
4974
4975
4975
4976
4976
4977
4977
4978
4978
4979
4979
4980
4980
4981
4981
4982
4982
4983
4983
4984
4984
4985
4985
4986
4986
4987
4987
4988
4988
4989
4989
4990
4990
4991
4991
4992
4992
4993
4993
4994
4994
4995
4995
4996
4996
4997
4997
4998
4998
4999
4999
5000
5000
5001
5001
5002
5002
5003
5003
5004
5004
5005
5005
5006
5006
5007
5007
5008
5008
5009
5009
5010
5010
5011
5011
5012
5012
5013
5013
5014
5014
5015
5015
5016
5016
5017
5017
5018
5018
5019
5019
5020
5020
5021
5021
5022
5022
5023
5023
5024
5024
5025
5025
5026
5026
5027
5027
5028
5028
5029
5029
5030
5030
5031
5031
5032
5032
5033
5033
5034
5034
5035
5035
5036
5036
5037
5037
5038
5038
5039
5039
5040
5040
5041
5041
5042
5042
5043
5043
5044
5044
5045
5045
5046
5046
5047
5047
5048
5048
5049
5049
5050
5050
5051
5051
5052
5052
5053
5053
5054
5054
5055
5055
5056
5056
5057
5057
5058
5058
5059
5059
5060
5061
5062
5062
5063
5063
5064
5064
5065
5065
5066
5066
5067
5067
5068
5068
5069
5069
5070
5070
5071
5071
5072
5072
5073
5073
5074
5074
5075
5075
5076
5076
5077
5077
5078
5078
5079
5079
5080
5080
5081
5081
5082
5082
5083
5083
5084
5084
5085
5085
5086
5086
5087
5087
5088
5088
5089
5089
5090
5090
5091
5091
5092
5092
5093
5093
5094
5094
5095
5095
5096
5096
5097
5097
5098
5098
5099
5099
5100
5100
5101
5101
5102
5102
5103
5103
5104
5104
5105
5105
5106
5106
5107
5107
5108
5108
5109
5109
5110
5110
5111
5111
5112
5112
5113
5113
5114
5114
5115
5115
5116
5116
5117
5117
5118
5118
5119
5119
5120
5120
5121
5121
5122
5122
5123
5123
5124
5124
5125
5125
5126
5126
5127
5127
5128
5128
5129
5129
5130
5130
5131
5131
5132
5132
5133
5133
5134
5134
5135
5135
5136
5136
5137
5137
5138
5138
5139
5139
5140
5140
5141
5141
5142
5142
5143
5143
5144
5144
5145
5145
5146
5146
5147
5147
5148
5148
5149
5149
5150
5150
5151
5151
5152
5152
5153
5153
5154
5154
5155
5155
5156
5156
5157
5157
5158
5158
5159
5159
5160
5160
5161
5161
5162
5162
5163
5163
5164
5164
5165
5165
5166
5166
5167
5167
5168
5168
5169
5169
5170
5170
5171
5171
5172
5172
5173
5173
5174
5174
5175
5175
5176
5176
5177
5177
5178
5178
5179
5179
5180
5180
5181
5181
5182
5182
5183
5183
5184
5184
5185
5185
5186
5186
5187
5187
5188
5188
5189
5189
5190
5190
5191
5191
5192
5192
5193
5193
5194
5194
5195
5195
5196
5196
5197
5197
5198
5198
5199
5199
5200
5200
5201
5201
5202
5202
5203
5203
5204
5204
5205
5205
5206
5206
5207
5207
5208
5208
5209
5209
5210
5210
5211
5211
5212
5212
5213
5213
5214
5214
5215
5215
5216
5216
5217
5217
5218
5218
5219
5219
5220
5220
5221
5221
5222
5222
5223
5223
5224
5224
5225
5225
5226
5226
5227
5227
5228
5228
5229
5229
5230
5230
5231
5231
5232
5232
5233
5233
5234
5234
5235
5235
5236
5236
5237
5237
5238
5238
5239
5239
5240
5240
5241
5241
5242
5242
5243
5243
5244
5244
5245
5245
5246
5246
5247
5247
5248
5248
5249
5249
5250
5250
5251
5251
5252
5252
5253
5253
5254
5254
5255
5255
5256
5256
5257
5257
5258
5258
5259
5259
5260
5260
5261
5261
5262
5262
5263
5263
5264
5264
5265
5265
5266
5266
5267
5267
5268
5268
5269
5269
5270
5270
5271
5271
5272
5272
5273
5273
5274
5274
5275
5275
5276
5276
5277
5277
5278
5278
5279
5279
5280
5280
5281
5281
5282
5282
5283
5283
5284
5284
5285
5285
5286
5286
5287
5287
5288
5288
5289
5289
5290
5290
5291
5291
5292
5292
5293
5293
5294
5294
5295
5295
5296
5296
5297
5297
5298
5298
5299
5299
5300
5300
5301
5302
5303
5303
5304
5304
5305
5305
5306
5306
5307
5307
5308
5308
5309
5309
5310
5310
5311
5311
5312
5312
5313
5313
5314
5314
5315
5315
5316
5316
5317
5317
5318
5318
5319
5319
5320
5320
5321
5321
5322
5322
5323
5323
5324
5324
5325
5325
5326
5326
5327
5327
5328
5328
5329
5329
5330
5330
5331
5331
5332
5332
5333
5333
5334
5334
5335
5335
5336
5336
5337
5337
5338
5338
5339
5339
5340
5340
5341
5341
5342
5342
5343
5343
5344
5344
5345
5345
5346
5346
5347
5347
5348
5348
5349
5349
5350
5350
5351
5351
5352
5352
5353
5353
5354
5354
5355
5355
5356
5356
5357
5357
5358
5358
5359
5359
5360
5360
5361
5361
5362
5362
5363
5363
5364
5364
5365
5365
5366
5366
5367
5367
5368
5368
5369
5369
5370
5370
5371
5371
5372
5372
5373
5373
5374
5374
5375
5375
5376
5376
5377
5377
5378
5378
5379
5379
5380
5380
5381
5381
5382
5382
5383
5383
5384
5384
5385
5385
5386
5386
5387
5387
5388
5388
5389
5389
5390
5390
5391
5391
5392
5392
5393
5393
5394
5394
5395
5395
5396
5396
5397
5397
5398
5398
5399
5399
5400
5400
5401
5401
5402
5402
5403
5403
5404
5404
5405
5405
5406
5406
5407
5407
5408
5408
5409
5409
5410
5410
5411
5411
5412
5412
5413
5413
5414
5414
5415
5415
5416
5416
5417
5417
5418
5418
5419
5419
5420
5420
5421
5421
5422
5422
5423
5423
5424
5424
5425
5425
5426
5426
5427
5427
5428
5428
5429
5429
5430
5430
5431
5431
5432
5432
5433
5433
5434
5434
5435
5435
5436
5436
5437
5437
5438
5438
5439
5439
5440
5440
5441
5441
5442
5442
5443
5443
5444
5444
5445
5445
5446
5446
5447
5447
5448
5448
5449
5449
5450
5450
5451
5451
5452
5452
5453
5453
5454
5454
5455
5455
5456
5456
5457
5457
5458
5458
5459
5459
5460
5460
5461
5461
5462
5462
5463
5463
5464
5464
5465
5465
5466
5466
5467
5467
5468
5468
5469
5469
5470
5470
5471
5471
5472
5472
5473
5473
5474
5474
5475
5475
5476
5476
5477
5477
5478
5478
5479
5479
5480
5480
5481
5481
5482
5482
5483
5483
5484
5484
5485
5485
5486
5486
5487
5487
5488
5488
5489
5489
5490
5490
5491
5491
5492
5492
5493
5493
5494
5494
5495
5495
5496
5496
5497
5497
5498
5498
5499
5499
5500
5500
5501
5501
5502
5502
5503
5503
5504
5504
5505
5505
5506
5506
5507
5507
5508
5508
5509
5509
5510
5510
5511
5511
5512
5512
5513
5513
5514
5514
5515
5515
5516
5516
5517
5517
5518
5518
5519
5519
5520
5520
5521
5521
5522
5522
5523
5523
5524
5524
5525
5525
5526
5526
5527
5527
5528
5528
5529
5529
5530
5530
5531
5531
5532
5532
5533
5533
5534
5534
5535
5535
5536
5536
5537
5537
5538
5538
5539
5539
5540
5540
5541
5541
5542
5543
5544
5544
5545
5545
5546
5546
5547
5547
5548
5548
5549
5549
5550
5550
5551
5551
5552
5552
5553
5553
5554
5554
5555
5555
5556
5556
5557
5557
5558
5558
5559
5559
5560
5560
5561
5561
5562
5562
5563
5563
5564
5564
5565
5565
5566
5566
5567
5567
5568
5568
5569
5569
5570
5570
5571
5571
5572
5572
5573
5573
5574
5574
5575
5575
5576
5576
5577
5577
5578
5578
5579
5579
5580
5580
5581
5581
5582
5582
5583
5583
5584
5584
5585
5585
5586
5586
5587
5587
5588
5588
5589
5589
5590
5590
5591
5591
5592
5592
5593
5593
5594
5594
5595
5595
5596
5596
5597
5597
5598
5598
5599
5599
5600
5600
5601
5601
5602
5602
5603
5603
5604
5604
5605
5605
5606
5606
5607
5607
5608
5608
5609
5609
5610
5610
5611
5611
5612
5612
5613
5613
5614
5614
5615
5615
5616
5616
5617
5617
5618
5618
5619
5619
5620
5620
5621
5621
5622
5622
5623
5623
5624
5624
5625
5625
5626
5626
5627
5627
5628
5628
5629
5629
5630
5630
5631
5631
5632
5632
5633
5633
5634
5634
5635
5635
5636
5636
5637
5637
5638
5638
5639
5639
5640
5640
5641
5641
5642
5642
5643
5643
5644
5644
5645
5645
5646
5646
5647
5647
5648
5648
5649
5649
5650
5650
5651
5651
5652
5652
5653
5653
5654
5654
5655
5655
5656
5656
5657
5657
5658
5658
5659
5659
5660
5660
5661
5661
5662
5662
5663
5663
5664
5664
5665
5665
5666
5666
5667
5667
5668
5668
5669
5669
5670
5670
5671
5671
5672
5672
5673
5673
5674
5674
5675
5675
5676
5676
5677
5677
5678
5678
5679
5679
5680
5680
5681
5681
5682
5682
5683
5683
5684
5684
5685
5685
5686
5686
5687
5687
5688
5688
5689
5689
5690
5690
5691
5691
5692
5692
5693
5693
5694
5694
5695
5695
5696
5696
5697
5697
5698
5698
5699
5699
5700
5700
5701
5701
5702
5702
5703
5703
5704
5704
5705
5705
5706
5706
5707
5707
5708
5708
5709
5709
5710
5710
5711
5711
5712
5712
5713
5713
5714
5714
5715
5715
5716
5716
5717
5717
5718
5718
5719
5719
5720
5720
5721
5721
5722
5722
5723
5723
5724
5724
5725
5725
5726
5726
5727
5727
5728
5728
5729
5729
5730
5730
5731
5731
5732
5732
5733
5733
5734
5734
5735
5735
5736
5736
5737
5737
5738
5738
5739
5739
5740
5740
5741
5741
5742
5742
5743
5743
5744
5744
5745
5745
5746
5746
5747
5747
5748
5748
5749
5749
5750
5750
5751
5751
5752
5752
5753
5753
5754
5754
5755
5755
5756
5756
5757
5757
5758
5758
5759
5759
5760
5760
5761
5761
5762
5762
5763
5763
5764
5764
5765
5765
5766
5766
5767
5767
5768
5768
5769
5769
5770
5770
5771
5771
5772
5772
5773
5773
5774
5774
5775
5775
5776
5776
5777
5777
5778
5778
5779
5779
5780
5780
5781
5781
5782
5782
5783
5784
5785
5785
5786
5786
5787
5787
5788
5788
5789
5789
5790
5790
5791
5791
5792
5792
5793
5793
5794
5794
5795
5795
5796
5796
5797
5797
5798
5798
5799
5799
5800
5800
5801
5801
5802
5802
5803
5803
5804
5804
5805
5805
5806
5806
5807
5807
5808
5808
5809
5809
5810
5810
5811
5811
5812
5812
5813
5813
5814
5814
5815
5815
5816
5816
5817
5817
5818
5818
5819
5819
5820
5820
5821
5821
5822
5822
5823
5823
5824
5824
5825
5825
5826
5826
5827
5827
5828
5828
5829
5829
5830
5830
5831
5831
5832
5832
5833
5833
5834
5834
5835
5835
5836
5836
5837
5837
5838
5838
5839
5839
5840
5840
5841
5841
5842
5842
5843
5843
5844
5844
5845
5845
5846
5846
5847
5847
5848
5848
5849
5849
5850
5850
5851
5851
5852
5852
5853
5853
5854
5854
5855
5855
5856
5856
5857
5857
5858
5858
5859
5859
5860
5860
5861
5861
5862
5862
5863
5863
5864
5864
5865
5865
5866
5866
5867
5867
5868
5868
5869
5869
5870
5870
5871
5871
5872
5872
5873
5873
5874
5874
5875
5875
5876
5876
5877
5877
5878
5878
5879
5879
5880
5880
5881
5881
5882
5882
5883
5883
5884
5884
5885
5885
5886
5886
5887
5887
5888
5888
5889
5889
5890
5890
5891
5891
5892
5892
5893
5893
5894
5894
5895
5895
5896
5896
5897
5897
5898
5898
5899
5899
5900
5900
5901
5901
5902
5902
5903
5903
5904
5904
5905
5905
5906
5906
5907
5907
5908
5908
5909
5909
5910
5910
5911
5911
5912
5912
5913
5913
5914
5914
5915
5915
5916
5916
5917
5917
5918
5918
5919
5919
5920
5920
5921
5921
5922
5922
5923
5923
5924
5924
5925
5925
5926
5926
5927
5927
5928
5928
5929
5929
5930
5930
5931
5931
5932
5932
5933
5933
5934
5934
5935
5935
5936
5936
5937
5937
5938
5938
5939
5939
5940
5940
5941
5941
5942
5942
5943
5943
5944
5944
5945
5945
5946
5946
5947
5947
5948
5948
5949
5949
5950
5950
5951
5951
5952
5952
5953
5953
5954
5954
5955
5955
5956
5956
5957
5957
5958
5958
5959
5959
5960
5960
5961
5961
5962
5962
5963
5963
5964
5964
5965
5965
5966
5966
5967
5967
5968
5968
5969
5969
5970
5970
5971
5971
5972
5972
5973
5973
5974
5974
5975
5975
5976
5976
5977
5977
5978
5978
5979
5979
5980
5980
5981
5981
5982
5982
5983
5983
5984
5984
5985
5985
5986
5986
5987
5987
5988
5988
5989
5989
5990
5990
5991
5991
5992
5992
5993
5993
5994
5994
5995
5995
5996
5996
5997
5997
5998
5998
5999
5999
6000
6000
6001
6001
6002
6002
6003
6003
6004
6004
6005
6005
6006
6006
6007
6007
6008
6008
6009
6009
6010
6010
6011
6011
6012
6012
6013
6013
6014
6014
6015
6015
6016
6016
6017
6017
6018
6018
6019
6019
6020
6020
6021
6021
6022
6022
6023
6023
6024
6025
6026
6026
6027
6027
6028
6028
6029
6029
6030
6030
6031
6031
6032
6032
6033
6033
6034
6034
6035
6035
6036
6036
6037
6037
6038
6038
6039
6039
6040
6040
6041
6041
6042
6042
6043
6043
6044
6044
6045
6045
6046
6046
6047
6047
6048
6048
6049
6049
6050
6050
6051
6051
6052
6052
6053
6053
6054
6054
6055
6055
6056
6056
6057
6057
6058
6058
6059
6059
6060
6060
6061
6061
6062
6062
6063
6063
6064
6064
6065
6065
6066
6066
6067
6067
6068
6068
6069
6069
6070
6070
6071
6071
6072
6072
6073
6073
6074
6074
6075
6075
6076
6076
6077
6077
6078
6078
6079
6079
6080
6080
6081
6081
6082
6082
6083
6083
6084
6084
6085
6085
6086
6086
6087
6087
6088
6088
6089
6089
6090
6090
6091
6091
6092
6092
6093
6093
6094
6094
6095
6095
6096
6096
6097
6097
6098
6098
6099
6099
6100
6100
6101
6101
6102
6102
6103
6103
6104
6104
6105
6105
6106
6106
6107
6107
6108
6108
6109
6109
6110
6110
6111
6111
6112
6112
6113
6113
6114
6114
6115
6115
6116
6116
6117
6117
6118
6118
6119
6119
6120
6120
6121
6121
6122
6122
6123
6123
6124
6124
6125
6125
6126
6126
6127
6127
6128
6128
6129
6129
6130
6130
6131
6131
6132
6132
6133
6133
6134
6134
6135
6135
6136
6136
6137
6137
6138
6138
6139
6139
6140
6140
6141
6141
6142
6142
6143
6143
6144
6144
6145
6145
6146
6146
6147
6147
6148
6148
6149
6149
6150
6150
6151
6151
6152
6152
6153
6153
6154
6154
6155
6155
6156
6156
6157
6157
6158
6158
6159
6159
6160
6160
6161
6161
6162
6162
6163
6163
6164
6164
6165
6165
6166
6166
6167
6167
6168
6168
6169
6169
6170
6170
6171
6171
6172
6172
6173
6173
6174
6174
6175
6175
6176
6176
6177
6177
6178
6178
6179
6179
6180
6180
6181
6181
6182
6182
6183
6183
6184
6184
6185
6185
6186
6186
6187
6187
6188
6188
6189
6189
6190
6190
6191
6191
6192
6192
6193
6193
6194
6194
6195
6195
6196
6196
6197
6197
6198
6198
6199
6199
6200
6200
6201
6201
6202
6202
6203
6203
6204
6204
6205
6205
6206
6206
6207
6207
6208
6208
6209
6209
6210
6210
6211
6211
6212
6212
6213
6213
6214
6214
6215
6215
6216
6216
6217
6217
6218
6218
6219
6219
6220
6220
6221
6221
6222
6222
6223
6223
6224
6224
6225
6225
6226
6226
6227
6227
6228
6228
6229
6229
6230
6230
6231
6231
6232
6232
6233
6233
6234
6234
6235
6235
6236
6236
6237
6237
6238
6238
6239
6239
6240
6240
6241
6241
6242
6242
6243
6243
6244
6244
6245
6245
6246
6246
6247
6247
6248
6248
6249
6249
6250
6250
6251
6251
6252
6252
6253
6253
6254
6254
6255
6255
6256
6256
6257
6257
6258
6258
6259
6259
6260
6260
6261
6261
6262
6262
6263
6263
6264
6264
6265
6266
6267
6267
6268
6268
6269
6269
6270
6270
6271
6271
6272
6272
6273
6273
6274
6274
6275
6275
6276
6276
6277
6277
6278
6278
6279
6279
6280
6280
6281
6281
6282
6282
6283
6283
6284
6284
6285
6285
6286
6286
6287
6287
6288
6288
6289
6289
6290
6290
6291
6291
6292
6292
6293
6293
6294
6294
6295
6295
6296
6296
6297
6297
6298
6298
6299
6299
6300
6300
6301
6301
6302
6302
6303
6303
6304
6304
6305
6305
6306
6306
6307
6307
6308
6308
6309
6309
6310
6310
6311
6311
6312
6312
6313
6313
6314
6314
6315
6315
6316
6316
6317
6317
6318
6318
6319
6319
6320
6320
6321
6321
6322
6322
6323
6323
6324
6324
6325
6325
6326
6326
6327
6327
6328
6328
6329
6329
6330
6330
6331
6331
6332
6332
6333
6333
6334
6334
6335
6335
6336
6336
6337
6337
6338
6338
6339
6339
6340
6340
6341
6341
6342
6342
6343
6343
6344
6344
6345
6345
6346
6346
6347
6347
6348
6348
6349
6349
6350
6350
6351
6351
6352
6352
6353
6353
6354
6354
6355
6355
6356
6356
6357
6357
6358
6358
6359
6359
6360
6360
6361
6361
6362
6362
6363
6363
6364
6364
6365
6365
6366
6366
6367
6367
6368
6368
6369
6369
6370
6370
6371
6371
6372
6372
6373
6373
6374
6374
6375
6375
6376
6376
6377
6377
6378
6378
6379
6379
6380
6380
6381
6381
6382
6382
6383
6383
6384
6384
6385
6385
6386
6386
6387
6387
6388
6388
6389
6389
6390
6390
6391
6391
6392
6392
6393
6393
6394
6394
6395
6395
6396
6396
6397
6397
6398
6398
6399
6399
6400
6400
6401
6401
6402
6402
6403
6403
6404
6404
6405
6405
6406
6406
6407
6407
6408
6408
6409
6409
6410
6410
6411
6411
6412
6412
6413
6413
6414
6414
6415
6415
6416
6416
6417
6417
6418
6418
6419
6419
6420
6420
6421
6421
6422
6422
6423
6423
6424
6424
6425
6425
6426
6426
6427
6427
6428
6428
6429
6429
6430
6430
6431
6431
6432
6432
6433
6433
6434
6434
6435
6435
6436
6436
6437
6437
6438
6438
6439
6439
6440
6440
6441
6441
6442
6442
6443
6443
6444
6444
6445
6445
6446
6446
6447
6447
6448
6448
6449
6449
6450
6450
6451
6451
6452
6452
6453
6453
6454
6454
6455
6455
6456
6456
6457
6457
6458
6458
6459
6459
6460
6460
6461
6461
6462
6462
6463
6463
6464
6464
6465
6465
6466
6466
6467
6467
6468
6468
6469
6469
6470
6470
6471
6471
6472
6472
6473
6473
6474
6474
6475
6475
6476
6476
6477
6477
6478
6478
6479
6479
6480
6480
6481
6481
6482
6482
6483
6483
6484
6484
6485
6485
6486
6486
6487
6487
6488
6488
6489
6489
6490
6490
6491
6491
6492
6492
6493
6493
6494
6494
6495
6495
6496
6496
6497
6497
6498
6498
6499
6499
6500
6500
6501
6501
6502
6502
6503
6503
6504
6504
6505
6505
6506
6507
6508
6508
6509
6509
6510
6510
6511
6511
6512
6512
6513
6513
6514
6514
6515
6515
6516
6516
6517
6517
6518
6518
6519
6519
6520
6520
6521
6521
6522
6522
6523
6523
6524
6524
6525
6525
6526
6526
6527
6527
6528
6528
6529
6529
6530
6530
6531
6531
6532
6532
6533
6533
6534
6534
6535
6535
6536
6536
6537
6537
6538
6538
6539
6539
6540
6540
6541
6541
6542
6542
6543
6543
6544
6544
6545
6545
6546
6546
6547
6547
6548
6548
6549
6549
6550
6550
6551
6551
6552
6552
6553
6553
6554
6554
6555
6555
6556
6556
6557
6557
6558
6558
6559
6559
6560
6560
6561
6561
6562
6562
6563
6563
6564
6564
6565
6565
6566
6566
6567
6567
6568
6568
6569
6569
6570
6570
6571
6571
6572
6572
6573
6573
6574
6574
6575
6575
6576
6576
6577
6577
6578
6578
6579
6579
6580
6580
6581
6581
6582
6582
6583
6583
6584
6584
6585
6585
6586
6586
6587
6587
6588
6588
6589
6589
6590
6590
6591
6591
6592
6592
6593
6593
6594
6594
6595
6595
6596
6596
6597
6597
6598
6598
6599
6599
6600
6600
6601
6601
6602
6602
6603
6603
6604
6604
6605
6605
6606
6606
6607
6607
6608
6608
6609
6609
6610
6610
6611
6611
6612
6612
6613
6613
6614
6614
6615
6615
6616
6616
6617
6617
6618
6618
6619
6619
6620
6620
6621
6621
6622
6622
6623
6623
6624
6624
6625
6625
6626
6626
6627
6627
6628
6628
6629
6629
6630
6630
6631
6631
6632
6632
6633
6633
6634
6634
6635
6635
6636
6636
6637
6637
6638
6638
6639
6639
6640
6640
6641
6641
6642
6642
6643
6643
6644
6644
6645
6645
6646
6646
6647
6647
6648
6648
6649
6649
6650
6650
6651
6651
6652
6652
6653
6653
6654
6654
6655
6655
6656
6656
6657
6657
6658
6658
6659
6659
6660
6660
6661
6661
6662
6662
6663
6663
6664
6664
6665
6665
6666
6666
6667
6667
6668
6668
6669
6669
6670
6670
6671
6671
6672
6672
6673
6673
6674
6674
6675
6675
6676
6676
6677
6677
6678
6678
6679
6679
6680
6680
6681
6681
6682
6682
6683
6683
6684
6684
6685
6685
6686
6686
6687
6687
6688
6688
6689
6689
6690
6690
6691
6691
6692
6692
6693
6693
6694
6694
6695
6695
6696
6696
6697
6697
6698
6698
6699
6699
6700
6700
6701
6701
6702
6702
6703
6703
6704
6704
6705
6705
6706
6706
6707
6707
6708
6708
6709
6709
6710
6710
6711
6711
6712
6712
6713
6713
6714
6714
6715
6715
6716
6716
6717
6717
6718
6718
6719
6719
6720
6720
6721
6721
6722
6722
6723
6723
6724
6724
6725
6725
6726
6726
6727
6727
6728
6728
6729
6729
6730
6730
6731
6731
6732
6732
6733
6733
6734
6734
6735
6735
6736
6736
6737
6737
6738
6738
6739
6739
6740
6740
6741
6741
6742
6742
6743
6743
6744
6744
6745
6745
6746
6746
6747
6748
6749
6749
6750
6750
6751
6751
6752
6752
6753
6753
6754
6754
6755
6755
6756
6756
6757
6757
6758
6758
6759
6759
6760
6760
6761
6761
6762
6762
6763
6763
6764
6764
6765
6765
6766
6766
6767
6767
6768
6768
6769
6769
6770
6770
6771
6771
6772
6772
6773
6773
6774
6774
6775
6775
6776
6776
6777
6777
6778
6778
6779
6779
6780
6780
6781
6781
6782
6782
6783
6783
6784
6784
6785
6785
6786
6786
6787
6787
6788
6788
6789
6789
6790
6790
6791
6791
6792
6792
6793
6793
6794
6794
6795
6795
6796
6796
6797
6797
6798
6798
6799
6799
6800
6800
6801
6801
6802
6802
6803
6803
6804
6804
6805
6805
6806
6806
6807
6807
6808
6808
6809
6809
6810
6810
6811
6811
6812
6812
6813
6813
6814
6814
6815
6815
6816
6816
6817
6817
6818
6818
6819
6819
6820
6820
6821
6821
6822
6822
6823
6823
6824
6824
6825
6825
6826
6826
6827
6827
6828
6828
6829
6829
6830
6830
6831
6831
6832
6832
6833
6833
6834
6834
6835
6835
6836
6836
6837
6837
6838
6838
6839
6839
6840
6840
6841
6841
6842
6842
6843
6843
6844
6844
6845
6845
6846
6846
6847
6847
6848
6848
6849
6849
6850
6850
6851
6851
6852
6852
6853
6853
6854
6854
6855
6855
6856
6856
6857
6857
6858
6858
6859
6859
6860
6860
6861
6861
6862
6862
6863
6863
6864
6864
6865
6865
6866
6866
6867
6867
6868
6868
6869
6869
6870
6870
6871
6871
6872
6872
6873
6873
6874
6874
6875
6875
6876
6876
6877
6877
6878
6878
6879
6879
6880
6880
6881
6881
6882
6882
6883
6883
6884
6884
6885
6885
6886
6886
6887
6887
6888
6888
6889
6889
6890
6890
6891
6891
6892
6892
6893
6893
6894
6894
6895
6895
6896
6896
6897
6897
6898
6898
6899
6899
6900
6900
6901
6901
6902
6902
6903
6903
6904
6904
6905
6905
6906
6906
6907
6907
6908
6908
6909
6909
6910
6910
6911
6911
6912
6912
6913
6913
6914
6914
6915
6915
6916
6916
6917
6917
6918
6918
6919
6919
6920
6920
6921
6921
6922
6922
6923
6923
6924
6924
6925
6925
6926
6926
6927
6927
6928
6928
6929
6929
6930
6930
6931
6931
6932
6932
6933
6933
6934
6934
6935
6935
6936
6936
6937
6937
6938
6938
6939
6939
6940
6940
6941
6941
6942
6942
6943
6943
6944
6944
6945
6945
6946
6946
6947
6947
6948
6948
6949
6949
6950
6950
6951
6951
6952
6952
6953
6953
6954
6954
6955
6955
6956
6956
6957
6957
6958
6958
6959
6959
6960
6960
6961
6961
6962
6962
6963
6963
6964
6964
6965
6965
6966
6966
6967
6967
6968
6968
6969
6969
6970
6970
6971
6971
6972
6972
6973
6973
6974
6974
6975
6975
6976
6976
6977
6977
6978
6978
6979
6979
6980
6980
6981
6981
6982
6982
6983
6983
6984
6984
6985
6985
6986
6986
6987
6987
6988
6989
6990
6990
6991
6991
6992
6992
6993
6993
6994
6994
6995
6995
6996
6996
6997
6997
6998
6998
6999
6999
7000
7000
7001
7001
7002
7002
7003
7003
7004
7004
7005
7005
7006
7006
7007
7007
7008
7008
7009
7009
7010
7010
7011
7011
7012
7012
7013
7013
7014
7014
7015
7015
7016
7016
7017
7017
7018
7018
7019
7019
7020
7020
7021
7021
7022
7022
7023
7023
7024
7024
7025
7025
7026
7026
7027
7027
7028
7028
7029
7029
7030
7030
7031
7031
7032
7032
7033
7033
7034
7034
7035
7035
7036
7036
7037
7037
7038
7038
7039
7039
7040
7040
7041
7041
7042
7042
7043
7043
7044
7044
7045
7045
7046
7046
7047
7047
7048
7048
7049
7049
7050
7050
7051
7051
7052
7052
7053
7053
7054
7054
7055
7055
7056
7056
7057
7057
7058
7058
7059
7059
7060
7060
7061
7061
7062
7062
7063
7063
7064
7064
7065
7065
7066
7066
7067
7067
7068
7068
7069
7069
7070
7070
7071
7071
7072
7072
7073
7073
7074
7074
7075
7075
7076
7076
7077
7077
7078
7078
7079
7079
7080
7080
7081
7081
7082
7082
7083
7083
7084
7084
7085
7085
7086
7086
7087
7087
7088
7088
7089
7089
7090
7090
7091
7091
7092
7092
7093
7093
7094
7094
7095
7095
7096
7096
7097
7097
7098
7098
7099
7099
7100
7100
7101
7101
7102
7102
7103
7103
7104
7104
7105
7105
7106
7106
7107
7107
7108
7108
7109
7109
7110
7110
7111
7111
7112
7112
7113
7113
7114
7114
7115
7115
7116
7116
7117
7117
7118
7118
7119
7119
7120
7120
7121
7121
7122
7122
7123
7123
7124
7124
7125
7125
7126
7126
7127
7127
7128
7128
7129
7129
7130
7130
7131
7131
7132
7132
7133
7133
7134
7134
7135
7135
7136
7136
7137
7137
7138
7138
7139
7139
7140
7140
7141
7141
7142
7142
7143
7143
7144
7144
7145
7145
7146
7146
7147
7147
7148
7148
7149
7149
7150
7150
7151
7151
7152
7152
7153
7153
7154
7154
7155
7155
7156
7156
7157
7157
7158
7158
7159
7159
7160
7160
7161
7161
7162
7162
7163
7163
7164
7164
7165
7165
7166
7166
7167
7167
7168
7168
7169
7169
7170
7170
7171
7171
7172
7172
7173
7173
7174
7174
7175
7175
7176
7176
7177
7177
7178
7178
7179
7179
7180
7180
7181
7181
7182
7182
7183
7183
7184
7184
7185
7185
7186
7186
7187
7187
7188
7188
7189
7189
7190
7190
7191
7191
7192
7192
7193
7193
7194
7194
7195
7195
7196
7196
7197
7197
7198
7198
7199
7199
7200
7200
7201
7201
7202
7202
7203
7203
7204
7204
7205
7205
7206
7206
7207
7207
7208
7208
7209
7209
7210
7210
7211
7211
7212
7212
7213
7213
7214
7214
7215
7215
7216
7216
7217
7217
7218
7218
7219
7219
7220
7220
7221
7221
7222
7222
7223
7223
7224
7224
7225
7225
7226
7226
7227
7227
7228
7228
7229
7230
7231
7231
7232
7232
7233
7233
7234
7234
7235
7235
7236
7236
7237
7237
7238
7238
7239
7239
7240
7240
7241
7241
7242
7242
7243
7243
7244
7244
7245
7245
7246
7246
7247
7247
7248
7248
7249
7249
7250
7250
7251
7251
7252
7252
7253
7253
7254
7254
7255
7255
7256
7256
7257
7257
7258
7258
7259
7259
7260
7260
7261
7261
7262
7262
7263
7263
7264
7264
7265
7265
7266
7266
7267
7267
7268
7268
7269
7269
7270
7270
7271
7271
7272
7272
7273
7273
7274
7274
7275
7275
7276
7276
7277
7277
7278
7278
7279
7279
7280
7280
7281
7281
7282
7282
7283
7283
7284
7284
7285
7285
7286
7286
7287
7287
7288
7288
7289
7289
7290
7290
7291
7291
7292
7292
7293
7293
7294
7294
7295
7295
7296
7296
7297
7297
7298
7298
7299
7299
7300
7300
7301
7301
7302
7302
7303
7303
7304
7304
7305
7305
7306
7306
7307
7307
7308
7308
7309
7309
7310
7310
7311
7311
7312
7312
7313
7313
7314
7314
7315
7315
7316
7316
7317
7317
7318
7318
7319
7319
7320
7320
7321
7321
7322
7322
7323
7323
7324
7324
7325
7325
7326
7326
7327
7327
7328
7328
7329
7329
7330
7330
7331
7331
7332
7332
7333
7333
7334
7334
7335
7335
7336
7336
7337
7337
7338
7338
7339
7339
7340
7340
7341
7341
7342
7342
7343
7343
7344
7344
7345
7345
7346
7346
7347
7347
7348
7348
7349
7349
7350
7350
7351
7351
7352
7352
7353
7353
7354
7354
7355
7355
7356
7356
7357
7357
7358
7358
7359
7359
7360
7360
7361
7361
7362
7362
7363
7363
7364
7364
7365
7365
7366
7366
7367
7367
7368
7368
7369
7369
7370
7370
7371
7371
7372
7372
7373
7373
7374
7374
7375
7375
7376
7376
7377
7377
7378
7378
7379
7379
7380
7380
7381
7381
7382
7382
7383
7383
7384
7384
7385
7385
7386
7386
7387
7387
7388
7388
7389
7389
7390
7390
7391
7391
7392
7392
7393
7393
7394
7394
7395
7395
7396
7396
7397
7397
7398
7398
7399
7399
7400
7400
7401
7401
7402
7402
7403
7403
7404
7404
7405
7405
7406
7406
7407
7407
7408
7408
7409
7409
7410
7410
7411
7411
7412
7412
7413
7413
7414
7414
7415
7415
7416
7416
7417
7417
7418
7418
7419
7419
7420
7420
7421
7421
7422
7422
7423
7423
7424
7424
7425
7425
7426
7426
7427
7427
7428
7428
7429
7429
7430
7430
7431
7431
7432
7432
7433
7433
7434
7434
7435
7435
7436
7436
7437
7437
7438
7438
7439
7439
7440
7440
7441
7441
7442
7442
7443
7443
7444
7444
7445
7445
7446
7446
7447
7447
7448
7448
7449
7449
7450
7450
7451
7451
7452
7452
7453
7453
7454
7454
7455
7455
7456
7456
7457
7457
7458
7458
7459
7459
7460
7460
7461
7461
7462
7462
7463
7463
7464
7464
7465
7465
7466
7466
7467
7467
7468
7468
7469
7469
7470
7471
7472
7472
7473
7473
7474
7474
7475
7475
7476
7476
7477
7477
7478
7478
7479
7479
7480
7480
7481
7481
7482
7482
7483
7483
7484
7484
7485
7485
7486
7486
7487
7487
7488
7488
7489
7489
7490
7490
7491
7491
7492
7492
7493
7493
7494
7494
7495
7495
7496
7496
7497
7497
7498
7498
7499
7499
7500
7500
7501
7501
7502
7502
7503
7503
7504
7504
7505
7505
7506
7506
7507
7507
7508
7508
7509
7509
7510
7510
7511
7511
7512
7512
7513
7513
7514
7514
7515
7515
7516
7516
7517
7517
7518
7518
7519
7519
7520
7520
7521
7521
7522
7522
7523
7523
7524
7524
7525
7525
7526
7526
7527
7527
7528
7528
7529
7529
7530
7530
7531
7531
7532
7532
7533
7533
7534
7534
7535
7535
7536
7536
7537
7537
7538
7538
7539
7539
7540
7540
7541
7541
7542
7542
7543
7543
7544
7544
7545
7545
7546
7546
7547
7547
7548
7548
7549
7549
7550
7550
7551
7551
7552
7552
7553
7553
7554
7554
7555
7555
7556
7556
7557
7557
7558
7558
7559
7559
7560
7560
7561
7561
7562
7562
7563
7563
7564
7564
7565
7565
7566
7566
7567
7567
7568
7568
7569
7569
7570
7570
7571
7571
7572
7572
7573
7573
7574
7574
7575
7575
7576
7576
7577
7577
7578
7578
7579
7579
7580
7580
7581
7581
7582
7582
7583
7583
7584
7584
7585
7585
7586
7586
7587
7587
7588
7588
7589
7589
7590
7590
7591
7591
7592
7592
7593
7593
7594
7594
7595
7595
7596
7596
7597
7597
7598
7598
7599
7599
7600
7600
7601
7601
7602
7602
7603
7603
7604
7604
7605
7605
7606
7606
7607
7607
7608
7608
7609
7609
7610
7610
7611
7611
7612
7612
7613
7613
7614
7614
7615
7615
7616
7616
7617
7617
7618
7618
7619
7619
7620
7620
7621
7621
7622
7622
7623
7623
7624
7624
7625
7625
7626
7626
7627
7627
7628
7628
7629
7629
7630
7630
7631
7631
7632
7632
7633
7633
7634
7634
7635
7635
7636
7636
7637
7637
7638
7638
7639
7639
7640
7640
7641
7641
7642
7642
7643
7643
7644
7644
7645
7645
7646
7646
7647
7647
7648
7648
7649
7649
7650
7650
7651
7651
7652
7652
7653
7653
7654
7654
7655
7655
7656
7656
7657
7657
7658
7658
7659
7659
7660
7660
7661
7661
7662
7662
7663
7663
7664
7664
7665
7665
7666
7666
7667
7667
7668
7668
7669
7669
7670
7670
7671
7671
7672
7672
7673
7673
7674
7674
7675
7675
7676
7676
7677
7677
7678
7678
7679
7679
7680
7680
7681
7681
7682
7682
7683
7683
7684
7684
7685
7685
7686
7686
7687
7687
7688
7688
7689
7689
7690
7690
7691
7691
7692
7692
7693
7693
7694
7694
7695
7695
7696
7696
7697
7697
7698
7698
7699
7699
7700
7700
7701
7701
7702
7702
7703
7703
7704
7704
7705
7705
7706
7706
7707
7707
7708
7708
7709
7709
7710
7710
7711
7712
7713
7713
7714
7714
7715
7715
7716
7716
7717
7717
7718
7718
7719
7719
7720
7720
7721
7721
7722
7722
7723
7723
7724
7724
7725
7725
7726
7726
7727
7727
7728
7728
7729
7729
7730
7730
7731
7731
7732
7732
7733
7733
7734
7734
7735
7735
7736
7736
7737
7737
7738
7738
7739
7739
7740
7740
7741
7741
7742
7742
7743
7743
7744
7744
7745
7745
7746
7746
7747
7747
7748
7748
7749
7749
7750
7750
7751
7751
7752
7752
7753
7753
7754
7754
7755
7755
7756
7756
7757
7757
7758
7758
7759
7759
7760
7760
7761
7761
7762
7762
7763
7763
7764
7764
7765
7765
7766
7766
7767
7767
7768
7768
7769
7769
7770
7770
7771
7771
7772
7772
7773
7773
7774
7774
7775
7775
7776
7776
7777
7777
7778
7778
7779
7779
7780
7780
7781
7781
7782
7782
7783
7783
7784
7784
7785
7785
7786
7786
7787
7787
7788
7788
7789
7789
7790
7790
7791
7791
7792
7792
7793
7793
7794
7794
7795
7795
7796
7796
7797
7797
7798
7798
7799
7799
7800
7800
7801
7801
7802
7802
7803
7803
7804
7804
7805
7805
7806
7806
7807
7807
7808
7808
7809
7809
7810
7810
7811
7811
7812
7812
7813
7813
7814
7814
7815
7815
7816
7816
7817
7817
7818
7818
7819
7819
7820
7820
7821
7821
7822
7822
7823
7823
7824
7824
7825
7825
7826
7826
7827
7827
7828
7828
7829
7829
7830
7830
7831
7831
7832
7832
7833
7833
7834
7834
7835
7835
7836
7836
7837
7837
7838
7838
7839
7839
7840
7840
7841
7841
7842
7842
7843
7843
7844
7844
7845
7845
7846
7846
7847
7847
7848
7848
7849
7849
7850
7850
7851
7851
7852
7852
7853
7853
7854
7854
7855
7855
7856
7856
7857
7857
7858
7858
7859
7859
7860
7860
7861
7861
7862
7862
7863
7863
7864
7864
7865
7865
7866
7866
7867
7867
7868
7868
7869
7869
7870
7870
7871
7871
7872
7872
7873
7873
7874
7874
7875
7875
7876
7876
7877
7877
7878
7878
7879
7879
7880
7880
7881
7881
7882
7882
7883
7883
7884
7884
7885
7885
7886
7886
7887
7887
7888
7888
7889
7889
7890
7890
7891
7891
7892
7892
7893
7893
7894
7894
7895
7895
7896
7896
7897
7897
7898
7898
7899
7899
7900
7900
7901
7901
7902
7902
7903
7903
7904
7904
7905
7905
7906
7906
7907
7907
7908
7908
7909
7909
7910
7910
7911
7911
7912
7912
7913
7913
7914
7914
7915
7915
7916
7916
7917
7917
7918
7918
7919
7919
7920
7920
7921
7921
7922
7922
7923
7923
7924
7924
7925
7925
7926
7926
7927
7927
7928
7928
7929
7929
7930
7930
7931
7931
7932
7932
7933
7933
7934
7934
7935
7935
7936
7936
7937
7937
7938
7938
7939
7939
7940
7940
7941
7941
7942
7942
7943
7943
7944
7944
7945
7945
7946
7946
7947
7947
7948
7948
7949
7949
7950
7950
7951
7951
7952
7953
7954
7954
7955
7955
7956
7956
7957
7957
7958
7958
7959
7959
7960
7960
7961
7961
7962
7962
7963
7963
7964
7964
7965
7965
7966
7966
7967
7967
7968
7968
7969
7969
7970
7970
7971
7971
7972
7972
7973
7973
7974
7974
7975
7975
7976
7976
7977
7977
7978
7978
7979
7979
7980
7980
7981
7981
7982
7982
7983
7983
7984
7984
7985
7985
7986
7986
7987
7987
7988
7988
7989
7989
7990
7990
7991
7991
7992
7992
7993
7993
7994
7994
7995
7995
7996
7996
7997
7997
7998
7998
7999
7999
8000
8000
8001
8001
8002
8002
8003
8003
8004
8004
8005
8005
8006
8006
8007
8007
8008
8008
8009
8009
8010
8010
8011
8011
8012
8012
8013
8013
8014
8014
8015
8015
8016
8016
8017
8017
8018
8018
8019
8019
8020
8020
8021
8021
8022
8022
8023
8023
8024
8024
8025
8025
8026
8026
8027
8027
8028
8028
8029
8029
8030
8030
8031
8031
8032
8032
8033
8033
8034
8034
8035
8035
8036
8036
8037
8037
8038
8038
8039
8039
8040
8040
8041
8041
8042
8042
8043
8043
8044
8044
8045
8045
8046
8046
8047
8047
8048
8048
8049
8049
8050
8050
8051
8051
8052
8052
8053
8053
8054
8054
8055
8055
8056
8056
8057
8057
8058
8058
8059
8059
8060
8060
8061
8061
8062
8062
8063
8063
8064
8064
8065
8065
8066
8066
8067
8067
8068
8068
8069
8069
8070
8070
8071
8071
8072
8072
8073
8073
8074
8074
8075
8075
8076
8076
8077
8077
8078
8078
8079
8079
8080
8080
8081
8081
8082
8082
8083
8083
8084
8084
8085
8085
8086
8086
8087
8087
8088
8088
8089
8089
8090
8090
8091
8091
8092
8092
8093
8093
8094
8094
8095
8095
8096
8096
8097
8097
8098
8098
8099
8099
8100
8100
8101
8101
8102
8102
8103
8103
8104
8104
8105
8105
8106
8106
8107
8107
8108
8108
8109
8109
8110
8110
8111
8111
8112
8112
8113
8113
8114
8114
8115
8115
8116
8116
8117
8117
8118
8118
8119
8119
8120
8120
8121
8121
8122
8122
8123
8123
8124
8124
8125
8125
8126
8126
8127
8127
8128
8128
8129
8129
8130
8130
8131
8131
8132
8132
8133
8133
8134
8134
8135
8135
8136
8136
8137
8137
8138
8138
8139
8139
8140
8140
8141
8141
8142
8142
8143
8143
8144
8144
8145
8145
8146
8146
8147
8147
8148
8148
8149
8149
8150
8150
8151
8151
8152
8152
8153
8153
8154
8154
8155
8155
8156
8156
8157
8157
8158
8158
8159
8159
8160
8160
8161
8161
8162
8162
8163
8163
8164
8164
8165
8165
8166
8166
8167
8167
8168
8168
8169
8169
8170
8170
8171
8171
8172
8172
8173
8173
8174
8174
8175
8175
8176
8176
8177
8177
8178
8178
8179
8179
8180
8180
8181
8181
8182
8182
8183
8183
8184
8184
8185
8185
8186
8186
8187
8187
8188
8188
8189
8189
8190
8190
8191
8191
8192
8192
8193
8194
8195
8195
8196
8196
8197
8197
8198
8198
8199
8199
8200
8200
8201
8201
8202
8202
8203
8203
8204
8204
8205
8205
8206
8206
8207
8207
8208
8208
8209
8209
8210
8210
8211
8211
8212
8212
8213
8213
8214
8214
8215
8215
8216
8216
8217
8217
8218
8218
8219
8219
8220
8220
8221
8221
8222
8222
8223
8223
8224
8224
8225
8225
8226
8226
8227
8227
8228
8228
8229
8229
8230
8230
8231
8231
8232
8232
8233
8233
8234
8234
8235
8235
8236
8236
8237
8237
8238
8238
8239
8239
8240
8240
8241
8241
8242
8242
8243
8243
8244
8244
8245
8245
8246
8246
8247
8247
8248
8248
8249
8249
8250
8250
8251
8251
8252
8252
8253
8253
8254
8254
8255
8255
8256
8256
8257
8257
8258
8258
8259
8259
8260
8260
8261
8261
8262
8262
8263
8263
8264
8264
8265
8265
8266
8266
8267
8267
8268
8268
8269
8269
8270
8270
8271
8271
8272
8272
8273
8273
8274
8274
8275
8275
8276
8276
8277
8277
8278
8278
8279
8279
8280
8280
8281
8281
8282
8282
8283
8283
8284
8284
8285
8285
8286
8286
8287
8287
8288
8288
8289
8289
8290
8290
8291
8291
8292
8292
8293
8293
8294
8294
8295
8295
8296
8296
8297
8297
8298
8298
8299
8299
8300
8300
8301
8301
8302
8302
8303
8303
8304
8304
8305
8305
8306
8306
8307
8307
8308
8308
8309
8309
8310
8310
8311
8311
8312
8312
8313
8313
8314
8314
8315
8315
8316
8316
8317
8317
8318
8318
8319
8319
8320
8320
8321
8321
8322
8322
8323
8323
8324
8324
8325
8325
8326
8326
8327
8327
8328
8328
8329
8329
8330
8330
8331
8331
8332
8332
8333
8333
8334
8334
8335
8335
8336
8336
8337
8337
8338
8338
8339
8339
8340
8340
8341
8341
8342
8342
8343
8343
8344
8344
8345
8345
8346
8346
8347
8347
8348
8348
8349
8349
8350
8350
8351
8351
8352
8352
8353
8353
8354
8354
8355
8355
8356
8356
8357
8357
8358
8358
8359
8359
8360
8360
8361
8361
8362
8362
8363
8363
8364
8364
8365
8365
8366
8366
8367
8367
8368
8368
8369
8369
8370
8370
8371
8371
8372
8372
8373
8373
8374
8374
8375
8375
8376
8376
8377
8377
8378
8378
8379
8379
8380
8380
8381
8381
8382
8382
8383
8383
8384
8384
8385
8385
8386
8386
8387
8387
8388
8388
8389
8389
8390
8390
8391
8391
8392
8392
8393
8393
8394
8394
8395
8395
8396
8396
8397
8397
8398
8398
8399
8399
8400
8400
8401
8401
8402
8402
8403
8403
8404
8404
8405
8405
8406
8406
8407
8407
8408
8408
8409
8409
8410
8410
8411
8411
8412
8412
8413
8413
8414
8414
8415
8415
8416
8416
8417
8417
8418
8418
8419
8419
8420
8420
8421
8421
8422
8422
8423
8423
8424
8424
8425
8425
8426
8426
8427
8427
8428
8428
8429
8429
8430
8430
8431
8431
8432
8432
8433
8433
8434
8435
8436
8436
8437
8437
8438
8438
8439
8439
8440
8440
8441
8441
8442
8442
8443
8443
8444
8444
8445
8445
8446
8446
8447
8447
8448
8448
8449
8449
8450
8450
8451
8451
8452
8452
8453
8453
8454
8454
8455
8455
8456
8456
8457
8457
8458
8458
8459
8459
8460
8460
8461
8461
8462
8462
8463
8463
8464
8464
8465
8465
8466
8466
8467
8467
8468
8468
8469
8469
8470
8470
8471
8471
8472
8472
8473
8473
8474
8474
8475
8475
8476
8476
8477
8477
8478
8478
8479
8479
8480
8480
8481
8481
8482
8482
8483
8483
8484
8484
8485
8485
8486
8486
8487
8487
8488
8488
8489
8489
8490
8490
8491
8491
8492
8492
8493
8493
8494
8494
8495
8495
8496
8496
8497
8497
8498
8498
8499
8499
8500
8500
8501
8501
8502
8502
8503
8503
8504
8504
8505
8505
8506
8506
8507
8507
8508
8508
8509
8509
8510
8510
8511
8511
8512
8512
8513
8513
8514
8514
8515
8515
8516
8516
8517
8517
8518
8518
8519
8519
8520
8520
8521
8521
8522
8522
8523
8523
8524
8524
8525
8525
8526
8526
8527
8527
8528
8528
8529
8529
8530
8530
8531
8531
8532
8532
8533
8533
8534
8534
8535
8535
8536
8536
8537
8537
8538
8538
8539
8539
8540
8540
8541
8541
8542
8542
8543
8543
8544
8544
8545
8545
8546
8546
8547
8547
8548
8548
8549
8549
8550
8550
8551
8551
8552
8552
8553
8553
8554
8554
8555
8555
8556
8556
8557
8557
8558
8558
8559
8559
8560
8560
8561
8561
8562
8562
8563
8563
8564
8564
8565
8565
8566
8566
8567
8567
8568
8568
8569
8569
8570
8570
8571
8571
8572
8572
8573
8573
8574
8574
8575
8575
8576
8576
8577
8577
8578
8578
8579
8579
8580
8580
8581
8581
8582
8582
8583
8583
8584
8584
8585
8585
8586
8586
8587
8587
8588
8588
8589
8589
8590
8590
8591
8591
8592
8592
8593
8593
8594
8594
8595
8595
8596
8596
8597
8597
8598
8598
8599
8599
8600
8600
8601
8601
8602
8602
8603
8603
8604
8604
8605
8605
8606
8606
8607
8607
8608
8608
8609
8609
8610
8610
8611
8611
8612
8612
8613
8613
8614
8614
8615
8615
8616
8616
8617
8617
8618
8618
8619
8619
8620
8620
8621
8621
8622
8622
8623
8623
8624
8624
8625
8625
8626
8626
8627
8627
8628
8628
8629
8629
8630
8630
8631
8631
8632
8632
8633
8633
8634
8634
8635
8635
8636
8636
8637
8637
8638
8638
8639
8639
8640
8640
8641
8641
8642
8642
8643
8643
8644
8644
8645
8645
8646
8646
8647
8647
8648
8648
8649
8649
8650
8650
8651
8651
8652
8652
8653
8653
8654
8654
8655
8655
8656
8656
8657
8657
8658
8658
8659
8659
8660
8660
8661
8661
8662
8662
8663
8663
8664
8664
8665
8665
8666
8666
8667
8667
8668
8668
8669
8669
8670
8670
8671
8671
8672
8672
8673
8673
8674
8674
8675
8676
8677
8677
8678
8678
8679
8679
8680
8680
8681
8681
8682
8682
8683
8683
8684
8684
8685
8685
8686
8686
8687
8687
8688
8688
8689
8689
8690
8690
8691
8691
8692
8692
8693
8693
8694
8694
8695
8695
8696
8696
8697
8697
8698
8698
8699
8699
8700
8700
8701
8701
8702
8702
8703
8703
8704
8704
8705
8705
8706
8706
8707
8707
8708
8708
8709
8709
8710
8710
8711
8711
8712
8712
8713
8713
8714
8714
8715
8715
8716
8716
8717
8717
8718
8718
8719
8719
8720
8720
8721
8721
8722
8722
8723
8723
8724
8724
8725
8725
8726
8726
8727
8727
8728
8728
8729
8729
8730
8730
8731
8731
8732
8732
8733
8733
8734
8734
8735
8735
8736
8736
8737
8737
8738
8738
8739
8739
8740
8740
8741
8741
8742
8742
8743
8743
8744
8744
8745
8745
8746
8746
8747
8747
8748
8748
8749
8749
8750
8750
8751
8751
8752
8752
8753
8753
8754
8754
8755
8755
8756
8756
8757
8757
8758
8758
8759
8759
8760
8760
8761
8761
8762
8762
8763
8763
8764
8764
8765
8765
8766
8766
8767
8767
8768
8768
8769
8769
8770
8770
8771
8771
8772
8772
8773
8773
8774
8774
8775
8775
8776
8776
8777
8777
8778
8778
8779
8779
8780
8780
8781
8781
8782
8782
8783
8783
8784
8784
8785
8785
8786
8786
8787
8787
8788
8788
8789
8789
8790
8790
8791
8791
8792
8792
8793
8793
8794
8794
8795
8795
8796
8796
8797
8797
8798
8798
8799
8799
8800
8800
8801
8801
8802
8802
8803
8803
8804
8804
8805
8805
8806
8806
8807
8807
8808
8808
8809
8809
8810
8810
8811
8811
8812
8812
8813
8813
8814
8814
8815
8815
8816
8816
8817
8817
8818
8818
8819
8819
8820
8820
8821
8821
8822
8822
8823
8823
8824
8824
8825
8825
8826
8826
8827
8827
8828
8828
8829
8829
8830
8830
8831
8831
8832
8832
8833
8833
8834
8834
8835
8835
8836
8836
8837
8837
8838
8838
8839
8839
8840
8840
8841
8841
8842
8842
8843
8843
8844
8844
8845
8845
8846
8846
8847
8847
8848
8848
8849
8849
8850
8850
8851
8851
8852
8852
8853
8853
8854
8854
8855
8855
8856
8856
8857
8857
8858
8858
8859
8859
8860
8860
8861
8861
8862
8862
8863
8863
8864
8864
8865
8865
8866
8866
8867
8867
8868
8868
8869
8869
8870
8870
8871
8871
8872
8872
8873
8873
8874
8874
8875
8875
8876
8876
8877
8877
8878
8878
8879
8879
8880
8880
8881
8881
8882
8882
8883
8883
8884
8884
8885
8885
8886
8886
8887
8887
8888
8888
8889
8889
8890
8890
8891
8891
8892
8892
8893
8893
8894
8894
8895
8895
8896
8896
8897
8897
8898
8898
8899
8899
8900
8900
8901
8901
8902
8902
8903
8903
8904
8904
8905
8905
8906
8906
8907
8907
8908
8908
8909
8909
8910
8910
8911
8911
8912
8912
8913
8913
8914
8914
8915
8915
8916
8917
8918
8918
8919
8919
8920
8920
8921
8921
8922
8922
8923
8923
8924
8924
8925
8925
8926
8926
8927
8927
8928
8928
8929
8929
8930
8930
8931
8931
8932
8932
8933
8933
8934
8934
8935
8935
8936
8936
8937
8937
8938
8938
8939
8939
8940
8940
8941
8941
8942
8942
8943
8943
8944
8944
8945
8945
8946
8946
8947
8947
8948
8948
8949
8949
8950
8950
8951
8951
8952
8952
8953
8953
8954
8954
8955
8955
8956
8956
8957
8957
8958
8958
8959
8959
8960
8960
8961
8961
8962
8962
8963
8963
8964
8964
8965
8965
8966
8966
8967
8967
8968
8968
8969
8969
8970
8970
8971
8971
8972
8972
8973
8973
8974
8974
8975
8975
8976
8976
8977
8977
8978
8978
8979
8979
8980
8980
8981
8981
8982
8982
8983
8983
8984
8984
8985
8985
8986
8986
8987
8987
8988
8988
8989
8989
8990
8990
8991
8991
8992
8992
8993
8993
8994
8994
8995
8995
8996
8996
8997
8997
8998
8998
8999
8999
9000
9000
9001
9001
9002
9002
9003
9003
9004
9004
9005
9005
9006
9006
9007
9007
9008
9008
9009
9009
9010
9010
9011
9011
9012
9012
9013
9013
9014
9014
9015
9015
9016
9016
9017
9017
9018
9018
9019
9019
9020
9020
9021
9021
9022
9022
9023
9023
9024
9024
9025
9025
9026
9026
9027
9027
9028
9028
9029
9029
9030
9030
9031
9031
9032
9032
9033
9033
9034
9034
9035
9035
9036
9036
9037
9037
9038
9038
9039
9039
9040
9040
9041
9041
9042
9042
9043
9043
9044
9044
9045
9045
9046
9046
9047
9047
9048
9048
9049
9049
9050
9050
9051
9051
9052
9052
9053
9053
9054
9054
9055
9055
9056
9056
9057
9057
9058
9058
9059
9059
9060
9060
9061
9061
9062
9062
9063
9063
9064
9064
9065
9065
9066
9066
9067
9067
9068
9068
9069
9069
9070
9070
9071
9071
9072
9072
9073
9073
9074
9074
9075
9075
9076
9076
9077
9077
9078
9078
9079
9079
9080
9080
9081
9081
9082
9082
9083
9083
9084
9084
9085
9085
9086
9086
9087
9087
9088
9088
9089
9089
9090
9090
9091
9091
9092
9092
9093
9093
9094
9094
9095
9095
9096
9096
9097
9097
9098
9098
9099
9099
9100
9100
9101
9101
9102
9102
9103
9103
9104
9104
9105
9105
9106
9106
9107
9107
9108
9108
9109
9109
9110
9110
9111
9111
9112
9112
9113
9113
9114
9114
9115
9115
9116
9116
9117
9117
9118
9118
9119
9119
9120
9120
9121
9121
9122
9122
9123
9123
9124
9124
9125
9125
9126
9126
9127
9127
9128
9128
9129
9129
9130
9130
9131
9131
9132
9132
9133
9133
9134
9134
9135
9135
9136
9136
9137
9137
9138
9138
9139
9139
9140
9140
9141
9141
9142
9142
9143
9143
9144
9144
9145
9145
9146
9146
9147
9147
9148
9148
9149
9149
9150
9150
9151
9151
9152
9152
9153
9153
9154
9154
9155
9155
9156
9156
9157
9158
9159
9159
9160
9160
9161
9161
9162
9162
9163
9163
9164
9164
9165
9165
9166
9166
9167
9167
9168
9168
9169
9169
9170
9170
9171
9171
9172
9172
9173
9173
9174
9174
9175
9175
9176
9176
9177
9177
9178
9178
9179
9179
9180
9180
9181
9181
9182
9182
9183
9183
9184
9184
9185
9185
9186
9186
9187
9187
9188
9188
9189
9189
9190
9190
9191
9191
9192
9192
9193
9193
9194
9194
9195
9195
9196
9196
9197
9197
9198
9198
9199
9199
9200
9200
9201
9201
9202
9202
9203
9203
9204
9204
9205
9205
9206
9206
9207
9207
9208
9208
9209
9209
9210
9210
9211
9211
9212
9212
9213
9213
9214
9214
9215
9215
9216
9216
9217
9217
9218
9218
9219
9219
9220
9220
9221
9221
9222
9222
9223
9223
9224
9224
9225
9225
9226
9226
9227
9227
9228
9228
9229
9229
9230
9230
9231
9231
9232
9232
9233
9233
9234
9234
9235
9235
9236
9236
9237
9237
9238
9238
9239
9239
9240
9240
9241
9241
9242
9242
9243
9243
9244
9244
9245
9245
9246
9246
9247
9247
9248
9248
9249
9249
9250
9250
9251
9251
9252
9252
9253
9253
9254
9254
9255
9255
9256
9256
9257
9257
9258
9258
9259
9259
9260
9260
9261
9261
9262
9262
9263
9263
9264
9264
9265
9265
9266
9266
9267
9267
9268
9268
9269
9269
9270
9270
9271
9271
9272
9272
9273
9273
9274
9274
9275
9275
9276
9276
9277
9277
9278
9278
9279
9279
9280
9280
9281
9281
9282
9282
9283
9283
9284
9284
9285
9285
9286
9286
9287
9287
9288
9288
9289
9289
9290
9290
9291
9291
9292
9292
9293
9293
9294
9294
9295
9295
9296
9296
9297
9297
9298
9298
9299
9299
9300
9300
9301
9301
9302
9302
9303
9303
9304
9304
9305
9305
9306
9306
9307
9307
9308
9308
9309
9309
9310
9310
9311
9311
9312
9312
9313
9313
9314
9314
9315
9315
9316
9316
9317
9317
9318
9318
9319
9319
9320
9320
9321
9321
9322
9322
9323
9323
9324
9324
9325
9325
9326
9326
9327
9327
9328
9328
9329
9329
9330
9330
9331
9331
9332
9332
9333
9333
9334
9334
9335
9335
9336
9336
9337
9337
9338
9338
9339
9339
9340
9340
9341
9341
9342
9342
9343
9343
9344
9344
9345
9345
9346
9346
9347
9347
9348
9348
9349
9349
9350
9350
9351
9351
9352
9352
9353
9353
9354
9354
9355
9355
9356
9356
9357
9357
9358
9358
9359
9359
9360
9360
9361
9361
9362
9362
9363
9363
9364
9364
9365
9365
9366
9366
9367
9367
9368
9368
9369
9369
9370
9370
9371
9371
9372
9372
9373
9373
9374
9374
9375
9375
9376
9376
9377
9377
9378
9378
9379
9379
9380
9380
9381
9381
9382
9382
9383
9383
9384
9384
9385
9385
9386
9386
9387
9387
9388
9388
9389
9389
9390
9390
9391
9391
9392
9392
9393
9393
9394
9394
9395
9395
9396
9396
9397
9397
9398
9399
9400
9400
9401
9401
9402
9402
9403
9403
9404
9404
9405
9405
9406
9406
9407
9407
9408
9408
9409
9409
9410
9410
9411
9411
9412
9412
9413
9413
9414
9414
9415
9415
9416
9416
9417
9417
9418
9418
9419
9419
9420
9420
9421
9421
9422
9422
9423
9423
9424
9424
9425
9425
9426
9426
9427
9427
9428
9428
9429
9429
9430
9430
9431
9431
9432
9432
9433
9433
9434
9434
9435
9435
9436
9436
9437
9437
9438
9438
9439
9439
9440
9440
9441
9441
9442
9442
9443
9443
9444
9444
9445
9445
9446
9446
9447
9447
9448
9448
9449
9449
9450
9450
9451
9451
9452
9452
9453
9453
9454
9454
9455
9455
9456
9456
9457
9457
9458
9458
9459
9459
9460
9460
9461
9461
9462
9462
9463
9463
9464
9464
9465
9465
9466
9466
9467
9467
9468
9468
9469
9469
9470
9470
9471
9471
9472
9472
9473
9473
9474
9474
9475
9475
9476
9476
9477
9477
9478
9478
9479
9479
9480
9480
9481
9481
9482
9482
9483
9483
9484
9484
9485
9485
9486
9486
9487
9487
9488
9488
9489
9489
9490
9490
9491
9491
9492
9492
9493
9493
9494
9494
9495
9495
9496
9496
9497
9497
9498
9498
9499
9499
9500
9500
9501
9501
9502
9502
9503
9503
9504
9504
9505
9505
9506
9506
9507
9507
9508
9508
9509
9509
9510
9510
9511
9511
9512
9512
9513
9513
9514
9514
9515
9515
9516
9516
9517
9517
9518
9518
9519
9519
9520
9520
9521
9521
9522
9522
9523
9523
9524
9524
9525
9525
9526
9526
9527
9527
9528
9528
9529
9529
9530
9530
9531
9531
9532
9532
9533
9533
9534
9534
9535
9535
9536
9536
9537
9537
9538
9538
9539
9539
9540
9540
9541
9541
9542
9542
9543
9543
9544
9544
9545
9545
9546
9546
9547
9547
9548
9548
9549
9549
9550
9550
9551
9551
9552
9552
9553
9553
9554
9554
9555
9555
9556
9556
9557
9557
9558
9558
9559
9559
9560
9560
9561
9561
9562
9562
9563
9563
9564
9564
9565
9565
9566
9566
9567
9567
9568
9568
9569
9569
9570
9570
9571
9571
9572
9572
9573
9573
9574
9574
9575
9575
9576
9576
9577
9577
9578
9578
9579
9579
9580
9580
9581
9581
9582
9582
9583
9583
9584
9584
9585
9585
9586
9586
9587
9587
9588
9588
9589
9589
9590
9590
9591
9591
9592
9592
9593
9593
9594
9594
9595
9595
9596
9596
9597
9597
9598
9598
9599
9599
9600
9600
9601
9601
9602
9602
9603
9603
9604
9604
9605
9605
9606
9606
9607
9607
9608
9608
9609
9609
9610
9610
9611
9611
9612
9612
9613
9613
9614
9614
9615
9615
9616
9616
9617
9617
9618
9618
9619
9619
9620
9620
9621
9621
9622
9622
9623
9623
9624
9624
9625
9625
9626
9626
9627
9627
9628
9628
9629
9629
9630
9630
9631
9631
9632
9632
9633
9633
9634
9634
9635
9635
9636
9636
9637
9637
9638
9638
9639
9640
9641
9641
9642
9642
9643
9643
9644
9644
9645
9645
9646
9646
9647
9647
9648
9648
9649
9649
9650
9650
9651
9651
9652
9652
9653
9653
9654
9654
9655
9655
9656
9656
9657
9657
9658
9658
9659
9659
9660
9660
9661
9661
9662
9662
9663
9663
9664
9664
9665
9665
9666
9666
9667
9667
9668
9668
9669
9669
9670
9670
9671
9671
9672
9672
9673
9673
9674
9674
9675
9675
9676
9676
9677
9677
9678
9678
9679
9679
9680
9680
9681
9681
9682
9682
9683
9683
9684
9684
9685
9685
9686
9686
9687
9687
9688
9688
9689
9689
9690
9690
9691
9691
9692
9692
9693
9693
9694
9694
9695
9695
9696
9696
9697
9697
9698
9698
9699
9699
9700
9700
9701
9701
9702
9702
9703
9703
9704
9704
9705
9705
9706
9706
9707
9707
9708
9708
9709
9709
9710
9710
9711
9711
9712
9712
9713
9713
9714
9714
9715
9715
9716
9716
9717
9717
9718
9718
9719
9719
9720
9720
9721
9721
9722
9722
9723
9723
9724
9724
9725
9725
9726
9726
9727
9727
9728
9728
9729
9729
9730
9730
9731
9731
9732
9732
9733
9733
9734
9734
9735
9735
9736
9736
9737
9737
9738
9738
9739
9739
9740
9740
9741
9741
9742
9742
9743
9743
9744
9744
9745
9745
9746
9746
9747
9747
9748
9748
9749
9749
9750
9750
9751
9751
9752
9752
9753
9753
9754
9754
9755
9755
9756
9756
9757
9757
9758
9758
9759
9759
9760
9760
9761
9761
9762
9762
9763
9763
9764
9764
9765
9765
9766
9766
9767
9767
9768
9768
9769
9769
9770
9770
9771
9771
9772
9772
9773
9773
9774
9774
9775
9775
9776
9776
9777
9777
9778
9778
9779
9779
9780
9780
9781
9781
9782
9782
9783
9783
9784
9784
9785
9785
9786
9786
9787
9787
9788
9788
9789
9789
9790
9790
9791
9791
9792
9792
9793
9793
9794
9794
9795
9795
9796
9796
9797
9797
9798
9798
9799
9799
9800
9800
9801
9801
9802
9802
9803
9803
9804
9804
9805
9805
9806
9806
9807
9807
9808
9808
9809
9809
9810
9810
9811
9811
9812
9812
9813
9813
9814
9814
9815
9815
9816
9816
9817
9817
9818
9818
9819
9819
9820
9820
9821
9821
9822
9822
9823
9823
9824
9824
9825
9825
9826
9826
9827
9827
9828
9828
9829
9829
9830
9830
9831
9831
9832
9832
9833
9833
9834
9834
9835
9835
9836
9836
9837
9837
9838
9838
9839
9839
9840
9840
9841
9841
9842
9842
9843
9843
9844
9844
9845
9845
9846
9846
9847
9847
9848
9848
9849
9849
9850
9850
9851
9851
9852
9852
9853
9853
9854
9854
9855
9855
9856
9856
9857
9857
9858
9858
9859
9859
9860
9860
9861
9861
9862
9862
9863
9863
9864
9864
9865
9865
9866
9866
9867
9867
9868
9868
9869
9869
9870
9870
9871
9871
9872
9872
9873
9873
9874
9874
9875
9875
9876
9876
9877
9877
9878
9878
9879
9879
9880
9881
9882
9882
9883
9883
9884
9884
9885
9885
9886
9886
9887
9887
9888
9888
9889
9889
9890
9890
9891
9891
9892
9892
9893
9893
9894
9894
9895
9895
9896
9896
9897
9897
9898
9898
9899
9899
9900
9900
9901
9901
9902
9902
9903
9903
9904
9904
9905
9905
9906
9906
9907
9907
9908
9908
9909
9909
9910
9910
9911
9911
9912
9912
9913
9913
9914
9914
9915
9915
9916
9916
9917
9917
9918
9918
9919
9919
9920
9920
9921
9921
9922
9922
9923
9923
9924
9924
9925
9925
9926
9926
9927
9927
9928
9928
9929
9929
9930
9930
9931
9931
9932
9932
9933
9933
9934
9934
9935
9935
9936
9936
9937
9937
9938
9938
9939
9939
9940
9940
9941
9941
9942
9942
9943
9943
9944
9944
9945
9945
9946
9946
9947
9947
9948
9948
9949
9949
9950
9950
9951
9951
9952
9952
9953
9953
9954
9954
9955
9955
9956
9956
9957
9957
9958
9958
9959
9959
9960
9960
9961
9961
9962
9962
9963
9963
9964
9964
9965
9965
9966
9966
9967
9967
9968
9968
9969
9969
9970
9970
9971
9971
9972
9972
9973
9973
9974
9974
9975
9975
9976
9976
9977
9977
9978
9978
9979
9979
9980
9980
9981
9981
9982
9982
9983
9983
9984
9984
9985
9985
9986
9986
9987
9987
9988
9988
9989
9989
9990
9990
9991
9991
9992
9992
9993
9993
9994
9994
9995
9995
9996
9996
9997
9997
9998
9998
9999
9999
10000
10000
10001
10001
10002
10002
10003
10003
10004
10004
10005
10005
10006
10006
10007
10007
10008
10008
10009
10009
10010
10010
10011
10011
10012
10012
10013
10013
10014
10014
10015
10015
10016
10016
10017
10017
10018
10018
10019
10019
10020
10020
10021
10021
10022
10022
10023
10023
10024
10024
10025
10025
10026
10026
10027
10027
10028
10028
10029
10029
10030
10030
10031
10031
10032
10032
10033
10033
10034
10034
10035
10035
10036
10036
10037
10037
10038
10038
10039
10039
10040
10040
10041
10041
10042
10042
10043
10043
10044
10044
10045
10045
10046
10046
10047
10047
10048
10048
10049
10049
10050
10050
10051
10051
10052
10052
10053
10053
10054
10054
10055
10055
10056
10056
10057
10057
10058
10058
10059
10059
10060
10060
10061
10061
10062
10062
10063
10063
10064
10064
10065
10065
10066
10066
10067
10067
10068
10068
10069
10069
10070
10070
10071
10071
10072
10072
10073
10073
10074
10074
10075
10075
10076
10076
10077
10077
10078
10078
10079
10079
10080
10080
10081
10081
10082
10082
10083
10083
10084
10084
10085
10085
10086
10086
10087
10087
10088
10088
10089
10089
10090
10090
10091
10091
10092
10092
10093
10093
10094
10094
10095
10095
10096
10096
10097
10097
10098
10098
10099
10099
10100
10100
10101
10101
10102
10102
10103
10103
10104
10104
10105
10105
10106
10106
10107
10107
10108
10108
10109
10109
10110
10110
10111
10111
10112
10112
10113
10113
10114
10114
10115
10115
10116
10116
10117
10117
10118
10118
10119
10119
10120
10120
10121
10122
10123
10123
10124
10124
10125
10125
10126
10126
10127
10127
10128
10128
10129
10129
10130
10130
10131
10131
10132
10132
10133
10133
10134
10134
10135
10135
10136
10136
10137
10137
10138
10138
10139
10139
10140
10140
10141
10141
10142
10142
10143
10143
10144
10144
10145
10145
10146
10146
10147
10147
10148
10148
10149
10149
10150
10150
10151
10151
10152
10152
10153
10153
10154
10154
10155
10155
10156
10156
10157
10157
10158
10158
10159
10159
10160
10160
10161
10161
10162
10162
10163
10163
10164
10164
10165
10165
10166
10166
10167
10167
10168
10168
10169
10169
10170
10170
10171
10171
10172
10172
10173
10173
10174
10174
10175
10175
10176
10176
10177
10177
10178
10178
10179
10179
10180
10180
10181
10181
10182
10182
10183
10183
10184
10184
10185
10185
10186
10186
10187
10187
10188
10188
10189
10189
10190
10190
10191
10191
10192
10192
10193
10193
10194
10194
10195
10195
10196
10196
10197
10197
10198
10198
10199
10199
10200
10200
10201
10201
10202
10202
10203
10203
10204
10204
10205
10205
10206
10206
10207
10207
10208
10208
10209
10209
10210
10210
10211
10211
10212
10212
10213
10213
10214
10214
10215
10215
10216
10216
10217
10217
10218
10218
10219
10219
10220
10220
10221
10221
10222
10222
10223
10223
10224
10224
10225
10225
10226
10226
10227
10227
10228
10228
10229
10229
10230
10230
10231
10231
10232
10232
10233
10233
10234
10234
10235
10235
10236
10236
10237
10237
10238
10238
10239
10239
10240
10240
10241
10241
10242
10242
10243
10243
10244
10244
10245
10245
10246
10246
10247
10247
10248
10248
10249
10249
10250
10250
10251
10251
10252
10252
10253
10253
10254
10254
10255
10255
10256
10256
10257
10257
10258
10258
10259
10259
10260
10260
10261
10261
10262
10262
10263
10263
10264
10264
10265
10265
10266
10266
10267
10267
10268
10268
10269
10269
10270
10270
10271
10271
10272
10272
10273
10273
10274
10274
10275
10275
10276
10276
10277
10277
10278
10278
10279
10279
10280
10280
10281
10281
10282
10282
10283
10283
10284
10284
10285
10285
10286
10286
10287
10287
10288
10288
10289
10289
10290
10290
10291
10291
10292
10292
10293
10293
10294
10294
10295
10295
10296
10296
10297
10297
10298
10298
10299
10299
10300
10300
10301
10301
10302
10302
10303
10303
10304
10304
10305
10305
10306
10306
10307
10307
10308
10308
10309
10309
10310
10310
10311
10311
10312
10312
10313
10313
10314
10314
10315
10315
10316
10316
10317
10317
10318
10318
10319
10319
10320
10320
10321
10321
10322
10322
10323
10323
10324
10324
10325
10325
10326
10326
10327
10327
10328
10328
10329
10329
10330
10330
10331
10331
10332
10332
10333
10333
10334
10334
10335
10335
10336
10336
10337
10337
10338
10338
10339
10339
10340
10340
10341
10341
10342
10342
10343
10343
10344
10344
10345
10345
10346
10346
10347
10347
10348
10348
10349
10349
10350
10350
10351
10351
10352
10352
10353
10353
10354
10354
10355
10355
10356
10356
10357
10357
10358
10358
10359
10359
10360
10360
10361
10361
10362
10363
10364
10364
10365
10365
10366
10366
10367
10367
10368
10368
10369
10369
10370
10370
10371
10371
10372
10372
10373
10373
10374
10374
10375
10375
10376
10376
10377
10377
10378
10378
10379
10379
10380
10380
10381
10381
10382
10382
10383
10383
10384
10384
10385
10385
10386
10386
10387
10387
10388
10388
10389
10389
10390
10390
10391
10391
10392
10392
10393
10393
10394
10394
10395
10395
10396
10396
10397
10397
10398
10398
10399
10399
10400
10400
10401
10401
10402
10402
10403
10403
10404
10404
10405
10405
10406
10406
10407
10407
10408
10408
10409
10409
10410
10410
10411
10411
10412
10412
10413
10413
10414
10414
10415
10415
10416
10416
10417
10417
10418
10418
10419
10419
10420
10420
10421
10421
10422
10422
10423
10423
10424
10424
10425
10425
10426
10426
10427
10427
10428
10428
10429
10429
10430
10430
10431
10431
10432
10432
10433
10433
10434
10434
10435
10435
10436
10436
10437
10437
10438
10438
10439
10439
10440
10440
10441
10441
10442
10442
10443
10443
10444
10444
10445
10445
10446
10446
10447
10447
10448
10448
10449
10449
10450
10450
10451
10451
10452
10452
10453
10453
10454
10454
10455
10455
10456
10456
10457
10457
10458
10458
10459
10459
10460
10460
10461
10461
10462
10462
10463
10463
10464
10464
10465
10465
10466
10466
10467
10467
10468
10468
10469
10469
10470
10470
10471
10471
10472
10472
10473
10473
10474
10474
10475
10475
10476
10476
10477
10477
10478
10478
10479
10479
10480
10480
10481
10481
10482
10482
10483
10483
10484
10484
10485
10485
10486
10486
10487
10487
10488
10488
10489
10489
10490
10490
10491
10491
10492
10492
10493
10493
10494
10494
10495
10495
10496
10496
10497
10497
10498
10498
10499
10499
10500
10500
10501
10501
10502
10502
10503
10503
10504
10504
10505
10505
10506
10506
10507
10507
10508
10508
10509
10509
10510
10510
10511
10511
10512
10512
10513
10513
10514
10514
10515
10515
10516
10516
10517
10517
10518
10518
10519
10519
10520
10520
10521
10521
10522
10522
10523
10523
10524
10524
10525
10525
10526
10526
10527
10527
10528
10528
10529
10529
10530
10530
10531
10531
10532
10532
10533
10533
10534
10534
10535
10535
10536
10536
10537
10537
10538
10538
10539
10539
10540
10540
10541
10541
10542
10542
10543
10543
10544
10544
10545
10545
10546
10546
10547
10547
10548
10548
10549
10549
10550
10550
10551
10551
10552
10552
10553
10553
10554
10554
10555
10555
10556
10556
10557
10557
10558
10558
10559
10559
10560
10560
10561
10561
10562
10562
10563
10563
10564
10564
10565
10565
10566
10566
10567
10567
10568
10568
10569
10569
10570
10570
10571
10571
10572
10572
10573
10573
10574
10574
10575
10575
10576
10576
10577
10577
10578
10578
10579
10579
10580
10580
10581
10581
10582
10582
10583
10583
10584
10584
10585
10585
10586
10586
10587
10587
10588
10588
10589
10589
10590
10590
10591
10591
10592
10592
10593
10593
10594
10594
10595
10595
10596
10596
10597
10597
10598
10598
10599
10599
10600
10600
10601
10601
10602
10602
10603
10604
10605
10605
10606
10606
10607
10607
10608
10608
10609
10609
10610
10610
10611
10611
10612
10612
10613
10613
10614
10614
10615
10615
10616
10616
10617
10617
10618
10618
10619
10619
10620
10620
10621
10621
10622
10622
10623
10623
10624
10624
10625
10625
10626
10626
10627
10627
10628
10628
10629
10629
10630
10630
10631
10631
10632
10632
10633
10633
10634
10634
10635
10635
10636
10636
10637
10637
10638
10638
10639
10639
10640
10640
10641
10641
10642
10642
10643
10643
10644
10644
10645
10645
10646
10646
10647
10647
10648
10648
10649
10649
10650
10650
10651
10651
10652
10652
10653
10653
10654
10654
10655
10655
10656
10656
10657
10657
10658
10658
10659
10659
10660
10660
10661
10661
10662
10662
10663
10663
10664
10664
10665
10665
10666
10666
10667
10667
10668
10668
10669
10669
10670
10670
10671
10671
10672
10672
10673
10673
10674
10674
10675
10675
10676
10676
10677
10677
10678
10678
10679
10679
10680
10680
10681
10681
10682
10682
10683
10683
10684
10684
10685
10685
10686
10686
10687
10687
10688
10688
10689
10689
10690
10690
10691
10691
10692
10692
10693
10693
10694
10694
10695
10695
10696
10696
10697
10697
10698
10698
10699
10699
10700
10700
10701
10701
10702
10702
10703
10703
10704
10704
10705
10705
10706
10706
10707
10707
10708
10708
10709
10709
10710
10710
10711
10711
10712
10712
10713
10713
10714
10714
10715
10715
10716
10716
10717
10717
10718
10718
10719
10719
10720
10720
10721
10721
10722
10722
10723
10723
10724
10724
10725
10725
10726
10726
10727
10727
10728
10728
10729
10729
10730
10730
10731
10731
10732
10732
10733
10733
10734
10734
10735
10735
10736
10736
10737
10737
10738
10738
10739
10739
10740
10740
10741
10741
10742
10742
10743
10743
10744
10744
10745
10745
10746
10746
10747
10747
10748
10748
10749
10749
10750
10750
10751
10751
10752
10752
10753
10753
10754
10754
10755
10755
10756
10756
10757
10757
10758
10758
10759
10759
10760
10760
10761
10761
10762
10762
10763
10763
10764
10764
10765
10765
10766
10766
10767
10767
10768
10768
10769
10769
10770
10770
10771
10771
10772
10772
10773
10773
10774
10774
10775
10775
10776
10776
10777
10777
10778
10778
10779
10779
10780
10780
10781
10781
10782
10782
10783
10783
10784
10784
10785
10785
10786
10786
10787
10787
10788
10788
10789
10789
10790
10790
10791
10791
10792
10792
10793
10793
10794
10794
10795
10795
10796
10796
10797
10797
10798
10798
10799
10799
10800
10800
10801
10801
10802
10802
10803
10803
10804
10804
10805
10805
10806
10806
10807
10807
10808
10808
10809
10809
10810
10810
10811
10811
10812
10812
10813
10813
10814
10814
10815
10815
10816
10816
10817
10817
10818
10818
10819
10819
10820
10820
10821
10821
10822
10822
10823
10823
10824
10824
10825
10825
10826
10826
10827
10827
10828
10828
10829
10829
10830
10830
10831
10831
10832
10832
10833
10833
10834
10834
10835
10835
10836
10836
10837
10837
10838
10838
10839
10839
10840
10840
10841
10841
10842
10842
10843
10843
10844
10845
10846
10846
10847
10847
10848
10848
10849
10849
10850
10850
10851
10851
10852
10852
10853
10853
10854
10854
10855
10855
10856
10856
10857
10857
10858
10858
10859
10859
10860
10860
10861
10861
10862
10862
10863
10863
10864
10864
10865
10865
10866
10866
10867
10867
10868
10868
10869
10869
10870
10870
10871
10871
10872
10872
10873
10873
10874
10874
10875
10875
10876
10876
10877
10877
10878
10878
10879
10879
10880
10880
10881
10881
10882
10882
10883
10883
10884
10884
10885
10885
10886
10886
10887
10887
10888
10888
10889
10889
10890
10890
10891
10891
10892
10892
10893
10893
10894
10894
10895
10895
10896
10896
10897
10897
10898
10898
10899
10899
10900
10900
10901
10901
10902
10902
10903
10903
10904
10904
10905
10905
10906
10906
10907
10907
10908
10908
10909
10909
10910
10910
10911
10911
10912
10912
10913
10913
10914
10914
10915
10915
10916
10916
10917
10917
10918
10918
10919
10919
10920
10920
10921
10921
10922
10922
10923
10923
10924
10924
10925
10925
10926
10926
10927
10927
10928
10928
10929
10929
10930
10930
10931
10931
10932
10932
10933
10933
10934
10934
10935
10935
10936
10936
10937
10937
10938
10938
10939
10939
10940
10940
10941
10941
10942
10942
10943
10943
10944
10944
10945
10945
10946
10946
10947
10947
10948
10948
10949
10949
10950
10950
10951
10951
10952
10952
10953
10953
10954
10954
10955
10955
10956
10956
10957
10957
10958
10958
10959
10959
10960
10960
10961
10961
10962
10962
10963
10963
10964
10964
10965
10965
10966
10966
10967
10967
10968
10968
10969
10969
10970
10970
10971
10971
10972
10972
10973
10973
10974
10974
10975
10975
10976
10976
10977
10977
10978
10978
10979
10979
10980
10980
10981
10981
10982
10982
10983
10983
10984
10984
10985
10985
10986
10986
10987
10987
10988
10988
10989
10989
10990
10990
10991
10991
10992
10992
10993
10993
10994
10994
10995
10995
10996
10996
10997
10997
10998
10998
10999
10999
11000
11000
11001
11001
11002
11002
11003
11003
11004
11004
11005
11005
11006
11006
11007
11007
11008
11008
11009
11009
11010
11010
11011
11011
11012
11012
11013
11013
11014
11014
11015
11015
11016
11016
11017
11017
11018
11018
11019
11019
11020
11020
11021
11021
11022
11022
11023
11023
11024
11024
11025
11025
11026
11026
11027
11027
11028
11028
11029
11029
11030
11030
11031
11031
11032
11032
11033
11033
11034
11034
11035
11035
11036
11036
11037
11037
11038
11038
11039
11039
11040
11040
11041
11041
11042
11042
11043
11043
11044
11044
11045
11045
11046
11046
11047
11047
11048
11048
11049
11049
11050
11050
11051
11051
11052
11052
11053
11053
11054
11054
11055
11055
11056
11056
11057
11057
11058
11058
11059
11059
11060
11060
11061
11061
11062
11062
11063
11063
11064
11064
11065
11065
11066
11066
11067
11067
11068
11068
11069
11069
11070
11070
11071
11071
11072
11072
11073
11073
11074
11074
11075
11075
11076
11076
11077
11077
11078
11078
11079
11079
11080
11080
11081
11081
11082
11082
11083
11083
11084
11084
11085
11086
11087
11087
11088
11088
11089
11089
11090
11090
11091
11091
11092
11092
11093
11093
11094
11094
11095
11095
11096
11096
11097
11097
11098
11098
11099
11099
11100
11100
11101
11101
11102
11102
11103
11103
11104
11104
11105
11105
11106
11106
11107
11107
11108
11108
11109
11109
11110
11110
11111
11111
11112
11112
11113
11113
11114
11114
11115
11115
11116
11116
11117
11117
11118
11118
11119
11119
11120
11120
11121
11121
11122
11122
11123
11123
11124
11124
11125
11125
11126
11126
11127
11127
11128
11128
11129
11129
11130
11130
11131
11131
11132
11132
11133
11133
11134
11134
11135
11135
11136
11136
11137
11137
11138
11138
11139
11139
11140
11140
11141
11141
11142
11142
11143
11143
11144
11144
11145
11145
11146
11146
11147
11147
11148
11148
11149
11149
11150
11150
11151
11151
11152
11152
11153
11153
11154
11154
11155
11155
11156
11156
11157
11157
11158
11158
11159
11159
11160
11160
11161
11161
11162
11162
11163
11163
11164
11164
11165
11165
11166
11166
11167
11167
11168
11168
11169
11169
11170
11170
11171
11171
11172
11172
11173
11173
11174
11174
11175
11175
11176
11176
11177
11177
11178
11178
11179
11179
11180
11180
11181
11181
11182
11182
11183
11183
11184
11184
11185
11185
11186
11186
11187
11187
11188
11188
11189
11189
11190
11190
11191
11191
11192
11192
11193
11193
11194
11194
11195
11195
11196
11196
11197
11197
11198
11198
11199
11199
11200
11200
11201
11201
11202
11202
11203
11203
11204
11204
11205
11205
11206
11206
11207
11207
11208
11208
11209
11209
11210
11210
11211
11211
11212
11212
11213
11213
11214
11214
11215
11215
11216
11216
11217
11217
11218
11218
11219
11219
11220
11220
11221
11221
11222
11222
11223
11223
11224
11224
11225
11225
11226
11226
11227
11227
11228
11228
11229
11229
11230
11230
11231
11231
11232
11232
11233
11233
11234
11234
11235
11235
11236
11236
11237
11237
11238
11238
11239
11239
11240
11240
11241
11241
11242
11242
11243
11243
11244
11244
11245
11245
11246
11246
11247
11247
11248
11248
11249
11249
11250
11250
11251
11251
11252
11252
11253
11253
11254
11254
11255
11255
11256
11256
11257
11257
11258
11258
11259
11259
11260
11260
11261
11261
11262
11262
11263
11263
11264
11264
11265
11265
11266
11266
11267
11267
11268
11268
11269
11269
11270
11270
11271
11271
11272
11272
11273
11273
11274
11274
11275
11275
11276
11276
11277
11277
11278
11278
11279
11279
11280
11280
11281
11281
11282
11282
11283
11283
11284
11284
11285
11285
11286
11286
11287
11287
11288
11288
11289
11289
11290
11290
11291
11291
11292
11292
11293
11293
11294
11294
11295
11295
11296
11296
11297
11297
11298
11298
11299
11299
11300
11300
11301
11301
11302
11302
11303
11303
11304
11304
11305
11305
11306
11306
11307
11307
11308
11308
11309
11309
11310
11310
11311
11311
11312
11312
11313
11313
11314
11314
11315
11315
11316
11316
11317
11317
11318
11318
11319
11319
11320
11320
11321
11321
11322
11322
11323
11323
11324
11324
11325
11325
11326
11327
11328
11328
11329
11329
11330
11330
11331
11331
11332
11332
11333
11333
11334
11334
11335
11335
11336
11336
11337
11337
11338
11338
11339
11339
11340
11340
11341
11341
11342
11342
11343
11343
11344
11344
11345
11345
11346
11346
11347
11347
11348
11348
11349
11349
11350
11350
11351
11351
11352
11352
11353
11353
11354
11354
11355
11355
11356
11356
11357
11357
11358
11358
11359
11359
11360
11360
11361
11361
11362
11362
11363
11363
11364
11364
11365
11365
11366
11366
11367
11367
11368
11368
11369
11369
11370
11370
11371
11371
11372
11372
11373
11373
11374
11374
11375
11375
11376
11376
11377
11377
11378
11378
11379
11379
11380
11380
11381
11381
11382
11382
11383
11383
11384
11384
11385
11385
11386
11386
11387
11387
11388
11388
11389
11389
11390
11390
11391
11391
11392
11392
11393
11393
11394
11394
11395
11395
11396
11396
11397
11397
11398
11398
11399
11399
11400
11400
11401
11401
11402
11402
11403
11403
11404
11404
11405
11405
11406
11406
11407
11407
11408
11408
11409
11409
11410
11410
11411
11411
11412
11412
11413
11413
11414
11414
11415
11415
11416
11416
11417
11417
11418
11418
11419
11419
11420
11420
11421
11421
11422
11422
11423
11423
11424
11424
11425
11425
11426
11426
11427
11427
11428
11428
11429
11429
11430
11430
11431
11431
11432
11432
11433
11433
11434
11434
11435
11435
11436
11436
11437
11437
11438
11438
11439
11439
11440
11440
11441
11441
11442
11442
11443
11443
11444
11444
11445
11445
11446
11446
11447
11447
11448
11448
11449
11449
11450
11450
11451
11451
11452
11452
11453
11453
11454
11454
11455
11455
11456
11456
11457
11457
11458
11458
11459
11459
11460
11460
11461
11461
11462
11462
11463
11463
11464
11464
11465
11465
11466
11466
11467
11467
11468
11468
11469
11469
11470
11470
11471
11471
11472
11472
11473
11473
11474
11474
11475
11475
11476
11476
11477
11477
11478
11478
11479
11479
11480
11480
11481
11481
11482
11482
11483
11483
11484
11484
11485
11485
11486
11486
11487
11487
11488
11488
11489
11489
11490
11490
11491
11491
11492
11492
11493
11493
11494
11494
11495
11495
11496
11496
11497
11497
11498
11498
11499
11499
11500
11500
11501
11501
11502
11502
11503
11503
11504
11504
11505
11505
11506
11506
11507
11507
11508
11508
11509
11509
11510
11510
11511
11511
11512
11512
11513
11513
11514
11514
11515
11515
11516
11516
11517
11517
11518
11518
11519
11519
11520
11520
11521
11521
11522
11522
11523
11523
11524
11524
11525
11525
11526
11526
11527
11527
11528
11528
11529
11529
11530
11530
11531
11531
11532
11532
11533
11533
11534
11534
11535
11535
11536
11536
11537
11537
11538
11538
11539
11539
11540
11540
11541
11541
11542
11542
11543
11543
11544
11544
11545
11545
11546
11546
11547
11547
11548
11548
11549
11549
11550
11550
11551
11551
11552
11552
11553
11553
11554
11554
11555
11555
11556
11556
11557
11557
11558
11558
11559
11559
11560
11560
11561
11561
11562
11562
11563
11563
11564
11564
11565
11565
11566
11566
11567
11568
11569
11569
11570
11570
11571
11571
11572
11572
11573
11573
11574
11574
11575
11575
11576
11576
11577
11577
11578
11578
11579
11579
11580
11580
11581
11581
11582
11582
11583
11583
11584
11584
11585
11585
11586
11586
11587
11587
11588
11588
11589
11589
11590
11590
11591
11591
11592
11592
11593
11593
11594
11594
11595
11595
11596
11596
11597
11597
11598
11598
11599
11599
11600
11600
11601
11601
11602
11602
11603
11603
11604
11604
11605
11605
11606
11606
11607
11607
11608
11608
11609
11609
11610
11610
11611
11611
11612
11612
11613
11613
11614
11614
11615
11615
11616
11616
11617
11617
11618
11618
11619
11619
11620
11620
11621
11621
11622
11622
11623
11623
11624
11624
11625
11625
11626
11626
11627
11627
11628
11628
11629
11629
11630
11630
11631
11631
11632
11632
11633
11633
11634
11634
11635
11635
11636
11636
11637
11637
11638
11638
11639
11639
11640
11640
11641
11641
11642
11642
11643
11643
11644
11644
11645
11645
11646
11646
11647
11647
11648
11648
11649
11649
11650
11650
11651
11651
11652
11652
11653
11653
11654
11654
11655
11655
11656
11656
11657
11657
11658
11658
11659
11659
11660
11660
11661
11661
11662
11662
11663
11663
11664
11664
11665
11665
11666
11666
11667
11667
11668
11668
11669
11669
11670
11670
11671
11671
11672
11672
11673
11673
11674
11674
11675
11675
11676
11676
11677
11677
11678
11678
11679
11679
11680
11680
11681
11681
11682
11682
11683
11683
11684
11684
11685
11685
11686
11686
11687
11687
11688
11688
11689
11689
11690
11690
11691
11691
11692
11692
11693
11693
11694
11694
11695
11695
11696
11696
11697
11697
11698
11698
11699
11699
11700
11700
11701
11701
11702
11702
11703
11703
11704
11704
11705
11705
11706
11706
11707
11707
11708
11708
11709
11709
11710
11710
11711
11711
11712
11712
11713
11713
11714
11714
11715
11715
11716
11716
11717
11717
11718
11718
11719
11719
11720
11720
11721
11721
11722
11722
11723
11723
11724
11724
11725
11725
11726
11726
11727
11727
11728
11728
11729
11729
11730
11730
11731
11731
11732
11732
11733
11733
11734
11734
11735
11735
11736
11736
11737
11737
11738
11738
11739
11739
11740
11740
11741
11741
11742
11742
11743
11743
11744
11744
11745
11745
11746
11746
11747
11747
11748
11748
11749
11749
11750
11750
11751
11751
11752
11752
11753
11753
11754
11754
11755
11755
11756
11756
11757
11757
11758
11758
11759
11759
11760
11760
11761
11761
11762
11762
11763
11763
11764
11764
11765
11765
11766
11766
11767
11767
11768
11768
11769
11769
11770
11770
11771
11771
11772
11772
11773
11773
11774
11774
11775
11775
11776
11776
11777
11777
11778
11778
11779
11779
11780
11780
11781
11781
11782
11782
11783
11783
11784
11784
11785
11785
11786
11786
11787
11787
11788
11788
11789
11789
11790
11790
11791
11791
11792
11792
11793
11793
11794
11794
11795
11795
11796
11796
11797
11797
11798
11798
11799
11799
11800
11800
11801
11801
11802
11802
11803
11803
11804
11804
11805
11805
11806
11806
11807
11807
11808
11809
11810
11810
11811
11811
11812
11812
11813
11813
11814
11814
11815
11815
11816
11816
11817
11817
11818
11818
11819
11819
11820
11820
11821
11821
11822
11822
11823
11823
11824
11824
11825
11825
11826
11826
11827
11827
11828
11828
11829
11829
11830
11830
11831
11831
11832
11832
11833
11833
11834
11834
11835
11835
11836
11836
11837
11837
11838
11838
11839
11839
11840
11840
11841
11841
11842
11842
11843
11843
11844
11844
11845
11845
11846
11846
11847
11847
11848
11848
11849
11849
11850
11850
11851
11851
11852
11852
11853
11853
11854
11854
11855
11855
11856
11856
11857
11857
11858
11858
11859
11859
11860
11860
11861
11861
11862
11862
11863
11863
11864
11864
11865
11865
11866
11866
11867
11867
11868
11868
11869
11869
11870
11870
11871
11871
11872
11872
11873
11873
11874
11874
11875
11875
11876
11876
11877
11877
11878
11878
11879
11879
11880
11880
11881
11881
11882
11882
11883
11883
11884
11884
11885
11885
11886
11886
11887
11887
11888
11888
11889
11889
11890
11890
11891
11891
11892
11892
11893
11893
11894
11894
11895
11895
11896
11896
11897
11897
11898
11898
11899
11899
11900
11900
11901
11901
11902
11902
11903
11903
11904
11904
11905
11905
11906
11906
11907
11907
11908
11908
11909
11909
11910
11910
11911
11911
11912
11912
11913
11913
11914
11914
11915
11915
11916
11916
11917
11917
11918
11918
11919
11919
11920
11920
11921
11921
11922
11922
11923
11923
11924
11924
11925
11925
11926
11926
11927
11927
11928
11928
11929
11929
11930
11930
11931
11931
11932
11932
11933
11933
11934
11934
11935
11935
11936
11936
11937
11937
11938
11938
11939
11939
11940
11940
11941
11941
11942
11942
11943
11943
11944
11944
11945
11945
11946
11946
11947
11947
11948
11948
11949
11949
11950
11950
11951
11951
11952
11952
11953
11953
11954
11954
11955
11955
11956
11956
11957
11957
11958
11958
11959
11959
11960
11960
11961
11961
11962
11962
11963
11963
11964
11964
11965
11965
11966
11966
11967
11967
11968
11968
11969
11969
11970
11970
11971
11971
11972
11972
11973
11973
11974
11974
11975
11975
11976
11976
11977
11977
11978
11978
11979
11979
11980
11980
11981
11981
11982
11982
11983
11983
11984
11984
11985
11985
11986
11986
11987
11987
11988
11988
11989
11989
11990
11990
11991
11991
11992
11992
11993
11993
11994
11994
11995
11995
11996
11996
11997
11997
11998
11998
11999
11999
12000
12000
12001
12001
12002
12002
12003
12003
12004
12004
12005
12005
12006
12006
12007
12007
12008
12008
12009
12009
12010
12010
12011
12011
12012
12012
12013
12013
12014
12014
12015
12015
12016
12016
12017
12017
12018
12018
12019
12019
12020
12020
12021
12021
12022
12022
12023
12023
12024
12024
12025
12025
12026
12026
12027
12027
12028
12028
12029
12029
12030
12030
12031
12031
12032
12032
12033
12033
12034
12034
12035
12035
12036
12036
12037
12037
12038
12038
12039
12039
12040
12040
12041
12041
12042
12042
12043
12043
12044
12044
12045
12045
12046
12046
12047
12047
12048
12048
12049
12050
12051
12051
12052
12052
12053
12053
12054
12054
12055
12055
12056
12056
12057
12057
12058
12058
12059
12059
12060
12060
12061
12061
12062
12062
12063
12063
12064
12064
12065
12065
12066
12066
12067
12067
12068
12068
12069
12069
12070
12070
12071
12071
12072
12072
12073
12073
12074
12074
12075
12075
12076
12076
12077
12077
12078
12078
12079
12079
12080
12080
12081
12081
12082
12082
12083
12083
12084
12084
12085
12085
12086
12086
12087
12087
12088
12088
12089
12089
12090
12090
12091
12091
12092
12092
12093
12093
12094
12094
12095
12095
12096
12096
12097
12097
12098
12098
12099
12099
12100
12100
12101
12101
12102
12102
12103
12103
12104
12104
12105
12105
12106
12106
12107
12107
12108
12108
12109
12109
12110
12110
12111
12111
12112
12112
12113
12113
12114
12114
12115
12115
12116
12116
12117
12117
12118
12118
12119
12119
12120
12120
12121
12121
12122
12122
12123
12123
12124
12124
12125
12125
12126
12126
12127
12127
12128
12128
12129
12129
12130
12130
12131
12131
12132
12132
12133
12133
12134
12134
12135
12135
12136
12136
12137
12137
12138
12138
12139
12139
12140
12140
12141
12141
12142
12142
12143
12143
12144
12144
12145
12145
12146
12146
12147
12147
12148
12148
12149
12149
12150
12150
12151
12151
12152
12152
12153
12153
12154
12154
12155
12155
12156
12156
12157
12157
12158
12158
12159
12159
12160
12160
12161
12161
12162
12162
12163
12163
12164
12164
12165
12165
12166
12166
12167
12167
12168
12168
12169
12169
12170
12170
12171
12171
12172
12172
12173
12173
12174
12174
12175
12175
12176
12176
12177
12177
12178
12178
12179
12179
12180
12180
12181
12181
12182
12182
12183
12183
12184
12184
12185
12185
12186
12186
12187
12187
12188
12188
12189
12189
12190
12190
12191
12191
12192
12192
12193
12193
12194
12194
12195
12195
12196
12196
12197
12197
12198
12198
12199
12199
12200
12200
12201
12201
12202
12202
12203
12203
12204
12204
12205
12205
12206
12206
12207
12207
12208
12208
12209
12209
12210
12210
12211
12211
12212
12212
12213
12213
12214
12214
12215
12215
12216
12216
12217
12217
12218
12218
12219
12219
12220
12220
12221
12221
12222
12222
12223
12223
12224
12224
12225
12225
12226
12226
12227
12227
12228
12228
12229
12229
12230
12230
12231
12231
12232
12232
12233
12233
12234
12234
12235
12235
12236
12236
12237
12237
12238
12238
12239
12239
12240
12240
12241
12241
12242
12242
12243
12243
12244
12244
12245
12245
12246
12246
12247
12247
12248
12248
12249
12249
12250
12250
12251
12251
12252
12252
12253
12253
12254
12254
12255
12255
12256
12256
12257
12257
12258
12258
12259
12259
12260
12260
12261
12261
12262
12262
12263
12263
12264
12264
12265
12265
12266
12266
12267
12267
12268
12268
12269
12269
12270
12270
12271
12271
12272
12272
12273
12273
12274
12274
12275
12275
12276
12276
12277
12277
12278
12278
12279
12279
12280
12280
12281
12281
12282
12282
12283
12283
12284
12284
12285
12285
12286
12286
12287
12287
12288
12288
12289
12289
12290
12291
12292
12292
12293
12293
12294
12294
12295
12295
12296
12296
12297
12297
12298
12298
12299
12299
12300
12300
12301
12301
12302
12302
12303
12303
12304
12304
12305
12305
12306
12306
12307
12307
12308
12308
12309
12309
12310
12310
12311
12311
12312
12312
12313
12313
12314
12314
12315
12315
12316
12316
12317
12317
12318
12318
12319
12319
12320
12320
12321
12321
12322
12322
12323
12323
12324
12324
12325
12325
12326
12326
12327
12327
12328
12328
12329
12329
12330
12330
12331
12331
12332
12332
12333
12333
12334
12334
12335
12335
12336
12336
12337
12337
12338
12338
12339
12339
12340
12340
12341
12341
12342
12342
12343
12343
12344
12344
12345
12345
12346
12346
12347
12347
12348
12348
12349
12349
12350
12350
12351
12351
12352
12352
12353
12353
12354
12354
12355
12355
12356
12356
12357
12357
12358
12358
12359
12359
12360
12360
12361
12361
12362
12362
12363
12363
12364
12364
12365
12365
12366
12366
12367
12367
12368
12368
12369
12369
12370
12370
12371
12371
12372
12372
12373
12373
12374
12374
12375
12375
12376
12376
12377
12377
12378
12378
12379
12379
12380
12380
12381
12381
12382
12382
12383
12383
12384
12384
12385
12385
12386
12386
12387
12387
12388
12388
12389
12389
12390
12390
12391
12391
12392
12392
12393
12393
12394
12394
12395
12395
12396
12396
12397
12397
12398
12398
12399
12399
12400
12400
12401
12401
12402
12402
12403
12403
12404
12404
12405
12405
12406
12406
12407
12407
12408
12408
12409
12409
12410
12410
12411
12411
12412
12412
12413
12413
12414
12414
12415
12415
12416
12416
12417
12417
12418
12418
12419
12419
12420
12420
12421
12421
12422
12422
12423
12423
12424
12424
12425
12425
12426
12426
12427
12427
12428
12428
12429
12429
12430
12430
12431
12431
12432
12432
12433
12433
12434
12434
12435
12435
12436
12436
12437
12437
12438
12438
12439
12439
12440
12440
12441
12441
12442
12442
12443
12443
12444
12444
12445
12445
12446
12446
12447
12447
12448
12448
12449
12449
12450
12450
12451
12451
12452
12452
12453
12453
12454
12454
12455
12455
12456
12456
12457
12457
12458
12458
12459
12459
12460
12460
12461
12461
12462
12462
12463
12463
12464
12464
12465
12465
12466
12466
12467
12467
12468
12468
12469
12469
12470
12470
12471
12471
12472
12472
12473
12473
12474
12474
12475
12475
12476
12476
12477
12477
12478
12478
12479
12479
12480
12480
12481
12481
12482
12482
12483
12483
12484
12484
12485
12485
12486
12486
12487
12487
12488
12488
12489
12489
12490
12490
12491
12491
12492
12492
12493
12493
12494
12494
12495
12495
12496
12496
12497
12497
12498
12498
12499
12499
12500
12500
12501
12501
12502
12502
12503
12503
12504
12504
12505
12505
12506
12506
12507
12507
12508
12508
12509
12509
12510
12510
12511
12511
12512
12512
12513
12513
12514
12514
12515
12515
12516
12516
12517
12517
12518
12518
12519
12519
12520
12520
12521
12521
12522
12522
12523
12523
12524
12524
12525
12525
12526
12526
12527
12527
12528
12528
12529
12529
12530
12530
12531
12532
12533
12533
12534
12534
12535
12535
12536
12536
12537
12537
12538
12538
12539
12539
12540
12540
12541
12541
12542
12542
12543
12543
12544
12544
12545
12545
12546
12546
12547
12547
12548
12548
12549
12549
12550
12550
12551
12551
12552
12552
12553
12553
12554
12554
12555
12555
12556
12556
12557
12557
12558
12558
12559
12559
12560
12560
12561
12561
12562
12562
12563
12563
12564
12564
12565
12565
12566
12566
12567
12567
12568
12568
12569
12569
12570
12570
12571
12571
12572
12572
12573
12573
12574
12574
12575
12575
12576
12576
12577
12577
12578
12578
12579
12579
12580
12580
12581
12581
12582
12582
12583
12583
12584
12584
12585
12585
12586
12586
12587
12587
12588
12588
12589
12589
12590
12590
12591
12591
12592
12592
12593
12593
12594
12594
12595
12595
12596
12596
12597
12597
12598
12598
12599
12599
12600
12600
12601
12601
12602
12602
12603
12603
12604
12604
12605
12605
12606
12606
12607
12607
12608
12608
12609
12609
12610
12610
12611
12611
12612
12612
12613
12613
12614
12614
12615
12615
12616
12616
12617
12617
12618
12618
12619
12619
12620
12620
12621
12621
12622
12622
12623
12623
12624
12624
12625
12625
12626
12626
12627
12627
12628
12628
12629
12629
12630
12630
12631
12631
12632
12632
12633
12633
12634
12634
12635
12635
12636
12636
12637
12637
12638
12638
12639
12639
12640
12640
12641
12641
12642
12642
12643
12643
12644
12644
12645
12645
12646
12646
12647
12647
12648
12648
12649
12649
12650
12650
12651
12651
12652
12652
12653
12653
12654
12654
12655
12655
12656
12656
12657
12657
12658
12658
12659
12659
12660
12660
12661
12661
12662
12662
12663
12663
12664
12664
12665
12665
12666
12666
12667
12667
12668
12668
12669
12669
12670
12670
12671
12671
12672
12672
12673
12673
12674
12674
12675
12675
12676
12676
12677
12677
12678
12678
12679
12679
12680
12680
12681
12681
12682
12682
12683
12683
12684
12684
12685
12685
12686
12686
12687
12687
12688
12688
12689
12689
12690
12690
12691
12691
12692
12692
12693
12693
12694
12694
12695
12695
12696
12696
12697
12697
12698
12698
12699
12699
12700
12700
12701
12701
12702
12702
12703
12703
12704
12704
12705
12705
12706
12706
12707
12707
12708
12708
12709
12709
12710
12710
12711
12711
12712
12712
12713
12713
12714
12714
12715
12715
12716
12716
12717
12717
12718
12718
12719
12719
12720
12720
12721
12721
12722
12722
12723
12723
12724
12724
12725
12725
12726
12726
12727
12727
12728
12728
12729
12729
12730
12730
12731
12731
12732
12732
12733
12733
12734
12734
12735
12735
12736
12736
12737
12737
12738
12738
12739
12739
12740
12740
12741
12741
12742
12742
12743
12743
12744
12744
12745
12745
12746
12746
12747
12747
12748
12748
12749
12749
12750
12750
12751
12751
12752
12752
12753
12753
12754
12754
12755
12755
12756
12756
12757
12757
12758
12758
12759
12759
12760
12760
12761
12761
12762
12762
12763
12763
12764
12764
12765
12765
12766
12766
12767
12767
12768
12768
12769
12769
12770
12770
12771
12771
12772
12773
12774
12774
12775
12775
12776
12776
12777
12777
12778
12778
12779
12779
12780
12780
12781
12781
12782
12782
12783
12783
12784
12784
12785
12785
12786
12786
12787
12787
12788
12788
12789
12789
12790
12790
12791
12791
12792
12792
12793
12793
12794
12794
12795
12795
12796
12796
12797
12797
12798
12798
12799
12799
12800
12800
12801
12801
12802
12802
12803
12803
12804
12804
12805
12805
12806
12806
12807
12807
12808
12808
12809
12809
12810
12810
12811
12811
12812
12812
12813
12813
12814
12814
12815
12815
12816
12816
12817
12817
12818
12818
12819
12819
12820
12820
12821
12821
12822
12822
12823
12823
12824
12824
12825
12825
12826
12826
12827
12827
12828
12828
12829
12829
12830
12830
12831
12831
12832
12832
12833
12833
12834
12834
12835
12835
12836
12836
12837
12837
12838
12838
12839
12839
12840
12840
12841
12841
12842
12842
12843
12843
12844
12844
12845
12845
12846
12846
12847
12847
12848
12848
12849
12849
12850
12850
12851
12851
12852
12852
12853
12853
12854
12854
12855
12855
12856
12856
12857
12857
12858
12858
12859
12859
12860
12860
12861
12861
12862
12862
12863
12863
12864
12864
12865
12865
12866
12866
12867
12867
12868
12868
12869
12869
12870
12870
12871
12871
12872
12872
12873
12873
12874
12874
12875
12875
12876
12876
12877
12877
12878
12878
12879
12879
12880
12880
12881
12881
12882
12882
12883
12883
12884
12884
12885
12885
12886
12886
12887
12887
12888
12888
12889
12889
12890
12890
12891
12891
12892
12892
12893
12893
12894
12894
12895
12895
12896
12896
12897
12897
12898
12898
12899
12899
12900
12900
12901
12901
12902
12902
12903
12903
12904
12904
12905
12905
12906
12906
12907
12907
12908
12908
12909
12909
12910
12910
12911
12911
12912
12912
12913
12913
12914
12914
12915
12915
12916
12916
12917
12917
12918
12918
12919
12919
12920
12920
12921
12921
12922
12922
12923
12923
12924
12924
12925
12925
12926
12926
12927
12927
12928
12928
12929
12929
12930
12930
12931
12931
12932
12932
12933
12933
12934
12934
12935
12935
12936
12936
12937
12937
12938
12938
12939
12939
12940
12940
12941
12941
12942
12942
12943
12943
12944
12944
12945
12945
12946
12946
12947
12947
12948
12948
12949
12949
12950
12950
12951
12951
12952
12952
12953
12953
12954
12954
12955
12955
12956
12956
12957
12957
12958
12958
12959
12959
12960
12960
12961
12961
12962
12962
12963
12963
12964
12964
12965
12965
12966
12966
12967
12967
12968
12968
12969
12969
12970
12970
12971
12971
12972
12972
12973
12973
12974
12974
12975
12975
12976
12976
12977
12977
12978
12978
12979
12979
12980
12980
12981
12981
12982
12982
12983
12983
12984
12984
12985
12985
12986
12986
12987
12987
12988
12988
12989
12989
12990
12990
12991
12991
12992
12992
12993
12993
12994
12994
12995
12995
12996
12996
12997
12997
12998
12998
12999
12999
13000
13000
13001
13001
13002
13002
13003
13003
13004
13004
13005
13005
13006
13006
13007
13007
13008
13008
13009
13009
13010
13010
13011
13011
13012
13012
13013
13014
13015
13015
13016
13016
13017
13017
13018
13018
13019
13019
13020
13020
13021
13021
13022
13022
13023
13023
13024
13024
13025
13025
13026
13026
13027
13027
13028
13028
13029
13029
13030
13030
13031
13031
13032
13032
13033
13033
13034
13034
13035
13035
13036
13036
13037
13037
13038
13038
13039
13039
13040
13040
13041
13041
13042
13042
13043
13043
13044
13044
13045
13045
13046
13046
13047
13047
13048
13048
13049
13049
13050
13050
13051
13051
13052
13052
13053
13053
13054
13054
13055
13055
13056
13056
13057
13057
13058
13058
13059
13059
13060
13060
13061
13061
13062
13062
13063
13063
13064
13064
13065
13065
13066
13066
13067
13067
13068
13068
13069
13069
13070
13070
13071
13071
13072
13072
13073
13073
13074
13074
13075
13075
13076
13076
13077
13077
13078
13078
13079
13079
13080
13080
13081
13081
13082
13082
13083
13083
13084
13084
13085
13085
13086
13086
13087
13087
13088
13088
13089
13089
13090
13090
13091
13091
13092
13092
13093
13093
13094
13094
13095
13095
13096
13096
13097
13097
13098
13098
13099
13099
13100
13100
13101
13101
13102
13102
13103
13103
13104
13104
13105
13105
13106
13106
13107
13107
13108
13108
13109
13109
13110
13110
13111
13111
13112
13112
13113
13113
13114
13114
13115
13115
13116
13116
13117
13117
13118
13118
13119
13119
13120
13120
13121
13121
13122
13122
13123
13123
13124
13124
13125
13125
13126
13126
13127
13127
13128
13128
13129
13129
13130
13130
13131
13131
13132
13132
13133
13133
13134
13134
13135
13135
13136
13136
13137
13137
13138
13138
13139
13139
13140
13140
13141
13141
13142
13142
13143
13143
13144
13144
13145
13145
13146
13146
13147
13147
13148
13148
13149
13149
13150
13150
13151
13151
13152
13152
13153
13153
13154
13154
13155
13155
13156
13156
13157
13157
13158
13158
13159
13159
13160
13160
13161
13161
13162
13162
13163
13163
13164
13164
13165
13165
13166
13166
13167
13167
13168
13168
13169
13169
13170
13170
13171
13171
13172
13172
13173
13173
13174
13174
13175
13175
13176
13176
13177
13177
13178
13178
13179
13179
13180
13180
13181
13181
13182
13182
13183
13183
13184
13184
13185
13185
13186
13186
13187
13187
13188
13188
13189
13189
13190
13190
13191
13191
13192
13192
13193
13193
13194
13194
13195
13195
13196
13196
13197
13197
13198
13198
13199
13199
13200
13200
13201
13201
13202
13202
13203
13203
13204
13204
13205
13205
13206
13206
13207
13207
13208
13208
13209
13209
13210
13210
13211
13211
13212
13212
13213
13213
13214
13214
13215
13215
13216
13216
13217
13217
13218
13218
13219
13219
13220
13220
13221
13221
13222
13222
13223
13223
13224
13224
13225
13225
13226
13226
13227
13227
13228
13228
13229
13229
13230
13230
13231
13231
13232
13232
13233
13233
13234
13234
13235
13235
13236
13236
13237
13237
13238
13238
13239
13239
13240
13240
13241
13241
13242
13242
13243
13243
13244
13244
13245
13245
13246
13246
13247
13247
13248
13248
13249
13249
13250
13250
13251
13251
13252
13252
13253
13253
13254
13255
13256
13256
13257
13257
13258
13258
13259
13259
13260
13260
13261
13261
13262
13262
13263
13263
13264
13264
13265
13265
13266
13266
13267
13267
13268
13268
13269
13269
13270
13270
13271
13271
13272
13272
13273
13273
13274
13274
13275
13275
13276
13276
13277
13277
13278
13278
13279
13279
13280
13280
13281
13281
13282
13282
13283
13283
13284
13284
13285
13285
13286
13286
13287
13287
13288
13288
13289
13289
13290
13290
13291
13291
13292
13292
13293
13293
13294
13294
13295
13295
13296
13296
13297
13297
13298
13298
13299
13299
13300
13300
13301
13301
13302
13302
13303
13303
13304
13304
13305
13305
13306
13306
13307
13307
13308
13308
13309
13309
13310
13310
13311
13311
13312
13312
13313
13313
13314
13314
13315
13315
13316
13316
13317
13317
13318
13318
13319
13319
13320
13320
13321
13321
13322
13322
13323
13323
13324
13324
13325
13325
13326
13326
13327
13327
13328
13328
13329
13329
13330
13330
13331
13331
13332
13332
13333
13333
13334
13334
13335
13335
13336
13336
13337
13337
13338
13338
13339
13339
13340
13340
13341
13341
13342
13342
13343
13343
13344
13344
13345
13345
13346
13346
13347
13347
13348
13348
13349
13349
13350
13350
13351
13351
13352
13352
13353
13353
13354
13354
13355
13355
13356
13356
13357
13357
13358
13358
13359
13359
13360
13360
13361
13361
13362
13362
13363
13363
13364
13364
13365
13365
13366
13366
13367
13367
13368
13368
13369
13369
13370
13370
13371
13371
13372
13372
13373
13373
13374
13374
13375
13375
13376
13376
13377
13377
13378
13378
13379
13379
13380
13380
13381
13381
13382
13382
13383
13383
13384
13384
13385
13385
13386
13386
13387
13387
13388
13388
13389
13389
13390
13390
13391
13391
13392
13392
13393
13393
13394
13394
13395
13395
13396
13396
13397
13397
13398
13398
13399
13399
13400
13400
13401
13401
13402
13402
13403
13403
13404
13404
13405
13405
13406
13406
13407
13407
13408
13408
13409
13409
13410
13410
13411
13411
13412
13412
13413
13413
13414
13414
13415
13415
13416
13416
13417
13417
13418
13418
13419
13419
13420
13420
13421
13421
13422
13422
13423
13423
13424
13424
13425
13425
13426
13426
13427
13427
13428
13428
13429
13429
13430
13430
13431
13431
13432
13432
13433
13433
13434
13434
13435
13435
13436
13436
13437
13437
13438
13438
13439
13439
13440
13440
13441
13441
13442
13442
13443
13443
13444
13444
13445
13445
13446
13446
13447
13447
13448
13448
13449
13449
13450
13450
13451
13451
13452
13452
13453
13453
13454
13454
13455
13455
13456
13456
13457
13457
13458
13458
13459
13459
13460
13460
13461
13461
13462
13462
13463
13463
13464
13464
13465
13465
13466
13466
13467
13467
13468
13468
13469
13469
13470
13470
13471
13471
13472
13472
13473
13473
13474
13474
13475
13475
13476
13476
13477
13477
13478
13478
13479
13479
13480
13480
13481
13481
13482
13482
13483
13483
13484
13484
13485
13485
13486
13486
13487
13487
13488
13488
13489
13489
13490
13490
13491
13491
13492
13492
13493
13493
13494
13494
13495
13496
13497
13497
13498
13498
13499
13499
13500
13500
13501
13501
13502
13502
13503
13503
13504
13504
13505
13505
13506
13506
13507
13507
13508
13508
13509
13509
13510
13510
13511
13511
13512
13512
13513
13513
13514
13514
13515
13515
13516
13516
13517
13517
13518
13518
13519
13519
13520
13520
13521
13521
13522
13522
13523
13523
13524
13524
13525
13525
13526
13526
13527
13527
13528
13528
13529
13529
13530
13530
13531
13531
13532
13532
13533
13533
13534
13534
13535
13535
13536
13536
13537
13537
13538
13538
13539
13539
13540
13540
13541
13541
13542
13542
13543
13543
13544
13544
13545
13545
13546
13546
13547
13547
13548
13548
13549
13549
13550
13550
13551
13551
13552
13552
13553
13553
13554
13554
13555
13555
13556
13556
13557
13557
13558
13558
13559
13559
13560
13560
13561
13561
13562
13562
13563
13563
13564
13564
13565
13565
13566
13566
13567
13567
13568
13568
13569
13569
13570
13570
13571
13571
13572
13572
13573
13573
13574
13574
13575
13575
13576
13576
13577
13577
13578
13578
13579
13579
13580
13580
13581
13581
13582
13582
13583
13583
13584
13584
13585
13585
13586
13586
13587
13587
13588
13588
13589
13589
13590
13590
13591
13591
13592
13592
13593
13593
13594
13594
13595
13595
13596
13596
13597
13597
13598
13598
13599
13599
13600
13600
13601
13601
13602
13602
13603
13603
13604
13604
13605
13605
13606
13606
13607
13607
13608
13608
13609
13609
13610
13610
13611
13611
13612
13612
13613
13613
13614
13614
13615
13615
13616
13616
13617
13617
13618
13618
13619
13619
13620
13620
13621
13621
13622
13622
13623
13623
13624
13624
13625
13625
13626
13626
13627
13627
13628
13628
13629
13629
13630
13630
13631
13631
13632
13632
13633
13633
13634
13634
13635
13635
13636
13636
13637
13637
13638
13638
13639
13639
13640
13640
13641
13641
13642
13642
13643
13643
13644
13644
13645
13645
13646
13646
13647
13647
13648
13648
13649
13649
13650
13650
13651
13651
13652
13652
13653
13653
13654
13654
13655
13655
13656
13656
13657
13657
13658
13658
13659
13659
13660
13660
13661
13661
13662
13662
13663
13663
13664
13664
13665
13665
13666
13666
13667
13667
13668
13668
13669
13669
13670
13670
13671
13671
13672
13672
13673
13673
13674
13674
13675
13675
13676
13676
13677
13677
13678
13678
13679
13679
13680
13680
13681
13681
13682
13682
13683
13683
13684
13684
13685
13685
13686
13686
13687
13687
13688
13688
13689
13689
13690
13690
13691
13691
13692
13692
13693
13693
13694
13694
13695
13695
13696
13696
13697
13697
13698
13698
13699
13699
13700
13700
13701
13701
13702
13702
13703
13703
13704
13704
13705
13705
13706
13706
13707
13707
13708
13708
13709
13709
13710
13710
13711
13711
13712
13712
13713
13713
13714
13714
13715
13715
13716
13716
13717
13717
13718
13718
13719
13719
13720
13720
13721
13721
13722
13722
13723
13723
13724
13724
13725
13725
13726
13726
13727
13727
13728
13728
13729
13729
13730
13730
13731
13731
13732
13732
13733
13733
13734
13734
13735
13735
13736
13737
13738
13738
13739
13739
13740
13740
13741
13741
13742
13742
13743
13743
13744
13744
13745
13745
13746
13746
13747
13747
13748
13748
13749
13749
13750
13750
13751
13751
13752
13752
13753
13753
13754
13754
13755
13755
13756
13756
13757
13757
13758
13758
13759
13759
13760
13760
13761
13761
13762
13762
13763
13763
13764
13764
13765
13765
13766
13766
13767
13767
13768
13768
13769
13769
13770
13770
13771
13771
13772
13772
13773
13773
13774
13774
13775
13775
13776
13776
13777
13777
13778
13778
13779
13779
13780
13780
13781
13781
13782
13782
13783
13783
13784
13784
13785
13785
13786
13786
13787
13787
13788
13788
13789
13789
13790
13790
13791
13791
13792
13792
13793
13793
13794
13794
13795
13795
13796
13796
13797
13797
13798
13798
13799
13799
13800
13800
13801
13801
13802
13802
13803
13803
13804
13804
13805
13805
13806
13806
13807
13807
13808
13808
13809
13809
13810
13810
13811
13811
13812
13812
13813
13813
13814
13814
13815
13815
13816
13816
13817
13817
13818
13818
13819
13819
13820
13820
13821
13821
13822
13822
13823
13823
13824
13824
13825
13825
13826
13826
13827
13827
13828
13828
13829
13829
13830
13830
13831
13831
13832
13832
13833
13833
13834
13834
13835
13835
13836
13836
13837
13837
13838
13838
13839
13839
13840
13840
13841
13841
13842
13842
13843
13843
13844
13844
13845
13845
13846
13846
13847
13847
13848
13848
13849
13849
13850
13850
13851
13851
13852
13852
13853
13853
13854
13854
13855
13855
13856
13856
13857
13857
13858
13858
13859
13859
13860
13860
13861
13861
13862
13862
13863
13863
13864
13864
13865
13865
13866
13866
13867
13867
13868
13868
13869
13869
13870
13870
13871
13871
13872
13872
13873
13873
13874
13874
13875
13875
13876
13876
13877
13877
13878
13878
13879
13879
13880
13880
13881
13881
13882
13882
13883
13883
13884
13884
13885
13885
13886
13886
13887
13887
13888
13888
13889
13889
13890
13890
13891
13891
13892
13892
13893
13893
13894
13894
13895
13895
13896
13896
13897
13897
13898
13898
13899
13899
13900
13900
13901
13901
13902
13902
13903
13903
13904
13904
13905
13905
13906
13906
13907
13907
13908
13908
13909
13909
13910
13910
13911
13911
13912
13912
13913
13913
13914
13914
13915
13915
13916
13916
13917
13917
13918
13918
13919
13919
13920
13920
13921
13921
13922
13922
13923
13923
13924
13924
13925
13925
13926
13926
13927
13927
13928
13928
13929
13929
13930
13930
13931
13931
13932
13932
13933
13933
13934
13934
13935
13935
13936
13936
13937
13937
13938
13938
13939
13939
13940
13940
13941
13941
13942
13942
13943
13943
13944
13944
13945
13945
13946
13946
13947
13947
13948
13948
13949
13949
13950
13950
13951
13951
13952
13952
13953
13953
13954
13954
13955
13955
13956
13956
13957
13957
13958
13958
13959
13959
13960
13960
13961
13961
13962
13962
13963
13963
13964
13964
13965
13965
13966
13966
13967
13967
13968
13968
13969
13969
13970
13970
13971
13971
13972
13972
13973
13973
13974
13974
13975
13975
13976
13976
13977
13978
13979
13979
13980
13980
13981
13981
13982
13982
13983
13983
13984
13984
13985
13985
13986
13986
13987
13987
13988
13988
13989
13989
13990
13990
13991
13991
13992
13992
13993
13993
13994
13994
13995
13995
13996
13996
13997
13997
13998
13998
13999
13999
14000
14000
14001
14001
14002
14002
14003
14003
14004
14004
14005
14005
14006
14006
14007
14007
14008
14008
14009
14009
14010
14010
14011
14011
14012
14012
14013
14013
14014
14014
14015
14015
14016
14016
14017
14017
14018
14018
14019
14019
14020
14020
14021
14021
14022
14022
14023
14023
14024
14024
14025
14025
14026
14026
14027
14027
14028
14028
14029
14029
14030
14030
14031
14031
14032
14032
14033
14033
14034
14034
14035
14035
14036
14036
14037
14037
14038
14038
14039
14039
14040
14040
14041
14041
14042
14042
14043
14043
14044
14044
14045
14045
14046
14046
14047
14047
14048
14048
14049
14049
14050
14050
14051
14051
14052
14052
14053
14053
14054
14054
14055
14055
14056
14056
14057
14057
14058
14058
14059
14059
14060
14060
14061
14061
14062
14062
14063
14063
14064
14064
14065
14065
14066
14066
14067
14067
14068
14068
14069
14069
14070
14070
14071
14071
14072
14072
14073
14073
14074
14074
14075
14075
14076
14076
14077
14077
14078
14078
14079
14079
14080
14080
14081
14081
14082
14082
14083
14083
14084
14084
14085
14085
14086
14086
14087
14087
14088
14088
14089
14089
14090
14090
14091
14091
14092
14092
14093
14093
14094
14094
14095
14095
14096
14096
14097
14097
14098
14098
14099
14099
14100
14100
14101
14101
14102
14102
14103
14103
14104
14104
14105
14105
14106
14106
14107
14107
14108
14108
14109
14109
14110
14110
14111
14111
14112
14112
14113
14113
14114
14114
14115
14115
14116
14116
14117
14117
14118
14118
14119
14119
14120
14120
14121
14121
14122
14122
14123
14123
14124
14124
14125
14125
14126
14126
14127
14127
14128
14128
14129
14129
14130
14130
14131
14131
14132
14132
14133
14133
14134
14134
14135
14135
14136
14136
14137
14137
14138
14138
14139
14139
14140
14140
14141
14141
14142
14142
14143
14143
14144
14144
14145
14145
14146
14146
14147
14147
14148
14148
14149
14149
14150
14150
14151
14151
14152
14152
14153
14153
14154
14154
14155
14155
14156
14156
14157
14157
14158
14158
14159
14159
14160
14160
14161
14161
14162
14162
14163
14163
14164
14164
14165
14165
14166
14166
14167
14167
14168
14168
14169
14169
14170
14170
14171
14171
14172
14172
14173
14173
14174
14174
14175
14175
14176
14176
14177
14177
14178
14178
14179
14179
14180
14180
14181
14181
14182
14182
14183
14183
14184
14184
14185
14185
14186
14186
14187
14187
14188
14188
14189
14189
14190
14190
14191
14191
14192
14192
14193
14193
14194
14194
14195
14195
14196
14196
14197
14197
14198
14198
14199
14199
14200
14200
14201
14201
14202
14202
14203
14203
14204
14204
14205
14205
14206
14206
14207
14207
14208
14208
14209
14209
14210
14210
14211
14211
14212
14212
14213
14213
14214
14214
14215
14215
14216
14216
14217
14217
14218
14219
14220
14220
14221
14221
14222
14222
14223
14223
14224
14224
14225
14225
14226
14226
14227
14227
14228
14228
14229
14229
14230
14230
14231
14231
14232
14232
14233
14233
14234
14234
14235
14235
14236
14236
14237
14237
14238
14238
14239
14239
14240
14240
14241
14241
14242
14242
14243
14243
14244
14244
14245
14245
14246
14246
14247
14247
14248
14248
14249
14249
14250
14250
14251
14251
14252
14252
14253
14253
14254
14254
14255
14255
14256
14256
14257
14257
14258
14258
14259
14259
14260
14260
14261
14261
14262
14262
14263
14263
14264
14264
14265
14265
14266
14266
14267
14267
14268
14268
14269
14269
14270
14270
14271
14271
14272
14272
14273
14273
14274
14274
14275
14275
14276
14276
14277
14277
14278
14278
14279
14279
14280
14280
14281
14281
14282
14282
14283
14283
14284
14284
14285
14285
14286
14286
14287
14287
14288
14288
14289
14289
14290
14290
14291
14291
14292
14292
14293
14293
14294
14294
14295
14295
14296
14296
14297
14297
14298
14298
14299
14299
14300
14300
14301
14301
14302
14302
14303
14303
14304
14304
14305
14305
14306
14306
14307
14307
14308
14308
14309
14309
14310
14310
14311
14311
14312
14312
14313
14313
14314
14314
14315
14315
14316
14316
14317
14317
14318
14318
14319
14319
14320
14320
14321
14321
14322
14322
14323
14323
14324
14324
14325
14325
14326
14326
14327
14327
14328
14328
14329
14329
14330
14330
14331
14331
14332
14332
14333
14333
14334
14334
14335
14335
14336
14336
14337
14337
14338
14338
14339
14339
14340
14340
14341
14341
14342
14342
14343
14343
14344
14344
14345
14345
14346
14346
14347
14347
14348
14348
14349
14349
14350
14350
14351
14351
14352
14352
14353
14353
14354
14354
14355
14355
14356
14356
14357
14357
14358
14358
14359
14359
14360
14360
14361
14361
14362
14362
14363
14363
14364
14364
14365
14365
14366
14366
14367
14367
14368
14368
14369
14369
14370
14370
14371
14371
14372
14372
14373
14373
14374
14374
14375
14375
14376
14376
14377
14377
14378
14378
14379
14379
14380
14380
14381
14381
14382
14382
14383
14383
14384
14384
14385
14385
14386
14386
14387
14387
14388
14388
14389
14389
14390
14390
14391
14391
14392
14392
14393
14393
14394
14394
14395
14395
14396
14396
14397
14397
14398
14398
14399
14399
14400
14400
14401
14401
14402
14402
14403
14403
14404
14404
14405
14405
14406
14406
14407
14407
14408
14408
14409
14409
14410
14410
14411
14411
14412
14412
14413
14413
14414
14414
14415
14415
14416
14416
14417
14417
14418
14418
14419
14419
14420
14420
14421
14421
14422
14422
14423
14423
14424
14424
14425
14425
14426
14426
14427
14427
14428
14428
14429
14429
14430
14430
14431
14431
14432
14432
14433
14433
14434
14434
14435
14435
14436
14436
14437
14437
14438
14438
14439
14439
14440
14440
14441
14441
14442
14442
14443
14443
14444
14444
14445
14445
14446
14446
14447
14447
14448
14448
14449
14449
14450
14450
14451
14451
14452
14452
14453
14453
14454
14454
14455
14455
14456
14456
14457
14457
14458
14458
14459
14460
14461
14461
14462
14462
14463
14463
14464
14464
14465
14465
14466
14466
14467
14467
14468
14468
14469
14469
14470
14470
14471
14471
14472
14472
14473
14473
14474
14474
14475
14475
14476
14476
14477
14477
14478
14478
14479
14479
14480
14480
14481
14481
14482
14482
14483
14483
14484
14484
14485
14485
14486
14486
14487
14487
14488
14488
14489
14489
14490
14490
14491
14491
14492
14492
14493
14493
14494
14494
14495
14495
14496
14496
14497
14497
14498
14498
14499
14499
14500
14500
14501
14501
14502
14502
14503
14503
14504
14504
14505
14505
14506
14506
14507
14507
14508
14508
14509
14509
14510
14510
14511
14511
14512
14512
14513
14513
14514
14514
14515
14515
14516
14516
14517
14517
14518
14518
14519
14519
14520
14520
14521
14521
14522
14522
14523
14523
14524
14524
14525
14525
14526
14526
14527
14527
14528
14528
14529
14529
14530
14530
14531
14531
14532
14532
14533
14533
14534
14534
14535
14535
14536
14536
14537
14537
14538
14538
14539
14539
14540
14540
14541
14541
14542
14542
14543
14543
14544
14544
14545
14545
14546
14546
14547
14547
14548
14548
14549
14549
14550
14550
14551
14551
14552
14552
14553
14553
14554
14554
14555
14555
14556
14556
14557
14557
14558
14558
14559
14559
14560
14560
14561
14561
14562
14562
14563
14563
14564
14564
14565
14565
14566
14566
14567
14567
14568
14568
14569
14569
14570
14570
14571
14571
14572
14572
14573
14573
14574
14574
14575
14575
14576
14576
14577
14577
14578
14578
14579
14579
14580
14580
14581
14581
14582
14582
14583
14583
14584
14584
14585
14585
14586
14586
14587
14587
14588
14588
14589
14589
14590
14590
14591
14591
14592
14592
14593
14593
14594
14594
14595
14595
14596
14596
14597
14597
14598
14598
14599
14599
14600
14600
14601
14601
14602
14602
14603
14603
14604
14604
14605
14605
14606
14606
14607
14607
14608
14608
14609
14609
14610
14610
14611
14611
14612
14612
14613
14613
14614
14614
14615
14615
14616
14616
14617
14617
14618
14618
14619
14619
14620
14620
14621
14621
14622
14622
14623
14623
14624
14624
14625
14625
14626
14626
14627
14627
14628
14628
14629
14629
14630
14630
14631
14631
14632
14632
14633
14633
14634
14634
14635
14635
14636
14636
14637
14637
14638
14638
14639
14639
14640
14640
14641
14641
14642
14642
14643
14643
14644
14644
14645
14645
14646
14646
14647
14647
14648
14648
14649
14649
14650
14650
14651
14651
14652
14652
14653
14653
14654
14654
14655
14655
14656
14656
14657
14657
14658
14658
14659
14659
14660
14660
14661
14661
14662
14662
14663
14663
14664
14664
14665
14665
14666
14666
14667
14667
14668
14668
14669
14669
14670
14670
14671
14671
14672
14672
14673
14673
14674
14674
14675
14675
14676
14676
14677
14677
14678
14678
14679
14679
14680
14680
14681
14681
14682
14682
14683
14683
14684
14684
14685
14685
14686
14686
14687
14687
14688
14688
14689
14689
14690
14690
14691
14691
14692
14692
14693
14693
14694
14694
14695
14695
14696
14696
14697
14697
14698
14698
14699
14699
14700
0
241
1
242
2
243
3
244
4
245
5
246
6
247
7
248
8
249
9
250
10
251
11
252
12
253
13
254
14
255
15
256
16
257
17
258
18
259
19
260
20
261
21
262
22
263
23
264
24
265
25
266
26
267
27
268
28
269
29
270
30
271
31
272
32
273
33
274
34
275
35
276
36
277
37
278
38
279
39
280
40
281
41
282
42
283
43
284
44
285
45
286
46
287
47
288
48
289
49
290
50
291
51
292
52
293
53
294
54
295
55
296
56
297
57
298
58
299
59
300
60
301
61
302
62
303
63
304
64
305
65
306
66
307
67
308
68
309
69
310
70
311
71
312
72
313
73
314
74
315
75
316
76
317
77
318
78
319
79
320
80
321
81
322
82
323
83
324
84
325
85
326
86
327
87
328
88
329
89
330
90
331
91
332
92
333
93
334
94
335
95
336
96
337
97
338
98
339
99
340
100
341
101
342
102
343
103
344
104
345
105
346
106
347
107
348
108
349
109
350
110
351
111
352
112
353
113
354
114
355
115
356
116
357
117
358
118
359
119
360
120
361
121
362
122
363
123
364
124
365
125
366
126
367
127
368
128
369
129
370
130
371
131
372
132
373
133
374
134
375
135
376
136
377
137
378
138
379
139
380
140
381
141
382
142
383
143
384
144
385
145
386
146
387
147
388
148
389
149
390
150
391
151
392
152
393
153
394
154
395
155
396
156
397
157
398
158
399
159
400
160
401
161
402
162
403
163
404
164
405
165
406
166
407
167
408
168
409
169
410
170
411
171
412
172
413
173
414
174
415
175
416
176
417
177
418
178
419
179
420
180
421
181
422
182
423
183
424
184
425
185
426
186
427
187
428
188
429
189
430
190
431
191
432
192
433
193
434
194
435
195
436
196
437
197
438
198
439
199
440
200
441
201
442
202
443
203
444
204
445
205
446
206
447
207
448
208
449
209
450
210
451
211
452
212
453
213
454
214
455
215
456
216
457
217
458
218
459
219
460
220
461
221
462
222
463
223
464
224
465
225
466
226
467
227
468
228
469
229
470
230
471
231
472
232
473
233
474
234
475
235
476
236
477
237
478
238
479
239
480
240
481
241
482
242
483
243
484
244
485
245
486
246
487
247
488
248
489
249
490
250
491
251
492
252
493
253
494
254
495
255
496
256
497
257
498
258
499
259
500
260
501
261
502
262
503
263
504
264
505
265
506
266
507
267
508
268
509
269
510
270
511
271
512
272
513
273
514
274
515
275
516
276
517
277
518
278
519
279
520
280
521
281
522
282
523
283
524
284
525
285
526
286
527
287
528
288
529
289
530
290
531
291
532
292
533
293
534
294
535
295
536
296
537
297
538
298
539
299
540
300
541
301
542
302
543
303
544
304
545
305
546
306
547
307
548
308
549
309
550
310
551
311
552
312
553
313
554
314
555
315
556
316
557
317
558
318
559
319
560
320
561
321
562
322
563
323
564
324
565
325
566
326
567
327
568
328
569
329
570
330
571
331
572
332
573
333
574
334
575
335
576
336
577
337
578
338
579
339
580
340
581
341
582
342
583
343
584
344
585
345
586
346
587
347
588
348
589
349
590
350
591
351
592
352
593
353
594
354
595
355
596
356
597
357
598
358
599
359
600
360
601
361
602
362
603
363
604
364
605
365
606
366
607
367
608
368
609
369
610
370
611
371
612
372
613
373
614
374
615
375
616
376
617
377
618
378
619
379
620
380
621
381
622
382
623
383
624
384
625
385
626
386
627
387
628
388
629
389
630
390
631
391
632
392
633
393
634
394
635
395
636
396
637
397
638
398
639
399
640
400
641
401
642
402
643
403
644
404
645
405
646
406
647
407
648
408
649
409
650
410
651
411
652
412
653
413
654
414
655
415
656
416
657
417
658
418
659
419
660
420
661
421
662
422
663
423
664
424
665
425
666
426
667
427
668
428
669
429
670
430
671
431
672
432
673
433
674
434
675
435
676
436
677
437
678
438
679
439
680
440
681
441
682
442
683
443
684
444
685
445
686
446
687
447
688
448
689
449
690
450
691
451
692
452
693
453
694
454
695
455
696
456
697
457
698
458
699
459
700
460
701
461
702
462
703
463
704
464
705
465
706
466
707
467
708
468
709
469
710
470
711
471
712
472
713
473
714
474
715
475
716
476
717
477
718
478
719
479
720
480
721
481
722
482
723
483
724
484
725
485
726
486
727
487
728
488
729
489
730
490
731
491
732
492
733
493
734
494
735
495
736
496
737
497
738
498
739
499
740
500
741
501
742
502
743
503
744
504
745
505
746
506
747
507
748
508
749
509
750
510
751
511
752
512
753
513
754
514
755
515
756
516
757
517
758
518
759
519
760
520
761
521
762
522
763
523
764
524
765
525
766
526
767
527
768
528
769
529
770
530
771
531
772
532
773
533
774
534
775
535
776
536
777
537
778
538
779
539
780
540
781
541
782
542
783
543
784
544
785
545
786
546
787
547
788
548
789
549
790
550
791
551
792
552
793
553
794
554
795
555
796
556
797
557
798
558
799
559
800
560
801
561
802
562
803
563
804
564
805
565
806
566
807
567
808
568
809
569
810
570
811
571
812
572
813
573
814
574
815
575
816
576
817
577
818
578
819
579
820
580
821
581
822
582
823
583
824
584
825
585
826
586
827
587
828
588
829
589
830
590
831
591
832
592
833
593
834
594
835
595
836
596
837
597
838
598
839
599
840
600
841
601
842
602
843
603
844
604
845
605
846
606
847
607
848
608
849
609
850
610
851
611
852
612
853
613
854
614
855
615
856
616
857
617
858
618
859
619
860
620
861
621
862
622
863
623
864
624
865
625
866
626
867
627
868
628
869
629
870
630
871
631
872
632
873
633
874
634
875
635
876
636
877
637
878
638
879
639
880
640
881
641
882
642
883
643
884
644
885
645
886
646
887
647
888
648
889
649
890
650
891
651
892
652
893
653
894
654
895
655
896
656
897
657
898
658
899
659
900
660
901
661
902
662
903
663
904
664
905
665
906
666
907
667
908
668
909
669
910
670
911
671
912
672
913
673
914
674
915
675
916
676
917
677
918
678
919
679
920
680
921
681
922
682
923
683
924
684
925
685
926
686
927
687
928
688
929
689
930
690
931
691
932
692
933
693
934
694
935
695
936
696
937
697
938
698
939
699
940
700
941
701
942
702
943
703
944
704
945
705
946
706
947
707
948
708
949
709
950
710
951
711
952
712
953
713
954
714
955
715
956
716
957
717
958
718
959
719
960
720
961
721
962
722
963
723
964
724
965
725
966
726
967
727
968
728
969
729
970
730
971
731
972
732
973
733
974
734
975
735
976
736
977
737
978
738
979
739
980
740
981
741
982
742
983
743
984
744
985
745
986
746
987
747
988
748
989
749
990
750
991
751
992
752
993
753
994
754
995
755
996
756
997
757
998
758
999
759
1000
760
1001
761
1002
762
1003
763
1004
764
1005
765
1006
766
1007
767
1008
768
1009
769
1010
770
1011
771
1012
772
1013
773
1014
774
1015
775
1016
776
1017
777
1018
778
1019
779
1020
780
1021
781
1022
782
1023
783
1024
784
1025
785
1026
786
1027
787
1028
788
1029
789
1030
790
1031
791
1032
792
1033
793
1034
794
1035
795
1036
796
1037
797
1038
798
1039
799
1040
800
1041
801
1042
802
1043
803
1044
804
1045
805
1046
806
1047
807
1048
808
1049
809
1050
810
1051
811
1052
812
1053
813
1054
814
1055
815
1056
816
1057
817
1058
818
1059
819
1060
820
1061
821
1062
822
1063
823
1064
824
1065
825
1066
826
1067
827
1068
828
1069
829
1070
830
1071
831
1072
832
1073
833
1074
834
1075
835
1076
836
1077
837
1078
838
1079
839
1080
840
1081
841
1082
842
1083
843
1084
844
1085
845
1086
846
1087
847
1088
848
1089
849
1090
850
1091
851
1092
852
1093
853
1094
854
1095
855
1096
856
1097
857
1098
858
1099
859
1100
860
1101
861
1102
862
1103
863
1104
864
1105
865
1106
866
1107
867
1108
868
1109
869
1110
870
1111
871
1112
872
1113
873
1114
874
1115
875
1116
876
1117
877
1118
878
1119
879
1120
880
1121
881
1122
882
1123
883
1124
884
1125
885
1126
886
1127
887
1128
888
1129
889
1130
890
1131
891
1132
892
1133
893
1134
894
1135
895
1136
896
1137
897
1138
898
1139
899
1140
900
1141
901
1142
902
1143
903
1144
904
1145
905
1146
906
1147
907
1148
908
1149
909
1150
910
1151
911
1152
912
1153
913
1154
914
1155
915
1156
916
1157
917
1158
918
1159
919
1160
920
1161
921
1162
922
1163
923
1164
924
1165
925
1166
926
1167
927
1168
928
1169
929
1170
930
1171
931
1172
932
1173
933
1174
934
1175
935
1176
936
1177
937
1178
938
1179
939
1180
940
1181
941
1182
942
1183
943
1184
944
1185
945
1186
946
1187
947
1188
948
1189
949
1190
950
1191
951
1192
952
1193
953
1194
954
1195
955
1196
956
1197
957
1198
958
1199
959
1200
960
1201
961
1202
962
1203
963
1204
964
1205
965
1206
966
1207
967
1208
968
1209
969
1210
970
1211
971
1212
972
1213
973
1214
974
1215
975
1216
976
1217
977
1218
978
1219
979
1220
980
1221
981
1222
982
1223
983
1224
984
1225
985
1226
986
1227
987
1228
988
1229
989
1230
990
1231
991
1232
992
1233
993
1234
994
1235
995
1236
996
1237
997
1238
998
1239
999
1240
1000
1241
1001
1242
1002
1243
1003
1244
1004
1245
1005
1246
1006
1247
1007
1248
1008
1249
1009
1250
1010
1251
1011
1252
1012
1253
1013
1254
1014
1255
1015
1256
1016
1257
1017
1258
1018
1259
1019
1260
1020
1261
1021
1262
1022
1263
1023
1264
1024
1265
1025
1266
1026
1267
1027
1268
1028
1269
1029
1270
1030
1271
1031
1272
1032
1273
1033
1274
1034
1275
1035
1276
1036
1277
1037
1278
1038
1279
1039
1280
1040
1281
1041
1282
1042
1283
1043
1284
1044
1285
1045
1286
1046
1287
1047
1288
1048
1289
1049
1290
1050
1291
1051
1292
1052
1293
1053
1294
1054
1295
1055
1296
1056
1297
1057
1298
1058
1299
1059
1300
1060
1301
1061
1302
1062
1303
1063
1304
1064
1305
1065
1306
1066
1307
1067
1308
1068
1309
1069
1310
1070
1311
1071
1312
1072
1313
1073
1314
1074
1315
1075
1316
1076
1317
1077
1318
1078
1319
1079
1320
1080
1321
1081
1322
1082
1323
1083
1324
1084
1325
1085
1326
1086
1327
1087
1328
1088
1329
1089
1330
1090
1331
1091
1332
1092
1333
1093
1334
1094
1335
1095
1336
1096
1337
1097
1338
1098
1339
1099
1340
1100
1341
1101
1342
1102
1343
1103
1344
1104
1345
1105
1346
1106
1347
1107
1348
1108
1349
1109
1350
1110
1351
1111
1352
1112
1353
1113
1354
1114
1355
1115
1356
1116
1357
1117
1358
1118
1359
1119
1360
1120
1361
1121
1362
1122
1363
1123
1364
1124
1365
1125
1366
1126
1367
1127
1368
1128
1369
1129
1370
1130
1371
1131
1372
1132
1373
1133
1374
1134
1375
1135
1376
1136
1377
1137
1378
1138
1379
1139
1380
1140
1381
1141
1382
1142
1383
1143
1384
1144
1385
1145
1386
1146
1387
1147
1388
1148
1389
1149
1390
1150
1391
1151
1392
1152
1393
1153
1394
1154
1395
1155
1396
1156
1397
1157
1398
1158
1399
1159
1400
1160
1401
1161
1402
1162
1403
1163
1404
1164
1405
1165
1406
1166
1407
1167
1408
1168
1409
1169
1410
1170
1411
1171
1412
1172
1413
1173
1414
1174
1415
1175
1416
1176
1417
1177
1418
1178
1419
1179
1420
1180
1421
1181
1422
1182
1423
1183
1424
1184
1425
1185
1426
1186
1427
1187
1428
1188
1429
1189
1430
1190
1431
1191
1432
1192
1433
1193
1434
1194
1435
1195
1436
1196
1437
1197
1438
1198
1439
1199
1440
1200
1441
1201
1442
1202
1443
1203
1444
1204
1445
1205
1446
1206
1447
1207
1448
1208
1449
1209
1450
1210
1451
1211
1452
1212
1453
1213
1454
1214
1455
1215
1456
1216
1457
1217
1458
1218
1459
1219
1460
1220
1461
1221
1462
1222
1463
1223
1464
1224
1465
1225
1466
1226
1467
1227
1468
1228
1469
1229
1470
1230
1471
1231
1472
1232
1473
1233
1474
1234
1475
1235
1476
1236
1477
1237
1478
1238
1479
1239
1480
1240
1481
1241
1482
1242
1483
1243
1484
1244
1485
1245
1486
1246
1487
1247
1488
1248
1489
1249
1490
1250
1491
1251
1492
1252
1493
1253
1494
1254
1495
1255
1496
1256
1497
1257
1498
1258
1499
1259
1500
1260
1501
1261
1502
1262
1503
1263
1504
1264
1505
1265
1506
1266
1507
1267
1508
1268
1509
1269
1510
1270
1511
1271
1512
1272
1513
1273
1514
1274
1515
1275
1516
1276
1517
1277
1518
1278
1519
1279
1520
1280
1521
1281
1522
1282
1523
1283
1524
1284
1525
1285
1526
1286
1527
1287
1528
1288
1529
1289
1530
1290
1531
1291
1532
1292
1533
1293
1534
1294
1535
1295
1536
1296
1537
1297
1538
1298
1539
1299
1540
1300
1541
1301
1542
1302
1543
1303
1544
1304
1545
1305
1546
1306
1547
1307
1548
1308
1549
1309
1550
1310
1551
1311
1552
1312
1553
1313
1554
1314
1555
1315
1556
1316
1557
1317
1558
1318
1559
1319
1560
1320
1561
1321
1562
1322
1563
1323
1564
1324
1565
1325
1566
1326
1567
1327
1568
1328
1569
1329
1570
1330
1571
1331
1572
1332
1573
1333
1574
1334
1575
1335
1576
1336
1577
1337
1578
1338
1579
1339
1580
1340
1581
1341
1582
1342
1583
1343
1584
1344
1585
1345
1586
1346
1587
1347
1588
1348
1589
1349
1590
1350
1591
1351
1592
1352
1593
1353
1594
1354
1595
1355
1596
1356
1597
1357
1598
1358
1599
1359
1600
1360
1601
1361
1602
1362
1603
1363
1604
1364
1605
1365
1606
1366
1607
1367
1608
1368
1609
1369
1610
1370
1611
1371
1612
1372
1613
1373
1614
1374
1615
1375
1616
1376
1617
1377
1618
1378
1619
1379
1620
1380
1621
1381
1622
1382
1623
1383
1624
1384
1625
1385
1626
1386
1627
1387
1628
1388
1629
1389
1630
1390
1631
1391
1632
1392
1633
1393
1634
1394
1635
1395
1636
1396
1637
1397
1638
1398
1639
1399
1640
1400
1641
1401
1642
1402
1643
1403
1644
1404
1645
1405
1646
1406
1647
1407
1648
1408
1649
1409
1650
1410
1651
1411
1652
1412
1653
1413
1654
1414
1655
1415
1656
1416
1657
1417
1658
1418
1659
1419
1660
1420
1661
1421
1662
1422
1663
1423
1664
1424
1665
1425
1666
1426
1667
1427
1668
1428
1669
1429
1670
1430
1671
1431
1672
1432
1673
1433
1674
1434
1675
1435
1676
1436
1677
1437
1678
1438
1679
1439
1680
1440
1681
1441
1682
1442
1683
1443
1684
1444
1685
1445
1686
1446
1687
1447
1688
1448
1689
1449
1690
1450
1691
1451
1692
1452
1693
1453
1694
1454
1695
1455
1696
1456
1697
1457
1698
1458
1699
1459
1700
1460
1701
1461
1702
1462
1703
1463
1704
1464
1705
1465
1706
1466
1707
1467
1708
1468
1709
1469
1710
1470
1711
1471
1712
1472
1713
1473
1714
1474
1715
1475
1716
1476
1717
1477
1718
1478
1719
1479
1720
1480
1721
1481
1722
1482
1723
1483
1724
1484
1725
1485
1726
1486
1727
1487
1728
1488
1729
1489
1730
1490
1731
1491
1732
1492
1733
1493
1734
1494
1735
1495
1736
1496
1737
1497
1738
1498
1739
1499
1740
1500
1741
1501
1742
1502
1743
1503
1744
1504
1745
1505
1746
1506
1747
1507
1748
1508
1749
1509
1750
1510
1751
1511
1752
1512
1753
1513
1754
1514
1755
1515
1756
1516
1757
1517
1758
1518
1759
1519
1760
1520
1761
1521
1762
1522
1763
1523
1764
1524
1765
1525
1766
1526
1767
1527
1768
1528
1769
1529
1770
1530
1771
1531
1772
1532
1773
1533
1774
1534
1775
1535
1776
1536
1777
1537
1778
1538
1779
1539
1780
1540
1781
1541
1782
1542
1783
1543
1784
1544
1785
1545
1786
1546
1787
1547
1788
1548
1789
1549
1790
1550
1791
1551
1792
1552
1793
1553
1794
1554
1795
1555
1796
1556
1797
1557
1798
1558
1799
1559
1800
1560
1801
1561
1802
1562
1803
1563
1804
1564
1805
1565
1806
1566
1807
1567
1808
1568
1809
1569
1810
1570
1811
1571
1812
1572
1813
1573
1814
1574
1815
1575
1816
1576
1817
1577
1818
1578
1819
1579
1820
1580
1821
1581
1822
1582
1823
1583
1824
1584
1825
1585
1826
1586
1827
1587
1828
1588
1829
1589
1830
1590
1831
1591
1832
1592
1833
1593
1834
1594
1835
1595
1836
1596
1837
1597
1838
1598
1839
1599
1840
1600
1841
1601
1842
1602
1843
1603
1844
1604
1845
1605
1846
1606
1847
1607
1848
1608
1849
1609
1850
1610
1851
1611
1852
1612
1853
1613
1854
1614
1855
1615
1856
1616
1857
1617
1858
1618
1859
1619
1860
1620
1861
1621
1862
1622
1863
1623
1864
1624
1865
1625
1866
1626
1867
1627
1868
1628
1869
1629
1870
1630
1871
1631
1872
1632
1873
1633
1874
1634
1875
1635
1876
1636
1877
1637
1878
1638
1879
1639
1880
1640
1881
1641
1882
1642
1883
1643
1884
1644
1885
1645
1886
1646
1887
1647
1888
1648
1889
1649
1890
1650
1891
1651
1892
1652
1893
1653
1894
1654
1895
1655
1896
1656
1897
1657
1898
1658
1899
1659
1900
1660
1901
1661
1902
1662
1903
1663
1904
1664
1905
1665
1906
1666
1907
1667
1908
1668
1909
1669
1910
1670
1911
1671
1912
1672
1913
1673
1914
1674
1915
1675
1916
1676
1917
1677
1918
1678
1919
1679
1920
1680
1921
1681
1922
1682
1923
1683
1924
1684
1925
1685
1926
1686
1927
1687
1928
1688
1929
1689
1930
1690
1931
1691
1932
1692
1933
1693
1934
1694
1935
1695
1936
1696
1937
1697
1938
1698
1939
1699
1940
1700
1941
1701
1942
1702
1943
1703
1944
1704
1945
1705
1946
1706
1947
1707
1948
1708
1949
1709
1950
1710
1951
1711
1952
1712
1953
1713
1954
1714
1955
1715
1956
1716
1957
1717
1958
1718
1959
1719
1960
1720
1961
1721
1962
1722
1963
1723
1964
1724
1965
1725
1966
1726
1967
1727
1968
1728
1969
1729
1970
1730
1971
1731
1972
1732
1973
1733
1974
1734
1975
1735
1976
1736
1977
1737
1978
1738
1979
1739
1980
1740
1981
1741
1982
1742
1983
1743
1984
1744
1985
1745
1986
1746
1987
1747
1988
1748
1989
1749
1990
1750
1991
1751
1992
1752
1993
1753
1994
1754
1995
1755
1996
1756
1997
1757
1998
1758
1999
1759
2000
1760
2001
1761
2002
1762
2003
1763
2004
1764
2005
1765
2006
1766
2007
1767
2008
1768
2009
1769
2010
1770
2011
1771
2012
1772
2013
1773
2014
1774
2015
1775
2016
1776
2017
1777
2018
1778
2019
1779
2020
1780
2021
1781
2022
1782
2023
1783
2024
1784
2025
1785
2026
1786
2027
1787
2028
1788
2029
1789
2030
1790
2031
1791
2032
1792
2033
1793
2034
1794
2035
1795
2036
1796
2037
1797
2038
1798
2039
1799
2040
1800
2041
1801
2042
1802
2043
1803
2044
1804
2045
1805
2046
1806
2047
1807
2048
1808
2049
1809
2050
1810
2051
1811
2052
1812
2053
1813
2054
1814
2055
1815
2056
1816
2057
1817
2058
1818
2059
1819
2060
1820
2061
1821
2062
1822
2063
1823
2064
1824
2065
1825
2066
1826
2067
1827
2068
1828
2069
1829
2070
1830
2071
1831
2072
1832
2073
1833
2074
1834
2075
1835
2076
1836
2077
1837
2078
1838
2079
1839
2080
1840
2081
1841
2082
1842
2083
1843
2084
1844
2085
1845
2086
1846
2087
1847
2088
1848
2089
1849
2090
1850
2091
1851
2092
1852
2093
1853
2094
1854
2095
1855
2096
1856
2097
1857
2098
1858
2099
1859
2100
1860
2101
1861
2102
1862
2103
1863
2104
1864
2105
1865
2106
1866
2107
1867
2108
1868
2109
1869
2110
1870
2111
1871
2112
1872
2113
1873
2114
1874
2115
1875
2116
1876
2117
1877
2118
1878
2119
1879
2120
1880
2121
1881
2122
1882
2123
1883
2124
1884
2125
1885
2126
1886
2127
1887
2128
1888
2129
1889
2130
1890
2131
1891
2132
1892
2133
1893
2134
1894
2135
1895
2136
1896
2137
1897
2138
1898
2139
1899
2140
1900
2141
1901
2142
1902
2143
1903
2144
1904
2145
1905
2146
1906
2147
1907
2148
1908
2149
1909
2150
1910
2151
1911
2152
1912
2153
1913
2154
1914
2155
1915
2156
1916
2157
1917
2158
1918
2159
1919
2160
1920
2161
1921
2162
1922
2163
1923
2164
1924
2165
1925
2166
1926
2167
1927
2168
1928
2169
1929
2170
1930
2171
1931
2172
1932
2173
1933
2174
1934
2175
1935
2176
1936
2177
1937
2178
1938
2179
1939
2180
1940
2181
1941
2182
1942
2183
1943
2184
1944
2185
1945
2186
1946
2187
1947
2188
1948
2189
1949
2190
1950
2191
1951
2192
1952
2193
1953
2194
1954
2195
1955
2196
1956
2197
1957
2198
1958
2199
1959
2200
1960
2201
1961
2202
1962
2203
1963
2204
1964
2205
1965
2206
1966
2207
1967
2208
1968
2209
1969
2210
1970
2211
1971
2212
1972
2213
1973
2214
1974
2215
1975
2216
1976
2217
1977
2218
1978
2219
1979
2220
1980
2221
1981
2222
1982
2223
1983
2224
1984
2225
1985
2226
1986
2227
1987
2228
1988
2229
1989
2230
1990
2231
1991
2232
1992
2233
1993
2234
1994
2235
1995
2236
1996
2237
1997
2238
1998
2239
1999
2240
2000
2241
2001
2242
2002
2243
2003
2244
2004
2245
2005
2246
2006
2247
2007
2248
2008
2249
2009
2250
2010
2251
2011
2252
2012
2253
2013
2254
2014
2255
2015
2256
2016
2257
2017
2258
2018
2259
2019
2260
2020
2261
2021
2262
2022
2263
2023
2264
2024
2265
2025
2266
2026
2267
2027
2268
2028
2269
2029
2270
2030
2271
2031
2272
2032
2273
2033
2274
2034
2275
2035
2276
2036
2277
2037
2278
2038
2279
2039
2280
2040
2281
2041
2282
2042
2283
2043
2284
2044
2285
2045
2286
2046
2287
2047
2288
2048
2289
2049
2290
2050
2291
2051
2292
2052
2293
2053
2294
2054
2295
2055
2296
2056
2297
2057
2298
2058
2299
2059
2300
2060
2301
2061
2302
2062
2303
2063
2304
2064
2305
2065
2306
2066
2307
2067
2308
2068
2309
2069
2310
2070
2311
2071
2312
2072
2313
2073
2314
2074
2315
2075
2316
2076
2317
2077
2318
2078
2319
2079
2320
2080
2321
2081
2322
2082
2323
2083
2324
2084
2325
2085
2326
2086
2327
2087
2328
2088
2329
2089
2330
2090
2331
2091
2332
2092
2333
2093
2334
2094
2335
2095
2336
2096
2337
2097
2338
2098
2339
2099
2340
2100
2341
2101
2342
2102
2343
2103
2344
2104
2345
2105
2346
2106
2347
2107
2348
2108
2349
2109
2350
2110
2351
2111
2352
2112
2353
2113
2354
2114
2355
2115
2356
2116
2357
2117
2358
2118
2359
2119
2360
2120
2361
2121
2362
2122
2363
2123
2364
2124
2365
2125
2366
2126
2367
2127
2368
2128
2369
2129
2370
2130
2371
2131
2372
2132
2373
2133
2374
2134
2375
2135
2376
2136
2377
2137
2378
2138
2379
2139
2380
2140
2381
2141
2382
2142
2383
2143
2384
2144
2385
2145
2386
2146
2387
2147
2388
2148
2389
2149
2390
2150
2391
2151
2392
2152
2393
2153
2394
2154
2395
2155
2396
2156
2397
2157
2398
2158
2399
2159
2400
2160
2401
2161
2402
2162
2403
2163
2404
2164
2405
2165
2406
2166
2407
2167
2408
2168
2409
2169
2410
2170
2411
2171
2412
2172
2413
2173
2414
2174
2415
2175
2416
2176
2417
2177
2418
2178
2419
2179
2420
2180
2421
2181
2422
2182
2423
2183
2424
2184
2425
2185
2426
2186
2427
2187
2428
2188
2429
2189
2430
2190
2431
2191
2432
2192
2433
2193
2434
2194
2435
2195
2436
2196
2437
2197
2438
2198
2439
2199
2440
2200
2441
2201
2442
2202
2443
2203
2444
2204
2445
2205
2446
2206
2447
2207
2448
2208
2449
2209
2450
2210
2451
2211
2452
2212
2453
2213
2454
2214
2455
2215
2456
2216
2457
2217
2458
2218
2459
2219
2460
2220
2461
2221
2462
2222
2463
2223
2464
2224
2465
2225
2466
2226
2467
2227
2468
2228
2469
2229
2470
2230
2471
2231
2472
2232
2473
2233
2474
2234
2475
2235
2476
2236
2477
2237
2478
2238
2479
2239
2480
2240
2481
2241
2482
2242
2483
2243
2484
2244
2485
2245
2486
2246
2487
2247
2488
2248
2489
2249
2490
2250
2491
2251
2492
2252
2493
2253
2494
2254
2495
2255
2496
2256
2497
2257
2498
2258
2499
2259
2500
2260
2501
2261
2502
2262
2503
2263
2504
2264
2505
2265
2506
2266
2507
2267
2508
2268
2509
2269
2510
2270
2511
2271
2512
2272
2513
2273
2514
2274
2515
2275
2516
2276
2517
2277
2518
2278
2519
2279
2520
2280
2521
2281
2522
2282
2523
2283
2524
2284
2525
2285
2526
2286
2527
2287
2528
2288
2529
2289
2530
2290
2531
2291
2532
2292
2533
2293
2534
2294
2535
2295
2536
2296
2537
2297
2538
2298
2539
2299
2540
2300
2541
2301
2542
2302
2543
2303
2544
2304
2545
2305
2546
2306
2547
2307
2548
2308
2549
2309
2550
2310
2551
2311
2552
2312
2553
2313
2554
2314
2555
2315
2556
2316
2557
2317
2558
2318
2559
2319
2560
2320
2561
2321
2562
2322
2563
2323
2564
2324
2565
2325
2566
2326
2567
2327
2568
2328
2569
2329
2570
2330
2571
2331
2572
2332
2573
2333
2574
2334
2575
2335
2576
2336
2577
2337
2578
2338
2579
2339
2580
2340
2581
2341
2582
2342
2583
2343
2584
2344
2585
2345
2586
2346
2587
2347
2588
2348
2589
2349
2590
2350
2591
2351
2592
2352
2593
2353
2594
2354
2595
2355
2596
2356
2597
2357
2598
2358
2599
2359
2600
2360
2601
2361
2602
2362
2603
2363
2604
2364
2605
2365
2606
2366
2607
2367
2608
2368
2609
2369
2610
2370
2611
2371
2612
2372
2613
2373
2614
2374
2615
2375
2616
2376
2617
2377
2618
2378
2619
2379
2620
2380
2621
2381
2622
2382
2623
2383
2624
2384
2625
2385
2626
2386
2627
2387
2628
2388
2629
2389
2630
2390
2631
2391
2632
2392
2633
2393
2634
2394
2635
2395
2636
2396
2637
2397
2638
2398
2639
2399
2640
2400
2641
2401
2642
2402
2643
2403
2644
2404
2645
2405
2646
2406
2647
2407
2648
2408
2649
2409
2650
2410
2651
2411
2652
2412
2653
2413
2654
2414
2655
2415
2656
2416
2657
2417
2658
2418
2659
2419
2660
2420
2661
2421
2662
2422
2663
2423
2664
2424
2665
2425
2666
2426
2667
2427
2668
2428
2669
2429
2670
2430
2671
2431
2672
2432
2673
2433
2674
2434
2675
2435
2676
2436
2677
2437
2678
2438
2679
2439
2680
2440
2681
2441
2682
2442
2683
2443
2684
2444
2685
2445
2686
2446
2687
2447
2688
2448
2689
2449
2690
2450
2691
2451
2692
2452
2693
2453
2694
2454
2695
2455
2696
2456
2697
2457
2698
2458
2699
2459
2700
2460
2701
2461
2702
2462
2703
2463
2704
2464
2705
2465
2706
2466
2707
2467
2708
2468
2709
2469
2710
2470
2711
2471
2712
2472
2713
2473
2714
2474
2715
2475
2716
2476
2717
2477
2718
2478
2719
2479
2720
2480
2721
2481
2722
2482
2723
2483
2724
2484
2725
2485
2726
2486
2727
2487
2728
2488
2729
2489
2730
2490
2731
2491
2732
2492
2733
2493
2734
2494
2735
2495
2736
2496
2737
2497
2738
2498
2739
2499
2740
2500
2741
2501
2742
2502
2743
2503
2744
2504
2745
2505
2746
2506
2747
2507
2748
2508
2749
2509
2750
2510
2751
2511
2752
2512
2753
2513
2754
2514
2755
2515
2756
2516
2757
2517
2758
2518
2759
2519
2760
2520
2761
2521
2762
2522
2763
2523
2764
2524
2765
2525
2766
2526
2767
2527
2768
2528
2769
2529
2770
2530
2771
2531
2772
2532
2773
2533
2774
2534
2775
2535
2776
2536
2777
2537
2778
2538
2779
2539
2780
2540
2781
2541
2782
2542
2783
2543
2784
2544
2785
2545
2786
2546
2787
2547
2788
2548
2789
2549
2790
2550
2791
2551
2792
2552
2793
2553
2794
2554
2795
2555
2796
2556
2797
2557
2798
2558
2799
2559
2800
2560
2801
2561
2802
2562
2803
2563
2804
2564
2805
2565
2806
2566
2807
2567
2808
2568
2809
2569
2810
2570
2811
2571
2812
2572
2813
2573
2814
2574
2815
2575
2816
2576
2817
2577
2818
2578
2819
2579
2820
2580
2821
2581
2822
2582
2823
2583
2824
2584
2825
2585
2826
2586
2827
2587
2828
2588
2829
2589
2830
2590
2831
2591
2832
2592
2833
2593
2834
2594
2835
2595
2836
2596
2837
2597
2838
2598
2839
2599
2840
2600
2841
2601
2842
2602
2843
2603
2844
2604
2845
2605
2846
2606
2847
2607
2848
2608
2849
2609
2850
2610
2851
2611
2852
2612
2853
2613
2854
2614
2855
2615
2856
2616
2857
2617
2858
2618
2859
2619
2860
2620
2861
2621
2862
2622
2863
2623
2864
2624
2865
2625
2866
2626
2867
2627
2868
2628
2869
2629
2870
2630
2871
2631
2872
2632
2873
2633
2874
2634
2875
2635
2876
2636
2877
2637
2878
2638
2879
2639
2880
2640
2881
2641
2882
2642
2883
2643
2884
2644
2885
2645
2886
2646
2887
2647
2888
2648
2889
2649
2890
2650
2891
2651
2892
2652
2893
2653
2894
2654
2895
2655
2896
2656
2897
2657
2898
2658
2899
2659
2900
2660
2901
2661
2902
2662
2903
2663
2904
2664
2905
2665
2906
2666
2907
2667
2908
2668
2909
2669
2910
2670
2911
2671
2912
2672
2913
2673
2914
2674
2915
2675
2916
2676
2917
2677
2918
2678
2919
2679
2920
2680
2921
2681
2922
2682
2923
2683
2924
2684
2925
2685
2926
2686
2927
2687
2928
2688
2929
2689
2930
2690
2931
2691
2932
2692
2933
2693
2934
2694
2935
2695
2936
2696
2937
2697
2938
2698
2939
2699
2940
2700
2941
2701
2942
2702
2943
2703
2944
2704
2945
2705
2946
2706
2947
2707
2948
2708
2949
2709
2950
2710
2951
2711
2952
2712
2953
2713
2954
2714
2955
2715
2956
2716
2957
2717
2958
2718
2959
2719
2960
2720
2961
2721
2962
2722
2963
2723
2964
2724
2965
2725
2966
2726
2967
2727
2968
2728
2969
2729
2970
2730
2971
2731
2972
2732
2973
2733
2974
2734
2975
2735
2976
2736
2977
2737
2978
2738
2979
2739
2980
2740
2981
2741
2982
2742
2983
2743
2984
2744
2985
2745
2986
2746
2987
2747
2988
2748
2989
2749
2990
2750
2991
2751
2992
2752
2993
2753
2994
2754
2995
2755
2996
2756
2997
2757
2998
2758
2999
2759
3000
2760
3001
2761
3002
2762
3003
2763
3004
2764
3005
2765
3006
2766
3007
2767
3008
2768
3009
2769
3010
2770
3011
2771
3012
2772
3013
2773
3014
2774
3015
2775
3016
2776
3017
2777
3018
2778
3019
2779
3020
2780
3021
2781
3022
2782
3023
2783
3024
2784
3025
2785
3026
2786
3027
2787
3028
2788
3029
2789
3030
2790
3031
2791
3032
2792
3033
2793
3034
2794
3035
2795
3036
2796
3037
2797
3038
2798
3039
2799
3040
2800
3041
2801
3042
2802
3043
2803
3044
2804
3045
2805
3046
2806
3047
2807
3048
2808
3049
2809
3050
2810
3051
2811
3052
2812
3053
2813
3054
2814
3055
2815
3056
2816
3057
2817
3058
2818
3059
2819
3060
2820
3061
2821
3062
2822
3063
2823
3064
2824
3065
2825
3066
2826
3067
2827
3068
2828
3069
2829
3070
2830
3071
2831
3072
2832
3073
2833
3074
2834
3075
2835
3076
2836
3077
2837
3078
2838
3079
2839
3080
2840
3081
2841
3082
2842
3083
2843
3084
2844
3085
2845
3086
2846
3087
2847
3088
2848
3089
2849
3090
2850
3091
2851
3092
2852
3093
2853
3094
2854
3095
2855
3096
2856
3097
2857
3098
2858
3099
2859
3100
2860
3101
2861
3102
2862
3103
2863
3104
2864
3105
2865
3106
2866
3107
2867
3108
2868
3109
2869
3110
2870
3111
2871
3112
2872
3113
2873
3114
2874
3115
2875
3116
2876
3117
2877
3118
2878
3119
2879
3120
2880
3121
2881
3122
2882
3123
2883
3124
2884
3125
2885
3126
2886
3127
2887
3128
2888
3129
2889
3130
2890
3131
2891
3132
2892
3133
2893
3134
2894
3135
2895
3136
2896
3137
2897
3138
2898
3139
2899
3140
2900
3141
2901
3142
2902
3143
2903
3144
2904
3145
2905
3146
2906
3147
2907
3148
2908
3149
2909
3150
2910
3151
2911
3152
2912
3153
2913
3154
2914
3155
2915
3156
2916
3157
2917
3158
2918
3159
2919
3160
2920
3161
2921
3162
2922
3163
2923
3164
2924
3165
2925
3166
2926
3167
2927
3168
2928
3169
2929
3170
2930
3171
2931
3172
2932
3173
2933
3174
2934
3175
2935
3176
2936
3177
2937
3178
2938
3179
2939
3180
2940
3181
2941
3182
2942
3183
2943
3184
2944
3185
2945
3186
2946
3187
2947
3188
2948
3189
2949
3190
2950
3191
2951
3192
2952
3193
2953
3194
2954
3195
2955
3196
2956
3197
2957
3198
2958
3199
2959
3200
2960
3201
2961
3202
2962
3203
2963
3204
2964
3205
2965
3206
2966
3207
2967
3208
2968
3209
2969
3210
2970
3211
2971
3212
2972
3213
2973
3214
2974
3215
2975
3216
2976
3217
2977
3218
2978
3219
2979
3220
2980
3221
2981
3222
2982
3223
2983
3224
2984
3225
2985
3226
2986
3227
2987
3228
2988
3229
2989
3230
2990
3231
2991
3232
2992
3233
2993
3234
2994
3235
2995
3236
2996
3237
2997
3238
2998
3239
2999
3240
3000
3241
3001
3242
3002
3243
3003
3244
3004
3245
3005
3246
3006
3247
3007
3248
3008
3249
3009
3250
3010
3251
3011
3252
3012
3253
3013
3254
3014
3255
3015
3256
3016
3257
3017
3258
3018
3259
3019
3260
3020
3261
3021
3262
3022
3263
3023
3264
3024
3265
3025
3266
3026
3267
3027
3268
3028
3269
3029
3270
3030
3271
3031
3272
3032
3273
3033
3274
3034
3275
3035
3276
3036
3277
3037
3278
3038
3279
3039
3280
3040
3281
3041
3282
3042
3283
3043
3284
3044
3285
3045
3286
3046
3287
3047
3288
3048
3289
3049
3290
3050
3291
3051
3292
3052
3293
3053
3294
3054
3295
3055
3296
3056
3297
3057
3298
3058
3299
3059
3300
3060
3301
3061
3302
3062
3303
3063
3304
3064
3305
3065
3306
3066
3307
3067
3308
3068
3309
3069
3310
3070
3311
3071
3312
3072
3313
3073
3314
3074
3315
3075
3316
3076
3317
3077
3318
3078
3319
3079
3320
3080
3321
3081
3322
3082
3323
3083
3324
3084
3325
3085
3326
3086
3327
3087
3328
3088
3329
3089
3330
3090
3331
3091
3332
3092
3333
3093
3334
3094
3335
3095
3336
3096
3337
3097
3338
3098
3339
3099
3340
3100
3341
3101
3342
3102
3343
3103
3344
3104
3345
3105
3346
3106
3347
3107
3348
3108
3349
3109
3350
3110
3351
3111
3352
3112
3353
3113
3354
3114
3355
3115
3356
3116
3357
3117
3358
3118
3359
3119
3360
3120
3361
3121
3362
3122
3363
3123
3364
3124
3365
3125
3366
3126
3367
3127
3368
3128
3369
3129
3370
3130
3371
3131
3372
3132
3373
3133
3374
3134
3375
3135
3376
3136
3377
3137
3378
3138
3379
3139
3380
3140
3381
3141
3382
3142
3383
3143
3384
3144
3385
3145
3386
3146
3387
3147
3388
3148
3389
3149
3390
3150
3391
3151
3392
3152
3393
3153
3394
3154
3395
3155
3396
3156
3397
3157
3398
3158
3399
3159
3400
3160
3401
3161
3402
3162
3403
3163
3404
3164
3405
3165
3406
3166
3407
3167
3408
3168
3409
3169
3410
3170
3411
3171
3412
3172
3413
3173
3414
3174
3415
3175
3416
3176
3417
3177
3418
3178
3419
3179
3420
3180
3421
3181
3422
3182
3423
3183
3424
3184
3425
3185
3426
3186
3427
3187
3428
3188
3429
3189
3430
3190
3431
3191
3432
3192
3433
3193
3434
3194
3435
3195
3436
3196
3437
3197
3438
3198
3439
3199
3440
3200
3441
3201
3442
3202
3443
3203
3444
3204
3445
3205
3446
3206
3447
3207
3448
3208
3449
3209
3450
3210
3451
3211
3452
3212
3453
3213
3454
3214
3455
3215
3456
3216
3457
3217
3458
3218
3459
3219
3460
3220
3461
3221
3462
3222
3463
3223
3464
3224
3465
3225
3466
3226
3467
3227
3468
3228
3469
3229
3470
3230
3471
3231
3472
3232
3473
3233
3474
3234
3475
3235
3476
3236
3477
3237
3478
3238
3479
3239
3480
3240
3481
3241
3482
3242
3483
3243
3484
3244
3485
3245
3486
3246
3487
3247
3488
3248
3489
3249
3490
3250
3491
3251
3492
3252
3493
3253
3494
3254
3495
3255
3496
3256
3497
3257
3498
3258
3499
3259
3500
3260
3501
3261
3502
3262
3503
3263
3504
3264
3505
3265
3506
3266
3507
3267
3508
3268
3509
3269
3510
3270
3511
3271
3512
3272
3513
3273
3514
3274
3515
3275
3516
3276
3517
3277
3518
3278
3519
3279
3520
3280
3521
3281
3522
3282
3523
3283
3524
3284
3525
3285
3526
3286
3527
3287
3528
3288
3529
3289
3530
3290
3531
3291
3532
3292
3533
3293
3534
3294
3535
3295
3536
3296
3537
3297
3538
3298
3539
3299
3540
3300
3541
3301
3542
3302
3543
3303
3544
3304
3545
3305
3546
3306
3547
3307
3548
3308
3549
3309
3550
3310
3551
3311
3552
3312
3553
3313
3554
3314
3555
3315
3556
3316
3557
3317
3558
3318
3559
3319
3560
3320
3561
3321
3562
3322
3563
3323
3564
3324
3565
3325
3566
3326
3567
3327
3568
3328
3569
3329
3570
3330
3571
3331
3572
3332
3573
3333
3574
3334
3575
3335
3576
3336
3577
3337
3578
3338
3579
3339
3580
3340
3581
3341
3582
3342
3583
3343
3584
3344
3585
3345
3586
3346
3587
3347
3588
3348
3589
3349
3590
3350
3591
3351
3592
3352
3593
3353
3594
3354
3595
3355
3596
3356
3597
3357
3598
3358
3599
3359
3600
3360
3601
3361
3602
3362
3603
3363
3604
3364
3605
3365
3606
3366
3607
3367
3608
3368
3609
3369
3610
3370
3611
3371
3612
3372
3613
3373
3614
3374
3615
3375
3616
3376
3617
3377
3618
3378
3619
3379
3620
3380
3621
3381
3622
3382
3623
3383
3624
3384
3625
3385
3626
3386
3627
3387
3628
3388
3629
3389
3630
3390
3631
3391
3632
3392
3633
3393
3634
3394
3635
3395
3636
3396
3637
3397
3638
3398
3639
3399
3640
3400
3641
3401
3642
3402
3643
3403
3644
3404
3645
3405
3646
3406
3647
3407
3648
3408
3649
3409
3650
3410
3651
3411
3652
3412
3653
3413
3654
3414
3655
3415
3656
3416
3657
3417
3658
3418
3659
3419
3660
3420
3661
3421
3662
3422
3663
3423
3664
3424
3665
3425
3666
3426
3667
3427
3668
3428
3669
3429
3670
3430
3671
3431
3672
3432
3673
3433
3674
3434
3675
3435
3676
3436
3677
3437
3678
3438
3679
3439
3680
3440
3681
3441
3682
3442
3683
3443
3684
3444
3685
3445
3686
3446
3687
3447
3688
3448
3689
3449
3690
3450
3691
3451
3692
3452
3693
3453
3694
3454
3695
3455
3696
3456
3697
3457
3698
3458
3699
3459
3700
3460
3701
3461
3702
3462
3703
3463
3704
3464
3705
3465
3706
3466
3707
3467
3708
3468
3709
3469
3710
3470
3711
3471
3712
3472
3713
3473
3714
3474
3715
3475
3716
3476
3717
3477
3718
3478
3719
3479
3720
3480
3721
3481
3722
3482
3723
3483
3724
3484
3725
3485
3726
3486
3727
3487
3728
3488
3729
3489
3730
3490
3731
3491
3732
3492
3733
3493
3734
3494
3735
3495
3736
3496
3737
3497
3738
3498
3739
3499
3740
3500
3741
3501
3742
3502
3743
3503
3744
3504
3745
3505
3746
3506
3747
3507
3748
3508
3749
3509
3750
3510
3751
3511
3752
3512
3753
3513
3754
3514
3755
3515
3756
3516
3757
3517
3758
3518
3759
3519
3760
3520
3761
3521
3762
3522
3763
3523
3764
3524
3765
3525
3766
3526
3767
3527
3768
3528
3769
3529
3770
3530
3771
3531
3772
3532
3773
3533
3774
3534
3775
3535
3776
3536
3777
3537
3778
3538
3779
3539
3780
3540
3781
3541
3782
3542
3783
3543
3784
3544
3785
3545
3786
3546
3787
3547
3788
3548
3789
3549
3790
3550
3791
3551
3792
3552
3793
3553
3794
3554
3795
3555
3796
3556
3797
3557
3798
3558
3799
3559
3800
3560
3801
3561
3802
3562
3803
3563
3804
3564
3805
3565
3806
3566
3807
3567
3808
3568
3809
3569
3810
3570
3811
3571
3812
3572
3813
3573
3814
3574
3815
3575
3816
3576
3817
3577
3818
3578
3819
3579
3820
3580
3821
3581
3822
3582
3823
3583
3824
3584
3825
3585
3826
3586
3827
3587
3828
3588
3829
3589
3830
3590
3831
3591
3832
3592
3833
3593
3834
3594
3835
3595
3836
3596
3837
3597
3838
3598
3839
3599
3840
3600
3841
3601
3842
3602
3843
3603
3844
3604
3845
3605
3846
3606
3847
3607
3848
3608
3849
3609
3850
3610
3851
3611
3852
3612
3853
3613
3854
3614
3855
3615
3856
3616
3857
3617
3858
3618
3859
3619
3860
3620
3861
3621
3862
3622
3863
3623
3864
3624
3865
3625
3866
3626
3867
3627
3868
3628
3869
3629
3870
3630
3871
3631
3872
3632
3873
3633
3874
3634
3875
3635
3876
3636
3877
3637
3878
3638
3879
3639
3880
3640
3881
3641
3882
3642
3883
3643
3884
3644
3885
3645
3886
3646
3887
3647
3888
3648
3889
3649
3890
3650
3891
3651
3892
3652
3893
3653
3894
3654
3895
3655
3896
3656
3897
3657
3898
3658
3899
3659
3900
3660
3901
3661
3902
3662
3903
3663
3904
3664
3905
3665
3906
3666
3907
3667
3908
3668
3909
3669
3910
3670
3911
3671
3912
3672
3913
3673
3914
3674
3915
3675
3916
3676
3917
3677
3918
3678
3919
3679
3920
3680
3921
3681
3922
3682
3923
3683
3924
3684
3925
3685
3926
3686
3927
3687
3928
3688
3929
3689
3930
3690
3931
3691
3932
3692
3933
3693
3934
3694
3935
3695
3936
3696
3937
3697
3938
3698
3939
3699
3940
3700
3941
3701
3942
3702
3943
3703
3944
3704
3945
3705
3946
3706
3947
3707
3948
3708
3949
3709
3950
3710
3951
3711
3952
3712
3953
3713
3954
3714
3955
3715
3956
3716
3957
3717
3958
3718
3959
3719
3960
3720
3961
3721
3962
3722
3963
3723
3964
3724
3965
3725
3966
3726
3967
3727
3968
3728
3969
3729
3970
3730
3971
3731
3972
3732
3973
3733
3974
3734
3975
3735
3976
3736
3977
3737
3978
3738
3979
3739
3980
3740
3981
3741
3982
3742
3983
3743
3984
3744
3985
3745
3986
3746
3987
3747
3988
3748
3989
3749
3990
3750
3991
3751
3992
3752
3993
3753
3994
3754
3995
3755
3996
3756
3997
3757
3998
3758
3999
3759
4000
3760
4001
3761
4002
3762
4003
3763
4004
3764
4005
3765
4006
3766
4007
3767
4008
3768
4009
3769
4010
3770
4011
3771
4012
3772
4013
3773
4014
3774
4015
3775
4016
3776
4017
3777
4018
3778
4019
3779
4020
3780
4021
3781
4022
3782
4023
3783
4024
3784
4025
3785
4026
3786
4027
3787
4028
3788
4029
3789
4030
3790
4031
3791
4032
3792
4033
3793
4034
3794
4035
3795
4036
3796
4037
3797
4038
3798
4039
3799
4040
3800
4041
3801
4042
3802
4043
3803
4044
3804
4045
3805
4046
3806
4047
3807
4048
3808
4049
3809
4050
3810
4051
3811
4052
3812
4053
3813
4054
3814
4055
3815
4056
3816
4057
3817
4058
3818
4059
3819
4060
3820
4061
3821
4062
3822
4063
3823
4064
3824
4065
3825
4066
3826
4067
3827
4068
3828
4069
3829
4070
3830
4071
3831
4072
3832
4073
3833
4074
3834
4075
3835
4076
3836
4077
3837
4078
3838
4079
3839
4080
3840
4081
3841
4082
3842
4083
3843
4084
3844
4085
3845
4086
3846
4087
3847
4088
3848
4089
3849
4090
3850
4091
3851
4092
3852
4093
3853
4094
3854
4095
3855
4096
3856
4097
3857
4098
3858
4099
3859
4100
3860
4101
3861
4102
3862
4103
3863
4104
3864
4105
3865
4106
3866
4107
3867
4108
3868
4109
3869
4110
3870
4111
3871
4112
3872
4113
3873
4114
3874
4115
3875
4116
3876
4117
3877
4118
3878
4119
3879
4120
3880
4121
3881
4122
3882
4123
3883
4124
3884
4125
3885
4126
3886
4127
3887
4128
3888
4129
3889
4130
3890
4131
3891
4132
3892
4133
3893
4134
3894
4135
3895
4136
3896
4137
3897
4138
3898
4139
3899
4140
3900
4141
3901
4142
3902
4143
3903
4144
3904
4145
3905
4146
3906
4147
3907
4148
3908
4149
3909
4150
3910
4151
3911
4152
3912
4153
3913
4154
3914
4155
3915
4156
3916
4157
3917
4158
3918
4159
3919
4160
3920
4161
3921
4162
3922
4163
3923
4164
3924
4165
3925
4166
3926
4167
3927
4168
3928
4169
3929
4170
3930
4171
3931
4172
3932
4173
3933
4174
3934
4175
3935
4176
3936
4177
3937
4178
3938
4179
3939
4180
3940
4181
3941
4182
3942
4183
3943
4184
3944
4185
3945
4186
3946
4187
3947
4188
3948
4189
3949
4190
3950
4191
3951
4192
3952
4193
3953
4194
3954
4195
3955
4196
3956
4197
3957
4198
3958
4199
3959
4200
3960
4201
3961
4202
3962
4203
3963
4204
3964
4205
3965
4206
3966
4207
3967
4208
3968
4209
3969
4210
3970
4211
3971
4212
3972
4213
3973
4214
3974
4215
3975
4216
3976
4217
3977
4218
3978
4219
3979
4220
3980
4221
3981
4222
3982
4223
3983
4224
3984
4225
3985
4226
3986
4227
3987
4228
3988
4229
3989
4230
3990
4231
3991
4232
3992
4233
3993
4234
3994
4235
3995
4236
3996
4237
3997
4238
3998
4239
3999
4240
4000
4241
4001
4242
4002
4243
4003
4244
4004
4245
4005
4246
4006
4247
4007
4248
4008
4249
4009
4250
4010
4251
4011
4252
4012
4253
4013
4254
4014
4255
4015
4256
4016
4257
4017
4258
4018
4259
4019
4260
4020
4261
4021
4262
4022
4263
4023
4264
4024
4265
4025
4266
4026
4267
4027
4268
4028
4269
4029
4270
4030
4271
4031
4272
4032
4273
4033
4274
4034
4275
4035
4276
4036
4277
4037
4278
4038
4279
4039
4280
4040
4281
4041
4282
4042
4283
4043
4284
4044
4285
4045
4286
4046
4287
4047
4288
4048
4289
4049
4290
4050
4291
4051
4292
4052
4293
4053
4294
4054
4295
4055
4296
4056
4297
4057
4298
4058
4299
4059
4300
4060
4301
4061
4302
4062
4303
4063
4304
4064
4305
4065
4306
4066
4307
4067
4308
4068
4309
4069
4310
4070
4311
4071
4312
4072
4313
4073
4314
4074
4315
4075
4316
4076
4317
4077
4318
4078
4319
4079
4320
4080
4321
4081
4322
4082
4323
4083
4324
4084
4325
4085
4326
4086
4327
4087
4328
4088
4329
4089
4330
4090
4331
4091
4332
4092
4333
4093
4334
4094
4335
4095
4336
4096
4337
4097
4338
4098
4339
4099
4340
4100
4341
4101
4342
4102
4343
4103
4344
4104
4345
4105
4346
4106
4347
4107
4348
4108
4349
4109
4350
4110
4351
4111
4352
4112
4353
4113
4354
4114
4355
4115
4356
4116
4357
4117
4358
4118
4359
4119
4360
4120
4361
4121
4362
4122
4363
4123
4364
4124
4365
4125
4366
4126
4367
4127
4368
4128
4369
4129
4370
4130
4371
4131
4372
4132
4373
4133
4374
4134
4375
4135
4376
4136
4377
4137
4378
4138
4379
4139
4380
4140
4381
4141
4382
4142
4383
4143
4384
4144
4385
4145
4386
4146
4387
4147
4388
4148
4389
4149
4390
4150
4391
4151
4392
4152
4393
4153
4394
4154
4395
4155
4396
4156
4397
4157
4398
4158
4399
4159
4400
4160
4401
4161
4402
4162
4403
4163
4404
4164
4405
4165
4406
4166
4407
4167
4408
4168
4409
4169
4410
4170
4411
4171
4412
4172
4413
4173
4414
4174
4415
4175
4416
4176
4417
4177
4418
4178
4419
4179
4420
4180
4421
4181
4422
4182
4423
4183
4424
4184
4425
4185
4426
4186
4427
4187
4428
4188
4429
4189
4430
4190
4431
4191
4432
4192
4433
4193
4434
4194
4435
4195
4436
4196
4437
4197
4438
4198
4439
4199
4440
4200
4441
4201
4442
4202
4443
4203
4444
4204
4445
4205
4446
4206
4447
4207
4448
4208
4449
4209
4450
4210
4451
4211
4452
4212
4453
4213
4454
4214
4455
4215
4456
4216
4457
4217
4458
4218
4459
4219
4460
4220
4461
4221
4462
4222
4463
4223
4464
4224
4465
4225
4466
4226
4467
4227
4468
4228
4469
4229
4470
4230
4471
4231
4472
4232
4473
4233
4474
4234
4475
4235
4476
4236
4477
4237
4478
4238
4479
4239
4480
4240
4481
4241
4482
4242
4483
4243
4484
4244
4485
4245
4486
4246
4487
4247
4488
4248
4489
4249
4490
4250
4491
4251
4492
4252
4493
4253
4494
4254
4495
4255
4496
4256
4497
4257
4498
4258
4499
4259
4500
4260
4501
4261
4502
4262
4503
4263
4504
4264
4505
4265
4506
4266
4507
4267
4508
4268
4509
4269
4510
4270
4511
4271
4512
4272
4513
4273
4514
4274
4515
4275
4516
4276
4517
4277
4518
4278
4519
4279
4520
4280
4521
4281
4522
4282
4523
4283
4524
4284
4525
4285
4526
4286
4527
4287
4528
4288
4529
4289
4530
4290
4531
4291
4532
4292
4533
4293
4534
4294
4535
4295
4536
4296
4537
4297
4538
4298
4539
4299
4540
4300
4541
4301
4542
4302
4543
4303
4544
4304
4545
4305
4546
4306
4547
4307
4548
4308
4549
4309
4550
4310
4551
4311
4552
4312
4553
4313
4554
4314
4555
4315
4556
4316
4557
4317
4558
4318
4559
4319
4560
4320
4561
4321
4562
4322
4563
4323
4564
4324
4565
4325
4566
4326
4567
4327
4568
4328
4569
4329
4570
4330
4571
4331
4572
4332
4573
4333
4574
4334
4575
4335
4576
4336
4577
4337
4578
4338
4579
4339
4580
4340
4581
4341
4582
4342
4583
4343
4584
4344
4585
4345
4586
4346
4587
4347
4588
4348
4589
4349
4590
4350
4591
4351
4592
4352
4593
4353
4594
4354
4595
4355
4596
4356
4597
4357
4598
4358
4599
4359
4600
4360
4601
4361
4602
4362
4603
4363
4604
4364
4605
4365
4606
4366
4607
4367
4608
4368
4609
4369
4610
4370
4611
4371
4612
4372
4613
4373
4614
4374
4615
4375
4616
4376
4617
4377
4618
4378
4619
4379
4620
4380
4621
4381
4622
4382
4623
4383
4624
4384
4625
4385
4626
4386
4627
4387
4628
4388
4629
4389
4630
4390
4631
4391
4632
4392
4633
4393
4634
4394
4635
4395
4636
4396
4637
4397
4638
4398
4639
4399
4640
4400
4641
4401
4642
4402
4643
4403
4644
4404
4645
4405
4646
4406
4647
4407
4648
4408
4649
4409
4650
4410
4651
4411
4652
4412
4653
4413
4654
4414
4655
4415
4656
4416
4657
4417
4658
4418
4659
4419
4660
4420
4661
4421
4662
4422
4663
4423
4664
4424
4665
4425
4666
4426
4667
4427
4668
4428
4669
4429
4670
4430
4671
4431
4672
4432
4673
4433
4674
4434
4675
4435
4676
4436
4677
4437
4678
4438
4679
4439
4680
4440
4681
4441
4682
4442
4683
4443
4684
4444
4685
4445
4686
4446
4687
4447
4688
4448
4689
4449
4690
4450
4691
4451
4692
4452
4693
4453
4694
4454
4695
4455
4696
4456
4697
4457
4698
4458
4699
4459
4700
4460
4701
4461
4702
4462
4703
4463
4704
4464
4705
4465
4706
4466
4707
4467
4708
4468
4709
4469
4710
4470
4711
4471
4712
4472
4713
4473
4714
4474
4715
4475
4716
4476
4717
4477
4718
4478
4719
4479
4720
4480
4721
4481
4722
4482
4723
4483
4724
4484
4725
4485
4726
4486
4727
4487
4728
4488
4729
4489
4730
4490
4731
4491
4732
4492
4733
4493
4734
4494
4735
4495
4736
4496
4737
4497
4738
4498
4739
4499
4740
4500
4741
4501
4742
4502
4743
4503
4744
4504
4745
4505
4746
4506
4747
4507
4748
4508
4749
4509
4750
4510
4751
4511
4752
4512
4753
4513
4754
4514
4755
4515
4756
4516
4757
4517
4758
4518
4759
4519
4760
4520
4761
4521
4762
4522
4763
4523
4764
4524
4765
4525
4766
4526
4767
4527
4768
4528
4769
4529
4770
4530
4771
4531
4772
4532
4773
4533
4774
4534
4775
4535
4776
4536
4777
4537
4778
4538
4779
4539
4780
4540
4781
4541
4782
4542
4783
4543
4784
4544
4785
4545
4786
4546
4787
4547
4788
4548
4789
4549
4790
4550
4791
4551
4792
4552
4793
4553
4794
4554
4795
4555
4796
4556
4797
4557
4798
4558
4799
4559
4800
4560
4801
4561
4802
4562
4803
4563
4804
4564
4805
4565
4806
4566
4807
4567
4808
4568
4809
4569
4810
4570
4811
4571
4812
4572
4813
4573
4814
4574
4815
4575
4816
4576
4817
4577
4818
4578
4819
4579
4820
4580
4821
4581
4822
4582
4823
4583
4824
4584
4825
4585
4826
4586
4827
4587
4828
4588
4829
4589
4830
4590
4831
4591
4832
4592
4833
4593
4834
4594
4835
4595
4836
4596
4837
4597
4838
4598
4839
4599
4840
4600
4841
4601
4842
4602
4843
4603
4844
4604
4845
4605
4846
4606
4847
4607
4848
4608
4849
4609
4850
4610
4851
4611
4852
4612
4853
4613
4854
4614
4855
4615
4856
4616
4857
4617
4858
4618
4859
4619
4860
4620
4861
4621
4862
4622
4863
4623
4864
4624
4865
4625
4866
4626
4867
4627
4868
4628
4869
4629
4870
4630
4871
4631
4872
4632
4873
4633
4874
4634
4875
4635
4876
4636
4877
4637
4878
4638
4879
4639
4880
4640
4881
4641
4882
4642
4883
4643
4884
4644
4885
4645
4886
4646
4887
4647
4888
4648
4889
4649
4890
4650
4891
4651
4892
4652
4893
4653
4894
4654
4895
4655
4896
4656
4897
4657
4898
4658
4899
4659
4900
4660
4901
4661
4902
4662
4903
4663
4904
4664
4905
4665
4906
4666
4907
4667
4908
4668
4909
4669
4910
4670
4911
4671
4912
4672
4913
4673
4914
4674
4915
4675
4916
4676
4917
4677
4918
4678
4919
4679
4920
4680
4921
4681
4922
4682
4923
4683
4924
4684
4925
4685
4926
4686
4927
4687
4928
4688
4929
4689
4930
4690
4931
4691
4932
4692
4933
4693
4934
4694
4935
4695
4936
4696
4937
4697
4938
4698
4939
4699
4940
4700
4941
4701
4942
4702
4943
4703
4944
4704
4945
4705
4946
4706
4947
4707
4948
4708
4949
4709
4950
4710
4951
4711
4952
4712
4953
4713
4954
4714
4955
4715
4956
4716
4957
4717
4958
4718
4959
4719
4960
4720
4961
4721
4962
4722
4963
4723
4964
4724
4965
4725
4966
4726
4967
4727
4968
4728
4969
4729
4970
4730
4971
4731
4972
4732
4973
4733
4974
4734
4975
4735
4976
4736
4977
4737
4978
4738
4979
4739
4980
4740
4981
4741
4982
4742
4983
4743
4984
4744
4985
4745
4986
4746
4987
4747
4988
4748
4989
4749
4990
4750
4991
4751
4992
4752
4993
4753
4994
4754
4995
4755
4996
4756
4997
4757
4998
4758
4999
4759
5000
4760
5001
4761
5002
4762
5003
4763
5004
4764
5005
4765
5006
4766
5007
4767
5008
4768
5009
4769
5010
4770
5011
4771
5012
4772
5013
4773
5014
4774
5015
4775
5016
4776
5017
4777
5018
4778
5019
4779
5020
4780
5021
4781
5022
4782
5023
4783
5024
4784
5025
4785
5026
4786
5027
4787
5028
4788
5029
4789
5030
4790
5031
4791
5032
4792
5033
4793
5034
4794
5035
4795
5036
4796
5037
4797
5038
4798
5039
4799
5040
4800
5041
4801
5042
4802
5043
4803
5044
4804
5045
4805
5046
4806
5047
4807
5048
4808
5049
4809
5050
4810
5051
4811
5052
4812
5053
4813
5054
4814
5055
4815
5056
4816
5057
4817
5058
4818
5059
4819
5060
4820
5061
4821
5062
4822
5063
4823
5064
4824
5065
4825
5066
4826
5067
4827
5068
4828
5069
4829
5070
4830
5071
4831
5072
4832
5073
4833
5074
4834
5075
4835
5076
4836
5077
4837
5078
4838
5079
4839
5080
4840
5081
4841
5082
4842
5083
4843
5084
4844
5085
4845
5086
4846
5087
4847
5088
4848
5089
4849
5090
4850
5091
4851
5092
4852
5093
4853
5094
4854
5095
4855
5096
4856
5097
4857
5098
4858
5099
4859
5100
4860
5101
4861
5102
4862
5103
4863
5104
4864
5105
4865
5106
4866
5107
4867
5108
4868
5109
4869
5110
4870
5111
4871
5112
4872
5113
4873
5114
4874
5115
4875
5116
4876
5117
4877
5118
4878
5119
4879
5120
4880
5121
4881
5122
4882
5123
4883
5124
4884
5125
4885
5126
4886
5127
4887
5128
4888
5129
4889
5130
4890
5131
4891
5132
4892
5133
4893
5134
4894
5135
4895
5136
4896
5137
4897
5138
4898
5139
4899
5140
4900
5141
4901
5142
4902
5143
4903
5144
4904
5145
4905
5146
4906
5147
4907
5148
4908
5149
4909
5150
4910
5151
4911
5152
4912
5153
4913
5154
4914
5155
4915
5156
4916
5157
4917
5158
4918
5159
4919
5160
4920
5161
4921
5162
4922
5163
4923
5164
4924
5165
4925
5166
4926
5167
4927
5168
4928
5169
4929
5170
4930
5171
4931
5172
4932
5173
4933
5174
4934
5175
4935
5176
4936
5177
4937
5178
4938
5179
4939
5180
4940
5181
4941
5182
4942
5183
4943
5184
4944
5185
4945
5186
4946
5187
4947
5188
4948
5189
4949
5190
4950
5191
4951
5192
4952
5193
4953
5194
4954
5195
4955
5196
4956
5197
4957
5198
4958
5199
4959
5200
4960
5201
4961
5202
4962
5203
4963
5204
4964
5205
4965
5206
4966
5207
4967
5208
4968
5209
4969
5210
4970
5211
4971
5212
4972
5213
4973
5214
4974
5215
4975
5216
4976
5217
4977
5218
4978
5219
4979
5220
4980
5221
4981
5222
4982
5223
4983
5224
4984
5225
4985
5226
4986
5227
4987
5228
4988
5229
4989
5230
4990
5231
4991
5232
4992
5233
4993
5234
4994
5235
4995
5236
4996
5237
4997
5238
4998
5239
4999
5240
5000
5241
5001
5242
5002
5243
5003
5244
5004
5245
5005
5246
5006
5247
5007
5248
5008
5249
5009
5250
5010
5251
5011
5252
5012
5253
5013
5254
5014
5255
5015
5256
5016
5257
5017
5258
5018
5259
5019
5260
5020
5261
5021
5262
5022
5263
5023
5264
5024
5265
5025
5266
5026
5267
5027
5268
5028
5269
5029
5270
5030
5271
5031
5272
5032
5273
5033
5274
5034
5275
5035
5276
5036
5277
5037
5278
5038
5279
5039
5280
5040
5281
5041
5282
5042
5283
5043
5284
5044
5285
5045
5286
5046
5287
5047
5288
5048
5289
5049
5290
5050
5291
5051
5292
5052
5293
5053
5294
5054
5295
5055
5296
5056
5297
5057
5298
5058
5299
5059
5300
5060
5301
5061
5302
5062
5303
5063
5304
5064
5305
5065
5306
5066
5307
5067
5308
5068
5309
5069
5310
5070
5311
5071
5312
5072
5313
5073
5314
5074
5315
5075
5316
5076
5317
5077
5318
5078
5319
5079
5320
5080
5321
5081
5322
5082
5323
5083
5324
5084
5325
5085
5326
5086
5327
5087
5328
5088
5329
5089
5330
5090
5331
5091
5332
5092
5333
5093
5334
5094
5335
5095
5336
5096
5337
5097
5338
5098
5339
5099
5340
5100
5341
5101
5342
5102
5343
5103
5344
5104
5345
5105
5346
5106
5347
5107
5348
5108
5349
5109
5350
5110
5351
5111
5352
5112
5353
5113
5354
5114
5355
5115
5356
5116
5357
5117
5358
5118
5359
5119
5360
5120
5361
5121
5362
5122
5363
5123
5364
5124
5365
5125
5366
5126
5367
5127
5368
5128
5369
5129
5370
5130
5371
5131
5372
5132
5373
5133
5374
5134
5375
5135
5376
5136
5377
5137
5378
5138
5379
5139
5380
5140
5381
5141
5382
5142
5383
5143
5384
5144
5385
5145
5386
5146
5387
5147
5388
5148
5389
5149
5390
5150
5391
5151
5392
5152
5393
5153
5394
5154
5395
5155
5396
5156
5397
5157
5398
5158
5399
5159
5400
5160
5401
5161
5402
5162
5403
5163
5404
5164
5405
5165
5406
5166
5407
5167
5408
5168
5409
5169
5410
5170
5411
5171
5412
5172
5413
5173
5414
5174
5415
5175
5416
5176
5417
5177
5418
5178
5419
5179
5420
5180
5421
5181
5422
5182
5423
5183
5424
5184
5425
5185
5426
5186
5427
5187
5428
5188
5429
5189
5430
5190
5431
5191
5432
5192
5433
5193
5434
5194
5435
5195
5436
5196
5437
5197
5438
5198
5439
5199
5440
5200
5441
5201
5442
5202
5443
5203
5444
5204
5445
5205
5446
5206
5447
5207
5448
5208
5449
5209
5450
5210
5451
5211
5452
5212
5453
5213
5454
5214
5455
5215
5456
5216
5457
5217
5458
5218
5459
5219
5460
5220
5461
5221
5462
5222
5463
5223
5464
5224
5465
5225
5466
5226
5467
5227
5468
5228
5469
5229
5470
5230
5471
5231
5472
5232
5473
5233
5474
5234
5475
5235
5476
5236
5477
5237
5478
5238
5479
5239
5480
5240
5481
5241
5482
5242
5483
5243
5484
5244
5485
5245
5486
5246
5487
5247
5488
5248
5489
5249
5490
5250
5491
5251
5492
5252
5493
5253
5494
5254
5495
5255
5496
5256
5497
5257
5498
5258
5499
5259
5500
5260
5501
5261
5502
5262
5503
5263
5504
5264
5505
5265
5506
5266
5507
5267
5508
5268
5509
5269
5510
5270
5511
5271
5512
5272
5513
5273
5514
5274
5515
5275
5516
5276
5517
5277
5518
5278
5519
5279
5520
5280
5521
5281
5522
5282
5523
5283
5524
5284
5525
5285
5526
5286
5527
5287
5528
5288
5529
5289
5530
5290
5531
5291
5532
5292
5533
5293
5534
5294
5535
5295
5536
5296
5537
5297
5538
5298
5539
5299
5540
5300
5541
5301
5542
5302
5543
5303
5544
5304
5545
5305
5546
5306
5547
5307
5548
5308
5549
5309
5550
5310
5551
5311
5552
5312
5553
5313
5554
5314
5555
5315
5556
5316
5557
5317
5558
5318
5559
5319
5560
5320
5561
5321
5562
5322
5563
5323
5564
5324
5565
5325
5566
5326
5567
5327
5568
5328
5569
5329
5570
5330
5571
5331
5572
5332
5573
5333
5574
5334
5575
5335
5576
5336
5577
5337
5578
5338
5579
5339
5580
5340
5581
5341
5582
5342
5583
5343
5584
5344
5585
5345
5586
5346
5587
5347
5588
5348
5589
5349
5590
5350
5591
5351
5592
5352
5593
5353
5594
5354
5595
5355
5596
5356
5597
5357
5598
5358
5599
5359
5600
5360
5601
5361
5602
5362
5603
5363
5604
5364
5605
5365
5606
5366
5607
5367
5608
5368
5609
5369
5610
5370
5611
5371
5612
5372
5613
5373
5614
5374
5615
5375
5616
5376
5617
5377
5618
5378
5619
5379
5620
5380
5621
5381
5622
5382
5623
5383
5624
5384
5625
5385
5626
5386
5627
5387
5628
5388
5629
5389
5630
5390
5631
5391
5632
5392
5633
5393
5634
5394
5635
5395
5636
5396
5637
5397
5638
5398
5639
5399
5640
5400
5641
5401
5642
5402
5643
5403
5644
5404
5645
5405
5646
5406
5647
5407
5648
5408
5649
5409
5650
5410
5651
5411
5652
5412
5653
5413
5654
5414
5655
5415
5656
5416
5657
5417
5658
5418
5659
5419
5660
5420
5661
5421
5662
5422
5663
5423
5664
5424
5665
5425
5666
5426
5667
5427
5668
5428
5669
5429
5670
5430
5671
5431
5672
5432
5673
5433
5674
5434
5675
5435
5676
5436
5677
5437
5678
5438
5679
5439
5680
5440
5681
5441
5682
5442
5683
5443
5684
5444
5685
5445
5686
5446
5687
5447
5688
5448
5689
5449
5690
5450
5691
5451
5692
5452
5693
5453
5694
5454
5695
5455
5696
5456
5697
5457
5698
5458
5699
5459
5700
5460
5701
5461
5702
5462
5703
5463
5704
5464
5705
5465
5706
5466
5707
5467
5708
5468
5709
5469
5710
5470
5711
5471
5712
5472
5713
5473
5714
5474
5715
5475
5716
5476
5717
5477
5718
5478
5719
5479
5720
5480
5721
5481
5722
5482
5723
5483
5724
5484
5725
5485
5726
5486
5727
5487
5728
5488
5729
5489
5730
5490
5731
5491
5732
5492
5733
5493
5734
5494
5735
5495
5736
5496
5737
5497
5738
5498
5739
5499
5740
5500
5741
5501
5742
5502
5743
5503
5744
5504
5745
5505
5746
5506
5747
5507
5748
5508
5749
5509
5750
5510
5751
5511
5752
5512
5753
5513
5754
5514
5755
5515
5756
5516
5757
5517
5758
5518
5759
5519
5760
5520
5761
5521
5762
5522
5763
5523
5764
5524
5765
5525
5766
5526
5767
5527
5768
5528
5769
5529
5770
5530
5771
5531
5772
5532
5773
5533
5774
5534
5775
5535
5776
5536
5777
5537
5778
5538
5779
5539
5780
5540
5781
5541
5782
5542
5783
5543
5784
5544
5785
5545
5786
5546
5787
5547
5788
5548
5789
5549
5790
5550
5791
5551
5792
5552
5793
5553
5794
5554
5795
5555
5796
5556
5797
5557
5798
5558
5799
5559
5800
5560
5801
5561
5802
5562
5803
5563
5804
5564
5805
5565
5806
5566
5807
5567
5808
5568
5809
5569
5810
5570
5811
5571
5812
5572
5813
5573
5814
5574
5815
5575
5816
5576
5817
5577
5818
5578
5819
5579
5820
5580
5821
5581
5822
5582
5823
5583
5824
5584
5825
5585
5826
5586
5827
5587
5828
5588
5829
5589
5830
5590
5831
5591
5832
5592
5833
5593
5834
5594
5835
5595
5836
5596
5837
5597
5838
5598
5839
5599
5840
5600
5841
5601
5842
5602
5843
5603
5844
5604
5845
5605
5846
5606
5847
5607
5848
5608
5849
5609
5850
5610
5851
5611
5852
5612
5853
5613
5854
5614
5855
5615
5856
5616
5857
5617
5858
5618
5859
5619
5860
5620
5861
5621
5862
5622
5863
5623
5864
5624
5865
5625
5866
5626
5867
5627
5868
5628
5869
5629
5870
5630
5871
5631
5872
5632
5873
5633
5874
5634
5875
5635
5876
5636
5877
5637
5878
5638
5879
5639
5880
5640
5881
5641
5882
5642
5883
5643
5884
5644
5885
5645
5886
5646
5887
5647
5888
5648
5889
5649
5890
5650
5891
5651
5892
5652
5893
5653
5894
5654
5895
5655
5896
5656
5897
5657
5898
5658
5899
5659
5900
5660
5901
5661
5902
5662
5903
5663
5904
5664
5905
5665
5906
5666
5907
5667
5908
5668
5909
5669
5910
5670
5911
5671
5912
5672
5913
5673
5914
5674
5915
5675
5916
5676
5917
5677
5918
5678
5919
5679
5920
5680
5921
5681
5922
5682
5923
5683
5924
5684
5925
5685
5926
5686
5927
5687
5928
5688
5929
5689
5930
5690
5931
5691
5932
5692
5933
5693
5934
5694
5935
5695
5936
5696
5937
5697
5938
5698
5939
5699
5940
5700
5941
5701
5942
5702
5943
5703
5944
5704
5945
5705
5946
5706
5947
5707
5948
5708
5949
5709
5950
5710
5951
5711
5952
5712
5953
5713
5954
5714
5955
5715
5956
5716
5957
5717
5958
5718
5959
5719
5960
5720
5961
5721
5962
5722
5963
5723
5964
5724
5965
5725
5966
5726
5967
5727
5968
5728
5969
5729
5970
5730
5971
5731
5972
5732
5973
5733
5974
5734
5975
5735
5976
5736
5977
5737
5978
5738
5979
5739
5980
5740
5981
5741
5982
5742
5983
5743
5984
5744
5985
5745
5986
5746
5987
5747
5988
5748
5989
5749
5990
5750
5991
5751
5992
5752
5993
5753
5994
5754
5995
5755
5996
5756
5997
5757
5998
5758
5999
5759
6000
5760
6001
5761
6002
5762
6003
5763
6004
5764
6005
5765
6006
5766
6007
5767
6008
5768
6009
5769
6010
5770
6011
5771
6012
5772
6013
5773
6014
5774
6015
5775
6016
5776
6017
5777
6018
5778
6019
5779
6020
5780
6021
5781
6022
5782
6023
5783
6024
5784
6025
5785
6026
5786
6027
5787
6028
5788
6029
5789
6030
5790
6031
5791
6032
5792
6033
5793
6034
5794
6035
5795
6036
5796
6037
5797
6038
5798
6039
5799
6040
5800
6041
5801
6042
5802
6043
5803
6044
5804
6045
5805
6046
5806
6047
5807
6048
5808
6049
5809
6050
5810
6051
5811
6052
5812
6053
5813
6054
5814
6055
5815
6056
5816
6057
5817
6058
5818
6059
5819
6060
5820
6061
5821
6062
5822
6063
5823
6064
5824
6065
5825
6066
5826
6067
5827
6068
5828
6069
5829
6070
5830
6071
5831
6072
5832
6073
5833
6074
5834
6075
5835
6076
5836
6077
5837
6078
5838
6079
5839
6080
5840
6081
5841
6082
5842
6083
5843
6084
5844
6085
5845
6086
5846
6087
5847
6088
5848
6089
5849
6090
5850
6091
5851
6092
5852
6093
5853
6094
5854
6095
5855
6096
5856
6097
5857
6098
5858
6099
5859
6100
5860
6101
5861
6102
5862
6103
5863
6104
5864
6105
5865
6106
5866
6107
5867
6108
5868
6109
5869
6110
5870
6111
5871
6112
5872
6113
5873
6114
5874
6115
5875
6116
5876
6117
5877
6118
5878
6119
5879
6120
5880
6121
5881
6122
5882
6123
5883
6124
5884
6125
5885
6126
5886
6127
5887
6128
5888
6129
5889
6130
5890
6131
5891
6132
5892
6133
5893
6134
5894
6135
5895
6136
5896
6137
5897
6138
5898
6139
5899
6140
5900
6141
5901
6142
5902
6143
5903
6144
5904
6145
5905
6146
5906
6147
5907
6148
5908
6149
5909
6150
5910
6151
5911
6152
5912
6153
5913
6154
5914
6155
5915
6156
5916
6157
5917
6158
5918
6159
5919
6160
5920
6161
5921
6162
5922
6163
5923
6164
5924
6165
5925
6166
5926
6167
5927
6168
5928
6169
5929
6170
5930
6171
5931
6172
5932
6173
5933
6174
5934
6175
5935
6176
5936
6177
5937
6178
5938
6179
5939
6180
5940
6181
5941
6182
5942
6183
5943
6184
5944
6185
5945
6186
5946
6187
5947
6188
5948
6189
5949
6190
5950
6191
5951
6192
5952
6193
5953
6194
5954
6195
5955
6196
5956
6197
5957
6198
5958
6199
5959
6200
5960
6201
5961
6202
5962
6203
5963
6204
5964
6205
5965
6206
5966
6207
5967
6208
5968
6209
5969
6210
5970
6211
5971
6212
5972
6213
5973
6214
5974
6215
5975
6216
5976
6217
5977
6218
5978
6219
5979
6220
5980
6221
5981
6222
5982
6223
5983
6224
5984
6225
5985
6226
5986
6227
5987
6228
5988
6229
5989
6230
5990
6231
5991
6232
5992
6233
5993
6234
5994
6235
5995
6236
5996
6237
5997
6238
5998
6239
5999
6240
6000
6241
6001
6242
6002
6243
6003
6244
6004
6245
6005
6246
6006
6247
6007
6248
6008
6249
6009
6250
6010
6251
6011
6252
6012
6253
6013
6254
6014
6255
6015
6256
6016
6257
6017
6258
6018
6259
6019
6260
6020
6261
6021
6262
6022
6263
6023
6264
6024
6265
6025
6266
6026
6267
6027
6268
6028
6269
6029
6270
6030
6271
6031
6272
6032
6273
6033
6274
6034
6275
6035
6276
6036
6277
6037
6278
6038
6279
6039
6280
6040
6281
6041
6282
6042
6283
6043
6284
6044
6285
6045
6286
6046
6287
6047
6288
6048
6289
6049
6290
6050
6291
6051
6292
6052
6293
6053
6294
6054
6295
6055
6296
6056
6297
6057
6298
6058
6299
6059
6300
6060
6301
6061
6302
6062
6303
6063
6304
6064
6305
6065
6306
6066
6307
6067
6308
6068
6309
6069
6310
6070
6311
6071
6312
6072
6313
6073
6314
6074
6315
6075
6316
6076
6317
6077
6318
6078
6319
6079
6320
6080
6321
6081
6322
6082
6323
6083
6324
6084
6325
6085
6326
6086
6327
6087
6328
6088
6329
6089
6330
6090
6331
6091
6332
6092
6333
6093
6334
6094
6335
6095
6336
6096
6337
6097
6338
6098
6339
6099
6340
6100
6341
6101
6342
6102
6343
6103
6344
6104
6345
6105
6346
6106
6347
6107
6348
6108
6349
6109
6350
6110
6351
6111
6352
6112
6353
6113
6354
6114
6355
6115
6356
6116
6357
6117
6358
6118
6359
6119
6360
6120
6361
6121
6362
6122
6363
6123
6364
6124
6365
6125
6366
6126
6367
6127
6368
6128
6369
6129
6370
6130
6371
6131
6372
6132
6373
6133
6374
6134
6375
6135
6376
6136
6377
6137
6378
6138
6379
6139
6380
6140
6381
6141
6382
6142
6383
6143
6384
6144
6385
6145
6386
6146
6387
6147
6388
6148
6389
6149
6390
6150
6391
6151
6392
6152
6393
6153
6394
6154
6395
6155
6396
6156
6397
6157
6398
6158
6399
6159
6400
6160
6401
6161
6402
6162
6403
6163
6404
6164
6405
6165
6406
6166
6407
6167
6408
6168
6409
6169
6410
6170
6411
6171
6412
6172
6413
6173
6414
6174
6415
6175
6416
6176
6417
6177
6418
6178
6419
6179
6420
6180
6421
6181
6422
6182
6423
6183
6424
6184
6425
6185
6426
6186
6427
6187
6428
6188
6429
6189
6430
6190
6431
6191
6432
6192
6433
6193
6434
6194
6435
6195
6436
6196
6437
6197
6438
6198
6439
6199
6440
6200
6441
6201
6442
6202
6443
6203
6444
6204
6445
6205
6446
6206
6447
6207
6448
6208
6449
6209
6450
6210
6451
6211
6452
6212
6453
6213
6454
6214
6455
6215
6456
6216
6457
6217
6458
6218
6459
6219
6460
6220
6461
6221
6462
6222
6463
6223
6464
6224
6465
6225
6466
6226
6467
6227
6468
6228
6469
6229
6470
6230
6471
6231
6472
6232
6473
6233
6474
6234
6475
6235
6476
6236
6477
6237
6478
6238
6479
6239
6480
6240
6481
6241
6482
6242
6483
6243
6484
6244
6485
6245
6486
6246
6487
6247
6488
6248
6489
6249
6490
6250
6491
6251
6492
6252
6493
6253
6494
6254
6495
6255
6496
6256
6497
6257
6498
6258
6499
6259
6500
6260
6501
6261
6502
6262
6503
6263
6504
6264
6505
6265
6506
6266
6507
6267
6508
6268
6509
6269
6510
6270
6511
6271
6512
6272
6513
6273
6514
6274
6515
6275
6516
6276
6517
6277
6518
6278
6519
6279
6520
6280
6521
6281
6522
6282
6523
6283
6524
6284
6525
6285
6526
6286
6527
6287
6528
6288
6529
6289
6530
6290
6531
6291
6532
6292
6533
6293
6534
6294
6535
6295
6536
6296
6537
6297
6538
6298
6539
6299
6540
6300
6541
6301
6542
6302
6543
6303
6544
6304
6545
6305
6546
6306
6547
6307
6548
6308
6549
6309
6550
6310
6551
6311
6552
6312
6553
6313
6554
6314
6555
6315
6556
6316
6557
6317
6558
6318
6559
6319
6560
6320
6561
6321
6562
6322
6563
6323
6564
6324
6565
6325
6566
6326
6567
6327
6568
6328
6569
6329
6570
6330
6571
6331
6572
6332
6573
6333
6574
6334
6575
6335
6576
6336
6577
6337
6578
6338
6579
6339
6580
6340
6581
6341
6582
6342
6583
6343
6584
6344
6585
6345
6586
6346
6587
6347
6588
6348
6589
6349
6590
6350
6591
6351
6592
6352
6593
6353
6594
6354
6595
6355
6596
6356
6597
6357
6598
6358
6599
6359
6600
6360
6601
6361
6602
6362
6603
6363
6604
6364
6605
6365
6606
6366
6607
6367
6608
6368
6609
6369
6610
6370
6611
6371
6612
6372
6613
6373
6614
6374
6615
6375
6616
6376
6617
6377
6618
6378
6619
6379
6620
6380
6621
6381
6622
6382
6623
6383
6624
6384
6625
6385
6626
6386
6627
6387
6628
6388
6629
6389
6630
6390
6631
6391
6632
6392
6633
6393
6634
6394
6635
6395
6636
6396
6637
6397
6638
6398
6639
6399
6640
6400
6641
6401
6642
6402
6643
6403
6644
6404
6645
6405
6646
6406
6647
6407
6648
6408
6649
6409
6650
6410
6651
6411
6652
6412
6653
6413
6654
6414
6655
6415
6656
6416
6657
6417
6658
6418
6659
6419
6660
6420
6661
6421
6662
6422
6663
6423
6664
6424
6665
6425
6666
6426
6667
6427
6668
6428
6669
6429
6670
6430
6671
6431
6672
6432
6673
6433
6674
6434
6675
6435
6676
6436
6677
6437
6678
6438
6679
6439
6680
6440
6681
6441
6682
6442
6683
6443
6684
6444
6685
6445
6686
6446
6687
6447
6688
6448
6689
6449
6690
6450
6691
6451
6692
6452
6693
6453
6694
6454
6695
6455
6696
6456
6697
6457
6698
6458
6699
6459
6700
6460
6701
6461
6702
6462
6703
6463
6704
6464
6705
6465
6706
6466
6707
6467
6708
6468
6709
6469
6710
6470
6711
6471
6712
6472
6713
6473
6714
6474
6715
6475
6716
6476
6717
6477
6718
6478
6719
6479
6720
6480
6721
6481
6722
6482
6723
6483
6724
6484
6725
6485
6726
6486
6727
6487
6728
6488
6729
6489
6730
6490
6731
6491
6732
6492
6733
6493
6734
6494
6735
6495
6736
6496
6737
6497
6738
6498
6739
6499
6740
6500
6741
6501
6742
6502
6743
6503
6744
6504
6745
6505
6746
6506
6747
6507
6748
6508
6749
6509
6750
6510
6751
6511
6752
6512
6753
6513
6754
6514
6755
6515
6756
6516
6757
6517
6758
6518
6759
6519
6760
6520
6761
6521
6762
6522
6763
6523
6764
6524
6765
6525
6766
6526
6767
6527
6768
6528
6769
6529
6770
6530
6771
6531
6772
6532
6773
6533
6774
6534
6775
6535
6776
6536
6777
6537
6778
6538
6779
6539
6780
6540
6781
6541
6782
6542
6783
6543
6784
6544
6785
6545
6786
6546
6787
6547
6788
6548
6789
6549
6790
6550
6791
6551
6792
6552
6793
6553
6794
6554
6795
6555
6796
6556
6797
6557
6798
6558
6799
6559
6800
6560
6801
6561
6802
6562
6803
6563
6804
6564
6805
6565
6806
6566
6807
6567
6808
6568
6809
6569
6810
6570
6811
6571
6812
6572
6813
6573
6814
6574
6815
6575
6816
6576
6817
6577
6818
6578
6819
6579
6820
6580
6821
6581
6822
6582
6823
6583
6824
6584
6825
6585
6826
6586
6827
6587
6828
6588
6829
6589
6830
6590
6831
6591
6832
6592
6833
6593
6834
6594
6835
6595
6836
6596
6837
6597
6838
6598
6839
6599
6840
6600
6841
6601
6842
6602
6843
6603
6844
6604
6845
6605
6846
6606
6847
6607
6848
6608
6849
6609
6850
6610
6851
6611
6852
6612
6853
6613
6854
6614
6855
6615
6856
6616
6857
6617
6858
6618
6859
6619
6860
6620
6861
6621
6862
6622
6863
6623
6864
6624
6865
6625
6866
6626
6867
6627
6868
6628
6869
6629
6870
6630
6871
6631
6872
6632
6873
6633
6874
6634
6875
6635
6876
6636
6877
6637
6878
6638
6879
6639
6880
6640
6881
6641
6882
6642
6883
6643
6884
6644
6885
6645
6886
6646
6887
6647
6888
6648
6889
6649
6890
6650
6891
6651
6892
6652
6893
6653
6894
6654
6895
6655
6896
6656
6897
6657
6898
6658
6899
6659
6900
6660
6901
6661
6902
6662
6903
6663
6904
6664
6905
6665
6906
6666
6907
6667
6908
6668
6909
6669
6910
6670
6911
6671
6912
6672
6913
6673
6914
6674
6915
6675
6916
6676
6917
6677
6918
6678
6919
6679
6920
6680
6921
6681
6922
6682
6923
6683
6924
6684
6925
6685
6926
6686
6927
6687
6928
6688
6929
6689
6930
6690
6931
6691
6932
6692
6933
6693
6934
6694
6935
6695
6936
6696
6937
6697
6938
6698
6939
6699
6940
6700
6941
6701
6942
6702
6943
6703
6944
6704
6945
6705
6946
6706
6947
6707
6948
6708
6949
6709
6950
6710
6951
6711
6952
6712
6953
6713
6954
6714
6955
6715
6956
6716
6957
6717
6958
6718
6959
6719
6960
6720
6961
6721
6962
6722
6963
6723
6964
6724
6965
6725
6966
6726
6967
6727
6968
6728
6969
6729
6970
6730
6971
6731
6972
6732
6973
6733
6974
6734
6975
6735
6976
6736
6977
6737
6978
6738
6979
6739
6980
6740
6981
6741
6982
6742
6983
6743
6984
6744
6985
6745
6986
6746
6987
6747
6988
6748
6989
6749
6990
6750
6991
6751
6992
6752
6993
6753
6994
6754
6995
6755
6996
6756
6997
6757
6998
6758
6999
6759
7000
6760
7001
6761
7002
6762
7003
6763
7004
6764
7005
6765
7006
6766
7007
6767
7008
6768
7009
6769
7010
6770
7011
6771
7012
6772
7013
6773
7014
6774
7015
6775
7016
6776
7017
6777
7018
6778
7019
6779
7020
6780
7021
6781
7022
6782
7023
6783
7024
6784
7025
6785
7026
6786
7027
6787
7028
6788
7029
6789
7030
6790
7031
6791
7032
6792
7033
6793
7034
6794
7035
6795
7036
6796
7037
6797
7038
6798
7039
6799
7040
6800
7041
6801
7042
6802
7043
6803
7044
6804
7045
6805
7046
6806
7047
6807
7048
6808
7049
6809
7050
6810
7051
6811
7052
6812
7053
6813
7054
6814
7055
6815
7056
6816
7057
6817
7058
6818
7059
6819
7060
6820
7061
6821
7062
6822
7063
6823
7064
6824
7065
6825
7066
6826
7067
6827
7068
6828
7069
6829
7070
6830
7071
6831
7072
6832
7073
6833
7074
6834
7075
6835
7076
6836
7077
6837
7078
6838
7079
6839
7080
6840
7081
6841
7082
6842
7083
6843
7084
6844
7085
6845
7086
6846
7087
6847
7088
6848
7089
6849
7090
6850
7091
6851
7092
6852
7093
6853
7094
6854
7095
6855
7096
6856
7097
6857
7098
6858
7099
6859
7100
6860
7101
6861
7102
6862
7103
6863
7104
6864
7105
6865
7106
6866
7107
6867
7108
6868
7109
6869
7110
6870
7111
6871
7112
6872
7113
6873
7114
6874
7115
6875
7116
6876
7117
6877
7118
6878
7119
6879
7120
6880
7121
6881
7122
6882
7123
6883
7124
6884
7125
6885
7126
6886
7127
6887
7128
6888
7129
6889
7130
6890
7131
6891
7132
6892
7133
6893
7134
6894
7135
6895
7136
6896
7137
6897
7138
6898
7139
6899
7140
6900
7141
6901
7142
6902
7143
6903
7144
6904
7145
6905
7146
6906
7147
6907
7148
6908
7149
6909
7150
6910
7151
6911
7152
6912
7153
6913
7154
6914
7155
6915
7156
6916
7157
6917
7158
6918
7159
6919
7160
6920
7161
6921
7162
6922
7163
6923
7164
6924
7165
6925
7166
6926
7167
6927
7168
6928
7169
6929
7170
6930
7171
6931
7172
6932
7173
6933
7174
6934
7175
6935
7176
6936
7177
6937
7178
6938
7179
6939
7180
6940
7181
6941
7182
6942
7183
6943
7184
6944
7185
6945
7186
6946
7187
6947
7188
6948
7189
6949
7190
6950
7191
6951
7192
6952
7193
6953
7194
6954
7195
6955
7196
6956
7197
6957
7198
6958
7199
6959
7200
6960
7201
6961
7202
6962
7203
6963
7204
6964
7205
6965
7206
6966
7207
6967
7208
6968
7209
6969
7210
6970
7211
6971
7212
6972
7213
6973
7214
6974
7215
6975
7216
6976
7217
6977
7218
6978
7219
6979
7220
6980
7221
6981
7222
6982
7223
6983
7224
6984
7225
6985
7226
6986
7227
6987
7228
6988
7229
6989
7230
6990
7231
6991
7232
6992
7233
6993
7234
6994
7235
6995
7236
6996
7237
6997
7238
6998
7239
6999
7240
7000
7241
7001
7242
7002
7243
7003
7244
7004
7245
7005
7246
7006
7247
7007
7248
7008
7249
7009
7250
7010
7251
7011
7252
7012
7253
7013
7254
7014
7255
7015
7256
7016
7257
7017
7258
7018
7259
7019
7260
7020
7261
7021
7262
7022
7263
7023
7264
7024
7265
7025
7266
7026
7267
7027
7268
7028
7269
7029
7270
7030
7271
7031
7272
7032
7273
7033
7274
7034
7275
7035
7276
7036
7277
7037
7278
7038
7279
7039
7280
7040
7281
7041
7282
7042
7283
7043
7284
7044
7285
7045
7286
7046
7287
7047
7288
7048
7289
7049
7290
7050
7291
7051
7292
7052
7293
7053
7294
7054
7295
7055
7296
7056
7297
7057
7298
7058
7299
7059
7300
7060
7301
7061
7302
7062
7303
7063
7304
7064
7305
7065
7306
7066
7307
7067
7308
7068
7309
7069
7310
7070
7311
7071
7312
7072
7313
7073
7314
7074
7315
7075
7316
7076
7317
7077
7318
7078
7319
7079
7320
7080
7321
7081
7322
7082
7323
7083
7324
7084
7325
7085
7326
7086
7327
7087
7328
7088
7329
7089
7330
7090
7331
7091
7332
7092
7333
7093
7334
7094
7335
7095
7336
7096
7337
7097
7338
7098
7339
7099
7340
7100
7341
7101
7342
7102
7343
7103
7344
7104
7345
7105
7346
7106
7347
7107
7348
7108
7349
7109
7350
7110
7351
7111
7352
7112
7353
7113
7354
7114
7355
7115
7356
7116
7357
7117
7358
7118
7359
7119
7360
7120
7361
7121
7362
7122
7363
7123
7364
7124
7365
7125
7366
7126
7367
7127
7368
7128
7369
7129
7370
7130
7371
7131
7372
7132
7373
7133
7374
7134
7375
7135
7376
7136
7377
7137
7378
7138
7379
7139
7380
7140
7381
7141
7382
7142
7383
7143
7384
7144
7385
7145
7386
7146
7387
7147
7388
7148
7389
7149
7390
7150
7391
7151
7392
7152
7393
7153
7394
7154
7395
7155
7396
7156
7397
7157
7398
7158
7399
7159
7400
7160
7401
7161
7402
7162
7403
7163
7404
7164
7405
7165
7406
7166
7407
7167
7408
7168
7409
7169
7410
7170
7411
7171
7412
7172
7413
7173
7414
7174
7415
7175
7416
7176
7417
7177
7418
7178
7419
7179
7420
7180
7421
7181
7422
7182
7423
7183
7424
7184
7425
7185
7426
7186
7427
7187
7428
7188
7429
7189
7430
7190
7431
7191
7432
7192
7433
7193
7434
7194
7435
7195
7436
7196
7437
7197
7438
7198
7439
7199
7440
7200
7441
7201
7442
7202
7443
7203
7444
7204
7445
7205
7446
7206
7447
7207
7448
7208
7449
7209
7450
7210
7451
7211
7452
7212
7453
7213
7454
7214
7455
7215
7456
7216
7457
7217
7458
7218
7459
7219
7460
7220
7461
7221
7462
7222
7463
7223
7464
7224
7465
7225
7466
7226
7467
7227
7468
7228
7469
7229
7470
7230
7471
7231
7472
7232
7473
7233
7474
7234
7475
7235
7476
7236
7477
7237
7478
7238
7479
7239
7480
7240
7481
7241
7482
7242
7483
7243
7484
7244
7485
7245
7486
7246
7487
7247
7488
7248
7489
7249
7490
7250
7491
7251
7492
7252
7493
7253
7494
7254
7495
7255
7496
7256
7497
7257
7498
7258
7499
7259
7500
7260
7501
7261
7502
7262
7503
7263
7504
7264
7505
7265
7506
7266
7507
7267
7508
7268
7509
7269
7510
7270
7511
7271
7512
7272
7513
7273
7514
7274
7515
7275
7516
7276
7517
7277
7518
7278
7519
7279
7520
7280
7521
7281
7522
7282
7523
7283
7524
7284
7525
7285
7526
7286
7527
7287
7528
7288
7529
7289
7530
7290
7531
7291
7532
7292
7533
7293
7534
7294
7535
7295
7536
7296
7537
7297
7538
7298
7539
7299
7540
7300
7541
7301
7542
7302
7543
7303
7544
7304
7545
7305
7546
7306
7547
7307
7548
7308
7549
7309
7550
7310
7551
7311
7552
7312
7553
7313
7554
7314
7555
7315
7556
7316
7557
7317
7558
7318
7559
7319
7560
7320
7561
7321
7562
7322
7563
7323
7564
7324
7565
7325
7566
7326
7567
7327
7568
7328
7569
7329
7570
7330
7571
7331
7572
7332
7573
7333
7574
7334
7575
7335
7576
7336
7577
7337
7578
7338
7579
7339
7580
7340
7581
7341
7582
7342
7583
7343
7584
7344
7585
7345
7586
7346
7587
7347
7588
7348
7589
7349
7590
7350
7591
7351
7592
7352
7593
7353
7594
7354
7595
7355
7596
7356
7597
7357
7598
7358
7599
7359
7600
7360
7601
7361
7602
7362
7603
7363
7604
7364
7605
7365
7606
7366
7607
7367
7608
7368
7609
7369
7610
7370
7611
7371
7612
7372
7613
7373
7614
7374
7615
7375
7616
7376
7617
7377
7618
7378
7619
7379
7620
7380
7621
7381
7622
7382
7623
7383
7624
7384
7625
7385
7626
7386
7627
7387
7628
7388
7629
7389
7630
7390
7631
7391
7632
7392
7633
7393
7634
7394
7635
7395
7636
7396
7637
7397
7638
7398
7639
7399
7640
7400
7641
7401
7642
7402
7643
7403
7644
7404
7645
7405
7646
7406
7647
7407
7648
7408
7649
7409
7650
7410
7651
7411
7652
7412
7653
7413
7654
7414
7655
7415
7656
7416
7657
7417
7658
7418
7659
7419
7660
7420
7661
7421
7662
7422
7663
7423
7664
7424
7665
7425
7666
7426
7667
7427
7668
7428
7669
7429
7670
7430
7671
7431
7672
7432
7673
7433
7674
7434
7675
7435
7676
7436
7677
7437
7678
7438
7679
7439
7680
7440
7681
7441
7682
7442
7683
7443
7684
7444
7685
7445
7686
7446
7687
7447
7688
7448
7689
7449
7690
7450
7691
7451
7692
7452
7693
7453
7694
7454
7695
7455
7696
7456
7697
7457
7698
7458
7699
7459
7700
7460
7701
7461
7702
7462
7703
7463
7704
7464
7705
7465
7706
7466
7707
7467
7708
7468
7709
7469
7710
7470
7711
7471
7712
7472
7713
7473
7714
7474
7715
7475
7716
7476
7717
7477
7718
7478
7719
7479
7720
7480
7721
7481
7722
7482
7723
7483
7724
7484
7725
7485
7726
7486
7727
7487
7728
7488
7729
7489
7730
7490
7731
7491
7732
7492
7733
7493
7734
7494
7735
7495
7736
7496
7737
7497
7738
7498
7739
7499
7740
7500
7741
7501
7742
7502
7743
7503
7744
7504
7745
7505
7746
7506
7747
7507
7748
7508
7749
7509
7750
7510
7751
7511
7752
7512
7753
7513
7754
7514
7755
7515
7756
7516
7757
7517
7758
7518
7759
7519
7760
7520
7761
7521
7762
7522
7763
7523
7764
7524
7765
7525
7766
7526
7767
7527
7768
7528
7769
7529
7770
7530
7771
7531
7772
7532
7773
7533
7774
7534
7775
7535
7776
7536
7777
7537
7778
7538
7779
7539
7780
7540
7781
7541
7782
7542
7783
7543
7784
7544
7785
7545
7786
7546
7787
7547
7788
7548
7789
7549
7790
7550
7791
7551
7792
7552
7793
7553
7794
7554
7795
7555
7796
7556
7797
7557
7798
7558
7799
7559
7800
7560
7801
7561
7802
7562
7803
7563
7804
7564
7805
7565
7806
7566
7807
7567
7808
7568
7809
7569
7810
7570
7811
7571
7812
7572
7813
7573
7814
7574
7815
7575
7816
7576
7817
7577
7818
7578
7819
7579
7820
7580
7821
7581
7822
7582
7823
7583
7824
7584
7825
7585
7826
7586
7827
7587
7828
7588
7829
7589
7830
7590
7831
7591
7832
7592
7833
7593
7834
7594
7835
7595
7836
7596
7837
7597
7838
7598
7839
7599
7840
7600
7841
7601
7842
7602
7843
7603
7844
7604
7845
7605
7846
7606
7847
7607
7848
7608
7849
7609
7850
7610
7851
7611
7852
7612
7853
7613
7854
7614
7855
7615
7856
7616
7857
7617
7858
7618
7859
7619
7860
7620
7861
7621
7862
7622
7863
7623
7864
7624
7865
7625
7866
7626
7867
7627
7868
7628
7869
7629
7870
7630
7871
7631
7872
7632
7873
7633
7874
7634
7875
7635
7876
7636
7877
7637
7878
7638
7879
7639
7880
7640
7881
7641
7882
7642
7883
7643
7884
7644
7885
7645
7886
7646
7887
7647
7888
7648
7889
7649
7890
7650
7891
7651
7892
7652
7893
7653
7894
7654
7895
7655
7896
7656
7897
7657
7898
7658
7899
7659
7900
7660
7901
7661
7902
7662
7903
7663
7904
7664
7905
7665
7906
7666
7907
7667
7908
7668
7909
7669
7910
7670
7911
7671
7912
7672
7913
7673
7914
7674
7915
7675
7916
7676
7917
7677
7918
7678
7919
7679
7920
7680
7921
7681
7922
7682
7923
7683
7924
7684
7925
7685
7926
7686
7927
7687
7928
7688
7929
7689
7930
7690
7931
7691
7932
7692
7933
7693
7934
7694
7935
7695
7936
7696
7937
7697
7938
7698
7939
7699
7940
7700
7941
7701
7942
7702
7943
7703
7944
7704
7945
7705
7946
7706
7947
7707
7948
7708
7949
7709
7950
7710
7951
7711
7952
7712
7953
7713
7954
7714
7955
7715
7956
7716
7957
7717
7958
7718
7959
7719
7960
7720
7961
7721
7962
7722
7963
7723
7964
7724
7965
7725
7966
7726
7967
7727
7968
7728
7969
7729
7970
7730
7971
7731
7972
7732
7973
7733
7974
7734
7975
7735
7976
7736
7977
7737
7978
7738
7979
7739
7980
7740
7981
7741
7982
7742
7983
7743
7984
7744
7985
7745
7986
7746
7987
7747
7988
7748
7989
7749
7990
7750
7991
7751
7992
7752
7993
7753
7994
7754
7995
7755
7996
7756
7997
7757
7998
7758
7999
7759
8000
7760
8001
7761
8002
7762
8003
7763
8004
7764
8005
7765
8006
7766
8007
7767
8008
7768
8009
7769
8010
7770
8011
7771
8012
7772
8013
7773
8014
7774
8015
7775
8016
7776
8017
7777
8018
7778
8019
7779
8020
7780
8021
7781
8022
7782
8023
7783
8024
7784
8025
7785
8026
7786
8027
7787
8028
7788
8029
7789
8030
7790
8031
7791
8032
7792
8033
7793
8034
7794
8035
7795
8036
7796
8037
7797
8038
7798
8039
7799
8040
7800
8041
7801
8042
7802
8043
7803
8044
7804
8045
7805
8046
7806
8047
7807
8048
7808
8049
7809
8050
7810
8051
7811
8052
7812
8053
7813
8054
7814
8055
7815
8056
7816
8057
7817
8058
7818
8059
7819
8060
7820
8061
7821
8062
7822
8063
7823
8064
7824
8065
7825
8066
7826
8067
7827
8068
7828
8069
7829
8070
7830
8071
7831
8072
7832
8073
7833
8074
7834
8075
7835
8076
7836
8077
7837
8078
7838
8079
7839
8080
7840
8081
7841
8082
7842
8083
7843
8084
7844
8085
7845
8086
7846
8087
7847
8088
7848
8089
7849
8090
7850
8091
7851
8092
7852
8093
7853
8094
7854
8095
7855
8096
7856
8097
7857
8098
7858
8099
7859
8100
7860
8101
7861
8102
7862
8103
7863
8104
7864
8105
7865
8106
7866
8107
7867
8108
7868
8109
7869
8110
7870
8111
7871
8112
7872
8113
7873
8114
7874
8115
7875
8116
7876
8117
7877
8118
7878
8119
7879
8120
7880
8121
7881
8122
7882
8123
7883
8124
7884
8125
7885
8126
7886
8127
7887
8128
7888
8129
7889
8130
7890
8131
7891
8132
7892
8133
7893
8134
7894
8135
7895
8136
7896
8137
7897
8138
7898
8139
7899
8140
7900
8141
7901
8142
7902
8143
7903
8144
7904
8145
7905
8146
7906
8147
7907
8148
7908
8149
7909
8150
7910
8151
7911
8152
7912
8153
7913
8154
7914
8155
7915
8156
7916
8157
7917
8158
7918
8159
7919
8160
7920
8161
7921
8162
7922
8163
7923
8164
7924
8165
7925
8166
7926
8167
7927
8168
7928
8169
7929
8170
7930
8171
7931
8172
7932
8173
7933
8174
7934
8175
7935
8176
7936
8177
7937
8178
7938
8179
7939
8180
7940
8181
7941
8182
7942
8183
7943
8184
7944
8185
7945
8186
7946
8187
7947
8188
7948
8189
7949
8190
7950
8191
7951
8192
7952
8193
7953
8194
7954
8195
7955
8196
7956
8197
7957
8198
7958
8199
7959
8200
7960
8201
7961
8202
7962
8203
7963
8204
7964
8205
7965
8206
7966
8207
7967
8208
7968
8209
7969
8210
7970
8211
7971
8212
7972
8213
7973
8214
7974
8215
7975
8216
7976
8217
7977
8218
7978
8219
7979
8220
7980
8221
7981
8222
7982
8223
7983
8224
7984
8225
7985
8226
7986
8227
7987
8228
7988
8229
7989
8230
7990
8231
7991
8232
7992
8233
7993
8234
7994
8235
7995
8236
7996
8237
7997
8238
7998
8239
7999
8240
8000
8241
8001
8242
8002
8243
8003
8244
8004
8245
8005
8246
8006
8247
8007
8248
8008
8249
8009
8250
8010
8251
8011
8252
8012
8253
8013
8254
8014
8255
8015
8256
8016
8257
8017
8258
8018
8259
8019
8260
8020
8261
8021
8262
8022
8263
8023
8264
8024
8265
8025
8266
8026
8267
8027
8268
8028
8269
8029
8270
8030
8271
8031
8272
8032
8273
8033
8274
8034
8275
8035
8276
8036
8277
8037
8278
8038
8279
8039
8280
8040
8281
8041
8282
8042
8283
8043
8284
8044
8285
8045
8286
8046
8287
8047
8288
8048
8289
8049
8290
8050
8291
8051
8292
8052
8293
8053
8294
8054
8295
8055
8296
8056
8297
8057
8298
8058
8299
8059
8300
8060
8301
8061
8302
8062
8303
8063
8304
8064
8305
8065
8306
8066
8307
8067
8308
8068
8309
8069
8310
8070
8311
8071
8312
8072
8313
8073
8314
8074
8315
8075
8316
8076
8317
8077
8318
8078
8319
8079
8320
8080
8321
8081
8322
8082
8323
8083
8324
8084
8325
8085
8326
8086
8327
8087
8328
8088
8329
8089
8330
8090
8331
8091
8332
8092
8333
8093
8334
8094
8335
8095
8336
8096
8337
8097
8338
8098
8339
8099
8340
8100
8341
8101
8342
8102
8343
8103
8344
8104
8345
8105
8346
8106
8347
8107
8348
8108
8349
8109
8350
8110
8351
8111
8352
8112
8353
8113
8354
8114
8355
8115
8356
8116
8357
8117
8358
8118
8359
8119
8360
8120
8361
8121
8362
8122
8363
8123
8364
8124
8365
8125
8366
8126
8367
8127
8368
8128
8369
8129
8370
8130
8371
8131
8372
8132
8373
8133
8374
8134
8375
8135
8376
8136
8377
8137
8378
8138
8379
8139
8380
8140
8381
8141
8382
8142
8383
8143
8384
8144
8385
8145
8386
8146
8387
8147
8388
8148
8389
8149
8390
8150
8391
8151
8392
8152
8393
8153
8394
8154
8395
8155
8396
8156
8397
8157
8398
8158
8399
8159
8400
8160
8401
8161
8402
8162
8403
8163
8404
8164
8405
8165
8406
8166
8407
8167
8408
8168
8409
8169
8410
8170
8411
8171
8412
8172
8413
8173
8414
8174
8415
8175
8416
8176
8417
8177
8418
8178
8419
8179
8420
8180
8421
8181
8422
8182
8423
8183
8424
8184
8425
8185
8426
8186
8427
8187
8428
8188
8429
8189
8430
8190
8431
8191
8432
8192
8433
8193
8434
8194
8435
8195
8436
8196
8437
8197
8438
8198
8439
8199
8440
8200
8441
8201
8442
8202
8443
8203
8444
8204
8445
8205
8446
8206
8447
8207
8448
8208
8449
8209
8450
8210
8451
8211
8452
8212
8453
8213
8454
8214
8455
8215
8456
8216
8457
8217
8458
8218
8459
8219
8460
8220
8461
8221
8462
8222
8463
8223
8464
8224
8465
8225
8466
8226
8467
8227
8468
8228
8469
8229
8470
8230
8471
8231
8472
8232
8473
8233
8474
8234
8475
8235
8476
8236
8477
8237
8478
8238
8479
8239
8480
8240
8481
8241
8482
8242
8483
8243
8484
8244
8485
8245
8486
8246
8487
8247
8488
8248
8489
8249
8490
8250
8491
8251
8492
8252
8493
8253
8494
8254
8495
8255
8496
8256
8497
8257
8498
8258
8499
8259
8500
8260
8501
8261
8502
8262
8503
8263
8504
8264
8505
8265
8506
8266
8507
8267
8508
8268
8509
8269
8510
8270
8511
8271
8512
8272
8513
8273
8514
8274
8515
8275
8516
8276
8517
8277
8518
8278
8519
8279
8520
8280
8521
8281
8522
8282
8523
8283
8524
8284
8525
8285
8526
8286
8527
8287
8528
8288
8529
8289
8530
8290
8531
8291
8532
8292
8533
8293
8534
8294
8535
8295
8536
8296
8537
8297
8538
8298
8539
8299
8540
8300
8541
8301
8542
8302
8543
8303
8544
8304
8545
8305
8546
8306
8547
8307
8548
8308
8549
8309
8550
8310
8551
8311
8552
8312
8553
8313
8554
8314
8555
8315
8556
8316
8557
8317
8558
8318
8559
8319
8560
8320
8561
8321
8562
8322
8563
8323
8564
8324
8565
8325
8566
8326
8567
8327
8568
8328
8569
8329
8570
8330
8571
8331
8572
8332
8573
8333
8574
8334
8575
8335
8576
8336
8577
8337
8578
8338
8579
8339
8580
8340
8581
8341
8582
8342
8583
8343
8584
8344
8585
8345
8586
8346
8587
8347
8588
8348
8589
8349
8590
8350
8591
8351
8592
8352
8593
8353
8594
8354
8595
8355
8596
8356
8597
8357
8598
8358
8599
8359
8600
8360
8601
8361
8602
8362
8603
8363
8604
8364
8605
8365
8606
8366
8607
8367
8608
8368
8609
8369
8610
8370
8611
8371
8612
8372
8613
8373
8614
8374
8615
8375
8616
8376
8617
8377
8618
8378
8619
8379
8620
8380
8621
8381
8622
8382
8623
8383
8624
8384
8625
8385
8626
8386
8627
8387
8628
8388
8629
8389
8630
8390
8631
8391
8632
8392
8633
8393
8634
8394
8635
8395
8636
8396
8637
8397
8638
8398
8639
8399
8640
8400
8641
8401
8642
8402
8643
8403
8644
8404
8645
8405
8646
8406
8647
8407
8648
8408
8649
8409
8650
8410
8651
8411
8652
8412
8653
8413
8654
8414
8655
8415
8656
8416
8657
8417
8658
8418
8659
8419
8660
8420
8661
8421
8662
8422
8663
8423
8664
8424
8665
8425
8666
8426
8667
8427
8668
8428
8669
8429
8670
8430
8671
8431
8672
8432
8673
8433
8674
8434
8675
8435
8676
8436
8677
8437
8678
8438
8679
8439
8680
8440
8681
8441
8682
8442
8683
8443
8684
8444
8685
8445
8686
8446
8687
8447
8688
8448
8689
8449
8690
8450
8691
8451
8692
8452
8693
8453
8694
8454
8695
8455
8696
8456
8697
8457
8698
8458
8699
8459
8700
8460
8701
8461
8702
8462
8703
8463
8704
8464
8705
8465
8706
8466
8707
8467
8708
8468
8709
8469
8710
8470
8711
8471
8712
8472
8713
8473
8714
8474
8715
8475
8716
8476
8717
8477
8718
8478
8719
8479
8720
8480
8721
8481
8722
8482
8723
8483
8724
8484
8725
8485
8726
8486
8727
8487
8728
8488
8729
8489
8730
8490
8731
8491
8732
8492
8733
8493
8734
8494
8735
8495
8736
8496
8737
8497
8738
8498
8739
8499
8740
8500
8741
8501
8742
8502
8743
8503
8744
8504
8745
8505
8746
8506
8747
8507
8748
8508
8749
8509
8750
8510
8751
8511
8752
8512
8753
8513
8754
8514
8755
8515
8756
8516
8757
8517
8758
8518
8759
8519
8760
8520
8761
8521
8762
8522
8763
8523
8764
8524
8765
8525
8766
8526
8767
8527
8768
8528
8769
8529
8770
8530
8771
8531
8772
8532
8773
8533
8774
8534
8775
8535
8776
8536
8777
8537
8778
8538
8779
8539
8780
8540
8781
8541
8782
8542
8783
8543
8784
8544
8785
8545
8786
8546
8787
8547
8788
8548
8789
8549
8790
8550
8791
8551
8792
8552
8793
8553
8794
8554
8795
8555
8796
8556
8797
8557
8798
8558
8799
8559
8800
8560
8801
8561
8802
8562
8803
8563
8804
8564
8805
8565
8806
8566
8807
8567
8808
8568
8809
8569
8810
8570
8811
8571
8812
8572
8813
8573
8814
8574
8815
8575
8816
8576
8817
8577
8818
8578
8819
8579
8820
8580
8821
8581
8822
8582
8823
8583
8824
8584
8825
8585
8826
8586
8827
8587
8828
8588
8829
8589
8830
8590
8831
8591
8832
8592
8833
8593
8834
8594
8835
8595
8836
8596
8837
8597
8838
8598
8839
8599
8840
8600
8841
8601
8842
8602
8843
8603
8844
8604
8845
8605
8846
8606
8847
8607
8848
8608
8849
8609
8850
8610
8851
8611
8852
8612
8853
8613
8854
8614
8855
8615
8856
8616
8857
8617
8858
8618
8859
8619
8860
8620
8861
8621
8862
8622
8863
8623
8864
8624
8865
8625
8866
8626
8867
8627
8868
8628
8869
8629
8870
8630
8871
8631
8872
8632
8873
8633
8874
8634
8875
8635
8876
8636
8877
8637
8878
8638
8879
8639
8880
8640
8881
8641
8882
8642
8883
8643
8884
8644
8885
8645
8886
8646
8887
8647
8888
8648
8889
8649
8890
8650
8891
8651
8892
8652
8893
8653
8894
8654
8895
8655
8896
8656
8897
8657
8898
8658
8899
8659
8900
8660
8901
8661
8902
8662
8903
8663
8904
8664
8905
8665
8906
8666
8907
8667
8908
8668
8909
8669
8910
8670
8911
8671
8912
8672
8913
8673
8914
8674
8915
8675
8916
8676
8917
8677
8918
8678
8919
8679
8920
8680
8921
8681
8922
8682
8923
8683
8924
8684
8925
8685
8926
8686
8927
8687
8928
8688
8929
8689
8930
8690
8931
8691
8932
8692
8933
8693
8934
8694
8935
8695
8936
8696
8937
8697
8938
8698
8939
8699
8940
8700
8941
8701
8942
8702
8943
8703
8944
8704
8945
8705
8946
8706
8947
8707
8948
8708
8949
8709
8950
8710
8951
8711
8952
8712
8953
8713
8954
8714
8955
8715
8956
8716
8957
8717
8958
8718
8959
8719
8960
8720
8961
8721
8962
8722
8963
8723
8964
8724
8965
8725
8966
8726
8967
8727
8968
8728
8969
8729
8970
8730
8971
8731
8972
8732
8973
8733
8974
8734
8975
8735
8976
8736
8977
8737
8978
8738
8979
8739
8980
8740
8981
8741
8982
8742
8983
8743
8984
8744
8985
8745
8986
8746
8987
8747
8988
8748
8989
8749
8990
8750
8991
8751
8992
8752
8993
8753
8994
8754
8995
8755
8996
8756
8997
8757
8998
8758
8999
8759
9000
8760
9001
8761
9002
8762
9003
8763
9004
8764
9005
8765
9006
8766
9007
8767
9008
8768
9009
8769
9010
8770
9011
8771
9012
8772
9013
8773
9014
8774
9015
8775
9016
8776
9017
8777
9018
8778
9019
8779
9020
8780
9021
8781
9022
8782
9023
8783
9024
8784
9025
8785
9026
8786
9027
8787
9028
8788
9029
8789
9030
8790
9031
8791
9032
8792
9033
8793
9034
8794
9035
8795
9036
8796
9037
8797
9038
8798
9039
8799
9040
8800
9041
8801
9042
8802
9043
8803
9044
8804
9045
8805
9046
8806
9047
8807
9048
8808
9049
8809
9050
8810
9051
8811
9052
8812
9053
8813
9054
8814
9055
8815
9056
8816
9057
8817
9058
8818
9059
8819
9060
8820
9061
8821
9062
8822
9063
8823
9064
8824
9065
8825
9066
8826
9067
8827
9068
8828
9069
8829
9070
8830
9071
8831
9072
8832
9073
8833
9074
8834
9075
8835
9076
8836
9077
8837
9078
8838
9079
8839
9080
8840
9081
8841
9082
8842
9083
8843
9084
8844
9085
8845
9086
8846
9087
8847
9088
8848
9089
8849
9090
8850
9091
8851
9092
8852
9093
8853
9094
8854
9095
8855
9096
8856
9097
8857
9098
8858
9099
8859
9100
8860
9101
8861
9102
8862
9103
8863
9104
8864
9105
8865
9106
8866
9107
8867
9108
8868
9109
8869
9110
8870
9111
8871
9112
8872
9113
8873
9114
8874
9115
8875
9116
8876
9117
8877
9118
8878
9119
8879
9120
8880
9121
8881
9122
8882
9123
8883
9124
8884
9125
8885
9126
8886
9127
8887
9128
8888
9129
8889
9130
8890
9131
8891
9132
8892
9133
8893
9134
8894
9135
8895
9136
8896
9137
8897
9138
8898
9139
8899
9140
8900
9141
8901
9142
8902
9143
8903
9144
8904
9145
8905
9146
8906
9147
8907
9148
8908
9149
8909
9150
8910
9151
8911
9152
8912
9153
8913
9154
8914
9155
8915
9156
8916
9157
8917
9158
8918
9159
8919
9160
8920
9161
8921
9162
8922
9163
8923
9164
8924
9165
8925
9166
8926
9167
8927
9168
8928
9169
8929
9170
8930
9171
8931
9172
8932
9173
8933
9174
8934
9175
8935
9176
8936
9177
8937
9178
8938
9179
8939
9180
8940
9181
8941
9182
8942
9183
8943
9184
8944
9185
8945
9186
8946
9187
8947
9188
8948
9189
8949
9190
8950
9191
8951
9192
8952
9193
8953
9194
8954
9195
8955
9196
8956
9197
8957
9198
8958
9199
8959
9200
8960
9201
8961
9202
8962
9203
8963
9204
8964
9205
8965
9206
8966
9207
8967
9208
8968
9209
8969
9210
8970
9211
8971
9212
8972
9213
8973
9214
8974
9215
8975
9216
8976
9217
8977
9218
8978
9219
8979
9220
8980
9221
8981
9222
8982
9223
8983
9224
8984
9225
8985
9226
8986
9227
8987
9228
8988
9229
8989
9230
8990
9231
8991
9232
8992
9233
8993
9234
8994
9235
8995
9236
8996
9237
8997
9238
8998
9239
8999
9240
9000
9241
9001
9242
9002
9243
9003
9244
9004
9245
9005
9246
9006
9247
9007
9248
9008
9249
9009
9250
9010
9251
9011
9252
9012
9253
9013
9254
9014
9255
9015
9256
9016
9257
9017
9258
9018
9259
9019
9260
9020
9261
9021
9262
9022
9263
9023
9264
9024
9265
9025
9266
9026
9267
9027
9268
9028
9269
9029
9270
9030
9271
9031
9272
9032
9273
9033
9274
9034
9275
9035
9276
9036
9277
9037
9278
9038
9279
9039
9280
9040
9281
9041
9282
9042
9283
9043
9284
9044
9285
9045
9286
9046
9287
9047
9288
9048
9289
9049
9290
9050
9291
9051
9292
9052
9293
9053
9294
9054
9295
9055
9296
9056
9297
9057
9298
9058
9299
9059
9300
9060
9301
9061
9302
9062
9303
9063
9304
9064
9305
9065
9306
9066
9307
9067
9308
9068
9309
9069
9310
9070
9311
9071
9312
9072
9313
9073
9314
9074
9315
9075
9316
9076
9317
9077
9318
9078
9319
9079
9320
9080
9321
9081
9322
9082
9323
9083
9324
9084
9325
9085
9326
9086
9327
9087
9328
9088
9329
9089
9330
9090
9331
9091
9332
9092
9333
9093
9334
9094
9335
9095
9336
9096
9337
9097
9338
9098
9339
9099
9340
9100
9341
9101
9342
9102
9343
9103
9344
9104
9345
9105
9346
9106
9347
9107
9348
9108
9349
9109
9350
9110
9351
9111
9352
9112
9353
9113
9354
9114
9355
9115
9356
9116
9357
9117
9358
9118
9359
9119
9360
9120
9361
9121
9362
9122
9363
9123
9364
9124
9365
9125
9366
9126
9367
9127
9368
9128
9369
9129
9370
9130
9371
9131
9372
9132
9373
9133
9374
9134
9375
9135
9376
9136
9377
9137
9378
9138
9379
9139
9380
9140
9381
9141
9382
9142
9383
9143
9384
9144
9385
9145
9386
9146
9387
9147
9388
9148
9389
9149
9390
9150
9391
9151
9392
9152
9393
9153
9394
9154
9395
9155
9396
9156
9397
9157
9398
9158
9399
9159
9400
9160
9401
9161
9402
9162
9403
9163
9404
9164
9405
9165
9406
9166
9407
9167
9408
9168
9409
9169
9410
9170
9411
9171
9412
9172
9413
9173
9414
9174
9415
9175
9416
9176
9417
9177
9418
9178
9419
9179
9420
9180
9421
9181
9422
9182
9423
9183
9424
9184
9425
9185
9426
9186
9427
9187
9428
9188
9429
9189
9430
9190
9431
9191
9432
9192
9433
9193
9434
9194
9435
9195
9436
9196
9437
9197
9438
9198
9439
9199
9440
9200
9441
9201
9442
9202
9443
9203
9444
9204
9445
9205
9446
9206
9447
9207
9448
9208
9449
9209
9450
9210
9451
9211
9452
9212
9453
9213
9454
9214
9455
9215
9456
9216
9457
9217
9458
9218
9459
9219
9460
9220
9461
9221
9462
9222
9463
9223
9464
9224
9465
9225
9466
9226
9467
9227
9468
9228
9469
9229
9470
9230
9471
9231
9472
9232
9473
9233
9474
9234
9475
9235
9476
9236
9477
9237
9478
9238
9479
9239
9480
9240
9481
9241
9482
9242
9483
9243
9484
9244
9485
9245
9486
9246
9487
9247
9488
9248
9489
9249
9490
9250
9491
9251
9492
9252
9493
9253
9494
9254
9495
9255
9496
9256
9497
9257
9498
9258
9499
9259
9500
9260
9501
9261
9502
9262
9503
9263
9504
9264
9505
9265
9506
9266
9507
9267
9508
9268
9509
9269
9510
9270
9511
9271
9512
9272
9513
9273
9514
9274
9515
9275
9516
9276
9517
9277
9518
9278
9519
9279
9520
9280
9521
9281
9522
9282
9523
9283
9524
9284
9525
9285
9526
9286
9527
9287
9528
9288
9529
9289
9530
9290
9531
9291
9532
9292
9533
9293
9534
9294
9535
9295
9536
9296
9537
9297
9538
9298
9539
9299
9540
9300
9541
9301
9542
9302
9543
9303
9544
9304
9545
9305
9546
9306
9547
9307
9548
9308
9549
9309
9550
9310
9551
9311
9552
9312
9553
9313
9554
9314
9555
9315
9556
9316
9557
9317
9558
9318
9559
9319
9560
9320
9561
9321
9562
9322
9563
9323
9564
9324
9565
9325
9566
9326
9567
9327
9568
9328
9569
9329
9570
9330
9571
9331
9572
9332
9573
9333
9574
9334
9575
9335
9576
9336
9577
9337
9578
9338
9579
9339
9580
9340
9581
9341
9582
9342
9583
9343
9584
9344
9585
9345
9586
9346
9587
9347
9588
9348
9589
9349
9590
9350
9591
9351
9592
9352
9593
9353
9594
9354
9595
9355
9596
9356
9597
9357
9598
9358
9599
9359
9600
9360
9601
9361
9602
9362
9603
9363
9604
9364
9605
9365
9606
9366
9607
9367
9608
9368
9609
9369
9610
9370
9611
9371
9612
9372
9613
9373
9614
9374
9615
9375
9616
9376
9617
9377
9618
9378
9619
9379
9620
9380
9621
9381
9622
9382
9623
9383
9624
9384
9625
9385
9626
9386
9627
9387
9628
9388
9629
9389
9630
9390
9631
9391
9632
9392
9633
9393
9634
9394
9635
9395
9636
9396
9637
9397
9638
9398
9639
9399
9640
9400
9641
9401
9642
9402
9643
9403
9644
9404
9645
9405
9646
9406
9647
9407
9648
9408
9649
9409
9650
9410
9651
9411
9652
9412
9653
9413
9654
9414
9655
9415
9656
9416
9657
9417
9658
9418
9659
9419
9660
9420
9661
9421
9662
9422
9663
9423
9664
9424
9665
9425
9666
9426
9667
9427
9668
9428
9669
9429
9670
9430
9671
9431
9672
9432
9673
9433
9674
9434
9675
9435
9676
9436
9677
9437
9678
9438
9679
9439
9680
9440
9681
9441
9682
9442
9683
9443
9684
9444
9685
9445
9686
9446
9687
9447
9688
9448
9689
9449
9690
9450
9691
9451
9692
9452
9693
9453
9694
9454
9695
9455
9696
9456
9697
9457
9698
9458
9699
9459
9700
9460
9701
9461
9702
9462
9703
9463
9704
9464
9705
9465
9706
9466
9707
9467
9708
9468
9709
9469
9710
9470
9711
9471
9712
9472
9713
9473
9714
9474
9715
9475
9716
9476
9717
9477
9718
9478
9719
9479
9720
9480
9721
9481
9722
9482
9723
9483
9724
9484
9725
9485
9726
9486
9727
9487
9728
9488
9729
9489
9730
9490
9731
9491
9732
9492
9733
9493
9734
9494
9735
9495
9736
9496
9737
9497
9738
9498
9739
9499
9740
9500
9741
9501
9742
9502
9743
9503
9744
9504
9745
9505
9746
9506
9747
9507
9748
9508
9749
9509
9750
9510
9751
9511
9752
9512
9753
9513
9754
9514
9755
9515
9756
9516
9757
9517
9758
9518
9759
9519
9760
9520
9761
9521
9762
9522
9763
9523
9764
9524
9765
9525
9766
9526
9767
9527
9768
9528
9769
9529
9770
9530
9771
9531
9772
9532
9773
9533
9774
9534
9775
9535
9776
9536
9777
9537
9778
9538
9779
9539
9780
9540
9781
9541
9782
9542
9783
9543
9784
9544
9785
9545
9786
9546
9787
9547
9788
9548
9789
9549
9790
9550
9791
9551
9792
9552
9793
9553
9794
9554
9795
9555
9796
9556
9797
9557
9798
9558
9799
9559
9800
9560
9801
9561
9802
9562
9803
9563
9804
9564
9805
9565
9806
9566
9807
9567
9808
9568
9809
9569
9810
9570
9811
9571
9812
9572
9813
9573
9814
9574
9815
9575
9816
9576
9817
9577
9818
9578
9819
9579
9820
9580
9821
9581
9822
9582
9823
9583
9824
9584
9825
9585
9826
9586
9827
9587
9828
9588
9829
9589
9830
9590
9831
9591
9832
9592
9833
9593
9834
9594
9835
9595
9836
9596
9837
9597
9838
9598
9839
9599
9840
9600
9841
9601
9842
9602
9843
9603
9844
9604
9845
9605
9846
9606
9847
9607
9848
9608
9849
9609
9850
9610
9851
9611
9852
9612
9853
9613
9854
9614
9855
9615
9856
9616
9857
9617
9858
9618
9859
9619
9860
9620
9861
9621
9862
9622
9863
9623
9864
9624
9865
9625
9866
9626
9867
9627
9868
9628
9869
9629
9870
9630
9871
9631
9872
9632
9873
9633
9874
9634
9875
9635
9876
9636
9877
9637
9878
9638
9879
9639
9880
9640
9881
9641
9882
9642
9883
9643
9884
9644
9885
9645
9886
9646
9887
9647
9888
9648
9889
9649
9890
9650
9891
9651
9892
9652
9893
9653
9894
9654
9895
9655
9896
9656
9897
9657
9898
9658
9899
9659
9900
9660
9901
9661
9902
9662
9903
9663
9904
9664
9905
9665
9906
9666
9907
9667
9908
9668
9909
9669
9910
9670
9911
9671
9912
9672
9913
9673
9914
9674
9915
9675
9916
9676
9917
9677
9918
9678
9919
9679
9920
9680
9921
9681
9922
9682
9923
9683
9924
9684
9925
9685
9926
9686
9927
9687
9928
9688
9929
9689
9930
9690
9931
9691
9932
9692
9933
9693
9934
9694
9935
9695
9936
9696
9937
9697
9938
9698
9939
9699
9940
9700
9941
9701
9942
9702
9943
9703
9944
9704
9945
9705
9946
9706
9947
9707
9948
9708
9949
9709
9950
9710
9951
9711
9952
9712
9953
9713
9954
9714
9955
9715
9956
9716
9957
9717
9958
9718
9959
9719
9960
9720
9961
9721
9962
9722
9963
9723
9964
9724
9965
9725
9966
9726
9967
9727
9968
9728
9969
9729
9970
9730
9971
9731
9972
9732
9973
9733
9974
9734
9975
9735
9976
9736
9977
9737
9978
9738
9979
9739
9980
9740
9981
9741
9982
9742
9983
9743
9984
9744
9985
9745
9986
9746
9987
9747
9988
9748
9989
9749
9990
9750
9991
9751
9992
9752
9993
9753
9994
9754
9995
9755
9996
9756
9997
9757
9998
9758
9999
9759
10000
9760
10001
9761
10002
9762
10003
9763
10004
9764
10005
9765
10006
9766
10007
9767
10008
9768
10009
9769
10010
9770
10011
9771
10012
9772
10013
9773
10014
9774
10015
9775
10016
9776
10017
9777
10018
9778
10019
9779
10020
9780
10021
9781
10022
9782
10023
9783
10024
9784
10025
9785
10026
9786
10027
9787
10028
9788
10029
9789
10030
9790
10031
9791
10032
9792
10033
9793
10034
9794
10035
9795
10036
9796
10037
9797
10038
9798
10039
9799
10040
9800
10041
9801
10042
9802
10043
9803
10044
9804
10045
9805
10046
9806
10047
9807
10048
9808
10049
9809
10050
9810
10051
9811
10052
9812
10053
9813
10054
9814
10055
9815
10056
9816
10057
9817
10058
9818
10059
9819
10060
9820
10061
9821
10062
9822
10063
9823
10064
9824
10065
9825
10066
9826
10067
9827
10068
9828
10069
9829
10070
9830
10071
9831
10072
9832
10073
9833
10074
9834
10075
9835
10076
9836
10077
9837
10078
9838
10079
9839
10080
9840
10081
9841
10082
9842
10083
9843
10084
9844
10085
9845
10086
9846
10087
9847
10088
9848
10089
9849
10090
9850
10091
9851
10092
9852
10093
9853
10094
9854
10095
9855
10096
9856
10097
9857
10098
9858
10099
9859
10100
9860
10101
9861
10102
9862
10103
9863
10104
9864
10105
9865
10106
9866
10107
9867
10108
9868
10109
9869
10110
9870
10111
9871
10112
9872
10113
9873
10114
9874
10115
9875
10116
9876
10117
9877
10118
9878
10119
9879
10120
9880
10121
9881
10122
9882
10123
9883
10124
9884
10125
9885
10126
9886
10127
9887
10128
9888
10129
9889
10130
9890
10131
9891
10132
9892
10133
9893
10134
9894
10135
9895
10136
9896
10137
9897
10138
9898
10139
9899
10140
9900
10141
9901
10142
9902
10143
9903
10144
9904
10145
9905
10146
9906
10147
9907
10148
9908
10149
9909
10150
9910
10151
9911
10152
9912
10153
9913
10154
9914
10155
9915
10156
9916
10157
9917
10158
9918
10159
9919
10160
9920
10161
9921
10162
9922
10163
9923
10164
9924
10165
9925
10166
9926
10167
9927
10168
9928
10169
9929
10170
9930
10171
9931
10172
9932
10173
9933
10174
9934
10175
9935
10176
9936
10177
9937
10178
9938
10179
9939
10180
9940
10181
9941
10182
9942
10183
9943
10184
9944
10185
9945
10186
9946
10187
9947
10188
9948
10189
9949
10190
9950
10191
9951
10192
9952
10193
9953
10194
9954
10195
9955
10196
9956
10197
9957
10198
9958
10199
9959
10200
9960
10201
9961
10202
9962
10203
9963
10204
9964
10205
9965
10206
9966
10207
9967
10208
9968
10209
9969
10210
9970
10211
9971
10212
9972
10213
9973
10214
9974
10215
9975
10216
9976
10217
9977
10218
9978
10219
9979
10220
9980
10221
9981
10222
9982
10223
9983
10224
9984
10225
9985
10226
9986
10227
9987
10228
9988
10229
9989
10230
9990
10231
9991
10232
9992
10233
9993
10234
9994
10235
9995
10236
9996
10237
9997
10238
9998
10239
9999
10240
10000
10241
10001
10242
10002
10243
10003
10244
10004
10245
10005
10246
10006
10247
10007
10248
10008
10249
10009
10250
10010
10251
10011
10252
10012
10253
10013
10254
10014
10255
10015
10256
10016
10257
10017
10258
10018
10259
10019
10260
10020
10261
10021
10262
10022
10263
10023
10264
10024
10265
10025
10266
10026
10267
10027
10268
10028
10269
10029
10270
10030
10271
10031
10272
10032
10273
10033
10274
10034
10275
10035
10276
10036
10277
10037
10278
10038
10279
10039
10280
10040
10281
10041
10282
10042
10283
10043
10284
10044
10285
10045
10286
10046
10287
10047
10288
10048
10289
10049
10290
10050
10291
10051
10292
10052
10293
10053
10294
10054
10295
10055
10296
10056
10297
10057
10298
10058
10299
10059
10300
10060
10301
10061
10302
10062
10303
10063
10304
10064
10305
10065
10306
10066
10307
10067
10308
10068
10309
10069
10310
10070
10311
10071
10312
10072
10313
10073
10314
10074
10315
10075
10316
10076
10317
10077
10318
10078
10319
10079
10320
10080
10321
10081
10322
10082
10323
10083
10324
10084
10325
10085
10326
10086
10327
10087
10328
10088
10329
10089
10330
10090
10331
10091
10332
10092
10333
10093
10334
10094
10335
10095
10336
10096
10337
10097
10338
10098
10339
10099
10340
10100
10341
10101
10342
10102
10343
10103
10344
10104
10345
10105
10346
10106
10347
10107
10348
10108
10349
10109
10350
10110
10351
10111
10352
10112
10353
10113
10354
10114
10355
10115
10356
10116
10357
10117
10358
10118
10359
10119
10360
10120
10361
10121
10362
10122
10363
10123
10364
10124
10365
10125
10366
10126
10367
10127
10368
10128
10369
10129
10370
10130
10371
10131
10372
10132
10373
10133
10374
10134
10375
10135
10376
10136
10377
10137
10378
10138
10379
10139
10380
10140
10381
10141
10382
10142
10383
10143
10384
10144
10385
10145
10386
10146
10387
10147
10388
10148
10389
10149
10390
10150
10391
10151
10392
10152
10393
10153
10394
10154
10395
10155
10396
10156
10397
10157
10398
10158
10399
10159
10400
10160
10401
10161
10402
10162
10403
10163
10404
10164
10405
10165
10406
10166
10407
10167
10408
10168
10409
10169
10410
10170
10411
10171
10412
10172
10413
10173
10414
10174
10415
10175
10416
10176
10417
10177
10418
10178
10419
10179
10420
10180
10421
10181
10422
10182
10423
10183
10424
10184
10425
10185
10426
10186
10427
10187
10428
10188
10429
10189
10430
10190
10431
10191
10432
10192
10433
10193
10434
10194
10435
10195
10436
10196
10437
10197
10438
10198
10439
10199
10440
10200
10441
10201
10442
10202
10443
10203
10444
10204
10445
10205
10446
10206
10447
10207
10448
10208
10449
10209
10450
10210
10451
10211
10452
10212
10453
10213
10454
10214
10455
10215
10456
10216
10457
10217
10458
10218
10459
10219
10460
10220
10461
10221
10462
10222
10463
10223
10464
10224
10465
10225
10466
10226
10467
10227
10468
10228
10469
10229
10470
10230
10471
10231
10472
10232
10473
10233
10474
10234
10475
10235
10476
10236
10477
10237
10478
10238
10479
10239
10480
10240
10481
10241
10482
10242
10483
10243
10484
10244
10485
10245
10486
10246
10487
10247
10488
10248
10489
10249
10490
10250
10491
10251
10492
10252
10493
10253
10494
10254
10495
10255
10496
10256
10497
10257
10498
10258
10499
10259
10500
10260
10501
10261
10502
10262
10503
10263
10504
10264
10505
10265
10506
10266
10507
10267
10508
10268
10509
10269
10510
10270
10511
10271
10512
10272
10513
10273
10514
10274
10515
10275
10516
10276
10517
10277
10518
10278
10519
10279
10520
10280
10521
10281
10522
10282
10523
10283
10524
10284
10525
10285
10526
10286
10527
10287
10528
10288
10529
10289
10530
10290
10531
10291
10532
10292
10533
10293
10534
10294
10535
10295
10536
10296
10537
10297
10538
10298
10539
10299
10540
10300
10541
10301
10542
10302
10543
10303
10544
10304
10545
10305
10546
10306
10547
10307
10548
10308
10549
10309
10550
10310
10551
10311
10552
10312
10553
10313
10554
10314
10555
10315
10556
10316
10557
10317
10558
10318
10559
10319
10560
10320
10561
10321
10562
10322
10563
10323
10564
10324
10565
10325
10566
10326
10567
10327
10568
10328
10569
10329
10570
10330
10571
10331
10572
10332
10573
10333
10574
10334
10575
10335
10576
10336
10577
10337
10578
10338
10579
10339
10580
10340
10581
10341
10582
10342
10583
10343
10584
10344
10585
10345
10586
10346
10587
10347
10588
10348
10589
10349
10590
10350
10591
10351
10592
10352
10593
10353
10594
10354
10595
10355
10596
10356
10597
10357
10598
10358
10599
10359
10600
10360
10601
10361
10602
10362
10603
10363
10604
10364
10605
10365
10606
10366
10607
10367
10608
10368
10609
10369
10610
10370
10611
10371
10612
10372
10613
10373
10614
10374
10615
10375
10616
10376
10617
10377
10618
10378
10619
10379
10620
10380
10621
10381
10622
10382
10623
10383
10624
10384
10625
10385
10626
10386
10627
10387
10628
10388
10629
10389
10630
10390
10631
10391
10632
10392
10633
10393
10634
10394
10635
10395
10636
10396
10637
10397
10638
10398
10639
10399
10640
10400
10641
10401
10642
10402
10643
10403
10644
10404
10645
10405
10646
10406
10647
10407
10648
10408
10649
10409
10650
10410
10651
10411
10652
10412
10653
10413
10654
10414
10655
10415
10656
10416
10657
10417
10658
10418
10659
10419
10660
10420
10661
10421
10662
10422
10663
10423
10664
10424
10665
10425
10666
10426
10667
10427
10668
10428
10669
10429
10670
10430
10671
10431
10672
10432
10673
10433
10674
10434
10675
10435
10676
10436
10677
10437
10678
10438
10679
10439
10680
10440
10681
10441
10682
10442
10683
10443
10684
10444
10685
10445
10686
10446
10687
10447
10688
10448
10689
10449
10690
10450
10691
10451
10692
10452
10693
10453
10694
10454
10695
10455
10696
10456
10697
10457
10698
10458
10699
10459
10700
10460
10701
10461
10702
10462
10703
10463
10704
10464
10705
10465
10706
10466
10707
10467
10708
10468
10709
10469
10710
10470
10711
10471
10712
10472
10713
10473
10714
10474
10715
10475
10716
10476
10717
10477
10718
10478
10719
10479
10720
10480
10721
10481
10722
10482
10723
10483
10724
10484
10725
10485
10726
10486
10727
10487
10728
10488
10729
10489
10730
10490
10731
10491
10732
10492
10733
10493
10734
10494
10735
10495
10736
10496
10737
10497
10738
10498
10739
10499
10740
10500
10741
10501
10742
10502
10743
10503
10744
10504
10745
10505
10746
10506
10747
10507
10748
10508
10749
10509
10750
10510
10751
10511
10752
10512
10753
10513
10754
10514
10755
10515
10756
10516
10757
10517
10758
10518
10759
10519
10760
10520
10761
10521
10762
10522
10763
10523
10764
10524
10765
10525
10766
10526
10767
10527
10768
10528
10769
10529
10770
10530
10771
10531
10772
10532
10773
10533
10774
10534
10775
10535
10776
10536
10777
10537
10778
10538
10779
10539
10780
10540
10781
10541
10782
10542
10783
10543
10784
10544
10785
10545
10786
10546
10787
10547
10788
10548
10789
10549
10790
10550
10791
10551
10792
10552
10793
10553
10794
10554
10795
10555
10796
10556
10797
10557
10798
10558
10799
10559
10800
10560
10801
10561
10802
10562
10803
10563
10804
10564
10805
10565
10806
10566
10807
10567
10808
10568
10809
10569
10810
10570
10811
10571
10812
10572
10813
10573
10814
10574
10815
10575
10816
10576
10817
10577
10818
10578
10819
10579
10820
10580
10821
10581
10822
10582
10823
10583
10824
10584
10825
10585
10826
10586
10827
10587
10828
10588
10829
10589
10830
10590
10831
10591
10832
10592
10833
10593
10834
10594
10835
10595
10836
10596
10837
10597
10838
10598
10839
10599
10840
10600
10841
10601
10842
10602
10843
10603
10844
10604
10845
10605
10846
10606
10847
10607
10848
10608
10849
10609
10850
10610
10851
10611
10852
10612
10853
10613
10854
10614
10855
10615
10856
10616
10857
10617
10858
10618
10859
10619
10860
10620
10861
10621
10862
10622
10863
10623
10864
10624
10865
10625
10866
10626
10867
10627
10868
10628
10869
10629
10870
10630
10871
10631
10872
10632
10873
10633
10874
10634
10875
10635
10876
10636
10877
10637
10878
10638
10879
10639
10880
10640
10881
10641
10882
10642
10883
10643
10884
10644
10885
10645
10886
10646
10887
10647
10888
10648
10889
10649
10890
10650
10891
10651
10892
10652
10893
10653
10894
10654
10895
10655
10896
10656
10897
10657
10898
10658
10899
10659
10900
10660
10901
10661
10902
10662
10903
10663
10904
10664
10905
10665
10906
10666
10907
10667
10908
10668
10909
10669
10910
10670
10911
10671
10912
10672
10913
10673
10914
10674
10915
10675
10916
10676
10917
10677
10918
10678
10919
10679
10920
10680
10921
10681
10922
10682
10923
10683
10924
10684
10925
10685
10926
10686
10927
10687
10928
10688
10929
10689
10930
10690
10931
10691
10932
10692
10933
10693
10934
10694
10935
10695
10936
10696
10937
10697
10938
10698
10939
10699
10940
10700
10941
10701
10942
10702
10943
10703
10944
10704
10945
10705
10946
10706
10947
10707
10948
10708
10949
10709
10950
10710
10951
10711
10952
10712
10953
10713
10954
10714
10955
10715
10956
10716
10957
10717
10958
10718
10959
10719
10960
10720
10961
10721
10962
10722
10963
10723
10964
10724
10965
10725
10966
10726
10967
10727
10968
10728
10969
10729
10970
10730
10971
10731
10972
10732
10973
10733
10974
10734
10975
10735
10976
10736
10977
10737
10978
10738
10979
10739
10980
10740
10981
10741
10982
10742
10983
10743
10984
10744
10985
10745
10986
10746
10987
10747
10988
10748
10989
10749
10990
10750
10991
10751
10992
10752
10993
10753
10994
10754
10995
10755
10996
10756
10997
10757
10998
10758
10999
10759
11000
10760
11001
10761
11002
10762
11003
10763
11004
10764
11005
10765
11006
10766
11007
10767
11008
10768
11009
10769
11010
10770
11011
10771
11012
10772
11013
10773
11014
10774
11015
10775
11016
10776
11017
10777
11018
10778
11019
10779
11020
10780
11021
10781
11022
10782
11023
10783
11024
10784
11025
10785
11026
10786
11027
10787
11028
10788
11029
10789
11030
10790
11031
10791
11032
10792
11033
10793
11034
10794
11035
10795
11036
10796
11037
10797
11038
10798
11039
10799
11040
10800
11041
10801
11042
10802
11043
10803
11044
10804
11045
10805
11046
10806
11047
10807
11048
10808
11049
10809
11050
10810
11051
10811
11052
10812
11053
10813
11054
10814
11055
10815
11056
10816
11057
10817
11058
10818
11059
10819
11060
10820
11061
10821
11062
10822
11063
10823
11064
10824
11065
10825
11066
10826
11067
10827
11068
10828
11069
10829
11070
10830
11071
10831
11072
10832
11073
10833
11074
10834
11075
10835
11076
10836
11077
10837
11078
10838
11079
10839
11080
10840
11081
10841
11082
10842
11083
10843
11084
10844
11085
10845
11086
10846
11087
10847
11088
10848
11089
10849
11090
10850
11091
10851
11092
10852
11093
10853
11094
10854
11095
10855
11096
10856
11097
10857
11098
10858
11099
10859
11100
10860
11101
10861
11102
10862
11103
10863
11104
10864
11105
10865
11106
10866
11107
10867
11108
10868
11109
10869
11110
10870
11111
10871
11112
10872
11113
10873
11114
10874
11115
10875
11116
10876
11117
10877
11118
10878
11119
10879
11120
10880
11121
10881
11122
10882
11123
10883
11124
10884
11125
10885
11126
10886
11127
10887
11128
10888
11129
10889
11130
10890
11131
10891
11132
10892
11133
10893
11134
10894
11135
10895
11136
10896
11137
10897
11138
10898
11139
10899
11140
10900
11141
10901
11142
10902
11143
10903
11144
10904
11145
10905
11146
10906
11147
10907
11148
10908
11149
10909
11150
10910
11151
10911
11152
10912
11153
10913
11154
10914
11155
10915
11156
10916
11157
10917
11158
10918
11159
10919
11160
10920
11161
10921
11162
10922
11163
10923
11164
10924
11165
10925
11166
10926
11167
10927
11168
10928
11169
10929
11170
10930
11171
10931
11172
10932
11173
10933
11174
10934
11175
10935
11176
10936
11177
10937
11178
10938
11179
10939
11180
10940
11181
10941
11182
10942
11183
10943
11184
10944
11185
10945
11186
10946
11187
10947
11188
10948
11189
10949
11190
10950
11191
10951
11192
10952
11193
10953
11194
10954
11195
10955
11196
10956
11197
10957
11198
10958
11199
10959
11200
10960
11201
10961
11202
10962
11203
10963
11204
10964
11205
10965
11206
10966
11207
10967
11208
10968
11209
10969
11210
10970
11211
10971
11212
10972
11213
10973
11214
10974
11215
10975
11216
10976
11217
10977
11218
10978
11219
10979
11220
10980
11221
10981
11222
10982
11223
10983
11224
10984
11225
10985
11226
10986
11227
10987
11228
10988
11229
10989
11230
10990
11231
10991
11232
10992
11233
10993
11234
10994
11235
10995
11236
10996
11237
10997
11238
10998
11239
10999
11240
11000
11241
11001
11242
11002
11243
11003
11244
11004
11245
11005
11246
11006
11247
11007
11248
11008
11249
11009
11250
11010
11251
11011
11252
11012
11253
11013
11254
11014
11255
11015
11256
11016
11257
11017
11258
11018
11259
11019
11260
11020
11261
11021
11262
11022
11263
11023
11264
11024
11265
11025
11266
11026
11267
11027
11268
11028
11269
11029
11270
11030
11271
11031
11272
11032
11273
11033
11274
11034
11275
11035
11276
11036
11277
11037
11278
11038
11279
11039
11280
11040
11281
11041
11282
11042
11283
11043
11284
11044
11285
11045
11286
11046
11287
11047
11288
11048
11289
11049
11290
11050
11291
11051
11292
11052
11293
11053
11294
11054
11295
11055
11296
11056
11297
11057
11298
11058
11299
11059
11300
11060
11301
11061
11302
11062
11303
11063
11304
11064
11305
11065
11306
11066
11307
11067
11308
11068
11309
11069
11310
11070
11311
11071
11312
11072
11313
11073
11314
11074
11315
11075
11316
11076
11317
11077
11318
11078
11319
11079
11320
11080
11321
11081
11322
11082
11323
11083
11324
11084
11325
11085
11326
11086
11327
11087
11328
11088
11329
11089
11330
11090
11331
11091
11332
11092
11333
11093
11334
11094
11335
11095
11336
11096
11337
11097
11338
11098
11339
11099
11340
11100
11341
11101
11342
11102
11343
11103
11344
11104
11345
11105
11346
11106
11347
11107
11348
11108
11349
11109
11350
11110
11351
11111
11352
11112
11353
11113
11354
11114
11355
11115
11356
11116
11357
11117
11358
11118
11359
11119
11360
11120
11361
11121
11362
11122
11363
11123
11364
11124
11365
11125
11366
11126
11367
11127
11368
11128
11369
11129
11370
11130
11371
11131
11372
11132
11373
11133
11374
11134
11375
11135
11376
11136
11377
11137
11378
11138
11379
11139
11380
11140
11381
11141
11382
11142
11383
11143
11384
11144
11385
11145
11386
11146
11387
11147
11388
11148
11389
11149
11390
11150
11391
11151
11392
11152
11393
11153
11394
11154
11395
11155
11396
11156
11397
11157
11398
11158
11399
11159
11400
11160
11401
11161
11402
11162
11403
11163
11404
11164
11405
11165
11406
11166
11407
11167
11408
11168
11409
11169
11410
11170
11411
11171
11412
11172
11413
11173
11414
11174
11415
11175
11416
11176
11417
11177
11418
11178
11419
11179
11420
11180
11421
11181
11422
11182
11423
11183
11424
11184
11425
11185
11426
11186
11427
11187
11428
11188
11429
11189
11430
11190
11431
11191
11432
11192
11433
11193
11434
11194
11435
11195
11436
11196
11437
11197
11438
11198
11439
11199
11440
11200
11441
11201
11442
11202
11443
11203
11444
11204
11445
11205
11446
11206
11447
11207
11448
11208
11449
11209
11450
11210
11451
11211
11452
11212
11453
11213
11454
11214
11455
11215
11456
11216
11457
11217
11458
11218
11459
11219
11460
11220
11461
11221
11462
11222
11463
11223
11464
11224
11465
11225
11466
11226
11467
11227
11468
11228
11469
11229
11470
11230
11471
11231
11472
11232
11473
11233
11474
11234
11475
11235
11476
11236
11477
11237
11478
11238
11479
11239
11480
11240
11481
11241
11482
11242
11483
11243
11484
11244
11485
11245
11486
11246
11487
11247
11488
11248
11489
11249
11490
11250
11491
11251
11492
11252
11493
11253
11494
11254
11495
11255
11496
11256
11497
11257
11498
11258
11499
11259
11500
11260
11501
11261
11502
11262
11503
11263
11504
11264
11505
11265
11506
11266
11507
11267
11508
11268
11509
11269
11510
11270
11511
11271
11512
11272
11513
11273
11514
11274
11515
11275
11516
11276
11517
11277
11518
11278
11519
11279
11520
11280
11521
11281
11522
11282
11523
11283
11524
11284
11525
11285
11526
11286
11527
11287
11528
11288
11529
11289
11530
11290
11531
11291
11532
11292
11533
11293
11534
11294
11535
11295
11536
11296
11537
11297
11538
11298
11539
11299
11540
11300
11541
11301
11542
11302
11543
11303
11544
11304
11545
11305
11546
11306
11547
11307
11548
11308
11549
11309
11550
11310
11551
11311
11552
11312
11553
11313
11554
11314
11555
11315
11556
11316
11557
11317
11558
11318
11559
11319
11560
11320
11561
11321
11562
11322
11563
11323
11564
11324
11565
11325
11566
11326
11567
11327
11568
11328
11569
11329
11570
11330
11571
11331
11572
11332
11573
11333
11574
11334
11575
11335
11576
11336
11577
11337
11578
11338
11579
11339
11580
11340
11581
11341
11582
11342
11583
11343
11584
11344
11585
11345
11586
11346
11587
11347
11588
11348
11589
11349
11590
11350
11591
11351
11592
11352
11593
11353
11594
11354
11595
11355
11596
11356
11597
11357
11598
11358
11599
11359
11600
11360
11601
11361
11602
11362
11603
11363
11604
11364
11605
11365
11606
11366
11607
11367
11608
11368
11609
11369
11610
11370
11611
11371
11612
11372
11613
11373
11614
11374
11615
11375
11616
11376
11617
11377
11618
11378
11619
11379
11620
11380
11621
11381
11622
11382
11623
11383
11624
11384
11625
11385
11626
11386
11627
11387
11628
11388
11629
11389
11630
11390
11631
11391
11632
11392
11633
11393
11634
11394
11635
11395
11636
11396
11637
11397
11638
11398
11639
11399
11640
11400
11641
11401
11642
11402
11643
11403
11644
11404
11645
11405
11646
11406
11647
11407
11648
11408
11649
11409
11650
11410
11651
11411
11652
11412
11653
11413
11654
11414
11655
11415
11656
11416
11657
11417
11658
11418
11659
11419
11660
11420
11661
11421
11662
11422
11663
11423
11664
11424
11665
11425
11666
11426
11667
11427
11668
11428
11669
11429
11670
11430
11671
11431
11672
11432
11673
11433
11674
11434
11675
11435
11676
11436
11677
11437
11678
11438
11679
11439
11680
11440
11681
11441
11682
11442
11683
11443
11684
11444
11685
11445
11686
11446
11687
11447
11688
11448
11689
11449
11690
11450
11691
11451
11692
11452
11693
11453
11694
11454
11695
11455
11696
11456
11697
11457
11698
11458
11699
11459
11700
11460
11701
11461
11702
11462
11703
11463
11704
11464
11705
11465
11706
11466
11707
11467
11708
11468
11709
11469
11710
11470
11711
11471
11712
11472
11713
11473
11714
11474
11715
11475
11716
11476
11717
11477
11718
11478
11719
11479
11720
11480
11721
11481
11722
11482
11723
11483
11724
11484
11725
11485
11726
11486
11727
11487
11728
11488
11729
11489
11730
11490
11731
11491
11732
11492
11733
11493
11734
11494
11735
11495
11736
11496
11737
11497
11738
11498
11739
11499
11740
11500
11741
11501
11742
11502
11743
11503
11744
11504
11745
11505
11746
11506
11747
11507
11748
11508
11749
11509
11750
11510
11751
11511
11752
11512
11753
11513
11754
11514
11755
11515
11756
11516
11757
11517
11758
11518
11759
11519
11760
11520
11761
11521
11762
11522
11763
11523
11764
11524
11765
11525
11766
11526
11767
11527
11768
11528
11769
11529
11770
11530
11771
11531
11772
11532
11773
11533
11774
11534
11775
11535
11776
11536
11777
11537
11778
11538
11779
11539
11780
11540
11781
11541
11782
11542
11783
11543
11784
11544
11785
11545
11786
11546
11787
11547
11788
11548
11789
11549
11790
11550
11791
11551
11792
11552
11793
11553
11794
11554
11795
11555
11796
11556
11797
11557
11798
11558
11799
11559
11800
11560
11801
11561
11802
11562
11803
11563
11804
11564
11805
11565
11806
11566
11807
11567
11808
11568
11809
11569
11810
11570
11811
11571
11812
11572
11813
11573
11814
11574
11815
11575
11816
11576
11817
11577
11818
11578
11819
11579
11820
11580
11821
11581
11822
11582
11823
11583
11824
11584
11825
11585
11826
11586
11827
11587
11828
11588
11829
11589
11830
11590
11831
11591
11832
11592
11833
11593
11834
11594
11835
11595
11836
11596
11837
11597
11838
11598
11839
11599
11840
11600
11841
11601
11842
11602
11843
11603
11844
11604
11845
11605
11846
11606
11847
11607
11848
11608
11849
11609
11850
11610
11851
11611
11852
11612
11853
11613
11854
11614
11855
11615
11856
11616
11857
11617
11858
11618
11859
11619
11860
11620
11861
11621
11862
11622
11863
11623
11864
11624
11865
11625
11866
11626
11867
11627
11868
11628
11869
11629
11870
11630
11871
11631
11872
11632
11873
11633
11874
11634
11875
11635
11876
11636
11877
11637
11878
11638
11879
11639
11880
11640
11881
11641
11882
11642
11883
11643
11884
11644
11885
11645
11886
11646
11887
11647
11888
11648
11889
11649
11890
11650
11891
11651
11892
11652
11893
11653
11894
11654
11895
11655
11896
11656
11897
11657
11898
11658
11899
11659
11900
11660
11901
11661
11902
11662
11903
11663
11904
11664
11905
11665
11906
11666
11907
11667
11908
11668
11909
11669
11910
11670
11911
11671
11912
11672
11913
11673
11914
11674
11915
11675
11916
11676
11917
11677
11918
11678
11919
11679
11920
11680
11921
11681
11922
11682
11923
11683
11924
11684
11925
11685
11926
11686
11927
11687
11928
11688
11929
11689
11930
11690
11931
11691
11932
11692
11933
11693
11934
11694
11935
11695
11936
11696
11937
11697
11938
11698
11939
11699
11940
11700
11941
11701
11942
11702
11943
11703
11944
11704
11945
11705
11946
11706
11947
11707
11948
11708
11949
11709
11950
11710
11951
11711
11952
11712
11953
11713
11954
11714
11955
11715
11956
11716
11957
11717
11958
11718
11959
11719
11960
11720
11961
11721
11962
11722
11963
11723
11964
11724
11965
11725
11966
11726
11967
11727
11968
11728
11969
11729
11970
11730
11971
11731
11972
11732
11973
11733
11974
11734
11975
11735
11976
11736
11977
11737
11978
11738
11979
11739
11980
11740
11981
11741
11982
11742
11983
11743
11984
11744
11985
11745
11986
11746
11987
11747
11988
11748
11989
11749
11990
11750
11991
11751
11992
11752
11993
11753
11994
11754
11995
11755
11996
11756
11997
11757
11998
11758
11999
11759
12000
11760
12001
11761
12002
11762
12003
11763
12004
11764
12005
11765
12006
11766
12007
11767
12008
11768
12009
11769
12010
11770
12011
11771
12012
11772
12013
11773
12014
11774
12015
11775
12016
11776
12017
11777
12018
11778
12019
11779
12020
11780
12021
11781
12022
11782
12023
11783
12024
11784
12025
11785
12026
11786
12027
11787
12028
11788
12029
11789
12030
11790
12031
11791
12032
11792
12033
11793
12034
11794
12035
11795
12036
11796
12037
11797
12038
11798
12039
11799
12040
11800
12041
11801
12042
11802
12043
11803
12044
11804
12045
11805
12046
11806
12047
11807
12048
11808
12049
11809
12050
11810
12051
11811
12052
11812
12053
11813
12054
11814
12055
11815
12056
11816
12057
11817
12058
11818
12059
11819
12060
11820
12061
11821
12062
11822
12063
11823
12064
11824
12065
11825
12066
11826
12067
11827
12068
11828
12069
11829
12070
11830
12071
11831
12072
11832
12073
11833
12074
11834
12075
11835
12076
11836
12077
11837
12078
11838
12079
11839
12080
11840
12081
11841
12082
11842
12083
11843
12084
11844
12085
11845
12086
11846
12087
11847
12088
11848
12089
11849
12090
11850
12091
11851
12092
11852
12093
11853
12094
11854
12095
11855
12096
11856
12097
11857
12098
11858
12099
11859
12100
11860
12101
11861
12102
11862
12103
11863
12104
11864
12105
11865
12106
11866
12107
11867
12108
11868
12109
11869
12110
11870
12111
11871
12112
11872
12113
11873
12114
11874
12115
11875
12116
11876
12117
11877
12118
11878
12119
11879
12120
11880
12121
11881
12122
11882
12123
11883
12124
11884
12125
11885
12126
11886
12127
11887
12128
11888
12129
11889
12130
11890
12131
11891
12132
11892
12133
11893
12134
11894
12135
11895
12136
11896
12137
11897
12138
11898
12139
11899
12140
11900
12141
11901
12142
11902
12143
11903
12144
11904
12145
11905
12146
11906
12147
11907
12148
11908
12149
11909
12150
11910
12151
11911
12152
11912
12153
11913
12154
11914
12155
11915
12156
11916
12157
11917
12158
11918
12159
11919
12160
11920
12161
11921
12162
11922
12163
11923
12164
11924
12165
11925
12166
11926
12167
11927
12168
11928
12169
11929
12170
11930
12171
11931
12172
11932
12173
11933
12174
11934
12175
11935
12176
11936
12177
11937
12178
11938
12179
11939
12180
11940
12181
11941
12182
11942
12183
11943
12184
11944
12185
11945
12186
11946
12187
11947
12188
11948
12189
11949
12190
11950
12191
11951
12192
11952
12193
11953
12194
11954
12195
11955
12196
11956
12197
11957
12198
11958
12199
11959
12200
11960
12201
11961
12202
11962
12203
11963
12204
11964
12205
11965
12206
11966
12207
11967
12208
11968
12209
11969
12210
11970
12211
11971
12212
11972
12213
11973
12214
11974
12215
11975
12216
11976
12217
11977
12218
11978
12219
11979
12220
11980
12221
11981
12222
11982
12223
11983
12224
11984
12225
11985
12226
11986
12227
11987
12228
11988
12229
11989
12230
11990
12231
11991
12232
11992
12233
11993
12234
11994
12235
11995
12236
11996
12237
11997
12238
11998
12239
11999
12240
12000
12241
12001
12242
12002
12243
12003
12244
12004
12245
12005
12246
12006
12247
12007
12248
12008
12249
12009
12250
12010
12251
12011
12252
12012
12253
12013
12254
12014
12255
12015
12256
12016
12257
12017
12258
12018
12259
12019
12260
12020
12261
12021
12262
12022
12263
12023
12264
12024
12265
12025
12266
12026
12267
12027
12268
12028
12269
12029
12270
12030
12271
12031
12272
12032
12273
12033
12274
12034
12275
12035
12276
12036
12277
12037
12278
12038
12279
12039
12280
12040
12281
12041
12282
12042
12283
12043
12284
12044
12285
12045
12286
12046
12287
12047
12288
12048
12289
12049
12290
12050
12291
12051
12292
12052
12293
12053
12294
12054
12295
12055
12296
12056
12297
12057
12298
12058
12299
12059
12300
12060
12301
12061
12302
12062
12303
12063
12304
12064
12305
12065
12306
12066
12307
12067
12308
12068
12309
12069
12310
12070
12311
12071
12312
12072
12313
12073
12314
12074
12315
12075
12316
12076
12317
12077
12318
12078
12319
12079
12320
12080
12321
12081
12322
12082
12323
12083
12324
12084
12325
12085
12326
12086
12327
12087
12328
12088
12329
12089
12330
12090
12331
12091
12332
12092
12333
12093
12334
12094
12335
12095
12336
12096
12337
12097
12338
12098
12339
12099
12340
12100
12341
12101
12342
12102
12343
12103
12344
12104
12345
12105
12346
12106
12347
12107
12348
12108
12349
12109
12350
12110
12351
12111
12352
12112
12353
12113
12354
12114
12355
12115
12356
12116
12357
12117
12358
12118
12359
12119
12360
12120
12361
12121
12362
12122
12363
12123
12364
12124
12365
12125
12366
12126
12367
12127
12368
12128
12369
12129
12370
12130
12371
12131
12372
12132
12373
12133
12374
12134
12375
12135
12376
12136
12377
12137
12378
12138
12379
12139
12380
12140
12381
12141
12382
12142
12383
12143
12384
12144
12385
12145
12386
12146
12387
12147
12388
12148
12389
12149
12390
12150
12391
12151
12392
12152
12393
12153
12394
12154
12395
12155
12396
12156
12397
12157
12398
12158
12399
12159
12400
12160
12401
12161
12402
12162
12403
12163
12404
12164
12405
12165
12406
12166
12407
12167
12408
12168
12409
12169
12410
12170
12411
12171
12412
12172
12413
12173
12414
12174
12415
12175
12416
12176
12417
12177
12418
12178
12419
12179
12420
12180
12421
12181
12422
12182
12423
12183
12424
12184
12425
12185
12426
12186
12427
12187
12428
12188
12429
12189
12430
12190
12431
12191
12432
12192
12433
12193
12434
12194
12435
12195
12436
12196
12437
12197
12438
12198
12439
12199
12440
12200
12441
12201
12442
12202
12443
12203
12444
12204
12445
12205
12446
12206
12447
12207
12448
12208
12449
12209
12450
12210
12451
12211
12452
12212
12453
12213
12454
12214
12455
12215
12456
12216
12457
12217
12458
12218
12459
12219
12460
12220
12461
12221
12462
12222
12463
12223
12464
12224
12465
12225
12466
12226
12467
12227
12468
12228
12469
12229
12470
12230
12471
12231
12472
12232
12473
12233
12474
12234
12475
12235
12476
12236
12477
12237
12478
12238
12479
12239
12480
12240
12481
12241
12482
12242
12483
12243
12484
12244
12485
12245
12486
12246
12487
12247
12488
12248
12489
12249
12490
12250
12491
12251
12492
12252
12493
12253
12494
12254
12495
12255
12496
12256
12497
12257
12498
12258
12499
12259
12500
12260
12501
12261
12502
12262
12503
12263
12504
12264
12505
12265
12506
12266
12507
12267
12508
12268
12509
12269
12510
12270
12511
12271
12512
12272
12513
12273
12514
12274
12515
12275
12516
12276
12517
12277
12518
12278
12519
12279
12520
12280
12521
12281
12522
12282
12523
12283
12524
12284
12525
12285
12526
12286
12527
12287
12528
12288
12529
12289
12530
12290
12531
12291
12532
12292
12533
12293
12534
12294
12535
12295
12536
12296
12537
12297
12538
12298
12539
12299
12540
12300
12541
12301
12542
12302
12543
12303
12544
12304
12545
12305
12546
12306
12547
12307
12548
12308
12549
12309
12550
12310
12551
12311
12552
12312
12553
12313
12554
12314
12555
12315
12556
12316
12557
12317
12558
12318
12559
12319
12560
12320
12561
12321
12562
12322
12563
12323
12564
12324
12565
12325
12566
12326
12567
12327
12568
12328
12569
12329
12570
12330
12571
12331
12572
12332
12573
12333
12574
12334
12575
12335
12576
12336
12577
12337
12578
12338
12579
12339
12580
12340
12581
12341
12582
12342
12583
12343
12584
12344
12585
12345
12586
12346
12587
12347
12588
12348
12589
12349
12590
12350
12591
12351
12592
12352
12593
12353
12594
12354
12595
12355
12596
12356
12597
12357
12598
12358
12599
12359
12600
12360
12601
12361
12602
12362
12603
12363
12604
12364
12605
12365
12606
12366
12607
12367
12608
12368
12609
12369
12610
12370
12611
12371
12612
12372
12613
12373
12614
12374
12615
12375
12616
12376
12617
12377
12618
12378
12619
12379
12620
12380
12621
12381
12622
12382
12623
12383
12624
12384
12625
12385
12626
12386
12627
12387
12628
12388
12629
12389
12630
12390
12631
12391
12632
12392
12633
12393
12634
12394
12635
12395
12636
12396
12637
12397
12638
12398
12639
12399
12640
12400
12641
12401
12642
12402
12643
12403
12644
12404
12645
12405
12646
12406
12647
12407
12648
12408
12649
12409
12650
12410
12651
12411
12652
12412
12653
12413
12654
12414
12655
12415
12656
12416
12657
12417
12658
12418
12659
12419
12660
12420
12661
12421
12662
12422
12663
12423
12664
12424
12665
12425
12666
12426
12667
12427
12668
12428
12669
12429
12670
12430
12671
12431
12672
12432
12673
12433
12674
12434
12675
12435
12676
12436
12677
12437
12678
12438
12679
12439
12680
12440
12681
12441
12682
12442
12683
12443
12684
12444
12685
12445
12686
12446
12687
12447
12688
12448
12689
12449
12690
12450
12691
12451
12692
12452
12693
12453
12694
12454
12695
12455
12696
12456
12697
12457
12698
12458
12699
12459
12700
12460
12701
12461
12702
12462
12703
12463
12704
12464
12705
12465
12706
12466
12707
12467
12708
12468
12709
12469
12710
12470
12711
12471
12712
12472
12713
12473
12714
12474
12715
12475
12716
12476
12717
12477
12718
12478
12719
12479
12720
12480
12721
12481
12722
12482
12723
12483
12724
12484
12725
12485
12726
12486
12727
12487
12728
12488
12729
12489
12730
12490
12731
12491
12732
12492
12733
12493
12734
12494
12735
12495
12736
12496
12737
12497
12738
12498
12739
12499
12740
12500
12741
12501
12742
12502
12743
12503
12744
12504
12745
12505
12746
12506
12747
12507
12748
12508
12749
12509
12750
12510
12751
12511
12752
12512
12753
12513
12754
12514
12755
12515
12756
12516
12757
12517
12758
12518
12759
12519
12760
12520
12761
12521
12762
12522
12763
12523
12764
12524
12765
12525
12766
12526
12767
12527
12768
12528
12769
12529
12770
12530
12771
12531
12772
12532
12773
12533
12774
12534
12775
12535
12776
12536
12777
12537
12778
12538
12779
12539
12780
12540
12781
12541
12782
12542
12783
12543
12784
12544
12785
12545
12786
12546
12787
12547
12788
12548
12789
12549
12790
12550
12791
12551
12792
12552
12793
12553
12794
12554
12795
12555
12796
12556
12797
12557
12798
12558
12799
12559
12800
12560
12801
12561
12802
12562
12803
12563
12804
12564
12805
12565
12806
12566
12807
12567
12808
12568
12809
12569
12810
12570
12811
12571
12812
12572
12813
12573
12814
12574
12815
12575
12816
12576
12817
12577
12818
12578
12819
12579
12820
12580
12821
12581
12822
12582
12823
12583
12824
12584
12825
12585
12826
12586
12827
12587
12828
12588
12829
12589
12830
12590
12831
12591
12832
12592
12833
12593
12834
12594
12835
12595
12836
12596
12837
12597
12838
12598
12839
12599
12840
12600
12841
12601
12842
12602
12843
12603
12844
12604
12845
12605
12846
12606
12847
12607
12848
12608
12849
12609
12850
12610
12851
12611
12852
12612
12853
12613
12854
12614
12855
12615
12856
12616
12857
12617
12858
12618
12859
12619
12860
12620
12861
12621
12862
12622
12863
12623
12864
12624
12865
12625
12866
12626
12867
12627
12868
12628
12869
12629
12870
12630
12871
12631
12872
12632
12873
12633
12874
12634
12875
12635
12876
12636
12877
12637
12878
12638
12879
12639
12880
12640
12881
12641
12882
12642
12883
12643
12884
12644
12885
12645
12886
12646
12887
12647
12888
12648
12889
12649
12890
12650
12891
12651
12892
12652
12893
12653
12894
12654
12895
12655
12896
12656
12897
12657
12898
12658
12899
12659
12900
12660
12901
12661
12902
12662
12903
12663
12904
12664
12905
12665
12906
12666
12907
12667
12908
12668
12909
12669
12910
12670
12911
12671
12912
12672
12913
12673
12914
12674
12915
12675
12916
12676
12917
12677
12918
12678
12919
12679
12920
12680
12921
12681
12922
12682
12923
12683
12924
12684
12925
12685
12926
12686
12927
12687
12928
12688
12929
12689
12930
12690
12931
12691
12932
12692
12933
12693
12934
12694
12935
12695
12936
12696
12937
12697
12938
12698
12939
12699
12940
12700
12941
12701
12942
12702
12943
12703
12944
12704
12945
12705
12946
12706
12947
12707
12948
12708
12949
12709
12950
12710
12951
12711
12952
12712
12953
12713
12954
12714
12955
12715
12956
12716
12957
12717
12958
12718
12959
12719
12960
12720
12961
12721
12962
12722
12963
12723
12964
12724
12965
12725
12966
12726
12967
12727
12968
12728
12969
12729
12970
12730
12971
12731
12972
12732
12973
12733
12974
12734
12975
12735
12976
12736
12977
12737
12978
12738
12979
12739
12980
12740
12981
12741
12982
12742
12983
12743
12984
12744
12985
12745
12986
12746
12987
12747
12988
12748
12989
12749
12990
12750
12991
12751
12992
12752
12993
12753
12994
12754
12995
12755
12996
12756
12997
12757
12998
12758
12999
12759
13000
12760
13001
12761
13002
12762
13003
12763
13004
12764
13005
12765
13006
12766
13007
12767
13008
12768
13009
12769
13010
12770
13011
12771
13012
12772
13013
12773
13014
12774
13015
12775
13016
12776
13017
12777
13018
12778
13019
12779
13020
12780
13021
12781
13022
12782
13023
12783
13024
12784
13025
12785
13026
12786
13027
12787
13028
12788
13029
12789
13030
12790
13031
12791
13032
12792
13033
12793
13034
12794
13035
12795
13036
12796
13037
12797
13038
12798
13039
12799
13040
12800
13041
12801
13042
12802
13043
12803
13044
12804
13045
12805
13046
12806
13047
12807
13048
12808
13049
12809
13050
12810
13051
12811
13052
12812
13053
12813
13054
12814
13055
12815
13056
12816
13057
12817
13058
12818
13059
12819
13060
12820
13061
12821
13062
12822
13063
12823
13064
12824
13065
12825
13066
12826
13067
12827
13068
12828
13069
12829
13070
12830
13071
12831
13072
12832
13073
12833
13074
12834
13075
12835
13076
12836
13077
12837
13078
12838
13079
12839
13080
12840
13081
12841
13082
12842
13083
12843
13084
12844
13085
12845
13086
12846
13087
12847
13088
12848
13089
12849
13090
12850
13091
12851
13092
12852
13093
12853
13094
12854
13095
12855
13096
12856
13097
12857
13098
12858
13099
12859
13100
12860
13101
12861
13102
12862
13103
12863
13104
12864
13105
12865
13106
12866
13107
12867
13108
12868
13109
12869
13110
12870
13111
12871
13112
12872
13113
12873
13114
12874
13115
12875
13116
12876
13117
12877
13118
12878
13119
12879
13120
12880
13121
12881
13122
12882
13123
12883
13124
12884
13125
12885
13126
12886
13127
12887
13128
12888
13129
12889
13130
12890
13131
12891
13132
12892
13133
12893
13134
12894
13135
12895
13136
12896
13137
12897
13138
12898
13139
12899
13140
12900
13141
12901
13142
12902
13143
12903
13144
12904
13145
12905
13146
12906
13147
12907
13148
12908
13149
12909
13150
12910
13151
12911
13152
12912
13153
12913
13154
12914
13155
12915
13156
12916
13157
12917
13158
12918
13159
12919
13160
12920
13161
12921
13162
12922
13163
12923
13164
12924
13165
12925
13166
12926
13167
12927
13168
12928
13169
12929
13170
12930
13171
12931
13172
12932
13173
12933
13174
12934
13175
12935
13176
12936
13177
12937
13178
12938
13179
12939
13180
12940
13181
12941
13182
12942
13183
12943
13184
12944
13185
12945
13186
12946
13187
12947
13188
12948
13189
12949
13190
12950
13191
12951
13192
12952
13193
12953
13194
12954
13195
12955
13196
12956
13197
12957
13198
12958
13199
12959
13200
12960
13201
12961
13202
12962
13203
12963
13204
12964
13205
12965
13206
12966
13207
12967
13208
12968
13209
12969
13210
12970
13211
12971
13212
12972
13213
12973
13214
12974
13215
12975
13216
12976
13217
12977
13218
12978
13219
12979
13220
12980
13221
12981
13222
12982
13223
12983
13224
12984
13225
12985
13226
12986
13227
12987
13228
12988
13229
12989
13230
12990
13231
12991
13232
12992
13233
12993
13234
12994
13235
12995
13236
12996
13237
12997
13238
12998
13239
12999
13240
13000
13241
13001
13242
13002
13243
13003
13244
13004
13245
13005
13246
13006
13247
13007
13248
13008
13249
13009
13250
13010
13251
13011
13252
13012
13253
13013
13254
13014
13255
13015
13256
13016
13257
13017
13258
13018
13259
13019
13260
13020
13261
13021
13262
13022
13263
13023
13264
13024
13265
13025
13266
13026
13267
13027
13268
13028
13269
13029
13270
13030
13271
13031
13272
13032
13273
13033
13274
13034
13275
13035
13276
13036
13277
13037
13278
13038
13279
13039
13280
13040
13281
13041
13282
13042
13283
13043
13284
13044
13285
13045
13286
13046
13287
13047
13288
13048
13289
13049
13290
13050
13291
13051
13292
13052
13293
13053
13294
13054
13295
13055
13296
13056
13297
13057
13298
13058
13299
13059
13300
13060
13301
13061
13302
13062
13303
13063
13304
13064
13305
13065
13306
13066
13307
13067
13308
13068
13309
13069
13310
13070
13311
13071
13312
13072
13313
13073
13314
13074
13315
13075
13316
13076
13317
13077
13318
13078
13319
13079
13320
13080
13321
13081
13322
13082
13323
13083
13324
13084
13325
13085
13326
13086
13327
13087
13328
13088
13329
13089
13330
13090
13331
13091
13332
13092
13333
13093
13334
13094
13335
13095
13336
13096
13337
13097
13338
13098
13339
13099
13340
13100
13341
13101
13342
13102
13343
13103
13344
13104
13345
13105
13346
13106
13347
13107
13348
13108
13349
13109
13350
13110
13351
13111
13352
13112
13353
13113
13354
13114
13355
13115
13356
13116
13357
13117
13358
13118
13359
13119
13360
13120
13361
13121
13362
13122
13363
13123
13364
13124
13365
13125
13366
13126
13367
13127
13368
13128
13369
13129
13370
13130
13371
13131
13372
13132
13373
13133
13374
13134
13375
13135
13376
13136
13377
13137
13378
13138
13379
13139
13380
13140
13381
13141
13382
13142
13383
13143
13384
13144
13385
13145
13386
13146
13387
13147
13388
13148
13389
13149
13390
13150
13391
13151
13392
13152
13393
13153
13394
13154
13395
13155
13396
13156
13397
13157
13398
13158
13399
13159
13400
13160
13401
13161
13402
13162
13403
13163
13404
13164
13405
13165
13406
13166
13407
13167
13408
13168
13409
13169
13410
13170
13411
13171
13412
13172
13413
13173
13414
13174
13415
13175
13416
13176
13417
13177
13418
13178
13419
13179
13420
13180
13421
13181
13422
13182
13423
13183
13424
13184
13425
13185
13426
13186
13427
13187
13428
13188
13429
13189
13430
13190
13431
13191
13432
13192
13433
13193
13434
13194
13435
13195
13436
13196
13437
13197
13438
13198
13439
13199
13440
13200
13441
13201
13442
13202
13443
13203
13444
13204
13445
13205
13446
13206
13447
13207
13448
13208
13449
13209
13450
13210
13451
13211
13452
13212
13453
13213
13454
13214
13455
13215
13456
13216
13457
13217
13458
13218
13459
13219
13460
13220
13461
13221
13462
13222
13463
13223
13464
13224
13465
13225
13466
13226
13467
13227
13468
13228
13469
13229
13470
13230
13471
13231
13472
13232
13473
13233
13474
13234
13475
13235
13476
13236
13477
13237
13478
13238
13479
13239
13480
13240
13481
13241
13482
13242
13483
13243
13484
13244
13485
13245
13486
13246
13487
13247
13488
13248
13489
13249
13490
13250
13491
13251
13492
13252
13493
13253
13494
13254
13495
13255
13496
13256
13497
13257
13498
13258
13499
13259
13500
13260
13501
13261
13502
13262
13503
13263
13504
13264
13505
13265
13506
13266
13507
13267
13508
13268
13509
13269
13510
13270
13511
13271
13512
13272
13513
13273
13514
13274
13515
13275
13516
13276
13517
13277
13518
13278
13519
13279
13520
13280
13521
13281
13522
13282
13523
13283
13524
13284
13525
13285
13526
13286
13527
13287
13528
13288
13529
13289
13530
13290
13531
13291
13532
13292
13533
13293
13534
13294
13535
13295
13536
13296
13537
13297
13538
13298
13539
13299
13540
13300
13541
13301
13542
13302
13543
13303
13544
13304
13545
13305
13546
13306
13547
13307
13548
13308
13549
13309
13550
13310
13551
13311
13552
13312
13553
13313
13554
13314
13555
13315
13556
13316
13557
13317
13558
13318
13559
13319
13560
13320
13561
13321
13562
13322
13563
13323
13564
13324
13565
13325
13566
13326
13567
13327
13568
13328
13569
13329
13570
13330
13571
13331
13572
13332
13573
13333
13574
13334
13575
13335
13576
13336
13577
13337
13578
13338
13579
13339
13580
13340
13581
13341
13582
13342
13583
13343
13584
13344
13585
13345
13586
13346
13587
13347
13588
13348
13589
13349
13590
13350
13591
13351
13592
13352
13593
13353
13594
13354
13595
13355
13596
13356
13597
13357
13598
13358
13599
13359
13600
13360
13601
13361
13602
13362
13603
13363
13604
13364
13605
13365
13606
13366
13607
13367
13608
13368
13609
13369
13610
13370
13611
13371
13612
13372
13613
13373
13614
13374
13615
13375
13616
13376
13617
13377
13618
13378
13619
13379
13620
13380
13621
13381
13622
13382
13623
13383
13624
13384
13625
13385
13626
13386
13627
13387
13628
13388
13629
13389
13630
13390
13631
13391
13632
13392
13633
13393
13634
13394
13635
13395
13636
13396
13637
13397
13638
13398
13639
13399
13640
13400
13641
13401
13642
13402
13643
13403
13644
13404
13645
13405
13646
13406
13647
13407
13648
13408
13649
13409
13650
13410
13651
13411
13652
13412
13653
13413
13654
13414
13655
13415
13656
13416
13657
13417
13658
13418
13659
13419
13660
13420
13661
13421
13662
13422
13663
13423
13664
13424
13665
13425
13666
13426
13667
13427
13668
13428
13669
13429
13670
13430
13671
13431
13672
13432
13673
13433
13674
13434
13675
13435
13676
13436
13677
13437
13678
13438
13679
13439
13680
13440
13681
13441
13682
13442
13683
13443
13684
13444
13685
13445
13686
13446
13687
13447
13688
13448
13689
13449
13690
13450
13691
13451
13692
13452
13693
13453
13694
13454
13695
13455
13696
13456
13697
13457
13698
13458
13699
13459
13700
13460
13701
13461
13702
13462
13703
13463
13704
13464
13705
13465
13706
13466
13707
13467
13708
13468
13709
13469
13710
13470
13711
13471
13712
13472
13713
13473
13714
13474
13715
13475
13716
13476
13717
13477
13718
13478
13719
13479
13720
13480
13721
13481
13722
13482
13723
13483
13724
13484
13725
13485
13726
13486
13727
13487
13728
13488
13729
13489
13730
13490
13731
13491
13732
13492
13733
13493
13734
13494
13735
13495
13736
13496
13737
13497
13738
13498
13739
13499
13740
13500
13741
13501
13742
13502
13743
13503
13744
13504
13745
13505
13746
13506
13747
13507
13748
13508
13749
13509
13750
13510
13751
13511
13752
13512
13753
13513
13754
13514
13755
13515
13756
13516
13757
13517
13758
13518
13759
13519
13760
13520
13761
13521
13762
13522
13763
13523
13764
13524
13765
13525
13766
13526
13767
13527
13768
13528
13769
13529
13770
13530
13771
13531
13772
13532
13773
13533
13774
13534
13775
13535
13776
13536
13777
13537
13778
13538
13779
13539
13780
13540
13781
13541
13782
13542
13783
13543
13784
13544
13785
13545
13786
13546
13787
13547
13788
13548
13789
13549
13790
13550
13791
13551
13792
13552
13793
13553
13794
13554
13795
13555
13796
13556
13797
13557
13798
13558
13799
13559
13800
13560
13801
13561
13802
13562
13803
13563
13804
13564
13805
13565
13806
13566
13807
13567
13808
13568
13809
13569
13810
13570
13811
13571
13812
13572
13813
13573
13814
13574
13815
13575
13816
13576
13817
13577
13818
13578
13819
13579
13820
13580
13821
13581
13822
13582
13823
13583
13824
13584
13825
13585
13826
13586
13827
13587
13828
13588
13829
13589
13830
13590
13831
13591
13832
13592
13833
13593
13834
13594
13835
13595
13836
13596
13837
13597
13838
13598
13839
13599
13840
13600
13841
13601
13842
13602
13843
13603
13844
13604
13845
13605
13846
13606
13847
13607
13848
13608
13849
13609
13850
13610
13851
13611
13852
13612
13853
13613
13854
13614
13855
13615
13856
13616
13857
13617
13858
13618
13859
13619
13860
13620
13861
13621
13862
13622
13863
13623
13864
13624
13865
13625
13866
13626
13867
13627
13868
13628
13869
13629
13870
13630
13871
13631
13872
13632
13873
13633
13874
13634
13875
13635
13876
13636
13877
13637
13878
13638
13879
13639
13880
13640
13881
13641
13882
13642
13883
13643
13884
13644
13885
13645
13886
13646
13887
13647
13888
13648
13889
13649
13890
13650
13891
13651
13892
13652
13893
13653
13894
13654
13895
13655
13896
13656
13897
13657
13898
13658
13899
13659
13900
13660
13901
13661
13902
13662
13903
13663
13904
13664
13905
13665
13906
13666
13907
13667
13908
13668
13909
13669
13910
13670
13911
13671
13912
13672
13913
13673
13914
13674
13915
13675
13916
13676
13917
13677
13918
13678
13919
13679
13920
13680
13921
13681
13922
13682
13923
13683
13924
13684
13925
13685
13926
13686
13927
13687
13928
13688
13929
13689
13930
13690
13931
13691
13932
13692
13933
13693
13934
13694
13935
13695
13936
13696
13937
13697
13938
13698
13939
13699
13940
13700
13941
13701
13942
13702
13943
13703
13944
13704
13945
13705
13946
13706
13947
13707
13948
13708
13949
13709
13950
13710
13951
13711
13952
13712
13953
13713
13954
13714
13955
13715
13956
13716
13957
13717
13958
13718
13959
13719
13960
13720
13961
13721
13962
13722
13963
13723
13964
13724
13965
13725
13966
13726
13967
13727
13968
13728
13969
13729
13970
13730
13971
13731
13972
13732
13973
13733
13974
13734
13975
13735
13976
13736
13977
13737
13978
13738
13979
13739
13980
13740
13981
13741
13982
13742
13983
13743
13984
13744
13985
13745
13986
13746
13987
13747
13988
13748
13989
13749
13990
13750
13991
13751
13992
13752
13993
13753
13994
13754
13995
13755
13996
13756
13997
13757
13998
13758
13999
13759
14000
13760
14001
13761
14002
13762
14003
13763
14004
13764
14005
13765
14006
13766
14007
13767
14008
13768
14009
13769
14010
13770
14011
13771
14012
13772
14013
13773
14014
13774
14015
13775
14016
13776
14017
13777
14018
13778
14019
13779
14020
13780
14021
13781
14022
13782
14023
13783
14024
13784
14025
13785
14026
13786
14027
13787
14028
13788
14029
13789
14030
13790
14031
13791
14032
13792
14033
13793
14034
13794
14035
13795
14036
13796
14037
13797
14038
13798
14039
13799
14040
13800
14041
13801
14042
13802
14043
13803
14044
13804
14045
13805
14046
13806
14047
13807
14048
13808
14049
13809
14050
13810
14051
13811
14052
13812
14053
13813
14054
13814
14055
13815
14056
13816
14057
13817
14058
13818
14059
13819
14060
13820
14061
13821
14062
13822
14063
13823
14064
13824
14065
13825
14066
13826
14067
13827
14068
13828
14069
13829
14070
13830
14071
13831
14072
13832
14073
13833
14074
13834
14075
13835
14076
13836
14077
13837
14078
13838
14079
13839
14080
13840
14081
13841
14082
13842
14083
13843
14084
13844
14085
13845
14086
13846
14087
13847
14088
13848
14089
13849
14090
13850
14091
13851
14092
13852
14093
13853
14094
13854
14095
13855
14096
13856
14097
13857
14098
13858
14099
13859
14100
13860
14101
13861
14102
13862
14103
13863
14104
13864
14105
13865
14106
13866
14107
13867
14108
13868
14109
13869
14110
13870
14111
13871
14112
13872
14113
13873
14114
13874
14115
13875
14116
13876
14117
13877
14118
13878
14119
13879
14120
13880
14121
13881
14122
13882
14123
13883
14124
13884
14125
13885
14126
13886
14127
13887
14128
13888
14129
13889
14130
13890
14131
13891
14132
13892
14133
13893
14134
13894
14135
13895
14136
13896
14137
13897
14138
13898
14139
13899
14140
13900
14141
13901
14142
13902
14143
13903
14144
13904
14145
13905
14146
13906
14147
13907
14148
13908
14149
13909
14150
13910
14151
13911
14152
13912
14153
13913
14154
13914
14155
13915
14156
13916
14157
13917
14158
13918
14159
13919
14160
13920
14161
13921
14162
13922
14163
13923
14164
13924
14165
13925
14166
13926
14167
13927
14168
13928
14169
13929
14170
13930
14171
13931
14172
13932
14173
13933
14174
13934
14175
13935
14176
13936
14177
13937
14178
13938
14179
13939
14180
13940
14181
13941
14182
13942
14183
13943
14184
13944
14185
13945
14186
13946
14187
13947
14188
13948
14189
13949
14190
13950
14191
13951
14192
13952
14193
13953
14194
13954
14195
13955
14196
13956
14197
13957
14198
13958
14199
13959
14200
13960
14201
13961
14202
13962
14203
13963
14204
13964
14205
13965
14206
13966
14207
13967
14208
13968
14209
13969
14210
13970
14211
13971
14212
13972
14213
13973
14214
13974
14215
13975
14216
13976
14217
13977
14218
13978
14219
13979
14220
13980
14221
13981
14222
13982
14223
13983
14224
13984
14225
13985
14226
13986
14227
13987
14228
13988
14229
13989
14230
13990
14231
13991
14232
13992
14233
13993
14234
13994
14235
13995
14236
13996
14237
13997
14238
13998
14239
13999
14240
14000
14241
14001
14242
14002
14243
14003
14244
14004
14245
14005
14246
14006
14247
14007
14248
14008
14249
14009
14250
14010
14251
14011
14252
14012
14253
14013
14254
14014
14255
14015
14256
14016
14257
14017
14258
14018
14259
14019
14260
14020
14261
14021
14262
14022
14263
14023
14264
14024
14265
14025
14266
14026
14267
14027
14268
14028
14269
14029
14270
14030
14271
14031
14272
14032
14273
14033
14274
14034
14275
14035
14276
14036
14277
14037
14278
14038
14279
14039
14280
14040
14281
14041
14282
14042
14283
14043
14284
14044
14285
14045
14286
14046
14287
14047
14288
14048
14289
14049
14290
14050
14291
14051
14292
14052
14293
14053
14294
14054
14295
14055
14296
14056
14297
14057
14298
14058
14299
14059
14300
14060
14301
14061
14302
14062
14303
14063
14304
14064
14305
14065
14306
14066
14307
14067
14308
14068
14309
14069
14310
14070
14311
14071
14312
14072
14313
14073
14314
14074
14315
14075
14316
14076
14317
14077
14318
14078
14319
14079
14320
14080
14321
14081
14322
14082
14323
14083
14324
14084
14325
14085
14326
14086
14327
14087
14328
14088
14329
14089
14330
14090
14331
14091
14332
14092
14333
14093
14334
14094
14335
14095
14336
14096
14337
14097
14338
14098
14339
14099
14340
14100
14341
14101
14342
14102
14343
14103
14344
14104
14345
14105
14346
14106
14347
14107
14348
14108
14349
14109
14350
14110
14351
14111
14352
14112
14353
14113
14354
14114
14355
14115
14356
14116
14357
14117
14358
14118
14359
14119
14360
14120
14361
14121
14362
14122
14363
14123
14364
14124
14365
14125
14366
14126
14367
14127
14368
14128
14369
14129
14370
14130
14371
14131
14372
14132
14373
14133
14374
14134
14375
14135
14376
14136
14377
14137
14378
14138
14379
14139
14380
14140
14381
14141
14382
14142
14383
14143
14384
14144
14385
14145
14386
14146
14387
14147
14388
14148
14389
14149
14390
14150
14391
14151
14392
14152
14393
14153
14394
14154
14395
14155
14396
14156
14397
14157
14398
14158
14399
14159
14400
14160
14401
14161
14402
14162
14403
14163
14404
14164
14405
14165
14406
14166
14407
14167
14408
14168
14409
14169
14410
14170
14411
14171
14412
14172
14413
14173
14414
14174
14415
14175
14416
14176
14417
14177
14418
14178
14419
14179
14420
14180
14421
14181
14422
14182
14423
14183
14424
14184
14425
14185
14426
14186
14427
14187
14428
14188
14429
14189
14430
14190
14431
14191
14432
14192
14433
14193
14434
14194
14435
14195
14436
14196
14437
14197
14438
14198
14439
14199
14440
14200
14441
14201
14442
14202
14443
14203
14444
14204
14445
14205
14446
14206
14447
14207
14448
14208
14449
14209
14450
14210
14451
14211
14452
14212
14453
14213
14454
14214
14455
14215
14456
14216
14457
14217
14458
14218
14459
14219
14460
14220
14461
14221
14462
14222
14463
14223
14464
14224
14465
14225
14466
14226
14467
14227
14468
14228
14469
14229
14470
14230
14471
14231
14472
14232
14473
14233
14474
14234
14475
14235
14476
14236
14477
14237
14478
14238
14479
14239
14480
14240
14481
14241
14482
14242
14483
14243
14484
14244
14485
14245
14486
14246
14487
14247
14488
14248
14489
14249
14490
14250
14491
14251
14492
14252
14493
14253
14494
14254
14495
14255
14496
14256
14497
14257
14498
14258
14499
14259
14500
14260
14501
14261
14502
14262
14503
14263
14504
14264
14505
14265
14506
14266
14507
14267
14508
14268
14509
14269
14510
14270
14511
14271
14512
14272
14513
14273
14514
14274
14515
14275
14516
14276
14517
14277
14518
14278
14519
14279
14520
14280
14521
14281
14522
14282
14523
14283
14524
14284
14525
14285
14526
14286
14527
14287
14528
14288
14529
14289
14530
14290
14531
14291
14532
14292
14533
14293
14534
14294
14535
14295
14536
14296
14537
14297
14538
14298
14539
14299
14540
14300
14541
14301
14542
14302
14543
14303
14544
14304
14545
14305
14546
14306
14547
14307
14548
14308
14549
14309
14550
14310
14551
14311
14552
14312
14553
14313
14554
14314
14555
14315
14556
14316
14557
14317
14558
14318
14559
14319
14560
14320
14561
14321
14562
14322
14563
14323
14564
14324
14565
14325
14566
14326
14567
14327
14568
14328
14569
14329
14570
14330
14571
14331
14572
14332
14573
14333
14574
14334
14575
14335
14576
14336
14577
14337
14578
14338
14579
14339
14580
14340
14581
14341
14582
14342
14583
14343
14584
14344
14585
14345
14586
14346
14587
14347
14588
14348
14589
14349
14590
14350
14591
14351
14592
14352
14593
14353
14594
14354
14595
14355
14596
14356
14597
14357
14598
14358
14599
14359
14600
14360
14601
14361
14602
14362
14603
14363
14604
14364
14605
14365
14606
14366
14607
14367
14608
14368
14609
14369
14610
14370
14611
14371
14612
14372
14613
14373
14614
14374
14615
14375
14616
14376
14617
14377
14618
14378
14619
14379
14620
14380
14621
14381
14622
14382
14623
14383
14624
14384
14625
14385
14626
14386
14627
14387
14628
14388
14629
14389
14630
14390
14631
14391
14632
14392
14633
14393
14634
14394
14635
14395
14636
14396
14637
14397
14638
14398
14639
14399
14640
14400
14641
14401
14642
14402
14643
14403
14644
14404
14645
14405
14646
14406
14647
14407
14648
14408
14649
14409
14650
14410
14651
14411
14652
14412
14653
14413
14654
14414
14655
14415
14656
14416
14657
14417
14658
14418
14659
14419
14660
14420
14661
14421
14662
14422
14663
14423
14664
14424
14665
14425
14666
14426
14667
14427
14668
14428
14669
14429
14670
14430
14671
14431
14672
14432
14673
14433
14674
14434
14675
14435
14676
14436
14677
14437
14678
14438
14679
14439
14680
14440
14681
14441
14682
14442
14683
14443
14684
14444
14685
14445
14686
14446
14687
14447
14688
14448
14689
14449
14690
14450
14691
14451
14692
14452
14693
14453
14694
14454
14695
14455
14696
14456
14697
14457
14698
14458
14699
14459
14700
14701
14702
14702
14703
14703
14704
14704
14705
14706
14707
14707
14708
14708
14709
14710
14711
14711
14712
14712
14713
14714
14715
14715
14716
14716
14717
14718
14719
14719
14720
14720
14721
14722
14723
14723
14724
14724
14725
14726
14727
14727
14728
14728
14729
14730
14731
14731
14732
14732
14733
14734
14735
14735
14736
14736
14737
14738
14739
14739
14740
14740
14741
14742
14743
14743
14744
14744
14745
14746
14747
14747
14748
14748
14749
14750
14751
14751
14752
14752
14753
14753
14754
14755
14756
14756
14757
14757
14758
14759
14760
14760
14761
14761
14762
14763
14764
14764
14765
14765
14766
14767
14768
14768
14769
14769
14770
14771
14772
14772
14773
14773
14774
14774
14775
14776
14777
14777
14778
14778
14779
14780
14781
14781
14782
14782
14783
14784
14785
14785
14786
14786
14787
14788
14789
14789
14790
14790
14791
14792
14793
14793
14794
14794
14795
14795
14796
14797
14798
14798
14799
14799
14800
14801
14802
14802
14803
14803
14804
14805
14806
14806
14807
14807
14808
14809
14810
14810
14811
14811
14812
14813
14814
14814
14815
14815
14816
14817
14818
14818
14819
14819
14820
14820
14821
14822
14823
14823
14824
14824
14825
14826
14827
14827
14828
14828
14829
14830
14831
14831
14832
14832
14833
14834
14835
14835
14836
14836
14837
14838
14839
14839
14840
14840
14841
14842
14843
14843
14844
14844
14845
14846
14847
14847
14848
14848
14849
14849
14850
14851
14852
14852
14853
14853
14854
14855
14856
14856
14857
14857
14858
14859
14860
14860
14861
14861
14862
14863
14864
14864
14865
14865
14866
14867
14868
14868
14869
14869
14870
14871
14872
14872
14873
14873
14874
14875
14876
14876
14877
14877
14878
14878
14879
14880
14881
14881
14882
14882
14883
14884
14885
14885
14886
14886
14887
14888
14889
14889
14890
14890
14891
14892
14893
14893
14894
14894
14895
14896
14897
14897
14898
14898
14899
14899
14900
14901
14902
14902
14903
14903
14904
14905
14906
14906
14907
14907
14908
14909
14910
14910
14911
14911
14912
14913
14914
14914
14915
14915
14916
14917
14918
14918
14919
14919
14920
14920
14921
14922
14923
14923
14924
14924
14925
14925
14926
14927
14928
14928
14929
14929
14930
14931
14932
14932
14933
14933
14934
14935
14936
14936
14937
14937
14938
14939
14940
14940
14941
14941
14942
14942
14943
14944
14945
14945
14946
14946
14947
14948
14949
14949
14950
14950
14951
14952
14953
14953
14954
14954
14955
14955
14956
14957
14958
14958
14959
14959
14960
14961
14962
14962
14963
14963
14964
14964
14965
14966
14967
14967
14968
14968
14969
14970
14971
14971
14972
14972
14973
14974
14975
14975
14976
14976
14977
14978
14979
14979
14980
14980
14981
14982
14983
14983
14984
14984
14985
14986
14987
14987
14988
14988
14989
14990
14991
14991
14992
14992
14993
14994
14995
14995
14996
14996
14997
14997
14998
14998
14999
14999
15000
15000
15001
15001
15002
15002
15003
15003
15004
15004
15005
15005
15006
15006
15007
15007
15008
15008
15009
15010
15011
15011
15012
15012
15013
15013
15014
15014
15015
15015
15016
15016
15017
15017
15018
15018
15019
15019
15020
15020
15021
15021
15022
15022
15023
15023
15024
15025
15026
15026
15027
15027
15028
15028
15029
15029
15030
15030
15031
15031
15032
15032
15033
15033
15034
15034
15035
15035
15036
15036
15037
15037
15038
15038
15039
15040
15041
15041
15042
15042
15043
15043
15044
15044
15045
15045
15046
15046
15047
15047
15048
15048
15049
15049
15050
15050
15051
15051
15052
15052
15053
15053
15054
15054
15055
15056
15057
15057
15058
15058
15059
15059
15060
15060
15061
15061
15062
15062
15063
15063
15064
15064
15065
15065
15066
15066
15067
15067
15068
15068
15069
15069
15070
15070
15071
15072
15073
15073
15074
15074
15075
15075
15076
15076
15077
15077
15078
15078
15079
15079
15080
15080
15081
15081
15082
15082
15083
15083
15084
15084
15085
15085
15086
15086
15087
15088
15089
15089
15090
15090
15091
15091
15092
15092
15093
15093
15094
15094
15095
15095
15096
15096
15097
15097
15098
15098
15099
15099
15100
15100
15101
15101
15102
15102
15103
15104
15105
15105
15106
15106
15107
15107
15108
15108
15109
15109
15110
15110
15111
15111
15112
15112
15113
15113
15114
15114
15115
15115
15116
15116
15117
15117
15118
15118
15119
15120
15121
15121
15122
15122
15123
15123
15124
15124
15125
15125
15126
15126
15127
15127
15128
15128
15129
15129
15130
15130
15131
15131
15132
15132
15133
15133
15134
15135
15136
15136
15137
15137
15138
15138
15139
15139
15140
15140
15141
15141
15142
15142
15143
15143
15144
15144
15145
15145
15146
15146
15147
15147
15148
15148
15149
15149
15150
15151
15152
15152
15153
15153
15154
15154
15155
15155
15156
15156
15157
15157
15158
15158
15159
15159
15160
15160
15161
15161
15162
15162
15163
15163
15164
15164
15165
15165
15166
15167
15168
15168
15169
15169
15170
15170
15171
15171
15172
15172
15173
15173
15174
15174
15175
15175
15176
15176
15177
15177
15178
15178
15179
15179
15180
15180
15181
15181
15182
15183
15184
15184
15185
15185
15186
15186
15187
15187
15188
15188
15189
15189
15190
15190
15191
15191
15192
15192
15193
15193
15194
15194
15195
15195
15196
15196
15197
15198
15199
15199
15200
15200
15201
15201
15202
15202
15203
15203
15204
15204
15205
15205
15206
15206
15207
15207
15208
15208
15209
15209
15210
15210
15211
15211
15212
15212
15213
15214
15215
15215
15216
15216
15217
15218
15219
15219
15220
15220
15221
15221
15222
15223
15224
15224
15225
15225
15226
15227
15228
15228
15229
15229
15230
15231
15232
15232
15233
15233
15234
15235
15236
15236
15237
15237
15238
15239
15240
15240
15241
15241
15242
15243
15244
15244
15245
15245
15246
15247
15248
15248
15249
15249
15250
15251
15252
15252
15253
15253
15254
15255
15256
15256
15257
15257
15258
15259
15260
15260
15261
15261
15262
15263
15264
15264
15265
15265
15266
15267
15268
15268
15269
15269
15270
15271
15272
15272
15273
15273
15274
15275
15276
15276
15277
15277
15278
15279
15280
15280
15281
15281
15282
15283
15284
15284
15285
15285
15286
15287
15288
15288
15289
15289
15290
15291
15292
15292
15293
15293
15294
15295
15296
15296
15297
15297
15298
15298
15299
15300
15301
15301
15302
15302
15303
15304
15305
15305
15306
15306
15307
15308
15309
15309
15310
15310
15311
15312
15313
15313
15314
15314
15315
15316
15317
15317
15318
15318
15319
15320
15321
15321
15322
15322
15323
15323
15324
15325
15326
15326
15327
15327
15328
15329
15330
15330
15331
15331
15332
15333
15334
15334
15335
15335
15336
15337
15338
15338
15339
15339
15340
15341
15342
15342
15343
15343
15344
15344
15345
15346
15347
15347
15348
15348
15349
15350
15351
15351
15352
15352
15353
15354
15355
15355
15356
15356
15357
15358
15359
15359
15360
15360
15361
15362
15363
15363
15364
15364
15365
15366
15367
15367
15368
15368
15369
15370
15371
15371
15372
15372
15373
15374
15375
15375
15376
15376
15377
15378
15379
15379
15380
15380
15381
15382
15383
15383
15384
15384
15385
15386
15387
15387
15388
15388
15389
15390
15391
15391
15392
15392
15393
15394
15395
15395
15396
15396
15397
15398
15399
15399
15400
15400
15401
15402
15403
15403
15404
15404
15405
15406
15407
15407
15408
15408
15409
15410
15411
15411
15412
15412
15413
15414
15415
15415
15416
15416
15417
15418
15419
15419
15420
15420
15421
15422
15423
15423
15424
15424
15425
15426
15427
15427
15428
15428
15429
15430
15431
15431
15432
15432
15433
15433
15434
15435
15436
15436
15437
15437
15438
15439
15440
15440
15441
15441
15442
15442
15443
15444
15445
15445
15446
15446
15447
15448
15449
15449
15450
15450
15451
15452
15453
15453
15454
15454
15455
15456
15457
15457
15458
15458
15459
15460
15461
15461
15462
15462
15463
15464
15465
15465
15466
15466
15467
15468
15469
15469
15470
15470
15471
15471
15472
15473
15474
15474
15475
15475
15476
15476
15477
15477
15478
15479
15480
15480
15481
15481
15482
15483
15484
15484
15485
15485
15486
15487
15488
15488
15489
15489
15490
15491
15492
15492
15493
15493
15494
15495
15496
15496
15497
15497
15498
15499
15500
15500
15501
15501
15502
15503
15504
15504
15505
15505
15506
15506
15507
15507
15508
15508
15509
15509
15510
15510
15511
15511
15512
15512
15513
15513
15514
15514
15515
15515
15516
15516
15517
15517
15518
15519
15520
15520
15521
15521
15522
15522
15523
15523
15524
15524
15525
15525
15526
15526
15527
15527
15528
15528
15529
15529
15530
15530
15531
15531
15532
15532
15533
15533
15534
15535
15536
15536
15537
15537
15538
15538
15539
15539
15540
15540
15541
15541
15542
15542
15543
15543
15544
15544
15545
15545
15546
15546
15547
15547
15548
15548
15549
15549
15550
15551
15552
15552
15553
15553
15554
15554
15555
15555
15556
15556
15557
15557
15558
15558
15559
15559
15560
15560
15561
15561
15562
15562
15563
15563
15564
15564
15565
15565
15566
15567
15568
15568
15569
15569
15570
15570
15571
15571
15572
15572
15573
15573
15574
15574
15575
15575
15576
15576
15577
15577
15578
15578
15579
15579
15580
15580
15581
15581
15582
15583
15584
15584
15585
15585
15586
15586
15587
15587
15588
15588
15589
15589
15590
15590
15591
15591
15592
15592
15593
15593
15594
15594
15595
15595
15596
15596
15597
15597
15598
15599
15600
15600
15601
15601
15602
15602
15603
15603
15604
15604
15605
15605
15606
15606
15607
15607
15608
15608
15609
15609
15610
15610
15611
15611
15612
15612
15613
15613
15614
15615
15616
15616
15617
15617
15618
15618
15619
15619
15620
15620
15621
15621
15622
15622
15623
15623
15624
15624
15625
15625
15626
15626
15627
15627
15628
15628
15629
15629
15630
15630
15631
15632
15633
15633
15634
15634
15635
15635
15636
15636
15637
15637
15638
15638
15639
15639
15640
15640
15641
15641
15642
15642
15643
15643
15644
15644
15645
15645
15646
15646
15647
15648
15649
15649
15650
15650
15651
15651
15652
15652
15653
15653
15654
15654
15655
15655
15656
15656
15657
15657
15658
15658
15659
15659
15660
15660
15661
15661
15662
15662
15663
15664
15665
15665
15666
15666
15667
15667
15668
15668
15669
15669
15670
15670
15671
15671
15672
15672
15673
15673
15674
15674
15675
15675
15676
15676
15677
15677
15678
15678
15679
15680
15681
15681
15682
15682
15683
15683
15684
15684
15685
15685
15686
15686
15687
15687
15688
15688
15689
15689
15690
15690
15691
15691
15692
15692
15693
15693
15694
15695
15696
15696
15697
15697
15698
15698
15699
15699
15700
15700
15701
15701
15702
15702
15703
15703
15704
15704
15705
15705
15706
15706
15707
15707
15708
15708
15709
15709
15710
15711
15712
15712
15713
15713
15714
15714
15715
15715
15716
15716
15717
15717
15718
15718
15719
15719
15720
15720
15721
15721
15722
15722
15723
15723
15724
15724
15725
15725
15726
15727
15728
15728
15729
15729
15730
15731
15732
15732
15733
15733
15734
15734
15735
15736
15737
15737
15738
15738
15739
15740
15741
15741
15742
15742
15743
15743
15744
15744
15745
15745
15746
15746
15747
15747
15748
15749
15750
15750
15751
15751
15752
15752
15753
15754
15755
15755
15756
15756
15757
15757
15758
15758
15759
15759
15760
15760
15761
15761
15762
15762
15763
15764
15765
15765
15766
15766
15767
15767
15768
15768
15769
15769
15770
15770
15771
15772
15773
15773
15774
15774
15775
15775
15776
15776
15777
15777
15778
15778
15779
15780
15781
15781
15782
15782
15783
15784
15785
15785
15786
15786
15787
15787
15788
15788
15789
15789
15790
15790
15791
15791
15792
15792
15793
15794
15795
15795
15796
15796
15797
15797
15798
15799
15800
15800
15801
15801
15802
15802
15803
15803
15804
15804
15805
15805
15806
15807
15808
15808
15809
15809
15810
15810
15811
15811
15812
15812
15813
15813
15814
15815
15816
15816
15817
15817
15818
15818
15819
15819
15820
15820
15821
15821
15822
15823
15824
15824
15825
15825
15826
15826
15827
15827
15828
15829
15830
15830
15831
15831
15832
15832
15833
15834
15835
15835
15836
15836
15837
15838
15839
15839
15840
15840
15841
15841
15842
15843
15844
15844
15845
15845
15846
15846
15847
15847
15848
15848
15849
15849
15850
15850
15851
15851
15852
15853
15854
15854
15855
15855
15856
15856
15857
15857
15858
15858
15859
15859
15860
15860
15861
15861
15862
15863
15864
15864
15865
15865
15866
15866
15867
15868
15869
15869
15870
15870
15871
15871
15872
15872
15873
15873
15874
15874
15875
15876
15877
15877
15878
15878
15879
15879
15880
15880
15881
15881
15882
15882
15883
15884
15885
15885
15886
15886
15887
15887
15888
15888
15889
15889
15890
15890
15891
15891
15892
15892
15893
15894
15895
15895
15896
15896
15897
15897
15898
15898
15899
15899
15900
15900
15901
15902
15903
15903
15904
15904
15905
15905
15906
15906
15907
15907
15908
15908
15909
15910
15911
15911
15912
15912
15913
15913
15914
15914
15915
15915
15916
15916
15917
15917
15918
15918
15919
15920
15921
15921
15922
15922
15923
15923
15924
15924
15925
15925
15926
15926
15927
15927
15928
15928
15929
15930
15931
15931
15932
15932
15933
15933
15934
15934
15935
15935
15936
15936
15937
15938
15939
15939
15940
15940
15941
15942
15943
15943
15944
15944
15945
15945
15946
15946
15947
15947
15948
15948
15949
15949
15950
15950
15951
15952
15953
15953
15954
15954
15955
15955
15956
15956
15957
15957
15958
15958
15959
15959
15960
15960
15961
15962
15963
15963
15964
15964
15965
15965
15966
15967
15968
15968
15969
15969
15970
15970
15971
15971
15972
15972
15973
15973
15974
15974
15975
15975
15976
15977
15978
15978
15979
15979
15980
15980
15981
15982
15983
15983
15984
15984
15985
15985
15986
15986
15987
15987
15988
15988
15989
15989
15990
15990
15991
15992
15993
15993
15994
15994
15995
15995
15996
15996
15997
15997
15998
15998
15999
15999
16000
16000
16001
16002
16003
16003
16004
16004
16005
16005
16006
16006
16007
16007
16008
16008
16009
16010
16011
16011
16012
16012
16013
16013
16014
16014
16015
16015
16016
16016
16017
16018
16019
16019
16020
16020
16021
16021
16022
16022
16023
16023
16024
16024
16025
16025
16026
16026
16027
16028
16029
16029
16030
16030
16031
16031
16032
16032
16033
16033
16034
16034
16035
16035
16036
16036
16037
16038
16039
16039
16040
16040
16041
16041
16042
16042
16043
16043
16044
16044
16045
16046
16047
16047
16048
16048
16049
16050
16051
16051
16052
16052
16053
16053
16054
16054
16055
16055
16056
16056
16057
16058
16059
16059
16060
16060
16061
16061
16062
16063
16064
16064
16065
16065
16066
16066
16067
16067
16068
16068
16069
16069
16070
16071
16072
16072
16073
16073
16074
16074
16075
16076
16077
16077
16078
16078
16079
16080
16081
16081
16082
16082
16083
16084
16085
16085
16086
16086
16087
16087
16088
16088
16089
16089
16090
16090
16091
16092
16093
16093
16094
16094
16095
16095
16096
16096
16097
16097
16098
16098
16099
16099
16100
16100
16101
16102
16103
16103
16104
16104
16105
16105
16106
16106
16107
16107
16108
16108
16109
16110
16111
16111
16112
16112
16113
16113
16114
16114
16115
16115
16116
16116
16117
16118
16119
16119
16120
16120
16121
16121
16122
16122
16123
16123
16124
16124
16125
16126
16127
16127
16128
16128
16129
16129
16130
16131
16132
16132
16133
16133
16134
16134
16135
16135
16136
16136
16137
16137
16138
16139
16140
16140
16141
16141
16142
16142
16143
16143
16144
16144
16145
16145
16146
16147
16148
16148
16149
16149
16150
16150
16151
16151
16152
16152
16153
16153
16154
16154
16155
16155
16156
16157
16158
16158
16159
16159
16160
16160
16161
16162
16163
16163
16164
16164
16165
16166
16167
16167
16168
16168
16169
16169
16170
16170
16171
16171
16172
16172
16173
16174
16175
16175
16176
16176
16177
16177
16178
16179
16180
16180
16181
16181
16182
16182
16183
16184
16185
16185
16186
16186
16187
16187
16188
16188
16189
16189
16190
16190
16191
16192
16193
16193
16194
16194
16195
16195
16196
16196
16197
16197
16198
16198
16199
16200
16201
16201
16202
16202
16203
16203
16204
16204
16205
16205
16206
16206
16207
16207
16208
16208
16209
16210
16211
16211
16212
16212
16213
16213
16214
16214
16215
16215
16216
16216
16217
16217
16218
16218
16219
16220
16221
16221
16222
16222
16223
16224
16225
16225
16226
16226
16227
16227
16228
16228
16229
16229
16230
16230
16231
16231
16232
16232
16233
16234
16235
16235
16236
16236
16237
16237
16238
16239
16240
16240
16241
16241
16242
16242
16243
16243
16244
16244
16245
16245
16246
16247
16248
16248
16249
16249
16250
16250
16251
16252
16253
16253
16254
16254
16255
16256
16257
16257
16258
16258
16259
16259
16260
16260
16261
16261
16262
16262
16263
16264
16265
16265
16266
16266
16267
16267
16268
16268
16269
16269
16270
16270
16271
16272
16273
16273
16274
16274
16275
16275
16276
16277
16278
16278
16279
16279
16280
16280
16281
16282
16283
16283
16284
16284
16285
16285
16286
16286
16287
16287
16288
16288
16289
16290
16291
16291
16292
16292
16293
16293
16294
16295
16296
16296
16297
16297
16298
16298
16299
16299
16300
16300
16301
16301
16302
16303
16304
16304
16305
16305
16306
16306
16307
16307
16308
16308
16309
16309
16310
16310
16311
16311
16312
16313
16314
16314
16315
16315
16316
16317
16318
16318
16319
16319
16320
16320
16321
16321
16322
16322
16323
16323
16324
16324
16325
16325
16326
16327
16328
16328
16329
16329
16330
16330
16331
16331
16332
16332
16333
16333
16334
16334
16335
16335
16336
16337
16338
16338
16339
16339
16340
16340
16341
16341
16342
16342
16343
16343
16344
16345
16346
16346
16347
16347
16348
16348
16349
16349
16350
16350
16351
16351
16352
16352
16353
16353
16354
16355
16356
16356
16357
16357
16358
16358
16359
16359
16360
16360
16361
16361
16362
16363
16364
16364
16365
16365
16366
16366
16367
16367
16368
16368
16369
16369
16370
16371
16372
16372
16373
16373
16374
16374
16375
16375
16376
16376
16377
16377
16378
16379
16380
16380
16381
16381
16382
16382
16383
16383
16384
16384
16385
16385
16386
16386
16387
16387
16388
16389
16390
16390
16391
16391
16392
16392
16393
16393
16394
16394
16395
16395
16396
16396
16397
16397
16398
16399
16400
16400
16401
16401
16402
16402
16403
16403
16404
16404
16405
16405
16406
16407
16408
16408
16409
16409
16410
16410
16411
16412
16413
16413
16414
16414
16415
16416
16417
16417
16418
16418
16419
16420
16421
16421
16422
16422
16423
16423
16424
16425
16426
16426
16427
16427
16428
16428
16429
16430
16431
16431
16432
16432
16433
16433
16434
16434
16435
16435
16436
16436
16437
16437
16438
16438
16439
16440
16441
16441
16442
16442
16443
16443
16444
16444
16445
16445
16446
16446
16447
16448
16449
16449
16450
16450
16451
16451
16452
16453
16454
16454
16455
16455
16456
16456
16457
16457
16458
16458
16459
16459
16460
16460
16461
16461
16462
16463
16464
16464
16465
16465
16466
16466
16467
16468
16469
16469
16470
16470
16471
16471
16472
16472
16473
16473
16474
16474
16475
16475
16476
16476
16477
16478
16479
16479
16480
16480
16481
16481
16482
16483
16484
16484
16485
16485
16486
16486
16487
16487
16488
16488
16489
16489
16490
16491
16492
16492
16493
16493
16494
16494
16495
16496
16497
16497
16498
16498
16499
16499
16500
16500
16501
16501
16502
16502
16503
16504
16505
16505
16506
16506
16507
16507
16508
16509
16510
16510
16511
16511
16512
16513
16514
16514
16515
16515
16516
16516
16517
16517
16518
16518
16519
16519
16520
16520
16521
16521
16522
16522
16523
16523
16524
16525
16526
16526
16527
16527
16528
16528
16529
16530
16531
16531
16532
16532
16533
16533
16534
16534
16535
16535
16536
16536
16537
16537
16538
16538
16539
16540
16541
16541
16542
16542
16543
16543
16544
16545
16546
16546
16547
16547
16548
16548
16549
16549
16550
16550
16551
16551
16552
16552
16553
16553
16554
16555
16556
16556
16557
16557
16558
16558
16559
16559
16560
16560
16561
16561
16562
16562
16563
16563
16564
16564
16565
16565
16566
16567
16568
16568
16569
16569
16570
16570
16571
16571
16572
16572
16573
16573
16574
16574
16575
16575
16576
16577
16578
16578
16579
16579
16580
16580
16581
16582
16583
16583
16584
16584
16585
16585
16586
16586
16587
16587
16588
16588
16589
16589
16590
16590
16591
16592
16593
16593
16594
16594
16595
16595
16596
16596
16597
16597
16598
16598
16599
16599
16600
16600
16601
16602
16603
16603
16604
16604
16605
16605
16606
16606
16607
16607
16608
16608
16609
16610
16611
16611
16612
16612
16613
16613
16614
16615
16616
16616
16617
16617
16618
16618
16619
16619
16620
16620
16621
16621
16622
16623
16624
16624
16625
16625
16626
16626
16627
16627
16628
16628
16629
16629
16630
16631
16632
16632
16633
16633
16634
16634
16635
16635
16636
16636
16637
16637
16638
16639
16640
16640
16641
16641
16642
16642
16643
16644
16645
16645
16646
16646
16647
16648
16649
16649
16650
16650
16651
16651
16652
16652
16653
16653
16654
16654
16655
16656
16657
16657
16658
16658
16659
16659
16660
16661
16662
16662
16663
16663
16664
16664
16665
16666
16667
16667
16668
16668
16669
16669
16670
16670
16671
16671
16672
16672
16673
16674
16675
16675
16676
16676
16677
16677
16678
16678
16679
16679
16680
16680
16681
16681
16682
16682
16683
16684
16685
16685
16686
16686
16687
16687
16688
16689
16690
16690
16691
16691
16692
16693
16694
16694
16695
16695
16696
16697
16698
16698
16699
16699
16700
16700
16701
16701
16702
16702
16703
16703
16704
16705
16706
16706
16707
16707
16708
16708
16709
16710
16711
16711
16712
16712
16713
16713
16714
16714
16715
16715
16716
16716
16717
16718
16719
16719
16720
16720
16721
16721
16722
16723
16724
16724
16725
16725
16726
16726
16727
16728
16729
16729
16730
16730
16731
16732
16733
16733
16734
16734
16735
16735
16736
16736
16737
16737
16738
16738
16739
16739
16740
16740
16741
16742
16743
16743
16744
16744
16745
16745
16746
16746
16747
16747
16748
16748
16749
16749
16750
16750
16751
16752
16753
16753
16754
16754
16755
16755
16756
16756
16757
16757
16758
16758
16759
16760
16761
16761
16762
16762
16763
16763
16764
16764
16765
16765
16766
16766
16767
16767
16768
16768
16769
16770
16771
16771
16772
16772
16773
16773
16774
16775
16776
16776
16777
16777
16778
16778
16779
16780
16781
16781
16782
16782
16783
16783
16784
16785
16786
16786
16787
16787
16788
16788
16789
16789
16790
16790
16791
16791
16792
16792
16793
16793
16794
16795
16796
16796
16797
16797
16798
16798
16799
16800
16801
16801
16802
16802
16803
16803
16804
16805
16806
16806
16807
16807
16808
16808
16809
16809
16810
16810
16811
16811
16812
16813
16814
16814
16815
16815
16816
16816
16817
16817
16818
16818
16819
16819
16820
16820
16821
16821
16822
16823
16824
16824
16825
16825
16826
16826
16827
16827
16828
16828
16829
16829
16830
16831
16832
16832
16833
16833
16834
16834
16835
16836
16837
16837
16838
16838
16839
16839
16840
16840
16841
16841
16842
16842
16843
16844
16845
16845
16846
16846
16847
16848
16849
16849
16850
16850
16851
16851
16852
16852
16853
16853
16854
16854
16855
16855
16856
16856
16857
16858
16859
16859
16860
16860
16861
16861
16862
16862
16863
16863
16864
16864
16865
16866
16867
16867
16868
16868
16869
16870
16871
16871
16872
16872
16873
16873
16874
16874
16875
16875
16876
16876
16877
16877
16878
16878
16879
16880
16881
16881
16882
16882
16883
16883
16884
16884
16885
16885
16886
16886
16887
16888
16889
16889
16890
16890
16891
16891
16892
16893
16894
16894
16895
16895
16896
16896
16897
16897
16898
16898
16899
16899
16900
16900
16901
16901
16902
16902
16903
16904
16905
16905
16906
16906
16907
16907
16908
16909
16910
16910
16911
16911
16912
16912
16913
16913
16914
16914
16915
16915
16916
16917
16918
16918
16919
16919
16920
16920
16921
16922
16923
16923
16924
16924
16925
16925
16926
16926
16927
16927
16928
16928
16929
16930
16931
16931
16932
16932
16933
16933
16934
16934
16935
16935
16936
16936
16937
16937
16938
16938
16939
16939
16940
16941
16942
16942
16943
16943
16944
16945
16946
16946
16947
16947
16948
16948
16949
16949
16950
16950
16951
16951
16952
16953
16954
16954
16955
16955
16956
16956
16957
16958
16959
16959
16960
16960
16961
16961
16962
16962
16963
16963
16964
16964
16965
16966
16967
16967
16968
16968
16969
16969
16970
16970
16971
16971
16972
16972
16973
16974
16975
16975
16976
16976
16977
16977
16978
16978
16979
16980
16981
16981
16982
16982
16983
16983
16984
16984
16985
16985
16986
16986
16987
16988
16989
16989
16990
16990
16991
16991
16992
16993
16994
16994
16995
16995
16996
16996
16997
16998
16999
16999
17000
17000
17001
17001
17002
17002
17003
17003
17004
17004
17005
17006
17007
17007
17008
17008
17009
17009
17010
17010
17011
17011
17012
17012
17013
17014
17015
17015
17016
17016
17017
17017
17018
17018
17019
17019
17020
17020
17021
17022
17023
17023
17024
17024
17025
17025
17026
17026
17027
17027
17028
17028
17029
17029
17030
17031
17032
17032
17033
17033
17034
17034
17035
17035
17036
17036
17037
17037
17038
17039
17040
17040
17041
17041
17042
17042
17043
17044
17045
17045
17046
17046
17047
17047
17048
17049
17050
17050
17051
17051
17052
17052
17053
17053
17054
17054
17055
17055
17056
17056
17057
17057
17058
17059
17060
17060
17061
17061
17062
17062
17063
17063
17064
17064
17065
17065
17066
17067
17068
17068
17069
17069
17070
17070
17071
17072
17073
17073
17074
17074
17075
17075
17076
17076
17077
17077
17078
17078
17079
17079
17080
17081
17082
17082
17083
17083
17084
17084
17085
17085
17086
17086
17087
17087
17088
17088
17089
17089
17090
17091
17092
17092
17093
17093
17094
17094
17095
17095
17096
17096
17097
17097
17098
17099
17100
17100
17101
17101
17102
17103
17104
17104
17105
17105
17106
17106
17107
17107
17108
17108
17109
17109
17110
17110
17111
17111
17112
17112
17113
17114
17115
17115
17116
17116
17117
17117
17118
17119
17120
17120
17121
17121
17122
17123
17124
17124
17125
17125
17126
17126
17127
17127
17128
17128
17129
17129
17130
17131
17132
17132
17133
17133
17134
17134
17135
17136
17137
17137
17138
17138
17139
17140
17141
17141
17142
17142
17143
17143
17144
17144
17145
17145
17146
17146
17147
17147
17148
17148
17149
17149
17150
17151
17152
17152
17153
17153
17154
17154
17155
17155
17156
17156
17157
17157
17158
17159
17160
17160
17161
17161
17162
17162
17163
17163
17164
17164
17165
17165
17166
17166
17167
17167
17168
17168
17169
17170
17171
17171
17172
17172
17173
17173
17174
17174
17175
17175
17176
17176
17177
17177
17178
17178
17179
17180
17181
17181
17182
17182
17183
17183
17184
17185
17186
17186
17187
17187
17188
17188
17189
17189
17190
17190
17191
17191
17192
17193
17194
17194
17195
17195
17196
17196
17197
17198
17199
17199
17200
17200
17201
17201
17202
17202
17203
17203
17204
17204
17205
17206
17207
17207
17208
17208
17209
17209
17210
17210
17211
17211
17212
17212
17213
17213
17214
17214
17215
17215
17216
17217
17218
17218
17219
17219
17220
17220
17221
17221
17222
17222
17223
17223
17224
17224
17225
17225
17226
17227
17228
17228
17229
17229
17230
17230
17231
17232
17233
17233
17234
17234
17235
17236
17237
17237
17238
17238
17239
17239
17240
17240
17241
17241
17242
17242
17243
17243
17244
17245
17246
17246
17247
17247
17248
17248
17249
17250
17251
17251
17252
17252
17253
17253
17254
17254
17255
17255
17256
17256
17257
17258
17259
17259
17260
17260
17261
17261
17262
17262
17263
17263
17264
17264
17265
17266
17267
17267
17268
17268
17269
17269
17270
17270
17271
17271
17272
17272
17273
17274
17275
17275
17276
17276
17277
17277
17278
17278
17279
17279
17280
17280
17281
17281
17282
17282
17283
17284
17285
17285
17286
17286
17287
17287
17288
17289
17290
17290
17291
17291
17292
17292
17293
17294
17295
17295
17296
17296
17297
17297
17298
17299
17300
17300
17301
17301
17302
17302
17303
17303
17304
17304
17305
17305
17306
17306
17307
17307
17308
17309
17310
17310
17311
17311
17312
17312
17313
17313
17314
17314
17315
17315
17316
17317
17318
17318
17319
17319
17320
17320
17321
17322
17323
17323
17324
17324
17325
17325
17326
17326
17327
17327
17328
17328
17329
17329
17330
17330
17331
17332
17333
17333
17334
17334
17335
17335
17336
17336
17337
17337
17338
17338
17339
17340
17341
17341
17342
17342
17343
17343
17344
17345
17346
17346
17347
17347
17348
17348
17349
17349
17350
17350
17351
17351
17352
17353
17354
17354
17355
17355
17356
17356
17357
17358
17359
17359
17360
17360
17361
17361
17362
17363
17364
17364
17365
17365
17366
17366
17367
17367
17368
17368
17369
17369
17370
17371
17372
17372
17373
17373
17374
17375
17376
17376
17377
17377
17378
17378
17379
17379
17380
17380
17381
17381
17382
17382
17383
17383
17384
17385
17386
17386
17387
17387
17388
17388
17389
17389
17390
17390
17391
17391
17392
17392
17393
17393
17394
17395
17396
17396
17397
17397
17398
17398
17399
17400
17401
17401
17402
17402
17403
17403
17404
17404
17405
17405
17406
17406
17407
17408
17409
17409
17410
17410
17411
17411
17412
17412
17413
17413
17414
17414
17415
17416
17417
17417
17418
17418
17419
17420
17421
17421
17422
17422
17423
17423
17424
17424
17425
17425
17426
17426
17427
17427
17428
17428
17429
17430
17431
17431
17432
17432
17433
17433
17434
17434
17435
17435
17436
17436
17437
17437
17438
17438
17439
17440
17441
17441
17442
17442
17443
17444
17445
17445
17446
17446
17447
17447
17448
17448
17449
17449
17450
17450
17451
17452
17453
17453
17454
17454
17455
17456
17457
17457
17458
17458
17459
17459
17460
17461
17462
17462
17463
17463
17464
17464
17465
17465
17466
17466
17467
17467
17468
17469
17470
17470
17471
17471
17472
17472
17473
17474
17475
17475
17476
17476
17477
17477
17478
17478
17479
17479
17480
17480
17481
17482
17483
17483
17484
17484
17485
17485
17486
17486
17487
17487
17488
17488
17489
17489
17490
17490
17491
17492
17493
17493
17494
17494
17495
17495
17496
17497
17498
17498
17499
17499
17500
17500
17501
17501
17502
17502
17503
17503
17504
17505
17506
17506
17507
17507
17508
17508
17509
17509
17510
17510
17511
17511
17512
17513
17514
17514
17515
17515
17516
17517
17518
17518
17519
17519
17520
17520
17521
17522
17523
17523
17524
17524
17525
17526
17527
17527
17528
17528
17529
17529
17530
17530
17531
17531
17532
17532
17533
17533
17534
17535
17536
17536
17537
17537
17538
17538
17539
17540
17541
17541
17542
17542
17543
17543
17544
17544
17545
17545
17546
17546
17547
17547
17548
17548
17549
17550
17551
17551
17552
17552
17553
17553
17554
17554
17555
17555
17556
17556
17557
17558
17559
17559
17560
17560
17561
17561
17562
17562
17563
17563
17564
17564
17565
17566
17567
17567
17568
17568
17569
17570
17571
17571
17572
17572
17573
17573
17574
17574
17575
17575
17576
17576
17577
17577
17578
17578
17579
17580
17581
17581
17582
17582
17583
17583
17584
17585
17586
17586
17587
17587
17588
17588
17589
17589
17590
17590
17591
17591
17592
17593
17594
17594
17595
17595
17596
17596
17597
17597
17598
17598
17599
17599
17600
17601
17602
17602
17603
17603
17604
17604
17605
17605
17606
17606
17607
17607
17608
17609
17610
17610
17611
17611
17612
17612
17613
17613
17614
17615
17616
17616
17617
17617
17618
17618
17619
17620
17621
17621
17622
17622
17623
17624
17625
17625
17626
17626
17627
17627
17628
17629
17630
17630
17631
17631
17632
17632
17633
17633
17634
17634
17635
17635
17636
17636
17637
17637
17638
17639
17640
17640
17641
17641
17642
17642
17643
17643
17644
17644
17645
17645
17646
17646
17647
17647
17648
17649
17650
17650
17651
17651
17652
17652
17653
17654
17655
17655
17656
17656
17657
17657
17658
17658
17659
17659
17660
17660
17661
17662
17663
17663
17664
17664
17665
17665
17666
17666
17667
17667
17668
17668
17669
17670
17671
17671
17672
17672
17673
17673
17674
17674
17675
17675
17676
17676
17677
17677
17678
17678
17679
17680
17681
17681
17682
17682
17683
17683
17684
17684
17685
17685
17686
17686
17687
17688
17689
17689
17690
17690
17691
17691
17692
17692
17693
17693
17694
17694
17695
17696
17697
17697
17698
17698
17699
17699
17700
17700
17701
17701
17702
17702
17703
17703
17704
17704
17705
17706
17707
17707
17708
17708
17709
17709
17710
17710
17711
17711
17712
17712
17713
17713
17714
17714
17715
17716
17717
17717
17718
17718
17719
17719
17720
17720
17721
17721
17722
17722
17723
17724
17725
17725
17726
17726
17727
17728
17729
17729
17730
17730
17731
17731
17732
17732
17733
17733
17734
17734
17735
17735
17736
17736
17737
17738
17739
17739
17740
17740
17741
17741
17742
17742
17743
17743
17744
17744
17745
17745
17746
17746
17747
17748
17749
17749
17750
17750
17751
17751
17752
17753
17754
17754
17755
17755
17756
17756
17757
17757
17758
17758
17759
17759
17760
17760
17761
17761
17762
17763
17764
17764
17765
17765
17766
17766
17767
17768
17769
17769
17770
17770
17771
17771
17772
17772
17773
17773
17774
17774
17775
17775
17776
17776
17777
17778
17779
17779
17780
17780
17781
17781
17782
17782
17783
17783
17784
17784
17785
17785
17786
17786
17787
17788
17789
17789
17790
17790
17791
17791
17792
17792
17793
17793
17794
17794
17795
17796
17797
17797
17798
17798
17799
17799
17800
17800
17801
17801
17802
17802
17803
17804
17805
17805
17806
17806
17807
17807
17808
17808
17809
17809
17810
17810
17811
17811
17812
17812
17813
17814
17815
17815
17816
17816
17817
17817
17818
17818
17819
17819
17820
17820
17821
17821
17822
17822
17823
17824
17825
17825
17826
17826
17827
17827
17828
17828
17829
17829
17830
17830
17831
17832
17833
17833
17834
17834
17835
17836
17837
17837
17838
17838
17839
17839
17840
17840
17841
17841
17842
17842
17843
17844
17845
17845
17846
17846
17847
17847
17848
17849
17850
17850
17851
17851
17852
17852
17853
17853
17854
17854
17855
17855
17856
17857
17858
17858
17859
17859
17860
17860
17861
17862
17863
17863
17864
17864
17865
17866
17867
17867
17868
17868
17869
17870
17871
17871
17872
17872
17873
17873
17874
17874
17875
17875
17876
17876
17877
17878
17879
17879
17880
17880
17881
17881
17882
17882
17883
17883
17884
17884
17885
17885
17886
17886
17887
17888
17889
17889
17890
17890
17891
17891
17892
17892
17893
17893
17894
17894
17895
17896
17897
17897
17898
17898
17899
17899
17900
17900
17901
17901
17902
17902
17903
17904
17905
17905
17906
17906
17907
17907
17908
17908
17909
17909
17910
17910
17911
17912
17913
17913
17914
17914
17915
17915
17916
17917
17918
17918
17919
17919
17920
17920
17921
17921
17922
17922
17923
17923
17924
17925
17926
17926
17927
17927
17928
17928
17929
17929
17930
17930
17931
17931
17932
17933
17934
17934
17935
17935
17936
17936
17937
17937
17938
17938
17939
17939
17940
17940
17941
17941
17942
17943
17944
17944
17945
17945
17946
17946
17947
17948
17949
17949
17950
17950
17951
17952
17953
17953
17954
17954
17955
17955
17956
17956
17957
17957
17958
17958
17959
17960
17961
17961
17962
17962
17963
17963
17964
17965
17966
17966
17967
17967
17968
17968
17969
17970
17971
17971
17972
17972
17973
17973
17974
17974
17975
17975
17976
17976
17977
17978
17979
17979
17980
17980
17981
17981
17982
17982
17983
17983
17984
17984
17985
17986
17987
17987
17988
17988
17989
17989
17990
17990
17991
17991
17992
17992
17993
17993
17994
17994
17995
17996
17997
17997
17998
17998
17999
17999
18000
18000
18001
18001
18002
18002
18003
18003
18004
18004
18005
18006
18007
18007
18008
18008
18009
18010
18011
18011
18012
18012
18013
18013
18014
18014
18015
18015
18016
18016
18017
18017
18018
18018
18019
18020
18021
18021
18022
18022
18023
18023
18024
18025
18026
18026
18027
18027
18028
18028
18029
18029
18030
18030
18031
18031
18032
18033
18034
18034
18035
18035
18036
18036
18037
18038
18039
18039
18040
18040
18041
18042
18043
18043
18044
18044
18045
18045
18046
18046
18047
18047
18048
18048
18049
18050
18051
18051
18052
18052
18053
18053
18054
18054
18055
18055
18056
18056
18057
18058
18059
18059
18060
18060
18061
18061
18062
18063
18064
18064
18065
18065
18066
18066
18067
18068
18069
18069
18070
18070
18071
18071
18072
18072
18073
18073
18074
18074
18075
18076
18077
18077
18078
18078
18079
18079
18080
18081
18082
18082
18083
18083
18084
18084
18085
18085
18086
18086
18087
18087
18088
18089
18090
18090
18091
18091
18092
18092
18093
18093
18094
18094
18095
18095
18096
18096
18097
18097
18098
18099
18100
18100
18101
18101
18102
18103
18104
18104
18105
18105
18106
18106
18107
18107
18108
18108
18109
18109
18110
18110
18111
18111
18112
18112
18113
18114
18115
18115
18116
18116
18117
18117
18118
18118
18119
18119
18120
18120
18121
18121
18122
18122
18123
18124
18125
18125
18126
18126
18127
18127
18128
18128
18129
18129
18130
18130
18131
18132
18133
18133
18134
18134
18135
18135
18136
18136
18137
18137
18138
18138
18139
18139
18140
18140
18141
18142
18143
18143
18144
18144
18145
18145
18146
18146
18147
18147
18148
18148
18149
18150
18151
18151
18152
18152
18153
18153
18154
18154
18155
18155
18156
18156
18157
18158
18159
18159
18160
18160
18161
18161
18162
18162
18163
18163
18164
18164
18165
18166
18167
18167
18168
18168
18169
18169
18170
18170
18171
18171
18172
18172
18173
18173
18174
18174
18175
18176
18177
18177
18178
18178
18179
18179
18180
18180
18181
18181
18182
18182
18183
18183
18184
18184
18185
18186
18187
18187
18188
18188
18189
18189
18190
18190
18191
18191
18192
18192
18193
18193
18194
18195
18196
18196
18197
18197
18198
18198
18199
18200
18201
18201
18202
18202
18203
18204
18205
18205
18206
18206
18207
18208
18209
18209
18210
18210
18211
18211
18212
18213
18214
18214
18215
18215
18216
18216
18217
18218
18219
18219
18220
18220
18221
18221
18222
18222
18223
18223
18224
18224
18225
18225
18226
18226
18227
18228
18229
18229
18230
18230
18231
18231
18232
18232
18233
18233
18234
18234
18235
18236
18237
18237
18238
18238
18239
18239
18240
18241
18242
18242
18243
18243
18244
18244
18245
18245
18246
18246
18247
18247
18248
18248
18249
18249
18250
18251
18252
18252
18253
18253
18254
18254
18255
18256
18257
18257
18258
18258
18259
18259
18260
18260
18261
18261
18262
18262
18263
18263
18264
18264
18265
18266
18267
18267
18268
18268
18269
18269
18270
18271
18272
18272
18273
18273
18274
18274
18275
18275
18276
18276
18277
18277
18278
18279
18280
18280
18281
18281
18282
18282
18283
18284
18285
18285
18286
18286
18287
18287
18288
18288
18289
18289
18290
18290
18291
18292
18293
18293
18294
18294
18295
18295
18296
18297
18298
18298
18299
18299
18300
18301
18302
18302
18303
18303
18304
18304
18305
18305
18306
18306
18307
18307
18308
18308
18309
18309
18310
18310
18311
18311
18312
18313
18314
18314
18315
18315
18316
18316
18317
18318
18319
18319
18320
18320
18321
18321
18322
18322
18323
18323
18324
18324
18325
18325
18326
18326
18327
18328
18329
18329
18330
18330
18331
18331
18332
18333
18334
18334
18335
18335
18336
18336
18337
18337
18338
18338
18339
18339
18340
18340
18341
18341
18342
18343
18344
18344
18345
18345
18346
18346
18347
18347
18348
18348
18349
18349
18350
18350
18351
18351
18352
18352
18353
18353
18354
18355
18356
18356
18357
18357
18358
18358
18359
18359
18360
18360
18361
18361
18362
18362
18363
18363
18364
18365
18366
18366
18367
18367
18368
18368
18369
18370
18371
18371
18372
18372
18373
18373
18374
18374
18375
18375
18376
18376
18377
18377
18378
18378
18379
18380
18381
18381
18382
18382
18383
18383
18384
18384
18385
18385
18386
18386
18387
18387
18388
18388
18389
18390
18391
18391
18392
18392
18393
18393
18394
18394
18395
18395
18396
18396
18397
18398
18399
18399
18400
18400
18401
18401
18402
18403
18404
18404
18405
18405
18406
18406
18407
18407
18408
18408
18409
18409
18410
18410
18411
18412
18413
18413
18414
18414
18415
18415
18416
18416
18417
18417
18418
18418
18419
18420
18421
18421
18422
18422
18423
18423
18424
18424
18425
18425
18426
18426
18427
18428
18429
18429
18430
18430
18431
18431
18432
18433
18434
18434
18435
18435
18436
18437
18438
18438
18439
18439
18440
18440
18441
18441
18442
18442
18443
18443
18444
18445
18446
18446
18447
18447
18448
18448
18449
18450
18451
18451
18452
18452
18453
18453
18454
18455
18456
18456
18457
18457
18458
18458
18459
18459
18460
18460
18461
18461
18462
18463
18464
18464
18465
18465
18466
18466
18467
18467
18468
18468
18469
18469
18470
18470
18471
18471
18472
18473
18474
18474
18475
18475
18476
18476
18477
18478
18479
18479
18480
18480
18481
18482
18483
18483
18484
18484
18485
18486
18487
18487
18488
18488
18489
18489
18490
18490
18491
18491
18492
18492
18493
18494
18495
18495
18496
18496
18497
18497
18498
18499
18500
18500
18501
18501
18502
18502
18503
18503
18504
18504
18505
18505
18506
18507
18508
18508
18509
18509
18510
18510
18511
18512
18513
18513
18514
18514
18515
18515
18516
18517
18518
18518
18519
18519
18520
18521
18522
18522
18523
18523
18524
18524
18525
18525
18526
18526
18527
18527
18528
18528
18529
18529
18530
18531
18532
18532
18533
18533
18534
18534
18535
18535
18536
18536
18537
18537
18538
18538
18539
18539
18540
18541
18542
18542
18543
18543
18544
18544
18545
18545
18546
18546
18547
18547
18548
18549
18550
18550
18551
18551
18552
18552
18553
18553
18554
18554
18555
18555
18556
18556
18557
18557
18558
18559
18560
18560
18561
18561
18562
18562
18563
18564
18565
18565
18566
18566
18567
18567
18568
18569
18570
18570
18571
18571
18572
18572
18573
18574
18575
18575
18576
18576
18577
18577
18578
18578
18579
18579
18580
18580
18581
18581
18582
18582
18583
18584
18585
18585
18586
18586
18587
18587
18588
18589
18590
18590
18591
18591
18592
18592
18593
18594
18595
18595
18596
18596
18597
18597
18598
18598
18599
18599
18600
18600
18601
18602
18603
18603
18604
18604
18605
18605
18606
18606
18607
18607
18608
18608
18609
18609
18610
18610
18611
18612
18613
18613
18614
18614
18615
18615
18616
18616
18617
18617
18618
18618
18619
18620
18621
18621
18622
18622
18623
18623
18624
18625
18626
18626
18627
18627
18628
18628
18629
18629
18630
18630
18631
18631
18632
18633
18634
18634
18635
18635
18636
18637
18638
18638
18639
18639
18640
18640
18641
18641
18642
18642
18643
18643
18644
18644
18645
18645
18646
18647
18648
18648
18649
18649
18650
18650
18651
18651
18652
18652
18653
18653
18654
18655
18656
18656
18657
18657
18658
18659
18660
18660
18661
18661
18662
18662
18663
18663
18664
18664
18665
18665
18666
18666
18667
18667
18668
18669
18670
18670
18671
18671
18672
18672
18673
18673
18674
18674
18675
18675
18676
18677
18678
18678
18679
18679
18680
18680
18681
18682
18683
18683
18684
18684
18685
18685
18686
18686
18687
18687
18688
18688
18689
18689
18690
18690
18691
18691
18692
18693
18694
18694
18695
18695
18696
18696
18697
18698
18699
18699
18700
18700
18701
18701
18702
18702
18703
18703
18704
18704
18705
18706
18707
18707
18708
18708
18709
18709
18710
18711
18712
18712
18713
18713
18714
18714
18715
18715
18716
18716
18717
18717
18718
18719
18720
18720
18721
18721
18722
18722
18723
18723
18724
18724
18725
18725
18726
18726
18727
18727
18728
18728
18729
18730
18731
18731
18732
18732
18733
18734
18735
18735
18736
18736
18737
18737
18738
18738
18739
18739
18740
18740
18741
18742
18743
18743
18744
18744
18745
18745
18746
18747
18748
18748
18749
18749
18750
18750
18751
18751
18752
18752
18753
18753
18754
18755
18756
18756
18757
18757
18758
18758
18759
18759
18760
18760
18761
18761
18762
18763
18764
18764
18765
18765
18766
18766
18767
18767
18768
18769
18770
18770
18771
18771
18772
18772
18773
18773
18774
18774
18775
18775
18776
18777
18778
18778
18779
18779
18780
18780
18781
18782
18783
18783
18784
18784
18785
18785
18786
18787
18788
18788
18789
18789
18790
18790
18791
18791
18792
18792
18793
18793
18794
18795
18796
18796
18797
18797
18798
18798
18799
18799
18800
18800
18801
18801
18802
18803
18804
18804
18805
18805
18806
18806
18807
18807
18808
18808
18809
18809
18810
18811
18812
18812
18813
18813
18814
18814
18815
18815
18816
18816
18817
18817
18818
18819
18820
18820
18821
18821
18822
18822
18823
18823
18824
18824
18825
18825
18826
18827
18828
18828
18829
18829
18830
18830
18831
18832
18833
18833
18834
18834
18835
18835
18836
18837
18838
18838
18839
18839
18840
18840
18841
18841
18842
18842
18843
18843
18844
18844
18845
18845
18846
18847
18848
18848
18849
18849
18850
18850
18851
18851
18852
18852
18853
18853
18854
18855
18856
18856
18857
18857
18858
18858
18859
18860
18861
18861
18862
18862
18863
18863
18864
18864
18865
18865
18866
18866
18867
18868
18869
18869
18870
18870
18871
18871
18872
18872
18873
18873
18874
18874
18875
18875
18876
18876
18877
18878
18879
18879
18880
18880
18881
18881
18882
18882
18883
18883
18884
18884
18885
18886
18887
18887
18888
18888
18889
18890
18891
18891
18892
18892
18893
18893
18894
18894
18895
18895
18896
18896
18897
18897
18898
18898
18899
18899
18900
18901
18902
18902
18903
18903
18904
18904
18905
18906
18907
18907
18908
18908
18909
18910
18911
18911
18912
18912
18913
18913
18914
18914
18915
18915
18916
18916
18917
18918
18919
18919
18920
18920
18921
18921
18922
18923
18924
18924
18925
18925
18926
18927
18928
18928
18929
18929
18930
18930
18931
18931
18932
18932
18933
18933
18934
18934
18935
18935
18936
18936
18937
18938
18939
18939
18940
18940
18941
18941
18942
18942
18943
18943
18944
18944
18945
18946
18947
18947
18948
18948
18949
18949
18950
18950
18951
18951
18952
18952
18953
18953
18954
18954
18955
18956
18957
18957
18958
18958
18959
18959
18960
18960
18961
18961
18962
18962
18963
18963
18964
18964
18965
18966
18967
18967
18968
18968
18969
18969
18970
18971
18972
18972
18973
18973
18974
18974
18975
18975
18976
18976
18977
18977
18978
18979
18980
18980
18981
18981
18982
18982
18983
18984
18985
18985
18986
18986
18987
18987
18988
18988
18989
18989
18990
18990
18991
18992
18993
18993
18994
18994
18995
18995
18996
18996
18997
18997
18998
18998
18999
18999
19000
19000
19001
19002
19003
19003
19004
19004
19005
19005
19006
19006
19007
19007
19008
19008
19009
19009
19010
19010
19011
19012
19013
19013
19014
19014
19015
19015
19016
19017
19018
19018
19019
19019
19020
19021
19022
19022
19023
19023
19024
19024
19025
19025
19026
19026
19027
19027
19028
19028
19029
19030
19031
19031
19032
19032
19033
19033
19034
19035
19036
19036
19037
19037
19038
19038
19039
19039
19040
19040
19041
19041
19042
19043
19044
19044
19045
19045
19046
19046
19047
19047
19048
19048
19049
19049
19050
19051
19052
19052
19053
19053
19054
19054
19055
19055
19056
19056
19057
19057
19058
19059
19060
19060
19061
19061
19062
19062
19063
19063
19064
19064
19065
19065
19066
19066
19067
19067
19068
19069
19070
19070
19071
19071
19072
19072
19073
19074
19075
19075
19076
19076
19077
19077
19078
19079
19080
19080
19081
19081
19082
19082
19083
19084
19085
19085
19086
19086
19087
19087
19088
19088
19089
19089
19090
19090
19091
19091
19092
19092
19093
19094
19095
19095
19096
19096
19097
19097
19098
19098
19099
19099
19100
19100
19101
19101
19102
19103
19104
19104
19105
19105
19106
19106
19107
19108
19109
19109
19110
19110
19111
19111
19112
19112
19113
19113
19114
19114
19115
19115
19116
19116
19117
19118
19119
19119
19120
19120
19121
19121
19122
19122
19123
19123
19124
19124
19125
19126
19127
19127
19128
19128
19129
19129
19130
19131
19132
19132
19133
19133
19134
19134
19135
19135
19136
19136
19137
19137
19138
19139
19140
19140
19141
19141
19142
19142
19143
19144
19145
19145
19146
19146
19147
19147
19148
19149
19150
19150
19151
19151
19152
19152
19153
19153
19154
19154
19155
19155
19156
19157
19158
19158
19159
19159
19160
19161
19162
19162
19163
19163
19164
19164
19165
19165
19166
19166
19167
19167
19168
19168
19169
19169
19170
19171
19172
19172
19173
19173
19174
19174
19175
19175
19176
19176
19177
19177
19178
19178
19179
19179
19180
19181
19182
19182
19183
19183
19184
19184
19185
19186
19187
19187
19188
19188
19189
19189
19190
19190
19191
19191
19192
19192
19193
19194
19195
19195
19196
19196
19197
19197
19198
19198
19199
19199
19200
19200
19201
19202
19203
19203
19204
19204
19205
19206
19207
19207
19208
19208
19209
19209
19210
19210
19211
19211
19212
19212
19213
19213
19214
19214
19215
19216
19217
19217
19218
19218
19219
19219
19220
19220
19221
19221
19222
19222
19223
19223
19224
19224
19225
19226
19227
19227
19228
19228
19229
19230
19231
19231
19232
19232
19233
19233
19234
19234
19235
19235
19236
19236
19237
19238
19239
19239
19240
19240
19241
19242
19243
19243
19244
19244
19245
19245
19246
19247
19248
19248
19249
19249
19250
19250
19251
19251
19252
19252
19253
19253
19254
19255
19256
19256
19257
19257
19258
19258
19259
19260
19261
19261
19262
19262
19263
19263
19264
19264
19265
19265
19266
19266
19267
19268
19269
19269
19270
19270
19271
19271
19272
19272
19273
19273
19274
19274
19275
19275
19276
19276
19277
19278
19279
19279
19280
19280
19281
19281
19282
19283
19284
19284
19285
19285
19286
19286
19287
19287
19288
19288
19289
19289
19290
19291
19292
19292
19293
19293
19294
19294
19295
19295
19296
19296
19297
19297
19298
2207
14705
2447
14703
2447
14704
2448
14704
2448
14705
2688
14701
2688
14702
2688
14703
2929
14701
2929
14708
2929
14709
3170
14706
3170
14707
3170
14708
3411
14706
3411
14710
3411
14711
3652
14711
3652
14712
3652
14713
3894
14713
3894
14716
3894
14717
4134
14714
4134
14715
4134
14716
4375
14714
4375
14720
4375
14721
4616
14718
4616
14719
4616
14720
4857
14718
2218
14722
2459
14722
2459
14723
2459
14724
2700
14724
2701
14724
2701
14725
2942
14725
2942
14726
2942
14727
3183
14727
3183
14728
3183
14729
3424
14729
3424
14732
3424
14733
3664
14730
3664
14731
3665
14731
3665
14732
3905
14730
3905
14734
3905
14735
4146
14735
4146
14736
4146
14737
4387
14737
4387
14738
4388
14738
4388
14739
4629
14739
4629
14740
4629
14741
4870
14741
2233
14745
2473
14743
2473
14744
2473
14745
2474
14745
2712
14742
2713
14742
2713
14743
2714
14743
2953
14742
2953
14748
2953
14749
3193
14746
3193
14747
3194
14747
3194
14748
3434
14746
3434
14750
3435
14750
3435
14751
3435
14752
3677
14752
3677
14753
3678
14753
3678
14754
3919
14754
3920
14754
3919
14757
3919
14758
3920
14758
4160
14755
4160
14756
4160
14757
4401
14755
4400
14761
4400
14762
4401
14762
4639
14759
4639
14760
4640
14760
4640
14761
4641
14761
4880
14759
2245
14766
2485
14764
2485
14765
2486
14765
2486
14766
2724
14763
2725
14763
2725
14764
2726
14764
2965
14763
2965
14769
2965
14770
3205
14767
3206
14767
3206
14768
3206
14769
3446
14767
3446
14771
3447
14771
3447
14772
3448
14772
3689
14772
3689
14773
3689
14774
3690
14774
3690
14775
3931
14775
3932
14775
3931
14778
3932
14778
3932
14779
4172
14776
4172
14777
4172
14778
4413
14776
4412
14782
4412
14783
4413
14783
4652
14781
4652
14782
4653
14782
4892
14780
4892
14781
4893
14781
2253
14784
2494
14784
2495
14784
2495
14785
2496
14785
2496
14786
2737
14786
2738
14786
2738
14787
2979
14787
2979
14788
2979
14789
3221
14789
3221
14790
3221
14791
3462
14791
3461
14794
3461
14795
3461
14796
3462
14796
3700
14792
3700
14793
3701
14793
3701
14794
3702
14794
3941
14792
3941
14797
3941
14798
4182
14798
4182
14799
4182
14800
4423
14800
4424
14800
4424
14801
4424
14802
4666
14802
4666
14803
4667
14803
4667
14804
4908
14804
4909
14804
2269
14808
2509
14806
2509
14807
2509
14808
2510
14808
2749
14805
2750
14805
2750
14806
2990
14805
2990
14811
2990
14812
3231
14809
3231
14810
3231
14811
3472
14809
3472
14813
3472
14814
3713
14814
3714
14814
3714
14815
3714
14816
3955
14816
3955
14820
3955
14821
4196
14818
4196
14819
4196
14820
4437
14817
4437
14818
4437
14824
4437
14825
4677
14822
4677
14823
4677
14824
4917
14822
4918
14822
2278
14826
2519
14826
2520
14826
2520
14827
2520
14828
2761
14828
2762
14828
2762
14829
3003
14829
3003
14830
3004
14830
3004
14831
3245
14831
3245
14832
3245
14833
3486
14833
3485
14836
3486
14836
3486
14837
3725
14834
3725
14835
3726
14835
3726
14836
3965
14834
3966
14834
3965
14838
3966
14838
3966
14839
4207
14839
4207
14840
4207
14841
4448
14841
4448
14842
4449
14842
4449
14843
4690
14843
4690
14844
4691
14844
4691
14845
4932
14845
4933
14845
2293
14850
2533
14848
2533
14849
2534
14849
2534
14850
2774
14846
2774
14847
2774
14848
3015
14846
3015
14853
3015
14854
3256
14851
3256
14852
3256
14853
3497
14851
3497
14855
3497
14856
3738
14856
3738
14857
3738
14858
3980
14858
3980
14861
3980
14862
4220
14859
4220
14860
4220
14861
4221
14861
4461
14859
4461
14865
4461
14866
4702
14863
4702
14864
4702
14865
4942
14863
4943
14863
2307
14870
2546
14868
2546
14869
2547
14869
2547
14870
2786
14867
2786
14868
2787
14868
3027
14867
3026
14873
3026
14874
3027
14874
3267
14871
3267
14872
3267
14873
3508
14871
3508
14875
3508
14876
3509
14876
3509
14877
3750
14877
3751
14877
3751
14878
3751
14879
3752
14879
3993
14879
3993
14882
3993
14883
4233
14880
4233
14881
4234
14881
4234
14882
4474
14880
4473
14886
4473
14887
4474
14887
4713
14884
4713
14885
4714
14885
4714
14886
4953
14884
4954
14884
2317
14891
2558
14889
2558
14890
2558
14891
2799
14888
2799
14889
3040
14888
3040
14894
3040
14895
3280
14892
3280
14893
3280
14894
3281
14894
3521
14892
3521
14896
3522
14896
3522
14897
3763
14897
3763
14898
3763
14899
4004
14899
4004
14900
4004
14903
4004
14904
4245
14901
4245
14902
4245
14903
4486
14901
4486
14907
4486
14908
4726
14905
4726
14906
4727
14906
4727
14907
4967
14905
2331
14912
2571
14910
2571
14911
2571
14912
2572
14912
2810
14909
2811
14909
2811
14910
3051
14909
3051
14915
3051
14916
3291
14913
3291
14914
3292
14914
3292
14915
3532
14913
3532
14917
3533
14917
3533
14918
3533
14919
3775
14919
3775
14920
3776
14920
3776
14921
4017
14921
4018
14921
4017
14925
4017
14926
4018
14926
4258
14923
4258
14924
4258
14925
4499
14922
4499
14923
4498
14929
4498
14930
4499
14930
4737
14928
4738
14928
4738
14929
4739
14929
4978
14927
4978
14928
2343
14934
2583
14932
2583
14933
2583
14934
2584
14934
2822
14931
2823
14931
2823
14932
2824
14932
3063
14931
3063
14937
3063
14938
3304
14935
3304
14936
3304
14937
3544
14935
3544
14939
3545
14939
3545
14940
3546
14940
3546
14941
3787
14941
3787
14942
3788
14942
3788
14943
4029
14943
4030
14943
4029
14946
4030
14946
4030
14947
4270
14944
4270
14945
4270
14946
4511
14944
4510
14950
4510
14951
4511
14951
4750
14948
4750
14949
4750
14950
4751
14950
4990
14948
4991
14948
2352
14952
2593
14952
2594
14952
2594
14953
2594
14954
2835
14954
2835
14955
2835
14956
2836
14956
3077
14956
3077
14957
3077
14958
3318
14958
3318
14959
3318
14960
3559
14960
3559
14963
3559
14964
3559
14965
3799
14961
3799
14962
3799
14963
4039
14961
4040
14961
4039
14966
4040
14966
4040
14967
4281
14967
4281
14968
4281
14969
4522
14969
4522
14970
4522
14971
4763
14971
4764
14971
4764
14972
4764
14973
5005
14973
2365
14974
2606
14974
2606
14975
2606
14976
2847
14976
2848
14976
2848
14977
3089
14977
3089
14978
3089
14979
3330
14979
3330
14980
3330
14981
3571
14981
3571
14984
3571
14985
3811
14982
3811
14983
3812
14983
3812
14984
4052
14982
4052
14986
4052
14987
4293
14987
4293
14988
4293
14989
4534
14989
4534
14990
4535
14990
4535
14991
4776
14991
4776
14992
4776
14993
5017
14993
2694
14994
2694
14995
2935
14995
2935
14996
2935
14997
3176
14997
3176
14998
3176
14999
3417
14999
3417
15000
3417
15001
3658
15001
3658
15002
3658
15003
3899
15003
3899
15004
3899
15005
4140
15005
4140
15006
4140
15007
4381
15007
4381
15008
4381
15009
4622
15009
2707
15010
2707
15011
2948
15011
2948
15012
2948
15013
3189
15013
3189
15014
3189
15015
3430
15015
3430
15016
3430
15017
3671
15017
3671
15018
3671
15019
3912
15019
3912
15020
3912
15021
4153
15021
4153
15022
4153
15023
4394
15023
4394
15024
4635
15024
2719
15025
2719
15026
2960
15026
2960
15027
2960
15028
3201
15028
3201
15029
3201
15030
3442
15030
3442
15031
3442
15032
3683
15032
3683
15033
3683
15034
3924
15034
3924
15035
3924
15036
4165
15036
4165
15037
4165
15038
4406
15038
4406
15039
4647
15039
2731
15040
2731
15041
2972
15041
2972
15042
2972
15043
3213
15043
3213
15044
3213
15045
3454
15045
3454
15046
3454
15047
3695
15047
3695
15048
3695
15049
3936
15049
3936
15050
3936
15051
4177
15051
4177
15052
4177
15053
4418
15053
4418
15054
4418
15055
4659
15055
2743
15056
2743
15057
2984
15057
2984
15058
2984
15059
3225
15059
3225
15060
3225
15061
3466
15061
3466
15062
3466
15063
3707
15063
3707
15064
3707
15065
3948
15065
3948
15066
3948
15067
4189
15067
4189
15068
4189
15069
4430
15069
4430
15070
4430
15071
4671
15071
2756
15072
2756
15073
2997
15073
2997
15074
2997
15075
3238
15075
3238
15076
3238
15077
3479
15077
3479
15078
3479
15079
3720
15079
3720
15080
3720
15081
3961
15081
3961
15082
3961
15083
4202
15083
4202
15084
4202
15085
4443
15085
4443
15086
4443
15087
4684
15087
2768
15088
2768
15089
3009
15089
3009
15090
3009
15091
3250
15091
3250
15092
3250
15093
3491
15093
3491
15094
3491
15095
3732
15095
3732
15096
3732
15097
3973
15097
3973
15098
3973
15099
4214
15099
4214
15100
4214
15101
4455
15101
4455
15102
4455
15103
4696
15103
2780
15104
2780
15105
3021
15105
3021
15106
3021
15107
3262
15107
3262
15108
3262
15109
3503
15109
3503
15110
3503
15111
3744
15111
3744
15112
3744
15113
3985
15113
3985
15114
3985
15115
4226
15115
4226
15116
4226
15117
4467
15117
4467
15118
4467
15119
4708
15119
2792
15120
2792
15121
3033
15121
3033
15122
3033
15123
3274
15123
3274
15124
3274
15125
3515
15125
3515
15126
3515
15127
3756
15127
3756
15128
3756
15129
3997
15129
3997
15130
3997
15131
4238
15131
4238
15132
4238
15133
4479
15133
4479
15134
4720
15134
2805
15135
2805
15136
3046
15136
3046
15137
3046
15138
3287
15138
3287
15139
3287
15140
3528
15140
3528
15141
3528
15142
3769
15142
3769
15143
3769
15144
4010
15144
4010
15145
4010
15146
4251
15146
4251
15147
4251
15148
4492
15148
4492
15149
4492
15150
4733
15150
2817
15151
2817
15152
3058
15152
3058
15153
3058
15154
3299
15154
3299
15155
3299
15156
3540
15156
3540
15157
3540
15158
3781
15158
3781
15159
3781
15160
4022
15160
4022
15161
4022
15162
4263
15162
4263
15163
4263
15164
4504
15164
4504
15165
4504
15166
4745
15166
2829
15167
2829
15168
3070
15168
3070
15169
3070
15170
3311
15170
3311
15171
3311
15172
3552
15172
3552
15173
3552
15174
3793
15174
3793
15175
3793
15176
4034
15176
4034
15177
4034
15178
4275
15178
4275
15179
4275
15180
4516
15180
4516
15181
4516
15182
4757
15182
2841
15183
2841
15184
3082
15184
3082
15185
3082
15186
3323
15186
3323
15187
3323
15188
3564
15188
3564
15189
3564
15190
3805
15190
3805
15191
3805
15192
4046
15192
4046
15193
4046
15194
4287
15194
4287
15195
4287
15196
4528
15196
4528
15197
4769
15197
2854
15198
2854
15199
3095
15199
3095
15200
3095
15201
3336
15201
3336
15202
3336
15203
3577
15203
3577
15204
3577
15205
3818
15205
3818
15206
3818
15207
4059
15207
4059
15208
4059
15209
4300
15209
4300
15210
4300
15211
4541
15211
4541
15212
4541
15213
4782
15213
9679
15216
9679
15217
9918
15215
9919
15215
9919
15216
9920
15216
10159
15214
10159
15215
10158
15221
10158
15222
10159
15222
10399
15220
10399
15221
10640
15218
10640
15219
10640
15220
10640
15223
10881
15223
10882
15223
10882
15224
10882
15225
10883
15225
11124
15225
11124
15226
11125
15226
11125
15230
11365
15228
11365
15229
11366
15229
11366
15230
11606
15227
11606
15228
11606
15234
11846
15232
11846
15233
11846
15234
11847
15234
12085
15231
12086
15231
12086
15232
12087
15232
9690
15237
9691
15237
9691
15238
9931
15236
9931
15237
10171
15235
10172
15235
10172
15236
10171
15242
10412
15240
10412
15241
10412
15242
10653
15239
10653
15240
10653
15243
10894
15243
10894
15244
10895
15244
10895
15245
11136
15245
11136
15246
11137
15246
11137
15250
11377
15248
11377
15249
11377
15250
11378
15250
11618
15247
11618
15248
11618
15254
11858
15252
11858
15253
11859
15253
11859
15254
12098
15251
12099
15251
12099
15252
9702
15257
9702
15258
9943
15256
9943
15257
10184
15255
10184
15256
10184
15262
10425
15260
10425
15261
10425
15262
10666
15259
10666
15260
10666
15263
10907
15263
10907
15264
10907
15265
11148
15265
11148
15266
11148
15270
11389
15268
11389
15269
11389
15270
11630
15267
11630
15268
11630
15274
11871
15272
11871
15273
11871
15274
12112
15271
12112
15272
9714
15275
9714
15276
9955
15276
9955
15277
10196
15277
10196
15278
10196
15279
10437
15279
10437
15280
10437
15281
10678
15281
10678
15282
10679
15282
10678
15286
10679
15286
10919
15284
10919
15285
10919
15286
11160
15283
11160
15284
11160
15287
11401
15287
11401
15288
11401
15289
11642
15289
11642
15290
11642
15291
11883
15291
11883
15292
11883
15293
12124
15293
12124
15294
12125
15294
9726
15295
9726
15296
9967
15296
9967
15297
10208
15297
10208
15298
10208
15299
10209
15299
10209
15300
10450
15300
10450
15301
10450
15302
10691
15302
10691
15303
10691
15307
10931
15305
10931
15306
10932
15306
10932
15307
11172
15304
11172
15305
11172
15308
11413
15308
11413
15309
11413
15310
11654
15310
11654
15311
11654
15312
11895
15312
11895
15313
11896
15313
11896
15314
12137
15314
12137
15315
9739
15318
9739
15319
9980
15317
9980
15318
10220
15316
10221
15316
10221
15317
10220
15324
10461
15322
10461
15323
10461
15324
10702
15320
10702
15321
10702
15322
10702
15325
10943
15325
10943
15326
10944
15326
10944
15327
11185
15327
11185
15328
11185
15332
11426
15330
11426
15331
11426
15332
11667
15329
11667
15330
11667
15336
11907
15334
11907
15335
11908
15335
11908
15336
12148
15333
12148
15334
9752
15339
9752
15340
9753
15340
9992
15338
9992
15339
9993
15339
10232
15337
10233
15337
10233
15338
10232
15344
10232
15345
10473
15342
10473
15343
10473
15344
10713
15341
10714
15341
10714
15342
10713
15346
10714
15346
10955
15346
10955
15347
10956
15347
10956
15348
11197
15348
11198
15348
11198
15349
11198
15353
11439
15351
11439
15352
11439
15353
11679
15350
11680
15350
11680
15351
11679
15357
11919
15355
11919
15356
11920
15356
11920
15357
12159
15354
12160
15354
12160
15355
9763
15358
9763
15359
10004
15359
10004
15360
10004
15361
10245
15361
10245
15362
10486
15362
10486
15363
10486
15364
10727
15364
10727
15365
10727
15369
10968
15367
10968
15368
10968
15369
11209
15366
11209
15367
11209
15370
11450
15370
11450
15371
11450
15372
11691
15372
11691
15373
11691
15374
11932
15374
11932
15375
11932
15376
12173
15376
12173
15377
9776
15380
9776
15381
10016
15379
10017
15379
10017
15380
10257
15378
10257
15379
10257
15385
10498
15383
10498
15384
10498
15385
10738
15382
10739
15382
10739
15383
10738
15386
10739
15386
10980
15386
10980
15387
10980
15388
10981
15388
11222
15388
11222
15389
11222
15393
11463
15391
11463
15392
11463
15393
11704
15390
11704
15391
11704
15397
11944
15395
11944
15396
11944
15397
11945
15397
12184
15394
12185
15394
12185
15395
9787
15398
9787
15399
10028
15399
10028
15400
10029
15400
10270
15400
10270
15401
10270
15402
10511
15402
10511
15403
10511
15404
10752
15404
10752
15405
10752
15409
10992
15407
10993
15407
10993
15408
10993
15409
11233
15406
11233
15407
11233
15410
11474
15410
11474
15411
11474
15412
11715
15412
11715
15413
11715
15414
11956
15414
11957
15414
11957
15415
11957
15416
12198
15416
12198
15417
9800
15418
9800
15419
10041
15419
10041
15420
10282
15420
10282
15421
10282
15422
10523
15422
10523
15423
10523
15424
10764
15424
10764
15425
10764
15429
11005
15427
11005
15428
11005
15429
11246
15426
11246
15427
11246
15430
11487
15430
11487
15431
11487
15432
11728
15432
11728
15433
11728
15434
11728
15435
11969
15435
11969
15436
11969
15437
12210
15437
12210
15438
9811
15439
9812
15439
9812
15440
10053
15440
10053
15441
10294
15441
10294
15442
10294
15443
10294
15444
10535
15444
10535
15445
10536
15445
10536
15446
10777
15446
10777
15447
10777
15451
11017
15449
11017
15450
11017
15451
11257
15448
11258
15448
11258
15449
11257
15452
11499
15452
11499
15453
11499
15454
11740
15454
11740
15455
11740
15456
11981
15456
11981
15457
11981
15458
12222
15458
12223
15458
12223
15459
9826
15462
9826
15463
9827
15463
10065
15461
10066
15461
10066
15462
10067
15462
10306
15460
10306
15461
10305
15467
10306
15467
10546
15465
10546
15466
10546
15467
10787
15464
10787
15465
10787
15468
11028
15468
11028
15469
11029
15469
11029
15470
11030
15470
11030
15471
11271
15471
11271
15472
11272
15472
11272
15476
11272
15477
11272
15478
11513
15474
11513
15475
11513
15476
11753
15473
11753
15474
11753
15482
11992
15480
11993
15480
11993
15481
11993
15482
11994
15482
12232
15479
12233
15479
12233
15480
9835
15483
10076
15483
10076
15484
10077
15484
10077
15485
10078
15485
10319
15485
10319
15486
10319
15487
10560
15487
10560
15488
10561
15488
10561
15489
10802
15489
10802
15490
10802
15494
11041
15492
11042
15492
11042
15493
11042
15494
11043
15494
11281
15491
11282
15491
11282
15492
11281
15495
11522
15495
11522
15496
11523
15496
11523
15497
11764
15497
11764
15498
11764
15499
12005
15499
12006
15499
12006
15500
12006
15501
12247
15501
12248
15501
12248
15502
9924
15503
10165
15503
10165
15504
10165
15505
10406
15505
10406
15506
10406
15507
10647
15507
10647
15508
10647
15509
10888
15509
10888
15510
10888
15511
11129
15511
11129
15512
11129
15513
11370
15513
11370
15514
11370
15515
11611
15515
11611
15516
11611
15517
11852
15517
11852
15518
9937
15519
10178
15519
10178
15520
10178
15521
10419
15521
10419
15522
10419
15523
10660
15523
10660
15524
10660
15525
10901
15525
10901
15526
10901
15527
11142
15527
11142
15528
11142
15529
11383
15529
11383
15530
11383
15531
11624
15531
11624
15532
11624
15533
11865
15533
11865
15534
9949
15535
10190
15535
10190
15536
10190
15537
10431
15537
10431
15538
10431
15539
10672
15539
10672
15540
10672
15541
10913
15541
10913
15542
10913
15543
11154
15543
11154
15544
11154
15545
11395
15545
11395
15546
11395
15547
11636
15547
11636
15548
11636
15549
11877
15549
11877
15550
9961
15551
10202
15551
10202
15552
10202
15553
10443
15553
10443
15554
10443
15555
10684
15555
10684
15556
10684
15557
10925
15557
10925
15558
10925
15559
11166
15559
11166
15560
11166
15561
11407
15561
11407
15562
11407
15563
11648
15563
11648
15564
11648
15565
11889
15565
11889
15566
9973
15567
10214
15567
10214
15568
10214
15569
10455
15569
10455
15570
10455
15571
10696
15571
10696
15572
10696
15573
10937
15573
10937
15574
10937
15575
11178
15575
11178
15576
11178
15577
11419
15577
11419
15578
11419
15579
11660
15579
11660
15580
11660
15581
11901
15581
11901
15582
9986
15583
10227
15583
10227
15584
10227
15585
10468
15585
10468
15586
10468
15587
10709
15587
10709
15588
10709
15589
10950
15589
10950
15590
10950
15591
11191
15591
11191
15592
11191
15593
11432
15593
11432
15594
11432
15595
11673
15595
11673
15596
11673
15597
11914
15597
11914
15598
9998
15599
10239
15599
10239
15600
10239
15601
10480
15601
10480
15602
10480
15603
10721
15603
10721
15604
10721
15605
10962
15605
10962
15606
10962
15607
11203
15607
11203
15608
11203
15609
11444
15609
11444
15610
11444
15611
11685
15611
11685
15612
11685
15613
11926
15613
11926
15614
10010
15615
10251
15615
10251
15616
10251
15617
10492
15617
10492
15618
10492
15619
10733
15619
10733
15620
10733
15621
10974
15621
10974
15622
10974
15623
10974
15624
11215
15624
11215
15625
11215
15626
11456
15626
11456
15627
11456
15628
11697
15628
11697
15629
11697
15630
11938
15630
11938
15631
10022
15632
10263
15632
10263
15633
10263
15634
10504
15634
10504
15635
10504
15636
10745
15636
10745
15637
10745
15638
10986
15638
10986
15639
10986
15640
11227
15640
11227
15641
11227
15642
11468
15642
11468
15643
11468
15644
11709
15644
11709
15645
11709
15646
11950
15646
11950
15647
10035
15648
10276
15648
10276
15649
10276
15650
10517
15650
10517
15651
10517
15652
10758
15652
10758
15653
10758
15654
10999
15654
10999
15655
10999
15656
11240
15656
11240
15657
11240
15658
11481
15658
11481
15659
11481
15660
11722
15660
11722
15661
11722
15662
11963
15662
11963
15663
10047
15664
10288
15664
10288
15665
10288
15666
10529
15666
10529
15667
10529
15668
10770
15668
10770
15669
10770
15670
11011
15670
11011
15671
11011
15672
11252
15672
11252
15673
11252
15674
11493
15674
11493
15675
11493
15676
11734
15676
11734
15677
11734
15678
11975
15678
11975
15679
10059
15680
10300
15680
10300
15681
10541
15681
10541
15682
10541
15683
10782
15683
10782
15684
10782
15685
11023
15685
11023
15686
11023
15687
11264
15687
11264
15688
11264
15689
11505
15689
11505
15690
11505
15691
11746
15691
11746
15692
11746
15693
11987
15693
11987
15694
10071
15695
10312
15695
10312
15696
10312
15697
10553
15697
10553
15698
10553
15699
10794
15699
10794
15700
10794
15701
11035
15701
11035
15702
11035
15703
11276
15703
11276
15704
11276
15705
11517
15705
11517
15706
11517
15707
11758
15707
11758
15708
11758
15709
11999
15709
11999
15710
10084
15711
10325
15711
10325
15712
10325
15713
10566
15713
10566
15714
10566
15715
10807
15715
10807
15716
10807
15717
11048
15717
11048
15718
11048
15719
11289
15719
11289
15720
11289
15721
11530
15721
11530
15722
11530
15723
11771
15723
11771
15724
11771
15725
12012
15725
12012
15726
2576
15728
2576
15729
2577
15729
2577
15730
2578
15730
2815
15727
2816
15727
2816
15728
2817
15728
393
15731
394
15731
394
15732
395
15732
395
15733
396
15733
397
15733
397
15734
398
15734
398
15735
399
15735
5158
15736
5159
15736
5159
15737
5400
15737
5400
15738
5401
15738
5401
15739
5642
15739
4787
15745
4787
15746
4788
15746
4788
15747
4789
15747
4790
15747
4790
15748
5024
15740
5025
15740
5025
15741
5025
15742
5026
15742
5026
15743
5027
15743
5027
15744
5028
15744
5028
15745
6275
15749
6276
15749
6276
15750
6517
15750
6518
15750
6518
15751
6518
15752
6519
15752
6760
15752
6760
15753
6761
15753
5186
15763
5426
15761
5426
15762
5427
15762
5427
15763
5666
15759
5666
15760
5667
15760
5667
15761
5906
15757
5906
15758
5907
15758
5907
15759
6146
15755
6146
15756
6147
15756
6147
15757
6386
15754
6387
15754
6387
15755
1671
15767
1671
15768
1672
15768
1673
15768
1673
15769
1674
15769
1674
15770
1675
15770
1675
15771
1676
15771
1907
15764
1908
15764
1908
15765
1909
15765
1910
15765
1910
15766
1911
15766
1911
15767
1912
15767
538
15772
539
15772
780
15772
781
15772
781
15773
782
15773
782
15774
783
15774
783
15775
784
15775
784
15776
1025
15776
1026
15776
1026
15777
1027
15777
1027
15778
1028
15778
1029
15778
1029
15779
1030
15779
1271
15779
462
15780
463
15780
463
15781
464
15781
465
15781
465
15782
466
15782
466
15783
467
15783
6528
15784
6529
15784
6529
15785
6530
15785
6530
15786
6531
15786
6531
15787
6532
15787
6773
15787
6773
15788
6774
15788
6774
15789
6775
15789
6775
15790
6776
15790
6776
15791
6777
15791
7018
15791
7019
15791
7019
15792
7020
15792
7020
15793
7021
15793
966
15794
966
15795
967
15795
1208
15795
1208
15796
1209
15796
1209
15797
1210
15797
1210
15798
1451
15798
1452
15798
6161
15799
6402
15799
6402
15800
6403
15800
6403
15801
6404
15801
6645
15801
6645
15802
6645
15803
6646
15803
6887
15803
6887
15804
6888
15804
6888
15805
7129
15805
7129
15806
7130
15806
2860
15807
2860
15808
3101
15808
3101
15809
3101
15810
3102
15810
3343
15810
3343
15811
3343
15812
3584
15812
3584
15813
3584
15814
3825
15814
3826
15814
4125
15821
4125
15822
4366
15820
4366
15821
4607
15818
4607
15819
4607
15820
4848
15816
4848
15817
4848
15818
5089
15815
5089
15816
5330
15815
4363
15823
4364
15823
4365
15823
4365
15824
4366
15824
4366
15825
4366
15826
4367
15826
4367
15827
4368
15827
4369
15827
4369
15828
4370
15828
605
15832
606
15832
606
15833
607
15833
843
15829
844
15829
844
15830
845
15830
845
15831
846
15831
846
15832
1084
15829
5595
15836
5595
15837
5596
15837
5832
15834
5833
15834
5833
15835
5834
15835
5835
15835
5835
15836
4265
15838
4266
15838
4266
15839
4267
15839
4508
15839
4508
15840
4509
15840
4509
15841
4750
15841
4750
15842
4751
15842
3272
15843
3273
15843
3273
15844
3274
15844
3515
15844
3515
15845
3515
15846
3516
15846
3517
15846
3517
15847
3518
15847
3518
15848
3759
15848
3760
15848
3760
15849
3761
15849
3761
15850
3762
15850
3762
15851
4003
15851
4004
15851
4004
15852
4005
15852
445
15853
446
15853
446
15854
447
15854
688
15854
688
15855
689
15855
689
15856
930
15856
931
15856
931
15857
931
15858
932
15858
1173
15858
1173
15859
1174
15859
1415
15859
1415
15860
1416
15860
1416
15861
1417
15861
1658
15861
1658
15862
1659
15862
2874
15863
2875
15863
2875
15864
3116
15864
3116
15865
3117
15865
3117
15866
3358
15866
3358
15867
5860
15874
5860
15875
5861
15875
6100
15872
6100
15873
6101
15873
6101
15874
6340
15871
6341
15871
6341
15872
6580
15868
6580
15869
6581
15869
6581
15870
6581
15871
6821
15868
4673
15883
4914
15881
4914
15882
4914
15883
5154
15880
5154
15881
5155
15881
5395
15878
5395
15879
5395
15880
5636
15877
5636
15878
5877
15876
5877
15877
280
15891
281
15891
281
15892
282
15892
282
15893
283
15893
519
15888
519
15889
520
15889
520
15890
521
15890
521
15891
757
15885
757
15886
758
15886
758
15887
759
15887
759
15888
760
15888
996
15884
997
15884
997
15885
998
15885
1932
15894
1932
15895
2173
15895
2174
15895
2174
15896
2174
15897
2415
15897
2416
15897
2416
15898
2416
15899
2658
15899
2658
15900
2659
15900
2659
15901
2900
15901
4353
15902
4353
15903
4354
15903
4595
15903
4595
15904
4595
15905
4836
15905
4837
15905
4837
15906
5078
15906
5078
15907
5079
15907
5079
15908
5320
15908
5320
15909
5321
15909
4111
15918
4111
15919
4112
15919
4346
15913
4347
15913
4347
15914
4348
15914
4348
15915
4349
15915
4349
15916
4350
15916
4350
15917
4351
15917
4351
15918
4352
15918
4584
15910
4585
15910
4585
15911
4586
15911
4586
15912
4587
15912
4587
15913
405
15920
406
15920
407
15920
407
15921
407
15922
408
15922
649
15922
649
15923
650
15923
650
15924
651
15924
651
15925
892
15925
893
15925
893
15926
894
15926
894
15927
895
15927
895
15928
1136
15928
1136
15929
1137
15929
1426
15930
1667
15930
1667
15931
1908
15931
1908
15932
1908
15933
1909
15933
2150
15933
2150
15934
2150
15935
2391
15935
2391
15936
2632
15936
2632
15937
2633
15937
261
15938
261
15939
502
15939
502
15940
502
15941
743
15941
4512
15942
4513
15942
4513
15943
4514
15943
4514
15944
4755
15944
4756
15944
4756
15945
4756
15946
4757
15946
4998
15946
4998
15947
4999
15947
4999
15948
5000
15948
5000
15949
5241
15949
5242
15949
5242
15950
5242
15951
5243
15951
5840
15960
5841
15960
5841
15961
6081
15958
6081
15959
6081
15960
6321
15956
6321
15957
6321
15958
6561
15954
6561
15955
6561
15956
6562
15956
6801
15952
6801
15953
6801
15954
6802
15954
7042
15952
4061
15965
4061
15966
4301
15964
4301
15965
4302
15965
4542
15963
4542
15964
4782
15962
4783
15962
4783
15963
5079
15976
5318
15974
5319
15974
5319
15975
5319
15976
5558
15972
5558
15973
5559
15973
5559
15974
5798
15971
5799
15971
5799
15972
6038
15969
6038
15970
6039
15970
6039
15971
6278
15967
6278
15968
6279
15968
6279
15969
6519
15967
6490
15977
6490
15978
6731
15978
6731
15979
6732
15979
6732
15980
6973
15980
6973
15981
6974
15981
7215
15981
369
15982
370
15982
370
15983
371
15983
371
15984
372
15984
372
15985
373
15985
374
15985
374
15986
375
15986
375
15987
376
15987
376
15988
377
15988
377
15989
378
15989
619
15989
619
15990
620
15990
620
15991
621
15991
622
15991
5345
16001
5585
15999
5585
16000
5586
16000
5586
16001
5825
15997
5825
15998
5826
15998
5826
15999
6065
15995
6065
15996
6066
15996
6066
15997
6305
15993
6305
15994
6306
15994
6306
15995
6545
15992
6546
15992
6546
15993
3216
16008
3216
16009
3217
16009
3455
16005
3455
16006
3456
16006
3456
16007
3456
16008
3457
16008
3693
16003
3694
16003
3694
16004
3695
16004
3695
16005
3933
16002
3934
16002
3934
16003
612
16010
613
16010
613
16011
854
16011
854
16012
854
16013
1095
16013
1096
16013
1096
16014
1096
16015
1337
16015
1337
16016
1337
16017
1579
16017
2781
16018
3022
16018
3022
16019
3023
16019
3023
16020
3264
16020
3264
16021
3265
16021
3506
16021
3506
16022
3507
16022
3507
16023
3748
16023
3748
16024
3749
16024
3749
16025
3990
16025
3990
16026
3991
16026
3991
16027
4232
16027
2502
16028
2502
16029
2503
16029
2744
16029
2744
16030
2745
16030
2745
16031
2746
16031
2987
16031
2987
16032
2988
16032
2988
16033
2988
16034
3230
16034
3230
16035
3231
16035
3231
16036
3472
16036
3473
16036
3473
16037
3858
16038
4099
16038
4099
16039
4100
16039
4100
16040
4101
16040
4101
16041
4102
16041
4102
16042
4103
16042
4103
16043
4344
16043
4345
16043
4345
16044
4345
16045
4346
16045
1608
16047
1609
16047
1609
16048
1610
16048
1610
16049
1611
16049
1848
16046
1849
16046
1849
16047
1488
16050
1489
16050
1489
16051
1490
16051
1490
16052
1491
16052
1491
16053
1492
16053
1492
16054
1493
16054
1493
16055
1494
16055
1494
16056
1495
16056
1495
16057
1496
16057
1737
16057
1738
16057
6435
16062
6675
16060
6675
16061
6676
16061
6676
16062
6916
16058
6916
16059
6916
16060
7157
16058
3410
16063
3410
16064
3411
16064
3411
16065
3652
16065
3652
16066
3653
16066
3653
16067
3654
16067
3654
16068
3895
16068
3895
16069
3896
16069
3896
16070
3897
16070
1677
16074
1677
16075
1917
16073
1918
16073
1918
16074
2158
16071
2158
16072
2158
16073
2399
16071
5910
16076
5911
16076
5911
16077
6152
16077
6152
16078
6393
16078
6393
16079
5481
16080
5482
16080
5482
16081
5723
16081
5723
16082
5724
16082
5724
16083
5965
16083
379
16084
380
16084
380
16085
381
16085
381
16086
381
16087
382
16087
623
16087
623
16088
624
16088
624
16089
625
16089
625
16090
626
16090
626
16091
867
16091
1568
16100
1568
16101
1569
16101
1801
16093
1801
16094
1802
16094
1802
16095
1803
16095
1804
16095
1804
16096
1805
16096
1805
16097
1806
16097
1806
16098
1807
16098
1807
16099
1808
16099
1808
16100
2040
16092
2041
16092
2041
16093
2042
16093
6167
16102
6168
16102
6409
16102
6409
16103
6409
16104
6410
16104
6651
16104
6651
16105
6651
16106
6892
16106
6892
16107
6893
16107
6893
16108
6893
16109
7134
16109
7135
16109
389
16110
390
16110
390
16111
391
16111
391
16112
392
16112
392
16113
634
16113
634
16114
635
16114
635
16115
636
16115
636
16116
637
16116
637
16117
638
16117
879
16117
4614
16118
4614
16119
4856
16119
4856
16120
5097
16120
5098
16120
5098
16121
5098
16122
5339
16122
5340
16122
5340
16123
5340
16124
5581
16124
5582
16124
5582
16125
545
16128
546
16128
546
16129
547
16129
547
16130
548
16130
784
16126
785
16126
785
16127
786
16127
786
16128
3086
16135
3086
16136
3087
16136
3087
16137
3088
16137
3088
16138
3089
16138
3322
16131
3323
16131
3323
16132
3324
16132
3324
16133
3325
16133
3325
16134
3326
16134
3326
16135
3327
16135
2690
16143
2690
16144
2691
16144
2691
16145
2692
16145
2692
16146
2693
16146
2926
16139
2927
16139
2927
16140
2928
16140
2928
16141
2929
16141
2929
16142
2930
16142
2930
16143
2931
16143
3167
16139
1172
16147
1172
16148
1413
16148
1413
16149
1654
16149
1654
16150
1895
16150
1895
16151
1896
16151
1896
16152
2137
16152
2137
16153
2378
16153
2378
16154
2378
16155
2619
16155
2619
16156
2860
16156
4224
16157
4224
16158
4465
16158
4465
16159
4466
16159
4466
16160
4707
16160
4707
16161
4479
16162
4480
16162
4480
16163
4481
16163
4481
16164
4722
16164
4723
16164
4723
16165
4724
16165
2413
16166
2413
16167
2654
16167
2654
16168
2655
16168
2896
16168
2896
16169
2896
16170
2896
16171
3137
16171
3137
16172
3378
16172
3378
16173
6466
16174
6467
16174
6467
16175
6468
16175
6468
16176
6469
16176
6470
16176
6470
16177
6711
16177
6712
16177
6712
16178
6713
16178
6714
16178
911
16183
1150
16182
1151
16182
1151
16183
1152
16183
1390
16179
1390
16180
1391
16180
1391
16181
1391
16182
1630
16179
1631
16179
5166
16190
5166
16191
5167
16191
5405
16188
5406
16188
5406
16189
5406
16190
5407
16190
5644
16185
5644
16186
5645
16186
5645
16187
5646
16187
5646
16188
5884
16184
5885
16184
5885
16185
4922
16192
5163
16192
5163
16193
5164
16193
5164
16194
5165
16194
5406
16194
5406
16195
5407
16195
5407
16196
5649
16196
5649
16197
5650
16197
5650
16198
5891
16198
5892
16198
5892
16199
4733
16200
4734
16200
4734
16201
4975
16201
4976
16201
4976
16202
4977
16202
4977
16203
4978
16203
4978
16204
4979
16204
4979
16205
4980
16205
4980
16206
4981
16206
4982
16206
4982
16207
4983
16207
4983
16208
4984
16208
4984
16209
4985
16209
1528
16216
1529
16216
1529
16217
1530
16217
1530
16218
1531
16218
1531
16219
1532
16219
1766
16212
1766
16213
1767
16213
1767
16214
1768
16214
1768
16215
1769
16215
1769
16216
2004
16210
2005
16210
2005
16211
2006
16211
2006
16212
2007
16212
3000
16221
3000
16222
3001
16222
3001
16223
3002
16223
3239
16220
3240
16220
3240
16221
3241
16221
6222
16224
6223
16224
6223
16225
6224
16225
6224
16226
6225
16226
6225
16227
6226
16227
6226
16228
6227
16228
6227
16229
6228
16229
6228
16230
6229
16230
6229
16231
6230
16231
6230
16232
6231
16232
6232
16232
6232
16233
6233
16233
4186
16234
4186
16235
4427
16235
4427
16236
4668
16236
4668
16237
4669
16237
4669
16238
4910
16238
255
16239
256
16239
256
16240
256
16241
257
16241
257
16242
258
16242
499
16242
499
16243
500
16243
500
16244
501
16244
501
16245
502
16245
502
16246
743
16246
744
16246
4705
16247
4705
16248
4946
16248
4947
16248
4947
16249
4947
16250
5188
16250
5188
16251
5189
16251
5430
16251
4698
16252
4699
16252
4699
16253
4940
16253
4941
16253
4941
16254
4942
16254
4942
16255
5183
16255
3316
16256
3557
16256
3558
16256
3558
16257
3559
16257
3559
16258
3560
16258
3560
16259
3561
16259
3561
16260
3802
16260
3803
16260
3803
16261
3804
16261
3804
16262
3805
16262
3805
16263
3396
16264
3397
16264
3638
16264
3638
16265
3639
16265
3639
16266
3880
16266
3880
16267
3881
16267
3881
16268
4122
16268
4123
16268
4123
16269
4123
16270
4124
16270
4365
16270
4365
16271
4366
16271
3984
16274
3985
16274
3985
16275
3986
16275
3986
16276
3987
16276
4222
16272
4223
16272
4223
16273
4224
16273
4224
16274
4225
16274
1413
16277
1414
16277
1414
16278
1655
16278
1656
16278
1656
16279
1657
16279
1658
16279
1658
16280
1659
16280
1900
16280
1900
16281
1901
16281
4825
16282
5067
16282
5067
16283
5067
16284
5308
16284
5309
16284
5309
16285
5309
16286
5550
16286
5550
16287
5551
16287
5792
16287
5792
16288
5792
16289
6033
16289
6034
16289
5488
16290
5729
16290
5730
16290
5730
16291
5731
16291
5731
16292
5972
16292
5972
16293
5973
16293
5973
16294
6214
16294
6215
16294
701
16301
701
16302
702
16302
939
16299
940
16299
940
16300
941
16300
941
16301
1178
16297
1179
16297
1179
16298
1180
16298
1180
16299
1417
16295
1418
16295
1418
16296
1419
16296
1419
16297
839
16311
839
16312
840
16312
1079
16310
1080
16310
1080
16311
1319
16308
1320
16308
1320
16309
1320
16310
1559
16306
1559
16307
1560
16307
1560
16308
1799
16305
1800
16305
1800
16306
2039
16303
2039
16304
2040
16304
2040
16305
2280
16303
363
16315
363
16316
604
16313
604
16314
604
16315
845
16313
3782
16324
3783
16324
3783
16325
3784
16325
3784
16326
3785
16326
4019
16320
4019
16321
4020
16321
4020
16322
4021
16322
4022
16322
4022
16323
4023
16323
4023
16324
4256
16317
4257
16317
4257
16318
4258
16318
4258
16319
4259
16319
4259
16320
4260
16320
4497
16317
6621
16327
6622
16327
6622
16328
6623
16328
6623
16329
6624
16329
6624
16330
6625
16330
6625
16331
6626
16331
6867
16331
6867
16332
6868
16332
6868
16333
6869
16333
6870
16333
6870
16334
6871
16334
6871
16335
6872
16335
6872
16336
6873
16336
1488
16337
1489
16337
1489
16338
1490
16338
1490
16339
1491
16339
1491
16340
1492
16340
1733
16340
1733
16341
1734
16341
1734
16342
1735
16342
1735
16343
1736
16343
1736
16344
1737
16344
4782
16345
4783
16345
4783
16346
5024
16346
5024
16347
5024
16348
5025
16348
5025
16349
5025
16350
5266
16350
5266
16351
5266
16352
5267
16352
5508
16352
5508
16353
5508
16354
5509
16354
4985
16355
4985
16356
5226
16356
5226
16357
5227
16357
5227
16358
5468
16358
5468
16359
5468
16360
5709
16360
5709
16361
5709
16362
5950
16362
5951
16362
1031
16363
1032
16363
1032
16364
1033
16364
1033
16365
1034
16365
1034
16366
1035
16366
1035
16367
1035
16368
1036
16368
1036
16369
1037
16369
1037
16370
1038
16370
2143
16371
2144
16371
2144
16372
2145
16372
2145
16373
2145
16374
2146
16374
2387
16374
2387
16375
2388
16375
2388
16376
2389
16376
2389
16377
2390
16377
2390
16378
2391
16378
3824
16387
3824
16388
3825
16388
4064
16385
4064
16386
4065
16386
4065
16387
4304
16384
4304
16385
4305
16385
4544
16382
4544
16383
4545
16383
4545
16384
4784
16380
4784
16381
4785
16381
4785
16382
5024
16379
5024
16380
5025
16380
4760
16396
4761
16396
4761
16397
4762
16397
4762
16398
4763
16398
4991
16389
4992
16389
4992
16390
4993
16390
4993
16391
4994
16391
4995
16391
4995
16392
4996
16392
4996
16393
4997
16393
4997
16394
4998
16394
4998
16395
4999
16395
5000
16395
5000
16396
5001
16396
4255
16399
4256
16399
4256
16400
4257
16400
4257
16401
4498
16401
4499
16401
4499
16402
4499
16403
4500
16403
4500
16404
4501
16404
4501
16405
4742
16405
4743
16405
4743
16406
4744
16406
4015
16410
4015
16411
4016
16411
4254
16408
4255
16408
4255
16409
4255
16410
4256
16410
4494
16407
4495
16407
4495
16408
2413
16412
2414
16412
2655
16412
2655
16413
2656
16413
2656
16414
2657
16414
2657
16415
2658
16415
2659
16415
2887
16416
2888
16416
2888
16417
2888
16418
2889
16418
2889
16419
3128
16416
1013
16424
1014
16424
1252
16421
1252
16422
1253
16422
1253
16423
1254
16423
1254
16424
1492
16420
1492
16421
1493
16421
5762
16425
5763
16425
5763
16426
6004
16426
6005
16426
6005
16427
6005
16428
6006
16428
6247
16428
6247
16429
6248
16429
2260
16439
2261
16439
2498
16436
2499
16436
2499
16437
2500
16437
2500
16438
2737
16434
2738
16434
2738
16435
2739
16435
2739
16436
2976
16432
2977
16432
2977
16433
2978
16433
2978
16434
3215
16430
3216
16430
3216
16431
3217
16431
3217
16432
3456
16430
4563
16445
4563
16446
4564
16446
4564
16447
4565
16447
4801
16442
4802
16442
4802
16443
4802
16444
4803
16444
4803
16445
4804
16445
5040
16440
5040
16441
5041
16441
5042
16441
5042
16442
2824
16448
2824
16449
2825
16449
2825
16450
2826
16450
2826
16451
2827
16451
2828
16451
2828
16452
2829
16452
3064
16448
3065
16448
4559
16462
4798
16460
4798
16461
4799
16461
4799
16462
4800
16462
5037
16457
5037
16458
5038
16458
5038
16459
5038
16460
5039
16460
5275
16455
5276
16455
5276
16456
5277
16456
5277
16457
5514
16453
5515
16453
5515
16454
5516
16454
5516
16455
2209
16467
2210
16467
2449
16465
2449
16466
2450
16466
2450
16467
2688
16463
2689
16463
2689
16464
2689
16465
2690
16465
3344
16468
3345
16468
3346
16468
3346
16469
3587
16469
3588
16469
3588
16470
3589
16470
3589
16471
3590
16471
3591
16471
3591
16472
3591
16473
3592
16473
3592
16474
3593
16474
3594
16474
3594
16475
3835
16475
3836
16475
3836
16476
3837
16476
3837
16477
3838
16477
4166
16480
4167
16480
4167
16481
4168
16481
4168
16482
4169
16482
4405
16478
4406
16478
4406
16479
4407
16479
4407
16480
1781
16489
1781
16490
1782
16490
2020
16487
2021
16487
2021
16488
2021
16489
2022
16489
2260
16485
2260
16486
2261
16486
2261
16487
2499
16483
2500
16483
2500
16484
2501
16484
2501
16485
5913
16491
6154
16491
6154
16492
6155
16492
6155
16493
6396
16493
6396
16494
6637
16494
6637
16495
6638
16495
5027
16496
5268
16496
5268
16497
5268
16498
5509
16498
5510
16498
5510
16499
5751
16499
5751
16500
5751
16501
5992
16501
5992
16502
5993
16502
5993
16503
6234
16503
1218
16504
1219
16504
1219
16505
1220
16505
1461
16505
1461
16506
1462
16506
1463
16506
1463
16507
1464
16507
1464
16508
1705
16508
1706
16508
406
16509
647
16509
648
16509
648
16510
649
16510
649
16511
650
16511
891
16511
891
16512
892
16512
5022
16513
5023
16513
5023
16514
5024
16514
5024
16515
5024
16516
5024
16517
5025
16517
5025
16518
5266
16518
5266
16519
5267
16519
5268
16519
5268
16520
5268
16521
5269
16521
5269
16522
5270
16522
5270
16523
5271
16523
5512
16523
5512
16524
5513
16524
5654
16529
5894
16527
5895
16527
5895
16528
5895
16529
6135
16525
6135
16526
6135
16527
6375
16525
6376
16525
4619
16530
4620
16530
4620
16531
4861
16531
4861
16532
4862
16532
4862
16533
4863
16533
5104
16533
5104
16534
5105
16534
5105
16535
5346
16535
5346
16536
5347
16536
5347
16537
5348
16537
5348
16538
5589
16538
5589
16539
5590
16539
2525
16540
2526
16540
2526
16541
2527
16541
2527
16542
2528
16542
2528
16543
2529
16543
2529
16544
2530
16544
426
16545
668
16545
668
16546
668
16547
909
16547
909
16548
1150
16548
1150
16549
1150
16550
1391
16550
1391
16551
1391
16552
1632
16552
1632
16553
1633
16553
1633
16554
1874
16554
2532
16555
2773
16555
2774
16555
2774
16556
2774
16557
2775
16557
2775
16558
3016
16558
3017
16558
3017
16559
3018
16559
3018
16560
3259
16560
3260
16560
3260
16561
3261
16561
3261
16562
3502
16562
3503
16562
3503
16563
3503
16564
3503
16565
3504
16565
3745
16565
3745
16566
3746
16566
830
16576
1067
16573
1068
16573
1068
16574
1069
16574
1069
16575
1070
16575
1070
16576
1305
16569
1305
16570
1306
16570
1306
16571
1307
16571
1307
16572
1308
16572
1308
16573
1543
16567
1544
16567
1544
16568
1545
16568
1545
16569
1546
16569
4990
16580
4991
16580
4991
16581
4992
16581
5230
16578
5230
16579
5231
16579
5231
16580
5470
16577
5471
16577
5471
16578
3332
16582
3333
16582
3333
16583
3334
16583
3334
16584
3335
16584
3335
16585
3336
16585
3336
16586
3337
16586
3337
16587
3338
16587
3338
16588
3339
16588
3339
16589
3340
16589
3341
16589
3341
16590
3342
16590
3342
16591
3343
16591
1360
16600
1360
16601
1601
16599
1601
16600
1841
16597
1842
16597
1842
16598
1842
16599
2082
16595
2082
16596
2082
16597
2323
16594
2323
16595
2564
16592
2564
16593
2564
16594
2805
16592
3349
16602
3590
16602
3590
16603
3591
16603
3591
16604
3832
16604
3832
16605
3832
16606
4073
16606
4073
16607
4073
16608
4314
16608
4314
16609
5551
16614
5792
16613
5792
16614
6032
16611
6033
16611
6033
16612
6033
16613
6273
16610
6273
16611
6514
16610
4041
16620
4041
16621
4042
16621
4042
16622
4279
16617
4280
16617
4280
16618
4280
16619
4281
16619
4281
16620
4282
16620
4518
16615
4519
16615
4519
16616
4520
16616
4520
16617
4892
16623
4893
16623
4893
16624
4894
16624
4894
16625
5135
16625
5135
16626
5136
16626
5136
16627
5137
16627
5378
16627
5378
16628
5379
16628
5379
16629
5379
16630
5380
16630
5621
16630
810
16631
1052
16631
1052
16632
1052
16633
1053
16633
1294
16633
1294
16634
1295
16634
1295
16635
1536
16635
1536
16636
1537
16636
1537
16637
1778
16637
1778
16638
1779
16638
920
16642
920
16643
1161
16641
1161
16642
1402
16639
1402
16640
1402
16641
1643
16639
3686
16647
3925
16645
3925
16646
3926
16646
3926
16647
4164
16644
4165
16644
4165
16645
2857
16648
2857
16649
2858
16649
3099
16649
3099
16650
3100
16650
3100
16651
3101
16651
3101
16652
3342
16652
3343
16652
3343
16653
3343
16654
3344
16654
3344
16655
3585
16655
3586
16655
5464
16656
5465
16656
5706
16656
5706
16657
5707
16657
5707
16658
5948
16658
5949
16658
5949
16659
6190
16659
6190
16660
6191
16660
1731
16661
1732
16661
1732
16662
1974
16662
1974
16663
1975
16663
1976
16663
1976
16664
1977
16664
1977
16665
1978
16665
4439
16667
4439
16668
4440
16668
4440
16669
4441
16669
4441
16670
4442
16670
4443
16670
4443
16671
4443
16672
4444
16672
4444
16673
4445
16673
4679
16666
4679
16667
4680
16667
4620
16674
4621
16674
4621
16675
4622
16675
4622
16676
4623
16676
4864
16676
4865
16676
4865
16677
4866
16677
4866
16678
4867
16678
4867
16679
4868
16679
4869
16679
4869
16680
4870
16680
4870
16681
4871
16681
5112
16681
5112
16682
5113
16682
5114
16682
5114
16683
5115
16683
741
16684
982
16684
983
16684
983
16685
983
16686
1224
16686
1224
16687
1224
16688
1465
16688
5865
16691
5866
16691
5866
16692
5867
16692
6105
16689
6105
16690
6106
16690
6106
16691
6346
16689
613
16693
613
16694
614
16694
855
16694
856
16694
856
16695
857
16695
857
16696
858
16696
432
16702
432
16703
432
16704
433
16704
671
16700
671
16701
672
16701
672
16702
911
16698
911
16699
912
16699
912
16700
1151
16697
1151
16698
1237
16705
1478
16705
1479
16705
1479
16706
1720
16706
1721
16706
1721
16707
1721
16708
1722
16708
1963
16708
1963
16709
1964
16709
752
16717
991
16715
992
16715
992
16716
992
16717
993
16717
1231
16713
1231
16714
1232
16714
1232
16715
1470
16711
1470
16712
1471
16712
1471
16713
1472
16713
1709
16710
1710
16710
1710
16711
1711
16711
2459
16718
2460
16718
2460
16719
2461
16719
2461
16720
2462
16720
2463
16720
2463
16721
2464
16721
2464
16722
2465
16722
2466
16722
2924
16723
3165
16723
3165
16724
3407
16724
3407
16725
3407
16726
3648
16726
3648
16727
3649
16727
6402
16728
6403
16728
6403
16729
6404
16729
6404
16730
6405
16730
6646
16730
6646
16731
6647
16731
6648
16731
1259
16732
1260
16732
1501
16732
1502
16732
1502
16733
1503
16733
1503
16734
1504
16734
1504
16735
1745
16735
1746
16735
1746
16736
1747
16736
1747
16737
1748
16737
1989
16737
1989
16738
1990
16738
1990
16739
1991
16739
1991
16740
1992
16740
2233
16740
2233
16741
2234
16741
3469
16749
3469
16750
3470
16750
3470
16751
3708
16747
3709
16747
3709
16748
3709
16749
3710
16749
3948
16745
3948
16746
3949
16746
3949
16747
4188
16743
4188
16744
4189
16744
4189
16745
4428
16742
4429
16742
4429
16743
5854
16752
6095
16752
6095
16753
6336
16753
6336
16754
6336
16755
6577
16755
6577
16756
6577
16757
6818
16757
6818
16758
6819
16758
6819
16759
7060
16759
2241
16760
2242
16760
2483
16760
2483
16761
2483
16762
2724
16762
2724
16763
2965
16763
2965
16764
2965
16765
3206
16765
3206
16766
3207
16766
3448
16766
3448
16767
3689
16767
3689
16768
3689
16769
3930
16769
4313
16774
4553
16773
4553
16774
4554
16774
4793
16771
4793
16772
4794
16772
4794
16773
5033
16770
5033
16771
5034
16771
2805
16775
2806
16775
3047
16775
3047
16776
3047
16777
3288
16777
3289
16777
3289
16778
3530
16778
3530
16779
3531
16779
1777
16783
1777
16784
1778
16784
2016
16781
2016
16782
2017
16782
2017
16783
2018
16783
2256
16780
2257
16780
2257
16781
5073
16785
5074
16785
5315
16785
5315
16786
5316
16786
5316
16787
5317
16787
5317
16788
5318
16788
5319
16788
5319
16789
5320
16789
5320
16790
5320
16791
5321
16791
5322
16791
5322
16792
5323
16792
5323
16793
5324
16793
5324
16794
5325
16794
6095
16795
6336
16795
6336
16796
6336
16797
6577
16797
6577
16798
6577
16799
6818
16799
6432
16800
6673
16800
6674
16800
6674
16801
6674
16802
6916
16802
6916
16803
6917
16803
6917
16804
7158
16804
7159
16804
5700
16805
5701
16805
5701
16806
5702
16806
5702
16807
5703
16807
5944
16807
5944
16808
5945
16808
5945
16809
5946
16809
5946
16810
5947
16810
5947
16811
5948
16811
5948
16812
5949
16812
4606
16813
4847
16813
4847
16814
4847
16815
4848
16815
5089
16815
5089
16816
5089
16817
5330
16817
5330
16818
5331
16818
5331
16819
5572
16819
5572
16820
5572
16821
5573
16821
5814
16821
5814
16822
526
16823
527
16823
527
16824
528
16824
528
16825
529
16825
529
16826
530
16826
771
16826
772
16826
772
16827
773
16827
773
16828
774
16828
774
16829
775
16829
775
16830
1016
16830
1017
16830
2311
16831
2312
16831
2312
16832
2553
16832
2553
16833
2554
16833
2795
16833
2795
16834
2795
16835
3036
16835
5533
16837
5534
16837
5534
16838
5535
16838
5535
16839
5536
16839
5536
16840
5537
16840
5537
16841
5538
16841
5538
16842
5539
16842
5539
16843
5540
16843
5773
16836
5774
16836
5774
16837
1059
16844
1300
16844
1300
16845
1301
16845
1301
16846
1542
16846
1543
16846
1543
16847
2074
16848
2075
16848
2075
16849
2316
16849
2316
16850
2317
16850
2317
16851
2558
16851
2559
16851
2559
16852
2559
16853
2560
16853
2560
16854
2801
16854
2802
16854
2802
16855
3043
16855
3043
16856
3044
16856
3044
16857
3045
16857
6966
16858
6967
16858
6967
16859
6968
16859
6968
16860
6969
16860
6969
16861
6970
16861
6970
16862
6970
16863
6971
16863
7212
16863
7212
16864
7213
16864
7213
16865
7214
16865
5337
16869
5578
16868
5578
16869
5819
16866
5819
16867
5819
16868
6060
16866
4410
16870
4411
16870
4411
16871
4412
16871
4412
16872
4413
16872
4413
16873
4414
16873
4415
16873
4415
16874
4416
16874
4416
16875
4417
16875
4417
16876
4418
16876
4418
16877
4419
16877
4420
16877
4420
16878
4421
16878
4421
16879
4422
16879
2557
16884
2558
16884
2558
16885
2559
16885
2559
16886
2560
16886
2560
16887
2561
16887
2792
16880
2793
16880
2794
16880
2794
16881
2795
16881
2795
16882
2796
16882
2796
16883
2797
16883
2797
16884
1186
16888
1186
16889
1427
16889
1427
16890
1427
16891
1668
16891
1668
16892
5456
16901
5457
16901
5457
16902
5458
16902
5458
16903
5459
16903
5693
16896
5693
16897
5694
16897
5694
16898
5695
16898
5695
16899
5696
16899
5696
16900
5697
16900
5697
16901
5931
16893
5932
16893
5932
16894
5933
16894
5933
16895
5934
16895
5934
16896
4707
16906
4707
16907
4707
16908
4708
16908
4709
16908
4943
16904
4944
16904
4945
16904
4945
16905
4946
16905
4947
16905
4947
16906
4948
16906
4100
16909
4341
16909
4342
16909
4342
16910
4342
16911
4343
16911
4343
16912
4344
16912
4344
16913
4585
16913
4586
16913
4586
16914
4587
16914
4587
16915
4588
16915
4588
16916
4829
16916
4830
16916
749
16921
984
16917
985
16917
985
16918
986
16918
986
16919
987
16919
987
16920
988
16920
989
16920
989
16921
990
16921
330
16922
331
16922
331
16923
332
16923
332
16924
333
16924
333
16925
334
16925
334
16926
335
16926
335
16927
336
16927
336
16928
337
16928
337
16929
338
16929
579
16929
3500
16936
3501
16936
3501
16937
3502
16937
3502
16938
3503
16938
3503
16939
3503
16940
3504
16940
3733
16930
3734
16930
3735
16930
3735
16931
3736
16931
3736
16932
3737
16932
3737
16933
3738
16933
3738
16934
3739
16934
3739
16935
3740
16935
3741
16935
3741
16936
6891
16942
6891
16943
6892
16943
6893
16943
6893
16944
7131
16941
7132
16941
7132
16942
1306
16945
1306
16946
1307
16946
1548
16946
1548
16947
1548
16948
1790
16948
1790
16949
2031
16949
2031
16950
2032
16950
2032
16951
2273
16951
2274
16951
2274
16952
4942
16957
5181
16954
5181
16955
5182
16955
5182
16956
5182
16957
5420
16953
5421
16953
5421
16954
5422
16954
5994
16958
5995
16958
5995
16959
5996
16959
5996
16960
5997
16960
5997
16961
5998
16961
5998
16962
5999
16962
5999
16963
5999
16964
6000
16964
6000
16965
6001
16965
581
16966
582
16966
582
16967
583
16967
583
16968
824
16968
825
16968
825
16969
826
16969
826
16970
827
16970
827
16971
1068
16971
1068
16972
1069
16972
1069
16973
1070
16973
4800
16978
4801
16978
4801
16979
4802
16979
5039
16974
5039
16975
5040
16975
5040
16976
5040
16977
5041
16977
5041
16978
5279
16974
5280
16974
5336
16987
5337
16987
5576
16985
5576
16986
5577
16986
5577
16987
5816
16983
5816
16984
5816
16985
5817
16985
6055
16981
6055
16982
6056
16982
6056
16983
6057
16983
6295
16980
6295
16981
6296
16981
4361
16991
4361
16992
4601
16990
4601
16991
4602
16991
4841
16988
4841
16989
4841
16990
4842
16990
5081
16988
1207
16997
1448
16995
1448
16996
1448
16997
1689
16993
1689
16994
1689
16995
1930
16993
406
17003
406
17004
407
17004
407
17005
645
17001
646
17001
646
17002
646
17003
647
17003
884
16999
885
16999
885
17000
886
17000
886
17001
1125
16998
1125
16999
5944
17006
5945
17006
5945
17007
5946
17007
6187
17007
6187
17008
6188
17008
6188
17009
6189
17009
6189
17010
6190
17010
6190
17011
6191
17011
6191
17012
6192
17012
6192
17013
6433
17013
6434
17013
1944
17014
1945
17014
1945
17015
1946
17015
2187
17015
2187
17016
2188
17016
2189
17016
2189
17017
2190
17017
2190
17018
2431
17018
2432
17018
2432
17019
2433
17019
2433
17020
2434
17020
2434
17021
2435
17021
2676
17021
4196
17022
4196
17023
4437
17023
4437
17024
4437
17025
4678
17025
4678
17026
4678
17027
4919
17027
4919
17028
4920
17028
5161
17028
5161
17029
5161
17030
5402
17030
934
17031
935
17031
935
17032
936
17032
936
17033
1177
17033
1178
17033
1178
17034
1179
17034
1179
17035
1180
17035
1180
17036
1180
17037
1181
17037
1422
17037
1422
17038
1423
17038
317
17043
552
17039
553
17039
553
17040
554
17040
555
17040
555
17041
556
17041
556
17042
557
17042
557
17043
558
17043
608
17044
849
17044
850
17044
850
17045
850
17046
851
17046
1092
17046
1092
17047
1093
17047
1093
17048
1094
17048
1335
17048
5151
17058
5390
17056
5390
17057
5391
17057
5391
17058
5629
17055
5630
17055
5630
17056
5631
17056
5869
17053
5869
17054
5870
17054
5870
17055
6108
17051
6109
17051
6109
17052
6109
17053
6110
17053
6347
17049
6348
17049
6348
17050
6349
17050
6349
17051
6588
17049
2881
17066
3121
17064
3121
17065
3121
17066
3122
17066
3361
17062
3361
17063
3362
17063
3362
17064
3602
17060
3602
17061
3602
17062
3842
17059
3843
17059
3843
17060
1328
17067
1329
17067
1329
17068
1330
17068
1330
17069
1331
17069
1332
17069
1332
17070
1333
17070
1574
17070
1574
17071
1575
17071
2835
17072
2836
17072
2836
17073
2836
17074
2837
17074
2838
17074
2838
17075
2839
17075
2839
17076
3080
17076
3081
17076
3081
17077
3082
17077
3082
17078
3083
17078
3083
17079
3084
17079
3085
17079
3085
17080
3086
17080
4873
17081
5114
17081
5114
17082
5114
17083
5355
17083
5355
17084
5596
17084
5596
17085
5596
17086
5837
17086
5837
17087
5837
17088
6078
17088
6078
17089
6078
17090
6319
17090
3658
17091
3659
17091
3659
17092
3660
17092
3660
17093
3661
17093
3662
17093
3662
17094
3903
17094
3904
17094
3904
17095
3905
17095
3905
17096
3906
17096
3906
17097
4147
17097
4148
17097
4148
17098
4149
17098
5814
17102
6055
17101
6055
17102
6295
17099
6295
17100
6296
17100
6296
17101
6536
17099
2628
17103
2629
17103
2629
17104
2870
17104
2871
17104
2871
17105
2872
17105
2872
17106
2873
17106
2873
17107
3114
17107
3115
17107
3115
17108
3116
17108
3116
17109
3117
17109
3358
17109
3358
17110
3359
17110
3359
17111
3360
17111
3601
17111
3601
17112
3602
17112
3602
17113
430
17114
671
17114
672
17114
672
17115
672
17116
913
17116
914
17116
914
17117
1155
17117
1155
17118
1156
17118
5453
17122
5694
17121
5694
17122
5935
17119
5935
17120
5935
17121
6175
17119
3369
17129
3369
17130
3609
17127
3609
17128
3609
17129
3610
17129
3850
17125
3850
17126
3850
17127
4091
17123
4091
17124
4091
17125
4331
17123
834
17135
1075
17133
1075
17134
1075
17135
1315
17132
1316
17132
1316
17133
1556
17131
1556
17132
6248
17136
6490
17136
6490
17137
6490
17138
6731
17138
6732
17138
6732
17139
4788
17148
4788
17149
4789
17149
4790
17149
4790
17150
4791
17150
5025
17145
5026
17145
5026
17146
5027
17146
5027
17147
5028
17147
5028
17148
5029
17148
5262
17141
5263
17141
5263
17142
5264
17142
5264
17143
5265
17143
5266
17143
5266
17144
5266
17145
5502
17140
5503
17140
5503
17141
4446
17151
4446
17152
4447
17152
4447
17153
4688
17153
4689
17153
4689
17154
4689
17155
4690
17155
4931
17155
4931
17156
4932
17156
4932
17157
4932
17158
4933
17158
5174
17158
1876
17159
1877
17159
2118
17159
2118
17160
2119
17160
2120
17160
2120
17161
2361
17161
2362
17161
2362
17162
2363
17162
2363
17163
2604
17163
2605
17163
2605
17164
2606
17164
2606
17165
2606
17166
2848
17166
2848
17167
2849
17167
2849
17168
2850
17168
3091
17168
3091
17169
3092
17169
4288
17179
4528
17178
4528
17179
4529
17179
4768
17176
4768
17177
4769
17177
4769
17178
5008
17174
5008
17175
5009
17175
5009
17176
5248
17172
5248
17173
5248
17174
5249
17174
5488
17171
5488
17172
5489
17172
5728
17170
5729
17170
5729
17171
348
17180
349
17180
350
17180
350
17181
351
17181
351
17182
352
17182
352
17183
353
17183
594
17183
594
17184
595
17184
596
17184
571
17192
572
17192
811
17190
812
17190
812
17191
812
17192
1052
17188
1052
17189
1052
17190
1292
17186
1292
17187
1292
17188
1293
17188
1532
17185
1533
17185
1533
17186
5692
17193
5693
17193
5693
17194
5935
17194
5935
17195
5936
17195
5937
17195
5937
17196
5938
17196
5938
17197
5939
17197
6804
17200
6804
17201
6805
17201
6805
17202
6806
17202
6806
17203
6807
17203
6807
17204
6808
17204
6809
17204
6809
17205
6810
17205
7042
17198
7043
17198
7043
17199
7044
17199
7044
17200
7045
17200
1568
17206
1568
17207
1809
17207
1809
17208
2050
17208
2051
17208
2051
17209
2292
17209
2292
17210
2292
17211
2533
17211
2533
17212
2533
17213
2774
17213
2774
17214
2774
17215
3015
17215
3015
17216
3016
17216
570
17226
802
17220
803
17220
804
17220
804
17221
805
17221
805
17222
806
17222
806
17223
807
17223
808
17223
808
17224
809
17224
809
17225
810
17225
810
17226
1039
17217
1040
17217
1041
17217
1041
17218
1042
17218
1042
17219
1043
17219
1043
17220
5914
17229
5914
17230
5915
17230
5915
17231
5916
17231
6152
17227
6153
17227
6153
17228
6154
17228
6154
17229
6155
17229
6393
17227
365
17232
366
17232
366
17233
367
17233
367
17234
368
17234
368
17235
369
17235
4554
17236
4795
17236
4795
17237
4796
17237
4796
17238
4797
17238
4797
17239
5038
17239
5038
17240
5039
17240
5040
17240
5040
17241
5040
17242
5040
17243
5041
17243
5282
17243
5282
17244
5283
17244
4164
17249
4403
17247
4403
17248
4404
17248
4404
17249
4405
17249
4643
17245
4643
17246
4644
17246
4644
17247
4883
17245
4884
17245
3361
17256
3361
17257
3362
17257
3363
17257
3600
17253
3600
17254
3601
17254
3601
17255
3602
17255
3602
17256
3839
17250
3839
17251
3840
17251
3840
17252
3841
17252
3841
17253
4079
17250
4080
17250
811
17260
812
17260
812
17261
813
17261
813
17262
814
17262
814
17263
815
17263
815
17264
816
17264
816
17265
817
17265
1049
17258
1050
17258
1050
17259
1051
17259
1052
17259
1052
17260
5771
17266
5772
17266
6013
17266
6013
17267
6014
17267
6014
17268
6015
17268
6015
17269
6016
17269
6257
17269
6257
17270
6258
17270
6258
17271
6259
17271
6259
17272
6260
17272
6501
17272
6501
17273
6502
17273
2066
17274
2067
17274
2068
17274
2068
17275
2069
17275
2069
17276
2070
17276
2070
17277
2071
17277
2071
17278
2072
17278
2073
17278
2073
17279
2074
17279
2075
17279
2075
17280
2316
17280
2316
17281
2317
17281
2318
17281
2318
17282
2319
17282
2319
17283
2320
17283
4195
17286
4196
17286
4196
17287
4196
17288
4197
17288
4433
17284
4434
17284
4434
17285
4435
17285
4435
17286
4436
17286
822
17292
822
17293
1062
17290
1062
17291
1062
17292
1063
17292
1302
17289
1302
17290
1303
17290
1433
17298
1673
17296
1674
17296
1674
17297
1674
17298
1914
17295
1914
17296
2154
17294
2154
17295
2155
17295
2395
17294
4547
17299
4788
17299
4789
17299
4790
17299
4790
17300
4790
17301
4791
17301
5032
17301
5032
17302
5033
17302
5033
17303
5034
17303
5034
17304
5035
17304
5276
17304
5277
17304
5277
17305
5278
17305
5278
17306
5279
17306
5279
17307
5520
17307
5521
17307
5521
17308
5522
17308
3557
17309
3558
17309
3799
17309
3799
17310
3800
17310
3800
17311
4041
17311
4042
17311
4042
17312
4042
17313
4043
17313
4284
17313
4284
17314
4285
17314
4285
17315
4286
17315
4286
17316
4527
17316
4707
17317
4948
17317
4948
17318
4949
17318
4949
17319
5190
17319
5190
17320
5191
17320
5191
17321
5432
17321
6095
17322
6095
17323
6096
17323
6337
17323
6337
17324
6338
17324
6339
17324
6339
17325
6340
17325
6340
17326
6581
17326
6581
17327
6582
17327
6583
17327
6583
17328
6584
17328
6825
17328
6825
17329
6826
17329
6826
17330
6827
17330
6827
17331
7068
17331
7069
17331
6207
17335
6207
17336
6208
17336
6208
17337
6209
17337
6209
17338
6210
17338
6210
17339
6211
17339
6445
17332
6446
17332
6446
17333
6447
17333
6447
17334
6448
17334
6448
17335
3672
17343
3672
17344
3912
17342
3913
17342
3913
17343
4153
17340
4153
17341
4153
17342
4394
17340
1747
17351
1747
17352
1748
17352
1987
17349
1988
17349
1988
17350
1988
17351
2228
17347
2228
17348
2228
17349
2468
17345
2468
17346
2468
17347
2469
17347
2709
17345
3964
17353
3965
17353
3965
17354
3966
17354
3966
17355
4207
17355
4207
17356
4208
17356
4208
17357
4209
17357
669
17358
670
17358
670
17359
911
17359
911
17360
911
17361
1153
17361
1153
17362
1394
17362
4956
17369
4956
17370
5197
17367
5197
17368
5197
17369
5438
17366
5438
17367
5679
17364
5679
17365
5679
17366
5919
17363
5919
17364
5920
17364
2377
17371
2618
17371
2619
17371
2619
17372
2620
17372
2620
17373
2862
17373
2862
17374
2863
17374
3586
17382
3586
17383
3587
17383
3587
17384
3588
17384
3825
17380
3825
17381
3826
17381
3826
17382
3827
17382
4064
17378
4064
17379
4065
17379
4065
17380
4066
17380
4303
17377
4304
17377
4304
17378
4305
17378
4542
17375
4543
17375
4543
17376
4544
17376
4544
17377
4783
17375
2075
17393
2075
17394
2315
17392
2315
17393
2316
17393
2556
17391
2556
17392
2797
17389
2797
17390
2797
17391
3038
17387
3038
17388
3038
17389
3279
17385
3279
17386
3279
17387
3520
17385
4759
17395
4760
17395
4761
17395
4761
17396
5002
17396
5002
17397
5003
17397
5003
17398
5004
17398
5245
17398
5245
17399
5246
17399
943
17406
944
17406
944
17407
945
17407
1180
17402
1180
17403
1181
17403
1182
17403
1182
17404
1183
17404
1183
17405
1184
17405
1184
17406
1418
17400
1419
17400
1419
17401
1420
17401
1421
17401
1421
17402
6132
17408
6132
17409
6133
17409
6133
17410
6374
17410
6375
17410
6375
17411
6375
17412
6376
17412
6617
17412
6617
17413
6617
17414
6618
17414
6618
17415
6619
17415
6860
17415
6887
17417
6888
17417
6888
17418
6888
17419
6889
17419
7127
17416
7128
17416
7128
17417
651
17429
888
17425
888
17426
889
17426
889
17427
890
17427
890
17428
891
17428
891
17429
892
17429
1126
17422
1127
17422
1127
17423
1128
17423
1128
17424
1128
17425
1129
17425
1365
17420
1366
17420
1366
17421
1367
17421
1367
17422
2284
17430
2285
17430
2285
17431
2526
17431
2526
17432
2527
17432
2527
17433
2768
17433
2769
17433
2769
17434
2769
17435
2770
17435
3011
17435
3011
17436
3012
17436
3012
17437
3253
17437
3254
17437
3254
17438
3254
17439
3495
17439
3496
17439
3718
17441
3718
17442
3719
17442
3720
17442
3720
17443
3721
17443
3957
17440
3958
17440
3958
17441
3959
17441
2412
17444
2412
17445
2653
17445
2653
17446
2654
17446
2654
17447
2895
17447
2895
17448
2896
17448
2896
17449
2896
17450
3137
17450
3137
17451
3138
17451
3379
17451
4250
17452
4491
17452
4491
17453
4492
17453
4492
17454
4733
17454
4733
17455
4734
17455
3558
17456
3559
17456
3559
17457
3800
17457
3801
17457
3801
17458
3802
17458
3802
17459
3803
17459
3803
17460
3804
17460
246
17467
246
17468
247
17468
486
17465
486
17466
487
17466
487
17467
726
17463
726
17464
727
17464
727
17465
966
17461
966
17462
967
17462
967
17463
6500
17469
6742
17469
6742
17470
6743
17470
6743
17471
6984
17471
6985
17471
6985
17472
6986
17472
6986
17473
7227
17473
5801
17474
6042
17474
6042
17475
6043
17475
6043
17476
6284
17476
6284
17477
6525
17477
6525
17478
6526
17478
6526
17479
6767
17479
6767
17480
6768
17480
6768
17481
7009
17481
2829
17482
2830
17482
2830
17483
2831
17483
2831
17484
2832
17484
2832
17485
2833
17485
2834
17485
2834
17486
2835
17486
2835
17487
2836
17487
2836
17488
2837
17488
2837
17489
2838
17489
2839
17489
2839
17490
2840
17490
2840
17491
2841
17491
1394
17496
1395
17496
1630
17492
1631
17492
1631
17493
1632
17493
1632
17494
1633
17494
1633
17495
1634
17495
1635
17495
1635
17496
1871
17492
5421
17497
5422
17497
5423
17497
5423
17498
5424
17498
5424
17499
5425
17499
5425
17500
5426
17500
5426
17501
5427
17501
5427
17502
5428
17502
5428
17503
5429
17503
5429
17504
5430
17504
4291
17512
4530
17509
4530
17510
4531
17510
4531
17511
4531
17512
4532
17512
4769
17506
4769
17507
4770
17507
4770
17508
4770
17509
4771
17509
5008
17505
5009
17505
5009
17506
5010
17506
9807
17516
9808
17516
10046
17513
10046
17514
10047
17514
10047
17515
10048
17515
10048
17516
10286
17513
10287
17513
7623
17517
7624
17517
7624
17518
7625
17518
7625
17519
7626
17519
7627
17519
7627
17520
7628
17520
7628
17521
7629
17521
12388
17522
12389
17522
12630
17522
12630
17523
12630
17524
12872
17524
12872
17525
13113
17525
12019
17533
12020
17533
12020
17534
12256
17529
12257
17529
12257
17530
12258
17530
12258
17531
12258
17532
12259
17532
12259
17533
12260
17533
12495
17526
12496
17526
12496
17527
12496
17528
12497
17528
12497
17529
13505
17535
13506
17535
13747
17535
13747
17536
13748
17536
13748
17537
13989
17537
13989
17538
13990
17538
13990
17539
14231
17539
14232
17539
12657
17548
12657
17549
12897
17546
12897
17547
12897
17548
12898
17548
13137
17544
13137
17545
13137
17546
13138
17546
13377
17542
13377
17543
13377
17544
13378
17544
13616
17540
13617
17540
13617
17541
13617
17542
13857
17540
9137
17550
9138
17550
9138
17551
9139
17551
9140
17551
9140
17552
9141
17552
9141
17553
9142
17553
9142
17554
9143
17554
9144
17554
9144
17555
9145
17555
9145
17556
9146
17556
9146
17557
9147
17557
8009
17558
8010
17558
8011
17558
8011
17559
8012
17559
8012
17560
8253
17560
8254
17560
8254
17561
8255
17561
8255
17562
8256
17562
8256
17563
8257
17563
8498
17563
8498
17564
8499
17564
8500
17564
8500
17565
8501
17565
7692
17566
7693
17566
7693
17567
7694
17567
7695
17567
7695
17568
7936
17568
7937
17568
7937
17569
7938
17569
13758
17570
13759
17570
13759
17571
14001
17571
14001
17572
14002
17572
14002
17573
14003
17573
14003
17574
14004
17574
14004
17575
14005
17575
14246
17575
14246
17576
14247
17576
14247
17577
14248
17577
14249
17577
14249
17578
14250
17578
14250
17579
14251
17579
8437
17580
8437
17581
8438
17581
8438
17582
8439
17582
8680
17582
8680
17583
8681
17583
8681
17584
8682
17584
13632
17585
13632
17586
13633
17586
13874
17586
13874
17587
13875
17587
13875
17588
14116
17588
14116
17589
14117
17589
14117
17590
14118
17590
14359
17590
14359
17591
14359
17592
14360
17592
10090
17593
10331
17593
10331
17594
10331
17595
10572
17595
10572
17596
10573
17596
10573
17597
10814
17597
10814
17598
10814
17599
11055
17599
11055
17600
11056
17600
11355
17608
11596
17607
11596
17608
11837
17605
11837
17606
11837
17607
12078
17603
12078
17604
12078
17605
12319
17602
12319
17603
12560
17601
12560
17602
11834
17609
11835
17609
11836
17609
11836
17610
11837
17610
11837
17611
11837
17612
11838
17612
11838
17613
11839
17613
11840
17613
11840
17614
11841
17614
7837
17619
8075
17616
8075
17617
8076
17617
8076
17618
8077
17618
8077
17619
8078
17619
8314
17615
8315
17615
8315
17616
13063
17620
13063
17621
13064
17621
13065
17621
13065
17622
13066
17622
13066
17623
13067
17623
13303
17620
13304
17620
11495
17624
11496
17624
11737
17624
11737
17625
11738
17625
11738
17626
11979
17626
11980
17626
11980
17627
11980
17628
11981
17628
12222
17628
10502
17629
10743
17629
10744
17629
10744
17630
10745
17630
10745
17631
10745
17632
10746
17632
10987
17632
10988
17632
10988
17633
10989
17633
10989
17634
10990
17634
10990
17635
10991
17635
11232
17635
11232
17636
11233
17636
11233
17637
11234
17637
11234
17638
11235
17638
11476
17638
7675
17639
7676
17639
7917
17639
7917
17640
7918
17640
7918
17641
8159
17641
8160
17641
8160
17642
8161
17642
8161
17643
8402
17643
8402
17644
8403
17644
8644
17644
8644
17645
8645
17645
8645
17646
8646
17646
8887
17646
8887
17647
8888
17647
8888
17648
9129
17648
9130
17648
10104
17649
10105
17649
10346
17649
10346
17650
10346
17651
10587
17651
10588
17651
10588
17652
10588
17653
10829
17653
13091
17661
13331
17659
13331
17660
13331
17661
13332
17661
13571
17657
13571
17658
13571
17659
13572
17659
13811
17655
13811
17656
13811
17657
13812
17657
14051
17654
14051
17655
14052
17655
11903
17669
12144
17668
12144
17669
12384
17667
12385
17667
12385
17668
12625
17665
12625
17666
12625
17667
12866
17664
12866
17665
13107
17662
13107
17663
13107
17664
13348
17662
7512
17678
7512
17679
7513
17679
7750
17675
7750
17676
7751
17676
7751
17677
7752
17677
7752
17678
7753
17678
7988
17672
7988
17673
7989
17673
7989
17674
7990
17674
7990
17675
7991
17675
8226
17670
8227
17670
8227
17671
8228
17671
8228
17672
8229
17672
9403
17680
9403
17681
9404
17681
9404
17682
9645
17682
9645
17683
9646
17683
9646
17684
9887
17684
9887
17685
9888
17685
9888
17686
10129
17686
10130
17686
10130
17687
11583
17688
11824
17688
11824
17689
11825
17689
11825
17690
12066
17690
12066
17691
12067
17691
12308
17691
12308
17692
12308
17693
12309
17693
12550
17693
12550
17694
12791
17694
12791
17695
12792
17695
11579
17702
11580
17702
11580
17703
11581
17703
11581
17704
11582
17704
11582
17705
11583
17705
11815
17696
11815
17697
11816
17697
11816
17698
11817
17698
11817
17699
11818
17699
11818
17700
11819
17700
11819
17701
11820
17701
11820
17702
12055
17696
12056
17696
7635
17706
7636
17706
7877
17706
7878
17706
7878
17707
7878
17708
7879
17708
7879
17709
7880
17709
7880
17710
8121
17710
8122
17710
8122
17711
8123
17711
8123
17712
8365
17712
8365
17713
8366
17713
8366
17714
8366
17715
8367
17715
8608
17715
8897
17716
8897
17717
9138
17717
9138
17718
9379
17718
9379
17719
9380
17719
9380
17720
9621
17720
9621
17721
9862
17721
9862
17722
9862
17723
10103
17723
10104
17723
7491
17724
7732
17724
7732
17725
7732
17726
7973
17726
7973
17727
11742
17728
11743
17728
11984
17728
11984
17729
11985
17729
11985
17730
11986
17730
11986
17731
12227
17731
12227
17732
12228
17732
12228
17733
12229
17733
12229
17734
12470
17734
12471
17734
12471
17735
12472
17735
12472
17736
12713
17736
12713
17737
12714
17737
13071
17747
13311
17745
13311
17746
13312
17746
13312
17747
13551
17743
13551
17744
13552
17744
13552
17745
13791
17741
13791
17742
13792
17742
13792
17743
14031
17739
14031
17740
14032
17740
14032
17741
14272
17738
14272
17739
11291
17752
11532
17751
11532
17752
11772
17749
11772
17750
11772
17751
12012
17748
12013
17748
12013
17749
12253
17748
12549
17761
12549
17762
12550
17762
12789
17759
12789
17760
12790
17760
12790
17761
13029
17758
13029
17759
13030
17759
13269
17756
13269
17757
13270
17757
13270
17758
13508
17754
13509
17754
13509
17755
13509
17756
13510
17756
13749
17753
13749
17754
13720
17763
13961
17763
13961
17764
13961
17765
13962
17765
14203
17765
14203
17766
14444
17766
14444
17767
14445
17767
7599
17768
7600
17768
7600
17769
7601
17769
7601
17770
7602
17770
7602
17771
7603
17771
7844
17771
7845
17771
7845
17772
7846
17772
7846
17773
7847
17773
7847
17774
7848
17774
7848
17775
7849
17775
7849
17776
7850
17776
7850
17777
7851
17777
7852
17777
12815
17786
12816
17786
12816
17787
13055
17784
13056
17784
13056
17785
13056
17786
13295
17782
13296
17782
13296
17783
13296
17784
13535
17780
13536
17780
13536
17781
13536
17782
13775
17778
13776
17778
13776
17779
13776
17780
14016
17778
10447
17795
10686
17793
10686
17794
10687
17794
10687
17795
10688
17795
10924
17790
10925
17790
10925
17791
10926
17791
10926
17792
10927
17792
10927
17793
11163
17788
11164
17788
11164
17789
11165
17789
11165
17790
7842
17796
8083
17796
8084
17796
8084
17797
8084
17798
8325
17798
8325
17799
8326
17799
8326
17800
8567
17800
8567
17801
8567
17802
8808
17802
8808
17803
8809
17803
10252
17804
10252
17805
10493
17805
10494
17805
10494
17806
10494
17807
10735
17807
10736
17807
10736
17808
10977
17808
10978
17808
10978
17809
10978
17810
11219
17810
11220
17810
11220
17811
11220
17812
11461
17812
11462
17812
11462
17813
11703
17813
9732
17814
9973
17814
9973
17815
9974
17815
9974
17816
9975
17816
10216
17816
10216
17817
10217
17817
10217
17818
10218
17818
10218
17819
10459
17819
10459
17820
10460
17820
10460
17821
10701
17821
10702
17821
10702
17822
10702
17823
10703
17823
10944
17823
11329
17824
11329
17825
11330
17825
11330
17826
11331
17826
11572
17826
11572
17827
11573
17827
11573
17828
11574
17828
11574
17829
11575
17829
11575
17830
11575
17831
11576
17831
11817
17831
8841
17835
9078
17832
9079
17832
9079
17833
9080
17833
9080
17834
9081
17834
9081
17835
8718
17836
8719
17836
8719
17837
8720
17837
8720
17838
8721
17838
8721
17839
8722
17839
8963
17839
8963
17840
8964
17840
8964
17841
8965
17841
8965
17842
8966
17842
8966
17843
8967
17843
8968
17843
13906
17847
13906
17848
14146
17845
14146
17846
14146
17847
14147
17847
14387
17844
14387
17845
10640
17849
10640
17850
10881
17850
10882
17850
10882
17851
10883
17851
10883
17852
11124
17852
11124
17853
11125
17853
11125
17854
11125
17855
11126
17855
11367
17855
11367
17856
11368
17856
8907
17861
9148
17859
9148
17860
9148
17861
9388
17858
9388
17859
9389
17859
9629
17857
9629
17858
13140
17862
13381
17862
13382
17862
13382
17863
13623
17863
13623
17864
13623
17865
13864
17865
12711
17866
12712
17866
12953
17866
12953
17867
12953
17868
13195
17868
13195
17869
7609
17870
7610
17870
7610
17871
7852
17871
7852
17872
7852
17873
7853
17873
7853
17874
7854
17874
7854
17875
8095
17875
8096
17875
8096
17876
8097
17876
8097
17877
9035
17883
9036
17883
9036
17884
9037
17884
9037
17885
9038
17885
9038
17886
9039
17886
9039
17887
9040
17887
9270
17878
9271
17878
9271
17879
9272
17879
9272
17880
9273
17880
9273
17881
9274
17881
9275
17881
9275
17882
9276
17882
9276
17883
13638
17888
13639
17888
13639
17889
13880
17889
13880
17890
13881
17890
13881
17891
14122
17891
14122
17892
14122
17893
14123
17893
14123
17894
14364
17894
14364
17895
14365
17895
7619
17896
7620
17896
7620
17897
7862
17897
7862
17898
7863
17898
7863
17899
7864
17899
7864
17900
7865
17900
7865
17901
8107
17901
8107
17902
8108
17902
8108
17903
8109
17903
11844
17904
12085
17904
12086
17904
12086
17905
12327
17905
12327
17906
12328
17906
12328
17907
12569
17907
12569
17908
12570
17908
12570
17909
12811
17909
12811
17910
12812
17910
12812
17911
13053
17911
7777
17915
7777
17916
7778
17916
8014
17912
8015
17912
8015
17913
8016
17913
8016
17914
8017
17914
8017
17915
8255
17912
10552
17917
10553
17917
10553
17918
10554
17918
10554
17919
10555
17919
10555
17920
10556
17920
10556
17921
10557
17921
10557
17922
10558
17922
10558
17923
10559
17923
10559
17924
10560
17924
9922
17932
9923
17932
10159
17928
10160
17928
10160
17929
10161
17929
10161
17930
10162
17930
10162
17931
10163
17931
10163
17932
10397
17925
10398
17925
10398
17926
10399
17926
10399
17927
8402
17933
8643
17933
8643
17934
8884
17934
8884
17935
8884
17936
9125
17936
9125
17937
9126
17937
9367
17937
9367
17938
9608
17938
9608
17939
9608
17940
9849
17940
9849
17941
9849
17942
10090
17942
11454
17943
11695
17943
11695
17944
11695
17945
11696
17945
11937
17945
11937
17946
12178
17946
12178
17947
11709
17948
11710
17948
11951
17948
11951
17949
11952
17949
11952
17950
11953
17950
11953
17951
12194
17951
12195
17951
9884
17952
9884
17953
10125
17953
10125
17954
10126
17954
10126
17955
10367
17955
10367
17956
10367
17957
10608
17957
10608
17958
10608
17959
10849
17959
13696
17960
13697
17960
13697
17961
13938
17961
13939
17961
13939
17962
13940
17962
13941
17962
13941
17963
13942
17963
13942
17964
13943
17964
13944
17964
8381
17968
8381
17969
8382
17969
8620
17966
8621
17966
8621
17967
8621
17968
8622
17968
8860
17965
8861
17965
8861
17966
12636
17975
12636
17976
12637
17976
12637
17977
12638
17977
12875
17972
12875
17973
12876
17973
12876
17974
12877
17974
12877
17975
13114
17970
13115
17970
13115
17971
13115
17972
13116
17972
13355
17970
12393
17978
12393
17979
12394
17979
12635
17979
12635
17980
12636
17980
12636
17981
12878
17981
12878
17982
12879
17982
12879
17983
13120
17983
13121
17983
13121
17984
13122
17984
13122
17985
13363
17985
12204
17986
12205
17986
12205
17987
12206
17987
12206
17988
12207
17988
12207
17989
12208
17989
12208
17990
12209
17990
12209
17991
12210
17991
12210
17992
12211
17992
12212
17992
12212
17993
12453
17993
12454
17993
12454
17994
12455
17994
12455
17995
12456
17995
8760
18004
8761
18004
8761
18005
8762
18005
8998
18000
8998
18001
8999
18001
8999
18002
9000
18002
9000
18003
9001
18003
9001
18004
9235
17996
9235
17997
9236
17997
9236
17998
9237
17998
9237
17999
9238
17999
9238
18000
9475
17996
9476
17996
10231
18009
10232
18009
10470
18006
10470
18007
10471
18007
10471
18008
10472
18008
10472
18009
10710
18006
10711
18006
13452
18010
13453
18010
13453
18011
13454
18011
13454
18012
13455
18012
13455
18013
13456
18013
13456
18014
13457
18014
13457
18015
13458
18015
13458
18016
13459
18016
13459
18017
13460
18017
13460
18018
13461
18018
13462
18018
13462
18019
13463
18019
11416
18020
11657
18020
11657
18021
11657
18022
11898
18022
11898
18023
11899
18023
12140
18023
12140
18024
7485
18025
7486
18025
7486
18026
7727
18026
7727
18027
7728
18027
7728
18028
7729
18028
7729
18029
7730
18029
7730
18030
7971
18030
7972
18030
7972
18031
7973
18031
7973
18032
7974
18032
11935
18033
12176
18033
12176
18034
12177
18034
12177
18035
12418
18035
12418
18036
12659
18036
12659
18037
12660
18037
11928
18038
12169
18038
12170
18038
12170
18039
12171
18039
12171
18040
12412
18040
12413
18040
12413
18041
10787
18042
10788
18042
10788
18043
10789
18043
10789
18044
11030
18044
11031
18044
11031
18045
11032
18045
11032
18046
11033
18046
11033
18047
11034
18047
11034
18048
11275
18048
11276
18048
11276
18049
10867
18050
10868
18050
10868
18051
11109
18051
11110
18051
11110
18052
11110
18053
11111
18053
11352
18053
11352
18054
11353
18054
11353
18055
11594
18055
11594
18056
11595
18056
11595
18057
11836
18057
11837
18057
11216
18061
11216
18062
11217
18062
11452
18058
11453
18058
11453
18059
11454
18059
11454
18060
11455
18060
11456
18060
11456
18061
11457
18061
11693
18058
8884
18063
8885
18063
8885
18064
8886
18064
8886
18065
8887
18065
9128
18065
9129
18065
9129
18066
9130
18066
9130
18067
9131
18067
12296
18068
12297
18068
12297
18069
12538
18069
12538
18070
12539
18070
12539
18071
12780
18071
12780
18072
13021
18072
13021
18073
13022
18073
13022
18074
13263
18074
13263
18075
13264
18075
12959
18076
12960
18076
12960
18077
13201
18077
13202
18077
13202
18078
13202
18079
13203
18079
13444
18079
13444
18080
13445
18080
8170
18086
8171
18086
8171
18087
8172
18087
8172
18088
8173
18088
8409
18084
8410
18084
8410
18085
8411
18085
8411
18086
8648
18081
8648
18082
8649
18082
8649
18083
8650
18083
8650
18084
8888
18081
8889
18081
8070
18098
8310
18097
8310
18098
8311
18098
8550
18095
8550
18096
8551
18096
8551
18097
8790
18093
8790
18094
8791
18094
8791
18095
9030
18092
9030
18093
9031
18093
9270
18090
9270
18091
9271
18091
9271
18092
9510
18089
9510
18090
9511
18090
7593
18102
7834
18100
7834
18101
7834
18102
8075
18099
8075
18100
11014
18113
11015
18113
11251
18109
11252
18109
11252
18110
11253
18110
11253
18111
11254
18111
11254
18112
11255
18112
11255
18113
11488
18106
11489
18106
11489
18107
11490
18107
11490
18108
11491
18108
11491
18109
11492
18109
11727
18103
11728
18103
11728
18104
11728
18105
11729
18105
11729
18106
13851
18114
13852
18114
13852
18115
13853
18115
14094
18115
14094
18116
14095
18116
14095
18117
14096
18117
14096
18118
14097
18118
14097
18119
14098
18119
14098
18120
14099
18120
14100
18120
14100
18121
14341
18121
14342
18121
14342
18122
14343
18122
14343
18123
14344
18123
8718
18124
8959
18124
8960
18124
8960
18125
8961
18125
8961
18126
8962
18126
8962
18127
8963
18127
8963
18128
8964
18128
8964
18129
8965
18129
8965
18130
8966
18130
8966
18131
9208
18131
12253
18132
12254
18132
12254
18133
12254
18134
12495
18134
12495
18135
12496
18135
12496
18136
12496
18137
12496
18138
12737
18138
12737
18139
12738
18139
12738
18140
12738
18141
12979
18141
12980
18141
12215
18142
12456
18142
12456
18143
12456
18144
12697
18144
12698
18144
12698
18145
12698
18146
12939
18146
12939
18147
12939
18148
13180
18148
13180
18149
13181
18149
13422
18149
8261
18150
8502
18150
8503
18150
8503
18151
8504
18151
8504
18152
8505
18152
8505
18153
8506
18153
8506
18154
8506
18155
8507
18155
8507
18156
8508
18156
8508
18157
8509
18157
9373
18158
9615
18158
9615
18159
9616
18159
9616
18160
9616
18161
9617
18161
9617
18162
9618
18162
9618
18163
9619
18163
9619
18164
9861
18164
9861
18165
9862
18165
11054
18175
11055
18175
11294
18173
11295
18173
11295
18174
11295
18175
11534
18171
11534
18172
11535
18172
11535
18173
11774
18170
11775
18170
11775
18171
12014
18168
12015
18168
12015
18169
12015
18170
12254
18167
12255
18167
12255
18168
12495
18166
12495
18167
12223
18178
12224
18178
12225
18178
12225
18179
12226
18179
12226
18180
12227
18180
12227
18181
12228
18181
12228
18182
12229
18182
12230
18182
12230
18183
12231
18183
12232
18183
12232
18184
12233
18184
12233
18185
12234
18185
12462
18176
12463
18176
12463
18177
12464
18177
12464
18178
11485
18186
11486
18186
11727
18186
11727
18187
11728
18187
11728
18188
11728
18189
11729
18189
11729
18190
11729
18191
11730
18191
11971
18191
11971
18192
11972
18192
11972
18193
11973
18193
11973
18194
11974
18194
12215
18194
11246
18199
11485
18197
11485
18198
11486
18198
11487
18198
11487
18199
11724
18195
11725
18195
11725
18196
11726
18196
11726
18197
11965
18195
9884
18200
9885
18200
9885
18201
9886
18201
9886
18202
9887
18202
10128
18202
10128
18203
10129
18203
10130
18203
10118
18206
10119
18206
10119
18207
10358
18204
10359
18204
10359
18205
10359
18206
8483
18211
8484
18211
8484
18212
8485
18212
8722
18209
8723
18209
8723
18210
8724
18210
8724
18211
8963
18208
8963
18209
12992
18213
13233
18213
13234
18213
13234
18214
13235
18214
13235
18215
13476
18215
13476
18216
13477
18216
13477
18217
13719
18217
9729
18225
9730
18225
9730
18226
9731
18226
9731
18227
9732
18227
9968
18223
9969
18223
9969
18224
9970
18224
9970
18225
10207
18221
10208
18221
10208
18222
10208
18223
10209
18223
10446
18219
10447
18219
10447
18220
10448
18220
10448
18221
10686
18218
10687
18218
10687
18219
11794
18234
11794
18235
11795
18235
12032
18231
12032
18232
12033
18232
12033
18233
12034
18233
12034
18234
12035
18234
12270
18228
12270
18229
12271
18229
12272
18229
12272
18230
12273
18230
12273
18231
12511
18228
10294
18236
10295
18236
10295
18237
10296
18237
10296
18238
10297
18238
10297
18239
10298
18239
10299
18239
10299
18240
10300
18240
12029
18249
12029
18250
12030
18250
12268
18246
12268
18247
12268
18248
12269
18248
12269
18249
12270
18249
12506
18244
12507
18244
12507
18245
12508
18245
12508
18246
12509
18246
12745
18242
12746
18242
12746
18243
12747
18243
12747
18244
12985
18241
12986
18241
12986
18242
9680
18254
9680
18255
9681
18255
9919
18252
9919
18253
9920
18253
9920
18254
10159
18251
10160
18251
10160
18252
10815
18256
10816
18256
10817
18256
10817
18257
10818
18257
10818
18258
10819
18258
10819
18259
10820
18259
10821
18259
10821
18260
11062
18260
11062
18261
11063
18261
11063
18262
11064
18262
11065
18262
11065
18263
11066
18263
11066
18264
11067
18264
11067
18265
11068
18265
11398
18270
11399
18270
11636
18266
11636
18267
11637
18267
11637
18268
11638
18268
11638
18269
11639
18269
11639
18270
11876
18266
9011
18278
9012
18278
9251
18276
9251
18277
9252
18277
9252
18278
9490
18273
9490
18274
9491
18274
9491
18275
9492
18275
9492
18276
9730
18271
9730
18272
9731
18272
9731
18273
9970
18271
9971
18271
13384
18279
13384
18280
13625
18280
13626
18280
13626
18281
13626
18282
13867
18282
13867
18283
13868
18283
14109
18283
12498
18284
12498
18285
12739
18285
12739
18286
12740
18286
12981
18286
12981
18287
12981
18288
13222
18288
13222
18289
13222
18290
13463
18290
13464
18290
13464
18291
13705
18291
8448
18292
8689
18292
8690
18292
8690
18293
8691
18293
8691
18294
8692
18294
8933
18294
8934
18294
8934
18295
8935
18295
8935
18296
8936
18296
7877
18297
7878
18297
7878
18298
8119
18298
8120
18298
8120
18299
8121
18299
8121
18300
8122
18300
8363
18300
12252
18301
12253
18301
12253
18302
12494
18302
12495
18302
12495
18303
12495
18304
12495
18305
12496
18305
12496
18306
12496
18307
12497
18307
12498
18307
12498
18308
12498
18309
12739
18309
12740
18309
12740
18310
12741
18310
12741
18311
12742
18311
12742
18312
12743
18312
13125
18316
13125
18317
13365
18314
13365
18315
13366
18315
13366
18316
13606
18313
13606
18314
13846
18313
11849
18318
12090
18318
12091
18318
12091
18319
12091
18320
12092
18320
12333
18320
12333
18321
12334
18321
12334
18322
12575
18322
12576
18322
12576
18323
12576
18324
12577
18324
12818
18324
12818
18325
12819
18325
12819
18326
12819
18327
12820
18327
13061
18327
9755
18328
9756
18328
9756
18329
9998
18329
9998
18330
9999
18330
9999
18331
10000
18331
10000
18332
10001
18332
7897
18333
7898
18333
7898
18334
8139
18334
8139
18335
8380
18335
8380
18336
8380
18337
8621
18337
8621
18338
8621
18339
8862
18339
8862
18340
8862
18341
9103
18341
9104
18341
9104
18342
10003
18343
10004
18343
10004
18344
10245
18344
10245
18345
10246
18345
10246
18346
10247
18346
10247
18347
10488
18347
10489
18347
10489
18348
10490
18348
10490
18349
10731
18349
10732
18349
10732
18350
10733
18350
10733
18351
10974
18351
10974
18352
10974
18353
10975
18353
10975
18354
10976
18354
11217
18354
8299
18362
8299
18363
8300
18363
8300
18364
8301
18364
8537
18359
8537
18360
8538
18360
8538
18361
8539
18361
8539
18362
8540
18362
8774
18356
8775
18356
8775
18357
8776
18357
8776
18358
8777
18358
8777
18359
9014
18355
9015
18355
9015
18356
12221
18369
12222
18369
12461
18367
12461
18368
12462
18368
12462
18369
12701
18365
12701
18366
12701
18367
12702
18367
12941
18365
10803
18370
10804
18370
10804
18371
10805
18371
10805
18372
10806
18372
10806
18373
10807
18373
10807
18374
10808
18374
10808
18375
10809
18375
10809
18376
10810
18376
10810
18377
10811
18377
10812
18377
10812
18378
10813
18378
10813
18379
10814
18379
8590
18389
8831
18387
8831
18388
8831
18389
9072
18386
9072
18387
9312
18384
9312
18385
9313
18385
9313
18386
9553
18383
9553
18384
9794
18381
9794
18382
9794
18383
10035
18380
10035
18381
10276
18380
10820
18390
10820
18391
10821
18391
10821
18392
11062
18392
11062
18393
11303
18393
11303
18394
11303
18395
11544
18395
11544
18396
11544
18397
11785
18397
13022
18401
13022
18402
13263
18400
13263
18401
13503
18398
13503
18399
13504
18399
13504
18400
13744
18398
11272
18410
11272
18411
11511
18407
11511
18408
11512
18408
11512
18409
11513
18409
11513
18410
11749
18404
11750
18404
11750
18405
11751
18405
11751
18406
11751
18407
11752
18407
11989
18403
11990
18403
11990
18404
12122
18412
12123
18412
12123
18413
12364
18413
12365
18413
12365
18414
12365
18415
12366
18415
12607
18415
12607
18416
12608
18416
12608
18417
12609
18417
12609
18418
12850
18418
12850
18419
12851
18419
8281
18420
8282
18420
8282
18421
8282
18422
8523
18422
8524
18422
8524
18423
8765
18423
8766
18423
8766
18424
8766
18425
9007
18425
9008
18425
9008
18426
9008
18427
9249
18427
9250
18427
8150
18432
8391
18431
8391
18432
8632
18429
8632
18430
8632
18431
8873
18428
8873
18429
11156
18435
11156
18436
11157
18436
11395
18433
11395
18434
11396
18434
11396
18435
11635
18433
10328
18437
10328
18438
10329
18438
10329
18439
10330
18439
10571
18439
10571
18440
10572
18440
10572
18441
10573
18441
10573
18442
10814
18442
10814
18443
10815
18443
10815
18444
10816
18444
12935
18445
12936
18445
12936
18446
13177
18446
13178
18446
13178
18447
13179
18447
13420
18447
13420
18448
13420
18449
13421
18449
13662
18449
9202
18450
9203
18450
9203
18451
9204
18451
9204
18452
9205
18452
9206
18452
9206
18453
9207
18453
9207
18454
9448
18454
9449
18454
11909
18455
11909
18456
11910
18456
11910
18457
11911
18457
11911
18458
11912
18458
11912
18459
11913
18459
11914
18459
11914
18460
11914
18461
11915
18461
11915
18462
11916
18462
12091
18463
12092
18463
12092
18464
12093
18464
12093
18465
12094
18465
12095
18465
12095
18466
12096
18466
12096
18467
12097
18467
12338
18467
12338
18468
12339
18468
12340
18468
12340
18469
12341
18469
12341
18470
12342
18470
12342
18471
12343
18471
12344
18471
12344
18472
12345
18472
8212
18473
8213
18473
8213
18474
8454
18474
8454
18475
8454
18476
8695
18476
8695
18477
13096
18481
13097
18481
13336
18479
13336
18480
13337
18480
13337
18481
13576
18478
13576
18479
13577
18479
8084
18482
8084
18483
8085
18483
8086
18483
8086
18484
8087
18484
8087
18485
8088
18485
7662
18492
7662
18493
7663
18493
7902
18490
7902
18491
7903
18491
7903
18492
8141
18488
8142
18488
8142
18489
8142
18490
8143
18490
8381
18486
8381
18487
8382
18487
8382
18488
8708
18494
8709
18494
8950
18494
8950
18495
8951
18495
8951
18496
9192
18496
9192
18497
9193
18497
9193
18498
9434
18498
9435
18498
8222
18505
8222
18506
8223
18506
8462
18503
8462
18504
8463
18504
8463
18505
8701
18501
8701
18502
8702
18502
8702
18503
8940
18499
8940
18500
8941
18500
8941
18501
8942
18501
9180
18499
9181
18499
9689
18507
9690
18507
9691
18507
9691
18508
9691
18509
9692
18509
9693
18509
9693
18510
9694
18510
9694
18511
9695
18511
9696
18511
10395
18512
10395
18513
10636
18513
10637
18513
10637
18514
10878
18514
10878
18515
10878
18516
10879
18516
11120
18516
13632
18517
13874
18517
13874
18518
13875
18518
13875
18519
13876
18519
13876
18520
13877
18520
13878
18520
8730
18521
8731
18521
8732
18521
8732
18522
8733
18522
8974
18522
8974
18523
8975
18523
8975
18524
8976
18524
8976
18525
9218
18525
9218
18526
9219
18526
9219
18527
9220
18527
9220
18528
9461
18528
9462
18528
9462
18529
9463
18529
9463
18530
9464
18530
9705
18530
10700
18540
10939
18537
10939
18538
10940
18538
10940
18539
10941
18539
10941
18540
11179
18535
11179
18536
11180
18536
11180
18537
11418
18533
11419
18533
11419
18534
11419
18535
11420
18535
11658
18531
11659
18531
11659
18532
11659
18533
13325
18541
13325
18542
13566
18542
13566
18543
13807
18543
13807
18544
13807
18545
14048
18545
14048
18546
14048
18547
14289
18547
14290
18547
14290
18548
9471
18549
9712
18549
9713
18549
9713
18550
9954
18550
9954
18551
9954
18552
10195
18552
10195
18553
10436
18553
10436
18554
10436
18555
10677
18555
10678
18555
10678
18556
10919
18556
10919
18557
11160
18557
11160
18558
11783
18563
11784
18563
12023
18561
12024
18561
12024
18562
12024
18563
12263
18559
12263
18560
12264
18560
12264
18561
12504
18559
10276
18564
10277
18564
10277
18565
10518
18565
10518
18566
10519
18566
10760
18566
10760
18567
10760
18568
11002
18568
9008
18573
9247
18571
9247
18572
9248
18572
9248
18573
9486
18569
9487
18569
9487
18570
9487
18571
9488
18571
9727
18569
12544
18574
12545
18574
12545
18575
12546
18575
12546
18576
12547
18576
12547
18577
12548
18577
12549
18577
12549
18578
12550
18578
12550
18579
12791
18579
12791
18580
12792
18580
12793
18580
12793
18581
12794
18581
12794
18582
12795
18582
12795
18583
12796
18583
13566
18584
13566
18585
13807
18585
13807
18586
13807
18587
14048
18587
14048
18588
14289
18588
13903
18589
13904
18589
13904
18590
14145
18590
14145
18591
14146
18591
14146
18592
14387
18592
14388
18592
14388
18593
14389
18593
13171
18594
13172
18594
13172
18595
13173
18595
13173
18596
13174
18596
13174
18597
13175
18597
13175
18598
13176
18598
13176
18599
13177
18599
13177
18600
13418
18600
13419
18600
13419
18601
13420
18601
12077
18602
12077
18603
12318
18603
12318
18604
12319
18604
12319
18605
12560
18605
12560
18606
12560
18607
12561
18607
12802
18607
12802
18608
12802
18609
13043
18609
13043
18610
13044
18610
13044
18611
13285
18611
7756
18612
7757
18612
7757
18613
7758
18613
7999
18613
7999
18614
8000
18614
8000
18615
8001
18615
8002
18615
8002
18616
8003
18616
8003
18617
8244
18617
8245
18617
8245
18618
8246
18618
8246
18619
8247
18619
9541
18620
9542
18620
9783
18620
9783
18621
9783
18622
10024
18622
10025
18622
10025
18623
10266
18623
10266
18624
12767
18630
12768
18630
12768
18631
12769
18631
12769
18632
12770
18632
13003
18625
13004
18625
13004
18626
13005
18626
13005
18627
13006
18627
13006
18628
13007
18628
13007
18629
13008
18629
13008
18630
8289
18633
8530
18633
8530
18634
8531
18634
8772
18634
8772
18635
8773
18635
8773
18636
9014
18636
9304
18637
9545
18637
9546
18637
9546
18638
9546
18639
9547
18639
9788
18639
9788
18640
9789
18640
9789
18641
10030
18641
10030
18642
10031
18642
10031
18643
10032
18643
10273
18643
10273
18644
10273
18645
10274
18645
10274
18646
10515
18646
10516
18646
14196
18647
14197
18647
14197
18648
14198
18648
14198
18649
14439
18649
14440
18649
14440
18650
14441
18650
14441
18651
14441
18652
14442
18652
14442
18653
14443
18653
14443
18654
14444
18654
12808
18658
13049
18656
13049
18657
13049
18658
13290
18655
13290
18656
11881
18659
11882
18659
11882
18660
11883
18660
11883
18661
11884
18661
11884
18662
11885
18662
11886
18662
11886
18663
11887
18663
11887
18664
11888
18664
11888
18665
11889
18665
11889
18666
11890
18666
11891
18666
11891
18667
11892
18667
11892
18668
11893
18668
10022
18669
10023
18669
10024
18669
10024
18670
10025
18670
10025
18671
10026
18671
10026
18672
10027
18672
10027
18673
10028
18673
10028
18674
10029
18674
10030
18674
10030
18675
10031
18675
10031
18676
10032
18676
8416
18677
8657
18677
8657
18678
8657
18679
8898
18679
8898
18680
8898
18681
9139
18681
12688
18691
12688
18692
12689
18692
12925
18688
12926
18688
12926
18689
12927
18689
12927
18690
12928
18690
12928
18691
12929
18691
13162
18683
13163
18683
13163
18684
13164
18684
13164
18685
13164
18686
13165
18686
13165
18687
13166
18687
13166
18688
13402
18682
13403
18682
13403
18683
12175
18694
12176
18694
12177
18694
12177
18695
12178
18695
12178
18696
12178
18697
12179
18697
12180
18697
12414
18693
12415
18693
12416
18693
12416
18694
11571
18698
11572
18698
11572
18699
11572
18700
11573
18700
11814
18700
11814
18701
11815
18701
11815
18702
11816
18702
11816
18703
11817
18703
12058
18703
12058
18704
12059
18704
12059
18705
12060
18705
8216
18707
8216
18708
8217
18708
8217
18709
8218
18709
8219
18709
8219
18710
8220
18710
8455
18706
8456
18706
8456
18707
8457
18707
7560
18711
7561
18711
7802
18711
7802
18712
7803
18712
7803
18713
7804
18713
7804
18714
7805
18714
7805
18715
7806
18715
7806
18716
7807
18716
7807
18717
7808
18717
7808
18718
7809
18718
10967
18721
10967
18722
10968
18722
10968
18723
10969
18723
10969
18724
10970
18724
10971
18724
10971
18725
10972
18725
10972
18726
10973
18726
10973
18727
10974
18727
10974
18728
10974
18729
10975
18729
11204
18719
11205
18719
11206
18719
11206
18720
11207
18720
11207
18721
11208
18721
14122
18732
14123
18732
14123
18733
14361
18730
14362
18730
14362
18731
14362
18732
14363
18732
8536
18734
8777
18734
8777
18735
8778
18735
8778
18736
9019
18736
9019
18737
9020
18737
9261
18737
9261
18738
9261
18739
9262
18739
9503
18739
9503
18740
9504
18740
9504
18741
9745
18741
12412
18745
12412
18746
12413
18746
12651
18742
12651
18743
12652
18743
12652
18744
12653
18744
12653
18745
12891
18742
12892
18742
13224
18747
13225
18747
13225
18748
13226
18748
13226
18749
13227
18749
13227
18750
13228
18750
13228
18751
13229
18751
13229
18752
13229
18753
13230
18753
13230
18754
13231
18754
7811
18755
7812
18755
8053
18755
8053
18756
8054
18756
8054
18757
8055
18757
8055
18758
8297
18758
8297
18759
8298
18759
8298
18760
8298
18761
8299
18761
8299
18762
8540
18762
8541
18762
12032
18768
12270
18765
12270
18766
12271
18766
12271
18767
12272
18767
12272
18768
12509
18763
12510
18763
12510
18764
12511
18764
12511
18765
12807
18775
12807
18776
12808
18776
13046
18773
13046
18774
13047
18774
13047
18775
13048
18775
13286
18771
13286
18772
13287
18772
13287
18773
13526
18770
13526
18771
13527
18771
13766
18769
13766
18770
11591
18781
11831
18780
11832
18780
11832
18781
12071
18778
12071
18779
12072
18779
12072
18780
12311
18777
12312
18777
12312
18778
8678
18785
8678
18786
8919
18783
8919
18784
8919
18785
9160
18782
9160
18783
9401
18782
7637
18794
7876
18791
7876
18792
7877
18792
7877
18793
7878
18793
7878
18794
8115
18789
8116
18789
8116
18790
8117
18790
8117
18791
8355
18787
8355
18788
8356
18788
8356
18789
13415
18795
13416
18795
13416
18796
13417
18796
13417
18797
13418
18797
13418
18798
13419
18798
13419
18799
13420
18799
13661
18799
13661
18800
13662
18800
13662
18801
13663
18801
13663
18802
13664
18802
9415
18803
9416
18803
9416
18804
9417
18804
9417
18805
9418
18805
9660
18806
9661
18806
9661
18807
9662
18807
9662
18808
9663
18808
9663
18809
9904
18809
9905
18809
9905
18810
9906
18810
11426
18811
11667
18811
11667
18812
11667
18813
11908
18813
11908
18814
12149
18814
12149
18815
12149
18816
12150
18816
12391
18816
12391
18817
12632
18817
12632
18818
8405
18819
8406
18819
8406
18820
8407
18820
8407
18821
8408
18821
8408
18822
8409
18822
8650
18822
8650
18823
8651
18823
8651
18824
8651
18825
8652
18825
8652
18826
8653
18826
7785
18829
7786
18829
7786
18830
7787
18830
7787
18831
7788
18831
8023
18827
8024
18827
8024
18828
8025
18828
8026
18828
8026
18829
8079
18832
8080
18832
8080
18833
8321
18833
8321
18834
8322
18834
8322
18835
8323
18835
8564
18835
8564
18836
8565
18836
12621
18845
12621
18846
12622
18846
12860
18843
12860
18844
12861
18844
12861
18845
12862
18845
13099
18842
13100
18842
13100
18843
13101
18843
13339
18840
13339
18841
13340
18841
13340
18842
13578
18838
13579
18838
13579
18839
13580
18839
13580
18840
13818
18837
13819
18837
13819
18838
10351
18853
10351
18854
10352
18854
10592
18851
10592
18852
10592
18853
10832
18849
10832
18850
10832
18851
10833
18851
11073
18847
11073
18848
11073
18849
11313
18847
11314
18847
8558
18855
8559
18855
8559
18856
8801
18856
8801
18857
8802
18857
8803
18857
8803
18858
8804
18858
8804
18859
8805
18859
10307
18860
10307
18861
10308
18861
10309
18861
10309
18862
10310
18862
10310
18863
10311
18863
10311
18864
10312
18864
10312
18865
10313
18865
10313
18866
10314
18866
10315
18866
10315
18867
10316
18867
12344
18868
12344
18869
12585
18869
12585
18870
12826
18870
12826
18871
12826
18872
13067
18872
13067
18873
13067
18874
13308
18874
13308
18875
13308
18876
13549
18876
13549
18877
13790
18877
10888
18878
10889
18878
10889
18879
10890
18879
11131
18879
11131
18880
11132
18880
11133
18880
11133
18881
11134
18881
11134
18882
11376
18882
11376
18883
11377
18883
11377
18884
11378
18884
11378
18885
11379
18885
11620
18885
13285
18888
13285
18889
13526
18887
13526
18888
13766
18886
13766
18887
13767
18887
9858
18890
10099
18890
10100
18890
10100
18891
10101
18891
10101
18892
10102
18892
10343
18892
10343
18893
10344
18893
10344
18894
10345
18894
10345
18895
10586
18895
10587
18895
10587
18896
10588
18896
10588
18897
10589
18897
10830
18897
10830
18898
10831
18898
10831
18899
10832
18899
10832
18900
7901
18901
7902
18901
7902
18902
8143
18902
8143
18903
8144
18903
8144
18904
8385
18904
8385
18905
8386
18905
8627
18905
12924
18909
13165
18907
13165
18908
13165
18909
13405
18906
13406
18906
13406
18907
13646
18906
10599
18917
10839
18915
10839
18916
10840
18916
10840
18917
11080
18913
11080
18914
11080
18915
11321
18911
11321
18912
11321
18913
11561
18910
11562
18910
11562
18911
8305
18921
8305
18922
8546
18920
8546
18921
8786
18918
8786
18919
8787
18919
8787
18920
9027
18918
13478
18923
13719
18923
13720
18923
13720
18924
13961
18924
13961
18925
13962
18925
13962
18926
14203
18926
12020
18937
12021
18937
12257
18934
12258
18934
12258
18935
12259
18935
12259
18936
12260
18936
12261
18936
12261
18937
12494
18929
12494
18930
12495
18930
12496
18930
12496
18931
12496
18932
12497
18932
12497
18933
12498
18933
12498
18934
12732
18927
12733
18927
12733
18928
12734
18928
12734
18929
12735
18929
11676
18938
11917
18938
11917
18939
11918
18939
11918
18940
11919
18940
11919
18941
11919
18942
12160
18942
12161
18942
12161
18943
12162
18943
12162
18944
12403
18944
12403
18945
12404
18945
9347
18946
9348
18946
9348
18947
9349
18947
9590
18947
9591
18947
9591
18948
9592
18948
9592
18949
9833
18949
9834
18949
9834
18950
9835
18950
9835
18951
10076
18951
10076
18952
10077
18952
10078
18952
10078
18953
10079
18953
10320
18953
10320
18954
10321
18954
10321
18955
10322
18955
11758
18964
11758
18965
11759
18965
11998
18963
11999
18963
11999
18964
12238
18961
12239
18961
12239
18962
12239
18963
12478
18959
12478
18960
12479
18960
12479
18961
12718
18957
12718
18958
12719
18958
12719
18959
12958
18956
12959
18956
12959
18957
13199
18956
7578
18966
7579
18966
7580
18966
7580
18967
7581
18967
7822
18967
7822
18968
7823
18968
7823
18969
7824
18969
7824
18970
7825
18970
7826
18970
8042
18977
8042
18978
8043
18978
8282
18974
8282
18975
8282
18976
8283
18976
8283
18977
8522
18973
8522
18974
8523
18974
8762
18971
8763
18971
8763
18972
8763
18973
13163
18979
13164
18979
13164
18980
13165
18980
13165
18981
13166
18981
13167
18981
13167
18982
13168
18982
13168
18983
13169
18983
14039
18991
14040
18991
14272
18984
14273
18984
14273
18985
14274
18985
14274
18986
14275
18986
14275
18987
14276
18987
14276
18988
14277
18988
14277
18989
14278
18989
14278
18990
14279
18990
14280
18990
14280
18991
9039
18992
9039
18993
9280
18993
9280
18994
9281
18994
9281
18995
9522
18995
9522
18996
9763
18996
9763
18997
9763
18998
10004
18998
10004
18999
10245
18999
10245
19000
10245
19001
10486
19001
10487
19001
8037
19008
8038
19008
8038
19009
8039
19009
8039
19010
8040
19010
8040
19011
8041
19011
8270
19002
8271
19002
8271
19003
8272
19003
8272
19004
8273
19004
8273
19005
8274
19005
8275
19005
8275
19006
8276
19006
8276
19007
8277
19007
8277
19008
8510
19002
13145
19015
13145
19016
13146
19016
13383
19013
13384
19013
13384
19014
13385
19014
13385
19015
13386
19015
13623
19012
13624
19012
13624
19013
7595
19017
7596
19017
7596
19018
7597
19018
7838
19018
7838
19019
7839
19019
7839
19020
7840
19020
12025
19021
12025
19022
12026
19022
12267
19022
12267
19023
12268
19023
12268
19024
12268
19025
12269
19025
12510
19025
12511
19025
12511
19026
12511
19027
12511
19028
12512
19028
12512
19029
12513
19029
12754
19029
11634
19033
11634
19034
11635
19034
11874
19031
11874
19032
11874
19033
11875
19033
12113
19030
12114
19030
12114
19031
10592
19042
10593
19042
10831
19039
10831
19040
10832
19040
10832
19041
10832
19042
10833
19042
11070
19037
11071
19037
11071
19038
11071
19039
11072
19039
11309
19035
11310
19035
11310
19036
11311
19036
11311
19037
8045
19049
8046
19049
8046
19050
8047
19050
8279
19043
8280
19043
8280
19044
8281
19044
8282
19044
8282
19045
8283
19045
8283
19046
8284
19046
8284
19047
8285
19047
8285
19048
8286
19048
8286
19049
13242
19051
13243
19051
13243
19052
13244
19052
13244
19053
13245
19053
13486
19053
13486
19054
13487
19054
13487
19055
13488
19055
13488
19056
13489
19056
13730
19056
13730
19057
13731
19057
13731
19058
13732
19058
9296
19059
9297
19059
9298
19059
9298
19060
9299
19060
9299
19061
9540
19061
9541
19061
9541
19062
9542
19062
9542
19063
9543
19063
9544
19063
9544
19064
9545
19064
9546
19064
9546
19065
9546
19066
9547
19066
9548
19066
9548
19067
9549
19067
9549
19068
9550
19068
11664
19069
11664
19070
11665
19070
11665
19071
11666
19071
11667
19071
11667
19072
11667
19073
11668
19073
11904
19069
11905
19069
8292
19076
8292
19077
8293
19077
8293
19078
8532
19074
8532
19075
8533
19075
8533
19076
8773
19074
8904
19083
9144
19081
9145
19081
9145
19082
9145
19083
9384
19080
9385
19080
9385
19081
9625
19079
9625
19080
12018
19084
12019
19084
12020
19084
12020
19085
12261
19085
12261
19086
12262
19086
12262
19087
12263
19087
12263
19088
12264
19088
12505
19088
12505
19089
12506
19089
12507
19089
12507
19090
12508
19090
12749
19090
12749
19091
12750
19091
12750
19092
12751
19092
12751
19093
12993
19093
11028
19094
11029
19094
11029
19095
11271
19095
11271
19096
11272
19096
11272
19097
11272
19098
11272
19099
11513
19099
11514
19099
11514
19100
11515
19100
11515
19101
11756
19101
11757
19101
11757
19102
12178
19103
12178
19104
12419
19104
12420
19104
12420
19105
12420
19106
12661
19106
12662
19106
12662
19107
13325
19108
13566
19108
13566
19109
13567
19109
13567
19110
13568
19110
13569
19110
13569
19111
13810
19111
13811
19111
13811
19112
13811
19113
13812
19113
14053
19113
14054
19113
14054
19114
14055
19114
14055
19115
14056
19115
14056
19116
14297
19116
14298
19116
14298
19117
14299
19117
13439
19123
13439
19124
13440
19124
13440
19125
13441
19125
13676
19119
13677
19119
13677
19120
13678
19120
13678
19121
13678
19122
13679
19122
13679
19123
13680
19123
13916
19118
13917
19118
13917
19119
10902
19130
11143
19128
11143
19129
11143
19130
11383
19127
11383
19128
11384
19128
11624
19126
11624
19127
8977
19138
8978
19138
9218
19136
9218
19137
9218
19138
9458
19134
9458
19135
9459
19135
9459
19136
9698
19132
9698
19133
9699
19133
9699
19134
9939
19131
9939
19132
11194
19139
11195
19139
11195
19140
11436
19140
11437
19140
11437
19141
11437
19142
11438
19142
11438
19143
11679
19143
11680
19143
7899
19144
7900
19144
8141
19144
8141
19145
8382
19145
8382
19146
8382
19147
8383
19147
8624
19147
8624
19148
12186
19156
12427
19154
12427
19155
12427
19156
12668
19152
12668
19153
12668
19154
12909
19151
12909
19152
13149
19149
13149
19150
13150
19150
13150
19151
13390
19149
9848
19157
9849
19157
9849
19158
10090
19158
10091
19158
10091
19159
10092
19159
10092
19160
10093
19160
10334
19160
10817
19169
10817
19170
10818
19170
11056
19167
11056
19168
11057
19168
11057
19169
11058
19169
11295
19165
11295
19166
11296
19166
11296
19167
11297
19167
11534
19163
11534
19164
11535
19164
11535
19165
11536
19165
11773
19162
11774
19162
11774
19163
11775
19163
12013
19161
12014
19161
12014
19162
9546
19179
9546
19180
9786
19177
9786
19178
9786
19179
10027
19176
10027
19177
10268
19174
10268
19175
10268
19176
10509
19172
10509
19173
10509
19174
10750
19171
10750
19172
10991
19171
11989
19181
12231
19181
12232
19181
12232
19182
12232
19183
12233
19183
12474
19183
12474
19184
12475
19184
12475
19185
12476
19185
12717
19185
8412
19190
8413
19190
8413
19191
8414
19191
8414
19192
8415
19192
8415
19193
8416
19193
8649
19186
8649
19187
8650
19187
8651
19187
8651
19188
8651
19189
8652
19189
8653
19189
8653
19190
8889
19186
8890
19186
13362
19194
13603
19194
13603
19195
13604
19195
13604
19196
13605
19196
13605
19197
13846
19197
13846
19198
13847
19198
13847
19199
13847
19200
13848
19200
14089
19200
14089
19201
14090
19201
14119
19205
14357
19202
14358
19202
14358
19203
14359
19203
14359
19204
8120
19213
8120
19214
8121
19214
8121
19215
8122
19215
8357
19209
8358
19209
8358
19210
8358
19211
8359
19211
8359
19212
8360
19212
8360
19213
8361
19213
8595
19206
8596
19206
8596
19207
8597
19207
8597
19208
8598
19208
8598
19209
8836
19206
9514
19216
9755
19216
9756
19216
9756
19217
9756
19218
9757
19218
9998
19218
9998
19219
9999
19219
9999
19220
10240
19220
10240
19221
10241
19221
10241
19222
10482
19222
10483
19222
10483
19223
10484
19223
10484
19224
10725
19224
10725
19225
10726
19225
10950
19229
10951
19229
11187
19226
11188
19226
11188
19227
11189
19227
11189
19228
11190
19228
11191
19228
11191
19229
9642
19230
9883
19230
9883
19231
9883
19232
10125
19232
10125
19233
10125
19234
10366
19234
10367
19234
10367
19235
10367
19236
10608
19236
10608
19237
10609
19237
11480
19238
11721
19238
11721
19239
11722
19239
11963
19239
11963
19240
11963
19241
12205
19241
11029
19242
11030
19242
11030
19243
11031
19243
11031
19244
11032
19244
11032
19245
11033
19245
11033
19246
11034
19246
11275
19246
7716
19252
7717
19252
7717
19253
7717
19254
7718
19254
7956
19250
7957
19250
7957
19251
7957
19252
8196
19247
8196
19248
8197
19248
8197
19249
8197
19250
8437
19247
13971
19255
13972
19255
13972
19256
14213
19256
14214
19256
14214
19257
14215
19257
14215
19258
14456
19258
14457
19258
14457
19259
13272
19260
13272
19261
13513
19261
13514
19261
13514
19262
13514
19263
13755
19263
13755
19264
13756
19264
13997
19264
13997
19265
13997
19266
14238
19266
14239
19266
14239
19267
10300
19268
10301
19268
10301
19269
10302
19269
10302
19270
10303
19270
10303
19271
10304
19271
10305
19271
10305
19272
10306
19272
10306
19273
10307
19273
10307
19274
10308
19274
10308
19275
10309
19275
10310
19275
10310
19276
10311
19276
10311
19277
10312
19277
8862
19279
8862
19280
8863
19280
8863
19281
8864
19281
8865
19281
8865
19282
8866
19282
9101
19278
9102
19278
9102
19279
9103
19279
12654
19285
12655
19285
12655
19286
12656
19286
12656
19287
12657
19287
12657
19288
12658
19288
12658
19289
12659
19289
12659
19290
12660
19290
12892
19283
12893
19283
12894
19283
12894
19284
12895
19284
12895
19285
11761
19297
11761
19298
11762
19298
12000
19294
12000
19295
12001
19295
12001
19296
12002
19296
12002
19297
12239
19291
12239
19292
12240
19292
12240
19293
12241
19293
12241
19294
12479
19291
12480
19291
14701
14709
14701
14702
14701
16463
14702
16463
14706
14710
14708
14709
16141
16142
14708
16141
14708
16142
14709
16141
14709
16142
14713
14717
14711
14712
16065
16066
14711
16065
14711
16066
14712
16065
14712
16066
14714
14721
14725
14726
14722
14723
14722
16718
14723
16718
14729
14733
14730
14734
14737
14738
14734
14735
17095
17096
14734
17095
14734
17096
14735
17095
14735
17096
14742
14749
14746
14750
14754
14758
14755
14762
14763
14770
14767
14771
14769
14770
16764
16765
14769
16764
14769
16765
14770
16764
14770
16765
14775
14779
14772
14773
16767
16768
14772
16767
14772
16768
14773
16767
14773
16768
14776
14783
14780
14781
14780
16623
14781
16623
14782
14783
16871
16872
14782
16871
14782
16872
14783
16871
14783
16872
14787
14788
14786
14787
16434
16435
14786
16434
14786
16435
14787
16434
14787
16435
14791
14796
14792
14797
14800
14801
14805
14812
14809
14813
14809
14810
16035
16036
14809
16035
14809
16036
14810
16035
14810
16036
14816
14821
14817
14825
14817
14818
17023
17024
14817
17023
14817
17024
14818
17023
14818
17024
14818
14819
17287
17288
14818
17287
14818
17288
14819
17287
14819
17288
14829
14830
14833
14837
14834
14838
14841
14842
14838
14839
17354
17355
14838
17354
14838
17355
14839
17354
14839
17355
14846
14854
14846
14847
16555
16556
14846
16555
14846
16556
14847
16555
14847
16556
14847
14848
17213
17214
14847
17213
14847
17214
14848
17213
14848
17214
14851
14855
14858
14862
14856
14857
16933
16934
14856
16933
14856
16934
14857
16933
14857
16934
14859
14866
14867
14874
14871
14875
14879
14883
14880
14887
14888
14895
14889
14890
16884
16885
14889
16884
14889
16885
14890
16884
14890
16885
14892
14896
14900
14904
14899
14900
15851
15852
14899
15851
14899
15852
14900
15851
14900
15852
14901
14908
14909
14916
14913
14917
14921
14926
14922
14930
14924
14925
16318
16319
14924
16318
14924
16319
14925
16318
14925
16319
14922
14923
16401
16402
14922
16401
14922
16402
14923
16401
14923
16402
14927
14928
16203
16204
14927
16203
14927
16204
14928
16203
14928
16204
14931
14938
14935
14939
14943
14947
14944
14951
14949
14950
15841
15842
14949
15841
14949
15842
14950
15841
14950
15842
14956
14957
14954
14955
14954
17072
14955
17072
14955
14956
17486
17487
14955
17486
14955
17487
14956
17486
14956
17487
14960
14965
14961
14966
14964
14965
16257
16258
14964
16257
14964
16258
14965
16257
14965
16258
14962
14963
17309
17310
14962
17309
14962
17310
14963
17309
14963
17310
14963
14964
17456
17457
14963
17456
14963
17457
14964
17456
14964
17457
14969
14970
14967
14968
16619
16620
14967
16619
14967
16620
14968
16619
14968
16620
14977
14978
14975
14976
17165
17166
14975
17165
14975
17166
14976
17165
14976
17166
14981
14985
14978
14979
14978
16138
14979
16138
14982
14986
14989
14990
15001
15002
15001
17091
15002
17091
15023
15024
15023
17340
15024
17340
15038
15039
16478
16479
15038
16478
15038
16479
15039
16478
15039
16479
15036
15037
16644
16645
15036
16644
15036
16645
15037
16644
15037
16645
15047
15048
16004
16005
15047
16004
15047
16005
15048
16004
15048
16005
15054
15055
16876
16877
15054
16876
15054
16877
15055
16876
15055
16877
15066
15067
16745
16746
15066
16745
15066
16746
15067
16745
15067
16746
15086
15087
16670
16671
15086
16670
15086
16671
15087
16670
15087
16671
15080
15081
17442
17443
15080
17442
15080
17443
15081
17442
15081
17443
15114
15115
16274
16275
15114
16274
15114
16275
15115
16274
15115
16275
15109
15110
16563
16564
15109
16563
15109
16564
15110
16563
15110
16564
15110
15111
16938
16939
15110
16938
15110
16939
15111
16938
15111
16939
15125
15126
15845
15846
15125
15845
15125
15846
15126
15845
15126
15846
15133
15134
15133
16162
15134
16162
15149
15150
17453
17454
15149
17453
15149
17454
15150
17453
15150
17454
15160
15161
16322
16323
15160
16322
15160
16323
15161
16322
15161
16323
15167
15168
15167
17482
15168
17482
15186
15187
16131
16132
15186
16131
15186
16132
15187
16131
15187
16132
15191
15192
15191
16263
15192
16263
15184
15185
17077
17078
15184
17077
15184
17078
15185
17077
15185
17078
15196
15197
17178
17179
15196
17178
15196
17179
15197
17178
15197
17179
15202
15203
16585
16586
15202
16585
15202
16586
15203
16585
15203
16586
15214
15222
15218
15223
15218
15219
15218
17849
15219
17849
15221
15222
17927
17928
15221
17927
15221
17928
15222
17927
15222
17928
15226
15230
15227
15234
15231
15232
17904
17905
15231
17904
15231
17905
15232
17904
15232
17905
15235
15242
15237
15238
18507
18508
15237
18507
15237
18508
15238
18507
15238
18508
15239
15243
15246
15250
15247
15254
15249
15250
18883
18884
15249
18883
15249
18884
15250
18883
15250
18884
15255
15262
15259
15263
15266
15270
15267
15274
15278
15279
15282
15286
15283
15287
15283
15284
18557
18558
15283
18557
15283
18558
15284
18557
15284
18558
15290
15291
15291
15292
18660
18661
15291
18660
15291
18661
15292
18660
15292
18661
15299
15300
15298
15299
18222
18223
15298
18222
15298
18223
15299
18222
15299
18223
15303
15307
15304
15308
15311
15312
15316
15324
15320
15325
15320
15321
17822
17823
15320
17822
15320
17823
15321
17822
15321
17823
15328
15332
15329
15336
15329
15330
19071
19072
15329
19071
15329
19072
15330
19071
15330
19072
15337
15345
15341
15346
15344
15345
15344
18009
15345
18009
15349
15353
15350
15357
15350
15351
15350
19143
15351
19143
15355
15356
18941
18942
15355
18941
15355
18942
15356
18941
15356
18942
15361
15362
15360
15361
18343
18344
15360
18343
15360
18344
15361
18343
15361
18344
15358
15359
18997
18998
15358
18997
15358
18998
15359
18997
15359
18998
15365
15369
15366
15370
15367
15368
18722
18723
15367
18722
15367
18723
15368
18722
15368
18723
15373
15374
15378
15385
15382
15386
15389
15393
15390
15397
15401
15402
15399
15400
18673
18674
15399
18673
15399
18674
15400
18673
15400
18674
15405
15409
15406
15410
15406
15407
17636
17637
15406
17636
15406
17637
15407
17636
15407
17637
15413
15414
15421
15422
15425
15429
15426
15430
15434
15435
15433
15434
18103
18104
15433
18103
15433
18104
15434
18103
15434
18104
15432
15433
18187
18188
15432
18187
15432
18188
15433
18187
15433
18188
15430
15431
18198
18199
15430
18198
15430
18199
15431
18198
15431
18199
17991
17992
15438
17991
15438
17992
15443
15444
15442
15443
15442
18236
15443
18236
15447
15451
15448
15452
15455
15456
15460
15467
15460
15461
19272
19273
15460
19272
15460
19273
15461
19272
15461
19273
15464
15468
15472
15478
15473
15482
15476
15477
18410
18411
15476
18410
15476
18411
15477
18410
15477
18411
15477
15478
19097
19098
15477
19097
15477
19098
15478
19097
15478
19098
15479
15480
18184
18185
15479
18184
15479
18185
15480
18184
15480
18185
19182
19183
15479
19182
15479
19183
15486
15487
15483
15484
18951
18952
15483
18951
15483
18952
15484
18951
15484
18952
15490
15494
15491
15495
15498
15499
15510
15511
15510
18878
15511
18878
15532
15533
15532
19126
15533
19126
15548
15549
18266
18267
15548
18266
15548
18267
15549
18266
15549
18267
15546
15547
18433
18434
15546
18433
15546
18434
15547
18433
15547
18434
15558
15559
17790
17791
15558
17790
15558
17791
15559
17790
15559
17791
15565
15566
18665
18666
15565
18665
15565
18666
15566
18665
15566
18666
15577
15578
18534
18535
15577
18534
15577
18535
15578
18534
15578
18535
15597
15598
18459
18460
15597
18459
15597
18460
15598
18459
15598
18460
15591
15592
19228
19229
15591
19228
15591
19229
15592
19228
15592
19229
15626
15627
18060
18061
15626
18060
15626
18061
15627
18060
15627
18061
15621
15622
18351
18352
15621
18351
15621
18352
15622
18351
15622
18352
15622
15623
18727
18728
15622
18727
15622
18728
15623
18727
15623
18728
15637
15638
17631
17632
15637
17631
15637
17632
15638
17631
15638
17632
15645
15646
15645
17948
15646
17948
15662
15663
19239
19240
15662
19239
15662
19240
15663
19239
15663
19240
15673
15674
18109
18110
15673
18109
15673
18110
15674
18109
15674
18110
15680
15681
15680
19268
15681
19268
15698
15699
17917
17918
15698
17917
15698
17918
15699
17917
15699
17918
15703
15704
15703
18049
15704
18049
15696
15697
18864
18865
15696
18864
15696
18865
15697
18864
15697
18865
15708
15709
18964
18965
15708
18964
15708
18965
15709
18964
15709
18965
15715
15716
18373
18374
15715
18373
15715
18374
15716
18373
15716
18374
15740
15741
16348
16349
15740
16348
15740
16349
15741
16348
15741
16349
16516
16517
15740
16516
15740
16517
15747
15748
17299
17300
15747
17299
15747
17300
15748
17299
15748
17300
15762
15763
17501
17502
15762
17501
15762
17502
15763
17501
15763
17502
15764
15765
15931
15932
15764
15931
15764
15932
15765
15931
15765
15932
15769
15770
17296
17297
15769
17296
15769
17297
15770
17296
15770
17297
15794
17461
15800
15801
16728
16729
15800
16728
15800
16729
15801
16728
15801
16729
15804
15805
17417
17418
15804
17417
15804
17418
15805
17417
15805
17418
15810
15811
16652
16653
15810
16652
15810
16653
15811
16652
15811
16653
15820
15821
15825
15826
15820
15825
15820
15826
15821
15825
15821
15826
15815
15816
16816
16817
15815
16816
15815
16817
15816
16816
15816
16817
15824
15825
15824
16271
15825
16271
15866
15867
17109
17110
15866
17109
15866
17110
15867
17109
15867
17110
15870
15871
17326
17327
15870
17326
15870
17327
15871
17326
15871
17327
15900
15901
15900
16415
15901
16415
15907
15908
15907
15976
15908
15976
15908
15909
16790
16791
15908
16790
15908
16791
15909
16790
15909
16791
15911
15912
16913
16914
15911
16913
15911
16914
15912
16913
15912
16914
15920
15921
17004
17005
15920
17004
15920
17005
15921
17004
15921
17005
15924
15925
15924
17429
15925
17429
15935
15936
15935
16378
15936
16378
15946
15947
16394
16395
15946
16394
15946
16395
15947
16394
15947
16395
15952
17198
15962
16345
15975
15976
16788
16789
15975
16788
15975
16789
15976
16788
15976
16789
17136
17137
15977
17136
15977
17137
16010
16011
16010
16693
16011
16693
16053
16054
16420
16421
16053
16420
16053
16421
16054
16420
16054
16421
16059
16060
16802
16803
16059
16802
16059
16803
16060
16802
16060
16803
16078
16079
16078
17227
16079
17227
16100
16101
17206
17207
16100
17206
16100
17207
16101
17206
16101
17207
16107
16108
16943
16944
16107
16943
16107
16944
16108
16943
16108
16944
16148
16149
16148
16277
16149
16277
16155
16156
17371
17372
16155
17371
16155
17372
16156
17371
16156
17372
16273
16274
16157
16273
16157
16274
16907
16908
16161
16907
16161
16908
16166
16167
16166
16412
16167
16412
16170
16171
17449
17450
16170
17449
16170
17450
16171
17449
16171
17450
16181
16182
16550
16551
16181
16550
16181
16551
16182
16550
16182
16551
16189
16190
16194
16195
16189
16194
16189
16195
16190
16194
16190
16195
16248
16249
16905
16906
16248
16905
16248
16906
16249
16905
16249
16906
16254
16255
16254
16957
16255
16957
16287
16288
16613
16614
16287
16613
16287
16614
16288
16613
16288
16614
16297
16298
17034
17035
16297
17034
16297
17035
16298
17034
16298
17035
16317
16318
16400
16401
16317
16400
16317
16401
16318
16400
16318
16401
16347
16348
16379
16380
16347
16379
16347
16380
16348
16379
16348
16380
16349
16350
16517
16518
16349
16517
16349
16518
16350
16517
16350
16518
16350
16351
17143
17144
16350
17143
16350
17144
16351
17143
16351
17144
16515
16516
16379
16515
16379
16516
16384
16385
17377
17378
16384
17377
16384
17378
16385
17377
16385
17378
16580
16581
16389
16580
16389
16581
16396
16397
17395
17396
16396
17395
16396
17396
16397
17395
16397
17396
16409
16410
16399
16409
16399
16410
16438
16439
16484
16485
16438
16484
16438
16485
16439
16484
16439
16485
16440
16441
16976
16977
16440
16976
16440
16977
16441
16976
16441
16977
17240
17241
16440
17240
16440
17241
16459
16460
17239
17240
16459
17239
16459
17240
16460
17239
16460
17240
16456
16457
17304
17305
16456
17304
16456
17305
16457
17304
16457
17305
16471
16472
16603
16604
16471
16603
16471
16604
16472
16603
16472
16604
16469
16470
16469
17384
16470
17384
16491
16492
17228
17229
16491
17228
16491
17229
16492
17228
16492
17229
16496
16497
16520
16521
16496
16520
16496
16521
16497
16520
16497
16521
16511
16512
17428
17429
16511
17428
16511
17429
16512
17428
16512
17429
16518
16519
17144
17145
16518
17144
16518
17145
16519
17144
16519
17145
16541
16542
17432
17433
16541
17432
16541
17433
16542
17432
16542
17433
16552
16553
17493
17494
16552
17493
16552
17494
16553
17493
16553
17494
16564
16565
16939
16940
16564
16939
16564
16940
16565
16939
16565
16940
16556
16557
17214
17215
16556
17214
16556
17215
16557
17214
16557
17215
16570
16571
16945
16946
16570
16945
16570
16946
16571
16945
16571
16946
16574
16575
16972
16973
16574
16972
16574
16973
16575
16972
16575
16973
17312
17313
16622
17312
16622
17313
16637
16638
16637
16784
16638
16784
16632
16633
17188
17189
16632
17188
16632
17189
16633
17188
16633
17189
16631
16632
17259
17260
16631
17259
16631
17260
16632
17259
16632
17260
16658
16659
16658
16812
16659
16812
16682
16683
17081
17082
16682
17081
16682
17082
16683
17081
16683
17082
16701
16702
17114
17115
16701
17114
16701
17115
16702
17114
16702
17115
16698
16699
17359
17360
16698
17359
16698
17360
16699
17359
16699
17360
16736
16737
17351
17352
16736
17351
16736
17352
16737
17351
16737
17352
16752
16753
16752
17322
16753
17322
16770
16771
17302
17303
16770
17302
16770
17303
16771
17302
16771
17303
16833
16834
16881
16882
16833
16881
16833
16882
16834
16881
16834
16882
16853
16854
16886
16887
16853
16886
16853
16887
16854
16886
16854
16887
16849
16850
17280
17281
16849
17280
16849
17281
16850
17280
16850
17281
16848
16849
16848
17394
16849
17394
16883
16884
17390
17391
16883
17390
16883
17391
16884
17390
16884
17391
16897
16898
17121
17122
16897
17121
16897
17122
16898
17121
16898
17122
16896
16897
17193
17194
16896
17193
16896
17194
16897
17193
16897
17194
16906
16907
16906
17317
16907
17317
16975
16976
17241
17242
16975
17241
16975
17242
16976
17241
16976
17242
16980
16981
17099
17100
16980
17099
16980
17100
16981
17099
16981
17100
17022
17023
17286
17287
17022
17286
17022
17287
17023
17286
17023
17287
17036
17037
17402
17403
17036
17402
17036
17403
17037
17402
17037
17403
17061
17062
17061
17113
17062
17113
17062
17063
17256
17257
17062
17256
17062
17257
17063
17256
17063
17257
17072
17073
17487
17488
17072
17487
17072
17488
17073
17487
17073
17488
17112
17113
17255
17256
17112
17255
17112
17256
17113
17255
17113
17256
17120
17121
17194
17195
17120
17194
17120
17195
17121
17194
17121
17195
17149
17150
17300
17301
17149
17300
17149
17301
17150
17300
17150
17301
17190
17191
17260
17261
17190
17260
17190
17261
17191
17260
17191
17261
17279
17280
17393
17394
17279
17393
17279
17394
17280
17393
17280
17394
17526
17527
18135
18136
17526
18135
17526
18136
17527
18135
17527
18136
18304
18305
17526
18304
17526
18305
17533
17534
19084
19085
17533
19084
17533
19085
17534
19084
17534
19085
17548
17549
19287
19288
17548
19287
17548
19288
17549
19287
17549
19288
17550
17551
17717
17718
17550
17717
17550
17718
17551
17717
17551
17718
17555
17556
19081
19082
17555
19081
17555
19082
17556
19081
17556
19082
17580
19247
17586
17587
18517
18518
17586
18517
17586
18518
17587
18517
17587
18518
17590
17591
19203
19204
17590
19203
17590
19204
17591
19203
17591
19204
17596
17597
18441
18442
17596
18441
17596
18442
17597
18441
17597
18442
17606
17607
17611
17612
17606
17611
17606
17612
17607
17611
17607
17612
17601
17602
18605
18606
17601
18605
17601
18606
17602
18605
17602
18606
17610
17611
17610
18057
17611
18057
17652
17653
18896
18897
17652
18896
17652
18897
17653
18896
17653
18897
17656
17657
19112
19113
17656
19112
17656
19113
17657
19112
17657
19113
17686
17687
17686
18203
17687
18203
17693
17694
17693
17762
17694
17762
17694
17695
18579
18580
17694
18579
17694
18580
17695
18579
17695
18580
17697
17698
18702
18703
17697
18702
17697
18703
17698
18702
17698
18703
17706
17707
18793
18794
17706
18793
17706
18794
17707
18793
17707
18794
17710
17711
17710
19215
17711
19215
17721
17722
17721
18165
17722
18165
17732
17733
18181
18182
17732
18181
17732
18182
17733
18181
17733
18182
17738
18984
17748
18132
17761
17762
18577
18578
17761
18577
17761
18578
17762
18577
17762
18578
18923
18924
17763
18923
17763
18924
17796
17797
17796
18482
17797
18482
17839
17840
18208
18209
17839
18208
17839
18209
17840
18208
17840
18209
17845
17846
18591
18592
17845
18591
17845
18592
17846
18591
17846
18592
17864
17865
17864
19012
17865
19012
17886
17887
18992
18993
17886
18992
17886
18993
17887
18992
17887
18993
17893
17894
18732
18733
17893
18732
17893
18733
17894
18732
17894
18733
17934
17935
17934
18063
17935
18063
17941
17942
19157
19158
17941
19157
17941
19158
17942
19157
17942
19158
18059
18060
17943
18059
17943
18060
18696
18697
17947
18696
17947
18697
17952
17953
17952
18200
17953
18200
17956
17957
19235
19236
17956
19235
17956
19236
17957
19235
17957
19236
17967
17968
18338
18339
17967
18338
17967
18339
17968
18338
17968
18339
17975
17976
17980
17981
17975
17980
17975
17981
17976
17980
17976
17981
18034
18035
18694
18695
18034
18694
18034
18695
18035
18694
18035
18695
18040
18041
18040
18746
18041
18746
18073
18074
18401
18402
18073
18401
18073
18402
18074
18401
18074
18402
18083
18084
18822
18823
18083
18822
18083
18823
18084
18822
18084
18823
18104
18105
18188
18189
18104
18188
18104
18189
18105
18188
18105
18189
18134
18135
18166
18167
18134
18166
18134
18167
18135
18166
18135
18167
18136
18137
18305
18306
18136
18305
18136
18306
18137
18305
18137
18306
18137
18138
18930
18931
18137
18930
18137
18931
18138
18930
18138
18931
18303
18304
18166
18303
18166
18304
18171
18172
19163
19164
18171
19163
18171
19164
18172
19163
18172
19164
18368
18369
18176
18368
18176
18369
18183
18184
19181
19182
18183
19181
18183
19182
18184
19181
18184
19182
18197
18198
18186
18197
18186
18198
18226
18227
18272
18273
18226
18272
18226
18273
18227
18272
18227
18273
18228
18229
18765
18766
18228
18765
18228
18766
18229
18765
18229
18766
19025
19026
18228
19025
18228
19026
18247
18248
19024
19025
18247
19024
18247
19025
18248
19024
18248
19025
18244
18245
19089
19090
18244
19089
18244
19090
18245
19089
18245
19090
18259
18260
18391
18392
18259
18391
18259
18392
18260
18391
18260
18392
18257
18258
18257
19170
18258
19170
18279
18280
19013
19014
18279
19013
18279
19014
18280
19013
18280
19014
18284
18285
18308
18309
18284
18308
18284
18309
18285
18308
18285
18309
18299
18300
19214
19215
18299
19214
18299
19215
18300
19214
18300
19215
18306
18307
18931
18932
18306
18931
18306
18932
18307
18931
18307
18932
18329
18330
19218
19219
18329
19218
18329
19219
18330
19218
18330
19219
18340
18341
19279
19280
18340
19279
18340
19280
18341
19279
18341
19280
18352
18353
18728
18729
18352
18728
18352
18729
18353
18728
18353
18729
18344
18345
18999
19000
18344
18999
18344
19000
18345
18999
18345
19000
18358
18359
18734
18735
18358
18734
18358
18735
18359
18734
18359
18735
18362
18363
18761
18762
18362
18761
18362
18762
18363
18761
18363
18762
19098
19099
18411
19098
18411
19099
18426
18427
18426
18573
18427
18573
18421
18422
18974
18975
18421
18974
18421
18975
18422
18974
18422
18975
18420
18421
19044
19045
18420
19044
18420
19045
18421
19044
18421
19045
18447
18448
18447
18601
18448
18601
18471
18472
18868
18869
18471
18868
18471
18869
18472
18868
18472
18869
18490
18491
18901
18902
18490
18901
18490
18902
18491
18901
18491
18902
18487
18488
19145
19146
18487
19145
18487
19146
18488
19145
18488
19146
18525
18526
19137
19138
18525
19137
18525
19138
18526
19137
18526
19138
18541
18542
18541
19108
18542
19108
18559
18560
19087
19088
18559
19087
18559
19088
18560
19087
18560
19088
18622
18623
18670
18671
18622
18670
18622
18671
18623
18670
18623
18671
18642
18643
18675
18676
18642
18675
18642
18676
18643
18675
18643
18676
18638
18639
19065
19066
18638
19065
18638
19066
18639
19065
18639
19066
18637
18638
18637
19180
18638
19180
18672
18673
19176
19177
18672
19176
18672
19177
18673
19176
18673
19177
18686
18687
18908
18909
18686
18908
18686
18909
18687
18908
18687
18909
18685
18686
18979
18980
18685
18979
18685
18980
18686
18979
18686
18980
18695
18696
18695
19103
18696
19103
18764
18765
19026
19027
18764
19026
18764
19027
18765
19026
18765
19027
18769
18770
18886
18887
18769
18886
18769
18887
18770
18886
18770
18887
18811
18812
19072
19073
18811
19072
18811
19073
18812
19072
18812
19073
18824
18825
19188
19189
18824
19188
18824
19189
18825
19188
18825
19189
18849
18850
18849
18900
18850
18900
18850
18851
19041
19042
18850
19041
18850
19042
18851
19041
18851
19042
19273
19274
18860
19273
18860
19274
18899
18900
19040
19041
18899
19040
18899
19041
18900
19040
18900
19041
18907
18908
18980
18981
18907
18980
18907
18981
18908
18980
18908
18981
18936
18937
19085
19086
18936
19085
18936
19086
18937
19085
18937
19086
18976
18977
19045
19046
18976
19045
18976
19046
18977
19045
18977
19046
19064
19065
19179
19180
19064
19179
19064
19180
19065
19179
19065
19180
