0.00064810031805934316
0.00064810031805934327
0.00064810031805934306
0.00064810031805934306
0.00064810031805934262
0.0006481003180593436
0.0006481003180593436
0.00064810031805934251
0.00064810031805934251
0.00064810031805934457
0.0006481003180593436
0.00064810031805934175
0.00064810031805934457
0.00064810031805934154
0.0006481003180593436
0.0006481003180593436
0.00064810031805934154
0.0006481003180593436
0.00064810031805934533
0.00064810031805933991
0.00064810031805934555
0.0006481003180593436
0.00064810031805933991
0.00064810031805934555
0.0006481003180593436
0.00064810031805933991
0.00064810031805934555
0.00064810031805934555
0.00064810031805933818
0.00064810031805934555
0.00064810031805934555
0.00064810031805934175
0.00064810031805934175
0.00064810031805934913
0.00064810031805933796
0.00064810031805934175
0.00064810031805934913
0.00064810031805934154
0.00064810031805934175
0.00064810031805934175
0.00064810031805934175
0.00064810031805934175
0.00064810031805934913
0.00064810031805934175
0.00064810031805933818
0.00064810031805934913
0.00064810031805934175
0.00064810031805934175
0.00064810031805933796
0.00064810031805934533
0.00064810031805934913
0.00064810031805934533
0.00064810031805933818
0.00064810031805933818
0.0006481003180593527
0.00064810031805933818
0.00064810031805933818
0.0006481003180593527
0.00064810031805934533
0.00064810031805933059
0.0006481003180593527
0.00064810031805933818
0.00064810031805933818
0.00064810031805934533
0.00064810031805934533
0.00064810031805933818
0.0006481003180593527
0.00064810031805933818
0.00064810031805934533
0.00064810031805935281
0.00064810031805933059
0.00064810031805934533
0.00064810031805934533
0.00064810031805934533
0.00064810031805933818
0.00064810031805935281
0.00064810031805933059
0.00064810031805934533
0.00064810031805935281
0.00064810031805933785
0.00064810031805933818
0.00064810031805934533
0.00064810031805933818
0.0006481003180593527
0.00064810031805933818
0.00064810031805933059
0.00064810031805935281
0.0006481003180593527
0.00064810031805933059
0.0006481003180593527
0.00064810031805933059
0.00064810031805933785
0.00064810031805935281
0.00064810031805934533
0.00064810031805933818
0.0006481003180593527
0.00064810031805933818
0.00064810031805933785
0.00064810031805934533
0.0006481003180593527
0.00064810031805934533
0.00064810031805933785
0.00064810031805933785
0.0006481003180593527
0.00064810031805933785
0.00064810031805933785
0.0006481003180593527
0.00064810031805933785
0.00064810031805933785
0.00064810031805933785
0.0006481003180593527
0.00064810031805933785
0.00064810031805933785
0.00064810031805933785
0.0006481003180593527
0.0006481003180593527
0.00064810031805933785
0.0006481003180593527
0.00064810031805932311
0.0006481003180593527
0.00064810031805933785
0.0006481003180593527
0.00064810031805933785
0.00064810031805933785
0.00064810031805933785
0.0006481003180593527
0.00064810031805933785
0.00064810031805933785
0.0006481003180593527
0.00064810031805933785
0.00064810031805933785
0.0006481003180593527
0.0006481003180593527
0.00064810031805930836
0.00064810031805936756
0.00064810031805933785
0.0006481003180593527
0.00064810031805933785
0.00064810031805933785
0.0006481003180593527
0.00064810031805933785
0.00064810031805933785
0.0006481003180593527
0.00064810031805933785
0.00064810031805932311
0.0006481003180593527
0.0006481003180593527
0.00064810031805932311
0.00064810031805936756
0.00064810031805933785
0.0006481003180593527
0.00064810031805933785
0.00064810031805933785
0.00064810031805933785
0.00064810031805936756
0.00064810031805932311
0.00064810031805933785
0.0006481003180593527
0.00064810031805932311
0.0006481003180593527
0.0006481003180593527
0.0006481003180593527
0.00064810031805932311
0.0006481003180593527
0.00064810031805932311
0.00064810031805936756
0.0006481003180593527
0.00064810031805932311
0.0006481003180593527
0.00064810031805933785
0.00064810031805933785
0.00064810031805933785
0.00064810031805936756
0.00064810031805932311
0.00064810031805933785
0.00064810031805936756
0.00064810031805932311
0.00064810031805933785
0.00064810031805938241
0.00064810031805930836
0.00064810031805933785
0.00064810031805938241
0.00064810031805930836
0.00064810031805932311
0.00064810031805939716
0.00064810031805930836
0.00064810031805933785
0.00064810031805936756
0.00064810031805930836
0.00064810031805936756
0.0006481003180593527
0.00064810031805933785
0.00064810031805932311
0.00064810031805936756
0.00064810031805932311
0.00064810031805933796
0.00064810031805936756
0.00064810031805933785
0.00064810031805933785
0.0006481003180593527
0.00064810031805933785
0.00064810031805932311
0.00064810031805936756
0.00064810031805933785
0.00064810031805930836
0.0006481003180593527
0.0006481003180593527
0.0006481003180593527
0.00064810031805932311
0.00064810031805938241
0.00064810031805932311
0.0006481003180593527
0.0006481003180593527
0.00064810031805932311
0.0006481003180593527
0.00064810031805932311
0.0006481003180593527
0.0006481003180593527
0.0006481003180593527
0.00064810031805932311
0.0006481003180593527
0.0006481003180593527
0.00064810031805932311
0.0006481003180593527
0.00064810031805932311
0.0006481003180593527
0.0006481003180593527
0.00064810031805932311
0.00064810031805932321
0.00064810031805938241
0.00064810031805932311
0.0006481003180593527
0.0006481003180593527
0.0006481003180593527
0.00064810031805932311
0.0006481003180593527
0.0006481003180593527
0.0006481003180593527
0.00064810031805929362
0.0006481003180593527
0.00064810031805934306
0.00064810031805934273
0.00064810031805934306
0.00064810031805934306
0.0006481003180593423
0.0006481003180593436
0.00064810031805934457
0.00064810031805934251
0.00064810031805934251
0.0006481003180593436
0.00064810031805934457
0.00064810031805934067
0.0006481003180593436
0.0006481003180593436
0.00064810031805934154
0.0006481003180593436
0.00064810031805934175
0.00064810031805934533
0.00064810031805933991
0.00064810031805934371
0.00064810031805934533
0.00064810031805934555
0.00064810031805933991
0.00064810031805934175
0.00064810031805934371
0.00064810031805934739
0.00064810031805934175
0.00064810031805934555
0.00064810031805934175
0.00064810031805934533
0.00064810031805933818
0.00064810031805934555
0.00064810031805934175
0.00064810031805934555
0.00064810031805934175
0.00064810031805934555
0.00064810031805934175
0.00064810031805934175
0.00064810031805934913
0.00064810031805933417
0.00064810031805934555
0.00064810031805934555
0.00064810031805934533
0.00064810031805933818
0.00064810031805934913
0.00064810031805933796
0.00064810031805934175
0.00064810031805934555
0.00064810031805934555
0.00064810031805933417
0.00064810031805934533
0.00064810031805934533
0.00064810031805934533
0.00064810031805933059
0.00064810031805936019
0.00064810031805933818
0.00064810031805933059
0.00064810031805935281
0.0006481003180593527
0.00064810031805932311
0.00064810031805935281
0.00064810031805934533
0.00064810031805933818
0.00064810031805934533
0.00064810031805934533
0.00064810031805933818
0.00064810031805934533
0.00064810031805933785
0.00064810031805935281
0.00064810031805935281
0.00064810031805933059
0.00064810031805934533
0.00064810031805933818
0.0006481003180593527
0.00064810031805933818
0.00064810031805933818
0.00064810031805934533
0.00064810031805934533
0.00064810031805933818
0.00064810031805933785
0.00064810031805936019
0.00064810031805933785
0.00064810031805933059
0.00064810031805936019
0.00064810031805933818
0.00064810031805933059
0.00064810031805935281
0.00064810031805934533
0.00064810031805933818
0.00064810031805934533
0.00064810031805933785
0.00064810031805933785
0.00064810031805935281
0.00064810031805933785
0.00064810031805933785
0.00064810031805935281
0.00064810031805933785
0.00064810031805934533
0.00064810031805934533
0.0006481003180593527
0.00064810031805933059
0.0006481003180593527
0.00064810031805932311
0.00064810031805936756
0.00064810031805933785
0.00064810031805933785
0.0006481003180593527
0.0006481003180593527
0.00064810031805933785
0.00064810031805932311
0.0006481003180593527
0.00064810031805933785
0.00064810031805933785
0.0006481003180593527
0.00064810031805933785
0.00064810031805933785
0.0006481003180593527
0.00064810031805933785
0.0006481003180593527
0.00064810031805933785
0.0006481003180593527
0.00064810031805932311
0.0006481003180593527
0.00064810031805933785
0.0006481003180593527
0.00064810031805933785
0.00064810031805933785
0.00064810031805933785
0.0006481003180593527
0.00064810031805933785
0.00064810031805933785
0.00064810031805936756
0.00064810031805933785
0.00064810031805932311
0.00064810031805936756
0.00064810031805933785
0.00064810031805933785
0.0006481003180593527
0.00064810031805933785
0.00064810031805933785
0.00064810031805933785
0.0006481003180593527
0.0006481003180593527
0.00064810031805933785
0.00064810031805932311
0.0006481003180593527
0.0006481003180593527
0.00064810031805932311
0.0006481003180593527
0.0006481003180593527
0.00064810031805932311
0.00064810031805936756
0.00064810031805933785
0.00064810031805932311
0.0006481003180593527
0.0006481003180593527
0.00064810031805932311
0.0006481003180593527
0.00064810031805933785
0.00064810031805933785
0.00064810031805938241
0.00064810031805930836
0.0006481003180593527
0.0006481003180593527
0.00064810031805932311
0.0006481003180593527
0.0006481003180593527
0.00064810031805932311
0.00064810031805933785
0.00064810031805936756
0.00064810031805932311
0.00064810031805933785
0.0006481003180593527
0.00064810031805933785
0.00064810031805936756
0.00064810031805932311
0.0006481003180593527
0.0006481003180593527
0.0006481003180593527
0.00064810031805930836
0.0006481003180593527
0.00064810031805933785
0.00064810031805933785
0.0006481003180593527
0.0006481003180593527
0.00064810031805933785
0.00064810031805932311
0.00064810031805939716
0.00064810031805930836
0.00064810031805933785
0.0006481003180593527
0.00064810031805933785
0.00064810031805932311
0.00064810031805938241
0.00064810031805930836
0.0006481003180593527
0.0006481003180593527
0.00064810031805933785
0.00064810031805932311
0.00064810031805938241
0.00064810031805932311
0.00064810031805933785
0.0006481003180593527
0.00064810031805933785
0.00064810031805930836
0.0006481003180593527
0.00064810031805932321
0.00064810031805935281
0.00064810031805932321
0.00064810031805938241
0.0006481003180593527
0.00064810031805932321
0.0006481003180593527
0.0006481003180593527
0.00064810031805932321
0.0006481003180593527
0.0006481003180593527
0.00064810031805932321
0.0006481003180593527
0.00064810031805932321
0.00064810031805938241
0.00064810031805932311
0.0006481003180593527
0.00064810031805932321
0.00064810031805932321
0.00064810031805938241
0.00064810031805932321
0.0006481003180593527
0.0006481003180593527
0.00064810031805932321
0.0006481003180593527
0.0006481003180593527
0.00064810031805932321
0.0006481003180593527
0.0006481003180593527
0.0006481003180593527
0.00064810031805932311
0.0006481003180593527
0.00064810031805929362
0.00064810031805938241
0.00064810031805934306
0.00064810031805934327
0.00064810031805934262
0.00064810031805934338
0.00064810031805934262
0.00064810031805934338
0.00064810031805934251
0.00064810031805934425
0.00064810031805934154
0.00064810031805934425
0.00064810031805934251
0.00064810031805934251
0.00064810031805934251
0.00064810031805934175
0.0006481003180593436
0.0006481003180593436
0.0006481003180593436
0.00064810031805934175
0.0006481003180593436
0.00064810031805934175
0.00064810031805934718
0.0006481003180593436
0.0006481003180593398
0.0006481003180593436
0.00064810031805934533
0.0006481003180593398
0.00064810031805934533
0.00064810031805934533
0.00064810031805934175
0.00064810031805934175
0.00064810031805934175
0.00064810031805934175
0.00064810031805934533
0.00064810031805934533
0.00064810031805934175
0.00064810031805933785
0.00064810031805934533
0.00064810031805934533
0.00064810031805934175
0.00064810031805934533
0.00064810031805934533
0.00064810031805933796
0.00064810031805934902
0.00064810031805933796
0.00064810031805933785
0.00064810031805934902
0.00064810031805934175
0.00064810031805934533
0.00064810031805934533
0.00064810031805933796
0.00064810031805934175
0.0006481003180593526
0.00064810031805933796
0.00064810031805933059
0.00064810031805936019
0.00064810031805933796
0.00064810031805933059
0.00064810031805936019
0.00064810031805933796
0.00064810031805933796
0.00064810031805934533
0.00064810031805934533
0.00064810031805933059
0.00064810031805936019
0.00064810031805933796
0.00064810031805933059
0.00064810031805936019
0.00064810031805933059
0.0006481003180593527
0.0006481003180593527
0.00064810031805933059
0.0006481003180593526
0.00064810031805933059
0.00064810031805934533
0.00064810031805934533
0.00064810031805934533
0.00064810031805933796
0.00064810031805934533
0.00064810031805934533
0.00064810031805933796
0.00064810031805934533
0.00064810031805934533
0.00064810031805933796
0.0006481003180593526
0.00064810031805934533
0.00064810031805933059
0.00064810031805934533
0.0006481003180593526
0.00064810031805933059
0.0006481003180593526
0.00064810031805934533
0.00064810031805933059
0.00064810031805934533
0.0006481003180593526
0.00064810031805933059
0.0006481003180593526
0.00064810031805933059
0.00064810031805934533
0.00064810031805934533
0.00064810031805934533
0.0006481003180593526
0.00064810031805932311
0.00064810031805933785
0.00064810031805936756
0.00064810031805933785
0.0006481003180593526
0.00064810031805933785
0.00064810031805933785
0.0006481003180593526
0.00064810031805933785
0.00064810031805933785
0.0006481003180593526
0.00064810031805932311
0.0006481003180593526
0.00064810031805933785
0.0006481003180593526
0.00064810031805933785
0.0006481003180593526
0.00064810031805933785
0.00064810031805933785
0.00064810031805933785
0.0006481003180593526
0.00064810031805933785
0.00064810031805933785
0.0006481003180593526
0.00064810031805933785
0.0006481003180593526
0.00064810031805932311
0.0006481003180593526
0.00064810031805933785
0.0006481003180593526
0.00064810031805933785
0.0006481003180593526
0.00064810031805930836
0.00064810031805936756
0.0006481003180593526
0.00064810031805933785
0.00064810031805933785
0.00064810031805933785
0.0006481003180593526
0.0006481003180593526
0.00064810031805932311
0.0006481003180593526
0.00064810031805933785
0.0006481003180593526
0.00064810031805933785
0.00064810031805933785
0.00064810031805932311
0.00064810031805938241
0.00064810031805932311
0.0006481003180593526
0.00064810031805933785
0.00064810031805933785
0.00064810031805933785
0.0006481003180593526
0.00064810031805933785
0.00064810031805933785
0.0006481003180593526
0.0006481003180593526
0.00064810031805932311
0.0006481003180593526
0.0006481003180593526
0.00064810031805933785
0.0006481003180593527
0.00064810031805932311
0.00064810031805933785
0.00064810031805936756
0.00064810031805932311
0.00064810031805933785
0.00064810031805936756
0.00064810031805932311
0.00064810031805933785
0.00064810031805936756
0.00064810031805933785
0.00064810031805932311
0.00064810031805936756
0.00064810031805933785
0.00064810031805933785
0.00064810031805936756
0.00064810031805932311
0.00064810031805932311
0.00064810031805938241
0.00064810031805930836
0.0006481003180593526
0.00064810031805936756
0.00064810031805932311
0.00064810031805932311
0.00064810031805936756
0.00064810031805930836
0.00064810031805936756
0.0006481003180593526
0.00064810031805933785
0.00064810031805933785
0.0006481003180593526
0.00064810031805932311
0.00064810031805938241
0.00064810031805932311
0.00064810031805933785
0.00064810031805933785
0.0006481003180593526
0.00064810031805933785
0.0006481003180593526
0.00064810031805933785
0.00064810031805933785
0.00064810031805933785
0.00064810031805932311
0.0006481003180593527
0.0006481003180593527
0.00064810031805932311
0.0006481003180593527
0.0006481003180593527
0.0006481003180593527
0.00064810031805932311
0.00064810031805938241
0.00064810031805932311
0.0006481003180593527
0.0006481003180593527
0.00064810031805932311
0.0006481003180593527
0.0006481003180593527
0.00064810031805932311
0.00064810031805932311
0.00064810031805938241
0.00064810031805932311
0.00064810031805932311
0.00064810031805938241
0.00064810031805932311
0.00064810031805932311
0.00064810031805938241
0.00064810031805932311
0.00064810031805932311
0.0006481003180593527
0.0006481003180593527
0.0006481003180593527
0.0006481003180593527
0.00064810031805932311
0.00064810031805932311
0.0006481003180593527
0.0006481003180593527
0.00064810031805932311
0.00064810031805934338
0.00064810031805934327
0.00064810031805934327
0.00064810031805934273
0.00064810031805934371
0.00064810031805934327
0.00064810031805934371
0.00064810031805934381
0.00064810031805934186
0.00064810031805934371
0.00064810031805934273
0.00064810031805934371
0.00064810031805934273
0.00064810031805934381
0.00064810031805934186
0.00064810031805934381
0.00064810031805934381
0.00064810031805934381
0.00064810031805934186
0.00064810031805934186
0.00064810031805934566
0.00064810031805934566
0.00064810031805933633
0.00064810031805934924
0.00064810031805933818
0.00064810031805934924
0.00064810031805934533
0.00064810031805934533
0.00064810031805933818
0.00064810031805934186
0.00064810031805934566
0.00064810031805934186
0.00064810031805934186
0.00064810031805934924
0.00064810031805934175
0.00064810031805934533
0.00064810031805934555
0.00064810031805934175
0.00064810031805933818
0.00064810031805934533
0.00064810031805934555
0.00064810031805933818
0.00064810031805934533
0.00064810031805934533
0.00064810031805934555
0.00064810031805933818
0.00064810031805934186
0.00064810031805934533
0.00064810031805934186
0.00064810031805934533
0.00064810031805934175
0.00064810031805934533
0.00064810031805933818
0.00064810031805934533
0.00064810031805934533
0.00064810031805933818
0.00064810031805934533
0.00064810031805935281
0.0006481003180593308
0.00064810031805933818
0.00064810031805936019
0.0006481003180593308
0.00064810031805934533
0.00064810031805934533
0.00064810031805933818
0.00064810031805934533
0.00064810031805934533
0.00064810031805934533
0.00064810031805933818
0.00064810031805934533
0.00064810031805933818
0.00064810031805934533
0.00064810031805935281
0.00064810031805933818
0.00064810031805933818
0.00064810031805935281
0.00064810031805933818
0.00064810031805934533
0.00064810031805934566
0.00064810031805933818
0.00064810031805934533
0.00064810031805933818
0.00064810031805934533
0.00064810031805935281
0.00064810031805933818
0.0006481003180593308
0.0006481003180593527
0.00064810031805934533
0.00064810031805933818
0.00064810031805935281
0.00064810031805933818
0.00064810031805933818
0.00064810031805934533
0.00064810031805933818
0.00064810031805934533
0.00064810031805934533
0.00064810031805935281
0.00064810031805932332
0.00064810031805936019
0.00064810031805934566
0.00064810031805932332
0.0006481003180593527
0.00064810031805933818
0.0006481003180593527
0.00064810031805932332
0.00064810031805935281
0.0006481003180593527
0.00064810031805933818
0.0006481003180593527
0.00064810031805932332
0.0006481003180593527
0.00064810031805933818
0.00064810031805933818
0.0006481003180593527
0.0006481003180593527
0.00064810031805932332
0.0006481003180593527
0.00064810031805933818
0.0006481003180593527
0.00064810031805935281
0.00064810031805933818
0.00064810031805932332
0.0006481003180593527
0.0006481003180593527
0.00064810031805933818
0.00064810031805933818
0.0006481003180593527
0.00064810031805933818
0.00064810031805933818
0.00064810031805933818
0.0006481003180593527
0.00064810031805933818
0.00064810031805933818
0.0006481003180593527
0.00064810031805932332
0.00064810031805938252
0.00064810031805932321
0.0006481003180593527
0.00064810031805932332
0.0006481003180593527
0.00064810031805932321
0.00064810031805936756
0.00064810031805933818
0.0006481003180593527
0.00064810031805932332
0.00064810031805933818
0.00064810031805936756
0.00064810031805933818
0.00064810031805933818
0.00064810031805933818
0.0006481003180593527
0.00064810031805935281
0.00064810031805932332
0.0006481003180593527
0.00064810031805933818
0.00064810031805933818
0.0006481003180593527
0.00064810031805933818
0.00064810031805933818
0.0006481003180593527
0.00064810031805932332
0.00064810031805935281
0.0006481003180593527
0.00064810031805933818
0.00064810031805933818
0.0006481003180593527
0.00064810031805936756
0.00064810031805932321
0.00064810031805932332
0.00064810031805938252
0.00064810031805930858
0.00064810031805933818
0.00064810031805938252
0.00064810031805932321
0.00064810031805930858
0.00064810031805939727
0.00064810031805932321
0.00064810031805932332
0.00064810031805935281
0.00064810031805933818
0.0006481003180593527
0.0006481003180593527
0.00064810031805933818
0.00064810031805933818
0.0006481003180593527
0.00064810031805933818
0.00064810031805932332
0.00064810031805936756
0.00064810031805933818
0.00064810031805932332
0.00064810031805936756
0.00064810031805933818
0.00064810031805932332
0.00064810031805936756
0.00064810031805932332
0.00064810031805936756
0.00064810031805933818
0.00064810031805932332
0.00064810031805933818
0.00064810031805936756
0.00064810031805933818
0.0006481003180593527
0.00064810031805933818
0.00064810031805932332
0.00064810031805936756
0.00064810031805933818
0.00064810031805932332
0.00064810031805938252
0.00064810031805932332
0.00064810031805932332
0.00064810031805938252
0.00064810031805935281
0.00064810031805929383
0.00064810031805938252
0.00064810031805935281
0.00064810031805929383
0.00064810031805938252
0.00064810031805935281
0.00064810031805932332
0.00064810031805932332
0.00064810031805935281
0.00064810031805932332
0.00064810031805938252
0.00064810031805932332
0.00064810031805935281
0.00064810031805935281
0.00064810031805932332
0.00064810031805935281
0.00064810031805935281
0.00064810031805932332
0.00064810031805935281
0.00064810031805935281
0.00064810031805932332
0.00064810031805935281
0.00064810031805935281
0.00064810031805932332
0.00064810031805935281
0.00064810031805935281
0.00064810031805932332
0.00064810031805932332
0.00064810031805934306
0.00064810031805934327
0.00064810031805934306
0.00064810031805934306
0.00064810031805934306
0.00064810031805934219
0.00064810031805934425
0.00064810031805934251
0.00064810031805934338
0.00064810031805934251
0.00064810031805934251
0.00064810031805934154
0.00064810031805934425
0.0006481003180593436
0.00064810031805934154
0.0006481003180593436
0.00064810031805934175
0.00064810031805934718
0.0006481003180593398
0.00064810031805934175
0.0006481003180593436
0.00064810031805934718
0.00064810031805933601
0.00064810031805934902
0.0006481003180593436
0.0006481003180593398
0.00064810031805934533
0.00064810031805934533
0.00064810031805933796
0.00064810031805934175
0.00064810031805934533
0.00064810031805933785
0.00064810031805934533
0.00064810031805934533
0.00064810031805934902
0.00064810031805933417
0.00064810031805934533
0.00064810031805934902
0.00064810031805933796
0.00064810031805934533
0.00064810031805934902
0.00064810031805933048
0.00064810031805934533
0.00064810031805934533
0.00064810031805933417
0.0006481003180593527
0.00064810031805933785
0.00064810031805934533
0.00064810031805934533
0.00064810031805933785
0.0006481003180593526
0.00064810031805934533
0.00064810031805933796
0.00064810031805934533
0.0006481003180593527
0.00064810031805933059
0.00064810031805934533
0.00064810031805934533
0.00064810031805933796
0.00064810031805934533
0.0006481003180593527
0.00064810031805933059
0.00064810031805934533
0.0006481003180593527
0.00064810031805933059
0.00064810031805934533
0.0006481003180593527
0.00064810031805934533
0.00064810031805933785
0.00064810031805934533
0.00064810031805933785
0.00064810031805934533
0.00064810031805933785
0.0006481003180593527
0.00064810031805933059
0.0006481003180593527
0.00064810031805933785
0.00064810031805933796
0.0006481003180593527
0.00064810031805933785
0.00064810031805933796
0.0006481003180593527
0.00064810031805933785
0.0006481003180593527
0.00064810031805933785
0.00064810031805933785
0.00064810031805936019
0.00064810031805933037
0.00064810031805933059
0.00064810031805936019
0.00064810031805933785
0.00064810031805933785
0.0006481003180593527
0.00064810031805933785
0.00064810031805933785
0.00064810031805934533
0.0006481003180593527
0.00064810031805933785
0.00064810031805934533
0.00064810031805934533
0.00064810031805932311
0.0006481003180593526
0.00064810031805933785
0.0006481003180593526
0.00064810031805933785
0.00064810031805933785
0.00064810031805933785
0.0006481003180593526
0.00064810031805933785
0.0006481003180593526
0.00064810031805933785
0.0006481003180593526
0.00064810031805932311
0.00064810031805933785
0.0006481003180593527
0.0006481003180593526
0.00064810031805933785
0.0006481003180593526
0.00064810031805933785
0.00064810031805933785
0.00064810031805933785
0.00064810031805933785
0.0006481003180593526
0.00064810031805933785
0.0006481003180593526
0.0006481003180593527
0.00064810031805933785
0.00064810031805932311
0.0006481003180593526
0.00064810031805933785
0.00064810031805933785
0.0006481003180593526
0.00064810031805933785
0.00064810031805933785
0.0006481003180593526
0.00064810031805933785
0.0006481003180593526
0.00064810031805932311
0.0006481003180593527
0.00064810031805936756
0.00064810031805933785
0.00064810031805932311
0.0006481003180593526
0.00064810031805933785
0.0006481003180593526
0.0006481003180593527
0.00064810031805932311
0.0006481003180593526
0.0006481003180593527
0.00064810031805932311
0.00064810031805933785
0.0006481003180593526
0.00064810031805933785
0.0006481003180593526
0.0006481003180593527
0.00064810031805932311
0.00064810031805932311
0.00064810031805936756
0.00064810031805933785
0.00064810031805933785
0.0006481003180593526
0.00064810031805933785
0.00064810031805933785
0.00064810031805936756
0.00064810031805930836
0.0006481003180593527
0.0006481003180593527
0.00064810031805932311
0.00064810031805936756
0.0006481003180593526
0.00064810031805932311
0.00064810031805933785
0.00064810031805936756
0.00064810031805932311
0.00064810031805933785
0.00064810031805936756
0.00064810031805932311
0.0006481003180593526
0.0006481003180593526
0.00064810031805932311
0.0006481003180593526
0.00064810031805933785
0.00064810031805933785
0.0006481003180593526
0.00064810031805933785
0.00064810031805933785
0.00064810031805933785
0.0006481003180593527
0.00064810031805933785
0.0006481003180593526
0.00064810031805933785
0.0006481003180593526
0.00064810031805933785
0.00064810031805933785
0.00064810031805936756
0.00064810031805932311
0.00064810031805933785
0.00064810031805933785
0.0006481003180593527
0.00064810031805933785
0.0006481003180593526
0.00064810031805933785
0.0006481003180593526
0.00064810031805932311
0.00064810031805932311
0.00064810031805938241
0.00064810031805932311
0.00064810031805932311
0.0006481003180593527
0.0006481003180593527
0.00064810031805938241
0.00064810031805929362
0.0006481003180593527
0.00064810031805938241
0.00064810031805929362
0.0006481003180593527
0.0006481003180593527
0.00064810031805932311
0.00064810031805938241
0.0006481003180593527
0.00064810031805932311
0.00064810031805932311
0.0006481003180593527
0.0006481003180593527
0.00064810031805932311
0.0006481003180593527
0.0006481003180593527
0.0006481003180593527
0.00064810031805932311
0.00064810031805932311
0.00064810031805938241
0.0006481003180593527
0.00064810031805929362
0.00064810031805938241
0.0006481003180593527
0.00064810031805929362
0.0006481003180593527
0.00064810031805938241
0.00064810031805929362
0.00064810031805938241
0.00064810031805934306
0.00064810031805934306
0.00064810031805934273
0.00064810031805934338
0.00064810031805934262
0.00064810031805934338
0.00064810031805934251
0.00064810031805934425
0.00064810031805934154
0.00064810031805934425
0.00064810031805934251
0.00064810031805934251
0.00064810031805934251
0.00064810031805934533
0.0006481003180593398
0.00064810031805934718
0.00064810031805934175
0.0006481003180593436
0.00064810031805934175
0.00064810031805934154
0.0006481003180593436
0.00064810031805934533
0.0006481003180593398
0.00064810031805934533
0.0006481003180593436
0.0006481003180593398
0.00064810031805934533
0.00064810031805934533
0.00064810031805934175
0.00064810031805934175
0.00064810031805934175
0.00064810031805934175
0.00064810031805934902
0.00064810031805934175
0.00064810031805934175
0.00064810031805933785
0.00064810031805934902
0.00064810031805934175
0.00064810031805934533
0.00064810031805934533
0.00064810031805934154
0.00064810031805933796
0.00064810031805934533
0.00064810031805934533
0.00064810031805933796
0.00064810031805934902
0.00064810031805933796
0.00064810031805934533
0.00064810031805934533
0.00064810031805934533
0.00064810031805933417
0.0006481003180593526
0.00064810031805933796
0.00064810031805934533
0.00064810031805934533
0.00064810031805933059
0.00064810031805934533
0.0006481003180593526
0.00064810031805933796
0.00064810031805933796
0.0006481003180593526
0.00064810031805933796
0.00064810031805933796
0.0006481003180593526
0.00064810031805933796
0.00064810031805934533
0.00064810031805934533
0.00064810031805934533
0.00064810031805934533
0.00064810031805933785
0.00064810031805933796
0.0006481003180593526
0.00064810031805933785
0.00064810031805933796
0.00064810031805934533
0.00064810031805934533
0.00064810031805933796
0.00064810031805934533
0.00064810031805934533
0.00064810031805933796
0.00064810031805934533
0.00064810031805934533
0.00064810031805933796
0.0006481003180593526
0.00064810031805934533
0.00064810031805933059
0.00064810031805934533
0.0006481003180593526
0.00064810031805933059
0.0006481003180593526
0.00064810031805934533
0.00064810031805933785
0.00064810031805933796
0.0006481003180593526
0.00064810031805932311
0.00064810031805936019
0.0006481003180593527
0.00064810031805933785
0.00064810031805934533
0.00064810031805933785
0.00064810031805933059
0.00064810031805933785
0.00064810031805933785
0.00064810031805933785
0.0006481003180593527
0.00064810031805936756
0.00064810031805930836
0.0006481003180593527
0.00064810031805936756
0.00064810031805930836
0.00064810031805936756
0.0006481003180593526
0.00064810031805932311
0.00064810031805933785
0.00064810031805936756
0.00064810031805932311
0.00064810031805933785
0.00064810031805936756
0.00064810031805932311
0.00064810031805933785
0.00064810031805936756
0.00064810031805932311
0.00064810031805933785
0.00064810031805936756
0.00064810031805930836
0.0006481003180593527
0.00064810031805936756
0.00064810031805930836
0.0006481003180593527
0.00064810031805936756
0.00064810031805930836
0.0006481003180593527
0.00064810031805936756
0.00064810031805932311
0.00064810031805933785
0.00064810031805936756
0.00064810031805930836
0.0006481003180593526
0.00064810031805936756
0.00064810031805933785
0.00064810031805933785
0.0006481003180593526
0.00064810031805932311
0.00064810031805932311
0.0006481003180593822
0.00064810031805932311
0.00064810031805933785
0.00064810031805938241
0.00064810031805932311
0.00064810031805932311
0.00064810031805936756
0.00064810031805932311
0.00064810031805933785
0.0006481003180593527
0.0006481003180593526
0.00064810031805932311
0.00064810031805938241
0.00064810031805930836
0.00064810031805933785
0.00064810031805936756
0.00064810031805932311
0.00064810031805933785
0.00064810031805936756
0.00064810031805933785
0.00064810031805930836
0.0006481003180593526
0.0006481003180593526
0.0006481003180593527
0.00064810031805933785
0.0006481003180593527
0.00064810031805932311
0.00064810031805933785
0.00064810031805936756
0.00064810031805932311
0.00064810031805933785
0.00064810031805936756
0.00064810031805932311
0.00064810031805933785
0.0006481003180593526
0.00064810031805933785
0.0006481003180593527
0.00064810031805933785
0.00064810031805933785
0.00064810031805932311
0.00064810031805936756
0.00064810031805933785
0.00064810031805933785
0.00064810031805936756
0.00064810031805933785
0.00064810031805933785
0.00064810031805933785
0.0006481003180593527
0.00064810031805932311
0.00064810031805936756
0.00064810031805932311
0.0006481003180593526
0.00064810031805933785
0.00064810031805933785
0.0006481003180593526
0.0006481003180593527
0.0006481003180593526
0.00064810031805932311
0.00064810031805936756
0.00064810031805932311
0.0006481003180593527
0.00064810031805932311
0.0006481003180593527
0.0006481003180593527
0.00064810031805932311
0.00064810031805938241
0.00064810031805932311
0.0006481003180593527
0.0006481003180593527
0.0006481003180593527
0.00064810031805932311
0.00064810031805932311
0.00064810031805938241
0.00064810031805932311
0.0006481003180593527
0.0006481003180593527
0.00064810031805932311
0.00064810031805932311
0.0006481003180593527
0.0006481003180593527
0.00064810031805932311
0.0006481003180593527
0.0006481003180593527
0.0006481003180593527
0.0006481003180593527
0.00064810031805932311
0.0006481003180593527
0.0006481003180593527
0.00064810031805932311
0.0006481003180593527
0.0006481003180593527
0.00064810031805932311
0.00064810031805932311
0.00064810031805938241
0.00064810031805932311
0.00064810031805932311
0.00064810031805934306
0.00064810031805934327
0.00064810031805934306
0.00064810031805934306
0.00064810031805934306
0.00064810031805934219
0.00064810031805934425
0.00064810031805934251
0.00064810031805934338
0.00064810031805934251
0.00064810031805934251
0.00064810031805934154
0.00064810031805934425
0.0006481003180593436
0.00064810031805934154
0.0006481003180593436
0.00064810031805934175
0.00064810031805934718
0.0006481003180593398
0.00064810031805934175
0.0006481003180593436
0.00064810031805934718
0.00064810031805933601
0.00064810031805934902
0.0006481003180593436
0.0006481003180593398
0.00064810031805934533
0.00064810031805934533
0.00064810031805933796
0.00064810031805934175
0.00064810031805934533
0.00064810031805933785
0.00064810031805934533
0.00064810031805934533
0.00064810031805934902
0.00064810031805933417
0.00064810031805934533
0.00064810031805934902
0.00064810031805933796
0.00064810031805934533
0.00064810031805934902
0.00064810031805933048
0.00064810031805934533
0.00064810031805934533
0.00064810031805933417
0.0006481003180593527
0.00064810031805933785
0.00064810031805934533
0.00064810031805934533
0.00064810031805933785
0.0006481003180593526
0.00064810031805934533
0.00064810031805933796
0.00064810031805934533
0.0006481003180593527
0.00064810031805933059
0.00064810031805934533
0.00064810031805934533
0.00064810031805933796
0.00064810031805934533
0.0006481003180593527
0.00064810031805933059
0.00064810031805934533
0.0006481003180593527
0.00064810031805933059
0.00064810031805934533
0.0006481003180593527
0.00064810031805934533
0.00064810031805933785
0.00064810031805934533
0.00064810031805933785
0.00064810031805934533
0.00064810031805933785
0.0006481003180593527
0.00064810031805933059
0.0006481003180593527
0.00064810031805933785
0.00064810031805933796
0.0006481003180593527
0.00064810031805933785
0.00064810031805933796
0.0006481003180593527
0.00064810031805933785
0.0006481003180593527
0.00064810031805933785
0.00064810031805933785
0.00064810031805936019
0.00064810031805933037
0.00064810031805933059
0.00064810031805936019
0.00064810031805933785
0.00064810031805933785
0.0006481003180593527
0.00064810031805933785
0.00064810031805933785
0.00064810031805934533
0.0006481003180593527
0.00064810031805933785
0.00064810031805934533
0.00064810031805934533
0.00064810031805932311
0.0006481003180593526
0.00064810031805933785
0.0006481003180593526
0.00064810031805933785
0.00064810031805933785
0.00064810031805933785
0.0006481003180593526
0.00064810031805933785
0.0006481003180593526
0.00064810031805933785
0.0006481003180593526
0.00064810031805932311
0.00064810031805933785
0.0006481003180593527
0.0006481003180593526
0.00064810031805933785
0.0006481003180593526
0.00064810031805933785
0.00064810031805933785
0.00064810031805933785
0.00064810031805933785
0.0006481003180593526
0.00064810031805933785
0.0006481003180593526
0.0006481003180593527
0.00064810031805933785
0.00064810031805932311
0.0006481003180593526
0.00064810031805933785
0.00064810031805933785
0.0006481003180593526
0.00064810031805933785
0.00064810031805933785
0.0006481003180593526
0.00064810031805933785
0.0006481003180593526
0.00064810031805932311
0.0006481003180593527
0.00064810031805936756
0.00064810031805933785
0.00064810031805932311
0.0006481003180593526
0.00064810031805933785
0.0006481003180593526
0.0006481003180593527
0.00064810031805932311
0.0006481003180593526
0.0006481003180593527
0.00064810031805932311
0.00064810031805933785
0.0006481003180593526
0.00064810031805933785
0.0006481003180593526
0.0006481003180593527
0.00064810031805932311
0.00064810031805932311
0.00064810031805936756
0.00064810031805933785
0.00064810031805933785
0.0006481003180593526
0.00064810031805933785
0.00064810031805933785
0.00064810031805936756
0.00064810031805930836
0.0006481003180593527
0.0006481003180593527
0.00064810031805932311
0.00064810031805936756
0.0006481003180593526
0.00064810031805932311
0.00064810031805933785
0.00064810031805936756
0.00064810031805932311
0.00064810031805933785
0.00064810031805936756
0.00064810031805932311
0.0006481003180593526
0.0006481003180593526
0.00064810031805932311
0.0006481003180593526
0.00064810031805933785
0.00064810031805933785
0.0006481003180593526
0.00064810031805933785
0.00064810031805933785
0.00064810031805933785
0.0006481003180593527
0.00064810031805933785
0.0006481003180593526
0.00064810031805933785
0.0006481003180593526
0.00064810031805933785
0.00064810031805933785
0.00064810031805936756
0.00064810031805932311
0.00064810031805933785
0.00064810031805933785
0.0006481003180593527
0.00064810031805933785
0.0006481003180593526
0.00064810031805933785
0.0006481003180593526
0.00064810031805932311
0.00064810031805932311
0.00064810031805938241
0.00064810031805932311
0.00064810031805932311
0.0006481003180593527
0.0006481003180593527
0.00064810031805938241
0.00064810031805929362
0.0006481003180593527
0.00064810031805938241
0.00064810031805929362
0.0006481003180593527
0.0006481003180593527
0.00064810031805932311
0.00064810031805938241
0.0006481003180593527
0.00064810031805932311
0.00064810031805932311
0.0006481003180593527
0.0006481003180593527
0.00064810031805932311
0.0006481003180593527
0.0006481003180593527
0.0006481003180593527
0.00064810031805932311
0.00064810031805932311
0.00064810031805938241
0.0006481003180593527
0.00064810031805929362
0.00064810031805938241
0.0006481003180593527
0.00064810031805929362
0.0006481003180593527
0.00064810031805938241
0.00064810031805929362
0.00064810031805938241
0.00064810031805934338
0.00064810031805934338
0.00064810031805934327
0.00064810031805934381
0.00064810031805934306
0.00064810031805934381
0.00064810031805934381
0.00064810031805934295
0.00064810031805934197
0.0006481003180593449
0.00064810031805934381
0.00064810031805934295
0.0006481003180593449
0.00064810031805934197
0.00064810031805934197
0.00064810031805934392
0.00064810031805934587
0.00064810031805934197
0.00064810031805934587
0.00064810031805934024
0.00064810031805934587
0.00064810031805934197
0.00064810031805934197
0.00064810031805934392
0.00064810031805934587
0.00064810031805934392
0.00064810031805934219
0.00064810031805934587
0.00064810031805934219
0.00064810031805934219
0.00064810031805934587
0.00064810031805933839
0.00064810031805934587
0.00064810031805935314
0.00064810031805933839
0.00064810031805933839
0.00064810031805934587
0.00064810031805934219
0.00064810031805934587
0.00064810031805934577
0.00064810031805934197
0.00064810031805933839
0.00064810031805934587
0.00064810031805934587
0.00064810031805933839
0.00064810031805934945
0.00064810031805934219
0.00064810031805934577
0.00064810031805934219
0.00064810031805933839
0.00064810031805934219
0.00064810031805935314
0.00064810031805933839
0.00064810031805933839
0.00064810031805935314
0.00064810031805933839
0.00064810031805933839
0.00064810031805935314
0.00064810031805933839
0.00064810031805934577
0.00064810031805934577
0.00064810031805933839
0.00064810031805933839
0.00064810031805935314
0.00064810031805933839
0.00064810031805933839
0.00064810031805934577
0.00064810031805934577
0.00064810031805934577
0.00064810031805934577
0.00064810031805933839
0.00064810031805934577
0.00064810031805935314
0.0006481003180593308
0.00064810031805934577
0.00064810031805935314
0.0006481003180593308
0.00064810031805934577
0.00064810031805934577
0.0006481003180593308
0.00064810031805935314
0.00064810031805934577
0.00064810031805933839
0.00064810031805935314
0.00064810031805935314
0.00064810031805932365
0.00064810031805935314
0.00064810031805934577
0.00064810031805932354
0.00064810031805936799
0.00064810031805933839
0.0006481003180593308
0.00064810031805935314
0.00064810031805934577
0.0006481003180593308
0.00064810031805935314
0.00064810031805934577
0.00064810031805934577
0.0006481003180593308
0.00064810031805935314
0.00064810031805933839
0.00064810031805934577
0.00064810031805933839
0.00064810031805935314
0.00064810031805933839
0.00064810031805935314
0.00064810031805933839
0.00064810031805933839
0.00064810031805935314
0.00064810031805933839
0.00064810031805933839
0.00064810031805935314
0.00064810031805933839
0.00064810031805933839
0.00064810031805935314
0.00064810031805932354
0.00064810031805935314
0.00064810031805935314
0.00064810031805932354
0.00064810031805935314
0.00064810031805935314
0.00064810031805932354
0.00064810031805935314
0.00064810031805935314
0.00064810031805932354
0.00064810031805935314
0.00064810031805935314
0.00064810031805932354
0.00064810031805935314
0.00064810031805935314
0.00064810031805932354
0.00064810031805935314
0.00064810031805935314
0.00064810031805932354
0.00064810031805933839
0.00064810031805938274
0.00064810031805933839
0.00064810031805933839
0.00064810031805935314
0.00064810031805932365
0.00064810031805933839
0.00064810031805936788
0.00064810031805933839
0.00064810031805932354
0.00064810031805935314
0.00064810031805935314
0.00064810031805932354
0.00064810031805935314
0.00064810031805933839
0.00064810031805933839
0.00064810031805935314
0.00064810031805933839
0.00064810031805933839
0.00064810031805935314
0.00064810031805935314
0.00064810031805932354
0.00064810031805935314
0.00064810031805933839
0.00064810031805933839
0.00064810031805935314
0.00064810031805933839
0.00064810031805933839
0.00064810031805935314
0.00064810031805935314
0.00064810031805930879
0.00064810031805935314
0.00064810031805935314
0.00064810031805932365
0.00064810031805935314
0.00064810031805936788
0.00064810031805930879
0.00064810031805936788
0.00064810031805935314
0.00064810031805933839
0.00064810031805932354
0.00064810031805936788
0.00064810031805933839
0.00064810031805932354
0.00064810031805935314
0.00064810031805935314
0.00064810031805935314
0.00064810031805933839
0.00064810031805932354
0.00064810031805933839
0.00064810031805936788
0.00064810031805932354
0.00064810031805935314
0.00064810031805935314
0.00064810031805932354
0.00064810031805935314
0.00064810031805935314
0.00064810031805932354
0.00064810031805933839
0.00064810031805936788
0.00064810031805933839
0.00064810031805932365
0.00064810031805936788
0.00064810031805933839
0.00064810031805933839
0.00064810031805935314
0.00064810031805932354
0.00064810031805933839
0.00064810031805936788
0.00064810031805932354
0.00064810031805932365
0.00064810031805938274
0.00064810031805932354
0.00064810031805935314
0.00064810031805938263
0.00064810031805929383
0.00064810031805938274
0.00064810031805932354
0.00064810031805932354
0.00064810031805938274
0.00064810031805932354
0.00064810031805932354
0.00064810031805938274
0.00064810031805932354
0.00064810031805932354
0.00064810031805938274
0.00064810031805932354
0.00064810031805932354
0.00064810031805938274
0.00064810031805932354
0.00064810031805932354
0.00064810031805941244
0.00064810031805929383
0.00064810031805935314
0.00064810031805938263
0.00064810031805929383
0.00064810031805935314
0.00064810031805935314
0.00064810031805932354
0.00064810031805932354
0.00064810031805941244
0.00064810031805929383
0.00064810031805935314
0.00064810031805938263
0.00064810031805929383
0.00064810031805935314
0.00064810031805934251
0.00064810031805934251
0.0006481003180593423
0.00064810031805934295
0.00064810031805934251
0.00064810031805934251
0.00064810031805934295
0.00064810031805934306
0.00064810031805934121
0.00064810031805934381
0.00064810031805934121
0.00064810031805934089
0.00064810031805934577
0.00064810031805934121
0.00064810031805934121
0.00064810031805934306
0.0006481003180593449
0.00064810031805934121
0.00064810031805934306
0.00064810031805934306
0.00064810031805934306
0.00064810031805934121
0.0006481003180593449
0.00064810031805934121
0.00064810031805934306
0.00064810031805934306
0.00064810031805934121
0.0006481003180593449
0.00064810031805933753
0.0006481003180593449
0.00064810031805934121
0.0006481003180593449
0.00064810031805934121
0.00064810031805934848
0.00064810031805933373
0.00064810031805934848
0.0006481003180593449
0.00064810031805933753
0.0006481003180593449
0.0006481003180593449
0.00064810031805934121
0.00064810031805933753
0.0006481003180593449
0.00064810031805934121
0.0006481003180593449
0.0006481003180593449
0.0006481003180593449
0.00064810031805934121
0.00064810031805934121
0.00064810031805934121
0.0006481003180593449
0.0006481003180593449
0.00064810031805933753
0.00064810031805933753
0.00064810031805935954
0.00064810031805933015
0.00064810031805933753
0.00064810031805935227
0.00064810031805933753
0.00064810031805933753
0.00064810031805935227
0.00064810031805933753
0.00064810031805933753
0.00064810031805935227
0.00064810031805933753
0.00064810031805933753
0.0006481003180593449
0.00064810031805933731
0.00064810031805935227
0.00064810031805935227
0.00064810031805933015
0.0006481003180593449
0.0006481003180593449
0.00064810031805933753
0.00064810031805935227
0.00064810031805933731
0.00064810031805933015
0.00064810031805935227
0.00064810031805935227
0.00064810031805933015
0.0006481003180593449
0.0006481003180593449
0.00064810031805933753
0.00064810031805935227
0.0006481003180593449
0.00064810031805932256
0.00064810031805935954
0.0006481003180593449
0.00064810031805933015
0.0006481003180593449
0.0006481003180593449
0.00064810031805933015
0.00064810031805935954
0.00064810031805933753
0.0006481003180593449
0.0006481003180593449
0.0006481003180593449
0.0006481003180593449
0.00064810031805933731
0.0006481003180593449
0.0006481003180593449
0.00064810031805933731
0.00064810031805933731
0.00064810031805935227
0.00064810031805933731
0.00064810031805933731
0.00064810031805933731
0.00064810031805935227
0.00064810031805935227
0.00064810031805933731
0.00064810031805933731
0.00064810031805933731
0.00064810031805935227
0.00064810031805933731
0.00064810031805933731
0.00064810031805933731
0.00064810031805935227
0.00064810031805935227
0.00064810031805932256
0.00064810031805935227
0.00064810031805933731
0.00064810031805933731
0.00064810031805935227
0.00064810031805933731
0.00064810031805933731
0.00064810031805935227
0.00064810031805935227
0.00064810031805933731
0.00064810031805933731
0.00064810031805933731
0.00064810031805933731
0.00064810031805936712
0.00064810031805932256
0.00064810031805933731
0.00064810031805935227
0.00064810031805933731
0.00064810031805936712
0.00064810031805932256
0.00064810031805933731
0.00064810031805935227
0.00064810031805933731
0.00064810031805932256
0.00064810031805938187
0.00064810031805933731
0.00064810031805932256
0.00064810031805935227
0.00064810031805933731
0.00064810031805932256
0.00064810031805936712
0.00064810031805935227
0.00064810031805932256
0.00064810031805935227
0.00064810031805933731
0.00064810031805935227
0.00064810031805935227
0.00064810031805932256
0.00064810031805933731
0.00064810031805936712
0.00064810031805932256
0.00064810031805935227
0.00064810031805933731
0.00064810031805933731
0.00064810031805933731
0.00064810031805936712
0.00064810031805930782
0.00064810031805935227
0.00064810031805935227
0.00064810031805933731
0.00064810031805935227
0.00064810031805935227
0.00064810031805932256
0.00064810031805933731
0.00064810031805936712
0.00064810031805932256
0.00064810031805932256
0.00064810031805936712
0.00064810031805933731
0.00064810031805933731
0.00064810031805935227
0.00064810031805935227
0.00064810031805933731
0.00064810031805933731
0.00064810031805932256
0.00064810031805936712
0.00064810031805935227
0.00064810031805932256
0.00064810031805935227
0.00064810031805932256
0.00064810031805933753
0.00064810031805935227
0.00064810031805935227
0.00064810031805933731
0.00064810031805935227
0.00064810031805936712
0.00064810031805932256
0.00064810031805932256
0.00064810031805936712
0.00064810031805933731
0.00064810031805932256
0.00064810031805936712
0.00064810031805933731
0.00064810031805932256
0.00064810031805936712
0.00064810031805932256
0.00064810031805936712
0.00064810031805933753
0.00064810031805935227
0.00064810031805935227
0.00064810031805932256
0.00064810031805935227
0.00064810031805935227
0.00064810031805932256
0.00064810031805932256
0.00064810031805938187
0.00064810031805932256
0.00064810031805935227
0.00064810031805935227
0.00064810031805935227
0.00064810031805929307
0.00064810031805938187
0.00064810031805935227
0.00064810031805935205
0.00064810031805932256
0.00064810031805935227
0.00064810031805932256
0.00064810031805935227
0.00064810031805935227
0.00064810031805935205
0.00064810031805932256
0.00064810031805932256
0.00064810031805935227
0.00064810031805935227
0.00064810031805932256
0.00064810031805935227
0.00064810031805938176
0.00064810031805929307
0.00064810031805935227
0.00064810031805935227
0.00064810031805932256
0.00064810031805935227
0.00064810031805934338
0.00064810031805934338
0.00064810031805934327
0.00064810031805934381
0.00064810031805934306
0.00064810031805934381
0.00064810031805934381
0.00064810031805934295
0.00064810031805934197
0.0006481003180593449
0.00064810031805934381
0.00064810031805934295
0.0006481003180593449
0.00064810031805934197
0.00064810031805934197
0.00064810031805934392
0.00064810031805934587
0.00064810031805934197
0.00064810031805934587
0.00064810031805934024
0.00064810031805934587
0.00064810031805934197
0.00064810031805934197
0.00064810031805934392
0.00064810031805934587
0.00064810031805934392
0.00064810031805934219
0.00064810031805934587
0.00064810031805934219
0.00064810031805934219
0.00064810031805934587
0.00064810031805933839
0.00064810031805934587
0.00064810031805935314
0.00064810031805933839
0.00064810031805933839
0.00064810031805934587
0.00064810031805934219
0.00064810031805934587
0.00064810031805934577
0.00064810031805934197
0.00064810031805933839
0.00064810031805934587
0.00064810031805934587
0.00064810031805933839
0.00064810031805934945
0.00064810031805934219
0.00064810031805934577
0.00064810031805934219
0.00064810031805933839
0.00064810031805934219
0.00064810031805935314
0.00064810031805933839
0.00064810031805933839
0.00064810031805935314
0.00064810031805933839
0.00064810031805933839
0.00064810031805935314
0.00064810031805933839
0.00064810031805934577
0.00064810031805934577
0.00064810031805933839
0.00064810031805933839
0.00064810031805935314
0.00064810031805933839
0.00064810031805933839
0.00064810031805934577
0.00064810031805934577
0.00064810031805934577
0.00064810031805934577
0.00064810031805933839
0.00064810031805934577
0.00064810031805935314
0.0006481003180593308
0.00064810031805934577
0.00064810031805935314
0.0006481003180593308
0.00064810031805934577
0.00064810031805934577
0.0006481003180593308
0.00064810031805935314
0.00064810031805934577
0.00064810031805933839
0.00064810031805935314
0.00064810031805935314
0.00064810031805932365
0.00064810031805935314
0.00064810031805934577
0.00064810031805932354
0.00064810031805936799
0.00064810031805933839
0.0006481003180593308
0.00064810031805935314
0.00064810031805934577
0.0006481003180593308
0.00064810031805935314
0.00064810031805934577
0.00064810031805934577
0.0006481003180593308
0.00064810031805935314
0.00064810031805933839
0.00064810031805934577
0.00064810031805933839
0.00064810031805935314
0.00064810031805933839
0.00064810031805935314
0.00064810031805933839
0.00064810031805933839
0.00064810031805935314
0.00064810031805933839
0.00064810031805933839
0.00064810031805935314
0.00064810031805933839
0.00064810031805933839
0.00064810031805935314
0.00064810031805932354
0.00064810031805935314
0.00064810031805935314
0.00064810031805932354
0.00064810031805935314
0.00064810031805935314
0.00064810031805932354
0.00064810031805935314
0.00064810031805935314
0.00064810031805932354
0.00064810031805935314
0.00064810031805935314
0.00064810031805932354
0.00064810031805935314
0.00064810031805935314
0.00064810031805932354
0.00064810031805935314
0.00064810031805935314
0.00064810031805932354
0.00064810031805933839
0.00064810031805938274
0.00064810031805933839
0.00064810031805933839
0.00064810031805935314
0.00064810031805932365
0.00064810031805933839
0.00064810031805936788
0.00064810031805933839
0.00064810031805932354
0.00064810031805935314
0.00064810031805935314
0.00064810031805932354
0.00064810031805935314
0.00064810031805933839
0.00064810031805933839
0.00064810031805935314
0.00064810031805933839
0.00064810031805933839
0.00064810031805935314
0.00064810031805935314
0.00064810031805932354
0.00064810031805935314
0.00064810031805933839
0.00064810031805933839
0.00064810031805935314
0.00064810031805933839
0.00064810031805933839
0.00064810031805935314
0.00064810031805935314
0.00064810031805930879
0.00064810031805935314
0.00064810031805935314
0.00064810031805932365
0.00064810031805935314
0.00064810031805936788
0.00064810031805930879
0.00064810031805936788
0.00064810031805935314
0.00064810031805933839
0.00064810031805932354
0.00064810031805936788
0.00064810031805933839
0.00064810031805932354
0.00064810031805935314
0.00064810031805935314
0.00064810031805935314
0.00064810031805933839
0.00064810031805932354
0.00064810031805933839
0.00064810031805936788
0.00064810031805932354
0.00064810031805935314
0.00064810031805935314
0.00064810031805932354
0.00064810031805935314
0.00064810031805935314
0.00064810031805932354
0.00064810031805933839
0.00064810031805936788
0.00064810031805933839
0.00064810031805932365
0.00064810031805936788
0.00064810031805933839
0.00064810031805933839
0.00064810031805935314
0.00064810031805932354
0.00064810031805933839
0.00064810031805936788
0.00064810031805932354
0.00064810031805932365
0.00064810031805938274
0.00064810031805932354
0.00064810031805935314
0.00064810031805938263
0.00064810031805929383
0.00064810031805938274
0.00064810031805932354
0.00064810031805932354
0.00064810031805938274
0.00064810031805932354
0.00064810031805932354
0.00064810031805938274
0.00064810031805932354
0.00064810031805932354
0.00064810031805938274
0.00064810031805932354
0.00064810031805932354
0.00064810031805938274
0.00064810031805932354
0.00064810031805932354
0.00064810031805941244
0.00064810031805929383
0.00064810031805935314
0.00064810031805938263
0.00064810031805929383
0.00064810031805935314
0.00064810031805935314
0.00064810031805932354
0.00064810031805932354
0.00064810031805941244
0.00064810031805929383
0.00064810031805935314
0.00064810031805938263
0.00064810031805929383
0.00064810031805935314
0.00064810031805934338
0.00064810031805934338
0.00064810031805934327
0.00064810031805934381
0.00064810031805934306
0.00064810031805934381
0.00064810031805934381
0.00064810031805934295
0.00064810031805934197
0.0006481003180593449
0.00064810031805934381
0.00064810031805934295
0.0006481003180593449
0.00064810031805934197
0.00064810031805934197
0.00064810031805934392
0.00064810031805934587
0.00064810031805934197
0.00064810031805934587
0.00064810031805934024
0.00064810031805934587
0.00064810031805934197
0.00064810031805934197
0.00064810031805934392
0.00064810031805934587
0.00064810031805934392
0.00064810031805934219
0.00064810031805934587
0.00064810031805934219
0.00064810031805934219
0.00064810031805934587
0.00064810031805933839
0.00064810031805934587
0.00064810031805935314
0.00064810031805933839
0.00064810031805933839
0.00064810031805934587
0.00064810031805934219
0.00064810031805934587
0.00064810031805934577
0.00064810031805934197
0.00064810031805933839
0.00064810031805934587
0.00064810031805934587
0.00064810031805933839
0.00064810031805934945
0.00064810031805934219
0.00064810031805934577
0.00064810031805934219
0.00064810031805933839
0.00064810031805934219
0.00064810031805935314
0.00064810031805933839
0.00064810031805933839
0.00064810031805935314
0.00064810031805933839
0.00064810031805933839
0.00064810031805935314
0.00064810031805933839
0.00064810031805934577
0.00064810031805934577
0.00064810031805933839
0.00064810031805933839
0.00064810031805935314
0.00064810031805933839
0.00064810031805933839
0.00064810031805934577
0.00064810031805934577
0.00064810031805934577
0.00064810031805934577
0.00064810031805933839
0.00064810031805934577
0.00064810031805935314
0.0006481003180593308
0.00064810031805934577
0.00064810031805935314
0.0006481003180593308
0.00064810031805934577
0.00064810031805934577
0.0006481003180593308
0.00064810031805935314
0.00064810031805934577
0.00064810031805933839
0.00064810031805935314
0.00064810031805935314
0.00064810031805932365
0.00064810031805935314
0.00064810031805934577
0.00064810031805932354
0.00064810031805936799
0.00064810031805933839
0.0006481003180593308
0.00064810031805935314
0.00064810031805934577
0.0006481003180593308
0.00064810031805935314
0.00064810031805934577
0.00064810031805934577
0.0006481003180593308
0.00064810031805935314
0.00064810031805933839
0.00064810031805934577
0.00064810031805933839
0.00064810031805935314
0.00064810031805933839
0.00064810031805935314
0.00064810031805933839
0.00064810031805933839
0.00064810031805935314
0.00064810031805933839
0.00064810031805933839
0.00064810031805935314
0.00064810031805933839
0.00064810031805933839
0.00064810031805935314
0.00064810031805932354
0.00064810031805935314
0.00064810031805935314
0.00064810031805932354
0.00064810031805935314
0.00064810031805935314
0.00064810031805932354
0.00064810031805935314
0.00064810031805935314
0.00064810031805932354
0.00064810031805935314
0.00064810031805935314
0.00064810031805932354
0.00064810031805935314
0.00064810031805935314
0.00064810031805932354
0.00064810031805935314
0.00064810031805935314
0.00064810031805932354
0.00064810031805933839
0.00064810031805938274
0.00064810031805933839
0.00064810031805933839
0.00064810031805935314
0.00064810031805932365
0.00064810031805933839
0.00064810031805936788
0.00064810031805933839
0.00064810031805932354
0.00064810031805935314
0.00064810031805935314
0.00064810031805932354
0.00064810031805935314
0.00064810031805933839
0.00064810031805933839
0.00064810031805935314
0.00064810031805933839
0.00064810031805933839
0.00064810031805935314
0.00064810031805935314
0.00064810031805932354
0.00064810031805935314
0.00064810031805933839
0.00064810031805933839
0.00064810031805935314
0.00064810031805933839
0.00064810031805933839
0.00064810031805935314
0.00064810031805935314
0.00064810031805930879
0.00064810031805935314
0.00064810031805935314
0.00064810031805932365
0.00064810031805935314
0.00064810031805936788
0.00064810031805930879
0.00064810031805936788
0.00064810031805935314
0.00064810031805933839
0.00064810031805932354
0.00064810031805936788
0.00064810031805933839
0.00064810031805932354
0.00064810031805935314
0.00064810031805935314
0.00064810031805935314
0.00064810031805933839
0.00064810031805932354
0.00064810031805933839
0.00064810031805936788
0.00064810031805932354
0.00064810031805935314
0.00064810031805935314
0.00064810031805932354
0.00064810031805935314
0.00064810031805935314
0.00064810031805932354
0.00064810031805933839
0.00064810031805936788
0.00064810031805933839
0.00064810031805932365
0.00064810031805936788
0.00064810031805933839
0.00064810031805933839
0.00064810031805935314
0.00064810031805932354
0.00064810031805933839
0.00064810031805936788
0.00064810031805932354
0.00064810031805932365
0.00064810031805938274
0.00064810031805932354
0.00064810031805935314
0.00064810031805938263
0.00064810031805929383
0.00064810031805938274
0.00064810031805932354
0.00064810031805932354
0.00064810031805938274
0.00064810031805932354
0.00064810031805932354
0.00064810031805938274
0.00064810031805932354
0.00064810031805932354
0.00064810031805938274
0.00064810031805932354
0.00064810031805932354
0.00064810031805938274
0.00064810031805932354
0.00064810031805932354
0.00064810031805941244
0.00064810031805929383
0.00064810031805935314
0.00064810031805938263
0.00064810031805929383
0.00064810031805935314
0.00064810031805935314
0.00064810031805932354
0.00064810031805932354
0.00064810031805941244
0.00064810031805929383
0.00064810031805935314
0.00064810031805938263
0.00064810031805929383
0.00064810031805935314
0.00064810031805934251
0.00064810031805934251
0.00064810031805934273
0.00064810031805934251
0.00064810031805934197
0.00064810031805934295
0.00064810031805934295
0.00064810031805934306
0.00064810031805934197
0.00064810031805934306
0.00064810031805934197
0.00064810031805934121
0.0006481003180593449
0.00064810031805933937
0.00064810031805934306
0.00064810031805934306
0.0006481003180593449
0.00064810031805934121
0.00064810031805934306
0.00064810031805934306
0.00064810031805934121
0.00064810031805934306
0.00064810031805934121
0.0006481003180593449
0.00064810031805934306
0.00064810031805933937
0.0006481003180593449
0.00064810031805934121
0.00064810031805934121
0.0006481003180593449
0.00064810031805934121
0.0006481003180593449
0.00064810031805934121
0.00064810031805934848
0.00064810031805933373
0.0006481003180593449
0.00064810031805934121
0.0006481003180593449
0.0006481003180593449
0.0006481003180593449
0.00064810031805934121
0.00064810031805933753
0.0006481003180593449
0.00064810031805934121
0.00064810031805934121
0.00064810031805934848
0.00064810031805933753
0.00064810031805934121
0.00064810031805934848
0.0006481003180593449
0.00064810031805934121
0.0006481003180593449
0.00064810031805933753
0.00064810031805933753
0.00064810031805935227
0.00064810031805933753
0.00064810031805933753
0.00064810031805935227
0.00064810031805933753
0.00064810031805933753
0.00064810031805935227
0.00064810031805933753
0.0006481003180593449
0.0006481003180593449
0.00064810031805933753
0.00064810031805933753
0.00064810031805935227
0.00064810031805933753
0.0006481003180593449
0.00064810031805935227
0.00064810031805933731
0.00064810031805933753
0.0006481003180593449
0.00064810031805933753
0.00064810031805935227
0.00064810031805933731
0.00064810031805933015
0.00064810031805935227
0.00064810031805935227
0.00064810031805933015
0.0006481003180593449
0.0006481003180593449
0.00064810031805933753
0.00064810031805935227
0.0006481003180593449
0.00064810031805932256
0.00064810031805935227
0.00064810031805935227
0.00064810031805933731
0.00064810031805933753
0.0006481003180593449
0.00064810031805933753
0.0006481003180593449
0.0006481003180593449
0.00064810031805933015
0.00064810031805935227
0.00064810031805935227
0.00064810031805933753
0.0006481003180593449
0.0006481003180593449
0.00064810031805933015
0.00064810031805935227
0.00064810031805933731
0.00064810031805935227
0.00064810031805933731
0.00064810031805933731
0.00064810031805933731
0.00064810031805935227
0.00064810031805933731
0.00064810031805933731
0.00064810031805935227
0.00064810031805933731
0.00064810031805933731
0.00064810031805935227
0.00064810031805933731
0.00064810031805933731
0.00064810031805935227
0.00064810031805935227
0.00064810031805932256
0.00064810031805935227
0.00064810031805933731
0.00064810031805933731
0.00064810031805935227
0.00064810031805933731
0.00064810031805933731
0.00064810031805935227
0.00064810031805935227
0.00064810031805932256
0.00064810031805935227
0.00064810031805933731
0.00064810031805933731
0.00064810031805933731
0.00064810031805935227
0.00064810031805933731
0.00064810031805933731
0.00064810031805935227
0.00064810031805935227
0.00064810031805933731
0.00064810031805933731
0.00064810031805933731
0.00064810031805935227
0.00064810031805935227
0.00064810031805935227
0.00064810031805932256
0.00064810031805932256
0.00064810031805936712
0.00064810031805935227
0.00064810031805932256
0.00064810031805935227
0.00064810031805932256
0.00064810031805933753
0.00064810031805936712
0.00064810031805933731
0.00064810031805933731
0.00064810031805935227
0.00064810031805933731
0.00064810031805935227
0.00064810031805935227
0.00064810031805932256
0.00064810031805932256
0.00064810031805936712
0.00064810031805933731
0.00064810031805933731
0.00064810031805936712
0.00064810031805930782
0.00064810031805935227
0.00064810031805935227
0.00064810031805933731
0.00064810031805935227
0.00064810031805935227
0.00064810031805932256
0.00064810031805933731
0.00064810031805936712
0.00064810031805932256
0.00064810031805935227
0.00064810031805936712
0.00064810031805932256
0.00064810031805933731
0.00064810031805933731
0.00064810031805933731
0.00064810031805935227
0.00064810031805935227
0.00064810031805933731
0.00064810031805932256
0.00064810031805935227
0.00064810031805932256
0.00064810031805935227
0.00064810031805936712
0.00064810031805932256
0.00064810031805936712
0.00064810031805932256
0.00064810031805935227
0.00064810031805933731
0.00064810031805933731
0.00064810031805936712
0.00064810031805930782
0.00064810031805935227
0.00064810031805935227
0.00064810031805932256
0.00064810031805936712
0.00064810031805933731
0.00064810031805935227
0.00064810031805933731
0.00064810031805932256
0.00064810031805932256
0.00064810031805938187
0.00064810031805932256
0.00064810031805935227
0.00064810031805935227
0.00064810031805932256
0.00064810031805938187
0.00064810031805932256
0.00064810031805932256
0.00064810031805935227
0.00064810031805935227
0.00064810031805932256
0.00064810031805935227
0.00064810031805935227
0.00064810031805932256
0.00064810031805935227
0.00064810031805935227
0.00064810031805932256
0.00064810031805938187
0.00064810031805932256
0.00064810031805932256
0.00064810031805935227
0.00064810031805935227
0.00064810031805932256
0.00064810031805938187
0.00064810031805932256
0.00064810031805935227
0.00064810031805935227
0.00064810031805932256
0.00064810031805932256
0.00064810031805935227
0.00064810031805935227
0.00064810031805935227
0.00064810031805935227
0.00064810031805932256
0.00064810031805932256
0.00064810031805934338
0.00064810031805934338
0.00064810031805934327
0.00064810031805934381
0.00064810031805934306
0.00064810031805934381
0.00064810031805934381
0.00064810031805934295
0.00064810031805934197
0.0006481003180593449
0.00064810031805934381
0.00064810031805934295
0.0006481003180593449
0.00064810031805934197
0.00064810031805934197
0.00064810031805934392
0.00064810031805934587
0.00064810031805934197
0.00064810031805934587
0.00064810031805934024
0.00064810031805934587
0.00064810031805934197
0.00064810031805934197
0.00064810031805934392
0.00064810031805934587
0.00064810031805934392
0.00064810031805934219
0.00064810031805934587
0.00064810031805934219
0.00064810031805934219
0.00064810031805934587
0.00064810031805933839
0.00064810031805934587
0.00064810031805935314
0.00064810031805933839
0.00064810031805933839
0.00064810031805934587
0.00064810031805934219
0.00064810031805934587
0.00064810031805934577
0.00064810031805934197
0.00064810031805933839
0.00064810031805934587
0.00064810031805934587
0.00064810031805933839
0.00064810031805934945
0.00064810031805934219
0.00064810031805934577
0.00064810031805934219
0.00064810031805933839
0.00064810031805934219
0.00064810031805935314
0.00064810031805933839
0.00064810031805933839
0.00064810031805935314
0.00064810031805933839
0.00064810031805933839
0.00064810031805935314
0.00064810031805933839
0.00064810031805934577
0.00064810031805934577
0.00064810031805933839
0.00064810031805933839
0.00064810031805935314
0.00064810031805933839
0.00064810031805933839
0.00064810031805934577
0.00064810031805934577
0.00064810031805934577
0.00064810031805934577
0.00064810031805933839
0.00064810031805934577
0.00064810031805935314
0.0006481003180593308
0.00064810031805934577
0.00064810031805935314
0.0006481003180593308
0.00064810031805934577
0.00064810031805934577
0.0006481003180593308
0.00064810031805935314
0.00064810031805934577
0.00064810031805933839
0.00064810031805935314
0.00064810031805935314
0.00064810031805932365
0.00064810031805935314
0.00064810031805934577
0.00064810031805932354
0.00064810031805936799
0.00064810031805933839
0.0006481003180593308
0.00064810031805935314
0.00064810031805934577
0.0006481003180593308
0.00064810031805935314
0.00064810031805934577
0.00064810031805934577
0.0006481003180593308
0.00064810031805935314
0.00064810031805933839
0.00064810031805934577
0.00064810031805933839
0.00064810031805935314
0.00064810031805933839
0.00064810031805935314
0.00064810031805933839
0.00064810031805933839
0.00064810031805935314
0.00064810031805933839
0.00064810031805933839
0.00064810031805935314
0.00064810031805933839
0.00064810031805933839
0.00064810031805935314
0.00064810031805932354
0.00064810031805935314
0.00064810031805935314
0.00064810031805932354
0.00064810031805935314
0.00064810031805935314
0.00064810031805932354
0.00064810031805935314
0.00064810031805935314
0.00064810031805932354
0.00064810031805935314
0.00064810031805935314
0.00064810031805932354
0.00064810031805935314
0.00064810031805935314
0.00064810031805932354
0.00064810031805935314
0.00064810031805935314
0.00064810031805932354
0.00064810031805933839
0.00064810031805938274
0.00064810031805933839
0.00064810031805933839
0.00064810031805935314
0.00064810031805932365
0.00064810031805933839
0.00064810031805936788
0.00064810031805933839
0.00064810031805932354
0.00064810031805935314
0.00064810031805935314
0.00064810031805932354
0.00064810031805935314
0.00064810031805933839
0.00064810031805933839
0.00064810031805935314
0.00064810031805933839
0.00064810031805933839
0.00064810031805935314
0.00064810031805935314
0.00064810031805932354
0.00064810031805935314
0.00064810031805933839
0.00064810031805933839
0.00064810031805935314
0.00064810031805933839
0.00064810031805933839
0.00064810031805935314
0.00064810031805935314
0.00064810031805930879
0.00064810031805935314
0.00064810031805935314
0.00064810031805932365
0.00064810031805935314
0.00064810031805936788
0.00064810031805930879
0.00064810031805936788
0.00064810031805935314
0.00064810031805933839
0.00064810031805932354
0.00064810031805936788
0.00064810031805933839
0.00064810031805932354
0.00064810031805935314
0.00064810031805935314
0.00064810031805935314
0.00064810031805933839
0.00064810031805932354
0.00064810031805933839
0.00064810031805936788
0.00064810031805932354
0.00064810031805935314
0.00064810031805935314
0.00064810031805932354
0.00064810031805935314
0.00064810031805935314
0.00064810031805932354
0.00064810031805933839
0.00064810031805936788
0.00064810031805933839
0.00064810031805932365
0.00064810031805936788
0.00064810031805933839
0.00064810031805933839
0.00064810031805935314
0.00064810031805932354
0.00064810031805933839
0.00064810031805936788
0.00064810031805932354
0.00064810031805932365
0.00064810031805938274
0.00064810031805932354
0.00064810031805935314
0.00064810031805938263
0.00064810031805929383
0.00064810031805938274
0.00064810031805932354
0.00064810031805932354
0.00064810031805938274
0.00064810031805932354
0.00064810031805932354
0.00064810031805938274
0.00064810031805932354
0.00064810031805932354
0.00064810031805938274
0.00064810031805932354
0.00064810031805932354
0.00064810031805938274
0.00064810031805932354
0.00064810031805932354
0.00064810031805941244
0.00064810031805929383
0.00064810031805935314
0.00064810031805938263
0.00064810031805929383
0.00064810031805935314
0.00064810031805935314
0.00064810031805932354
0.00064810031805932354
0.00064810031805941244
0.00064810031805929383
0.00064810031805935314
0.00064810031805938263
0.00064810031805929383
0.00064810031805935314
0.00064810031805934251
0.00064810031805934251
0.0006481003180593423
0.00064810031805934295
0.00064810031805934251
0.00064810031805934251
0.00064810031805934295
0.00064810031805934306
0.00064810031805934121
0.00064810031805934381
0.00064810031805934121
0.00064810031805934089
0.00064810031805934577
0.00064810031805934121
0.00064810031805934121
0.00064810031805934306
0.0006481003180593449
0.00064810031805934121
0.00064810031805934306
0.00064810031805934306
0.00064810031805934306
0.00064810031805934121
0.0006481003180593449
0.00064810031805934121
0.00064810031805934306
0.00064810031805934306
0.00064810031805934121
0.0006481003180593449
0.00064810031805933753
0.0006481003180593449
0.00064810031805934121
0.0006481003180593449
0.00064810031805934121
0.00064810031805934848
0.00064810031805933373
0.00064810031805934848
0.0006481003180593449
0.00064810031805933753
0.0006481003180593449
0.0006481003180593449
0.00064810031805934121
0.00064810031805933753
0.0006481003180593449
0.00064810031805934121
0.0006481003180593449
0.0006481003180593449
0.0006481003180593449
0.00064810031805934121
0.00064810031805934121
0.00064810031805934121
0.0006481003180593449
0.0006481003180593449
0.00064810031805933753
0.00064810031805933753
0.00064810031805935954
0.00064810031805933015
0.00064810031805933753
0.00064810031805935227
0.00064810031805933753
0.00064810031805933753
0.00064810031805935227
0.00064810031805933753
0.00064810031805933753
0.00064810031805935227
0.00064810031805933753
0.00064810031805933753
0.0006481003180593449
0.00064810031805933731
0.00064810031805935227
0.00064810031805935227
0.00064810031805933015
0.0006481003180593449
0.0006481003180593449
0.00064810031805933753
0.00064810031805935227
0.00064810031805933731
0.00064810031805933015
0.00064810031805935227
0.00064810031805935227
0.00064810031805933015
0.0006481003180593449
0.0006481003180593449
0.00064810031805933753
0.00064810031805935227
0.0006481003180593449
0.00064810031805932256
0.00064810031805935954
0.0006481003180593449
0.00064810031805933015
0.0006481003180593449
0.0006481003180593449
0.00064810031805933015
0.00064810031805935954
0.00064810031805933753
0.0006481003180593449
0.0006481003180593449
0.0006481003180593449
0.0006481003180593449
0.00064810031805933731
0.0006481003180593449
0.0006481003180593449
0.00064810031805933731
0.00064810031805933731
0.00064810031805935227
0.00064810031805933731
0.00064810031805933731
0.00064810031805933731
0.00064810031805935227
0.00064810031805935227
0.00064810031805933731
0.00064810031805933731
0.00064810031805933731
0.00064810031805935227
0.00064810031805933731
0.00064810031805933731
0.00064810031805933731
0.00064810031805935227
0.00064810031805935227
0.00064810031805932256
0.00064810031805935227
0.00064810031805933731
0.00064810031805933731
0.00064810031805935227
0.00064810031805933731
0.00064810031805933731
0.00064810031805935227
0.00064810031805935227
0.00064810031805933731
0.00064810031805933731
0.00064810031805933731
0.00064810031805933731
0.00064810031805936712
0.00064810031805932256
0.00064810031805933731
0.00064810031805935227
0.00064810031805933731
0.00064810031805936712
0.00064810031805932256
0.00064810031805933731
0.00064810031805935227
0.00064810031805933731
0.00064810031805932256
0.00064810031805938187
0.00064810031805933731
0.00064810031805932256
0.00064810031805935227
0.00064810031805933731
0.00064810031805932256
0.00064810031805936712
0.00064810031805935227
0.00064810031805932256
0.00064810031805935227
0.00064810031805933731
0.00064810031805935227
0.00064810031805935227
0.00064810031805932256
0.00064810031805933731
0.00064810031805936712
0.00064810031805932256
0.00064810031805935227
0.00064810031805933731
0.00064810031805933731
0.00064810031805933731
0.00064810031805936712
0.00064810031805930782
0.00064810031805935227
0.00064810031805935227
0.00064810031805933731
0.00064810031805935227
0.00064810031805935227
0.00064810031805932256
0.00064810031805933731
0.00064810031805936712
0.00064810031805932256
0.00064810031805932256
0.00064810031805936712
0.00064810031805933731
0.00064810031805933731
0.00064810031805935227
0.00064810031805935227
0.00064810031805933731
0.00064810031805933731
0.00064810031805932256
0.00064810031805936712
0.00064810031805935227
0.00064810031805932256
0.00064810031805935227
0.00064810031805932256
0.00064810031805933753
0.00064810031805935227
0.00064810031805935227
0.00064810031805933731
0.00064810031805935227
0.00064810031805936712
0.00064810031805932256
0.00064810031805932256
0.00064810031805936712
0.00064810031805933731
0.00064810031805932256
0.00064810031805936712
0.00064810031805933731
0.00064810031805932256
0.00064810031805936712
0.00064810031805932256
0.00064810031805936712
0.00064810031805933753
0.00064810031805935227
0.00064810031805935227
0.00064810031805932256
0.00064810031805935227
0.00064810031805935227
0.00064810031805932256
0.00064810031805932256
0.00064810031805938187
0.00064810031805932256
0.00064810031805935227
0.00064810031805935227
0.00064810031805935227
0.00064810031805929307
0.00064810031805938187
0.00064810031805935227
0.00064810031805935205
0.00064810031805932256
0.00064810031805935227
0.00064810031805932256
0.00064810031805935227
0.00064810031805935227
0.00064810031805935205
0.00064810031805932256
0.00064810031805932256
0.00064810031805935227
0.00064810031805935227
0.00064810031805932256
0.00064810031805935227
0.00064810031805938176
0.00064810031805929307
0.00064810031805935227
0.00064810031805935227
0.00064810031805932256
0.00064810031805935227
0.00064810031805934338
0.00064810031805934338
0.00064810031805934327
0.00064810031805934381
0.00064810031805934306
0.00064810031805934381
0.00064810031805934381
0.00064810031805934295
0.00064810031805934197
0.0006481003180593449
0.00064810031805934381
0.00064810031805934295
0.0006481003180593449
0.00064810031805934197
0.00064810031805934197
0.00064810031805934392
0.00064810031805934587
0.00064810031805934197
0.00064810031805934587
0.00064810031805934024
0.00064810031805934587
0.00064810031805934197
0.00064810031805934197
0.00064810031805934392
0.00064810031805934587
0.00064810031805934392
0.00064810031805934219
0.00064810031805934587
0.00064810031805934219
0.00064810031805934219
0.00064810031805934587
0.00064810031805933839
0.00064810031805934587
0.00064810031805935314
0.00064810031805933839
0.00064810031805933839
0.00064810031805934587
0.00064810031805934219
0.00064810031805934587
0.00064810031805934577
0.00064810031805934197
0.00064810031805933839
0.00064810031805934587
0.00064810031805934587
0.00064810031805933839
0.00064810031805934945
0.00064810031805934219
0.00064810031805934577
0.00064810031805934219
0.00064810031805933839
0.00064810031805934219
0.00064810031805935314
0.00064810031805933839
0.00064810031805933839
0.00064810031805935314
0.00064810031805933839
0.00064810031805933839
0.00064810031805935314
0.00064810031805933839
0.00064810031805934577
0.00064810031805934577
0.00064810031805933839
0.00064810031805933839
0.00064810031805935314
0.00064810031805933839
0.00064810031805933839
0.00064810031805934577
0.00064810031805934577
0.00064810031805934577
0.00064810031805934577
0.00064810031805933839
0.00064810031805934577
0.00064810031805935314
0.0006481003180593308
0.00064810031805934577
0.00064810031805935314
0.0006481003180593308
0.00064810031805934577
0.00064810031805934577
0.0006481003180593308
0.00064810031805935314
0.00064810031805934577
0.00064810031805933839
0.00064810031805935314
0.00064810031805935314
0.00064810031805932365
0.00064810031805935314
0.00064810031805934577
0.00064810031805932354
0.00064810031805936799
0.00064810031805933839
0.0006481003180593308
0.00064810031805935314
0.00064810031805934577
0.0006481003180593308
0.00064810031805935314
0.00064810031805934577
0.00064810031805934577
0.0006481003180593308
0.00064810031805935314
0.00064810031805933839
0.00064810031805934577
0.00064810031805933839
0.00064810031805935314
0.00064810031805933839
0.00064810031805935314
0.00064810031805933839
0.00064810031805933839
0.00064810031805935314
0.00064810031805933839
0.00064810031805933839
0.00064810031805935314
0.00064810031805933839
0.00064810031805933839
0.00064810031805935314
0.00064810031805932354
0.00064810031805935314
0.00064810031805935314
0.00064810031805932354
0.00064810031805935314
0.00064810031805935314
0.00064810031805932354
0.00064810031805935314
0.00064810031805935314
0.00064810031805932354
0.00064810031805935314
0.00064810031805935314
0.00064810031805932354
0.00064810031805935314
0.00064810031805935314
0.00064810031805932354
0.00064810031805935314
0.00064810031805935314
0.00064810031805932354
0.00064810031805933839
0.00064810031805938274
0.00064810031805933839
0.00064810031805933839
0.00064810031805935314
0.00064810031805932365
0.00064810031805933839
0.00064810031805936788
0.00064810031805933839
0.00064810031805932354
0.00064810031805935314
0.00064810031805935314
0.00064810031805932354
0.00064810031805935314
0.00064810031805933839
0.00064810031805933839
0.00064810031805935314
0.00064810031805933839
0.00064810031805933839
0.00064810031805935314
0.00064810031805935314
0.00064810031805932354
0.00064810031805935314
0.00064810031805933839
0.00064810031805933839
0.00064810031805935314
0.00064810031805933839
0.00064810031805933839
0.00064810031805935314
0.00064810031805935314
0.00064810031805930879
0.00064810031805935314
0.00064810031805935314
0.00064810031805932365
0.00064810031805935314
0.00064810031805936788
0.00064810031805930879
0.00064810031805936788
0.00064810031805935314
0.00064810031805933839
0.00064810031805932354
0.00064810031805936788
0.00064810031805933839
0.00064810031805932354
0.00064810031805935314
0.00064810031805935314
0.00064810031805935314
0.00064810031805933839
0.00064810031805932354
0.00064810031805933839
0.00064810031805936788
0.00064810031805932354
0.00064810031805935314
0.00064810031805935314
0.00064810031805932354
0.00064810031805935314
0.00064810031805935314
0.00064810031805932354
0.00064810031805933839
0.00064810031805936788
0.00064810031805933839
0.00064810031805932365
0.00064810031805936788
0.00064810031805933839
0.00064810031805933839
0.00064810031805935314
0.00064810031805932354
0.00064810031805933839
0.00064810031805936788
0.00064810031805932354
0.00064810031805932365
0.00064810031805938274
0.00064810031805932354
0.00064810031805935314
0.00064810031805938263
0.00064810031805929383
0.00064810031805938274
0.00064810031805932354
0.00064810031805932354
0.00064810031805938274
0.00064810031805932354
0.00064810031805932354
0.00064810031805938274
0.00064810031805932354
0.00064810031805932354
0.00064810031805938274
0.00064810031805932354
0.00064810031805932354
0.00064810031805938274
0.00064810031805932354
0.00064810031805932354
0.00064810031805941244
0.00064810031805929383
0.00064810031805935314
0.00064810031805938263
0.00064810031805929383
0.00064810031805935314
0.00064810031805935314
0.00064810031805932354
0.00064810031805932354
0.00064810031805941244
0.00064810031805929383
0.00064810031805935314
0.00064810031805938263
0.00064810031805929383
0.00064810031805935314
0.00064810031805934338
0.00064810031805934338
0.00064810031805934327
0.00064810031805934381
0.00064810031805934306
0.00064810031805934381
0.00064810031805934381
0.00064810031805934295
0.00064810031805934197
0.0006481003180593449
0.00064810031805934381
0.00064810031805934295
0.0006481003180593449
0.00064810031805934197
0.00064810031805934197
0.00064810031805934392
0.00064810031805934587
0.00064810031805934197
0.00064810031805934587
0.00064810031805934024
0.00064810031805934587
0.00064810031805934197
0.00064810031805934197
0.00064810031805934392
0.00064810031805934587
0.00064810031805934392
0.00064810031805934219
0.00064810031805934587
0.00064810031805934219
0.00064810031805934219
0.00064810031805934587
0.00064810031805933839
0.00064810031805934587
0.00064810031805935314
0.00064810031805933839
0.00064810031805933839
0.00064810031805934587
0.00064810031805934219
0.00064810031805934587
0.00064810031805934577
0.00064810031805934197
0.00064810031805933839
0.00064810031805934587
0.00064810031805934587
0.00064810031805933839
0.00064810031805934945
0.00064810031805934219
0.00064810031805934577
0.00064810031805934219
0.00064810031805933839
0.00064810031805934219
0.00064810031805935314
0.00064810031805933839
0.00064810031805933839
0.00064810031805935314
0.00064810031805933839
0.00064810031805933839
0.00064810031805935314
0.00064810031805933839
0.00064810031805934577
0.00064810031805934577
0.00064810031805933839
0.00064810031805933839
0.00064810031805935314
0.00064810031805933839
0.00064810031805933839
0.00064810031805934577
0.00064810031805934577
0.00064810031805934577
0.00064810031805934577
0.00064810031805933839
0.00064810031805934577
0.00064810031805935314
0.0006481003180593308
0.00064810031805934577
0.00064810031805935314
0.0006481003180593308
0.00064810031805934577
0.00064810031805934577
0.0006481003180593308
0.00064810031805935314
0.00064810031805934577
0.00064810031805933839
0.00064810031805935314
0.00064810031805935314
0.00064810031805932365
0.00064810031805935314
0.00064810031805934577
0.00064810031805932354
0.00064810031805936799
0.00064810031805933839
0.0006481003180593308
0.00064810031805935314
0.00064810031805934577
0.0006481003180593308
0.00064810031805935314
0.00064810031805934577
0.00064810031805934577
0.0006481003180593308
0.00064810031805935314
0.00064810031805933839
0.00064810031805934577
0.00064810031805933839
0.00064810031805935314
0.00064810031805933839
0.00064810031805935314
0.00064810031805933839
0.00064810031805933839
0.00064810031805935314
0.00064810031805933839
0.00064810031805933839
0.00064810031805935314
0.00064810031805933839
0.00064810031805933839
0.00064810031805935314
0.00064810031805932354
0.00064810031805935314
0.00064810031805935314
0.00064810031805932354
0.00064810031805935314
0.00064810031805935314
0.00064810031805932354
0.00064810031805935314
0.00064810031805935314
0.00064810031805932354
0.00064810031805935314
0.00064810031805935314
0.00064810031805932354
0.00064810031805935314
0.00064810031805935314
0.00064810031805932354
0.00064810031805935314
0.00064810031805935314
0.00064810031805932354
0.00064810031805933839
0.00064810031805938274
0.00064810031805933839
0.00064810031805933839
0.00064810031805935314
0.00064810031805932365
0.00064810031805933839
0.00064810031805936788
0.00064810031805933839
0.00064810031805932354
0.00064810031805935314
0.00064810031805935314
0.00064810031805932354
0.00064810031805935314
0.00064810031805933839
0.00064810031805933839
0.00064810031805935314
0.00064810031805933839
0.00064810031805933839
0.00064810031805935314
0.00064810031805935314
0.00064810031805932354
0.00064810031805935314
0.00064810031805933839
0.00064810031805933839
0.00064810031805935314
0.00064810031805933839
0.00064810031805933839
0.00064810031805935314
0.00064810031805935314
0.00064810031805930879
0.00064810031805935314
0.00064810031805935314
0.00064810031805932365
0.00064810031805935314
0.00064810031805936788
0.00064810031805930879
0.00064810031805936788
0.00064810031805935314
0.00064810031805933839
0.00064810031805932354
0.00064810031805936788
0.00064810031805933839
0.00064810031805932354
0.00064810031805935314
0.00064810031805935314
0.00064810031805935314
0.00064810031805933839
0.00064810031805932354
0.00064810031805933839
0.00064810031805936788
0.00064810031805932354
0.00064810031805935314
0.00064810031805935314
0.00064810031805932354
0.00064810031805935314
0.00064810031805935314
0.00064810031805932354
0.00064810031805933839
0.00064810031805936788
0.00064810031805933839
0.00064810031805932365
0.00064810031805936788
0.00064810031805933839
0.00064810031805933839
0.00064810031805935314
0.00064810031805932354
0.00064810031805933839
0.00064810031805936788
0.00064810031805932354
0.00064810031805932365
0.00064810031805938274
0.00064810031805932354
0.00064810031805935314
0.00064810031805938263
0.00064810031805929383
0.00064810031805938274
0.00064810031805932354
0.00064810031805932354
0.00064810031805938274
0.00064810031805932354
0.00064810031805932354
0.00064810031805938274
0.00064810031805932354
0.00064810031805932354
0.00064810031805938274
0.00064810031805932354
0.00064810031805932354
0.00064810031805938274
0.00064810031805932354
0.00064810031805932354
0.00064810031805941244
0.00064810031805929383
0.00064810031805935314
0.00064810031805938263
0.00064810031805929383
0.00064810031805935314
0.00064810031805935314
0.00064810031805932354
0.00064810031805932354
0.00064810031805941244
0.00064810031805929383
0.00064810031805935314
0.00064810031805938263
0.00064810031805929383
0.00064810031805935314
0.00064810031805934338
0.00064810031805934338
0.00064810031805934327
0.00064810031805934381
0.00064810031805934306
0.00064810031805934381
0.00064810031805934381
0.00064810031805934295
0.00064810031805934197
0.0006481003180593449
0.00064810031805934381
0.00064810031805934295
0.0006481003180593449
0.00064810031805934197
0.00064810031805934197
0.00064810031805934392
0.00064810031805934587
0.00064810031805934197
0.00064810031805934587
0.00064810031805934024
0.00064810031805934587
0.00064810031805934197
0.00064810031805934197
0.00064810031805934392
0.00064810031805934587
0.00064810031805934392
0.00064810031805934219
0.00064810031805934587
0.00064810031805934219
0.00064810031805934219
0.00064810031805934587
0.00064810031805933839
0.00064810031805934587
0.00064810031805935314
0.00064810031805933839
0.00064810031805933839
0.00064810031805934587
0.00064810031805934219
0.00064810031805934587
0.00064810031805934577
0.00064810031805934197
0.00064810031805933839
0.00064810031805934587
0.00064810031805934587
0.00064810031805933839
0.00064810031805934945
0.00064810031805934219
0.00064810031805934577
0.00064810031805934219
0.00064810031805933839
0.00064810031805934219
0.00064810031805935314
0.00064810031805933839
0.00064810031805933839
0.00064810031805935314
0.00064810031805933839
0.00064810031805933839
0.00064810031805935314
0.00064810031805933839
0.00064810031805934577
0.00064810031805934577
0.00064810031805933839
0.00064810031805933839
0.00064810031805935314
0.00064810031805933839
0.00064810031805933839
0.00064810031805934577
0.00064810031805934577
0.00064810031805934577
0.00064810031805934577
0.00064810031805933839
0.00064810031805934577
0.00064810031805935314
0.0006481003180593308
0.00064810031805934577
0.00064810031805935314
0.0006481003180593308
0.00064810031805934577
0.00064810031805934577
0.0006481003180593308
0.00064810031805935314
0.00064810031805934577
0.00064810031805933839
0.00064810031805935314
0.00064810031805935314
0.00064810031805932365
0.00064810031805935314
0.00064810031805934577
0.00064810031805932354
0.00064810031805936799
0.00064810031805933839
0.0006481003180593308
0.00064810031805935314
0.00064810031805934577
0.0006481003180593308
0.00064810031805935314
0.00064810031805934577
0.00064810031805934577
0.0006481003180593308
0.00064810031805935314
0.00064810031805933839
0.00064810031805934577
0.00064810031805933839
0.00064810031805935314
0.00064810031805933839
0.00064810031805935314
0.00064810031805933839
0.00064810031805933839
0.00064810031805935314
0.00064810031805933839
0.00064810031805933839
0.00064810031805935314
0.00064810031805933839
0.00064810031805933839
0.00064810031805935314
0.00064810031805932354
0.00064810031805935314
0.00064810031805935314
0.00064810031805932354
0.00064810031805935314
0.00064810031805935314
0.00064810031805932354
0.00064810031805935314
0.00064810031805935314
0.00064810031805932354
0.00064810031805935314
0.00064810031805935314
0.00064810031805932354
0.00064810031805935314
0.00064810031805935314
0.00064810031805932354
0.00064810031805935314
0.00064810031805935314
0.00064810031805932354
0.00064810031805933839
0.00064810031805938274
0.00064810031805933839
0.00064810031805933839
0.00064810031805935314
0.00064810031805932365
0.00064810031805933839
0.00064810031805936788
0.00064810031805933839
0.00064810031805932354
0.00064810031805935314
0.00064810031805935314
0.00064810031805932354
0.00064810031805935314
0.00064810031805933839
0.00064810031805933839
0.00064810031805935314
0.00064810031805933839
0.00064810031805933839
0.00064810031805935314
0.00064810031805935314
0.00064810031805932354
0.00064810031805935314
0.00064810031805933839
0.00064810031805933839
0.00064810031805935314
0.00064810031805933839
0.00064810031805933839
0.00064810031805935314
0.00064810031805935314
0.00064810031805930879
0.00064810031805935314
0.00064810031805935314
0.00064810031805932365
0.00064810031805935314
0.00064810031805936788
0.00064810031805930879
0.00064810031805936788
0.00064810031805935314
0.00064810031805933839
0.00064810031805932354
0.00064810031805936788
0.00064810031805933839
0.00064810031805932354
0.00064810031805935314
0.00064810031805935314
0.00064810031805935314
0.00064810031805933839
0.00064810031805932354
0.00064810031805933839
0.00064810031805936788
0.00064810031805932354
0.00064810031805935314
0.00064810031805935314
0.00064810031805932354
0.00064810031805935314
0.00064810031805935314
0.00064810031805932354
0.00064810031805933839
0.00064810031805936788
0.00064810031805933839
0.00064810031805932365
0.00064810031805936788
0.00064810031805933839
0.00064810031805933839
0.00064810031805935314
0.00064810031805932354
0.00064810031805933839
0.00064810031805936788
0.00064810031805932354
0.00064810031805932365
0.00064810031805938274
0.00064810031805932354
0.00064810031805935314
0.00064810031805938263
0.00064810031805929383
0.00064810031805938274
0.00064810031805932354
0.00064810031805932354
0.00064810031805938274
0.00064810031805932354
0.00064810031805932354
0.00064810031805938274
0.00064810031805932354
0.00064810031805932354
0.00064810031805938274
0.00064810031805932354
0.00064810031805932354
0.00064810031805938274
0.00064810031805932354
0.00064810031805932354
0.00064810031805941244
0.00064810031805929383
0.00064810031805935314
0.00064810031805938263
0.00064810031805929383
0.00064810031805935314
0.00064810031805935314
0.00064810031805932354
0.00064810031805932354
0.00064810031805941244
0.00064810031805929383
0.00064810031805935314
0.00064810031805938263
0.00064810031805929383
0.00064810031805935314
0.00064810031805934175
0.00064810031805934154
0.00064810031805934251
0.00064810031805934067
0.00064810031805934154
0.00064810031805934197
0.00064810031805934197
0.0006481003180593411
0.0006481003180593411
0.00064810031805934306
0.0006481003180593411
0.00064810031805934197
0.00064810031805934197
0.00064810031805934197
0.00064810031805934024
0.00064810031805934197
0.00064810031805934197
0.00064810031805934024
0.00064810031805934197
0.00064810031805934197
0.00064810031805934197
0.00064810031805934197
0.00064810031805933839
0.00064810031805934587
0.00064810031805934024
0.00064810031805934197
0.00064810031805934024
0.00064810031805934392
0.00064810031805934024
0.00064810031805934024
0.00064810031805934392
0.00064810031805934024
0.00064810031805934024
0.00064810031805934392
0.00064810031805934024
0.00064810031805934392
0.00064810031805934024
0.00064810031805934024
0.00064810031805934024
0.00064810031805934761
0.00064810031805934024
0.00064810031805934024
0.00064810031805934381
0.00064810031805934024
0.00064810031805933655
0.00064810031805934761
0.00064810031805933655
0.00064810031805934392
0.00064810031805934024
0.00064810031805934392
0.00064810031805933655
0.00064810031805935119
0.00064810031805932907
0.00064810031805934381
0.00064810031805935119
0.00064810031805933655
0.00064810031805933655
0.00064810031805935119
0.00064810031805933655
0.00064810031805933655
0.00064810031805935119
0.00064810031805933655
0.00064810031805933655
0.00064810031805935119
0.00064810031805934381
0.00064810031805932907
0.00064810031805934381
0.00064810031805935119
0.00064810031805934381
0.00064810031805932907
0.00064810031805934381
0.00064810031805934381
0.00064810031805933655
0.00064810031805935119
0.00064810031805933655
0.0006481003180593513
0.00064810031805932907
0.00064810031805935119
0.00064810031805934392
0.00064810031805932907
0.00064810031805934381
0.00064810031805934381
0.00064810031805933655
0.00064810031805935119
0.00064810031805934381
0.00064810031805932907
0.00064810031805935119
0.00064810031805933655
0.00064810031805933655
0.00064810031805933644
0.00064810031805936626
0.00064810031805932181
0.00064810031805935119
0.00064810031805934381
0.00064810031805932907
0.00064810031805934381
0.00064810031805935119
0.00064810031805933655
0.00064810031805933655
0.00064810031805935867
0.0006481003180593217
0.00064810031805935119
0.00064810031805933644
0.00064810031805933644
0.00064810031805933644
0.00064810031805936604
0.00064810031805933644
0.00064810031805933644
0.00064810031805935119
0.00064810031805933644
0.00064810031805933644
0.00064810031805935119
0.0006481003180593217
0.00064810031805935119
0.00064810031805935119
0.0006481003180593217
0.00064810031805933644
0.00064810031805936604
0.0006481003180593217
0.00064810031805936604
0.00064810031805933644
0.00064810031805933644
0.00064810031805933644
0.00064810031805936604
0.00064810031805930684
0.00064810031805935119
0.00064810031805935119
0.0006481003180593217
0.00064810031805935119
0.00064810031805935119
0.00064810031805933644
0.00064810031805933644
0.00064810031805935119
0.0006481003180593217
0.00064810031805935119
0.00064810031805935119
0.00064810031805933644
0.00064810031805935119
0.00064810031805933644
0.0006481003180593513
0.0006481003180593217
0.00064810031805936604
0.00064810031805932159
0.00064810031805933644
0.00064810031805935119
0.00064810031805933644
0.00064810031805935119
0.00064810031805933644
0.0006481003180593513
0.0006481003180593217
0.00064810031805936604
0.00064810031805932159
0.00064810031805933644
0.00064810031805933644
0.00064810031805938079
0.00064810031805932159
0.00064810031805933644
0.0006481003180593513
0.00064810031805930684
0.00064810031805938079
0.00064810031805932159
0.00064810031805933644
0.00064810031805935119
0.0006481003180593513
0.00064810031805933644
0.0006481003180593217
0.00064810031805936604
0.0006481003180593217
0.00064810031805933644
0.0006481003180593513
0.00064810031805933644
0.00064810031805933644
0.00064810031805936604
0.00064810031805930684
0.0006481003180593513
0.0006481003180593513
0.00064810031805932159
0.00064810031805936604
0.00064810031805933644
0.00064810031805933644
0.00064810031805935119
0.00064810031805935119
0.00064810031805933644
0.0006481003180593217
0.00064810031805936604
0.0006481003180593217
0.00064810031805935119
0.00064810031805935119
0.0006481003180593217
0.00064810031805935119
0.00064810031805935119
0.00064810031805933644
0.0006481003180593513
0.0006481003180593217
0.00064810031805935119
0.00064810031805933644
0.00064810031805935119
0.0006481003180593217
0.00064810031805933644
0.00064810031805936604
0.00064810031805933644
0.00064810031805932159
0.00064810031805936604
0.0006481003180593217
0.0006481003180593217
0.00064810031805938079
0.0006481003180593513
0.0006481003180593217
0.0006481003180593513
0.0006481003180593513
0.0006481003180593513
0.0006481003180593217
0.0006481003180593513
0.0006481003180593513
0.0006481003180593217
0.0006481003180593217
0.00064810031805938079
0.0006481003180593217
0.0006481003180593513
0.0006481003180593513
0.0006481003180593217
0.0006481003180593513
0.0006481003180593513
0.0006481003180593217
0.0006481003180593513
0.0006481003180593513
0.0006481003180593217
0.0006481003180593513
0.0006481003180593513
0.00064810031805929199
0.00064810031805938079
0.0006481003180593513
0.0006481003180593217
0.0006481003180593513
0.0006481003180593513
0.0006481003180593217
0.00064810031805938079
0.0006481003180593217
0.0006481003180593217
0.0006481003180593513
0.00064810031805934338
0.00064810031805934338
0.00064810031805934327
0.00064810031805934381
0.00064810031805934306
0.00064810031805934381
0.00064810031805934381
0.00064810031805934295
0.00064810031805934197
0.0006481003180593449
0.00064810031805934381
0.00064810031805934295
0.0006481003180593449
0.00064810031805934197
0.00064810031805934197
0.00064810031805934392
0.00064810031805934587
0.00064810031805934197
0.00064810031805934587
0.00064810031805934024
0.00064810031805934587
0.00064810031805934197
0.00064810031805934197
0.00064810031805934392
0.00064810031805934587
0.00064810031805934392
0.00064810031805934219
0.00064810031805934587
0.00064810031805934219
0.00064810031805934219
0.00064810031805934587
0.00064810031805933839
0.00064810031805934587
0.00064810031805935314
0.00064810031805933839
0.00064810031805933839
0.00064810031805934587
0.00064810031805934219
0.00064810031805934587
0.00064810031805934577
0.00064810031805934197
0.00064810031805933839
0.00064810031805934587
0.00064810031805934587
0.00064810031805933839
0.00064810031805934945
0.00064810031805934219
0.00064810031805934577
0.00064810031805934219
0.00064810031805933839
0.00064810031805934219
0.00064810031805935314
0.00064810031805933839
0.00064810031805933839
0.00064810031805935314
0.00064810031805933839
0.00064810031805933839
0.00064810031805935314
0.00064810031805933839
0.00064810031805934577
0.00064810031805934577
0.00064810031805933839
0.00064810031805933839
0.00064810031805935314
0.00064810031805933839
0.00064810031805933839
0.00064810031805934577
0.00064810031805934577
0.00064810031805934577
0.00064810031805934577
0.00064810031805933839
0.00064810031805934577
0.00064810031805935314
0.0006481003180593308
0.00064810031805934577
0.00064810031805935314
0.0006481003180593308
0.00064810031805934577
0.00064810031805934577
0.0006481003180593308
0.00064810031805935314
0.00064810031805934577
0.00064810031805933839
0.00064810031805935314
0.00064810031805935314
0.00064810031805932365
0.00064810031805935314
0.00064810031805934577
0.00064810031805932354
0.00064810031805936799
0.00064810031805933839
0.0006481003180593308
0.00064810031805935314
0.00064810031805934577
0.0006481003180593308
0.00064810031805935314
0.00064810031805934577
0.00064810031805934577
0.0006481003180593308
0.00064810031805935314
0.00064810031805933839
0.00064810031805934577
0.00064810031805933839
0.00064810031805935314
0.00064810031805933839
0.00064810031805935314
0.00064810031805933839
0.00064810031805933839
0.00064810031805935314
0.00064810031805933839
0.00064810031805933839
0.00064810031805935314
0.00064810031805933839
0.00064810031805933839
0.00064810031805935314
0.00064810031805932354
0.00064810031805935314
0.00064810031805935314
0.00064810031805932354
0.00064810031805935314
0.00064810031805935314
0.00064810031805932354
0.00064810031805935314
0.00064810031805935314
0.00064810031805932354
0.00064810031805935314
0.00064810031805935314
0.00064810031805932354
0.00064810031805935314
0.00064810031805935314
0.00064810031805932354
0.00064810031805935314
0.00064810031805935314
0.00064810031805932354
0.00064810031805933839
0.00064810031805938274
0.00064810031805933839
0.00064810031805933839
0.00064810031805935314
0.00064810031805932365
0.00064810031805933839
0.00064810031805936788
0.00064810031805933839
0.00064810031805932354
0.00064810031805935314
0.00064810031805935314
0.00064810031805932354
0.00064810031805935314
0.00064810031805933839
0.00064810031805933839
0.00064810031805935314
0.00064810031805933839
0.00064810031805933839
0.00064810031805935314
0.00064810031805935314
0.00064810031805932354
0.00064810031805935314
0.00064810031805933839
0.00064810031805933839
0.00064810031805935314
0.00064810031805933839
0.00064810031805933839
0.00064810031805935314
0.00064810031805935314
0.00064810031805930879
0.00064810031805935314
0.00064810031805935314
0.00064810031805932365
0.00064810031805935314
0.00064810031805936788
0.00064810031805930879
0.00064810031805936788
0.00064810031805935314
0.00064810031805933839
0.00064810031805932354
0.00064810031805936788
0.00064810031805933839
0.00064810031805932354
0.00064810031805935314
0.00064810031805935314
0.00064810031805935314
0.00064810031805933839
0.00064810031805932354
0.00064810031805933839
0.00064810031805936788
0.00064810031805932354
0.00064810031805935314
0.00064810031805935314
0.00064810031805932354
0.00064810031805935314
0.00064810031805935314
0.00064810031805932354
0.00064810031805933839
0.00064810031805936788
0.00064810031805933839
0.00064810031805932365
0.00064810031805936788
0.00064810031805933839
0.00064810031805933839
0.00064810031805935314
0.00064810031805932354
0.00064810031805933839
0.00064810031805936788
0.00064810031805932354
0.00064810031805932365
0.00064810031805938274
0.00064810031805932354
0.00064810031805935314
0.00064810031805938263
0.00064810031805929383
0.00064810031805938274
0.00064810031805932354
0.00064810031805932354
0.00064810031805938274
0.00064810031805932354
0.00064810031805932354
0.00064810031805938274
0.00064810031805932354
0.00064810031805932354
0.00064810031805938274
0.00064810031805932354
0.00064810031805932354
0.00064810031805938274
0.00064810031805932354
0.00064810031805932354
0.00064810031805941244
0.00064810031805929383
0.00064810031805935314
0.00064810031805938263
0.00064810031805929383
0.00064810031805935314
0.00064810031805935314
0.00064810031805932354
0.00064810031805932354
0.00064810031805941244
0.00064810031805929383
0.00064810031805935314
0.00064810031805938263
0.00064810031805929383
0.00064810031805935314
0.00064810031805934338
0.00064810031805934338
0.00064810031805934327
0.00064810031805934381
0.00064810031805934306
0.00064810031805934381
0.00064810031805934381
0.00064810031805934295
0.00064810031805934197
0.0006481003180593449
0.00064810031805934381
0.00064810031805934295
0.0006481003180593449
0.00064810031805934197
0.00064810031805934197
0.00064810031805934392
0.00064810031805934587
0.00064810031805934197
0.00064810031805934587
0.00064810031805934024
0.00064810031805934587
0.00064810031805934197
0.00064810031805934197
0.00064810031805934392
0.00064810031805934587
0.00064810031805934392
0.00064810031805934219
0.00064810031805934587
0.00064810031805934219
0.00064810031805934219
0.00064810031805934587
0.00064810031805933839
0.00064810031805934587
0.00064810031805935314
0.00064810031805933839
0.00064810031805933839
0.00064810031805934587
0.00064810031805934219
0.00064810031805934587
0.00064810031805934577
0.00064810031805934197
0.00064810031805933839
0.00064810031805934587
0.00064810031805934587
0.00064810031805933839
0.00064810031805934945
0.00064810031805934219
0.00064810031805934577
0.00064810031805934219
0.00064810031805933839
0.00064810031805934219
0.00064810031805935314
0.00064810031805933839
0.00064810031805933839
0.00064810031805935314
0.00064810031805933839
0.00064810031805933839
0.00064810031805935314
0.00064810031805933839
0.00064810031805934577
0.00064810031805934577
0.00064810031805933839
0.00064810031805933839
0.00064810031805935314
0.00064810031805933839
0.00064810031805933839
0.00064810031805934577
0.00064810031805934577
0.00064810031805934577
0.00064810031805934577
0.00064810031805933839
0.00064810031805934577
0.00064810031805935314
0.0006481003180593308
0.00064810031805934577
0.00064810031805935314
0.0006481003180593308
0.00064810031805934577
0.00064810031805934577
0.0006481003180593308
0.00064810031805935314
0.00064810031805934577
0.00064810031805933839
0.00064810031805935314
0.00064810031805935314
0.00064810031805932365
0.00064810031805935314
0.00064810031805934577
0.00064810031805932354
0.00064810031805936799
0.00064810031805933839
0.0006481003180593308
0.00064810031805935314
0.00064810031805934577
0.0006481003180593308
0.00064810031805935314
0.00064810031805934577
0.00064810031805934577
0.0006481003180593308
0.00064810031805935314
0.00064810031805933839
0.00064810031805934577
0.00064810031805933839
0.00064810031805935314
0.00064810031805933839
0.00064810031805935314
0.00064810031805933839
0.00064810031805933839
0.00064810031805935314
0.00064810031805933839
0.00064810031805933839
0.00064810031805935314
0.00064810031805933839
0.00064810031805933839
0.00064810031805935314
0.00064810031805932354
0.00064810031805935314
0.00064810031805935314
0.00064810031805932354
0.00064810031805935314
0.00064810031805935314
0.00064810031805932354
0.00064810031805935314
0.00064810031805935314
0.00064810031805932354
0.00064810031805935314
0.00064810031805935314
0.00064810031805932354
0.00064810031805935314
0.00064810031805935314
0.00064810031805932354
0.00064810031805935314
0.00064810031805935314
0.00064810031805932354
0.00064810031805933839
0.00064810031805938274
0.00064810031805933839
0.00064810031805933839
0.00064810031805935314
0.00064810031805932365
0.00064810031805933839
0.00064810031805936788
0.00064810031805933839
0.00064810031805932354
0.00064810031805935314
0.00064810031805935314
0.00064810031805932354
0.00064810031805935314
0.00064810031805933839
0.00064810031805933839
0.00064810031805935314
0.00064810031805933839
0.00064810031805933839
0.00064810031805935314
0.00064810031805935314
0.00064810031805932354
0.00064810031805935314
0.00064810031805933839
0.00064810031805933839
0.00064810031805935314
0.00064810031805933839
0.00064810031805933839
0.00064810031805935314
0.00064810031805935314
0.00064810031805930879
0.00064810031805935314
0.00064810031805935314
0.00064810031805932365
0.00064810031805935314
0.00064810031805936788
0.00064810031805930879
0.00064810031805936788
0.00064810031805935314
0.00064810031805933839
0.00064810031805932354
0.00064810031805936788
0.00064810031805933839
0.00064810031805932354
0.00064810031805935314
0.00064810031805935314
0.00064810031805935314
0.00064810031805933839
0.00064810031805932354
0.00064810031805933839
0.00064810031805936788
0.00064810031805932354
0.00064810031805935314
0.00064810031805935314
0.00064810031805932354
0.00064810031805935314
0.00064810031805935314
0.00064810031805932354
0.00064810031805933839
0.00064810031805936788
0.00064810031805933839
0.00064810031805932365
0.00064810031805936788
0.00064810031805933839
0.00064810031805933839
0.00064810031805935314
0.00064810031805932354
0.00064810031805933839
0.00064810031805936788
0.00064810031805932354
0.00064810031805932365
0.00064810031805938274
0.00064810031805932354
0.00064810031805935314
0.00064810031805938263
0.00064810031805929383
0.00064810031805938274
0.00064810031805932354
0.00064810031805932354
0.00064810031805938274
0.00064810031805932354
0.00064810031805932354
0.00064810031805938274
0.00064810031805932354
0.00064810031805932354
0.00064810031805938274
0.00064810031805932354
0.00064810031805932354
0.00064810031805938274
0.00064810031805932354
0.00064810031805932354
0.00064810031805941244
0.00064810031805929383
0.00064810031805935314
0.00064810031805938263
0.00064810031805929383
0.00064810031805935314
0.00064810031805935314
0.00064810031805932354
0.00064810031805932354
0.00064810031805941244
0.00064810031805929383
0.00064810031805935314
0.00064810031805938263
0.00064810031805929383
0.00064810031805935314
0.00064810031805934338
0.00064810031805934338
0.00064810031805934327
0.00064810031805934381
0.00064810031805934306
0.00064810031805934381
0.00064810031805934381
0.00064810031805934295
0.00064810031805934197
0.0006481003180593449
0.00064810031805934381
0.00064810031805934295
0.0006481003180593449
0.00064810031805934197
0.00064810031805934197
0.00064810031805934392
0.00064810031805934587
0.00064810031805934197
0.00064810031805934587
0.00064810031805934024
0.00064810031805934587
0.00064810031805934197
0.00064810031805934197
0.00064810031805934392
0.00064810031805934587
0.00064810031805934392
0.00064810031805934219
0.00064810031805934587
0.00064810031805934219
0.00064810031805934219
0.00064810031805934587
0.00064810031805933839
0.00064810031805934587
0.00064810031805935314
0.00064810031805933839
0.00064810031805933839
0.00064810031805934587
0.00064810031805934219
0.00064810031805934587
0.00064810031805934577
0.00064810031805934197
0.00064810031805933839
0.00064810031805934587
0.00064810031805934587
0.00064810031805933839
0.00064810031805934945
0.00064810031805934219
0.00064810031805934577
0.00064810031805934219
0.00064810031805933839
0.00064810031805934219
0.00064810031805935314
0.00064810031805933839
0.00064810031805933839
0.00064810031805935314
0.00064810031805933839
0.00064810031805933839
0.00064810031805935314
0.00064810031805933839
0.00064810031805934577
0.00064810031805934577
0.00064810031805933839
0.00064810031805933839
0.00064810031805935314
0.00064810031805933839
0.00064810031805933839
0.00064810031805934577
0.00064810031805934577
0.00064810031805934577
0.00064810031805934577
0.00064810031805933839
0.00064810031805934577
0.00064810031805935314
0.0006481003180593308
0.00064810031805934577
0.00064810031805935314
0.0006481003180593308
0.00064810031805934577
0.00064810031805934577
0.0006481003180593308
0.00064810031805935314
0.00064810031805934577
0.00064810031805933839
0.00064810031805935314
0.00064810031805935314
0.00064810031805932365
0.00064810031805935314
0.00064810031805934577
0.00064810031805932354
0.00064810031805936799
0.00064810031805933839
0.0006481003180593308
0.00064810031805935314
0.00064810031805934577
0.0006481003180593308
0.00064810031805935314
0.00064810031805934577
0.00064810031805934577
0.0006481003180593308
0.00064810031805935314
0.00064810031805933839
0.00064810031805934577
0.00064810031805933839
0.00064810031805935314
0.00064810031805933839
0.00064810031805935314
0.00064810031805933839
0.00064810031805933839
0.00064810031805935314
0.00064810031805933839
0.00064810031805933839
0.00064810031805935314
0.00064810031805933839
0.00064810031805933839
0.00064810031805935314
0.00064810031805932354
0.00064810031805935314
0.00064810031805935314
0.00064810031805932354
0.00064810031805935314
0.00064810031805935314
0.00064810031805932354
0.00064810031805935314
0.00064810031805935314
0.00064810031805932354
0.00064810031805935314
0.00064810031805935314
0.00064810031805932354
0.00064810031805935314
0.00064810031805935314
0.00064810031805932354
0.00064810031805935314
0.00064810031805935314
0.00064810031805932354
0.00064810031805933839
0.00064810031805938274
0.00064810031805933839
0.00064810031805933839
0.00064810031805935314
0.00064810031805932365
0.00064810031805933839
0.00064810031805936788
0.00064810031805933839
0.00064810031805932354
0.00064810031805935314
0.00064810031805935314
0.00064810031805932354
0.00064810031805935314
0.00064810031805933839
0.00064810031805933839
0.00064810031805935314
0.00064810031805933839
0.00064810031805933839
0.00064810031805935314
0.00064810031805935314
0.00064810031805932354
0.00064810031805935314
0.00064810031805933839
0.00064810031805933839
0.00064810031805935314
0.00064810031805933839
0.00064810031805933839
0.00064810031805935314
0.00064810031805935314
0.00064810031805930879
0.00064810031805935314
0.00064810031805935314
0.00064810031805932365
0.00064810031805935314
0.00064810031805936788
0.00064810031805930879
0.00064810031805936788
0.00064810031805935314
0.00064810031805933839
0.00064810031805932354
0.00064810031805936788
0.00064810031805933839
0.00064810031805932354
0.00064810031805935314
0.00064810031805935314
0.00064810031805935314
0.00064810031805933839
0.00064810031805932354
0.00064810031805933839
0.00064810031805936788
0.00064810031805932354
0.00064810031805935314
0.00064810031805935314
0.00064810031805932354
0.00064810031805935314
0.00064810031805935314
0.00064810031805932354
0.00064810031805933839
0.00064810031805936788
0.00064810031805933839
0.00064810031805932365
0.00064810031805936788
0.00064810031805933839
0.00064810031805933839
0.00064810031805935314
0.00064810031805932354
0.00064810031805933839
0.00064810031805936788
0.00064810031805932354
0.00064810031805932365
0.00064810031805938274
0.00064810031805932354
0.00064810031805935314
0.00064810031805938263
0.00064810031805929383
0.00064810031805938274
0.00064810031805932354
0.00064810031805932354
0.00064810031805938274
0.00064810031805932354
0.00064810031805932354
0.00064810031805938274
0.00064810031805932354
0.00064810031805932354
0.00064810031805938274
0.00064810031805932354
0.00064810031805932354
0.00064810031805938274
0.00064810031805932354
0.00064810031805932354
0.00064810031805941244
0.00064810031805929383
0.00064810031805935314
0.00064810031805938263
0.00064810031805929383
0.00064810031805935314
0.00064810031805935314
0.00064810031805932354
0.00064810031805932354
0.00064810031805941244
0.00064810031805929383
0.00064810031805935314
0.00064810031805938263
0.00064810031805929383
0.00064810031805935314
0.00064810031805934338
0.00064810031805934338
0.00064810031805934327
0.00064810031805934381
0.00064810031805934306
0.00064810031805934381
0.00064810031805934381
0.00064810031805934295
0.00064810031805934197
0.0006481003180593449
0.00064810031805934381
0.00064810031805934295
0.0006481003180593449
0.00064810031805934197
0.00064810031805934197
0.00064810031805934392
0.00064810031805934587
0.00064810031805934197
0.00064810031805934587
0.00064810031805934024
0.00064810031805934587
0.00064810031805934197
0.00064810031805934197
0.00064810031805934392
0.00064810031805934587
0.00064810031805934392
0.00064810031805934219
0.00064810031805934587
0.00064810031805934219
0.00064810031805934219
0.00064810031805934587
0.00064810031805933839
0.00064810031805934587
0.00064810031805935314
0.00064810031805933839
0.00064810031805933839
0.00064810031805934587
0.00064810031805934219
0.00064810031805934587
0.00064810031805934577
0.00064810031805934197
0.00064810031805933839
0.00064810031805934587
0.00064810031805934587
0.00064810031805933839
0.00064810031805934945
0.00064810031805934219
0.00064810031805934577
0.00064810031805934219
0.00064810031805933839
0.00064810031805934219
0.00064810031805935314
0.00064810031805933839
0.00064810031805933839
0.00064810031805935314
0.00064810031805933839
0.00064810031805933839
0.00064810031805935314
0.00064810031805933839
0.00064810031805934577
0.00064810031805934577
0.00064810031805933839
0.00064810031805933839
0.00064810031805935314
0.00064810031805933839
0.00064810031805933839
0.00064810031805934577
0.00064810031805934577
0.00064810031805934577
0.00064810031805934577
0.00064810031805933839
0.00064810031805934577
0.00064810031805935314
0.0006481003180593308
0.00064810031805934577
0.00064810031805935314
0.0006481003180593308
0.00064810031805934577
0.00064810031805934577
0.0006481003180593308
0.00064810031805935314
0.00064810031805934577
0.00064810031805933839
0.00064810031805935314
0.00064810031805935314
0.00064810031805932365
0.00064810031805935314
0.00064810031805934577
0.00064810031805932354
0.00064810031805936799
0.00064810031805933839
0.0006481003180593308
0.00064810031805935314
0.00064810031805934577
0.0006481003180593308
0.00064810031805935314
0.00064810031805934577
0.00064810031805934577
0.0006481003180593308
0.00064810031805935314
0.00064810031805933839
0.00064810031805934577
0.00064810031805933839
0.00064810031805935314
0.00064810031805933839
0.00064810031805935314
0.00064810031805933839
0.00064810031805933839
0.00064810031805935314
0.00064810031805933839
0.00064810031805933839
0.00064810031805935314
0.00064810031805933839
0.00064810031805933839
0.00064810031805935314
0.00064810031805932354
0.00064810031805935314
0.00064810031805935314
0.00064810031805932354
0.00064810031805935314
0.00064810031805935314
0.00064810031805932354
0.00064810031805935314
0.00064810031805935314
0.00064810031805932354
0.00064810031805935314
0.00064810031805935314
0.00064810031805932354
0.00064810031805935314
0.00064810031805935314
0.00064810031805932354
0.00064810031805935314
0.00064810031805935314
0.00064810031805932354
0.00064810031805933839
0.00064810031805938274
0.00064810031805933839
0.00064810031805933839
0.00064810031805935314
0.00064810031805932365
0.00064810031805933839
0.00064810031805936788
0.00064810031805933839
0.00064810031805932354
0.00064810031805935314
0.00064810031805935314
0.00064810031805932354
0.00064810031805935314
0.00064810031805933839
0.00064810031805933839
0.00064810031805935314
0.00064810031805933839
0.00064810031805933839
0.00064810031805935314
0.00064810031805935314
0.00064810031805932354
0.00064810031805935314
0.00064810031805933839
0.00064810031805933839
0.00064810031805935314
0.00064810031805933839
0.00064810031805933839
0.00064810031805935314
0.00064810031805935314
0.00064810031805930879
0.00064810031805935314
0.00064810031805935314
0.00064810031805932365
0.00064810031805935314
0.00064810031805936788
0.00064810031805930879
0.00064810031805936788
0.00064810031805935314
0.00064810031805933839
0.00064810031805932354
0.00064810031805936788
0.00064810031805933839
0.00064810031805932354
0.00064810031805935314
0.00064810031805935314
0.00064810031805935314
0.00064810031805933839
0.00064810031805932354
0.00064810031805933839
0.00064810031805936788
0.00064810031805932354
0.00064810031805935314
0.00064810031805935314
0.00064810031805932354
0.00064810031805935314
0.00064810031805935314
0.00064810031805932354
0.00064810031805933839
0.00064810031805936788
0.00064810031805933839
0.00064810031805932365
0.00064810031805936788
0.00064810031805933839
0.00064810031805933839
0.00064810031805935314
0.00064810031805932354
0.00064810031805933839
0.00064810031805936788
0.00064810031805932354
0.00064810031805932365
0.00064810031805938274
0.00064810031805932354
0.00064810031805935314
0.00064810031805938263
0.00064810031805929383
0.00064810031805938274
0.00064810031805932354
0.00064810031805932354
0.00064810031805938274
0.00064810031805932354
0.00064810031805932354
0.00064810031805938274
0.00064810031805932354
0.00064810031805932354
0.00064810031805938274
0.00064810031805932354
0.00064810031805932354
0.00064810031805938274
0.00064810031805932354
0.00064810031805932354
0.00064810031805941244
0.00064810031805929383
0.00064810031805935314
0.00064810031805938263
0.00064810031805929383
0.00064810031805935314
0.00064810031805935314
0.00064810031805932354
0.00064810031805932354
0.00064810031805941244
0.00064810031805929383
0.00064810031805935314
0.00064810031805938263
0.00064810031805929383
0.00064810031805935314
0.00064810031805934175
0.00064810031805934154
0.00064810031805934175
0.00064810031805934219
0.00064810031805934067
0.00064810031805934197
0.00064810031805934197
0.00064810031805934197
0.00064810031805933839
0.0006481003180593449
0.0006481003180593411
0.00064810031805934024
0.00064810031805934392
0.00064810031805934024
0.00064810031805934024
0.00064810031805934392
0.00064810031805934024
0.00064810031805934197
0.00064810031805934197
0.00064810031805934197
0.00064810031805934197
0.00064810031805934197
0.00064810031805933839
0.00064810031805934197
0.00064810031805934392
0.00064810031805933839
0.00064810031805934392
0.00064810031805934024
0.00064810031805934392
0.00064810031805934024
0.00064810031805934024
0.00064810031805934392
0.00064810031805934024
0.00064810031805934392
0.00064810031805934024
0.00064810031805934392
0.00064810031805934024
0.00064810031805934381
0.00064810031805934024
0.00064810031805934381
0.00064810031805934024
0.00064810031805934024
0.00064810031805934381
0.00064810031805933655
0.00064810031805934024
0.00064810031805934761
0.00064810031805934024
0.00064810031805934024
0.00064810031805934024
0.00064810031805934392
0.00064810031805933655
0.00064810031805935119
0.00064810031805933655
0.00064810031805934381
0.00064810031805934381
0.00064810031805933655
0.00064810031805933655
0.00064810031805935119
0.00064810031805933655
0.00064810031805933655
0.00064810031805935119
0.00064810031805933655
0.00064810031805933655
0.00064810031805934381
0.00064810031805934381
0.00064810031805934381
0.0006481003180593513
0.00064810031805932907
0.00064810031805933644
0.00064810031805935867
0.00064810031805932907
0.00064810031805934381
0.00064810031805933655
0.00064810031805934381
0.00064810031805934381
0.00064810031805934381
0.00064810031805933655
0.00064810031805935119
0.00064810031805933644
0.00064810031805933655
0.00064810031805934381
0.00064810031805934381
0.00064810031805933655
0.00064810031805935867
0.00064810031805933644
0.00064810031805932907
0.00064810031805935119
0.00064810031805933655
0.00064810031805933655
0.00064810031805935119
0.00064810031805932907
0.00064810031805934381
0.00064810031805935119
0.00064810031805934381
0.00064810031805932907
0.00064810031805934381
0.00064810031805935119
0.00064810031805932907
0.00064810031805935119
0.00064810031805933655
0.00064810031805933644
0.00064810031805935119
0.00064810031805933644
0.00064810031805933644
0.00064810031805935119
0.00064810031805935119
0.0006481003180593217
0.00064810031805935119
0.00064810031805935119
0.0006481003180593217
0.00064810031805935119
0.00064810031805935119
0.0006481003180593217
0.00064810031805935119
0.00064810031805935119
0.0006481003180593217
0.00064810031805935119
0.00064810031805935119
0.0006481003180593217
0.00064810031805935119
0.00064810031805935119
0.00064810031805933644
0.00064810031805933644
0.00064810031805935119
0.0006481003180593217
0.00064810031805935119
0.00064810031805935119
0.0006481003180593217
0.00064810031805933644
0.00064810031805936604
0.00064810031805933644
0.00064810031805933644
0.00064810031805935119
0.0006481003180593217
0.00064810031805935119
0.00064810031805935119
0.0006481003180593513
0.00064810031805930684
0.00064810031805936604
0.0006481003180593513
0.0006481003180593217
0.00064810031805933644
0.00064810031805935119
0.00064810031805933644
0.00064810031805935119
0.00064810031805933644
0.00064810031805935119
0.00064810031805933644
0.0006481003180593513
0.0006481003180593217
0.00064810031805933644
0.00064810031805935119
0.00064810031805933644
0.00064810031805935119
0.00064810031805933644
0.00064810031805932159
0.00064810031805938079
0.00064810031805933644
0.0006481003180593217
0.00064810031805935119
0.00064810031805933644
0.00064810031805933644
0.00064810031805935119
0.0006481003180593513
0.00064810031805933644
0.0006481003180593217
0.00064810031805936604
0.0006481003180593217
0.00064810031805933644
0.0006481003180593513
0.00064810031805933644
0.00064810031805935119
0.00064810031805933644
0.00064810031805932159
0.00064810031805936604
0.00064810031805935119
0.0006481003180593217
0.00064810031805935119
0.00064810031805936604
0.00064810031805930684
0.00064810031805933644
0.0006481003180593513
0.00064810031805935119
0.0006481003180593513
0.00064810031805933644
0.0006481003180593217
0.00064810031805935119
0.00064810031805935119
0.00064810031805933644
0.0006481003180593217
0.0006481003180593513
0.00064810031805932159
0.00064810031805938079
0.00064810031805933644
0.0006481003180593217
0.00064810031805933644
0.00064810031805938079
0.00064810031805930684
0.00064810031805936604
0.0006481003180593217
0.00064810031805935119
0.00064810031805932159
0.00064810031805936604
0.0006481003180593217
0.0006481003180593217
0.00064810031805938079
0.0006481003180593217
0.0006481003180593513
0.0006481003180593513
0.0006481003180593513
0.0006481003180593513
0.0006481003180593217
0.0006481003180593217
0.00064810031805938079
0.0006481003180593217
0.0006481003180593217
0.00064810031805941049
0.00064810031805929199
0.0006481003180593513
0.0006481003180593513
0.00064810031805929199
0.0006481003180593513
0.00064810031805938079
0.0006481003180593217
0.0006481003180593217
0.00064810031805938079
0.0006481003180593217
0.0006481003180593513
0.0006481003180593513
0.0006481003180593217
0.0006481003180593217
0.00064810031805938079
0.0006481003180593217
0.0006481003180593217
0.00064810031805938079
0.0006481003180593217
0.0006481003180593217
0.00064810031805941049
0.00064810031805929199
0.0006481003180593217
0.00064810031805934338
0.00064810031805934338
0.00064810031805934327
0.00064810031805934381
0.00064810031805934306
0.00064810031805934381
0.00064810031805934381
0.00064810031805934295
0.00064810031805934197
0.0006481003180593449
0.00064810031805934381
0.00064810031805934295
0.0006481003180593449
0.00064810031805934197
0.00064810031805934197
0.00064810031805934392
0.00064810031805934587
0.00064810031805934197
0.00064810031805934587
0.00064810031805934024
0.00064810031805934587
0.00064810031805934197
0.00064810031805934197
0.00064810031805934392
0.00064810031805934587
0.00064810031805934392
0.00064810031805934219
0.00064810031805934587
0.00064810031805934219
0.00064810031805934219
0.00064810031805934587
0.00064810031805933839
0.00064810031805934587
0.00064810031805935314
0.00064810031805933839
0.00064810031805933839
0.00064810031805934587
0.00064810031805934219
0.00064810031805934587
0.00064810031805934577
0.00064810031805934197
0.00064810031805933839
0.00064810031805934587
0.00064810031805934587
0.00064810031805933839
0.00064810031805934945
0.00064810031805934219
0.00064810031805934577
0.00064810031805934219
0.00064810031805933839
0.00064810031805934219
0.00064810031805935314
0.00064810031805933839
0.00064810031805933839
0.00064810031805935314
0.00064810031805933839
0.00064810031805933839
0.00064810031805935314
0.00064810031805933839
0.00064810031805934577
0.00064810031805934577
0.00064810031805933839
0.00064810031805933839
0.00064810031805935314
0.00064810031805933839
0.00064810031805933839
0.00064810031805934577
0.00064810031805934577
0.00064810031805934577
0.00064810031805934577
0.00064810031805933839
0.00064810031805934577
0.00064810031805935314
0.0006481003180593308
0.00064810031805934577
0.00064810031805935314
0.0006481003180593308
0.00064810031805934577
0.00064810031805934577
0.0006481003180593308
0.00064810031805935314
0.00064810031805934577
0.00064810031805933839
0.00064810031805935314
0.00064810031805935314
0.00064810031805932365
0.00064810031805935314
0.00064810031805934577
0.00064810031805932354
0.00064810031805936799
0.00064810031805933839
0.0006481003180593308
0.00064810031805935314
0.00064810031805934577
0.0006481003180593308
0.00064810031805935314
0.00064810031805934577
0.00064810031805934577
0.0006481003180593308
0.00064810031805935314
0.00064810031805933839
0.00064810031805934577
0.00064810031805933839
0.00064810031805935314
0.00064810031805933839
0.00064810031805935314
0.00064810031805933839
0.00064810031805933839
0.00064810031805935314
0.00064810031805933839
0.00064810031805933839
0.00064810031805935314
0.00064810031805933839
0.00064810031805933839
0.00064810031805935314
0.00064810031805932354
0.00064810031805935314
0.00064810031805935314
0.00064810031805932354
0.00064810031805935314
0.00064810031805935314
0.00064810031805932354
0.00064810031805935314
0.00064810031805935314
0.00064810031805932354
0.00064810031805935314
0.00064810031805935314
0.00064810031805932354
0.00064810031805935314
0.00064810031805935314
0.00064810031805932354
0.00064810031805935314
0.00064810031805935314
0.00064810031805932354
0.00064810031805933839
0.00064810031805938274
0.00064810031805933839
0.00064810031805933839
0.00064810031805935314
0.00064810031805932365
0.00064810031805933839
0.00064810031805936788
0.00064810031805933839
0.00064810031805932354
0.00064810031805935314
0.00064810031805935314
0.00064810031805932354
0.00064810031805935314
0.00064810031805933839
0.00064810031805933839
0.00064810031805935314
0.00064810031805933839
0.00064810031805933839
0.00064810031805935314
0.00064810031805935314
0.00064810031805932354
0.00064810031805935314
0.00064810031805933839
0.00064810031805933839
0.00064810031805935314
0.00064810031805933839
0.00064810031805933839
0.00064810031805935314
0.00064810031805935314
0.00064810031805930879
0.00064810031805935314
0.00064810031805935314
0.00064810031805932365
0.00064810031805935314
0.00064810031805936788
0.00064810031805930879
0.00064810031805936788
0.00064810031805935314
0.00064810031805933839
0.00064810031805932354
0.00064810031805936788
0.00064810031805933839
0.00064810031805932354
0.00064810031805935314
0.00064810031805935314
0.00064810031805935314
0.00064810031805933839
0.00064810031805932354
0.00064810031805933839
0.00064810031805936788
0.00064810031805932354
0.00064810031805935314
0.00064810031805935314
0.00064810031805932354
0.00064810031805935314
0.00064810031805935314
0.00064810031805932354
0.00064810031805933839
0.00064810031805936788
0.00064810031805933839
0.00064810031805932365
0.00064810031805936788
0.00064810031805933839
0.00064810031805933839
0.00064810031805935314
0.00064810031805932354
0.00064810031805933839
0.00064810031805936788
0.00064810031805932354
0.00064810031805932365
0.00064810031805938274
0.00064810031805932354
0.00064810031805935314
0.00064810031805938263
0.00064810031805929383
0.00064810031805938274
0.00064810031805932354
0.00064810031805932354
0.00064810031805938274
0.00064810031805932354
0.00064810031805932354
0.00064810031805938274
0.00064810031805932354
0.00064810031805932354
0.00064810031805938274
0.00064810031805932354
0.00064810031805932354
0.00064810031805938274
0.00064810031805932354
0.00064810031805932354
0.00064810031805941244
0.00064810031805929383
0.00064810031805935314
0.00064810031805938263
0.00064810031805929383
0.00064810031805935314
0.00064810031805935314
0.00064810031805932354
0.00064810031805932354
0.00064810031805941244
0.00064810031805929383
0.00064810031805935314
0.00064810031805938263
0.00064810031805929383
0.00064810031805935314
0.00064810031805934338
0.00064810031805934338
0.00064810031805934327
0.00064810031805934381
0.00064810031805934306
0.00064810031805934381
0.00064810031805934381
0.00064810031805934295
0.00064810031805934197
0.0006481003180593449
0.00064810031805934381
0.00064810031805934295
0.0006481003180593449
0.00064810031805934197
0.00064810031805934197
0.00064810031805934392
0.00064810031805934587
0.00064810031805934197
0.00064810031805934587
0.00064810031805934024
0.00064810031805934587
0.00064810031805934197
0.00064810031805934197
0.00064810031805934392
0.00064810031805934587
0.00064810031805934392
0.00064810031805934219
0.00064810031805934587
0.00064810031805934219
0.00064810031805934219
0.00064810031805934587
0.00064810031805933839
0.00064810031805934587
0.00064810031805935314
0.00064810031805933839
0.00064810031805933839
0.00064810031805934587
0.00064810031805934219
0.00064810031805934587
0.00064810031805934577
0.00064810031805934197
0.00064810031805933839
0.00064810031805934587
0.00064810031805934587
0.00064810031805933839
0.00064810031805934945
0.00064810031805934219
0.00064810031805934577
0.00064810031805934219
0.00064810031805933839
0.00064810031805934219
0.00064810031805935314
0.00064810031805933839
0.00064810031805933839
0.00064810031805935314
0.00064810031805933839
0.00064810031805933839
0.00064810031805935314
0.00064810031805933839
0.00064810031805934577
0.00064810031805934577
0.00064810031805933839
0.00064810031805933839
0.00064810031805935314
0.00064810031805933839
0.00064810031805933839
0.00064810031805934577
0.00064810031805934577
0.00064810031805934577
0.00064810031805934577
0.00064810031805933839
0.00064810031805934577
0.00064810031805935314
0.0006481003180593308
0.00064810031805934577
0.00064810031805935314
0.0006481003180593308
0.00064810031805934577
0.00064810031805934577
0.0006481003180593308
0.00064810031805935314
0.00064810031805934577
0.00064810031805933839
0.00064810031805935314
0.00064810031805935314
0.00064810031805932365
0.00064810031805935314
0.00064810031805934577
0.00064810031805932354
0.00064810031805936799
0.00064810031805933839
0.0006481003180593308
0.00064810031805935314
0.00064810031805934577
0.0006481003180593308
0.00064810031805935314
0.00064810031805934577
0.00064810031805934577
0.0006481003180593308
0.00064810031805935314
0.00064810031805933839
0.00064810031805934577
0.00064810031805933839
0.00064810031805935314
0.00064810031805933839
0.00064810031805935314
0.00064810031805933839
0.00064810031805933839
0.00064810031805935314
0.00064810031805933839
0.00064810031805933839
0.00064810031805935314
0.00064810031805933839
0.00064810031805933839
0.00064810031805935314
0.00064810031805932354
0.00064810031805935314
0.00064810031805935314
0.00064810031805932354
0.00064810031805935314
0.00064810031805935314
0.00064810031805932354
0.00064810031805935314
0.00064810031805935314
0.00064810031805932354
0.00064810031805935314
0.00064810031805935314
0.00064810031805932354
0.00064810031805935314
0.00064810031805935314
0.00064810031805932354
0.00064810031805935314
0.00064810031805935314
0.00064810031805932354
0.00064810031805933839
0.00064810031805938274
0.00064810031805933839
0.00064810031805933839
0.00064810031805935314
0.00064810031805932365
0.00064810031805933839
0.00064810031805936788
0.00064810031805933839
0.00064810031805932354
0.00064810031805935314
0.00064810031805935314
0.00064810031805932354
0.00064810031805935314
0.00064810031805933839
0.00064810031805933839
0.00064810031805935314
0.00064810031805933839
0.00064810031805933839
0.00064810031805935314
0.00064810031805935314
0.00064810031805932354
0.00064810031805935314
0.00064810031805933839
0.00064810031805933839
0.00064810031805935314
0.00064810031805933839
0.00064810031805933839
0.00064810031805935314
0.00064810031805935314
0.00064810031805930879
0.00064810031805935314
0.00064810031805935314
0.00064810031805932365
0.00064810031805935314
0.00064810031805936788
0.00064810031805930879
0.00064810031805936788
0.00064810031805935314
0.00064810031805933839
0.00064810031805932354
0.00064810031805936788
0.00064810031805933839
0.00064810031805932354
0.00064810031805935314
0.00064810031805935314
0.00064810031805935314
0.00064810031805933839
0.00064810031805932354
0.00064810031805933839
0.00064810031805936788
0.00064810031805932354
0.00064810031805935314
0.00064810031805935314
0.00064810031805932354
0.00064810031805935314
0.00064810031805935314
0.00064810031805932354
0.00064810031805933839
0.00064810031805936788
0.00064810031805933839
0.00064810031805932365
0.00064810031805936788
0.00064810031805933839
0.00064810031805933839
0.00064810031805935314
0.00064810031805932354
0.00064810031805933839
0.00064810031805936788
0.00064810031805932354
0.00064810031805932365
0.00064810031805938274
0.00064810031805932354
0.00064810031805935314
0.00064810031805938263
0.00064810031805929383
0.00064810031805938274
0.00064810031805932354
0.00064810031805932354
0.00064810031805938274
0.00064810031805932354
0.00064810031805932354
0.00064810031805938274
0.00064810031805932354
0.00064810031805932354
0.00064810031805938274
0.00064810031805932354
0.00064810031805932354
0.00064810031805938274
0.00064810031805932354
0.00064810031805932354
0.00064810031805941244
0.00064810031805929383
0.00064810031805935314
0.00064810031805938263
0.00064810031805929383
0.00064810031805935314
0.00064810031805935314
0.00064810031805932354
0.00064810031805932354
0.00064810031805941244
0.00064810031805929383
0.00064810031805935314
0.00064810031805938263
0.00064810031805929383
0.00064810031805935314
0.00064810031805934338
0.00064810031805934338
0.00064810031805934327
0.00064810031805934381
0.00064810031805934306
0.00064810031805934381
0.00064810031805934381
0.00064810031805934295
0.00064810031805934197
0.0006481003180593449
0.00064810031805934381
0.00064810031805934295
0.0006481003180593449
0.00064810031805934197
0.00064810031805934197
0.00064810031805934392
0.00064810031805934587
0.00064810031805934197
0.00064810031805934587
0.00064810031805934024
0.00064810031805934587
0.00064810031805934197
0.00064810031805934197
0.00064810031805934392
0.00064810031805934587
0.00064810031805934392
0.00064810031805934219
0.00064810031805934587
0.00064810031805934219
0.00064810031805934219
0.00064810031805934587
0.00064810031805933839
0.00064810031805934587
0.00064810031805935314
0.00064810031805933839
0.00064810031805933839
0.00064810031805934587
0.00064810031805934219
0.00064810031805934587
0.00064810031805934577
0.00064810031805934197
0.00064810031805933839
0.00064810031805934587
0.00064810031805934587
0.00064810031805933839
0.00064810031805934945
0.00064810031805934219
0.00064810031805934577
0.00064810031805934219
0.00064810031805933839
0.00064810031805934219
0.00064810031805935314
0.00064810031805933839
0.00064810031805933839
0.00064810031805935314
0.00064810031805933839
0.00064810031805933839
0.00064810031805935314
0.00064810031805933839
0.00064810031805934577
0.00064810031805934577
0.00064810031805933839
0.00064810031805933839
0.00064810031805935314
0.00064810031805933839
0.00064810031805933839
0.00064810031805934577
0.00064810031805934577
0.00064810031805934577
0.00064810031805934577
0.00064810031805933839
0.00064810031805934577
0.00064810031805935314
0.0006481003180593308
0.00064810031805934577
0.00064810031805935314
0.0006481003180593308
0.00064810031805934577
0.00064810031805934577
0.0006481003180593308
0.00064810031805935314
0.00064810031805934577
0.00064810031805933839
0.00064810031805935314
0.00064810031805935314
0.00064810031805932365
0.00064810031805935314
0.00064810031805934577
0.00064810031805932354
0.00064810031805936799
0.00064810031805933839
0.0006481003180593308
0.00064810031805935314
0.00064810031805934577
0.0006481003180593308
0.00064810031805935314
0.00064810031805934577
0.00064810031805934577
0.0006481003180593308
0.00064810031805935314
0.00064810031805933839
0.00064810031805934577
0.00064810031805933839
0.00064810031805935314
0.00064810031805933839
0.00064810031805935314
0.00064810031805933839
0.00064810031805933839
0.00064810031805935314
0.00064810031805933839
0.00064810031805933839
0.00064810031805935314
0.00064810031805933839
0.00064810031805933839
0.00064810031805935314
0.00064810031805932354
0.00064810031805935314
0.00064810031805935314
0.00064810031805932354
0.00064810031805935314
0.00064810031805935314
0.00064810031805932354
0.00064810031805935314
0.00064810031805935314
0.00064810031805932354
0.00064810031805935314
0.00064810031805935314
0.00064810031805932354
0.00064810031805935314
0.00064810031805935314
0.00064810031805932354
0.00064810031805935314
0.00064810031805935314
0.00064810031805932354
0.00064810031805933839
0.00064810031805938274
0.00064810031805933839
0.00064810031805933839
0.00064810031805935314
0.00064810031805932365
0.00064810031805933839
0.00064810031805936788
0.00064810031805933839
0.00064810031805932354
0.00064810031805935314
0.00064810031805935314
0.00064810031805932354
0.00064810031805935314
0.00064810031805933839
0.00064810031805933839
0.00064810031805935314
0.00064810031805933839
0.00064810031805933839
0.00064810031805935314
0.00064810031805935314
0.00064810031805932354
0.00064810031805935314
0.00064810031805933839
0.00064810031805933839
0.00064810031805935314
0.00064810031805933839
0.00064810031805933839
0.00064810031805935314
0.00064810031805935314
0.00064810031805930879
0.00064810031805935314
0.00064810031805935314
0.00064810031805932365
0.00064810031805935314
0.00064810031805936788
0.00064810031805930879
0.00064810031805936788
0.00064810031805935314
0.00064810031805933839
0.00064810031805932354
0.00064810031805936788
0.00064810031805933839
0.00064810031805932354
0.00064810031805935314
0.00064810031805935314
0.00064810031805935314
0.00064810031805933839
0.00064810031805932354
0.00064810031805933839
0.00064810031805936788
0.00064810031805932354
0.00064810031805935314
0.00064810031805935314
0.00064810031805932354
0.00064810031805935314
0.00064810031805935314
0.00064810031805932354
0.00064810031805933839
0.00064810031805936788
0.00064810031805933839
0.00064810031805932365
0.00064810031805936788
0.00064810031805933839
0.00064810031805933839
0.00064810031805935314
0.00064810031805932354
0.00064810031805933839
0.00064810031805936788
0.00064810031805932354
0.00064810031805932365
0.00064810031805938274
0.00064810031805932354
0.00064810031805935314
0.00064810031805938263
0.00064810031805929383
0.00064810031805938274
0.00064810031805932354
0.00064810031805932354
0.00064810031805938274
0.00064810031805932354
0.00064810031805932354
0.00064810031805938274
0.00064810031805932354
0.00064810031805932354
0.00064810031805938274
0.00064810031805932354
0.00064810031805932354
0.00064810031805938274
0.00064810031805932354
0.00064810031805932354
0.00064810031805941244
0.00064810031805929383
0.00064810031805935314
0.00064810031805938263
0.00064810031805929383
0.00064810031805935314
0.00064810031805935314
0.00064810031805932354
0.00064810031805932354
0.00064810031805941244
0.00064810031805929383
0.00064810031805935314
0.00064810031805938263
0.00064810031805929383
0.00064810031805935314
0.00064810031805934175
0.00064810031805934154
0.00064810031805934251
0.00064810031805934067
0.00064810031805934154
0.00064810031805934197
0.00064810031805934197
0.0006481003180593411
0.0006481003180593411
0.00064810031805934306
0.0006481003180593411
0.00064810031805934197
0.00064810031805934197
0.00064810031805934197
0.00064810031805934024
0.00064810031805934197
0.00064810031805934197
0.00064810031805934024
0.00064810031805934197
0.00064810031805934197
0.00064810031805934197
0.00064810031805934197
0.00064810031805933839
0.00064810031805934587
0.00064810031805934024
0.00064810031805934197
0.00064810031805934024
0.00064810031805934392
0.00064810031805934024
0.00064810031805934024
0.00064810031805934392
0.00064810031805934024
0.00064810031805934024
0.00064810031805934392
0.00064810031805934024
0.00064810031805934392
0.00064810031805934024
0.00064810031805934024
0.00064810031805934024
0.00064810031805934761
0.00064810031805934024
0.00064810031805934024
0.00064810031805934381
0.00064810031805934024
0.00064810031805933655
0.00064810031805934761
0.00064810031805933655
0.00064810031805934392
0.00064810031805934024
0.00064810031805934392
0.00064810031805933655
0.00064810031805935119
0.00064810031805932907
0.00064810031805934381
0.00064810031805935119
0.00064810031805933655
0.00064810031805933655
0.00064810031805935119
0.00064810031805933655
0.00064810031805933655
0.00064810031805935119
0.00064810031805933655
0.00064810031805933655
0.00064810031805935119
0.00064810031805934381
0.00064810031805932907
0.00064810031805934381
0.00064810031805935119
0.00064810031805934381
0.00064810031805932907
0.00064810031805934381
0.00064810031805934381
0.00064810031805933655
0.00064810031805935119
0.00064810031805933655
0.0006481003180593513
0.00064810031805932907
0.00064810031805935119
0.00064810031805934392
0.00064810031805932907
0.00064810031805934381
0.00064810031805934381
0.00064810031805933655
0.00064810031805935119
0.00064810031805934381
0.00064810031805932907
0.00064810031805935119
0.00064810031805933655
0.00064810031805933655
0.00064810031805933644
0.00064810031805936626
0.00064810031805932181
0.00064810031805935119
0.00064810031805934381
0.00064810031805932907
0.00064810031805934381
0.00064810031805935119
0.00064810031805933655
0.00064810031805933655
0.00064810031805935867
0.0006481003180593217
0.00064810031805935119
0.00064810031805933644
0.00064810031805933644
0.00064810031805933644
0.00064810031805936604
0.00064810031805933644
0.00064810031805933644
0.00064810031805935119
0.00064810031805933644
0.00064810031805933644
0.00064810031805935119
0.0006481003180593217
0.00064810031805935119
0.00064810031805935119
0.0006481003180593217
0.00064810031805933644
0.00064810031805936604
0.0006481003180593217
0.00064810031805936604
0.00064810031805933644
0.00064810031805933644
0.00064810031805933644
0.00064810031805936604
0.00064810031805930684
0.00064810031805935119
0.00064810031805935119
0.0006481003180593217
0.00064810031805935119
0.00064810031805935119
0.00064810031805933644
0.00064810031805933644
0.00064810031805935119
0.0006481003180593217
0.00064810031805935119
0.00064810031805935119
0.00064810031805933644
0.00064810031805935119
0.00064810031805933644
0.0006481003180593513
0.0006481003180593217
0.00064810031805936604
0.00064810031805932159
0.00064810031805933644
0.00064810031805935119
0.00064810031805933644
0.00064810031805935119
0.00064810031805933644
0.0006481003180593513
0.0006481003180593217
0.00064810031805936604
0.00064810031805932159
0.00064810031805933644
0.00064810031805933644
0.00064810031805938079
0.00064810031805932159
0.00064810031805933644
0.0006481003180593513
0.00064810031805930684
0.00064810031805938079
0.00064810031805932159
0.00064810031805933644
0.00064810031805935119
0.0006481003180593513
0.00064810031805933644
0.0006481003180593217
0.00064810031805936604
0.0006481003180593217
0.00064810031805933644
0.0006481003180593513
0.00064810031805933644
0.00064810031805933644
0.00064810031805936604
0.00064810031805930684
0.0006481003180593513
0.0006481003180593513
0.00064810031805932159
0.00064810031805936604
0.00064810031805933644
0.00064810031805933644
0.00064810031805935119
0.00064810031805935119
0.00064810031805933644
0.0006481003180593217
0.00064810031805936604
0.0006481003180593217
0.00064810031805935119
0.00064810031805935119
0.0006481003180593217
0.00064810031805935119
0.00064810031805935119
0.00064810031805933644
0.0006481003180593513
0.0006481003180593217
0.00064810031805935119
0.00064810031805933644
0.00064810031805935119
0.0006481003180593217
0.00064810031805933644
0.00064810031805936604
0.00064810031805933644
0.00064810031805932159
0.00064810031805936604
0.0006481003180593217
0.0006481003180593217
0.00064810031805938079
0.0006481003180593513
0.0006481003180593217
0.0006481003180593513
0.0006481003180593513
0.0006481003180593513
0.0006481003180593217
0.0006481003180593513
0.0006481003180593513
0.0006481003180593217
0.0006481003180593217
0.00064810031805938079
0.0006481003180593217
0.0006481003180593513
0.0006481003180593513
0.0006481003180593217
0.0006481003180593513
0.0006481003180593513
0.0006481003180593217
0.0006481003180593513
0.0006481003180593513
0.0006481003180593217
0.0006481003180593513
0.0006481003180593513
0.00064810031805929199
0.00064810031805938079
0.0006481003180593513
0.0006481003180593217
0.0006481003180593513
0.0006481003180593513
0.0006481003180593217
0.00064810031805938079
0.0006481003180593217
0.0006481003180593217
0.0006481003180593513
0.00064810031805934338
0.00064810031805934338
0.00064810031805934327
0.00064810031805934381
0.00064810031805934306
0.00064810031805934381
0.00064810031805934381
0.00064810031805934295
0.00064810031805934197
0.0006481003180593449
0.00064810031805934381
0.00064810031805934295
0.0006481003180593449
0.00064810031805934197
0.00064810031805934197
0.00064810031805934392
0.00064810031805934587
0.00064810031805934197
0.00064810031805934587
0.00064810031805934024
0.00064810031805934587
0.00064810031805934197
0.00064810031805934197
0.00064810031805934392
0.00064810031805934587
0.00064810031805934392
0.00064810031805934219
0.00064810031805934587
0.00064810031805934219
0.00064810031805934219
0.00064810031805934587
0.00064810031805933839
0.00064810031805934587
0.00064810031805935314
0.00064810031805933839
0.00064810031805933839
0.00064810031805934587
0.00064810031805934219
0.00064810031805934587
0.00064810031805934577
0.00064810031805934197
0.00064810031805933839
0.00064810031805934587
0.00064810031805934587
0.00064810031805933839
0.00064810031805934945
0.00064810031805934219
0.00064810031805934577
0.00064810031805934219
0.00064810031805933839
0.00064810031805934219
0.00064810031805935314
0.00064810031805933839
0.00064810031805933839
0.00064810031805935314
0.00064810031805933839
0.00064810031805933839
0.00064810031805935314
0.00064810031805933839
0.00064810031805934577
0.00064810031805934577
0.00064810031805933839
0.00064810031805933839
0.00064810031805935314
0.00064810031805933839
0.00064810031805933839
0.00064810031805934577
0.00064810031805934577
0.00064810031805934577
0.00064810031805934577
0.00064810031805933839
0.00064810031805934577
0.00064810031805935314
0.0006481003180593308
0.00064810031805934577
0.00064810031805935314
0.0006481003180593308
0.00064810031805934577
0.00064810031805934577
0.0006481003180593308
0.00064810031805935314
0.00064810031805934577
0.00064810031805933839
0.00064810031805935314
0.00064810031805935314
0.00064810031805932365
0.00064810031805935314
0.00064810031805934577
0.00064810031805932354
0.00064810031805936799
0.00064810031805933839
0.0006481003180593308
0.00064810031805935314
0.00064810031805934577
0.0006481003180593308
0.00064810031805935314
0.00064810031805934577
0.00064810031805934577
0.0006481003180593308
0.00064810031805935314
0.00064810031805933839
0.00064810031805934577
0.00064810031805933839
0.00064810031805935314
0.00064810031805933839
0.00064810031805935314
0.00064810031805933839
0.00064810031805933839
0.00064810031805935314
0.00064810031805933839
0.00064810031805933839
0.00064810031805935314
0.00064810031805933839
0.00064810031805933839
0.00064810031805935314
0.00064810031805932354
0.00064810031805935314
0.00064810031805935314
0.00064810031805932354
0.00064810031805935314
0.00064810031805935314
0.00064810031805932354
0.00064810031805935314
0.00064810031805935314
0.00064810031805932354
0.00064810031805935314
0.00064810031805935314
0.00064810031805932354
0.00064810031805935314
0.00064810031805935314
0.00064810031805932354
0.00064810031805935314
0.00064810031805935314
0.00064810031805932354
0.00064810031805933839
0.00064810031805938274
0.00064810031805933839
0.00064810031805933839
0.00064810031805935314
0.00064810031805932365
0.00064810031805933839
0.00064810031805936788
0.00064810031805933839
0.00064810031805932354
0.00064810031805935314
0.00064810031805935314
0.00064810031805932354
0.00064810031805935314
0.00064810031805933839
0.00064810031805933839
0.00064810031805935314
0.00064810031805933839
0.00064810031805933839
0.00064810031805935314
0.00064810031805935314
0.00064810031805932354
0.00064810031805935314
0.00064810031805933839
0.00064810031805933839
0.00064810031805935314
0.00064810031805933839
0.00064810031805933839
0.00064810031805935314
0.00064810031805935314
0.00064810031805930879
0.00064810031805935314
0.00064810031805935314
0.00064810031805932365
0.00064810031805935314
0.00064810031805936788
0.00064810031805930879
0.00064810031805936788
0.00064810031805935314
0.00064810031805933839
0.00064810031805932354
0.00064810031805936788
0.00064810031805933839
0.00064810031805932354
0.00064810031805935314
0.00064810031805935314
0.00064810031805935314
0.00064810031805933839
0.00064810031805932354
0.00064810031805933839
0.00064810031805936788
0.00064810031805932354
0.00064810031805935314
0.00064810031805935314
0.00064810031805932354
0.00064810031805935314
0.00064810031805935314
0.00064810031805932354
0.00064810031805933839
0.00064810031805936788
0.00064810031805933839
0.00064810031805932365
0.00064810031805936788
0.00064810031805933839
0.00064810031805933839
0.00064810031805935314
0.00064810031805932354
0.00064810031805933839
0.00064810031805936788
0.00064810031805932354
0.00064810031805932365
0.00064810031805938274
0.00064810031805932354
0.00064810031805935314
0.00064810031805938263
0.00064810031805929383
0.00064810031805938274
0.00064810031805932354
0.00064810031805932354
0.00064810031805938274
0.00064810031805932354
0.00064810031805932354
0.00064810031805938274
0.00064810031805932354
0.00064810031805932354
0.00064810031805938274
0.00064810031805932354
0.00064810031805932354
0.00064810031805938274
0.00064810031805932354
0.00064810031805932354
0.00064810031805941244
0.00064810031805929383
0.00064810031805935314
0.00064810031805938263
0.00064810031805929383
0.00064810031805935314
0.00064810031805935314
0.00064810031805932354
0.00064810031805932354
0.00064810031805941244
0.00064810031805929383
0.00064810031805935314
0.00064810031805938263
0.00064810031805929383
0.00064810031805935314
0.00064810031805934338
0.00064810031805934338
0.00064810031805934327
0.00064810031805934381
0.00064810031805934306
0.00064810031805934381
0.00064810031805934381
0.00064810031805934295
0.00064810031805934197
0.0006481003180593449
0.00064810031805934381
0.00064810031805934295
0.0006481003180593449
0.00064810031805934197
0.00064810031805934197
0.00064810031805934392
0.00064810031805934587
0.00064810031805934197
0.00064810031805934587
0.00064810031805934024
0.00064810031805934587
0.00064810031805934197
0.00064810031805934197
0.00064810031805934392
0.00064810031805934587
0.00064810031805934392
0.00064810031805934219
0.00064810031805934587
0.00064810031805934219
0.00064810031805934219
0.00064810031805934587
0.00064810031805933839
0.00064810031805934587
0.00064810031805935314
0.00064810031805933839
0.00064810031805933839
0.00064810031805934587
0.00064810031805934219
0.00064810031805934587
0.00064810031805934577
0.00064810031805934197
0.00064810031805933839
0.00064810031805934587
0.00064810031805934587
0.00064810031805933839
0.00064810031805934945
0.00064810031805934219
0.00064810031805934577
0.00064810031805934219
0.00064810031805933839
0.00064810031805934219
0.00064810031805935314
0.00064810031805933839
0.00064810031805933839
0.00064810031805935314
0.00064810031805933839
0.00064810031805933839
0.00064810031805935314
0.00064810031805933839
0.00064810031805934577
0.00064810031805934577
0.00064810031805933839
0.00064810031805933839
0.00064810031805935314
0.00064810031805933839
0.00064810031805933839
0.00064810031805934577
0.00064810031805934577
0.00064810031805934577
0.00064810031805934577
0.00064810031805933839
0.00064810031805934577
0.00064810031805935314
0.0006481003180593308
0.00064810031805934577
0.00064810031805935314
0.0006481003180593308
0.00064810031805934577
0.00064810031805934577
0.0006481003180593308
0.00064810031805935314
0.00064810031805934577
0.00064810031805933839
0.00064810031805935314
0.00064810031805935314
0.00064810031805932365
0.00064810031805935314
0.00064810031805934577
0.00064810031805932354
0.00064810031805936799
0.00064810031805933839
0.0006481003180593308
0.00064810031805935314
0.00064810031805934577
0.0006481003180593308
0.00064810031805935314
0.00064810031805934577
0.00064810031805934577
0.0006481003180593308
0.00064810031805935314
0.00064810031805933839
0.00064810031805934577
0.00064810031805933839
0.00064810031805935314
0.00064810031805933839
0.00064810031805935314
0.00064810031805933839
0.00064810031805933839
0.00064810031805935314
0.00064810031805933839
0.00064810031805933839
0.00064810031805935314
0.00064810031805933839
0.00064810031805933839
0.00064810031805935314
0.00064810031805932354
0.00064810031805935314
0.00064810031805935314
0.00064810031805932354
0.00064810031805935314
0.00064810031805935314
0.00064810031805932354
0.00064810031805935314
0.00064810031805935314
0.00064810031805932354
0.00064810031805935314
0.00064810031805935314
0.00064810031805932354
0.00064810031805935314
0.00064810031805935314
0.00064810031805932354
0.00064810031805935314
0.00064810031805935314
0.00064810031805932354
0.00064810031805933839
0.00064810031805938274
0.00064810031805933839
0.00064810031805933839
0.00064810031805935314
0.00064810031805932365
0.00064810031805933839
0.00064810031805936788
0.00064810031805933839
0.00064810031805932354
0.00064810031805935314
0.00064810031805935314
0.00064810031805932354
0.00064810031805935314
0.00064810031805933839
0.00064810031805933839
0.00064810031805935314
0.00064810031805933839
0.00064810031805933839
0.00064810031805935314
0.00064810031805935314
0.00064810031805932354
0.00064810031805935314
0.00064810031805933839
0.00064810031805933839
0.00064810031805935314
0.00064810031805933839
0.00064810031805933839
0.00064810031805935314
0.00064810031805935314
0.00064810031805930879
0.00064810031805935314
0.00064810031805935314
0.00064810031805932365
0.00064810031805935314
0.00064810031805936788
0.00064810031805930879
0.00064810031805936788
0.00064810031805935314
0.00064810031805933839
0.00064810031805932354
0.00064810031805936788
0.00064810031805933839
0.00064810031805932354
0.00064810031805935314
0.00064810031805935314
0.00064810031805935314
0.00064810031805933839
0.00064810031805932354
0.00064810031805933839
0.00064810031805936788
0.00064810031805932354
0.00064810031805935314
0.00064810031805935314
0.00064810031805932354
0.00064810031805935314
0.00064810031805935314
0.00064810031805932354
0.00064810031805933839
0.00064810031805936788
0.00064810031805933839
0.00064810031805932365
0.00064810031805936788
0.00064810031805933839
0.00064810031805933839
0.00064810031805935314
0.00064810031805932354
0.00064810031805933839
0.00064810031805936788
0.00064810031805932354
0.00064810031805932365
0.00064810031805938274
0.00064810031805932354
0.00064810031805935314
0.00064810031805938263
0.00064810031805929383
0.00064810031805938274
0.00064810031805932354
0.00064810031805932354
0.00064810031805938274
0.00064810031805932354
0.00064810031805932354
0.00064810031805938274
0.00064810031805932354
0.00064810031805932354
0.00064810031805938274
0.00064810031805932354
0.00064810031805932354
0.00064810031805938274
0.00064810031805932354
0.00064810031805932354
0.00064810031805941244
0.00064810031805929383
0.00064810031805935314
0.00064810031805938263
0.00064810031805929383
0.00064810031805935314
0.00064810031805935314
0.00064810031805932354
0.00064810031805932354
0.00064810031805941244
0.00064810031805929383
0.00064810031805935314
0.00064810031805938263
0.00064810031805929383
0.00064810031805935314
0.00064810031805934338
0.00064810031805934338
0.00064810031805934327
0.00064810031805934381
0.00064810031805934306
0.00064810031805934381
0.00064810031805934381
0.00064810031805934295
0.00064810031805934197
0.0006481003180593449
0.00064810031805934381
0.00064810031805934295
0.0006481003180593449
0.00064810031805934197
0.00064810031805934197
0.00064810031805934392
0.00064810031805934587
0.00064810031805934197
0.00064810031805934587
0.00064810031805934024
0.00064810031805934587
0.00064810031805934197
0.00064810031805934197
0.00064810031805934392
0.00064810031805934587
0.00064810031805934392
0.00064810031805934219
0.00064810031805934587
0.00064810031805934219
0.00064810031805934219
0.00064810031805934587
0.00064810031805933839
0.00064810031805934587
0.00064810031805935314
0.00064810031805933839
0.00064810031805933839
0.00064810031805934587
0.00064810031805934219
0.00064810031805934587
0.00064810031805934577
0.00064810031805934197
0.00064810031805933839
0.00064810031805934587
0.00064810031805934587
0.00064810031805933839
0.00064810031805934945
0.00064810031805934219
0.00064810031805934577
0.00064810031805934219
0.00064810031805933839
0.00064810031805934219
0.00064810031805935314
0.00064810031805933839
0.00064810031805933839
0.00064810031805935314
0.00064810031805933839
0.00064810031805933839
0.00064810031805935314
0.00064810031805933839
0.00064810031805934577
0.00064810031805934577
0.00064810031805933839
0.00064810031805933839
0.00064810031805935314
0.00064810031805933839
0.00064810031805933839
0.00064810031805934577
0.00064810031805934577
0.00064810031805934577
0.00064810031805934577
0.00064810031805933839
0.00064810031805934577
0.00064810031805935314
0.0006481003180593308
0.00064810031805934577
0.00064810031805935314
0.0006481003180593308
0.00064810031805934577
0.00064810031805934577
0.0006481003180593308
0.00064810031805935314
0.00064810031805934577
0.00064810031805933839
0.00064810031805935314
0.00064810031805935314
0.00064810031805932365
0.00064810031805935314
0.00064810031805934577
0.00064810031805932354
0.00064810031805936799
0.00064810031805933839
0.0006481003180593308
0.00064810031805935314
0.00064810031805934577
0.0006481003180593308
0.00064810031805935314
0.00064810031805934577
0.00064810031805934577
0.0006481003180593308
0.00064810031805935314
0.00064810031805933839
0.00064810031805934577
0.00064810031805933839
0.00064810031805935314
0.00064810031805933839
0.00064810031805935314
0.00064810031805933839
0.00064810031805933839
0.00064810031805935314
0.00064810031805933839
0.00064810031805933839
0.00064810031805935314
0.00064810031805933839
0.00064810031805933839
0.00064810031805935314
0.00064810031805932354
0.00064810031805935314
0.00064810031805935314
0.00064810031805932354
0.00064810031805935314
0.00064810031805935314
0.00064810031805932354
0.00064810031805935314
0.00064810031805935314
0.00064810031805932354
0.00064810031805935314
0.00064810031805935314
0.00064810031805932354
0.00064810031805935314
0.00064810031805935314
0.00064810031805932354
0.00064810031805935314
0.00064810031805935314
0.00064810031805932354
0.00064810031805933839
0.00064810031805938274
0.00064810031805933839
0.00064810031805933839
0.00064810031805935314
0.00064810031805932365
0.00064810031805933839
0.00064810031805936788
0.00064810031805933839
0.00064810031805932354
0.00064810031805935314
0.00064810031805935314
0.00064810031805932354
0.00064810031805935314
0.00064810031805933839
0.00064810031805933839
0.00064810031805935314
0.00064810031805933839
0.00064810031805933839
0.00064810031805935314
0.00064810031805935314
0.00064810031805932354
0.00064810031805935314
0.00064810031805933839
0.00064810031805933839
0.00064810031805935314
0.00064810031805933839
0.00064810031805933839
0.00064810031805935314
0.00064810031805935314
0.00064810031805930879
0.00064810031805935314
0.00064810031805935314
0.00064810031805932365
0.00064810031805935314
0.00064810031805936788
0.00064810031805930879
0.00064810031805936788
0.00064810031805935314
0.00064810031805933839
0.00064810031805932354
0.00064810031805936788
0.00064810031805933839
0.00064810031805932354
0.00064810031805935314
0.00064810031805935314
0.00064810031805935314
0.00064810031805933839
0.00064810031805932354
0.00064810031805933839
0.00064810031805936788
0.00064810031805932354
0.00064810031805935314
0.00064810031805935314
0.00064810031805932354
0.00064810031805935314
0.00064810031805935314
0.00064810031805932354
0.00064810031805933839
0.00064810031805936788
0.00064810031805933839
0.00064810031805932365
0.00064810031805936788
0.00064810031805933839
0.00064810031805933839
0.00064810031805935314
0.00064810031805932354
0.00064810031805933839
0.00064810031805936788
0.00064810031805932354
0.00064810031805932365
0.00064810031805938274
0.00064810031805932354
0.00064810031805935314
0.00064810031805938263
0.00064810031805929383
0.00064810031805938274
0.00064810031805932354
0.00064810031805932354
0.00064810031805938274
0.00064810031805932354
0.00064810031805932354
0.00064810031805938274
0.00064810031805932354
0.00064810031805932354
0.00064810031805938274
0.00064810031805932354
0.00064810031805932354
0.00064810031805938274
0.00064810031805932354
0.00064810031805932354
0.00064810031805941244
0.00064810031805929383
0.00064810031805935314
0.00064810031805938263
0.00064810031805929383
0.00064810031805935314
0.00064810031805935314
0.00064810031805932354
0.00064810031805932354
0.00064810031805941244
0.00064810031805929383
0.00064810031805935314
0.00064810031805938263
0.00064810031805929383
0.00064810031805935314
0.00064810031805934338
0.00064810031805934338
0.00064810031805934327
0.00064810031805934381
0.00064810031805934306
0.00064810031805934381
0.00064810031805934381
0.00064810031805934295
0.00064810031805934197
0.0006481003180593449
0.00064810031805934381
0.00064810031805934295
0.0006481003180593449
0.00064810031805934197
0.00064810031805934197
0.00064810031805934392
0.00064810031805934587
0.00064810031805934197
0.00064810031805934587
0.00064810031805934024
0.00064810031805934587
0.00064810031805934197
0.00064810031805934197
0.00064810031805934392
0.00064810031805934587
0.00064810031805934392
0.00064810031805934219
0.00064810031805934587
0.00064810031805934219
0.00064810031805934219
0.00064810031805934587
0.00064810031805933839
0.00064810031805934587
0.00064810031805935314
0.00064810031805933839
0.00064810031805933839
0.00064810031805934587
0.00064810031805934219
0.00064810031805934587
0.00064810031805934577
0.00064810031805934197
0.00064810031805933839
0.00064810031805934587
0.00064810031805934587
0.00064810031805933839
0.00064810031805934945
0.00064810031805934219
0.00064810031805934577
0.00064810031805934219
0.00064810031805933839
0.00064810031805934219
0.00064810031805935314
0.00064810031805933839
0.00064810031805933839
0.00064810031805935314
0.00064810031805933839
0.00064810031805933839
0.00064810031805935314
0.00064810031805933839
0.00064810031805934577
0.00064810031805934577
0.00064810031805933839
0.00064810031805933839
0.00064810031805935314
0.00064810031805933839
0.00064810031805933839
0.00064810031805934577
0.00064810031805934577
0.00064810031805934577
0.00064810031805934577
0.00064810031805933839
0.00064810031805934577
0.00064810031805935314
0.0006481003180593308
0.00064810031805934577
0.00064810031805935314
0.0006481003180593308
0.00064810031805934577
0.00064810031805934577
0.0006481003180593308
0.00064810031805935314
0.00064810031805934577
0.00064810031805933839
0.00064810031805935314
0.00064810031805935314
0.00064810031805932365
0.00064810031805935314
0.00064810031805934577
0.00064810031805932354
0.00064810031805936799
0.00064810031805933839
0.0006481003180593308
0.00064810031805935314
0.00064810031805934577
0.0006481003180593308
0.00064810031805935314
0.00064810031805934577
0.00064810031805934577
0.0006481003180593308
0.00064810031805935314
0.00064810031805933839
0.00064810031805934577
0.00064810031805933839
0.00064810031805935314
0.00064810031805933839
0.00064810031805935314
0.00064810031805933839
0.00064810031805933839
0.00064810031805935314
0.00064810031805933839
0.00064810031805933839
0.00064810031805935314
0.00064810031805933839
0.00064810031805933839
0.00064810031805935314
0.00064810031805932354
0.00064810031805935314
0.00064810031805935314
0.00064810031805932354
0.00064810031805935314
0.00064810031805935314
0.00064810031805932354
0.00064810031805935314
0.00064810031805935314
0.00064810031805932354
0.00064810031805935314
0.00064810031805935314
0.00064810031805932354
0.00064810031805935314
0.00064810031805935314
0.00064810031805932354
0.00064810031805935314
0.00064810031805935314
0.00064810031805932354
0.00064810031805933839
0.00064810031805938274
0.00064810031805933839
0.00064810031805933839
0.00064810031805935314
0.00064810031805932365
0.00064810031805933839
0.00064810031805936788
0.00064810031805933839
0.00064810031805932354
0.00064810031805935314
0.00064810031805935314
0.00064810031805932354
0.00064810031805935314
0.00064810031805933839
0.00064810031805933839
0.00064810031805935314
0.00064810031805933839
0.00064810031805933839
0.00064810031805935314
0.00064810031805935314
0.00064810031805932354
0.00064810031805935314
0.00064810031805933839
0.00064810031805933839
0.00064810031805935314
0.00064810031805933839
0.00064810031805933839
0.00064810031805935314
0.00064810031805935314
0.00064810031805930879
0.00064810031805935314
0.00064810031805935314
0.00064810031805932365
0.00064810031805935314
0.00064810031805936788
0.00064810031805930879
0.00064810031805936788
0.00064810031805935314
0.00064810031805933839
0.00064810031805932354
0.00064810031805936788
0.00064810031805933839
0.00064810031805932354
0.00064810031805935314
0.00064810031805935314
0.00064810031805935314
0.00064810031805933839
0.00064810031805932354
0.00064810031805933839
0.00064810031805936788
0.00064810031805932354
0.00064810031805935314
0.00064810031805935314
0.00064810031805932354
0.00064810031805935314
0.00064810031805935314
0.00064810031805932354
0.00064810031805933839
0.00064810031805936788
0.00064810031805933839
0.00064810031805932365
0.00064810031805936788
0.00064810031805933839
0.00064810031805933839
0.00064810031805935314
0.00064810031805932354
0.00064810031805933839
0.00064810031805936788
0.00064810031805932354
0.00064810031805932365
0.00064810031805938274
0.00064810031805932354
0.00064810031805935314
0.00064810031805938263
0.00064810031805929383
0.00064810031805938274
0.00064810031805932354
0.00064810031805932354
0.00064810031805938274
0.00064810031805932354
0.00064810031805932354
0.00064810031805938274
0.00064810031805932354
0.00064810031805932354
0.00064810031805938274
0.00064810031805932354
0.00064810031805932354
0.00064810031805938274
0.00064810031805932354
0.00064810031805932354
0.00064810031805941244
0.00064810031805929383
0.00064810031805935314
0.00064810031805938263
0.00064810031805929383
0.00064810031805935314
0.00064810031805935314
0.00064810031805932354
0.00064810031805932354
0.00064810031805941244
0.00064810031805929383
0.00064810031805935314
0.00064810031805938263
0.00064810031805929383
0.00064810031805935314
0.00064810031805934338
0.00064810031805934338
0.00064810031805934327
0.00064810031805934381
0.00064810031805934306
0.00064810031805934381
0.00064810031805934381
0.00064810031805934295
0.00064810031805934197
0.0006481003180593449
0.00064810031805934381
0.00064810031805934295
0.0006481003180593449
0.00064810031805934197
0.00064810031805934197
0.00064810031805934392
0.00064810031805934587
0.00064810031805934197
0.00064810031805934587
0.00064810031805934024
0.00064810031805934587
0.00064810031805934197
0.00064810031805934197
0.00064810031805934392
0.00064810031805934587
0.00064810031805934392
0.00064810031805934219
0.00064810031805934587
0.00064810031805934219
0.00064810031805934219
0.00064810031805934587
0.00064810031805933839
0.00064810031805934587
0.00064810031805935314
0.00064810031805933839
0.00064810031805933839
0.00064810031805934587
0.00064810031805934219
0.00064810031805934587
0.00064810031805934577
0.00064810031805934197
0.00064810031805933839
0.00064810031805934587
0.00064810031805934587
0.00064810031805933839
0.00064810031805934945
0.00064810031805934219
0.00064810031805934577
0.00064810031805934219
0.00064810031805933839
0.00064810031805934219
0.00064810031805935314
0.00064810031805933839
0.00064810031805933839
0.00064810031805935314
0.00064810031805933839
0.00064810031805933839
0.00064810031805935314
0.00064810031805933839
0.00064810031805934577
0.00064810031805934577
0.00064810031805933839
0.00064810031805933839
0.00064810031805935314
0.00064810031805933839
0.00064810031805933839
0.00064810031805934577
0.00064810031805934577
0.00064810031805934577
0.00064810031805934577
0.00064810031805933839
0.00064810031805934577
0.00064810031805935314
0.0006481003180593308
0.00064810031805934577
0.00064810031805935314
0.0006481003180593308
0.00064810031805934577
0.00064810031805934577
0.0006481003180593308
0.00064810031805935314
0.00064810031805934577
0.00064810031805933839
0.00064810031805935314
0.00064810031805935314
0.00064810031805932365
0.00064810031805935314
0.00064810031805934577
0.00064810031805932354
0.00064810031805936799
0.00064810031805933839
0.0006481003180593308
0.00064810031805935314
0.00064810031805934577
0.0006481003180593308
0.00064810031805935314
0.00064810031805934577
0.00064810031805934577
0.0006481003180593308
0.00064810031805935314
0.00064810031805933839
0.00064810031805934577
0.00064810031805933839
0.00064810031805935314
0.00064810031805933839
0.00064810031805935314
0.00064810031805933839
0.00064810031805933839
0.00064810031805935314
0.00064810031805933839
0.00064810031805933839
0.00064810031805935314
0.00064810031805933839
0.00064810031805933839
0.00064810031805935314
0.00064810031805932354
0.00064810031805935314
0.00064810031805935314
0.00064810031805932354
0.00064810031805935314
0.00064810031805935314
0.00064810031805932354
0.00064810031805935314
0.00064810031805935314
0.00064810031805932354
0.00064810031805935314
0.00064810031805935314
0.00064810031805932354
0.00064810031805935314
0.00064810031805935314
0.00064810031805932354
0.00064810031805935314
0.00064810031805935314
0.00064810031805932354
0.00064810031805933839
0.00064810031805938274
0.00064810031805933839
0.00064810031805933839
0.00064810031805935314
0.00064810031805932365
0.00064810031805933839
0.00064810031805936788
0.00064810031805933839
0.00064810031805932354
0.00064810031805935314
0.00064810031805935314
0.00064810031805932354
0.00064810031805935314
0.00064810031805933839
0.00064810031805933839
0.00064810031805935314
0.00064810031805933839
0.00064810031805933839
0.00064810031805935314
0.00064810031805935314
0.00064810031805932354
0.00064810031805935314
0.00064810031805933839
0.00064810031805933839
0.00064810031805935314
0.00064810031805933839
0.00064810031805933839
0.00064810031805935314
0.00064810031805935314
0.00064810031805930879
0.00064810031805935314
0.00064810031805935314
0.00064810031805932365
0.00064810031805935314
0.00064810031805936788
0.00064810031805930879
0.00064810031805936788
0.00064810031805935314
0.00064810031805933839
0.00064810031805932354
0.00064810031805936788
0.00064810031805933839
0.00064810031805932354
0.00064810031805935314
0.00064810031805935314
0.00064810031805935314
0.00064810031805933839
0.00064810031805932354
0.00064810031805933839
0.00064810031805936788
0.00064810031805932354
0.00064810031805935314
0.00064810031805935314
0.00064810031805932354
0.00064810031805935314
0.00064810031805935314
0.00064810031805932354
0.00064810031805933839
0.00064810031805936788
0.00064810031805933839
0.00064810031805932365
0.00064810031805936788
0.00064810031805933839
0.00064810031805933839
0.00064810031805935314
0.00064810031805932354
0.00064810031805933839
0.00064810031805936788
0.00064810031805932354
0.00064810031805932365
0.00064810031805938274
0.00064810031805932354
0.00064810031805935314
0.00064810031805938263
0.00064810031805929383
0.00064810031805938274
0.00064810031805932354
0.00064810031805932354
0.00064810031805938274
0.00064810031805932354
0.00064810031805932354
0.00064810031805938274
0.00064810031805932354
0.00064810031805932354
0.00064810031805938274
0.00064810031805932354
0.00064810031805932354
0.00064810031805938274
0.00064810031805932354
0.00064810031805932354
0.00064810031805941244
0.00064810031805929383
0.00064810031805935314
0.00064810031805938263
0.00064810031805929383
0.00064810031805935314
0.00064810031805935314
0.00064810031805932354
0.00064810031805932354
0.00064810031805941244
0.00064810031805929383
0.00064810031805935314
0.00064810031805938263
0.00064810031805929383
0.00064810031805935314
0.00064810031805934338
0.00064810031805934338
0.00064810031805934327
0.00064810031805934381
0.00064810031805934306
0.00064810031805934381
0.00064810031805934381
0.00064810031805934295
0.00064810031805934197
0.0006481003180593449
0.00064810031805934381
0.00064810031805934295
0.0006481003180593449
0.00064810031805934197
0.00064810031805934197
0.00064810031805934392
0.00064810031805934587
0.00064810031805934197
0.00064810031805934587
0.00064810031805934024
0.00064810031805934587
0.00064810031805934197
0.00064810031805934197
0.00064810031805934392
0.00064810031805934587
0.00064810031805934392
0.00064810031805934219
0.00064810031805934587
0.00064810031805934219
0.00064810031805934219
0.00064810031805934587
0.00064810031805933839
0.00064810031805934587
0.00064810031805935314
0.00064810031805933839
0.00064810031805933839
0.00064810031805934587
0.00064810031805934219
0.00064810031805934587
0.00064810031805934577
0.00064810031805934197
0.00064810031805933839
0.00064810031805934587
0.00064810031805934587
0.00064810031805933839
0.00064810031805934945
0.00064810031805934219
0.00064810031805934577
0.00064810031805934219
0.00064810031805933839
0.00064810031805934219
0.00064810031805935314
0.00064810031805933839
0.00064810031805933839
0.00064810031805935314
0.00064810031805933839
0.00064810031805933839
0.00064810031805935314
0.00064810031805933839
0.00064810031805934577
0.00064810031805934577
0.00064810031805933839
0.00064810031805933839
0.00064810031805935314
0.00064810031805933839
0.00064810031805933839
0.00064810031805934577
0.00064810031805934577
0.00064810031805934577
0.00064810031805934577
0.00064810031805933839
0.00064810031805934577
0.00064810031805935314
0.0006481003180593308
0.00064810031805934577
0.00064810031805935314
0.0006481003180593308
0.00064810031805934577
0.00064810031805934577
0.0006481003180593308
0.00064810031805935314
0.00064810031805934577
0.00064810031805933839
0.00064810031805935314
0.00064810031805935314
0.00064810031805932365
0.00064810031805935314
0.00064810031805934577
0.00064810031805932354
0.00064810031805936799
0.00064810031805933839
0.0006481003180593308
0.00064810031805935314
0.00064810031805934577
0.0006481003180593308
0.00064810031805935314
0.00064810031805934577
0.00064810031805934577
0.0006481003180593308
0.00064810031805935314
0.00064810031805933839
0.00064810031805934577
0.00064810031805933839
0.00064810031805935314
0.00064810031805933839
0.00064810031805935314
0.00064810031805933839
0.00064810031805933839
0.00064810031805935314
0.00064810031805933839
0.00064810031805933839
0.00064810031805935314
0.00064810031805933839
0.00064810031805933839
0.00064810031805935314
0.00064810031805932354
0.00064810031805935314
0.00064810031805935314
0.00064810031805932354
0.00064810031805935314
0.00064810031805935314
0.00064810031805932354
0.00064810031805935314
0.00064810031805935314
0.00064810031805932354
0.00064810031805935314
0.00064810031805935314
0.00064810031805932354
0.00064810031805935314
0.00064810031805935314
0.00064810031805932354
0.00064810031805935314
0.00064810031805935314
0.00064810031805932354
0.00064810031805933839
0.00064810031805938274
0.00064810031805933839
0.00064810031805933839
0.00064810031805935314
0.00064810031805932365
0.00064810031805933839
0.00064810031805936788
0.00064810031805933839
0.00064810031805932354
0.00064810031805935314
0.00064810031805935314
0.00064810031805932354
0.00064810031805935314
0.00064810031805933839
0.00064810031805933839
0.00064810031805935314
0.00064810031805933839
0.00064810031805933839
0.00064810031805935314
0.00064810031805935314
0.00064810031805932354
0.00064810031805935314
0.00064810031805933839
0.00064810031805933839
0.00064810031805935314
0.00064810031805933839
0.00064810031805933839
0.00064810031805935314
0.00064810031805935314
0.00064810031805930879
0.00064810031805935314
0.00064810031805935314
0.00064810031805932365
0.00064810031805935314
0.00064810031805936788
0.00064810031805930879
0.00064810031805936788
0.00064810031805935314
0.00064810031805933839
0.00064810031805932354
0.00064810031805936788
0.00064810031805933839
0.00064810031805932354
0.00064810031805935314
0.00064810031805935314
0.00064810031805935314
0.00064810031805933839
0.00064810031805932354
0.00064810031805933839
0.00064810031805936788
0.00064810031805932354
0.00064810031805935314
0.00064810031805935314
0.00064810031805932354
0.00064810031805935314
0.00064810031805935314
0.00064810031805932354
0.00064810031805933839
0.00064810031805936788
0.00064810031805933839
0.00064810031805932365
0.00064810031805936788
0.00064810031805933839
0.00064810031805933839
0.00064810031805935314
0.00064810031805932354
0.00064810031805933839
0.00064810031805936788
0.00064810031805932354
0.00064810031805932365
0.00064810031805938274
0.00064810031805932354
0.00064810031805935314
0.00064810031805938263
0.00064810031805929383
0.00064810031805938274
0.00064810031805932354
0.00064810031805932354
0.00064810031805938274
0.00064810031805932354
0.00064810031805932354
0.00064810031805938274
0.00064810031805932354
0.00064810031805932354
0.00064810031805938274
0.00064810031805932354
0.00064810031805932354
0.00064810031805938274
0.00064810031805932354
0.00064810031805932354
0.00064810031805941244
0.00064810031805929383
0.00064810031805935314
0.00064810031805938263
0.00064810031805929383
0.00064810031805935314
0.00064810031805935314
0.00064810031805932354
0.00064810031805932354
0.00064810031805941244
0.00064810031805929383
0.00064810031805935314
0.00064810031805938263
0.00064810031805929383
0.00064810031805935314
0.00064810031805934338
0.00064810031805934338
0.00064810031805934327
0.00064810031805934381
0.00064810031805934306
0.00064810031805934381
0.00064810031805934381
0.00064810031805934295
0.00064810031805934197
0.0006481003180593449
0.00064810031805934381
0.00064810031805934295
0.0006481003180593449
0.00064810031805934197
0.00064810031805934197
0.00064810031805934392
0.00064810031805934587
0.00064810031805934197
0.00064810031805934587
0.00064810031805934024
0.00064810031805934587
0.00064810031805934197
0.00064810031805934197
0.00064810031805934392
0.00064810031805934587
0.00064810031805934392
0.00064810031805934219
0.00064810031805934587
0.00064810031805934219
0.00064810031805934219
0.00064810031805934587
0.00064810031805933839
0.00064810031805934587
0.00064810031805935314
0.00064810031805933839
0.00064810031805933839
0.00064810031805934587
0.00064810031805934219
0.00064810031805934587
0.00064810031805934577
0.00064810031805934197
0.00064810031805933839
0.00064810031805934587
0.00064810031805934587
0.00064810031805933839
0.00064810031805934945
0.00064810031805934219
0.00064810031805934577
0.00064810031805934219
0.00064810031805933839
0.00064810031805934219
0.00064810031805935314
0.00064810031805933839
0.00064810031805933839
0.00064810031805935314
0.00064810031805933839
0.00064810031805933839
0.00064810031805935314
0.00064810031805933839
0.00064810031805934577
0.00064810031805934577
0.00064810031805933839
0.00064810031805933839
0.00064810031805935314
0.00064810031805933839
0.00064810031805933839
0.00064810031805934577
0.00064810031805934577
0.00064810031805934577
0.00064810031805934577
0.00064810031805933839
0.00064810031805934577
0.00064810031805935314
0.0006481003180593308
0.00064810031805934577
0.00064810031805935314
0.0006481003180593308
0.00064810031805934577
0.00064810031805934577
0.0006481003180593308
0.00064810031805935314
0.00064810031805934577
0.00064810031805933839
0.00064810031805935314
0.00064810031805935314
0.00064810031805932365
0.00064810031805935314
0.00064810031805934577
0.00064810031805932354
0.00064810031805936799
0.00064810031805933839
0.0006481003180593308
0.00064810031805935314
0.00064810031805934577
0.0006481003180593308
0.00064810031805935314
0.00064810031805934577
0.00064810031805934577
0.0006481003180593308
0.00064810031805935314
0.00064810031805933839
0.00064810031805934577
0.00064810031805933839
0.00064810031805935314
0.00064810031805933839
0.00064810031805935314
0.00064810031805933839
0.00064810031805933839
0.00064810031805935314
0.00064810031805933839
0.00064810031805933839
0.00064810031805935314
0.00064810031805933839
0.00064810031805933839
0.00064810031805935314
0.00064810031805932354
0.00064810031805935314
0.00064810031805935314
0.00064810031805932354
0.00064810031805935314
0.00064810031805935314
0.00064810031805932354
0.00064810031805935314
0.00064810031805935314
0.00064810031805932354
0.00064810031805935314
0.00064810031805935314
0.00064810031805932354
0.00064810031805935314
0.00064810031805935314
0.00064810031805932354
0.00064810031805935314
0.00064810031805935314
0.00064810031805932354
0.00064810031805933839
0.00064810031805938274
0.00064810031805933839
0.00064810031805933839
0.00064810031805935314
0.00064810031805932365
0.00064810031805933839
0.00064810031805936788
0.00064810031805933839
0.00064810031805932354
0.00064810031805935314
0.00064810031805935314
0.00064810031805932354
0.00064810031805935314
0.00064810031805933839
0.00064810031805933839
0.00064810031805935314
0.00064810031805933839
0.00064810031805933839
0.00064810031805935314
0.00064810031805935314
0.00064810031805932354
0.00064810031805935314
0.00064810031805933839
0.00064810031805933839
0.00064810031805935314
0.00064810031805933839
0.00064810031805933839
0.00064810031805935314
0.00064810031805935314
0.00064810031805930879
0.00064810031805935314
0.00064810031805935314
0.00064810031805932365
0.00064810031805935314
0.00064810031805936788
0.00064810031805930879
0.00064810031805936788
0.00064810031805935314
0.00064810031805933839
0.00064810031805932354
0.00064810031805936788
0.00064810031805933839
0.00064810031805932354
0.00064810031805935314
0.00064810031805935314
0.00064810031805935314
0.00064810031805933839
0.00064810031805932354
0.00064810031805933839
0.00064810031805936788
0.00064810031805932354
0.00064810031805935314
0.00064810031805935314
0.00064810031805932354
0.00064810031805935314
0.00064810031805935314
0.00064810031805932354
0.00064810031805933839
0.00064810031805936788
0.00064810031805933839
0.00064810031805932365
0.00064810031805936788
0.00064810031805933839
0.00064810031805933839
0.00064810031805935314
0.00064810031805932354
0.00064810031805933839
0.00064810031805936788
0.00064810031805932354
0.00064810031805932365
0.00064810031805938274
0.00064810031805932354
0.00064810031805935314
0.00064810031805938263
0.00064810031805929383
0.00064810031805938274
0.00064810031805932354
0.00064810031805932354
0.00064810031805938274
0.00064810031805932354
0.00064810031805932354
0.00064810031805938274
0.00064810031805932354
0.00064810031805932354
0.00064810031805938274
0.00064810031805932354
0.00064810031805932354
0.00064810031805938274
0.00064810031805932354
0.00064810031805932354
0.00064810031805941244
0.00064810031805929383
0.00064810031805935314
0.00064810031805938263
0.00064810031805929383
0.00064810031805935314
0.00064810031805935314
0.00064810031805932354
0.00064810031805932354
0.00064810031805941244
0.00064810031805929383
0.00064810031805935314
0.00064810031805938263
0.00064810031805929383
0.00064810031805935314
0.00064810031805934338
0.00064810031805934338
0.00064810031805934327
0.00064810031805934381
0.00064810031805934306
0.00064810031805934381
0.00064810031805934381
0.00064810031805934295
0.00064810031805934197
0.0006481003180593449
0.00064810031805934381
0.00064810031805934295
0.0006481003180593449
0.00064810031805934197
0.00064810031805934197
0.00064810031805934392
0.00064810031805934587
0.00064810031805934197
0.00064810031805934587
0.00064810031805934024
0.00064810031805934587
0.00064810031805934197
0.00064810031805934197
0.00064810031805934392
0.00064810031805934587
0.00064810031805934392
0.00064810031805934219
0.00064810031805934587
0.00064810031805934219
0.00064810031805934219
0.00064810031805934587
0.00064810031805933839
0.00064810031805934587
0.00064810031805935314
0.00064810031805933839
0.00064810031805933839
0.00064810031805934587
0.00064810031805934219
0.00064810031805934587
0.00064810031805934577
0.00064810031805934197
0.00064810031805933839
0.00064810031805934587
0.00064810031805934587
0.00064810031805933839
0.00064810031805934945
0.00064810031805934219
0.00064810031805934577
0.00064810031805934219
0.00064810031805933839
0.00064810031805934219
0.00064810031805935314
0.00064810031805933839
0.00064810031805933839
0.00064810031805935314
0.00064810031805933839
0.00064810031805933839
0.00064810031805935314
0.00064810031805933839
0.00064810031805934577
0.00064810031805934577
0.00064810031805933839
0.00064810031805933839
0.00064810031805935314
0.00064810031805933839
0.00064810031805933839
0.00064810031805934577
0.00064810031805934577
0.00064810031805934577
0.00064810031805934577
0.00064810031805933839
0.00064810031805934577
0.00064810031805935314
0.0006481003180593308
0.00064810031805934577
0.00064810031805935314
0.0006481003180593308
0.00064810031805934577
0.00064810031805934577
0.0006481003180593308
0.00064810031805935314
0.00064810031805934577
0.00064810031805933839
0.00064810031805935314
0.00064810031805935314
0.00064810031805932365
0.00064810031805935314
0.00064810031805934577
0.00064810031805932354
0.00064810031805936799
0.00064810031805933839
0.0006481003180593308
0.00064810031805935314
0.00064810031805934577
0.0006481003180593308
0.00064810031805935314
0.00064810031805934577
0.00064810031805934577
0.0006481003180593308
0.00064810031805935314
0.00064810031805933839
0.00064810031805934577
0.00064810031805933839
0.00064810031805935314
0.00064810031805933839
0.00064810031805935314
0.00064810031805933839
0.00064810031805933839
0.00064810031805935314
0.00064810031805933839
0.00064810031805933839
0.00064810031805935314
0.00064810031805933839
0.00064810031805933839
0.00064810031805935314
0.00064810031805932354
0.00064810031805935314
0.00064810031805935314
0.00064810031805932354
0.00064810031805935314
0.00064810031805935314
0.00064810031805932354
0.00064810031805935314
0.00064810031805935314
0.00064810031805932354
0.00064810031805935314
0.00064810031805935314
0.00064810031805932354
0.00064810031805935314
0.00064810031805935314
0.00064810031805932354
0.00064810031805935314
0.00064810031805935314
0.00064810031805932354
0.00064810031805933839
0.00064810031805938274
0.00064810031805933839
0.00064810031805933839
0.00064810031805935314
0.00064810031805932365
0.00064810031805933839
0.00064810031805936788
0.00064810031805933839
0.00064810031805932354
0.00064810031805935314
0.00064810031805935314
0.00064810031805932354
0.00064810031805935314
0.00064810031805933839
0.00064810031805933839
0.00064810031805935314
0.00064810031805933839
0.00064810031805933839
0.00064810031805935314
0.00064810031805935314
0.00064810031805932354
0.00064810031805935314
0.00064810031805933839
0.00064810031805933839
0.00064810031805935314
0.00064810031805933839
0.00064810031805933839
0.00064810031805935314
0.00064810031805935314
0.00064810031805930879
0.00064810031805935314
0.00064810031805935314
0.00064810031805932365
0.00064810031805935314
0.00064810031805936788
0.00064810031805930879
0.00064810031805936788
0.00064810031805935314
0.00064810031805933839
0.00064810031805932354
0.00064810031805936788
0.00064810031805933839
0.00064810031805932354
0.00064810031805935314
0.00064810031805935314
0.00064810031805935314
0.00064810031805933839
0.00064810031805932354
0.00064810031805933839
0.00064810031805936788
0.00064810031805932354
0.00064810031805935314
0.00064810031805935314
0.00064810031805932354
0.00064810031805935314
0.00064810031805935314
0.00064810031805932354
0.00064810031805933839
0.00064810031805936788
0.00064810031805933839
0.00064810031805932365
0.00064810031805936788
0.00064810031805933839
0.00064810031805933839
0.00064810031805935314
0.00064810031805932354
0.00064810031805933839
0.00064810031805936788
0.00064810031805932354
0.00064810031805932365
0.00064810031805938274
0.00064810031805932354
0.00064810031805935314
0.00064810031805938263
0.00064810031805929383
0.00064810031805938274
0.00064810031805932354
0.00064810031805932354
0.00064810031805938274
0.00064810031805932354
0.00064810031805932354
0.00064810031805938274
0.00064810031805932354
0.00064810031805932354
0.00064810031805938274
0.00064810031805932354
0.00064810031805932354
0.00064810031805938274
0.00064810031805932354
0.00064810031805932354
0.00064810031805941244
0.00064810031805929383
0.00064810031805935314
0.00064810031805938263
0.00064810031805929383
0.00064810031805935314
0.00064810031805935314
0.00064810031805932354
0.00064810031805932354
0.00064810031805941244
0.00064810031805929383
0.00064810031805935314
0.00064810031805938263
0.00064810031805929383
0.00064810031805935314
0.0006481003180593398
0.0006481003180593398
0.00064810031805933991
0.00064810031805933926
0.00064810031805933969
0.00064810031805934024
0.00064810031805934024
0.00064810031805934024
0.00064810031805933926
0.00064810031805933926
0.00064810031805934024
0.00064810031805933839
0.00064810031805934197
0.00064810031805933839
0.00064810031805933839
0.00064810031805934024
0.00064810031805934024
0.00064810031805933839
0.00064810031805934197
0.00064810031805934024
0.00064810031805933839
0.00064810031805934024
0.00064810031805933839
0.00064810031805934024
0.00064810031805934197
0.00064810031805933655
0.00064810031805934197
0.00064810031805934197
0.00064810031805933839
0.00064810031805933839
0.00064810031805934197
0.00064810031805933839
0.00064810031805933839
0.00064810031805934566
0.0006481003180593346
0.00064810031805934197
0.00064810031805933839
0.00064810031805933839
0.00064810031805933839
0.00064810031805934197
0.00064810031805934197
0.0006481003180593346
0.00064810031805934566
0.0006481003180593346
0.00064810031805933839
0.00064810031805934566
0.0006481003180593346
0.00064810031805934197
0.00064810031805933839
0.00064810031805933839
0.00064810031805933839
0.00064810031805934197
0.00064810031805934197
0.0006481003180593346
0.00064810031805934197
0.00064810031805934197
0.0006481003180593346
0.00064810031805934934
0.00064810031805932723
0.00064810031805934197
0.00064810031805934934
0.0006481003180593346
0.0006481003180593346
0.00064810031805934197
0.00064810031805934197
0.0006481003180593346
0.00064810031805934197
0.00064810031805933449
0.00064810031805934945
0.00064810031805934197
0.0006481003180593346
0.00064810031805934934
0.00064810031805933449
0.0006481003180593346
0.00064810031805934934
0.00064810031805934197
0.00064810031805932723
0.00064810031805934197
0.00064810031805934197
0.0006481003180593346
0.00064810031805934197
0.00064810031805934197
0.0006481003180593346
0.00064810031805934197
0.00064810031805934197
0.0006481003180593346
0.00064810031805934934
0.00064810031805934197
0.00064810031805932723
0.00064810031805934197
0.00064810031805935682
0.00064810031805931237
0.00064810031805935682
0.0006481003180593346
0.00064810031805934197
0.00064810031805934197
0.0006481003180593346
0.00064810031805934197
0.00064810031805932723
0.00064810031805935682
0.0006481003180593346
0.00064810031805934197
0.00064810031805933449
0.00064810031805934934
0.00064810031805933449
0.00064810031805934934
0.00064810031805933449
0.00064810031805934934
0.00064810031805933449
0.00064810031805933449
0.00064810031805933449
0.00064810031805934934
0.00064810031805933449
0.00064810031805933449
0.00064810031805934934
0.00064810031805931975
0.00064810031805934934
0.00064810031805934934
0.00064810031805933449
0.00064810031805933449
0.00064810031805934934
0.00064810031805933449
0.00064810031805934934
0.00064810031805933449
0.00064810031805933449
0.00064810031805934934
0.00064810031805933449
0.00064810031805931975
0.00064810031805934934
0.00064810031805933449
0.00064810031805934934
0.00064810031805933449
0.00064810031805933449
0.00064810031805934934
0.00064810031805933449
0.00064810031805934934
0.00064810031805933449
0.00064810031805934934
0.00064810031805931975
0.0006481003180593642
0.00064810031805931975
0.00064810031805934934
0.00064810031805934934
0.00064810031805933449
0.00064810031805933449
0.00064810031805934934
0.00064810031805933449
0.00064810031805931975
0.0006481003180593642
0.00064810031805931975
0.00064810031805934934
0.00064810031805933449
0.00064810031805934934
0.00064810031805933449
0.00064810031805934934
0.00064810031805933449
0.00064810031805933449
0.00064810031805933449
0.00064810031805934934
0.00064810031805931975
0.0006481003180593642
0.00064810031805933449
0.00064810031805931975
0.00064810031805934934
0.00064810031805933449
0.00064810031805934934
0.0006481003180593642
0.00064810031805931975
0.00064810031805933449
0.00064810031805934934
0.00064810031805931975
0.00064810031805933449
0.0006481003180593642
0.00064810031805933449
0.00064810031805933449
0.0006481003180593642
0.00064810031805931975
0.00064810031805931975
0.0006481003180593642
0.00064810031805934934
0.00064810031805931975
0.00064810031805933449
0.0006481003180593642
0.00064810031805931975
0.0006481003180593642
0.00064810031805931975
0.00064810031805934934
0.00064810031805933449
0.00064810031805931975
0.0006481003180593642
0.00064810031805934934
0.00064810031805931975
0.00064810031805933449
0.0006481003180593642
0.00064810031805931975
0.00064810031805933449
0.0006481003180593642
0.00064810031805931975
0.00064810031805933449
0.00064810031805934934
0.00064810031805933449
0.00064810031805934934
0.00064810031805933449
0.00064810031805931975
0.00064810031805931975
0.00064810031805937905
0.00064810031805934934
0.00064810031805931975
0.00064810031805934934
0.00064810031805934934
0.00064810031805934934
0.00064810031805931975
0.00064810031805931975
0.00064810031805937905
0.00064810031805934934
0.00064810031805931975
0.00064810031805934934
0.00064810031805934934
0.00064810031805929025
0.00064810031805937905
0.00064810031805931975
0.00064810031805934934
0.00064810031805934934
0.00064810031805931975
0.00064810031805934934
0.00064810031805934934
0.00064810031805931975
0.00064810031805934934
0.00064810031805934934
0.00064810031805931975
0.00064810031805934934
0.00064810031805934934
0.00064810031805931975
0.00064810031805934934
0.00064810031805934934
0.00064810031805931975
0.00064810031805934934
0.00064810031805934934
0.00064810031805931975
0.00064810031805934934
0.0006481003180593436
0.0006481003180593436
0.00064810031805934338
0.00064810031805934306
0.00064810031805934338
0.00064810031805934381
0.00064810031805934381
0.00064810031805934295
0.00064810031805934197
0.0006481003180593449
0.00064810031805934295
0.00064810031805934381
0.0006481003180593449
0.00064810031805934197
0.00064810031805934197
0.00064810031805934392
0.00064810031805934587
0.00064810031805934197
0.00064810031805934197
0.00064810031805934219
0.00064810031805934403
0.00064810031805934587
0.00064810031805934197
0.00064810031805934761
0.00064810031805934219
0.00064810031805934392
0.00064810031805934219
0.00064810031805934587
0.00064810031805934219
0.00064810031805934219
0.00064810031805934587
0.00064810031805934577
0.00064810031805933839
0.00064810031805934587
0.00064810031805934577
0.00064810031805934219
0.00064810031805934577
0.00064810031805933839
0.00064810031805934587
0.00064810031805934577
0.0006481003180593346
0.00064810031805934577
0.00064810031805934587
0.00064810031805934587
0.00064810031805934219
0.00064810031805934577
0.00064810031805934219
0.00064810031805934219
0.00064810031805934945
0.00064810031805934197
0.00064810031805934197
0.00064810031805934577
0.00064810031805933839
0.00064810031805933839
0.00064810031805935314
0.0006481003180593308
0.00064810031805934577
0.00064810031805935314
0.00064810031805933839
0.00064810031805934577
0.00064810031805934577
0.0006481003180593308
0.00064810031805934577
0.00064810031805935314
0.00064810031805933839
0.00064810031805933839
0.00064810031805934577
0.00064810031805934577
0.00064810031805934577
0.00064810031805933839
0.00064810031805934577
0.00064810031805934577
0.00064810031805934577
0.0006481003180593308
0.00064810031805935314
0.00064810031805935314
0.0006481003180593308
0.00064810031805934577
0.00064810031805934577
0.00064810031805934577
0.00064810031805934577
0.00064810031805933839
0.00064810031805933839
0.00064810031805935314
0.00064810031805933839
0.00064810031805933839
0.00064810031805935314
0.00064810031805933839
0.0006481003180593308
0.00064810031805935314
0.00064810031805934577
0.00064810031805933839
0.00064810031805934577
0.00064810031805934577
0.00064810031805933839
0.00064810031805935314
0.00064810031805934577
0.0006481003180593308
0.00064810031805934577
0.00064810031805935314
0.00064810031805932365
0.00064810031805936062
0.00064810031805933839
0.00064810031805935314
0.00064810031805933839
0.00064810031805935314
0.00064810031805933839
0.00064810031805933839
0.00064810031805935314
0.00064810031805933839
0.00064810031805933839
0.00064810031805935314
0.00064810031805932354
0.00064810031805935314
0.00064810031805933839
0.00064810031805935314
0.00064810031805933839
0.00064810031805935314
0.00064810031805933839
0.00064810031805933839
0.00064810031805933839
0.00064810031805935314
0.00064810031805933839
0.00064810031805935314
0.00064810031805932354
0.00064810031805935314
0.00064810031805933839
0.00064810031805935314
0.00064810031805933839
0.00064810031805933839
0.00064810031805933839
0.00064810031805936788
0.00064810031805933839
0.00064810031805933839
0.00064810031805933839
0.00064810031805933839
0.00064810031805935314
0.00064810031805932365
0.00064810031805935314
0.00064810031805936788
0.00064810031805933839
0.00064810031805932354
0.00064810031805936788
0.00064810031805933839
0.00064810031805932354
0.00064810031805935314
0.00064810031805936788
0.00064810031805930879
0.00064810031805935314
0.00064810031805935314
0.00064810031805933839
0.00064810031805935314
0.00064810031805933839
0.00064810031805932354
0.00064810031805935314
0.00064810031805935314
0.00064810031805932354
0.00064810031805936788
0.00064810031805933839
0.00064810031805932354
0.00064810031805936788
0.00064810031805935314
0.00064810031805932365
0.00064810031805933839
0.00064810031805935314
0.00064810031805933839
0.00064810031805935314
0.00064810031805932354
0.00064810031805932365
0.00064810031805938274
0.00064810031805932354
0.00064810031805933839
0.00064810031805936788
0.00064810031805932354
0.00064810031805935314
0.00064810031805936788
0.00064810031805930879
0.00064810031805935314
0.00064810031805935314
0.00064810031805932354
0.00064810031805933839
0.00064810031805936788
0.00064810031805932354
0.00064810031805933839
0.00064810031805938274
0.00064810031805930879
0.00064810031805935314
0.00064810031805933839
0.00064810031805936788
0.00064810031805930879
0.00064810031805938274
0.00064810031805933839
0.00064810031805932365
0.00064810031805935314
0.00064810031805933839
0.00064810031805933839
0.00064810031805935314
0.00064810031805933839
0.00064810031805935314
0.00064810031805935314
0.00064810031805933839
0.00064810031805932354
0.00064810031805936788
0.00064810031805932365
0.00064810031805930879
0.00064810031805938274
0.00064810031805932354
0.00064810031805935314
0.00064810031805935314
0.00064810031805935314
0.00064810031805935314
0.00064810031805929383
0.00064810031805938274
0.00064810031805935314
0.00064810031805932354
0.00064810031805932354
0.00064810031805938274
0.00064810031805932354
0.00064810031805932354
0.00064810031805938274
0.00064810031805932354
0.00064810031805932354
0.00064810031805938274
0.00064810031805932354
0.00064810031805932354
0.00064810031805938274
0.00064810031805932354
0.00064810031805932354
0.00064810031805941244
0.00064810031805929383
0.00064810031805932354
0.00064810031805938274
0.00064810031805932354
0.00064810031805932354
0.00064810031805938274
0.00064810031805929383
0.00064810031805935314
0.00064810031805941244
0.00064810031805929383
0.00064810031805932354
0.00064810031805934338
0.00064810031805934338
0.00064810031805934327
0.00064810031805934381
0.00064810031805934306
0.00064810031805934381
0.00064810031805934381
0.00064810031805934295
0.00064810031805934197
0.0006481003180593449
0.00064810031805934381
0.00064810031805934295
0.0006481003180593449
0.00064810031805934197
0.00064810031805934197
0.00064810031805934392
0.00064810031805934587
0.00064810031805934197
0.00064810031805934587
0.00064810031805934024
0.00064810031805934587
0.00064810031805934197
0.00064810031805934197
0.00064810031805934392
0.00064810031805934587
0.00064810031805934392
0.00064810031805934219
0.00064810031805934587
0.00064810031805934219
0.00064810031805934219
0.00064810031805934587
0.00064810031805933839
0.00064810031805934587
0.00064810031805935314
0.00064810031805933839
0.00064810031805933839
0.00064810031805934587
0.00064810031805934219
0.00064810031805934587
0.00064810031805934577
0.00064810031805934197
0.00064810031805933839
0.00064810031805934587
0.00064810031805934587
0.00064810031805933839
0.00064810031805934945
0.00064810031805934219
0.00064810031805934577
0.00064810031805934219
0.00064810031805933839
0.00064810031805934219
0.00064810031805935314
0.00064810031805933839
0.00064810031805933839
0.00064810031805935314
0.00064810031805933839
0.00064810031805933839
0.00064810031805935314
0.00064810031805933839
0.00064810031805934577
0.00064810031805934577
0.00064810031805933839
0.00064810031805933839
0.00064810031805935314
0.00064810031805933839
0.00064810031805933839
0.00064810031805934577
0.00064810031805934577
0.00064810031805934577
0.00064810031805934577
0.00064810031805933839
0.00064810031805934577
0.00064810031805935314
0.0006481003180593308
0.00064810031805934577
0.00064810031805935314
0.0006481003180593308
0.00064810031805934577
0.00064810031805934577
0.0006481003180593308
0.00064810031805935314
0.00064810031805934577
0.00064810031805933839
0.00064810031805935314
0.00064810031805935314
0.00064810031805932365
0.00064810031805935314
0.00064810031805934577
0.00064810031805932354
0.00064810031805936799
0.00064810031805933839
0.0006481003180593308
0.00064810031805935314
0.00064810031805934577
0.0006481003180593308
0.00064810031805935314
0.00064810031805934577
0.00064810031805934577
0.0006481003180593308
0.00064810031805935314
0.00064810031805933839
0.00064810031805934577
0.00064810031805933839
0.00064810031805935314
0.00064810031805933839
0.00064810031805935314
0.00064810031805933839
0.00064810031805933839
0.00064810031805935314
0.00064810031805933839
0.00064810031805933839
0.00064810031805935314
0.00064810031805933839
0.00064810031805933839
0.00064810031805935314
0.00064810031805932354
0.00064810031805935314
0.00064810031805935314
0.00064810031805932354
0.00064810031805935314
0.00064810031805935314
0.00064810031805932354
0.00064810031805935314
0.00064810031805935314
0.00064810031805932354
0.00064810031805935314
0.00064810031805935314
0.00064810031805932354
0.00064810031805935314
0.00064810031805935314
0.00064810031805932354
0.00064810031805935314
0.00064810031805935314
0.00064810031805932354
0.00064810031805933839
0.00064810031805938274
0.00064810031805933839
0.00064810031805933839
0.00064810031805935314
0.00064810031805932365
0.00064810031805933839
0.00064810031805936788
0.00064810031805933839
0.00064810031805932354
0.00064810031805935314
0.00064810031805935314
0.00064810031805932354
0.00064810031805935314
0.00064810031805933839
0.00064810031805933839
0.00064810031805935314
0.00064810031805933839
0.00064810031805933839
0.00064810031805935314
0.00064810031805935314
0.00064810031805932354
0.00064810031805935314
0.00064810031805933839
0.00064810031805933839
0.00064810031805935314
0.00064810031805933839
0.00064810031805933839
0.00064810031805935314
0.00064810031805935314
0.00064810031805930879
0.00064810031805935314
0.00064810031805935314
0.00064810031805932365
0.00064810031805935314
0.00064810031805936788
0.00064810031805930879
0.00064810031805936788
0.00064810031805935314
0.00064810031805933839
0.00064810031805932354
0.00064810031805936788
0.00064810031805933839
0.00064810031805932354
0.00064810031805935314
0.00064810031805935314
0.00064810031805935314
0.00064810031805933839
0.00064810031805932354
0.00064810031805933839
0.00064810031805936788
0.00064810031805932354
0.00064810031805935314
0.00064810031805935314
0.00064810031805932354
0.00064810031805935314
0.00064810031805935314
0.00064810031805932354
0.00064810031805933839
0.00064810031805936788
0.00064810031805933839
0.00064810031805932365
0.00064810031805936788
0.00064810031805933839
0.00064810031805933839
0.00064810031805935314
0.00064810031805932354
0.00064810031805933839
0.00064810031805936788
0.00064810031805932354
0.00064810031805932365
0.00064810031805938274
0.00064810031805932354
0.00064810031805935314
0.00064810031805938263
0.00064810031805929383
0.00064810031805938274
0.00064810031805932354
0.00064810031805932354
0.00064810031805938274
0.00064810031805932354
0.00064810031805932354
0.00064810031805938274
0.00064810031805932354
0.00064810031805932354
0.00064810031805938274
0.00064810031805932354
0.00064810031805932354
0.00064810031805938274
0.00064810031805932354
0.00064810031805932354
0.00064810031805941244
0.00064810031805929383
0.00064810031805935314
0.00064810031805938263
0.00064810031805929383
0.00064810031805935314
0.00064810031805935314
0.00064810031805932354
0.00064810031805932354
0.00064810031805941244
0.00064810031805929383
0.00064810031805935314
0.00064810031805938263
0.00064810031805929383
0.00064810031805935314
0.0006481003180593436
0.0006481003180593436
0.00064810031805934338
0.00064810031805934306
0.00064810031805934338
0.00064810031805934381
0.00064810031805934381
0.00064810031805934295
0.00064810031805934197
0.0006481003180593449
0.00064810031805934295
0.00064810031805934381
0.0006481003180593449
0.00064810031805934197
0.00064810031805934197
0.00064810031805934392
0.00064810031805934587
0.00064810031805934197
0.00064810031805934197
0.00064810031805934219
0.00064810031805934403
0.00064810031805934587
0.00064810031805934197
0.00064810031805934761
0.00064810031805934219
0.00064810031805934392
0.00064810031805934219
0.00064810031805934587
0.00064810031805934219
0.00064810031805934219
0.00064810031805934587
0.00064810031805934577
0.00064810031805933839
0.00064810031805934587
0.00064810031805934577
0.00064810031805934219
0.00064810031805934577
0.00064810031805933839
0.00064810031805934587
0.00064810031805934577
0.0006481003180593346
0.00064810031805934577
0.00064810031805934587
0.00064810031805934587
0.00064810031805934219
0.00064810031805934577
0.00064810031805934219
0.00064810031805934219
0.00064810031805934945
0.00064810031805934197
0.00064810031805934197
0.00064810031805934577
0.00064810031805933839
0.00064810031805933839
0.00064810031805935314
0.0006481003180593308
0.00064810031805934577
0.00064810031805935314
0.00064810031805933839
0.00064810031805934577
0.00064810031805934577
0.0006481003180593308
0.00064810031805934577
0.00064810031805935314
0.00064810031805933839
0.00064810031805933839
0.00064810031805934577
0.00064810031805934577
0.00064810031805934577
0.00064810031805933839
0.00064810031805934577
0.00064810031805934577
0.00064810031805934577
0.0006481003180593308
0.00064810031805935314
0.00064810031805935314
0.0006481003180593308
0.00064810031805934577
0.00064810031805934577
0.00064810031805934577
0.00064810031805934577
0.00064810031805933839
0.00064810031805933839
0.00064810031805935314
0.00064810031805933839
0.00064810031805933839
0.00064810031805935314
0.00064810031805933839
0.0006481003180593308
0.00064810031805935314
0.00064810031805934577
0.00064810031805933839
0.00064810031805934577
0.00064810031805934577
0.00064810031805933839
0.00064810031805935314
0.00064810031805934577
0.0006481003180593308
0.00064810031805934577
0.00064810031805935314
0.00064810031805932365
0.00064810031805936062
0.00064810031805933839
0.00064810031805935314
0.00064810031805933839
0.00064810031805935314
0.00064810031805933839
0.00064810031805933839
0.00064810031805935314
0.00064810031805933839
0.00064810031805933839
0.00064810031805935314
0.00064810031805932354
0.00064810031805935314
0.00064810031805933839
0.00064810031805935314
0.00064810031805933839
0.00064810031805935314
0.00064810031805933839
0.00064810031805933839
0.00064810031805933839
0.00064810031805935314
0.00064810031805933839
0.00064810031805935314
0.00064810031805932354
0.00064810031805935314
0.00064810031805933839
0.00064810031805935314
0.00064810031805933839
0.00064810031805933839
0.00064810031805933839
0.00064810031805936788
0.00064810031805933839
0.00064810031805933839
0.00064810031805933839
0.00064810031805933839
0.00064810031805935314
0.00064810031805932365
0.00064810031805935314
0.00064810031805936788
0.00064810031805933839
0.00064810031805932354
0.00064810031805936788
0.00064810031805933839
0.00064810031805932354
0.00064810031805935314
0.00064810031805936788
0.00064810031805930879
0.00064810031805935314
0.00064810031805935314
0.00064810031805933839
0.00064810031805935314
0.00064810031805933839
0.00064810031805932354
0.00064810031805935314
0.00064810031805935314
0.00064810031805932354
0.00064810031805936788
0.00064810031805933839
0.00064810031805932354
0.00064810031805936788
0.00064810031805935314
0.00064810031805932365
0.00064810031805933839
0.00064810031805935314
0.00064810031805933839
0.00064810031805935314
0.00064810031805932354
0.00064810031805932365
0.00064810031805938274
0.00064810031805932354
0.00064810031805933839
0.00064810031805936788
0.00064810031805932354
0.00064810031805935314
0.00064810031805936788
0.00064810031805930879
0.00064810031805935314
0.00064810031805935314
0.00064810031805932354
0.00064810031805933839
0.00064810031805936788
0.00064810031805932354
0.00064810031805933839
0.00064810031805938274
0.00064810031805930879
0.00064810031805935314
0.00064810031805933839
0.00064810031805936788
0.00064810031805930879
0.00064810031805938274
0.00064810031805933839
0.00064810031805932365
0.00064810031805935314
0.00064810031805933839
0.00064810031805933839
0.00064810031805935314
0.00064810031805933839
0.00064810031805935314
0.00064810031805935314
0.00064810031805933839
0.00064810031805932354
0.00064810031805936788
0.00064810031805932365
0.00064810031805930879
0.00064810031805938274
0.00064810031805932354
0.00064810031805935314
0.00064810031805935314
0.00064810031805935314
0.00064810031805935314
0.00064810031805929383
0.00064810031805938274
0.00064810031805935314
0.00064810031805932354
0.00064810031805932354
0.00064810031805938274
0.00064810031805932354
0.00064810031805932354
0.00064810031805938274
0.00064810031805932354
0.00064810031805932354
0.00064810031805938274
0.00064810031805932354
0.00064810031805932354
0.00064810031805938274
0.00064810031805932354
0.00064810031805932354
0.00064810031805941244
0.00064810031805929383
0.00064810031805932354
0.00064810031805938274
0.00064810031805932354
0.00064810031805932354
0.00064810031805938274
0.00064810031805929383
0.00064810031805935314
0.00064810031805941244
0.00064810031805929383
0.00064810031805932354
0.00064810031805934338
0.00064810031805934338
0.00064810031805934327
0.00064810031805934381
0.00064810031805934306
0.00064810031805934381
0.00064810031805934381
0.00064810031805934295
0.00064810031805934197
0.0006481003180593449
0.00064810031805934381
0.00064810031805934295
0.0006481003180593449
0.00064810031805934197
0.00064810031805934197
0.00064810031805934392
0.00064810031805934587
0.00064810031805934197
0.00064810031805934587
0.00064810031805934024
0.00064810031805934587
0.00064810031805934197
0.00064810031805934197
0.00064810031805934392
0.00064810031805934587
0.00064810031805934392
0.00064810031805934219
0.00064810031805934587
0.00064810031805934219
0.00064810031805934219
0.00064810031805934587
0.00064810031805933839
0.00064810031805934587
0.00064810031805935314
0.00064810031805933839
0.00064810031805933839
0.00064810031805934587
0.00064810031805934219
0.00064810031805934587
0.00064810031805934577
0.00064810031805934197
0.00064810031805933839
0.00064810031805934587
0.00064810031805934587
0.00064810031805933839
0.00064810031805934945
0.00064810031805934219
0.00064810031805934577
0.00064810031805934219
0.00064810031805933839
0.00064810031805934219
0.00064810031805935314
0.00064810031805933839
0.00064810031805933839
0.00064810031805935314
0.00064810031805933839
0.00064810031805933839
0.00064810031805935314
0.00064810031805933839
0.00064810031805934577
0.00064810031805934577
0.00064810031805933839
0.00064810031805933839
0.00064810031805935314
0.00064810031805933839
0.00064810031805933839
0.00064810031805934577
0.00064810031805934577
0.00064810031805934577
0.00064810031805934577
0.00064810031805933839
0.00064810031805934577
0.00064810031805935314
0.0006481003180593308
0.00064810031805934577
0.00064810031805935314
0.0006481003180593308
0.00064810031805934577
0.00064810031805934577
0.0006481003180593308
0.00064810031805935314
0.00064810031805934577
0.00064810031805933839
0.00064810031805935314
0.00064810031805935314
0.00064810031805932365
0.00064810031805935314
0.00064810031805934577
0.00064810031805932354
0.00064810031805936799
0.00064810031805933839
0.0006481003180593308
0.00064810031805935314
0.00064810031805934577
0.0006481003180593308
0.00064810031805935314
0.00064810031805934577
0.00064810031805934577
0.0006481003180593308
0.00064810031805935314
0.00064810031805933839
0.00064810031805934577
0.00064810031805933839
0.00064810031805935314
0.00064810031805933839
0.00064810031805935314
0.00064810031805933839
0.00064810031805933839
0.00064810031805935314
0.00064810031805933839
0.00064810031805933839
0.00064810031805935314
0.00064810031805933839
0.00064810031805933839
0.00064810031805935314
0.00064810031805932354
0.00064810031805935314
0.00064810031805935314
0.00064810031805932354
0.00064810031805935314
0.00064810031805935314
0.00064810031805932354
0.00064810031805935314
0.00064810031805935314
0.00064810031805932354
0.00064810031805935314
0.00064810031805935314
0.00064810031805932354
0.00064810031805935314
0.00064810031805935314
0.00064810031805932354
0.00064810031805935314
0.00064810031805935314
0.00064810031805932354
0.00064810031805933839
0.00064810031805938274
0.00064810031805933839
0.00064810031805933839
0.00064810031805935314
0.00064810031805932365
0.00064810031805933839
0.00064810031805936788
0.00064810031805933839
0.00064810031805932354
0.00064810031805935314
0.00064810031805935314
0.00064810031805932354
0.00064810031805935314
0.00064810031805933839
0.00064810031805933839
0.00064810031805935314
0.00064810031805933839
0.00064810031805933839
0.00064810031805935314
0.00064810031805935314
0.00064810031805932354
0.00064810031805935314
0.00064810031805933839
0.00064810031805933839
0.00064810031805935314
0.00064810031805933839
0.00064810031805933839
0.00064810031805935314
0.00064810031805935314
0.00064810031805930879
0.00064810031805935314
0.00064810031805935314
0.00064810031805932365
0.00064810031805935314
0.00064810031805936788
0.00064810031805930879
0.00064810031805936788
0.00064810031805935314
0.00064810031805933839
0.00064810031805932354
0.00064810031805936788
0.00064810031805933839
0.00064810031805932354
0.00064810031805935314
0.00064810031805935314
0.00064810031805935314
0.00064810031805933839
0.00064810031805932354
0.00064810031805933839
0.00064810031805936788
0.00064810031805932354
0.00064810031805935314
0.00064810031805935314
0.00064810031805932354
0.00064810031805935314
0.00064810031805935314
0.00064810031805932354
0.00064810031805933839
0.00064810031805936788
0.00064810031805933839
0.00064810031805932365
0.00064810031805936788
0.00064810031805933839
0.00064810031805933839
0.00064810031805935314
0.00064810031805932354
0.00064810031805933839
0.00064810031805936788
0.00064810031805932354
0.00064810031805932365
0.00064810031805938274
0.00064810031805932354
0.00064810031805935314
0.00064810031805938263
0.00064810031805929383
0.00064810031805938274
0.00064810031805932354
0.00064810031805932354
0.00064810031805938274
0.00064810031805932354
0.00064810031805932354
0.00064810031805938274
0.00064810031805932354
0.00064810031805932354
0.00064810031805938274
0.00064810031805932354
0.00064810031805932354
0.00064810031805938274
0.00064810031805932354
0.00064810031805932354
0.00064810031805941244
0.00064810031805929383
0.00064810031805935314
0.00064810031805938263
0.00064810031805929383
0.00064810031805935314
0.00064810031805935314
0.00064810031805932354
0.00064810031805932354
0.00064810031805941244
0.00064810031805929383
0.00064810031805935314
0.00064810031805938263
0.00064810031805929383
0.00064810031805935314
0.0006481003180593436
0.0006481003180593436
0.00064810031805934338
0.00064810031805934306
0.00064810031805934338
0.00064810031805934381
0.00064810031805934381
0.00064810031805934295
0.00064810031805934197
0.0006481003180593449
0.00064810031805934295
0.00064810031805934381
0.0006481003180593449
0.00064810031805934197
0.00064810031805934197
0.00064810031805934392
0.00064810031805934587
0.00064810031805934197
0.00064810031805934197
0.00064810031805934219
0.00064810031805934403
0.00064810031805934587
0.00064810031805934197
0.00064810031805934761
0.00064810031805934219
0.00064810031805934392
0.00064810031805934219
0.00064810031805934587
0.00064810031805934219
0.00064810031805934219
0.00064810031805934587
0.00064810031805934577
0.00064810031805933839
0.00064810031805934587
0.00064810031805934577
0.00064810031805934219
0.00064810031805934577
0.00064810031805933839
0.00064810031805934587
0.00064810031805934577
0.0006481003180593346
0.00064810031805934577
0.00064810031805934587
0.00064810031805934587
0.00064810031805934219
0.00064810031805934577
0.00064810031805934219
0.00064810031805934219
0.00064810031805934945
0.00064810031805934197
0.00064810031805934197
0.00064810031805934577
0.00064810031805933839
0.00064810031805933839
0.00064810031805935314
0.0006481003180593308
0.00064810031805934577
0.00064810031805935314
0.00064810031805933839
0.00064810031805934577
0.00064810031805934577
0.0006481003180593308
0.00064810031805934577
0.00064810031805935314
0.00064810031805933839
0.00064810031805933839
0.00064810031805934577
0.00064810031805934577
0.00064810031805934577
0.00064810031805933839
0.00064810031805934577
0.00064810031805934577
0.00064810031805934577
0.0006481003180593308
0.00064810031805935314
0.00064810031805935314
0.0006481003180593308
0.00064810031805934577
0.00064810031805934577
0.00064810031805934577
0.00064810031805934577
0.00064810031805933839
0.00064810031805933839
0.00064810031805935314
0.00064810031805933839
0.00064810031805933839
0.00064810031805935314
0.00064810031805933839
0.0006481003180593308
0.00064810031805935314
0.00064810031805934577
0.00064810031805933839
0.00064810031805934577
0.00064810031805934577
0.00064810031805933839
0.00064810031805935314
0.00064810031805934577
0.0006481003180593308
0.00064810031805934577
0.00064810031805935314
0.00064810031805932365
0.00064810031805936062
0.00064810031805933839
0.00064810031805935314
0.00064810031805933839
0.00064810031805935314
0.00064810031805933839
0.00064810031805933839
0.00064810031805935314
0.00064810031805933839
0.00064810031805933839
0.00064810031805935314
0.00064810031805932354
0.00064810031805935314
0.00064810031805933839
0.00064810031805935314
0.00064810031805933839
0.00064810031805935314
0.00064810031805933839
0.00064810031805933839
0.00064810031805933839
0.00064810031805935314
0.00064810031805933839
0.00064810031805935314
0.00064810031805932354
0.00064810031805935314
0.00064810031805933839
0.00064810031805935314
0.00064810031805933839
0.00064810031805933839
0.00064810031805933839
0.00064810031805936788
0.00064810031805933839
0.00064810031805933839
0.00064810031805933839
0.00064810031805933839
0.00064810031805935314
0.00064810031805932365
0.00064810031805935314
0.00064810031805936788
0.00064810031805933839
0.00064810031805932354
0.00064810031805936788
0.00064810031805933839
0.00064810031805932354
0.00064810031805935314
0.00064810031805936788
0.00064810031805930879
0.00064810031805935314
0.00064810031805935314
0.00064810031805933839
0.00064810031805935314
0.00064810031805933839
0.00064810031805932354
0.00064810031805935314
0.00064810031805935314
0.00064810031805932354
0.00064810031805936788
0.00064810031805933839
0.00064810031805932354
0.00064810031805936788
0.00064810031805935314
0.00064810031805932365
0.00064810031805933839
0.00064810031805935314
0.00064810031805933839
0.00064810031805935314
0.00064810031805932354
0.00064810031805932365
0.00064810031805938274
0.00064810031805932354
0.00064810031805933839
0.00064810031805936788
0.00064810031805932354
0.00064810031805935314
0.00064810031805936788
0.00064810031805930879
0.00064810031805935314
0.00064810031805935314
0.00064810031805932354
0.00064810031805933839
0.00064810031805936788
0.00064810031805932354
0.00064810031805933839
0.00064810031805938274
0.00064810031805930879
0.00064810031805935314
0.00064810031805933839
0.00064810031805936788
0.00064810031805930879
0.00064810031805938274
0.00064810031805933839
0.00064810031805932365
0.00064810031805935314
0.00064810031805933839
0.00064810031805933839
0.00064810031805935314
0.00064810031805933839
0.00064810031805935314
0.00064810031805935314
0.00064810031805933839
0.00064810031805932354
0.00064810031805936788
0.00064810031805932365
0.00064810031805930879
0.00064810031805938274
0.00064810031805932354
0.00064810031805935314
0.00064810031805935314
0.00064810031805935314
0.00064810031805935314
0.00064810031805929383
0.00064810031805938274
0.00064810031805935314
0.00064810031805932354
0.00064810031805932354
0.00064810031805938274
0.00064810031805932354
0.00064810031805932354
0.00064810031805938274
0.00064810031805932354
0.00064810031805932354
0.00064810031805938274
0.00064810031805932354
0.00064810031805932354
0.00064810031805938274
0.00064810031805932354
0.00064810031805932354
0.00064810031805941244
0.00064810031805929383
0.00064810031805932354
0.00064810031805938274
0.00064810031805932354
0.00064810031805932354
0.00064810031805938274
0.00064810031805929383
0.00064810031805935314
0.00064810031805941244
0.00064810031805929383
0.00064810031805932354
0.00064810031805934338
0.00064810031805934338
0.00064810031805934327
0.00064810031805934381
0.00064810031805934306
0.00064810031805934381
0.00064810031805934381
0.00064810031805934295
0.00064810031805934197
0.0006481003180593449
0.00064810031805934381
0.00064810031805934295
0.0006481003180593449
0.00064810031805934197
0.00064810031805934197
0.00064810031805934392
0.00064810031805934587
0.00064810031805934197
0.00064810031805934587
0.00064810031805934024
0.00064810031805934587
0.00064810031805934197
0.00064810031805934197
0.00064810031805934392
0.00064810031805934587
0.00064810031805934392
0.00064810031805934219
0.00064810031805934587
0.00064810031805934219
0.00064810031805934219
0.00064810031805934587
0.00064810031805933839
0.00064810031805934587
0.00064810031805935314
0.00064810031805933839
0.00064810031805933839
0.00064810031805934587
0.00064810031805934219
0.00064810031805934587
0.00064810031805934577
0.00064810031805934197
0.00064810031805933839
0.00064810031805934587
0.00064810031805934587
0.00064810031805933839
0.00064810031805934945
0.00064810031805934219
0.00064810031805934577
0.00064810031805934219
0.00064810031805933839
0.00064810031805934219
0.00064810031805935314
0.00064810031805933839
0.00064810031805933839
0.00064810031805935314
0.00064810031805933839
0.00064810031805933839
0.00064810031805935314
0.00064810031805933839
0.00064810031805934577
0.00064810031805934577
0.00064810031805933839
0.00064810031805933839
0.00064810031805935314
0.00064810031805933839
0.00064810031805933839
0.00064810031805934577
0.00064810031805934577
0.00064810031805934577
0.00064810031805934577
0.00064810031805933839
0.00064810031805934577
0.00064810031805935314
0.0006481003180593308
0.00064810031805934577
0.00064810031805935314
0.0006481003180593308
0.00064810031805934577
0.00064810031805934577
0.0006481003180593308
0.00064810031805935314
0.00064810031805934577
0.00064810031805933839
0.00064810031805935314
0.00064810031805935314
0.00064810031805932365
0.00064810031805935314
0.00064810031805934577
0.00064810031805932354
0.00064810031805936799
0.00064810031805933839
0.0006481003180593308
0.00064810031805935314
0.00064810031805934577
0.0006481003180593308
0.00064810031805935314
0.00064810031805934577
0.00064810031805934577
0.0006481003180593308
0.00064810031805935314
0.00064810031805933839
0.00064810031805934577
0.00064810031805933839
0.00064810031805935314
0.00064810031805933839
0.00064810031805935314
0.00064810031805933839
0.00064810031805933839
0.00064810031805935314
0.00064810031805933839
0.00064810031805933839
0.00064810031805935314
0.00064810031805933839
0.00064810031805933839
0.00064810031805935314
0.00064810031805932354
0.00064810031805935314
0.00064810031805935314
0.00064810031805932354
0.00064810031805935314
0.00064810031805935314
0.00064810031805932354
0.00064810031805935314
0.00064810031805935314
0.00064810031805932354
0.00064810031805935314
0.00064810031805935314
0.00064810031805932354
0.00064810031805935314
0.00064810031805935314
0.00064810031805932354
0.00064810031805935314
0.00064810031805935314
0.00064810031805932354
0.00064810031805933839
0.00064810031805938274
0.00064810031805933839
0.00064810031805933839
0.00064810031805935314
0.00064810031805932365
0.00064810031805933839
0.00064810031805936788
0.00064810031805933839
0.00064810031805932354
0.00064810031805935314
0.00064810031805935314
0.00064810031805932354
0.00064810031805935314
0.00064810031805933839
0.00064810031805933839
0.00064810031805935314
0.00064810031805933839
0.00064810031805933839
0.00064810031805935314
0.00064810031805935314
0.00064810031805932354
0.00064810031805935314
0.00064810031805933839
0.00064810031805933839
0.00064810031805935314
0.00064810031805933839
0.00064810031805933839
0.00064810031805935314
0.00064810031805935314
0.00064810031805930879
0.00064810031805935314
0.00064810031805935314
0.00064810031805932365
0.00064810031805935314
0.00064810031805936788
0.00064810031805930879
0.00064810031805936788
0.00064810031805935314
0.00064810031805933839
0.00064810031805932354
0.00064810031805936788
0.00064810031805933839
0.00064810031805932354
0.00064810031805935314
0.00064810031805935314
0.00064810031805935314
0.00064810031805933839
0.00064810031805932354
0.00064810031805933839
0.00064810031805936788
0.00064810031805932354
0.00064810031805935314
0.00064810031805935314
0.00064810031805932354
0.00064810031805935314
0.00064810031805935314
0.00064810031805932354
0.00064810031805933839
0.00064810031805936788
0.00064810031805933839
0.00064810031805932365
0.00064810031805936788
0.00064810031805933839
0.00064810031805933839
0.00064810031805935314
0.00064810031805932354
0.00064810031805933839
0.00064810031805936788
0.00064810031805932354
0.00064810031805932365
0.00064810031805938274
0.00064810031805932354
0.00064810031805935314
0.00064810031805938263
0.00064810031805929383
0.00064810031805938274
0.00064810031805932354
0.00064810031805932354
0.00064810031805938274
0.00064810031805932354
0.00064810031805932354
0.00064810031805938274
0.00064810031805932354
0.00064810031805932354
0.00064810031805938274
0.00064810031805932354
0.00064810031805932354
0.00064810031805938274
0.00064810031805932354
0.00064810031805932354
0.00064810031805941244
0.00064810031805929383
0.00064810031805935314
0.00064810031805938263
0.00064810031805929383
0.00064810031805935314
0.00064810031805935314
0.00064810031805932354
0.00064810031805932354
0.00064810031805941244
0.00064810031805929383
0.00064810031805935314
0.00064810031805938263
0.00064810031805929383
0.00064810031805935314
0.0006481003180593436
0.0006481003180593436
0.00064810031805934338
0.00064810031805934306
0.00064810031805934338
0.00064810031805934381
0.00064810031805934381
0.00064810031805934295
0.00064810031805934197
0.0006481003180593449
0.00064810031805934295
0.00064810031805934381
0.0006481003180593449
0.00064810031805934197
0.00064810031805934197
0.00064810031805934392
0.00064810031805934587
0.00064810031805934197
0.00064810031805934197
0.00064810031805934219
0.00064810031805934403
0.00064810031805934587
0.00064810031805934197
0.00064810031805934761
0.00064810031805934219
0.00064810031805934392
0.00064810031805934219
0.00064810031805934587
0.00064810031805934219
0.00064810031805934219
0.00064810031805934587
0.00064810031805934577
0.00064810031805933839
0.00064810031805934587
0.00064810031805934577
0.00064810031805934219
0.00064810031805934577
0.00064810031805933839
0.00064810031805934587
0.00064810031805934577
0.0006481003180593346
0.00064810031805934577
0.00064810031805934587
0.00064810031805934587
0.00064810031805934219
0.00064810031805934577
0.00064810031805934219
0.00064810031805934219
0.00064810031805934945
0.00064810031805934197
0.00064810031805934197
0.00064810031805934577
0.00064810031805933839
0.00064810031805933839
0.00064810031805935314
0.0006481003180593308
0.00064810031805934577
0.00064810031805935314
0.00064810031805933839
0.00064810031805934577
0.00064810031805934577
0.0006481003180593308
0.00064810031805934577
0.00064810031805935314
0.00064810031805933839
0.00064810031805933839
0.00064810031805934577
0.00064810031805934577
0.00064810031805934577
0.00064810031805933839
0.00064810031805934577
0.00064810031805934577
0.00064810031805934577
0.0006481003180593308
0.00064810031805935314
0.00064810031805935314
0.0006481003180593308
0.00064810031805934577
0.00064810031805934577
0.00064810031805934577
0.00064810031805934577
0.00064810031805933839
0.00064810031805933839
0.00064810031805935314
0.00064810031805933839
0.00064810031805933839
0.00064810031805935314
0.00064810031805933839
0.0006481003180593308
0.00064810031805935314
0.00064810031805934577
0.00064810031805933839
0.00064810031805934577
0.00064810031805934577
0.00064810031805933839
0.00064810031805935314
0.00064810031805934577
0.0006481003180593308
0.00064810031805934577
0.00064810031805935314
0.00064810031805932365
0.00064810031805936062
0.00064810031805933839
0.00064810031805935314
0.00064810031805933839
0.00064810031805935314
0.00064810031805933839
0.00064810031805933839
0.00064810031805935314
0.00064810031805933839
0.00064810031805933839
0.00064810031805935314
0.00064810031805932354
0.00064810031805935314
0.00064810031805933839
0.00064810031805935314
0.00064810031805933839
0.00064810031805935314
0.00064810031805933839
0.00064810031805933839
0.00064810031805933839
0.00064810031805935314
0.00064810031805933839
0.00064810031805935314
0.00064810031805932354
0.00064810031805935314
0.00064810031805933839
0.00064810031805935314
0.00064810031805933839
0.00064810031805933839
0.00064810031805933839
0.00064810031805936788
0.00064810031805933839
0.00064810031805933839
0.00064810031805933839
0.00064810031805933839
0.00064810031805935314
0.00064810031805932365
0.00064810031805935314
0.00064810031805936788
0.00064810031805933839
0.00064810031805932354
0.00064810031805936788
0.00064810031805933839
0.00064810031805932354
0.00064810031805935314
0.00064810031805936788
0.00064810031805930879
0.00064810031805935314
0.00064810031805935314
0.00064810031805933839
0.00064810031805935314
0.00064810031805933839
0.00064810031805932354
0.00064810031805935314
0.00064810031805935314
0.00064810031805932354
0.00064810031805936788
0.00064810031805933839
0.00064810031805932354
0.00064810031805936788
0.00064810031805935314
0.00064810031805932365
0.00064810031805933839
0.00064810031805935314
0.00064810031805933839
0.00064810031805935314
0.00064810031805932354
0.00064810031805932365
0.00064810031805938274
0.00064810031805932354
0.00064810031805933839
0.00064810031805936788
0.00064810031805932354
0.00064810031805935314
0.00064810031805936788
0.00064810031805930879
0.00064810031805935314
0.00064810031805935314
0.00064810031805932354
0.00064810031805933839
0.00064810031805936788
0.00064810031805932354
0.00064810031805933839
0.00064810031805938274
0.00064810031805930879
0.00064810031805935314
0.00064810031805933839
0.00064810031805936788
0.00064810031805930879
0.00064810031805938274
0.00064810031805933839
0.00064810031805932365
0.00064810031805935314
0.00064810031805933839
0.00064810031805933839
0.00064810031805935314
0.00064810031805933839
0.00064810031805935314
0.00064810031805935314
0.00064810031805933839
0.00064810031805932354
0.00064810031805936788
0.00064810031805932365
0.00064810031805930879
0.00064810031805938274
0.00064810031805932354
0.00064810031805935314
0.00064810031805935314
0.00064810031805935314
0.00064810031805935314
0.00064810031805929383
0.00064810031805938274
0.00064810031805935314
0.00064810031805932354
0.00064810031805932354
0.00064810031805938274
0.00064810031805932354
0.00064810031805932354
0.00064810031805938274
0.00064810031805932354
0.00064810031805932354
0.00064810031805938274
0.00064810031805932354
0.00064810031805932354
0.00064810031805938274
0.00064810031805932354
0.00064810031805932354
0.00064810031805941244
0.00064810031805929383
0.00064810031805932354
0.00064810031805938274
0.00064810031805932354
0.00064810031805932354
0.00064810031805938274
0.00064810031805929383
0.00064810031805935314
0.00064810031805941244
0.00064810031805929383
0.00064810031805932354
0.00064810031805934338
0.00064810031805934338
0.00064810031805934327
0.00064810031805934381
0.00064810031805934306
0.00064810031805934381
0.00064810031805934381
0.00064810031805934295
0.00064810031805934197
0.0006481003180593449
0.00064810031805934381
0.00064810031805934295
0.0006481003180593449
0.00064810031805934197
0.00064810031805934197
0.00064810031805934392
0.00064810031805934587
0.00064810031805934197
0.00064810031805934587
0.00064810031805934024
0.00064810031805934587
0.00064810031805934197
0.00064810031805934197
0.00064810031805934392
0.00064810031805934587
0.00064810031805934392
0.00064810031805934219
0.00064810031805934587
0.00064810031805934219
0.00064810031805934219
0.00064810031805934587
0.00064810031805933839
0.00064810031805934587
0.00064810031805935314
0.00064810031805933839
0.00064810031805933839
0.00064810031805934587
0.00064810031805934219
0.00064810031805934587
0.00064810031805934577
0.00064810031805934197
0.00064810031805933839
0.00064810031805934587
0.00064810031805934587
0.00064810031805933839
0.00064810031805934945
0.00064810031805934219
0.00064810031805934577
0.00064810031805934219
0.00064810031805933839
0.00064810031805934219
0.00064810031805935314
0.00064810031805933839
0.00064810031805933839
0.00064810031805935314
0.00064810031805933839
0.00064810031805933839
0.00064810031805935314
0.00064810031805933839
0.00064810031805934577
0.00064810031805934577
0.00064810031805933839
0.00064810031805933839
0.00064810031805935314
0.00064810031805933839
0.00064810031805933839
0.00064810031805934577
0.00064810031805934577
0.00064810031805934577
0.00064810031805934577
0.00064810031805933839
0.00064810031805934577
0.00064810031805935314
0.0006481003180593308
0.00064810031805934577
0.00064810031805935314
0.0006481003180593308
0.00064810031805934577
0.00064810031805934577
0.0006481003180593308
0.00064810031805935314
0.00064810031805934577
0.00064810031805933839
0.00064810031805935314
0.00064810031805935314
0.00064810031805932365
0.00064810031805935314
0.00064810031805934577
0.00064810031805932354
0.00064810031805936799
0.00064810031805933839
0.0006481003180593308
0.00064810031805935314
0.00064810031805934577
0.0006481003180593308
0.00064810031805935314
0.00064810031805934577
0.00064810031805934577
0.0006481003180593308
0.00064810031805935314
0.00064810031805933839
0.00064810031805934577
0.00064810031805933839
0.00064810031805935314
0.00064810031805933839
0.00064810031805935314
0.00064810031805933839
0.00064810031805933839
0.00064810031805935314
0.00064810031805933839
0.00064810031805933839
0.00064810031805935314
0.00064810031805933839
0.00064810031805933839
0.00064810031805935314
0.00064810031805932354
0.00064810031805935314
0.00064810031805935314
0.00064810031805932354
0.00064810031805935314
0.00064810031805935314
0.00064810031805932354
0.00064810031805935314
0.00064810031805935314
0.00064810031805932354
0.00064810031805935314
0.00064810031805935314
0.00064810031805932354
0.00064810031805935314
0.00064810031805935314
0.00064810031805932354
0.00064810031805935314
0.00064810031805935314
0.00064810031805932354
0.00064810031805933839
0.00064810031805938274
0.00064810031805933839
0.00064810031805933839
0.00064810031805935314
0.00064810031805932365
0.00064810031805933839
0.00064810031805936788
0.00064810031805933839
0.00064810031805932354
0.00064810031805935314
0.00064810031805935314
0.00064810031805932354
0.00064810031805935314
0.00064810031805933839
0.00064810031805933839
0.00064810031805935314
0.00064810031805933839
0.00064810031805933839
0.00064810031805935314
0.00064810031805935314
0.00064810031805932354
0.00064810031805935314
0.00064810031805933839
0.00064810031805933839
0.00064810031805935314
0.00064810031805933839
0.00064810031805933839
0.00064810031805935314
0.00064810031805935314
0.00064810031805930879
0.00064810031805935314
0.00064810031805935314
0.00064810031805932365
0.00064810031805935314
0.00064810031805936788
0.00064810031805930879
0.00064810031805936788
0.00064810031805935314
0.00064810031805933839
0.00064810031805932354
0.00064810031805936788
0.00064810031805933839
0.00064810031805932354
0.00064810031805935314
0.00064810031805935314
0.00064810031805935314
0.00064810031805933839
0.00064810031805932354
0.00064810031805933839
0.00064810031805936788
0.00064810031805932354
0.00064810031805935314
0.00064810031805935314
0.00064810031805932354
0.00064810031805935314
0.00064810031805935314
0.00064810031805932354
0.00064810031805933839
0.00064810031805936788
0.00064810031805933839
0.00064810031805932365
0.00064810031805936788
0.00064810031805933839
0.00064810031805933839
0.00064810031805935314
0.00064810031805932354
0.00064810031805933839
0.00064810031805936788
0.00064810031805932354
0.00064810031805932365
0.00064810031805938274
0.00064810031805932354
0.00064810031805935314
0.00064810031805938263
0.00064810031805929383
0.00064810031805938274
0.00064810031805932354
0.00064810031805932354
0.00064810031805938274
0.00064810031805932354
0.00064810031805932354
0.00064810031805938274
0.00064810031805932354
0.00064810031805932354
0.00064810031805938274
0.00064810031805932354
0.00064810031805932354
0.00064810031805938274
0.00064810031805932354
0.00064810031805932354
0.00064810031805941244
0.00064810031805929383
0.00064810031805935314
0.00064810031805938263
0.00064810031805929383
0.00064810031805935314
0.00064810031805935314
0.00064810031805932354
0.00064810031805932354
0.00064810031805941244
0.00064810031805929383
0.00064810031805935314
0.00064810031805938263
0.00064810031805929383
0.00064810031805935314
0.0006481003180593436
0.0006481003180593436
0.00064810031805934338
0.00064810031805934306
0.00064810031805934338
0.00064810031805934381
0.00064810031805934381
0.00064810031805934295
0.00064810031805934197
0.0006481003180593449
0.00064810031805934295
0.00064810031805934381
0.0006481003180593449
0.00064810031805934197
0.00064810031805934197
0.00064810031805934392
0.00064810031805934587
0.00064810031805934197
0.00064810031805934197
0.00064810031805934219
0.00064810031805934403
0.00064810031805934587
0.00064810031805934197
0.00064810031805934761
0.00064810031805934219
0.00064810031805934392
0.00064810031805934219
0.00064810031805934587
0.00064810031805934219
0.00064810031805934219
0.00064810031805934587
0.00064810031805934577
0.00064810031805933839
0.00064810031805934587
0.00064810031805934577
0.00064810031805934219
0.00064810031805934577
0.00064810031805933839
0.00064810031805934587
0.00064810031805934577
0.0006481003180593346
0.00064810031805934577
0.00064810031805934587
0.00064810031805934587
0.00064810031805934219
0.00064810031805934577
0.00064810031805934219
0.00064810031805934219
0.00064810031805934945
0.00064810031805934197
0.00064810031805934197
0.00064810031805934577
0.00064810031805933839
0.00064810031805933839
0.00064810031805935314
0.0006481003180593308
0.00064810031805934577
0.00064810031805935314
0.00064810031805933839
0.00064810031805934577
0.00064810031805934577
0.0006481003180593308
0.00064810031805934577
0.00064810031805935314
0.00064810031805933839
0.00064810031805933839
0.00064810031805934577
0.00064810031805934577
0.00064810031805934577
0.00064810031805933839
0.00064810031805934577
0.00064810031805934577
0.00064810031805934577
0.0006481003180593308
0.00064810031805935314
0.00064810031805935314
0.0006481003180593308
0.00064810031805934577
0.00064810031805934577
0.00064810031805934577
0.00064810031805934577
0.00064810031805933839
0.00064810031805933839
0.00064810031805935314
0.00064810031805933839
0.00064810031805933839
0.00064810031805935314
0.00064810031805933839
0.0006481003180593308
0.00064810031805935314
0.00064810031805934577
0.00064810031805933839
0.00064810031805934577
0.00064810031805934577
0.00064810031805933839
0.00064810031805935314
0.00064810031805934577
0.0006481003180593308
0.00064810031805934577
0.00064810031805935314
0.00064810031805932365
0.00064810031805936062
0.00064810031805933839
0.00064810031805935314
0.00064810031805933839
0.00064810031805935314
0.00064810031805933839
0.00064810031805933839
0.00064810031805935314
0.00064810031805933839
0.00064810031805933839
0.00064810031805935314
0.00064810031805932354
0.00064810031805935314
0.00064810031805933839
0.00064810031805935314
0.00064810031805933839
0.00064810031805935314
0.00064810031805933839
0.00064810031805933839
0.00064810031805933839
0.00064810031805935314
0.00064810031805933839
0.00064810031805935314
0.00064810031805932354
0.00064810031805935314
0.00064810031805933839
0.00064810031805935314
0.00064810031805933839
0.00064810031805933839
0.00064810031805933839
0.00064810031805936788
0.00064810031805933839
0.00064810031805933839
0.00064810031805933839
0.00064810031805933839
0.00064810031805935314
0.00064810031805932365
0.00064810031805935314
0.00064810031805936788
0.00064810031805933839
0.00064810031805932354
0.00064810031805936788
0.00064810031805933839
0.00064810031805932354
0.00064810031805935314
0.00064810031805936788
0.00064810031805930879
0.00064810031805935314
0.00064810031805935314
0.00064810031805933839
0.00064810031805935314
0.00064810031805933839
0.00064810031805932354
0.00064810031805935314
0.00064810031805935314
0.00064810031805932354
0.00064810031805936788
0.00064810031805933839
0.00064810031805932354
0.00064810031805936788
0.00064810031805935314
0.00064810031805932365
0.00064810031805933839
0.00064810031805935314
0.00064810031805933839
0.00064810031805935314
0.00064810031805932354
0.00064810031805932365
0.00064810031805938274
0.00064810031805932354
0.00064810031805933839
0.00064810031805936788
0.00064810031805932354
0.00064810031805935314
0.00064810031805936788
0.00064810031805930879
0.00064810031805935314
0.00064810031805935314
0.00064810031805932354
0.00064810031805933839
0.00064810031805936788
0.00064810031805932354
0.00064810031805933839
0.00064810031805938274
0.00064810031805930879
0.00064810031805935314
0.00064810031805933839
0.00064810031805936788
0.00064810031805930879
0.00064810031805938274
0.00064810031805933839
0.00064810031805932365
0.00064810031805935314
0.00064810031805933839
0.00064810031805933839
0.00064810031805935314
0.00064810031805933839
0.00064810031805935314
0.00064810031805935314
0.00064810031805933839
0.00064810031805932354
0.00064810031805936788
0.00064810031805932365
0.00064810031805930879
0.00064810031805938274
0.00064810031805932354
0.00064810031805935314
0.00064810031805935314
0.00064810031805935314
0.00064810031805935314
0.00064810031805929383
0.00064810031805938274
0.00064810031805935314
0.00064810031805932354
0.00064810031805932354
0.00064810031805938274
0.00064810031805932354
0.00064810031805932354
0.00064810031805938274
0.00064810031805932354
0.00064810031805932354
0.00064810031805938274
0.00064810031805932354
0.00064810031805932354
0.00064810031805938274
0.00064810031805932354
0.00064810031805932354
0.00064810031805941244
0.00064810031805929383
0.00064810031805932354
0.00064810031805938274
0.00064810031805932354
0.00064810031805932354
0.00064810031805938274
0.00064810031805929383
0.00064810031805935314
0.00064810031805941244
0.00064810031805929383
0.00064810031805932354
0.0006481003180593398
0.0006481003180593398
0.00064810031805933991
0.00064810031805933926
0.00064810031805933969
0.00064810031805934024
0.00064810031805934024
0.00064810031805934024
0.00064810031805933926
0.00064810031805933926
0.00064810031805934024
0.00064810031805933839
0.00064810031805934197
0.00064810031805933839
0.00064810031805933839
0.00064810031805934024
0.00064810031805934024
0.00064810031805933839
0.00064810031805934197
0.00064810031805934024
0.00064810031805933839
0.00064810031805934024
0.00064810031805933839
0.00064810031805934024
0.00064810031805934197
0.00064810031805933655
0.00064810031805934197
0.00064810031805934197
0.00064810031805933839
0.00064810031805933839
0.00064810031805934197
0.00064810031805933839
0.00064810031805933839
0.00064810031805934566
0.0006481003180593346
0.00064810031805934197
0.00064810031805933839
0.00064810031805933839
0.00064810031805933839
0.00064810031805934197
0.00064810031805934197
0.0006481003180593346
0.00064810031805934566
0.0006481003180593346
0.00064810031805933839
0.00064810031805934566
0.0006481003180593346
0.00064810031805934197
0.00064810031805933839
0.00064810031805933839
0.00064810031805933839
0.00064810031805934197
0.00064810031805934197
0.0006481003180593346
0.00064810031805934197
0.00064810031805934197
0.0006481003180593346
0.00064810031805934934
0.00064810031805932723
0.00064810031805934197
0.00064810031805934934
0.0006481003180593346
0.0006481003180593346
0.00064810031805934197
0.00064810031805934197
0.0006481003180593346
0.00064810031805934197
0.00064810031805933449
0.00064810031805934945
0.00064810031805934197
0.0006481003180593346
0.00064810031805934934
0.00064810031805933449
0.0006481003180593346
0.00064810031805934934
0.00064810031805934197
0.00064810031805932723
0.00064810031805934197
0.00064810031805934197
0.0006481003180593346
0.00064810031805934197
0.00064810031805934197
0.0006481003180593346
0.00064810031805934197
0.00064810031805934197
0.0006481003180593346
0.00064810031805934934
0.00064810031805934197
0.00064810031805932723
0.00064810031805934197
0.00064810031805935682
0.00064810031805931237
0.00064810031805935682
0.0006481003180593346
0.00064810031805934197
0.00064810031805934197
0.0006481003180593346
0.00064810031805934197
0.00064810031805932723
0.00064810031805935682
0.0006481003180593346
0.00064810031805934197
0.00064810031805933449
0.00064810031805934934
0.00064810031805933449
0.00064810031805934934
0.00064810031805933449
0.00064810031805934934
0.00064810031805933449
0.00064810031805933449
0.00064810031805933449
0.00064810031805934934
0.00064810031805933449
0.00064810031805933449
0.00064810031805934934
0.00064810031805931975
0.00064810031805934934
0.00064810031805934934
0.00064810031805933449
0.00064810031805933449
0.00064810031805934934
0.00064810031805933449
0.00064810031805934934
0.00064810031805933449
0.00064810031805933449
0.00064810031805934934
0.00064810031805933449
0.00064810031805931975
0.00064810031805934934
0.00064810031805933449
0.00064810031805934934
0.00064810031805933449
0.00064810031805933449
0.00064810031805934934
0.00064810031805933449
0.00064810031805934934
0.00064810031805933449
0.00064810031805934934
0.00064810031805931975
0.0006481003180593642
0.00064810031805931975
0.00064810031805934934
0.00064810031805934934
0.00064810031805933449
0.00064810031805933449
0.00064810031805934934
0.00064810031805933449
0.00064810031805931975
0.0006481003180593642
0.00064810031805931975
0.00064810031805934934
0.00064810031805933449
0.00064810031805934934
0.00064810031805933449
0.00064810031805934934
0.00064810031805933449
0.00064810031805933449
0.00064810031805933449
0.00064810031805934934
0.00064810031805931975
0.0006481003180593642
0.00064810031805933449
0.00064810031805931975
0.00064810031805934934
0.00064810031805933449
0.00064810031805934934
0.0006481003180593642
0.00064810031805931975
0.00064810031805933449
0.00064810031805934934
0.00064810031805931975
0.00064810031805933449
0.0006481003180593642
0.00064810031805933449
0.00064810031805933449
0.0006481003180593642
0.00064810031805931975
0.00064810031805931975
0.0006481003180593642
0.00064810031805934934
0.00064810031805931975
0.00064810031805933449
0.0006481003180593642
0.00064810031805931975
0.0006481003180593642
0.00064810031805931975
0.00064810031805934934
0.00064810031805933449
0.00064810031805931975
0.0006481003180593642
0.00064810031805934934
0.00064810031805931975
0.00064810031805933449
0.0006481003180593642
0.00064810031805931975
0.00064810031805933449
0.0006481003180593642
0.00064810031805931975
0.00064810031805933449
0.00064810031805934934
0.00064810031805933449
0.00064810031805934934
0.00064810031805933449
0.00064810031805931975
0.00064810031805931975
0.00064810031805937905
0.00064810031805934934
0.00064810031805931975
0.00064810031805934934
0.00064810031805934934
0.00064810031805934934
0.00064810031805931975
0.00064810031805931975
0.00064810031805937905
0.00064810031805934934
0.00064810031805931975
0.00064810031805934934
0.00064810031805934934
0.00064810031805929025
0.00064810031805937905
0.00064810031805931975
0.00064810031805934934
0.00064810031805934934
0.00064810031805931975
0.00064810031805934934
0.00064810031805934934
0.00064810031805931975
0.00064810031805934934
0.00064810031805934934
0.00064810031805931975
0.00064810031805934934
0.00064810031805934934
0.00064810031805931975
0.00064810031805934934
0.00064810031805934934
0.00064810031805931975
0.00064810031805934934
0.00064810031805934934
0.00064810031805931975
0.00064810031805934934
0.0006481003180593436
0.00064810031805934338
0.0006481003180593436
0.00064810031805934306
0.00064810031805934295
0.00064810031805934425
0.00064810031805934381
0.00064810031805934295
0.00064810031805934197
0.00064810031805934587
0.00064810031805934295
0.00064810031805934295
0.0006481003180593449
0.00064810031805934024
0.00064810031805934392
0.00064810031805934392
0.00064810031805934219
0.00064810031805934587
0.00064810031805934197
0.00064810031805934392
0.00064810031805934587
0.00064810031805934197
0.00064810031805934197
0.00064810031805934392
0.00064810031805934761
0.00064810031805934219
0.00064810031805933839
0.00064810031805934577
0.00064810031805934219
0.00064810031805934219
0.00064810031805934577
0.00064810031805934587
0.00064810031805934219
0.00064810031805934219
0.00064810031805934945
0.00064810031805933839
0.00064810031805934587
0.00064810031805934219
0.00064810031805934219
0.00064810031805934587
0.00064810031805934219
0.00064810031805934219
0.00064810031805934587
0.00064810031805934219
0.00064810031805934219
0.00064810031805934945
0.00064810031805933839
0.00064810031805934587
0.00064810031805934587
0.00064810031805933839
0.00064810031805934945
0.00064810031805934577
0.00064810031805933839
0.00064810031805934577
0.00064810031805934577
0.00064810031805933839
0.00064810031805933839
0.00064810031805935314
0.00064810031805933839
0.00064810031805933839
0.00064810031805935314
0.0006481003180593308
0.00064810031805935314
0.00064810031805934577
0.00064810031805933839
0.00064810031805933839
0.00064810031805934577
0.00064810031805934577
0.00064810031805934577
0.00064810031805934577
0.00064810031805933839
0.00064810031805934577
0.00064810031805934577
0.0006481003180593308
0.00064810031805935314
0.00064810031805933839
0.00064810031805934577
0.00064810031805934577
0.00064810031805934577
0.00064810031805934577
0.00064810031805933839
0.00064810031805934577
0.00064810031805933839
0.00064810031805935314
0.00064810031805933839
0.00064810031805933839
0.00064810031805935314
0.00064810031805933839
0.00064810031805934577
0.00064810031805935314
0.0006481003180593308
0.00064810031805933839
0.00064810031805935314
0.00064810031805933839
0.00064810031805933839
0.00064810031805935314
0.00064810031805934577
0.0006481003180593308
0.00064810031805934577
0.00064810031805934577
0.00064810031805933839
0.00064810031805933839
0.00064810031805935314
0.00064810031805935314
0.00064810031805933839
0.00064810031805935314
0.00064810031805933839
0.00064810031805933839
0.00064810031805935314
0.00064810031805933839
0.00064810031805933839
0.00064810031805935314
0.00064810031805933839
0.00064810031805933839
0.00064810031805933839
0.00064810031805935314
0.00064810031805933839
0.00064810031805933839
0.00064810031805933839
0.00064810031805935314
0.00064810031805933839
0.00064810031805935314
0.00064810031805935314
0.00064810031805933839
0.00064810031805932354
0.00064810031805935314
0.00064810031805935314
0.00064810031805932354
0.00064810031805935314
0.00064810031805936788
0.00064810031805930879
0.00064810031805935314
0.00064810031805933839
0.00064810031805935314
0.00064810031805933839
0.00064810031805936788
0.00064810031805930879
0.00064810031805936788
0.00064810031805932354
0.00064810031805935314
0.00064810031805932365
0.00064810031805938274
0.00064810031805933839
0.00064810031805933839
0.00064810031805932354
0.00064810031805935314
0.00064810031805935314
0.00064810031805933839
0.00064810031805933839
0.00064810031805935314
0.00064810031805933839
0.00064810031805936788
0.00064810031805932365
0.00064810031805933839
0.00064810031805933839
0.00064810031805932365
0.00064810031805936788
0.00064810031805935314
0.00064810031805933839
0.00064810031805932354
0.00064810031805936788
0.00064810031805933839
0.00064810031805932354
0.00064810031805935314
0.00064810031805935314
0.00064810031805933839
0.00064810031805935314
0.00064810031805930879
0.00064810031805936788
0.00064810031805935314
0.00064810031805932354
0.00064810031805936788
0.00064810031805933839
0.00064810031805935314
0.00064810031805932365
0.00064810031805935314
0.00064810031805932354
0.00064810031805935314
0.00064810031805936788
0.00064810031805930879
0.00064810031805933839
0.00064810031805938274
0.00064810031805933839
0.00064810031805932365
0.00064810031805936788
0.00064810031805930879
0.00064810031805933839
0.00064810031805935314
0.00064810031805933839
0.00064810031805933839
0.00064810031805938274
0.00064810031805930879
0.00064810031805933839
0.00064810031805938274
0.00064810031805932365
0.00064810031805933839
0.00064810031805936788
0.00064810031805932365
0.00064810031805935314
0.00064810031805933839
0.00064810031805935314
0.00064810031805933839
0.00064810031805933839
0.00064810031805932354
0.00064810031805932365
0.00064810031805938274
0.00064810031805935314
0.00064810031805935314
0.00064810031805935314
0.00064810031805935314
0.00064810031805935314
0.00064810031805929383
0.00064810031805935314
0.00064810031805935314
0.00064810031805932354
0.00064810031805932354
0.00064810031805938274
0.00064810031805932354
0.00064810031805935314
0.00064810031805935314
0.00064810031805932354
0.00064810031805935314
0.00064810031805935314
0.00064810031805932354
0.00064810031805935314
0.00064810031805935314
0.00064810031805932354
0.00064810031805932354
0.00064810031805938274
0.00064810031805932354
0.00064810031805935314
0.00064810031805935314
0.00064810031805929383
0.00064810031805938274
0.00064810031805935314
0.00064810031805929383
0.00064810031805938274
0.00064810031805935314
0.00064810031805932354
0.00064810031805935314
0.00064810031805934338
0.00064810031805934338
0.00064810031805934327
0.00064810031805934381
0.00064810031805934306
0.00064810031805934381
0.00064810031805934381
0.00064810031805934295
0.00064810031805934197
0.0006481003180593449
0.00064810031805934381
0.00064810031805934295
0.0006481003180593449
0.00064810031805934197
0.00064810031805934197
0.00064810031805934392
0.00064810031805934587
0.00064810031805934197
0.00064810031805934587
0.00064810031805934024
0.00064810031805934587
0.00064810031805934197
0.00064810031805934197
0.00064810031805934392
0.00064810031805934587
0.00064810031805934392
0.00064810031805934219
0.00064810031805934587
0.00064810031805934219
0.00064810031805934219
0.00064810031805934587
0.00064810031805933839
0.00064810031805934587
0.00064810031805935314
0.00064810031805933839
0.00064810031805933839
0.00064810031805934587
0.00064810031805934219
0.00064810031805934587
0.00064810031805934577
0.00064810031805934197
0.00064810031805933839
0.00064810031805934587
0.00064810031805934587
0.00064810031805933839
0.00064810031805934945
0.00064810031805934219
0.00064810031805934577
0.00064810031805934219
0.00064810031805933839
0.00064810031805934219
0.00064810031805935314
0.00064810031805933839
0.00064810031805933839
0.00064810031805935314
0.00064810031805933839
0.00064810031805933839
0.00064810031805935314
0.00064810031805933839
0.00064810031805934577
0.00064810031805934577
0.00064810031805933839
0.00064810031805933839
0.00064810031805935314
0.00064810031805933839
0.00064810031805933839
0.00064810031805934577
0.00064810031805934577
0.00064810031805934577
0.00064810031805934577
0.00064810031805933839
0.00064810031805934577
0.00064810031805935314
0.0006481003180593308
0.00064810031805934577
0.00064810031805935314
0.0006481003180593308
0.00064810031805934577
0.00064810031805934577
0.0006481003180593308
0.00064810031805935314
0.00064810031805934577
0.00064810031805933839
0.00064810031805935314
0.00064810031805935314
0.00064810031805932365
0.00064810031805935314
0.00064810031805934577
0.00064810031805932354
0.00064810031805936799
0.00064810031805933839
0.0006481003180593308
0.00064810031805935314
0.00064810031805934577
0.0006481003180593308
0.00064810031805935314
0.00064810031805934577
0.00064810031805934577
0.0006481003180593308
0.00064810031805935314
0.00064810031805933839
0.00064810031805934577
0.00064810031805933839
0.00064810031805935314
0.00064810031805933839
0.00064810031805935314
0.00064810031805933839
0.00064810031805933839
0.00064810031805935314
0.00064810031805933839
0.00064810031805933839
0.00064810031805935314
0.00064810031805933839
0.00064810031805933839
0.00064810031805935314
0.00064810031805932354
0.00064810031805935314
0.00064810031805935314
0.00064810031805932354
0.00064810031805935314
0.00064810031805935314
0.00064810031805932354
0.00064810031805935314
0.00064810031805935314
0.00064810031805932354
0.00064810031805935314
0.00064810031805935314
0.00064810031805932354
0.00064810031805935314
0.00064810031805935314
0.00064810031805932354
0.00064810031805935314
0.00064810031805935314
0.00064810031805932354
0.00064810031805933839
0.00064810031805938274
0.00064810031805933839
0.00064810031805933839
0.00064810031805935314
0.00064810031805932365
0.00064810031805933839
0.00064810031805936788
0.00064810031805933839
0.00064810031805932354
0.00064810031805935314
0.00064810031805935314
0.00064810031805932354
0.00064810031805935314
0.00064810031805933839
0.00064810031805933839
0.00064810031805935314
0.00064810031805933839
0.00064810031805933839
0.00064810031805935314
0.00064810031805935314
0.00064810031805932354
0.00064810031805935314
0.00064810031805933839
0.00064810031805933839
0.00064810031805935314
0.00064810031805933839
0.00064810031805933839
0.00064810031805935314
0.00064810031805935314
0.00064810031805930879
0.00064810031805935314
0.00064810031805935314
0.00064810031805932365
0.00064810031805935314
0.00064810031805936788
0.00064810031805930879
0.00064810031805936788
0.00064810031805935314
0.00064810031805933839
0.00064810031805932354
0.00064810031805936788
0.00064810031805933839
0.00064810031805932354
0.00064810031805935314
0.00064810031805935314
0.00064810031805935314
0.00064810031805933839
0.00064810031805932354
0.00064810031805933839
0.00064810031805936788
0.00064810031805932354
0.00064810031805935314
0.00064810031805935314
0.00064810031805932354
0.00064810031805935314
0.00064810031805935314
0.00064810031805932354
0.00064810031805933839
0.00064810031805936788
0.00064810031805933839
0.00064810031805932365
0.00064810031805936788
0.00064810031805933839
0.00064810031805933839
0.00064810031805935314
0.00064810031805932354
0.00064810031805933839
0.00064810031805936788
0.00064810031805932354
0.00064810031805932365
0.00064810031805938274
0.00064810031805932354
0.00064810031805935314
0.00064810031805938263
0.00064810031805929383
0.00064810031805938274
0.00064810031805932354
0.00064810031805932354
0.00064810031805938274
0.00064810031805932354
0.00064810031805932354
0.00064810031805938274
0.00064810031805932354
0.00064810031805932354
0.00064810031805938274
0.00064810031805932354
0.00064810031805932354
0.00064810031805938274
0.00064810031805932354
0.00064810031805932354
0.00064810031805941244
0.00064810031805929383
0.00064810031805935314
0.00064810031805938263
0.00064810031805929383
0.00064810031805935314
0.00064810031805935314
0.00064810031805932354
0.00064810031805932354
0.00064810031805941244
0.00064810031805929383
0.00064810031805935314
0.00064810031805938263
0.00064810031805929383
0.00064810031805935314
0.00064810031805934338
0.00064810031805934338
0.00064810031805934327
0.00064810031805934381
0.00064810031805934306
0.00064810031805934381
0.00064810031805934381
0.00064810031805934295
0.00064810031805934197
0.0006481003180593449
0.00064810031805934381
0.00064810031805934295
0.0006481003180593449
0.00064810031805934197
0.00064810031805934197
0.00064810031805934392
0.00064810031805934587
0.00064810031805934197
0.00064810031805934587
0.00064810031805934024
0.00064810031805934587
0.00064810031805934197
0.00064810031805934197
0.00064810031805934392
0.00064810031805934587
0.00064810031805934392
0.00064810031805934219
0.00064810031805934587
0.00064810031805934219
0.00064810031805934219
0.00064810031805934587
0.00064810031805933839
0.00064810031805934587
0.00064810031805935314
0.00064810031805933839
0.00064810031805933839
0.00064810031805934587
0.00064810031805934219
0.00064810031805934587
0.00064810031805934577
0.00064810031805934197
0.00064810031805933839
0.00064810031805934587
0.00064810031805934587
0.00064810031805933839
0.00064810031805934945
0.00064810031805934219
0.00064810031805934577
0.00064810031805934219
0.00064810031805933839
0.00064810031805934219
0.00064810031805935314
0.00064810031805933839
0.00064810031805933839
0.00064810031805935314
0.00064810031805933839
0.00064810031805933839
0.00064810031805935314
0.00064810031805933839
0.00064810031805934577
0.00064810031805934577
0.00064810031805933839
0.00064810031805933839
0.00064810031805935314
0.00064810031805933839
0.00064810031805933839
0.00064810031805934577
0.00064810031805934577
0.00064810031805934577
0.00064810031805934577
0.00064810031805933839
0.00064810031805934577
0.00064810031805935314
0.0006481003180593308
0.00064810031805934577
0.00064810031805935314
0.0006481003180593308
0.00064810031805934577
0.00064810031805934577
0.0006481003180593308
0.00064810031805935314
0.00064810031805934577
0.00064810031805933839
0.00064810031805935314
0.00064810031805935314
0.00064810031805932365
0.00064810031805935314
0.00064810031805934577
0.00064810031805932354
0.00064810031805936799
0.00064810031805933839
0.0006481003180593308
0.00064810031805935314
0.00064810031805934577
0.0006481003180593308
0.00064810031805935314
0.00064810031805934577
0.00064810031805934577
0.0006481003180593308
0.00064810031805935314
0.00064810031805933839
0.00064810031805934577
0.00064810031805933839
0.00064810031805935314
0.00064810031805933839
0.00064810031805935314
0.00064810031805933839
0.00064810031805933839
0.00064810031805935314
0.00064810031805933839
0.00064810031805933839
0.00064810031805935314
0.00064810031805933839
0.00064810031805933839
0.00064810031805935314
0.00064810031805932354
0.00064810031805935314
0.00064810031805935314
0.00064810031805932354
0.00064810031805935314
0.00064810031805935314
0.00064810031805932354
0.00064810031805935314
0.00064810031805935314
0.00064810031805932354
0.00064810031805935314
0.00064810031805935314
0.00064810031805932354
0.00064810031805935314
0.00064810031805935314
0.00064810031805932354
0.00064810031805935314
0.00064810031805935314
0.00064810031805932354
0.00064810031805933839
0.00064810031805938274
0.00064810031805933839
0.00064810031805933839
0.00064810031805935314
0.00064810031805932365
0.00064810031805933839
0.00064810031805936788
0.00064810031805933839
0.00064810031805932354
0.00064810031805935314
0.00064810031805935314
0.00064810031805932354
0.00064810031805935314
0.00064810031805933839
0.00064810031805933839
0.00064810031805935314
0.00064810031805933839
0.00064810031805933839
0.00064810031805935314
0.00064810031805935314
0.00064810031805932354
0.00064810031805935314
0.00064810031805933839
0.00064810031805933839
0.00064810031805935314
0.00064810031805933839
0.00064810031805933839
0.00064810031805935314
0.00064810031805935314
0.00064810031805930879
0.00064810031805935314
0.00064810031805935314
0.00064810031805932365
0.00064810031805935314
0.00064810031805936788
0.00064810031805930879
0.00064810031805936788
0.00064810031805935314
0.00064810031805933839
0.00064810031805932354
0.00064810031805936788
0.00064810031805933839
0.00064810031805932354
0.00064810031805935314
0.00064810031805935314
0.00064810031805935314
0.00064810031805933839
0.00064810031805932354
0.00064810031805933839
0.00064810031805936788
0.00064810031805932354
0.00064810031805935314
0.00064810031805935314
0.00064810031805932354
0.00064810031805935314
0.00064810031805935314
0.00064810031805932354
0.00064810031805933839
0.00064810031805936788
0.00064810031805933839
0.00064810031805932365
0.00064810031805936788
0.00064810031805933839
0.00064810031805933839
0.00064810031805935314
0.00064810031805932354
0.00064810031805933839
0.00064810031805936788
0.00064810031805932354
0.00064810031805932365
0.00064810031805938274
0.00064810031805932354
0.00064810031805935314
0.00064810031805938263
0.00064810031805929383
0.00064810031805938274
0.00064810031805932354
0.00064810031805932354
0.00064810031805938274
0.00064810031805932354
0.00064810031805932354
0.00064810031805938274
0.00064810031805932354
0.00064810031805932354
0.00064810031805938274
0.00064810031805932354
0.00064810031805932354
0.00064810031805938274
0.00064810031805932354
0.00064810031805932354
0.00064810031805941244
0.00064810031805929383
0.00064810031805935314
0.00064810031805938263
0.00064810031805929383
0.00064810031805935314
0.00064810031805935314
0.00064810031805932354
0.00064810031805932354
0.00064810031805941244
0.00064810031805929383
0.00064810031805935314
0.00064810031805938263
0.00064810031805929383
0.00064810031805935314
0.00064810031805934338
0.00064810031805934338
0.00064810031805934327
0.00064810031805934381
0.00064810031805934306
0.00064810031805934381
0.00064810031805934381
0.00064810031805934295
0.00064810031805934197
0.0006481003180593449
0.00064810031805934381
0.00064810031805934295
0.0006481003180593449
0.00064810031805934197
0.00064810031805934197
0.00064810031805934392
0.00064810031805934587
0.00064810031805934197
0.00064810031805934587
0.00064810031805934024
0.00064810031805934587
0.00064810031805934197
0.00064810031805934197
0.00064810031805934392
0.00064810031805934587
0.00064810031805934392
0.00064810031805934219
0.00064810031805934587
0.00064810031805934219
0.00064810031805934219
0.00064810031805934587
0.00064810031805933839
0.00064810031805934587
0.00064810031805935314
0.00064810031805933839
0.00064810031805933839
0.00064810031805934587
0.00064810031805934219
0.00064810031805934587
0.00064810031805934577
0.00064810031805934197
0.00064810031805933839
0.00064810031805934587
0.00064810031805934587
0.00064810031805933839
0.00064810031805934945
0.00064810031805934219
0.00064810031805934577
0.00064810031805934219
0.00064810031805933839
0.00064810031805934219
0.00064810031805935314
0.00064810031805933839
0.00064810031805933839
0.00064810031805935314
0.00064810031805933839
0.00064810031805933839
0.00064810031805935314
0.00064810031805933839
0.00064810031805934577
0.00064810031805934577
0.00064810031805933839
0.00064810031805933839
0.00064810031805935314
0.00064810031805933839
0.00064810031805933839
0.00064810031805934577
0.00064810031805934577
0.00064810031805934577
0.00064810031805934577
0.00064810031805933839
0.00064810031805934577
0.00064810031805935314
0.0006481003180593308
0.00064810031805934577
0.00064810031805935314
0.0006481003180593308
0.00064810031805934577
0.00064810031805934577
0.0006481003180593308
0.00064810031805935314
0.00064810031805934577
0.00064810031805933839
0.00064810031805935314
0.00064810031805935314
0.00064810031805932365
0.00064810031805935314
0.00064810031805934577
0.00064810031805932354
0.00064810031805936799
0.00064810031805933839
0.0006481003180593308
0.00064810031805935314
0.00064810031805934577
0.0006481003180593308
0.00064810031805935314
0.00064810031805934577
0.00064810031805934577
0.0006481003180593308
0.00064810031805935314
0.00064810031805933839
0.00064810031805934577
0.00064810031805933839
0.00064810031805935314
0.00064810031805933839
0.00064810031805935314
0.00064810031805933839
0.00064810031805933839
0.00064810031805935314
0.00064810031805933839
0.00064810031805933839
0.00064810031805935314
0.00064810031805933839
0.00064810031805933839
0.00064810031805935314
0.00064810031805932354
0.00064810031805935314
0.00064810031805935314
0.00064810031805932354
0.00064810031805935314
0.00064810031805935314
0.00064810031805932354
0.00064810031805935314
0.00064810031805935314
0.00064810031805932354
0.00064810031805935314
0.00064810031805935314
0.00064810031805932354
0.00064810031805935314
0.00064810031805935314
0.00064810031805932354
0.00064810031805935314
0.00064810031805935314
0.00064810031805932354
0.00064810031805933839
0.00064810031805938274
0.00064810031805933839
0.00064810031805933839
0.00064810031805935314
0.00064810031805932365
0.00064810031805933839
0.00064810031805936788
0.00064810031805933839
0.00064810031805932354
0.00064810031805935314
0.00064810031805935314
0.00064810031805932354
0.00064810031805935314
0.00064810031805933839
0.00064810031805933839
0.00064810031805935314
0.00064810031805933839
0.00064810031805933839
0.00064810031805935314
0.00064810031805935314
0.00064810031805932354
0.00064810031805935314
0.00064810031805933839
0.00064810031805933839
0.00064810031805935314
0.00064810031805933839
0.00064810031805933839
0.00064810031805935314
0.00064810031805935314
0.00064810031805930879
0.00064810031805935314
0.00064810031805935314
0.00064810031805932365
0.00064810031805935314
0.00064810031805936788
0.00064810031805930879
0.00064810031805936788
0.00064810031805935314
0.00064810031805933839
0.00064810031805932354
0.00064810031805936788
0.00064810031805933839
0.00064810031805932354
0.00064810031805935314
0.00064810031805935314
0.00064810031805935314
0.00064810031805933839
0.00064810031805932354
0.00064810031805933839
0.00064810031805936788
0.00064810031805932354
0.00064810031805935314
0.00064810031805935314
0.00064810031805932354
0.00064810031805935314
0.00064810031805935314
0.00064810031805932354
0.00064810031805933839
0.00064810031805936788
0.00064810031805933839
0.00064810031805932365
0.00064810031805936788
0.00064810031805933839
0.00064810031805933839
0.00064810031805935314
0.00064810031805932354
0.00064810031805933839
0.00064810031805936788
0.00064810031805932354
0.00064810031805932365
0.00064810031805938274
0.00064810031805932354
0.00064810031805935314
0.00064810031805938263
0.00064810031805929383
0.00064810031805938274
0.00064810031805932354
0.00064810031805932354
0.00064810031805938274
0.00064810031805932354
0.00064810031805932354
0.00064810031805938274
0.00064810031805932354
0.00064810031805932354
0.00064810031805938274
0.00064810031805932354
0.00064810031805932354
0.00064810031805938274
0.00064810031805932354
0.00064810031805932354
0.00064810031805941244
0.00064810031805929383
0.00064810031805935314
0.00064810031805938263
0.00064810031805929383
0.00064810031805935314
0.00064810031805935314
0.00064810031805932354
0.00064810031805932354
0.00064810031805941244
0.00064810031805929383
0.00064810031805935314
0.00064810031805938263
0.00064810031805929383
0.00064810031805935314
0.0006481003180593436
0.00064810031805934338
0.0006481003180593436
0.00064810031805934306
0.00064810031805934295
0.00064810031805934425
0.00064810031805934381
0.00064810031805934295
0.00064810031805934197
0.00064810031805934587
0.00064810031805934295
0.00064810031805934295
0.0006481003180593449
0.00064810031805934024
0.00064810031805934392
0.00064810031805934392
0.00064810031805934219
0.00064810031805934587
0.00064810031805934197
0.00064810031805934392
0.00064810031805934587
0.00064810031805934197
0.00064810031805934197
0.00064810031805934392
0.00064810031805934761
0.00064810031805934219
0.00064810031805933839
0.00064810031805934577
0.00064810031805934219
0.00064810031805934219
0.00064810031805934577
0.00064810031805934587
0.00064810031805934219
0.00064810031805934219
0.00064810031805934945
0.00064810031805933839
0.00064810031805934587
0.00064810031805934219
0.00064810031805934219
0.00064810031805934587
0.00064810031805934219
0.00064810031805934219
0.00064810031805934587
0.00064810031805934219
0.00064810031805934219
0.00064810031805934945
0.00064810031805933839
0.00064810031805934587
0.00064810031805934587
0.00064810031805933839
0.00064810031805934945
0.00064810031805934577
0.00064810031805933839
0.00064810031805934577
0.00064810031805934577
0.00064810031805933839
0.00064810031805933839
0.00064810031805935314
0.00064810031805933839
0.00064810031805933839
0.00064810031805935314
0.0006481003180593308
0.00064810031805935314
0.00064810031805934577
0.00064810031805933839
0.00064810031805933839
0.00064810031805934577
0.00064810031805934577
0.00064810031805934577
0.00064810031805934577
0.00064810031805933839
0.00064810031805934577
0.00064810031805934577
0.0006481003180593308
0.00064810031805935314
0.00064810031805933839
0.00064810031805934577
0.00064810031805934577
0.00064810031805934577
0.00064810031805934577
0.00064810031805933839
0.00064810031805934577
0.00064810031805933839
0.00064810031805935314
0.00064810031805933839
0.00064810031805933839
0.00064810031805935314
0.00064810031805933839
0.00064810031805934577
0.00064810031805935314
0.0006481003180593308
0.00064810031805933839
0.00064810031805935314
0.00064810031805933839
0.00064810031805933839
0.00064810031805935314
0.00064810031805934577
0.0006481003180593308
0.00064810031805934577
0.00064810031805934577
0.00064810031805933839
0.00064810031805933839
0.00064810031805935314
0.00064810031805935314
0.00064810031805933839
0.00064810031805935314
0.00064810031805933839
0.00064810031805933839
0.00064810031805935314
0.00064810031805933839
0.00064810031805933839
0.00064810031805935314
0.00064810031805933839
0.00064810031805933839
0.00064810031805933839
0.00064810031805935314
0.00064810031805933839
0.00064810031805933839
0.00064810031805933839
0.00064810031805935314
0.00064810031805933839
0.00064810031805935314
0.00064810031805935314
0.00064810031805933839
0.00064810031805932354
0.00064810031805935314
0.00064810031805935314
0.00064810031805932354
0.00064810031805935314
0.00064810031805936788
0.00064810031805930879
0.00064810031805935314
0.00064810031805933839
0.00064810031805935314
0.00064810031805933839
0.00064810031805936788
0.00064810031805930879
0.00064810031805936788
0.00064810031805932354
0.00064810031805935314
0.00064810031805932365
0.00064810031805938274
0.00064810031805933839
0.00064810031805933839
0.00064810031805932354
0.00064810031805935314
0.00064810031805935314
0.00064810031805933839
0.00064810031805933839
0.00064810031805935314
0.00064810031805933839
0.00064810031805936788
0.00064810031805932365
0.00064810031805933839
0.00064810031805933839
0.00064810031805932365
0.00064810031805936788
0.00064810031805935314
0.00064810031805933839
0.00064810031805932354
0.00064810031805936788
0.00064810031805933839
0.00064810031805932354
0.00064810031805935314
0.00064810031805935314
0.00064810031805933839
0.00064810031805935314
0.00064810031805930879
0.00064810031805936788
0.00064810031805935314
0.00064810031805932354
0.00064810031805936788
0.00064810031805933839
0.00064810031805935314
0.00064810031805932365
0.00064810031805935314
0.00064810031805932354
0.00064810031805935314
0.00064810031805936788
0.00064810031805930879
0.00064810031805933839
0.00064810031805938274
0.00064810031805933839
0.00064810031805932365
0.00064810031805936788
0.00064810031805930879
0.00064810031805933839
0.00064810031805935314
0.00064810031805933839
0.00064810031805933839
0.00064810031805938274
0.00064810031805930879
0.00064810031805933839
0.00064810031805938274
0.00064810031805932365
0.00064810031805933839
0.00064810031805936788
0.00064810031805932365
0.00064810031805935314
0.00064810031805933839
0.00064810031805935314
0.00064810031805933839
0.00064810031805933839
0.00064810031805932354
0.00064810031805932365
0.00064810031805938274
0.00064810031805935314
0.00064810031805935314
0.00064810031805935314
0.00064810031805935314
0.00064810031805935314
0.00064810031805929383
0.00064810031805935314
0.00064810031805935314
0.00064810031805932354
0.00064810031805932354
0.00064810031805938274
0.00064810031805932354
0.00064810031805935314
0.00064810031805935314
0.00064810031805932354
0.00064810031805935314
0.00064810031805935314
0.00064810031805932354
0.00064810031805935314
0.00064810031805935314
0.00064810031805932354
0.00064810031805932354
0.00064810031805938274
0.00064810031805932354
0.00064810031805935314
0.00064810031805935314
0.00064810031805929383
0.00064810031805938274
0.00064810031805935314
0.00064810031805929383
0.00064810031805938274
0.00064810031805935314
0.00064810031805932354
0.00064810031805935314
0.00064810031805934338
0.00064810031805934338
0.00064810031805934327
0.00064810031805934381
0.00064810031805934306
0.00064810031805934381
0.00064810031805934381
0.00064810031805934295
0.00064810031805934197
0.0006481003180593449
0.00064810031805934381
0.00064810031805934295
0.0006481003180593449
0.00064810031805934197
0.00064810031805934197
0.00064810031805934392
0.00064810031805934587
0.00064810031805934197
0.00064810031805934587
0.00064810031805934024
0.00064810031805934587
0.00064810031805934197
0.00064810031805934197
0.00064810031805934392
0.00064810031805934587
0.00064810031805934392
0.00064810031805934219
0.00064810031805934587
0.00064810031805934219
0.00064810031805934219
0.00064810031805934587
0.00064810031805933839
0.00064810031805934587
0.00064810031805935314
0.00064810031805933839
0.00064810031805933839
0.00064810031805934587
0.00064810031805934219
0.00064810031805934587
0.00064810031805934577
0.00064810031805934197
0.00064810031805933839
0.00064810031805934587
0.00064810031805934587
0.00064810031805933839
0.00064810031805934945
0.00064810031805934219
0.00064810031805934577
0.00064810031805934219
0.00064810031805933839
0.00064810031805934219
0.00064810031805935314
0.00064810031805933839
0.00064810031805933839
0.00064810031805935314
0.00064810031805933839
0.00064810031805933839
0.00064810031805935314
0.00064810031805933839
0.00064810031805934577
0.00064810031805934577
0.00064810031805933839
0.00064810031805933839
0.00064810031805935314
0.00064810031805933839
0.00064810031805933839
0.00064810031805934577
0.00064810031805934577
0.00064810031805934577
0.00064810031805934577
0.00064810031805933839
0.00064810031805934577
0.00064810031805935314
0.0006481003180593308
0.00064810031805934577
0.00064810031805935314
0.0006481003180593308
0.00064810031805934577
0.00064810031805934577
0.0006481003180593308
0.00064810031805935314
0.00064810031805934577
0.00064810031805933839
0.00064810031805935314
0.00064810031805935314
0.00064810031805932365
0.00064810031805935314
0.00064810031805934577
0.00064810031805932354
0.00064810031805936799
0.00064810031805933839
0.0006481003180593308
0.00064810031805935314
0.00064810031805934577
0.0006481003180593308
0.00064810031805935314
0.00064810031805934577
0.00064810031805934577
0.0006481003180593308
0.00064810031805935314
0.00064810031805933839
0.00064810031805934577
0.00064810031805933839
0.00064810031805935314
0.00064810031805933839
0.00064810031805935314
0.00064810031805933839
0.00064810031805933839
0.00064810031805935314
0.00064810031805933839
0.00064810031805933839
0.00064810031805935314
0.00064810031805933839
0.00064810031805933839
0.00064810031805935314
0.00064810031805932354
0.00064810031805935314
0.00064810031805935314
0.00064810031805932354
0.00064810031805935314
0.00064810031805935314
0.00064810031805932354
0.00064810031805935314
0.00064810031805935314
0.00064810031805932354
0.00064810031805935314
0.00064810031805935314
0.00064810031805932354
0.00064810031805935314
0.00064810031805935314
0.00064810031805932354
0.00064810031805935314
0.00064810031805935314
0.00064810031805932354
0.00064810031805933839
0.00064810031805938274
0.00064810031805933839
0.00064810031805933839
0.00064810031805935314
0.00064810031805932365
0.00064810031805933839
0.00064810031805936788
0.00064810031805933839
0.00064810031805932354
0.00064810031805935314
0.00064810031805935314
0.00064810031805932354
0.00064810031805935314
0.00064810031805933839
0.00064810031805933839
0.00064810031805935314
0.00064810031805933839
0.00064810031805933839
0.00064810031805935314
0.00064810031805935314
0.00064810031805932354
0.00064810031805935314
0.00064810031805933839
0.00064810031805933839
0.00064810031805935314
0.00064810031805933839
0.00064810031805933839
0.00064810031805935314
0.00064810031805935314
0.00064810031805930879
0.00064810031805935314
0.00064810031805935314
0.00064810031805932365
0.00064810031805935314
0.00064810031805936788
0.00064810031805930879
0.00064810031805936788
0.00064810031805935314
0.00064810031805933839
0.00064810031805932354
0.00064810031805936788
0.00064810031805933839
0.00064810031805932354
0.00064810031805935314
0.00064810031805935314
0.00064810031805935314
0.00064810031805933839
0.00064810031805932354
0.00064810031805933839
0.00064810031805936788
0.00064810031805932354
0.00064810031805935314
0.00064810031805935314
0.00064810031805932354
0.00064810031805935314
0.00064810031805935314
0.00064810031805932354
0.00064810031805933839
0.00064810031805936788
0.00064810031805933839
0.00064810031805932365
0.00064810031805936788
0.00064810031805933839
0.00064810031805933839
0.00064810031805935314
0.00064810031805932354
0.00064810031805933839
0.00064810031805936788
0.00064810031805932354
0.00064810031805932365
0.00064810031805938274
0.00064810031805932354
0.00064810031805935314
0.00064810031805938263
0.00064810031805929383
0.00064810031805938274
0.00064810031805932354
0.00064810031805932354
0.00064810031805938274
0.00064810031805932354
0.00064810031805932354
0.00064810031805938274
0.00064810031805932354
0.00064810031805932354
0.00064810031805938274
0.00064810031805932354
0.00064810031805932354
0.00064810031805938274
0.00064810031805932354
0.00064810031805932354
0.00064810031805941244
0.00064810031805929383
0.00064810031805935314
0.00064810031805938263
0.00064810031805929383
0.00064810031805935314
0.00064810031805935314
0.00064810031805932354
0.00064810031805932354
0.00064810031805941244
0.00064810031805929383
0.00064810031805935314
0.00064810031805938263
0.00064810031805929383
0.00064810031805935314
0.00064810031805933991
0.00064810031805933991
0.00064810031805933969
0.00064810031805933926
0.00064810031805933969
0.00064810031805934024
0.00064810031805934024
0.00064810031805934024
0.00064810031805933926
0.00064810031805933926
0.00064810031805934024
0.00064810031805933926
0.0006481003180593411
0.00064810031805933839
0.00064810031805933839
0.00064810031805934197
0.00064810031805934219
0.00064810031805933839
0.00064810031805933839
0.00064810031805933655
0.00064810031805934219
0.00064810031805934197
0.00064810031805933655
0.00064810031805934392
0.00064810031805933839
0.00064810031805933655
0.00064810031805934197
0.00064810031805934197
0.00064810031805933839
0.00064810031805933839
0.00064810031805934197
0.00064810031805933839
0.00064810031805933839
0.00064810031805934566
0.0006481003180593346
0.00064810031805934197
0.00064810031805933839
0.00064810031805933839
0.00064810031805934197
0.00064810031805933839
0.00064810031805934197
0.00064810031805933839
0.00064810031805934197
0.0006481003180593346
0.00064810031805933839
0.00064810031805934566
0.00064810031805933839
0.00064810031805933839
0.00064810031805934197
0.00064810031805933839
0.0006481003180593346
0.00064810031805934934
0.0006481003180593346
0.0006481003180593346
0.00064810031805934934
0.0006481003180593346
0.00064810031805934197
0.00064810031805934197
0.0006481003180593346
0.0006481003180593346
0.00064810031805934934
0.0006481003180593346
0.0006481003180593346
0.00064810031805934934
0.0006481003180593346
0.0006481003180593346
0.00064810031805934197
0.00064810031805934197
0.00064810031805934197
0.00064810031805934197
0.0006481003180593346
0.00064810031805934934
0.00064810031805933449
0.0006481003180593346
0.00064810031805933449
0.00064810031805935682
0.00064810031805932723
0.00064810031805934197
0.00064810031805934197
0.00064810031805932723
0.00064810031805934945
0.00064810031805934197
0.0006481003180593346
0.00064810031805934934
0.0006481003180593346
0.0006481003180593346
0.00064810031805934934
0.00064810031805934197
0.00064810031805932723
0.00064810031805934197
0.00064810031805934934
0.00064810031805931975
0.00064810031805935682
0.0006481003180593346
0.00064810031805931975
0.00064810031805935682
0.00064810031805934197
0.00064810031805934197
0.00064810031805932723
0.00064810031805934945
0.00064810031805934197
0.00064810031805934197
0.00064810031805933449
0.00064810031805934934
0.00064810031805933449
0.00064810031805934934
0.00064810031805931975
0.00064810031805934934
0.00064810031805934934
0.00064810031805931975
0.00064810031805934934
0.00064810031805934934
0.00064810031805931975
0.00064810031805934934
0.00064810031805934934
0.00064810031805931975
0.00064810031805934934
0.00064810031805933449
0.00064810031805934934
0.00064810031805933449
0.00064810031805934934
0.00064810031805931975
0.00064810031805934934
0.00064810031805934934
0.00064810031805933449
0.00064810031805933449
0.00064810031805934934
0.00064810031805933449
0.00064810031805933449
0.00064810031805933449
0.00064810031805934934
0.00064810031805933449
0.00064810031805934934
0.00064810031805933449
0.00064810031805933449
0.00064810031805934934
0.00064810031805933449
0.00064810031805934934
0.00064810031805931975
0.00064810031805933449
0.00064810031805934934
0.00064810031805934934
0.00064810031805934934
0.00064810031805933449
0.00064810031805933449
0.00064810031805934934
0.00064810031805933449
0.00064810031805934934
0.0006481003180593346
0.00064810031805931975
0.00064810031805933449
0.00064810031805934934
0.00064810031805933449
0.00064810031805933449
0.00064810031805934934
0.00064810031805934934
0.00064810031805933449
0.00064810031805933449
0.00064810031805934934
0.00064810031805933449
0.00064810031805933449
0.00064810031805933449
0.0006481003180593642
0.00064810031805931975
0.00064810031805933449
0.00064810031805934934
0.0006481003180593642
0.00064810031805931975
0.00064810031805933449
0.00064810031805934934
0.00064810031805933449
0.00064810031805933449
0.00064810031805937905
0.000648100318059305
0.00064810031805933449
0.0006481003180593642
0.00064810031805931975
0.00064810031805933449
0.00064810031805934934
0.00064810031805931975
0.00064810031805933449
0.00064810031805934934
0.00064810031805934934
0.00064810031805931975
0.00064810031805937905
0.00064810031805931975
0.00064810031805934934
0.00064810031805933449
0.00064810031805931975
0.00064810031805933449
0.00064810031805934934
0.0006481003180593642
0.0006481003180593346
0.00064810031805933449
0.00064810031805934934
0.00064810031805931975
0.00064810031805933449
0.00064810031805934934
0.00064810031805933449
0.0006481003180593642
0.000648100318059305
0.0006481003180593642
0.00064810031805931975
0.0006481003180593642
0.00064810031805929025
0.00064810031805937905
0.00064810031805931975
0.00064810031805934934
0.00064810031805934934
0.00064810031805931975
0.00064810031805937905
0.00064810031805931975
0.00064810031805931975
0.00064810031805940843
0.00064810031805929025
0.00064810031805931975
0.00064810031805937905
0.00064810031805931975
0.00064810031805931975
0.00064810031805940843
0.00064810031805929025
0.00064810031805931975
0.00064810031805937905
0.00064810031805931975
0.00064810031805931975
0.00064810031805937905
0.00064810031805931975
0.00064810031805934934
0.00064810031805934934
0.00064810031805931975
0.00064810031805931975
0.00064810031805937905
0.00064810031805931975
0.00064810031805931975
0.00064810031805937905
0.00064810031805931975
0.00064810031805931975
0.00064810031805937905
0.00064810031805931975
0.00064810031805931975
0.0006481003180593436
0.0006481003180593436
0.00064810031805934338
0.00064810031805934306
0.00064810031805934338
0.00064810031805934381
0.00064810031805934381
0.00064810031805934295
0.00064810031805934197
0.0006481003180593449
0.00064810031805934295
0.00064810031805934381
0.0006481003180593449
0.00064810031805934197
0.00064810031805934197
0.00064810031805934392
0.00064810031805934587
0.00064810031805934197
0.00064810031805934197
0.00064810031805934219
0.00064810031805934403
0.00064810031805934587
0.00064810031805934197
0.00064810031805934761
0.00064810031805934219
0.00064810031805934392
0.00064810031805934219
0.00064810031805934587
0.00064810031805934219
0.00064810031805934219
0.00064810031805934587
0.00064810031805934577
0.00064810031805933839
0.00064810031805934587
0.00064810031805934577
0.00064810031805934219
0.00064810031805934577
0.00064810031805933839
0.00064810031805934587
0.00064810031805934577
0.0006481003180593346
0.00064810031805934577
0.00064810031805934587
0.00064810031805934587
0.00064810031805934219
0.00064810031805934577
0.00064810031805934219
0.00064810031805934219
0.00064810031805934945
0.00064810031805934197
0.00064810031805934197
0.00064810031805934577
0.00064810031805933839
0.00064810031805933839
0.00064810031805935314
0.0006481003180593308
0.00064810031805934577
0.00064810031805935314
0.00064810031805933839
0.00064810031805934577
0.00064810031805934577
0.0006481003180593308
0.00064810031805934577
0.00064810031805935314
0.00064810031805933839
0.00064810031805933839
0.00064810031805934577
0.00064810031805934577
0.00064810031805934577
0.00064810031805933839
0.00064810031805934577
0.00064810031805934577
0.00064810031805934577
0.0006481003180593308
0.00064810031805935314
0.00064810031805935314
0.0006481003180593308
0.00064810031805934577
0.00064810031805934577
0.00064810031805934577
0.00064810031805934577
0.00064810031805933839
0.00064810031805933839
0.00064810031805935314
0.00064810031805933839
0.00064810031805933839
0.00064810031805935314
0.00064810031805933839
0.0006481003180593308
0.00064810031805935314
0.00064810031805934577
0.00064810031805933839
0.00064810031805934577
0.00064810031805934577
0.00064810031805933839
0.00064810031805935314
0.00064810031805934577
0.0006481003180593308
0.00064810031805934577
0.00064810031805935314
0.00064810031805932365
0.00064810031805936062
0.00064810031805933839
0.00064810031805935314
0.00064810031805933839
0.00064810031805935314
0.00064810031805933839
0.00064810031805933839
0.00064810031805935314
0.00064810031805933839
0.00064810031805933839
0.00064810031805935314
0.00064810031805932354
0.00064810031805935314
0.00064810031805933839
0.00064810031805935314
0.00064810031805933839
0.00064810031805935314
0.00064810031805933839
0.00064810031805933839
0.00064810031805933839
0.00064810031805935314
0.00064810031805933839
0.00064810031805935314
0.00064810031805932354
0.00064810031805935314
0.00064810031805933839
0.00064810031805935314
0.00064810031805933839
0.00064810031805933839
0.00064810031805933839
0.00064810031805936788
0.00064810031805933839
0.00064810031805933839
0.00064810031805933839
0.00064810031805933839
0.00064810031805935314
0.00064810031805932365
0.00064810031805935314
0.00064810031805936788
0.00064810031805933839
0.00064810031805932354
0.00064810031805936788
0.00064810031805933839
0.00064810031805932354
0.00064810031805935314
0.00064810031805936788
0.00064810031805930879
0.00064810031805935314
0.00064810031805935314
0.00064810031805933839
0.00064810031805935314
0.00064810031805933839
0.00064810031805932354
0.00064810031805935314
0.00064810031805935314
0.00064810031805932354
0.00064810031805936788
0.00064810031805933839
0.00064810031805932354
0.00064810031805936788
0.00064810031805935314
0.00064810031805932365
0.00064810031805933839
0.00064810031805935314
0.00064810031805933839
0.00064810031805935314
0.00064810031805932354
0.00064810031805932365
0.00064810031805938274
0.00064810031805932354
0.00064810031805933839
0.00064810031805936788
0.00064810031805932354
0.00064810031805935314
0.00064810031805936788
0.00064810031805930879
0.00064810031805935314
0.00064810031805935314
0.00064810031805932354
0.00064810031805933839
0.00064810031805936788
0.00064810031805932354
0.00064810031805933839
0.00064810031805938274
0.00064810031805930879
0.00064810031805935314
0.00064810031805933839
0.00064810031805936788
0.00064810031805930879
0.00064810031805938274
0.00064810031805933839
0.00064810031805932365
0.00064810031805935314
0.00064810031805933839
0.00064810031805933839
0.00064810031805935314
0.00064810031805933839
0.00064810031805935314
0.00064810031805935314
0.00064810031805933839
0.00064810031805932354
0.00064810031805936788
0.00064810031805932365
0.00064810031805930879
0.00064810031805938274
0.00064810031805932354
0.00064810031805935314
0.00064810031805935314
0.00064810031805935314
0.00064810031805935314
0.00064810031805929383
0.00064810031805938274
0.00064810031805935314
0.00064810031805932354
0.00064810031805932354
0.00064810031805938274
0.00064810031805932354
0.00064810031805932354
0.00064810031805938274
0.00064810031805932354
0.00064810031805932354
0.00064810031805938274
0.00064810031805932354
0.00064810031805932354
0.00064810031805938274
0.00064810031805932354
0.00064810031805932354
0.00064810031805941244
0.00064810031805929383
0.00064810031805932354
0.00064810031805938274
0.00064810031805932354
0.00064810031805932354
0.00064810031805938274
0.00064810031805929383
0.00064810031805935314
0.00064810031805941244
0.00064810031805929383
0.00064810031805932354
0.0006481003180593436
0.00064810031805934338
0.0006481003180593436
0.00064810031805934306
0.00064810031805934295
0.00064810031805934425
0.00064810031805934381
0.00064810031805934295
0.00064810031805934197
0.00064810031805934587
0.00064810031805934295
0.00064810031805934295
0.0006481003180593449
0.00064810031805934024
0.00064810031805934392
0.00064810031805934392
0.00064810031805934219
0.00064810031805934587
0.00064810031805934197
0.00064810031805934392
0.00064810031805934587
0.00064810031805934197
0.00064810031805934197
0.00064810031805934392
0.00064810031805934761
0.00064810031805934219
0.00064810031805933839
0.00064810031805934577
0.00064810031805934219
0.00064810031805934219
0.00064810031805934577
0.00064810031805934587
0.00064810031805934219
0.00064810031805934219
0.00064810031805934945
0.00064810031805933839
0.00064810031805934587
0.00064810031805934219
0.00064810031805934219
0.00064810031805934587
0.00064810031805934219
0.00064810031805934219
0.00064810031805934587
0.00064810031805934219
0.00064810031805934219
0.00064810031805934945
0.00064810031805933839
0.00064810031805934587
0.00064810031805934587
0.00064810031805933839
0.00064810031805934945
0.00064810031805934577
0.00064810031805933839
0.00064810031805934577
0.00064810031805934577
0.00064810031805933839
0.00064810031805933839
0.00064810031805935314
0.00064810031805933839
0.00064810031805933839
0.00064810031805935314
0.0006481003180593308
0.00064810031805935314
0.00064810031805934577
0.00064810031805933839
0.00064810031805933839
0.00064810031805934577
0.00064810031805934577
0.00064810031805934577
0.00064810031805934577
0.00064810031805933839
0.00064810031805934577
0.00064810031805934577
0.0006481003180593308
0.00064810031805935314
0.00064810031805933839
0.00064810031805934577
0.00064810031805934577
0.00064810031805934577
0.00064810031805934577
0.00064810031805933839
0.00064810031805934577
0.00064810031805933839
0.00064810031805935314
0.00064810031805933839
0.00064810031805933839
0.00064810031805935314
0.00064810031805933839
0.00064810031805934577
0.00064810031805935314
0.0006481003180593308
0.00064810031805933839
0.00064810031805935314
0.00064810031805933839
0.00064810031805933839
0.00064810031805935314
0.00064810031805934577
0.0006481003180593308
0.00064810031805934577
0.00064810031805934577
0.00064810031805933839
0.00064810031805933839
0.00064810031805935314
0.00064810031805935314
0.00064810031805933839
0.00064810031805935314
0.00064810031805933839
0.00064810031805933839
0.00064810031805935314
0.00064810031805933839
0.00064810031805933839
0.00064810031805935314
0.00064810031805933839
0.00064810031805933839
0.00064810031805933839
0.00064810031805935314
0.00064810031805933839
0.00064810031805933839
0.00064810031805933839
0.00064810031805935314
0.00064810031805933839
0.00064810031805935314
0.00064810031805935314
0.00064810031805933839
0.00064810031805932354
0.00064810031805935314
0.00064810031805935314
0.00064810031805932354
0.00064810031805935314
0.00064810031805936788
0.00064810031805930879
0.00064810031805935314
0.00064810031805933839
0.00064810031805935314
0.00064810031805933839
0.00064810031805936788
0.00064810031805930879
0.00064810031805936788
0.00064810031805932354
0.00064810031805935314
0.00064810031805932365
0.00064810031805938274
0.00064810031805933839
0.00064810031805933839
0.00064810031805932354
0.00064810031805935314
0.00064810031805935314
0.00064810031805933839
0.00064810031805933839
0.00064810031805935314
0.00064810031805933839
0.00064810031805936788
0.00064810031805932365
0.00064810031805933839
0.00064810031805933839
0.00064810031805932365
0.00064810031805936788
0.00064810031805935314
0.00064810031805933839
0.00064810031805932354
0.00064810031805936788
0.00064810031805933839
0.00064810031805932354
0.00064810031805935314
0.00064810031805935314
0.00064810031805933839
0.00064810031805935314
0.00064810031805930879
0.00064810031805936788
0.00064810031805935314
0.00064810031805932354
0.00064810031805936788
0.00064810031805933839
0.00064810031805935314
0.00064810031805932365
0.00064810031805935314
0.00064810031805932354
0.00064810031805935314
0.00064810031805936788
0.00064810031805930879
0.00064810031805933839
0.00064810031805938274
0.00064810031805933839
0.00064810031805932365
0.00064810031805936788
0.00064810031805930879
0.00064810031805933839
0.00064810031805935314
0.00064810031805933839
0.00064810031805933839
0.00064810031805938274
0.00064810031805930879
0.00064810031805933839
0.00064810031805938274
0.00064810031805932365
0.00064810031805933839
0.00064810031805936788
0.00064810031805932365
0.00064810031805935314
0.00064810031805933839
0.00064810031805935314
0.00064810031805933839
0.00064810031805933839
0.00064810031805932354
0.00064810031805932365
0.00064810031805938274
0.00064810031805935314
0.00064810031805935314
0.00064810031805935314
0.00064810031805935314
0.00064810031805935314
0.00064810031805929383
0.00064810031805935314
0.00064810031805935314
0.00064810031805932354
0.00064810031805932354
0.00064810031805938274
0.00064810031805932354
0.00064810031805935314
0.00064810031805935314
0.00064810031805932354
0.00064810031805935314
0.00064810031805935314
0.00064810031805932354
0.00064810031805935314
0.00064810031805935314
0.00064810031805932354
0.00064810031805932354
0.00064810031805938274
0.00064810031805932354
0.00064810031805935314
0.00064810031805935314
0.00064810031805929383
0.00064810031805938274
0.00064810031805935314
0.00064810031805929383
0.00064810031805938274
0.00064810031805935314
0.00064810031805932354
0.00064810031805935314
0.0006481003180593436
0.0006481003180593436
0.00064810031805934338
0.00064810031805934306
0.00064810031805934338
0.00064810031805934381
0.00064810031805934381
0.00064810031805934295
0.00064810031805934197
0.0006481003180593449
0.00064810031805934295
0.00064810031805934381
0.0006481003180593449
0.00064810031805934197
0.00064810031805934197
0.00064810031805934392
0.00064810031805934587
0.00064810031805934197
0.00064810031805934197
0.00064810031805934219
0.00064810031805934403
0.00064810031805934587
0.00064810031805934197
0.00064810031805934761
0.00064810031805934219
0.00064810031805934392
0.00064810031805934219
0.00064810031805934587
0.00064810031805934219
0.00064810031805934219
0.00064810031805934587
0.00064810031805934577
0.00064810031805933839
0.00064810031805934587
0.00064810031805934577
0.00064810031805934219
0.00064810031805934577
0.00064810031805933839
0.00064810031805934587
0.00064810031805934577
0.0006481003180593346
0.00064810031805934577
0.00064810031805934587
0.00064810031805934587
0.00064810031805934219
0.00064810031805934577
0.00064810031805934219
0.00064810031805934219
0.00064810031805934945
0.00064810031805934197
0.00064810031805934197
0.00064810031805934577
0.00064810031805933839
0.00064810031805933839
0.00064810031805935314
0.0006481003180593308
0.00064810031805934577
0.00064810031805935314
0.00064810031805933839
0.00064810031805934577
0.00064810031805934577
0.0006481003180593308
0.00064810031805934577
0.00064810031805935314
0.00064810031805933839
0.00064810031805933839
0.00064810031805934577
0.00064810031805934577
0.00064810031805934577
0.00064810031805933839
0.00064810031805934577
0.00064810031805934577
0.00064810031805934577
0.0006481003180593308
0.00064810031805935314
0.00064810031805935314
0.0006481003180593308
0.00064810031805934577
0.00064810031805934577
0.00064810031805934577
0.00064810031805934577
0.00064810031805933839
0.00064810031805933839
0.00064810031805935314
0.00064810031805933839
0.00064810031805933839
0.00064810031805935314
0.00064810031805933839
0.0006481003180593308
0.00064810031805935314
0.00064810031805934577
0.00064810031805933839
0.00064810031805934577
0.00064810031805934577
0.00064810031805933839
0.00064810031805935314
0.00064810031805934577
0.0006481003180593308
0.00064810031805934577
0.00064810031805935314
0.00064810031805932365
0.00064810031805936062
0.00064810031805933839
0.00064810031805935314
0.00064810031805933839
0.00064810031805935314
0.00064810031805933839
0.00064810031805933839
0.00064810031805935314
0.00064810031805933839
0.00064810031805933839
0.00064810031805935314
0.00064810031805932354
0.00064810031805935314
0.00064810031805933839
0.00064810031805935314
0.00064810031805933839
0.00064810031805935314
0.00064810031805933839
0.00064810031805933839
0.00064810031805933839
0.00064810031805935314
0.00064810031805933839
0.00064810031805935314
0.00064810031805932354
0.00064810031805935314
0.00064810031805933839
0.00064810031805935314
0.00064810031805933839
0.00064810031805933839
0.00064810031805933839
0.00064810031805936788
0.00064810031805933839
0.00064810031805933839
0.00064810031805933839
0.00064810031805933839
0.00064810031805935314
0.00064810031805932365
0.00064810031805935314
0.00064810031805936788
0.00064810031805933839
0.00064810031805932354
0.00064810031805936788
0.00064810031805933839
0.00064810031805932354
0.00064810031805935314
0.00064810031805936788
0.00064810031805930879
0.00064810031805935314
0.00064810031805935314
0.00064810031805933839
0.00064810031805935314
0.00064810031805933839
0.00064810031805932354
0.00064810031805935314
0.00064810031805935314
0.00064810031805932354
0.00064810031805936788
0.00064810031805933839
0.00064810031805932354
0.00064810031805936788
0.00064810031805935314
0.00064810031805932365
0.00064810031805933839
0.00064810031805935314
0.00064810031805933839
0.00064810031805935314
0.00064810031805932354
0.00064810031805932365
0.00064810031805938274
0.00064810031805932354
0.00064810031805933839
0.00064810031805936788
0.00064810031805932354
0.00064810031805935314
0.00064810031805936788
0.00064810031805930879
0.00064810031805935314
0.00064810031805935314
0.00064810031805932354
0.00064810031805933839
0.00064810031805936788
0.00064810031805932354
0.00064810031805933839
0.00064810031805938274
0.00064810031805930879
0.00064810031805935314
0.00064810031805933839
0.00064810031805936788
0.00064810031805930879
0.00064810031805938274
0.00064810031805933839
0.00064810031805932365
0.00064810031805935314
0.00064810031805933839
0.00064810031805933839
0.00064810031805935314
0.00064810031805933839
0.00064810031805935314
0.00064810031805935314
0.00064810031805933839
0.00064810031805932354
0.00064810031805936788
0.00064810031805932365
0.00064810031805930879
0.00064810031805938274
0.00064810031805932354
0.00064810031805935314
0.00064810031805935314
0.00064810031805935314
0.00064810031805935314
0.00064810031805929383
0.00064810031805938274
0.00064810031805935314
0.00064810031805932354
0.00064810031805932354
0.00064810031805938274
0.00064810031805932354
0.00064810031805932354
0.00064810031805938274
0.00064810031805932354
0.00064810031805932354
0.00064810031805938274
0.00064810031805932354
0.00064810031805932354
0.00064810031805938274
0.00064810031805932354
0.00064810031805932354
0.00064810031805941244
0.00064810031805929383
0.00064810031805932354
0.00064810031805938274
0.00064810031805932354
0.00064810031805932354
0.00064810031805938274
0.00064810031805929383
0.00064810031805935314
0.00064810031805941244
0.00064810031805929383
0.00064810031805932354
0.0006481003180593436
0.00064810031805934338
0.0006481003180593436
0.00064810031805934306
0.00064810031805934295
0.00064810031805934425
0.00064810031805934381
0.00064810031805934295
0.00064810031805934197
0.00064810031805934587
0.00064810031805934295
0.00064810031805934295
0.0006481003180593449
0.00064810031805934024
0.00064810031805934392
0.00064810031805934392
0.00064810031805934219
0.00064810031805934587
0.00064810031805934197
0.00064810031805934392
0.00064810031805934587
0.00064810031805934197
0.00064810031805934197
0.00064810031805934392
0.00064810031805934761
0.00064810031805934219
0.00064810031805933839
0.00064810031805934577
0.00064810031805934219
0.00064810031805934219
0.00064810031805934577
0.00064810031805934587
0.00064810031805934219
0.00064810031805934219
0.00064810031805934945
0.00064810031805933839
0.00064810031805934587
0.00064810031805934219
0.00064810031805934219
0.00064810031805934587
0.00064810031805934219
0.00064810031805934219
0.00064810031805934587
0.00064810031805934219
0.00064810031805934219
0.00064810031805934945
0.00064810031805933839
0.00064810031805934587
0.00064810031805934587
0.00064810031805933839
0.00064810031805934945
0.00064810031805934577
0.00064810031805933839
0.00064810031805934577
0.00064810031805934577
0.00064810031805933839
0.00064810031805933839
0.00064810031805935314
0.00064810031805933839
0.00064810031805933839
0.00064810031805935314
0.0006481003180593308
0.00064810031805935314
0.00064810031805934577
0.00064810031805933839
0.00064810031805933839
0.00064810031805934577
0.00064810031805934577
0.00064810031805934577
0.00064810031805934577
0.00064810031805933839
0.00064810031805934577
0.00064810031805934577
0.0006481003180593308
0.00064810031805935314
0.00064810031805933839
0.00064810031805934577
0.00064810031805934577
0.00064810031805934577
0.00064810031805934577
0.00064810031805933839
0.00064810031805934577
0.00064810031805933839
0.00064810031805935314
0.00064810031805933839
0.00064810031805933839
0.00064810031805935314
0.00064810031805933839
0.00064810031805934577
0.00064810031805935314
0.0006481003180593308
0.00064810031805933839
0.00064810031805935314
0.00064810031805933839
0.00064810031805933839
0.00064810031805935314
0.00064810031805934577
0.0006481003180593308
0.00064810031805934577
0.00064810031805934577
0.00064810031805933839
0.00064810031805933839
0.00064810031805935314
0.00064810031805935314
0.00064810031805933839
0.00064810031805935314
0.00064810031805933839
0.00064810031805933839
0.00064810031805935314
0.00064810031805933839
0.00064810031805933839
0.00064810031805935314
0.00064810031805933839
0.00064810031805933839
0.00064810031805933839
0.00064810031805935314
0.00064810031805933839
0.00064810031805933839
0.00064810031805933839
0.00064810031805935314
0.00064810031805933839
0.00064810031805935314
0.00064810031805935314
0.00064810031805933839
0.00064810031805932354
0.00064810031805935314
0.00064810031805935314
0.00064810031805932354
0.00064810031805935314
0.00064810031805936788
0.00064810031805930879
0.00064810031805935314
0.00064810031805933839
0.00064810031805935314
0.00064810031805933839
0.00064810031805936788
0.00064810031805930879
0.00064810031805936788
0.00064810031805932354
0.00064810031805935314
0.00064810031805932365
0.00064810031805938274
0.00064810031805933839
0.00064810031805933839
0.00064810031805932354
0.00064810031805935314
0.00064810031805935314
0.00064810031805933839
0.00064810031805933839
0.00064810031805935314
0.00064810031805933839
0.00064810031805936788
0.00064810031805932365
0.00064810031805933839
0.00064810031805933839
0.00064810031805932365
0.00064810031805936788
0.00064810031805935314
0.00064810031805933839
0.00064810031805932354
0.00064810031805936788
0.00064810031805933839
0.00064810031805932354
0.00064810031805935314
0.00064810031805935314
0.00064810031805933839
0.00064810031805935314
0.00064810031805930879
0.00064810031805936788
0.00064810031805935314
0.00064810031805932354
0.00064810031805936788
0.00064810031805933839
0.00064810031805935314
0.00064810031805932365
0.00064810031805935314
0.00064810031805932354
0.00064810031805935314
0.00064810031805936788
0.00064810031805930879
0.00064810031805933839
0.00064810031805938274
0.00064810031805933839
0.00064810031805932365
0.00064810031805936788
0.00064810031805930879
0.00064810031805933839
0.00064810031805935314
0.00064810031805933839
0.00064810031805933839
0.00064810031805938274
0.00064810031805930879
0.00064810031805933839
0.00064810031805938274
0.00064810031805932365
0.00064810031805933839
0.00064810031805936788
0.00064810031805932365
0.00064810031805935314
0.00064810031805933839
0.00064810031805935314
0.00064810031805933839
0.00064810031805933839
0.00064810031805932354
0.00064810031805932365
0.00064810031805938274
0.00064810031805935314
0.00064810031805935314
0.00064810031805935314
0.00064810031805935314
0.00064810031805935314
0.00064810031805929383
0.00064810031805935314
0.00064810031805935314
0.00064810031805932354
0.00064810031805932354
0.00064810031805938274
0.00064810031805932354
0.00064810031805935314
0.00064810031805935314
0.00064810031805932354
0.00064810031805935314
0.00064810031805935314
0.00064810031805932354
0.00064810031805935314
0.00064810031805935314
0.00064810031805932354
0.00064810031805932354
0.00064810031805938274
0.00064810031805932354
0.00064810031805935314
0.00064810031805935314
0.00064810031805929383
0.00064810031805938274
0.00064810031805935314
0.00064810031805929383
0.00064810031805938274
0.00064810031805935314
0.00064810031805932354
0.00064810031805935314
0.0006481003180593436
0.0006481003180593436
0.00064810031805934338
0.00064810031805934306
0.00064810031805934338
0.00064810031805934381
0.00064810031805934381
0.00064810031805934295
0.00064810031805934197
0.0006481003180593449
0.00064810031805934295
0.00064810031805934381
0.0006481003180593449
0.00064810031805934197
0.00064810031805934197
0.00064810031805934392
0.00064810031805934587
0.00064810031805934197
0.00064810031805934197
0.00064810031805934219
0.00064810031805934403
0.00064810031805934587
0.00064810031805934197
0.00064810031805934761
0.00064810031805934219
0.00064810031805934392
0.00064810031805934219
0.00064810031805934587
0.00064810031805934219
0.00064810031805934219
0.00064810031805934587
0.00064810031805934577
0.00064810031805933839
0.00064810031805934587
0.00064810031805934577
0.00064810031805934219
0.00064810031805934577
0.00064810031805933839
0.00064810031805934587
0.00064810031805934577
0.0006481003180593346
0.00064810031805934577
0.00064810031805934587
0.00064810031805934587
0.00064810031805934219
0.00064810031805934577
0.00064810031805934219
0.00064810031805934219
0.00064810031805934945
0.00064810031805934197
0.00064810031805934197
0.00064810031805934577
0.00064810031805933839
0.00064810031805933839
0.00064810031805935314
0.0006481003180593308
0.00064810031805934577
0.00064810031805935314
0.00064810031805933839
0.00064810031805934577
0.00064810031805934577
0.0006481003180593308
0.00064810031805934577
0.00064810031805935314
0.00064810031805933839
0.00064810031805933839
0.00064810031805934577
0.00064810031805934577
0.00064810031805934577
0.00064810031805933839
0.00064810031805934577
0.00064810031805934577
0.00064810031805934577
0.0006481003180593308
0.00064810031805935314
0.00064810031805935314
0.0006481003180593308
0.00064810031805934577
0.00064810031805934577
0.00064810031805934577
0.00064810031805934577
0.00064810031805933839
0.00064810031805933839
0.00064810031805935314
0.00064810031805933839
0.00064810031805933839
0.00064810031805935314
0.00064810031805933839
0.0006481003180593308
0.00064810031805935314
0.00064810031805934577
0.00064810031805933839
0.00064810031805934577
0.00064810031805934577
0.00064810031805933839
0.00064810031805935314
0.00064810031805934577
0.0006481003180593308
0.00064810031805934577
0.00064810031805935314
0.00064810031805932365
0.00064810031805936062
0.00064810031805933839
0.00064810031805935314
0.00064810031805933839
0.00064810031805935314
0.00064810031805933839
0.00064810031805933839
0.00064810031805935314
0.00064810031805933839
0.00064810031805933839
0.00064810031805935314
0.00064810031805932354
0.00064810031805935314
0.00064810031805933839
0.00064810031805935314
0.00064810031805933839
0.00064810031805935314
0.00064810031805933839
0.00064810031805933839
0.00064810031805933839
0.00064810031805935314
0.00064810031805933839
0.00064810031805935314
0.00064810031805932354
0.00064810031805935314
0.00064810031805933839
0.00064810031805935314
0.00064810031805933839
0.00064810031805933839
0.00064810031805933839
0.00064810031805936788
0.00064810031805933839
0.00064810031805933839
0.00064810031805933839
0.00064810031805933839
0.00064810031805935314
0.00064810031805932365
0.00064810031805935314
0.00064810031805936788
0.00064810031805933839
0.00064810031805932354
0.00064810031805936788
0.00064810031805933839
0.00064810031805932354
0.00064810031805935314
0.00064810031805936788
0.00064810031805930879
0.00064810031805935314
0.00064810031805935314
0.00064810031805933839
0.00064810031805935314
0.00064810031805933839
0.00064810031805932354
0.00064810031805935314
0.00064810031805935314
0.00064810031805932354
0.00064810031805936788
0.00064810031805933839
0.00064810031805932354
0.00064810031805936788
0.00064810031805935314
0.00064810031805932365
0.00064810031805933839
0.00064810031805935314
0.00064810031805933839
0.00064810031805935314
0.00064810031805932354
0.00064810031805932365
0.00064810031805938274
0.00064810031805932354
0.00064810031805933839
0.00064810031805936788
0.00064810031805932354
0.00064810031805935314
0.00064810031805936788
0.00064810031805930879
0.00064810031805935314
0.00064810031805935314
0.00064810031805932354
0.00064810031805933839
0.00064810031805936788
0.00064810031805932354
0.00064810031805933839
0.00064810031805938274
0.00064810031805930879
0.00064810031805935314
0.00064810031805933839
0.00064810031805936788
0.00064810031805930879
0.00064810031805938274
0.00064810031805933839
0.00064810031805932365
0.00064810031805935314
0.00064810031805933839
0.00064810031805933839
0.00064810031805935314
0.00064810031805933839
0.00064810031805935314
0.00064810031805935314
0.00064810031805933839
0.00064810031805932354
0.00064810031805936788
0.00064810031805932365
0.00064810031805930879
0.00064810031805938274
0.00064810031805932354
0.00064810031805935314
0.00064810031805935314
0.00064810031805935314
0.00064810031805935314
0.00064810031805929383
0.00064810031805938274
0.00064810031805935314
0.00064810031805932354
0.00064810031805932354
0.00064810031805938274
0.00064810031805932354
0.00064810031805932354
0.00064810031805938274
0.00064810031805932354
0.00064810031805932354
0.00064810031805938274
0.00064810031805932354
0.00064810031805932354
0.00064810031805938274
0.00064810031805932354
0.00064810031805932354
0.00064810031805941244
0.00064810031805929383
0.00064810031805932354
0.00064810031805938274
0.00064810031805932354
0.00064810031805932354
0.00064810031805938274
0.00064810031805929383
0.00064810031805935314
0.00064810031805941244
0.00064810031805929383
0.00064810031805932354
0.0006481003180593436
0.00064810031805934338
0.0006481003180593436
0.00064810031805934306
0.00064810031805934295
0.00064810031805934425
0.00064810031805934381
0.00064810031805934295
0.00064810031805934197
0.00064810031805934587
0.00064810031805934295
0.00064810031805934295
0.0006481003180593449
0.00064810031805934024
0.00064810031805934392
0.00064810031805934392
0.00064810031805934219
0.00064810031805934587
0.00064810031805934197
0.00064810031805934392
0.00064810031805934587
0.00064810031805934197
0.00064810031805934197
0.00064810031805934392
0.00064810031805934761
0.00064810031805934219
0.00064810031805933839
0.00064810031805934577
0.00064810031805934219
0.00064810031805934219
0.00064810031805934577
0.00064810031805934587
0.00064810031805934219
0.00064810031805934219
0.00064810031805934945
0.00064810031805933839
0.00064810031805934587
0.00064810031805934219
0.00064810031805934219
0.00064810031805934587
0.00064810031805934219
0.00064810031805934219
0.00064810031805934587
0.00064810031805934219
0.00064810031805934219
0.00064810031805934945
0.00064810031805933839
0.00064810031805934587
0.00064810031805934587
0.00064810031805933839
0.00064810031805934945
0.00064810031805934577
0.00064810031805933839
0.00064810031805934577
0.00064810031805934577
0.00064810031805933839
0.00064810031805933839
0.00064810031805935314
0.00064810031805933839
0.00064810031805933839
0.00064810031805935314
0.0006481003180593308
0.00064810031805935314
0.00064810031805934577
0.00064810031805933839
0.00064810031805933839
0.00064810031805934577
0.00064810031805934577
0.00064810031805934577
0.00064810031805934577
0.00064810031805933839
0.00064810031805934577
0.00064810031805934577
0.0006481003180593308
0.00064810031805935314
0.00064810031805933839
0.00064810031805934577
0.00064810031805934577
0.00064810031805934577
0.00064810031805934577
0.00064810031805933839
0.00064810031805934577
0.00064810031805933839
0.00064810031805935314
0.00064810031805933839
0.00064810031805933839
0.00064810031805935314
0.00064810031805933839
0.00064810031805934577
0.00064810031805935314
0.0006481003180593308
0.00064810031805933839
0.00064810031805935314
0.00064810031805933839
0.00064810031805933839
0.00064810031805935314
0.00064810031805934577
0.0006481003180593308
0.00064810031805934577
0.00064810031805934577
0.00064810031805933839
0.00064810031805933839
0.00064810031805935314
0.00064810031805935314
0.00064810031805933839
0.00064810031805935314
0.00064810031805933839
0.00064810031805933839
0.00064810031805935314
0.00064810031805933839
0.00064810031805933839
0.00064810031805935314
0.00064810031805933839
0.00064810031805933839
0.00064810031805933839
0.00064810031805935314
0.00064810031805933839
0.00064810031805933839
0.00064810031805933839
0.00064810031805935314
0.00064810031805933839
0.00064810031805935314
0.00064810031805935314
0.00064810031805933839
0.00064810031805932354
0.00064810031805935314
0.00064810031805935314
0.00064810031805932354
0.00064810031805935314
0.00064810031805936788
0.00064810031805930879
0.00064810031805935314
0.00064810031805933839
0.00064810031805935314
0.00064810031805933839
0.00064810031805936788
0.00064810031805930879
0.00064810031805936788
0.00064810031805932354
0.00064810031805935314
0.00064810031805932365
0.00064810031805938274
0.00064810031805933839
0.00064810031805933839
0.00064810031805932354
0.00064810031805935314
0.00064810031805935314
0.00064810031805933839
0.00064810031805933839
0.00064810031805935314
0.00064810031805933839
0.00064810031805936788
0.00064810031805932365
0.00064810031805933839
0.00064810031805933839
0.00064810031805932365
0.00064810031805936788
0.00064810031805935314
0.00064810031805933839
0.00064810031805932354
0.00064810031805936788
0.00064810031805933839
0.00064810031805932354
0.00064810031805935314
0.00064810031805935314
0.00064810031805933839
0.00064810031805935314
0.00064810031805930879
0.00064810031805936788
0.00064810031805935314
0.00064810031805932354
0.00064810031805936788
0.00064810031805933839
0.00064810031805935314
0.00064810031805932365
0.00064810031805935314
0.00064810031805932354
0.00064810031805935314
0.00064810031805936788
0.00064810031805930879
0.00064810031805933839
0.00064810031805938274
0.00064810031805933839
0.00064810031805932365
0.00064810031805936788
0.00064810031805930879
0.00064810031805933839
0.00064810031805935314
0.00064810031805933839
0.00064810031805933839
0.00064810031805938274
0.00064810031805930879
0.00064810031805933839
0.00064810031805938274
0.00064810031805932365
0.00064810031805933839
0.00064810031805936788
0.00064810031805932365
0.00064810031805935314
0.00064810031805933839
0.00064810031805935314
0.00064810031805933839
0.00064810031805933839
0.00064810031805932354
0.00064810031805932365
0.00064810031805938274
0.00064810031805935314
0.00064810031805935314
0.00064810031805935314
0.00064810031805935314
0.00064810031805935314
0.00064810031805929383
0.00064810031805935314
0.00064810031805935314
0.00064810031805932354
0.00064810031805932354
0.00064810031805938274
0.00064810031805932354
0.00064810031805935314
0.00064810031805935314
0.00064810031805932354
0.00064810031805935314
0.00064810031805935314
0.00064810031805932354
0.00064810031805935314
0.00064810031805935314
0.00064810031805932354
0.00064810031805932354
0.00064810031805938274
0.00064810031805932354
0.00064810031805935314
0.00064810031805935314
0.00064810031805929383
0.00064810031805938274
0.00064810031805935314
0.00064810031805929383
0.00064810031805938274
0.00064810031805935314
0.00064810031805932354
0.00064810031805935314
0.0006481003180593436
0.0006481003180593436
0.00064810031805934338
0.00064810031805934306
0.00064810031805934338
0.00064810031805934381
0.00064810031805934381
0.00064810031805934295
0.00064810031805934197
0.0006481003180593449
0.00064810031805934295
0.00064810031805934381
0.0006481003180593449
0.00064810031805934197
0.00064810031805934197
0.00064810031805934392
0.00064810031805934587
0.00064810031805934197
0.00064810031805934197
0.00064810031805934219
0.00064810031805934403
0.00064810031805934587
0.00064810031805934197
0.00064810031805934761
0.00064810031805934219
0.00064810031805934392
0.00064810031805934219
0.00064810031805934587
0.00064810031805934219
0.00064810031805934219
0.00064810031805934587
0.00064810031805934577
0.00064810031805933839
0.00064810031805934587
0.00064810031805934577
0.00064810031805934219
0.00064810031805934577
0.00064810031805933839
0.00064810031805934587
0.00064810031805934577
0.0006481003180593346
0.00064810031805934577
0.00064810031805934587
0.00064810031805934587
0.00064810031805934219
0.00064810031805934577
0.00064810031805934219
0.00064810031805934219
0.00064810031805934945
0.00064810031805934197
0.00064810031805934197
0.00064810031805934577
0.00064810031805933839
0.00064810031805933839
0.00064810031805935314
0.0006481003180593308
0.00064810031805934577
0.00064810031805935314
0.00064810031805933839
0.00064810031805934577
0.00064810031805934577
0.0006481003180593308
0.00064810031805934577
0.00064810031805935314
0.00064810031805933839
0.00064810031805933839
0.00064810031805934577
0.00064810031805934577
0.00064810031805934577
0.00064810031805933839
0.00064810031805934577
0.00064810031805934577
0.00064810031805934577
0.0006481003180593308
0.00064810031805935314
0.00064810031805935314
0.0006481003180593308
0.00064810031805934577
0.00064810031805934577
0.00064810031805934577
0.00064810031805934577
0.00064810031805933839
0.00064810031805933839
0.00064810031805935314
0.00064810031805933839
0.00064810031805933839
0.00064810031805935314
0.00064810031805933839
0.0006481003180593308
0.00064810031805935314
0.00064810031805934577
0.00064810031805933839
0.00064810031805934577
0.00064810031805934577
0.00064810031805933839
0.00064810031805935314
0.00064810031805934577
0.0006481003180593308
0.00064810031805934577
0.00064810031805935314
0.00064810031805932365
0.00064810031805936062
0.00064810031805933839
0.00064810031805935314
0.00064810031805933839
0.00064810031805935314
0.00064810031805933839
0.00064810031805933839
0.00064810031805935314
0.00064810031805933839
0.00064810031805933839
0.00064810031805935314
0.00064810031805932354
0.00064810031805935314
0.00064810031805933839
0.00064810031805935314
0.00064810031805933839
0.00064810031805935314
0.00064810031805933839
0.00064810031805933839
0.00064810031805933839
0.00064810031805935314
0.00064810031805933839
0.00064810031805935314
0.00064810031805932354
0.00064810031805935314
0.00064810031805933839
0.00064810031805935314
0.00064810031805933839
0.00064810031805933839
0.00064810031805933839
0.00064810031805936788
0.00064810031805933839
0.00064810031805933839
0.00064810031805933839
0.00064810031805933839
0.00064810031805935314
0.00064810031805932365
0.00064810031805935314
0.00064810031805936788
0.00064810031805933839
0.00064810031805932354
0.00064810031805936788
0.00064810031805933839
0.00064810031805932354
0.00064810031805935314
0.00064810031805936788
0.00064810031805930879
0.00064810031805935314
0.00064810031805935314
0.00064810031805933839
0.00064810031805935314
0.00064810031805933839
0.00064810031805932354
0.00064810031805935314
0.00064810031805935314
0.00064810031805932354
0.00064810031805936788
0.00064810031805933839
0.00064810031805932354
0.00064810031805936788
0.00064810031805935314
0.00064810031805932365
0.00064810031805933839
0.00064810031805935314
0.00064810031805933839
0.00064810031805935314
0.00064810031805932354
0.00064810031805932365
0.00064810031805938274
0.00064810031805932354
0.00064810031805933839
0.00064810031805936788
0.00064810031805932354
0.00064810031805935314
0.00064810031805936788
0.00064810031805930879
0.00064810031805935314
0.00064810031805935314
0.00064810031805932354
0.00064810031805933839
0.00064810031805936788
0.00064810031805932354
0.00064810031805933839
0.00064810031805938274
0.00064810031805930879
0.00064810031805935314
0.00064810031805933839
0.00064810031805936788
0.00064810031805930879
0.00064810031805938274
0.00064810031805933839
0.00064810031805932365
0.00064810031805935314
0.00064810031805933839
0.00064810031805933839
0.00064810031805935314
0.00064810031805933839
0.00064810031805935314
0.00064810031805935314
0.00064810031805933839
0.00064810031805932354
0.00064810031805936788
0.00064810031805932365
0.00064810031805930879
0.00064810031805938274
0.00064810031805932354
0.00064810031805935314
0.00064810031805935314
0.00064810031805935314
0.00064810031805935314
0.00064810031805929383
0.00064810031805938274
0.00064810031805935314
0.00064810031805932354
0.00064810031805932354
0.00064810031805938274
0.00064810031805932354
0.00064810031805932354
0.00064810031805938274
0.00064810031805932354
0.00064810031805932354
0.00064810031805938274
0.00064810031805932354
0.00064810031805932354
0.00064810031805938274
0.00064810031805932354
0.00064810031805932354
0.00064810031805941244
0.00064810031805929383
0.00064810031805932354
0.00064810031805938274
0.00064810031805932354
0.00064810031805932354
0.00064810031805938274
0.00064810031805929383
0.00064810031805935314
0.00064810031805941244
0.00064810031805929383
0.00064810031805932354
0.0006481003180593436
0.00064810031805934338
0.0006481003180593436
0.00064810031805934306
0.00064810031805934295
0.00064810031805934425
0.00064810031805934381
0.00064810031805934295
0.00064810031805934197
0.00064810031805934587
0.00064810031805934295
0.00064810031805934295
0.0006481003180593449
0.00064810031805934024
0.00064810031805934392
0.00064810031805934392
0.00064810031805934219
0.00064810031805934587
0.00064810031805934197
0.00064810031805934392
0.00064810031805934587
0.00064810031805934197
0.00064810031805934197
0.00064810031805934392
0.00064810031805934761
0.00064810031805934219
0.00064810031805933839
0.00064810031805934577
0.00064810031805934219
0.00064810031805934219
0.00064810031805934577
0.00064810031805934587
0.00064810031805934219
0.00064810031805934219
0.00064810031805934945
0.00064810031805933839
0.00064810031805934587
0.00064810031805934219
0.00064810031805934219
0.00064810031805934587
0.00064810031805934219
0.00064810031805934219
0.00064810031805934587
0.00064810031805934219
0.00064810031805934219
0.00064810031805934945
0.00064810031805933839
0.00064810031805934587
0.00064810031805934587
0.00064810031805933839
0.00064810031805934945
0.00064810031805934577
0.00064810031805933839
0.00064810031805934577
0.00064810031805934577
0.00064810031805933839
0.00064810031805933839
0.00064810031805935314
0.00064810031805933839
0.00064810031805933839
0.00064810031805935314
0.0006481003180593308
0.00064810031805935314
0.00064810031805934577
0.00064810031805933839
0.00064810031805933839
0.00064810031805934577
0.00064810031805934577
0.00064810031805934577
0.00064810031805934577
0.00064810031805933839
0.00064810031805934577
0.00064810031805934577
0.0006481003180593308
0.00064810031805935314
0.00064810031805933839
0.00064810031805934577
0.00064810031805934577
0.00064810031805934577
0.00064810031805934577
0.00064810031805933839
0.00064810031805934577
0.00064810031805933839
0.00064810031805935314
0.00064810031805933839
0.00064810031805933839
0.00064810031805935314
0.00064810031805933839
0.00064810031805934577
0.00064810031805935314
0.0006481003180593308
0.00064810031805933839
0.00064810031805935314
0.00064810031805933839
0.00064810031805933839
0.00064810031805935314
0.00064810031805934577
0.0006481003180593308
0.00064810031805934577
0.00064810031805934577
0.00064810031805933839
0.00064810031805933839
0.00064810031805935314
0.00064810031805935314
0.00064810031805933839
0.00064810031805935314
0.00064810031805933839
0.00064810031805933839
0.00064810031805935314
0.00064810031805933839
0.00064810031805933839
0.00064810031805935314
0.00064810031805933839
0.00064810031805933839
0.00064810031805933839
0.00064810031805935314
0.00064810031805933839
0.00064810031805933839
0.00064810031805933839
0.00064810031805935314
0.00064810031805933839
0.00064810031805935314
0.00064810031805935314
0.00064810031805933839
0.00064810031805932354
0.00064810031805935314
0.00064810031805935314
0.00064810031805932354
0.00064810031805935314
0.00064810031805936788
0.00064810031805930879
0.00064810031805935314
0.00064810031805933839
0.00064810031805935314
0.00064810031805933839
0.00064810031805936788
0.00064810031805930879
0.00064810031805936788
0.00064810031805932354
0.00064810031805935314
0.00064810031805932365
0.00064810031805938274
0.00064810031805933839
0.00064810031805933839
0.00064810031805932354
0.00064810031805935314
0.00064810031805935314
0.00064810031805933839
0.00064810031805933839
0.00064810031805935314
0.00064810031805933839
0.00064810031805936788
0.00064810031805932365
0.00064810031805933839
0.00064810031805933839
0.00064810031805932365
0.00064810031805936788
0.00064810031805935314
0.00064810031805933839
0.00064810031805932354
0.00064810031805936788
0.00064810031805933839
0.00064810031805932354
0.00064810031805935314
0.00064810031805935314
0.00064810031805933839
0.00064810031805935314
0.00064810031805930879
0.00064810031805936788
0.00064810031805935314
0.00064810031805932354
0.00064810031805936788
0.00064810031805933839
0.00064810031805935314
0.00064810031805932365
0.00064810031805935314
0.00064810031805932354
0.00064810031805935314
0.00064810031805936788
0.00064810031805930879
0.00064810031805933839
0.00064810031805938274
0.00064810031805933839
0.00064810031805932365
0.00064810031805936788
0.00064810031805930879
0.00064810031805933839
0.00064810031805935314
0.00064810031805933839
0.00064810031805933839
0.00064810031805938274
0.00064810031805930879
0.00064810031805933839
0.00064810031805938274
0.00064810031805932365
0.00064810031805933839
0.00064810031805936788
0.00064810031805932365
0.00064810031805935314
0.00064810031805933839
0.00064810031805935314
0.00064810031805933839
0.00064810031805933839
0.00064810031805932354
0.00064810031805932365
0.00064810031805938274
0.00064810031805935314
0.00064810031805935314
0.00064810031805935314
0.00064810031805935314
0.00064810031805935314
0.00064810031805929383
0.00064810031805935314
0.00064810031805935314
0.00064810031805932354
0.00064810031805932354
0.00064810031805938274
0.00064810031805932354
0.00064810031805935314
0.00064810031805935314
0.00064810031805932354
0.00064810031805935314
0.00064810031805935314
0.00064810031805932354
0.00064810031805935314
0.00064810031805935314
0.00064810031805932354
0.00064810031805932354
0.00064810031805938274
0.00064810031805932354
0.00064810031805935314
0.00064810031805935314
0.00064810031805929383
0.00064810031805938274
0.00064810031805935314
0.00064810031805929383
0.00064810031805938274
0.00064810031805935314
0.00064810031805932354
0.00064810031805935314
0.00016608400568163883
0.00016608400568163883
0.00016608400568163877
0.00016608400568163877
0.00016608400568163877
0.00016608400568163877
0.00016608400568163869
0.00016608400568163891
0.00016608400568163869
0.00016608400568163891
0.00016608400568163869
0.00016608400568163891
0.00016608400568163869
0.00016608400568163869
0.00016608400568163912
0.00016608400568163869
0.00016608400568163869
0.00016608400568163869
0.00016608400568163912
0.00016608400568163869
0.00016608400568163869
0.00016608400568163869
0.00016608400568163912
0.00016608400568163869
0.00016608400568163869
0.00016608400568163869
0.00016608400568163918
0.0001660840056816382
0.00016608400568163912
0.00016608400568163918
0.0001660840056816382
0.00016608400568163912
0.00016608400568163918
0.0001660840056816382
0.00016608400568163912
0.00016608400568163815
0.00016608400568163918
0.00016608400568163912
0.00016608400568163815
0.00016608400568163918
0.00016608400568163912
0.00016608400568163815
0.00016608400568163918
0.0001660840056816382
0.00016608400568163912
0.00016608400568163918
0.0001660840056816382
0.00016608400568163912
0.0001660840056816382
0.00016608400568163918
0.00016608400568163912
0.0001660840056816382
0.00016608400568163815
0.00016608400568164007
0.0001660840056816382
0.00016608400568163815
0.00016608400568164007
0.0001660840056816382
0.00016608400568163815
0.00016608400568164007
0.0001660840056816382
0.00016608400568163815
0.00016608400568164007
0.0001660840056816382
0.00016608400568163815
0.00016608400568164007
0.0001660840056816382
0.00016608400568163815
0.0001660840056816382
0.00016608400568164007
0.00016608400568163815
0.00016608400568163815
0.00016608400568164007
0.00016608400568163815
0.00016608400568163815
0.00016608400568164007
0.00016608400568163815
0.00016608400568163815
0.00016608400568164007
0.00016608400568163815
0.00016608400568163815
0.00016608400568164007
0.00016608400568163815
0.00016608400568163815
0.00016608400568163815
0.00016608400568164007
0.00016608400568163815
0.00016608400568163815
0.00016608400568164007
0.00016608400568163815
0.00016608400568163815
0.00016608400568164007
0.00016608400568163815
0.00016608400568163815
0.00016608400568164007
0.00016608400568163815
0.00016608400568163815
0.0001660840056816382
0.00016608400568164007
0.00016608400568163815
0.0001660840056816382
0.00016608400568164007
0.00016608400568164007
0.00016608400568163633
0.00016608400568164007
0.00016608400568163633
0.00016608400568164007
0.00016608400568164007
0.00016608400568163633
0.00016608400568164007
0.00016608400568164007
0.00016608400568163633
0.00016608400568164007
0.00016608400568164007
0.00016608400568163633
0.00016608400568164007
0.00016608400568164007
0.00016608400568163633
0.00016608400568164007
0.00016608400568164007
0.00016608400568163633
0.00016608400568164007
0.00016608400568164007
0.00016608400568163633
0.00016608400568164007
0.00016608400568164007
0.00016608400568163633
0.00016608400568164007
0.00016608400568164007
0.00016608400568163633
0.00016608400568164007
0.00016608400568164007
0.00016608400568163633
0.00016608400568164007
0.00016608400568164007
0.00016608400568163633
0.00016608400568164007
0.00016608400568163633
0.00016608400568164007
0.00016608400568164007
0.00016608400568163633
0.00016608400568164007
0.00016608400568164007
0.00016608400568163633
0.00016608400568164007
0.00016608400568164007
0.00016608400568163633
0.00016608400568164007
0.00016608400568164007
0.00016608400568163633
0.00016608400568164007
0.00016608400568164007
0.00016608400568163633
0.00016608400568164007
0.00016608400568164007
0.00016608400568163633
0.00016608400568164007
0.00016608400568164007
0.00016608400568163633
0.00016608400568164007
0.00016608400568164007
0.00016608400568163633
0.00016608400568164007
0.00016608400568164007
0.00016608400568163633
0.00016608400568164007
0.00016608400568163633
0.00016608400568164007
0.00016608400568164007
0.00016608400568163633
0.00016608400568164007
0.00016608400568164007
0.00016608400568163633
0.00016608400568164007
0.00016608400568164007
0.00016608400568163633
0.00016608400568164007
0.00016608400568164007
0.00016608400568163633
0.00016608400568164007
0.00016608400568164007
0.00016608400568163633
0.00016608400568164007
0.00016608400568164007
0.00016608400568163633
0.00016608400568164007
0.00016608400568164007
0.00016608400568163633
0.00016608400568164007
0.00016608400568164007
0.00016608400568163633
0.00016608400568164007
0.00016608400568164007
0.00016608400568163633
0.00016608400568164007
0.00016608400568163633
0.00016608400568164007
0.00016608400568164007
0.00016608400568163633
0.00016608400568164007
0.00016608400568164007
0.00016608400568163633
0.00016608400568164007
0.00016608400568164007
0.00016608400568163633
0.00016608400568164387
0.00016608400568163625
0.00016608400568163625
0.00016608400568164387
0.00016608400568163625
0.00016608400568163625
0.00016608400568163625
0.00016608400568164387
0.00016608400568163625
0.00016608400568163625
0.00016608400568164387
0.00016608400568163625
0.00016608400568163625
0.00016608400568164387
0.00016608400568163625
0.00016608400568163625
0.00016608400568164387
0.00016608400568163625
0.00016608400568163625
0.00016608400568164387
0.00016608400568163625
0.00016608400568163625
0.00016608400568164387
0.00016608400568163625
0.00016608400568163625
0.00016608400568164387
0.00016608400568163625
0.00016608400568163625
0.00016608400568164387
0.00016608400568163625
0.00016608400568163625
0.00016608400568164387
0.00016608400568163625
0.00016608400568163625
0.00016608400568164387
0.00016608400568163625
0.00016608400568163877
0.00016608400568163877
0.00016608400568163891
0.00016608400568163891
0.00016608400568163891
0.00016608400568163891
0.00016608400568163869
0.00016608400568163891
0.00016608400568163869
0.00016608400568163891
0.00016608400568163869
0.00016608400568163891
0.00016608400568163869
0.00016608400568163869
0.00016608400568163915
0.00016608400568163869
0.00016608400568163869
0.00016608400568163869
0.00016608400568163915
0.00016608400568163869
0.00016608400568163869
0.00016608400568163869
0.00016608400568163915
0.00016608400568163869
0.00016608400568163869
0.00016608400568163869
0.00016608400568163912
0.00016608400568163815
0.00016608400568163918
0.00016608400568163912
0.00016608400568163815
0.00016608400568163918
0.00016608400568163912
0.00016608400568163815
0.00016608400568163918
0.0001660840056816382
0.00016608400568163912
0.00016608400568163918
0.0001660840056816382
0.00016608400568163912
0.00016608400568163918
0.0001660840056816382
0.00016608400568163912
0.00016608400568163815
0.00016608400568163918
0.00016608400568163912
0.00016608400568163815
0.00016608400568163918
0.00016608400568163815
0.00016608400568163912
0.00016608400568163918
0.00016608400568163809
0.0001660840056816382
0.0001660840056816401
0.00016608400568163809
0.0001660840056816382
0.0001660840056816401
0.00016608400568163809
0.0001660840056816382
0.0001660840056816401
0.00016608400568163809
0.0001660840056816382
0.0001660840056816401
0.00016608400568163809
0.0001660840056816382
0.0001660840056816401
0.00016608400568163809
0.0001660840056816382
0.00016608400568163809
0.0001660840056816401
0.0001660840056816382
0.0001660840056816382
0.0001660840056816401
0.0001660840056816382
0.0001660840056816382
0.0001660840056816401
0.0001660840056816382
0.0001660840056816382
0.0001660840056816401
0.0001660840056816382
0.0001660840056816382
0.0001660840056816401
0.0001660840056816382
0.0001660840056816382
0.0001660840056816382
0.0001660840056816401
0.0001660840056816382
0.0001660840056816382
0.0001660840056816401
0.0001660840056816382
0.0001660840056816382
0.0001660840056816401
0.0001660840056816382
0.0001660840056816382
0.0001660840056816401
0.0001660840056816382
0.0001660840056816382
0.00016608400568163809
0.0001660840056816401
0.0001660840056816382
0.00016608400568163809
0.0001660840056816401
0.0001660840056816401
0.00016608400568163633
0.0001660840056816401
0.00016608400568163633
0.0001660840056816401
0.0001660840056816401
0.00016608400568163633
0.0001660840056816401
0.0001660840056816401
0.00016608400568163633
0.0001660840056816401
0.0001660840056816401
0.00016608400568163633
0.0001660840056816401
0.0001660840056816401
0.00016608400568163633
0.0001660840056816401
0.0001660840056816401
0.00016608400568163633
0.0001660840056816401
0.0001660840056816401
0.00016608400568163633
0.0001660840056816401
0.0001660840056816401
0.00016608400568163633
0.0001660840056816401
0.0001660840056816401
0.00016608400568163633
0.0001660840056816401
0.0001660840056816401
0.00016608400568163633
0.0001660840056816401
0.0001660840056816401
0.00016608400568163633
0.0001660840056816401
0.00016608400568163633
0.0001660840056816401
0.0001660840056816401
0.00016608400568163633
0.0001660840056816401
0.0001660840056816401
0.00016608400568163633
0.0001660840056816401
0.0001660840056816401
0.00016608400568163633
0.0001660840056816401
0.0001660840056816401
0.00016608400568163633
0.0001660840056816401
0.0001660840056816401
0.00016608400568163633
0.0001660840056816401
0.0001660840056816401
0.00016608400568163633
0.0001660840056816401
0.0001660840056816401
0.00016608400568163633
0.0001660840056816401
0.0001660840056816401
0.00016608400568163633
0.0001660840056816401
0.0001660840056816401
0.00016608400568163633
0.0001660840056816401
0.00016608400568163633
0.0001660840056816401
0.0001660840056816401
0.00016608400568163633
0.0001660840056816401
0.0001660840056816401
0.00016608400568163633
0.0001660840056816401
0.0001660840056816401
0.00016608400568163633
0.0001660840056816401
0.0001660840056816401
0.00016608400568163633
0.0001660840056816401
0.0001660840056816401
0.00016608400568163633
0.0001660840056816401
0.0001660840056816401
0.00016608400568163633
0.0001660840056816401
0.0001660840056816401
0.00016608400568163633
0.0001660840056816401
0.0001660840056816401
0.00016608400568163633
0.0001660840056816401
0.0001660840056816401
0.00016608400568163633
0.0001660840056816401
0.00016608400568163633
0.0001660840056816401
0.0001660840056816401
0.00016608400568163633
0.0001660840056816401
0.0001660840056816401
0.00016608400568163633
0.0001660840056816401
0.0001660840056816401
0.00016608400568163633
0.00016608400568164395
0.00016608400568163639
0.00016608400568163639
0.00016608400568164395
0.00016608400568163639
0.00016608400568163639
0.00016608400568163639
0.00016608400568164395
0.00016608400568163639
0.00016608400568163639
0.00016608400568164395
0.00016608400568163639
0.00016608400568163639
0.00016608400568164395
0.00016608400568163639
0.00016608400568163639
0.00016608400568164395
0.00016608400568163639
0.00016608400568163639
0.00016608400568164395
0.00016608400568163639
0.00016608400568163639
0.00016608400568164395
0.00016608400568163639
0.00016608400568163639
0.00016608400568164395
0.00016608400568163639
0.00016608400568163639
0.00016608400568164395
0.00016608400568163639
0.00016608400568163639
0.00016608400568164395
0.00016608400568163639
0.00016608400568163639
0.00016608400568164395
0.00016608400568163639
0.00016608400568163883
0.00016608400568163883
0.00016608400568163877
0.00016608400568163877
0.00016608400568163877
0.00016608400568163877
0.00016608400568163869
0.00016608400568163891
0.00016608400568163869
0.00016608400568163891
0.00016608400568163869
0.00016608400568163891
0.00016608400568163869
0.00016608400568163858
0.00016608400568163915
0.00016608400568163858
0.00016608400568163858
0.00016608400568163858
0.00016608400568163915
0.00016608400568163858
0.00016608400568163858
0.00016608400568163858
0.00016608400568163915
0.00016608400568163858
0.00016608400568163858
0.00016608400568163858
0.00016608400568163915
0.00016608400568163828
0.0001660840056816392
0.00016608400568163915
0.00016608400568163828
0.0001660840056816392
0.00016608400568163915
0.00016608400568163828
0.0001660840056816392
0.00016608400568163828
0.00016608400568163915
0.0001660840056816392
0.00016608400568163828
0.00016608400568163915
0.0001660840056816392
0.00016608400568163828
0.00016608400568163915
0.00016608400568163828
0.0001660840056816392
0.00016608400568163915
0.00016608400568163828
0.0001660840056816392
0.00016608400568163828
0.00016608400568163915
0.0001660840056816392
0.00016608400568163836
0.00016608400568163828
0.00016608400568163999
0.00016608400568163836
0.00016608400568163828
0.00016608400568163999
0.00016608400568163836
0.00016608400568163828
0.00016608400568163999
0.00016608400568163836
0.00016608400568163828
0.00016608400568163999
0.00016608400568163836
0.00016608400568163828
0.00016608400568163999
0.00016608400568163836
0.00016608400568163828
0.00016608400568163836
0.00016608400568163999
0.00016608400568163828
0.00016608400568163828
0.00016608400568163999
0.00016608400568163828
0.00016608400568163828
0.00016608400568163999
0.00016608400568163828
0.00016608400568163828
0.00016608400568163999
0.00016608400568163828
0.00016608400568163828
0.00016608400568163999
0.00016608400568163828
0.00016608400568163828
0.00016608400568163828
0.00016608400568163999
0.00016608400568163828
0.00016608400568163828
0.00016608400568163999
0.00016608400568163828
0.00016608400568163828
0.00016608400568163999
0.00016608400568163828
0.00016608400568163828
0.00016608400568163999
0.00016608400568163828
0.00016608400568163828
0.00016608400568163836
0.00016608400568163999
0.00016608400568163828
0.00016608400568163836
0.00016608400568163999
0.00016608400568163999
0.00016608400568163617
0.0001660840056816401
0.00016608400568163617
0.0001660840056816401
0.0001660840056816401
0.00016608400568163617
0.0001660840056816401
0.0001660840056816401
0.00016608400568163617
0.0001660840056816401
0.0001660840056816401
0.00016608400568163617
0.0001660840056816401
0.0001660840056816401
0.00016608400568163617
0.0001660840056816401
0.0001660840056816401
0.00016608400568163617
0.0001660840056816401
0.0001660840056816401
0.00016608400568163617
0.0001660840056816401
0.0001660840056816401
0.00016608400568163617
0.0001660840056816401
0.0001660840056816401
0.00016608400568163617
0.0001660840056816401
0.0001660840056816401
0.00016608400568163617
0.0001660840056816401
0.0001660840056816401
0.00016608400568163617
0.0001660840056816401
0.00016608400568163617
0.0001660840056816401
0.0001660840056816401
0.00016608400568163617
0.0001660840056816401
0.0001660840056816401
0.00016608400568163617
0.0001660840056816401
0.0001660840056816401
0.00016608400568163617
0.0001660840056816401
0.0001660840056816401
0.00016608400568163617
0.0001660840056816401
0.0001660840056816401
0.00016608400568163617
0.0001660840056816401
0.0001660840056816401
0.00016608400568163617
0.0001660840056816401
0.0001660840056816401
0.00016608400568163617
0.0001660840056816401
0.0001660840056816401
0.00016608400568163617
0.0001660840056816401
0.0001660840056816401
0.00016608400568163617
0.0001660840056816401
0.00016608400568163617
0.0001660840056816401
0.0001660840056816401
0.00016608400568163617
0.0001660840056816401
0.0001660840056816401
0.00016608400568163617
0.0001660840056816401
0.0001660840056816401
0.00016608400568163617
0.0001660840056816401
0.0001660840056816401
0.00016608400568163617
0.0001660840056816401
0.0001660840056816401
0.00016608400568163617
0.0001660840056816401
0.0001660840056816401
0.00016608400568163617
0.0001660840056816401
0.0001660840056816401
0.00016608400568163617
0.0001660840056816401
0.0001660840056816401
0.00016608400568163617
0.0001660840056816401
0.0001660840056816401
0.00016608400568163617
0.0001660840056816401
0.00016608400568163617
0.0001660840056816401
0.0001660840056816401
0.00016608400568163617
0.0001660840056816401
0.0001660840056816401
0.00016608400568163617
0.0001660840056816401
0.0001660840056816401
0.00016608400568163617
0.00016608400568164392
0.00016608400568163633
0.00016608400568163633
0.00016608400568164392
0.00016608400568163633
0.00016608400568163633
0.00016608400568163633
0.00016608400568164392
0.00016608400568163633
0.00016608400568163633
0.00016608400568164392
0.00016608400568163633
0.00016608400568163633
0.00016608400568164392
0.00016608400568163633
0.00016608400568163633
0.00016608400568164392
0.00016608400568163633
0.00016608400568163633
0.00016608400568164392
0.00016608400568163633
0.00016608400568163633
0.00016608400568164392
0.00016608400568163633
0.00016608400568163633
0.00016608400568164392
0.00016608400568163633
0.00016608400568163633
0.00016608400568164392
0.00016608400568163633
0.00016608400568163633
0.00016608400568164392
0.00016608400568163633
0.00016608400568163633
0.00016608400568164392
0.00016608400568163633
0.00016608400568163861
0.00016608400568163861
0.00016608400568163899
0.00016608400568163899
0.00016608400568163899
0.00016608400568163899
0.0001660840056816385
0.00016608400568163893
0.0001660840056816385
0.00016608400568163893
0.0001660840056816385
0.00016608400568163893
0.0001660840056816385
0.00016608400568163872
0.00016608400568163918
0.00016608400568163872
0.00016608400568163872
0.00016608400568163872
0.00016608400568163918
0.00016608400568163872
0.00016608400568163872
0.00016608400568163872
0.00016608400568163918
0.00016608400568163872
0.00016608400568163872
0.00016608400568163872
0.00016608400568163907
0.00016608400568163823
0.00016608400568163907
0.00016608400568163907
0.00016608400568163823
0.00016608400568163907
0.00016608400568163907
0.00016608400568163823
0.00016608400568163907
0.00016608400568163823
0.00016608400568163907
0.00016608400568163907
0.00016608400568163823
0.00016608400568163907
0.00016608400568163907
0.00016608400568163823
0.00016608400568163907
0.00016608400568163823
0.00016608400568163907
0.00016608400568163907
0.00016608400568163823
0.00016608400568163907
0.00016608400568163823
0.00016608400568163907
0.00016608400568163907
0.00016608400568163823
0.00016608400568163823
0.00016608400568164021
0.00016608400568163823
0.00016608400568163823
0.00016608400568164021
0.00016608400568163823
0.00016608400568163823
0.00016608400568164021
0.00016608400568163823
0.00016608400568163823
0.00016608400568164021
0.00016608400568163823
0.00016608400568163823
0.00016608400568164021
0.00016608400568163823
0.00016608400568163823
0.00016608400568163823
0.00016608400568164021
0.00016608400568163823
0.00016608400568163823
0.00016608400568164021
0.00016608400568163823
0.00016608400568163823
0.00016608400568164021
0.00016608400568163823
0.00016608400568163823
0.00016608400568164021
0.00016608400568163823
0.00016608400568163823
0.00016608400568164021
0.00016608400568163823
0.00016608400568163823
0.00016608400568163823
0.00016608400568164021
0.00016608400568163823
0.00016608400568163823
0.00016608400568164021
0.00016608400568163823
0.00016608400568163823
0.00016608400568164021
0.00016608400568163823
0.00016608400568163823
0.00016608400568164021
0.00016608400568163823
0.00016608400568163823
0.00016608400568163823
0.00016608400568164021
0.00016608400568163823
0.00016608400568163823
0.00016608400568164021
0.00016608400568164021
0.00016608400568163644
0.00016608400568164005
0.00016608400568163644
0.00016608400568164005
0.00016608400568164005
0.00016608400568163644
0.00016608400568164005
0.00016608400568164005
0.00016608400568163644
0.00016608400568164005
0.00016608400568164005
0.00016608400568163644
0.00016608400568164005
0.00016608400568164005
0.00016608400568163644
0.00016608400568164005
0.00016608400568164005
0.00016608400568163644
0.00016608400568164005
0.00016608400568164005
0.00016608400568163644
0.00016608400568164005
0.00016608400568164005
0.00016608400568163644
0.00016608400568164005
0.00016608400568164005
0.00016608400568163644
0.00016608400568164005
0.00016608400568164005
0.00016608400568163644
0.00016608400568164005
0.00016608400568164005
0.00016608400568163644
0.00016608400568164005
0.00016608400568163644
0.00016608400568164005
0.00016608400568164005
0.00016608400568163644
0.00016608400568164005
0.00016608400568164005
0.00016608400568163644
0.00016608400568164005
0.00016608400568164005
0.00016608400568163644
0.00016608400568164005
0.00016608400568164005
0.00016608400568163644
0.00016608400568164005
0.00016608400568164005
0.00016608400568163644
0.00016608400568164005
0.00016608400568164005
0.00016608400568163644
0.00016608400568164005
0.00016608400568164005
0.00016608400568163644
0.00016608400568164005
0.00016608400568164005
0.00016608400568163644
0.00016608400568164005
0.00016608400568164005
0.00016608400568163644
0.00016608400568164005
0.00016608400568163644
0.00016608400568164005
0.00016608400568164005
0.00016608400568163644
0.00016608400568164005
0.00016608400568164005
0.00016608400568163644
0.00016608400568164005
0.00016608400568164005
0.00016608400568163644
0.00016608400568164005
0.00016608400568164005
0.00016608400568163644
0.00016608400568164005
0.00016608400568164005
0.00016608400568163644
0.00016608400568164005
0.00016608400568164005
0.00016608400568163644
0.00016608400568164005
0.00016608400568164005
0.00016608400568163644
0.00016608400568164005
0.00016608400568164005
0.00016608400568163644
0.00016608400568164005
0.00016608400568164005
0.00016608400568163644
0.00016608400568164005
0.00016608400568163644
0.00016608400568164005
0.00016608400568164005
0.00016608400568163644
0.00016608400568164005
0.00016608400568164005
0.00016608400568163644
0.00016608400568164005
0.00016608400568164005
0.00016608400568163644
0.00016608400568164368
0.00016608400568163633
0.00016608400568163633
0.00016608400568164368
0.00016608400568163633
0.00016608400568163633
0.00016608400568163633
0.00016608400568164368
0.00016608400568163633
0.00016608400568163633
0.00016608400568164368
0.00016608400568163633
0.00016608400568163633
0.00016608400568164368
0.00016608400568163633
0.00016608400568163633
0.00016608400568164368
0.00016608400568163633
0.00016608400568163633
0.00016608400568164368
0.00016608400568163633
0.00016608400568163633
0.00016608400568164368
0.00016608400568163633
0.00016608400568163633
0.00016608400568164368
0.00016608400568163633
0.00016608400568163633
0.00016608400568164368
0.00016608400568163633
0.00016608400568163633
0.00016608400568164368
0.00016608400568163633
0.00016608400568163633
0.00016608400568164368
0.00016608400568163633
0.00016608400568163899
0.00016608400568163899
0.00016608400568163861
0.00016608400568163861
0.00016608400568163861
0.00016608400568163861
0.00016608400568163883
0.00016608400568163883
0.00016608400568163883
0.00016608400568163883
0.00016608400568163883
0.00016608400568163883
0.00016608400568163883
0.00016608400568163872
0.00016608400568163907
0.00016608400568163893
0.00016608400568163872
0.00016608400568163872
0.00016608400568163907
0.00016608400568163872
0.00016608400568163872
0.00016608400568163872
0.00016608400568163907
0.00016608400568163872
0.00016608400568163872
0.00016608400568163893
0.00016608400568163918
0.00016608400568163823
0.00016608400568163918
0.00016608400568163918
0.00016608400568163823
0.00016608400568163918
0.00016608400568163918
0.00016608400568163823
0.00016608400568163918
0.00016608400568163823
0.00016608400568163918
0.00016608400568163918
0.00016608400568163823
0.00016608400568163918
0.00016608400568163918
0.00016608400568163823
0.00016608400568163918
0.00016608400568163823
0.00016608400568163918
0.00016608400568163918
0.00016608400568163823
0.00016608400568163918
0.00016608400568163823
0.00016608400568163918
0.00016608400568163918
0.00016608400568163804
0.00016608400568163823
0.00016608400568164005
0.00016608400568163804
0.00016608400568163823
0.00016608400568164005
0.00016608400568163804
0.00016608400568163823
0.00016608400568164005
0.00016608400568163804
0.00016608400568163823
0.00016608400568164005
0.00016608400568163804
0.00016608400568163823
0.00016608400568164005
0.00016608400568163804
0.00016608400568163823
0.00016608400568163804
0.00016608400568164005
0.00016608400568163823
0.00016608400568163823
0.00016608400568164005
0.00016608400568163823
0.00016608400568163823
0.00016608400568164005
0.00016608400568163823
0.00016608400568163823
0.00016608400568164005
0.00016608400568163823
0.00016608400568163823
0.00016608400568164005
0.00016608400568163823
0.00016608400568163823
0.00016608400568163823
0.00016608400568164005
0.00016608400568163823
0.00016608400568163823
0.00016608400568164005
0.00016608400568163823
0.00016608400568163823
0.00016608400568164005
0.00016608400568163823
0.00016608400568163823
0.00016608400568164005
0.00016608400568163823
0.00016608400568163823
0.00016608400568163804
0.00016608400568164005
0.00016608400568163823
0.00016608400568163804
0.00016608400568164005
0.00016608400568164005
0.00016608400568163601
0.00016608400568163999
0.00016608400568163601
0.00016608400568164034
0.00016608400568163999
0.00016608400568163601
0.00016608400568164034
0.00016608400568163999
0.00016608400568163601
0.00016608400568164034
0.00016608400568163999
0.00016608400568163601
0.00016608400568164034
0.00016608400568163999
0.00016608400568163601
0.00016608400568164034
0.00016608400568163999
0.00016608400568163601
0.00016608400568164034
0.00016608400568163999
0.00016608400568163601
0.00016608400568164034
0.00016608400568163999
0.00016608400568163601
0.00016608400568164034
0.00016608400568163999
0.00016608400568163601
0.00016608400568164034
0.00016608400568163999
0.00016608400568163601
0.00016608400568164034
0.00016608400568163999
0.00016608400568163601
0.00016608400568164034
0.00016608400568163601
0.00016608400568163999
0.00016608400568164034
0.00016608400568163601
0.00016608400568163999
0.00016608400568164034
0.00016608400568163601
0.00016608400568163999
0.00016608400568164034
0.00016608400568163601
0.00016608400568163999
0.00016608400568164034
0.00016608400568163601
0.00016608400568163999
0.00016608400568164034
0.00016608400568163601
0.00016608400568163999
0.00016608400568164034
0.00016608400568163601
0.00016608400568163999
0.00016608400568164034
0.00016608400568163601
0.00016608400568163999
0.00016608400568164034
0.00016608400568163601
0.00016608400568163999
0.00016608400568164034
0.00016608400568163601
0.00016608400568163999
0.00016608400568163601
0.00016608400568163999
0.00016608400568163999
0.00016608400568163601
0.00016608400568163999
0.00016608400568163999
0.00016608400568163601
0.00016608400568163999
0.00016608400568163999
0.00016608400568163601
0.00016608400568163999
0.00016608400568163999
0.00016608400568163601
0.00016608400568163999
0.00016608400568163999
0.00016608400568163601
0.00016608400568163999
0.00016608400568163999
0.00016608400568163601
0.00016608400568163999
0.00016608400568163999
0.00016608400568163601
0.00016608400568163999
0.00016608400568163999
0.00016608400568163601
0.00016608400568163999
0.00016608400568163999
0.00016608400568163601
0.00016608400568163999
0.00016608400568163601
0.00016608400568163999
0.00016608400568163999
0.00016608400568163601
0.00016608400568163999
0.00016608400568163999
0.00016608400568163601
0.00016608400568163999
0.00016608400568163999
0.00016608400568163601
0.00016608400568164414
0.00016608400568163633
0.00016608400568163633
0.00016608400568164414
0.00016608400568163633
0.00016608400568163633
0.00016608400568163633
0.00016608400568164414
0.00016608400568163633
0.00016608400568163633
0.00016608400568164414
0.00016608400568163633
0.00016608400568163633
0.00016608400568164414
0.00016608400568163633
0.00016608400568163633
0.00016608400568164414
0.00016608400568163633
0.00016608400568163633
0.00016608400568164414
0.00016608400568163633
0.00016608400568163633
0.00016608400568164414
0.00016608400568163633
0.00016608400568163633
0.00016608400568164414
0.00016608400568163633
0.00016608400568163633
0.00016608400568164414
0.00016608400568163633
0.00016608400568163633
0.00016608400568164414
0.00016608400568163633
0.00016608400568163633
0.00016608400568164414
0.00016608400568163633
0.00016608400568163883
0.00016608400568163883
0.00016608400568163907
0.00016608400568163893
0.00016608400568163907
0.00016608400568163907
0.00016608400568163872
0.00016608400568163893
0.00016608400568163872
0.00016608400568163893
0.00016608400568163872
0.00016608400568163893
0.00016608400568163872
0.00016608400568163872
0.00016608400568163918
0.0001660840056816385
0.00016608400568163872
0.00016608400568163872
0.00016608400568163918
0.00016608400568163872
0.00016608400568163872
0.00016608400568163872
0.00016608400568163918
0.00016608400568163872
0.00016608400568163872
0.0001660840056816385
0.00016608400568163918
0.0001660840056816379
0.00016608400568163918
0.00016608400568163918
0.0001660840056816379
0.00016608400568163918
0.00016608400568163918
0.0001660840056816379
0.00016608400568163918
0.00016608400568163823
0.00016608400568163918
0.00016608400568163918
0.00016608400568163823
0.00016608400568163918
0.00016608400568163918
0.00016608400568163823
0.00016608400568163918
0.0001660840056816379
0.00016608400568163918
0.00016608400568163918
0.0001660840056816379
0.00016608400568163918
0.0001660840056816379
0.00016608400568163918
0.00016608400568163918
0.00016608400568163861
0.00016608400568163823
0.00016608400568164013
0.00016608400568163861
0.00016608400568163823
0.00016608400568164013
0.00016608400568163861
0.00016608400568163823
0.00016608400568164013
0.00016608400568163861
0.00016608400568163823
0.00016608400568164013
0.00016608400568163861
0.00016608400568163823
0.00016608400568164013
0.00016608400568163861
0.00016608400568163823
0.00016608400568163861
0.00016608400568164013
0.00016608400568163823
0.00016608400568163823
0.00016608400568164013
0.00016608400568163823
0.00016608400568163823
0.00016608400568164013
0.00016608400568163823
0.00016608400568163823
0.00016608400568164013
0.00016608400568163823
0.00016608400568163823
0.00016608400568164013
0.00016608400568163823
0.00016608400568163823
0.00016608400568163823
0.00016608400568164013
0.00016608400568163823
0.00016608400568163823
0.00016608400568164013
0.00016608400568163823
0.00016608400568163823
0.00016608400568164013
0.00016608400568163823
0.00016608400568163823
0.00016608400568164013
0.00016608400568163823
0.00016608400568163823
0.00016608400568163861
0.00016608400568164013
0.00016608400568163823
0.00016608400568163861
0.00016608400568164013
0.00016608400568164013
0.00016608400568163668
0.00016608400568164034
0.00016608400568163668
0.00016608400568163999
0.00016608400568164034
0.00016608400568163668
0.00016608400568163999
0.00016608400568164034
0.00016608400568163668
0.00016608400568163999
0.00016608400568164034
0.00016608400568163668
0.00016608400568163999
0.00016608400568164034
0.00016608400568163668
0.00016608400568163999
0.00016608400568164034
0.00016608400568163668
0.00016608400568163999
0.00016608400568164034
0.00016608400568163668
0.00016608400568163999
0.00016608400568164034
0.00016608400568163668
0.00016608400568163999
0.00016608400568164034
0.00016608400568163668
0.00016608400568163999
0.00016608400568164034
0.00016608400568163668
0.00016608400568163999
0.00016608400568164034
0.00016608400568163668
0.00016608400568163999
0.00016608400568163668
0.00016608400568164034
0.00016608400568163999
0.00016608400568163668
0.00016608400568164034
0.00016608400568163999
0.00016608400568163668
0.00016608400568164034
0.00016608400568163999
0.00016608400568163668
0.00016608400568164034
0.00016608400568163999
0.00016608400568163668
0.00016608400568164034
0.00016608400568163999
0.00016608400568163668
0.00016608400568164034
0.00016608400568163999
0.00016608400568163668
0.00016608400568164034
0.00016608400568163999
0.00016608400568163668
0.00016608400568164034
0.00016608400568163999
0.00016608400568163668
0.00016608400568164034
0.00016608400568163999
0.00016608400568163668
0.00016608400568164034
0.00016608400568163668
0.00016608400568164034
0.00016608400568164034
0.00016608400568163668
0.00016608400568164034
0.00016608400568164034
0.00016608400568163668
0.00016608400568164034
0.00016608400568164034
0.00016608400568163668
0.00016608400568164034
0.00016608400568164034
0.00016608400568163668
0.00016608400568164034
0.00016608400568164034
0.00016608400568163668
0.00016608400568164034
0.00016608400568164034
0.00016608400568163668
0.00016608400568164034
0.00016608400568164034
0.00016608400568163668
0.00016608400568164034
0.00016608400568164034
0.00016608400568163668
0.00016608400568164034
0.00016608400568164034
0.00016608400568163668
0.00016608400568164034
0.00016608400568163668
0.00016608400568164034
0.00016608400568164034
0.00016608400568163668
0.00016608400568164034
0.00016608400568164034
0.00016608400568163668
0.00016608400568164034
0.00016608400568164034
0.00016608400568163668
0.00016608400568164368
0.00016608400568163633
0.00016608400568163633
0.00016608400568164368
0.00016608400568163633
0.00016608400568163633
0.00016608400568163633
0.00016608400568164368
0.00016608400568163633
0.00016608400568163633
0.00016608400568164368
0.00016608400568163633
0.00016608400568163633
0.00016608400568164368
0.00016608400568163633
0.00016608400568163633
0.00016608400568164368
0.00016608400568163633
0.00016608400568163633
0.00016608400568164368
0.00016608400568163633
0.00016608400568163633
0.00016608400568164368
0.00016608400568163633
0.00016608400568163633
0.00016608400568164368
0.00016608400568163633
0.00016608400568163633
0.00016608400568164368
0.00016608400568163633
0.00016608400568163633
0.00016608400568164368
0.00016608400568163633
0.00016608400568163633
0.00016608400568164368
0.00016608400568163633
0.00016608400568163883
0.00016608400568163883
0.00016608400568163861
0.00016608400568163874
0.00016608400568163861
0.00016608400568163861
0.00016608400568163872
0.00016608400568163893
0.00016608400568163872
0.00016608400568163872
0.00016608400568163872
0.00016608400568163893
0.00016608400568163872
0.00016608400568163872
0.00016608400568163918
0.00016608400568163893
0.00016608400568163872
0.00016608400568163872
0.00016608400568163918
0.00016608400568163872
0.00016608400568163872
0.00016608400568163872
0.00016608400568163918
0.00016608400568163872
0.00016608400568163872
0.00016608400568163893
0.00016608400568163918
0.0001660840056816385
0.00016608400568163942
0.00016608400568163918
0.0001660840056816385
0.00016608400568163942
0.00016608400568163918
0.0001660840056816385
0.00016608400568163942
0.00016608400568163815
0.00016608400568163918
0.00016608400568163942
0.00016608400568163815
0.00016608400568163918
0.00016608400568163942
0.00016608400568163815
0.00016608400568163918
0.0001660840056816385
0.00016608400568163942
0.00016608400568163918
0.0001660840056816385
0.00016608400568163942
0.0001660840056816385
0.00016608400568163918
0.00016608400568163942
0.00016608400568163804
0.00016608400568163815
0.00016608400568164013
0.00016608400568163804
0.00016608400568163815
0.00016608400568164013
0.00016608400568163804
0.00016608400568163815
0.00016608400568164013
0.00016608400568163804
0.00016608400568163815
0.00016608400568164013
0.00016608400568163804
0.00016608400568163815
0.00016608400568164013
0.00016608400568163804
0.00016608400568163815
0.00016608400568163804
0.00016608400568164013
0.00016608400568163815
0.00016608400568163815
0.00016608400568164013
0.00016608400568163815
0.00016608400568163815
0.00016608400568164013
0.00016608400568163815
0.00016608400568163815
0.00016608400568164013
0.00016608400568163815
0.00016608400568163815
0.00016608400568164013
0.00016608400568163815
0.00016608400568163815
0.00016608400568163815
0.00016608400568164013
0.00016608400568163815
0.00016608400568163815
0.00016608400568164013
0.00016608400568163815
0.00016608400568163815
0.00016608400568164013
0.00016608400568163815
0.00016608400568163815
0.00016608400568164013
0.00016608400568163815
0.00016608400568163815
0.00016608400568163804
0.00016608400568164013
0.00016608400568163815
0.00016608400568163804
0.00016608400568164013
0.00016608400568164013
0.00016608400568163601
0.00016608400568163975
0.00016608400568163601
0.00016608400568164029
0.00016608400568163975
0.00016608400568163601
0.00016608400568164029
0.00016608400568163975
0.00016608400568163601
0.00016608400568164029
0.00016608400568163975
0.00016608400568163601
0.00016608400568164029
0.00016608400568163975
0.00016608400568163601
0.00016608400568164029
0.00016608400568163975
0.00016608400568163601
0.00016608400568164029
0.00016608400568163975
0.00016608400568163601
0.00016608400568164029
0.00016608400568163975
0.00016608400568163601
0.00016608400568164029
0.00016608400568163975
0.00016608400568163601
0.00016608400568164029
0.00016608400568163975
0.00016608400568163601
0.00016608400568164029
0.00016608400568163975
0.00016608400568163601
0.00016608400568164029
0.00016608400568163601
0.00016608400568163975
0.00016608400568164029
0.00016608400568163601
0.00016608400568163975
0.00016608400568164029
0.00016608400568163601
0.00016608400568163975
0.00016608400568164029
0.00016608400568163601
0.00016608400568163975
0.00016608400568164029
0.00016608400568163601
0.00016608400568163975
0.00016608400568164029
0.00016608400568163601
0.00016608400568163975
0.00016608400568164029
0.00016608400568163601
0.00016608400568163975
0.00016608400568164029
0.00016608400568163601
0.00016608400568163975
0.00016608400568164029
0.00016608400568163601
0.00016608400568163975
0.00016608400568164029
0.00016608400568163601
0.00016608400568163975
0.00016608400568163601
0.00016608400568163975
0.00016608400568163975
0.00016608400568163601
0.00016608400568163975
0.00016608400568163975
0.00016608400568163601
0.00016608400568163975
0.00016608400568163975
0.00016608400568163601
0.00016608400568163975
0.00016608400568163975
0.00016608400568163601
0.00016608400568163975
0.00016608400568163975
0.00016608400568163601
0.00016608400568163975
0.00016608400568163975
0.00016608400568163601
0.00016608400568163975
0.00016608400568163975
0.00016608400568163601
0.00016608400568163975
0.00016608400568163975
0.00016608400568163601
0.00016608400568163975
0.00016608400568163975
0.00016608400568163601
0.00016608400568163975
0.00016608400568163601
0.00016608400568163975
0.00016608400568163975
0.00016608400568163601
0.00016608400568163975
0.00016608400568163975
0.00016608400568163601
0.00016608400568163975
0.00016608400568163975
0.00016608400568163601
0.00016608400568164427
0.00016608400568163647
0.00016608400568163622
0.00016608400568164427
0.00016608400568163647
0.00016608400568163622
0.00016608400568163647
0.00016608400568164427
0.00016608400568163622
0.00016608400568163647
0.00016608400568164427
0.00016608400568163622
0.00016608400568163647
0.00016608400568164427
0.00016608400568163622
0.00016608400568163647
0.00016608400568164427
0.00016608400568163622
0.00016608400568163647
0.00016608400568164427
0.00016608400568163622
0.00016608400568163647
0.00016608400568164427
0.00016608400568163622
0.00016608400568163647
0.00016608400568164427
0.00016608400568163622
0.00016608400568163647
0.00016608400568164427
0.00016608400568163622
0.00016608400568163647
0.00016608400568164427
0.00016608400568163622
0.00016608400568163647
0.00016608400568164427
0.00016608400568163622
0.00016608400568163899
0.00016608400568163899
0.00016608400568163899
0.00016608400568163899
0.00016608400568163899
0.00016608400568163899
0.00016608400568163861
0.00016608400568163907
0.00016608400568163861
0.00016608400568163931
0.00016608400568163861
0.00016608400568163907
0.00016608400568163861
0.00016608400568163861
0.00016608400568163907
0.00016608400568163836
0.00016608400568163861
0.00016608400568163861
0.00016608400568163907
0.00016608400568163861
0.00016608400568163861
0.00016608400568163861
0.00016608400568163907
0.00016608400568163861
0.00016608400568163861
0.00016608400568163836
0.00016608400568163931
0.00016608400568163815
0.00016608400568163907
0.00016608400568163931
0.00016608400568163815
0.00016608400568163907
0.00016608400568163931
0.00016608400568163815
0.00016608400568163907
0.00016608400568163815
0.00016608400568163931
0.00016608400568163907
0.00016608400568163815
0.00016608400568163931
0.00016608400568163907
0.00016608400568163815
0.00016608400568163931
0.00016608400568163815
0.00016608400568163907
0.00016608400568163931
0.00016608400568163815
0.00016608400568163907
0.00016608400568163815
0.00016608400568163931
0.00016608400568163907
0.00016608400568163815
0.00016608400568163815
0.00016608400568164029
0.00016608400568163815
0.00016608400568163815
0.00016608400568164029
0.00016608400568163815
0.00016608400568163815
0.00016608400568164029
0.00016608400568163815
0.00016608400568163815
0.00016608400568164029
0.00016608400568163815
0.00016608400568163815
0.00016608400568164029
0.00016608400568163815
0.00016608400568163815
0.00016608400568163815
0.00016608400568164029
0.00016608400568163815
0.00016608400568163815
0.00016608400568164029
0.00016608400568163815
0.00016608400568163815
0.00016608400568164029
0.00016608400568163815
0.00016608400568163815
0.00016608400568164029
0.00016608400568163815
0.00016608400568163815
0.00016608400568164029
0.00016608400568163815
0.00016608400568163815
0.00016608400568163815
0.00016608400568164029
0.00016608400568163815
0.00016608400568163815
0.00016608400568164029
0.00016608400568163815
0.00016608400568163815
0.00016608400568164029
0.00016608400568163815
0.00016608400568163815
0.00016608400568164029
0.00016608400568163815
0.00016608400568163815
0.00016608400568163815
0.00016608400568164029
0.00016608400568163815
0.00016608400568163815
0.00016608400568164029
0.00016608400568164029
0.00016608400568163668
0.00016608400568164048
0.00016608400568163668
0.00016608400568163999
0.00016608400568164048
0.00016608400568163668
0.00016608400568163999
0.00016608400568164048
0.00016608400568163668
0.00016608400568163999
0.00016608400568164048
0.00016608400568163668
0.00016608400568163999
0.00016608400568164048
0.00016608400568163668
0.00016608400568163999
0.00016608400568164048
0.00016608400568163668
0.00016608400568163999
0.00016608400568164048
0.00016608400568163668
0.00016608400568163999
0.00016608400568164048
0.00016608400568163668
0.00016608400568163999
0.00016608400568164048
0.00016608400568163668
0.00016608400568163999
0.00016608400568164048
0.00016608400568163668
0.00016608400568163999
0.00016608400568164048
0.00016608400568163668
0.00016608400568163999
0.00016608400568163668
0.00016608400568164048
0.00016608400568163999
0.00016608400568163668
0.00016608400568164048
0.00016608400568163999
0.00016608400568163668
0.00016608400568164048
0.00016608400568163999
0.00016608400568163668
0.00016608400568164048
0.00016608400568163999
0.00016608400568163668
0.00016608400568164048
0.00016608400568163999
0.00016608400568163668
0.00016608400568164048
0.00016608400568163999
0.00016608400568163668
0.00016608400568164048
0.00016608400568163999
0.00016608400568163668
0.00016608400568164048
0.00016608400568163999
0.00016608400568163668
0.00016608400568164048
0.00016608400568163999
0.00016608400568163668
0.00016608400568164048
0.00016608400568163668
0.00016608400568164048
0.00016608400568164048
0.00016608400568163668
0.00016608400568164048
0.00016608400568164048
0.00016608400568163668
0.00016608400568164048
0.00016608400568164048
0.00016608400568163668
0.00016608400568164048
0.00016608400568164048
0.00016608400568163668
0.00016608400568164048
0.00016608400568164048
0.00016608400568163668
0.00016608400568164048
0.00016608400568164048
0.00016608400568163668
0.00016608400568164048
0.00016608400568164048
0.00016608400568163668
0.00016608400568164048
0.00016608400568164048
0.00016608400568163668
0.00016608400568164048
0.00016608400568164048
0.00016608400568163668
0.00016608400568164048
0.00016608400568163668
0.00016608400568164048
0.00016608400568164048
0.00016608400568163668
0.00016608400568164048
0.00016608400568164048
0.00016608400568163668
0.00016608400568164048
0.00016608400568164048
0.00016608400568163668
0.00016608400568164379
0.00016608400568163644
0.00016608400568163668
0.00016608400568164379
0.00016608400568163644
0.00016608400568163668
0.00016608400568163644
0.00016608400568164379
0.00016608400568163668
0.00016608400568163644
0.00016608400568164379
0.00016608400568163668
0.00016608400568163644
0.00016608400568164379
0.00016608400568163668
0.00016608400568163644
0.00016608400568164379
0.00016608400568163668
0.00016608400568163644
0.00016608400568164379
0.00016608400568163668
0.00016608400568163644
0.00016608400568164379
0.00016608400568163668
0.00016608400568163644
0.00016608400568164379
0.00016608400568163668
0.00016608400568163644
0.00016608400568164379
0.00016608400568163668
0.00016608400568163644
0.00016608400568164379
0.00016608400568163668
0.00016608400568163644
0.00016608400568164379
0.00016608400568163668
0.00016608400568163847
0.00016608400568163847
0.00016608400568163847
0.00016608400568163847
0.00016608400568163847
0.00016608400568163847
0.00016608400568163858
0.00016608400568163883
0.00016608400568163858
0.00016608400568163858
0.00016608400568163858
0.00016608400568163883
0.00016608400568163858
0.00016608400568163858
0.00016608400568163907
0.00016608400568163858
0.00016608400568163858
0.00016608400568163858
0.00016608400568163907
0.00016608400568163858
0.00016608400568163858
0.00016608400568163858
0.00016608400568163907
0.00016608400568163858
0.00016608400568163858
0.00016608400568163858
0.00016608400568163883
0.00016608400568163836
0.00016608400568163907
0.00016608400568163883
0.00016608400568163836
0.00016608400568163907
0.00016608400568163883
0.00016608400568163836
0.00016608400568163907
0.00016608400568163836
0.00016608400568163883
0.00016608400568163907
0.00016608400568163836
0.00016608400568163883
0.00016608400568163907
0.00016608400568163836
0.00016608400568163883
0.00016608400568163836
0.00016608400568163907
0.00016608400568163883
0.00016608400568163836
0.00016608400568163907
0.00016608400568163836
0.00016608400568163883
0.00016608400568163907
0.00016608400568163836
0.00016608400568163836
0.00016608400568164005
0.00016608400568163836
0.00016608400568163836
0.00016608400568164005
0.00016608400568163836
0.00016608400568163836
0.00016608400568164005
0.00016608400568163836
0.00016608400568163836
0.00016608400568164005
0.00016608400568163836
0.00016608400568163836
0.00016608400568164005
0.00016608400568163836
0.00016608400568163836
0.00016608400568163836
0.00016608400568164005
0.00016608400568163836
0.00016608400568163836
0.00016608400568164005
0.00016608400568163836
0.00016608400568163836
0.00016608400568164005
0.00016608400568163836
0.00016608400568163836
0.00016608400568164005
0.00016608400568163836
0.00016608400568163836
0.00016608400568164005
0.00016608400568163836
0.00016608400568163836
0.00016608400568163836
0.00016608400568164005
0.00016608400568163836
0.00016608400568163836
0.00016608400568164005
0.00016608400568163836
0.00016608400568163836
0.00016608400568164005
0.00016608400568163836
0.00016608400568163836
0.00016608400568164005
0.00016608400568163836
0.00016608400568163836
0.00016608400568163836
0.00016608400568164005
0.00016608400568163836
0.00016608400568163836
0.00016608400568164005
0.00016608400568164005
0.00016608400568163622
0.00016608400568164005
0.00016608400568163622
0.00016608400568164029
0.00016608400568164005
0.00016608400568163622
0.00016608400568164029
0.00016608400568164005
0.00016608400568163622
0.00016608400568164029
0.00016608400568164005
0.00016608400568163622
0.00016608400568164029
0.00016608400568164005
0.00016608400568163622
0.00016608400568164029
0.00016608400568164005
0.00016608400568163622
0.00016608400568164029
0.00016608400568164005
0.00016608400568163622
0.00016608400568164029
0.00016608400568164005
0.00016608400568163622
0.00016608400568164029
0.00016608400568164005
0.00016608400568163622
0.00016608400568164029
0.00016608400568164005
0.00016608400568163622
0.00016608400568164029
0.00016608400568164005
0.00016608400568163622
0.00016608400568164029
0.00016608400568163622
0.00016608400568164005
0.00016608400568164029
0.00016608400568163622
0.00016608400568164005
0.00016608400568164029
0.00016608400568163622
0.00016608400568164005
0.00016608400568164029
0.00016608400568163622
0.00016608400568164005
0.00016608400568164029
0.00016608400568163622
0.00016608400568164005
0.00016608400568164029
0.00016608400568163622
0.00016608400568164005
0.00016608400568164029
0.00016608400568163622
0.00016608400568164005
0.00016608400568164029
0.00016608400568163622
0.00016608400568164005
0.00016608400568164029
0.00016608400568163622
0.00016608400568164005
0.00016608400568164029
0.00016608400568163622
0.00016608400568164005
0.00016608400568163622
0.00016608400568164005
0.00016608400568164005
0.00016608400568163622
0.00016608400568164005
0.00016608400568164005
0.00016608400568163622
0.00016608400568164005
0.00016608400568164005
0.00016608400568163622
0.00016608400568164005
0.00016608400568164005
0.00016608400568163622
0.00016608400568164005
0.00016608400568164005
0.00016608400568163622
0.00016608400568164005
0.00016608400568164005
0.00016608400568163622
0.00016608400568164005
0.00016608400568164005
0.00016608400568163622
0.00016608400568164005
0.00016608400568164005
0.00016608400568163622
0.00016608400568164005
0.00016608400568164005
0.00016608400568163622
0.00016608400568164005
0.00016608400568163622
0.00016608400568164005
0.00016608400568164005
0.00016608400568163622
0.00016608400568164005
0.00016608400568164005
0.00016608400568163622
0.00016608400568164005
0.00016608400568164005
0.00016608400568163622
0.00016608400568164357
0.0001660840056816362
0.00016608400568163601
0.00016608400568164357
0.0001660840056816362
0.00016608400568163601
0.0001660840056816362
0.00016608400568164357
0.00016608400568163601
0.0001660840056816362
0.00016608400568164357
0.00016608400568163601
0.0001660840056816362
0.00016608400568164357
0.00016608400568163601
0.0001660840056816362
0.00016608400568164357
0.00016608400568163601
0.0001660840056816362
0.00016608400568164357
0.00016608400568163601
0.0001660840056816362
0.00016608400568164357
0.00016608400568163601
0.0001660840056816362
0.00016608400568164357
0.00016608400568163601
0.0001660840056816362
0.00016608400568164357
0.00016608400568163601
0.0001660840056816362
0.00016608400568164357
0.00016608400568163601
0.0001660840056816362
0.00016608400568164357
0.00016608400568163601
0.00016608400568163899
0.00016608400568163899
0.00016608400568163899
0.00016608400568163899
0.00016608400568163899
0.00016608400568163899
0.00016608400568163858
0.00016608400568163883
0.00016608400568163858
0.00016608400568163858
0.00016608400568163858
0.00016608400568163883
0.00016608400568163858
0.00016608400568163858
0.00016608400568163931
0.00016608400568163858
0.00016608400568163858
0.00016608400568163858
0.00016608400568163931
0.00016608400568163858
0.00016608400568163858
0.00016608400568163858
0.00016608400568163931
0.00016608400568163858
0.00016608400568163858
0.00016608400568163858
0.00016608400568163931
0.00016608400568163836
0.00016608400568163907
0.00016608400568163931
0.00016608400568163836
0.00016608400568163907
0.00016608400568163931
0.00016608400568163836
0.00016608400568163907
0.00016608400568163836
0.00016608400568163931
0.00016608400568163907
0.00016608400568163836
0.00016608400568163931
0.00016608400568163907
0.00016608400568163836
0.00016608400568163931
0.00016608400568163836
0.00016608400568163907
0.00016608400568163931
0.00016608400568163836
0.00016608400568163907
0.00016608400568163836
0.00016608400568163931
0.00016608400568163907
0.00016608400568163836
0.00016608400568163836
0.00016608400568163975
0.00016608400568163836
0.00016608400568163836
0.00016608400568163975
0.00016608400568163836
0.00016608400568163836
0.00016608400568163975
0.00016608400568163836
0.00016608400568163836
0.00016608400568163975
0.00016608400568163836
0.00016608400568163836
0.00016608400568163975
0.00016608400568163836
0.00016608400568163836
0.00016608400568163836
0.00016608400568163975
0.00016608400568163836
0.00016608400568163836
0.00016608400568163975
0.00016608400568163836
0.00016608400568163836
0.00016608400568163975
0.00016608400568163836
0.00016608400568163836
0.00016608400568163975
0.00016608400568163836
0.00016608400568163836
0.00016608400568163975
0.00016608400568163836
0.00016608400568163836
0.00016608400568163836
0.00016608400568163975
0.00016608400568163836
0.00016608400568163836
0.00016608400568163975
0.00016608400568163836
0.00016608400568163836
0.00016608400568163975
0.00016608400568163836
0.00016608400568163836
0.00016608400568163975
0.00016608400568163836
0.00016608400568163836
0.00016608400568163836
0.00016608400568163975
0.00016608400568163836
0.00016608400568163836
0.00016608400568163975
0.00016608400568163975
0.00016608400568163622
0.00016608400568164005
0.00016608400568163622
0.00016608400568163975
0.00016608400568164005
0.00016608400568163622
0.00016608400568163975
0.00016608400568164005
0.00016608400568163622
0.00016608400568163975
0.00016608400568164005
0.00016608400568163622
0.00016608400568163975
0.00016608400568164005
0.00016608400568163622
0.00016608400568163975
0.00016608400568164005
0.00016608400568163622
0.00016608400568163975
0.00016608400568164005
0.00016608400568163622
0.00016608400568163975
0.00016608400568164005
0.00016608400568163622
0.00016608400568163975
0.00016608400568164005
0.00016608400568163622
0.00016608400568163975
0.00016608400568164005
0.00016608400568163622
0.00016608400568163975
0.00016608400568164005
0.00016608400568163622
0.00016608400568163975
0.00016608400568163622
0.00016608400568164005
0.00016608400568163975
0.00016608400568163622
0.00016608400568164005
0.00016608400568163975
0.00016608400568163622
0.00016608400568164005
0.00016608400568163975
0.00016608400568163622
0.00016608400568164005
0.00016608400568163975
0.00016608400568163622
0.00016608400568164005
0.00016608400568163975
0.00016608400568163622
0.00016608400568164005
0.00016608400568163975
0.00016608400568163622
0.00016608400568164005
0.00016608400568163975
0.00016608400568163622
0.00016608400568164005
0.00016608400568163975
0.00016608400568163622
0.00016608400568164005
0.00016608400568163975
0.00016608400568163622
0.00016608400568164005
0.00016608400568163622
0.00016608400568164005
0.00016608400568164005
0.00016608400568163622
0.00016608400568164005
0.00016608400568164005
0.00016608400568163622
0.00016608400568164005
0.00016608400568164005
0.00016608400568163622
0.00016608400568164005
0.00016608400568164005
0.00016608400568163622
0.00016608400568164005
0.00016608400568164005
0.00016608400568163622
0.00016608400568164005
0.00016608400568164005
0.00016608400568163622
0.00016608400568164005
0.00016608400568164005
0.00016608400568163622
0.00016608400568164005
0.00016608400568164005
0.00016608400568163622
0.00016608400568164005
0.00016608400568164005
0.00016608400568163622
0.00016608400568164005
0.00016608400568163622
0.00016608400568164005
0.00016608400568164005
0.00016608400568163622
0.00016608400568164005
0.00016608400568164005
0.00016608400568163622
0.00016608400568164005
0.00016608400568164005
0.00016608400568163622
0.00016608400568164403
0.0001660840056816362
0.00016608400568163622
0.00016608400568164403
0.0001660840056816362
0.00016608400568163622
0.0001660840056816362
0.00016608400568164403
0.00016608400568163622
0.0001660840056816362
0.00016608400568164403
0.00016608400568163622
0.0001660840056816362
0.00016608400568164403
0.00016608400568163622
0.0001660840056816362
0.00016608400568164403
0.00016608400568163622
0.0001660840056816362
0.00016608400568164403
0.00016608400568163622
0.0001660840056816362
0.00016608400568164403
0.00016608400568163622
0.0001660840056816362
0.00016608400568164403
0.00016608400568163622
0.0001660840056816362
0.00016608400568164403
0.00016608400568163622
0.0001660840056816362
0.00016608400568164403
0.00016608400568163622
0.0001660840056816362
0.00016608400568164403
0.00016608400568163622
0.00016608400568163899
0.00016608400568163899
0.00016608400568163874
0.00016608400568163874
0.00016608400568163874
0.00016608400568163874
0.00016608400568163907
0.00016608400568163931
0.00016608400568163907
0.00016608400568163975
0.00016608400568163907
0.00016608400568163931
0.00016608400568163907
0.00016608400568163907
0.00016608400568163931
0.00016608400568163907
0.00016608400568163907
0.00016608400568163907
0.00016608400568163931
0.00016608400568163907
0.00016608400568163907
0.00016608400568163907
0.00016608400568163931
0.00016608400568163907
0.00016608400568163907
0.00016608400568163907
0.00016608400568163907
0.0001660840056816379
0.00016608400568163907
0.00016608400568163907
0.0001660840056816379
0.00016608400568163907
0.00016608400568163907
0.0001660840056816379
0.00016608400568163907
0.0001660840056816379
0.00016608400568163907
0.00016608400568163907
0.0001660840056816379
0.00016608400568163907
0.00016608400568163907
0.0001660840056816379
0.00016608400568163907
0.0001660840056816379
0.00016608400568163907
0.00016608400568163907
0.0001660840056816379
0.00016608400568163907
0.0001660840056816379
0.00016608400568163907
0.00016608400568163907
0.0001660840056816379
0.0001660840056816379
0.00016608400568164029
0.0001660840056816379
0.0001660840056816379
0.00016608400568164029
0.0001660840056816379
0.0001660840056816379
0.00016608400568164029
0.0001660840056816379
0.0001660840056816379
0.00016608400568164029
0.0001660840056816379
0.0001660840056816379
0.00016608400568164029
0.0001660840056816379
0.0001660840056816379
0.0001660840056816379
0.00016608400568164029
0.0001660840056816379
0.0001660840056816379
0.00016608400568164029
0.0001660840056816379
0.0001660840056816379
0.00016608400568164029
0.0001660840056816379
0.0001660840056816379
0.00016608400568164029
0.0001660840056816379
0.0001660840056816379
0.00016608400568164029
0.0001660840056816379
0.0001660840056816379
0.0001660840056816379
0.00016608400568164029
0.0001660840056816379
0.0001660840056816379
0.00016608400568164029
0.0001660840056816379
0.0001660840056816379
0.00016608400568164029
0.0001660840056816379
0.0001660840056816379
0.00016608400568164029
0.0001660840056816379
0.0001660840056816379
0.0001660840056816379
0.00016608400568164029
0.0001660840056816379
0.0001660840056816379
0.00016608400568164029
0.00016608400568164029
0.00016608400568163622
0.00016608400568164005
0.00016608400568163622
0.00016608400568164005
0.00016608400568164005
0.00016608400568163622
0.00016608400568164005
0.00016608400568164005
0.00016608400568163622
0.00016608400568164005
0.00016608400568164005
0.00016608400568163622
0.00016608400568164005
0.00016608400568164005
0.00016608400568163622
0.00016608400568164005
0.00016608400568164005
0.00016608400568163622
0.00016608400568164005
0.00016608400568164005
0.00016608400568163622
0.00016608400568164005
0.00016608400568164005
0.00016608400568163622
0.00016608400568164005
0.00016608400568164005
0.00016608400568163622
0.00016608400568164005
0.00016608400568164005
0.00016608400568163622
0.00016608400568164005
0.00016608400568164005
0.00016608400568163622
0.00016608400568164005
0.00016608400568163622
0.00016608400568164005
0.00016608400568164005
0.00016608400568163622
0.00016608400568164005
0.00016608400568164005
0.00016608400568163622
0.00016608400568164005
0.00016608400568164005
0.00016608400568163622
0.00016608400568164005
0.00016608400568164005
0.00016608400568163622
0.00016608400568164005
0.00016608400568164005
0.00016608400568163622
0.00016608400568164005
0.00016608400568164005
0.00016608400568163622
0.00016608400568164005
0.00016608400568164005
0.00016608400568163622
0.00016608400568164005
0.00016608400568164005
0.00016608400568163622
0.00016608400568164005
0.00016608400568164005
0.00016608400568163622
0.00016608400568164005
0.00016608400568163622
0.00016608400568164005
0.00016608400568164005
0.00016608400568163622
0.00016608400568164005
0.00016608400568164005
0.00016608400568163622
0.00016608400568164005
0.00016608400568164005
0.00016608400568163622
0.00016608400568164005
0.00016608400568164005
0.00016608400568163622
0.00016608400568164005
0.00016608400568164005
0.00016608400568163622
0.00016608400568164005
0.00016608400568164005
0.00016608400568163622
0.00016608400568164005
0.00016608400568164005
0.00016608400568163622
0.00016608400568164005
0.00016608400568164005
0.00016608400568163622
0.00016608400568164005
0.00016608400568164005
0.00016608400568163622
0.00016608400568164005
0.00016608400568163622
0.00016608400568164005
0.00016608400568164005
0.00016608400568163622
0.00016608400568164005
0.00016608400568164005
0.00016608400568163622
0.00016608400568164005
0.00016608400568164005
0.00016608400568163622
0.00016608400568164357
0.00016608400568163571
0.00016608400568163601
0.00016608400568164357
0.00016608400568163571
0.00016608400568163601
0.00016608400568163571
0.00016608400568164357
0.00016608400568163601
0.00016608400568163571
0.00016608400568164357
0.00016608400568163601
0.00016608400568163571
0.00016608400568164357
0.00016608400568163601
0.00016608400568163571
0.00016608400568164357
0.00016608400568163601
0.00016608400568163571
0.00016608400568164357
0.00016608400568163601
0.00016608400568163571
0.00016608400568164357
0.00016608400568163601
0.00016608400568163571
0.00016608400568164357
0.00016608400568163601
0.00016608400568163571
0.00016608400568164357
0.00016608400568163601
0.00016608400568163571
0.00016608400568164357
0.00016608400568163601
0.00016608400568163571
0.00016608400568164357
0.00016608400568163601
0.00016608400568163847
0.00016608400568163847
0.00016608400568163872
0.00016608400568163872
0.00016608400568163872
0.00016608400568163872
0.00016608400568163861
0.00016608400568163858
0.00016608400568163861
0.00016608400568163809
0.00016608400568163861
0.00016608400568163858
0.00016608400568163861
0.00016608400568163883
0.00016608400568163907
0.00016608400568163883
0.00016608400568163883
0.00016608400568163883
0.00016608400568163907
0.00016608400568163883
0.00016608400568163883
0.00016608400568163883
0.00016608400568163907
0.00016608400568163883
0.00016608400568163883
0.00016608400568163883
0.00016608400568163956
0.00016608400568163861
0.00016608400568163956
0.00016608400568163956
0.00016608400568163861
0.00016608400568163956
0.00016608400568163956
0.00016608400568163861
0.00016608400568163956
0.00016608400568163861
0.00016608400568163956
0.00016608400568163956
0.00016608400568163861
0.00016608400568163956
0.00016608400568163956
0.00016608400568163861
0.00016608400568163956
0.00016608400568163861
0.00016608400568163956
0.00016608400568163956
0.00016608400568163861
0.00016608400568163956
0.00016608400568163861
0.00016608400568163956
0.00016608400568163956
0.00016608400568163861
0.00016608400568163861
0.00016608400568163999
0.00016608400568163861
0.00016608400568163861
0.00016608400568163999
0.00016608400568163861
0.00016608400568163861
0.00016608400568163999
0.00016608400568163861
0.00016608400568163861
0.00016608400568163999
0.00016608400568163861
0.00016608400568163861
0.00016608400568163999
0.00016608400568163861
0.00016608400568163861
0.00016608400568163861
0.00016608400568163999
0.00016608400568163861
0.00016608400568163861
0.00016608400568163999
0.00016608400568163861
0.00016608400568163861
0.00016608400568163999
0.00016608400568163861
0.00016608400568163861
0.00016608400568163999
0.00016608400568163861
0.00016608400568163861
0.00016608400568163999
0.00016608400568163861
0.00016608400568163861
0.00016608400568163861
0.00016608400568163999
0.00016608400568163861
0.00016608400568163861
0.00016608400568163999
0.00016608400568163861
0.00016608400568163861
0.00016608400568163999
0.00016608400568163861
0.00016608400568163861
0.00016608400568163999
0.00016608400568163861
0.00016608400568163861
0.00016608400568163861
0.00016608400568163999
0.00016608400568163861
0.00016608400568163861
0.00016608400568163999
0.00016608400568163999
0.0001660840056816362
0.00016608400568164048
0.0001660840056816362
0.00016608400568164072
0.00016608400568164048
0.0001660840056816362
0.00016608400568164072
0.00016608400568164048
0.0001660840056816362
0.00016608400568164072
0.00016608400568164048
0.0001660840056816362
0.00016608400568164072
0.00016608400568164048
0.0001660840056816362
0.00016608400568164072
0.00016608400568164048
0.0001660840056816362
0.00016608400568164072
0.00016608400568164048
0.0001660840056816362
0.00016608400568164072
0.00016608400568164048
0.0001660840056816362
0.00016608400568164072
0.00016608400568164048
0.0001660840056816362
0.00016608400568164072
0.00016608400568164048
0.0001660840056816362
0.00016608400568164072
0.00016608400568164048
0.0001660840056816362
0.00016608400568164072
0.0001660840056816362
0.00016608400568164048
0.00016608400568164072
0.0001660840056816362
0.00016608400568164048
0.00016608400568164072
0.0001660840056816362
0.00016608400568164048
0.00016608400568164072
0.0001660840056816362
0.00016608400568164048
0.00016608400568164072
0.0001660840056816362
0.00016608400568164048
0.00016608400568164072
0.0001660840056816362
0.00016608400568164048
0.00016608400568164072
0.0001660840056816362
0.00016608400568164048
0.00016608400568164072
0.0001660840056816362
0.00016608400568164048
0.00016608400568164072
0.0001660840056816362
0.00016608400568164048
0.00016608400568164072
0.0001660840056816362
0.00016608400568164048
0.0001660840056816362
0.00016608400568164048
0.00016608400568164048
0.0001660840056816362
0.00016608400568164048
0.00016608400568164048
0.0001660840056816362
0.00016608400568164048
0.00016608400568164048
0.0001660840056816362
0.00016608400568164048
0.00016608400568164048
0.0001660840056816362
0.00016608400568164048
0.00016608400568164048
0.0001660840056816362
0.00016608400568164048
0.00016608400568164048
0.0001660840056816362
0.00016608400568164048
0.00016608400568164048
0.0001660840056816362
0.00016608400568164048
0.00016608400568164048
0.0001660840056816362
0.00016608400568164048
0.00016608400568164048
0.0001660840056816362
0.00016608400568164048
0.0001660840056816362
0.00016608400568164048
0.00016608400568164048
0.0001660840056816362
0.00016608400568164048
0.00016608400568164048
0.0001660840056816362
0.00016608400568164048
0.00016608400568164048
0.0001660840056816362
0.00016608400568164427
0.00016608400568163693
0.00016608400568163644
0.00016608400568164427
0.00016608400568163693
0.00016608400568163644
0.00016608400568163693
0.00016608400568164427
0.00016608400568163644
0.00016608400568163693
0.00016608400568164427
0.00016608400568163644
0.00016608400568163693
0.00016608400568164427
0.00016608400568163644
0.00016608400568163693
0.00016608400568164427
0.00016608400568163644
0.00016608400568163693
0.00016608400568164427
0.00016608400568163644
0.00016608400568163693
0.00016608400568164427
0.00016608400568163644
0.00016608400568163693
0.00016608400568164427
0.00016608400568163644
0.00016608400568163693
0.00016608400568164427
0.00016608400568163644
0.00016608400568163693
0.00016608400568164427
0.00016608400568163644
0.00016608400568163693
0.00016608400568164427
0.00016608400568163644
0.00016608400568163918
0.00016608400568163918
0.00016608400568163918
0.00016608400568163918
0.00016608400568163918
0.00016608400568163918
0.00016608400568163883
0.00016608400568163907
0.00016608400568163883
0.00016608400568163953
0.00016608400568163883
0.00016608400568163907
0.00016608400568163883
0.00016608400568163858
0.00016608400568163931
0.00016608400568163858
0.00016608400568163858
0.00016608400568163858
0.00016608400568163931
0.00016608400568163858
0.00016608400568163858
0.00016608400568163858
0.00016608400568163931
0.00016608400568163858
0.00016608400568163858
0.00016608400568163858
0.00016608400568163907
0.00016608400568163809
0.00016608400568163907
0.00016608400568163907
0.00016608400568163809
0.00016608400568163907
0.00016608400568163907
0.00016608400568163809
0.00016608400568163907
0.00016608400568163809
0.00016608400568163907
0.00016608400568163907
0.00016608400568163809
0.00016608400568163907
0.00016608400568163907
0.00016608400568163809
0.00016608400568163907
0.00016608400568163809
0.00016608400568163907
0.00016608400568163907
0.00016608400568163809
0.00016608400568163907
0.00016608400568163809
0.00016608400568163907
0.00016608400568163907
0.00016608400568163809
0.00016608400568163809
0.00016608400568164048
0.00016608400568163809
0.00016608400568163809
0.00016608400568164048
0.00016608400568163809
0.00016608400568163809
0.00016608400568164048
0.00016608400568163809
0.00016608400568163809
0.00016608400568164048
0.00016608400568163809
0.00016608400568163809
0.00016608400568164048
0.00016608400568163809
0.00016608400568163809
0.00016608400568163809
0.00016608400568164048
0.00016608400568163809
0.00016608400568163809
0.00016608400568164048
0.00016608400568163809
0.00016608400568163809
0.00016608400568164048
0.00016608400568163809
0.00016608400568163809
0.00016608400568164048
0.00016608400568163809
0.00016608400568163809
0.00016608400568164048
0.00016608400568163809
0.00016608400568163809
0.00016608400568163809
0.00016608400568164048
0.00016608400568163809
0.00016608400568163809
0.00016608400568164048
0.00016608400568163809
0.00016608400568163809
0.00016608400568164048
0.00016608400568163809
0.00016608400568163809
0.00016608400568164048
0.00016608400568163809
0.00016608400568163809
0.00016608400568163809
0.00016608400568164048
0.00016608400568163809
0.00016608400568163809
0.00016608400568164048
0.00016608400568164048
0.00016608400568163668
0.00016608400568163999
0.00016608400568163668
0.00016608400568163926
0.00016608400568163999
0.00016608400568163668
0.00016608400568163926
0.00016608400568163999
0.00016608400568163668
0.00016608400568163926
0.00016608400568163999
0.00016608400568163668
0.00016608400568163926
0.00016608400568163999
0.00016608400568163668
0.00016608400568163926
0.00016608400568163999
0.00016608400568163668
0.00016608400568163926
0.00016608400568163999
0.00016608400568163668
0.00016608400568163926
0.00016608400568163999
0.00016608400568163668
0.00016608400568163926
0.00016608400568163999
0.00016608400568163668
0.00016608400568163926
0.00016608400568163999
0.00016608400568163668
0.00016608400568163926
0.00016608400568163999
0.00016608400568163668
0.00016608400568163926
0.00016608400568163668
0.00016608400568163999
0.00016608400568163926
0.00016608400568163668
0.00016608400568163999
0.00016608400568163926
0.00016608400568163668
0.00016608400568163999
0.00016608400568163926
0.00016608400568163668
0.00016608400568163999
0.00016608400568163926
0.00016608400568163668
0.00016608400568163999
0.00016608400568163926
0.00016608400568163668
0.00016608400568163999
0.00016608400568163926
0.00016608400568163668
0.00016608400568163999
0.00016608400568163926
0.00016608400568163668
0.00016608400568163999
0.00016608400568163926
0.00016608400568163668
0.00016608400568163999
0.00016608400568163926
0.00016608400568163668
0.00016608400568163999
0.00016608400568163668
0.00016608400568163999
0.00016608400568163999
0.00016608400568163668
0.00016608400568163999
0.00016608400568163999
0.00016608400568163668
0.00016608400568163999
0.00016608400568163999
0.00016608400568163668
0.00016608400568163999
0.00016608400568163999
0.00016608400568163668
0.00016608400568163999
0.00016608400568163999
0.00016608400568163668
0.00016608400568163999
0.00016608400568163999
0.00016608400568163668
0.00016608400568163999
0.00016608400568163999
0.00016608400568163668
0.00016608400568163999
0.00016608400568163999
0.00016608400568163668
0.00016608400568163999
0.00016608400568163999
0.00016608400568163668
0.00016608400568163999
0.00016608400568163668
0.00016608400568163999
0.00016608400568163999
0.00016608400568163668
0.00016608400568163999
0.00016608400568163999
0.00016608400568163668
0.00016608400568163999
0.00016608400568163999
0.00016608400568163668
0.00016608400568164403
0.00016608400568163668
0.00016608400568163717
0.00016608400568164403
0.00016608400568163668
0.00016608400568163717
0.00016608400568163668
0.00016608400568164403
0.00016608400568163717
0.00016608400568163668
0.00016608400568164403
0.00016608400568163717
0.00016608400568163668
0.00016608400568164403
0.00016608400568163717
0.00016608400568163668
0.00016608400568164403
0.00016608400568163717
0.00016608400568163668
0.00016608400568164403
0.00016608400568163717
0.00016608400568163668
0.00016608400568164403
0.00016608400568163717
0.00016608400568163668
0.00016608400568164403
0.00016608400568163717
0.00016608400568163668
0.00016608400568164403
0.00016608400568163717
0.00016608400568163668
0.00016608400568164403
0.00016608400568163717
0.00016608400568163668
0.00016608400568164403
0.00016608400568163717
0.00016608400568163874
0.00016608400568163874
0.00016608400568163874
0.00016608400568163874
0.00016608400568163874
0.00016608400568163874
0.00016608400568163861
0.00016608400568163883
0.00016608400568163861
0.00016608400568163836
0.00016608400568163861
0.00016608400568163883
0.00016608400568163861
0.00016608400568163861
0.00016608400568163858
0.00016608400568163861
0.00016608400568163861
0.00016608400568163861
0.00016608400568163858
0.00016608400568163861
0.00016608400568163861
0.00016608400568163861
0.00016608400568163858
0.00016608400568163861
0.00016608400568163861
0.00016608400568163861
0.00016608400568163858
0.00016608400568163815
0.00016608400568163858
0.00016608400568163858
0.00016608400568163815
0.00016608400568163858
0.00016608400568163858
0.00016608400568163815
0.00016608400568163858
0.00016608400568163815
0.00016608400568163858
0.00016608400568163858
0.00016608400568163815
0.00016608400568163858
0.00016608400568163858
0.00016608400568163815
0.00016608400568163858
0.00016608400568163815
0.00016608400568163858
0.00016608400568163858
0.00016608400568163815
0.00016608400568163858
0.00016608400568163815
0.00016608400568163858
0.00016608400568163858
0.00016608400568163815
0.00016608400568163815
0.00016608400568164005
0.00016608400568163815
0.00016608400568163815
0.00016608400568164005
0.00016608400568163815
0.00016608400568163815
0.00016608400568164005
0.00016608400568163815
0.00016608400568163815
0.00016608400568164005
0.00016608400568163815
0.00016608400568163815
0.00016608400568164005
0.00016608400568163815
0.00016608400568163815
0.00016608400568163815
0.00016608400568164005
0.00016608400568163815
0.00016608400568163815
0.00016608400568164005
0.00016608400568163815
0.00016608400568163815
0.00016608400568164005
0.00016608400568163815
0.00016608400568163815
0.00016608400568164005
0.00016608400568163815
0.00016608400568163815
0.00016608400568164005
0.00016608400568163815
0.00016608400568163815
0.00016608400568163815
0.00016608400568164005
0.00016608400568163815
0.00016608400568163815
0.00016608400568164005
0.00016608400568163815
0.00016608400568163815
0.00016608400568164005
0.00016608400568163815
0.00016608400568163815
0.00016608400568164005
0.00016608400568163815
0.00016608400568163815
0.00016608400568163815
0.00016608400568164005
0.00016608400568163815
0.00016608400568163815
0.00016608400568164005
0.00016608400568164005
0.00016608400568163622
0.00016608400568163953
0.00016608400568163622
0.00016608400568164048
0.00016608400568163953
0.00016608400568163622
0.00016608400568164048
0.00016608400568163953
0.00016608400568163622
0.00016608400568164048
0.00016608400568163953
0.00016608400568163622
0.00016608400568164048
0.00016608400568163953
0.00016608400568163622
0.00016608400568164048
0.00016608400568163953
0.00016608400568163622
0.00016608400568164048
0.00016608400568163953
0.00016608400568163622
0.00016608400568164048
0.00016608400568163953
0.00016608400568163622
0.00016608400568164048
0.00016608400568163953
0.00016608400568163622
0.00016608400568164048
0.00016608400568163953
0.00016608400568163622
0.00016608400568164048
0.00016608400568163953
0.00016608400568163622
0.00016608400568164048
0.00016608400568163622
0.00016608400568163953
0.00016608400568164048
0.00016608400568163622
0.00016608400568163953
0.00016608400568164048
0.00016608400568163622
0.00016608400568163953
0.00016608400568164048
0.00016608400568163622
0.00016608400568163953
0.00016608400568164048
0.00016608400568163622
0.00016608400568163953
0.00016608400568164048
0.00016608400568163622
0.00016608400568163953
0.00016608400568164048
0.00016608400568163622
0.00016608400568163953
0.00016608400568164048
0.00016608400568163622
0.00016608400568163953
0.00016608400568164048
0.00016608400568163622
0.00016608400568163953
0.00016608400568164048
0.00016608400568163622
0.00016608400568163953
0.00016608400568163622
0.00016608400568163953
0.00016608400568163953
0.00016608400568163622
0.00016608400568163953
0.00016608400568163953
0.00016608400568163622
0.00016608400568163953
0.00016608400568163953
0.00016608400568163622
0.00016608400568163953
0.00016608400568163953
0.00016608400568163622
0.00016608400568163953
0.00016608400568163953
0.00016608400568163622
0.00016608400568163953
0.00016608400568163953
0.00016608400568163622
0.00016608400568163953
0.00016608400568163953
0.00016608400568163622
0.00016608400568163953
0.00016608400568163953
0.00016608400568163622
0.00016608400568163953
0.00016608400568163953
0.00016608400568163622
0.00016608400568163953
0.00016608400568163622
0.00016608400568163953
0.00016608400568163953
0.00016608400568163622
0.00016608400568163953
0.00016608400568163953
0.00016608400568163622
0.00016608400568163953
0.00016608400568163953
0.00016608400568163622
0.00016608400568164379
0.00016608400568163576
0.00016608400568163576
0.00016608400568164379
0.00016608400568163576
0.00016608400568163576
0.00016608400568163576
0.00016608400568164379
0.00016608400568163576
0.00016608400568163576
0.00016608400568164379
0.00016608400568163576
0.00016608400568163576
0.00016608400568164379
0.00016608400568163576
0.00016608400568163576
0.00016608400568164379
0.00016608400568163576
0.00016608400568163576
0.00016608400568164379
0.00016608400568163576
0.00016608400568163576
0.00016608400568164379
0.00016608400568163576
0.00016608400568163576
0.00016608400568164379
0.00016608400568163576
0.00016608400568163576
0.00016608400568164379
0.00016608400568163576
0.00016608400568163576
0.00016608400568164379
0.00016608400568163576
0.00016608400568163576
0.00016608400568164379
0.00016608400568163576
0.00016608400568163874
0.00016608400568163874
0.00016608400568163823
0.00016608400568163823
0.00016608400568163823
0.00016608400568163823
0.00016608400568163861
0.00016608400568163883
0.00016608400568163861
0.00016608400568163883
0.00016608400568163861
0.00016608400568163883
0.00016608400568163861
0.00016608400568163861
0.00016608400568163953
0.00016608400568163861
0.00016608400568163861
0.00016608400568163861
0.00016608400568163953
0.00016608400568163861
0.00016608400568163861
0.00016608400568163861
0.00016608400568163953
0.00016608400568163861
0.00016608400568163861
0.00016608400568163861
0.00016608400568163953
0.00016608400568163815
0.00016608400568163999
0.00016608400568163953
0.00016608400568163815
0.00016608400568163999
0.00016608400568163953
0.00016608400568163815
0.00016608400568163999
0.00016608400568163815
0.00016608400568163953
0.00016608400568163999
0.00016608400568163815
0.00016608400568163953
0.00016608400568163999
0.00016608400568163815
0.00016608400568163953
0.00016608400568163815
0.00016608400568163999
0.00016608400568163953
0.00016608400568163815
0.00016608400568163999
0.00016608400568163815
0.00016608400568163953
0.00016608400568163999
0.00016608400568163815
0.00016608400568163815
0.00016608400568164005
0.00016608400568163815
0.00016608400568163815
0.00016608400568164005
0.00016608400568163815
0.00016608400568163815
0.00016608400568164005
0.00016608400568163815
0.00016608400568163815
0.00016608400568164005
0.00016608400568163815
0.00016608400568163815
0.00016608400568164005
0.00016608400568163815
0.00016608400568163815
0.00016608400568163815
0.00016608400568164005
0.00016608400568163815
0.00016608400568163815
0.00016608400568164005
0.00016608400568163815
0.00016608400568163815
0.00016608400568164005
0.00016608400568163815
0.00016608400568163815
0.00016608400568164005
0.00016608400568163815
0.00016608400568163815
0.00016608400568164005
0.00016608400568163815
0.00016608400568163815
0.00016608400568163815
0.00016608400568164005
0.00016608400568163815
0.00016608400568163815
0.00016608400568164005
0.00016608400568163815
0.00016608400568163815
0.00016608400568164005
0.00016608400568163815
0.00016608400568163815
0.00016608400568164005
0.00016608400568163815
0.00016608400568163815
0.00016608400568163815
0.00016608400568164005
0.00016608400568163815
0.00016608400568163815
0.00016608400568164005
0.00016608400568164005
0.00016608400568163622
0.00016608400568164048
0.00016608400568163622
0.00016608400568164048
0.00016608400568164048
0.00016608400568163622
0.00016608400568164048
0.00016608400568164048
0.00016608400568163622
0.00016608400568164048
0.00016608400568164048
0.00016608400568163622
0.00016608400568164048
0.00016608400568164048
0.00016608400568163622
0.00016608400568164048
0.00016608400568164048
0.00016608400568163622
0.00016608400568164048
0.00016608400568164048
0.00016608400568163622
0.00016608400568164048
0.00016608400568164048
0.00016608400568163622
0.00016608400568164048
0.00016608400568164048
0.00016608400568163622
0.00016608400568164048
0.00016608400568164048
0.00016608400568163622
0.00016608400568164048
0.00016608400568164048
0.00016608400568163622
0.00016608400568164048
0.00016608400568163622
0.00016608400568164048
0.00016608400568164048
0.00016608400568163622
0.00016608400568164048
0.00016608400568164048
0.00016608400568163622
0.00016608400568164048
0.00016608400568164048
0.00016608400568163622
0.00016608400568164048
0.00016608400568164048
0.00016608400568163622
0.00016608400568164048
0.00016608400568164048
0.00016608400568163622
0.00016608400568164048
0.00016608400568164048
0.00016608400568163622
0.00016608400568164048
0.00016608400568164048
0.00016608400568163622
0.00016608400568164048
0.00016608400568164048
0.00016608400568163622
0.00016608400568164048
0.00016608400568164048
0.00016608400568163622
0.00016608400568164048
0.00016608400568163622
0.00016608400568164048
0.00016608400568164048
0.00016608400568163622
0.00016608400568164048
0.00016608400568164048
0.00016608400568163622
0.00016608400568164048
0.00016608400568164048
0.00016608400568163622
0.00016608400568164048
0.00016608400568164048
0.00016608400568163622
0.00016608400568164048
0.00016608400568164048
0.00016608400568163622
0.00016608400568164048
0.00016608400568164048
0.00016608400568163622
0.00016608400568164048
0.00016608400568164048
0.00016608400568163622
0.00016608400568164048
0.00016608400568164048
0.00016608400568163622
0.00016608400568164048
0.00016608400568164048
0.00016608400568163622
0.00016608400568164048
0.00016608400568163622
0.00016608400568164048
0.00016608400568164048
0.00016608400568163622
0.00016608400568164048
0.00016608400568164048
0.00016608400568163622
0.00016608400568164048
0.00016608400568164048
0.00016608400568163622
0.00016608400568164379
0.00016608400568163668
0.00016608400568163622
0.00016608400568164379
0.00016608400568163668
0.00016608400568163622
0.00016608400568163668
0.00016608400568164379
0.00016608400568163622
0.00016608400568163668
0.00016608400568164379
0.00016608400568163622
0.00016608400568163668
0.00016608400568164379
0.00016608400568163622
0.00016608400568163668
0.00016608400568164379
0.00016608400568163622
0.00016608400568163668
0.00016608400568164379
0.00016608400568163622
0.00016608400568163668
0.00016608400568164379
0.00016608400568163622
0.00016608400568163668
0.00016608400568164379
0.00016608400568163622
0.00016608400568163668
0.00016608400568164379
0.00016608400568163622
0.00016608400568163668
0.00016608400568164379
0.00016608400568163622
0.00016608400568163668
0.00016608400568164379
0.00016608400568163622
0.00016608400568163874
0.00016608400568163874
0.00016608400568163918
0.00016608400568163918
0.00016608400568163918
0.00016608400568163918
0.00016608400568163861
0.00016608400568163883
0.00016608400568163861
0.00016608400568163883
0.00016608400568163861
0.00016608400568163883
0.00016608400568163861
0.00016608400568163861
0.00016608400568163907
0.00016608400568163861
0.00016608400568163861
0.00016608400568163861
0.00016608400568163907
0.00016608400568163861
0.00016608400568163861
0.00016608400568163861
0.00016608400568163907
0.00016608400568163861
0.00016608400568163861
0.00016608400568163861
0.00016608400568163953
0.00016608400568163815
0.00016608400568163907
0.00016608400568163953
0.00016608400568163815
0.00016608400568163907
0.00016608400568163953
0.00016608400568163815
0.00016608400568163907
0.00016608400568163815
0.00016608400568163953
0.00016608400568163907
0.00016608400568163815
0.00016608400568163953
0.00016608400568163907
0.00016608400568163815
0.00016608400568163953
0.00016608400568163815
0.00016608400568163907
0.00016608400568163953
0.00016608400568163815
0.00016608400568163907
0.00016608400568163815
0.00016608400568163953
0.00016608400568163907
0.00016608400568163815
0.00016608400568163815
0.00016608400568164005
0.00016608400568163815
0.00016608400568163815
0.00016608400568164005
0.00016608400568163815
0.00016608400568163815
0.00016608400568164005
0.00016608400568163815
0.00016608400568163815
0.00016608400568164005
0.00016608400568163815
0.00016608400568163815
0.00016608400568164005
0.00016608400568163815
0.00016608400568163815
0.00016608400568163815
0.00016608400568164005
0.00016608400568163815
0.00016608400568163815
0.00016608400568164005
0.00016608400568163815
0.00016608400568163815
0.00016608400568164005
0.00016608400568163815
0.00016608400568163815
0.00016608400568164005
0.00016608400568163815
0.00016608400568163815
0.00016608400568164005
0.00016608400568163815
0.00016608400568163815
0.00016608400568163815
0.00016608400568164005
0.00016608400568163815
0.00016608400568163815
0.00016608400568164005
0.00016608400568163815
0.00016608400568163815
0.00016608400568164005
0.00016608400568163815
0.00016608400568163815
0.00016608400568164005
0.00016608400568163815
0.00016608400568163815
0.00016608400568163815
0.00016608400568164005
0.00016608400568163815
0.00016608400568163815
0.00016608400568164005
0.00016608400568164005
0.00016608400568163622
0.00016608400568164005
0.00016608400568163622
0.00016608400568163953
0.00016608400568164005
0.00016608400568163622
0.00016608400568163953
0.00016608400568164005
0.00016608400568163622
0.00016608400568163953
0.00016608400568164005
0.00016608400568163622
0.00016608400568163953
0.00016608400568164005
0.00016608400568163622
0.00016608400568163953
0.00016608400568164005
0.00016608400568163622
0.00016608400568163953
0.00016608400568164005
0.00016608400568163622
0.00016608400568163953
0.00016608400568164005
0.00016608400568163622
0.00016608400568163953
0.00016608400568164005
0.00016608400568163622
0.00016608400568163953
0.00016608400568164005
0.00016608400568163622
0.00016608400568163953
0.00016608400568164005
0.00016608400568163622
0.00016608400568163953
0.00016608400568163622
0.00016608400568164005
0.00016608400568163953
0.00016608400568163622
0.00016608400568164005
0.00016608400568163953
0.00016608400568163622
0.00016608400568164005
0.00016608400568163953
0.00016608400568163622
0.00016608400568164005
0.00016608400568163953
0.00016608400568163622
0.00016608400568164005
0.00016608400568163953
0.00016608400568163622
0.00016608400568164005
0.00016608400568163953
0.00016608400568163622
0.00016608400568164005
0.00016608400568163953
0.00016608400568163622
0.00016608400568164005
0.00016608400568163953
0.00016608400568163622
0.00016608400568164005
0.00016608400568163953
0.00016608400568163622
0.00016608400568164005
0.00016608400568163622
0.00016608400568164005
0.00016608400568164005
0.00016608400568163622
0.00016608400568164005
0.00016608400568164005
0.00016608400568163622
0.00016608400568164005
0.00016608400568164005
0.00016608400568163622
0.00016608400568164005
0.00016608400568164005
0.00016608400568163622
0.00016608400568164005
0.00016608400568164005
0.00016608400568163622
0.00016608400568164005
0.00016608400568164005
0.00016608400568163622
0.00016608400568164005
0.00016608400568164005
0.00016608400568163622
0.00016608400568164005
0.00016608400568164005
0.00016608400568163622
0.00016608400568164005
0.00016608400568164005
0.00016608400568163622
0.00016608400568164005
0.00016608400568163622
0.00016608400568164005
0.00016608400568164005
0.00016608400568163622
0.00016608400568164005
0.00016608400568164005
0.00016608400568163622
0.00016608400568164005
0.00016608400568164005
0.00016608400568163622
0.00016608400568164379
0.0001660840056816362
0.00016608400568163622
0.00016608400568164379
0.0001660840056816362
0.00016608400568163622
0.0001660840056816362
0.00016608400568164379
0.00016608400568163622
0.0001660840056816362
0.00016608400568164379
0.00016608400568163622
0.0001660840056816362
0.00016608400568164379
0.00016608400568163622
0.0001660840056816362
0.00016608400568164379
0.00016608400568163622
0.0001660840056816362
0.00016608400568164379
0.00016608400568163622
0.0001660840056816362
0.00016608400568164379
0.00016608400568163622
0.0001660840056816362
0.00016608400568164379
0.00016608400568163622
0.0001660840056816362
0.00016608400568164379
0.00016608400568163622
0.0001660840056816362
0.00016608400568164379
0.00016608400568163622
0.0001660840056816362
0.00016608400568164379
0.00016608400568163622
0.00016608400568163874
0.00016608400568163874
0.00016608400568163874
0.00016608400568163918
0.00016608400568163874
0.00016608400568163874
0.00016608400568163907
0.0001660840056816398
0.00016608400568163907
0.00016608400568163975
0.00016608400568163907
0.0001660840056816398
0.00016608400568163907
0.00016608400568163907
0.00016608400568163907
0.00016608400568163907
0.00016608400568163907
0.00016608400568163907
0.00016608400568163907
0.00016608400568163907
0.00016608400568163907
0.00016608400568163907
0.00016608400568163907
0.00016608400568163907
0.00016608400568163907
0.00016608400568163907
0.00016608400568163907
0.00016608400568163858
0.00016608400568163907
0.00016608400568163907
0.00016608400568163858
0.00016608400568163907
0.00016608400568163907
0.00016608400568163858
0.00016608400568163907
0.00016608400568163858
0.00016608400568163907
0.00016608400568163907
0.00016608400568163858
0.00016608400568163907
0.00016608400568163907
0.00016608400568163858
0.00016608400568163907
0.00016608400568163858
0.00016608400568163907
0.00016608400568163907
0.00016608400568163858
0.00016608400568163907
0.00016608400568163858
0.00016608400568163907
0.00016608400568163907
0.00016608400568163858
0.00016608400568163858
0.00016608400568164005
0.00016608400568163858
0.00016608400568163858
0.00016608400568164005
0.00016608400568163858
0.00016608400568163858
0.00016608400568164005
0.00016608400568163858
0.00016608400568163858
0.00016608400568164005
0.00016608400568163858
0.00016608400568163858
0.00016608400568164005
0.00016608400568163858
0.00016608400568163858
0.00016608400568163858
0.00016608400568164005
0.00016608400568163858
0.00016608400568163858
0.00016608400568164005
0.00016608400568163858
0.00016608400568163858
0.00016608400568164005
0.00016608400568163858
0.00016608400568163858
0.00016608400568164005
0.00016608400568163858
0.00016608400568163858
0.00016608400568164005
0.00016608400568163858
0.00016608400568163858
0.00016608400568163858
0.00016608400568164005
0.00016608400568163858
0.00016608400568163858
0.00016608400568164005
0.00016608400568163858
0.00016608400568163858
0.00016608400568164005
0.00016608400568163858
0.00016608400568163858
0.00016608400568164005
0.00016608400568163858
0.00016608400568163858
0.00016608400568163858
0.00016608400568164005
0.00016608400568163858
0.00016608400568163858
0.00016608400568164005
0.00016608400568164005
0.00016608400568163668
0.00016608400568164048
0.00016608400568163668
0.00016608400568164048
0.00016608400568164048
0.00016608400568163668
0.00016608400568164048
0.00016608400568164048
0.00016608400568163668
0.00016608400568164048
0.00016608400568164048
0.00016608400568163668
0.00016608400568164048
0.00016608400568164048
0.00016608400568163668
0.00016608400568164048
0.00016608400568164048
0.00016608400568163668
0.00016608400568164048
0.00016608400568164048
0.00016608400568163668
0.00016608400568164048
0.00016608400568164048
0.00016608400568163668
0.00016608400568164048
0.00016608400568164048
0.00016608400568163668
0.00016608400568164048
0.00016608400568164048
0.00016608400568163668
0.00016608400568164048
0.00016608400568164048
0.00016608400568163668
0.00016608400568164048
0.00016608400568163668
0.00016608400568164048
0.00016608400568164048
0.00016608400568163668
0.00016608400568164048
0.00016608400568164048
0.00016608400568163668
0.00016608400568164048
0.00016608400568164048
0.00016608400568163668
0.00016608400568164048
0.00016608400568164048
0.00016608400568163668
0.00016608400568164048
0.00016608400568164048
0.00016608400568163668
0.00016608400568164048
0.00016608400568164048
0.00016608400568163668
0.00016608400568164048
0.00016608400568164048
0.00016608400568163668
0.00016608400568164048
0.00016608400568164048
0.00016608400568163668
0.00016608400568164048
0.00016608400568164048
0.00016608400568163668
0.00016608400568164048
0.00016608400568163668
0.00016608400568164048
0.00016608400568164048
0.00016608400568163668
0.00016608400568164048
0.00016608400568164048
0.00016608400568163668
0.00016608400568164048
0.00016608400568164048
0.00016608400568163668
0.00016608400568164048
0.00016608400568164048
0.00016608400568163668
0.00016608400568164048
0.00016608400568164048
0.00016608400568163668
0.00016608400568164048
0.00016608400568164048
0.00016608400568163668
0.00016608400568164048
0.00016608400568164048
0.00016608400568163668
0.00016608400568164048
0.00016608400568164048
0.00016608400568163668
0.00016608400568164048
0.00016608400568164048
0.00016608400568163668
0.00016608400568164048
0.00016608400568163668
0.00016608400568164048
0.00016608400568164048
0.00016608400568163668
0.00016608400568164048
0.00016608400568164048
0.00016608400568163668
0.00016608400568164048
0.00016608400568164048
0.00016608400568163668
0.00016608400568164427
0.0001660840056816362
0.00016608400568163668
0.00016608400568164427
0.0001660840056816362
0.00016608400568163668
0.0001660840056816362
0.00016608400568164427
0.00016608400568163668
0.0001660840056816362
0.00016608400568164427
0.00016608400568163668
0.0001660840056816362
0.00016608400568164427
0.00016608400568163668
0.0001660840056816362
0.00016608400568164427
0.00016608400568163668
0.0001660840056816362
0.00016608400568164427
0.00016608400568163668
0.0001660840056816362
0.00016608400568164427
0.00016608400568163668
0.0001660840056816362
0.00016608400568164427
0.00016608400568163668
0.0001660840056816362
0.00016608400568164427
0.00016608400568163668
0.0001660840056816362
0.00016608400568164427
0.00016608400568163668
0.0001660840056816362
0.00016608400568164427
0.00016608400568163668
0.00016608400568163918
0.00016608400568163918
0.00016608400568163918
0.00016608400568163874
0.00016608400568163918
0.00016608400568163918
0.00016608400568163861
0.00016608400568163836
0.00016608400568163861
0.00016608400568163836
0.00016608400568163861
0.00016608400568163836
0.00016608400568163861
0.00016608400568163861
0.00016608400568163907
0.00016608400568163861
0.00016608400568163861
0.00016608400568163861
0.00016608400568163907
0.00016608400568163861
0.00016608400568163861
0.00016608400568163861
0.00016608400568163907
0.00016608400568163861
0.00016608400568163861
0.00016608400568163861
0.00016608400568163858
0.00016608400568163815
0.00016608400568163858
0.00016608400568163858
0.00016608400568163815
0.00016608400568163858
0.00016608400568163858
0.00016608400568163815
0.00016608400568163858
0.00016608400568163815
0.00016608400568163858
0.00016608400568163858
0.00016608400568163815
0.00016608400568163858
0.00016608400568163858
0.00016608400568163815
0.00016608400568163858
0.00016608400568163815
0.00016608400568163858
0.00016608400568163858
0.00016608400568163815
0.00016608400568163858
0.00016608400568163815
0.00016608400568163858
0.00016608400568163858
0.00016608400568163815
0.00016608400568163815
0.00016608400568163999
0.00016608400568163815
0.00016608400568163815
0.00016608400568163999
0.00016608400568163815
0.00016608400568163815
0.00016608400568163999
0.00016608400568163815
0.00016608400568163815
0.00016608400568163999
0.00016608400568163815
0.00016608400568163815
0.00016608400568163999
0.00016608400568163815
0.00016608400568163815
0.00016608400568163815
0.00016608400568163999
0.00016608400568163815
0.00016608400568163815
0.00016608400568163999
0.00016608400568163815
0.00016608400568163815
0.00016608400568163999
0.00016608400568163815
0.00016608400568163815
0.00016608400568163999
0.00016608400568163815
0.00016608400568163815
0.00016608400568163999
0.00016608400568163815
0.00016608400568163815
0.00016608400568163815
0.00016608400568163999
0.00016608400568163815
0.00016608400568163815
0.00016608400568163999
0.00016608400568163815
0.00016608400568163815
0.00016608400568163999
0.00016608400568163815
0.00016608400568163815
0.00016608400568163999
0.00016608400568163815
0.00016608400568163815
0.00016608400568163815
0.00016608400568163999
0.00016608400568163815
0.00016608400568163815
0.00016608400568163999
0.00016608400568163999
0.00016608400568163622
0.00016608400568164005
0.00016608400568163622
0.00016608400568164048
0.00016608400568164005
0.00016608400568163622
0.00016608400568164048
0.00016608400568164005
0.00016608400568163622
0.00016608400568164048
0.00016608400568164005
0.00016608400568163622
0.00016608400568164048
0.00016608400568164005
0.00016608400568163622
0.00016608400568164048
0.00016608400568164005
0.00016608400568163622
0.00016608400568164048
0.00016608400568164005
0.00016608400568163622
0.00016608400568164048
0.00016608400568164005
0.00016608400568163622
0.00016608400568164048
0.00016608400568164005
0.00016608400568163622
0.00016608400568164048
0.00016608400568164005
0.00016608400568163622
0.00016608400568164048
0.00016608400568164005
0.00016608400568163622
0.00016608400568164048
0.00016608400568163622
0.00016608400568164005
0.00016608400568164048
0.00016608400568163622
0.00016608400568164005
0.00016608400568164048
0.00016608400568163622
0.00016608400568164005
0.00016608400568164048
0.00016608400568163622
0.00016608400568164005
0.00016608400568164048
0.00016608400568163622
0.00016608400568164005
0.00016608400568164048
0.00016608400568163622
0.00016608400568164005
0.00016608400568164048
0.00016608400568163622
0.00016608400568164005
0.00016608400568164048
0.00016608400568163622
0.00016608400568164005
0.00016608400568164048
0.00016608400568163622
0.00016608400568164005
0.00016608400568164048
0.00016608400568163622
0.00016608400568164005
0.00016608400568163622
0.00016608400568164005
0.00016608400568164005
0.00016608400568163622
0.00016608400568164005
0.00016608400568164005
0.00016608400568163622
0.00016608400568164005
0.00016608400568164005
0.00016608400568163622
0.00016608400568164005
0.00016608400568164005
0.00016608400568163622
0.00016608400568164005
0.00016608400568164005
0.00016608400568163622
0.00016608400568164005
0.00016608400568164005
0.00016608400568163622
0.00016608400568164005
0.00016608400568164005
0.00016608400568163622
0.00016608400568164005
0.00016608400568164005
0.00016608400568163622
0.00016608400568164005
0.00016608400568164005
0.00016608400568163622
0.00016608400568164005
0.00016608400568163622
0.00016608400568164005
0.00016608400568164005
0.00016608400568163622
0.00016608400568164005
0.00016608400568164005
0.00016608400568163622
0.00016608400568164005
0.00016608400568164005
0.00016608400568163622
0.00016608400568164379
0.00016608400568163668
0.00016608400568163622
0.00016608400568164379
0.00016608400568163668
0.00016608400568163622
0.00016608400568163668
0.00016608400568164379
0.00016608400568163622
0.00016608400568163668
0.00016608400568164379
0.00016608400568163622
0.00016608400568163668
0.00016608400568164379
0.00016608400568163622
0.00016608400568163668
0.00016608400568164379
0.00016608400568163622
0.00016608400568163668
0.00016608400568164379
0.00016608400568163622
0.00016608400568163668
0.00016608400568164379
0.00016608400568163622
0.00016608400568163668
0.00016608400568164379
0.00016608400568163622
0.00016608400568163668
0.00016608400568164379
0.00016608400568163622
0.00016608400568163668
0.00016608400568164379
0.00016608400568163622
0.00016608400568163668
0.00016608400568164379
0.00016608400568163622
0.00016608400568163874
0.00016608400568163874
0.00016608400568163874
0.00016608400568163874
0.00016608400568163874
0.00016608400568163874
0.00016608400568163861
0.00016608400568163931
0.00016608400568163861
0.00016608400568163931
0.00016608400568163861
0.00016608400568163931
0.00016608400568163861
0.00016608400568163861
0.00016608400568163907
0.00016608400568163861
0.00016608400568163861
0.00016608400568163861
0.00016608400568163907
0.00016608400568163861
0.00016608400568163861
0.00016608400568163861
0.00016608400568163907
0.00016608400568163861
0.00016608400568163861
0.00016608400568163861
0.00016608400568163953
0.00016608400568163815
0.00016608400568163953
0.00016608400568163953
0.00016608400568163815
0.00016608400568163953
0.00016608400568163953
0.00016608400568163815
0.00016608400568163953
0.00016608400568163815
0.00016608400568163953
0.00016608400568163953
0.00016608400568163815
0.00016608400568163953
0.00016608400568163953
0.00016608400568163815
0.00016608400568163953
0.00016608400568163815
0.00016608400568163953
0.00016608400568163953
0.00016608400568163815
0.00016608400568163953
0.00016608400568163815
0.00016608400568163953
0.00016608400568163953
0.00016608400568163815
0.00016608400568163815
0.00016608400568163999
0.00016608400568163815
0.00016608400568163815
0.00016608400568163999
0.00016608400568163815
0.00016608400568163815
0.00016608400568163999
0.00016608400568163815
0.00016608400568163815
0.00016608400568163999
0.00016608400568163815
0.00016608400568163815
0.00016608400568163999
0.00016608400568163815
0.00016608400568163815
0.00016608400568163815
0.00016608400568163999
0.00016608400568163815
0.00016608400568163815
0.00016608400568163999
0.00016608400568163815
0.00016608400568163815
0.00016608400568163999
0.00016608400568163815
0.00016608400568163815
0.00016608400568163999
0.00016608400568163815
0.00016608400568163815
0.00016608400568163999
0.00016608400568163815
0.00016608400568163815
0.00016608400568163815
0.00016608400568163999
0.00016608400568163815
0.00016608400568163815
0.00016608400568163999
0.00016608400568163815
0.00016608400568163815
0.00016608400568163999
0.00016608400568163815
0.00016608400568163815
0.00016608400568163999
0.00016608400568163815
0.00016608400568163815
0.00016608400568163815
0.00016608400568163999
0.00016608400568163815
0.00016608400568163815
0.00016608400568163999
0.00016608400568163999
0.00016608400568163622
0.00016608400568163953
0.00016608400568163622
0.00016608400568163953
0.00016608400568163953
0.00016608400568163622
0.00016608400568163953
0.00016608400568163953
0.00016608400568163622
0.00016608400568163953
0.00016608400568163953
0.00016608400568163622
0.00016608400568163953
0.00016608400568163953
0.00016608400568163622
0.00016608400568163953
0.00016608400568163953
0.00016608400568163622
0.00016608400568163953
0.00016608400568163953
0.00016608400568163622
0.00016608400568163953
0.00016608400568163953
0.00016608400568163622
0.00016608400568163953
0.00016608400568163953
0.00016608400568163622
0.00016608400568163953
0.00016608400568163953
0.00016608400568163622
0.00016608400568163953
0.00016608400568163953
0.00016608400568163622
0.00016608400568163953
0.00016608400568163622
0.00016608400568163953
0.00016608400568163953
0.00016608400568163622
0.00016608400568163953
0.00016608400568163953
0.00016608400568163622
0.00016608400568163953
0.00016608400568163953
0.00016608400568163622
0.00016608400568163953
0.00016608400568163953
0.00016608400568163622
0.00016608400568163953
0.00016608400568163953
0.00016608400568163622
0.00016608400568163953
0.00016608400568163953
0.00016608400568163622
0.00016608400568163953
0.00016608400568163953
0.00016608400568163622
0.00016608400568163953
0.00016608400568163953
0.00016608400568163622
0.00016608400568163953
0.00016608400568163953
0.00016608400568163622
0.00016608400568163953
0.00016608400568163622
0.00016608400568163953
0.00016608400568163953
0.00016608400568163622
0.00016608400568163953
0.00016608400568163953
0.00016608400568163622
0.00016608400568163953
0.00016608400568163953
0.00016608400568163622
0.00016608400568163953
0.00016608400568163953
0.00016608400568163622
0.00016608400568163953
0.00016608400568163953
0.00016608400568163622
0.00016608400568163953
0.00016608400568163953
0.00016608400568163622
0.00016608400568163953
0.00016608400568163953
0.00016608400568163622
0.00016608400568163953
0.00016608400568163953
0.00016608400568163622
0.00016608400568163953
0.00016608400568163953
0.00016608400568163622
0.00016608400568163953
0.00016608400568163622
0.00016608400568163953
0.00016608400568163953
0.00016608400568163622
0.00016608400568163953
0.00016608400568163953
0.00016608400568163622
0.00016608400568163953
0.00016608400568163953
0.00016608400568163622
0.00016608400568164379
0.0001660840056816362
0.00016608400568163622
0.00016608400568164379
0.0001660840056816362
0.00016608400568163622
0.0001660840056816362
0.00016608400568164379
0.00016608400568163622
0.0001660840056816362
0.00016608400568164379
0.00016608400568163622
0.0001660840056816362
0.00016608400568164379
0.00016608400568163622
0.0001660840056816362
0.00016608400568164379
0.00016608400568163622
0.0001660840056816362
0.00016608400568164379
0.00016608400568163622
0.0001660840056816362
0.00016608400568164379
0.00016608400568163622
0.0001660840056816362
0.00016608400568164379
0.00016608400568163622
0.0001660840056816362
0.00016608400568164379
0.00016608400568163622
0.0001660840056816362
0.00016608400568164379
0.00016608400568163622
0.0001660840056816362
0.00016608400568164379
0.00016608400568163622
0.00016608400568163874
0.00016608400568163874
0.00016608400568163874
0.00016608400568163874
0.00016608400568163874
0.00016608400568163874
0.00016608400568163861
0.00016608400568163836
0.00016608400568163861
0.00016608400568163836
0.00016608400568163861
0.00016608400568163836
0.00016608400568163861
0.00016608400568163861
0.00016608400568163953
0.00016608400568163861
0.00016608400568163861
0.00016608400568163861
0.00016608400568163953
0.00016608400568163861
0.00016608400568163861
0.00016608400568163861
0.00016608400568163953
0.00016608400568163861
0.00016608400568163861
0.00016608400568163861
0.00016608400568163907
0.00016608400568163815
0.00016608400568163907
0.00016608400568163907
0.00016608400568163815
0.00016608400568163907
0.00016608400568163907
0.00016608400568163815
0.00016608400568163907
0.00016608400568163815
0.00016608400568163907
0.00016608400568163907
0.00016608400568163815
0.00016608400568163907
0.00016608400568163907
0.00016608400568163815
0.00016608400568163907
0.00016608400568163815
0.00016608400568163907
0.00016608400568163907
0.00016608400568163815
0.00016608400568163907
0.00016608400568163815
0.00016608400568163907
0.00016608400568163907
0.00016608400568163815
0.00016608400568163815
0.00016608400568164097
0.00016608400568163815
0.00016608400568163815
0.00016608400568164097
0.00016608400568163815
0.00016608400568163815
0.00016608400568164097
0.00016608400568163815
0.00016608400568163815
0.00016608400568164097
0.00016608400568163815
0.00016608400568163815
0.00016608400568164097
0.00016608400568163815
0.00016608400568163815
0.00016608400568163815
0.00016608400568164097
0.00016608400568163815
0.00016608400568163815
0.00016608400568164097
0.00016608400568163815
0.00016608400568163815
0.00016608400568164097
0.00016608400568163815
0.00016608400568163815
0.00016608400568164097
0.00016608400568163815
0.00016608400568163815
0.00016608400568164097
0.00016608400568163815
0.00016608400568163815
0.00016608400568163815
0.00016608400568164097
0.00016608400568163815
0.00016608400568163815
0.00016608400568164097
0.00016608400568163815
0.00016608400568163815
0.00016608400568164097
0.00016608400568163815
0.00016608400568163815
0.00016608400568164097
0.00016608400568163815
0.00016608400568163815
0.00016608400568163815
0.00016608400568164097
0.00016608400568163815
0.00016608400568163815
0.00016608400568164097
0.00016608400568164097
0.00016608400568163622
0.00016608400568164048
0.00016608400568163622
0.00016608400568164048
0.00016608400568164048
0.00016608400568163622
0.00016608400568164048
0.00016608400568164048
0.00016608400568163622
0.00016608400568164048
0.00016608400568164048
0.00016608400568163622
0.00016608400568164048
0.00016608400568164048
0.00016608400568163622
0.00016608400568164048
0.00016608400568164048
0.00016608400568163622
0.00016608400568164048
0.00016608400568164048
0.00016608400568163622
0.00016608400568164048
0.00016608400568164048
0.00016608400568163622
0.00016608400568164048
0.00016608400568164048
0.00016608400568163622
0.00016608400568164048
0.00016608400568164048
0.00016608400568163622
0.00016608400568164048
0.00016608400568164048
0.00016608400568163622
0.00016608400568164048
0.00016608400568163622
0.00016608400568164048
0.00016608400568164048
0.00016608400568163622
0.00016608400568164048
0.00016608400568164048
0.00016608400568163622
0.00016608400568164048
0.00016608400568164048
0.00016608400568163622
0.00016608400568164048
0.00016608400568164048
0.00016608400568163622
0.00016608400568164048
0.00016608400568164048
0.00016608400568163622
0.00016608400568164048
0.00016608400568164048
0.00016608400568163622
0.00016608400568164048
0.00016608400568164048
0.00016608400568163622
0.00016608400568164048
0.00016608400568164048
0.00016608400568163622
0.00016608400568164048
0.00016608400568164048
0.00016608400568163622
0.00016608400568164048
0.00016608400568163622
0.00016608400568164048
0.00016608400568164048
0.00016608400568163622
0.00016608400568164048
0.00016608400568164048
0.00016608400568163622
0.00016608400568164048
0.00016608400568164048
0.00016608400568163622
0.00016608400568164048
0.00016608400568164048
0.00016608400568163622
0.00016608400568164048
0.00016608400568164048
0.00016608400568163622
0.00016608400568164048
0.00016608400568164048
0.00016608400568163622
0.00016608400568164048
0.00016608400568164048
0.00016608400568163622
0.00016608400568164048
0.00016608400568164048
0.00016608400568163622
0.00016608400568164048
0.00016608400568164048
0.00016608400568163622
0.00016608400568164048
0.00016608400568163622
0.00016608400568164048
0.00016608400568164048
0.00016608400568163622
0.00016608400568164048
0.00016608400568164048
0.00016608400568163622
0.00016608400568164048
0.00016608400568164048
0.00016608400568163622
0.00016608400568164379
0.0001660840056816362
0.00016608400568163622
0.00016608400568164379
0.0001660840056816362
0.00016608400568163622
0.0001660840056816362
0.00016608400568164379
0.00016608400568163622
0.0001660840056816362
0.00016608400568164379
0.00016608400568163622
0.0001660840056816362
0.00016608400568164379
0.00016608400568163622
0.0001660840056816362
0.00016608400568164379
0.00016608400568163622
0.0001660840056816362
0.00016608400568164379
0.00016608400568163622
0.0001660840056816362
0.00016608400568164379
0.00016608400568163622
0.0001660840056816362
0.00016608400568164379
0.00016608400568163622
0.0001660840056816362
0.00016608400568164379
0.00016608400568163622
0.0001660840056816362
0.00016608400568164379
0.00016608400568163622
0.0001660840056816362
0.00016608400568164379
0.00016608400568163622
0.00016608400568163874
0.00016608400568163874
0.00016608400568163874
0.00016608400568163874
0.00016608400568163874
0.00016608400568163874
0.00016608400568163861
0.00016608400568163883
0.00016608400568163861
0.00016608400568163883
0.00016608400568163861
0.00016608400568163883
0.00016608400568163861
0.00016608400568163861
0.00016608400568163907
0.00016608400568163861
0.00016608400568163861
0.00016608400568163861
0.00016608400568163907
0.00016608400568163861
0.00016608400568163861
0.00016608400568163861
0.00016608400568163907
0.00016608400568163861
0.00016608400568163861
0.00016608400568163861
0.00016608400568163858
0.00016608400568163858
0.00016608400568163953
0.00016608400568163858
0.00016608400568163858
0.00016608400568163953
0.00016608400568163858
0.00016608400568163858
0.00016608400568163953
0.00016608400568163858
0.00016608400568163858
0.00016608400568163953
0.00016608400568163858
0.00016608400568163858
0.00016608400568163953
0.00016608400568163858
0.00016608400568163858
0.00016608400568163858
0.00016608400568163953
0.00016608400568163858
0.00016608400568163858
0.00016608400568163953
0.00016608400568163858
0.00016608400568163858
0.00016608400568163953
0.00016608400568163858
0.00016608400568163858
0.00016608400568163953
0.00016608400568163858
0.00016608400568163858
0.00016608400568163953
0.00016608400568163858
0.00016608400568163858
0.00016608400568163953
0.00016608400568163858
0.00016608400568163858
0.00016608400568163953
0.00016608400568163858
0.00016608400568163858
0.00016608400568163953
0.00016608400568163858
0.00016608400568163858
0.00016608400568163858
0.00016608400568163953
0.00016608400568163858
0.00016608400568163858
0.00016608400568163953
0.00016608400568163858
0.00016608400568163858
0.00016608400568163953
0.00016608400568163858
0.00016608400568163858
0.00016608400568163953
0.00016608400568163858
0.00016608400568163858
0.00016608400568163953
0.00016608400568163858
0.00016608400568163858
0.00016608400568163858
0.00016608400568163953
0.00016608400568163858
0.00016608400568163858
0.00016608400568163953
0.00016608400568163858
0.00016608400568163858
0.00016608400568163953
0.00016608400568163858
0.00016608400568163858
0.00016608400568163953
0.00016608400568163858
0.00016608400568163858
0.00016608400568163858
0.00016608400568163953
0.00016608400568163858
0.00016608400568163858
0.00016608400568163953
0.00016608400568163953
0.00016608400568163622
0.00016608400568164005
0.00016608400568163622
0.00016608400568163999
0.00016608400568164005
0.00016608400568163622
0.00016608400568163999
0.00016608400568164005
0.00016608400568163622
0.00016608400568163999
0.00016608400568164005
0.00016608400568163622
0.00016608400568163999
0.00016608400568164005
0.00016608400568163622
0.00016608400568163999
0.00016608400568164005
0.00016608400568163622
0.00016608400568163999
0.00016608400568164005
0.00016608400568163622
0.00016608400568163999
0.00016608400568164005
0.00016608400568163622
0.00016608400568163999
0.00016608400568164005
0.00016608400568163622
0.00016608400568163999
0.00016608400568164005
0.00016608400568163622
0.00016608400568163999
0.00016608400568164005
0.00016608400568163622
0.00016608400568163999
0.00016608400568163622
0.00016608400568164005
0.00016608400568163999
0.00016608400568163622
0.00016608400568164005
0.00016608400568163999
0.00016608400568163622
0.00016608400568164005
0.00016608400568163999
0.00016608400568163622
0.00016608400568164005
0.00016608400568163999
0.00016608400568163622
0.00016608400568164005
0.00016608400568163999
0.00016608400568163622
0.00016608400568164005
0.00016608400568163999
0.00016608400568163622
0.00016608400568164005
0.00016608400568163999
0.00016608400568163622
0.00016608400568164005
0.00016608400568163999
0.00016608400568163622
0.00016608400568164005
0.00016608400568163999
0.00016608400568163622
0.00016608400568164005
0.00016608400568163622
0.00016608400568164005
0.00016608400568164005
0.00016608400568163622
0.00016608400568164005
0.00016608400568164005
0.00016608400568163622
0.00016608400568164005
0.00016608400568164005
0.00016608400568163622
0.00016608400568164005
0.00016608400568164005
0.00016608400568163622
0.00016608400568164005
0.00016608400568164005
0.00016608400568163622
0.00016608400568164005
0.00016608400568164005
0.00016608400568163622
0.00016608400568164005
0.00016608400568164005
0.00016608400568163622
0.00016608400568164005
0.00016608400568164005
0.00016608400568163622
0.00016608400568164005
0.00016608400568164005
0.00016608400568163622
0.00016608400568164005
0.00016608400568163622
0.00016608400568164005
0.00016608400568164005
0.00016608400568163622
0.00016608400568164005
0.00016608400568164005
0.00016608400568163622
0.00016608400568164005
0.00016608400568164005
0.00016608400568163622
0.00016608400568164335
0.0001660840056816362
0.00016608400568163576
0.00016608400568164335
0.0001660840056816362
0.00016608400568163576
0.0001660840056816362
0.00016608400568164335
0.00016608400568163576
0.0001660840056816362
0.00016608400568164335
0.00016608400568163576
0.0001660840056816362
0.00016608400568164335
0.00016608400568163576
0.0001660840056816362
0.00016608400568164335
0.00016608400568163576
0.0001660840056816362
0.00016608400568164335
0.00016608400568163576
0.0001660840056816362
0.00016608400568164335
0.00016608400568163576
0.0001660840056816362
0.00016608400568164335
0.00016608400568163576
0.0001660840056816362
0.00016608400568164335
0.00016608400568163576
0.0001660840056816362
0.00016608400568164335
0.00016608400568163576
0.0001660840056816362
0.00016608400568164335
0.00016608400568163576
0.00016608400568163874
0.00016608400568163874
0.00016608400568163918
0.00016608400568163918
0.00016608400568163918
0.00016608400568163918
0.00016608400568163907
0.00016608400568163883
0.00016608400568163907
0.00016608400568163834
0.00016608400568163907
0.00016608400568163883
0.00016608400568163907
0.00016608400568163907
0.00016608400568163907
0.00016608400568163907
0.00016608400568163907
0.00016608400568163907
0.00016608400568163907
0.00016608400568163907
0.00016608400568163907
0.00016608400568163907
0.00016608400568163907
0.00016608400568163907
0.00016608400568163907
0.00016608400568163907
0.00016608400568163953
0.00016608400568163717
0.00016608400568163858
0.00016608400568163953
0.00016608400568163717
0.00016608400568163858
0.00016608400568163953
0.00016608400568163717
0.00016608400568163858
0.00016608400568163717
0.00016608400568163953
0.00016608400568163858
0.00016608400568163717
0.00016608400568163953
0.00016608400568163858
0.00016608400568163717
0.00016608400568163953
0.00016608400568163717
0.00016608400568163858
0.00016608400568163953
0.00016608400568163717
0.00016608400568163858
0.00016608400568163717
0.00016608400568163953
0.00016608400568163858
0.00016608400568163717
0.00016608400568163717
0.00016608400568164005
0.00016608400568163717
0.00016608400568163717
0.00016608400568164005
0.00016608400568163717
0.00016608400568163717
0.00016608400568164005
0.00016608400568163717
0.00016608400568163717
0.00016608400568164005
0.00016608400568163717
0.00016608400568163717
0.00016608400568164005
0.00016608400568163717
0.00016608400568163717
0.00016608400568163717
0.00016608400568164005
0.00016608400568163717
0.00016608400568163717
0.00016608400568164005
0.00016608400568163717
0.00016608400568163717
0.00016608400568164005
0.00016608400568163717
0.00016608400568163717
0.00016608400568164005
0.00016608400568163717
0.00016608400568163717
0.00016608400568164005
0.00016608400568163717
0.00016608400568163717
0.00016608400568163717
0.00016608400568164005
0.00016608400568163717
0.00016608400568163717
0.00016608400568164005
0.00016608400568163717
0.00016608400568163717
0.00016608400568164005
0.00016608400568163717
0.00016608400568163717
0.00016608400568164005
0.00016608400568163717
0.00016608400568163717
0.00016608400568163717
0.00016608400568164005
0.00016608400568163717
0.00016608400568163717
0.00016608400568164005
0.00016608400568164005
0.00016608400568163622
0.00016608400568164005
0.00016608400568163622
0.00016608400568163999
0.00016608400568164005
0.00016608400568163622
0.00016608400568163999
0.00016608400568164005
0.00016608400568163622
0.00016608400568163999
0.00016608400568164005
0.00016608400568163622
0.00016608400568163999
0.00016608400568164005
0.00016608400568163622
0.00016608400568163999
0.00016608400568164005
0.00016608400568163622
0.00016608400568163999
0.00016608400568164005
0.00016608400568163622
0.00016608400568163999
0.00016608400568164005
0.00016608400568163622
0.00016608400568163999
0.00016608400568164005
0.00016608400568163622
0.00016608400568163999
0.00016608400568164005
0.00016608400568163622
0.00016608400568163999
0.00016608400568164005
0.00016608400568163622
0.00016608400568163999
0.00016608400568163622
0.00016608400568164005
0.00016608400568163999
0.00016608400568163622
0.00016608400568164005
0.00016608400568163999
0.00016608400568163622
0.00016608400568164005
0.00016608400568163999
0.00016608400568163622
0.00016608400568164005
0.00016608400568163999
0.00016608400568163622
0.00016608400568164005
0.00016608400568163999
0.00016608400568163622
0.00016608400568164005
0.00016608400568163999
0.00016608400568163622
0.00016608400568164005
0.00016608400568163999
0.00016608400568163622
0.00016608400568164005
0.00016608400568163999
0.00016608400568163622
0.00016608400568164005
0.00016608400568163999
0.00016608400568163622
0.00016608400568164005
0.00016608400568163622
0.00016608400568164005
0.00016608400568164005
0.00016608400568163622
0.00016608400568164005
0.00016608400568164005
0.00016608400568163622
0.00016608400568164005
0.00016608400568164005
0.00016608400568163622
0.00016608400568164005
0.00016608400568164005
0.00016608400568163622
0.00016608400568164005
0.00016608400568164005
0.00016608400568163622
0.00016608400568164005
0.00016608400568164005
0.00016608400568163622
0.00016608400568164005
0.00016608400568164005
0.00016608400568163622
0.00016608400568164005
0.00016608400568164005
0.00016608400568163622
0.00016608400568164005
0.00016608400568164005
0.00016608400568163622
0.00016608400568164005
0.00016608400568163622
0.00016608400568164005
0.00016608400568164005
0.00016608400568163622
0.00016608400568164005
0.00016608400568164005
0.00016608400568163622
0.00016608400568164005
0.00016608400568164005
0.00016608400568163622
0.00016608400568164471
0.0001660840056816362
0.00016608400568163668
0.00016608400568164471
0.0001660840056816362
0.00016608400568163668
0.0001660840056816362
0.00016608400568164471
0.00016608400568163668
0.0001660840056816362
0.00016608400568164471
0.00016608400568163668
0.0001660840056816362
0.00016608400568164471
0.00016608400568163668
0.0001660840056816362
0.00016608400568164471
0.00016608400568163668
0.0001660840056816362
0.00016608400568164471
0.00016608400568163668
0.0001660840056816362
0.00016608400568164471
0.00016608400568163668
0.0001660840056816362
0.00016608400568164471
0.00016608400568163668
0.0001660840056816362
0.00016608400568164471
0.00016608400568163668
0.0001660840056816362
0.00016608400568164471
0.00016608400568163668
0.0001660840056816362
0.00016608400568164471
0.00016608400568163668
0.00016608400568163918
0.00016608400568163918
0.00016608400568163874
0.00016608400568163874
0.00016608400568163874
0.00016608400568163874
0.00016608400568163809
0.00016608400568163931
0.00016608400568163809
0.0001660840056816398
0.00016608400568163809
0.00016608400568163931
0.00016608400568163809
0.00016608400568163861
0.00016608400568163999
0.00016608400568163861
0.00016608400568163861
0.00016608400568163861
0.00016608400568163999
0.00016608400568163861
0.00016608400568163861
0.00016608400568163861
0.00016608400568163999
0.00016608400568163861
0.00016608400568163861
0.00016608400568163861
0.00016608400568163953
0.00016608400568163907
0.00016608400568163953
0.00016608400568163953
0.00016608400568163907
0.00016608400568163953
0.00016608400568163953
0.00016608400568163907
0.00016608400568163953
0.00016608400568163907
0.00016608400568163953
0.00016608400568163953
0.00016608400568163907
0.00016608400568163953
0.00016608400568163953
0.00016608400568163907
0.00016608400568163953
0.00016608400568163907
0.00016608400568163953
0.00016608400568163953
0.00016608400568163907
0.00016608400568163953
0.00016608400568163907
0.00016608400568163953
0.00016608400568163953
0.00016608400568163907
0.00016608400568163907
0.00016608400568163999
0.00016608400568163907
0.00016608400568163907
0.00016608400568163999
0.00016608400568163907
0.00016608400568163907
0.00016608400568163999
0.00016608400568163907
0.00016608400568163907
0.00016608400568163999
0.00016608400568163907
0.00016608400568163907
0.00016608400568163999
0.00016608400568163907
0.00016608400568163907
0.00016608400568163907
0.00016608400568163999
0.00016608400568163907
0.00016608400568163907
0.00016608400568163999
0.00016608400568163907
0.00016608400568163907
0.00016608400568163999
0.00016608400568163907
0.00016608400568163907
0.00016608400568163999
0.00016608400568163907
0.00016608400568163907
0.00016608400568163999
0.00016608400568163907
0.00016608400568163907
0.00016608400568163907
0.00016608400568163999
0.00016608400568163907
0.00016608400568163907
0.00016608400568163999
0.00016608400568163907
0.00016608400568163907
0.00016608400568163999
0.00016608400568163907
0.00016608400568163907
0.00016608400568163999
0.00016608400568163907
0.00016608400568163907
0.00016608400568163907
0.00016608400568163999
0.00016608400568163907
0.00016608400568163907
0.00016608400568163999
0.00016608400568163999
0.00016608400568163668
0.00016608400568163999
0.00016608400568163668
0.00016608400568164048
0.00016608400568163999
0.00016608400568163668
0.00016608400568164048
0.00016608400568163999
0.00016608400568163668
0.00016608400568164048
0.00016608400568163999
0.00016608400568163668
0.00016608400568164048
0.00016608400568163999
0.00016608400568163668
0.00016608400568164048
0.00016608400568163999
0.00016608400568163668
0.00016608400568164048
0.00016608400568163999
0.00016608400568163668
0.00016608400568164048
0.00016608400568163999
0.00016608400568163668
0.00016608400568164048
0.00016608400568163999
0.00016608400568163668
0.00016608400568164048
0.00016608400568163999
0.00016608400568163668
0.00016608400568164048
0.00016608400568163999
0.00016608400568163668
0.00016608400568164048
0.00016608400568163668
0.00016608400568163999
0.00016608400568164048
0.00016608400568163668
0.00016608400568163999
0.00016608400568164048
0.00016608400568163668
0.00016608400568163999
0.00016608400568164048
0.00016608400568163668
0.00016608400568163999
0.00016608400568164048
0.00016608400568163668
0.00016608400568163999
0.00016608400568164048
0.00016608400568163668
0.00016608400568163999
0.00016608400568164048
0.00016608400568163668
0.00016608400568163999
0.00016608400568164048
0.00016608400568163668
0.00016608400568163999
0.00016608400568164048
0.00016608400568163668
0.00016608400568163999
0.00016608400568164048
0.00016608400568163668
0.00016608400568163999
0.00016608400568163668
0.00016608400568163999
0.00016608400568163999
0.00016608400568163668
0.00016608400568163999
0.00016608400568163999
0.00016608400568163668
0.00016608400568163999
0.00016608400568163999
0.00016608400568163668
0.00016608400568163999
0.00016608400568163999
0.00016608400568163668
0.00016608400568163999
0.00016608400568163999
0.00016608400568163668
0.00016608400568163999
0.00016608400568163999
0.00016608400568163668
0.00016608400568163999
0.00016608400568163999
0.00016608400568163668
0.00016608400568163999
0.00016608400568163999
0.00016608400568163668
0.00016608400568163999
0.00016608400568163999
0.00016608400568163668
0.00016608400568163999
0.00016608400568163668
0.00016608400568163999
0.00016608400568163999
0.00016608400568163668
0.00016608400568163999
0.00016608400568163999
0.00016608400568163668
0.00016608400568163999
0.00016608400568163999
0.00016608400568163668
0.00016608400568164379
0.00016608400568163717
0.00016608400568163714
0.00016608400568164379
0.00016608400568163717
0.00016608400568163714
0.00016608400568163717
0.00016608400568164379
0.00016608400568163714
0.00016608400568163717
0.00016608400568164379
0.00016608400568163714
0.00016608400568163717
0.00016608400568164379
0.00016608400568163714
0.00016608400568163717
0.00016608400568164379
0.00016608400568163714
0.00016608400568163717
0.00016608400568164379
0.00016608400568163714
0.00016608400568163717
0.00016608400568164379
0.00016608400568163714
0.00016608400568163717
0.00016608400568164379
0.00016608400568163714
0.00016608400568163717
0.00016608400568164379
0.00016608400568163714
0.00016608400568163717
0.00016608400568164379
0.00016608400568163714
0.00016608400568163717
0.00016608400568164379
0.00016608400568163714
0.00016608400568163918
0.00016608400568163918
0.00016608400568163918
0.00016608400568163823
0.00016608400568163918
0.00016608400568163918
0.00016608400568163999
0.00016608400568163883
0.00016608400568163999
0.00016608400568163931
0.00016608400568163999
0.00016608400568163883
0.00016608400568163999
0.00016608400568163956
0.00016608400568163858
0.00016608400568163809
0.00016608400568163956
0.00016608400568163956
0.00016608400568163858
0.00016608400568163956
0.00016608400568163956
0.00016608400568163956
0.00016608400568163858
0.00016608400568163956
0.00016608400568163956
0.00016608400568163809
0.00016608400568163907
0.00016608400568163766
0.00016608400568163953
0.00016608400568163907
0.00016608400568163766
0.00016608400568163953
0.00016608400568163907
0.00016608400568163766
0.00016608400568163953
0.00016608400568163766
0.00016608400568163907
0.00016608400568163953
0.00016608400568163766
0.00016608400568163907
0.00016608400568163953
0.00016608400568163766
0.00016608400568163907
0.00016608400568163766
0.00016608400568163953
0.00016608400568163907
0.00016608400568163766
0.00016608400568163953
0.00016608400568163766
0.00016608400568163907
0.00016608400568163953
0.00016608400568163766
0.00016608400568163766
0.00016608400568164048
0.00016608400568163766
0.00016608400568163766
0.00016608400568164048
0.00016608400568163766
0.00016608400568163766
0.00016608400568164048
0.00016608400568163766
0.00016608400568163766
0.00016608400568164048
0.00016608400568163766
0.00016608400568163766
0.00016608400568164048
0.00016608400568163766
0.00016608400568163766
0.00016608400568163766
0.00016608400568164048
0.00016608400568163766
0.00016608400568163766
0.00016608400568164048
0.00016608400568163766
0.00016608400568163766
0.00016608400568164048
0.00016608400568163766
0.00016608400568163766
0.00016608400568164048
0.00016608400568163766
0.00016608400568163766
0.00016608400568164048
0.00016608400568163766
0.00016608400568163766
0.00016608400568163766
0.00016608400568164048
0.00016608400568163766
0.00016608400568163766
0.00016608400568164048
0.00016608400568163766
0.00016608400568163766
0.00016608400568164048
0.00016608400568163766
0.00016608400568163766
0.00016608400568164048
0.00016608400568163766
0.00016608400568163766
0.00016608400568163766
0.00016608400568164048
0.00016608400568163766
0.00016608400568163766
0.00016608400568164048
0.00016608400568164048
0.00016608400568163622
0.00016608400568164048
0.00016608400568163622
0.00016608400568163999
0.00016608400568164048
0.00016608400568163622
0.00016608400568163999
0.00016608400568164048
0.00016608400568163622
0.00016608400568163999
0.00016608400568164048
0.00016608400568163622
0.00016608400568163999
0.00016608400568164048
0.00016608400568163622
0.00016608400568163999
0.00016608400568164048
0.00016608400568163622
0.00016608400568163999
0.00016608400568164048
0.00016608400568163622
0.00016608400568163999
0.00016608400568164048
0.00016608400568163622
0.00016608400568163999
0.00016608400568164048
0.00016608400568163622
0.00016608400568163999
0.00016608400568164048
0.00016608400568163622
0.00016608400568163999
0.00016608400568164048
0.00016608400568163622
0.00016608400568163999
0.00016608400568163622
0.00016608400568164048
0.00016608400568163999
0.00016608400568163622
0.00016608400568164048
0.00016608400568163999
0.00016608400568163622
0.00016608400568164048
0.00016608400568163999
0.00016608400568163622
0.00016608400568164048
0.00016608400568163999
0.00016608400568163622
0.00016608400568164048
0.00016608400568163999
0.00016608400568163622
0.00016608400568164048
0.00016608400568163999
0.00016608400568163622
0.00016608400568164048
0.00016608400568163999
0.00016608400568163622
0.00016608400568164048
0.00016608400568163999
0.00016608400568163622
0.00016608400568164048
0.00016608400568163999
0.00016608400568163622
0.00016608400568164048
0.00016608400568163622
0.00016608400568164048
0.00016608400568164048
0.00016608400568163622
0.00016608400568164048
0.00016608400568164048
0.00016608400568163622
0.00016608400568164048
0.00016608400568164048
0.00016608400568163622
0.00016608400568164048
0.00016608400568164048
0.00016608400568163622
0.00016608400568164048
0.00016608400568164048
0.00016608400568163622
0.00016608400568164048
0.00016608400568164048
0.00016608400568163622
0.00016608400568164048
0.00016608400568164048
0.00016608400568163622
0.00016608400568164048
0.00016608400568164048
0.00016608400568163622
0.00016608400568164048
0.00016608400568164048
0.00016608400568163622
0.00016608400568164048
0.00016608400568163622
0.00016608400568164048
0.00016608400568164048
0.00016608400568163622
0.00016608400568164048
0.00016608400568164048
0.00016608400568163622
0.00016608400568164048
0.00016608400568164048
0.00016608400568163622
0.00016608400568164335
0.00016608400568163571
0.00016608400568163576
0.00016608400568164335
0.00016608400568163571
0.00016608400568163576
0.00016608400568163571
0.00016608400568164335
0.00016608400568163576
0.00016608400568163571
0.00016608400568164335
0.00016608400568163576
0.00016608400568163571
0.00016608400568164335
0.00016608400568163576
0.00016608400568163571
0.00016608400568164335
0.00016608400568163576
0.00016608400568163571
0.00016608400568164335
0.00016608400568163576
0.00016608400568163571
0.00016608400568164335
0.00016608400568163576
0.00016608400568163571
0.00016608400568164335
0.00016608400568163576
0.00016608400568163571
0.00016608400568164335
0.00016608400568163576
0.00016608400568163571
0.00016608400568164335
0.00016608400568163576
0.00016608400568163571
0.00016608400568164335
0.00016608400568163576
0.00016608400568163823
0.00016608400568163823
0.00016608400568163823
0.00016608400568163918
0.00016608400568163823
0.00016608400568163823
0.00016608400568163761
0.00016608400568163883
0.00016608400568163761
0.00016608400568163836
0.00016608400568163761
0.00016608400568163883
0.00016608400568163761
0.00016608400568163761
0.00016608400568163907
0.00016608400568163907
0.00016608400568163761
0.00016608400568163761
0.00016608400568163907
0.00016608400568163761
0.00016608400568163761
0.00016608400568163761
0.00016608400568163907
0.00016608400568163761
0.00016608400568163761
0.00016608400568163907
0.00016608400568163953
0.00016608400568163907
0.00016608400568163907
0.00016608400568163953
0.00016608400568163907
0.00016608400568163907
0.00016608400568163953
0.00016608400568163907
0.00016608400568163907
0.00016608400568163809
0.00016608400568163953
0.00016608400568163907
0.00016608400568163809
0.00016608400568163953
0.00016608400568163907
0.00016608400568163809
0.00016608400568163953
0.00016608400568163907
0.00016608400568163907
0.00016608400568163953
0.00016608400568163907
0.00016608400568163907
0.00016608400568163907
0.00016608400568163953
0.00016608400568163907
0.00016608400568163907
0.00016608400568163809
0.00016608400568164005
0.00016608400568163907
0.00016608400568163809
0.00016608400568164005
0.00016608400568163907
0.00016608400568163809
0.00016608400568164005
0.00016608400568163907
0.00016608400568163809
0.00016608400568164005
0.00016608400568163907
0.00016608400568163809
0.00016608400568164005
0.00016608400568163907
0.00016608400568163809
0.00016608400568163907
0.00016608400568164005
0.00016608400568163809
0.00016608400568163809
0.00016608400568164005
0.00016608400568163809
0.00016608400568163809
0.00016608400568164005
0.00016608400568163809
0.00016608400568163809
0.00016608400568164005
0.00016608400568163809
0.00016608400568163809
0.00016608400568164005
0.00016608400568163809
0.00016608400568163809
0.00016608400568163809
0.00016608400568164005
0.00016608400568163809
0.00016608400568163809
0.00016608400568164005
0.00016608400568163809
0.00016608400568163809
0.00016608400568164005
0.00016608400568163809
0.00016608400568163809
0.00016608400568164005
0.00016608400568163809
0.00016608400568163809
0.00016608400568163907
0.00016608400568164005
0.00016608400568163809
0.00016608400568163907
0.00016608400568164005
0.00016608400568164005
0.00016608400568163622
0.00016608400568163953
0.00016608400568163622
0.00016608400568163999
0.00016608400568163953
0.00016608400568163622
0.00016608400568163999
0.00016608400568163953
0.00016608400568163622
0.00016608400568163999
0.00016608400568163953
0.00016608400568163622
0.00016608400568163999
0.00016608400568163953
0.00016608400568163622
0.00016608400568163999
0.00016608400568163953
0.00016608400568163622
0.00016608400568163999
0.00016608400568163953
0.00016608400568163622
0.00016608400568163999
0.00016608400568163953
0.00016608400568163622
0.00016608400568163999
0.00016608400568163953
0.00016608400568163622
0.00016608400568163999
0.00016608400568163953
0.00016608400568163622
0.00016608400568163999
0.00016608400568163953
0.00016608400568163622
0.00016608400568163999
0.00016608400568163622
0.00016608400568163953
0.00016608400568163999
0.00016608400568163622
0.00016608400568163953
0.00016608400568163999
0.00016608400568163622
0.00016608400568163953
0.00016608400568163999
0.00016608400568163622
0.00016608400568163953
0.00016608400568163999
0.00016608400568163622
0.00016608400568163953
0.00016608400568163999
0.00016608400568163622
0.00016608400568163953
0.00016608400568163999
0.00016608400568163622
0.00016608400568163953
0.00016608400568163999
0.00016608400568163622
0.00016608400568163953
0.00016608400568163999
0.00016608400568163622
0.00016608400568163953
0.00016608400568163999
0.00016608400568163622
0.00016608400568163953
0.00016608400568163622
0.00016608400568163953
0.00016608400568163953
0.00016608400568163622
0.00016608400568163953
0.00016608400568163953
0.00016608400568163622
0.00016608400568163953
0.00016608400568163953
0.00016608400568163622
0.00016608400568163953
0.00016608400568163953
0.00016608400568163622
0.00016608400568163953
0.00016608400568163953
0.00016608400568163622
0.00016608400568163953
0.00016608400568163953
0.00016608400568163622
0.00016608400568163953
0.00016608400568163953
0.00016608400568163622
0.00016608400568163953
0.00016608400568163953
0.00016608400568163622
0.00016608400568163953
0.00016608400568163953
0.00016608400568163622
0.00016608400568163953
0.00016608400568163622
0.00016608400568163953
0.00016608400568163953
0.00016608400568163622
0.00016608400568163953
0.00016608400568163953
0.00016608400568163622
0.00016608400568163953
0.00016608400568163953
0.00016608400568163622
0.00016608400568164427
0.00016608400568163576
0.00016608400568163576
0.00016608400568164427
0.00016608400568163576
0.00016608400568163576
0.00016608400568163576
0.00016608400568164427
0.00016608400568163576
0.00016608400568163576
0.00016608400568164427
0.00016608400568163576
0.00016608400568163576
0.00016608400568164427
0.00016608400568163576
0.00016608400568163576
0.00016608400568164427
0.00016608400568163576
0.00016608400568163576
0.00016608400568164427
0.00016608400568163576
0.00016608400568163576
0.00016608400568164427
0.00016608400568163576
0.00016608400568163576
0.00016608400568164427
0.00016608400568163576
0.00016608400568163576
0.00016608400568164427
0.00016608400568163576
0.00016608400568163576
0.00016608400568164427
0.00016608400568163576
0.00016608400568163576
0.00016608400568164427
0.00016608400568163576
0.00016608400568163823
0.00016608400568163823
0.00016608400568163823
0.00016608400568163918
0.00016608400568163823
0.00016608400568163823
0.00016608400568163809
0.00016608400568163931
0.00016608400568163809
0.00016608400568163883
0.00016608400568163809
0.00016608400568163931
0.00016608400568163809
0.00016608400568163907
0.00016608400568163953
0.00016608400568163809
0.00016608400568163907
0.00016608400568163907
0.00016608400568163953
0.00016608400568163907
0.00016608400568163907
0.00016608400568163907
0.00016608400568163953
0.00016608400568163907
0.00016608400568163907
0.00016608400568163809
0.00016608400568163907
0.00016608400568163809
0.00016608400568163907
0.00016608400568163907
0.00016608400568163809
0.00016608400568163907
0.00016608400568163907
0.00016608400568163809
0.00016608400568163907
0.00016608400568163907
0.00016608400568163907
0.00016608400568163907
0.00016608400568163907
0.00016608400568163907
0.00016608400568163907
0.00016608400568163907
0.00016608400568163907
0.00016608400568163809
0.00016608400568163907
0.00016608400568163907
0.00016608400568163809
0.00016608400568163907
0.00016608400568163809
0.00016608400568163907
0.00016608400568163907
0.00016608400568163809
0.00016608400568163907
0.00016608400568164048
0.00016608400568163809
0.00016608400568163907
0.00016608400568164048
0.00016608400568163809
0.00016608400568163907
0.00016608400568164048
0.00016608400568163809
0.00016608400568163907
0.00016608400568164048
0.00016608400568163809
0.00016608400568163907
0.00016608400568164048
0.00016608400568163809
0.00016608400568163907
0.00016608400568163809
0.00016608400568164048
0.00016608400568163907
0.00016608400568163907
0.00016608400568164048
0.00016608400568163907
0.00016608400568163907
0.00016608400568164048
0.00016608400568163907
0.00016608400568163907
0.00016608400568164048
0.00016608400568163907
0.00016608400568163907
0.00016608400568164048
0.00016608400568163907
0.00016608400568163907
0.00016608400568163907
0.00016608400568164048
0.00016608400568163907
0.00016608400568163907
0.00016608400568164048
0.00016608400568163907
0.00016608400568163907
0.00016608400568164048
0.00016608400568163907
0.00016608400568163907
0.00016608400568164048
0.00016608400568163907
0.00016608400568163907
0.00016608400568163809
0.00016608400568164048
0.00016608400568163907
0.00016608400568163809
0.00016608400568164048
0.00016608400568164048
0.00016608400568163668
0.00016608400568163999
0.00016608400568163668
0.00016608400568163999
0.00016608400568163999
0.00016608400568163668
0.00016608400568163999
0.00016608400568163999
0.00016608400568163668
0.00016608400568163999
0.00016608400568163999
0.00016608400568163668
0.00016608400568163999
0.00016608400568163999
0.00016608400568163668
0.00016608400568163999
0.00016608400568163999
0.00016608400568163668
0.00016608400568163999
0.00016608400568163999
0.00016608400568163668
0.00016608400568163999
0.00016608400568163999
0.00016608400568163668
0.00016608400568163999
0.00016608400568163999
0.00016608400568163668
0.00016608400568163999
0.00016608400568163999
0.00016608400568163668
0.00016608400568163999
0.00016608400568163999
0.00016608400568163668
0.00016608400568163999
0.00016608400568163668
0.00016608400568163999
0.00016608400568163999
0.00016608400568163668
0.00016608400568163999
0.00016608400568163999
0.00016608400568163668
0.00016608400568163999
0.00016608400568163999
0.00016608400568163668
0.00016608400568163999
0.00016608400568163999
0.00016608400568163668
0.00016608400568163999
0.00016608400568163999
0.00016608400568163668
0.00016608400568163999
0.00016608400568163999
0.00016608400568163668
0.00016608400568163999
0.00016608400568163999
0.00016608400568163668
0.00016608400568163999
0.00016608400568163999
0.00016608400568163668
0.00016608400568163999
0.00016608400568163999
0.00016608400568163668
0.00016608400568163999
0.00016608400568163668
0.00016608400568163999
0.00016608400568163999
0.00016608400568163668
0.00016608400568163999
0.00016608400568163999
0.00016608400568163668
0.00016608400568163999
0.00016608400568163999
0.00016608400568163668
0.00016608400568163999
0.00016608400568163999
0.00016608400568163668
0.00016608400568163999
0.00016608400568163999
0.00016608400568163668
0.00016608400568163999
0.00016608400568163999
0.00016608400568163668
0.00016608400568163999
0.00016608400568163999
0.00016608400568163668
0.00016608400568163999
0.00016608400568163999
0.00016608400568163668
0.00016608400568163999
0.00016608400568163999
0.00016608400568163668
0.00016608400568163999
0.00016608400568163668
0.00016608400568163999
0.00016608400568163999
0.00016608400568163668
0.00016608400568163999
0.00016608400568163999
0.00016608400568163668
0.00016608400568163999
0.00016608400568163999
0.00016608400568163668
0.00016608400568164427
0.00016608400568163766
0.00016608400568163714
0.00016608400568164427
0.00016608400568163766
0.00016608400568163714
0.00016608400568163766
0.00016608400568164427
0.00016608400568163714
0.00016608400568163766
0.00016608400568164427
0.00016608400568163714
0.00016608400568163766
0.00016608400568164427
0.00016608400568163714
0.00016608400568163766
0.00016608400568164427
0.00016608400568163714
0.00016608400568163766
0.00016608400568164427
0.00016608400568163714
0.00016608400568163766
0.00016608400568164427
0.00016608400568163714
0.00016608400568163766
0.00016608400568164427
0.00016608400568163714
0.00016608400568163766
0.00016608400568164427
0.00016608400568163714
0.00016608400568163766
0.00016608400568164427
0.00016608400568163714
0.00016608400568163766
0.00016608400568164427
0.00016608400568163714
0.00016608400568163872
0.00016608400568163872
0.00016608400568163967
0.00016608400568163874
0.00016608400568163967
0.00016608400568163967
0.00016608400568164051
0.0001660840056816398
0.00016608400568164051
0.0001660840056816398
0.00016608400568164051
0.0001660840056816398
0.00016608400568164051
0.00016608400568163956
0.00016608400568163907
0.00016608400568164051
0.00016608400568163956
0.00016608400568163956
0.00016608400568163907
0.00016608400568163956
0.00016608400568163956
0.00016608400568163956
0.00016608400568163907
0.00016608400568163956
0.00016608400568163956
0.00016608400568164051
0.00016608400568163907
0.00016608400568163815
0.00016608400568163907
0.00016608400568163907
0.00016608400568163815
0.00016608400568163907
0.00016608400568163907
0.00016608400568163815
0.00016608400568163907
0.00016608400568163815
0.00016608400568163907
0.00016608400568163907
0.00016608400568163815
0.00016608400568163907
0.00016608400568163907
0.00016608400568163815
0.00016608400568163907
0.00016608400568163815
0.00016608400568163907
0.00016608400568163907
0.00016608400568163815
0.00016608400568163907
0.00016608400568163815
0.00016608400568163907
0.00016608400568163907
0.00016608400568163815
0.00016608400568163815
0.00016608400568164005
0.00016608400568163815
0.00016608400568163815
0.00016608400568164005
0.00016608400568163815
0.00016608400568163815
0.00016608400568164005
0.00016608400568163815
0.00016608400568163815
0.00016608400568164005
0.00016608400568163815
0.00016608400568163815
0.00016608400568164005
0.00016608400568163815
0.00016608400568163815
0.00016608400568163815
0.00016608400568164005
0.00016608400568163815
0.00016608400568163815
0.00016608400568164005
0.00016608400568163815
0.00016608400568163815
0.00016608400568164005
0.00016608400568163815
0.00016608400568163815
0.00016608400568164005
0.00016608400568163815
0.00016608400568163815
0.00016608400568164005
0.00016608400568163815
0.00016608400568163815
0.00016608400568163815
0.00016608400568164005
0.00016608400568163815
0.00016608400568163815
0.00016608400568164005
0.00016608400568163815
0.00016608400568163815
0.00016608400568164005
0.00016608400568163815
0.00016608400568163815
0.00016608400568164005
0.00016608400568163815
0.00016608400568163815
0.00016608400568163815
0.00016608400568164005
0.00016608400568163815
0.00016608400568163815
0.00016608400568164005
0.00016608400568164005
0.00016608400568163622
0.00016608400568164097
0.00016608400568163622
0.00016608400568164005
0.00016608400568164097
0.00016608400568163622
0.00016608400568164005
0.00016608400568164097
0.00016608400568163622
0.00016608400568164005
0.00016608400568164097
0.00016608400568163622
0.00016608400568164005
0.00016608400568164097
0.00016608400568163622
0.00016608400568164005
0.00016608400568164097
0.00016608400568163622
0.00016608400568164005
0.00016608400568164097
0.00016608400568163622
0.00016608400568164005
0.00016608400568164097
0.00016608400568163622
0.00016608400568164005
0.00016608400568164097
0.00016608400568163622
0.00016608400568164005
0.00016608400568164097
0.00016608400568163622
0.00016608400568164005
0.00016608400568164097
0.00016608400568163622
0.00016608400568164005
0.00016608400568163622
0.00016608400568164097
0.00016608400568164005
0.00016608400568163622
0.00016608400568164097
0.00016608400568164005
0.00016608400568163622
0.00016608400568164097
0.00016608400568164005
0.00016608400568163622
0.00016608400568164097
0.00016608400568164005
0.00016608400568163622
0.00016608400568164097
0.00016608400568164005
0.00016608400568163622
0.00016608400568164097
0.00016608400568164005
0.00016608400568163622
0.00016608400568164097
0.00016608400568164005
0.00016608400568163622
0.00016608400568164097
0.00016608400568164005
0.00016608400568163622
0.00016608400568164097
0.00016608400568164005
0.00016608400568163622
0.00016608400568164097
0.00016608400568163622
0.00016608400568164097
0.00016608400568164097
0.00016608400568163622
0.00016608400568164097
0.00016608400568164097
0.00016608400568163622
0.00016608400568164097
0.00016608400568164097
0.00016608400568163622
0.00016608400568164097
0.00016608400568164097
0.00016608400568163622
0.00016608400568164097
0.00016608400568164097
0.00016608400568163622
0.00016608400568164097
0.00016608400568164097
0.00016608400568163622
0.00016608400568164097
0.00016608400568164097
0.00016608400568163622
0.00016608400568164097
0.00016608400568164097
0.00016608400568163622
0.00016608400568164097
0.00016608400568164097
0.00016608400568163622
0.00016608400568164097
0.00016608400568163622
0.00016608400568164097
0.00016608400568164097
0.00016608400568163622
0.00016608400568164097
0.00016608400568164097
0.00016608400568163622
0.00016608400568164097
0.00016608400568164097
0.00016608400568163622
0.00016608400568164379
0.0001660840056816362
0.00016608400568163622
0.00016608400568164379
0.0001660840056816362
0.00016608400568163622
0.0001660840056816362
0.00016608400568164379
0.00016608400568163622
0.0001660840056816362
0.00016608400568164379
0.00016608400568163622
0.0001660840056816362
0.00016608400568164379
0.00016608400568163622
0.0001660840056816362
0.00016608400568164379
0.00016608400568163622
0.0001660840056816362
0.00016608400568164379
0.00016608400568163622
0.0001660840056816362
0.00016608400568164379
0.00016608400568163622
0.0001660840056816362
0.00016608400568164379
0.00016608400568163622
0.0001660840056816362
0.00016608400568164379
0.00016608400568163622
0.0001660840056816362
0.00016608400568164379
0.00016608400568163622
0.0001660840056816362
0.00016608400568164379
0.00016608400568163622
0.00016608400568163967
0.00016608400568163967
0.00016608400568163777
0.00016608400568163777
0.00016608400568163777
0.00016608400568163777
0.00016608400568163761
0.0001660840056816379
0.00016608400568163761
0.00016608400568163883
0.00016608400568163761
0.0001660840056816379
0.00016608400568163761
0.00016608400568163858
0.00016608400568164005
0.00016608400568163761
0.00016608400568163858
0.00016608400568163858
0.00016608400568164005
0.00016608400568163858
0.00016608400568163858
0.00016608400568163858
0.00016608400568164005
0.00016608400568163858
0.00016608400568163858
0.00016608400568163761
0.00016608400568163907
0.00016608400568163815
0.00016608400568163907
0.00016608400568163907
0.00016608400568163815
0.00016608400568163907
0.00016608400568163907
0.00016608400568163815
0.00016608400568163907
0.00016608400568163815
0.00016608400568163907
0.00016608400568163907
0.00016608400568163815
0.00016608400568163907
0.00016608400568163907
0.00016608400568163815
0.00016608400568163907
0.00016608400568163815
0.00016608400568163907
0.00016608400568163907
0.00016608400568163815
0.00016608400568163907
0.00016608400568163815
0.00016608400568163907
0.00016608400568163907
0.00016608400568163815
0.00016608400568163815
0.00016608400568164005
0.00016608400568163815
0.00016608400568163815
0.00016608400568164005
0.00016608400568163815
0.00016608400568163815
0.00016608400568164005
0.00016608400568163815
0.00016608400568163815
0.00016608400568164005
0.00016608400568163815
0.00016608400568163815
0.00016608400568164005
0.00016608400568163815
0.00016608400568163815
0.00016608400568163815
0.00016608400568164005
0.00016608400568163815
0.00016608400568163815
0.00016608400568164005
0.00016608400568163815
0.00016608400568163815
0.00016608400568164005
0.00016608400568163815
0.00016608400568163815
0.00016608400568164005
0.00016608400568163815
0.00016608400568163815
0.00016608400568164005
0.00016608400568163815
0.00016608400568163815
0.00016608400568163815
0.00016608400568164005
0.00016608400568163815
0.00016608400568163815
0.00016608400568164005
0.00016608400568163815
0.00016608400568163815
0.00016608400568164005
0.00016608400568163815
0.00016608400568163815
0.00016608400568164005
0.00016608400568163815
0.00016608400568163815
0.00016608400568163815
0.00016608400568164005
0.00016608400568163815
0.00016608400568163815
0.00016608400568164005
0.00016608400568164005
0.00016608400568163622
0.00016608400568164005
0.00016608400568163622
0.00016608400568164097
0.00016608400568164005
0.00016608400568163622
0.00016608400568164097
0.00016608400568164005
0.00016608400568163622
0.00016608400568164097
0.00016608400568164005
0.00016608400568163622
0.00016608400568164097
0.00016608400568164005
0.00016608400568163622
0.00016608400568164097
0.00016608400568164005
0.00016608400568163622
0.00016608400568164097
0.00016608400568164005
0.00016608400568163622
0.00016608400568164097
0.00016608400568164005
0.00016608400568163622
0.00016608400568164097
0.00016608400568164005
0.00016608400568163622
0.00016608400568164097
0.00016608400568164005
0.00016608400568163622
0.00016608400568164097
0.00016608400568164005
0.00016608400568163622
0.00016608400568164097
0.00016608400568163622
0.00016608400568164005
0.00016608400568164097
0.00016608400568163622
0.00016608400568164005
0.00016608400568164097
0.00016608400568163622
0.00016608400568164005
0.00016608400568164097
0.00016608400568163622
0.00016608400568164005
0.00016608400568164097
0.00016608400568163622
0.00016608400568164005
0.00016608400568164097
0.00016608400568163622
0.00016608400568164005
0.00016608400568164097
0.00016608400568163622
0.00016608400568164005
0.00016608400568164097
0.00016608400568163622
0.00016608400568164005
0.00016608400568164097
0.00016608400568163622
0.00016608400568164005
0.00016608400568164097
0.00016608400568163622
0.00016608400568164005
0.00016608400568163622
0.00016608400568164005
0.00016608400568164005
0.00016608400568163622
0.00016608400568164005
0.00016608400568164005
0.00016608400568163622
0.00016608400568164005
0.00016608400568164005
0.00016608400568163622
0.00016608400568164005
0.00016608400568164005
0.00016608400568163622
0.00016608400568164005
0.00016608400568164005
0.00016608400568163622
0.00016608400568164005
0.00016608400568164005
0.00016608400568163622
0.00016608400568164005
0.00016608400568164005
0.00016608400568163622
0.00016608400568164005
0.00016608400568164005
0.00016608400568163622
0.00016608400568164005
0.00016608400568164005
0.00016608400568163622
0.00016608400568164005
0.00016608400568163622
0.00016608400568164005
0.00016608400568164005
0.00016608400568163622
0.00016608400568164005
0.00016608400568164005
0.00016608400568163622
0.00016608400568164005
0.00016608400568164005
0.00016608400568163622
0.00016608400568164379
0.0001660840056816362
0.00016608400568163622
0.00016608400568164379
0.0001660840056816362
0.00016608400568163622
0.0001660840056816362
0.00016608400568164379
0.00016608400568163622
0.0001660840056816362
0.00016608400568164379
0.00016608400568163622
0.0001660840056816362
0.00016608400568164379
0.00016608400568163622
0.0001660840056816362
0.00016608400568164379
0.00016608400568163622
0.0001660840056816362
0.00016608400568164379
0.00016608400568163622
0.0001660840056816362
0.00016608400568164379
0.00016608400568163622
0.0001660840056816362
0.00016608400568164379
0.00016608400568163622
0.0001660840056816362
0.00016608400568164379
0.00016608400568163622
0.0001660840056816362
0.00016608400568164379
0.00016608400568163622
0.0001660840056816362
0.00016608400568164379
0.00016608400568163622
0.00016608400568163874
0.00016608400568163874
0.00016608400568163967
0.00016608400568163967
0.00016608400568163967
0.00016608400568163967
0.00016608400568163861
0.00016608400568163883
0.00016608400568163861
0.0001660840056816379
0.00016608400568163861
0.00016608400568163883
0.00016608400568163861
0.00016608400568163761
0.00016608400568163907
0.00016608400568163861
0.00016608400568163761
0.00016608400568163761
0.00016608400568163907
0.00016608400568163761
0.00016608400568163761
0.00016608400568163761
0.00016608400568163907
0.00016608400568163761
0.00016608400568163761
0.00016608400568163861
0.00016608400568163907
0.00016608400568163815
0.00016608400568163907
0.00016608400568163907
0.00016608400568163815
0.00016608400568163907
0.00016608400568163907
0.00016608400568163815
0.00016608400568163907
0.00016608400568163815
0.00016608400568163907
0.00016608400568163907
0.00016608400568163815
0.00016608400568163907
0.00016608400568163907
0.00016608400568163815
0.00016608400568163907
0.00016608400568163815
0.00016608400568163907
0.00016608400568163907
0.00016608400568163815
0.00016608400568163907
0.00016608400568163815
0.00016608400568163907
0.00016608400568163907
0.00016608400568163815
0.00016608400568163815
0.00016608400568164005
0.00016608400568163815
0.00016608400568163815
0.00016608400568164005
0.00016608400568163815
0.00016608400568163815
0.00016608400568164005
0.00016608400568163815
0.00016608400568163815
0.00016608400568164005
0.00016608400568163815
0.00016608400568163815
0.00016608400568164005
0.00016608400568163815
0.00016608400568163815
0.00016608400568163815
0.00016608400568164005
0.00016608400568163815
0.00016608400568163815
0.00016608400568164005
0.00016608400568163815
0.00016608400568163815
0.00016608400568164005
0.00016608400568163815
0.00016608400568163815
0.00016608400568164005
0.00016608400568163815
0.00016608400568163815
0.00016608400568164005
0.00016608400568163815
0.00016608400568163815
0.00016608400568163815
0.00016608400568164005
0.00016608400568163815
0.00016608400568163815
0.00016608400568164005
0.00016608400568163815
0.00016608400568163815
0.00016608400568164005
0.00016608400568163815
0.00016608400568163815
0.00016608400568164005
0.00016608400568163815
0.00016608400568163815
0.00016608400568163815
0.00016608400568164005
0.00016608400568163815
0.00016608400568163815
0.00016608400568164005
0.00016608400568164005
0.00016608400568163622
0.00016608400568163907
0.00016608400568163622
0.00016608400568163907
0.00016608400568163907
0.00016608400568163622
0.00016608400568163907
0.00016608400568163907
0.00016608400568163622
0.00016608400568163907
0.00016608400568163907
0.00016608400568163622
0.00016608400568163907
0.00016608400568163907
0.00016608400568163622
0.00016608400568163907
0.00016608400568163907
0.00016608400568163622
0.00016608400568163907
0.00016608400568163907
0.00016608400568163622
0.00016608400568163907
0.00016608400568163907
0.00016608400568163622
0.00016608400568163907
0.00016608400568163907
0.00016608400568163622
0.00016608400568163907
0.00016608400568163907
0.00016608400568163622
0.00016608400568163907
0.00016608400568163907
0.00016608400568163622
0.00016608400568163907
0.00016608400568163622
0.00016608400568163907
0.00016608400568163907
0.00016608400568163622
0.00016608400568163907
0.00016608400568163907
0.00016608400568163622
0.00016608400568163907
0.00016608400568163907
0.00016608400568163622
0.00016608400568163907
0.00016608400568163907
0.00016608400568163622
0.00016608400568163907
0.00016608400568163907
0.00016608400568163622
0.00016608400568163907
0.00016608400568163907
0.00016608400568163622
0.00016608400568163907
0.00016608400568163907
0.00016608400568163622
0.00016608400568163907
0.00016608400568163907
0.00016608400568163622
0.00016608400568163907
0.00016608400568163907
0.00016608400568163622
0.00016608400568163907
0.00016608400568163622
0.00016608400568163907
0.00016608400568163907
0.00016608400568163622
0.00016608400568163907
0.00016608400568163907
0.00016608400568163622
0.00016608400568163907
0.00016608400568163907
0.00016608400568163622
0.00016608400568163907
0.00016608400568163907
0.00016608400568163622
0.00016608400568163907
0.00016608400568163907
0.00016608400568163622
0.00016608400568163907
0.00016608400568163907
0.00016608400568163622
0.00016608400568163907
0.00016608400568163907
0.00016608400568163622
0.00016608400568163907
0.00016608400568163907
0.00016608400568163622
0.00016608400568163907
0.00016608400568163907
0.00016608400568163622
0.00016608400568163907
0.00016608400568163622
0.00016608400568163907
0.00016608400568163907
0.00016608400568163622
0.00016608400568163907
0.00016608400568163907
0.00016608400568163622
0.00016608400568163907
0.00016608400568163907
0.00016608400568163622
0.00016608400568164379
0.0001660840056816362
0.00016608400568163622
0.00016608400568164379
0.0001660840056816362
0.00016608400568163622
0.0001660840056816362
0.00016608400568164379
0.00016608400568163622
0.0001660840056816362
0.00016608400568164379
0.00016608400568163622
0.0001660840056816362
0.00016608400568164379
0.00016608400568163622
0.0001660840056816362
0.00016608400568164379
0.00016608400568163622
0.0001660840056816362
0.00016608400568164379
0.00016608400568163622
0.0001660840056816362
0.00016608400568164379
0.00016608400568163622
0.0001660840056816362
0.00016608400568164379
0.00016608400568163622
0.0001660840056816362
0.00016608400568164379
0.00016608400568163622
0.0001660840056816362
0.00016608400568164379
0.00016608400568163622
0.0001660840056816362
0.00016608400568164379
0.00016608400568163622
0.00016608400568163874
0.00016608400568163874
0.00016608400568163874
0.00016608400568163874
0.00016608400568163874
0.00016608400568163874
0.00016608400568163861
0.00016608400568163883
0.00016608400568163861
0.00016608400568163883
0.00016608400568163861
0.00016608400568163883
0.00016608400568163861
0.00016608400568163861
0.00016608400568163809
0.00016608400568163861
0.00016608400568163861
0.00016608400568163861
0.00016608400568163809
0.00016608400568163861
0.00016608400568163861
0.00016608400568163861
0.00016608400568163809
0.00016608400568163861
0.00016608400568163861
0.00016608400568163861
0.00016608400568163907
0.00016608400568163815
0.00016608400568163907
0.00016608400568163907
0.00016608400568163815
0.00016608400568163907
0.00016608400568163907
0.00016608400568163815
0.00016608400568163907
0.00016608400568163815
0.00016608400568163907
0.00016608400568163907
0.00016608400568163815
0.00016608400568163907
0.00016608400568163907
0.00016608400568163815
0.00016608400568163907
0.00016608400568163815
0.00016608400568163907
0.00016608400568163907
0.00016608400568163815
0.00016608400568163907
0.00016608400568163815
0.00016608400568163907
0.00016608400568163907
0.00016608400568163907
0.00016608400568163815
0.00016608400568164005
0.00016608400568163907
0.00016608400568163815
0.00016608400568164005
0.00016608400568163907
0.00016608400568163815
0.00016608400568164005
0.00016608400568163907
0.00016608400568163815
0.00016608400568164005
0.00016608400568163907
0.00016608400568163815
0.00016608400568164005
0.00016608400568163907
0.00016608400568163815
0.00016608400568163907
0.00016608400568164005
0.00016608400568163815
0.00016608400568163815
0.00016608400568164005
0.00016608400568163815
0.00016608400568163815
0.00016608400568164005
0.00016608400568163815
0.00016608400568163815
0.00016608400568164005
0.00016608400568163815
0.00016608400568163815
0.00016608400568164005
0.00016608400568163815
0.00016608400568163815
0.00016608400568163815
0.00016608400568164005
0.00016608400568163815
0.00016608400568163815
0.00016608400568164005
0.00016608400568163815
0.00016608400568163815
0.00016608400568164005
0.00016608400568163815
0.00016608400568163815
0.00016608400568164005
0.00016608400568163815
0.00016608400568163815
0.00016608400568163907
0.00016608400568164005
0.00016608400568163815
0.00016608400568163907
0.00016608400568164005
0.00016608400568164005
0.00016608400568163622
0.00016608400568164097
0.00016608400568163622
0.00016608400568164005
0.00016608400568164097
0.00016608400568163622
0.00016608400568164005
0.00016608400568164097
0.00016608400568163622
0.00016608400568164005
0.00016608400568164097
0.00016608400568163622
0.00016608400568164005
0.00016608400568164097
0.00016608400568163622
0.00016608400568164005
0.00016608400568164097
0.00016608400568163622
0.00016608400568164005
0.00016608400568164097
0.00016608400568163622
0.00016608400568164005
0.00016608400568164097
0.00016608400568163622
0.00016608400568164005
0.00016608400568164097
0.00016608400568163622
0.00016608400568164005
0.00016608400568164097
0.00016608400568163622
0.00016608400568164005
0.00016608400568164097
0.00016608400568163622
0.00016608400568164005
0.00016608400568163622
0.00016608400568164097
0.00016608400568164005
0.00016608400568163622
0.00016608400568164097
0.00016608400568164005
0.00016608400568163622
0.00016608400568164097
0.00016608400568164005
0.00016608400568163622
0.00016608400568164097
0.00016608400568164005
0.00016608400568163622
0.00016608400568164097
0.00016608400568164005
0.00016608400568163622
0.00016608400568164097
0.00016608400568164005
0.00016608400568163622
0.00016608400568164097
0.00016608400568164005
0.00016608400568163622
0.00016608400568164097
0.00016608400568164005
0.00016608400568163622
0.00016608400568164097
0.00016608400568164005
0.00016608400568163622
0.00016608400568164097
0.00016608400568163622
0.00016608400568164097
0.00016608400568164097
0.00016608400568163622
0.00016608400568164097
0.00016608400568164097
0.00016608400568163622
0.00016608400568164097
0.00016608400568164097
0.00016608400568163622
0.00016608400568164097
0.00016608400568164097
0.00016608400568163622
0.00016608400568164097
0.00016608400568164097
0.00016608400568163622
0.00016608400568164097
0.00016608400568164097
0.00016608400568163622
0.00016608400568164097
0.00016608400568164097
0.00016608400568163622
0.00016608400568164097
0.00016608400568164097
0.00016608400568163622
0.00016608400568164097
0.00016608400568164097
0.00016608400568163622
0.00016608400568164097
0.00016608400568163622
0.00016608400568164097
0.00016608400568164097
0.00016608400568163622
0.00016608400568164097
0.00016608400568164097
0.00016608400568163622
0.00016608400568164097
0.00016608400568164097
0.00016608400568163622
0.00016608400568164379
0.0001660840056816362
0.00016608400568163622
0.00016608400568164379
0.0001660840056816362
0.00016608400568163622
0.0001660840056816362
0.00016608400568164379
0.00016608400568163622
0.0001660840056816362
0.00016608400568164379
0.00016608400568163622
0.0001660840056816362
0.00016608400568164379
0.00016608400568163622
0.0001660840056816362
0.00016608400568164379
0.00016608400568163622
0.0001660840056816362
0.00016608400568164379
0.00016608400568163622
0.0001660840056816362
0.00016608400568164379
0.00016608400568163622
0.0001660840056816362
0.00016608400568164379
0.00016608400568163622
0.0001660840056816362
0.00016608400568164379
0.00016608400568163622
0.0001660840056816362
0.00016608400568164379
0.00016608400568163622
0.0001660840056816362
0.00016608400568164379
0.00016608400568163622
0.00016608400568163874
0.00016608400568163874
0.00016608400568163874
0.00016608400568163874
0.00016608400568163874
0.00016608400568163874
0.00016608400568163956
0.00016608400568163883
0.00016608400568163956
0.00016608400568163883
0.00016608400568163956
0.00016608400568163883
0.00016608400568163956
0.00016608400568163956
0.00016608400568163907
0.00016608400568163956
0.00016608400568163956
0.00016608400568163956
0.00016608400568163907
0.00016608400568163956
0.00016608400568163956
0.00016608400568163956
0.00016608400568163907
0.00016608400568163956
0.00016608400568163956
0.00016608400568163956
0.00016608400568163907
0.00016608400568163907
0.00016608400568163907
0.00016608400568163907
0.00016608400568163907
0.00016608400568163907
0.00016608400568163907
0.00016608400568163907
0.00016608400568163907
0.00016608400568163714
0.00016608400568163907
0.00016608400568163907
0.00016608400568163714
0.00016608400568163907
0.00016608400568163907
0.00016608400568163714
0.00016608400568163907
0.00016608400568163907
0.00016608400568163907
0.00016608400568163907
0.00016608400568163907
0.00016608400568163907
0.00016608400568163907
0.00016608400568163907
0.00016608400568163907
0.00016608400568163809
0.00016608400568163714
0.00016608400568164005
0.00016608400568163809
0.00016608400568163714
0.00016608400568164005
0.00016608400568163809
0.00016608400568163714
0.00016608400568164005
0.00016608400568163809
0.00016608400568163714
0.00016608400568164005
0.00016608400568163809
0.00016608400568163714
0.00016608400568164005
0.00016608400568163809
0.00016608400568163714
0.00016608400568163809
0.00016608400568164005
0.00016608400568163714
0.00016608400568163714
0.00016608400568164005
0.00016608400568163714
0.00016608400568163714
0.00016608400568164005
0.00016608400568163714
0.00016608400568163714
0.00016608400568164005
0.00016608400568163714
0.00016608400568163714
0.00016608400568164005
0.00016608400568163714
0.00016608400568163714
0.00016608400568163714
0.00016608400568164005
0.00016608400568163714
0.00016608400568163714
0.00016608400568164005
0.00016608400568163714
0.00016608400568163714
0.00016608400568164005
0.00016608400568163714
0.00016608400568163714
0.00016608400568164005
0.00016608400568163714
0.00016608400568163714
0.00016608400568163809
0.00016608400568164005
0.00016608400568163714
0.00016608400568163809
0.00016608400568164005
0.00016608400568164005
0.00016608400568163622
0.00016608400568164005
0.00016608400568163622
0.00016608400568164005
0.00016608400568164005
0.00016608400568163622
0.00016608400568164005
0.00016608400568164005
0.00016608400568163622
0.00016608400568164005
0.00016608400568164005
0.00016608400568163622
0.00016608400568164005
0.00016608400568164005
0.00016608400568163622
0.00016608400568164005
0.00016608400568164005
0.00016608400568163622
0.00016608400568164005
0.00016608400568164005
0.00016608400568163622
0.00016608400568164005
0.00016608400568164005
0.00016608400568163622
0.00016608400568164005
0.00016608400568164005
0.00016608400568163622
0.00016608400568164005
0.00016608400568164005
0.00016608400568163622
0.00016608400568164005
0.00016608400568164005
0.00016608400568163622
0.00016608400568164005
0.00016608400568163622
0.00016608400568164005
0.00016608400568164005
0.00016608400568163622
0.00016608400568164005
0.00016608400568164005
0.00016608400568163622
0.00016608400568164005
0.00016608400568164005
0.00016608400568163622
0.00016608400568164005
0.00016608400568164005
0.00016608400568163622
0.00016608400568164005
0.00016608400568164005
0.00016608400568163622
0.00016608400568164005
0.00016608400568164005
0.00016608400568163622
0.00016608400568164005
0.00016608400568164005
0.00016608400568163622
0.00016608400568164005
0.00016608400568164005
0.00016608400568163622
0.00016608400568164005
0.00016608400568164005
0.00016608400568163622
0.00016608400568164005
0.00016608400568163622
0.00016608400568164005
0.00016608400568164005
0.00016608400568163622
0.00016608400568164005
0.00016608400568164005
0.00016608400568163622
0.00016608400568164005
0.00016608400568164005
0.00016608400568163622
0.00016608400568164005
0.00016608400568164005
0.00016608400568163622
0.00016608400568164005
0.00016608400568164005
0.00016608400568163622
0.00016608400568164005
0.00016608400568164005
0.00016608400568163622
0.00016608400568164005
0.00016608400568164005
0.00016608400568163622
0.00016608400568164005
0.00016608400568164005
0.00016608400568163622
0.00016608400568164005
0.00016608400568164005
0.00016608400568163622
0.00016608400568164005
0.00016608400568163622
0.00016608400568164005
0.00016608400568164005
0.00016608400568163622
0.00016608400568164005
0.00016608400568164005
0.00016608400568163622
0.00016608400568164005
0.00016608400568164005
0.00016608400568163622
0.00016608400568164379
0.0001660840056816362
0.00016608400568163622
0.00016608400568164379
0.0001660840056816362
0.00016608400568163622
0.0001660840056816362
0.00016608400568164379
0.00016608400568163622
0.0001660840056816362
0.00016608400568164379
0.00016608400568163622
0.0001660840056816362
0.00016608400568164379
0.00016608400568163622
0.0001660840056816362
0.00016608400568164379
0.00016608400568163622
0.0001660840056816362
0.00016608400568164379
0.00016608400568163622
0.0001660840056816362
0.00016608400568164379
0.00016608400568163622
0.0001660840056816362
0.00016608400568164379
0.00016608400568163622
0.0001660840056816362
0.00016608400568164379
0.00016608400568163622
0.0001660840056816362
0.00016608400568164379
0.00016608400568163622
0.0001660840056816362
0.00016608400568164379
0.00016608400568163622
0.00016608400568163967
0.00016608400568163967
0.00016608400568163874
0.00016608400568163874
0.00016608400568163874
0.00016608400568163874
0.00016608400568163761
0.0001660840056816398
0.00016608400568163761
0.0001660840056816398
0.00016608400568163761
0.0001660840056816398
0.00016608400568163761
0.00016608400568163858
0.00016608400568163907
0.00016608400568163761
0.00016608400568163858
0.00016608400568163858
0.00016608400568163907
0.00016608400568163858
0.00016608400568163858
0.00016608400568163858
0.00016608400568163907
0.00016608400568163858
0.00016608400568163858
0.00016608400568163761
0.00016608400568163907
0.00016608400568163714
0.00016608400568163907
0.00016608400568163907
0.00016608400568163714
0.00016608400568163907
0.00016608400568163907
0.00016608400568163714
0.00016608400568163907
0.00016608400568163907
0.00016608400568163907
0.00016608400568163907
0.00016608400568163907
0.00016608400568163907
0.00016608400568163907
0.00016608400568163907
0.00016608400568163907
0.00016608400568163714
0.00016608400568163907
0.00016608400568163907
0.00016608400568163714
0.00016608400568163907
0.00016608400568163714
0.00016608400568163907
0.00016608400568163907
0.00016608400568163714
0.00016608400568163907
0.00016608400568164005
0.00016608400568163714
0.00016608400568163907
0.00016608400568164005
0.00016608400568163714
0.00016608400568163907
0.00016608400568164005
0.00016608400568163714
0.00016608400568163907
0.00016608400568164005
0.00016608400568163714
0.00016608400568163907
0.00016608400568164005
0.00016608400568163714
0.00016608400568163907
0.00016608400568163714
0.00016608400568164005
0.00016608400568163907
0.00016608400568163907
0.00016608400568164005
0.00016608400568163907
0.00016608400568163907
0.00016608400568164005
0.00016608400568163907
0.00016608400568163907
0.00016608400568164005
0.00016608400568163907
0.00016608400568163907
0.00016608400568164005
0.00016608400568163907
0.00016608400568163907
0.00016608400568163907
0.00016608400568164005
0.00016608400568163907
0.00016608400568163907
0.00016608400568164005
0.00016608400568163907
0.00016608400568163907
0.00016608400568164005
0.00016608400568163907
0.00016608400568163907
0.00016608400568164005
0.00016608400568163907
0.00016608400568163907
0.00016608400568163714
0.00016608400568164005
0.00016608400568163907
0.00016608400568163714
0.00016608400568164005
0.00016608400568164005
0.00016608400568163622
0.00016608400568164005
0.00016608400568163622
0.00016608400568164005
0.00016608400568164005
0.00016608400568163622
0.00016608400568164005
0.00016608400568164005
0.00016608400568163622
0.00016608400568164005
0.00016608400568164005
0.00016608400568163622
0.00016608400568164005
0.00016608400568164005
0.00016608400568163622
0.00016608400568164005
0.00016608400568164005
0.00016608400568163622
0.00016608400568164005
0.00016608400568164005
0.00016608400568163622
0.00016608400568164005
0.00016608400568164005
0.00016608400568163622
0.00016608400568164005
0.00016608400568164005
0.00016608400568163622
0.00016608400568164005
0.00016608400568164005
0.00016608400568163622
0.00016608400568164005
0.00016608400568164005
0.00016608400568163622
0.00016608400568164005
0.00016608400568163622
0.00016608400568164005
0.00016608400568164005
0.00016608400568163622
0.00016608400568164005
0.00016608400568164005
0.00016608400568163622
0.00016608400568164005
0.00016608400568164005
0.00016608400568163622
0.00016608400568164005
0.00016608400568164005
0.00016608400568163622
0.00016608400568164005
0.00016608400568164005
0.00016608400568163622
0.00016608400568164005
0.00016608400568164005
0.00016608400568163622
0.00016608400568164005
0.00016608400568164005
0.00016608400568163622
0.00016608400568164005
0.00016608400568164005
0.00016608400568163622
0.00016608400568164005
0.00016608400568164005
0.00016608400568163622
0.00016608400568164005
0.00016608400568163622
0.00016608400568164005
0.00016608400568164005
0.00016608400568163622
0.00016608400568164005
0.00016608400568164005
0.00016608400568163622
0.00016608400568164005
0.00016608400568164005
0.00016608400568163622
0.00016608400568164005
0.00016608400568164005
0.00016608400568163622
0.00016608400568164005
0.00016608400568164005
0.00016608400568163622
0.00016608400568164005
0.00016608400568164005
0.00016608400568163622
0.00016608400568164005
0.00016608400568164005
0.00016608400568163622
0.00016608400568164005
0.00016608400568164005
0.00016608400568163622
0.00016608400568164005
0.00016608400568164005
0.00016608400568163622
0.00016608400568164005
0.00016608400568163622
0.00016608400568164005
0.00016608400568164005
0.00016608400568163622
0.00016608400568164005
0.00016608400568164005
0.00016608400568163622
0.00016608400568164005
0.00016608400568164005
0.00016608400568163622
0.00016608400568164379
0.0001660840056816362
0.00016608400568163622
0.00016608400568164379
0.0001660840056816362
0.00016608400568163622
0.0001660840056816362
0.00016608400568164379
0.00016608400568163622
0.0001660840056816362
0.00016608400568164379
0.00016608400568163622
0.0001660840056816362
0.00016608400568164379
0.00016608400568163622
0.0001660840056816362
0.00016608400568164379
0.00016608400568163622
0.0001660840056816362
0.00016608400568164379
0.00016608400568163622
0.0001660840056816362
0.00016608400568164379
0.00016608400568163622
0.0001660840056816362
0.00016608400568164379
0.00016608400568163622
0.0001660840056816362
0.00016608400568164379
0.00016608400568163622
0.0001660840056816362
0.00016608400568164379
0.00016608400568163622
0.0001660840056816362
0.00016608400568164379
0.00016608400568163622
0.00016608400568163777
0.00016608400568163777
0.00016608400568163874
0.00016608400568163874
0.00016608400568163874
0.00016608400568163874
0.00016608400568163861
0.00016608400568163883
0.00016608400568163861
0.0001660840056816379
0.00016608400568163861
0.00016608400568163883
0.00016608400568163861
0.00016608400568163761
0.00016608400568163907
0.00016608400568163861
0.00016608400568163761
0.00016608400568163761
0.00016608400568163907
0.00016608400568163761
0.00016608400568163761
0.00016608400568163761
0.00016608400568163907
0.00016608400568163761
0.00016608400568163761
0.00016608400568163861
0.00016608400568164005
0.00016608400568163815
0.00016608400568164005
0.00016608400568164005
0.00016608400568163815
0.00016608400568164005
0.00016608400568164005
0.00016608400568163815
0.00016608400568164005
0.00016608400568163815
0.00016608400568164005
0.00016608400568164005
0.00016608400568163815
0.00016608400568164005
0.00016608400568164005
0.00016608400568163815
0.00016608400568164005
0.00016608400568163815
0.00016608400568164005
0.00016608400568164005
0.00016608400568163815
0.00016608400568164005
0.00016608400568163815
0.00016608400568164005
0.00016608400568164005
0.00016608400568163815
0.00016608400568163815
0.00016608400568164005
0.00016608400568163815
0.00016608400568163815
0.00016608400568164005
0.00016608400568163815
0.00016608400568163815
0.00016608400568164005
0.00016608400568163815
0.00016608400568163815
0.00016608400568164005
0.00016608400568163815
0.00016608400568163815
0.00016608400568164005
0.00016608400568163815
0.00016608400568163815
0.00016608400568163815
0.00016608400568164005
0.00016608400568163815
0.00016608400568163815
0.00016608400568164005
0.00016608400568163815
0.00016608400568163815
0.00016608400568164005
0.00016608400568163815
0.00016608400568163815
0.00016608400568164005
0.00016608400568163815
0.00016608400568163815
0.00016608400568164005
0.00016608400568163815
0.00016608400568163815
0.00016608400568163815
0.00016608400568164005
0.00016608400568163815
0.00016608400568163815
0.00016608400568164005
0.00016608400568163815
0.00016608400568163815
0.00016608400568164005
0.00016608400568163815
0.00016608400568163815
0.00016608400568164005
0.00016608400568163815
0.00016608400568163815
0.00016608400568163815
0.00016608400568164005
0.00016608400568163815
0.00016608400568163815
0.00016608400568164005
0.00016608400568164005
0.00016608400568163622
0.00016608400568164005
0.00016608400568163622
0.00016608400568164097
0.00016608400568164005
0.00016608400568163622
0.00016608400568164097
0.00016608400568164005
0.00016608400568163622
0.00016608400568164097
0.00016608400568164005
0.00016608400568163622
0.00016608400568164097
0.00016608400568164005
0.00016608400568163622
0.00016608400568164097
0.00016608400568164005
0.00016608400568163622
0.00016608400568164097
0.00016608400568164005
0.00016608400568163622
0.00016608400568164097
0.00016608400568164005
0.00016608400568163622
0.00016608400568164097
0.00016608400568164005
0.00016608400568163622
0.00016608400568164097
0.00016608400568164005
0.00016608400568163622
0.00016608400568164097
0.00016608400568164005
0.00016608400568163622
0.00016608400568164097
0.00016608400568163622
0.00016608400568164005
0.00016608400568164097
0.00016608400568163622
0.00016608400568164005
0.00016608400568164097
0.00016608400568163622
0.00016608400568164005
0.00016608400568164097
0.00016608400568163622
0.00016608400568164005
0.00016608400568164097
0.00016608400568163622
0.00016608400568164005
0.00016608400568164097
0.00016608400568163622
0.00016608400568164005
0.00016608400568164097
0.00016608400568163622
0.00016608400568164005
0.00016608400568164097
0.00016608400568163622
0.00016608400568164005
0.00016608400568164097
0.00016608400568163622
0.00016608400568164005
0.00016608400568164097
0.00016608400568163622
0.00016608400568164005
0.00016608400568163622
0.00016608400568164005
0.00016608400568164005
0.00016608400568163622
0.00016608400568164005
0.00016608400568164005
0.00016608400568163622
0.00016608400568164005
0.00016608400568164005
0.00016608400568163622
0.00016608400568164005
0.00016608400568164005
0.00016608400568163622
0.00016608400568164005
0.00016608400568164005
0.00016608400568163622
0.00016608400568164005
0.00016608400568164005
0.00016608400568163622
0.00016608400568164005
0.00016608400568164005
0.00016608400568163622
0.00016608400568164005
0.00016608400568164005
0.00016608400568163622
0.00016608400568164005
0.00016608400568164005
0.00016608400568163622
0.00016608400568164005
0.00016608400568163622
0.00016608400568164005
0.00016608400568164005
0.00016608400568163622
0.00016608400568164005
0.00016608400568164005
0.00016608400568163622
0.00016608400568164005
0.00016608400568164005
0.00016608400568163622
0.00016608400568164379
0.0001660840056816362
0.00016608400568163622
0.00016608400568164379
0.0001660840056816362
0.00016608400568163622
0.0001660840056816362
0.00016608400568164379
0.00016608400568163622
0.0001660840056816362
0.00016608400568164379
0.00016608400568163622
0.0001660840056816362
0.00016608400568164379
0.00016608400568163622
0.0001660840056816362
0.00016608400568164379
0.00016608400568163622
0.0001660840056816362
0.00016608400568164379
0.00016608400568163622
0.0001660840056816362
0.00016608400568164379
0.00016608400568163622
0.0001660840056816362
0.00016608400568164379
0.00016608400568163622
0.0001660840056816362
0.00016608400568164379
0.00016608400568163622
0.0001660840056816362
0.00016608400568164379
0.00016608400568163622
0.0001660840056816362
0.00016608400568164379
0.00016608400568163622
0.00016608400568163874
0.00016608400568163874
0.00016608400568163874
0.00016608400568163874
0.00016608400568163874
0.00016608400568163874
0.00016608400568163761
0.0001660840056816379
0.00016608400568163761
0.0001660840056816398
0.00016608400568163761
0.0001660840056816379
0.00016608400568163761
0.00016608400568163861
0.00016608400568163907
0.00016608400568163761
0.00016608400568163861
0.00016608400568163861
0.00016608400568163907
0.00016608400568163861
0.00016608400568163861
0.00016608400568163861
0.00016608400568163907
0.00016608400568163861
0.00016608400568163861
0.00016608400568163761
0.00016608400568163907
0.00016608400568163815
0.00016608400568163907
0.00016608400568163907
0.00016608400568163815
0.00016608400568163907
0.00016608400568163907
0.00016608400568163815
0.00016608400568163907
0.00016608400568163815
0.00016608400568163907
0.00016608400568163907
0.00016608400568163815
0.00016608400568163907
0.00016608400568163907
0.00016608400568163815
0.00016608400568163907
0.00016608400568163815
0.00016608400568163907
0.00016608400568163907
0.00016608400568163815
0.00016608400568163907
0.00016608400568163815
0.00016608400568163907
0.00016608400568163907
0.00016608400568163815
0.00016608400568163815
0.00016608400568164005
0.00016608400568163815
0.00016608400568163815
0.00016608400568164005
0.00016608400568163815
0.00016608400568163815
0.00016608400568164005
0.00016608400568163815
0.00016608400568163815
0.00016608400568164005
0.00016608400568163815
0.00016608400568163815
0.00016608400568164005
0.00016608400568163815
0.00016608400568163815
0.00016608400568163815
0.00016608400568164005
0.00016608400568163815
0.00016608400568163815
0.00016608400568164005
0.00016608400568163815
0.00016608400568163815
0.00016608400568164005
0.00016608400568163815
0.00016608400568163815
0.00016608400568164005
0.00016608400568163815
0.00016608400568163815
0.00016608400568164005
0.00016608400568163815
0.00016608400568163815
0.00016608400568163815
0.00016608400568164005
0.00016608400568163815
0.00016608400568163815
0.00016608400568164005
0.00016608400568163815
0.00016608400568163815
0.00016608400568164005
0.00016608400568163815
0.00016608400568163815
0.00016608400568164005
0.00016608400568163815
0.00016608400568163815
0.00016608400568163815
0.00016608400568164005
0.00016608400568163815
0.00016608400568163815
0.00016608400568164005
0.00016608400568164005
0.00016608400568163525
0.00016608400568163907
0.00016608400568163525
0.00016608400568163907
0.00016608400568163907
0.00016608400568163525
0.00016608400568163907
0.00016608400568163907
0.00016608400568163525
0.00016608400568163907
0.00016608400568163907
0.00016608400568163525
0.00016608400568163907
0.00016608400568163907
0.00016608400568163525
0.00016608400568163907
0.00016608400568163907
0.00016608400568163525
0.00016608400568163907
0.00016608400568163907
0.00016608400568163525
0.00016608400568163907
0.00016608400568163907
0.00016608400568163525
0.00016608400568163907
0.00016608400568163907
0.00016608400568163525
0.00016608400568163907
0.00016608400568163907
0.00016608400568163525
0.00016608400568163907
0.00016608400568163907
0.00016608400568163525
0.00016608400568163907
0.00016608400568163525
0.00016608400568163907
0.00016608400568163907
0.00016608400568163525
0.00016608400568163907
0.00016608400568163907
0.00016608400568163525
0.00016608400568163907
0.00016608400568163907
0.00016608400568163525
0.00016608400568163907
0.00016608400568163907
0.00016608400568163525
0.00016608400568163907
0.00016608400568163907
0.00016608400568163525
0.00016608400568163907
0.00016608400568163907
0.00016608400568163525
0.00016608400568163907
0.00016608400568163907
0.00016608400568163525
0.00016608400568163907
0.00016608400568163907
0.00016608400568163525
0.00016608400568163907
0.00016608400568163907
0.00016608400568163525
0.00016608400568163907
0.00016608400568163525
0.00016608400568163907
0.00016608400568163907
0.00016608400568163525
0.00016608400568163907
0.00016608400568163907
0.00016608400568163525
0.00016608400568163907
0.00016608400568163907
0.00016608400568163525
0.00016608400568163907
0.00016608400568163907
0.00016608400568163525
0.00016608400568163907
0.00016608400568163907
0.00016608400568163525
0.00016608400568163907
0.00016608400568163907
0.00016608400568163525
0.00016608400568163907
0.00016608400568163907
0.00016608400568163525
0.00016608400568163907
0.00016608400568163907
0.00016608400568163525
0.00016608400568163907
0.00016608400568163907
0.00016608400568163525
0.00016608400568163907
0.00016608400568163525
0.00016608400568163907
0.00016608400568163907
0.00016608400568163525
0.00016608400568163907
0.00016608400568163907
0.00016608400568163525
0.00016608400568163907
0.00016608400568163907
0.00016608400568163525
0.00016608400568164379
0.00016608400568163525
0.00016608400568163525
0.00016608400568164379
0.00016608400568163525
0.00016608400568163525
0.00016608400568163525
0.00016608400568164379
0.00016608400568163525
0.00016608400568163525
0.00016608400568164379
0.00016608400568163525
0.00016608400568163525
0.00016608400568164379
0.00016608400568163525
0.00016608400568163525
0.00016608400568164379
0.00016608400568163525
0.00016608400568163525
0.00016608400568164379
0.00016608400568163525
0.00016608400568163525
0.00016608400568164379
0.00016608400568163525
0.00016608400568163525
0.00016608400568164379
0.00016608400568163525
0.00016608400568163525
0.00016608400568164379
0.00016608400568163525
0.00016608400568163525
0.00016608400568164379
0.00016608400568163525
0.00016608400568163525
0.00016608400568164379
0.00016608400568163525
0.00016608400568163967
0.00016608400568163967
0.00016608400568163874
0.00016608400568164061
0.00016608400568163874
0.00016608400568163874
0.00016608400568163858
0.00016608400568163883
0.00016608400568163858
0.00016608400568163883
0.00016608400568163858
0.00016608400568163883
0.00016608400568163858
0.00016608400568164051
0.00016608400568163907
0.00016608400568164145
0.00016608400568164051
0.00016608400568164051
0.00016608400568163907
0.00016608400568164051
0.00016608400568164051
0.00016608400568164051
0.00016608400568163907
0.00016608400568164051
0.00016608400568164051
0.00016608400568164145
0.00016608400568163907
0.00016608400568163907
0.00016608400568163809
0.00016608400568163907
0.00016608400568163907
0.00016608400568163809
0.00016608400568163907
0.00016608400568163907
0.00016608400568163809
0.00016608400568163815
0.00016608400568163907
0.00016608400568163809
0.00016608400568163815
0.00016608400568163907
0.00016608400568163809
0.00016608400568163815
0.00016608400568163907
0.00016608400568163907
0.00016608400568163809
0.00016608400568163907
0.00016608400568163907
0.00016608400568163809
0.00016608400568163907
0.00016608400568163907
0.00016608400568163809
0.00016608400568163815
0.00016608400568163815
0.00016608400568163907
0.00016608400568163815
0.00016608400568163815
0.00016608400568163907
0.00016608400568163815
0.00016608400568163815
0.00016608400568163907
0.00016608400568163815
0.00016608400568163815
0.00016608400568163907
0.00016608400568163815
0.00016608400568163815
0.00016608400568163907
0.00016608400568163815
0.00016608400568163815
0.00016608400568163815
0.00016608400568163907
0.00016608400568163815
0.00016608400568163815
0.00016608400568163907
0.00016608400568163815
0.00016608400568163815
0.00016608400568163907
0.00016608400568163815
0.00016608400568163815
0.00016608400568163907
0.00016608400568163815
0.00016608400568163815
0.00016608400568163907
0.00016608400568163815
0.00016608400568163815
0.00016608400568163815
0.00016608400568163907
0.00016608400568163815
0.00016608400568163815
0.00016608400568163907
0.00016608400568163815
0.00016608400568163815
0.00016608400568163907
0.00016608400568163815
0.00016608400568163815
0.00016608400568163907
0.00016608400568163815
0.00016608400568163815
0.00016608400568163815
0.00016608400568163907
0.00016608400568163815
0.00016608400568163815
0.00016608400568163907
0.00016608400568163907
0.00016608400568163815
0.00016608400568164189
0.00016608400568163815
0.00016608400568164097
0.00016608400568164189
0.00016608400568163815
0.00016608400568164097
0.00016608400568164189
0.00016608400568163815
0.00016608400568164097
0.00016608400568164189
0.00016608400568163815
0.00016608400568164097
0.00016608400568164189
0.00016608400568163815
0.00016608400568164097
0.00016608400568164189
0.00016608400568163815
0.00016608400568164097
0.00016608400568164189
0.00016608400568163815
0.00016608400568164097
0.00016608400568164189
0.00016608400568163815
0.00016608400568164097
0.00016608400568164189
0.00016608400568163815
0.00016608400568164097
0.00016608400568164189
0.00016608400568163815
0.00016608400568164097
0.00016608400568164189
0.00016608400568163815
0.00016608400568164097
0.00016608400568163815
0.00016608400568164189
0.00016608400568164097
0.00016608400568163815
0.00016608400568164189
0.00016608400568164097
0.00016608400568163815
0.00016608400568164189
0.00016608400568164097
0.00016608400568163815
0.00016608400568164189
0.00016608400568164097
0.00016608400568163815
0.00016608400568164189
0.00016608400568164097
0.00016608400568163815
0.00016608400568164189
0.00016608400568164097
0.00016608400568163815
0.00016608400568164189
0.00016608400568164097
0.00016608400568163815
0.00016608400568164189
0.00016608400568164097
0.00016608400568163815
0.00016608400568164189
0.00016608400568164097
0.00016608400568163815
0.00016608400568164189
0.00016608400568163815
0.00016608400568164189
0.00016608400568164189
0.00016608400568163815
0.00016608400568164189
0.00016608400568164189
0.00016608400568163815
0.00016608400568164189
0.00016608400568164189
0.00016608400568163815
0.00016608400568164189
0.00016608400568164189
0.00016608400568163815
0.00016608400568164189
0.00016608400568164189
0.00016608400568163815
0.00016608400568164189
0.00016608400568164189
0.00016608400568163815
0.00016608400568164189
0.00016608400568164189
0.00016608400568163815
0.00016608400568164189
0.00016608400568164189
0.00016608400568163815
0.00016608400568164189
0.00016608400568164189
0.00016608400568163815
0.00016608400568164189
0.00016608400568163815
0.00016608400568164189
0.00016608400568164189
0.00016608400568163815
0.00016608400568164189
0.00016608400568164189
0.00016608400568163815
0.00016608400568164189
0.00016608400568164189
0.00016608400568163815
0.00016608400568164476
0.00016608400568163717
0.00016608400568163815
0.00016608400568164476
0.00016608400568163717
0.00016608400568163815
0.00016608400568163717
0.00016608400568164476
0.00016608400568163815
0.00016608400568163717
0.00016608400568164476
0.00016608400568163815
0.00016608400568163717
0.00016608400568164476
0.00016608400568163815
0.00016608400568163717
0.00016608400568164476
0.00016608400568163815
0.00016608400568163717
0.00016608400568164476
0.00016608400568163815
0.00016608400568163717
0.00016608400568164476
0.00016608400568163815
0.00016608400568163717
0.00016608400568164476
0.00016608400568163815
0.00016608400568163717
0.00016608400568164476
0.00016608400568163815
0.00016608400568163717
0.00016608400568164476
0.00016608400568163815
0.00016608400568163717
0.00016608400568164476
0.00016608400568163815
0.00016608400568163874
0.00016608400568163874
0.00016608400568164061
0.00016608400568163777
0.00016608400568164061
0.00016608400568164061
0.00016608400568164051
0.0001660840056816398
0.00016608400568164051
0.0001660840056816398
0.00016608400568164051
0.0001660840056816398
0.00016608400568164051
0.00016608400568163761
0.00016608400568164194
0.00016608400568163761
0.00016608400568163761
0.00016608400568163761
0.00016608400568164194
0.00016608400568163761
0.00016608400568163761
0.00016608400568163761
0.00016608400568164194
0.00016608400568163761
0.00016608400568163761
0.00016608400568163761
0.00016608400568164097
0.00016608400568163815
0.00016608400568164194
0.00016608400568164097
0.00016608400568163815
0.00016608400568164194
0.00016608400568164097
0.00016608400568163815
0.00016608400568164194
0.00016608400568163907
0.00016608400568164097
0.00016608400568164194
0.00016608400568163907
0.00016608400568164097
0.00016608400568164194
0.00016608400568163907
0.00016608400568164097
0.00016608400568163815
0.00016608400568164194
0.00016608400568164097
0.00016608400568163815
0.00016608400568164194
0.00016608400568163815
0.00016608400568164097
0.00016608400568164194
0.00016608400568163907
0.00016608400568163907
0.00016608400568164189
0.00016608400568163907
0.00016608400568163907
0.00016608400568164189
0.00016608400568163907
0.00016608400568163907
0.00016608400568164189
0.00016608400568163907
0.00016608400568163907
0.00016608400568164189
0.00016608400568163907
0.00016608400568163907
0.00016608400568164189
0.00016608400568163907
0.00016608400568163907
0.00016608400568163907
0.00016608400568164189
0.00016608400568163907
0.00016608400568163907
0.00016608400568164189
0.00016608400568163907
0.00016608400568163907
0.00016608400568164189
0.00016608400568163907
0.00016608400568163907
0.00016608400568164189
0.00016608400568163907
0.00016608400568163907
0.00016608400568164189
0.00016608400568163907
0.00016608400568163907
0.00016608400568163907
0.00016608400568164189
0.00016608400568163907
0.00016608400568163907
0.00016608400568164189
0.00016608400568163907
0.00016608400568163907
0.00016608400568164189
0.00016608400568163907
0.00016608400568163907
0.00016608400568164189
0.00016608400568163907
0.00016608400568163907
0.00016608400568163907
0.00016608400568164189
0.00016608400568163907
0.00016608400568163907
0.00016608400568164189
0.00016608400568164189
0.00016608400568163717
0.00016608400568164097
0.00016608400568163717
0.00016608400568164097
0.00016608400568164097
0.00016608400568163717
0.00016608400568164097
0.00016608400568164097
0.00016608400568163717
0.00016608400568164097
0.00016608400568164097
0.00016608400568163717
0.00016608400568164097
0.00016608400568164097
0.00016608400568163717
0.00016608400568164097
0.00016608400568164097
0.00016608400568163717
0.00016608400568164097
0.00016608400568164097
0.00016608400568163717
0.00016608400568164097
0.00016608400568164097
0.00016608400568163717
0.00016608400568164097
0.00016608400568164097
0.00016608400568163717
0.00016608400568164097
0.00016608400568164097
0.00016608400568163717
0.00016608400568164097
0.00016608400568164097
0.00016608400568163717
0.00016608400568164097
0.00016608400568163717
0.00016608400568164097
0.00016608400568164097
0.00016608400568163717
0.00016608400568164097
0.00016608400568164097
0.00016608400568163717
0.00016608400568164097
0.00016608400568164097
0.00016608400568163717
0.00016608400568164097
0.00016608400568164097
0.00016608400568163717
0.00016608400568164097
0.00016608400568164097
0.00016608400568163717
0.00016608400568164097
0.00016608400568164097
0.00016608400568163717
0.00016608400568164097
0.00016608400568164097
0.00016608400568163717
0.00016608400568164097
0.00016608400568164097
0.00016608400568163717
0.00016608400568164097
0.00016608400568164097
0.00016608400568163717
0.00016608400568164097
0.00016608400568163717
0.00016608400568164097
0.00016608400568164097
0.00016608400568163717
0.00016608400568164097
0.00016608400568164097
0.00016608400568163717
0.00016608400568164097
0.00016608400568164097
0.00016608400568163717
0.00016608400568164097
0.00016608400568164097
0.00016608400568163717
0.00016608400568164097
0.00016608400568164097
0.00016608400568163717
0.00016608400568164097
0.00016608400568164097
0.00016608400568163717
0.00016608400568164097
0.00016608400568164097
0.00016608400568163717
0.00016608400568164097
0.00016608400568164097
0.00016608400568163717
0.00016608400568164097
0.00016608400568164097
0.00016608400568163717
0.00016608400568164097
0.00016608400568163717
0.00016608400568164097
0.00016608400568164097
0.00016608400568163717
0.00016608400568164097
0.00016608400568164097
0.00016608400568163717
0.00016608400568164097
0.00016608400568164097
0.00016608400568163717
0.00016608400568164379
0.00016608400568163717
0.00016608400568163622
0.00016608400568164379
0.00016608400568163717
0.00016608400568163622
0.00016608400568163717
0.00016608400568164379
0.00016608400568163622
0.00016608400568163717
0.00016608400568164379
0.00016608400568163622
0.00016608400568163717
0.00016608400568164379
0.00016608400568163622
0.00016608400568163717
0.00016608400568164379
0.00016608400568163622
0.00016608400568163717
0.00016608400568164379
0.00016608400568163622
0.00016608400568163717
0.00016608400568164379
0.00016608400568163622
0.00016608400568163717
0.00016608400568164379
0.00016608400568163622
0.00016608400568163717
0.00016608400568164379
0.00016608400568163622
0.00016608400568163717
0.00016608400568164379
0.00016608400568163622
0.00016608400568163717
0.00016608400568164379
0.00016608400568163622
0.00016608400568163874
0.00016608400568163874
0.00016608400568163777
0.00016608400568163874
0.00016608400568163777
0.00016608400568163777
0.00016608400568163956
0.00016608400568163883
0.00016608400568163956
0.0001660840056816379
0.00016608400568163956
0.00016608400568163883
0.00016608400568163956
0.00016608400568163956
0.0001660840056816362
0.00016608400568163861
0.00016608400568163956
0.00016608400568163956
0.0001660840056816362
0.00016608400568163956
0.00016608400568163956
0.00016608400568163956
0.0001660840056816362
0.00016608400568163956
0.00016608400568163956
0.00016608400568163861
0.00016608400568163714
0.00016608400568163907
0.00016608400568163714
0.00016608400568163714
0.00016608400568163907
0.00016608400568163714
0.00016608400568163714
0.00016608400568163907
0.00016608400568163714
0.00016608400568163714
0.00016608400568163714
0.00016608400568163714
0.00016608400568163714
0.00016608400568163714
0.00016608400568163714
0.00016608400568163714
0.00016608400568163714
0.00016608400568163907
0.00016608400568163714
0.00016608400568163714
0.00016608400568163907
0.00016608400568163714
0.00016608400568163907
0.00016608400568163714
0.00016608400568163714
0.00016608400568163907
0.00016608400568163714
0.00016608400568164005
0.00016608400568163907
0.00016608400568163714
0.00016608400568164005
0.00016608400568163907
0.00016608400568163714
0.00016608400568164005
0.00016608400568163907
0.00016608400568163714
0.00016608400568164005
0.00016608400568163907
0.00016608400568163714
0.00016608400568164005
0.00016608400568163907
0.00016608400568163714
0.00016608400568163907
0.00016608400568164005
0.00016608400568163714
0.00016608400568163714
0.00016608400568164005
0.00016608400568163714
0.00016608400568163714
0.00016608400568164005
0.00016608400568163714
0.00016608400568163714
0.00016608400568164005
0.00016608400568163714
0.00016608400568163714
0.00016608400568164005
0.00016608400568163714
0.00016608400568163714
0.00016608400568163714
0.00016608400568164005
0.00016608400568163714
0.00016608400568163714
0.00016608400568164005
0.00016608400568163714
0.00016608400568163714
0.00016608400568164005
0.00016608400568163714
0.00016608400568163714
0.00016608400568164005
0.00016608400568163714
0.00016608400568163714
0.00016608400568163907
0.00016608400568164005
0.00016608400568163714
0.00016608400568163907
0.00016608400568164005
0.00016608400568164005
0.0001660840056816343
0.00016608400568163907
0.0001660840056816343
0.00016608400568163907
0.00016608400568163907
0.0001660840056816343
0.00016608400568163907
0.00016608400568163907
0.0001660840056816343
0.00016608400568163907
0.00016608400568163907
0.0001660840056816343
0.00016608400568163907
0.00016608400568163907
0.0001660840056816343
0.00016608400568163907
0.00016608400568163907
0.0001660840056816343
0.00016608400568163907
0.00016608400568163907
0.0001660840056816343
0.00016608400568163907
0.00016608400568163907
0.0001660840056816343
0.00016608400568163907
0.00016608400568163907
0.0001660840056816343
0.00016608400568163907
0.00016608400568163907
0.0001660840056816343
0.00016608400568163907
0.00016608400568163907
0.0001660840056816343
0.00016608400568163907
0.0001660840056816343
0.00016608400568163907
0.00016608400568163907
0.0001660840056816343
0.00016608400568163907
0.00016608400568163907
0.0001660840056816343
0.00016608400568163907
0.00016608400568163907
0.0001660840056816343
0.00016608400568163907
0.00016608400568163907
0.0001660840056816343
0.00016608400568163907
0.00016608400568163907
0.0001660840056816343
0.00016608400568163907
0.00016608400568163907
0.0001660840056816343
0.00016608400568163907
0.00016608400568163907
0.0001660840056816343
0.00016608400568163907
0.00016608400568163907
0.0001660840056816343
0.00016608400568163907
0.00016608400568163907
0.0001660840056816343
0.00016608400568163907
0.0001660840056816343
0.00016608400568163907
0.00016608400568163907
0.0001660840056816343
0.00016608400568163907
0.00016608400568163907
0.0001660840056816343
0.00016608400568163907
0.00016608400568163907
0.0001660840056816343
0.00016608400568163907
0.00016608400568163907
0.0001660840056816343
0.00016608400568163907
0.00016608400568163907
0.0001660840056816343
0.00016608400568163907
0.00016608400568163907
0.0001660840056816343
0.00016608400568163907
0.00016608400568163907
0.0001660840056816343
0.00016608400568163907
0.00016608400568163907
0.0001660840056816343
0.00016608400568163907
0.00016608400568163907
0.0001660840056816343
0.00016608400568163907
0.0001660840056816343
0.00016608400568163907
0.00016608400568163907
0.0001660840056816343
0.00016608400568163907
0.00016608400568163907
0.0001660840056816343
0.00016608400568163907
0.00016608400568163907
0.0001660840056816343
0.00016608400568164476
0.00016608400568163714
0.00016608400568163717
0.00016608400568164476
0.00016608400568163714
0.00016608400568163717
0.00016608400568163714
0.00016608400568164476
0.00016608400568163717
0.00016608400568163714
0.00016608400568164476
0.00016608400568163717
0.00016608400568163714
0.00016608400568164476
0.00016608400568163717
0.00016608400568163714
0.00016608400568164476
0.00016608400568163717
0.00016608400568163714
0.00016608400568164476
0.00016608400568163717
0.00016608400568163714
0.00016608400568164476
0.00016608400568163717
0.00016608400568163714
0.00016608400568164476
0.00016608400568163717
0.00016608400568163714
0.00016608400568164476
0.00016608400568163717
0.00016608400568163714
0.00016608400568164476
0.00016608400568163717
0.00016608400568163714
0.00016608400568164476
0.00016608400568163717
0.00016608400568163874
0.00016608400568163874
0.00016608400568163874
0.00016608400568163874
0.00016608400568163874
0.00016608400568163874
0.00016608400568163668
0.0001660840056816379
0.00016608400568163668
0.00016608400568163883
0.00016608400568163668
0.0001660840056816379
0.00016608400568163668
0.00016608400568163761
0.00016608400568164005
0.00016608400568163861
0.00016608400568163761
0.00016608400568163761
0.00016608400568164005
0.00016608400568163761
0.00016608400568163761
0.00016608400568163761
0.00016608400568164005
0.00016608400568163761
0.00016608400568163761
0.00016608400568163861
0.00016608400568164005
0.0001660840056816362
0.00016608400568164005
0.00016608400568164005
0.0001660840056816362
0.00016608400568164005
0.00016608400568164005
0.0001660840056816362
0.00016608400568164005
0.00016608400568163809
0.00016608400568164005
0.00016608400568164005
0.00016608400568163809
0.00016608400568164005
0.00016608400568164005
0.00016608400568163809
0.00016608400568164005
0.0001660840056816362
0.00016608400568164005
0.00016608400568164005
0.0001660840056816362
0.00016608400568164005
0.0001660840056816362
0.00016608400568164005
0.00016608400568164005
0.0001660840056816362
0.00016608400568163809
0.00016608400568164005
0.0001660840056816362
0.00016608400568163809
0.00016608400568164005
0.0001660840056816362
0.00016608400568163809
0.00016608400568164005
0.0001660840056816362
0.00016608400568163809
0.00016608400568164005
0.0001660840056816362
0.00016608400568163809
0.00016608400568164005
0.0001660840056816362
0.00016608400568163809
0.0001660840056816362
0.00016608400568164005
0.00016608400568163809
0.00016608400568163809
0.00016608400568164005
0.00016608400568163809
0.00016608400568163809
0.00016608400568164005
0.00016608400568163809
0.00016608400568163809
0.00016608400568164005
0.00016608400568163809
0.00016608400568163809
0.00016608400568164005
0.00016608400568163809
0.00016608400568163809
0.00016608400568163809
0.00016608400568164005
0.00016608400568163809
0.00016608400568163809
0.00016608400568164005
0.00016608400568163809
0.00016608400568163809
0.00016608400568164005
0.00016608400568163809
0.00016608400568163809
0.00016608400568164005
0.00016608400568163809
0.00016608400568163809
0.0001660840056816362
0.00016608400568164005
0.00016608400568163809
0.0001660840056816362
0.00016608400568164005
0.00016608400568164005
0.00016608400568163717
0.00016608400568164005
0.00016608400568163717
0.00016608400568164005
0.00016608400568164005
0.00016608400568163717
0.00016608400568164005
0.00016608400568164005
0.00016608400568163717
0.00016608400568164005
0.00016608400568164005
0.00016608400568163717
0.00016608400568164005
0.00016608400568164005
0.00016608400568163717
0.00016608400568164005
0.00016608400568164005
0.00016608400568163717
0.00016608400568164005
0.00016608400568164005
0.00016608400568163717
0.00016608400568164005
0.00016608400568164005
0.00016608400568163717
0.00016608400568164005
0.00016608400568164005
0.00016608400568163717
0.00016608400568164005
0.00016608400568164005
0.00016608400568163717
0.00016608400568164005
0.00016608400568164005
0.00016608400568163717
0.00016608400568164005
0.00016608400568163717
0.00016608400568164005
0.00016608400568164005
0.00016608400568163717
0.00016608400568164005
0.00016608400568164005
0.00016608400568163717
0.00016608400568164005
0.00016608400568164005
0.00016608400568163717
0.00016608400568164005
0.00016608400568164005
0.00016608400568163717
0.00016608400568164005
0.00016608400568164005
0.00016608400568163717
0.00016608400568164005
0.00016608400568164005
0.00016608400568163717
0.00016608400568164005
0.00016608400568164005
0.00016608400568163717
0.00016608400568164005
0.00016608400568164005
0.00016608400568163717
0.00016608400568164005
0.00016608400568164005
0.00016608400568163717
0.00016608400568164005
0.00016608400568163717
0.00016608400568164005
0.00016608400568164005
0.00016608400568163717
0.00016608400568164005
0.00016608400568164005
0.00016608400568163717
0.00016608400568164005
0.00016608400568164005
0.00016608400568163717
0.00016608400568164005
0.00016608400568164005
0.00016608400568163717
0.00016608400568164005
0.00016608400568164005
0.00016608400568163717
0.00016608400568164005
0.00016608400568164005
0.00016608400568163717
0.00016608400568164005
0.00016608400568164005
0.00016608400568163717
0.00016608400568164005
0.00016608400568164005
0.00016608400568163717
0.00016608400568164005
0.00016608400568164005
0.00016608400568163717
0.00016608400568164005
0.00016608400568163717
0.00016608400568164005
0.00016608400568164005
0.00016608400568163717
0.00016608400568164005
0.00016608400568164005
0.00016608400568163717
0.00016608400568164005
0.00016608400568164005
0.00016608400568163717
0.00016608400568164286
0.0001660840056816343
0.0001660840056816343
0.00016608400568164286
0.0001660840056816343
0.0001660840056816343
0.0001660840056816343
0.00016608400568164286
0.0001660840056816343
0.0001660840056816343
0.00016608400568164286
0.0001660840056816343
0.0001660840056816343
0.00016608400568164286
0.0001660840056816343
0.0001660840056816343
0.00016608400568164286
0.0001660840056816343
0.0001660840056816343
0.00016608400568164286
0.0001660840056816343
0.0001660840056816343
0.00016608400568164286
0.0001660840056816343
0.0001660840056816343
0.00016608400568164286
0.0001660840056816343
0.0001660840056816343
0.00016608400568164286
0.0001660840056816343
0.0001660840056816343
0.00016608400568164286
0.0001660840056816343
0.0001660840056816343
0.00016608400568164286
0.0001660840056816343
0.00016608400568163874
0.00016608400568163874
0.00016608400568163874
0.00016608400568163874
0.00016608400568163874
0.00016608400568163874
0.00016608400568163956
0.00016608400568163883
0.00016608400568163956
0.0001660840056816398
0.00016608400568163956
0.00016608400568163883
0.00016608400568163956
0.00016608400568163861
0.00016608400568163907
0.00016608400568163956
0.00016608400568163861
0.00016608400568163861
0.00016608400568163907
0.00016608400568163861
0.00016608400568163861
0.00016608400568163861
0.00016608400568163907
0.00016608400568163861
0.00016608400568163861
0.00016608400568163956
0.00016608400568163809
0.00016608400568164005
0.00016608400568163809
0.00016608400568163809
0.00016608400568164005
0.00016608400568163809
0.00016608400568163809
0.00016608400568164005
0.00016608400568163809
0.00016608400568164005
0.00016608400568163809
0.00016608400568163809
0.00016608400568164005
0.00016608400568163809
0.00016608400568163809
0.00016608400568164005
0.00016608400568163809
0.00016608400568164005
0.00016608400568163809
0.00016608400568163809
0.00016608400568164005
0.00016608400568163809
0.00016608400568164005
0.00016608400568163809
0.00016608400568163809
0.00016608400568164005
0.00016608400568164005
0.00016608400568164097
0.00016608400568164005
0.00016608400568164005
0.00016608400568164097
0.00016608400568164005
0.00016608400568164005
0.00016608400568164097
0.00016608400568164005
0.00016608400568164005
0.00016608400568164097
0.00016608400568164005
0.00016608400568164005
0.00016608400568164097
0.00016608400568164005
0.00016608400568164005
0.00016608400568164005
0.00016608400568164097
0.00016608400568164005
0.00016608400568164005
0.00016608400568164097
0.00016608400568164005
0.00016608400568164005
0.00016608400568164097
0.00016608400568164005
0.00016608400568164005
0.00016608400568164097
0.00016608400568164005
0.00016608400568164005
0.00016608400568164097
0.00016608400568164005
0.00016608400568164005
0.00016608400568164005
0.00016608400568164097
0.00016608400568164005
0.00016608400568164005
0.00016608400568164097
0.00016608400568164005
0.00016608400568164005
0.00016608400568164097
0.00016608400568164005
0.00016608400568164005
0.00016608400568164097
0.00016608400568164005
0.00016608400568164005
0.00016608400568164005
0.00016608400568164097
0.00016608400568164005
0.00016608400568164005
0.00016608400568164097
0.00016608400568164097
0.00016608400568163622
0.00016608400568164005
0.00016608400568163622
0.00016608400568164097
0.00016608400568164005
0.00016608400568163622
0.00016608400568164097
0.00016608400568164005
0.00016608400568163622
0.00016608400568164097
0.00016608400568164005
0.00016608400568163622
0.00016608400568164097
0.00016608400568164005
0.00016608400568163622
0.00016608400568164097
0.00016608400568164005
0.00016608400568163622
0.00016608400568164097
0.00016608400568164005
0.00016608400568163622
0.00016608400568164097
0.00016608400568164005
0.00016608400568163622
0.00016608400568164097
0.00016608400568164005
0.00016608400568163622
0.00016608400568164097
0.00016608400568164005
0.00016608400568163622
0.00016608400568164097
0.00016608400568164005
0.00016608400568163622
0.00016608400568164097
0.00016608400568163622
0.00016608400568164005
0.00016608400568164097
0.00016608400568163622
0.00016608400568164005
0.00016608400568164097
0.00016608400568163622
0.00016608400568164005
0.00016608400568164097
0.00016608400568163622
0.00016608400568164005
0.00016608400568164097
0.00016608400568163622
0.00016608400568164005
0.00016608400568164097
0.00016608400568163622
0.00016608400568164005
0.00016608400568164097
0.00016608400568163622
0.00016608400568164005
0.00016608400568164097
0.00016608400568163622
0.00016608400568164005
0.00016608400568164097
0.00016608400568163622
0.00016608400568164005
0.00016608400568164097
0.00016608400568163622
0.00016608400568164005
0.00016608400568163622
0.00016608400568164005
0.00016608400568164005
0.00016608400568163622
0.00016608400568164005
0.00016608400568164005
0.00016608400568163622
0.00016608400568164005
0.00016608400568164005
0.00016608400568163622
0.00016608400568164005
0.00016608400568164005
0.00016608400568163622
0.00016608400568164005
0.00016608400568164005
0.00016608400568163622
0.00016608400568164005
0.00016608400568164005
0.00016608400568163622
0.00016608400568164005
0.00016608400568164005
0.00016608400568163622
0.00016608400568164005
0.00016608400568164005
0.00016608400568163622
0.00016608400568164005
0.00016608400568164005
0.00016608400568163622
0.00016608400568164005
0.00016608400568163622
0.00016608400568164005
0.00016608400568164005
0.00016608400568163622
0.00016608400568164005
0.00016608400568164005
0.00016608400568163622
0.00016608400568164005
0.00016608400568164005
0.00016608400568163622
0.00016608400568164379
0.00016608400568163717
0.00016608400568163717
0.00016608400568164379
0.00016608400568163717
0.00016608400568163717
0.00016608400568163717
0.00016608400568164379
0.00016608400568163717
0.00016608400568163717
0.00016608400568164379
0.00016608400568163717
0.00016608400568163717
0.00016608400568164379
0.00016608400568163717
0.00016608400568163717
0.00016608400568164379
0.00016608400568163717
0.00016608400568163717
0.00016608400568164379
0.00016608400568163717
0.00016608400568163717
0.00016608400568164379
0.00016608400568163717
0.00016608400568163717
0.00016608400568164379
0.00016608400568163717
0.00016608400568163717
0.00016608400568164379
0.00016608400568163717
0.00016608400568163717
0.00016608400568164379
0.00016608400568163717
0.00016608400568163717
0.00016608400568164379
0.00016608400568163717
0.00016608400568163967
0.00016608400568163967
0.00016608400568163874
0.00016608400568163874
0.00016608400568163874
0.00016608400568163874
0.00016608400568163861
0.00016608400568163883
0.00016608400568163861
0.0001660840056816379
0.00016608400568163861
0.00016608400568163883
0.00016608400568163861
0.00016608400568163861
0.00016608400568163907
0.00016608400568163761
0.00016608400568163861
0.00016608400568163861
0.00016608400568163907
0.00016608400568163861
0.00016608400568163861
0.00016608400568163861
0.00016608400568163907
0.00016608400568163861
0.00016608400568163861
0.00016608400568163761
0.00016608400568164005
0.00016608400568163809
0.00016608400568164005
0.00016608400568164005
0.00016608400568163809
0.00016608400568164005
0.00016608400568164005
0.00016608400568163809
0.00016608400568164005
0.00016608400568163809
0.00016608400568164005
0.00016608400568164005
0.00016608400568163809
0.00016608400568164005
0.00016608400568164005
0.00016608400568163809
0.00016608400568164005
0.00016608400568163809
0.00016608400568164005
0.00016608400568164005
0.00016608400568163809
0.00016608400568164005
0.00016608400568163809
0.00016608400568164005
0.00016608400568164005
0.00016608400568163809
0.00016608400568163809
0.00016608400568163999
0.00016608400568163809
0.00016608400568163809
0.00016608400568163999
0.00016608400568163809
0.00016608400568163809
0.00016608400568163999
0.00016608400568163809
0.00016608400568163809
0.00016608400568163999
0.00016608400568163809
0.00016608400568163809
0.00016608400568163999
0.00016608400568163809
0.00016608400568163809
0.00016608400568163809
0.00016608400568163999
0.00016608400568163809
0.00016608400568163809
0.00016608400568163999
0.00016608400568163809
0.00016608400568163809
0.00016608400568163999
0.00016608400568163809
0.00016608400568163809
0.00016608400568163999
0.00016608400568163809
0.00016608400568163809
0.00016608400568163999
0.00016608400568163809
0.00016608400568163809
0.00016608400568163809
0.00016608400568163999
0.00016608400568163809
0.00016608400568163809
0.00016608400568163999
0.00016608400568163809
0.00016608400568163809
0.00016608400568163999
0.00016608400568163809
0.00016608400568163809
0.00016608400568163999
0.00016608400568163809
0.00016608400568163809
0.00016608400568163809
0.00016608400568163999
0.00016608400568163809
0.00016608400568163809
0.00016608400568163999
0.00016608400568163999
0.00016608400568163717
0.00016608400568164189
0.00016608400568163717
0.00016608400568164097
0.00016608400568164189
0.00016608400568163717
0.00016608400568164097
0.00016608400568164189
0.00016608400568163717
0.00016608400568164097
0.00016608400568164189
0.00016608400568163717
0.00016608400568164097
0.00016608400568164189
0.00016608400568163717
0.00016608400568164097
0.00016608400568164189
0.00016608400568163717
0.00016608400568164097
0.00016608400568164189
0.00016608400568163717
0.00016608400568164097
0.00016608400568164189
0.00016608400568163717
0.00016608400568164097
0.00016608400568164189
0.00016608400568163717
0.00016608400568164097
0.00016608400568164189
0.00016608400568163717
0.00016608400568164097
0.00016608400568164189
0.00016608400568163717
0.00016608400568164097
0.00016608400568163717
0.00016608400568164189
0.00016608400568164097
0.00016608400568163717
0.00016608400568164189
0.00016608400568164097
0.00016608400568163717
0.00016608400568164189
0.00016608400568164097
0.00016608400568163717
0.00016608400568164189
0.00016608400568164097
0.00016608400568163717
0.00016608400568164189
0.00016608400568164097
0.00016608400568163717
0.00016608400568164189
0.00016608400568164097
0.00016608400568163717
0.00016608400568164189
0.00016608400568164097
0.00016608400568163717
0.00016608400568164189
0.00016608400568164097
0.00016608400568163717
0.00016608400568164189
0.00016608400568164097
0.00016608400568163717
0.00016608400568164189
0.00016608400568163717
0.00016608400568164189
0.00016608400568164189
0.00016608400568163717
0.00016608400568164189
0.00016608400568164189
0.00016608400568163717
0.00016608400568164189
0.00016608400568164189
0.00016608400568163717
0.00016608400568164189
0.00016608400568164189
0.00016608400568163717
0.00016608400568164189
0.00016608400568164189
0.00016608400568163717
0.00016608400568164189
0.00016608400568164189
0.00016608400568163717
0.00016608400568164189
0.00016608400568164189
0.00016608400568163717
0.00016608400568164189
0.00016608400568164189
0.00016608400568163717
0.00016608400568164189
0.00016608400568164189
0.00016608400568163717
0.00016608400568164189
0.00016608400568163717
0.00016608400568164189
0.00016608400568164189
0.00016608400568163717
0.00016608400568164189
0.00016608400568164189
0.00016608400568163717
0.00016608400568164189
0.00016608400568164189
0.00016608400568163717
0.00016608400568164379
0.0001660840056816362
0.00016608400568163622
0.00016608400568164379
0.0001660840056816362
0.00016608400568163622
0.0001660840056816362
0.00016608400568164379
0.00016608400568163622
0.0001660840056816362
0.00016608400568164379
0.00016608400568163622
0.0001660840056816362
0.00016608400568164379
0.00016608400568163622
0.0001660840056816362
0.00016608400568164379
0.00016608400568163622
0.0001660840056816362
0.00016608400568164379
0.00016608400568163622
0.0001660840056816362
0.00016608400568164379
0.00016608400568163622
0.0001660840056816362
0.00016608400568164379
0.00016608400568163622
0.0001660840056816362
0.00016608400568164379
0.00016608400568163622
0.0001660840056816362
0.00016608400568164379
0.00016608400568163622
0.0001660840056816362
0.00016608400568164379
0.00016608400568163622
0.00016608400568163777
0.00016608400568163777
0.00016608400568163874
0.00016608400568163777
0.00016608400568163874
0.00016608400568163874
0.00016608400568163861
0.00016608400568164075
0.00016608400568163861
0.00016608400568163883
0.00016608400568163861
0.00016608400568164075
0.00016608400568163861
0.00016608400568163956
0.00016608400568163907
0.00016608400568163861
0.00016608400568163956
0.00016608400568163956
0.00016608400568163907
0.00016608400568163956
0.00016608400568163956
0.00016608400568163956
0.00016608400568163907
0.00016608400568163956
0.00016608400568163956
0.00016608400568163861
0.00016608400568163809
0.00016608400568163714
0.00016608400568163907
0.00016608400568163809
0.00016608400568163714
0.00016608400568163907
0.00016608400568163809
0.00016608400568163714
0.00016608400568163907
0.00016608400568163714
0.00016608400568163809
0.00016608400568163907
0.00016608400568163714
0.00016608400568163809
0.00016608400568163907
0.00016608400568163714
0.00016608400568163809
0.00016608400568163714
0.00016608400568163907
0.00016608400568163809
0.00016608400568163714
0.00016608400568163907
0.00016608400568163714
0.00016608400568163809
0.00016608400568163907
0.00016608400568163714
0.00016608400568163714
0.00016608400568163907
0.00016608400568163714
0.00016608400568163714
0.00016608400568163907
0.00016608400568163714
0.00016608400568163714
0.00016608400568163907
0.00016608400568163714
0.00016608400568163714
0.00016608400568163907
0.00016608400568163714
0.00016608400568163714
0.00016608400568163907
0.00016608400568163714
0.00016608400568163714
0.00016608400568163714
0.00016608400568163907
0.00016608400568163714
0.00016608400568163714
0.00016608400568163907
0.00016608400568163714
0.00016608400568163714
0.00016608400568163907
0.00016608400568163714
0.00016608400568163714
0.00016608400568163907
0.00016608400568163714
0.00016608400568163714
0.00016608400568163907
0.00016608400568163714
0.00016608400568163714
0.00016608400568163714
0.00016608400568163907
0.00016608400568163714
0.00016608400568163714
0.00016608400568163907
0.00016608400568163714
0.00016608400568163714
0.00016608400568163907
0.00016608400568163714
0.00016608400568163714
0.00016608400568163907
0.00016608400568163714
0.00016608400568163714
0.00016608400568163714
0.00016608400568163907
0.00016608400568163714
0.00016608400568163714
0.00016608400568163907
0.00016608400568163907
0.00016608400568163525
0.00016608400568163712
0.00016608400568163525
0.00016608400568163809
0.00016608400568163712
0.00016608400568163525
0.00016608400568163809
0.00016608400568163712
0.00016608400568163525
0.00016608400568163809
0.00016608400568163712
0.00016608400568163525
0.00016608400568163809
0.00016608400568163712
0.00016608400568163525
0.00016608400568163809
0.00016608400568163712
0.00016608400568163525
0.00016608400568163809
0.00016608400568163712
0.00016608400568163525
0.00016608400568163809
0.00016608400568163712
0.00016608400568163525
0.00016608400568163809
0.00016608400568163712
0.00016608400568163525
0.00016608400568163809
0.00016608400568163712
0.00016608400568163525
0.00016608400568163809
0.00016608400568163712
0.00016608400568163525
0.00016608400568163809
0.00016608400568163525
0.00016608400568163712
0.00016608400568163809
0.00016608400568163525
0.00016608400568163712
0.00016608400568163809
0.00016608400568163525
0.00016608400568163712
0.00016608400568163809
0.00016608400568163525
0.00016608400568163712
0.00016608400568163809
0.00016608400568163525
0.00016608400568163712
0.00016608400568163809
0.00016608400568163525
0.00016608400568163712
0.00016608400568163809
0.00016608400568163525
0.00016608400568163712
0.00016608400568163809
0.00016608400568163525
0.00016608400568163712
0.00016608400568163809
0.00016608400568163525
0.00016608400568163712
0.00016608400568163809
0.00016608400568163525
0.00016608400568163712
0.00016608400568163525
0.00016608400568163712
0.00016608400568163712
0.00016608400568163525
0.00016608400568163712
0.00016608400568163712
0.00016608400568163525
0.00016608400568163712
0.00016608400568163712
0.00016608400568163525
0.00016608400568163712
0.00016608400568163712
0.00016608400568163525
0.00016608400568163712
0.00016608400568163712
0.00016608400568163525
0.00016608400568163712
0.00016608400568163712
0.00016608400568163525
0.00016608400568163712
0.00016608400568163712
0.00016608400568163525
0.00016608400568163712
0.00016608400568163712
0.00016608400568163525
0.00016608400568163712
0.00016608400568163712
0.00016608400568163525
0.00016608400568163712
0.00016608400568163525
0.00016608400568163712
0.00016608400568163712
0.00016608400568163525
0.00016608400568163712
0.00016608400568163712
0.00016608400568163525
0.00016608400568163712
0.00016608400568163712
0.00016608400568163525
0.00016608400568164379
0.0001660840056816362
0.00016608400568163622
0.00016608400568164379
0.0001660840056816362
0.00016608400568163622
0.0001660840056816362
0.00016608400568164379
0.00016608400568163622
0.0001660840056816362
0.00016608400568164379
0.00016608400568163622
0.0001660840056816362
0.00016608400568164379
0.00016608400568163622
0.0001660840056816362
0.00016608400568164379
0.00016608400568163622
0.0001660840056816362
0.00016608400568164379
0.00016608400568163622
0.0001660840056816362
0.00016608400568164379
0.00016608400568163622
0.0001660840056816362
0.00016608400568164379
0.00016608400568163622
0.0001660840056816362
0.00016608400568164379
0.00016608400568163622
0.0001660840056816362
0.00016608400568164379
0.00016608400568163622
0.0001660840056816362
0.00016608400568164379
0.00016608400568163622
0.00016608400568163777
0.00016608400568163777
0.00016608400568163874
0.00016608400568163967
0.00016608400568163874
0.00016608400568163874
0.00016608400568163861
0.0001660840056816379
0.00016608400568163861
0.0001660840056816398
0.00016608400568163861
0.0001660840056816379
0.00016608400568163861
0.00016608400568163668
0.00016608400568164005
0.00016608400568163761
0.00016608400568163668
0.00016608400568163668
0.00016608400568164005
0.00016608400568163668
0.00016608400568163668
0.00016608400568163668
0.00016608400568164005
0.00016608400568163668
0.00016608400568163668
0.00016608400568163761
0.00016608400568164005
0.00016608400568163815
0.00016608400568163907
0.00016608400568164005
0.00016608400568163815
0.00016608400568163907
0.00016608400568164005
0.00016608400568163815
0.00016608400568163907
0.00016608400568163815
0.00016608400568164005
0.00016608400568163907
0.00016608400568163815
0.00016608400568164005
0.00016608400568163907
0.00016608400568163815
0.00016608400568164005
0.00016608400568163815
0.00016608400568163907
0.00016608400568164005
0.00016608400568163815
0.00016608400568163907
0.00016608400568163815
0.00016608400568164005
0.00016608400568163907
0.00016608400568163815
0.00016608400568163815
0.00016608400568164005
0.00016608400568163815
0.00016608400568163815
0.00016608400568164005
0.00016608400568163815
0.00016608400568163815
0.00016608400568164005
0.00016608400568163815
0.00016608400568163815
0.00016608400568164005
0.00016608400568163815
0.00016608400568163815
0.00016608400568164005
0.00016608400568163815
0.00016608400568163815
0.00016608400568163815
0.00016608400568164005
0.00016608400568163815
0.00016608400568163815
0.00016608400568164005
0.00016608400568163815
0.00016608400568163815
0.00016608400568164005
0.00016608400568163815
0.00016608400568163815
0.00016608400568164005
0.00016608400568163815
0.00016608400568163815
0.00016608400568164005
0.00016608400568163815
0.00016608400568163815
0.00016608400568163815
0.00016608400568164005
0.00016608400568163815
0.00016608400568163815
0.00016608400568164005
0.00016608400568163815
0.00016608400568163815
0.00016608400568164005
0.00016608400568163815
0.00016608400568163815
0.00016608400568164005
0.00016608400568163815
0.00016608400568163815
0.00016608400568163815
0.00016608400568164005
0.00016608400568163815
0.00016608400568163815
0.00016608400568164005
0.00016608400568164005
0.00016608400568163622
0.00016608400568164189
0.00016608400568163622
0.00016608400568164097
0.00016608400568164189
0.00016608400568163622
0.00016608400568164097
0.00016608400568164189
0.00016608400568163622
0.00016608400568164097
0.00016608400568164189
0.00016608400568163622
0.00016608400568164097
0.00016608400568164189
0.00016608400568163622
0.00016608400568164097
0.00016608400568164189
0.00016608400568163622
0.00016608400568164097
0.00016608400568164189
0.00016608400568163622
0.00016608400568164097
0.00016608400568164189
0.00016608400568163622
0.00016608400568164097
0.00016608400568164189
0.00016608400568163622
0.00016608400568164097
0.00016608400568164189
0.00016608400568163622
0.00016608400568164097
0.00016608400568164189
0.00016608400568163622
0.00016608400568164097
0.00016608400568163622
0.00016608400568164189
0.00016608400568164097
0.00016608400568163622
0.00016608400568164189
0.00016608400568164097
0.00016608400568163622
0.00016608400568164189
0.00016608400568164097
0.00016608400568163622
0.00016608400568164189
0.00016608400568164097
0.00016608400568163622
0.00016608400568164189
0.00016608400568164097
0.00016608400568163622
0.00016608400568164189
0.00016608400568164097
0.00016608400568163622
0.00016608400568164189
0.00016608400568164097
0.00016608400568163622
0.00016608400568164189
0.00016608400568164097
0.00016608400568163622
0.00016608400568164189
0.00016608400568164097
0.00016608400568163622
0.00016608400568164189
0.00016608400568163622
0.00016608400568164189
0.00016608400568164189
0.00016608400568163622
0.00016608400568164189
0.00016608400568164189
0.00016608400568163622
0.00016608400568164189
0.00016608400568164189
0.00016608400568163622
0.00016608400568164189
0.00016608400568164189
0.00016608400568163622
0.00016608400568164189
0.00016608400568164189
0.00016608400568163622
0.00016608400568164189
0.00016608400568164189
0.00016608400568163622
0.00016608400568164189
0.00016608400568164189
0.00016608400568163622
0.00016608400568164189
0.00016608400568164189
0.00016608400568163622
0.00016608400568164189
0.00016608400568164189
0.00016608400568163622
0.00016608400568164189
0.00016608400568163622
0.00016608400568164189
0.00016608400568164189
0.00016608400568163622
0.00016608400568164189
0.00016608400568164189
0.00016608400568163622
0.00016608400568164189
0.00016608400568164189
0.00016608400568163622
0.00016608400568164476
0.00016608400568163525
0.00016608400568163525
0.00016608400568164476
0.00016608400568163525
0.00016608400568163525
0.00016608400568163525
0.00016608400568164476
0.00016608400568163525
0.00016608400568163525
0.00016608400568164476
0.00016608400568163525
0.00016608400568163525
0.00016608400568164476
0.00016608400568163525
0.00016608400568163525
0.00016608400568164476
0.00016608400568163525
0.00016608400568163525
0.00016608400568164476
0.00016608400568163525
0.00016608400568163525
0.00016608400568164476
0.00016608400568163525
0.00016608400568163525
0.00016608400568164476
0.00016608400568163525
0.00016608400568163525
0.00016608400568164476
0.00016608400568163525
0.00016608400568163525
0.00016608400568164476
0.00016608400568163525
0.00016608400568163525
0.00016608400568164476
0.00016608400568163525
0.00016608400568163872
0.00016608400568163872
0.00016608400568163777
0.00016608400568163777
0.00016608400568163777
0.00016608400568163777
0.00016608400568163861
0.00016608400568163883
0.00016608400568163861
0.0001660840056816379
0.00016608400568163861
0.00016608400568163883
0.00016608400568163861
0.00016608400568163956
0.00016608400568163809
0.00016608400568163956
0.00016608400568163956
0.00016608400568163956
0.00016608400568163809
0.00016608400568163956
0.00016608400568163956
0.00016608400568163956
0.00016608400568163809
0.00016608400568163956
0.00016608400568163956
0.00016608400568163956
0.00016608400568163907
0.00016608400568163815
0.00016608400568163714
0.00016608400568163907
0.00016608400568163815
0.00016608400568163714
0.00016608400568163907
0.00016608400568163815
0.00016608400568163714
0.00016608400568163815
0.00016608400568163907
0.00016608400568163714
0.00016608400568163815
0.00016608400568163907
0.00016608400568163714
0.00016608400568163815
0.00016608400568163907
0.00016608400568163815
0.00016608400568163714
0.00016608400568163907
0.00016608400568163815
0.00016608400568163714
0.00016608400568163815
0.00016608400568163907
0.00016608400568163714
0.00016608400568163815
0.00016608400568163815
0.00016608400568164005
0.00016608400568163815
0.00016608400568163815
0.00016608400568164005
0.00016608400568163815
0.00016608400568163815
0.00016608400568164005
0.00016608400568163815
0.00016608400568163815
0.00016608400568164005
0.00016608400568163815
0.00016608400568163815
0.00016608400568164005
0.00016608400568163815
0.00016608400568163815
0.00016608400568163815
0.00016608400568164005
0.00016608400568163815
0.00016608400568163815
0.00016608400568164005
0.00016608400568163815
0.00016608400568163815
0.00016608400568164005
0.00016608400568163815
0.00016608400568163815
0.00016608400568164005
0.00016608400568163815
0.00016608400568163815
0.00016608400568164005
0.00016608400568163815
0.00016608400568163815
0.00016608400568163815
0.00016608400568164005
0.00016608400568163815
0.00016608400568163815
0.00016608400568164005
0.00016608400568163815
0.00016608400568163815
0.00016608400568164005
0.00016608400568163815
0.00016608400568163815
0.00016608400568164005
0.00016608400568163815
0.00016608400568163815
0.00016608400568163815
0.00016608400568164005
0.00016608400568163815
0.00016608400568163815
0.00016608400568164005
0.00016608400568164005
0.00016608400568163622
0.00016608400568163807
0.00016608400568163622
0.00016608400568163999
0.00016608400568163807
0.00016608400568163622
0.00016608400568163999
0.00016608400568163807
0.00016608400568163622
0.00016608400568163999
0.00016608400568163807
0.00016608400568163622
0.00016608400568163999
0.00016608400568163807
0.00016608400568163622
0.00016608400568163999
0.00016608400568163807
0.00016608400568163622
0.00016608400568163999
0.00016608400568163807
0.00016608400568163622
0.00016608400568163999
0.00016608400568163807
0.00016608400568163622
0.00016608400568163999
0.00016608400568163807
0.00016608400568163622
0.00016608400568163999
0.00016608400568163807
0.00016608400568163622
0.00016608400568163999
0.00016608400568163807
0.00016608400568163622
0.00016608400568163999
0.00016608400568163622
0.00016608400568163807
0.00016608400568163999
0.00016608400568163622
0.00016608400568163807
0.00016608400568163999
0.00016608400568163622
0.00016608400568163807
0.00016608400568163999
0.00016608400568163622
0.00016608400568163807
0.00016608400568163999
0.00016608400568163622
0.00016608400568163807
0.00016608400568163999
0.00016608400568163622
0.00016608400568163807
0.00016608400568163999
0.00016608400568163622
0.00016608400568163807
0.00016608400568163999
0.00016608400568163622
0.00016608400568163807
0.00016608400568163999
0.00016608400568163622
0.00016608400568163807
0.00016608400568163999
0.00016608400568163622
0.00016608400568163807
0.00016608400568163622
0.00016608400568163807
0.00016608400568163807
0.00016608400568163622
0.00016608400568163807
0.00016608400568163807
0.00016608400568163622
0.00016608400568163807
0.00016608400568163807
0.00016608400568163622
0.00016608400568163807
0.00016608400568163807
0.00016608400568163622
0.00016608400568163807
0.00016608400568163807
0.00016608400568163622
0.00016608400568163807
0.00016608400568163807
0.00016608400568163622
0.00016608400568163807
0.00016608400568163807
0.00016608400568163622
0.00016608400568163807
0.00016608400568163807
0.00016608400568163622
0.00016608400568163807
0.00016608400568163807
0.00016608400568163622
0.00016608400568163807
0.00016608400568163622
0.00016608400568163807
0.00016608400568163807
0.00016608400568163622
0.00016608400568163807
0.00016608400568163807
0.00016608400568163622
0.00016608400568163807
0.00016608400568163807
0.00016608400568163622
0.00016608400568164286
0.00016608400568163717
0.00016608400568163717
0.00016608400568164286
0.00016608400568163717
0.00016608400568163717
0.00016608400568163717
0.00016608400568164286
0.00016608400568163717
0.00016608400568163717
0.00016608400568164286
0.00016608400568163717
0.00016608400568163717
0.00016608400568164286
0.00016608400568163717
0.00016608400568163717
0.00016608400568164286
0.00016608400568163717
0.00016608400568163717
0.00016608400568164286
0.00016608400568163717
0.00016608400568163717
0.00016608400568164286
0.00016608400568163717
0.00016608400568163717
0.00016608400568164286
0.00016608400568163717
0.00016608400568163717
0.00016608400568164286
0.00016608400568163717
0.00016608400568163717
0.00016608400568164286
0.00016608400568163717
0.00016608400568163717
0.00016608400568164286
0.00016608400568163717
0.00016608400568163967
0.00016608400568163967
0.00016608400568164061
0.00016608400568164061
0.00016608400568164061
0.00016608400568164061
0.00016608400568163861
0.00016608400568163883
0.00016608400568163861
0.0001660840056816398
0.00016608400568163861
0.00016608400568163883
0.00016608400568163861
0.00016608400568163861
0.00016608400568163907
0.00016608400568163861
0.00016608400568163861
0.00016608400568163861
0.00016608400568163907
0.00016608400568163861
0.00016608400568163861
0.00016608400568163861
0.00016608400568163907
0.00016608400568163861
0.00016608400568163861
0.00016608400568163861
0.00016608400568163809
0.00016608400568163815
0.00016608400568164194
0.00016608400568163809
0.00016608400568163815
0.00016608400568164194
0.00016608400568163809
0.00016608400568163815
0.00016608400568164194
0.00016608400568163815
0.00016608400568163809
0.00016608400568164194
0.00016608400568163815
0.00016608400568163809
0.00016608400568164194
0.00016608400568163815
0.00016608400568163809
0.00016608400568163815
0.00016608400568164194
0.00016608400568163809
0.00016608400568163815
0.00016608400568164194
0.00016608400568163815
0.00016608400568163809
0.00016608400568164194
0.00016608400568163815
0.00016608400568163815
0.00016608400568164097
0.00016608400568163815
0.00016608400568163815
0.00016608400568164097
0.00016608400568163815
0.00016608400568163815
0.00016608400568164097
0.00016608400568163815
0.00016608400568163815
0.00016608400568164097
0.00016608400568163815
0.00016608400568163815
0.00016608400568164097
0.00016608400568163815
0.00016608400568163815
0.00016608400568163815
0.00016608400568164097
0.00016608400568163815
0.00016608400568163815
0.00016608400568164097
0.00016608400568163815
0.00016608400568163815
0.00016608400568164097
0.00016608400568163815
0.00016608400568163815
0.00016608400568164097
0.00016608400568163815
0.00016608400568163815
0.00016608400568164097
0.00016608400568163815
0.00016608400568163815
0.00016608400568163815
0.00016608400568164097
0.00016608400568163815
0.00016608400568163815
0.00016608400568164097
0.00016608400568163815
0.00016608400568163815
0.00016608400568164097
0.00016608400568163815
0.00016608400568163815
0.00016608400568164097
0.00016608400568163815
0.00016608400568163815
0.00016608400568163815
0.00016608400568164097
0.00016608400568163815
0.00016608400568163815
0.00016608400568164097
0.00016608400568164097
0.00016608400568163815
0.00016608400568164097
0.00016608400568163815
0.00016608400568163907
0.00016608400568164097
0.00016608400568163815
0.00016608400568163907
0.00016608400568164097
0.00016608400568163815
0.00016608400568163907
0.00016608400568164097
0.00016608400568163815
0.00016608400568163907
0.00016608400568164097
0.00016608400568163815
0.00016608400568163907
0.00016608400568164097
0.00016608400568163815
0.00016608400568163907
0.00016608400568164097
0.00016608400568163815
0.00016608400568163907
0.00016608400568164097
0.00016608400568163815
0.00016608400568163907
0.00016608400568164097
0.00016608400568163815
0.00016608400568163907
0.00016608400568164097
0.00016608400568163815
0.00016608400568163907
0.00016608400568164097
0.00016608400568163815
0.00016608400568163907
0.00016608400568163815
0.00016608400568164097
0.00016608400568163907
0.00016608400568163815
0.00016608400568164097
0.00016608400568163907
0.00016608400568163815
0.00016608400568164097
0.00016608400568163907
0.00016608400568163815
0.00016608400568164097
0.00016608400568163907
0.00016608400568163815
0.00016608400568164097
0.00016608400568163907
0.00016608400568163815
0.00016608400568164097
0.00016608400568163907
0.00016608400568163815
0.00016608400568164097
0.00016608400568163907
0.00016608400568163815
0.00016608400568164097
0.00016608400568163907
0.00016608400568163815
0.00016608400568164097
0.00016608400568163907
0.00016608400568163815
0.00016608400568164097
0.00016608400568163815
0.00016608400568164097
0.00016608400568164097
0.00016608400568163815
0.00016608400568164097
0.00016608400568164097
0.00016608400568163815
0.00016608400568164097
0.00016608400568164097
0.00016608400568163815
0.00016608400568164097
0.00016608400568164097
0.00016608400568163815
0.00016608400568164097
0.00016608400568164097
0.00016608400568163815
0.00016608400568164097
0.00016608400568164097
0.00016608400568163815
0.00016608400568164097
0.00016608400568164097
0.00016608400568163815
0.00016608400568164097
0.00016608400568164097
0.00016608400568163815
0.00016608400568164097
0.00016608400568164097
0.00016608400568163815
0.00016608400568164097
0.00016608400568163815
0.00016608400568164097
0.00016608400568164097
0.00016608400568163815
0.00016608400568164097
0.00016608400568164097
0.00016608400568163815
0.00016608400568164097
0.00016608400568164097
0.00016608400568163815
0.00016608400568164379
0.00016608400568163714
0.00016608400568163717
0.00016608400568164379
0.00016608400568163714
0.00016608400568163717
0.00016608400568163714
0.00016608400568164379
0.00016608400568163717
0.00016608400568163714
0.00016608400568164379
0.00016608400568163717
0.00016608400568163714
0.00016608400568164379
0.00016608400568163717
0.00016608400568163714
0.00016608400568164379
0.00016608400568163717
0.00016608400568163714
0.00016608400568164379
0.00016608400568163717
0.00016608400568163714
0.00016608400568164379
0.00016608400568163717
0.00016608400568163714
0.00016608400568164379
0.00016608400568163717
0.00016608400568163714
0.00016608400568164379
0.00016608400568163717
0.00016608400568163714
0.00016608400568164379
0.00016608400568163717
0.00016608400568163714
0.00016608400568164379
0.00016608400568163717
0.00016608400568163874
0.00016608400568163874
0.00016608400568163777
0.00016608400568164061
0.00016608400568163777
0.00016608400568163777
0.00016608400568163956
0.0001660840056816398
0.00016608400568163956
0.0001660840056816398
0.00016608400568163956
0.0001660840056816398
0.00016608400568163956
0.00016608400568163861
0.00016608400568163714
0.00016608400568163861
0.00016608400568163861
0.00016608400568163861
0.00016608400568163714
0.00016608400568163861
0.00016608400568163861
0.00016608400568163861
0.00016608400568163714
0.00016608400568163861
0.00016608400568163861
0.00016608400568163861
0.00016608400568163907
0.00016608400568163815
0.00016608400568163714
0.00016608400568163907
0.00016608400568163815
0.00016608400568163714
0.00016608400568163907
0.00016608400568163815
0.00016608400568163714
0.00016608400568163815
0.00016608400568163907
0.00016608400568163714
0.00016608400568163815
0.00016608400568163907
0.00016608400568163714
0.00016608400568163815
0.00016608400568163907
0.00016608400568163815
0.00016608400568163714
0.00016608400568163907
0.00016608400568163815
0.00016608400568163714
0.00016608400568163815
0.00016608400568163907
0.00016608400568163714
0.00016608400568163714
0.00016608400568163815
0.00016608400568163907
0.00016608400568163714
0.00016608400568163815
0.00016608400568163907
0.00016608400568163714
0.00016608400568163815
0.00016608400568163907
0.00016608400568163714
0.00016608400568163815
0.00016608400568163907
0.00016608400568163714
0.00016608400568163815
0.00016608400568163907
0.00016608400568163714
0.00016608400568163815
0.00016608400568163714
0.00016608400568163907
0.00016608400568163815
0.00016608400568163815
0.00016608400568163907
0.00016608400568163815
0.00016608400568163815
0.00016608400568163907
0.00016608400568163815
0.00016608400568163815
0.00016608400568163907
0.00016608400568163815
0.00016608400568163815
0.00016608400568163907
0.00016608400568163815
0.00016608400568163815
0.00016608400568163815
0.00016608400568163907
0.00016608400568163815
0.00016608400568163815
0.00016608400568163907
0.00016608400568163815
0.00016608400568163815
0.00016608400568163907
0.00016608400568163815
0.00016608400568163815
0.00016608400568163907
0.00016608400568163815
0.00016608400568163815
0.00016608400568163714
0.00016608400568163907
0.00016608400568163815
0.00016608400568163714
0.00016608400568163907
0.00016608400568163907
0.0001660840056816343
0.00016608400568164005
0.0001660840056816343
0.00016608400568164005
0.00016608400568164005
0.0001660840056816343
0.00016608400568164005
0.00016608400568164005
0.0001660840056816343
0.00016608400568164005
0.00016608400568164005
0.0001660840056816343
0.00016608400568164005
0.00016608400568164005
0.0001660840056816343
0.00016608400568164005
0.00016608400568164005
0.0001660840056816343
0.00016608400568164005
0.00016608400568164005
0.0001660840056816343
0.00016608400568164005
0.00016608400568164005
0.0001660840056816343
0.00016608400568164005
0.00016608400568164005
0.0001660840056816343
0.00016608400568164005
0.00016608400568164005
0.0001660840056816343
0.00016608400568164005
0.00016608400568164005
0.0001660840056816343
0.00016608400568164005
0.0001660840056816343
0.00016608400568164005
0.00016608400568164005
0.0001660840056816343
0.00016608400568164005
0.00016608400568164005
0.0001660840056816343
0.00016608400568164005
0.00016608400568164005
0.0001660840056816343
0.00016608400568164005
0.00016608400568164005
0.0001660840056816343
0.00016608400568164005
0.00016608400568164005
0.0001660840056816343
0.00016608400568164005
0.00016608400568164005
0.0001660840056816343
0.00016608400568164005
0.00016608400568164005
0.0001660840056816343
0.00016608400568164005
0.00016608400568164005
0.0001660840056816343
0.00016608400568164005
0.00016608400568164005
0.0001660840056816343
0.00016608400568164005
0.0001660840056816343
0.00016608400568164005
0.00016608400568164005
0.0001660840056816343
0.00016608400568164005
0.00016608400568164005
0.0001660840056816343
0.00016608400568164005
0.00016608400568164005
0.0001660840056816343
0.00016608400568164005
0.00016608400568164005
0.0001660840056816343
0.00016608400568164005
0.00016608400568164005
0.0001660840056816343
0.00016608400568164005
0.00016608400568164005
0.0001660840056816343
0.00016608400568164005
0.00016608400568164005
0.0001660840056816343
0.00016608400568164005
0.00016608400568164005
0.0001660840056816343
0.00016608400568164005
0.00016608400568164005
0.0001660840056816343
0.00016608400568164005
0.0001660840056816343
0.00016608400568164005
0.00016608400568164005
0.0001660840056816343
0.00016608400568164005
0.00016608400568164005
0.0001660840056816343
0.00016608400568164005
0.00016608400568164005
0.0001660840056816343
0.00016608400568164476
0.00016608400568163717
0.00016608400568163525
0.00016608400568164476
0.00016608400568163717
0.00016608400568163525
0.00016608400568163717
0.00016608400568164476
0.00016608400568163525
0.00016608400568163717
0.00016608400568164476
0.00016608400568163525
0.00016608400568163717
0.00016608400568164476
0.00016608400568163525
0.00016608400568163717
0.00016608400568164476
0.00016608400568163525
0.00016608400568163717
0.00016608400568164476
0.00016608400568163525
0.00016608400568163717
0.00016608400568164476
0.00016608400568163525
0.00016608400568163717
0.00016608400568164476
0.00016608400568163525
0.00016608400568163717
0.00016608400568164476
0.00016608400568163525
0.00016608400568163717
0.00016608400568164476
0.00016608400568163525
0.00016608400568163717
0.00016608400568164476
0.00016608400568163525
0.00016608400568163872
0.00016608400568163872
0.00016608400568163872
0.00016608400568163777
0.00016608400568163872
0.00016608400568163872
0.00016608400568163956
0.0001660840056816398
0.00016608400568163956
0.0001660840056816398
0.00016608400568163956
0.0001660840056816398
0.00016608400568163956
0.00016608400568163858
0.00016608400568164005
0.00016608400568163858
0.00016608400568163858
0.00016608400568163858
0.00016608400568164005
0.00016608400568163858
0.00016608400568163858
0.00016608400568163858
0.00016608400568164005
0.00016608400568163858
0.00016608400568163858
0.00016608400568163858
0.00016608400568163907
0.00016608400568163907
0.00016608400568163907
0.00016608400568163907
0.00016608400568163907
0.00016608400568163907
0.00016608400568163907
0.00016608400568163907
0.00016608400568163907
0.00016608400568164005
0.00016608400568163907
0.00016608400568163907
0.00016608400568164005
0.00016608400568163907
0.00016608400568163907
0.00016608400568164005
0.00016608400568163907
0.00016608400568163907
0.00016608400568163907
0.00016608400568163907
0.00016608400568163907
0.00016608400568163907
0.00016608400568163907
0.00016608400568163907
0.00016608400568163907
0.00016608400568164097
0.00016608400568164005
0.00016608400568163999
0.00016608400568164097
0.00016608400568164005
0.00016608400568163999
0.00016608400568164097
0.00016608400568164005
0.00016608400568163999
0.00016608400568164097
0.00016608400568164005
0.00016608400568163999
0.00016608400568164097
0.00016608400568164005
0.00016608400568163999
0.00016608400568164097
0.00016608400568164005
0.00016608400568164097
0.00016608400568163999
0.00016608400568164005
0.00016608400568164005
0.00016608400568163999
0.00016608400568164005
0.00016608400568164005
0.00016608400568163999
0.00016608400568164005
0.00016608400568164005
0.00016608400568163999
0.00016608400568164005
0.00016608400568164005
0.00016608400568163999
0.00016608400568164005
0.00016608400568164005
0.00016608400568164005
0.00016608400568163999
0.00016608400568164005
0.00016608400568164005
0.00016608400568163999
0.00016608400568164005
0.00016608400568164005
0.00016608400568163999
0.00016608400568164005
0.00016608400568164005
0.00016608400568163999
0.00016608400568164005
0.00016608400568164005
0.00016608400568164097
0.00016608400568163999
0.00016608400568164005
0.00016608400568164097
0.00016608400568163999
0.00016608400568163999
0.00016608400568163815
0.00016608400568164097
0.00016608400568163815
0.00016608400568164097
0.00016608400568164097
0.00016608400568163815
0.00016608400568164097
0.00016608400568164097
0.00016608400568163815
0.00016608400568164097
0.00016608400568164097
0.00016608400568163815
0.00016608400568164097
0.00016608400568164097
0.00016608400568163815
0.00016608400568164097
0.00016608400568164097
0.00016608400568163815
0.00016608400568164097
0.00016608400568164097
0.00016608400568163815
0.00016608400568164097
0.00016608400568164097
0.00016608400568163815
0.00016608400568164097
0.00016608400568164097
0.00016608400568163815
0.00016608400568164097
0.00016608400568164097
0.00016608400568163815
0.00016608400568164097
0.00016608400568164097
0.00016608400568163815
0.00016608400568164097
0.00016608400568163815
0.00016608400568164097
0.00016608400568164097
0.00016608400568163815
0.00016608400568164097
0.00016608400568164097
0.00016608400568163815
0.00016608400568164097
0.00016608400568164097
0.00016608400568163815
0.00016608400568164097
0.00016608400568164097
0.00016608400568163815
0.00016608400568164097
0.00016608400568164097
0.00016608400568163815
0.00016608400568164097
0.00016608400568164097
0.00016608400568163815
0.00016608400568164097
0.00016608400568164097
0.00016608400568163815
0.00016608400568164097
0.00016608400568164097
0.00016608400568163815
0.00016608400568164097
0.00016608400568164097
0.00016608400568163815
0.00016608400568164097
0.00016608400568163815
0.00016608400568164097
0.00016608400568164097
0.00016608400568163815
0.00016608400568164097
0.00016608400568164097
0.00016608400568163815
0.00016608400568164097
0.00016608400568164097
0.00016608400568163815
0.00016608400568164097
0.00016608400568164097
0.00016608400568163815
0.00016608400568164097
0.00016608400568164097
0.00016608400568163815
0.00016608400568164097
0.00016608400568164097
0.00016608400568163815
0.00016608400568164097
0.00016608400568164097
0.00016608400568163815
0.00016608400568164097
0.00016608400568164097
0.00016608400568163815
0.00016608400568164097
0.00016608400568164097
0.00016608400568163815
0.00016608400568164097
0.00016608400568163815
0.00016608400568164097
0.00016608400568164097
0.00016608400568163815
0.00016608400568164097
0.00016608400568164097
0.00016608400568163815
0.00016608400568164097
0.00016608400568164097
0.00016608400568163815
0.00016608400568164286
0.00016608400568163525
0.00016608400568163815
0.00016608400568164286
0.00016608400568163525
0.00016608400568163815
0.00016608400568163525
0.00016608400568164286
0.00016608400568163815
0.00016608400568163525
0.00016608400568164286
0.00016608400568163815
0.00016608400568163525
0.00016608400568164286
0.00016608400568163815
0.00016608400568163525
0.00016608400568164286
0.00016608400568163815
0.00016608400568163525
0.00016608400568164286
0.00016608400568163815
0.00016608400568163525
0.00016608400568164286
0.00016608400568163815
0.00016608400568163525
0.00016608400568164286
0.00016608400568163815
0.00016608400568163525
0.00016608400568164286
0.00016608400568163815
0.00016608400568163525
0.00016608400568164286
0.00016608400568163815
0.00016608400568163525
0.00016608400568164286
0.00016608400568163815
0.00016608400568164061
0.00016608400568164061
0.00016608400568164061
0.00016608400568163872
0.00016608400568164061
0.00016608400568164061
0.00016608400568163761
0.0001660840056816379
0.00016608400568163761
0.00016608400568163693
0.00016608400568163761
0.0001660840056816379
0.00016608400568163761
0.00016608400568163956
0.00016608400568164097
0.00016608400568163956
0.00016608400568163956
0.00016608400568163956
0.00016608400568164097
0.00016608400568163956
0.00016608400568163956
0.00016608400568163956
0.00016608400568164097
0.00016608400568163956
0.00016608400568163956
0.00016608400568163956
0.00016608400568164005
0.00016608400568163815
0.00016608400568164005
0.00016608400568164005
0.00016608400568163815
0.00016608400568164005
0.00016608400568164005
0.00016608400568163815
0.00016608400568164005
0.00016608400568163714
0.00016608400568164005
0.00016608400568164005
0.00016608400568163714
0.00016608400568164005
0.00016608400568164005
0.00016608400568163714
0.00016608400568164005
0.00016608400568163815
0.00016608400568164005
0.00016608400568164005
0.00016608400568163815
0.00016608400568164005
0.00016608400568163815
0.00016608400568164005
0.00016608400568164005
0.00016608400568163714
0.00016608400568163714
0.00016608400568164097
0.00016608400568163714
0.00016608400568163714
0.00016608400568164097
0.00016608400568163714
0.00016608400568163714
0.00016608400568164097
0.00016608400568163714
0.00016608400568163714
0.00016608400568164097
0.00016608400568163714
0.00016608400568163714
0.00016608400568164097
0.00016608400568163714
0.00016608400568163714
0.00016608400568163714
0.00016608400568164097
0.00016608400568163714
0.00016608400568163714
0.00016608400568164097
0.00016608400568163714
0.00016608400568163714
0.00016608400568164097
0.00016608400568163714
0.00016608400568163714
0.00016608400568164097
0.00016608400568163714
0.00016608400568163714
0.00016608400568164097
0.00016608400568163714
0.00016608400568163714
0.00016608400568163714
0.00016608400568164097
0.00016608400568163714
0.00016608400568163714
0.00016608400568164097
0.00016608400568163714
0.00016608400568163714
0.00016608400568164097
0.00016608400568163714
0.00016608400568163714
0.00016608400568164097
0.00016608400568163714
0.00016608400568163714
0.00016608400568163714
0.00016608400568164097
0.00016608400568163714
0.00016608400568163714
0.00016608400568164097
0.00016608400568164097
0.00016608400568163525
0.00016608400568164005
0.00016608400568163525
0.00016608400568164097
0.00016608400568164005
0.00016608400568163525
0.00016608400568164097
0.00016608400568164005
0.00016608400568163525
0.00016608400568164097
0.00016608400568164005
0.00016608400568163525
0.00016608400568164097
0.00016608400568164005
0.00016608400568163525
0.00016608400568164097
0.00016608400568164005
0.00016608400568163525
0.00016608400568164097
0.00016608400568164005
0.00016608400568163525
0.00016608400568164097
0.00016608400568164005
0.00016608400568163525
0.00016608400568164097
0.00016608400568164005
0.00016608400568163525
0.00016608400568164097
0.00016608400568164005
0.00016608400568163525
0.00016608400568164097
0.00016608400568164005
0.00016608400568163525
0.00016608400568164097
0.00016608400568163525
0.00016608400568164005
0.00016608400568164097
0.00016608400568163525
0.00016608400568164005
0.00016608400568164097
0.00016608400568163525
0.00016608400568164005
0.00016608400568164097
0.00016608400568163525
0.00016608400568164005
0.00016608400568164097
0.00016608400568163525
0.00016608400568164005
0.00016608400568164097
0.00016608400568163525
0.00016608400568164005
0.00016608400568164097
0.00016608400568163525
0.00016608400568164005
0.00016608400568164097
0.00016608400568163525
0.00016608400568164005
0.00016608400568164097
0.00016608400568163525
0.00016608400568164005
0.00016608400568164097
0.00016608400568163525
0.00016608400568164005
0.00016608400568163525
0.00016608400568164005
0.00016608400568164005
0.00016608400568163525
0.00016608400568164005
0.00016608400568164005
0.00016608400568163525
0.00016608400568164005
0.00016608400568164005
0.00016608400568163525
0.00016608400568164005
0.00016608400568164005
0.00016608400568163525
0.00016608400568164005
0.00016608400568164005
0.00016608400568163525
0.00016608400568164005
0.00016608400568164005
0.00016608400568163525
0.00016608400568164005
0.00016608400568164005
0.00016608400568163525
0.00016608400568164005
0.00016608400568164005
0.00016608400568163525
0.00016608400568164005
0.00016608400568164005
0.00016608400568163525
0.00016608400568164005
0.00016608400568163525
0.00016608400568164005
0.00016608400568164005
0.00016608400568163525
0.00016608400568164005
0.00016608400568164005
0.00016608400568163525
0.00016608400568164005
0.00016608400568164005
0.00016608400568163525
0.00016608400568164476
0.0001660840056816362
0.00016608400568163525
0.00016608400568164476
0.0001660840056816362
0.00016608400568163525
0.0001660840056816362
0.00016608400568164476
0.00016608400568163525
0.0001660840056816362
0.00016608400568164476
0.00016608400568163525
0.0001660840056816362
0.00016608400568164476
0.00016608400568163525
0.0001660840056816362
0.00016608400568164476
0.00016608400568163525
0.0001660840056816362
0.00016608400568164476
0.00016608400568163525
0.0001660840056816362
0.00016608400568164476
0.00016608400568163525
0.0001660840056816362
0.00016608400568164476
0.00016608400568163525
0.0001660840056816362
0.00016608400568164476
0.00016608400568163525
0.0001660840056816362
0.00016608400568164476
0.00016608400568163525
0.0001660840056816362
0.00016608400568164476
0.00016608400568163525
0.00016608400568163777
0.00016608400568163777
0.00016608400568163777
0.00016608400568163677
0.00016608400568163777
0.00016608400568163777
0.00016608400568163956
0.00016608400568163883
0.00016608400568163956
0.00016608400568163883
0.00016608400568163956
0.00016608400568163883
0.00016608400568163956
0.00016608400568163761
0.00016608400568163809
0.00016608400568163761
0.00016608400568163761
0.00016608400568163761
0.00016608400568163809
0.00016608400568163761
0.00016608400568163761
0.00016608400568163761
0.00016608400568163809
0.00016608400568163761
0.00016608400568163761
0.00016608400568163761
0.00016608400568163907
0.00016608400568163815
0.00016608400568163907
0.00016608400568163907
0.00016608400568163815
0.00016608400568163907
0.00016608400568163907
0.00016608400568163815
0.00016608400568163907
0.00016608400568163815
0.00016608400568163907
0.00016608400568163907
0.00016608400568163815
0.00016608400568163907
0.00016608400568163907
0.00016608400568163815
0.00016608400568163907
0.00016608400568163815
0.00016608400568163907
0.00016608400568163907
0.00016608400568163815
0.00016608400568163907
0.00016608400568163815
0.00016608400568163907
0.00016608400568163907
0.00016608400568163815
0.00016608400568163815
0.00016608400568163907
0.00016608400568163815
0.00016608400568163815
0.00016608400568163907
0.00016608400568163815
0.00016608400568163815
0.00016608400568163907
0.00016608400568163815
0.00016608400568163815
0.00016608400568163907
0.00016608400568163815
0.00016608400568163815
0.00016608400568163907
0.00016608400568163815
0.00016608400568163815
0.00016608400568163815
0.00016608400568163907
0.00016608400568163815
0.00016608400568163815
0.00016608400568163907
0.00016608400568163815
0.00016608400568163815
0.00016608400568163907
0.00016608400568163815
0.00016608400568163815
0.00016608400568163907
0.00016608400568163815
0.00016608400568163815
0.00016608400568163907
0.00016608400568163815
0.00016608400568163815
0.00016608400568163815
0.00016608400568163907
0.00016608400568163815
0.00016608400568163815
0.00016608400568163907
0.00016608400568163815
0.00016608400568163815
0.00016608400568163907
0.00016608400568163815
0.00016608400568163815
0.00016608400568163907
0.00016608400568163815
0.00016608400568163815
0.00016608400568163815
0.00016608400568163907
0.00016608400568163815
0.00016608400568163815
0.00016608400568163907
0.00016608400568163907
0.00016608400568163622
0.00016608400568163907
0.00016608400568163622
0.00016608400568163999
0.00016608400568163907
0.00016608400568163622
0.00016608400568163999
0.00016608400568163907
0.00016608400568163622
0.00016608400568163999
0.00016608400568163907
0.00016608400568163622
0.00016608400568163999
0.00016608400568163907
0.00016608400568163622
0.00016608400568163999
0.00016608400568163907
0.00016608400568163622
0.00016608400568163999
0.00016608400568163907
0.00016608400568163622
0.00016608400568163999
0.00016608400568163907
0.00016608400568163622
0.00016608400568163999
0.00016608400568163907
0.00016608400568163622
0.00016608400568163999
0.00016608400568163907
0.00016608400568163622
0.00016608400568163999
0.00016608400568163907
0.00016608400568163622
0.00016608400568163999
0.00016608400568163622
0.00016608400568163907
0.00016608400568163999
0.00016608400568163622
0.00016608400568163907
0.00016608400568163999
0.00016608400568163622
0.00016608400568163907
0.00016608400568163999
0.00016608400568163622
0.00016608400568163907
0.00016608400568163999
0.00016608400568163622
0.00016608400568163907
0.00016608400568163999
0.00016608400568163622
0.00016608400568163907
0.00016608400568163999
0.00016608400568163622
0.00016608400568163907
0.00016608400568163999
0.00016608400568163622
0.00016608400568163907
0.00016608400568163999
0.00016608400568163622
0.00016608400568163907
0.00016608400568163999
0.00016608400568163622
0.00016608400568163907
0.00016608400568163622
0.00016608400568163907
0.00016608400568163907
0.00016608400568163622
0.00016608400568163907
0.00016608400568163907
0.00016608400568163622
0.00016608400568163907
0.00016608400568163907
0.00016608400568163622
0.00016608400568163907
0.00016608400568163907
0.00016608400568163622
0.00016608400568163907
0.00016608400568163907
0.00016608400568163622
0.00016608400568163907
0.00016608400568163907
0.00016608400568163622
0.00016608400568163907
0.00016608400568163907
0.00016608400568163622
0.00016608400568163907
0.00016608400568163907
0.00016608400568163622
0.00016608400568163907
0.00016608400568163907
0.00016608400568163622
0.00016608400568163907
0.00016608400568163622
0.00016608400568163907
0.00016608400568163907
0.00016608400568163622
0.00016608400568163907
0.00016608400568163907
0.00016608400568163622
0.00016608400568163907
0.00016608400568163907
0.00016608400568163622
0.00016608400568164379
0.00016608400568163714
0.00016608400568163622
0.00016608400568164379
0.00016608400568163714
0.00016608400568163622
0.00016608400568163714
0.00016608400568164379
0.00016608400568163622
0.00016608400568163714
0.00016608400568164379
0.00016608400568163622
0.00016608400568163714
0.00016608400568164379
0.00016608400568163622
0.00016608400568163714
0.00016608400568164379
0.00016608400568163622
0.00016608400568163714
0.00016608400568164379
0.00016608400568163622
0.00016608400568163714
0.00016608400568164379
0.00016608400568163622
0.00016608400568163714
0.00016608400568164379
0.00016608400568163622
0.00016608400568163714
0.00016608400568164379
0.00016608400568163622
0.00016608400568163714
0.00016608400568164379
0.00016608400568163622
0.00016608400568163714
0.00016608400568164379
0.00016608400568163622
0.00016608400568163874
0.00016608400568163874
0.00016608400568163874
0.00016608400568163777
0.00016608400568163874
0.00016608400568163874
0.00016608400568163761
0.0001660840056816398
0.00016608400568163761
0.00016608400568163883
0.00016608400568163761
0.0001660840056816398
0.00016608400568163761
0.00016608400568163956
0.00016608400568164005
0.00016608400568163956
0.00016608400568163956
0.00016608400568163956
0.00016608400568164005
0.00016608400568163956
0.00016608400568163956
0.00016608400568163956
0.00016608400568164005
0.00016608400568163956
0.00016608400568163956
0.00016608400568163956
0.00016608400568164005
0.00016608400568163815
0.00016608400568164005
0.00016608400568164005
0.00016608400568163815
0.00016608400568164005
0.00016608400568164005
0.00016608400568163815
0.00016608400568164005
0.00016608400568163815
0.00016608400568164005
0.00016608400568164005
0.00016608400568163815
0.00016608400568164005
0.00016608400568164005
0.00016608400568163815
0.00016608400568164005
0.00016608400568163815
0.00016608400568164005
0.00016608400568164005
0.00016608400568163815
0.00016608400568164005
0.00016608400568163815
0.00016608400568164005
0.00016608400568164005
0.00016608400568163815
0.00016608400568163815
0.00016608400568164097
0.00016608400568163815
0.00016608400568163815
0.00016608400568164097
0.00016608400568163815
0.00016608400568163815
0.00016608400568164097
0.00016608400568163815
0.00016608400568163815
0.00016608400568164097
0.00016608400568163815
0.00016608400568163815
0.00016608400568164097
0.00016608400568163815
0.00016608400568163815
0.00016608400568163815
0.00016608400568164097
0.00016608400568163815
0.00016608400568163815
0.00016608400568164097
0.00016608400568163815
0.00016608400568163815
0.00016608400568164097
0.00016608400568163815
0.00016608400568163815
0.00016608400568164097
0.00016608400568163815
0.00016608400568163815
0.00016608400568164097
0.00016608400568163815
0.00016608400568163815
0.00016608400568163815
0.00016608400568164097
0.00016608400568163815
0.00016608400568163815
0.00016608400568164097
0.00016608400568163815
0.00016608400568163815
0.00016608400568164097
0.00016608400568163815
0.00016608400568163815
0.00016608400568164097
0.00016608400568163815
0.00016608400568163815
0.00016608400568163815
0.00016608400568164097
0.00016608400568163815
0.00016608400568163815
0.00016608400568164097
0.00016608400568164097
0.00016608400568163622
0.00016608400568163999
0.00016608400568163622
0.00016608400568163907
0.00016608400568163999
0.00016608400568163622
0.00016608400568163907
0.00016608400568163999
0.00016608400568163622
0.00016608400568163907
0.00016608400568163999
0.00016608400568163622
0.00016608400568163907
0.00016608400568163999
0.00016608400568163622
0.00016608400568163907
0.00016608400568163999
0.00016608400568163622
0.00016608400568163907
0.00016608400568163999
0.00016608400568163622
0.00016608400568163907
0.00016608400568163999
0.00016608400568163622
0.00016608400568163907
0.00016608400568163999
0.00016608400568163622
0.00016608400568163907
0.00016608400568163999
0.00016608400568163622
0.00016608400568163907
0.00016608400568163999
0.00016608400568163622
0.00016608400568163907
0.00016608400568163622
0.00016608400568163999
0.00016608400568163907
0.00016608400568163622
0.00016608400568163999
0.00016608400568163907
0.00016608400568163622
0.00016608400568163999
0.00016608400568163907
0.00016608400568163622
0.00016608400568163999
0.00016608400568163907
0.00016608400568163622
0.00016608400568163999
0.00016608400568163907
0.00016608400568163622
0.00016608400568163999
0.00016608400568163907
0.00016608400568163622
0.00016608400568163999
0.00016608400568163907
0.00016608400568163622
0.00016608400568163999
0.00016608400568163907
0.00016608400568163622
0.00016608400568163999
0.00016608400568163907
0.00016608400568163622
0.00016608400568163999
0.00016608400568163622
0.00016608400568163999
0.00016608400568163999
0.00016608400568163622
0.00016608400568163999
0.00016608400568163999
0.00016608400568163622
0.00016608400568163999
0.00016608400568163999
0.00016608400568163622
0.00016608400568163999
0.00016608400568163999
0.00016608400568163622
0.00016608400568163999
0.00016608400568163999
0.00016608400568163622
0.00016608400568163999
0.00016608400568163999
0.00016608400568163622
0.00016608400568163999
0.00016608400568163999
0.00016608400568163622
0.00016608400568163999
0.00016608400568163999
0.00016608400568163622
0.00016608400568163999
0.00016608400568163999
0.00016608400568163622
0.00016608400568163999
0.00016608400568163622
0.00016608400568163999
0.00016608400568163999
0.00016608400568163622
0.00016608400568163999
0.00016608400568163999
0.00016608400568163622
0.00016608400568163999
0.00016608400568163999
0.00016608400568163622
0.00016608400568164286
0.00016608400568163525
0.00016608400568163622
0.00016608400568164286
0.00016608400568163525
0.00016608400568163622
0.00016608400568163525
0.00016608400568164286
0.00016608400568163622
0.00016608400568163525
0.00016608400568164286
0.00016608400568163622
0.00016608400568163525
0.00016608400568164286
0.00016608400568163622
0.00016608400568163525
0.00016608400568164286
0.00016608400568163622
0.00016608400568163525
0.00016608400568164286
0.00016608400568163622
0.00016608400568163525
0.00016608400568164286
0.00016608400568163622
0.00016608400568163525
0.00016608400568164286
0.00016608400568163622
0.00016608400568163525
0.00016608400568164286
0.00016608400568163622
0.00016608400568163525
0.00016608400568164286
0.00016608400568163622
0.00016608400568163525
0.00016608400568164286
0.00016608400568163622
0.00016608400568163777
0.00016608400568163777
0.00016608400568163777
0.00016608400568164251
0.00016608400568163777
0.00016608400568163777
0.00016608400568163956
0.0001660840056816379
0.00016608400568163956
0.0001660840056816398
0.00016608400568163956
0.0001660840056816379
0.00016608400568163956
0.00016608400568163761
0.00016608400568163907
0.00016608400568163761
0.00016608400568163761
0.00016608400568163761
0.00016608400568163907
0.00016608400568163761
0.00016608400568163761
0.00016608400568163761
0.00016608400568163907
0.00016608400568163761
0.00016608400568163761
0.00016608400568163761
0.00016608400568163809
0.00016608400568163815
0.00016608400568163809
0.00016608400568163809
0.00016608400568163815
0.00016608400568163809
0.00016608400568163809
0.00016608400568163815
0.00016608400568163809
0.00016608400568163714
0.00016608400568163809
0.00016608400568163809
0.00016608400568163714
0.00016608400568163809
0.00016608400568163809
0.00016608400568163714
0.00016608400568163809
0.00016608400568163815
0.00016608400568163809
0.00016608400568163809
0.00016608400568163815
0.00016608400568163809
0.00016608400568163815
0.00016608400568163809
0.00016608400568163809
0.00016608400568163714
0.00016608400568163714
0.00016608400568164005
0.00016608400568163714
0.00016608400568163714
0.00016608400568164005
0.00016608400568163714
0.00016608400568163714
0.00016608400568164005
0.00016608400568163714
0.00016608400568163714
0.00016608400568164005
0.00016608400568163714
0.00016608400568163714
0.00016608400568164005
0.00016608400568163714
0.00016608400568163714
0.00016608400568163714
0.00016608400568164005
0.00016608400568163714
0.00016608400568163714
0.00016608400568164005
0.00016608400568163714
0.00016608400568163714
0.00016608400568164005
0.00016608400568163714
0.00016608400568163714
0.00016608400568164005
0.00016608400568163714
0.00016608400568163714
0.00016608400568164005
0.00016608400568163714
0.00016608400568163714
0.00016608400568163714
0.00016608400568164005
0.00016608400568163714
0.00016608400568163714
0.00016608400568164005
0.00016608400568163714
0.00016608400568163714
0.00016608400568164005
0.00016608400568163714
0.00016608400568163714
0.00016608400568164005
0.00016608400568163714
0.00016608400568163714
0.00016608400568163714
0.00016608400568164005
0.00016608400568163714
0.00016608400568163714
0.00016608400568164005
0.00016608400568164005
0.00016608400568163622
0.00016608400568164097
0.00016608400568163622
0.00016608400568164005
0.00016608400568164097
0.00016608400568163622
0.00016608400568164005
0.00016608400568164097
0.00016608400568163622
0.00016608400568164005
0.00016608400568164097
0.00016608400568163622
0.00016608400568164005
0.00016608400568164097
0.00016608400568163622
0.00016608400568164005
0.00016608400568164097
0.00016608400568163622
0.00016608400568164005
0.00016608400568164097
0.00016608400568163622
0.00016608400568164005
0.00016608400568164097
0.00016608400568163622
0.00016608400568164005
0.00016608400568164097
0.00016608400568163622
0.00016608400568164005
0.00016608400568164097
0.00016608400568163622
0.00016608400568164005
0.00016608400568164097
0.00016608400568163622
0.00016608400568164005
0.00016608400568163622
0.00016608400568164097
0.00016608400568164005
0.00016608400568163622
0.00016608400568164097
0.00016608400568164005
0.00016608400568163622
0.00016608400568164097
0.00016608400568164005
0.00016608400568163622
0.00016608400568164097
0.00016608400568164005
0.00016608400568163622
0.00016608400568164097
0.00016608400568164005
0.00016608400568163622
0.00016608400568164097
0.00016608400568164005
0.00016608400568163622
0.00016608400568164097
0.00016608400568164005
0.00016608400568163622
0.00016608400568164097
0.00016608400568164005
0.00016608400568163622
0.00016608400568164097
0.00016608400568164005
0.00016608400568163622
0.00016608400568164097
0.00016608400568163622
0.00016608400568164097
0.00016608400568164097
0.00016608400568163622
0.00016608400568164097
0.00016608400568164097
0.00016608400568163622
0.00016608400568164097
0.00016608400568164097
0.00016608400568163622
0.00016608400568164097
0.00016608400568164097
0.00016608400568163622
0.00016608400568164097
0.00016608400568164097
0.00016608400568163622
0.00016608400568164097
0.00016608400568164097
0.00016608400568163622
0.00016608400568164097
0.00016608400568164097
0.00016608400568163622
0.00016608400568164097
0.00016608400568164097
0.00016608400568163622
0.00016608400568164097
0.00016608400568164097
0.00016608400568163622
0.00016608400568164097
0.00016608400568163622
0.00016608400568164097
0.00016608400568164097
0.00016608400568163622
0.00016608400568164097
0.00016608400568164097
0.00016608400568163622
0.00016608400568164097
0.00016608400568164097
0.00016608400568163622
0.00016608400568164571
0.00016608400568163714
0.00016608400568163815
0.00016608400568164571
0.00016608400568163714
0.00016608400568163815
0.00016608400568163714
0.00016608400568164571
0.00016608400568163815
0.00016608400568163714
0.00016608400568164571
0.00016608400568163815
0.00016608400568163714
0.00016608400568164571
0.00016608400568163815
0.00016608400568163714
0.00016608400568164571
0.00016608400568163815
0.00016608400568163714
0.00016608400568164571
0.00016608400568163815
0.00016608400568163714
0.00016608400568164571
0.00016608400568163815
0.00016608400568163714
0.00016608400568164571
0.00016608400568163815
0.00016608400568163714
0.00016608400568164571
0.00016608400568163815
0.00016608400568163714
0.00016608400568164571
0.00016608400568163815
0.00016608400568163714
0.00016608400568164571
0.00016608400568163815
0.00016608400568163967
0.00016608400568163967
0.00016608400568163967
0.00016608400568163679
0.00016608400568163967
0.00016608400568163967
0.00016608400568163761
0.00016608400568163883
0.00016608400568163761
0.00016608400568163693
0.00016608400568163761
0.00016608400568163883
0.00016608400568163761
0.00016608400568164051
0.00016608400568163907
0.00016608400568164051
0.00016608400568164051
0.00016608400568164051
0.00016608400568163907
0.00016608400568164051
0.00016608400568164051
0.00016608400568164051
0.00016608400568163907
0.00016608400568164051
0.00016608400568164051
0.00016608400568164051
0.00016608400568164005
0.00016608400568163815
0.00016608400568164005
0.00016608400568164005
0.00016608400568163815
0.00016608400568164005
0.00016608400568164005
0.00016608400568163815
0.00016608400568164005
0.00016608400568163907
0.00016608400568164005
0.00016608400568164005
0.00016608400568163907
0.00016608400568164005
0.00016608400568164005
0.00016608400568163907
0.00016608400568164005
0.00016608400568163815
0.00016608400568164005
0.00016608400568164005
0.00016608400568163815
0.00016608400568164005
0.00016608400568163815
0.00016608400568164005
0.00016608400568164005
0.00016608400568163907
0.00016608400568163907
0.00016608400568164005
0.00016608400568163907
0.00016608400568163907
0.00016608400568164005
0.00016608400568163907
0.00016608400568163907
0.00016608400568164005
0.00016608400568163907
0.00016608400568163907
0.00016608400568164005
0.00016608400568163907
0.00016608400568163907
0.00016608400568164005
0.00016608400568163907
0.00016608400568163907
0.00016608400568163907
0.00016608400568164005
0.00016608400568163907
0.00016608400568163907
0.00016608400568164005
0.00016608400568163907
0.00016608400568163907
0.00016608400568164005
0.00016608400568163907
0.00016608400568163907
0.00016608400568164005
0.00016608400568163907
0.00016608400568163907
0.00016608400568164005
0.00016608400568163907
0.00016608400568163907
0.00016608400568163907
0.00016608400568164005
0.00016608400568163907
0.00016608400568163907
0.00016608400568164005
0.00016608400568163907
0.00016608400568163907
0.00016608400568164005
0.00016608400568163907
0.00016608400568163907
0.00016608400568164005
0.00016608400568163907
0.00016608400568163907
0.00016608400568163907
0.00016608400568164005
0.00016608400568163907
0.00016608400568163907
0.00016608400568164005
0.00016608400568164005
0.00016608400568163525
0.00016608400568164005
0.00016608400568163525
0.00016608400568164189
0.00016608400568164005
0.00016608400568163525
0.00016608400568164189
0.00016608400568164005
0.00016608400568163525
0.00016608400568164189
0.00016608400568164005
0.00016608400568163525
0.00016608400568164189
0.00016608400568164005
0.00016608400568163525
0.00016608400568164189
0.00016608400568164005
0.00016608400568163525
0.00016608400568164189
0.00016608400568164005
0.00016608400568163525
0.00016608400568164189
0.00016608400568164005
0.00016608400568163525
0.00016608400568164189
0.00016608400568164005
0.00016608400568163525
0.00016608400568164189
0.00016608400568164005
0.00016608400568163525
0.00016608400568164189
0.00016608400568164005
0.00016608400568163525
0.00016608400568164189
0.00016608400568163525
0.00016608400568164005
0.00016608400568164189
0.00016608400568163525
0.00016608400568164005
0.00016608400568164189
0.00016608400568163525
0.00016608400568164005
0.00016608400568164189
0.00016608400568163525
0.00016608400568164005
0.00016608400568164189
0.00016608400568163525
0.00016608400568164005
0.00016608400568164189
0.00016608400568163525
0.00016608400568164005
0.00016608400568164189
0.00016608400568163525
0.00016608400568164005
0.00016608400568164189
0.00016608400568163525
0.00016608400568164005
0.00016608400568164189
0.00016608400568163525
0.00016608400568164005
0.00016608400568164189
0.00016608400568163525
0.00016608400568164005
0.00016608400568163525
0.00016608400568164005
0.00016608400568164005
0.00016608400568163525
0.00016608400568164005
0.00016608400568164005
0.00016608400568163525
0.00016608400568164005
0.00016608400568164005
0.00016608400568163525
0.00016608400568164005
0.00016608400568164005
0.00016608400568163525
0.00016608400568164005
0.00016608400568164005
0.00016608400568163525
0.00016608400568164005
0.00016608400568164005
0.00016608400568163525
0.00016608400568164005
0.00016608400568164005
0.00016608400568163525
0.00016608400568164005
0.00016608400568164005
0.00016608400568163525
0.00016608400568164005
0.00016608400568164005
0.00016608400568163525
0.00016608400568164005
0.00016608400568163525
0.00016608400568164005
0.00016608400568164005
0.00016608400568163525
0.00016608400568164005
0.00016608400568164005
0.00016608400568163525
0.00016608400568164005
0.00016608400568164005
0.00016608400568163525
0.00016608400568164286
0.0001660840056816343
0.00016608400568163332
0.00016608400568164286
0.0001660840056816343
0.00016608400568163332
0.0001660840056816343
0.00016608400568164286
0.00016608400568163332
0.0001660840056816343
0.00016608400568164286
0.00016608400568163332
0.0001660840056816343
0.00016608400568164286
0.00016608400568163332
0.0001660840056816343
0.00016608400568164286
0.00016608400568163332
0.0001660840056816343
0.00016608400568164286
0.00016608400568163332
0.0001660840056816343
0.00016608400568164286
0.00016608400568163332
0.0001660840056816343
0.00016608400568164286
0.00016608400568163332
0.0001660840056816343
0.00016608400568164286
0.00016608400568163332
0.0001660840056816343
0.00016608400568164286
0.00016608400568163332
0.0001660840056816343
0.00016608400568164286
0.00016608400568163332
0.00016608400568164061
0.00016608400568164061
0.00016608400568164061
0.00016608400568164061
0.00016608400568164061
0.00016608400568164061
0.00016608400568163861
0.00016608400568163883
0.00016608400568163861
0.00016608400568164075
0.00016608400568163861
0.00016608400568163883
0.00016608400568163861
0.00016608400568163761
0.00016608400568164097
0.00016608400568163761
0.00016608400568163761
0.00016608400568163761
0.00016608400568164097
0.00016608400568163761
0.00016608400568163761
0.00016608400568163761
0.00016608400568164097
0.00016608400568163761
0.00016608400568163761
0.00016608400568163761
0.00016608400568163999
0.00016608400568164005
0.00016608400568163999
0.00016608400568163999
0.00016608400568164005
0.00016608400568163999
0.00016608400568163999
0.00016608400568164005
0.00016608400568163999
0.00016608400568164005
0.00016608400568163999
0.00016608400568163999
0.00016608400568164005
0.00016608400568163999
0.00016608400568163999
0.00016608400568164005
0.00016608400568163999
0.00016608400568164005
0.00016608400568163999
0.00016608400568163999
0.00016608400568164005
0.00016608400568163999
0.00016608400568164005
0.00016608400568163999
0.00016608400568163999
0.00016608400568163815
0.00016608400568164005
0.00016608400568164005
0.00016608400568163815
0.00016608400568164005
0.00016608400568164005
0.00016608400568163815
0.00016608400568164005
0.00016608400568164005
0.00016608400568163815
0.00016608400568164005
0.00016608400568164005
0.00016608400568163815
0.00016608400568164005
0.00016608400568164005
0.00016608400568163815
0.00016608400568164005
0.00016608400568163815
0.00016608400568164005
0.00016608400568164005
0.00016608400568164005
0.00016608400568164005
0.00016608400568164005
0.00016608400568164005
0.00016608400568164005
0.00016608400568164005
0.00016608400568164005
0.00016608400568164005
0.00016608400568164005
0.00016608400568164005
0.00016608400568164005
0.00016608400568164005
0.00016608400568164005
0.00016608400568164005
0.00016608400568164005
0.00016608400568164005
0.00016608400568164005
0.00016608400568164005
0.00016608400568164005
0.00016608400568164005
0.00016608400568164005
0.00016608400568164005
0.00016608400568164005
0.00016608400568164005
0.00016608400568164005
0.00016608400568164005
0.00016608400568163815
0.00016608400568164005
0.00016608400568164005
0.00016608400568163815
0.00016608400568164005
0.00016608400568164005
0.00016608400568163907
0.00016608400568164005
0.00016608400568163907
0.00016608400568163809
0.00016608400568164005
0.00016608400568163907
0.00016608400568163809
0.00016608400568164005
0.00016608400568163907
0.00016608400568163809
0.00016608400568164005
0.00016608400568163907
0.00016608400568163809
0.00016608400568164005
0.00016608400568163907
0.00016608400568163809
0.00016608400568164005
0.00016608400568163907
0.00016608400568163809
0.00016608400568164005
0.00016608400568163907
0.00016608400568163809
0.00016608400568164005
0.00016608400568163907
0.00016608400568163809
0.00016608400568164005
0.00016608400568163907
0.00016608400568163809
0.00016608400568164005
0.00016608400568163907
0.00016608400568163809
0.00016608400568164005
0.00016608400568163907
0.00016608400568163809
0.00016608400568163907
0.00016608400568164005
0.00016608400568163809
0.00016608400568163907
0.00016608400568164005
0.00016608400568163809
0.00016608400568163907
0.00016608400568164005
0.00016608400568163809
0.00016608400568163907
0.00016608400568164005
0.00016608400568163809
0.00016608400568163907
0.00016608400568164005
0.00016608400568163809
0.00016608400568163907
0.00016608400568164005
0.00016608400568163809
0.00016608400568163907
0.00016608400568164005
0.00016608400568163809
0.00016608400568163907
0.00016608400568164005
0.00016608400568163809
0.00016608400568163907
0.00016608400568164005
0.00016608400568163809
0.00016608400568163907
0.00016608400568164005
0.00016608400568163907
0.00016608400568164005
0.00016608400568164005
0.00016608400568163907
0.00016608400568164005
0.00016608400568164005
0.00016608400568163907
0.00016608400568164005
0.00016608400568164005
0.00016608400568163907
0.00016608400568164005
0.00016608400568164005
0.00016608400568163907
0.00016608400568164005
0.00016608400568164005
0.00016608400568163907
0.00016608400568164005
0.00016608400568164005
0.00016608400568163907
0.00016608400568164005
0.00016608400568164005
0.00016608400568163907
0.00016608400568164005
0.00016608400568164005
0.00016608400568163907
0.00016608400568164005
0.00016608400568164005
0.00016608400568163907
0.00016608400568164005
0.00016608400568163907
0.00016608400568164005
0.00016608400568164005
0.00016608400568163907
0.00016608400568164005
0.00016608400568164005
0.00016608400568163907
0.00016608400568164005
0.00016608400568164005
0.00016608400568163907
0.00016608400568164571
0.00016608400568163815
0.00016608400568163717
0.00016608400568164571
0.00016608400568163815
0.00016608400568163717
0.00016608400568163815
0.00016608400568164571
0.00016608400568163717
0.00016608400568163815
0.00016608400568164571
0.00016608400568163717
0.00016608400568163815
0.00016608400568164571
0.00016608400568163717
0.00016608400568163815
0.00016608400568164571
0.00016608400568163717
0.00016608400568163815
0.00016608400568164571
0.00016608400568163717
0.00016608400568163815
0.00016608400568164571
0.00016608400568163717
0.00016608400568163815
0.00016608400568164571
0.00016608400568163717
0.00016608400568163815
0.00016608400568164571
0.00016608400568163717
0.00016608400568163815
0.00016608400568164571
0.00016608400568163717
0.00016608400568163815
0.00016608400568164571
0.00016608400568163717
0.00016608400568163677
0.00016608400568163677
0.00016608400568163872
0.00016608400568163677
0.00016608400568163872
0.00016608400568163872
0.00016608400568163858
0.00016608400568163883
0.00016608400568163858
0.00016608400568163883
0.00016608400568163858
0.00016608400568163883
0.00016608400568163858
0.00016608400568163858
0.00016608400568163714
0.00016608400568163858
0.00016608400568163858
0.00016608400568163858
0.00016608400568163714
0.00016608400568163858
0.00016608400568163858
0.00016608400568163858
0.00016608400568163714
0.00016608400568163858
0.00016608400568163858
0.00016608400568163858
0.00016608400568163714
0.0001660840056816362
0.00016608400568163714
0.00016608400568163714
0.0001660840056816362
0.00016608400568163714
0.00016608400568163714
0.0001660840056816362
0.00016608400568163714
0.0001660840056816362
0.00016608400568163714
0.00016608400568163714
0.0001660840056816362
0.00016608400568163714
0.00016608400568163714
0.0001660840056816362
0.00016608400568163714
0.0001660840056816362
0.00016608400568163714
0.00016608400568163714
0.0001660840056816362
0.00016608400568163714
0.0001660840056816362
0.00016608400568163714
0.00016608400568163714
0.00016608400568163809
0.0001660840056816362
0.00016608400568163999
0.00016608400568163809
0.0001660840056816362
0.00016608400568163999
0.00016608400568163809
0.0001660840056816362
0.00016608400568163999
0.00016608400568163809
0.0001660840056816362
0.00016608400568163999
0.00016608400568163809
0.0001660840056816362
0.00016608400568163999
0.00016608400568163809
0.0001660840056816362
0.00016608400568163809
0.00016608400568163999
0.0001660840056816362
0.0001660840056816362
0.00016608400568163999
0.0001660840056816362
0.0001660840056816362
0.00016608400568163999
0.0001660840056816362
0.0001660840056816362
0.00016608400568163999
0.0001660840056816362
0.0001660840056816362
0.00016608400568163999
0.0001660840056816362
0.0001660840056816362
0.0001660840056816362
0.00016608400568163999
0.0001660840056816362
0.0001660840056816362
0.00016608400568163999
0.0001660840056816362
0.0001660840056816362
0.00016608400568163999
0.0001660840056816362
0.0001660840056816362
0.00016608400568163999
0.0001660840056816362
0.0001660840056816362
0.00016608400568163809
0.00016608400568163999
0.0001660840056816362
0.00016608400568163809
0.00016608400568163999
0.00016608400568163999
0.0001660840056816343
0.00016608400568163999
0.0001660840056816343
0.00016608400568163999
0.00016608400568163999
0.0001660840056816343
0.00016608400568163999
0.00016608400568163999
0.0001660840056816343
0.00016608400568163999
0.00016608400568163999
0.0001660840056816343
0.00016608400568163999
0.00016608400568163999
0.0001660840056816343
0.00016608400568163999
0.00016608400568163999
0.0001660840056816343
0.00016608400568163999
0.00016608400568163999
0.0001660840056816343
0.00016608400568163999
0.00016608400568163999
0.0001660840056816343
0.00016608400568163999
0.00016608400568163999
0.0001660840056816343
0.00016608400568163999
0.00016608400568163999
0.0001660840056816343
0.00016608400568163999
0.00016608400568163999
0.0001660840056816343
0.00016608400568163999
0.0001660840056816343
0.00016608400568163999
0.00016608400568163999
0.0001660840056816343
0.00016608400568163999
0.00016608400568163999
0.0001660840056816343
0.00016608400568163999
0.00016608400568163999
0.0001660840056816343
0.00016608400568163999
0.00016608400568163999
0.0001660840056816343
0.00016608400568163999
0.00016608400568163999
0.0001660840056816343
0.00016608400568163999
0.00016608400568163999
0.0001660840056816343
0.00016608400568163999
0.00016608400568163999
0.0001660840056816343
0.00016608400568163999
0.00016608400568163999
0.0001660840056816343
0.00016608400568163999
0.00016608400568163999
0.0001660840056816343
0.00016608400568163999
0.0001660840056816343
0.00016608400568163999
0.00016608400568163999
0.0001660840056816343
0.00016608400568163999
0.00016608400568163999
0.0001660840056816343
0.00016608400568163999
0.00016608400568163999
0.0001660840056816343
0.00016608400568163999
0.00016608400568163999
0.0001660840056816343
0.00016608400568163999
0.00016608400568163999
0.0001660840056816343
0.00016608400568163999
0.00016608400568163999
0.0001660840056816343
0.00016608400568163999
0.00016608400568163999
0.0001660840056816343
0.00016608400568163999
0.00016608400568163999
0.0001660840056816343
0.00016608400568163999
0.00016608400568163999
0.0001660840056816343
0.00016608400568163999
0.0001660840056816343
0.00016608400568163999
0.00016608400568163999
0.0001660840056816343
0.00016608400568163999
0.00016608400568163999
0.0001660840056816343
0.00016608400568163999
0.00016608400568163999
0.0001660840056816343
0.00016608400568164189
0.0001660840056816362
0.0001660840056816362
0.00016608400568164189
0.0001660840056816362
0.0001660840056816362
0.0001660840056816362
0.00016608400568164189
0.0001660840056816362
0.0001660840056816362
0.00016608400568164189
0.0001660840056816362
0.0001660840056816362
0.00016608400568164189
0.0001660840056816362
0.0001660840056816362
0.00016608400568164189
0.0001660840056816362
0.0001660840056816362
0.00016608400568164189
0.0001660840056816362
0.0001660840056816362
0.00016608400568164189
0.0001660840056816362
0.0001660840056816362
0.00016608400568164189
0.0001660840056816362
0.0001660840056816362
0.00016608400568164189
0.0001660840056816362
0.0001660840056816362
0.00016608400568164189
0.0001660840056816362
0.0001660840056816362
0.00016608400568164189
0.0001660840056816362
0.00016608400568164061
0.00016608400568164061
0.00016608400568163677
0.00016608400568164257
0.00016608400568163677
0.00016608400568163677
0.00016608400568164051
0.00016608400568164075
0.00016608400568164051
0.00016608400568164075
0.00016608400568164051
0.00016608400568164075
0.00016608400568164051
0.00016608400568164051
0.00016608400568163907
0.00016608400568164051
0.00016608400568164051
0.00016608400568164051
0.00016608400568163907
0.00016608400568164051
0.00016608400568164051
0.00016608400568164051
0.00016608400568163907
0.00016608400568164051
0.00016608400568164051
0.00016608400568164051
0.00016608400568164097
0.00016608400568164005
0.00016608400568164097
0.00016608400568164097
0.00016608400568164005
0.00016608400568164097
0.00016608400568164097
0.00016608400568164005
0.00016608400568164097
0.00016608400568164005
0.00016608400568164097
0.00016608400568164097
0.00016608400568164005
0.00016608400568164097
0.00016608400568164097
0.00016608400568164005
0.00016608400568164097
0.00016608400568164005
0.00016608400568164097
0.00016608400568164097
0.00016608400568164005
0.00016608400568164097
0.00016608400568164005
0.00016608400568164097
0.00016608400568164097
0.00016608400568164005
0.00016608400568164005
0.00016608400568163999
0.00016608400568164005
0.00016608400568164005
0.00016608400568163999
0.00016608400568164005
0.00016608400568164005
0.00016608400568163999
0.00016608400568164005
0.00016608400568164005
0.00016608400568163999
0.00016608400568164005
0.00016608400568164005
0.00016608400568163999
0.00016608400568164005
0.00016608400568164005
0.00016608400568164005
0.00016608400568163999
0.00016608400568164005
0.00016608400568164005
0.00016608400568163999
0.00016608400568164005
0.00016608400568164005
0.00016608400568163999
0.00016608400568164005
0.00016608400568164005
0.00016608400568163999
0.00016608400568164005
0.00016608400568164005
0.00016608400568163999
0.00016608400568164005
0.00016608400568164005
0.00016608400568164005
0.00016608400568163999
0.00016608400568164005
0.00016608400568164005
0.00016608400568163999
0.00016608400568164005
0.00016608400568164005
0.00016608400568163999
0.00016608400568164005
0.00016608400568164005
0.00016608400568163999
0.00016608400568164005
0.00016608400568164005
0.00016608400568164005
0.00016608400568163999
0.00016608400568164005
0.00016608400568164005
0.00016608400568163999
0.00016608400568163999
0.00016608400568163815
0.00016608400568164189
0.00016608400568163815
0.00016608400568164189
0.00016608400568164189
0.00016608400568163815
0.00016608400568164189
0.00016608400568164189
0.00016608400568163815
0.00016608400568164189
0.00016608400568164189
0.00016608400568163815
0.00016608400568164189
0.00016608400568164189
0.00016608400568163815
0.00016608400568164189
0.00016608400568164189
0.00016608400568163815
0.00016608400568164189
0.00016608400568164189
0.00016608400568163815
0.00016608400568164189
0.00016608400568164189
0.00016608400568163815
0.00016608400568164189
0.00016608400568164189
0.00016608400568163815
0.00016608400568164189
0.00016608400568164189
0.00016608400568163815
0.00016608400568164189
0.00016608400568164189
0.00016608400568163815
0.00016608400568164189
0.00016608400568163815
0.00016608400568164189
0.00016608400568164189
0.00016608400568163815
0.00016608400568164189
0.00016608400568164189
0.00016608400568163815
0.00016608400568164189
0.00016608400568164189
0.00016608400568163815
0.00016608400568164189
0.00016608400568164189
0.00016608400568163815
0.00016608400568164189
0.00016608400568164189
0.00016608400568163815
0.00016608400568164189
0.00016608400568164189
0.00016608400568163815
0.00016608400568164189
0.00016608400568164189
0.00016608400568163815
0.00016608400568164189
0.00016608400568164189
0.00016608400568163815
0.00016608400568164189
0.00016608400568164189
0.00016608400568163815
0.00016608400568164189
0.00016608400568163815
0.00016608400568164189
0.00016608400568164189
0.00016608400568163815
0.00016608400568164189
0.00016608400568164189
0.00016608400568163815
0.00016608400568164189
0.00016608400568164189
0.00016608400568163815
0.00016608400568164189
0.00016608400568164189
0.00016608400568163815
0.00016608400568164189
0.00016608400568164189
0.00016608400568163815
0.00016608400568164189
0.00016608400568164189
0.00016608400568163815
0.00016608400568164189
0.00016608400568164189
0.00016608400568163815
0.00016608400568164189
0.00016608400568164189
0.00016608400568163815
0.00016608400568164189
0.00016608400568164189
0.00016608400568163815
0.00016608400568164189
0.00016608400568163815
0.00016608400568164189
0.00016608400568164189
0.00016608400568163815
0.00016608400568164189
0.00016608400568164189
0.00016608400568163815
0.00016608400568164189
0.00016608400568164189
0.00016608400568163815
0.00016608400568164379
0.00016608400568163815
0.00016608400568164007
0.00016608400568164379
0.00016608400568163815
0.00016608400568164007
0.00016608400568163815
0.00016608400568164379
0.00016608400568164007
0.00016608400568163815
0.00016608400568164379
0.00016608400568164007
0.00016608400568163815
0.00016608400568164379
0.00016608400568164007
0.00016608400568163815
0.00016608400568164379
0.00016608400568164007
0.00016608400568163815
0.00016608400568164379
0.00016608400568164007
0.00016608400568163815
0.00016608400568164379
0.00016608400568164007
0.00016608400568163815
0.00016608400568164379
0.00016608400568164007
0.00016608400568163815
0.00016608400568164379
0.00016608400568164007
0.00016608400568163815
0.00016608400568164379
0.00016608400568164007
0.00016608400568163815
0.00016608400568164379
0.00016608400568164007
0.00016608400568163677
0.00016608400568163677
0.00016608400568163872
0.00016608400568163484
0.00016608400568163872
0.00016608400568163872
0.00016608400568163858
0.00016608400568163693
0.00016608400568163858
0.00016608400568163693
0.00016608400568163858
0.00016608400568163693
0.00016608400568163858
0.00016608400568163858
0.00016608400568163907
0.00016608400568163858
0.00016608400568163858
0.00016608400568163858
0.00016608400568163907
0.00016608400568163858
0.00016608400568163858
0.00016608400568163858
0.00016608400568163907
0.00016608400568163858
0.00016608400568163858
0.00016608400568163858
0.00016608400568163714
0.0001660840056816362
0.00016608400568163907
0.00016608400568163714
0.0001660840056816362
0.00016608400568163907
0.00016608400568163714
0.0001660840056816362
0.00016608400568163907
0.0001660840056816362
0.00016608400568163714
0.00016608400568163907
0.0001660840056816362
0.00016608400568163714
0.00016608400568163907
0.0001660840056816362
0.00016608400568163714
0.0001660840056816362
0.00016608400568163907
0.00016608400568163714
0.0001660840056816362
0.00016608400568163907
0.0001660840056816362
0.00016608400568163714
0.00016608400568163907
0.0001660840056816362
0.0001660840056816362
0.00016608400568163999
0.0001660840056816362
0.0001660840056816362
0.00016608400568163999
0.0001660840056816362
0.0001660840056816362
0.00016608400568163999
0.0001660840056816362
0.0001660840056816362
0.00016608400568163999
0.0001660840056816362
0.0001660840056816362
0.00016608400568163999
0.0001660840056816362
0.0001660840056816362
0.0001660840056816362
0.00016608400568163999
0.0001660840056816362
0.0001660840056816362
0.00016608400568163999
0.0001660840056816362
0.0001660840056816362
0.00016608400568163999
0.0001660840056816362
0.0001660840056816362
0.00016608400568163999
0.0001660840056816362
0.0001660840056816362
0.00016608400568163999
0.0001660840056816362
0.0001660840056816362
0.0001660840056816362
0.00016608400568163999
0.0001660840056816362
0.0001660840056816362
0.00016608400568163999
0.0001660840056816362
0.0001660840056816362
0.00016608400568163999
0.0001660840056816362
0.0001660840056816362
0.00016608400568163999
0.0001660840056816362
0.0001660840056816362
0.0001660840056816362
0.00016608400568163999
0.0001660840056816362
0.0001660840056816362
0.00016608400568163999
0.00016608400568163999
0.0001660840056816343
0.00016608400568163999
0.0001660840056816343
0.00016608400568163999
0.00016608400568163999
0.0001660840056816343
0.00016608400568163999
0.00016608400568163999
0.0001660840056816343
0.00016608400568163999
0.00016608400568163999
0.0001660840056816343
0.00016608400568163999
0.00016608400568163999
0.0001660840056816343
0.00016608400568163999
0.00016608400568163999
0.0001660840056816343
0.00016608400568163999
0.00016608400568163999
0.0001660840056816343
0.00016608400568163999
0.00016608400568163999
0.0001660840056816343
0.00016608400568163999
0.00016608400568163999
0.0001660840056816343
0.00016608400568163999
0.00016608400568163999
0.0001660840056816343
0.00016608400568163999
0.00016608400568163999
0.0001660840056816343
0.00016608400568163999
0.0001660840056816343
0.00016608400568163999
0.00016608400568163999
0.0001660840056816343
0.00016608400568163999
0.00016608400568163999
0.0001660840056816343
0.00016608400568163999
0.00016608400568163999
0.0001660840056816343
0.00016608400568163999
0.00016608400568163999
0.0001660840056816343
0.00016608400568163999
0.00016608400568163999
0.0001660840056816343
0.00016608400568163999
0.00016608400568163999
0.0001660840056816343
0.00016608400568163999
0.00016608400568163999
0.0001660840056816343
0.00016608400568163999
0.00016608400568163999
0.0001660840056816343
0.00016608400568163999
0.00016608400568163999
0.0001660840056816343
0.00016608400568163999
0.0001660840056816343
0.00016608400568163999
0.00016608400568163999
0.0001660840056816343
0.00016608400568163999
0.00016608400568163999
0.0001660840056816343
0.00016608400568163999
0.00016608400568163999
0.0001660840056816343
0.00016608400568163999
0.00016608400568163999
0.0001660840056816343
0.00016608400568163999
0.00016608400568163999
0.0001660840056816343
0.00016608400568163999
0.00016608400568163999
0.0001660840056816343
0.00016608400568163999
0.00016608400568163999
0.0001660840056816343
0.00016608400568163999
0.00016608400568163999
0.0001660840056816343
0.00016608400568163999
0.00016608400568163999
0.0001660840056816343
0.00016608400568163999
0.0001660840056816343
0.00016608400568163999
0.00016608400568163999
0.0001660840056816343
0.00016608400568163999
0.00016608400568163999
0.0001660840056816343
0.00016608400568163999
0.00016608400568163999
0.0001660840056816343
0.00016608400568164571
0.0001660840056816343
0.00016608400568163235
0.00016608400568164571
0.0001660840056816343
0.00016608400568163235
0.0001660840056816343
0.00016608400568164571
0.00016608400568163235
0.0001660840056816343
0.00016608400568164571
0.00016608400568163235
0.0001660840056816343
0.00016608400568164571
0.00016608400568163235
0.0001660840056816343
0.00016608400568164571
0.00016608400568163235
0.0001660840056816343
0.00016608400568164571
0.00016608400568163235
0.0001660840056816343
0.00016608400568164571
0.00016608400568163235
0.0001660840056816343
0.00016608400568164571
0.00016608400568163235
0.0001660840056816343
0.00016608400568164571
0.00016608400568163235
0.0001660840056816343
0.00016608400568164571
0.00016608400568163235
0.0001660840056816343
0.00016608400568164571
0.00016608400568163235
0.00016608400568163872
0.00016608400568163872
0.00016608400568163872
0.00016608400568164061
0.00016608400568163872
0.00016608400568163872
0.00016608400568163668
0.00016608400568164075
0.00016608400568163668
0.00016608400568164075
0.00016608400568163668
0.00016608400568164075
0.00016608400568163668
0.00016608400568163858
0.00016608400568163907
0.00016608400568163858
0.00016608400568163858
0.00016608400568163858
0.00016608400568163907
0.00016608400568163858
0.00016608400568163858
0.00016608400568163858
0.00016608400568163907
0.00016608400568163858
0.00016608400568163858
0.00016608400568163858
0.00016608400568164097
0.00016608400568164005
0.00016608400568163714
0.00016608400568164097
0.00016608400568164005
0.00016608400568163714
0.00016608400568164097
0.00016608400568164005
0.00016608400568163714
0.00016608400568164005
0.00016608400568164097
0.00016608400568163714
0.00016608400568164005
0.00016608400568164097
0.00016608400568163714
0.00016608400568164005
0.00016608400568164097
0.00016608400568164005
0.00016608400568163714
0.00016608400568164097
0.00016608400568164005
0.00016608400568163714
0.00016608400568164005
0.00016608400568164097
0.00016608400568163714
0.00016608400568164005
0.00016608400568164005
0.00016608400568164189
0.00016608400568164005
0.00016608400568164005
0.00016608400568164189
0.00016608400568164005
0.00016608400568164005
0.00016608400568164189
0.00016608400568164005
0.00016608400568164005
0.00016608400568164189
0.00016608400568164005
0.00016608400568164005
0.00016608400568164189
0.00016608400568164005
0.00016608400568164005
0.00016608400568164005
0.00016608400568164189
0.00016608400568164005
0.00016608400568164005
0.00016608400568164189
0.00016608400568164005
0.00016608400568164005
0.00016608400568164189
0.00016608400568164005
0.00016608400568164005
0.00016608400568164189
0.00016608400568164005
0.00016608400568164005
0.00016608400568164189
0.00016608400568164005
0.00016608400568164005
0.00016608400568164005
0.00016608400568164189
0.00016608400568164005
0.00016608400568164005
0.00016608400568164189
0.00016608400568164005
0.00016608400568164005
0.00016608400568164189
0.00016608400568164005
0.00016608400568164005
0.00016608400568164189
0.00016608400568164005
0.00016608400568164005
0.00016608400568164005
0.00016608400568164189
0.00016608400568164005
0.00016608400568164005
0.00016608400568164189
0.00016608400568164189
0.00016608400568163815
0.00016608400568164189
0.00016608400568163815
0.00016608400568164189
0.00016608400568164189
0.00016608400568163815
0.00016608400568164189
0.00016608400568164189
0.00016608400568163815
0.00016608400568164189
0.00016608400568164189
0.00016608400568163815
0.00016608400568164189
0.00016608400568164189
0.00016608400568163815
0.00016608400568164189
0.00016608400568164189
0.00016608400568163815
0.00016608400568164189
0.00016608400568164189
0.00016608400568163815
0.00016608400568164189
0.00016608400568164189
0.00016608400568163815
0.00016608400568164189
0.00016608400568164189
0.00016608400568163815
0.00016608400568164189
0.00016608400568164189
0.00016608400568163815
0.00016608400568164189
0.00016608400568164189
0.00016608400568163815
0.00016608400568164189
0.00016608400568163815
0.00016608400568164189
0.00016608400568164189
0.00016608400568163815
0.00016608400568164189
0.00016608400568164189
0.00016608400568163815
0.00016608400568164189
0.00016608400568164189
0.00016608400568163815
0.00016608400568164189
0.00016608400568164189
0.00016608400568163815
0.00016608400568164189
0.00016608400568164189
0.00016608400568163815
0.00016608400568164189
0.00016608400568164189
0.00016608400568163815
0.00016608400568164189
0.00016608400568164189
0.00016608400568163815
0.00016608400568164189
0.00016608400568164189
0.00016608400568163815
0.00016608400568164189
0.00016608400568164189
0.00016608400568163815
0.00016608400568164189
0.00016608400568163815
0.00016608400568164189
0.00016608400568164189
0.00016608400568163815
0.00016608400568164189
0.00016608400568164189
0.00016608400568163815
0.00016608400568164189
0.00016608400568164189
0.00016608400568163815
0.00016608400568164189
0.00016608400568164189
0.00016608400568163815
0.00016608400568164189
0.00016608400568164189
0.00016608400568163815
0.00016608400568164189
0.00016608400568164189
0.00016608400568163815
0.00016608400568164189
0.00016608400568164189
0.00016608400568163815
0.00016608400568164189
0.00016608400568164189
0.00016608400568163815
0.00016608400568164189
0.00016608400568164189
0.00016608400568163815
0.00016608400568164189
0.00016608400568163815
0.00016608400568164189
0.00016608400568164189
0.00016608400568163815
0.00016608400568164189
0.00016608400568164189
0.00016608400568163815
0.00016608400568164189
0.00016608400568164189
0.00016608400568163815
0.00016608400568164379
0.0001660840056816362
0.00016608400568163815
0.00016608400568164379
0.0001660840056816362
0.00016608400568163815
0.0001660840056816362
0.00016608400568164379
0.00016608400568163815
0.0001660840056816362
0.00016608400568164379
0.00016608400568163815
0.0001660840056816362
0.00016608400568164379
0.00016608400568163815
0.0001660840056816362
0.00016608400568164379
0.00016608400568163815
0.0001660840056816362
0.00016608400568164379
0.00016608400568163815
0.0001660840056816362
0.00016608400568164379
0.00016608400568163815
0.0001660840056816362
0.00016608400568164379
0.00016608400568163815
0.0001660840056816362
0.00016608400568164379
0.00016608400568163815
0.0001660840056816362
0.00016608400568164379
0.00016608400568163815
0.0001660840056816362
0.00016608400568164379
0.00016608400568163815
0.00016608400568163872
0.00016608400568163872
0.00016608400568163872
0.00016608400568163677
0.00016608400568163872
0.00016608400568163872
0.00016608400568163858
0.00016608400568163693
0.00016608400568163858
0.00016608400568163498
0.00016608400568163858
0.00016608400568163693
0.00016608400568163858
0.00016608400568163668
0.00016608400568163907
0.00016608400568163668
0.00016608400568163668
0.00016608400568163668
0.00016608400568163907
0.00016608400568163668
0.00016608400568163668
0.00016608400568163668
0.00016608400568163907
0.00016608400568163668
0.00016608400568163668
0.00016608400568163668
0.00016608400568163907
0.0001660840056816362
0.00016608400568164097
0.00016608400568163907
0.0001660840056816362
0.00016608400568164097
0.00016608400568163907
0.0001660840056816362
0.00016608400568164097
0.00016608400568163809
0.00016608400568163907
0.00016608400568164097
0.00016608400568163809
0.00016608400568163907
0.00016608400568164097
0.00016608400568163809
0.00016608400568163907
0.0001660840056816362
0.00016608400568164097
0.00016608400568163907
0.0001660840056816362
0.00016608400568164097
0.0001660840056816362
0.00016608400568163907
0.00016608400568164097
0.00016608400568163809
0.00016608400568163809
0.00016608400568163611
0.00016608400568163809
0.00016608400568163809
0.00016608400568163611
0.00016608400568163809
0.00016608400568163809
0.00016608400568163611
0.00016608400568163809
0.00016608400568163809
0.00016608400568163611
0.00016608400568163809
0.00016608400568163809
0.00016608400568163611
0.00016608400568163809
0.00016608400568163809
0.00016608400568163809
0.00016608400568163611
0.00016608400568163809
0.00016608400568163809
0.00016608400568163611
0.00016608400568163809
0.00016608400568163809
0.00016608400568163611
0.00016608400568163809
0.00016608400568163809
0.00016608400568163611
0.00016608400568163809
0.00016608400568163809
0.00016608400568163611
0.00016608400568163809
0.00016608400568163809
0.00016608400568163809
0.00016608400568163611
0.00016608400568163809
0.00016608400568163809
0.00016608400568163611
0.00016608400568163809
0.00016608400568163809
0.00016608400568163611
0.00016608400568163809
0.00016608400568163809
0.00016608400568163611
0.00016608400568163809
0.00016608400568163809
0.00016608400568163809
0.00016608400568163611
0.00016608400568163809
0.00016608400568163809
0.00016608400568163611
0.00016608400568163611
0.0001660840056816343
0.00016608400568163611
0.0001660840056816343
0.00016608400568163611
0.00016608400568163611
0.0001660840056816343
0.00016608400568163611
0.00016608400568163611
0.0001660840056816343
0.00016608400568163611
0.00016608400568163611
0.0001660840056816343
0.00016608400568163611
0.00016608400568163611
0.0001660840056816343
0.00016608400568163611
0.00016608400568163611
0.0001660840056816343
0.00016608400568163611
0.00016608400568163611
0.0001660840056816343
0.00016608400568163611
0.00016608400568163611
0.0001660840056816343
0.00016608400568163611
0.00016608400568163611
0.0001660840056816343
0.00016608400568163611
0.00016608400568163611
0.0001660840056816343
0.00016608400568163611
0.00016608400568163611
0.0001660840056816343
0.00016608400568163611
0.0001660840056816343
0.00016608400568163611
0.00016608400568163611
0.0001660840056816343
0.00016608400568163611
0.00016608400568163611
0.0001660840056816343
0.00016608400568163611
0.00016608400568163611
0.0001660840056816343
0.00016608400568163611
0.00016608400568163611
0.0001660840056816343
0.00016608400568163611
0.00016608400568163611
0.0001660840056816343
0.00016608400568163611
0.00016608400568163611
0.0001660840056816343
0.00016608400568163611
0.00016608400568163611
0.0001660840056816343
0.00016608400568163611
0.00016608400568163611
0.0001660840056816343
0.00016608400568163611
0.00016608400568163611
0.0001660840056816343
0.00016608400568163611
0.0001660840056816343
0.00016608400568163611
0.00016608400568163611
0.0001660840056816343
0.00016608400568163611
0.00016608400568163611
0.0001660840056816343
0.00016608400568163611
0.00016608400568163611
0.0001660840056816343
0.00016608400568163611
0.00016608400568163611
0.0001660840056816343
0.00016608400568163611
0.00016608400568163611
0.0001660840056816343
0.00016608400568163611
0.00016608400568163611
0.0001660840056816343
0.00016608400568163611
0.00016608400568163611
0.0001660840056816343
0.00016608400568163611
0.00016608400568163611
0.0001660840056816343
0.00016608400568163611
0.00016608400568163611
0.0001660840056816343
0.00016608400568163611
0.0001660840056816343
0.00016608400568163611
0.00016608400568163611
0.0001660840056816343
0.00016608400568163611
0.00016608400568163611
0.0001660840056816343
0.00016608400568163611
0.00016608400568163611
0.0001660840056816343
0.00016608400568164189
0.0001660840056816343
0.0001660840056816343
0.00016608400568164189
0.0001660840056816343
0.0001660840056816343
0.0001660840056816343
0.00016608400568164189
0.0001660840056816343
0.0001660840056816343
0.00016608400568164189
0.0001660840056816343
0.0001660840056816343
0.00016608400568164189
0.0001660840056816343
0.0001660840056816343
0.00016608400568164189
0.0001660840056816343
0.0001660840056816343
0.00016608400568164189
0.0001660840056816343
0.0001660840056816343
0.00016608400568164189
0.0001660840056816343
0.0001660840056816343
0.00016608400568164189
0.0001660840056816343
0.0001660840056816343
0.00016608400568164189
0.0001660840056816343
0.0001660840056816343
0.00016608400568164189
0.0001660840056816343
0.0001660840056816343
0.00016608400568164189
0.0001660840056816343
0.00016608400568164061
0.00016608400568164061
0.00016608400568164061
0.00016608400568164061
0.00016608400568164061
0.00016608400568164061
0.00016608400568164051
0.00016608400568164075
0.00016608400568164051
0.00016608400568164075
0.00016608400568164051
0.00016608400568164075
0.00016608400568164051
0.00016608400568164051
0.00016608400568163907
0.00016608400568164051
0.00016608400568164051
0.00016608400568164051
0.00016608400568163907
0.00016608400568164051
0.00016608400568164051
0.00016608400568164051
0.00016608400568163907
0.00016608400568164051
0.00016608400568164051
0.00016608400568164051
0.00016608400568163714
0.00016608400568164005
0.00016608400568163714
0.00016608400568163714
0.00016608400568164005
0.00016608400568163714
0.00016608400568163714
0.00016608400568164005
0.00016608400568163714
0.00016608400568163809
0.00016608400568163714
0.00016608400568163714
0.00016608400568163809
0.00016608400568163714
0.00016608400568163714
0.00016608400568163809
0.00016608400568163714
0.00016608400568164005
0.00016608400568163714
0.00016608400568163714
0.00016608400568164005
0.00016608400568163714
0.00016608400568164005
0.00016608400568163714
0.00016608400568163714
0.00016608400568163809
0.00016608400568163809
0.00016608400568164189
0.00016608400568163809
0.00016608400568163809
0.00016608400568164189
0.00016608400568163809
0.00016608400568163809
0.00016608400568164189
0.00016608400568163809
0.00016608400568163809
0.00016608400568164189
0.00016608400568163809
0.00016608400568163809
0.00016608400568164189
0.00016608400568163809
0.00016608400568163809
0.00016608400568163809
0.00016608400568164189
0.00016608400568163809
0.00016608400568163809
0.00016608400568164189
0.00016608400568163809
0.00016608400568163809
0.00016608400568164189
0.00016608400568163809
0.00016608400568163809
0.00016608400568164189
0.00016608400568163809
0.00016608400568163809
0.00016608400568164189
0.00016608400568163809
0.00016608400568163809
0.00016608400568163809
0.00016608400568164189
0.00016608400568163809
0.00016608400568163809
0.00016608400568164189
0.00016608400568163809
0.00016608400568163809
0.00016608400568164189
0.00016608400568163809
0.00016608400568163809
0.00016608400568164189
0.00016608400568163809
0.00016608400568163809
0.00016608400568163809
0.00016608400568164189
0.00016608400568163809
0.00016608400568163809
0.00016608400568164189
0.00016608400568164189
0.00016608400568163815
0.00016608400568164189
0.00016608400568163815
0.00016608400568164189
0.00016608400568164189
0.00016608400568163815
0.00016608400568164189
0.00016608400568164189
0.00016608400568163815
0.00016608400568164189
0.00016608400568164189
0.00016608400568163815
0.00016608400568164189
0.00016608400568164189
0.00016608400568163815
0.00016608400568164189
0.00016608400568164189
0.00016608400568163815
0.00016608400568164189
0.00016608400568164189
0.00016608400568163815
0.00016608400568164189
0.00016608400568164189
0.00016608400568163815
0.00016608400568164189
0.00016608400568164189
0.00016608400568163815
0.00016608400568164189
0.00016608400568164189
0.00016608400568163815
0.00016608400568164189
0.00016608400568164189
0.00016608400568163815
0.00016608400568164189
0.00016608400568163815
0.00016608400568164189
0.00016608400568164189
0.00016608400568163815
0.00016608400568164189
0.00016608400568164189
0.00016608400568163815
0.00016608400568164189
0.00016608400568164189
0.00016608400568163815
0.00016608400568164189
0.00016608400568164189
0.00016608400568163815
0.00016608400568164189
0.00016608400568164189
0.00016608400568163815
0.00016608400568164189
0.00016608400568164189
0.00016608400568163815
0.00016608400568164189
0.00016608400568164189
0.00016608400568163815
0.00016608400568164189
0.00016608400568164189
0.00016608400568163815
0.00016608400568164189
0.00016608400568164189
0.00016608400568163815
0.00016608400568164189
0.00016608400568163815
0.00016608400568164189
0.00016608400568164189
0.00016608400568163815
0.00016608400568164189
0.00016608400568164189
0.00016608400568163815
0.00016608400568164189
0.00016608400568164189
0.00016608400568163815
0.00016608400568164189
0.00016608400568164189
0.00016608400568163815
0.00016608400568164189
0.00016608400568164189
0.00016608400568163815
0.00016608400568164189
0.00016608400568164189
0.00016608400568163815
0.00016608400568164189
0.00016608400568164189
0.00016608400568163815
0.00016608400568164189
0.00016608400568164189
0.00016608400568163815
0.00016608400568164189
0.00016608400568164189
0.00016608400568163815
0.00016608400568164189
0.00016608400568163815
0.00016608400568164189
0.00016608400568164189
0.00016608400568163815
0.00016608400568164189
0.00016608400568164189
0.00016608400568163815
0.00016608400568164189
0.00016608400568164189
0.00016608400568163815
0.00016608400568164571
0.00016608400568163815
0.00016608400568163815
0.00016608400568164571
0.00016608400568163815
0.00016608400568163815
0.00016608400568163815
0.00016608400568164571
0.00016608400568163815
0.00016608400568163815
0.00016608400568164571
0.00016608400568163815
0.00016608400568163815
0.00016608400568164571
0.00016608400568163815
0.00016608400568163815
0.00016608400568164571
0.00016608400568163815
0.00016608400568163815
0.00016608400568164571
0.00016608400568163815
0.00016608400568163815
0.00016608400568164571
0.00016608400568163815
0.00016608400568163815
0.00016608400568164571
0.00016608400568163815
0.00016608400568163815
0.00016608400568164571
0.00016608400568163815
0.00016608400568163815
0.00016608400568164571
0.00016608400568163815
0.00016608400568163815
0.00016608400568164571
0.00016608400568163815
0.00016608400568163677
0.00016608400568163677
0.00016608400568163677
0.00016608400568163677
0.00016608400568163677
0.00016608400568163677
0.00016608400568163858
0.00016608400568163498
0.00016608400568163858
0.00016608400568163687
0.00016608400568163858
0.00016608400568163498
0.00016608400568163858
0.00016608400568163858
0.00016608400568163907
0.00016608400568163858
0.00016608400568163858
0.00016608400568163858
0.00016608400568163907
0.00016608400568163858
0.00016608400568163858
0.00016608400568163858
0.00016608400568163907
0.00016608400568163858
0.00016608400568163858
0.00016608400568163858
0.00016608400568164097
0.0001660840056816362
0.00016608400568163907
0.00016608400568164097
0.0001660840056816362
0.00016608400568163907
0.00016608400568164097
0.0001660840056816362
0.00016608400568163907
0.0001660840056816362
0.00016608400568164097
0.00016608400568163907
0.0001660840056816362
0.00016608400568164097
0.00016608400568163907
0.0001660840056816362
0.00016608400568164097
0.0001660840056816362
0.00016608400568163907
0.00016608400568164097
0.0001660840056816362
0.00016608400568163907
0.0001660840056816362
0.00016608400568164097
0.00016608400568163907
0.0001660840056816362
0.0001660840056816362
0.00016608400568163999
0.0001660840056816362
0.0001660840056816362
0.00016608400568163999
0.0001660840056816362
0.0001660840056816362
0.00016608400568163999
0.0001660840056816362
0.0001660840056816362
0.00016608400568163999
0.0001660840056816362
0.0001660840056816362
0.00016608400568163999
0.0001660840056816362
0.0001660840056816362
0.0001660840056816362
0.00016608400568163999
0.0001660840056816362
0.0001660840056816362
0.00016608400568163999
0.0001660840056816362
0.0001660840056816362
0.00016608400568163999
0.0001660840056816362
0.0001660840056816362
0.00016608400568163999
0.0001660840056816362
0.0001660840056816362
0.00016608400568163999
0.0001660840056816362
0.0001660840056816362
0.0001660840056816362
0.00016608400568163999
0.0001660840056816362
0.0001660840056816362
0.00016608400568163999
0.0001660840056816362
0.0001660840056816362
0.00016608400568163999
0.0001660840056816362
0.0001660840056816362
0.00016608400568163999
0.0001660840056816362
0.0001660840056816362
0.0001660840056816362
0.00016608400568163999
0.0001660840056816362
0.0001660840056816362
0.00016608400568163999
0.00016608400568163999
0.0001660840056816362
0.00016608400568163999
0.0001660840056816362
0.00016608400568163999
0.00016608400568163999
0.0001660840056816362
0.00016608400568163999
0.00016608400568163999
0.0001660840056816362
0.00016608400568163999
0.00016608400568163999
0.0001660840056816362
0.00016608400568163999
0.00016608400568163999
0.0001660840056816362
0.00016608400568163999
0.00016608400568163999
0.0001660840056816362
0.00016608400568163999
0.00016608400568163999
0.0001660840056816362
0.00016608400568163999
0.00016608400568163999
0.0001660840056816362
0.00016608400568163999
0.00016608400568163999
0.0001660840056816362
0.00016608400568163999
0.00016608400568163999
0.0001660840056816362
0.00016608400568163999
0.00016608400568163999
0.0001660840056816362
0.00016608400568163999
0.0001660840056816362
0.00016608400568163999
0.00016608400568163999
0.0001660840056816362
0.00016608400568163999
0.00016608400568163999
0.0001660840056816362
0.00016608400568163999
0.00016608400568163999
0.0001660840056816362
0.00016608400568163999
0.00016608400568163999
0.0001660840056816362
0.00016608400568163999
0.00016608400568163999
0.0001660840056816362
0.00016608400568163999
0.00016608400568163999
0.0001660840056816362
0.00016608400568163999
0.00016608400568163999
0.0001660840056816362
0.00016608400568163999
0.00016608400568163999
0.0001660840056816362
0.00016608400568163999
0.00016608400568163999
0.0001660840056816362
0.00016608400568163999
0.0001660840056816362
0.00016608400568163999
0.00016608400568163999
0.0001660840056816362
0.00016608400568163999
0.00016608400568163999
0.0001660840056816362
0.00016608400568163999
0.00016608400568163999
0.0001660840056816362
0.00016608400568163999
0.00016608400568163999
0.0001660840056816362
0.00016608400568163999
0.00016608400568163999
0.0001660840056816362
0.00016608400568163999
0.00016608400568163999
0.0001660840056816362
0.00016608400568163999
0.00016608400568163999
0.0001660840056816362
0.00016608400568163999
0.00016608400568163999
0.0001660840056816362
0.00016608400568163999
0.00016608400568163999
0.0001660840056816362
0.00016608400568163999
0.0001660840056816362
0.00016608400568163999
0.00016608400568163999
0.0001660840056816362
0.00016608400568163999
0.00016608400568163999
0.0001660840056816362
0.00016608400568163999
0.00016608400568163999
0.0001660840056816362
0.00016608400568164189
0.0001660840056816362
0.0001660840056816343
0.00016608400568164189
0.0001660840056816362
0.0001660840056816343
0.0001660840056816362
0.00016608400568164189
0.0001660840056816343
0.0001660840056816362
0.00016608400568164189
0.0001660840056816343
0.0001660840056816362
0.00016608400568164189
0.0001660840056816343
0.0001660840056816362
0.00016608400568164189
0.0001660840056816343
0.0001660840056816362
0.00016608400568164189
0.0001660840056816343
0.0001660840056816362
0.00016608400568164189
0.0001660840056816343
0.0001660840056816362
0.00016608400568164189
0.0001660840056816343
0.0001660840056816362
0.00016608400568164189
0.0001660840056816343
0.0001660840056816362
0.00016608400568164189
0.0001660840056816343
0.0001660840056816362
0.00016608400568164189
0.0001660840056816343
0.00016608400568164061
0.00016608400568164061
0.00016608400568163872
0.00016608400568164257
0.00016608400568163872
0.00016608400568163872
0.00016608400568164051
0.00016608400568164265
0.00016608400568164051
0.00016608400568164265
0.00016608400568164051
0.00016608400568164265
0.00016608400568164051
0.00016608400568163858
0.00016608400568163907
0.00016608400568163858
0.00016608400568163858
0.00016608400568163858
0.00016608400568163907
0.00016608400568163858
0.00016608400568163858
0.00016608400568163858
0.00016608400568163907
0.00016608400568163858
0.00016608400568163858
0.00016608400568163858
0.00016608400568163714
0.00016608400568163809
0.00016608400568164097
0.00016608400568163714
0.00016608400568163809
0.00016608400568164097
0.00016608400568163714
0.00016608400568163809
0.00016608400568164097
0.00016608400568164005
0.00016608400568163714
0.00016608400568164097
0.00016608400568164005
0.00016608400568163714
0.00016608400568164097
0.00016608400568164005
0.00016608400568163714
0.00016608400568163809
0.00016608400568164097
0.00016608400568163714
0.00016608400568163809
0.00016608400568164097
0.00016608400568163809
0.00016608400568163714
0.00016608400568164097
0.00016608400568164005
0.00016608400568164005
0.00016608400568164189
0.00016608400568164005
0.00016608400568164005
0.00016608400568164189
0.00016608400568164005
0.00016608400568164005
0.00016608400568164189
0.00016608400568164005
0.00016608400568164005
0.00016608400568164189
0.00016608400568164005
0.00016608400568164005
0.00016608400568164189
0.00016608400568164005
0.00016608400568164005
0.00016608400568164005
0.00016608400568164189
0.00016608400568164005
0.00016608400568164005
0.00016608400568164189
0.00016608400568164005
0.00016608400568164005
0.00016608400568164189
0.00016608400568164005
0.00016608400568164005
0.00016608400568164189
0.00016608400568164005
0.00016608400568164005
0.00016608400568164189
0.00016608400568164005
0.00016608400568164005
0.00016608400568164005
0.00016608400568164189
0.00016608400568164005
0.00016608400568164005
0.00016608400568164189
0.00016608400568164005
0.00016608400568164005
0.00016608400568164189
0.00016608400568164005
0.00016608400568164005
0.00016608400568164189
0.00016608400568164005
0.00016608400568164005
0.00016608400568164005
0.00016608400568164189
0.00016608400568164005
0.00016608400568164005
0.00016608400568164189
0.00016608400568164189
0.0001660840056816362
0.00016608400568163999
0.0001660840056816362
0.00016608400568163999
0.00016608400568163999
0.0001660840056816362
0.00016608400568163999
0.00016608400568163999
0.0001660840056816362
0.00016608400568163999
0.00016608400568163999
0.0001660840056816362
0.00016608400568163999
0.00016608400568163999
0.0001660840056816362
0.00016608400568163999
0.00016608400568163999
0.0001660840056816362
0.00016608400568163999
0.00016608400568163999
0.0001660840056816362
0.00016608400568163999
0.00016608400568163999
0.0001660840056816362
0.00016608400568163999
0.00016608400568163999
0.0001660840056816362
0.00016608400568163999
0.00016608400568163999
0.0001660840056816362
0.00016608400568163999
0.00016608400568163999
0.0001660840056816362
0.00016608400568163999
0.0001660840056816362
0.00016608400568163999
0.00016608400568163999
0.0001660840056816362
0.00016608400568163999
0.00016608400568163999
0.0001660840056816362
0.00016608400568163999
0.00016608400568163999
0.0001660840056816362
0.00016608400568163999
0.00016608400568163999
0.0001660840056816362
0.00016608400568163999
0.00016608400568163999
0.0001660840056816362
0.00016608400568163999
0.00016608400568163999
0.0001660840056816362
0.00016608400568163999
0.00016608400568163999
0.0001660840056816362
0.00016608400568163999
0.00016608400568163999
0.0001660840056816362
0.00016608400568163999
0.00016608400568163999
0.0001660840056816362
0.00016608400568163999
0.0001660840056816362
0.00016608400568163999
0.00016608400568163999
0.0001660840056816362
0.00016608400568163999
0.00016608400568163999
0.0001660840056816362
0.00016608400568163999
0.00016608400568163999
0.0001660840056816362
0.00016608400568163999
0.00016608400568163999
0.0001660840056816362
0.00016608400568163999
0.00016608400568163999
0.0001660840056816362
0.00016608400568163999
0.00016608400568163999
0.0001660840056816362
0.00016608400568163999
0.00016608400568163999
0.0001660840056816362
0.00016608400568163999
0.00016608400568163999
0.0001660840056816362
0.00016608400568163999
0.00016608400568163999
0.0001660840056816362
0.00016608400568163999
0.0001660840056816362
0.00016608400568163999
0.00016608400568163999
0.0001660840056816362
0.00016608400568163999
0.00016608400568163999
0.0001660840056816362
0.00016608400568163999
0.00016608400568163999
0.0001660840056816362
0.00016608400568164571
0.0001660840056816362
0.00016608400568163815
0.00016608400568164571
0.0001660840056816362
0.00016608400568163815
0.0001660840056816362
0.00016608400568164571
0.00016608400568163815
0.0001660840056816362
0.00016608400568164571
0.00016608400568163815
0.0001660840056816362
0.00016608400568164571
0.00016608400568163815
0.0001660840056816362
0.00016608400568164571
0.00016608400568163815
0.0001660840056816362
0.00016608400568164571
0.00016608400568163815
0.0001660840056816362
0.00016608400568164571
0.00016608400568163815
0.0001660840056816362
0.00016608400568164571
0.00016608400568163815
0.0001660840056816362
0.00016608400568164571
0.00016608400568163815
0.0001660840056816362
0.00016608400568164571
0.00016608400568163815
0.0001660840056816362
0.00016608400568164571
0.00016608400568163815
0.37768097915858168
0.23714135812474735
0.18884048958042648
0.18884048957942168
0.18947519664783105
0.15647928599272501
0.18947519664880408
0.2292894191999037
0.18849631840310968
0.16002594824613256
0.18947519664609919
0.18947519664592943
0.18947519665026055
0.1888404895797883
0.18884048957998445
0.18884048958206315
0.18337326555941882
0.15276694369012575
0.18337326555807132
0.18872739600539817
0.18872739600350952
0.18872739600456442
0.18063332601389404
0.18063332601385768
0.18063332601389284
0.18872739600673621
0.16609421435578978
0.18872739600645522
0.18337326555967245
0.18337326555977632
0.1833732655613185
0.15314131015595162
0.15314131015588114
0.15314131015538099
0.18331814952827846
0.18331814952808764
0.183318149527575
0.17734506478758974
0.17734506478620046
0.1773450647861976
0.17734506478759032
0.18331814952517433
0.18331814952488334
0.1833181495246915
0.15314131015812438
0.15314131015705584
0.15314131015705848
0.15628243371103276
0.15628243371395031
0.15628243371326098
0.18400314486251187
0.16418815608509596
0.18400314485760991
0.17457944868642825
0.18198928676817527
0.1900560109954624
0.18198928676955967
0.18400314486324612
0.18400314485853123
0.18400314486275887
0.15628243371142164
0.12871015364761129
0.15628243371221098
0.15592558521643896
0.12613912848228592
0.15592558521705357
0.18392702680548334
0.18392702680597328
0.18392702680594331
0.1814577630241091
0.18145776302877839
0.18145776302530525
0.18145776302694433
0.18392702680255599
0.18392702680281633
0.18392702679906781
0.15592558521410435
0.15592558521693989
0.15592558521988648
0.17841116642169258
0.17841116642745092
0.17841116642140151
0.18799695402172831
0.17822895064917546
0.18799695401960287
0.17375536334683489
0.1737553633508567
0.1737553633468342
0.3718751486782878
0.26068732691474278
0.18904384585070574
0.18799695402381644
0.1784111664236934
0.17841116642080998
0.17841116641907348
0.16415052712568257
0.16415052711939782
0.16415052712348549
0.18557834360060252
0.18557834359950667
0.18557834360224196
0.15518298362221911
0.15518298362222072
0.15518298362221913
0.18557834360619427
0.19127197596392267
0.18557834360693382
0.16415052712851033
0.16415052712824865
0.16415052712753861
0.25852709173434724
0.39622111296062384
0.23653947249349916
0.18528375673579411
0.18899522530221569
0.18899522530148269
0.18899522530711971
0.16203643143492921
0.18334570231046338
0.21110838309872934
0.18899522530755455
0.18899522529623711
0.18899522530221574
0.18528375674371683
0.18528375674360215
0.18528375674484296
0.15448149781579937
0.15448149781586804
0.15448149781553988
0.18361458077684767
0.18361458077632636
0.1836145807842417
0.17931712144060982
0.17931712144458378
0.17931712144484588
0.17931712144919931
0.18361458077710632
0.18361458077739168
0.18361458076898701
0.15448149781413517
0.1544814978191579
0.1544814978190383
0.18910143174727606
0.18937324399046182
0.18964583875696819
0.18954507503650858
0.18954507503300297
0.18954507502999265
0.18927953886507193
0.18927953886083199
0.21297352089875229
0.37855907772726566
0.18954507502769466
0.18954507503309637
0.18954507503840426
0.18937324399480168
0.18937324399812222
0.18937324399262379
0.15766051016588159
0.15766051016608895
0.15766051016366608
0.18429312482777135
0.18429312482756249
0.1842931248267847
0.18405156475680937
0.18405156476247939
0.18405156475543943
0.18405156476102091
0.36858624965435155
0.3273362809575554
0.1842931248222654
0.15257265275401927
0.15766051015674101
0.1282017600190784
0.15766051016184032
0.1580120438563736
0.15801204385644521
0.15801204385596507
0.01843660993830221
0.018436609939064322
0.018436609938962113
0.018458010973107498
0.018458010972403977
0.018458010972933162
0.018458010973326493
0.018436609939192789
0.018436609938298404
0.018436609938322027
0.014566357672916988
0.015801204384794872
0.017264809322852275
0.017974497109067629
0.014862114981092326
0.025115806071473051
0.061856708444155944
0.018819840335862304
0.018819840335858672
0.018819840335087736
0.019575870163152789
0.021934244000122151
0.021079658716896797
0.025100563801944656
0.017052191163143608
0.018819840335752295
0.020996344886660131
0.017974497110689984
0.017974497110689984
0.017974497109815073
0.019546652116196207
0.018346602362516898
0.017285381364889021
0.018874056653050142
0.020582093209494973
0.018874056652674054
0.018076416818901639
0.018076416818916703
0.018076416818916273
0.018874056652764822
0.018874056652522942
0.018874056653193021
0.018346602362475588
0.018346602361632231
0.018346602362452818
0.020770943552187098
0.020770943552187032
0.020770943552187282
0.02077094355218722
0.02077094355218697
0.020770943552187345
0.022956756173858037
0.02077094355218722
0.018965185717750594
0.020770943552187345
0.02077094355218697
0.02077094355218722
0.020770943552187098
0.02077094355218722
0.020770943552187098
0.02077094355199037
0.020770943551990315
0.020770943551990249
0.02077094355199044
0.02077094355199044
0.020770943551990315
0.020770943551990315
0.02077094355199044
0.02077094355199044
0.02077094355199044
0.02077094355199044
0.02077094355199019
0.01675478250816077
0.013847295701326957
0.02077094355199037
0.020770943551990315
0.020770943551990249
0.02077094355199044
0.02077094355199044
0.020770943551990315
0.020770943551990315
0.02077094355199044
0.02077094355199044
0.02077094355199044
0.018165449984366335
0.020770943551990315
0.018047246989869887
0.013847295701326846
0.02077094355199037
0.020770943551990315
0.020770943551990249
0.02077094355199044
0.02077094355199044
0.020770943551990315
0.022444835707307608
0.020770943551990315
0.0193293949069605
0.02077094355199044
0.02077094355199044
0.02077094355199019
0.02077094355199044
0.017742365933183641
0.020770943551990315
0.02077094355199037
0.020770943551990315
0.020770943551990249
0.02077094355199044
0.02077094355199044
0.020770943551990315
0.020770943551990315
0.02077094355199044
0.02077094355199044
0.020041800565874495
0.020770943551990311
0.021555143641667097
0.02077094355199044
0.02077094355199044
0.020770943551990564
0.020770943552383875
0.020770943552383875
0.020770943552383941
0.020770943552384125
0.020770943552383753
0.020770943552384
0.020770943552384
0.024178812804680289
0.020770943552383875
0.01820504382848253
0.020770943552384
0.020770943552384
0.020770943552383753
0.017670234313137426
0.020770943552383875
0.020770943552383875
0.020770943552383875
0.020770943552383941
0.020770943552384125
0.020770943552383753
0.020770943552384
0.020770943552384
0.020770943552384
0.020770943552383753
0.020770943552384
0.020770943552384
0.020770943552384
0.020770943552383753
0.020770943552384
0.020770943552384125
0.020770943552383875
0.020770943552383875
0.020770943552383941
0.020770943552384125
0.015795514187421252
0.021455940889863006
0.030322103657340883
0.020128331171453157
0.020770943552383753
0.020256624567301863
0.020770943552383875
0.021312060219967361
0.020770943552383753
0.020770943552384
0.020770943552384125
0.020770943552383875
0.020770943552383875
0.020770943552383941
0.020770943552384125
0.02190374354983645
0.020770943552383875
0.019749552267926428
0.020770943552384
0.020770943552383753
0.020770943552384
0.020770943552384
0.020770943552384
0.01673115542615998
0.013847295701589275
0.020770943552383875
0.020770943552383875
0.020770943552383941
0.020770943552384125
0.020770943552383753
0.020770943552384
0.020770943552384
0.020770943552384
0.020770943552383753
0.020770943552384
0.020770943552384
0.020770943552384
0.020770943552383753
0.019459846897074234
0.020770943552383875
0.020770943552383875
0.020770943552383875
0.020770943552383941
0.020770943552384125
0.020770943552383753
0.020770943552384
0.020770943552384
0.020770943552384
0.018752638867925862
0.020770943552384
0.023276098057652753
0.020770943552384
0.020770943552383753
0.020770943552384
0.020770943552384125
0.020770943552384062
0.022288547268301581
0.020770943552383941
0.020770943552384125
0.020770943552383753
0.020770943552384
0.020770943552384
0.020770943552384
0.020770943552383753
0.020770943552384
0.020770943552384
0.020770943552384
0.020770943552383753
0.020770943552384
0.020770943552384125
0.024420517861314182
0.020770943552383941
0.017281618857140198
0.020770943552383875
0.021920973701075753
0.020770943552384
0.020770943552384
0.017914252792165464
0.020770943552383875
0.024711565706303919
0.020770943552384
0.020770943552384
0.016990925103735632
0.013847295701589279
0.020770943552383875
0.020770943552383875
0.020770943552383941
0.02237479858043135
0.020770943552383875
0.019381641934465
0.020770943552384
0.020770943552384
0.020770943552383753
0.020770943552384
0.020770943552384
0.020770943552384
0.020770943552383753
0.020770943552384
0.020770943552384125
0.015988314398921472
0.015988314398728647
0.015988314398582549
0.036949572584704715
0.019300481919347925
0.017360888530008153
0.018474786292474069
0.014992852173538986
0.014992852173403107
0.014992852173403048
0.018474786292353745
0.018474786292539448
0.018474786292239729
0.015988314399196842
0.012808037173103122
0.015988314398859223
0.017455286675630236
0.014442910135057378
0.017455286675651882
0.018739190721468069
0.018739190721521838
0.01873919072172299
0.016856411608203534
0.016856411608190517
0.016856411608374294
0.018739190721966843
0.024611282248884515
0.018739190721566261
0.017455286675959383
0.017455286675624803
0.017455286676005464
0.01893093147959022
0.018930931479588145
0.018930931479660081
0.018953671686835573
0.018953671687242452
0.018953671687254814
0.018918538925883466
0.018918538925882432
0.018918538925892774
0.018953671686990779
0.018953671687397436
0.018953671687402158
0.018930931479329824
0.01893093147933065
0.018930931479329824
0.018647771097132865
0.018647771096843655
0.018647771096617933
0.018915900079774568
0.018915900079297852
0.01891590007977248
0.018505978292079787
0.021849784587338248
0.018505978291901364
0.018915900079736682
0.018915900079796311
0.018915900079321375
0.018647771096743065
0.017853729013816374
0.018647771096485844
0.018668137579887664
0.018668137579719524
0.022560362319419009
0.037336275159893156
0.018918666634251562
0.018918666633814259
0.018918666633834159
0.01853536576020345
0.018535365760117904
0.018535365760546645
0.018918666633858005
0.018918666633874617
0.018918666633881254
0.018668137580359071
0.01866813758019133
0.018668137580190269
0.018846794648856604
0.018846794649153065
0.018846794649130409
0.037885205231467989
0.02303183086274193
0.018942602615770521
0.018942602616064015
0.018795047876654928
0.018795047876655337
0.01879504787665516
0.018942602615786976
0.017753912546769151
0.018942602616187989
0.018846794649289234
0.018846794648843684
0.01884679464854877
0.016399522675074687
0.016399522674295303
0.016399522674711141
0.018554906299431642
0.018554906299428589
0.020112753007229943
0.037109812598690665
0.015498949739765429
0.015498949739765702
0.015498949739748998
0.018554906299908459
0.02359710264586155
0.018554906299494734
0.017600309432277951
0.016399522674684974
0.015352119403102762
0.018942791808500645
0.020105289965548764
0.018942791808406051
0.018955221733477884
0.018955221733767614
0.018955221734094068
0.022025328449764861
0.018936009416472114
0.016606716347360023
0.018955221734235243
0.01895522173379036
0.018955221733241292
0.018942791809098317
0.018942791808269716
0.018942791808581654
0.01792417600872357
0.017924176008490254
0.017924176007954134
0.018812285384758272
0.018812285385645371
0.018812285385592219
0.017489042716831577
0.017489042716317647
0.017489042716351533
0.018812285385793909
0.018812285384912891
0.018812285384920333
0.017924176007933154
0.017924176008468622
0.017924176008681878
0.018480847347008965
0.018554756727766457
0.018629259645387124
0.018903164782005859
0.018903164781489533
0.01890316478117034
0.018372316440858169
0.014798551959527173
0.018372316441658959
0.018903164782005537
0.018903164781719956
0.018903164781215866
0.01855475672765973
0.018554756727741463
0.018554756728461821
0.018877485533904552
0.018877485533597194
0.018877485534299437
0.018946655220281411
0.018946655219134384
0.018946655218988171
0.018840004295023381
0.018840004295075308
0.018840004294284191
0.018946655219539296
0.016010075101283664
0.038199754203146585
0.036280289111280242
0.018877485534685691
0.018877485534072657
0.021771247577108337
0.018401704284021832
0.018401704283184741
0.018700006041997765
0.036803408566873065
0.018881845081961515
0.018881845082640722
0.01888184508201856
0.018154319505244074
0.018154319504420244
0.018154319504475231
0.018881845082822236
0.018881845082588646
0.018881845082856504
0.018401704283392915
0.018401704283401873
0.018401704283393296
0.01545338769506973
0.0125935067024632
0.015453387695486959
0.018362603877430352
0.018362603877439227
0.018362603877438946
0.01793944789522553
0.017939447895515246
0.0179394478955292
0.017939447896255421
0.018362603878342178
0.018362603878293252
0.022010236731513522
0.053430679752290905
0.11080206660550587
0.018709101140837583
0.016786204421104199
0.015453387693799298
0.016258383988051912
0.017672283684587401
0.016258383988053054
0.018527975086187354
0.018527975086856784
0.018527975086181286
0.015323902215083091
0.015323902214797324
0.015323902215101208
0.018527975086132412
0.018527975087134354
0.018527975086270295
0.016258383987408757
0.016258383988236935
0.016258383986792631
0.019784277979179286
0.019784277979179508
0.019784277979179286
0.019784277979179508
0.019784277979179286
0.019784277979179286
0.02175749713463581
0.019784277979179511
0.018139206848238193
0.01978427797917906
0.019784277979179737
0.019784277979179286
0.019784277979179286
0.01978427797917906
0.019784277979179737
0.019784277978992303
0.019784277978991852
0.019784277978992074
0.019784277978991852
0.019784277978992074
0.019784277978992303
0.019784277978991401
0.019784277978992303
0.019784277978992078
0.019784277978991852
0.019784277978991852
0.019784277978991852
0.018220765578865667
0.019784277978992074
0.021641304681760759
0.019784277978992303
0.019784277978991852
0.019784277978992074
0.019784277978991852
0.019784277978992074
0.019784277978992303
0.019784277978991401
0.019784277978992303
0.019784277978992078
0.019784277978991852
0.018993875150311222
0.019784277978991852
0.018047246989869415
0.019784277978992529
0.022947942015732279
0.019784277978992303
0.019784277978991852
0.019784277978992074
0.019784277978991852
0.019784277978992074
0.019784277978992303
0.021297128707657369
0.019784277978991849
0.018472104092987697
0.019784277978991852
0.019784277978991852
0.019784277978991852
0.019784277978992078
0.019857128046437376
0.019784277978992303
0.019784277978992303
0.019784277978991852
0.019784277978992074
0.019784277978991852
0.019784277978992074
0.019784277978992303
0.019784277978991401
0.019784277978992303
0.019784277978992078
0.020535899614020754
0.019784277978991852
0.019085732986906394
0.019784277978992078
0.019784277978991852
0.019784277978992074
0.01978427797936717
0.019784277979366719
0.01978427797936649
0.01978427797936717
0.019784277979366719
0.01978427797936717
0.01978427797936649
0.023496777546204869
0.019784277979366945
0.017084863249477149
0.01978427797936649
0.019784277979366941
0.019784277979366719
0.019766820281076326
0.01978427797936649
0.01978427797936717
0.019784277979366719
0.01978427797936649
0.01978427797936717
0.019784277979366719
0.01978427797936717
0.01978427797936649
0.019784277979366719
0.019784277979366945
0.01978427797936717
0.01978427797936649
0.019784277979366941
0.019784277979366719
0.01978427797936717
0.01978427797936649
0.01978427797936717
0.019784277979366719
0.01978427797936649
0.01978427797936717
0.019784277979366719
0.023343468115325276
0.040102571417418471
0.030322103657341413
0.019653423131443928
0.019784277979366945
0.020761506096547522
0.019784277979366945
0.018894909144481001
0.019784277979366719
0.01978427797936717
0.01978427797936649
0.01978427797936717
0.019784277979366719
0.01978427797936649
0.01978427797936717
0.019819126022599318
0.01978427797936717
0.019749552267926317
0.019784277979366719
0.019784277979366945
0.01978427797936717
0.01978427797936649
0.019784277979366941
0.018192826495144226
0.019784277979366945
0.021680850915874669
0.01978427797936717
0.019784277979366719
0.01978427797936649
0.01978427797936717
0.019784277979366719
0.01978427797936717
0.01978427797936649
0.019784277979366719
0.019784277979366945
0.01978427797936717
0.01978427797936649
0.019784277979366941
0.019784277979366719
0.022033543296990532
0.019784277979367396
0.01978427797936717
0.019784277979366719
0.01978427797936649
0.01978427797936717
0.019784277979366719
0.01978427797936717
0.01978427797936649
0.019784277979366719
0.018752638867926164
0.019784277979366719
0.020936032126175841
0.019784277979366941
0.019784277979366719
0.01978427797936717
0.01978427797936649
0.013189518652911297
0.015591827155154248
0.01978427797936717
0.019784277979366719
0.01978427797936717
0.01978427797936649
0.019784277979366719
0.019784277979366945
0.01978427797936717
0.01978427797936649
0.019784277979366941
0.019784277979366719
0.01978427797936717
0.01978427797936649
0.019781140211122018
0.01978427797936649
0.017281618857140413
0.019784277979366945
0.023138826251739002
0.01978427797936717
0.01978427797936649
0.017537097706432418
0.019784277979366719
0.022692000626193552
0.01978427797936649
0.019784277979366941
0.018500384063196644
0.019784277979366719
0.021259660819690763
0.01978427797936717
0.019784277979366719
0.01978427797936649
0.019725554849953926
0.01978427797936649
0.019843351791186133
0.01978427797936649
0.019784277979366719
0.019784277979366945
0.01978427797936717
0.01978427797936649
0.019784277979366941
0.019784277979366719
0.01978427797936717
0.01978427797936649
0.016051983868730042
0.016051983868476134
0.016051983868233959
0.017674634849018329
0.017674634848883153
0.017674634848992069
0.017674634848869476
0.015059505396218725
0.015059505396408908
0.015059505396247968
0.056317052985895677
0.027094858832222825
0.020555045431088929
0.020555045431398255
0.020555045430952532
0.020555045431073077
0.017431719344669389
0.020555045431152923
0.015787062934659996
0.015787062934591804
0.015787062934670696
0.015787062934660256
0.018299180935183817
0.018299180935755038
0.018299180934677237
0.018299180935350819
0.018299180935005203
0.018299180935628229
0.01829918093536604
0.016740180431060452
0.018299180935400592
0.01618012023300092
0.013287047337612748
0.01618012023305419
0.016180120232997891
0.01846948714609619
0.016180120233002124
0.014395713839190655
0.015547637477967531
0.015547637477796554
0.015547637477924123
0.01554763747793367
0.015547637477915743
0.015547637477917087
0.015547637477916957
0.015954004145748598
0.015954004145566372
0.015954004145382485
0.017427423065431737
0.01742742306539866
0.01742742306531956
0.017427423065407052
0.017427423065319587
0.017427423065396172
0.01742742306547268
0.01742742306539052
0.017427423065396151
0.021026803032605776
0.018336181566696003
0.018336181566712222
0.018336181566667546
0.018918080608866839
0.017460726140553315
0.016211846438879223
0.017460726140495118
0.015161766960540019
0.017460726140501575
0.020581467532354968
0.018492517905214639
0.01849251790655999
0.016488405527792901
0.018492517905750194
0.021051226406317982
0.018492517904656537
0.018492517906001545
0.016605371900047589
0.015681578738004173
0.016605371899969679
0.016605371899989722
0.020954631812576858
0.01660537190001057
0.013751222857695037
0.014879380642062815
0.022897524404231744
0.024662343393890129
0.01560502990141229
0.013920500578835046
0.015307389910823461
0.015307389910868299
0.01530738991082746
0.015307389910848505
0.015205569288381418
0.015205569288291072
0.015205569288296595
0.016806790342796259
0.01680679034300914
0.013536099869537939
0.01680679034240826
0.016766505557014214
0.021573954081958169
0.016766505557172361
0.013711167158311348
0.016766505557260308
0.016766505557265627
0.016766505557242867
0.018973657175626751
0.016766505557248183
0.014100071687803521
0.014100071688639146
0.014100071687820815
0.01410007168836047
0.014100071688468958
0.014100071687188361
0.014100071687545377
0.014100071687725878
0.01410007168825975
0.018155384716558639
0.018155384714831694
0.020510967718649055
0.018155384715494716
0.016406270421985707
0.020528237858445493
0.016406270421651801
0.013662840433094134
0.016406270421572413
0.016406270421853379
0.016406270421586027
0.014901015094484365
0.014901015094337387
0.014901015094638927
0.014901015094392603
0.01490101509435054
0.014901015094547092
0.014901015094400243
0.016564763238548035
0.016564763238628429
0.016564763238615107
0.01656476323861774
0.016564763238689682
0.016564763238732721
0.016564763238564262
0.01656476323869234
0.01656476323874061
0.0184261706177026
0.018426170617707745
0.018426170617658198
0.018426170617732204
0.018426170617750259
0.017188251832051204
0.018426170617718746
0.015960594998634701
0.015960594998722381
0.015960594998716757
0.015960594998715414
0.015486934502234845
0.013700276458277172
0.01646414294891331
0.017668153311042666
0.018402224567134057
0.019199937963063664
0.018402224567150554
0.018402224567134411
0.018402224567118555
0.018402224567118382
0.01840222456714927
0.018402224566943515
0.016971497397657579
0.021668066895766617
0.016971497398346101
0.015422016555269237
0.016971497398370301
0.018867114078779317
0.016971497398500891
0.016971497398171061
0.016971497397942348
0.014862855031161573
0.015365960334246066
0.015904319029687634
0.015365960334708448
0.013082483746555566
0.015365960334754453
0.018615130386646535
0.020090068736796106
0.020090068736792539
0.020090068736810122
0.01803322157280712
0.018033221572599987
0.018033221572480069
0.015671083387604739
0.018033221572282116
0.021233847964097514
0.018033221571849289
0.018033221572265789
0.018033221572007447
0.018133254870940613
0.017757643910796386
0.017757643911348327
0.01775764391115231
0.01775764391119275
0.017757643910766955
0.017757643911171385
0.017757643910895755
0.01775764391107202
0.016013228062499635
0.013606103848843441
0.013606103848487707
0.013606103848854479
0.015627005451062524
0.015627005451071242
0.015627005451150831
0.015627005451241564
0.015627005451064168
0.015627005451225598
0.015627005451220487
0.016817179136718347
0.015820324791123268
0.018129810754293391
0.014193045109800189
0.014193045110283785
0.014193045110130255
0.016585139887744731
0.016585139887908447
0.016585139887866886
0.016585139887984521
0.016585139887944848
0.016585139887759288
0.016585139887875612
0.016585139888002372
0.016585139887996297
0.017888621551329847
0.017888621551341993
0.01788862155115932
0.017888621551349664
0.017888621551325406
0.01788862155149934
0.017888621551325944
0.017888621551328938
0.017888621551338139
0.016839898009439504
0.0138625407096783
0.01683989800954569
0.021446011785811597
0.016839898009383097
0.01683989800943567
0.016839898009412286
0.020226172456581065
0.020334342999729242
0.02022617245592577
0.020226172455413617
0.02022617245490084
0.020226172455412604
0.020226172455925805
0.015222187392561939
0.015222187392259012
0.015222187391928287
0.015222187392239151
0.015222187392504295
0.015222187392858201
0.015222187391843053
0.015222187392835047
0.01522218739252877
0.017877090347851562
0.017877090348242485
0.017877090347924438
0.01787709034802374
0.017877090348085774
0.017877090347873208
0.018198360663755325
0.017877090348086943
0.017566966541045673
0.021074937630411499
0.021074937630440205
0.021074937630187002
0.021074937630440931
0.021074937630413945
0.021074937630201959
0.021074937630265973
0.015782964957998549
0.015782964958101348
0.015782964957923019
0.017535120575495
0.017535120575584043
0.018245457482102819
0.017535120575588457
0.016878021060091054
0.017535120575495215
0.017535120575443278
0.017913062574498945
0.017910116306093158
0.017907171004544368
0.017910116305019434
0.020803986320652244
0.025837905553880526
0.02080398632063081
0.017411715614703276
0.020803986320813185
0.020803986320626581
0.020803986320663038
0.016132283665238823
0.016132283665660871
0.016132283666361158
0.016132283665033591
0.016019744638689461
0.017967664562189088
0.016019744638339248
0.015836876295235967
0.015836876295196457
0.015836876295105634
0.020407578593293063
0.020407578593684285
0.020407578593528021
0.02040757859341838
0.020407578593159892
0.020407578593014463
0.020407578593388823
0.018335285259824398
0.018335285259621175
0.018335285259621342
0.018335285259817889
0.018335285259803706
0.018335285259796535
0.018335285259901447
0.01508431110411613
0.018335285259808265
0.018592560025831668
0.018592560026566941
0.018592560025651829
0.018592560026121138
0.022742744812131149
0.018592560025784934
0.015723309227109794
0.017487347300297058
0.017487347300348847
0.017487347300011242
0.017487347300422829
0.017487347300430292
0.017487347300130612
0.017487347300183767
0.016278022605002974
0.016278022605002246
0.016278022605001274
0.016278022604996185
0.016278022605083049
0.016278022604995526
0.016278022605002038
0.017012242428981243
0.017012242429032987
0.017012242428864465
0.017012242428934125
0.019263889367239953
0.022556205916081817
0.019263889367402771
0.019263889367205387
0.019263889367651367
0.0192638893673883
0.021829786251822393
0.018210817723481241
0.01604647141587915
0.018210817723575291
0.021050045564616968
0.01821081772355812
0.018210817723582264
0.01821081772348122
0.01418093123858442
0.013951218877454484
0.013728829961339796
0.013951218877109543
0.01395121887733171
0.013951218877942071
0.013951218877710858
0.017217761698514633
0.013951218877407719
0.017517888949298812
0.015750336831460789
0.015750336831248234
0.018346727524021004
0.021102238856655502
0.015846113441321016
0.015846113441220999
0.019670985223628541
0.015942892482647363
0.019670985223644209
0.022603972891928375
0.019670985223644719
0.01741172038480221
0.019670985223658583
0.013790221798697846
0.013790221798789429
0.013790221798697605
0.013790221798783968
0.015866637485667457
0.018003364945429319
0.015866637486236897
0.014183294663314501
0.018291680970139779
0.018291680969982738
0.018291680970134165
0.018291680969956772
0.019463810897793407
0.01829168097012486
0.017252705966194798
0.015124031931190149
0.013847562648012854
0.015124031931000738
0.016659726690212706
0.015124031930621076
0.015124031930908707
0.015124031931341887
0.016972177056011523
0.016972177055826841
0.017308707463337746
0.016972177056011856
0.016648483280910651
0.016972177055833898
0.016972177055826827
0.016972177056131223
0.016972177055920273
0.018443830294894208
0.018443830294882585
0.018443830294967579
0.018443830295052817
0.018443830294854233
0.018443830295066573
0.018443830294762764
0.018443830295098176
0.018443830294723504
0.015122980679285417
0.015122980679432487
0.015122980679218112
0.018118163395958259
0.018118163396158727
0.0181181633963736
0.018118163395944988
0.018118163396173125
0.018118163396159105
0.018118163396159105
0.018118163396159105
0.018118163396160621
0.017749933292204662
0.017749933292346681
0.017749933292047302
0.017749933292210085
0.019551242753639959
0.019551242753632101
0.019551242753607347
0.01955124275363861
0.01955124275370853
0.019551242753648262
0.019551242753624638
0.018561620598718694
0.016299109428473672
0.0145282352539592
0.016299109427836436
0.016207850526368452
0.013452325692699612
0.016207850526890884
0.01832600524292434
0.018132205774609441
0.017942462314419406
0.018132205774980301
0.018132205774613729
0.01813220577481385
0.022173697292846434
0.015690459665389442
0.015690459665494844
0.015690459665484512
0.015690459665541362
0.015690459665364469
0.015690459665427151
0.01632087910148718
0.016043722084266642
0.012047307457202127
0.012057880006469037
0.016062477920467649
0.015776752122432111
0.013707548949061165
0.013707548948419778
0.013707548948929796
0.015814589293903277
0.0158145892940177
0.015814589293819809
0.015814589293938718
0.013564557457845334
0.015814589293933774
0.018959513842603064
0.014759407982683726
0.01475940798259745
0.014759407982639621
0.014759407982113304
0.015948742004853647
0.014309947269890743
0.015948742004558199
0.018011436329538475
0.015948742004794392
0.015948742004625809
0.015948742004799111
0.014932438736314498
0.014932438736614812
0.014932438736393727
0.014932438736068842
0.014932438736424658
0.014932438736725343
0.014932438736404678
0.014932438736183114
0.01493243873647997
0.018413848158748598
0.018413848159027617
0.018413848158629856
0.01496245679130374
0.015406945688917666
0.015534875987659728
0.015243294382809455
0.012832713467039821
0.015243294382662871
0.018768983041502808
0.015243294382672882
0.015243294382677111
0.018073483320338892
0.018073483320091878
0.018073483320082691
0.018073483320462019
0.018073483320461662
0.018073483320055605
0.018073483320488509
0.018073483320083347
0.018073483320101065
0.019226908545464723
0.019226908545570749
0.019226908545563345
0.019226908545563245
0.019226908545563245
0.019226908545563345
0.019226908545567113
0.02593206008884337
0.022386352997425172
0.030957863658332006
0.05335735127768098
0.06553922153104394
0.026532549516075466
0.018677213264303143
0.019782161295963507
0.019782161297530191
0.018065697304484245
0.018065697305309852
0.018065697304735683
0.018065697304780141
0.018065697304402429
0.018065697304353347
0.018065697305145501
0.021387010251029549
0.021387010250988235
0.02138701025105437
0.021387010250989557
0.021387010251011192
0.02138701025107494
0.021387010250989557
0.019658573039582544
0.019658573039156975
0.019658573039150178
0.019658573039647506
0.019658573039684334
0.019658573040125974
0.019803463749896558
0.017770783592381347
0.01309989835604778
0.015487036928371702
0.015487036927990729
0.014337181953412782
0.015487036927505965
0.016837412668881151
0.015487036927785186
0.015487036927839213
0.016389058554117316
0.01434382313629943
0.014343823136561355
0.014343823136549867
0.016160957809496418
0.014343823136610159
0.012742599310247115
0.014343823136456003
0.014535979079212037
0.023143106304090933
0.01831852360542258
0.019974878437629424
0.020525353191086039
0.019359250309019919
0.019359250309138428
0.019359250308827437
0.013969155789611196
0.016479195149894578
0.01396915578979804
0.012122681629320117
0.016348520382896827
0.015887959602869765
0.016592464751150442
0.024262224585899703
0.024262224585682678
0.024262224586922555
0.017863115723378526
0.014506689133313875
0.017863115723373915
0.017863115723549233
0.015956970618739685
0.015956970618858153
0.015956970618506764
0.015956970618299243
0.014855999366109842
0.014855999366246583
0.014855999365924169
0.014928689703065313
0.014855999366118436
0.014784013482271728
0.014855999366148643
0.015782656604686626
0.014855999366146271
0.01873225812529572
0.016042496120738135
0.017244870848522088
0.017244870848273058
0.017244870847979633
0.017244870847930565
0.01724487084848313
0.018321515448987514
0.018321515449095022
0.018321515449093082
0.018321515449023055
0.016835144707938267
0.016835144708571812
0.016459521981850776
0.016835144708130974
0.017228311990569161
0.016518897016224474
0.016835144708202493
0.017163737615597426
0.016835144707033907
0.021956842579567211
0.016795313996934031
0.016795313997179071
0.016795313997037143
0.017496107884528295
0.01655444369252004
0.013354460516925029
0.016554443692650828
0.020332101358608037
0.016554443692857124
0.016554443692336069
0.016554443692494428
0.01655444369268692
0.015278073704210559
0.017692532200686485
0.01527807370407026
0.015278073703922956
0.023514744079838858
0.018918946087745487
0.015825883911274818
0.018918946088044793
0.018918946088076614
0.018918946088169322
0.018918946087706726
0.016916273305789396
0.014382534436705192
0.016916273306125402
0.016916273305398615
0.016284424437654252
0.01900811738212416
0.016284424436693892
0.016284424437657496
0.016284424437795951
0.016284424437140226
0.016284424438488428
0.015003297252270882
0.015003297252201569
0.015003297252171992
0.015003297252321073
0.015189073496673948
0.015403152438342742
0.015189073496977677
0.018380800892571082
0.02427179302587654
0.047603217222846508
0.066878299001144781
0.049029531719297539
0.018990984004722541
0.016445467709608499
0.018380800892988259
0.016392394887538509
0.018380800893149155
0.018380800893226922
0.015754698172841079
0.015754698173348416
0.015754698173098824
0.015754698173278972
0.017297669614321585
0.017297669614336583
0.017297669614202208
0.017297669614436226
0.017297669614191508
0.017297669614071962
0.017297669614310719
0.017297669614423385
0.017297669614272048
0.01675854221945848
0.017721128106496755
0.018801031561812263
0.017721128106401446
0.018155472001799386
0.018155472004104785
0.01815547200245483
0.018155472003578643
0.02120479393593059
0.018155472002236855
0.013650714705745613
0.01815547200377457
0.022309450363495562
0.019685823989712338
0.04379899119752749
0.019225794718750428
0.014589817518879934
0.014589817519268385
0.014589817519105246
0.014589817519465038
0.017311509105770607
0.031142014351294867
0.022199336805423693
0.014144177724368523
0.017386017091024424
0.017386017091079582
0.0157349164948151
0.017386017091100978
0.019424247595494382
0.017386017091305817
0.015877288725898119
0.017386017090909846
0.019211584613580721
0.015120092988567027
0.015120092989062967
0.014815425054264522
0.015120092989284899
0.017993582550044053
0.017993582549820517
0.022838633929310587
0.017993582550020107
0.014844441422832743
0.017993582550028336
0.017993582549815274
0.01799358254982875
0.01799358254982875
0.015387315885504653
0.015387315885592018
0.015387315885834019
0.015387315885402127
0.015387315885490721
0.015387315885665099
0.015387315885956054
0.015387315885334225
0.015387315885555541
0.025480109871072631
0.020141438333131232
0.01665238008332522
0.02014143833329057
0.020141438334563212
0.020141438334172125
0.020141438333674846
0.015524010290584317
0.015524010290581227
0.013934169819791127
0.015524010290627607
0.019645885164060444
0.019645885164683734
0.019645885163725025
0.023937454967905371
0.019645885164755347
0.016659183064193044
0.023892934723742751
0.020967415965861446
0.017804181254484654
0.017804181254215689
0.017804181254215685
0.017804181254505311
0.017804181254215751
0.01780418125423407
0.020888635301978958
0.014394621875843424
0.013262231871253553
0.016223888163273949
0.016223888163101441
0.020591266818181964
0.016223888163576901
0.018042346180631656
0.01804234618147043
0.01804234618126992
0.018042346180234467
0.014914919132677812
0.012206980405961557
0.014914919132903857
0.0191184933605042
0.019118493360017103
0.019118493360642363
0.015321500238272364
0.019118493360658715
0.025417486200797531
0.019118493359844221
0.013534173636637621
0.011871402102965469
0.013534173636795365
0.015738606297752408
0.016250676237302874
0.016250676237299574
0.016250676237349635
0.016250676237302406
0.020403130358486368
0.020403130358509897
0.020403130358144533
0.016965191288829048
0.020403130358479356
0.025588567716172048
0.020403130358616021
0.014179447883612783
0.014179447883397514
0.014179447883569592
0.014179447883451522
0.014179447883451395
0.014179447883569595
0.014179447883405208
0.011930200823293014
0.014179447883409827
0.017643203128361099
0.017643203128301182
0.017643203128156336
0.017643203128227265
0.015670120486579869
0.015670120486653547
0.015670120486759712
0.020376314972654345
0.016067724531069243
0.016067724531120441
0.016424500897613929
0.018265228096535628
0.020570619201382877
0.022342148211480516
0.018265228097641261
0.015446586844898916
0.01826522809721242
0.013736120662965316
0.013736120663094846
0.013736120663073777
0.013736120663253849
0.015035124648524566
0.015035124648642277
0.015035124648560027
0.015035124648585948
0.015035124648551597
0.015035124648637276
0.015035124648604752
0.015341778426188026
0.013572269189906094
0.013572269189991661
0.013572269189905669
0.01495078704701259
0.014950787047244719
0.014950787047007422
0.01495078704718532
0.016062734629923768
0.016052232180385255
0.016062734629923536
0.014621377295206506
0.014621377295386932
0.014621377295299774
0.013051694640749522
0.014621377295255058
0.016620236236979509
0.01462137729529759
0.014621377295507935
0.014621377295365881
0.018572443371110754
0.018572443370974308
0.018384227130757096
0.01857244337119825
0.018764553360956553
0.018572443370994673
0.018572443371215896
0.018572443371103177
0.018572443370787197
0.017370184698842769
0.015769602944295871
0.017370184698632038
0.017370184698680038
0.017370184699155567
0.017370184698433218
0.017370184698907887
0.01486704652436038
0.014867046523854389
0.014867046524057544
0.019010500240741888
0.014867046524183232
0.012206554096277959
0.01217788325553118
0.014867046524179984
0.019080461555855733
0.015649845194688063
0.013750866200817965
0.01564984519500533
0.015649845195470361
0.01410693984961676
0.014106939848602659
0.014106939849251333
0.014106939848872468
0.013797032682391953
0.013797032682270038
0.013797032682330528
0.015347236740842179
0.017190651632253615
0.01719065163223538
0.013863019733259228
0.017190651632236584
0.030493428493176208
0.017190651632423427
0.014370882817941643
0.017190651632234103
0.017190651632268444
0.016233650016924835
0.016233650017075031
0.016233650016855068
0.016233650017017792
0.015996912266381537
0.016789870251001194
0.015996912266129995
0.01527547660407959
0.018805934499069348
0.01880593449928445
0.018805934499270507
0.018805934499270482
0.018805934499285217
0.018805934499069771
0.024922206410910593
0.018220639784913478
0.018220639785103937
0.018422326384462052
0.018220639784971217
0.018023321468945426
0.018220639784976157
0.018220639784904923
0.018220639785036026
0.018220639784918568
0.01508268481450856
0.015082684814518518
0.015082684814534744
0.015082684814561372
0.015082684814541138
0.015082684814584593
0.015082684814521368
0.015966142313817999
0.014541026179949476
0.015966142314177846
0.017700951941252856
0.01845821672002549
0.018458216719826368
0.018458216719840902
0.018458216719840902
0.018458216719812577
0.01845821672022389
0.018458216719996423
0.015351694486846128
0.015351694487025086
0.015351694486959451
0.022236928739276744
0.018308348558115903
0.01410848666252475
0.017263768156772798
0.020491291023148624
0.0172637681572669
0.014914611628792457
0.017263768156895665
0.017263768157378307
0.018964657187500459
0.018964657187666639
0.018964657187528711
0.018964657187114733
0.018964657187538498
0.018964657187512161
0.018964657187521675
0.015578985053969863
0.015578985053902537
0.015578985053982886
0.016535803719750313
0.015998159448104728
0.015494376100297748
0.015998159448103989
0.015998159448091569
0.017283010414878702
0.015998159448078798
0.014891125621666628
0.015998159448078055
0.016520252257762803
0.016363673254968632
0.015629076770407209
0.014655069871855591
0.017001641286093307
0.018757785981567375
0.016363673254975133
0.017943845604822664
0.017943845604551163
0.017943845605977185
0.017943845605702339
0.01707838200146311
0.017078382001298301
0.021562351262994498
0.027691450697432753
0.024123588363599645
0.019335588349816385
0.017078382001071431
0.017078382001798013
0.017078382001437749
0.017078382001142034
0.01135585700970999
0.011237476262407091
0.024640001172493972
0.017742356881355358
0.019331655663082929
0.019331655663084472
0.019331655663088421
0.019428100556838516
0.019331655663118771
0.019236163582177324
0.019331655663154198
0.014501668784662497
0.014501668784683635
0.014501668784623004
0.014501668784644929
0.019654880179740812
0.019654880179770171
0.019654880179706874
0.019654880179739612
0.019654880179716398
0.019654880179721584
0.019654880179668023
0.01644978152861876
0.01644978152901673
0.016788209288079881
0.016449781528810933
0.016124728648808331
0.016449781528988933
0.016449781528990258
0.015594378368258046
0.025011390713847267
0.036953619194346428
0.017033413713679283
0.014744410043142968
0.017033413713545897
0.015343956619487587
0.013470849622791617
0.015343956619608658
0.015343956619471362
0.015343956619307635
0.015343956619810533
0.015343956619586539
0.017338079025999664
0.017338079025981296
0.017338079026562203
0.019288748055168621
0.020415973035727519
0.020415973035483283
0.02041597303550061
0.020415973035498688
0.020415973035501363
0.020415973035484244
0.020415973035724847
0.017352871733713578
0.017352871733666342
0.017352871733242438
0.017352871733705345
0.017352871733986582
0.020200059308561485
0.017352871733582131
0.019110679427831775
0.023319075822071642
0.029250413094159846
0.022919500356570515
0.017338171202197966
0.016144347393023575
0.014128984865544132
0.016144347392980259
0.01614434739296957
0.016144347393166912
0.016144347393113694
0.016144347393016581
0.014180481163426961
0.014180481163348566
0.014180481163500474
0.014180481163354469
0.01686969119880944
0.016869691198823308
0.016869691198815973
0.016869691198810339
0.017797618352806292
0.01779761835263214
0.017797618352400214
0.017797618352683248
0.017797618352964763
0.020007643509872636
0.017797618352458935
0.019507571389590007
0.019507571389589518
0.019507571389707389
0.019507571389589556
0.019507571389589556
0.019507571389707764
0.019507571389589144
0.015814394544356292
0.015814394544440447
0.015814394544345484
0.015814394544394973
0.015814394544394678
0.015814394544345307
0.015814394544438601
0.022781516763769827
0.032082535395038095
0.019096701528853371
0.015582748398166209
0.015582748397974211
0.015582748398392457
0.015582748398140479
0.015582748398316923
0.019054348212828278
0.019054348213084646
0.015643913661940033
0.019054348212873801
0.024601033899342404
0.019054348213175629
0.018913224750131043
0.015985323163031796
0.015985323163153136
0.015985323163122577
0.015985323163151377
0.014914052889706098
0.014914052889519283
0.014914052889804418
0.014914052889593759
0.014159139048136683
0.01415913904813345
0.014159139048181573
0.014159139048147916
0.0141591390479357
0.014159139048195645
0.014159139048137084
0.014159139048091735
0.014159139048147149
0.019734701756154806
0.02116058756155503
0.021809247286099367
0.018488848510852685
0.018020546150659806
0.019734701757188482
0.019734701754957618
0.015846830874657731
0.015846830874714793
0.01584683087447444
0.015846830874844491
0.038753702312257193
0.018442516522410014
0.016583880825041569
0.016583880825228214
0.014959084441755708
0.0165838808251293
0.018604643348767328
0.016583880825052789
0.017450174363571526
0.017556950793110516
0.017450174364099694
0.017450174363944762
0.017450174363770877
0.017450174363489786
0.017450174363687499
0.017450174363756354
0.017450174363346803
0.017944249286107824
0.015338451389943362
0.015338451389861424
0.014047853485979381
0.015338451389942597
0.016890178020072678
0.015338451389943506
0.015460544662993424
0.017499796881781767
0.015460544662951834
0.014529880907775117
0.014529880908325219
0.0145298809077429
0.014529880908265451
0.014529880907678329
0.016136974980038521
0.014529880907850566
0.013213898344734526
0.020138601452848241
0.035565692315284544
0.013819194420987493
0.018347644306728538
0.013819194421306623
0.013819194420998345
0.013035313313750159
0.017826151134494546
0.018839751026382728
0.020089262833834012
0.020089262831471822
0.020089262834352511
0.020089262833497788
0.020089262831837283
0.020089262833393087
0.02008926283244936
0.018242237535428682
0.018242237535688457
0.018242237535044198
0.018242237535228665
0.015008202274278312
0.018498476063444548
0.015008202273393343
0.014690378885637031
0.014690378885491275
0.012879851229964981
0.019338471842074868
0.040871382458214416
0.019842351940078978
0.014690378885793753
0.014690378885294089
0.012493888134200258
0.014690378885428143
0.020603117286244883
0.020603117286929925
0.020603117286245226
0.02060311728633624
0.020603117285653096
0.020603117286336847
0.020603117286278724
0.014299571689845809
0.014299571690072586
0.014299571689979329
0.014299571689370809
0.0142995716896889
0.018119520711072264
0.02859914337967091
0.020117021107867478
0.014299571689635967
0.014299571689506492
0.015614887104003135
0.015614887102792314
0.015614887103639265
0.015614887103674931
0.015614887103710255
0.01561488710382445
0.015614887103232198
0.013642862508513555
0.015614887103397854
0.014079784443171681
0.014079784442942228
0.014079784443078794
0.014079784442920242
0.019764994180282075
0.019764994180381683
0.0162908560102655
0.019764994180265304
0.033158252077430304
0.019764994180305858
0.016599999251338343
0.017440441178403109
0.016691646392680497
0.012542635373091091
0.01459150424874899
0.017809364841466471
0.01687466275804167
0.016874662758046933
0.016874662757687248
0.016874662757631512
0.016874662757687252
0.016874662758073353
0.016267971747352197
0.013133760671418833
0.016267971747551461
0.016267971747252214
0.01626797174763461
0.016267971748030071
0.019732186957828187
0.029997304347997376
0.024080662154055715
0.016986757110274017
0.014643772423078251
0.014643772423074379
0.014643772423114987
0.014643772423114858
0.014643772423068767
0.014643772423156846
0.014643772423070078
0.014643772423117787
0.014643772423072854
0.014219590272675683
0.015788324554877005
0.018849937644282541
0.015788324554820123
0.015448210194226195
0.015448210194095074
0.015448210193994812
0.018805202514939983
0.018805202515506884
0.024345467918182408
0.017131352946259049
0.021311378983277323
0.046745016377943226
0.02225028806955064
0.018805202514738422
0.015963729475281917
0.015963729475160521
0.015963729475480557
0.015963729474934078
0.018979027758074682
0.018979027757781146
0.018979027757741174
0.018979027758040622
0.021711622040053499
0.023545105841550493
0.016857381391891111
0.018146000045590242
0.0187099363999957
0.018863637850604555
0.018290539908338257
0.018497861246695245
0.018497861246692782
0.018497861246695446
0.01681730509758806
0.01681730509690629
0.016817305097751978
0.016817305097538753
0.016817305097515681
0.016817305098033631
0.01681730509736953
0.015281756626958538
0.015281756626863671
0.015281756626926686
0.015281756626840028
0.012363173838541817
0.017656750504564948
0.020004149754214169
0.013469928473684905
0.015281756626958812
0.015390023693521741
0.013126663066347705
0.02146321385449845
0.046981633137024061
0.017849752143541703
0.017849752143400635
0.017849752143684904
0.017849752143065618
0.013911767720455943
0.011223538310912129
0.013911767720537318
0.018293334169436539
0.017827861845548115
0.018526030513828763
0.013015379134811782
0.015141273069543406
0.01325480436032297
0.015141273069102415
0.017917911283013153
0.015141273069540034
0.015141273069856949
0.016659828422173072
0.0199839645445507
0.01917288350184301
0.016659828421907677
0.014729219502845947
0.016659828421931224
0.016659828421690941
0.01878966539135165
0.018144950015296413
0.018144950015017938
0.018144950014619715
0.017536246795941682
0.015078514997182017
0.015078514997205703
0.019955959296561295
0.015078514997142446
0.012116995174368544
0.015078514997006728
0.015078514997239344
0.015078514996865239
0.019180286637501293
0.019180286637092262
0.019180286637503961
0.019180286637487314
0.019180286637283401
0.019180286637874407
0.019180286637434863
0.015379844979374484
0.015232745191758658
0.015232745191933706
0.015232745191739346
0.018910062962039519
0.018910062961963521
0.018910062962117939
0.018910062961889778
0.018910062961850854
0.020077886107438787
0.018910062962007493
0.017680098742438772
0.018448446122145197
0.019286609770854692
0.018448446122148583
0.013395685984125881
0.015758498530396601
0.01913335624347836
0.015758498530359405
0.016834814683412816
0.01683481468373935
0.016834814683485792
0.016834814683194994
0.016834814683534705
0.016834814683065771
0.016834814683565822
0.015067435062005202
0.016336667396012212
0.015067435061683527
0.014077311018496914
0.012781397920906178
0.014077311018922687
0.015665661186560421
0.01407731101903808
0.014077311019477944
0.014077311018946759
0.014077311019446783
0.017373451833169538
0.016657417031969868
0.016657417030585892
0.016657417031019896
0.0166574170321943
0.017497894950109057
0.016657417031057775
0.015893980094578476
0.014544050480921
0.021040880439140503
0.015169910214955031
0.016529123035079561
0.015169910215128944
0.015169910215178233
0.016624962237048589
0.017421365967500921
0.016624962237172618
0.015898189303010821
0.016624962237625347
0.016624962237353297
0.016624962237172376
0.021243202845105079
0.021243202846034811
0.021243202845406341
0.021243202845807288
0.021243202845101228
0.021243202844870645
0.021243202845534079
0.015681341791424028
0.019149935560212081
0.024588789046142544
0.017844236863832994
0.017844236864290468
0.017844236864260097
0.017844236864256482
0.017844236864303115
0.017844236864256482
0.017844236864253803
0.020673656768646104
0.02170924024783643
0.015705354610700054
0.019305377346027611
0.015705354610453894
0.013236957050965672
0.015705354610648137
0.015705354610679696
0.015705354610208399
0.015705354610782905
0.015705354610538295
0.015112247358576839
0.014334213563640787
0.015112247358746705
0.019917517681454354
0.019917517681409039
0.019917517681486849
0.019917517681425866
0.025802236207405363
0.019917517681425582
0.016218551142179453
0.015313761372785372
0.015097791167808974
0.014887827908213712
0.017402698732733958
0.016729646827947909
0.017402698732573222
0.017402698732405249
0.026452934888918027
0.020503021301997416
0.020503021301988653
0.020503021301959919
0.020503021301962847
0.020503021301952556
0.020503021301961129
0.01514757866605485
0.015147578665139735
0.015147578665382766
0.01514757866582637
0.015591582031180006
0.015591582031102001
0.015591582031102147
0.015591582031177895
0.015591582031263236
0.015591582031113754
0.015591582031261301
0.019078513619179258
0.016256432859680679
0.016256432859696263
0.013218351042815719
0.021505269832473906
0.021107814682827283
0.013067114432379744
0.01625643285964742
0.016256432859680068
0.013415036145010868
0.015090782291182199
0.017244943255389115
0.015090782291128374
0.017636871712556689
0.017636871712750597
0.017636871712944181
0.018084320609429928
0.017636871712764693
0.017211030090334072
0.017636871712957924
0.01993679554302015
0.019936795542728293
0.019936795542052747
0.019936795542614971
0.019936795542406086
0.019936795542270604
0.01993679554210416
0.016051983869101151
0.016051983868857443
0.016051983868604069
0.017674634848998356
0.017674634848998314
0.017674634849026285
0.017674634848616731
0.015059505396396174
0.01505950539638355
0.015059505396412551
0.056317052986039479
0.027094858832208791
0.020555045431168924
0.020555045431613708
0.020555045430752188
0.020555045430789454
0.017431719344429462
0.020555045431196871
0.015787062934678436
0.015787062934908482
0.015787062934815847
0.015787062934884272
0.018299180935588341
0.018299180935643717
0.018299180934494803
0.018299180935306213
0.018299180934911612
0.018299180935249786
0.018299180935379439
0.016740180430890966
0.018299180935325069
0.016180120233037831
0.013287047337319122
0.016180120233079
0.016180120232997895
0.018469487146096971
0.016180120232969438
0.01439571383950876
0.015547637477576998
0.01554763747807629
0.01554763747820433
0.015547637477902969
0.01554763747757687
0.015547637478086355
0.015547637478063731
0.015954004145783653
0.015954004145261741
0.015954004145453015
0.017427423065140835
0.01742742306514387
0.017427423065862941
0.017427423065057564
0.017427423065809949
0.017427423065891602
0.017427423065046816
0.017427423065947606
0.017427423065020629
0.021026803032724591
0.018336181566334642
0.018336181566965318
0.018336181566394546
0.018918080608915557
0.01746072613999677
0.016211846438170786
0.017460726139945072
0.015161766960414031
0.017460726140063408
0.020581467531481098
0.018492517905254
0.01849251790655479
0.016488405527828386
0.018492517905748296
0.021051226406272844
0.018492517904662328
0.018492517905962041
0.016605371900060114
0.015681578737964597
0.016605371899967396
0.016605371899993147
0.020954631812534808
0.016605371900011448
0.013751222857695259
0.014879380642213256
0.02289752440419025
0.024662343394749677
0.015605029901233729
0.013920500578536764
0.015307389911042
0.015307389911041396
0.015307389910726152
0.015307389911062716
0.015205569287755807
0.015205569288408603
0.015205569288433033
0.016806790342796391
0.016806790343008887
0.016806790342993892
0.016806790343039304
0.016766505557014852
0.021573954081967644
0.016766505557014665
0.013711167158322227
0.01676650555726035
0.016766505557265669
0.014756354859465172
0.016766505557025576
0.01941068122075873
0.01410007168724579
0.014100071688484003
0.014100071686819936
0.014100071687296909
0.014100071687486062
0.014100071687082947
0.014100071687281843
0.014100071686907578
0.014100071687296538
0.018155384716510205
0.018155384715464337
0.020510967719730527
0.018155384716593673
0.016406270421676968
0.02052823785826333
0.016406270421636383
0.013662840433216869
0.016406270421645417
0.016406270421692421
0.016406270421341809
0.014901015094104979
0.014901015094069839
0.014901015094223348
0.014901015094503952
0.014901015094429794
0.014901015094620764
0.014901015094569458
0.016564763238758624
0.016564763238646148
0.016564763238750883
0.016564763238855952
0.016564763238722219
0.016564763239051278
0.016564763238729387
0.016564763238750922
0.016564763238743875
0.01842617061761909
0.018426170617687233
0.018426170617729824
0.018426170617677779
0.018426170617744514
0.017188251832169758
0.018426170617792968
0.015960594998675935
0.015960594998847329
0.015960594998713884
0.015960594998794531
0.015486934502268483
0.013700276458149757
0.01646414294891943
0.017668153310841268
0.018402224566942953
0.019199937962877188
0.018402224566521241
0.018402224567037797
0.018402224566485142
0.018402224567018004
0.018402224566557254
0.018402224566968158
0.016971497398349418
0.021668066896036731
0.016971497398659701
0.015422016555247334
0.016971497398861515
0.018867114078888757
0.01697149739867165
0.016971497398705741
0.016971497397892235
0.014862855031131716
0.015365960334306547
0.01590431902969908
0.015365960334637817
0.013082483747379723
0.015365960334584637
0.018615130387856779
0.020090068736697959
0.020090068736700394
0.020090068736726467
0.018033221572768314
0.018033221572452275
0.018033221572473678
0.015671083387814089
0.018033221572259502
0.021233847964083244
0.01803322157197566
0.018033221572529141
0.018033221572270369
0.018133254870641172
0.017757643910439744
0.017757643911192826
0.017757643910421318
0.017757643910560093
0.017757643910440882
0.017757643910938817
0.017757643910166838
0.017757643910536119
0.016013228063246981
0.013606103848689195
0.013606103848253441
0.013606103848701721
0.015627005451237883
0.015627005451079163
0.015627005451184086
0.015627005450895317
0.015627005451161451
0.01562700545082921
0.015627005451056147
0.016817179136919182
0.015820324790916093
0.018129810754586733
0.01419304510975013
0.014193045110753311
0.014193045110211038
0.016585139887569725
0.016585139888362143
0.016585139887570006
0.016585139887978391
0.016585139887953716
0.016585139887927355
0.016585139888311035
0.016585139887927664
0.01658513988795365
0.017888621551329021
0.017888621551495267
0.017888621551507718
0.017888621551167855
0.01788862155116339
0.017888621551330301
0.017888621551506636
0.01788862155134651
0.017888621551150372
0.016839898009503525
0.013862540709991714
0.016839898009494713
0.021446011786145493
0.016839898009521032
0.016839898009532766
0.016839898009798744
0.020226172455757398
0.020334342999035568
0.020226172454989356
0.020226172455575266
0.020226172454132146
0.020226172454718635
0.020226172455050238
0.015222187392813915
0.015222187392502503
0.015222187392216282
0.015222187392503101
0.015222187392813792
0.015222187392502745
0.015222187392172116
0.015222187393165897
0.015222187392150992
0.017877090348196758
0.017877090348196494
0.017877090348196758
0.017877090348196494
0.017877090348195575
0.017877090348211354
0.017877090348195446
0.021532462970615
0.017877090348209911
0.021074937630264017
0.02107493763027464
0.021074937630254836
0.021074937630728031
0.021074937630298621
0.021074937630148397
0.021074937630768634
0.015782964958273232
0.015782964958613546
0.015782964958587099
0.017535120575297158
0.01753512057526449
0.018245457482425575
0.017535120575343979
0.016878021059899922
0.017535120575304541
0.017535120575707986
0.017913062574499383
0.017910116306085345
0.017907171004642706
0.01791011630511025
0.021957252897242985
0.020803986320940538
0.020803986320436105
0.020803986320779132
0.02080398632066556
0.020803986320178661
0.020803986320500279
0.016132283665468233
0.016132283666127647
0.016132283666627067
0.016132283665881063
0.016019744638689538
0.017967664562188373
0.016019744638339248
0.01583687629552008
0.015836876295516788
0.015836876295516673
0.020407578593578404
0.020407578593717314
0.020407578593734255
0.020407578593371629
0.02040757859325007
0.020407578593372163
0.020407578593743068
0.018335285259634657
0.0183352852594246
0.018335285259817702
0.018335285260000531
0.018335285259803383
0.018335285259606961
0.018335285259803335
0.015084311104295825
0.018335285259602676
0.018592560025134763
0.018592560026011201
0.018592560024911206
0.01859256002554056
0.02274274481169385
0.018592560025885566
0.015723309226402134
0.01748734730038165
0.017487347300390088
0.017487347300382122
0.017487347300389301
0.017487347300414419
0.017487347300042307
0.017487347300414888
0.016278022605163481
0.020800149718953016
0.016278022605012803
0.01627802260485196
0.01627802260485196
0.016278022605024579
0.016278022604851689
0.017012242428533265
0.017012242429062973
0.017012242429048783
0.017012242428703174
0.019263889366643434
0.022556205915411836
0.019263889367276719
0.019263889367234725
0.019263889367435068
0.019263889367030759
0.019263889366693914
0.018210817723579558
0.023957939586600367
0.018210817723577445
0.014687519552277022
0.018210817723472036
0.018210817723952794
0.018210817723547906
0.014180931238570171
0.013951218877472698
0.013728829961325616
0.013951218877109775
0.01395121887734461
0.01395121887794034
0.013951218877723704
0.017217761698514123
0.013951218877394722
0.017517888949584507
0.015750336831617726
0.015750336831482241
0.018346727524029018
0.021102238856932208
0.015846113441676461
0.015846113441425089
0.019670985223607697
0.015942892482605116
0.019670985223581034
0.022603972891901344
0.019670985223604068
0.017411720384808413
0.019670985223602274
0.01379022179904074
0.013790221798174993
0.013790221799025183
0.013790221798763099
0.015866637485952677
0.018003364946218472
0.015866637486101846
0.014183294663730117
0.018291680969603819
0.018291680969879584
0.018291680969840747
0.018291680970117213
0.019463810897896477
0.018291680970181461
0.017252705965878735
0.015124031931451617
0.0138475626478924
0.015124031931077185
0.016659726690205764
0.015124031930606522
0.015124031931446669
0.015124031931420248
0.016972177056184111
0.016972177056185141
0.016972177055900765
0.016972177056184506
0.020156125470629782
0.016972177055839248
0.014656908625464779
0.01697217705595391
0.016972177055920596
0.018443830294919396
0.018443830294303173
0.018443830295305233
0.01844383029448066
0.018443830295122542
0.018443830294506143
0.018443830294931535
0.018443830294533742
0.018443830294700689
0.015122980678818175
0.01512298067909402
0.015193896160379567
0.018118163396731297
0.018118163396730547
0.018118163395930191
0.018118163395988211
0.018118163395986684
0.018118163395987076
0.018118163395986306
0.018118163395930576
0.01811816339678932
0.017749933292131703
0.017749933292344471
0.0177499332921436
0.017749933292249477
0.01955124275410839
0.019551242753584896
0.019551242753798648
0.019551242753672194
0.019551242753650052
0.019551242754104411
0.019551242753650236
0.018561620598714641
0.016299109428531675
0.014528235253955349
0.016299109427836439
0.016207850526368237
0.01345232569271761
0.016207850526633975
0.018132205775134143
0.018132205774776276
0.01813220577477636
0.018132205775156816
0.018132205774750883
0.018132205775131003
0.022173697293230869
0.015690459665643575
0.015690459665515442
0.015690459665301606
0.015690459665444315
0.015690459665658584
0.015690459665524688
0.016320879101178576
0.016043722084523232
0.012047307457534424
0.012057880006654273
0.016062477921113021
0.01577675212234865
0.013707548948877473
0.013707548948318337
0.013707548949163071
0.015814589293881749
0.015814589294007843
0.015814589293933385
0.015814589293766022
0.013564557457865164
0.015814589294008918
0.018959513842618146
0.014759407982652028
0.014759407983075607
0.014759407983047271
0.014759407983047425
0.01594874200403186
0.014309947269029524
0.015948742004286354
0.018011436328918443
0.015948742003745752
0.01594874200377348
0.01594874200374486
0.014932438736275935
0.014932438736655635
0.01493243873639408
0.014932438736024366
0.014932438736343583
0.014932438736659098
0.014932438736339773
0.014932438736022765
0.014932438737116943
0.018413848159458769
0.018413848159467911
0.018413848159409305
0.029852409112310963
0.030288695072650185
0.01540694568877906
0.015243294383122091
0.015243294382798683
0.012832713467029232
0.015243294382820708
0.018768983041322709
0.015243294382522071
0.015243294382838725
0.018073483320762678
0.018073483319659807
0.018073483320560576
0.018073483319457229
0.018073483320005926
0.018073483320524424
0.01807348331973116
0.018073483319731996
0.018073483320506404
0.019226908545463616
0.01922690854552353
0.01922690854546398
0.019226908545467561
0.019226908545463776
0.019226908545519644
0.019226908545494012
0.025932060087806401
0.022386352996653966
0.030957863657255235
0.053357351277427446
0.065539221528391867
0.026532549514909212
0.018677213263606728
0.01978216129530511
0.019782161296981342
0.018065697304558859
0.018065697305343853
0.018065697304757086
0.018065697304454807
0.018065697304506918
0.018065697304307609
0.018065697305144963
0.021387010251164181
0.021387010250622427
0.021387010251096152
0.021387010251603961
0.021387010250557042
0.021387010251092964
0.021387010251136339
0.019658573039794298
0.019658573038953839
0.019658573038984266
0.019658573039388037
0.019658573039299996
0.01965857304018348
0.019803463749495424
0.017770783592891908
0.013099898356564939
0.015487036928823344
0.015487036928403284
0.014337181954432406
0.015487036928552363
0.016837412670300356
0.015487036927592587
0.015487036929142394
0.016389058553797797
0.01434382313604185
0.014343823136145361
0.014343823136123047
0.0161609578093844
0.014343823136339419
0.012742599309907359
0.01405270999176917
0.014535979079381835
0.023699699545133401
0.036470453211150777
0.039603615225154189
0.019974878437949789
0.019359250309596236
0.019359250309125768
0.019359250309245967
0.019359250309596353
0.013969155789125286
0.016479195149849482
0.013102516694085598
0.012122681628482748
0.016348520382906104
0.015887959603306974
0.01659246475155933
0.024262224586081699
0.024262224585985526
0.024262224586892985
0.017863115723149161
0.014506689133046582
0.017863115722989625
0.017863115723424187
0.015956970618199728
0.015956970618666178
0.015956970618540022
0.01595697061807418
0.014855999366036517
0.01485599936582767
0.014855999365815335
0.016728700996570478
0.014855999366040306
0.013360367300184899
0.014855999366045546
0.015782656604334869
0.014855999365818577
0.018732258125558711
0.016042496120695429
0.017244870848841427
0.01724487084865561
0.017244870848923458
0.017244870848040838
0.017244870848650139
0.019322387891873589
0.018321515449141082
0.018321515449582795
0.018321515449080387
0.016835144707586226
0.01683514470871145
0.01645952198211062
0.016835144708085892
0.017228311990058941
0.016518897015734783
0.016835144708199256
0.017163737615356164
0.016835144706660879
0.016795313997170824
0.016795313997002584
0.016795313997553199
0.016795313997267889
0.017496107885131899
0.016554443693009603
0.013354460516892944
0.016554443692722368
0.020332101358793771
0.016554443693035742
0.016554443692683021
0.016554443692329484
0.016554443692707328
0.015278073704181695
0.01769253220104278
0.01527807370392275
0.015278073703627156
0.023514744079844652
0.018918946087559368
0.015825883911177254
0.018918946088100321
0.01891894608833054
0.018918946088146277
0.018918946087817978
0.016916273306547512
0.014382534436688394
0.016916273306975482
0.016916273305384345
0.01628442443765922
0.019008117382095104
0.016284424436574695
0.016284424437987135
0.016284424437832474
0.016284424436744507
0.016284424438551926
0.015003297252070771
0.015003297251951103
0.015003297252374651
0.015003297252302794
0.015189073496700702
0.015403152438383255
0.015189073496855436
0.018380800893103299
0.024271793025505663
0.047603217222645239
0.066878299000909067
0.049029531720034651
0.018990984004638164
0.016445467709772479
0.018380800893092013
0.016392394888249586
0.01838080089334175
0.018380800893450983
0.015754698172840871
0.015754698173348146
0.015754698173110097
0.015754698173124682
0.017297669614321311
0.017297669614345004
0.01729766961408322
0.017297669614461865
0.017297669613927657
0.017297669614437714
0.017297669614404466
0.017297669614427892
0.017297669614076874
0.01675854221933697
0.01772112810605489
0.018801031561543537
0.017721128106449408
0.018155472003095648
0.01815547200404255
0.018155472003150774
0.018155472003444605
0.021204793936049186
0.018155472002418405
0.013650714705220271
0.018155472003730761
0.022309450363352645
0.01968582398961043
0.042342952655098395
0.019225794718539645
0.014589817519334426
0.014589817519317217
0.014589817519566527
0.014589817519285226
0.01731150910629722
0.031142014351880441
0.02219933680620018
0.014144177724745282
0.017386017090830801
0.017386017091184328
0.015734916494915315
0.017386017091168132
0.019424247595573842
0.017386017091376563
0.015877288725962356
0.017386017090983568
0.01921158461361671
0.015120092988022527
0.015120092989203747
0.014815425054432856
0.015120092988368632
0.017993582549646364
0.017993582549650479
0.022838633929306979
0.017993582550437613
0.014844441422641493
0.017993582550028326
0.017993582550028333
0.01799358254960148
0.01799358255002757
0.01538731588543483
0.015387315885519177
0.015387315886567728
0.01538731588530531
0.015387315885442857
0.015387315886396438
0.015387315885881044
0.015387315885270274
0.015387315886320255
0.025480109871161005
0.020141438333155126
0.016652380083301995
0.020141438333311536
0.020141438334633128
0.02014143833419333
0.020141438333646768
0.015524010290745769
0.015524010290654991
0.013934169819846551
0.015524010290744076
0.019645885163740801
0.019645885164194334
0.019645885163128481
0.019645885163887981
0.019645885163474829
0.019645885162687046
0.024130988865165123
0.060965369575678885
0.017804181254516924
0.01780418125448362
0.017804181254195424
0.01780418125452099
0.017804181254215103
0.017804181254214457
0.017804181254518915
0.020888635302064373
0.014394621875840827
0.013262231871218512
0.016223888163314427
0.016223888163202489
0.020591266817914147
0.016223888163315946
0.018042346180756143
0.018042346180473068
0.018042346181147952
0.018042346180248019
0.014914919132642063
0.01220698040615547
0.014914919132878693
0.019118493360415864
0.019118493360193712
0.019118493360399114
0.015321500238261562
0.01911849336096394
0.025417486200982341
0.019118493359834097
0.013534173636791148
0.01187140210309127
0.013534173636961262
0.015738606297859507
0.016250676237491886
0.016250676237491553
0.016250676237494995
0.016250676237448049
0.020403130358967809
0.020403130358990558
0.020403130358665471
0.016965191288762668
0.020403130359030991
0.025588567716401944
0.020403130358665918
0.014179447883434313
0.014179447883204032
0.014179447883499029
0.01417944788316082
0.014179447883437448
0.01417944788346537
0.014179447883412721
0.011930200823287076
0.014179447883499919
0.01764320312837736
0.017643203128345202
0.017643203128180407
0.01764320312829018
0.01567012048652321
0.015670120486523425
0.015670120486542781
0.020376314972662572
0.01606772453137106
0.016067724530987957
0.016424500896974347
0.018265228096938087
0.020570619200989765
0.022342148210983445
0.018265228096846598
0.015446586844810106
0.01826522809735286
0.013736120663088708
0.013736120663044393
0.013736120663076737
0.013736120663253682
0.015035124648698644
0.015035124648402754
0.015035124648707782
0.015035124648633959
0.015035124648494831
0.015035124648763908
0.015035124648627048
0.013572269189969897
0.017199526251202482
0.013572269189959209
0.013572269189983667
0.014950787047004891
0.014950787047284003
0.014950787046943552
0.014950787047116972
0.016062734629971362
0.016052232180049687
0.016062734629971744
0.014621377295374008
0.014621377295168802
0.014621377295432531
0.013051694640908407
0.014621377295238434
0.016620236236973507
0.014621377295349477
0.014621377295696602
0.014621377295427361
0.01857244337122994
0.018572443370973996
0.018384227130647478
0.018572443371086156
0.018764553360989544
0.018572443370984279
0.01857244337134226
0.018572443371008267
0.018572443370674027
0.017370184699157326
0.015769602944204628
0.017370184698984017
0.017370184699104591
0.017370184699096153
0.017370184698811023
0.017370184698932284
0.014867046524307106
0.014867046524150584
0.014867046524032142
0.014867046523845674
0.014867046524017871
0.014867046524173366
0.014867046523993946
0.013203183926170897
0.01486704652399347
0.015649845195916032
0.013750866200788758
0.015649845196172931
0.015649845195290727
0.014106939849561444
0.014106939848633327
0.014106939849211245
0.014106939849405462
0.013797032682236714
0.013797032682222527
0.013797032682469708
0.015347236740601186
0.017190651632093552
0.017190651632020465
0.013863019733694255
0.017190651632760214
0.030493428492825925
0.017190651632019074
0.014370882818442718
0.017190651632054976
0.017190651632104578
0.016233650016943931
0.016233650016724843
0.016233650016527795
0.016233650016667621
0.015996912266658041
0.016789870251801797
0.015996912266594741
0.015275476604755464
0.01880593449954476
0.018805934498429638
0.018805934499587364
0.018805934498428951
0.018805934499587656
0.018805934498443713
0.024922206410988326
0.018220639784913055
0.01822063978511328
0.018422326384512726
0.018220639785094594
0.018023321468827111
0.018220639784870651
0.018220639784852694
0.018220639785045699
0.018220639785031242
0.015082684814566339
0.015082684814419905
0.015082684814502881
0.015082684814424955
0.015082684814476249
0.0150826848147973
0.015082684814471239
0.015966142313319994
0.014541026179344239
0.015966142313939748
0.017700951940998372
0.018458216719797065
0.018458216719797828
0.018458216720211831
0.018458216720180241
0.018458216720180151
0.018458216720181678
0.018458216720181102
0.015351694486795813
0.01535169448676588
0.015351694486578209
0.022236928738550276
0.018308348558046666
0.014108486662317921
0.017263768156631037
0.020491291023232307
0.017263768157264044
0.014914611628786571
0.017263768157020458
0.017263768157226522
0.018964657187866624
0.018964657187907599
0.018964657187060079
0.018964657187906169
0.018964657187906818
0.018964657187002007
0.018964657188756184
0.015578985053936928
0.015578985053901904
0.015578985054006983
0.017026698335905567
0.015998159447573948
0.015086804536152095
0.015998159447939957
0.015998159447940242
0.017283010414715073
0.015998159447927037
0.014891125621525893
0.015998159447926295
0.016520252258015355
0.01636367325528041
0.015629076770387433
0.016275230934168553
0.01700164128596993
0.016637853583766536
0.016363673254944613
0.0179438456048444
0.017943845604614424
0.01794384560602005
0.017943845605715124
0.017078382001487386
0.017078382001486616
0.021562351262607648
0.02769145069688965
0.024123588363614386
0.019335588350033454
0.01707838200077386
0.017078382001512991
0.017078382001130168
0.017078382000799482
0.011355857009484875
0.011237476262357727
0.024640001173158135
0.017742356881850409
0.019331655663181669
0.01933165566327201
0.019331655662853421
0.01942810055662526
0.019331655663355918
0.019236163582361368
0.019331655663226699
0.014501668784476467
0.014501668784473813
0.014501668784803818
0.014501668784492371
0.019654880179828017
0.01965488017982827
0.019654880179832246
0.019654880179773505
0.019654880179773036
0.019654880179828492
0.019654880179883413
0.016449781528606031
0.016449781529207209
0.017438355570765469
0.016449781529191916
0.015567278184095867
0.016449781529166593
0.016449781529176928
0.015594378367972945
0.025011390713638375
0.036953619193957524
0.017033413713069961
0.014744410043206374
0.017033413713080758
0.015343956619482593
0.013470849622817136
0.015343956619694529
0.015343956619557175
0.015343956619337219
0.015343956619780191
0.015343956619620805
0.017338079025568411
0.017338079025568651
0.017338079025589547
0.019288748054679814
0.0204159730364031
0.020415973035435138
0.020415973035436099
0.020415973036401389
0.020415973035372334
0.020415973036337836
0.020415973036337836
0.017352871734215163
0.017352871734110244
0.017352871733590229
0.017352871733822012
0.017352871734153601
0.020200059308845667
0.017352871733817238
0.019110679426729338
0.023319075820933979
0.029250413092664254
0.022919500355644027
0.01733817120118605
0.016144347392726122
0.014128984865809243
0.016144347393128974
0.016144347393286448
0.016144347393276338
0.01614434739327588
0.016144347393276089
0.014180481163289276
0.01418048116337395
0.014180481163298115
0.014180481163150526
0.016869691198797613
0.016869691198834386
0.016869691198832738
0.016869691198822111
0.017797618352445841
0.017797618352725707
0.017797618352346719
0.017797618352607462
0.017797618352874911
0.020007643509497849
0.017797618352639887
0.019507571389965957
0.019507571389923671
0.019507571390298017
0.019507571389171315
0.019507571389213153
0.019507571389707015
0.019507571390024615
0.015814394544484713
0.015814394544435392
0.015814394544571463
0.01581439454452185
0.01581439454447239
0.015814394544608541
0.015814394544559129
0.015582748397598796
0.015808683992533989
0.015582748397563621
0.01558274839770017
0.015582748398155995
0.015582748397515802
0.015582748398379531
0.019054348213189628
0.019054348213244785
0.015643913661943683
0.019054348213190915
0.024601033899689918
0.019054348213162799
0.018913224750721009
0.015985323163076524
0.015985323163327344
0.015985323163076902
0.015985323163326969
0.014914052889822027
0.014914052889839014
0.014914052889335524
0.014914052889848204
0.014159139048718895
0.014159139048035308
0.014159139048351841
0.01415913904791115
0.014159139048305909
0.014159139048719297
0.014159139048052374
0.014159139048098528
0.014159139048081167
0.019734701756739505
0.021160587562525937
0.021809247285900116
0.018488848511469983
0.018020546151262674
0.019734701758025615
0.019734701755798636
0.015846830874832511
0.015846830874481181
0.015846830874619348
0.015846830874702917
0.018442516522242679
0.016583880824982727
0.01658388082498918
0.014959084441567636
0.016583880825714794
0.018604643348492104
0.016583880825221161
0.017450174363570801
0.017556950793155026
0.017450174363853224
0.017450174363651375
0.017450174363786448
0.017450174363585653
0.017450174363658193
0.01745017436369832
0.017450174363542553
0.017944249286236894
0.015338451390371684
0.015338451390137496
0.015338451389737561
0.012530224763857069
0.015338451390119556
0.019769006404742058
0.015460544663116639
0.017499796881917842
0.015460544663116655
0.014529880907388121
0.014529880907938442
0.014529880907370221
0.014529880907681559
0.014529880907386373
0.01613697497934145
0.014529880907152286
0.013213898344443491
0.020138601452751773
0.035565692314147045
0.013819194421024104
0.018347644306604544
0.013819194421891317
0.013819194421027999
0.013035313313682895
0.017826151134609548
0.018839751025720521
0.020089262833582831
0.020089262832636522
0.020089262835522016
0.02008926283385791
0.020089262831711679
0.020089262834632235
0.020089262833684094
0.018242237534849048
0.018242237535059252
0.018242237534433908
0.018242237534549118
0.015008202274271507
0.018498476063622413
0.015008202273382641
0.014690378885355211
0.014690378885397037
0.012879851229749028
0.019338471841365879
0.04087138245831741
0.019842351939742726
0.014690378885374849
0.014690378885374849
0.012493888133835108
0.014690378885375966
0.020603117286244709
0.020603117286929581
0.027353473950409289
0.020603117286359295
0.016525030233092323
0.020603117286337101
0.02060311728627855
0.014299571689998326
0.014299571690161229
0.014299571690195634
0.014299571689506577
0.016261136179233904
0.014299571689994383
0.012760308517746526
0.014299571689954048
0.014299571689761072
0.015614887104542681
0.015614887103248463
0.015614887104250427
0.015614887104173459
0.015614887104320097
0.015614887104510188
0.015614887103830263
0.013642862509086893
0.015614887103985776
0.014079784443018956
0.014079784442709081
0.014079784443039619
0.014079784442709123
0.019764994180156401
0.019764994180413626
0.016290856010270357
0.019764994180180549
0.033158252077241886
0.019764994180198513
0.016599999251348994
0.017440441178192764
0.01669164639315274
0.01254263537356985
0.014591504249349496
0.017809364841936182
0.016874662757331956
0.016874662757471327
0.016874662757331956
0.016874662758196306
0.016874662757413856
0.01687466275738975
0.016267971747945843
0.013133760671887897
0.016267971747459926
0.016267971747899158
0.014013669642611071
0.016267971748148435
0.018455922373190096
0.016267971747633548
0.016986757111015015
0.014643772423222907
0.014643772423162556
0.014643772422831399
0.01464377242318529
0.01464377242290304
0.014643772423267871
0.014643772422743083
0.014643772423245585
0.014643772423217469
0.014219590273635736
0.015788324556077229
0.018849937644912662
0.015788324555980549
0.015448210194143983
0.015448210194353605
0.015448210194010574
0.018805202515064161
0.01880520251581292
0.02434546791812359
0.017131352946531904
0.02131137898340774
0.046745016378328029
0.022250288069523564
0.018805202514885395
0.015963729475449471
0.015963729475148302
0.015963729475496451
0.015963729474715232
0.018979027758077933
0.018979027757743381
0.01897902775774352
0.018979027758040622
0.021711622040063994
0.023545105841358729
0.01685738139189831
0.018146000045152967
0.018709936399926901
0.018863637850532571
0.018290539908635672
0.018497861246628958
0.018497861246522806
0.018497861247049004
0.016817305097684393
0.016817305097640178
0.016817305098270844
0.016817305098271021
0.01681730509759502
0.016817305098315447
0.016817305097640518
0.015281756626897059
0.015281756626564145
0.015281756626588176
0.015281756626564167
0.012363173838581622
0.017656750504560514
0.020004149754214634
0.013469928473689389
0.015281756626873514
0.015390023693701006
0.014445566015568368
0.022887357113950003
0.035410335011766408
0.017849752143369525
0.017849752143029619
0.017849752143390664
0.017849752142654485
0.013911767720676625
0.0112235383114998
0.013911767720412258
0.018293334169251281
0.017827861845539916
0.018526030514091973
0.01301537913483374
0.015141273068880018
0.013254804360163904
0.015141273069398326
0.017917911282993665
0.015141273069573892
0.015141273069379083
0.016659828422152217
0.016659828421692207
0.019281423089031732
0.045157569401492972
0.026196148982563013
0.014729219502809903
0.016659828422057269
0.016659828421556999
0.018789665390928651
0.018144950015083896
0.018144950014749743
0.018144950014400727
0.017536246795761531
0.015078514997439871
0.015078514997453999
0.019955959296527898
0.015078514997142073
0.012116995174362676
0.015078514997118495
0.015078514997478056
0.015078514997142448
0.019180286637064777
0.019180286637480008
0.019180286637778328
0.019180286638220134
0.019180286637394833
0.019180286637778717
0.01918028663821995
0.015379844979334516
0.015232745191767141
0.015232745191851905
0.015232745191784509
0.018910062961879304
0.018910062961816524
0.018910062962121037
0.018910062962012145
0.018910062961844443
0.020077886107412242
0.01891006296183903
0.018448446122124536
0.018448446122161611
0.018448446121480801
0.023526092019876682
0.013395685984133645
0.015758498530462645
0.019133356244541242
0.01575849853022801
0.016834814683406536
0.016834814683801488
0.016834814683564358
0.016834814683798133
0.016834814683526388
0.016834814683050897
0.016834814683689137
0.01506743506188581
0.016336667395956666
0.015067435061627955
0.014077311018601067
0.012781397920774791
0.014077311018785227
0.015665661186533647
0.014077311018891071
0.014077311019445803
0.014077311018907255
0.014077311019414999
0.017373451832981047
0.016657417032182629
0.016657417031579972
0.016657417030963809
0.016657417032147636
0.017497894950371441
0.016657417031972543
0.015893980095515795
0.014544050480630875
0.021040880438752022
0.015518230094050553
0.016529123034809419
0.014836883734803397
0.015169910215247783
0.016624962237335072
0.017421365967637895
0.0166249622372583
0.0158981893038386
0.01662496223761864
0.016624962237286
0.016624962237642635
0.02124320284516561
0.021243202845922272
0.021243202845795103
0.021243202845851548
0.021243202845094181
0.021243202845932965
0.021243202845713335
0.015681341791401231
0.01914993556054112
0.024588789046121173
0.017844236863952857
0.017844236864321999
0.017844236864296727
0.017844236864297137
0.017844236864296589
0.017844236864296818
0.017844236864296818
0.020673656768592549
0.021709240247833914
0.015705354610387079
0.019305377345656159
0.0157053546104013
0.013236957050743724
0.015705354610401141
0.015705354610414536
0.015705354610180605
0.015705354610799745
0.015705354610373604
0.015112247358189649
0.014334213563275475
0.015112247358236091
0.019917517681560092
0.019917517681551811
0.019917517681325853
0.019917517681611003
0.025802236207375876
0.019917517681470629
0.016218551142214294
0.015313761372721514
0.015097791167674183
0.014887827908152218
0.017402698732701907
0.01740269873293538
0.017402698732712146
0.017402698732577201
0.026452934888772622
0.020503021301929682
0.02050302130193786
0.020503021301961612
0.020503021301972842
0.02050302130177872
0.020503021301881658
0.015147578666042459
0.015147578665163754
0.015147578664739777
0.015147578665661575
0.015591582031121749
0.01559158203146725
0.015591582030952537
0.015591582031386005
0.015591582031137209
0.015591582031152936
0.015591582031142874
0.019078513619551065
0.016256432859199865
0.016256432859921295
0.015693183379986819
0.021505269831840448
0.016861619069110417
0.013067114432315558
0.016256432859596496
0.016256432859249988
0.013415036145204012
0.01509078229147811
0.017244943255723021
0.015090782291149126
0.017636871711865093
0.017636871711864458
0.017636871712640178
0.018084320609328363
0.017636871711809509
0.017211030090429354
0.017636871712584511
0.019936795543021552
0.019936795543065558
0.019936795541748622
0.019936795542475284
0.019936795542431288
0.01993679554242727
0.019936795542092635
0.00013984629021454928
2.6731788225993822e-05
0.00063057128759655022
6.4385207233116383e-05
0.00059514117769626372
0.00032826025285636809
0.00057280890546340202
0.00093336031415698162
8.4222991008087679e-05
0.0014874308555497707
0.00068252288907657362
0.00092439862031144847
0.0012805716653009275
0.00022200701705226523
0.00037531383051628097
0.0012296308079209725
0.00075501326899739783
2.4074248918859483e-05
0.0011809056807586987
0.00044323326590298178
0.00035118618609575141
0.00029775034979411224
0.00073641502407006151
0.00022075048129948797
0.00073650622513427206
0.00043802902659997894
0.0005839788206958589
0.00016679887821954552
0.00085893706516221616
0.00010304201669103872
0.0011622437832634616
0.00093654510622553173
0.0012481001939192962
0.00010926119442117196
0.00060996661495569995
0.0018928623921355718
5.1758709806010811e-05
0.00045590965599984429
0.00020861652799793786
0.00075661967706720475
8.870466610072896e-05
0.0013534974794454689
0.001119881640090116
0.00022573753158719597
0.0013078530157146977
0.00094409204580743163
0.00028071260768692185
0.00082901794350046594
0.00134508850415175
0.00045406682210817557
0.00068982211589961779
0.00013828899803084203
0.00023686808000200241
0.00054600369875564664
0.0009927307218678507
0.00093027541124595878
0.00076156962907506431
0.0012768440748681736
0.00038270408918829562
0.00067587602828548968
0.00064335464978922498
0.00016862128169261152
0.00011413319742239957
0.0010474704473237546
0.0012999011018922319
0.00011524641642889293
0.00077239374667957799
0.00010098778685993465
4.2929522882873266e-05
0.0011160055036756142
0.00020815799402580814
0.00047927170995822852
0.00030320650841967082
0.00054086934401566169
0.001066479778219708
4.1200002701863586e-05
5.4726558399997646e-05
0.0010195885261075515
0.0012322824580345232
0.00072026684253875177
0.00090192774321809965
5.1748698107536893e-05
9.2970752305522361e-05
0.00032626947879770018
0.00050976825966728059
0.00024984660211463963
0.00085379246753202159
1.7427678314928733e-05
0.00083894083556502769
0.00036844961762374985
0.00039997453431548231
0.00026462352663573954
0.00016925785541178312
0.00023619525591507906
0.00027069476770408789
0.00024637941800774264
0.00049547298679932211
0.00040560599882999101
0.0013532534168513243
0.00080483267716895091
0.00051254806424683998
0.00019799188486457897
0.00091942869711304797
7.8438486995516637e-05
4.9546356829940991e-05
0.0001525479151989266
0.00091890409784792986
0.00074239109909466001
0.00010990580617432967
0.0008289817008065866
8.9344752823779176e-05
3.5866377508185124e-05
0.00090833906336018524
2.1606340682150255e-05
0.00071698972865716088
5.2726692780349454e-05
0.0010254433241270455
0.00072247644317040532
0.00021565708487673911
7.5989939324078948e-05
0.0013540077018125371
0.00095609976910002387
0.00019788567260671446
0.00034804492485778735
0.00094267264883841212
0.00016313110588396293
0.00034389739141695892
0.00011793797397767079
0.00077008127756747295
0.0006764299750619757
0.00015094735289544628
4.6287995397071937e-05
0.00065575368851496121
7.8508284307379086e-05
0.00072474607397619037
0.00031616643113692227
6.1271254175274147e-05
0.00043364334663588096
9.7986985950339743e-05
0.00022241786359713861
0.0010144105903312516
0.00035165745723843154
0.0011732608909676675
0.0006977840899099469
0.00073493690185130224
0.00022388557759696792
0.00040347553776991495
0.00038985768222619927
0.0012501561998840385
0.00024062467882661739
0.00039442675007590928
0.00082255300008784408
0.00018833108425809003
4.5279503330289392e-05
0.00013868413836203261
0.00018296846667542537
0.00065610310612601228
0.001097361257822132
6.3755287083871272e-05
1.8689930454204702e-05
0.0013321319777145255
0.00015496345152469861
0.00032453631068615074
4.8474190361337937e-05
0.0010768606213994623
0.00083788775344698194
0.00019323762784200356
0.0011195586863459071
0.00080816914278101072
0.00030592350470326637
1.5783842978353579e-05
0.00077325998335003594
0.00013492529157856323
0.00062915378433609881
0.00021369457259769488
0.00017587218689535261
0.00066637008708665853
0.00073184927343059427
9.3962829879794773e-05
0.00033893173810612873
0.0010109319266266119
0.00040969121382975762
0.00071519997153697567
0.0012025441221133575
0.00036043441953527146
0.0001361688235472645
0.00044238925395474445
0.0011818799135409417
0.00022951186037317511
0.00094171723694693452
0.00074420522003183017
0.0002338349039739856
5.3463555492544717e-05
0.00078313025592626471
7.3803952359522644e-07
0.00019261248505945239
3.9625270517896564e-05
0.0010301074182272995
0.00046115915970119833
0.00022669437502425907
0.0004645440032651489
0.00019197815716588641
0.00083029009076054613
8.5446636643138715e-05
0.0011038691047426188
0.0013341446072698574
0.00075928383800026708
0.001379278289060513
0.00021430013397516021
0.00022512009061715637
0.0013174761455741887
0.00081199962786359433
0.00010507132172719562
0.00020753211156218635
0.0012148589932930132
0.00062054425989534992
0.00028750682840920732
0.00032648863927218602
0.00080562574441324559
0.000382286435544977
0.0012233058478570769
0.00073578228679090606
0.00074205046983867649
0.00018952084851255594
0.00024024463938533821
0.0012470350278654813
0.00011067778749014965
0.0012483700784066665
0.0010059463466494643
0.0001141767017215758
0.00052455604319501974
0.00012451075803933336
0.0004461412701720952
0.00019634695350720656
0.0010292719070805645
3.9593130806416349e-05
0.00024387228990326666
0.00062975607531764424
0.0011072729442211003
3.2515685414533632e-05
0.00021091626657781054
0.00056016260361802775
0.00072292420229305742
0.00023522082255844986
0.0013627962527053233
0.00098375359216659589
0.00022156728370828767
0.00033822761453319562
9.7790801493768893e-05
0.0011892330685912512
0.00049937743715448759
0.00053861899069548641
0.00036390155995675346
0.00031090810299392826
0.00023374724002380443
0.00016224665921040591
0.00046960349583988512
0.00029478285451836047
0.00023125239441942571
0.00076788334130801746
0.0012919504511703431
0.00038723187147390327
0.00072702860450059228
0.00042445375416183534
0.00040209503844024864
0.00013936748636941539
0.00065012172353675929
8.0590649405859111e-05
0.00077458264237281315
7.629379690996057e-05
0.00045236216173918643
0.00024591069709084816
0.00019397903079651651
2.6673946540348654e-05
0.00059187844083034814
0.00010982222200410661
0.00062502022460722215
0.0013257435703428993
0.00048619529423881547
0.00069807631810549296
6.3653637382161558e-05
0.00096573272792043299
0.0011671919301694501
0.00064709416591365399
0.00089642112768562651
0.00015472372674524436
0.00018481392101895271
0.0010450302041673356
0.00064591983260953558
0.00073301736493766134
0.00083061320202576321
0.00057733679360902996
0.00051550633352146033
0.00033564790328450276
0.00082822664992915189
0.00023592671938631223
0.00078713983535000386
0.00034285112239056473
9.8137912254749483e-05
0.00073539089553933273
0.00021583636305009328
0.0011114574283257665
0.00010764175607621986
0.0012141257114007661
0.00097835196860520421
0.00038752047308716252
0.00027582864279961133
0.00010842981863978385
2.5808415182256668e-05
0.0003773675165345013
0.00050446151331592795
0.00098692671321743948
0.00097789458755623022
0.0002244197849799075
0.00056645943559297093
3.3207410284643515e-05
0.00075723115206625057
0.00057483611540895974
0.00021517586449575508
0.00091142042460040954
0.0012625929391008098
0.00021792556965305416
0.00015744171654546844
0.00099529319281775326
0.00034631518511809932
0.00035371850202153571
1.107301905010058e-05
0.00039977057746710081
0.00026030734387271664
0.0009845543347627207
0.00012136107905086363
0.00011016955782161218
0.00045623060283052347
0.00055022265066273642
0.0013576997151303681
0.00021562786457282528
0.00046057775711021419
0.00026057199422962178
0.00043073151768378007
0.00095095871793824153
0.00011440451136060178
0.0001436138060688243
0.00093693862499158529
8.1902893235612581e-05
0.00082718981990040135
9.0915690890283073e-05
0.00070047024952640011
0.00068987796868962622
0.00020289005024987818
0.00016258150266475183
4.0031870653220747e-05
0.00096547029031069677
0.00082884883402295473
0.00076043963796962029
0.00078377544028065775
4.5737007267409906e-05
0.00059427070667391745
0.00071824010216534171
0.00051297422550365733
0.00071062444683047787
1.2478038366524716e-05
0.00010438935694671518
0.0002109298151336551
0.00041228743704849939
0.0002795694590209704
0.00043041108463959027
0.00033242526026104597
0.00086643461216327235
0.0004415361666071992
0.00028169998622663177
0.00023364870731101091
0.00040404687914008845
0.00099700427099302133
0.00028151127278844019
0.00093922696627279998
0.00055859497143827773
0.00061831683144666417
0.00016905611693264773
0.00087056080038316387
5.8397977722187646e-05
0.00020682194122137752
0.00049996313085525488
0.00058727166434739827
0.00071678040219887856
0.00012748661682971386
4.641933399482653e-05
0.0012067274159211496
0.00046008317566127336
0.00028374172684881687
0.00025723469486993293
0.00060129311017678841
0.0011558166465772456
6.0998031377707616e-05
0.001102787003560435
0.001332836771539569
0.00056727106669747572
0.00033757205556030144
0.00037550324356738025
0.00011361983235344544
0.00037744551379737169
0.00032468866833219217
0.00042472411065760441
0.0009058438737101713
8.5115640312749872e-06
0.00087764603280615302
0.00043691450622661726
0.0003180903284709246
0.00024120141292797886
0.00028698999897421566
3.4150056256969674e-05
0.00034392195909525755
0.00076738223744405524
5.6465583102726689e-05
0.00039896753799928549
0.00077797792664551239
0.0013578889597065462
0.00030336543745677869
0.00016044316918709881
0.00020183380537919848
0.0010128791134203577
1.8575689236333162e-05
9.3345149527813696e-05
0.0011502012628062399
0.00068507774988758093
0.00013755987907519452
0.00058897478603161287
0.00040893069340619645
9.6745486942315337e-05
3.714580792861157e-05
0.00096565075274449334
3.457069277439715e-05
0.00064493600307452147
3.3905956676323916e-05
0.0010720770442337877
0.00073591858879603494
0.00020610535849892517
7.8967293443190731e-05
0.0010023344904854029
0.0012114290991715635
0.00063635727912701235
0.001035827912306602
0.00017878556172879048
0.0003131914521184064
6.7148050009048878e-05
0.00086667806403525004
0.00063967247134644244
0.0001614762028430552
8.9645175600916715e-06
0.00069735242647350271
8.639398221595989e-05
0.00069875635341787854
0.00030895776596750736
8.8227660677454091e-05
0.00038334678200231464
0.00020126729997874002
4.531113793356141e-05
0.00093160638483499197
0.00036636101919339291
0.0012223174767008261
0.00072695995803377384
0.00071639527470066888
0.00015144644081016654
0.00048346233261826208
0.00037041469766640789
9.7843125319474583e-05
0.0012934656716664925
2.4005603921663995e-06
0.00042761272719954262
0.00092328757985501227
9.0608012504265375e-05
0.00019338269190378337
0.00028149668520254802
0.00035740056825812167
0.00096492460271654717
3.7289767226909779e-05
0.0013708899131633639
1.22172926394213e-05
5.8860970405494569e-05
0.00024934219013435889
8.9570066231787929e-05
0.0011719671134348935
0.00096968370688301181
0.00023695794571109566
0.0013728606037142629
0.00099101868512373029
0.00029932761959083003
0.00026748479659984806
0.0011006816552028018
0.00068996337622273464
0.00065870153717419459
0.0010213340544337256
0.00075894462866418083
3.7916701152277725e-05
0.00025636428510646559
7.869403840205728e-05
0.00066467782358526359
0.00030740496691193008
0.00093209113230939349
0.00091715953956421803
0.00034755680075968572
0.00096273164479673779
0.0013166805058181877
0.00025568908392909628
0.00013935838675535901
0.00058375288287043268
0.0010840068728539432
9.6105701655939529e-05
0.0007968476159026371
0.00011320155907042631
0.0011455086687439497
0.0011723347243312182
0.00021608121759891943
0.0004238882233332206
0.00024474819141994639
0.00076968730143059708
8.8395520583047546e-05
0.0015867895023560887
0.00089700075989271495
0.000224193090448346
0.0013011802395807171
0.00093927520875028707
0.00027861449419400706
0.00082858246632341122
0.0013443819388123017
0.00044524679958872721
0.00064840975385133809
0.00016071957847043367
0.00024074785734611395
0.00055851426604911999
0.0013745784786064234
0.00055706295406423776
0.0007484504098085339
0.0012584517293457898
0.00037719141463417083
0.00066122163921182998
0.0005957938148324493
0.00019484887148528667
0.00011609115266571394
0.0010535907943422717
0.0013074963957295021
0.00011591979873100062
0.00076746644908248123
0.00069812226625597519
0.000246033664307243
0.00045208860194892946
0.00069812226625627996
0.00029890413632089263
0.00039921812993538505
0.0006981222662562818
0.00035177460833443275
0.0003463476579218491
0.00069812226625627779
0.00040390669173962548
0.00016024172943482297
0.0008325812932061204
0.00045751555236151734
0.00024060671389476043
0.00069812226625627779
0.00051038602437506364
0.00018773624188121813
0.00069812226625628169
0.00056325649638859737
0.00013486576986768015
0.00069812226625627779
0.000616126968402144
8.1995297854123598e-05
0.00092686368699002562
0.00032664717950689742
0.00060021650748340555
0.00092686368699045377
0.00039684078740639603
0.00053002289958405493
0.00092686368699045649
0.00046703439530574106
0.00045982929168471553
0.00092686368699045128
0.00053722800320508881
0.0003896356837853622
0.0009268636869904567
0.00060742161110443661
0.0003194420758860144
0.00092686368699045128
0.00067761521900379005
0.00024924846798666676
0.0009268636869904567
0.00075124417855280154
0.00062626152199871728
0.0013070110682315056
0.00010940431720586272
0.0012488159682522975
0.00044011025513094454
0.00080870571312158083
0.0012488159682526494
0.00053468608072911419
0.00071412988752353153
0.0012488159682526537
0.00062926190632715665
0.00061955406192549709
0.0012488159682526457
0.00072383773192520205
0.00052497823632744389
0.001248815968252654
0.00081841355752324809
0.00043040241072939806
0.0012488159682526462
0.00091549906033484472
0.00069597299232951597
0.00088812937660618578
0.0010132491273795012
0.00098194102250975432
0.0016221432003417191
0.00014725301602606065
0.0010848686911224931
0.00038233162337097297
0.00070253706775183489
0.0010848686911229793
0.0004644913288335822
0.00062037736228939377
0.001084868691122983
0.0005466510342960173
0.00053821765682696577
0.0010848686911229765
0.00062791198892203116
0.00029382260322600008
0.0012484653495065407
0.00071097044522089336
0.00037389824590208283
0.001084868691122976
0.00079313015068333762
0.00029173854043964501
0.001084868691122983
0.0008752898561457627
0.00020957883497721346
0.0014599981351217225
0.00058516021704983572
0.00012700228880000813
0.00069350848352496303
0.00024440766564412037
0.00044910081788104215
0.00069350848352527105
0.00029692872483634016
0.00039657975868892867
0.00069350848352527322
0.00034944978402844947
0.0003440586994968237
0.00069350848352526888
0.00040197084322056062
0.00029153764030470815
0.00069350848352527322
0.00045449190241267205
0.00023901658111259692
0.00074448843060296894
0.00045623341473338783
0.00018636548918917601
0.00069350848352527322
0.00055953402079689035
0.00013397446272837843
0.00069350848352526888
0.00061205507998900611
8.1453403536254184e-05
0.00093231923027381177
0.00032856983313044562
0.00060374939714364728
0.00093231923027424588
0.00039917660239500497
0.00053314262787923766
0.00093231923027424827
0.00046978337165940875
0.00046253585861483979
0.00093231923027424306
0.00054039014092381534
0.00039192908935042751
0.0006677003297538061
0.00087616766117253942
0.00032219027494918709
0.00093231923027424306
0.00068160367945263416
0.00025071555082161444
0.00093231923027424859
0.00075221044871702925
0.0001801087815572134
0.0012637550537912387
0.00049395039816066053
0.00010913375686454245
0.0012503913001001956
0.00044066543677429319
0.00080972586332612485
0.001250391300100539
0.00053536056602799652
0.00071503073407253861
0.0012503913001005427
0.00063005569528157529
0.00062033560481896744
0.0012503913001005347
0.0007247508245351573
0.00052564047556537762
0.0012503913001005427
0.00081944595378873964
0.00043094534631179523
0.0012503913001005349
0.00091414108304232957
0.000336250217058213
0.0012503913001005423
0.0010088362122958965
0.00024155508780463811
0.0012503913001005347
0.0011035313415494867
0.00014685995855103935
0.0010798364659192303
0.00038055815636351325
0.00069927830955602568
0.0010798364659197071
0.00046233675935362218
0.00061749970656608155
0.0010798364659197104
0.00054740006503104497
0.0012233372273186436
0.00032841371261219376
0.00069526832127623237
0.00045422024828525696
0.0010798364659197104
0.00070767256832344235
0.00037216389759626154
0.0011352230451370539
0.00073425925921181902
0.00029024399257481561
0.00107983646591971
0.00087122977430331716
0.00020860669161638595
0.0010798364659197037
0.0009530083772932654
0.00012682808862642255
0.00068892182628447357
0.00024279122660135648
0.0004461305996833107
0.00068892182628477248
0.00029496492725053459
0.00039395689903423567
0.00068892182628477465
0.00034679455842237902
0.00027025686756928759
0.00076093348293029416
0.0003993123285486782
0.00028960949773609211
0.00068892182628477465
0.00045148602919775123
0.00023743579708701933
0.00068892182628477064
0.00050365972984682821
0.00018526209643794647
0.00068892182628477465
0.00055840551720720566
0.00046792825365985966
0.00096902231261993986
8.13156312245573e-05
0.00093777738082234468
0.00033049340561152116
0.00060728397521111457
0.0009377773808227943
0.00040151353369555226
0.00053626384712723483
0.00093777738082278963
0.00047253366177941856
0.00046524371904337362
0.00093777738082278888
0.00054355378986329337
0.00039422359095949539
0.00093777738082279462
0.00061457391794716596
0.00032320346287562112
0.00093777738082278389
0.00068559404603104051
0.00025218333479175043
0.00093777738082279473
0.0007566141741149054
0.00018116320670788348
0.0010655159199139956
0.00070036431434827189
0.00011000085857797345
0.0012518601310993209
0.00044118308517261884
0.00081067704592692371
0.0012518601310996633
0.00053598945251739178
0.00071587067858226922
0.0012518601310996696
0.00063079581986204194
0.00062106431123762687
0.0012518601310996602
0.00072560218720669307
0.00052625794389296674
0.0012518601310996676
0.00082210079790302911
0.00070236718175219074
0.00098036394449463478
0.00091521492189600596
0.0003366452092036621
0.0012518601310996674
0.0010100212892406421
0.00024183884185901715
0.0012518601310996598
0.0011048276565853027
0.00014703247451434856
0.001222722573564883
0.00023210926998168649
0.00069508868721535652
0.0010747692770907992
0.00046016722004269076
0.00061460205704810518
0.0010747692770908027
0.00054156207268098524
0.00053320720440981758
0.0010747692770907962
0.00062295692531928238
0.00045181235177151356
0.0010747692770908027
0.00070435177795757985
0.0003704174991332162
0.0010747692770907964
0.00078574663059588392
0.0002890226464949189
0.0010747692770908029
0.00086714148323416838
0.00020762779385662781
0.0010747692770907962
0.00094853633587247234
0.00012623294121830809
0.00068436242369864289
0.00024049360457603801
0.00023794268189828197
0.00089146029509412704
0.00029330740669119719
0.0004636220963224142
0.00061193973972566336
0.00034484120503201283
0.0003395212186669221
0.00068436242369893086
0.00039666961119835022
0.00028769281250058063
0.00090538425444667821
0.00022953110553466976
0.00023514357233905689
0.00068436242369893075
0.00050032642353102887
0.000184036000167906
0.00068436242369893498
0.0005545090443474192
0.00043857362550690315
0.0009890744884263065
8.0806708855967968e-05
0.00094323709595828785
0.00033241752948766373
0.00061081956647091051
0.00094323709595872998
0.00040385113488111007
0.00053938596107761688
0.00080690211804165563
0.00061134839506883176
0.00046859521496025449
0.00094323709595872727
0.00054671834566768856
0.00039651875029103855
0.00094323709595873302
0.00061815195106097948
0.00032508514489774785
0.00094323709595872706
0.0006895855564542755
0.0002536515395044573
0.00094323709595873302
0.00076101916184755493
0.00018221793411117218
0.00094323709595872706
0.00083245276724085138
0.00011078432871786093
0.00010508374890656154
0.001151800805803464
0.00011834943323920828
0.00095648625973058393
0.00096540664287569184
7.2269087731682144e-05
0.0010944712087031315
1.5651001869883761e-05
4.5165024445780871e-06
8.8328201326853313e-05
0.0007001489242600957
0.00088002098164492238
0.0012739463072201651
9.7275105688193473e-05
0.0010489834100008064
0.00025876661889699052
0.00061152737788195853
0.00016898744053364656
2.6277872960210503e-05
0.0012689728459171577
0.00027752554656562288
0.00019293443951850709
0.00038734847709619516
0.00040658317909333258
0.00052507855603769267
0.00061728660317083141
0.00021330254603550296
0.00010700700029862721
0.00070436967277834751
0.00046375688463147789
0.001262149562267004
0.00081724973219451523
0.00022748114839674333
0.00016988981364844953
0.0011939113752180484
0.00033485665118241465
0.00027945989958775126
0.00014058599569019054
0.00029366798895829531
0.0016178210212913183
3.8099009359288886e-05
8.3582627167150448e-05
0.00041456230920286773
0.00071104679794079982
0.0013045256846303636
0.0012084173083674024
0.00099042065249007206
8.9933039217601695e-05
7.0196542767100911e-06
0.0011120574020520545
0.00097623117310205205
0.0012602528269326178
0.00015102167123624442
0.00076467265333836614
0.00017233335010144319
0.00044167521955399043
0.00031886432193004954
0.00083003918066936865
9.3517468865978397e-05
0.00038019061652569207
0.00041149480800930875
0.00068370298885533194
0.00018953078306863233
0.00048923696893378985
0.00028582769833202556
0.00042178857804732131
0.00045023616966574713
0.00028762495040488521
0.0012994820249760213
0.00084142273519133249
0.0002490353255097912
0.0001120507491109978
0.00067065207302414054
0.00011528984333828072
0.00056545836295954634
0.00036406051045897775
0.00039965076496564501
0.00082231663013452552
0.00012591493140796139
0.0013801270031518912
0.0012866329953979177
0.0011862108085207764
0.0011495678346233129
1.6438886821484368e-05
0.0010084294298290798
0.0008363499902237176
0.0010796750488261363
0.00012938223726317909
0.0010124192990269346
0.00022816771169593841
0.00064893019438169383
0.00039412136124519602
0.0011910474572064567
0.0006712296581576013
0.00058991835080481536
0.001351667359161477
0.00063077825251238809
0.00047820561012105122
0.0013566357204262685
0.00073525842019073889
0.0013223394069952726
0.00085622303294708075
0.00033225958478481796
0.00017168264661887779
0.0012139482122737919
0.00091415231119332285
0.0010346704913596703
0.00088834219947779309
0.00074465934835447043
6.793847997771999e-05
0.0011895170888480532
0.0012902191786719071
1.5774925148693421e-05
0.0011031371370492761
0.00095912676325086391
0.00010317573737506064
0.00086098580179516594
0.0006669464740313558
0.00015038166182371215
0.00028627277435301158
0.00041183367195287893
0.00029957905250110715
0.00014597023997251117
0.00069510128025578738
0.0012374747569907673
0.00040948430121808682
0.0013941606540283538
0.00013824568539681962
0.0003711062420290465
0.00056045389316534706
0.0010341014128377247
0.00036451428309563176
0.00081161138607369087
0.0012534417758855402
0.00027459220095769302
0.00086431279334945905
0.0014199563204518467
0.00018423906486540902
0.00063265731873443827
0.00015344571083428796
0.00053746518582192565
0.0011850729505356685
0.00010811930999056037
0.0011500124946230675
0.0012473702060993815
1.0169593820490766e-05
0.00046406105434885901
0.00021178736962942137
3.1423957134773186e-05
0.00061485477807959703
0.00010711597852505509
0.0008938665135991671
0.00069241689962436378
0.00025158394865545507
0.0011163211615305754
0.00082971033266843565
0.00046996412285614693
0.00064539022447201284
0.00013888243972548373
0.00020328189234677658
0.0013645479436047282
0.00059553992114210787
0.00057872672827592882
0.00074642722407598056
0.0013772434385959176
0.00048546970194187982
0.00086088409797885064
0.0013295378935261227
0.00033814669914367942
0.00068222801610520961
0.00083817786252991886
4.2035906443599155e-05
7.9453702712739004e-05
0.0008957295223353726
0.0010432746587350527
0.00012115723558834272
0.0013279789028430833
0.00098192632444753366
0.00090528660728973461
0.00021771873171742132
0.00046658364172591141
9.4949306140432163e-06
0.00064761668551690567
0.000663803211742736
0.00085692804857628781
0.00010268947885654778
0.0003494365020602025
0.0006365760612984363
0.00022329003240609537
0.00072212818490253192
0.00022105269299061697
0.00028969966419884168
0.00041526253476210809
0.00041322866189998157
0.00050858477656715105
0.0011653094719199599
0.00059431451851008846
0.0004177365141242088
0.0011834255816329032
0.0006413833945720682
0.00090676063944064556
0.00082040879946510426
0.00028085953101655349
8.9246279280849741e-05
0.00020632954522936323
0.00052039268875060728
0.00058225084716849755
0.00094679083986676867
0.00081289092919570143
7.0061267489061803e-05
0.00057564086359498912
0.00022678341867959952
0.00091181020549672683
8.8519407398609162e-05
0.000611072069314466
0.00048437927840005562
0.00034970444309971561
8.9584888794600463e-06
0.00080288304938230673
0.00017022222984722834
0.00095821940254889814
0.0012370007680113522
0.00014798922958707473
0.00052771530419515561
0.00022210638966169377
0.00013997490893940672
0.00023285563091457324
0.00028998307241442619
0.00028020392212911387
0.00046795463643993903
0.00042073272580270857
0.00053000084325054034
0.0001930072882266047
0.0001082216506694984
0.0012630066061168552
0.00038769782519225692
0.00047913424785622853
0.0013655229221511272
0.0007400750336719696
0.00021754942449364964
0.00088736216883574166
0.00017921607712904393
0.0001342949266313826
3.2051375490797958e-06
0.00039298633779865337
0.00056545753781756859
0.00080429945117752673
0.00063398883216013869
0.00016366694627901316
0.00076887780655274783
0.0014163946655210856
8.426268828366433e-05
0.0012478920584929145
0.0012547335188222216
9.8186088060952354e-05
0.0013311100101079196
0.0011526036495484559
0.00015269134832530259
0.0012741860277396819
0.00098702426531221618
0.00027808265831485204
0.0012339004844729772
0.000806715989318223
0.00037554705984912202
0.0017090933066289352
0.00044035343723594509
0.0013818671179735606
0.00060132200929903306
0.00063164261836440208
0.00074945015420882445
0.0013828210897807191
0.00048743578911439941
0.0008923468595833416
0.0013781285619869454
0.0003412040323561571
0.001009816721669058
0.0013409857296034218
0.00018964892967321355
0.0010709651266174111
0.001247375183164522
8.5089801747921618e-05
0.00093265136844381913
0.00025148735368898337
0.00053984411129703131
0.00090521327186856323
0.0013409965905818557
1.9176329153123903e-05
0.0012107018547489587
0.00084246130000490359
0.0010875643640214602
0.00013032764880303074
0.0002290163186122649
0.00046699651699252525
0.00015572253962231529
9.4623071908741892e-05
0.00034775968013286008
0.00040371344090552779
0.0012200350311168452
0.00047498797378842979
8.4605504493220251e-05
0.00057797317859063042
0.0013242976403530172
0.00049374441377507384
0.00048450523893831383
0.0013745073248111542
0.00074494432732737288
0.0011482147666829956
0.00074347623976350589
0.00032644830627057673
0.00015492384618607933
0.0010954486654304069
0.0005342596451980928
0.00013776561280006721
0.00046551675787373357
0.00025007878117258103
0.00072208078837281088
0.0013552593899876205
0.0001236567486445154
0.00082890934618657633
0.00057460663127531151
0.00019522510262007017
1.6542649815843172e-05
0.0011569231090377229
0.0010353150348514826
0.00016312305482878113
0.0013612370284545562
0.0010544566873873932
0.00030156028678271387
0.0013380747516360796
0.00080695434557624202
0.00013978056985707404
0.00030455222569253213
0.00099129065050101929
0.00032802120369027435
0.00062379477052141468
0.0011209788593697864
0.0006319818750875636
0.00067806014545161925
0.0012510983739274471
0.00044100435527187024
0.00064616234582352491
0.00099792448967175114
0.00028787789769763099
0.00021124331108240231
0.00034560949562698317
0.00089523274783008067
0.00012660830662581665
0.0011656376029853999
0.001357642170029901
0.00077618502120670966
7.0814702909179812e-05
0.00098634119034290285
0.0010698428231301575
1.9238356293218732e-05
0.0013453341352043533
0.0011893531032902637
0.00016559465419713665
0.0013818621484488862
0.0010704335490591117
0.00030782979667227695
0.001365893643101884
0.00088894508608753069
0.00073258660424432344
0.0012999208267458484
0.00043014790271219457
0.0009399979853236788
0.00041025039001163553
0.00037139136615844731
0.00012024046612695701
0.001309914217041269
0.0003256124791898623
0.0006272360566092483
3.7533706748690022e-05
0.001049034384308723
0.0002382305387870297
0.00095588267505453508
0.0012693640330144489
0.0001795198300119412
0.0011791623966639396
0.0013695490527810903
0.00071952592447078101
0.00013526874298023879
5.0834562637257729e-05
0.0011170690458382679
0.0012116378321532979
1.4111189510867424e-05
0.0009549806587229575
3.1153296072200575e-05
0.00084738108098813875
8.2166098049919718e-05
0.00051382682119050188
0.0001766665185719655
0.00054606492503956759
0.00022276229167331947
0.00098843452261131951
0.00078684147895577406
0.00066297589798057727
0.001176401769323161
0.00038927505691868191
8.6952470829992375e-05
0.00075583349690342089
0.00038414602893102411
0.00037933699958099548
0.00043180651550181774
0.00082300332881451554
0.00029010352820710186
0.00073104028180095591
0.0011290088394364346
0.00023038437570380954
0.00095767670353387219
0.0012717464124480588
0.00017985675806399571
0.00026962585552838431
0.00035733633201715361
0.00089754783356937927
8.5381749329079419e-05
0.00085094968483096975
7.7755223229357515e-05
9.69764863258462e-05
0.0010046124282048728
0.0007072921102172071
0.00019227121881737439
0.00057149882070968395
0.00049628064962396181
0.00029145211212941934
0.00034575992532834401
0.0010032997551761254
0.0012951966578814255
0.00015520914507998013
0.00087155511139769769
0.00019642132027277524
0.00052667831981503561
7.9191584847424905e-05
0.00016559476976606521
0.0006685063631374328
0.00074307155919240287
0.00012731081293944634
9.6840469149009234e-05
0.00051278636100141094
7.7525648135502774e-05
0.00080098787515578244
0.00013626222088513579
2.0086538415903469e-05
0.0003352726424097896
0.0003934618559759492
0.0011162236434386472
0.00060279113650693334
0.0011027038846245119
0.00069708864969303288
0.00020163330977799416
1.377958509757827e-05
0.00013247202987143615
0.0012043670455619767
0.0002884516748736832
0.00032096478770217451
0.00035406498597976226
0.00072123662128792637
0.00081601678932960301
0.0012760717497307726
3.3300327594918128e-05
5.808868259764995e-05
0.00092122077208845626
0.0011287086166693484
4.8554722785032593e-05
1.7372550433520062e-05
0.0012148587310452084
0.0010637708780755217
7.0700850863952779e-05
0.00019331909278245848
0.00058740041800726494
0.00067677502612059658
0.00030571924185624692
0.001356528749131791
0.00073010339464369735
0.00027113215258743123
0.00013759505525768939
0.0012383621517200144
0.0002547506862129185
5.9051935062842254e-05
0.00055372450136145616
0.00036118138410290196
0.00036835600445320302
0.00062044757339188767
0.00047733137729069191
0.00081439511550401606
4.4125021992563012e-05
0.00020650559688853762
0.00077825036185953103
0.0012019194560240053
0.00021637641417914368
0.00038900437976442616
0.00016288258287890057
0.001087401221682149
0.00015378573631677473
0.00016096377556549618
0.00069105199455558105
0.0012556128501847999
0.00049836600874477788
0.00023492271283074163
0.00073328872157559801
0.00048159608790659654
0.00025169263366900136
0.00073328872157560636
0.0004648261670683283
0.00026846255450726955
0.00073328872157560647
0.00044805624623006022
0.00028523247534553773
0.00059918781266517587
0.00056532159122246902
0.00030255322112454489
0.00073328872157560636
0.00041451640455351533
0.00031877231702208251
0.00073328872157560636
0.00039774648371524731
0.00033554223786035916
0.00073328872157559779
0.00038097656287697885
0.00035231215869846504
0.00073328872157528587
0.00066165681666759514
0.00031189569835632087
0.00097355251502402314
0.00063939219138646041
0.00033416032363756278
0.00097355251502403452
0.0006171275661052075
0.00035642494891881574
0.00097355251502403452
0.00059486294082395448
0.00037868957420006887
0.00097355251502403452
0.00057259831554269008
0.00040095419948133301
0.00097355251502403452
0.00055033369026143716
0.00042321882476258608
0.00097355251502403452
0.00052806906498018436
0.00044548345004385032
0.0011426007868795549
0.00033814003993864041
0.00046694087086313708
0.00097355251502358089
0.00089148772333583074
0.00042023474865155326
0.0013117224719874584
0.00086148933202050257
0.00045023313996695591
0.0013117224719874734
0.00083149094070508495
0.00048023153128237336
0.001311722471987473
0.00080149254938966712
0.00051022992259779109
0.0013117224719874734
0.00077149415807423421
0.00054022831391322367
0.001311722471987473
0.00074149576675881671
0.0005702267052286415
0.0014220825052416656
0.00060182239790649043
0.00059972277027696495
0.0016780371585787717
0.00031893718295379956
0.00062847614536570785
0.0013117224719870983
0.00077445127557161588
0.00036506541662171562
0.0011395166921934605
0.00074839113833016877
0.00039112555386329169
0.0011395166921934737
0.00072233100108857963
0.00041718569110488094
0.0011395166921934737
0.00069627086384699049
0.00044324582834647018
0.00097622793384172745
0.00083329159200569609
0.00046997641794142744
0.0011395166921934735
0.00064415058936379899
0.00049536610282966147
0.0011395166921934735
0.00061809045212220996
0.00052142624007126383
0.0011395166921934605
0.00059198663370731673
0.00053908548434772243
0.0011479625001304032
0.00049507238440988928
0.00023337014473777225
0.00072844252914773837
0.00047841329340038224
0.00025002923574735618
0.00072844252914774671
0.00046175420239079004
0.00026668832675694838
0.00072844252914774671
0.00044509511138119778
0.00028334741776654069
0.00072844252914774693
0.00042843602037159702
0.00030000650877614129
0.00072844252914774671
0.0004114738304471127
0.00026314921936092576
0.00078234050731102454
0.00039511783835241267
0.0003333246907953341
0.00072844252914773826
0.00037845874734282025
0.00034998378180476421
0.00072844252914742644
0.00066555134555357188
0.00031373152438586241
0.00097928286993954677
0.00064315567012059765
0.00033612719981894907
0.00097928286993955805
0.00062075999468750014
0.00035852287525204684
0.00097928286993955805
0.00059836431925440242
0.00038091855068514468
0.00097928286993955848
0.00057413846388984144
9.3561865863959044e-05
0.0012928320332678321
0.00055357296838819559
0.00042570990155135145
0.00097928286993955805
0.00053117729295509787
0.00044810557698446045
0.00097928286993954699
0.00050879065439979332
0.00047223940994156236
0.00097753573698472289
0.00089261229976524776
0.00042076485813123199
0.0013133771578965594
0.00086257606666824817
0.00045080109122831139
0.0013133771578965744
0.00083253983357115381
0.00048083732432540574
0.0013133771578965746
0.00080250360047405957
0.00051087355742250021
0.0013133771578965748
0.00077246736737695014
0.00054090979051960952
0.0013133771578965746
0.00074243113427985589
0.00057094602361670388
0.0013133771578965746
0.00071239490118276164
0.0006009822567138132
0.0013133771578965594
0.00068235866808566696
0.00063101848981071511
0.0013133771578962051
0.00077085893922758256
0.0003633720398975134
0.0011342309791252192
0.00074491968341675865
0.00038931129570846042
0.001134230979125232
0.00071898042760579857
0.00041525055151942067
0.0011342309791252322
0.00069091606046422214
9.502401619102426e-05
0.00032841371261218102
0.0011494885695614765
0.0006671019159838656
0.0004671290631413539
0.0011342309791252322
0.00064055572521427872
0.00038592788828791999
0.0012421804941581075
0.00061522340436194511
0.00051900757476328703
0.001134230979125219
0.00058928414855098491
0.00054494683057399384
0.0011342309791247318
0.00049179812405047844
0.00023182670454993898
0.00072362482860049461
0.00047524921127557772
0.00024837561732491678
0.00072362482860050263
0.00045870029850059158
0.00026492453009990298
0.00072105462565087773
0.00044471181532015647
0.00028148339619909872
0.00072362482860050328
0.0004256024729506111
0.00029802235564988373
0.00072362482860050296
0.00040905356017562495
0.00031457126842486988
0.00072362482860050296
0.0003925046474006388
0.00033112018119986432
0.00085172146413298709
0.0002489161871348049
0.00034705745359782966
0.000723624828600188
0.000669447735678168
0.00031556822777705786
0.00098501596345534339
0.00064692094746303071
0.00033809501599231241
0.00098501596345535445
0.00062439415924776484
0.00036062180420758035
0.00098501596345535987
0.00060186737103250221
0.00038314859242284644
0.00098501596345535987
0.00057934058281722484
0.00040567538063812484
0.00098501596345536247
0.00055681379460196048
0.00042820216885338969
0.00098501596345535966
0.00053428700638669276
0.00045072895706866814
0.00098501596345535098
0.00051070956420821902
0.00027158889993198995
0.0011885592206573629
0.00089366084882024164
0.00042125912937809363
0.0013149199781984169
0.00086358933224816984
0.00045133064595024696
0.0013149199781984321
0.00083351781567600155
0.00048140216252241645
0.0013149199781984347
0.00080344629910383499
0.00051147367909458506
0.0013149199781984351
0.0007733747825316512
0.00054154519566676745
0.0014612102496759307
0.00059796554715699441
0.00057098428996290912
0.0013149199781984323
0.00071323174938731299
0.00060168822881111921
0.0013149199781984167
0.00068316023281514416
0.00063175974538309831
0.0013149199781980689
0.00077080773106742175
0.00088758249352855346
0.0013558157211227509
0.00038957980849093553
0.001128908541211516
0.00071560657452160567
0.00041330196668989754
0.001128908541211516
0.00068978904001884718
0.00043911950119265636
0.0011289085412115167
0.00066397150551607558
0.00046493703569542774
0.001128908541211516
0.00063815397101331687
0.00049075457019818623
0.001128908541211516
0.00061233643651055839
0.00051657210470095762
0.0011289085412115028
0.00058651890200779957
0.00054238963920346338
0.0011289085412110164
0.00048854331987248346
0.00023029243573181792
0.0007190660990452583
0.00047187437575247688
0.00024673103786601976
0.00092996552759076008
0.00024651745371287882
0.00026240390935212347
0.00071883575560438139
0.00043922515216107807
0.00027961060344329524
0.00071883575560438171
0.00042387528833259005
0.00048150896611410046
0.00053323673896861587
0.00040634637368674634
0.00031248938191762719
0.00071883575560438161
0.0003899069844495846
0.00032892877115479717
0.00081975012701459877
0.00027331374528602914
0.00034488613765099805
0.00071883575560407001
0.00067334524270910075
0.00031740545766215653
0.00099075070037137384
0.00065068730412811023
0.0003400633962432635
0.0009907507003713849
0.00062806696631728133
0.00036864234950506115
0.00098479279127227076
0.00060537142696587352
0.00038537927340550037
0.00099075070037138511
0.00058271348838474357
0.00040803721198663
0.0009907507003713849
0.00056005554980362532
0.00043069515056774841
0.00099075070037138511
0.00053739761122250718
0.00045335308914887815
0.00099075070037137384
0.00051473967264138861
0.00047601102772976361
0.00099075070037092389
2.3662028109722986e-05
0.00044546385073230708
0.00032356362923271673
0.00087577014909299175
8.6698221944662697e-05
0.00027266209597641254
0.00061065104365636924
0.00058413963767888464
0.0002056482345192107
0.00019853670527526074
0.00053735855718287367
0.00011996213254451845
0.00057673465933755132
4.4710977376158384e-05
0.00057485990400447744
2.0186926915829569e-05
0.00050267888252545289
7.0092252010653413e-05
0.00039981087096361504
0.00010883995451275328
0.00035155646506232989
0.00057171668643054131
0.0005977904963284104
0.00042596982202278984
0.00040969956087676671
0.00048099962780625107
0.0001549067566191568
0.00098490506570907783
0.00014905692298607253
6.3943253238214699e-06
0.00050537958463858605
8.0795706173028041e-05
0.0007758674655960363
4.131348201133116e-05
0.00040697394709428135
0.00019143679147902437
7.9432930618796022e-06
0.00031111140922010391
0.00036670709128298792
0.00027186469752491123
0.00051462799116787155
0.00014149378410430728
0.00048766305724214944
4.3323599070371216e-05
0.00020432731428363638
0.00012712358555185799
0.00087314368900870214
0.00039590901887446396
0.00016632335690892073
0.00040776140335469494
0.0012815625405415863
0.00023489248029585449
2.328036278219035e-05
0.00094783319276354778
0.00084812833523232982
0.00018202412230339468
7.1337434313190905e-05
0.00012512794659485444
0.00018723628355456291
0.00085088465532371174
0.0006726333589029312
0.00019000524649804407
0.00025124149719877014
0.00053460511076439587
0.00070587091879925818
0.00026853867759613569
0.00032868844329925776
0.00042115078744869985
0.00056561023560282981
0.00036315427601524996
0.00042131997975141229
0.00032353268334534929
0.0004442958972157708
0.00053060105605428655
0.00024146085267980627
0.00034184010622574212
0.00015582842960216347
4.6785484039414751e-05
0.00035070445975274236
3.0000780834581791e-05
0.00033288485256054043
2.4487831883664233e-07
0.00037845091970165837
0.00020591472881061141
0.00018634522979748389
0.00030259999839237563
8.7916653628526331e-06
0.0002580571829525405
0.00013004603805827575
0.00037679995108251681
0.00015246706736540426
0.00020958185741222721
0.00022304767968509397
0.00012508516406598661
0.0001343685609856501
2.3166960490311045e-06
9.7088938471245244e-05
0.00032673845531989981
0.00010418885668548637
0.00056287430453325559
0.00025136690918332492
0.00054279381988646305
0.00031201704151448016
0.00034231595657850601
0.00027661329341712094
1.7156346254800636e-05
0.00012078208421063938
0.00045699997345103742
0.00011603746271488632
0.0007389959722393396
3.2532973875637563e-05
0.00073737124123714214
6.1375962532605026e-05
0.00045804771503010533
2.9735515443146721e-05
9.2015986599412091e-05
8.3365420723517208e-05
0.00047620598155272999
3.6049845772815485e-05
0.00068616389253323324
6.9363498323690343e-05
0.00068391396670958963
0.00016289337572085279
0.00047706053562588025
0.00019281998760654526
0.00015562802358222463
0.0005557857158451098
0.00018451454694643185
0.00060047285329510396
0.00015800030082147514
0.00047108878446934055
9.4705079643429664e-05
0.00013051462748186855
0.00022188353165466699
5.3512532973246244e-05
0.00057829381098149974
5.4084812316848477e-05
0.00074786625025172345
3.4909270868232101e-05
0.0006847482111371336
2.5206071594775244e-06
0.00043198754963643028
2.9331519761909552e-05
1.8963154806729828e-05
0.00048995576896633064
5.6266046549226943e-05
0.00066333276590402226
9.1932654769257598e-05
0.00048257078851000787
0.00024638833375718313
4.5711483058045051e-05
0.00041928070217434651
0.00014359914262660145
0.00063151921726166968
0.00032879136599844758
0.00035657318755158982
0.00026167688847022254
2.3866539034305274e-05
0.0003022447789184082
0.00041137143380358442
0.00023852914161709364
1.8822133566633574e-05
0.00088334480849082484
0.00077147464490138465
5.7442266257008815e-05
0.00030192140152903888
0.00096958841200222819
6.2841004305805417e-05
0.00048936294899108485
0.00010060870771744935
0.00035969584203984919
0.00071707546827465382
0.00067118280115176232
5.753207775672585e-06
3.7919422974985671e-05
0.00098235632432073844
0.0013690114827764695
0.00066850393032450513
0.00047335717032293288
0.00092508838678180669
0.00010530240932302915
0.00014605104121584076
0.00096984274933334673
0.00083872890915809794
0.0002850193957992011
0.00094932355680123366
0.0012769028289625075
0.00017960579648463562
0.0005216259839723223
6.2884014704116454e-05
0.00016788738973767928
0.0011853912979188303
0.0004922477820995826
0.0016421801103421961
0.00063348025947127797
0.0013747617187329622
0.00027240867775491602
0.00017609646944309761
0.0014566208502284359
0.00078542049486468851
0.0010072699705531178
0.0015194982636108146
0.00034266625412748369
0.00025096798091218286
0.0005847968904792568
2.8312264844067664e-06
0.00055509541726880298
0.00012727124870399892
0.00025753091013881426
0.00014407591539369993
0.00042231403556674965
8.0908025835867373e-05
0.00047710554394360676
0.00011565224670485266
0.0003344973988007098
0.00028584918838839627
9.0965633834272103e-05
0.00048429683368343761
0.000165899501483541
0.00075090772094161271
0.00037272872916939659
0.00029467263400144027
0.00050277100430671704
0.00039685800420499658
0.000405474937105965
0.00031445407060822362
7.309141464799466e-05
4.9124554327349358e-06
0.00013421805813049873
0.00033104450043621911
0.00036366279528986901
0.00013670584694330012
0.00073809561809511732
3.7787865695309447e-05
0.00073124695371923083
7.0391713860896919e-05
0.00044100920747366744
1.3532078121700232e-05
0.0011410935625130009
0.00060265159571989155
0.00010786732328121285
0.00024475219674069577
0.00096885671667926393
3.2595242618335652e-07
0.0005515147022502262
0.00043975950189133938
1.4151179305497797e-06
0.00052968529499398942
0.00053146552970221022
0.00029568681342490808
0.00044821978871048302
0.00014932576099750531
2.4146865226254486e-05
0.00027783705274770612
2.2421031740381724e-05
0.00084109024279969676
0.00032835351051715023
0.000480156633547454
0.00019257670837507704
6.4281426924052524e-05
0.00020549928436046139
0.00031937556344149078
0.00046002900328399529
0.00035364426323681946
0.00050424353635382033
0.00021936901351251456
0.00016879196182083115
0.00010714874301152328
0.00013083983558780026
0.00058377705059078379
0.00037475332475916614
0.00023113492296926574
0.00086426320212512403
0.00062318744240471939
2.5281160860489667e-05
0.00054370583331405341
0.00079068223505833425
0.00026804294116590375
0.00025423978706675602
0.00036477664349782331
0.0002106150038980712
0.0012887967915726382
1.1886518000618903e-05
4.2090879836544155e-05
0.0010542074618146507
0.00021163122275093965
0.00056510333088082856
8.9394284926480689e-05
0.0002426051510688566
0.00084353265386410503
0.00068888518254340658
5.9704938787617905e-05
0.0004034877025447928
0.0007946582686928946
0.00025431152074426272
7.9304697850033007e-05
0.00085786162511429281
0.00062440013097497826
0.00029452623804728472
0.00053888179096284303
0.00021690627228618787
0.00039600749893908095
0.0002226594493188014
0.0013645020424682965
0.00051932579254497058
0.00012405630637477171
0.00073908291269227772
0.00036358354141648901
0.00019625195278344788
0.0006798965715566587
0.00030691951159673243
0.00048571830048666051
0.00061492607062414088
0.0004944695533922863
9.402761663657634e-05
0.00031941328083407859
0.00053441926557694971
0.00061011947956996361
8.7334186301455709e-05
0.00092369662774661359
0.00087588010185501942
0.00024877647294276739
0.00098515765025841608
0.00023425886820821424
0.00068656808210937109
0.00041096191988009348
0.00025539192941982246
0.0002518680426038525
0.0010802832678033635
0.00027780860018139205
0.000907053496741748
0.00096145100954426175
0.0014332050245773336
0.00039633460048096603
4.476869751894146e-05
0.00051854551504840901
0.00021825911498721815
0.00064235967039324212
0.00030082537524140707
0.00037340886991952057
0.00046431429987834537
0.00015022573732824065
0.00072070047077497663
0.00024123262462499861
0.00046427392601346937
0.00010206370264731494
0.00034643015038597516
9.3537096917732976e-05
0.0007771674072296937
0.00017362601888787097
0.00056939290050529029
0.00014712574354142611
2.5720575506311455e-05
0.00010434613812308849
0.00068529642539993886
0.00010894337675246433
0.00010531476277390661
0.0010089415267880832
1.592507523011756e-05
0.00017229419773633718
0.00068425495981341605
0.0011051774392047025
0.00014012222621669231
6.7465942976483023e-05
0.00082380956624832601
0.0011557090786272642
0.00022363085485664885
0.00086979868293152619
0.00125701366101161
1.9557307977143133e-05
9.0268608722167409e-05
0.00069408564850942833
0.0012891611934168234
0.00010189051615311806
0.0001182110610511396
0.0010427556279885386
0.001470847872106098
7.7215532582951084e-06
0.00016077897547688336
0.00089121854151055866
0.00089419699818266672
0.00022201146558474056
0.00038556423827933563
0.00051521557499713928
0.00033501363373243193
0.0009990954064765013
0.00039919213135274745
0.00019870188362317468
3.6545687783852396e-05
0.00023878113504033309
0.00023908008031197682
4.1208643207877059e-05
0.00017069906844181991
0.00030271924404684113
0.00023973112518780874
0.00040771395945983068
0.00028523605375172824
0.0004654287071323783
0.00026416400301091368
0.00041372996072951688
0.00020237119184390254
0.00030433104079219565
0.00011345770697325835
0.00048212154692739477
0.00024523806565115633
0.00049509870041753834
0.00025758209914285496
0.00034778558101118164
0.00015194531610072585
0.00022786402831977701
0.00014402992732247887
0.00093966258810525066
1.2640512870344856e-05
0.00044265878055795477
0.00040001657245222695
7.5200533976013957e-05
0.00018685986961473002
0.00037396272548371795
0.00037614381427788775
0.00065513173318287258
0.00028660590553365462
0.00013706740391092149
0.00014635123327241253
0.00018132845257898161
0.0007406360891068452
9.8456226891981935e-05
0.00077336114758010273
1.2662230235643007e-05
7.6626806929946278e-05
0.00049315272783363891
3.6778766051974553e-05
0.00088783904669563344
0.00041111260589999293
0.000996044958984131
0.0015911537835069103
0.00012836989085037519
0.0011076529945709926
0.00059572945785836703
1.2899282934112401e-05
0.00057893445928915437
0.0012087739758573548
9.9896695398964968e-05
0.0021011518543340639
0.00048391068261167627
0.00035973160584291247
0.00081995132646423409
0.00014075251158562628
0.00098423433730165911
0.00095997789719452461
2.1476957743518274e-05
0.00087145348528406066
0.00085769444935650198
1.2081758067427902e-05
0.00022037912167242472
0.00056952087578438556
0.00056171575574747346
0.00018448151189447265
8.782708106353506e-05
0.00033125080284396714
0.00014466757561891201
0.00092701363300300523
7.0753138963987702e-05
0.00043427027701926988
0.00019122703871577403
2.9377500666807104e-06
0.00061511884790449878
0.00048203800399581091
0.00029103749561692924
0.00034640448445000764
8.670143577075605e-05
0.00018716075205674632
0.00082252882582641094
3.7717467390667094e-06
0.00072292343256140823
9.472751498604013e-05
0.00039022889615733113
0.0011997960702293856
0.00059718157531785695
0.0012843273748834331
0.00061118189437203707
0.00050693693859271086
0.0012491383636682367
0.00057001569962853967
0.00038684614991564082
0.0011158515420573343
0.00026546134945843348
0.00018487851189069661
0.00027239710074159092
0.00094779021317811254
1.8456669050988667e-05
0.00038757874712628583
0.00052016600356933663
0.00017750382045539459
0.0017303437201744922
0.00050995422532352185
0.00016836926013366155
0.00071776136203722965
0.0016504123835537328
0.00082973772449850675
0.0011155047353355043
0.00013099595785517236
3.8828022482283127e-05
0.00055708681277622733
8.847596441123026e-05
5.1192329100246275e-05
0.0011601776827674273
0.00095036386081908796
5.54881689597555e-06
0.00021224765389489587
0.0008057267317952289
0.00099956488745387264
0.00038792762513075758
0.00026115735902055507
0.001114200918894376
0.00047802343817982234
0.00013505227679409831
0.00080209859960511665
0.00018682982410575625
0.0003736975927080043
0.00053392403043300103
0.00035077377720067136
0.00032559856484990098
0.00041933600574621147
0.00089200031704005653
0.0015046232539192041
0.0002761120336415814
5.6607316766430356e-05
0.0011230473472506877
0.00018807225100473949
0.00087978446599756529
3.6788750337960074e-05
0.00055706811260646482
0.00046017906092330222
0.00018368675108046328
0.00029887389323975702
0.00015427521160806749
0.00045560286167150758
9.7639136601843055e-05
0.00063737584245378547
8.0807832032855957e-06
0.00069829004122958557
0.00010402512729382588
0.00058285222533212202
0.00019461805275958685
0.00042240930598832257
0.00024883393785888355
0.00027024243840280252
0.00027107131579567
0.00015027594773688477
0.00010716990995409604
0.00017987323267027339
7.0624187710077184e-05
0.00044289575022541603
1.3097947949729137e-05
0.00055620084151621822
8.7601808530641666e-05
0.0010280474540171789
0.00095575259017358354
0.00088266134600104831
0.00010916332711072888
6.6897700806462591e-05
0.00087783990716414236
0.00072271799017725529
0.00017150933952242041
8.206768838328428e-05
0.00079905572903563266
0.00057399138067747233
0.00024310089567790161
9.9398359122823262e-05
0.0007228403492931906
0.0004397187582410417
0.0003255073632737835
0.00011922597335833654
0.00032103902672752093
0.00042043146590550274
0.00014190641548503659
0.00047590829301852192
0.00013281684802058581
0.00076974798103720621
0.00017781001659649936
0.00071257694103901866
7.5780048337028264e-05
0.00087974455511201941
5.0075380715787439e-05
9.4093614112908253e-05
0.00010506395063934675
0.00045829779956637213
0.00056111350951803748
0.00061932490824931602
0.00025217746471553311
0.00033055016269465287
0.00043025384859104494
0.00015376243822788773
0.00028040486538381468
0.00037311819139354866
0.00014152175004543595
0.0009083793454156676
0.0012055890342987663
0.00042946193604381479
0.00032415963178895066
3.2804670501787935e-05
0.00081266246831506969
0.0003787039338381446
0.00055309991962483563
0.0010357753338093953
0.00054916743197391457
0.00045392314255005781
0.00030293234745272897
0.00063452789259653723
0.00075427174032926788
0.0002413974022585065
0.00011527294163348046
0.00094231254315569669
0.00036530944295365202
0.00039394054592751859
0.00013061401226103703
0.0010982454688661565
1.8700903017716476e-06
0.00043139029400984411
0.00043372232228537714
0.00071900798366122162
0.00024492431179583312
0.00022981750065912871
0.00071879271653071096
0.00036059846635937235
0.00050283552883152369
1.5662148327640843e-05
0.0009862736190790573
0.00095874055021981841
1.4668297095652493e-05
0.00015487715598231651
0.00040753829217484978
0.00021415325805620295
0.00060760426234472296
0.00058307716957067975
7.5206756216292735e-05
0.00011982080181162473
0.00069790062595282852
3.5370289642291137e-05
0.00083481175592915963
0.00022685278493492621
0.00056847551574114969
0.0004742654040011017
0.00028575102118194335
0.00060073789596956997
5.2997506907381875e-05
8.8569523822065041e-05
0.00088501225206635034
0.00011839866102305366
0.0002378474151392544
6.5201974926885005e-05
0.00048035070529539684
0.00020653649069474013
0.00043943565855774849
0.00036716993192024419
0.0002444357260619787
0.00038187750310162896
9.3959771946514482e-05
7.8853609593550306e-05
0.00023976536646906434
5.3578057808166919e-05
0.00055760457519125472
4.8329080897000725e-05
0.00062502788021144226
0.00011103774901403556
0.00017133614317884811
0.00037332805922254736
0.00034687993794795614
0.00039060489945248576
0.00047146806023918149
0.00062525955694621221
6.7632005779692323e-05
0.00022857443739921659
0.00032268419262169914
0.00018637129447810963
0.00033912662419651759
0.00028298161219049477
0.00033539561890869767
0.00038355570485444119
0.00030038781453636392
0.00040186898378106751
0.00029432902927668505
0.0004978368981938577
0.00015151536745146646
0.00048953279434491926
7.3490109684969796e-05
0.00045410279124829118
1.2871976978568095e-05
0.00033083006286931338
4.1485638734307809e-05
3.018202257216359e-05
0.00049715663145758772
0.00015576156459839855
0.00023847014415743188
0.00054351387737152832
0.0005326721121758606
0.00013998608104921916
0.0013718053256567147
0.0010376895952011881
0.00065743116878223254
0.00072594939486816869
0.00025132120478546543
0.00040088470448640444
0.00034820404493743243
1.5006793149386223e-05
0.00013065131443219742
0.000901720093627013
0.00049323490218847752
0.00019565500221748814
0.00014335850838000197
0.00033856790024058484
9.0945316535002274e-05
0.00068406064639644376
0.00066837981047610082
7.0870387150235607e-05
0.00041097278997560772
0.0014215402051911646
0.00056017499025713755
0.00021925174118598943
0.00062899231680997602
0.00098861741362523368
0.0015028006519037802
3.9858868903185917e-05
0.00022181806283481605
0.00054264971312679305
0.00031119665161758836
8.9229459350820953e-05
0.0013245737979602882
0.0011601150891372839
1.3376774452680715e-05
0.0012550927757219181
0.0003291930159131042
0.00054347968627947317
0.00039996964020323398
0.00048004228135666054
0.00022547553670005234
0.00064074125902489605
0.00015913193686123376
0.00073282152016583199
0.00021779976889302783
0.00030537327916620323
0.00056349505788889952
0.00012461852294750827
0.00066272815497084802
4.2379181401667168e-05
0.00017470858628715948
0.00019104179036021654
0.00013265714713326887
0.00049417314063343663
0.00041026512082866651
0.00027009816505014356
0.00051252674202283339
6.0883092094895789e-05
5.0764158180324935e-05
0.00038576044142188588
0.00023988324778853175
0.00011529119063253391
0.00015020138059723662
0.00028586596859101555
2.5713934291033508e-05
0.00048095220486407572
1.0256706543709577e-05
0.00060555304264022056
1.7338832927464883e-05
0.00067411981147825009
5.0012010343929403e-05
0.00065406511061124153
7.4343146462018623e-05
0.00056113202690785376
8.5481439584033755e-05
0.00043912303029281283
8.6393474913715854e-05
0.00032869759988869251
8.4960902445945392e-05
0.00037529962651623651
4.7712885323086631e-05
6.2896360269325876e-05
0.00063698876922410076
0.00015895820044823253
0.00010354339116060549
0.0012008046194434963
0.0010744030458539342
2.2454451023260513e-05
6.3420771080910385e-05
0.0012217364536673957
0.0012002432200223362
8.042277282519457e-06
9.3216518708124965e-05
0.00048868868517335504
0.0015622461501777628
1.9068553843746572e-05
0.00026384472642437405
0.00048461154718974341
0.00049651551870181034
5.6295899372571909e-05
0.00071125121295830809
6.864450206982765e-05
0.00070300260212080774
5.5712280548438001e-05
0.00047705443931015924
4.4900176679635752e-05
0.00045434223321974787
0.0001031655928489986
0.00065653308357428285
0.00011790800268474934
0.00066081881829074276
9.0775606387806325e-05
0.00045271129188288425
2.6205348064076497e-05
5.3876750150356644e-05
0.0013467354302921758
5.7556479050518705e-05
0.0011417845597572914
0.0011602229627239824
5.8154645834474549e-05
2.214947912402345e-05
0.0013401673462191197
0.00091704359461171195
6.4678877605982155e-05
0.00024492197946881405
0.0013363914192944136
0.00067493682170301098
7.1298975225641975e-05
0.00046632423168854943
0.0013322982951376808
0.00035642115131568047
0.0001100609353207221
0.00071661241837526948
0.00010399766556793009
0.0006952294698260857
6.0860158523105704e-05
0.00075404615800222293
9.7951209186915184e-05
0.00060589383619665991
5.5300591478365373e-05
6.5817525276408074e-05
0.00022192795266511541
0.00011890321969562126
0.00032096109923778474
0.00014311468361161213
0.00038814799171307704
0.00016845934080357203
0.00044926422696682576
0.00023699510064367036
0.00063028450386455289
2.6811211244683897e-05
0.00038485685124102189
0.00018949758935324953
0.00032619870956952823
0.0001563758615314128
0.00026923704987994926
0.00012601708106666016
3.2642025148186746e-05
3.3667485587816127e-05
0.00022369022810066896
0.00027638611583870771
0.00032447624376078649
0.0003538022370140841
0.00040580738053655767
0.00033675841728265032
0.00019279853610488812
0.00024734575765583726
0.00032647318138446819
0.00032655063688869716
0.00042222144790516057
0.00052481573853976557
0.00020904253917142335
0.00024529799082666774
0.0003026323382839094
0.00013806604101631489
3.0935369065288619e-05
0.0018643158446359769
7.4829927677501451e-05
0.0014867971204507498
0.00075703621170142928
0.00067578695396857129
0.0010104888003842835
0.00014066090075522618
0.00015887459554571941
0.00083895244407531451
0.00024405112633595451
0.0010734371872543206
0.00089738484805633185
0.00064309677787495435
0.0017722230928013758
6.4101755346726629e-05
0.001080273955624485
0.0015234867282689854
0.0008995435168810932
0.0010440378192033885
0.0010435594788240309
0.00029313166144551253
4.2203977481644911e-05
0.0008973603681811706
0.00018929276104711625
0.0012451172400655955
0.001228128588662667
0.00037305215484549051
0.00047138394999449531
0.0006978177660703494
0.00016650271763618215
1.5255590892704867e-05
0.00050065600732789452
0.00023003827079277116
0.0009540903806503514
5.0868412094141541e-05
0.00066828419389108212
0.00038714975008572508
0.00096046797049642563
0.00047759722944568751
0.0001348050148425335
0.00016443433494925847
0.00093874005476295402
0.00069330256582624905
6.7185486846321261e-05
0.0015554666848983667
0.001043172322630861
0.00020735014631524215
0.0010311225424892026
0.00044906027712757424
0.00047896320509795273
0.00027021442227810562
0.00068627760815284081
8.4050354957306681e-06
0.00052810364460549608
0.00012523213650308585
3.9343146432169402e-05
0.00021610350329346963
0.00037574645601191377
0.00017273610086496712
0.00070945113049761374
2.501280258398874e-05
0.00016171777162566313
0.00022441533723811149
0.0009272170640432485
0.00064566678995554481
0.00013914351399262664
0.00017573382482419369
0.0008619753554515089
7.0534847824071174e-05
0.00061594494308242075
4.4126118637603529e-05
0.0007084895162161116
0.00010199872401107183
4.3776634607754396e-05
0.00013380338433816713
0.00060854573102266172
0.00025743262718509453
0.00020276769622513374
0.0008034975112424065
0.00015269474731337724
0.00047992363674678718
0.00022841967464539299
0.0001229624728526007
0.00070082550104665596
0.00047216654770530721
0.00025164492093607136
0.0001148608291853163
0.00089397254005687047
1.1983181033026989e-05
0.00025831924954113804
0.00027663391478269499
0.00037595401084646491
1.4652140043697192e-06
0.0011750013375509891
0.00020077981895988699
0.00012760766185378596
0.00065859391568377909
0.00013215927376624827
0.00065125225979626778
0.00041750952019659038
0.00054178436216715099
0.00073832908922440502
0.00024522741838199814
0.00031852205936168626
0.00023814939867484146
0.00019126647991825078
0.0012059350997634442
0.00040316459132987918
7.1418951978144684e-05
0.00026652056604286424
2.3749791202013878e-05
0.00012988653081778533
0.00024275813938914797
0.00021564005394909044
0.00021441516691279877
0.00030026596042591358
0.00019276142714171786
0.00045006346545712169
0.00010770840072239164
0.00059196030400430479
2.4934029991806529e-05
0.00066197329832548525
7.6820899622025732e-05
0.00060701398936462993
0.00017958661934723075
0.00049785488765044473
0.0002692282611849678
0.00037508599814176997
0.00033763317696365824
3.2382130348895715e-05
0.00034382397503498108
0.00023425611854959661
0.00044600463806459352
0.00037780501880088434
0.00035646651152766235
0.0003739723540289544
0.00019849605983819532
0.00031169338322984395
9.6213371150251194e-05
0.00058505903750777659
0.00018995981345269259
0.00055752564262331287
0.00023721316102412582
0.00034160859377923116
0.00013709263155206377
2.227038772699956e-05
0.00076270149647985101
7.0829915512197596e-05
0.00052168187093708501
8.3764487685915827e-05
6.8939374943444875e-05
0.00013218727549216109
0.00021321695661971146
0.00065615647174204188
0.0003299721566407242
0.00052539649324022776
0.00039481129712153296
0.00053035116666628676
0.00038636742533398844
0.00018754661239721998
0.00044266335846989194
0.00015631775680665841
0.0003925190889665786
0.00020617482135305376
0.00034241899158767426
0.00025598761355595062
0.0002923630881411867
0.00030575611228307945
0.0002423514002538429
0.00035548029658190365
0.00019238394937211363
0.00040516014567912312
0.00014246075676247066
0.00045479563898041575
9.2581843511776866e-05
0.00050438675607025535
4.2747230527579911e-05
0.00054689041524975533
7.0399236924967773e-06
0.00053960684524621892
5.6763692699811253e-05
0.0010469698465965468
0.00012915512781625925
0.001048298441180998
0.0011453816283496612
2.1850441541918766e-05
1.9880779097018561e-05
0.0010761499612659312
0.00088664518026819743
0.00023385112340098085
0.00048967778131102303
1.5797745095775915e-05
0.00076273067723150241
0.00011008475738287145
0.00052954036285358204
0.00019145785579662608
0.00011438647365701801
0.00016431602393500243
0.00021396802873462382
0.00038663457975317999
0.00047039944341427121
0.0002417007532204074
0.00053931639147206806
7.5461129269468856e-05
0.00012853739692185689
0.00025915945066760731
2.118815545059082e-05
0.0014746601672681748
0.00053840111257806545
0.00020927406679381867
4.9149398478104679e-05
0.0014127040958544584
9.883021834929836e-05
0.00091592056210258689
0.00026658933926128055
0.00036706111500802108
0.00028093480835507839
0.00056945364207480471
0.00030967805776368779
0.0004518221061670239
6.6625109422585637e-05
0.00024046341183033454
0.00084562625732186958
0.0004061492038505827
0.00038315385266449886
4.0377246154061127e-05
0.00011147193586522317
8.8644127530210893e-05
0.00029911308211335371
0.00029858568660311467
0.00036907289858446803
0.00044561553651852444
0.00031914040381197961
0.00039462321921808729
0.00019192586560203063
0.00011738028307954751
0.00012440047117537328
0.00024429789218079488
0.00037614288636167562
0.0003013201824380235
0.00051951364584799269
0.00023577749376591358
0.0004549808341272393
0.00073455859075113709
9.9092833932629148e-05
0.00023115379020211693
0.0010458921516230378
1.2823426931007718e-05
0.00049205565717596548
0.00022441538477324498
0.0002737166623270829
0.00065941611182259992
0.00062928782304565341
9.5767684282812061e-05
0.00027230595337752192
0.0012637109503768609
0.0002346881080295368
0.00016111390027487014
0.00050237007613232519
0.00057901741900423336
0.00032259666028784423
0.00037044344757288742
0.00047055739956771786
0.00019469013148764032
0.00050634489624524234
0.00027602667917191079
0.00064256204502252472
0.00048530175633979954
0.00050193962296353044
0.0002284785013858076
0.0003321653693366196
0.00019554371822533444
6.6095451203804256e-05
0.00050392529721663272
0.00035797336532824561
0.00011613400354480049
5.26313095597143e-05
0.00057502470730795639
7.0710012640202652e-05
0.00088351366306369395
8.7419083158969563e-05
0.00057744640872394945
7.58703746503595e-05
9.3983606656129043e-05
0.00033620723068697304
0.00051797628767383101
0.00091651142216198436
0.00045222771537612122
0.0014303914279404648
0.00052654792261884345
0.00043443703064804365
3.0905137711291748e-05
0.00099957624958573691
5.2363554959889586e-05
0.001046075513886675
0.00031404232558525033
0.00030007193048696038
0.00088834370054552132
0.00098927514908422106
0.00062574700482085342
9.9212801400924935e-05
0.00052536132013909667
0.00045227763062152858
8.9509876916197778e-05
0.00049709411689932356
0.0010725239512915749
9.8210476006312108e-05
0.00017809908454476252
0.00059466508782120417
6.1558383066207087e-05
0.00097806732089259678
0.0001490852961511662
8.235362525621825e-05
0.00088129051535246585
4.078963531434944e-05
0.00076761160921061497
1.5855948292803094e-05
0.00013214737677170443
0.00019567176494927015
0.00080325015679884478
0.00011705976328320597
0.00074524435297907419
0.00034684897923057377
0.00058378319231343519
0.00051183672540671093
0.00017569099996280971
0.00032521554184766457
0.00038611909667214694
0.00046442962200283127
0.00059978609510721436
0.00020560076180044988
2.9779383644502021e-05
1.5106805864887707e-05
5.3268624879553767e-05
0.0012933837499317677
0.00014081379134075892
0.00066892789676817918
0.0013544026836008567
0.00022593365015508528
8.0267566440555399e-05
0.0013187467024061677
0.00035941972816364649
8.4403948489942686e-05
0.00024212303626746224
0.0007860599845803106
0.00070259259598938299
0.00044579925836165746
0.0002505422738383542
0.00098218882119844382
0.00042722894212691764
0.00016001473794369976
0.00082118334706223026
0.00018023335524758384
0.0004421394795549419
0.0010580180000286444
0.0012724549111525661
0.00089179135180781168
0.0012849707727420393
0.00021654611175314214
0.00023614095819394915
0.00019151135735404081
0.00022468646722044743
0.00042673623018398503
0.00041615229147573031
0.00040461884587525676
0.00044568668430665739
6.23014665477321e-05
0.00012397059810140583
0.00055693367221764701
9.2176872458907006e-05
0.000824640610986642
0.00030732681808754402
0.00036117949851592585
7.7033306510648926e-05
0.00014846371676079028
0.00018113143530019805
0.00015172320526003074
0.0004943205593818332
0.0003412812587794546
0.00047899886225054154
0.0003586537078468694
0.00031267092143649999
0.00023148552874889536
0.0002166612145447219
0.00010923397841508857
0.00053268185344439167
0.00012074510820546296
0.00063057572274328479
0.00011004692133369151
0.0005987128311772859
7.580699435706404e-05
0.00047931678156624659
3.9528868242242132e-05
0.00018706194271428462
0.00017128214757491312
1.4920430895962033e-05
0.00051656264991720028
1.9627886355737683e-06
0.00067425979796846525
2.4008187389175586e-05
0.00071664009883915393
4.4854731596246137e-05
0.00060885638497719147
5.1843263202133982e-05
0.00044276907791125121
5.0147594268655572e-05
0.00038727830722638633
0.00030857423654792365
0.00037884546816669204
0.00025681726713436758
0.00032557675772856127
0.00019777564373089099
0.00025892957140311642
0.00013438657128042567
1.4926094506981834e-05
0.00021334387552916374
0.00020231290369061871
0.00028260583277017656
0.00024986569734634716
0.00036061931311669919
0.00028184329149000774
0.00042035809122206345
0.00027700946376141088
0.00092390986504640082
1.2717087290349169e-05
0.00024937672875786074
0.00048573621116906727
0.0007575061509517354
0.00047669744904435985
1.2400647612658937e-05
0.00010761005515229798
9.384924012957214e-05
0.0001747484149703866
0.001145987911514413
0.00054149182938385896
0.00017213121210891388
9.4232252122422754e-05
0.0010542696066850391
0.00085038910548972601
8.3859418014148372e-05
0.001400135252612238
0.00070225364267740209
0.0004089199130018532
0.00058572598225958155
0.00018721992625159772
0.00022547010883092311
0.00084060311585327683
0.0012823677671516397
0.0002403432717801555
0.00092875278513176941
0.0011429699019512552
3.4690946327481812e-05
0.00013346935653474156
0.0007067637190692589
0.00041612347910215136
0.00020437847669143471
0.0004681697839741626
0.00014934305593747738
0.000513532819590092
9.4704606621867993e-05
0.00055084163013121711
4.2349296928464954e-05
0.00057288186902883492
6.5143352183199058e-06
0.00054013890473401124
5.2813399168092329e-05
0.00046672093411018976
9.401230897181865e-05
0.00039690156505637074
0.00060179682321003707
8.5760853397784682e-05
0.00065048629296627681
3.0407701269490193e-05
0.00053359449087833893
5.5253166459638934e-06
0.00021467849013902371
0.00014376373524142282
2.7554241581259077e-05
0.0004762441181884965
7.4892234481635335e-05
0.00058101487456119281
0.00014432856617108223
0.00054842750019703504
0.00019474317006678353
0.00039341722291993253
0.00048833140653285149
0.00079107727260665627
0.00019751649559381998
0.0001917868781770055
0.0010679319688122655
1.7693628831740715e-05
0.00039187472182460259
0.0011648271561847552
7.8375356808328496e-05
0.00041833713717764459
0.00069234561723065182
0.00052965070169896857
0.00036348715149547671
6.5602054567626906e-05
0.00040272241149951746
0.00080232808853881034
0.00018093707569879694
0.00025790152092474203
0.00039984315681232857
0.00067113510178363762
0.00045094736835576667
0.00018268497176227347
2.7928693236910114e-05
0.00036359333519871617
0.00017874634067109826
0.00026621774701181559
0.00038594098560899864
0.00055886233472084656
0.0003096888401664159
0.00035234767261954571
0.00057010835002344084
0.00011242184836963538
0.00067908965071634411
0.00013195359034594436
0.00052150512878080613
0.00034702805525992656
0.00026331850756913317
0.00052047907195370852
3.5940177413225846e-05
0.00049433497618561295
2.7339208422387919e-06
0.000442928892787914
0.0002605074084582395
0.00012882395440183095
0.00015989416582789918
0.00039222304814179678
0.0002948090865697275
0.00060529167319631585
0.00013029931583557981
0.00028480775148596052
0.0001037379019987199
9.9181449223230254e-05
0.00056379994416943884
8.2391249149198727e-05
0.00067099989345970046
0.00023182788442901122
0.00033309583197340255
9.0154014356555635e-05
9.8900324272283306e-05
0.00033432364807706541
0.00040770235849994693
0.00027522575140024366
0.00052207982965117475
1.2702761150630282e-06
0.001208197272959331
0.00017089433418590794
0.00024617562966843464
0.00090862221156051421
0.00027894530135671899
0.00028566341553246946
0.00078971127523038787
0.00025476999427152613
0.00046617080556933792
0.00021918165059863477
0.00012563602883969039
0.00019122692369019721
0.00010848435755657881
0.00060534464663537248
8.4448859299760052e-05
0.00080873777765260791
1.6541671512348538e-06
0.00062653442242793724
4.705533404993206e-05
0.00018211788393371112
5.1842029806894497e-05
0.0005987298951274755
0.00027730075142367954
0.00029217212169327828
0.00054423249169276047
0.00012282316286598465
7.640660743246388e-05
0.00019446107788593354
1.9981770331932368e-05
0.00012375090970727099
0.00062582718956258072
0.00047202063107813812
0.00031045463270165658
0.00037699408120994634
0.00049477192205757035
0.0004857324445647966
0.00053973412491041463
0.00079761823990426339
0.00016388464877035655
9.5835510196911621e-05
0.00051365299337629547
8.097483172794639e-05
0.0010606335918601853
0.00015347354025052991
6.8161751014308061e-05
0.00061542820785332928
0.00032123569527848963
0.00055399081227304958
0.00086484716357247975
0.00011715440473541693
8.4710185914556028e-05
0.00014589368834332566
0.00085640143772539707
0.0001220219956244794
0.00077946475912273516
0.00020547850565118825
0.00017188502962438022
0.00092529007358644493
0.00012095163856340032
0.00051509159842317816
0.00036588703784056826
0.00021296073349892761
0.00092521944557629452
0.00011665343186761831
0.00029406620947159925
0.00057765772992436149
0.00023124518358847603
0.00088115381310219644
0.00011135888808226382
0.00012792706353117249
3.9960364077795422e-06
0.00036741599447931965
6.648661409655479e-05
0.00075931400390678741
0.00014279768569732025
0.0005968029230494213
0.0004587603907437613
9.4857606178748621e-07
0.00087095817635629309
3.518506899256332e-05
0.00067532396209420142
5.7627167131012333e-05
9.2011665341217868e-05
0.00060284499427884009
0.00019693590801700398
0.00072281363584120227
1.6339447747129033e-05
6.2472443397025443e-05
0.00017465966044455391
7.1257498789505208e-05
0.00032378826814547358
4.9152144870428052e-05
0.00038139029113632718
2.2782023362788954e-05
0.00043733206823733578
8.9974967844379804e-06
0.00046301393543476857
4.7960323596694743e-05
0.00010179926383016708
9.4612560214189526e-05
0.00023770507521136942
0.00059656854151847992
0.00020064788666134209
0.00066486900092180301
0.0003976423139046446
9.1328154176355714e-05
0.00019601607300826363
0.00074837758725656818
6.2316220008647996e-05
0.00088969495229383234
5.067540360534882e-05
4.1384837580880462e-05
4.6849856755874367e-05
0.0005033904357667901
0.00050650391077925675
0.00036751476835784105
0.00056389769401857161
3.1991519884297259e-05
0.00084399518864399241
0.00022497562656589539
0.0005598575790967047
0.00022083991188073091
9.387931966085024e-05
0.00031467859685540298
0.00060211700100670481
0.00032621227206792894
0.00050334658419673558
0.00040029243304784656
0.00042364298519832468
0.00023796243680513583
0.0010438202957384036
8.4109246901772252e-05
8.5728327544556842e-05
9.6941286995228668e-06
0.00049260691138257524
5.0599578518803644e-05
0.00018722095933314641
0.00012721351471887209
7.4009384683614514e-05
0.00038502591926983521
0.00025646391143690562
0.00033288686198170114
0.00069659648934764027
1.0031164990573476e-05
0.00051403754000733145
0.00018784570166946056
0.00056283292721123236
7.1351455614743594e-05
0.00050716081431480243
1.470654962881844e-05
0.00027453006137624696
8.5467008520964669e-05
8.3861553312001891e-05
0.0003609676028862178
0.00019428892755898931
0.00037876296958444153
0.00033523215579971962
7.7331278480064403e-05
0.00025621627598620885
0.00037542680732241958
0.00045977696142177635
0.00039543567227792763
0.00045558639836013737
0.00078866383707617302
0.00036102159274818002
0.00043702325530435994
0.00013923633477786509
0.00026618444084442291
0.00045425513807120121
0.00062639644489251474
0.00014675404826735108
0.00033604503346667457
0.00030117446541173994
0.00096513060365347023
0.00022583211952505053
7.6881303412519093e-05
0.0012272300644622593
0.00012562572747235135
0.00050721061396484448
1.5903176520654319e-05
2.850325303403272e-05
0.00086011753848551928
0.00053714777878093381
4.6122208777713123e-06
3.63627798400211e-06
0.00065062157967654688
0.00015997725561774632
0.00055604711311453147
0.00051001513743005621
0.00015042579132967058
0.0011846692283733464
0.0013858609479083064
4.2200363595654814e-05
0.000510161930198581
0.00025747061590544664
0.0007272191586480542
0.00098649119175012157
0.00086306055450904157
0.00016062574985694963
0.0001112093553340782
0.00073405166889172575
0.00083488464770148678
0.00033274160540461674
0.0015681365526595287
0.00069517063410052475
0.00055983099352227301
0.00080020669642818479
0.00013575309437305073
6.5662130168911805e-05
0.0011447660502486
0.00025642565254359063
0.00061348305614016311
0.00013447328101402317
0.00011217332960658534
0.00035749744104556695
4.083940085825955e-05
0.00089233226611361706
2.3011471902241225e-05
0.00074070631845242236
5.7427111257087904e-05
7.520311408117008e-05
0.00036590989708146102
0.00021197272730274477
5.2965875010836932e-05
0.00018987260140858458
0.00051863476921820966
0.00042310198006759983
0.00048702025490797977
0.00035351285591352197
6.922922189037364e-05
0.00028210736985086269
0.00028498292310354578
0.00065112224645095694
0.00064906422958363767
5.7647409126337713e-05
0.00071658268073344347
3.7461870535658973e-05
0.00030544844406511475
0.00015252170334252571
0.0001051583665104012
4.5058189335213911e-05
0.00016718372189679283
1.3065238563763978e-05
0.00017118219028502309
0.00059341686506554593
1.9028389515354278e-05
0.00057368034895751905
0.00017534823852972619
0.00072349461244096739
2.1921336035222274e-07
0.00050656010957945074
6.5492931972209078e-06
3.8556063321373821e-05
0.00040210140643540105
1.17718747257184e-05
0.00065417372859178182
0.00076528855882049512
9.3028281942067963e-05
0.0002540595317641175
0.0012636615932700662
0.00036360635976038992
1.1825063814789793e-05
0.0014569517624848137
0.0009321752143806681
8.1202391433173648e-05
0.0007869948486047422
0.0006647425518866094
0.00020490052299418994
0.00029652633686125214
0.00029811129507400781
4.498902062510461e-05
0.00096757269288947072
0.00050867157917474824
8.2190764399840474e-05
0.00027781830361701254
0.0007650955351308225
8.4850372449780356e-05
0.00066395366154187391
5.3026017290106904e-05
0.00013914962309851092
0.00077166722741884544
0.00075130938813646624
0.00014917049361896012
4.9135362859209635e-05
0.00066555312201429812
7.0335117135136101e-05
0.00078651890965294275
0.00060037145402570054
8.7117454191697476e-05
0.00061484426869408144
0.00023062954650142955
0.00046544037985892981
0.00017738607312482523
0.00043774356042382078
0.00018603344372584404
0.00031563184204946946
0.00017829709870909261
0.00016918451641169971
0.00066638829153433472
0.00088013609029487141
1.1085050248673615e-05
0.0012486716896289072
0.0010594180614354326
0.00023118688010912477
0.0014248827305265847
0.00094158888252224358
5.6746513629602665e-05
0.0014858088973745288
0.00056371002283693312
0.00068742409471388524
0.000251573798811924
0.00020346640138679912
0.00021236729314362895
0.00070108347133516558
0.00025657395246442706
0.00019903367378434466
0.00072479514737255662
0.00017046072880562809
0.00031187474284420354
0.00017574201781236641
0.00030289596229791916
0.00020557766723780716
0.00024157089448697525
0.00096956287295458805
0.00011864623533249847
0.00034951956958020316
0.00021313667060639423
0.00014876951939579619
0.0010653801725382264
6.1406444222133444e-05
0.00039529932978268895
0.0002208140998779508
5.5494530497914865e-05
0.00079878119643212451
0.00029120969666879612
6.5105981443849728e-05
0.00044579680427744861
0.000210180121707415
1.8611628518921128e-05
0.0011344329822181652
0.00022018558300195869
0.00012136855018523509
0.00032073463661164977
0.00038117046990273094
0.00054516572648440021
0.00033277629118713253
0.00024834978305788115
0.00035653085432784271
8.0071840724807059e-05
0.00021732614397780692
0.0005874317096689612
0.00021397513020317608
0.00041360961317494344
0.00040823280238836264
0.00024316951461510666
0.00011129630045891209
0.00021950792671592605
0.00051789190893922719
0.00035012204548114686
0.00041825941480633114
0.00031111706542243117
0.00016292990778796952
1.2449210244337858e-05
0.00075467037795844962
0.00094749632268817635
0.00012736214981572881
0.00027013242826791041
5.8235992966172049e-05
0.0011173955444682519
0.00050957284530010435
0.00071673367006998712
0.00022516990878540115
0.00050050490434103861
0.00044751125521773387
0.000234547055254482
0.00038074737003478804
0.00029045454132648726
0.00031544761626443022
0.00034424586717164083
0.00025061328357387744
0.0001223141048211478
0.00046504383573128273
0.0004471942204337273
0.00013002885423422762
0.00049204909639374102
7.2164449324637199e-05
0.00053661091774416319
1.6437845338635499e-05
0.00054169524161653572
3.6296743868985777e-05
0.00049390585263127743
8.6421743029944936e-05
0.00043219560694012291
0.00013425878096353066
0.00068886979422989045
0.0015718438300560988
0.0015524024928247398
0.00088047066385204674
0.00018554274421691888
0.00029339879266362365
0.0010185862952189965
9.7381308818882289e-06
0.00011402604452804573
0.0012027183896721574
0.00055009542972763901
0.0010788620232507276
0.0015094166566458494
0.00028047346966536351
0.0014081809648575972
0.00049710108679826314
0.00069251572508412229
0.00058765392274624914
0.00023958286567812869
0.00028251953520634122
8.7284659333069302e-05
0.00072180282442061198
0.00036254192718139809
0.0010139850268832313
0.00067838591502807067
0.00042319719988356076
0.0012786554223241096
0.00088754886650812539
0.00035168442499171673
0.0011497715655123793
0.00031378615499973709
0.0016418638008233997
0.00089185008791953398
7.3753523772734328e-05
0.00026371074731770366
0.0010734406031857888
0.00023082990134311752
0.0010635766550110464
0.00074688818895864921
0.00013034197486153348
4.3900903525465075e-05
0.0004912556656135594
7.0349003771228704e-05
0.00082690278333911668
2.7713368920735822e-05
8.1520858540624602e-06
0.00067282769236669672
0.00019910399313968581
0.00025617214034383837
0.00072270570700979741
0.00011349278818755799
0.00014685828893401567
0.00049932743500250714
0.00053768361521387969
0.0001969521440155787
0.0005530716055123934
0.00020567677601973099
0.00054682522178668984
0.00074470703601062281
0.00013093090711469436
0.00022884948815643738
0.00030119862467925984
3.5993893379288847e-05
0.00092073714417125526
0.00037677457737779951
0.00023332292645195199
7.5885818004126128e-05
0.0004134410290522901
0.00029209167796309752
0.00095410807473231881
6.2386424581760833e-06
0.00013203732728101273
0.00046102973651345743
0.00083850328360353973
4.3505859351861106e-05
0.0010326977454747966
0.00097495322895100635
0.00013683813115170939
0.0005056784680455167
0.0011552444339988322
1.2084924355372986e-05
0.00025595383357468444
0.00058897981463020119
0.00067711208158605454
0.00023744048937727411
0.00020005801478334894
0.0002504555731974601
0.0006748642964962367
0.00053727125820336925
4.8641887366987023e-05
0.00089276719818947171
0.0012282078269022971
0.001318534872728976
0.00081930162125829452
0.0011588415900368736
0.00013820058857527966
0.00019181072882928549
0.00066710509547905292
0.00081249871693698248
0.00017415437645232413
0.00077126531377829028
0.00022650012234417876
7.8032323149137306e-05
0.00043644475263612191
0.00053328731440970478
0.00075520488945387241
0.00017497147936671711
5.2775676234205949e-05
0.00039355805606766658
0.00035094222440384856
0.00036655405391345221
0.00070632902011458784
5.055946252448553e-05
7.528928879985941e-05
0.00056903329869660796
0.00026715239932159765
0.00043029168810707107
0.00043198153043440295
0.00020993826186095236
3.5650210428492641e-06
0.00041597114255266602
0.00015678607124165433
0.00055723034754034885
6.2131622246003765e-05
0.00065023779697845829
0.0007663986532791652
0.00032143239463748591
0.00011007156140304517
0.00058299489046841318
0.00056964935712519138
0.00058941028609957964
0.00013003103469290809
5.2803677312455407e-06
0.0014586754446148521
0.00027979391773555771
0.00027997154994732418
0.00014321654254433557
0.00029693313815885234
6.6019586002036181e-05
0.00052138966745966038
6.2502379196570239e-06
0.00063691669608226709
0.00013127299105878968
0.00058298890828518957
0.00024617562146265413
0.00025107235799333574
2.4620824982486501e-05
0.00035761910593090537
4.3575854026124127e-05
0.00038719525741975956
6.7262263184464247e-05
0.00051238803885212889
0.00011550797519714895
0.00032246601019637189
0.00012760965035346974
0.00045416012976996924
0.00016306438984654248
0.00045750477004615191
0.00035901064893671415
1.1515407512681026e-05
7.2138856756397238e-05
0.0006788193134331812
0.00019794461615103989
0.00036858438055107295
0.00029954202719216722
0.00013489281226061799
4.0290609488488517e-05
0.00035540222273433369
1.5782072635178971e-05
0.00051744239076797788
0.00024434091467817349
0.00041658174061618011
0.00051370910708063559
0.0002100328540959826
0.00067503824621779191
2.7534382936175307e-05
0.00052430995266291604
0.00016428906080660216
0.00025697092962985262
4.5777112623445457e-06
0.00029906721688665097
0.00011336858261080728
0.00055083684296653075
0.0003888887902161295
0.00028384329843070028
0.00029545761278111052
0.00078465054977002401
0.00013504430851542508
5.3569211660505788e-05
0.00094039459280571749
0.00047686873382774816
0.00071099338198269356
0.0014424531425527244
0.00042488003078864538
0.000785937906914106
6.720668152957482e-05
0.00075654891683049434
0.00063444578902118083
0.000286106957260226
0.00072127057735283068
7.1620518011631306e-05
0.00086101029577133814
0.00016688444598247828
7.0810957577796619e-05
0.00028285883598262284
0.00012397386322985109
9.5979615988370077e-05
0.00025998369571657065
3.4247051106898105e-05
0.00040964005804697322
0.00015130961317770539
0.00038176407699713917
0.00030382385627534153
0.00024564335168400487
0.00091159531209740138
0.00016207587205634927
0.00050812929045342798
0.0003244571496397851
8.7392142875896057e-05
0.00046291002693618719
0.0010039235947746626
0.0010373980240215958
0.00039778403354602206
0.00020708628625982489
0.00024798600762832338
0.0009349078318022316
0.00011045641265339298
0.0001200847934596367
0.00046805194844925916
0.00034603228347507417
0.00097572999049475983
0.0001094045010570229
3.3762374340108837e-05
0.0014685875449099864
0.00034176264569629923
0.00011606575542593367
0.00069733401203866301
0.00060167314587920677
0.00041419548126545285
0.00019104442000291924
0.00010199779559045524
9.5591900523858038e-05
0.0011679656774900864
9.2272847561165376e-05
0.00042126573122317569
0.00026752541627216838
0.00072720975390664949
0.00021827366816430451
0.00063888430234718607
0.00019492951451088189
0.00031737024995019463
0.00063635221822531582
0.00067251282040719877
5.7867632453236429e-05
6.3141318817302728e-05
0.0010730392594959987
0.00033273645622053545
0.00027179606323934479
0.00048757010935536287
0.00028031500583849955
0.00024502543959044792
0.00051711202320705023
4.8094637475833823e-06
0.00051754804868266331
0.00022946036809251235
0.00028370862750968422
0.00045968991038380545
4.9096545702461143e-05
0.0005044024902030273
0.00017993758516687095
0.00021819990952884219
0.001090662438409748
0.0012204567065136674
0.00022962384169856957
0.0015021370310142933
0.00065039131368968214
0.00046040580398462767
6.7434255044064717e-05
0.0009093037247817551
0.00045794122690741068
0.0003822350800959374
0.00033266972111037352
0.00040118318046999273
0.00017156609931839027
0.00033117304775984462
2.2367821437161561e-05
4.6058691964733192e-05
0.00047473704804757881
1.8463732825577916e-05
4.8017892411895986e-05
0.0004276906721133655
0.00011492350166867174
4.3609845474372603e-05
0.00076621980333065423
0.00014340248031205371
0.00076457176168493086
0.00013340724003786889
0.00013613177677605066
0.00023069497945389964
0.00032541262322183511
0.00056526587630629068
0.00061568576087542932
0.0002196743054446009
0.00014491020663312128
0.00013930404815974985
0.00023856381852969033
0.000641361240119264
0.00030408729786221675
0.0005843950406373711
0.00016248030657811142
4.7782293554727379e-05
0.00049186326942620047
7.2838249444289683e-05
0.00095921768648752628
9.9435162592791714e-05
0.00067289415460742078
4.4743196270690654e-05
0.00077487607054241021
5.1620339308889136e-05
0.00029497342957042586
0.0010257458518320665
0.00033577170261966835
0.00026164829939264556
0.00042486007284664592
4.5205478117338681e-05
0.00083074509543935187
0.00053285823808182735
0.0009006888485898585
0.00044116773162517181
0.00030647996989823255
0.0001758072615327621
0.00089298149874995306
5.1466214293662932e-05
5.724566293518107e-06
9.7596719582601423e-05
0.00068306696760176409
0.001170738810153078
0.0001458140127780875
0.001467751472175965
0.00095671263863541405
0.00044954861430953838
0.0012911457939437485
0.00052002054724294155
0.00048864298135549173
0.00045176748892107832
0.00031492814263921198
0.0001080838885786243
0.0009650101067776878
0.00026967744326453468
0.00053525656688189333
0.00010741694408079941
0.0013303420404403455
0.00055287181210157221
0.0010132339967160045
0.0015810451467541009
0.00013491637189028759
0.00085898093458410733
0.0013005006896873478
0.00060752958972220411
0.00063611929910716068
0.00021831906708450364
0.00011531420367997335
0.0017028910170834861
6.8896907426260813e-05
0.00093317896900561924
0.0015084425924424018
0.00016760960959402726
7.8197299207405363e-05
0.0009744271211407638
0.00069350774097871599
0.00022989121806202858
0.00059393299859272048
0.00080942772638644821
0.00019096911528678634
0.00013893401743944887
0.00075254194413836581
0.00014162210981771047
0.00044889787699786492
8.5610372610710314e-05
0.00034763923764338464
0.00078837090605749427
0.0016600972338887362
4.1931615411108381e-05
8.3699433726943073e-05
0.0012453177058096255
0.00077837650048670677
0.00044193982163866311
0.00022997391838200663
0.00073202941679255558
0.0007710358181179113
0.00020676238318084072
0.00078586640313691911
0.00041300170751831832
2.9765889501111978e-05
0.0012169507246134004
0.00015078735923972997
7.3686440224326975e-05
0.0012576616832845977
2.8056562678189161e-05
0.00031588781930245839
0.00020020302173925103
7.1087002948472486e-05
0.00014993588718854222
0.00013699934589857807
0.00033217924710618815
0.00010700428254521962
0.00046232168041237029
5.9051954315938963e-05
0.00060534765819327224
0.00037551962892299386
0.00029042493594040239
0.00010273849162503729
0.0004737481327266416
0.00011390146661142651
0.00067661658926186608
0.00025407564600912996
0.00036241659808147091
0.00029056935157287646
0.0002455649155429445
0.00030518078893226495
0.00014834512949952011
0.0003039877199160116
0.00086152023257971737
0.00031064425338880311
0.0012690149608040541
0.00048005494106429669
0.00086590479451604965
0.0013927779752835971
1.9087909211515315e-06
0.00149825154231325
0.00014134101700074937
0.00027711714657146185
0.0004235647979815236
0.0011897717776115492
7.5292562542051715e-05
0.00090025926926576879
0.00065758595959357661
0.00032530837420148773
3.7340776740059877e-05
0.00065512525570620426
9.3663648162830863e-05
0.00015719105487087834
0.00041692866392473258
0.00012054573383253125
0.00033337811042035727
8.7057331875959511e-05
3.9505225026943316e-05
0.00027196914208128369
7.4944938961686743e-05
0.00042034229898000783
8.7704297087083042e-05
0.00052880925624919687
9.730674642069025e-05
0.00060703574202635834
9.7342343529028592e-05
0.00061215065333612804
8.3812628872057324e-05
0.00054168936686195069
0.0010991866002477027
6.0881523378688088e-05
0.00083428297119315584
0.00010718660634892884
0.00045299070082704935
0.00022276944158135332
0.0013054755813927254
0.0010163767350135427
0.00015218606910566697
0.00014337654305235622
0.00069970006038913351
0.00059865466615929418
0.00038619960501220033
0.0010889627271667278
0.0003952567904918325
9.5259627843131736e-05
0.00056498917416305584
0.0012596167974566611
0.0002807133624063072
0.00041549409160761275
0.00027876550743239682
0.00062840785537555499
0.0001629026685542378
0.00061951340649161351
6.3839004171580743e-06
0.00022450538336449128
0.00017902320447097441
0.00011207974692466275
0.00049223708316600151
0.00029933436335642476
0.0004860521245178948
0.00041129339944309386
0.00030177368289647052
0.0003782577784900186
8.5806859938672406e-05
1.757802435941227e-05
0.00049613969827157483
0.00017433973840087769
0.00076557305762363164
0.00040972053589372092
0.00067424624601675914
0.00078471690381667078
0.00025133113144795764
0.00015828933025817878
0.001205553721014419
0.0011746906161235603
0.00013593367671549061
8.3263034018741416e-05
0.00031524820803265465
0.00010887632415207812
0.00041707108214218946
0.00011443901126510915
0.00052584230743068366
0.00011070130419835109
0.00060814321253247177
9.2895169475694611e-05
0.000627752418667762
6.2929119884881068e-05
0.00058116095715711545
3.0402301397047068e-05
0.00049874079152459631
0.00016184318365265019
0.0002642409133204554
1.8555233127940822e-05
0.00096415595377686344
3.9294762240613462e-05
0.0002843407726400058
0.00067639903061818426
0.00085358539325159266
0.00015605697047087918
1.1018805111539022e-05
0.0013395880039077956
0.0010145160598278421
9.3596856658163165e-05
0.00023057642003417738
1.5347601304375738e-05
0.00059906664217416333
0.00054396980370419363
0.00062448765351255512
8.4397362270961221e-05
0.00013667960417291383
0.0010999042052653822
0.00037304593496843011
0.00017886973669528356
7.5137784264036386e-05
0.00073129246667269943
0.00016853014804534141
0.00084227060269511701
1.0139996550667525e-05
0.00012322928795481124
0.00081454616609381413
0.00081911651368332683
0.00012963052404579725
0.00048239188411901296
3.9716181888810658e-05
0.00064184501401414417
3.1681708631388442e-05
0.00071184846337650313
1.7353099832025525e-05
0.00062661038685842723
5.3966911659390965e-06
0.00047073547253915528
2.0935255429695495e-06
7.0501812139431451e-05
0.00032090911751340246
8.3169700500512478e-06
0.00055568290449046977
2.0573937997764335e-05
0.00068204699045946483
0.00033511629858225321
0.0012885178017718541
0.0012995461587556347
0.0005607448325965959
0.0016759900612414033
0.00037545880272708902
0.0010529154619280015
0.00031890273273144689
0.00020736457601100802
0.00022781809927866764
0.00028400490308695903
0.0001664965142107736
0.00044121502815559364
2.5222505115979324e-05
0.00048176268048302274
8.9898874922312089e-05
0.00040766911992670153
0.00021330832310376501
0.00030010721234521095
0.00034412590246233325
0.00018474404402491406
0.00038148584098990742
0.00016295904160167996
0.00056124745795358604
6.906037515802008e-05
0.00050624382623725534
0.00020909635118632468
0.00038050607900334159
0.00035563215789716771
0.00030561328966865808
4.6392558677856018e-05
0.00031027058978763705
2.0466651811083474e-05
0.00035240087626570496
9.1537141190292261e-05
0.000297696231332822
0.00019035313540630451
7.9599906442714448e-05
0.00040963329824689752
8.0472028856276023e-06
0.00038465449213511576
7.6983818397808186e-05
0.00029957292106904093
0.00015673582987725453
0.00020429473626466877
0.00025322110880984002
9.2904696498685797e-05
0.0011930878489265575
0.00057748806990771679
0.00074495821653113828
0.001443796158468847
0.00041975461786586822
0.00081782674089287885
0.0011530539142959977
0.00021947155685404286
0.00025825211283829209
0.00044459542249277373
0.00032494677507339566
0.00051267640187160435
0.00024845774536713639
2.25846607636703e-05
5.1465776402826093e-05
0.00031988137162703285
0.00029133657472705046
0.00025594350151932061
0.00058224479705171715
0.00022785534432149065
0.00047016140885910892
0.00014843405644073579
6.1819944392670388e-05
0.00041867206835005005
0.0001784389496690915
0.00061844285237167495
0.00019006753992794793
0.00058754754685050412
0.00013278488342991751
0.00026686377950108163
5.7273270974261345e-05
5.0221625610781454e-05
0.00019605763930197502
0.00058241030449582775
0.00036674300635479391
0.00012793654394020141
0.00066382902909370922
6.9505824178179811e-05
0.00068717115917718791
0.00067153223322165821
8.5160407110935957e-06
0.000488140768127041
9.2796713370089885e-05
0.00021418462394989912
0.00018993488019949595
4.2799470310988491e-06
0.00068751554343464253
0.0001103854011180463
0.00062122648254312699
0.0002422460292920627
0.00029271968123688509
1.971350316895905e-05
0.00017011569828718801
0.0003355404504460083
0.00045395122270630464
0.00025371926512127467
0.00061922897185372736
7.6656633925073194e-05
0.00026136351275829516
0.0001511054819149585
3.6814912430955266e-06
7.8125629854424667e-05
0.00054157995489588994
0.00023231172269463235
0.00043240519835574651
0.00047809715899704613
0.00023526756455846998
0.00066704045293403407
6.1185903249918199e-06
0.00056961345792811726
0.00014088148731073393
0.00031121078147464262
0.00014697171842307448
7.3880519081564791e-05
0.0006050690555741557
7.7453714838460267e-05
0.00058776095843189493
7.8043457376059144e-05
0.00055084211526983617
7.5792790639501808e-05
0.00050109450286808918
7.1380377973118839e-05
0.00044584915801897774
6.569367897247866e-05
0.00039091414365626751
5.9529722641097121e-05
0.00033989343828504136
5.3453121598267369e-05
0.00017547964040060758
0.00011870662870089303
5.7869234894542969e-05
9.121491439718198e-05
0.0003141083967827242
0.00019924744054691592
0.00029871433193165724
0.00041903222303067824
0.00014216668409518411
3.1617591165600324e-05
0.00050214587128025276
1.1928221162373117e-06
0.00052616067003015475
0.00010698459316403086
0.00051273171376853158
0.00023862400989308128
0.00044700614255957223
0.00036472089465591605
0.00033189799158343152
0.00042182137789433818
0.00022591033552968643
0.00049032167524541194
7.0498896479710563e-05
0.00046384602340007416
1.8664979971979391e-05
0.00029109863171217665
0.00032395489698366345
1.8436599521543972e-05
0.00097826829430452825
0.00013949832524810275
0.00047688375069121735
0.0008079812380592167
1.7628498391470039e-05
0.00016786813442143652
0.00099974314192523284
0.00070534485282293207
9.8557718791024421e-05
0.00088173238742710199
0.0014781190776918063
0.00012990790593166667
0.0012957328198935703
0.0011273892478824768
0.00013111479771695848
1.1985392753547744e-06
0.0013512644623487429
0.00061264584390314917
0.00028554783568536133
0.00013215698321905213
0.0011945266479378668
0.00057787713192023133
6.257469476219885e-05
0.00067850074244471352
5.3474021388994407e-05
0.00088912820437193516
0.00019551280112576011
0.00023956479386783868
0.00060003256894155437
0.0006368121887150212
0.00010711003709505531
0.0002896543896536605
5.3445531793973496e-05
0.00030077213023933742
4.2166297716591535e-05
0.00031187897678660562
3.0898029107122469e-05
0.00032297493683700041
1.9640718436214469e-05
0.00033406001793422795
8.3943581725898483e-06
0.00034229178491609191
2.8424427076465903e-06
0.00033928412338207992
1.4072390853693451e-05
0.00032789311552847361
0.00055308221176236024
0.00022769543849615687
0.00066169991402626523
9.7920042179417956e-05
0.0001768188199827742
0.00021727772246125278
0.00011368455599262799
0.00074669928060041321
5.9300901815589678e-05
0.00078552786797907019
3.8322085942798486e-06
0.00018742116617784829
0.00027726848987726267
2.7763686825585736e-05
0.00055738339259627596
0.00034392783538379816
0.00065470021270631266
6.4661820500893787e-05
0.00021712478264680703
0.00075267166723417167
6.9191211234828303e-05
1.4708180958943612e-05
0.00017397529829968802
0.0003923311902394654
0.00061456495899806808
6.7775641300123866e-05
0.00029373389355370359
0.00038388066221853073
0.00020205265529237522
0.00042890676772674085
0.00019879244847309605
5.6229633148195277e-05
0.00029439984587328324
0.00040028362944142902
0.00045594194813941975
0.000537313481251572
0.00037035299864028077
0.00113405590114565
6.6758861625011411e-05
0.00035146933313793708
0.00015859703617416315
9.2257429620926434e-05
0.00099930930095094525
0.0007306912623798519
2.7000391290689658e-05
0.00059675933382320615
1.3956292616755788e-06
0.00087857431928765114
0.00026923483120878217
0.0014478152224162036
0.0012019870293504
0.00098268934775955696
9.168946111132387e-05
0.0005429363734813609
0.0015263916261061398
0.00022660978271022875
2.8099623098269307e-05
0.00088719491912025886
0.0009669958079878445
0.0004330803140155948
0.0012986799804950964
0.00046239339284707086
2.3932311648070157e-05
0.00104038200476692
0.00069343820638107
0.00078867381168649161
0.00021707730575569378
0.00054900491060067523
1.7085212110059615e-05
0.0010305186549556117
0.00033055485300126402
1.5408960725479604e-05
0.0010144982509668937
0.00037716567946182171
0.00014378059206958082
7.4812081081344588e-05
0.00076974782134446975
0.00058317222473539682
0.00023621777645795386
0.00021290955259936899
0.00079985808990117101
1.9364554220188144e-05
0.00016706742683696642
0.00037112069446281485
0.00015131041830424656
0.00014793080573116658
0.00010154211130540925
0.00013244915203876521
0.00034208329512938602
0.00021472906667508807
0.00040534267057675119
0.00031036296124487629
0.00038199799283088469
0.00035495521346034999
0.0002807867300869019
0.00031619809155478725
0.00017961625419649719
0.0001696606570658517
6.074522911018614e-05
0.0001809544151504116
0.00018453093749031148
0.00059765991614062393
8.7543226630832521e-05
0.0001310074323499701
0.00030869343582951941
2.0611974892255546e-05
0.00078921576395737654
3.5178233908952335e-05
0.0007800317332490197
6.6491451658665245e-05
0.00033870130804794724
8.2833544474389875e-05
0.00013927925229826696
0.00051135418094624637
0.00025995740207299621
0.00060794271252855069
0.00025383422830712693
0.00040550634478866472
9.4460730126010107e-05
0.00011566362052737401
0.0016605385843484212
0.00035460665864425398
0.00018661814788588967
0.0010046373675004323
0.0013028730773772513
0.00022202036151834777
0.0012050136320831306
0.0004595018297289943
0.00050535633613754108
2.2390566364790449e-05
0.00080351122003951853
6.8074641030299018e-05
0.0012819404434827736
0.00065695521492295907
0.00079822081009075358
0.00050365407287600024
0.00017622031810885891
0.00041038254717511559
9.0662224377642355e-05
3.0883440360650961e-05
0.00029818482033391029
0.00012165443881021512
0.00055266582873186854
0.00042794147849127572
0.00037392741622742815
3.9633788213143895e-05
0.00059709565817545171
7.6978143968189974e-06
0.00023512828991662031
0.00015043142552905226
2.277888512914221e-05
0.00054253294738876529
6.7508819775140055e-05
0.00010490724625844223
0.00043860684942619932
6.211968053796747e-05
0.00066309183105237154
3.3589280071467713e-05
0.00071136069015342656
0.00014282952938404175
0.00052385760828188902
0.00019354797668217117
0.00031129026848656434
0.00013699421727476175
0.00036972268702322456
0.00022570848200046789
7.6097723861272057e-05
0.0011595922203982991
1.2841547371629664e-05
0.00040200204944188027
0.00022360908491814857
5.1648673563705134e-05
0.0010658770954960672
0.00019217430920474602
0.00034105829146009996
0.00018025497666534422
0.00028032680209449278
9.2589850636223857e-05
0.0005370785953708844
0.00041311202113575941
0.00080867360885374681
0.00017312409670421032
0.00083384852248109505
0.00065873334732049094
0.00024131134869783308
0.00080162058086933837
0.00024548783417383067
0.00070436319459980801
5.9902198800213945e-05
0.00039158476069991744
4.3938183251007086e-05
0.0012627752719537278
0.00012501552353407825
7.1444997457797919e-05
5.3832419842643394e-05
0.00037639200257797692
0.0010348887400640865
0.00012336542333760196
0.0003032353354492998
0.00063725646273633373
0.00034538808505308824
0.00036743976170366407
0.0010160552357414948
0.00057506032720775879
5.7070640040787874e-05
0.00011192380841615968
6.4108585692531912e-05
0.00098177327555179755
0.00058846488204688412
0.00055044662920790172
0.0010243826755128704
0.00085525560866863944
0.0001890784515125819
0.00051143091496127396
0.00039594667969322905
0.00032817651117340169
0.00044759702487805707
0.00026420403532850578
0.00058877162637542525
0.00013186795397085997
0.00060504287955486706
2.3642914276362334e-06
0.00045213065057725518
5.0599952860693656e-05
1.714220559328828e-05
0.00033299691588400292
0.000213268236223912
0.0001150758735532285
2.2387101615426838e-05
0.00050105347080471358
8.3716923756012594e-06
0.00046834325983842955
6.6682169936856263e-05
0.0003401534800892515
0.00012081539460495491
0.00011516388759326056
0.00011017299033019338
0.00020253854769277039
0.00018512301797291258
0.00042951134163377535
1.8285767193381e-05
0.00044967579688462363
6.0134402877427542e-05
0.00057525777880791998
3.9127411368406915e-05
0.00059278411082737414
0.00016215414293343681
0.00053612890867678461
0.0009527094037536176
0.0014517676202214381
0.00015868356659538404
0.001308863255539743
0.0012498696421035487
0.00021700377703725909
0.0014646024067392265
0.00087247749770282782
0.00059101214099490577
0.0014618500098602229
0.00049642169421737167
0.00096355422801688785
0.0014590122693770614
0.00012176868268471863
0.0013345654274244988
0.00016016921859196895
0.00052362679705507897
0.00017398336042677282
0.00074724272526348269
9.9918015709498712e-05
0.00061258895153285247
4.7140439978348301e-06
5.4814757313550562e-05
0.00043476203144721906
0.00011485410910097897
0.0006868336812468072
0.00037983546014683998
0.00040614695670914617
0.00020264212522629694
0.00018537665708937093
8.5430094047580881e-05
0.0003385144554469944
0.00029326722034447807
0.00056710248780997719
0.00041708222380899563
0.0015365170648438491
0.0010072381293411918
0.00065405079928794409
3.613992714448654e-06
0.00065675207159644527
3.924278284057317e-05
0.00074689623952682593
0.00097261996306908952
8.0037657235010101e-05
0.00053557306673730114
4.1831888517211811e-05
0.00016041096923013296
0.00062582760324560627
0.00028013137947034315
0.00068097306044423173
0.00020065340536895115
7.7068534958340079e-05
0.00024358713340595027
0.0004410678913956202
0.00050470306298909745
0.00044842102721460428
0.00036030945356891665
6.325578797446655e-05
0.00018031024848509609
0.00038289783971241277
0.00073429814766031516
0.00027265329046056731
0.00049372725579710681
1.5679317479925633e-05
7.9209363571697644e-05
0.00024876571869393349
0.00050539898480623916
0.0010836813520158424
0.00017060072865566827
0.00071047629347294173
0.00074516842861148825
0.00046320828261870036
0.00012491748957654293
0.00073510422460573829
0.0013314811724435818
7.3720859860934183e-05
1.0475128574242464e-05
0.0015285049917111056
2.5712443383236879e-06
0.00046139087659740041
0.0019142099266827764
0.00019959961267728473
0.0017401829486338276
6.9834778945828963e-05
0.001047058527183351
5.8972148845502747e-05
0.0010632062383316074
7.5329849866067613e-05
0.00077513638355274268
0.0003343227376822276
0.00028764942411922472
0.00017510581440630804
0.0012606693822312942
0.0011381541225818619
0.00013820949099751923
0.00090847416934948023
0.00078228794516327393
0.00075782600906139147
0.00010521545020144295
3.5285930116004465e-05
0.0013400431162076656
0.0011308663311321008
0.00021176814595615085
0.00049124382417928584
0.00090228982209547678
0.0012236872135510818
0.00012656986347307745
0.0015305878067024439
0.0004224518220812618
0.0009134913864363032
0.0010062244607022079
9.1793460222701522e-05
0.00021679089548594287
0.001432057991892659
4.1644072172505836e-05
8.4766945329330638e-05
0.00060897173384215819
0.00033759331476153624
0.00046866859027515351
0.00014247805132061326
0.0001593964030023595
9.1420922392019375e-05
0.00053360768759345642
0.00029065807688814755
0.00052118434480316741
0.00039390230929680552
0.00029849252156381159
0.00030061325542649135
0.00019738258667043225
0.00033194724376921681
0.00031321146241146424
0.00059091483602413284
0.00022454398335113558
0.00067633664319120758
0.00012006378546527833
0.00012337342994813203
1.2817566882106762e-05
0.0005939626805986334
0.00012671170025906062
8.9779985574029122e-05
0.00081302938279672026
6.4080093651499339e-05
0.00048036904206818967
3.6863457826449978e-05
0.00019292172532880562
0.00035956394995625735
0.00082834035563150233
4.3925605468228516e-05
0.00044721098273511146
1.7457061973806169e-05
0.00022101991625663727
0.00038562648078811963
0.00083856353071107162
2.2842844533805437e-05
0.0003831895790733794
6.7138379661815407e-05
5.5478227389641553e-05
0.00010635538835492608
0.00055692764528398307
1.2465195282245232e-05
0.0011006664194668121
1.2299850752882795e-05
0.00025788604672236098
0.00031800297166330961
6.6612601103267766e-05
0.0010458652003522491
6.8703663064863089e-05
0.00043363796300780204
0.00014006547726587388
0.00014086902237102109
0.00088904266203081639
0.00014862285997043108
0.00050643287336912726
0.00016101261900830477
0.00018845890006272242
0.00069912169678230278
0.00025121043924727091
0.00074515074153403934
0.00010251186889602542
5.532409966919005e-05
0.00052240245291670332
0.0003615709977832219
0.00020023044814963944
0.0014453131617625
8.399466731784395e-05
0.00029681546839180638
0.00081588116560502336
0.00075485858256975444
0.00023335073876458394
4.7042645732161577e-05
0.00052636689074711486
0.0010911667190937398
6.4511060783469925e-05
0.00019851930812552434
0.00022882628883907395
0.0012342915075732484
0.00020151094128081356
0.00024632147306708277
0.001173314445156678
0.00053862282987580912
0.00023007908882571233
0.00088379125232483007
0.00017810079168089978
3.6187343523750811e-05
0.00010450475448164485
0.00054105843040704006
1.6362623686332397e-05
0.0007068692248142236
0.00024706139801746173
0.00050568955705590122
0.0003760156779226412
0.00021725767217468741
0.00025705945691661573
0.00011444968393604007
2.2417744493843753e-05
0.00054180284252996146
0.00017729769433888246
0.00016650636864607858
5.9657493361552229e-05
4.6484975694902169e-05
0.00010671070756097494
0.0015442905180030929
0.00064172912127657912
0.0013706878102773916
0.00065564908258462361
0.00046555533162093512
0.0010322054327536352
0.0011083020828615683
0.00011515304037619754
5.5022820232924342e-05
0.00069238240815034139
0.00014522241413638588
3.159621357952865e-05
0.00037169720814247785
0.00033139988043280106
5.2902785594810513e-05
0.0001433291064256125
0.00021902635030479628
0.0004543985095833226
0.00010264143845571257
0.00043193725851972442
0.00032132900761178287
0.00029168229002979361
0.00057608987187134574
2.1017792807653019e-05
0.00020617089855876305
0.00025471618363910928
0.00018895169770158444
0.00038774034399213526
0.00015030889023453259
0.00054492437082260083
8.3471395059159147e-05
0.00068856213809612675
9.5003816847873313e-06
0.00068426485416347071
0.00010279250622591197
0.00060572959966467713
6.8921564537517739e-05
0.0004439209609038253
0.00011816846657284763
0.00030226769916535376
0.00012601115827325654
0.00079205127751025598
0.00019238175618237473
0.0015078099307072963
0.00031533481206184806
0.00028331088386636589
0.00029490033165305437
0.00083303060489264651
0.00010711153001473453
0.0013470015757200979
0.00074975826161250683
0.00070840491564449527
0.0015977115441577748
0.00030662988089402254
0.00060072383863451096
0.0005723839466941303
0.00098336877982105656
0.00015103834100167288
0.00086991740845680516
1.1451248713751415e-05
0.00039704133438065852
1.6899895873958814e-05
0.0004084156446230847
5.9086091279685914e-05
0.0004580296189165732
0.00026681883054293791
0.0003609582265254955
0.00051603322632341991
0.00018530622985178506
0.0006980482063201766
2.8853410366385255e-05
0.00059107463201350633
0.00018161067800875761
0.00032666999267921229
0.00026770293627561772
0.00012308830781625898
9.0457341372864822e-05
0.00069674797514805915
0.00011229075463168807
0.00050476403344021804
0.0002488876742668587
0.00025622253712832903
0.00031977202885003717
5.7269112176549323e-05
0.000285649546320967
0.00042394067123634579
0.00042616323802713481
0.0006038177908778389
0.00020874170213425259
0.00016743035169074094
0.00049757217180668016
0.00048239569673807191
0.00067014859059907786
0.0001747470246112462
2.9073664842903215e-05
7.4904758910935207e-05
0.00058328788976592667
0.00018001430657681806
0.00051270329434579534
0.00035321178135816754
0.0003569518193897494
0.00046816259824417766
0.00016890881067656429
0.00050427178644629452
0.00019566148690367642
0.00026171964582336776
5.3447564270689098e-05
0.00076383454950904983
0.00031113810664637351
0.00036484432207638294
0.00019824205671613711
7.2049716042297803e-05
2.3466334710580946e-05
0.00095553431311134942
0.00024820105600343608
8.1946560433698639e-05
0.00049817756465133159
7.3815135620543357e-05
5.3740359663959765e-05
0.00045332048404867837
0.0002125379097915589
0.00055045288072976808
2.6733083223539005e-05
3.3051428449938369e-05
5.7947615111376757e-05
0.0010091964147213913
0.0004925282977142184
0.0003174329408460625
8.5341289518675196e-05
0.00066848690311564546
0.00016513858545185071
0.00086596880633346685
0.00061533883305902096
0.00019645513890359116
0.00011925544791478887
1.7744660605609316e-05
0.0010612354841214604
3.0793255014220503e-05
0.00023299142243693948
3.0197563971696342e-05
0.00081003129717376792
0.00031411833654023844
0.0002146728428350121
0.00031035623898027168
0.00017999632188594734
0.00024731354830081565
0.00045976618897641965
0.00067982981794646887
0.00010932960087861277
0.00023016451284088834
0.00015456215132941811
0.00019569576539844841
0.00029551764941885216
1.8910405280596592e-05
0.0004570943750857988
6.053021653401229e-05
0.00052266940574931112
9.6954866349857393e-05
0.00057547194599774317
0.00013013774802749631
0.00057481174724524663
0.00014913244295634032
0.00051360461916235872
0.00015097429511474905
3.6278923233071312e-05
0.00051341982146248092
9.1437013895372231e-06
0.0004185782863626285
2.1012434465262013e-05
5.1124918412185421e-05
5.9998458440555351e-05
0.00024487376123129604
0.00018277493776734961
3.4825896719938619e-05
0.00072726470280833034
6.1546726355294864e-05
0.00078502322424824414
6.7979639994610158e-05
0.00036492745724805623
8.9574619066680073e-05
3.359079011475026e-05
0.00066723001825808297
6.0419850168409127e-05
0.00081213591767194566
7.5157380814744212e-05
0.00050917463724543181
1.2484830646226262e-05
3.247053196515497e-05
0.0006047494663750547
8.8237720534405553e-05
0.00060974826427997043
7.3092664527213825e-05
0.0005940378821139515
0.00026553406086264809
0.00042576857765153628
0.00044419897305993859
0.00023020833708503103
0.00058046280533333638
4.1553853924574335e-05
0.00054908367493604066
9.783275388843808e-05
0.00037539445667998574
0.00040016959374008669
2.8295291558350165e-05
7.0186361266255255e-05
4.1972218743675067e-05
0.00021102297362575578
0.00042811829287543919
1.5824944475798666e-05
0.00048691658971811554
0.00017751553664290505
0.00040276128033557866
0.0003754658907777092
6.5389991401963569e-05
0.00025087014010798618
5.4573460791995619e-05
0.00021657226186090823
0.00018239332014055598
0.00032201785733261638
0.00054781836477879532
0.00023253342254685186
0.00058060920166577387
7.5203320024607134e-05
0.00036683716776894659
1.438259197459274e-08
0.00097455263867598087
2.9084993107386015e-05
0.0010512538236399217
0.00049920347126778785
0.00028708887487195322
0.0011203208109415049
0.00064488862056802983
0.00020015073487485591
0.00012392892828786185
4.330904451881597e-05
2.1972219666883978e-06
0.00079259997271192268
0.0013427395874647168
9.7799826658432208e-05
0.0023203375086258975
0.00053980048575453154
0.00029428598405178643
0.00059192762658539534
0.00071316419645022747
0.00010073309146680741
0.0001016679564738923
0.00077471823393581904
5.2133856147214366e-05
0.00032513480800566984
0.00053451144872189026
0.00035650097900132482
7.2176104812074948e-05
7.9473812817280865e-05
0.00075158404694925516
5.9201009029164296e-05
0.00086659732558059524
1.8961054947320443e-05
0.00028401066308121592
0.00020840875693999862
0.0003336452647581596
0.0005130434134954624
0.00011624910599734193
0.00073699051289754527
0.0001026246887490403
0.00011581518022059095
0.00027066057261413096
0.00025949714609282591
0.000620848326337975
0.0003055560163515344
0.00038043812586799461
0.00015269457787269849
0.00053474618222370792
0.00026678108365399162
0.00028890417255021948
0.00071733803339399935
7.8887712268679833e-05
2.1127254086557576e-06
0.00078840188639357821
0.00063249139774630074
0.0003879966796307449
1.8294304966941929e-05
0.00040456705876056422
0.00036537763799187424
0.0010378080741575333
7.5128507969586002e-06
5.2831024988474617e-05
0.00079031056484114989
8.2918343689329513e-05
0.00074859484032501671
0.00027481209619207046
0.00044348131170683387
8.8268889667304158e-05
0.00078016108272928732
0.00038479766193717969
0.00035455928325070436
9.2784874845578736e-05
0.00081071134126695023
0.00075325025446747673
0.0002430673724180924
0.00052436805688360741
5.7356006971916165e-05
2.0670370078827755e-05
0.00081666245970463092
2.3502710355054604e-06
0.00093173797140381489
2.7307233905393147e-05
0.0002082492098737535
6.4772937660477416e-05
0.00021729690665550679
0.00096041346842930914
0.00012415401050683744
0.00066326717606238911
4.9137545448254923e-05
5.8802129064465879e-05
0.00053216704742283709
0.00025908488530343904
0.00073857249185841582
0.00019435215055310155
0.0002888228691496033
9.8170491472197361e-05
0.00030307774891948352
0.00011285234468988164
1.0656104598581665e-05
0.00053172608817911489
5.4941029024140995e-05
0.0006612490223863709
0.00012505076752062524
0.00056145756332455835
0.00016246634009400076
0.00034928752701168098
0.00049627815562314236
0.00013450335124668412
0.00066658393747797155
6.8615360622591203e-05
0.00060071533869111978
1.6290924329188847e-05
0.00027877563466259623
0.00055987385874066865
0.0016381969014924609
0.00043355191622603716
0.00034274853050018103
0.0006463220730213166
0.00075725021573495583
0.001599685651595969
0.00014776730344858292
0.00056270815881010101
0.00032522391603548968
0.00055157448496310254
0.00026037938423656567
0.00022908497870042003
0.00011747381092449581
0.00097792237953881595
0.00044765303179426888
0.00072147693319701974
0.0012472521747613431
0.00054870787604626543
0.00063711590364974363
0.0010674825135306004
0.00016700997065379665
0.00012684849038514432
0.00027913268208446164
0.00053839595153815025
0.00015158754997474406
0.00080662001092428261
5.1974466185211745e-05
0.0002650326063709469
0.00014447142685373052
5.6593859403896956e-05
0.0006739727044260378
0.00022995037432195324
0.00051200401909090164
0.00019846630229372066
0.00075332441288465505
0.00053326145343712394
0.0011569542928040954
0.00086954478075521599
0.00018794077153771956
0.0011429767618777098
0.0010441979025700705
0.00023684176428557491
0.00084555851710397612
0.0013756859649348301
0.00047160509234940091
0.0015462013018686801
0.00059583638336466681
0.0013162704874914303
0.00091904904368175658
0.00064980767487468529
0.00094760542893020442
4.3848524692052772e-06
0.00093537576752247668
0.00026649170241314576
1.9392206754605444e-05
9.3984412832790956e-05
0.00025818468002508117
0.00054910253999975757
0.00047916693723585332
0.00029932468765622017
0.00042079415128058268
0.00033951388124370128
0.00049905821728493769
0.00041232580576657066
0.00012580135200588509
0.00030077563768151049
0.00071580002760155954
0.00055536264989800976
0.00017444371859570929
7.3410447515878728e-05
0.00022407282009201572
0.00081655405914328081
0.00048221444706263736
0.00027695575597383963
3.0885905227379004e-05
0.00016115934066916117
0.00089149046115472713
0.00039005046897878654
0.00040144510030635773
0.00010631125610794996
0.0011782154509810722
5.0645627429688771e-05
0.00055179497245264292
3.5089135107012657e-05
0.00094614698123308342
0.00019448967214547041
0.00073014334208894348
6.0211792478751382e-06
6.6674199335141891e-05
3.3927353024925599e-05
0.00076664472311648566
0.0003285134294475853
0.00038660095433839387
0.00060819713621029542
0.001207677413029585
0.00065577595330624399
0.0010883144879852609
0.0013038407713890834
1.9515328786600337e-05
0.00066331688013005299
0.00156173903833311
0.00038473668676461723
0.00012931812244267821
0.0013497243790443318
0.00077645641162544859
0.00090943486017771745
8.1078630002357017e-05
0.00092813124868516481
3.2017566743382735e-05
4.1295734555078307e-05
0.00054351652316346542
7.1972570249863654e-05
0.00095757699577567375
0.00010987125333133537
0.0002828667639910687
0.00022435488343379193
6.1670931646018738e-05
0.00094710166615092218
0.00017511839816840714
0.00023649857701066703
0.00039026941809833319
0.00036327024257543187
0.00023749063561019968
5.0747704876711113e-06
0.00066078488893899878
0.000128900316059494
0.00068134587363581503
0.00015239209876973022
0.00050521293060956575
0.00012872105937582507
0.0001087657274506767
9.1539215296500102e-05
0.00075860084353647126
4.7946459928041037e-05
0.00062425500348133446
5.3118779614942614e-06
0.00016487068800182675
0.00080954244097273793
0.00013580357166132165
0.00041011308267287108
5.0868239038697414e-05
0.00028876934705657112
0.00018277766053275332
0.00084539248239729945
0.00033801962002143914
0.00021476216962071658
2.8968617627068834e-05
0.00053427814109830568
8.4840749580944923e-06
0.00076253129618027702
0.00048963509767001832
5.0310135256965829e-05
0.0001418120216465857
0.00014321319622802236
0.0004526091004196757
0.00042018508233633079
6.9402842424278269e-05
0.00063366263242957356
0.0005081224273965865
0.00020205121513027191
0.00024206936546688815
0.00034694451919789688
0.00012405205727958939
2.1409754949226426e-05
0.00062645500513099734
5.9788381410400825e-05
0.00075398280268098368
0.00010422351405713237
0.00035952759992469066
0.00026160534084665183
5.6519191502799165e-05
0.00046364407315219278
4.2302382128796822e-05
0.00077978399958594747
1.2950045617313807e-05
0.00074360044579225367
1.3736849824891956e-05
0.00030515490809867761
0.00072412446981570927
7.4425470783268645e-05
0.00054194424066351325
3.150478087046163e-05
1.7416586213205027e-05
0.00066889925635977849
0.00023251037375957972
0.00049098061583860181
0.00026207005171595264
9.7830223341777964e-05
0.00054692274207674731
0.00099086932840639508
5.055904735375979e-05
0.00052555403099882516
0.0012645179568668275
2.4953949654282925e-05
0.00018755334566428512
0.00062825324290927858
0.00044736133363733463
0.00042553630859650665
0.00019401472882911414
0.00043532317724979383
0.00012552292778137197
0.0011062770482497097
0.00014937577299740381
9.026623074674702e-05
0.00086980545483002539
0.00031593932277687576
5.6374347068218287e-05
0.00067946721374153186
0.00016085993683928983
0.00062926066413203081
0.00017307475595984654
0.00038528281753679876
0.00036673183186656171
0.00017170244887641529
6.6373891836777059e-05
0.00074646720899641209
0.00017707680658437413
0.00053208341651775966
0.00026639872748838615
0.00040683702504554735
0.00028298021322632045
0.0004508161830031564
0.00061988469269940707
0.00012573568731366012
0.00031495174505500998
4.6034239988706784e-05
0.001233880817203058
0.00016572041185021724
0.00032538735419183754
0.00018318297979552908
0.00094905121045200274
8.1970440452402011e-05
0.00049534671486847054
0.00035968901191762721
0.0006017716372518835
0.00036517103605319934
0.0003104477587574476
0.00060007058930977998
0.00048955399613091418
3.5824731118663692e-05
0.00031115975784383904
4.7219964659846499e-05
0.00011702976512768695
0.00032300576843388295
0.00020480839644966231
0.00037169913412096018
0.00030882017431146415
0.00038556633848024188
0.00038441033910858048
5.9605824480556441e-05
0.00057188805487113313
4.0295916696267193e-05
0.00038894336200578287
0.00074389872309952535
2.5770596374269737e-05
0.00051338268728523952
0.00085572952756707136
0.00091700560158500949
1.593044480261792e-05
0.00022341277709201916
0.00055116559171734011
0.0014325610089344736
9.419778963920835e-06
3.6048770313304515e-05
0.00015463571403002152
0.00092021202358748321
0.00041849720089396741
0.0004609421582839788
7.3725995528318693e-05
0.00029920739496406136
0.00049940817662197715
0.00097144175340073988
0.00010225724008855001
2.7978363925714382e-05
0.00085431226688328053
0.00079677374483051061
0.00036587593565257911
0.00061716514709656781
0.00027724206814632953
0.00020423676097654466
0.0010987430832717978
0.001373589407730591
5.0063676359746433e-05
5.2946071787426593e-05
0.0011779279501017391
0.00072480340788145311
0.0004211953976120935
0.00052250702130597062
0.00034990042419285006
0.00015798818770929225
0.0011871323503272883
0.00026610737342929629
0.00024190111795899
0.00018824423456496701
0.00035190713953228155
0.00010061270831468984
0.00047074865333868187
3.7670255640474479e-06
0.00049683086936454452
0.00010720344745191647
0.00041435141014807602
0.00053313430124067693
1.1189922410281197e-05
2.3637397429782793e-05
0.00054252792342448434
0.00049926983396647042
8.7816836354007047e-05
0.00060378999045286998
3.9833532444478721e-05
0.00058196475562953206
0.000177584449916887
0.00046014888039453366
0.00032094688123753467
0.00034257726982032455
0.00018150637501107729
0.00017315591841372621
0.0002628952763722902
0.00031787233867966783
0.0007338107095023463
2.9259371066637556e-05
0.00063240408446953438
9.7755745630332612e-05
0.00053232534164226162
2.5912947297397912e-05
5.4181888972974635e-05
0.00012336972994722635
4.9002742387538565e-05
0.00065646447164667652
2.4108469282104109e-05
0.0006512062404145382
0.00010167978789931368
0.0005767102161855054
0.00017567390089664409
0.00048958533987902419
0.00024122084673519834
0.0003962821582631177
0.00026190168416748269
0.00033737781977230069
0.00033620877447504335
0.00021790135871558537
0.000364479201779246
0.0001411760020620441
0.00038201252123668168
0.00014229262856500752
8.3899233669149125e-05
0.00041583258258681124
0.00017657885518220569
0.00083859069410152989
0.00015772083923285953
0.00021622512903272654
1.937682099310205e-05
0.00054849475990702669
6.4761020014411819e-06
0.00082440344983728355
0.00032216792337812
0.00017609305770014639
0.00011302501510164923
0.00064932191265520316
0.00047863745194197263
0.0001392018881850354
0.00046063956987919038
0.00017917267398270034
0.00011806986260382749
0.00035963557480727743
0.00046740308672799585
0.00072971466596930706
0.00015589014820544848
5.5328732863651136e-05
0.00043908575259313194
0.00020014108909063245
0.00010676929527597024
0.00033552295544486742
7.4903523382633902e-05
0.00042751788361447389
3.3143044401294705e-05
0.00051343204967879089
2.1847864855717765e-05
0.00054403824500035718
9.155711359910826e-05
0.00052224787021266667
0.00016932952448432459
0.00063797771890162407
0.00015448516559446498
0.00040934119569868688
0.0015267304471674977
0.00055796391888739898
0.00083281292746250441
0.0014702202617807043
6.3049032586079436e-07
6.1712580188638067e-05
3.0483328990287398e-05
0.0003002874634568006
0.00026824450456472068
0.00014345297940637975
0.00049441548934922943
8.2034749220470448e-05
0.00069272176322384403
1.3119269975123946e-05
0.00058589078381608738
9.3667138637080124e-05
0.00038012402369649146
0.00031509651186311684
6.6692370893406256e-06
0.00026121102836369466
0.00030788950062105529
0.00013063443928074464
7.6749252416054079e-06
0.00023343422826654057
0.00013448405642538504
0.00061764764114896316
0.00075213887403594655
0.00021542457813188403
0.00020528612792154567
0.00058182442213831193
0.00015304309915199231
0.00074152526227462957
0.00015099781656261209
0.00032396982102499193
0.0003706948669869323
0.00036622364325291837
0.00079398307475101197
0.00029012908445144418
0.0010637927048945295
0.00036635135240464908
0.0002391868737644324
0.0004053633134509367
0.0011326200147848396
0.00047223087734635959
0.00014385363818109309
0.00051122649562521279
0.0011710240207976291
0.00057402022146759248
6.4486684076710295e-05
7.0499081327597926e-05
0.00042482471225563161
0.0011693051770401018
0.0006512249912794209
0.00053212343322730257
1.4215085315733638e-05
0.00043783816979023788
0.00022064535712756897
0.00066929438340606023
0.00028282485416984801
0.00038877220690028088
0.0004309726514358193
0.00024168951180715412
0.00058018109273833788
9.3219070419922446e-05
0.00067229606470729016
5.5184108923205598e-05
0.00061231586150621348
4.3110051639850799e-07
0.00066625084527700547
0.000346099087101952
0.00031320690021173064
0.00048447342319216525
2.9383741526036159e-06
0.00078559726439259795
9.4860883654439548e-05
0.00051248046684674632
0.00012577289025101198
6.1524242859711836e-05
0.00021525517775847826
0.00029592745641816452
0.00032466396652542094
0.00050292998981775927
0.00028638092329146578
0.00055711501849002576
0.00014145780512363692
0.00041903898920687071
2.6094502222957243e-05
1.4517600581734996e-05
0.00052624098547117198
8.7735752459478704e-05
0.00065477035768132092
0.00021384311646721146
0.00017512590722915586
0.00064241832933005082
4.8632488022227045e-05
0.00051825306502238373
3.3354509040972493e-05
9.5530110587912852e-05
0.00025845838684976401
0.0001452038114188986
0.00042525368354531253
0.00030310989869292647
0.00020781296629417966
0.00037897240835309639
0.00012581453650015013
0.00034557525732013399
9.9369362688874176e-05
0.0005754356295749266
0.00011568239135633314
0.0006830782944352024
9.8883091420255706e-05
0.00057438402401338063
5.371915027733572e-05
0.00026490636520673603
0.00012212671302361502
1.6798921021863225e-05
0.00056803315298015525
2.0909706793412357e-06
0.00076077561401450449
2.7474083193039803e-05
0.00070985475226490878
4.1604139229093454e-05
0.00049048032411053947
4.1912976775365562e-05
0.00053203538355782877
0.00027164369409803476
0.0006946942117880561
0.00020222822191023039
0.00026546415822169619
6.3659418718787258e-05
0.00016668701976308757
0.00047552491773629268
0.00040392284232743011
0.00035321684356492494
0.0010646301581624497
3.8574030226796259e-05
0.00031798454459274514
0.00016482408605056291
0.00050467261289526282
0.00039354969205271779
0.00066721226628259692
0.00010816884330226031
2.9619891109686602e-05
0.0010461301127061024
0.00065000085025011855
0.00015556461837031355
0.00033621108460553357
0.00059404041618452553
7.9846769402417816e-05
0.0006634352559623508
0.00062483023579707863
0.00056754589355011229
0.0012508001909495956
0.00053830571757476598
0.00037006239500207743
7.3949709629871419e-05
0.00089102052885106197
5.6020994538794766e-05
0.00092997895654649992
0.0013601669822684119
0.00027012877120499593
0.00076776203172480991
0.00087869053465449744
4.5233047386846629e-05
0.0003534375392861418
0.0012042211264720094
0.00085040163354955871
0.0008387055394784165
0.00077376777950684305
0.00059353095080603784
0.00041211658245460264
0.0014173856462322435
0.00052326011456452323
0.0014201173693866407
0.0010579582591623475
0.0013621362508562575
0.0002587855513522458
0.00019294995583501616
0.00049538218125100124
2.6485343812528946e-06
0.00051927647103103161
0.00013160000211805237
0.00026629005894766638
0.00014897622962016177
0.00048245355747611538
9.2429712501709737e-05
0.00060108410688655104
0.00016018108053309437
0.00046328676097536056
0.00043334616639840166
0.00015395175109198339
0.00027758698179819908
0.00028971443757426095
0.00052344607367370364
0.00032117792941527171
0.00054878222463492475
0.00018798945431361606
0.00022979508813980934
0.00064028105477700339
0.00021418849101071993
0.00036544880762794482
3.6958306747491029e-05
1.701338957530214e-05
0.00053473532283470607
0.00010306962475578176
0.00064573869614814692
0.00024731542790852373
0.00051602085596784495
0.00028449712069158063
0.00016251954741504303
0.00039547067769633246
2.8475086600881418e-05
0.00044440642111652875
0.00018973857576964497
0.00035244690621504308
0.00047335380184834584
0.00075072119660504831
0.00010475903611651388
5.5456002090361038e-07
0.0011729168144441081
0.00056944316637416216
0.00016439762196219547
0.00016329537455712977
0.00019352760071947265
9.7586965630840422e-05
0.00028048483826315947
0.00042517572389049526
0.00035712983648145856
0.00049359416585323303
3.9832305842627144e-05
0.00057133363831839222
1.9132765679784271e-05
0.00025918071480660293
0.0003790041388805826
0.0003664877390898641
0.00053328685906436901
0.00027369132082220138
0.0003942253570329381
5.2678196032365802e-05
0.00015579567818454161
0.00033617968171129303
0.00060856188780237565
0.00027445612575243767
0.00030618287454006179
0.00042920222635166474
0.00013852746943262349
4.544492566158841e-05
0.00043139090673508017
0.00020329942347846843
0.00032414752353543348
0.00046266641609908068
0.00052558812479548288
0.00044541018791244811
0.0001290844835561185
0.00045325214126409077
0.0011283065291404582
0.00010126505053439066
0.00012790474928587618
0.00072539266437297856
8.4303866689581901e-06
0.0010331603636222781
9.8815946323945399e-06
9.8300948565548853e-05
0.0010967233191499109
0.0004752250357414627
0.00025642000198568894
0.00021552760139966151
0.00046760372977001745
0.00051613497594288707
0.00058106515290836964
8.8288566414641812e-05
0.00039907186092728376
0.00014064295247405805
0.00028592486971804108
0.00044329063351543861
0.0012685643260593965
0.00075599327824941195
4.2770651086826284e-05
0.00037300461814800177
0.0009225196013939571
0.000928026552257447
0.00028791554086439063
0.0010269387454530719
0.00078046918163993009
0.0013440985743929446
0.00021468259335451515
3.9736669123674309e-05
0.00053721503358295658
0.0013209285561434903
0.00035129183681689019
7.5806729971636101e-05
0.00029496148304115151
0.00076772617567185981
0.0010023776065276259
0.00011546527323740704
0.0012505628356040423
0.00059824998737240034
0.00015738500392270692
2.1098073937711721e-05
0.00054026111569959281
0.0010466693992639239
0.00037834496702832305
0.00050581288624731784
0.00044868367651277935
0.00048784165650892571
0.0009996885713778362
2.3183803070358188e-06
0.0011400690908901726
0.00059666649954938063
0.00062974728212848643
0.0013438361387920511
2.9152689446877676e-05
0.00080708876160930153
0.00021836881153660721
0.0001807737722081789
0.00062079306837552867
0.00013726128569904424
0.00012628259350002123
0.00065204785588612781
0.00024547333296817312
0.00057290601254074305
0.00024113979513701853
0.00012925678369737361
7.1872831026555125e-05
8.2088875065149808e-05
0.00066181600293279829
0.00017100699961782235
0.00068109103626421742
0.00020121589774794492
0.00023294933133494021
4.6249228108547571e-05
0.00065359479736365618
0.00010390368549067029
0.0007842731414459237
0.00014926231807908669
0.00036134782726102822
0.00094188674761120717
0.00035873090695337083
0.00035779910318506066
4.1195956379928812e-05
0.00076687572236015431
0.00023713783957073808
0.00047253340930727131
0.00012084087408119906
0.00058704258111570142
0.00013891616345481037
0.00061537951443155496
0.00022413697295687685
0.00050426144737991967
3.878123630698559e-05
0.00074829984763921231
0.00057582574831074906
0.00041239367001562755
5.75818190225999e-05
0.00089953835692203248
0.00014470395184641938
0.0008709324358452627
0.00028928682526310382
0.00040424344622230735
0.00018819678428672306
0.0013672016943705788
0.0006661424576597881
4.6790064930554271e-05
0.00070228601044827331
0.0017864287659370886
2.4510274114344739e-05
0.00022380311516099693
0.00035511514812253413
0.00014742119593581622
0.00020315287729135971
0.00031817519035843466
0.00027552635082648272
0.00041434366398049788
0.00030613875210844363
0.00044219437615068956
0.00026532461950607193
7.5387389921554112e-05
0.000286715183871462
0.00025518669460907275
0.00034455132226296736
0.00025858095343634627
0.00047883717784966308
0.00025763529737205502
0.00045689272456009397
0.00020584657062317217
0.00035008604028472287
0.00014903677991780649
8.5359283482894745e-05
0.00032474497745370101
5.2454041587608502e-05
0.00030487273755764173
0.00066832842443631058
3.4029045840597237e-05
1.195552023708641e-05
0.00041867098774912398
0.00037833957183339308
0.00043625024693999569
0.00053449528444067388
0.00018678692336460441
3.3943719310480676e-05
0.00032099671771663833
0.00047142870153189152
0.00053940466587417996
0.0001454690644307159
0.00055418545852635535
8.9901894666626433e-05
0.00070616795528122733
2.8260415392036093e-05
0.00089822729568490747
5.4234224370485579e-05
0.00024022934914544715
0.00022079264711776935
0.0014049710032845717
0.00025203707534401617
0.0013747750274691356
0.0010391645286327567
0.0002211616080485283
0.00042725540659035652
0.00043277783930354709
0.00026162071111838749
0.0010895694179942034
0.0013523650522802998
0.00067701915468625182
0.0008982247107206981
0.00058788057353414893
0.00028235255329003795
0.0001945609813983186
0.0010106409535568829
2.6962389388195526e-05
0.00092739752314216126
0.00090864851713793704
1.6521255392644319e-05
0.00081720446016606354
0.00034078235200367282
0.0002061340258679201
8.4098789522572462e-05
0.0003303071419848656
0.00036030607613330844
0.0007833289205191053
7.9583487011608165e-05
0.00026792609085515921
0.00022235802047284442
3.5757761942842855e-05
0.00112459851070793
6.1401272426416226e-06
0.00040621464613214791
0.00012168216897576657
0.0001367864644897241
0.00039566740929690322
0.00066490062737581672
0.00015455776722887325
0.00060296555300084044
4.0686035314689754e-05
1.6613070576649026e-06
0.00077589487018282842
0.00057212274020214979
0.00042855843276028534
0.00058471695536893565
0.000216916632435261
0.0002976536835120801
0.00031394537412959161
0.00032903282687195452
0.00043503048211445447
0.00040444604863487438
0.00022729304249392818
0.00014371355562287145
0.0007314068470137715
0.00054185861678861063
0.00016275275822100988
9.9944948534355025e-06
0.0011052192007708023
0.00070306503078028946
0.0012029776989405704
0.00090941880073450892
0.00044622866609371492
0.0012960937391335574
0.00096920278915432062
0.00036953397819915727
0.0015709553254919437
0.00027196569764374214
0.00039489401504076401
0.0002111229007175133
0.00088808041271312189
0.00061604926920286326
0.00014720964935122796
0.00060160600359971425
0.00039435229401781888
0.00011162413273481374
0.00096847388817833456
2.8722188939095174e-05
0.00052045948341432791
0.0010572756325639605
0.00042494018795164937
0.00034031540143398924
0.00091567402650831323
0.00099663469212652356
0.00013024257858244709
5.1509692906424293e-05
3.6349656925571965e-05
0.00058024254905138597
0.0013604900872903327
0.00023220276568785498
6.0812125076738598e-05
0.0013211045491065363
0.00065690933474091707
0.00070309966417183157
0.00017493954614560304
0.0013352657382941205
0.00010118294829419701
0.00021640271995651168
0.00099843453259525878
0.0015072533987571942
4.9901666910907326e-05
2.1242405329947084e-05
0.0014570653129653006
0.00035372754303266633
0.00043441902378686605
0.00022424202426919463
0.00047018386041259078
0.00010076395483201629
0.00046453692814143663
5.8894955789015462e-06
0.00031476671781513916
5.5385768341049617e-05
6.1780837096747721e-05
0.00034615769594796098
0.00015900480779275922
0.00034511243718752269
0.00028930550127960204
0.00031419598460678317
0.00043724952924278796
0.00024240147730714514
0.00056585622051648983
0.00013505933961673234
0.00063770403112447182
1.8859097660679548e-05
0.00056802832474386813
6.323015447456281e-05
0.00038484720496133952
0.00020703916394116409
0.0009550951340597082
0.00029042726882678988
0.00032635803596597272
0.001027957201799171
0.00014636032166318068
0.00020821261665088662
0.00045935542021874857
0.0010984347413220844
0.00017734486957407593
0.00013640885179556952
0.00060285746710488975
0.0011617996310901507
0.00020973378229914084
7.3431876456200512e-05
0.00075121101820849591
0.0012123963003844731
0.00024199125265817934
0.00027211583238348746
0.00027743088264610795
0.0007058215840455652
4.1054111263209926e-05
0.00087353194651155423
0.00018523188211778423
0.00015462586216060493
5.1412977783837514e-05
0.00067434289540663282
0.00028410481440324458
0.00018837309503032243
0.00075490867387621209
3.334032274360684e-05
8.2823085268962304e-06
0.00015516815064168995
0.00061497924691779424
0.00045273697705559889
0.00036592118230127494
0.00035493455243658161
0.00021486413331556754
9.019550065657059e-05
0.00060632505590475403
0.00096488952186017456
0.00029391410841974892
0.00060938266988781037
0.00083700375940104846
2.0360013853569301e-05
0.00020735561470653046
0.00069791251140688697
0.0011851420598835555
0.0006173322535848756
0.00030815417830279954
0.00034101602879194667
0.00031522007145311475
0.0012848541952604389
0.00040074983586955721
0.00020039661477369
0.00046298251186191073
0.0013129016449411216
3.2672175711507344e-05
0.00017307480671566414
0.00090741828679214256
0.00098811449160212273
0.00014711587044750226
3.5124111650832839e-06
0.001363214295310421
0.00061460581727422199
0.00012243631612288177
0.00045355633446266246
0.0013847166223611993
0.00022686225376698769
9.8956961563460792e-05
0.00091565621611043558
0.0012304156534266677
6.4763339538167605e-05
6.4738427492467548e-05
0.00052623610864423827
9.3825066892441517e-06
0.0009210118811528343
0.00030810435535002931
0.00011308902036747752
0.00027250848322844784
0.00044323904439962401
0.00031090943816804536
0.00083521317010331361
1.5823097629507069e-05
2.49534447145781e-05
0.00071803770592445922
0.00020909138556337494
0.00057911042824770518
0.00042088151480822639
2.0522194024719767e-05
0.000351519518469
0.00055848257747694637
0.00020403575744009316
0.00078252647113764904
3.3049034026145946e-06
0.00067928998181802057
0.00011743477932165868
0.00042800386794913904
0.0001840289103679619
0.00014656955082672669
7.2854062185305629e-05
0.00019779194915599919
0.00026278736363587462
0.00041054793376022191
0.0001906346830603545
0.00061796838252117564
5.2035606994043393e-05
0.00054155177921199422
4.6937742105996718e-05
0.00020036371283061182
0.00011637345553152687
0.00026562654189176413
0.00062013592913684966
0.00012278097378377924
0.00065045358365019474
0.00021983147751560844
0.00047899560089473638
0.00023275645313403521
0.00026209590416548912
0.00050120825590429217
0.0002103402991869661
0.00038274132180875144
0.00022773500987231053
0.00026991621113493097
0.00022760183557414299
0.00017825003541148873
6.4112652581593038e-05
0.00014301897322126271
0.00015803503009378966
0.00035343645724755806
0.0001075674681504972
0.00048395891277062226
7.2653342111901007e-05
0.00062626764073663314
1.7752153938153042e-05
0.00069485972351020317
5.1793272818763264e-05
0.00040903556519022305
0.0012976684501992215
0.00017495124504713546
0.0010130953602497995
0.00037855108689684321
0.00017298766579589142
0.0011541205075230149
0.00095436550562185026
0.0006302151488216985
0.00021366575937010042
4.8872221387302712e-05
0.00052866686186729564
0.00077536684145655416
2.1735531087382965e-05
0.00049812022984320589
2.4808566205181919e-05
0.00024429311344670724
0.00037443612368228356
0.00087403183986383554
0.00016108423322304792
0.00019924625243267997
0.00017980824664807129
0.00045615375601690061
0.00015569501609262684
0.00040937067262136984
0.00018286916743234549
0.0013928600385532675
0.00077036672098597175
0.0010246056012051454
0.00094488335848521773
6.539888312383174e-05
0.0010525743069428641
0.00019402789260347357
0.00041784327666752503
0.00017324303846067584
0.00047112040422641612
0.0010391637096409624
7.8188637450140393e-05
0.0011435111022937653
0.0011897890929674047
0.00027844499730074061
0.00058309263884131558
6.2803726270243098e-05
0.00063780622136330322
0.0014068969376676817
0.00038006333131227388
0.00098580613436868338
0.0014144819665734465
0.00042422077254921812
0.00022842030297575195
0.0003854120958598375
0.00010454442765405371
0.00055597301278266802
3.5552557992927465e-05
0.00070475372146461051
0.00023786472728825765
0.00032872559724228116
0.00016703418186699232
7.0838006406514061e-05
0.00025763373859607206
0.00048887477874313208
0.0001329966161628334
0.00073846899232076163
0.00033286542017462969
5.8076039010239677e-05
0.00043835009729166567
9.9468753454814304e-05
0.00051097665936698832
0.00014495489470966281
0.00055150375686091016
0.00049811153995835784
0.00020578983795552276
0.00018891595954116915
9.5345564866443662e-05
0.0006111654459376709
7.7699162949189978e-05
0.00065827693839760036
4.7148378333012871e-05
0.00062653591974298794
1.3361400577658912e-05
0.00052989601381748109
1.0488338217683069e-05
0.00040777811353292956
2.3250870565169184e-05
2.4081329406235621e-05
0.00034598975767019291
0.00037063822697448945
0.00083094385590877246
4.842601888653299e-05
0.00062731878709527088
7.8968293080420508e-05
0.00072412212773116712
2.9022136279099494e-05
0.00083513672379131746
0.00017029254885559997
0.0002705270591585973
0.00023096386475948469
0.00099097681402923309
0.0005078345349521726
0.00026025363004140333
0.00072358230701954961
3.8685971804444669e-05
0.0004887646289880224
4.0264084520289774e-05
0.00047524922562997116
7.9859436324639419e-05
0.00068382227839970037
9.3173555356271601e-05
0.00068207864075713065
7.3074642596039109e-05
0.00046503799483697193
4.9437291425302762e-05
0.00043379365636666531
0.00012620406275521361
0.00062939821130691736
0.00014283489689812743
0.00010332109082513815
0.00092605593367954694
0.00022009908423714595
0.0003966089865775105
4.2598627287391201e-05
0.00089846178166745497
1.2595830445241919e-05
0.0005897964145014957
0.00020851324169906684
0.00075317124906826858
0.00013837616300397691
0.00044898912160968414
0.00037731581636259702
0.00060504656445227998
0.00026182286772213805
0.00031075458063107702
0.00054926549935307555
8.0611163594606047e-05
0.00053888956277902105
0.00011221592589629256
0.00014708699511377016
0.00010047530222420609
0.00062150704226099525
0.00011888999037260675
0.00075432830258938862
7.786968636517304e-05
0.00047681098326101334
0.00024911910459969101
0.00012445254569872952
0.00043069721786796256
1.8321113750939667e-05
0.00036120185898820903
0.00017785023529518553
0.00042442944747623834
0.00020346653300987625
0.00046750924870795274
0.0002188188843998686
0.00047515007477406176
0.00021709088997772988
0.00044468619857620151
0.00019828298434549559
0.00038948119454499476
0.00016944922905466416
0.0003271257297721881
6.7460125539618327e-05
0.00024190149232319609
0.00048973840832364376
0.00030865460079336677
0.00037769842108124977
0.0003494316258760877
0.00041990889155817199
0.00029282377393879716
0.00034377399155234291
0.00020491545131803038
0.00014960794983216269
0.0004433699776380045
0.00028543551654409803
0.00037674808757355436
0.00020265013293409225
0.0002313978529554771
0.00063345971401420091
0.0011671318012491849
0.0013086687712064737
0.00031992060595131046
0.0014510653003956331
0.00019530606206040463
0.00088073446644537949
0.00018643505794332715
0.00031118440587146187
0.00055793643273586535
0.0011328209700195426
0.00010044384497710136
0.0016071859218442363
0.00054121218431459452
0.0012370663669139235
0.0011512004172666256
0.00021644602199649013
0.0022317847648522498
0.0012734845272066775
0.00018972572403025043
0.00099034226919442279
5.6330039898240288e-05
0.00024702189302914916
0.00075801573456385789
0.0012623279936120012
6.5772668799874824e-06
0.0016177816962726784
0.00056763176835846179
0.0001690602357219609
7.0957998118235921e-05
0.00044934502794772679
0.00035289831901866075
0.00082550717623207002
0.00010946710945220579
8.4228577967624559e-05
0.00048103973156676854
0.00010592615622972076
0.00056276604266002495
0.0013863480006531144
0.00010619268026458379
0.00036381701054316986
0.0002997043867371025
0.00058485822902380302
0.00021304314831095228
0.00086619909798936381
0.0012522403901698937
0.00024241372137570662
0.0012423781937364368
0.00098449359518243146
0.00016473829675109835
0.00040693611459783035
0.00026045519431574805
2.4833635433885212e-05
0.00010628973535483032
0.00049726000519723155
6.090083582268265e-06
0.00067437454434328967
0.00025330449246083436
0.0004994953718475267
0.00044974074429061169
0.00020675234942573364
0.00048368333471600193
1.1486143243731368e-05
0.00012705664020013608
0.00037697398843280464
0.00049080038393398834
4.2910862068301666e-05
9.9173815214421813e-05
0.00086603447589287861
0.0005299668558266102
0.00037318316886182672
0.00044113752919167505
0.00041074727365472056
0.00083585009215508637
0.00014160998038361476
7.4165266806318662e-05
0.00086235903841918769
0.00028373781066066967
0.00040438082727916821
5.5013296908301578e-05
0.00024749720098448346
0.00045150171568804457
0.00071774337709357725
0.00011924236079306557
0.00030106117826490884
0.00040432672968734081
2.354608275794448e-05
0.00092349999451176053
0.00022389805721110683
0.00031646566626885057
9.5701730895809761e-05
0.0012059192655706735
2.7151179048370149e-06
0.00024037670353477269
0.00043269756465462856
0.00012776041635690992
0.0011162654152458529
0.00016817324468961349
0.00056619694510929403
0.00049759975061076055
0.00042747247635517468
0.00036645880231561472
0.00012555428985935779
0.00038409897836238344
0.00099003195372887099
0.00010346712821169602
0.00027678497670160547
0.00037621669759285324
0.00062828915048298445
0.00013359527145444944
0.000548722416574514
0.0002370854536852042
0.00044311310226301313
0.00032619986527748817
0.0003244946323716515
0.00039269770523709638
0.00020769568880729065
0.00043461203955690877
0.00010367321474521766
0.00028121745090037813
0.00019252369668123223
0.0004139968791459523
4.0248664292652703e-05
0.00023752370895149268
7.3279569457358168e-05
0.00010094127202917759
0.00027983212684801661
0.00018353404933283335
0.00025569771830052544
0.00028684428920065037
8.6902713482416786e-05
0.00030168452028126597
0.00031650005421320694
0.00036364322648047172
0.00035243822127703701
0.00016089428763702333
0.00052036560849497474
0.00028248848902810258
0.00045501815437353881
0.00031001557323715096
0.00026558600655208543
0.00011156035653032726
0.00027484356560433592
3.9690706187997593e-05
0.00063916839885505875
0.00010262885574105359
0.00066118013660845852
0.00015683628425615885
0.00042697278441041755
0.00013863160002019668
2.0408296274133741e-05
0.00012839279910370523
0.00013891126158659738
0.00062495888076001451
0.00035025787996272484
0.00029519583056040414
0.0006221646095239074
0.00037816562845854765
0.0003981772260831472
1.8750939929083603e-05
0.00036105574807381209
3.134114107449096e-05
0.00042366839013900583
0.00014974701584824965
0.00037601973977231031
0.00019768917329986797
0.0003283258689149242
0.00024567650605783053
0.00028058678698176197
0.00029370900411451885
0.00023280250354706711
0.00034178665730408839
0.00018497302834251543
0.00038990945530193967
0.00013709837125774145
0.00043807738762466196
8.9178542340554335e-05
0.00048629044362959514
4.1213551797347859e-05
0.00052775202250787679
6.7997836933635759e-06
0.00052120022707679106
5.4877631007652044e-05
0.00013831801031940452
0.0011050470902668084
0.0013919729159353916
5.6504198527135493e-05
0.00074565193453182623
2.9823777598950178e-05
0.00060160762179955953
0.00017513740707176056
0.0014017371873163414
0.00071509745077357194
9.1947711443609343e-06
0.00034937847846549895
7.5749316385740844e-05
5.1330001269632638e-05
0.00053651010272146677
0.00019397779864550635
0.0005245762226881558
0.00036034731199961425
0.0002587062272851101
0.00023840546276256307
5.0342871561046445e-05
0.00020668662633363012
0.00046118799380878538
0.00015113295353955556
0.00074950021473315016
1.6586007541749292e-05
0.00056289145642358874
0.00050511826695826424
0.00072604513108877149
2.887292337426235e-05
0.00031394340840202228
0.0011407850304402548
0.0013941435241859341
3.1129038289853147e-05
0.00015846160647302001
0.00084576831059288518
0.00032794298509040704
7.1455391567879032e-05
0.00038147675287812112
0.00070619626196405632
0.00019773890098534409
0.00058044487298954258
6.2167118706596164e-05
0.00048754385044801356
0.00055080950777248029
0.00038335614049995272
0.00036221540039625086
0.0003616605913932423
0.00022075033116967686
0.00011450769770130421
0.00010619145789444838
0.00027230581810877487
0.00033678942142733421
0.00034393737164179161
0.00047416737168345095
0.00027690287739300925
0.00042634443799205446
0.0001641948924029914
0.000120098867252627
0.0001433007907746103
0.000215078762593982
0.00041503840440855981
0.00043289332746498124
0.00043203462958046326
0.00075705542519031272
0.00012544239589317769
2.2646332529556628e-05
0.0012672478840294111
0.00048576672770538401
0.0001290083775113421
0.00037249488185517749
0.00080528293916948203
0.00016136581983478316
0.00040430404308622661
0.00031495504767326996
0.00012712500600320394
0.00090096419999207767
0.00048931391492007916
6.8009164885436988e-05
0.00051748511497581797
5.7445908689160365e-05
0.00013946807637006933
0.00057608746883977026
4.4234360742622518e-05
0.00035361952000053152
0.00016096449511887525
0.00045460729318922907
0.00026762452877052162
0.00077690023609344044
0.00042336596310192903
0.00017516497477121961
0.00019881572908421057
0.00023402694030038746
0.0003168497582620654
0.00054718932771720451
0.00029639919839346917
0.00068848930823285474
8.466260157012604e-05
0.00024236546282910246
0.00020983062254692429
9.9367408875782027e-05
0.00065637102708104617
0.00031896836857263458
0.00053738941371599569
0.00034063128467807092
0.00054438732680307583
0.00029840047930631598
0.00045474935981657997
0.0005970641083076053
0.0012206292700157489
1.8000207755370423e-05
0.00012240498347188482
0.0011842089136211303
0.0013413110061875743
6.6874046001433698e-05
0.00018036395534983522
0.0012120139200126382
0.00028321350640126466
0.00040116313820766212
0.00057147007502025729
0.00030334805459879174
0.00066221570394300834
0.00031485736970752321
0.0002902428337737972
0.00030872656187997321
0.00019927149699282469
0.0012598339929808333
9.3007219624782213e-05
6.8906298212660993e-05
0.00084554324637327652
0.00032899299451515535
0.0005664835075455169
5.3908012679694466e-05
0.00012473967371548435
0.00079413741170834839
7.1749775948474264e-05
0.0008770496327188777
7.0615506499979085e-06
0.00022732330919569496
0.00027082553998728458
0.00078928014315271565
0.00015140739411864226
0.00052687892605437917
0.00010565279181927699
0.00038476909911437022
0.00041262562785700934
0.00068593071363494016
0.00032630034415225109
2.9412936951748723e-05
0.00050540729370846882
0.00013810567164464273
0.00016584101562274188
0.0008953737351585859
0.00010351817167196269
0.00058903381518504109
0.00064658638907011574
0.00058329828502139884
0.00035668278818693703
9.0627758324706033e-05
0.00033690156605968417
0.001148665414072926
4.1216355017476767e-05
0.00028658437106886806
0.0012836125535926487
0.00047166652448100174
0.00022700923225406992
0.00093772444573568526
0.0010826454252429864
0.00012699777636397566
1.4728464338716085e-05
0.0014392263116760064
0.00028143792594214099
6.9154727138914045e-05
0.00091087377580366901
0.0010654957493613749
0.0013969183880472239
0.00013940090342874764
0.0010277686493629578
0.00024384087191139112
0.00019414937648760375
0.00043681237913091136
0.00018980898767213377
0.00029871405399838129
0.00035105752532163645
0.00014929738798236082
0.00067067480038214685
0.00023020608887196022
0.00043721938284002973
0.00021417441745341065
8.9155254156219263e-06
0.00018367067508706452
0.00034588667229416733
0.00030139344876406958
0.00057148940347117867
0.00024905157677975327
0.0005753775234922313
9.5229473893154541e-05
0.00022979185622124627
0.00078085555768627574
0.00013628022354298861
2.1445223556822857e-05
0.00051469991526854604
0.0001587724727715433
7.5493826570946607e-05
0.00015119400072326891
0.00043297462688655957
9.8144075747257548e-05
0.00022069181694283615
0.00010007025525552843
5.4100750982870671e-05
0.00044944389051637738
5.6907065788439471e-05
0.00061348011700612171
5.0593210267165877e-05
0.00071149095164296176
2.9634458287425334e-05
0.00066183141900916546
2.5147679339645677e-06
0.00050666830318393612
1.1809921710515098e-05
0.00014318062550890693
0.00021979071729440961
3.6420869533140424e-05
0.00049437546881977263
7.1686521776460964e-05
0.00061224107405962402
0.0001042386086517502
0.0001136916525770922
8.3565472186484198e-05
0.00019768921673608822
0.00024270873908249581
0.00024922742409911111
0.00031595483271291806
0.00029295320736425807
0.00038353685516103196
0.00030424923127883683
0.00041141349120221992
0.00027329271636650871
0.00038175575699753357
0.00021932777283713704
0.00031654537468706723
0.00016614192011338549
0.00024779408458374763
0.00015400862312369256
0.00028012722435503604
2.4368644321754077e-05
0.00093861878891332649
0.00057073651801751643
8.1889727677614876e-05
0.00025050473151194122
2.3772348879481588e-05
0.00020629114332781576
0.00033368133305739726
0.0008373033217075642
0.00010324581887407191
0.00028750683244882746
0.00040613527256542245
0.00086236976873515765
9.4825511140326599e-06
0.00045228380680239675
0.00015942278445321223
0.00073350385448026848
0.00048890112241463629
0.0011643170876052572
0.00049253679434003972
0.0001687534301255445
0.00026894039026390112
0.00094018770323021396
0.00025004897112268157
0.0010241808960630796
0.0013952590103460795
0.00015192491825921062
0.00071473780795867936
0.00021244875573212297
0.00045913542502446576
6.2609332460115871e-05
0.00016072619592953565
5.0537504880495498e-05
0.00010796859446693364
0.00024732366326366863
8.6645333654654491e-05
0.00029793968133762038
6.1009270397850701e-05
0.000354855451680998
3.0573635933957126e-05
0.00041358612697719576
4.7029567846907719e-06
0.00044008924188623371
4.3030799295542852e-05
0.00043110653829938857
8.6838446952554473e-05
0.00041635863815949359
0.00038449325173801077
4.824747440922052e-05
0.00041011142410753599
3.4867271796083175e-05
0.00061185105633137073
6.3356554165955643e-06
0.00070732956790539516
5.5531940325904477e-05
0.00057874024217537861
9.1010362680854923e-05
0.0003854794786031829
9.5756069028684972e-05
0.00029631186742351762
0.00011841980332989873
0.00043206561712002552
0.00016773255650773505
0.00037314305689090864
0.00016130162146963927
3.334453417291388e-05
0.00132502659062605
0.00056147173433375745
0.00011441804802628418
4.0682406466943329e-05
0.0010193676853031022
0.00091972165357619585
0.00014867528942107537
0.00068137781698883796
0.0012837098370464014
0.00014247749775026219
0.00033820499564563765
0.0013427680965934689
0.00030265950133407749
0.00013699164091847044
0.0013467169107221585
0.00066424905268879365
0.00050840424572465054
0.00051866514837360558
4.8271328569340158e-05
0.00037254334808952744
8.5613295054605702e-05
0.00033835966377076252
0.00027291185372885235
0.00020708049661284639
0.0005032316604178333
3.4749207278366619e-05
0.00058880429678669023
3.2563836599345844e-06
0.000643199289067687
0.00045138196787475348
0.00022321365212399626
0.00068422876223392338
4.7899327411427929e-05
0.00062394074403492083
0.00029282123235926743
0.00034567148859632017
0.00045356278229900652
0.00041443820734282882
0.0001906663253983779
0.00021693011593485679
0.00029939966882598504
6.1811036470661043e-06
0.00038840090569105938
9.9206840540607465e-05
4.7463436621690039e-05
0.00037443686247605153
0.00018172152148507537
2.9973848981156873e-05
0.00069015708958464585
2.6773692145551488e-05
0.0006373161163160182
8.245573532238799e-05
0.0001043946796621077
0.00027139200551245645
0.00014224867853877347
0.00053756201138615374
0.00036304626445363077
0.00033814228461064201
0.00041235912486979495
0.00010923882174548504
2.2383033539714672e-05
0.00069257534666850658
0.00017764894089076884
0.00014336010224519767
0.0014345531979873963
7.3515530971165951e-05
7.03613776923642e-05
5.7930692576500038e-05
0.00034875923396293672
0.0010041107440004796
0.00014344898745138879
0.00032766544851072491
0.00063665857632994732
0.00025427239605654861
0.00061126199072745243
0.00019615211757816034
0.00054020099179185764
7.536096635691785e-05
0.00014604774735229003
0.00027270768722054703
8.9276365879533603e-07
0.00067804638479092066
9.6009827708923355e-05
3.8369338240592217e-05
0.00027647008388684524
0.00051498411881403827
0.00059369020753107177
3.9305482213177121e-05
0.00045394378520843121
0.00014368906612492155
0.00010861864005863002
0.0004047248114642103
0.00066298183243885004
0.00016149967848656791
0.00018267661439096329
0.00085950430829579338
0.00026849721929385779
0.00044482954666744893
0.00016461821296892513
0.00030589579460754582
6.1600065531473592e-05
6.924659943273539e-05
0.00035735973925495393
0.00033256194157718812
0.0010328891962432453
3.7481925232204392e-05
0.00011616024875094219
0.00059362223055224887
0.00011251951814673976
0.00083309691633355544
0.00035259836673256974
0.00062067001134308286
3.5641464884848783e-05
0.00012742681587246473
0.00081399023046199487
8.2656848896280377e-06
0.00095825248861483288
5.1703266522660471e-05
0.00014131569762905897
0.00016500031411503043
0.00089039754225238527
0.00012206106807936519
0.00064866383001152875
0.00027999144418743087
0.00019892032008343334
0.00086195161610268483
6.2356829500883452e-05
0.00051764934431552023
0.00046469188025381113
0.00022388535469300839
0.00090975139190444768
0.00011403973650230822
0.00020491675201146401
0.00084137060278483022
0.00010872906907922834
6.1479737841198552e-05
4.1278227685104535e-05
6.5308346768669218e-05
0.00059740001202383884
0.00010444948366314694
1.6269471354047515e-05
0.00069675620005388837
5.9456036278583525e-05
0.0007900048389652153
0.00010615769687393095
0.00040822409098695164
0.0001079714164418038
2.7005706706777909e-05
0.00076861998995523726
3.6446569690072144e-05
0.00085362220941996266
5.6516057943815516e-07
0.00038433269306352858
0.00029726168139308101
0.00018996930273925476
0.00053482512904128509
0.00013995661414541483
0.00058087120994663782
8.8178197517434735e-05
0.00061744896264772232
3.6882786529407912e-05
0.00063231245675001325
1.1522595776536684e-05
0.00059295630159549983
5.4095745574051265e-05
0.0004106936324539989
0.00031568745387026157
0.00052324296068217827
1.7851232122284697e-05
0.0008085111497047649
4.6051322113364041e-05
0.00079655090449284784
0.00023639328038362997
6.5528612882586248e-05
2.3926254659402619e-05
0.00038352977357396885
0.00059391839186217652
0.00020130381191454705
0.00076856585663659729
1.8809409070349025e-05
7.1349608853934552e-05
0.00066998706351742237
0.00037025806110661732
0.00045023864479294332
0.00040448133796613126
7.1181353335952668e-05
0.00065992314787031883
5.0511836754634031e-05
0.00058253795131338099
0.00066914743370754431
0.00021199800707446319
0.00058967738576101269
5.7713463238896293e-05
0.00087026577215312654
0.00036166606681447302
0.00084014130588322996
0.0001134134226755718
8.7419887887887573e-05
8.2722504901350579e-06
0.00065343913576935107
9.6929299735317343e-05
0.00062076754908610605
0.00010965964724194299
0.00057049260261552511
0.00024666351927369121
0.00032016607886981263
0.00043938760599131243
4.6795903646471021e-06
5.8749275596221377e-05
0.00021387841609237255
0.00010351936703428413
0.00045717904498082613
5.7957501700498726e-05
0.00064114878958095468
2.7216786269723851e-05
0.00068886085656688547
0.00012987221012806334
0.00055901254532031734
0.00019653776836144727
0.00038314704659374896
0.00022083491357473387
0.00017638466821594872
0.00046708786669458246
0.00025010168258481931
0.00030998499892896447
0.00022759172277335324
0.00060623942403994135
0.00030167848189519648
0.00044204135299297226
0.00024475732561490132
1.9017136983763164e-05
0.00056897704538865597
5.2776810365128439e-05
0.00020857968813545888
0.00049323570397514398
0.00015000669930175108
0.00063664683623066874
0.000530285900916995
7.2896371617085616e-05
5.8264598297894344e-05
0.00084838964175498115
0.00068015744869667305
0.00014693748702750646
0.00010858976667619903
0.00042215061493884419
0.0004287814815857417
9.8453012787075361e-06
0.00090866588273010756
4.9488783076203204e-05
0.00015453045363238358
0.00079315329199196771
0.00082997441695191064
1.3221504963358982e-05
0.00079222330264202201
0.0012036858510621109
8.2369363518938703e-05
0.001071231767686502
0.00079599214804722263
6.9195789123170702e-05
0.00023427348933028895
0.0019623789813400429
2.7233251787636518e-05
0.00060334255797822687
0.00026757162287847778
0.0004941218162191703
5.6426928150306054e-05
0.0014128358183426819
0.00086968580586095862
0.00052414757649075811
0.0013634068915498614
0.00036956453606320301
0.0003781882813840066
0.00018746489839764166
0.00085027768940580521
0.00011349712994874308
1.876016712888805e-05
0.00010302149742290552
0.00060744059090788339
0.00013314879435205978
0.00083630816909607472
6.7641051665872669e-05
0.00044841192221391083
8.3881709445879951e-05
2.1831070391371661e-05
0.00070271088464775365
0.00012299274353811562
0.00078745703973882473
0.00013963452001771194
0.0004860911831477098
0.00038671824336028075
0.00023704946604757393
4.6118388094897793e-05
0.00047229196415225609
0.00034282204772778744
0.0005564632652602828
0.00040433254878025375
0.00022258580440072355
0.00011102021191066846
0.00049343997189457537
2.6624951478171497e-05
5.9434595716407587e-05
0.00033571990252908614
4.0519120284678352e-05
0.00033037598146786352
0.00016496894456662312
0.00011374030289061274
8.7894482050304996e-05
0.00035227822117061587
0.00034268428698508717
0.0006701439354386946
1.1236226918264659e-05
0.00033875712782916833
2.2655388023822392e-05
6.2174876123736376e-05
0.00052805660650272256
1.5999713222287758e-07
0.00072300098939523502
9.34764773593562e-06
0.0007433570473934913
1.9235769023658116e-05
0.00055443587681504021
0.00082466023282813758
0.0015379029215866959
0.0001719106738043443
0.00074583967339216992
0.00015469039021875948
0.00035683466224655625
0.0011719419655373045
0.0011490791821729448
0.00013241851589938376
0.00028592748114052689
0.00014440823191147101
0.00034806692898955213
0.001079659326713207
8.691811291430037e-05
0.00025209740615639916
0.00029782889051970857
0.0003366613030452828
0.00047330900848603039
0.00071828522391010686
4.0842709666173184e-05
0.00011582787932045526
0.0010185998142292639
0.00029455683362847719
0.00042233269265878019
2.6017592924646178e-06
0.00041071251731310173
0.00031492221984057264
0.0010227044771610164
9.7116224922815856e-05
4.5092083017866651e-05
0.00072186630785099138
0.00048567485283789483
4.946767887286277e-05
0.00032727294377715092
0.00013552150363815534
0.00027349999637624986
0.00014981066723954742
0.0003696944958061475
0.00023413667076743064
0.00039724571671403438
0.00031842931652966566
0.00017797349849697208
0.00054131799753486627
7.1506983616798406e-05
0.00096625065390059132
0.00099329480122326138
0.00010476681278862256
0.0014001105400453925
0.0010505421565031991
0.00033134396790697744
0.0009424522998073984
0.0011490285840971147
0.00040585699655000805
0.0013132872848873956
2.6806904264054613e-05
0.00018828799972025684
0.00024981721901469293
0.00083247684560707011
0.000829932397466556
0.00043146790389640666
5.5393671696147863e-05
5.1241318380033681e-05
0.00014903417690973785
0.00028589335091317196
0.00092176888370318691
0.00014764590621006208
0.0003263140557351999
0.00020934249001516533
0.00019523241089957239
0.0010174354140837409
8.9900354728273058e-05
0.00037251411994703565
0.00021696045743462982
0.00010218820902029393
0.0011133907621450642
3.3162673353565308e-05
0.00041609154385252768
4.982812607387781e-05
0.00014157599167276551
3.1652256062164691e-05
0.0011811229502679719
3.8165671533272774e-05
0.00043983341555835909
0.00019092094203554432
0.00012790177400890326
0.00018544787884161289
0.0003312085700299553
0.00047548289746627697
0.00031671932128763438
0.00026960202429802851
0.00029055749791305756
0.00041879774140138418
0.00045246465212882514
0.00032986836775388413
0.00039202526447131892
0.00015052538261186644
0.00010969804590832046
0.00039714532593416232
0.00029541161292948612
0.00048393962006666616
0.0003964902000234107
0.00045046580673394873
0.00016408457027675856
0.00031513973568391584
0.00030621221640897574
6.633493798264596e-05
0.0002886775889324217
0.00025806582398253198
0.00046918912553708969
0.00041380165176558111
0.00053537062832986087
0.0002587636056581287
0.0003353180366054631
0.0012801141354597402
0.00011528810485470348
0.00024397440576630919
0.00079842718966903199
0.00031662690948832951
0.00017263047283525563
0.00028023629820704202
0.00022255351568397706
0.00024170383321661754
0.00027477562144839025
0.00020003848209717746
0.0001017609604964544
0.00038689983846236888
0.0003879666805512356
0.00011280750208309857
0.00044530136030606021
6.5308376106207815e-05
0.00050671145598772639
1.5521943869229475e-05
0.00053379459483673519
3.7326797195847023e-05
0.00050792224397743868
9.2742663748578589e-05
0.00046380656583351008
0.00015032321507699035
0.00086714629871723775
0.00036065679040248928
0.0016825781590995949
0.00056843542034866901
0.00099908879453212886
0.0010240107381637507
0.00029689766078707595
0.00066321849602347038
0.0002275904861735922
0.00018446844149007388
0.0012944400061033945
0.0010126118696884478
0.00069115002518831744
0.0016336059332800004
0.00021090052137231094
0.0010912959105875096
0.00064555480122608841
1.6900668734595552e-05
0.00077491557219475777
0.00034830519157299004
7.1597827460836462e-05
2.8089531794634341e-05
0.0011474322729819631
0.00054811705636574691
0.00040525365077963358
0.0011797122367023199
0.00080406603514600328
0.00040335701774205915
0.0012667377112248403
0.00089517223662124762
0.00028673069460043984
0.00037951285480713847
0.0012664479803393522
0.00078299618963631544
0.0013766565329682452
0.00012079979148251356
0.00066459688200752067
0.00020128053049577803
0.00035277440497030369
0.0012542029718959535
9.5652027470755053e-05
0.00017532377534621523
0.0003559355112521168
0.00036583564656458454
0.00031442150864236651
0.00073059008498271654
3.4199237383618095e-05
0.00017151032994069154
0.00010166451292386868
0.00023711770794878511
0.00072920772449742771
8.2659782302610803e-06
0.00068222773378305676
0.00020262132641504852
3.707424947116129e-05
0.00030569072133912478
0.00034394892994066539
0.00021490338955836952
0.00042964740089379615
0.0003179319118428815
0.00011639651120369967
0.00027282372638656548
0.00024215823318557368
0.00099171824248932565
6.7932026906259352e-05
0.00029303176878894371
0.00019591662857311559
0.00021319856683929618
0.00060376327392534302
0.00067697543147001164
0.00013709940232526735
4.2798886722741389e-05
0.00057431440730372648
4.1520918605062065e-06
0.00091887674449736784
0.00050815673536933677
9.3793882269195718e-05
0.00071745498065184409
7.9987758521885959e-05
0.00046038894361686899
0.00071422623701359385
0.00051924686355472394
0.00028296480640819177
2.3990540743042424e-05
0.0011669562894149942
0.00042747918086955493
0.00014769299820334859
0.00044720855217820137
0.00072996157795660185
0.000835602546112935
4.2162410420915224e-05
0.00090025194329414074
9.4135193257969841e-05
0.001138176657793963
0.0010099996960063284
0.0011005235171517415
0.0013862741226178664
4.4896656971860219e-05
0.00087630452099247231
0.00018063133644398088
0.00073922517866758933
0.00022021187305886015
0.00073011541590695334
0.00044511262110651686
0.00054908879943164641
0.00081595662398631775
0.00017489555872553724
5.4249870498703924e-05
0.00067288247052085858
0.000155898409757529
0.00060394833987363931
0.00043210133929747179
8.7416962679752705e-05
0.00012711049985662896
0.00052463922642613189
0.00011087934840092747
0.00099891902457792218
0.00012516385436017494
4.25953691775812e-05
0.00021404116055575775
0.00027244719585103931
0.00043252962040872138
0.00071619134483603118
7.9508252361779272e-05
0.00035171224056059608
0.00070081340855535643
0.00036201923755462223
0.00016892023568897008
0.00059815526072367741
0.0011782324807672947
9.0165747802042513e-05
0.00040243254141490687
0.00089714865405156818
1.1105641079843739e-05
0.00048701816062762533
0.00033527497144255882
0.00030883110729411155
0.00046232518458356916
0.00023649765299255733
0.0005922882857966323
0.00011648937867946859
0.00062532559931517695
4.8690834906492242e-06
0.00049617320327270198
7.0679504062037273e-05
0.00021492559905852664
8.707352042948744e-05
0.00015810242870528882
0.00064874256774375826
2.0808672557535605e-05
0.00063247410488650351
4.7401988433593786e-05
0.00059082254298486125
7.1991670639161604e-05
0.00053445124437849771
9.2843079995891034e-05
0.00058034189795585567
0.00010658645241937411
0.00029755961000956996
0.00011775342700308709
0.00034301313760758936
0.00012315750398799748
0.00028733088433921549
0.00045535681183281481
0.00020732246583798802
0.00038604648174366414
0.00048353769891971586
0.0002177516145320918
0.0007155041267315307
1.8494866968408434e-05
0.00060638601800222665
0.00018175737141369643
0.00030988179876902762
0.0002108872911778697
5.045871686873144e-05
0.00010361891015844199
0.00047362033646075537
3.0312080649273366e-05
0.0005772028960000712
0.00027625440277286722
0.00043210028924843438
0.00051838064498448654
0.00019264850765245462
0.00061442255825096346
0.00027616993912244972
0.00020157173058229095
0.00014688686401229359
0.00075995455487325137
3.9535971492051695e-05
0.00042570226044362909
0.00047934670503169938
0.0012397898522329581
0.00049693757695397443
0.00082805349919425314
0.0013819871858392419
0.00019631769694101005
0.00051293457472124308
0.00083425879954707042
0.00032292094361021761
0.00053317077835401678
0.00015448992065789574
0.00108390762716984
9.2456115508191605e-05
3.1903028527590056e-05
0.00047098011450659102
0.00020642531493487613
0.00069552533752977497
5.07513157073408e-05
0.00060705290646548499
0.00016519910818109423
0.00041680818376974797
0.00024143946607927221
4.869089422137932e-05
7.5301229433115657e-05
0.00084888713481581942
4.1152274193667529e-05
0.00075231319462328266
0.00026565598940041468
0.00070258288806519375
0.00016562236651893625
0.00036870258920282731
0.0010395349284620654
0.00016107415144888521
0.00019319574625811887
0.00076785555078307541
0.00010263454894337615
0.00082199970167253378
3.5358426772593911e-05
0.0010567708687179134
0.00014312336137733687
4.5562418765583084e-05
0.0011658476544011789
1.9309510048187832e-05
0.00051225851085880928
0.00032458966561620209
0.0001936295622723973
0.00092320862047662355
0.00031038283665855374
0.0001360441544283921
0.00075023576487086947
0.00016407931478105501
4.3917201854500515e-05
0.0011156345388967359
0.00026144340511922109
0.00098909322884669498
6.4034140153514463e-05
0.00055145337674383592
0.00022919460279006236
0.0005006132371162971
0.00041193448612305552
0.00073077128495874287
0.00016597154342078499
0.00017403615757767229
0.00086789922309625956
0.0005213020432270893
0.00015201696014200514
0.0001328691437310389
0.0004251448659813987
0.00050838533152075148
0.00055572883867168149
8.3270353223565896e-05
0.00046579853369799239
5.1287718598220247e-06
0.00056078790510618324
0.0002526240027414586
0.00031234853186008998
0.00051420484002573505
5.4918937436916984e-05
0.00057323877010653182
0.00020775325886972365
0.0014197662303604152
7.6971432415758533e-05
0.0006824262221090051
0.0001576612476495673
0.00058201729108641712
0.00049993109194839422
0.0013889146405220263
0.00011534950526142399
8.456125362864118e-05
0.0012102902897521948
0.0002339138404154517
0.00024422151542078014
0.00021255271338201128
0.00043403489586193251
0.00018561514459269776
0.00063662065409723207
9.9612909732807648e-05
0.00070295829458619328
1.60237357334748e-05
2.7940439591035546e-05
0.00094311768487706949
4.048695361086303e-05
0.00071135096434586621
5.2598905920134251e-05
1.6746383921682293e-05
0.00053657165604316989
0.00025364859606761034
0.00071439152304172342
0.00024244753079600984
0.00037274056562738042
0.00053587620724701557
0.0001911985644493087
0.00054612719954172601
0.00040617284658568578
0.00039235457168351507
2.5594700095009498e-05
0.0001206139334027867
0.00063735400975069442
0.00017720457516226518
0.00080183678651299611
0.00010262030407551487
0.00026186328806408418
0.00023331887489316257
0.00095387926769121634
0.0001442934988626097
0.00016854283283769073
0.00067476156806407068
0.00094520702806167689
2.1423212367916897e-05
6.5580795930431851e-07
0.00045750907430896787
0.00057982780105164927
0.00019498850598242626
0.00048803327574080781
0.00014099945400096225
0.00054465653591596484
0.0010744759737092563
8.108198869532455e-05
0.00014790079437568428
0.00058286242251215695
0.00010861727988687818
0.00082092607217241467
0.00012783798406846658
0.00065777730108700387
0.00018938880284792171
0.001270978599570749
0.0010101166312268942
0.0003273082891290858
0.0014635070111510573
0.00077169328945634263
0.00049500388361760448
0.0010471628872098888
0.00029134948354161321
0.00017697916788260182
0.00040233920746687683
0.00089841986086998176
0.0001973327339125954
9.0897004528628822e-05
0.0007572001962803407
0.00071516412770373735
0.00052551858053369836
0.0015801324338443432
0.00025874865874055825
0.0014332743733268074
0.0011313351849501093
0.00043298994358515538
0.0012738044870109421
0.00019923752482558406
0.0003813590896522122
0.00036345279416918002
0.00062962503289275837
0.00051083627788580342
0.0016960289868353285
0.00018043447743071805
0.001301894470808818
0.00031730493702554849
0.00050428355361252053
0.00021914450468225383
0.00036062375208906612
0.0012453159881732853
9.4331218001405666e-05
5.9923013865031636e-05
7.5343578041011568e-05
0.0015233913228879874
0.00045985035321114185
0.00085659561324525496
4.9608038216491132e-05
0.0012389071147400823
0.00036731044937429291
0.00076355588087172893
0.00016791788814343527
0.00053040698071303214
0.00035179912446709773
0.0015658831080873413
0.00038671589321356408
0.0011627143107851155
0.00095306724196364307
0.00057244782690331157
0.00010606036691119894
0.0010024934669632841
0.00018696628769718004
0.00026416371593513695
5.3699204607103804e-05
0.0013318899854114347
5.2417485345419192e-05
0.00018991232488956326
0.00045041191840831512
0.00034414064277709083
0.0004320840605641996
0.00025878559267180067
0.00049576914735542015
0.00015970119260302654
0.00052088448579286318
6.6532131548532097e-05
0.00050762507851383654
0.00023930363250818294
0.00018507618986733927
5.2349621018177126e-05
0.00015498780199688244
8.3618807469712023e-05
5.6164881186272319e-05
0.00041224637400295313
0.00020223912009454856
0.00028847634574557228
0.00031037443174618544
0.00026230251300026944
0.00043402944268269855
0.00021097708707889812
0.00055277355698381487
0.0012048399338532331
0.00068284169875691822
0.00057714433145406724
0.0013321243088197446
0.00025287710283064643
0.0011742628226117447
0.0011782356125071573
0.00028882385044554375
0.00076031501292063506
0.00021025302909720412
8.3005418885465481e-05
0.00071318572198835796
5.2513229473591567e-05
0.0007563562171561376
0.00016287780106814042
0.00021744242815041202
0.00063126665319315095
0.0010995747152589015
4.4728842417956196e-05
0.00011675504644628122
0.00046800361360105932
0.0001353129298109207
0.00055053309051030744
0.00014376451383930916
0.0005718089524894386
0.00013399518804797084
0.00052132152731776318
0.00010877358338838694
0.00043289505019403185
7.9657472667529967e-05
0.00034352917911378812
2.1622427560512058e-05
2.7120122647164818e-05
0.00036602583201890193
5.0114440047401141e-05
0.00047516415403297087
0.0012800466865959712
0.0011265429757331834
6.2195232038092133e-05
6.6633275915078895e-05
0.00092237950151759305
0.00083186678696242731
0.00018368923227885168
0.00097855828687053322
0.00023524490114533393
0.00025332045621853199
0.00040848648576605212
0.0013275335397623944
0.00079440298776149417
0.00026610026614468351
0.00024050469821308983
0.0005146237487134444
0.00040756833294977352
0.00060069812717576936
0.00046302145710171519
0.00034670268005618552
0.00023261160744809337
0.00013057803051808338
0.00019289116178871637
8.8601253848973174e-05
0.00064385622784625656
6.6347459126261495e-06
0.00079477324003443203
0.00012449188637206354
0.00054674929866506991
0.00017086474535559382
0.00016407353192797566
9.1898033335959773e-05
0.00032173462856430256
0.00023606273261045217
0.00059018632891668233
0.00017384885066193376
0.00072488735342372747
0.00029946846707079388
0.00018295509764269956
0.00066669133818369119
0.0014987343913720997
0.00036913089274811226
0.0002960770736072124
0.0005440419600195556
0.00080165587010510512
6.7486696961392473e-05
0.0010608522414589112
4.1993319997858123e-05
0.0003746363093221526
3.7555463780761681e-05
0.00049242930021820258
2.5760477915111772e-05
0.00062001606255576735
0.00021975962301429815
0.00049419794747979019
0.00020989562893448314
0.00050856404855514578
0.00017564123376985301
0.00047022606074414628
0.00012902406272393677
0.00040457450819062933
8.5171780720619082e-05
0.00033612481633979734
1.3922336702442408e-06
2.7891001702239574e-05
0.0012105321656989028
0.00055924850740238718
0.00023256083928029414
0.00019518174976222691
0.0011065842370210973
5.8211900117964148e-06
0.00042177422839245401
0.00038019088451880139
0.00034012106394205643
0.0002562666836567407
0.00018460409168170896
0.00047907360979603745
0.00094852021178525763
8.3762652843697818e-05
0.00036534981024076283
0.00080589448525935779
8.6138947794307672e-05
0.00052275700787514769
0.00013726221131139915
0.00018934851180614167
0.00036728140538231388
0.001202515348250063
3.9987168339193356e-05
9.4744745529630977e-05
0.00097572771428414064
0.00026317155551259765
0.0004710228656159405
3.3773540485624758e-05
0.00040820210190764625
0.00027317871063972611
0.00061891441555420653
2.9424074871606519e-05
0.00047551639785499514
1.5321337378285592e-05
0.00011782777415405874
0.00024703388546434883
1.4780904849930497e-05
0.00053372991544950118
7.9212662390454373e-06
0.00069094578353478446
3.0728779346801739e-06
0.00072249204609885675
1.4774984597995533e-05
0.00059585945211486585
2.2061458655878215e-05
0.00042914327308181269
0.001606670966833563
0.00093428489869374406
0.0016825576947524469
5.58739941656308e-06
0.0016414642268179039
0.00072999756885723239
0.00048637863332655584
0.00030040029875894899
0.00032980186123049616
0.00034729831259979024
0.0002715819687030317
0.00057433249838214576
3.2809611853713898e-05
0.00059270851956551914
0.00010450716871333079
0.0004739141121867192
0.00023414401125714638
0.00032942130660098759
0.00035652458036745764
0.00019140027617822245
0.00037297216082755809
0.00015932225876286846
0.00051787330982722699
6.0163115768559256e-05
0.00044102288548737885
0.00017208994030842151
0.00031316313293447434
0.00027676092607264709
0.00011873369992063594
0.00064838109932610199
1.3478718622514557e-05
0.00064427972552250664
0.00013603387561607309
0.00052935884879161258
0.00029122921094689342
0.00037959791892862088
0.00049303854177637247
0.00018040475805529123
0.00057950690683114428
9.3434054471933041e-05
0.0006711288987239735
3.6674683670188104e-05
0.00062977222930588799
0.00015516858635313102
0.0005046378199919958
0.00030512527222784205
0.00056321618079560045
0.00057808386565367999
0.0013786132181321511
0.0005340457791094726
0.00082795904887778818
0.0013515028357901115
0.00026230060400686019
0.00074993390408953212
2.3703539885543718e-05
0.00028574125015192907
0.00030408586362236806
0.00014168359644041331
0.00021496369048097433
0.00044356050489417016
0.0002928021249612127
0.00055116688336640136
0.00024012504333654862
0.00041338866087092487
0.00013371486371041057
1.5887044789635131e-05
0.00013899194242546461
0.00042965976639155855
0.00021797492597080647
0.00048805872251341171
0.00011390472720457921
0.00038598680924914182
0.00035154305586633131
0.00014118388518994551
0.0001572213052056309
0.0006440161302926048
0.00012154991086232503
0.00039641683550181467
0.00018556166376133682
0.00053830566237668995
1.1993827728342002e-05
0.00068748805679987696
0.00030176606231662205
9.1073053765125991e-05
0.00035553544330873101
0.00063171570964065172
0.00022975796697342993
0.00018243906743340809
0.00053919383657612021
3.5183085497394366e-05
0.00016075286252736695
0.00078329657660378518
3.6309798541422296e-06
0.00058326775296065276
9.3647693473419944e-05
3.6774472074390501e-05
0.00037713363673890182
0.00017008962772972072
0.00052865011963628349
0.00038829466101591493
0.00029515130936012915
0.00039930892859360692
5.127846849392421e-05
9.3328555323108663e-05
0.00042071060043758179
0.00013488603700521678
0.00077846032380951005
3.3584974116368601e-06
4.2296824170855643e-05
0.00011666412957122676
0.00045141000171663407
4.1406677165667313e-06
0.00057322769046097598
0.00021052813898826236
0.00046506200287636026
0.00045096152532755017
0.00056820991564296224
0.00016323398132542783
0.00030382979065674877
0.00019977115704696721
4.224218973271176e-05
0.00011918185156586419
0.00018511967292691875
3.9569473415033365e-05
0.00035360611657260288
4.695215544814989e-05
0.0004029020052929248
5.5437059892276276e-05
0.0004549065808077369
6.4800957692930442e-05
0.00050566667629742723
7.4507495870050055e-05
0.00054920647317020224
8.3635011807774574e-05
0.00057845376475487232
9.0970156948096668e-05
0.00058745998735139761
0.0001301956923632692
0.00017890563255831018
0.00026192932149376791
0.00020174456696755649
0.00049067435502665236
7.048747893404446e-05
0.00064775813280180906
3.4587978048045282e-05
0.00066217296447581122
0.0001543047301273351
0.00053136498254256954
0.00024819351418131814
0.00037209491662692937
0.00037139103643511154
0.00012600327433242634
2.8022880597695644e-05
0.00032274585682691545
1.8563749199136602e-06
0.00059384573842827454
8.5913124428504422e-05
0.00041174511413899858
0.00014109536122409465
0.00026430908265303297
5.8190250729886543e-05
0.000130278710951272
0.00016142818485352696
0.00055185234749822781
0.00062480233109420971
3.6462900443281479e-05
0.00092249627222527853
3.2739578427639085e-05
0.00042705155273682643
0.0006620400600055226
0.00012068927999048367
0.00039046819433102668
0.00078390379395729397
0.00024951994861007219
0.00067773530083939718
0.00010332483218067967
0.00070269413594681437
7.4784988291014788e-05
0.0010536674816011996
2.2137472278857313e-06
0.00045034373485845005
0.00047475106374637432
0.0010862471954651092
7.069362424887977e-05
0.00018758564104777811
0.00097224837875734319
0.0006906742029527147
0.00016919868516539435
0.00065622379203531314
0.00018640857397866391
0.00044570218761971341
0.00031700014605174471
0.00087451100228928358
2.398928954237641e-05
4.0841520765792662e-05
0.00037631216388310079
0.00015437093894498258
0.00054667487334904112
0.00010092410809800963
0.00056796439227434854
7.9667888789693855e-05
0.00058925589828814201
5.8409398962741928e-05
0.00061054936142621475
3.7148668495269676e-05
0.0006318447517113504
1.5885727277739183e-05
0.00064776291799686057
5.3791211582704481e-06
0.00064241647403368485
2.6645324936915218e-05
0.00062118184804940387
0.00049337488484816217
4.3187075625871117e-05
9.1575054333566973e-05
0.00046927549289983814
0.00018465836721694525
0.00076683607118076377
8.8194065531407994e-05
0.0005647259405206082
4.8135278937481808e-05
0.00063762273221274336
7.8317635785387823e-06
0.00089015545516555358
5.078025119800469e-05
0.00037894876988033428
0.00013882361789719518
6.1836677209897205e-05
0.00061202470796718994
6.7438338303464385e-05
9.0845050792809698e-05
3.086906854986202e-05
0.00038195239078428554
0.00064517673086588053
0.00019245178486869744
0.00063722659214985765
0.00010316793171214507
0.00074731597378503072
0.00036441157143631242
0.00026431709005098476
0.00027966135651955233
0.00043974712533925822
0.0010609980643839251
2.9324120306754978e-05
0.00019162712205268256
3.2276659958945539e-05
0.001137051373160364
0.00061177473735275496
4.3733445488821149e-05
0.00024714345693801099
0.00049759865576066455
0.00034904295700633869
0.00058424317243828785
0.0014569122559667132
0.00018915272168047606
0.00032009661980857325
0.00084027506370237511
1.965134687148718e-06
0.00028907730147111884
0.00053849784653471936
0.00038554787451055037
0.00068833693050914945
0.00055525777280551324
0.00013638745867274756
0.00085987392759086852
7.9670569425155595e-06
0.00065152033661707248
0.00032631282771875437
0.00036290636192936031
0.00069116770385213014
0.0014142572316658475
0.00020853829936918171
0.0011699836581469097
0.00059819593775222498
0.00079653217050601292
0.0007543020528234998
9.4312291947183308e-05
0.00095128191094178023
0.00029050252027687241
0.00023057706206396712
0.00059457888740805211
0.0007163331106152523
7.7839776918223241e-06
3.491006709721765e-05
0.00018553984394424915
0.00041236555978155703
0.0010098200357082845
7.6583838584085366e-06
0.00026804148314902925
0.00088067569573890337
0.00018571916398698771
0.00054236696444928797
0.00013288473235999927
0.00012206925948208205
0.00048117959641400481
0.00019618277045494901
0.00049739111232357787
0.00025353947593836397
0.00039752114646240413
0.00024952795409428853
0.00026743758097675426
0.00020477172921861639
3.7381464907274489e-05
0.00017684249024419515
0.00020981676074410699
0.00028629176998156038
0.00032239739843835228
0.0003131867517165097
0.00042837276490479255
0.00026499773805587797
8.9875111778204398e-05
0.00062012090886853636
9.083323776195703e-05
0.00082295569302451787
3.6353093379434667e-05
0.00059876311760949819
0.00053466622661691885
0.00010877967206003403
0.00073703227423702554
0.00015923768136618863
0.0005846301784878464
0.00013364488088207988
9.5493959868381436e-05
0.00021394193040690071
0.0002832545815085074
0.00045250607358270285
0.00039975749161835951
0.00067723579180006886
0.00093843111901175172
0.0016232386236012428
5.5107530505446978e-05
0.001374931513013346
0.000851004861373335
0.00039918610616428298
0.00099433324829421876
2.7255985441981294e-05
9.9135518934723093e-05
0.00089047854156174022
0.00077733691832179794
0.00040300112267712931
0.0014908479356460702
0.00029754632704067215
0.00020994181656757942
0.00048891330106641323
0.00019181374473146607
0.00060493531685334176
0.00011150334195765518
0.00050655025408106612
0.0001762732037773025
3.7248049524971221e-05
0.00019459344641099434
3.9562441073946604e-05
0.00059602079077169883
7.6839571033288347e-06
0.0007555127582974659
4.6143036226404101e-05
0.00059404932316215625
0.00018216956778630651
0.00011195908950624789
0.00041063371914123033
0.00026125811166145032
0.00042019094757542061
0.00041090313318124783
0.00021787449993801889
0.00059979173389574758
8.4948219453618161e-05
0.00052677319068183926
1.6993358743925054e-05
0.00017618814217851953
0.0010766395350656271
4.4496992478246582e-05
0.00039016439929644273
0.00024354566468692674
6.3522966368058428e-06
0.001152101874004582
0.00010225576893927719
0.0003708191316515725
0.00020253589109983219
9.9309396186682671e-05
0.00097744173443627016
0.00020254690286087082
0.00079113440109417977
0.00021849296284096333
1.5279709134046552e-05
0.00034687511290790266
0.00063793179498328591
0.00080975789192995647
8.7677570072107149e-05
3.8968389050707662e-05
0.00094149020132502145
0.00044987065575780423
0.00045897407339864481
0.00058480351794603931
8.604084346245084e-05
0.0009963794651136088
0.00016868213124866029
0.0001938536990676957
0.00022234601634948018
0.0012729633393082174
2.1008282820116399e-05
0.00019750139302668524
0.00075254448311251609
0.00027059936328114052
0.00044895079607294589
0.00021358333049587792
0.00035980360711843231
0.00030922987606151207
0.00048266711645152019
0.0012438526514794792
0.00082595794808739732
0.00024049400379370822
0.00074814780216000921
0.00010104812003609533
0.0003894362556811136
0.00055876256689587505
0.0011404206150526432
0.00063932755408738771
0.00030298047913247838
9.5925616955784801e-05
0.0003308196953100425
0.00027775274614337385
0.0001639496964365186
0.00032125337219267639
7.7759734556588473e-05
0.00057284536886544318
3.6622541898723476e-06
0.00070034402277620235
0.00014038674478717938
0.00058553346733829052
0.00023597609338098404
0.00052933565981029584
3.2764942756495551e-05
0.00062218727984664863
0.00010910381508747335
0.00055655121043841492
0.00023525695321095571
0.00044961029451345136
0.00035326074220373639
0.00032288517654093646
0.0006146294120135589
2.6166876747733726e-05
0.00051445975938042257
6.8797855364096554e-05
0.00052092169435059344
2.8253118661154513e-05
0.00042803751226890203
9.5602787912884307e-05
0.001489203218751246
0.00032927300538460031
0.0011217993075453951
0.0014390457954885098
2.9470227189912168e-05
0.0014659462792362828
0.0010610107208502825
0.00040418716304807577
0.0014632369410754156
0.00068427837577279913
0.00077747053289084229
0.0014604417423429393
0.00030891572716858906
0.0011492551839264481
0.0013925504251174003
6.4879105748105002e-05
0.00032202214098533966
0.00050225064099941683
0.00016688079141297666
0.00014344418258658781
0.00024668685926988309
5.522583083020318e-05
0.00075384053606957152
1.0555916378934511e-05
0.00081372677651849888
7.9717676882636119e-05
0.00045793852154569906
0.00015741210742619468
0.00041885418501038497
0.00076462587965644545
7.3022273532471717e-05
0.00039243240327955749
0.00034196053444594734
0.00026326300737486533
3.5567000387432491e-05
0.00025066605099333204
0.0015246599639656183
0.00093520882630054186
0.0010524705173937466
0.0015330892994550316
5.2757617903817307e-06
1.0994899653660205e-05
0.00030520128598913023
0.00020552059700179926
0.00010785356346428756
0.00081730586910033797
0.00017080729475239795
0.00066638784370412691
9.0876635114209544e-05
5.1554532927799805e-05
0.00045145552317549904
0.00038090873293496907
0.00062435794216959232
0.00030749542166116922
0.00024526913472344204
6.7735234470969605e-05
0.00045090534500375807
0.00036230562040939182
0.00039918777637454171
0.00054380151894395064
0.00023789021779412539
0.0001403231966007412
0.00014460173140820159
0.00078662323345136162
0.00017586650928799744
0.00023106574776068478
0.00046943925776773792
0.0012781994328369673
0.00037376152645593295
2.9794701439690484e-05
0.00055059220841151442
0.00061367306250417839
0.00039622781216722022
7.6394302482754516e-05
0.0010195670704365354
2.0221091018487555e-05
0.00055117647393459687
0.00036863381070860934
0.00085684535405298654
0.0011925395251494706
0.00058562231203921017
0.00077884362509860958
0.00066549175470668738
0.00014477208855342427
0.00054789975657272138
8.7790106919574348e-05
4.3643690236066052e-05
4.2707245824276689e-05
0.00024133776677188272
0.00044163501848953614
0.00074970468638075097
0.00012532009457067028
0.0010616667969832198
0.00098063559100477712
0.00018879967876687346
0.0011817908844829188
0.001042291235603815
0.00056122287199081116
9.887140883029817e-05
0.00054607237268627712
9.1640457543075703e-05
0.001004669887597714
0.0012412583358842265
0.0011732677867101625
0.00070604629078232844
0.00039891047439160135
0.00033097708562969587
2.4069516216612939e-05
0.00023093370057331264
0.00017306886696081378
0.0008718128191949453
0.00024410356968655606
0.00040134741054958644
0.00015342516093598443
0.00087696090299884517
0.00011977743577132399
0.00040673972444510979
0.00054032579729441129
0.00010906488897892559
0.00011960154205259623
0.0001429826094467174
0.00035037787167601785
0.00026551043735550164
0.00063133595782537545
0.00017914975130309122
0.00070480182721278613
0.00019081048732630927
0.00013287233598547766
6.7944064600664796e-05
0.00011112365195048095
0.00063784715395520848
0.00022594859898793744
0.00023217703440801148
0.00035133843039210773
9.9820060579235032e-05
0.00058263196550029507
0.0001575409278601848
0.00012099771267322968
0.00059407593447467571
0.00024752012083284567
0.00056764361386149869
0.0003417893486761176
0.00032249805878772209
0.00023649735238111258
0.00033595672228661414
0.0001417053259462159
2.9972519179338197e-05
0.00075655776588775354
0.00046478579506903904
0.00022042843437344013
0.00025594613782702866
3.8673314535555916e-06
0.00021619649692725674
0.00079365124914654729
0.00045053545049436074
0.00022149464178799119
0.00019297880817063722
0.00025146517203749436
1.1429300554887143e-05
0.00081870887363036111
4.4782385550925867e-05
0.0010412850235568356
1.8032107859503778e-05
0.0001811396809276588
0.00043320794671014297
2.3981599876846648e-05
0.0010952078121141311
3.7883578853133242e-05
0.00033844779537593213
0.00022124151819503447
0.00010633334539859141
0.0009750843370831165
0.00010549874407708207
0.00054295246671542605
3.7187927800928365e-05
3.4540240049223668e-05
0.0009669577461635634
0.00019830550955179588
0.00072732096708274174
3.997213384195983e-05
0.00013051507421711996
0.00060699625104179288
0.0003069668307800153
0.00074943423366197605
0.00017108949329587878
0.00020684316307647071
4.3231030246015978e-05
0.00078489852541694305
0.00026627630782169508
0.00045225578881126423
0.0011605613148829143
0.00028356099536546754
0.00012522619623314159
0.0011991240114923463
0.00023749244841662337
0.00019710514739330244
0.00010424132130844579
0.00098959968368760574
0.00052591257844553888
4.0248464579187971e-05
0.00027940044274370066
0.00066354898093746095
0.00080610158815810429
0.00033848480500330919
0.00034635396395511363
0.001077968794297551
0.00020898883827344153
0.00021695279385566094
0.00068732255689379343
1.1217328154148887e-05
0.00048459123724957348
4.4755987188387508e-05
8.7931422777522269e-05
0.00030078754182716718
0.00040545986812255756
0.00023427019744290203
0.00072035774539507783
4.6481674222928062e-05
0.00068668416759863041
0.00012128439680664042
0.0004329890038428381
0.00079883302635658487
3.2212591089906563e-05
7.6453878306368276e-05
0.00041767266029617853
0.00038070579596903738
6.1013989509220005e-05
0.00055800923464120939
0.00053317713500158513
6.5423659071892832e-05
0.00090571355895170756
0.00037303275779840289
0.00027068350485577646
0.00085774025075715089
0.00013145079898388841
0.000520278490464892
0.00059351752293803554
9.4745750124447341e-05
0.0002891035280801487
0.00039923917811453984
0.00065011305906762938
0.00011071367139861304
0.00046590695165676428
0.00025901624448801885
0.00023511867760919755
0.00035575402821932999
0.00034982799262084564
7.5273235029546683e-05
0.00051011714920331673
8.1225474772103829e-05
0.00052316994039027594
0.00019006191170957385
0.00048616672804151429
0.0002987058599008689
0.00039987736773285359
0.00037962814340300878
0.00028161297474900676
0.0004186592658522669
0.00016229471761632623
0.00042126880779224068
6.4529863159232584e-05
0.00039623023768544578
4.4161177928814192e-06
2.2991141999993985e-05
0.000694667926624793
0.0012686232775516971
0.00048089195117978256
0.00060390236579750114
0.00023906369465599001
7.5136608363924348e-05
0.0010049859785185027
0.00082691917585979229
0.00040019661442838438
0.0020310662746137499
8.0729518581839165e-05
0.00094353416017085346
0.0015327812281620303
8.0881731397132773e-05
0.0010008772897359447
0.00070810385139505371
0.00024235277076051936
1.4141317726755483e-05
0.00040702103344610199
2.3994118523818626e-05
0.00049152992997589489
0.00022380819512849229
0.00040257226208174869
0.00046816820032753942
0.00023261453735103635
0.00068388135301213364
0.00040981419148464806
9.4393777114584016e-05
0.00042431439546643642
0.00031001512395310019
0.00031915144790270022
0.00056396103676385821
0.00013791943789879564
0.00069740567163101329
7.0669722046291623e-05
0.00054782479525656127
0.00021535625314143814
0.00029133855000762943
0.00029382870415302668
9.0066381261029232e-05
2.4695467193468309e-05
9.09293002198805e-05
0.00038471748452825917
0.00040628158926735354
5.8214606329408762e-05
0.00069791572589053693
0.00018198754461252911
0.0004213983291831327
0.00052657637095579392
0.00013019126536199154
0.0004797452831761949
0.00037091984232450766
0.00026116702147895997
0.00053638059344294099
0.00011152136011990362
0.00031762680317298542
5.9668395306267868e-05
0.00012392549421108483
0.00019626800754406123
0.00037064525625334972
0.0001337254399464095
0.00060726901059495548
0.00087074838886935465
9.9199571562175556e-05
0.00039237180854568546
4.333292640407096e-05
0.00014971262582107707
0.0005258838049964265
0.00044620487820878999
5.2261345405568764e-05
0.00077798894401688795
1.7598925026165211e-05
0.0002353833810713852
7.7714651068140937e-05
0.00047245052631805627
7.0003151784986883e-05
0.00071264482567873948
0.00027691588047126553
0.00014068048939595436
0.00015593320533215742
3.0937536777938733e-05
0.00024289584409922937
0.00066936343497412678
8.8596545142898464e-05
0.0010048754556067976
0.00012558112952170943
0.00061117425938120177
0.00033594834188372779
0.00053150457573728849
0.00091274769750980186
8.5694447108805555e-05
3.708264910635901e-05
4.4964940010357922e-05
0.00015063453313249341
0.00032581833260413961
0.00073056315539406745
3.86156707954749e-05
0.00064038276129268882
0.00033988755194252199
0.00020017014016371229
0.0008800212924288326
5.9440336963371133e-05
0.00042686209892938819
0.00010188887979812828
0.00071007637513442344
0.00041479937352780237
0.00023350244236201769
2.9341762255158159e-05
0.00020430001050226215
0.00010206487009819765
0.00035150626984625013
0.00014877985253535444
2.8881600254154907e-05
0.00059452469211107031
1.0588130855340423e-05
0.00068565104813742071
4.443868935531116e-05
0.00065713783608265474
2.5653734627225896e-05
0.00062009130021565227
5.6646454554905874e-05
0.00048913369942071329
6.3389451794946885e-05
0.00037624569610082112
6.4299315993909115e-05
8.6032514472507407e-05
4.8091947178054574e-05
0.00083309003065356517
6.886886646563945e-05
0.00060895781037372475
5.1534688225998142e-05
4.2058539936519997e-05
0.00046931833705388571
4.6288899494817383e-05
0.00081602035836534769
7.227564407025028e-05
0.00066484784577845409
6.0204136695751196e-05
0.00011968110743003115
0.00032607586459778811
4.4244667780494325e-05
0.00078091082925798509
7.3827105486689977e-05
0.00071720229280115573
9.4333493993336288e-05
0.0004938458161738771
4.5850156838381322e-05
0.00037263287963350153
0.00013515917178146434
7.2878717077192468e-05
0.00013941528725198814
0.00026712817838098137
0.00013844051306562068
0.00044760977836386519
3.2043244070849433e-05
0.0005578306442891801
0.00013072510445053643
0.00050160582840803316
0.00068246784899854017
5.8399000923389499e-05
0.0002256385332925736
0.00040613634944512646
0.00066436717162017479
1.8946913372318826e-05
0.00058297622838691585
0.00016090207284399601
0.00036506734054304792
0.00026033881689154414
9.3658762681759114e-05
0.00011914232493534365
0.00052818737160789154
6.8225436685133317e-05
0.00076828209428977284
0.00016174597321885086
0.00018057189217729626
0.00037423919029393676
0.00013043077714189092
0.00028060618194521327
0.00018224013079994039
7.3937565752615841e-06
0.0002536717909075316
0.0005629017182025856
0.0010719177717236274
2.4082154653443884e-05
0.00033408905105561322
0.00042296948882159256
0.00098290120156066074
0.00088021071090978859
0.0013961572203216972
0.00081938905631995533
1.3130755816414176e-06
0.00047366341951468323
0.00013042112219384868
5.1103817270993328e-05
0.001083483652923999
0.0010328556590609818
0.0016443244912706075
0.0003389854860707109
0.00038489189890104192
0.0007607593714132185
2.3424340545343781e-05
6.1449963277577035e-05
0.00012138777850345228
0.00034444513208113653
0.00077205484451937304
0.00016813713095145842
0.00066381240171171951
5.2287384420833371e-05
4.2098744308966419e-05
0.00054510406237089071
1.3414750802949235e-05
0.00095019104808993695
0.00026557537781206933
0.00040837294205813772
3.2987256320946196e-06
8.4861264427969727e-05
0.00057590256506264185
0.00020433785894926631
0.00074278622051259641
0.00018684733261682104
0.00038963160561995868
0.00026479398759403632
0.00022369820279929465
0.00067335220603147606
0.00068545662146336144
0.00024712934717923703
0.0009453916566450624
1.4357613035233251e-06
0.00052861498008999522
7.0417718123352403e-06
0.00011363930893120564
0.00022299362204486497
0.00075401136535999862
0.00072967267648057479
0.00017281185265410727
2.3808298428062061e-05
0.00070175029742617571
1.6391025401042783e-05
0.00092375502870914873
0.0011271365517239746
0.00023706204416471753
8.8777693261915032e-05
0.00080154586919937206
0.0011839619413968438
0.00016857132026351762
0.00013522368673477055
0.00065775303689883996
0.0011474441231797547
0.00025006894525463037
0.00021316386411394746
5.2284001935129577e-05
0.00090163275102000051
4.6375935376513159e-05
0.00079652851392243609
1.0363251148941563e-06
5.7325700171522667e-05
0.00056865990743350345
5.3876963389144661e-05
0.00053327820874288874
0.00041063499562827844
0.00050676923535616144
8.8538003439523377e-05
0.00013042266083346273
0.00069675614659904614
0.00019301984728995689
0.00073381135643484845
0.00012962025661892522
9.3556138956617707e-05
0.00029635612017530515
0.00029874342155654414
0.00066144907986046193
0.0002815976286247399
1.5392510465017076e-05
5.6912172428644462e-05
0.0004315534562408076
0.00012487659828679958
0.00054784327773460333
0.0001803154500276806
6.326185527645803e-05
0.00055384634685025065
2.9564179088746908e-05
0.00074425478917177575
2.2505571882072858e-05
0.00063229800170045358
6.5332703502074023e-05
0.0003706778712303508
0.00049048166264769721
6.9641932750500935e-05
0.00015720911792423313
0.00071125907114261025
0.00018056504803281014
0.0014480563239059007
0.0006388393976225062
0.00081129886795507881
0.00076474304882039425
0.00014858073507499858
0.0014994355936213341
0.00050240133098277491
6.1317081576215586e-05
0.00044846242013737623
0.00067501775037689254
0.0010814895005045681
0.00071629191515468421
0.00051876521245674656
0.00080182723668840018
6.6805783805994821e-05
0.0002497734188998759
0.00035867228086718339
9.5491203023508566e-05
0.00069589201314967204
0.0003553427650363873
0.0011698351488240147
0.00048238573497972264
0.00058695250439708786
6.8857763760285168e-05
3.7687107747011698e-05
0.00046059768376846587
2.0478900383843705e-05
0.00085107795959268645
0.00011528231297013787
0.00051079214789074559
0.00012191098876706682
2.9619766767553688e-05
0.0004573494542961793
0.00031839765841268103
0.00025768337094305246
0.00049125017120118055
0.002029285567963834
2.8575118897914406e-05
0.00054685189428656754
0.00012473666376393967
0.0006832170624398125
6.2527262361682475e-05
0.0015357587561883501
0.00091810298982081436
0.00069342404120389999
0.0015080109243838229
0.00034765217867241318
0.00022159434222765551
0.0014754190803646309
0.00079698164689965525
0.00095295992019989748
0.0009634521099163068
0.00041199342741998903
0.00022108538313939314
0.00056201054372429925
0.00012531170965370919
0.00052555197343313734
0.00068155249922112525
0.00035239153947220293
0.00013095854896170157
0.00012601267901450662
0.00036838686572820484
0.00057715914827516878
0.00035722825264382959
0.00052509692468296135
6.1976925630139436e-05
0.00020068494773717771
0.00015638186616723357
0.00034322364336293251
0.00065545342172591804
9.8229963967541692e-05
0.00026054172153950218
0.00076881390464510354
0.0005227645932366692
0.00022359207930328635
5.1078264690290093e-05
0.00019105235771386118
0.00085776243239223397
0.00043760529201167719
0.00033604548275805102
0.00012388554681035945
2.3334497956627498e-05
0.00091455271920084385
0.00034077456432049942
0.00047371995659993587
6.8873793906605864e-05
0.00094411848018656041
0.00024260941387864012
0.00064261964506575622
0.0001495215372296682
0.00080453914435415922
3.4773154185713839e-05
0.00074896854919785931
0.00064972802217144027
0.00023393219212729049
0.00094590761483146185
0.00040250572632773103
0.0010583014806640183
0.0010955645488880963
0.00091021628679357808
0.0015448627432972282
0.0001263670393462113
0.00038759123841634288
0.0014891878764568792
0.00061177461425741201
0.0010976871157198957
0.00087184271529802877
5.8294572186756168e-05
6.9419030172146825e-05
0.00083619166346168947
7.2122110212926444e-05
0.00079179716206366903
0.00014371518506487745
0.00016633197117925808
0.00036700749985923439
6.6670816081262649e-05
0.00097075358244588089
0.00011782980644890668
0.00042950331792631876
0.00011151788637279944
0.00020799969513424213
0.00014912561574015939
0.00049438382937991038
0.00024648970422944062
0.00056290942345690225
0.00025429141404347233
0.0004196311176184071
0.0001961985110273228
0.00025365281575872353
2.6031169127965121e-05
0.00067633210596766908
1.0801836613112126e-05
0.0007878281228110985
9.6704249970937485e-06
0.00064171626941226894
6.524132649940456e-05
0.00013779345882933321
8.0325770589749794e-05
0.00013957535264769573
0.00037775649475358812
0.00012106760768903947
6.3856592625212067e-05
0.00069991855762586964
0.00065917130258302359
9.4971414868736271e-05
0.00023039693360774098
0.0002260612148506191
0.000190091370669328
0.00049325957736124628
0.00082187670940663069
1.3050999231591705e-05
0.00012447963010737127
0.00037980994559717559
0.00037919646360440524
0.00026207373880864115
0.00060472533036176352
0.00026948310485892969
0.00032672582586986104
0.000700095340878759
0.00035908448099931272
0.00033228188583932867
0.00022254305754509484
5.6294938850994994e-05
0.00043835511080457626
0.00031896310101902161
0.00067062487776407842
4.0347909107268847e-05
1.0245440023562511e-05
0.00058830014920363733
1.0867920867048896e-05
0.00081085415911861039
4.4909435349420664e-05
0.00063824031988320195
6.0913162739743642e-05
0.00016600021029226553
0.0002910788584745497
9.2286913508985257e-05
0.00067200597777138018
7.1144917805179142e-05
0.00075513462917256363
2.7874309130214446e-05
0.00045346493793355639
9.2192737771074689e-05
0.00076836667416867372
3.1776595794020817e-05
0.00035123210589505931
0.0012523042193126515
0.00019061521645033521
0.00021331625148521385
8.7697128702434138e-05
0.00092362220228626969
0.00033381105045341612
0.00033796816482733279
0.00038374381435582304
1.3074380365216463e-05
0.0011109181113976656
0.00034733452002407657
6.9796908717938293e-05
0.00069641449823063179
0.0011289736047659813
6.0203315186699778e-05
0.00010196872314249079
0.00082100618536294352
0.00032515854298044428
0.00051272401788733516
0.00024044297807490188
0.0001688147485340314
0.00026092153042266874
0.00049319456059023208
0.00023091181748487573
0.00068146230437805746
9.5537705597729581e-05
0.00059173945145697909
7.8841076996418437e-05
8.3735552718292695e-05
5.7374794767395623e-05
0.00097274456124318062
0.0011322398618486458
0.0003776841403862928
0.00069225735719361068
0.0011199797706970725
0.00058942076337303341
0.00010984294721484406
0.00022914403310876638
0.00057397636771582949
0.0012515502445526851
0.00013374069724791433
8.8041002829749204e-05
0.00079004659421102162
3.3876560246841139e-05
0.0013561377807071878
0.0008808966177157691
6.7754940103144896e-05
0.00034427518201006892
0.0015117457248483253
0.00053009484753570649
0.00086749968196252322
0.00056934432409807743
0.00012639814688520477
0.00059057135415751952
0.00018590335179649746
0.00051357030554243129
0.00020792455506507304
0.000377354534383863
0.00019929294544483164
0.0002488200501519179
6.935165136012581e-05
0.00013010444791313909
9.72180185958775e-05
4.5633701509091595e-05
0.0010084262212214756
0.00095317036284984136
2.0015579084838513e-05
0.00031856945132155336
3.2274586745028563e-05
0.00090378071455221945
0.00063368587935408102
6.1511863312420712e-05
0.00060051812932477037
1.8892558473174686e-05
0.00072194745502521934
0.00021693140747089607
0.00050070117721599838
0.00015755427105783985
0.00075128091752316682
0.00010987792861210849
0.00013108243396751449
0.00075545120742342661
0.00071583725700633113
0.00025092560855318613
4.7090185406671324e-05
0.00053634379307289934
0.00022152594839994663
0.0011049746775387264
0.0015072526485102506
0.00067244104610419443
0.00011087900789770078
0.00046952513184099091
0.0012868019474233251
0.00011768317489228644
0.00087569503786624227
8.7548110428655067e-05
0.00049459026640606902
0.00039426951369541123
0.0014978198352230054
0.00057229920473581312
9.524131042137306e-05
0.00059147749048544813
0.0013043720688190245
0.00042091462813236024
0.00035626658389678438
0.00027724191997364036
0.00048092680629791256
0.00013750033189743532
0.00059529873698960071
4.763700426078051e-06
0.00058012632737464631
0.00011541811023365266
0.00044400063795206038
0.00027313464284936978
0.00026245703583897785
2.1711264179709768e-05
0.00049594252513354491
0.00042091207960382869
7.4034449308381045e-05
0.00047018354494213498
2.8717148686749822e-05
0.00041955526894717801
0.00011887254662141546
0.00030801722371012779
0.00020018398867330478
2.4673484445881074e-05
1.3079976548384544e-05
0.00043908484934644822
6.7872848858727114e-05
0.00071373834533028098
5.6293777974134425e-05
0.00071478105056239905
0.00016895371512804679
0.00058823202316840692
0.00030501730785060404
0.00036880299380865884
0.00041394928136319586
0.00028575708008047088
0.00010363654490279629
0.00028882453683308094
0.00016529331292865505
0.00027154697315910284
0.00021169863598434431
0.00027270700638754307
0.00032345392154284618
0.0002096347696342299
0.00041803589222200475
0.00016192044894260758
0.00051932144134279824
3.5670823192954668e-05
0.00040875120104400426
1.3083924766745309e-05
0.00035341660880733669
4.9252929652706496e-05
1.2349772482143962e-05
0.00037091407392694705
9.6703268942215353e-05
0.00068537528286079534
0.00032225553823439149
0.00021088681990273238
0.00050686036854877368
0.0006568049586791443
8.4254379523102015e-05
0.00011148019766243144
0.00026782941266096809
0.00033610637172091351
0.00033165253173415561
0.00080946399073173478
3.0080174071467722e-06
0.00015425348722424516
0.00015515314716089767
0.00012187730828943356
0.38394176521929974
0.36297194956270817
0.036108245670529886
0.024819472468990005
0.18898448996625894
0.17459622425483454
0.0014300460375450343
0.007642262060412062
0.013288554571845676
0.01878914951329215
0.032671038586772554
0.18898448996626516
0.16925992834059819
0.0021230844141102612
0.041497721987104837
0.018226104975324568
0.019716396689246241
0.0086595865648965153
0.18915731068528102
0.18601181067784917
0.17625597427635975
0.023751737215243526
0.010162528582481184
0.18459167539031451
0.21297753604853015
0.18601181067934128
0.17509366563712403
0.0011080548715376587
0.015297801888663714
0.022185008817546415
0.0087452473325660123
0.012682435724858809
0.16687645887728619
0.18028214585922164
0.18028214585761104
0.1668764588784139
0.1900852602420135
0.18299067523022008
0.1682020384718346
0.0012766943953739435
0.01827739775015888
0.0071801459457123528
0.029907832157046597
0.011749079532155881
0.18299067523022006
0.1653312002934357
0.0013608303599719073
0.0085733204408904255
0.022136003640631258
0.010163881451344375
0.026242774705681756
0.17779246224800568
0.14574454974814524
0.031794506462729175
0.015761996986233626
0.14182423460886395
0.0014800420565098838
0.01410994467216487
0.012386909936328553
0.016945778481671819
0.014876446132884635
0.22672195828645073
0.14517777266228407
0.0010240108849266171
0.0073712084338863875
0.0072290263657991769
0.020564819096374372
0.020168147568878268
0.18268405129552293
0.18268405129428872
0.16877274605072987
0.18307867090957475
0.19063229299754325
0.17183309572987018
0.0015370608346336524
0.018794685990731096
0.017512756934553994
0.015081458763303789
0.014052797778611069
0.18059582474707836
0.23333208631497079
0.33996347734578947
0.0027530942271310646
0.037639722780928954
0.020215987349964132
0.046297589660776871
0.024866056861351727
0.19598219016574042
0.011661299506963806
0.17780156876604064
0.028035998616932789
0.081516875813124307
0.012853694336975608
0.17420799639209905
0.16902505510481219
0.16456340875380873
0.17420799639549184
0.1687363866648349
0.0016742682857623415
0.014514026603809033
0.017277214422643555
0.016351593140894669
0.019464617818250617
0.18119705917763212
0.22260293059417968
0.0027354839620061565
0.0048445538722959886
0.043517199490803335
0.01399278339739291
0.12569304885185603
0.36850236453207058
0.0020985447406976559
0.02825310611685819
0.042071577645579672
0.01838102448969316
0.027371103758464275
0.18612760374808904
0.18612760375002724
0.16919284097891849
0.0012697951136986262
0.011657366369663587
0.01075380799847621
0.019978061983091176
0.018429569418604397
0.18712108897458601
0.16779286868539112
0.18144040809053485
0.1814404080900385
0.16779286868571711
0.18945912055183289
0.17315747978534632
0.0014558266014027372
0.012882394832253083
0.019456167415256746
0.012956676406150124
0.019568354221858205
0.18941221388215582
0.31001342020994677
0.366677872093498
0.00052622248944956445
0.0094183532539295154
0.0058630652753794898
0.032910113330883978
0.02048703605363341
0.18945912055100605
0.16993969419821284
0.18417226558230151
0.18417226558639366
0.22652975384920054
0.17236587792894806
0.00099712045840492079
0.019861202725442881
0.020972115219293087
0.0081951458599545373
0.0086535314899992694
0.3496327508009609
0.0010271512730582321
0.018916509524065588
0.022450887020933223
0.015996059521087496
0.018984777536848366
0.14530351079937137
0.001330232794285644
0.023754188004596406
0.021975940961707963
0.008795413835837854
0.0081369859981221485
0.033020443688039455
0.018447304248577968
0.018447304248562207
0.017017478922371317
0.0067301339954631695
0.0096483517649724199
0.0040079038128929901
0.011504195209228801
0.0056444365757577358
0.016201661328483011
0.023592405138634542
0.020946940358994401
0.0042055793835998568
0.4775467872857293
0.050723191855437152
0.0038707083588335094
0.017872248752759463
0.49996191231438675
0.00039269927941650267
0.010985449308456073
0.023836358170492126
0.018167100056301858
0.014894265981591005
0.0073728500178654368
0.0084894878631806437
0.0081378168078966254
0.013494182997816724
0.012935195971565191
0.011830765165593195
0.0076739469046378898
0.0067986063512894719
0.013577254944070541
0.006686820281123977
0.01335401095914048
0.011517996646514301
0.0078938054277745851
0.010661464215598737
0.0090735425984552684
0.010020432863876445
0.0085279866448661184
0.018387457919221174
0.0087680267768218585
0.010493010108121316
0.011311018935009196
0.0053403990314899756
0.017227737675587364
0.0081339262294670821
0.017199492620214384
0.0071277107380657099
0.017488289318581627
0.010784906212134661
0.014793619888443622
0.008426028822318769
0.011557955638612996
0.018466627519123403
0.011447233491683355
0.012739270534462213
0.01780955232487004
0.018466627518828629
0.018606592227919619
0.013833576906687019
0.017138371009041982
0.011655240911499344
0.00887279243583485
0.010087509815104912
0.0098142550824080466
0.0063288532103805348
0.0082952889138158264
0.0051611848487670628
0.0090361349024545828
0.0058099692445911042
0.010172018133738966
0.011409574380501412
0.0067220857740245008
0.010502079558649386
0.0040470566163567367
0.018951090854737479
0.007302947687886913
0.010532563020763542
0.0083006958011907963
0.0068642905366640347
0.017202123084897911
0.0050823727519415229
0.012736582342378266
0.012248235419397466
0.0065643452014289023
0.0072982945518158338
0.0054089364336315946
0.014864594248394803
0.011016497735253664
0.01099111455863413
0.0087446831533902966
0.0089298248728027167
0.0093031605531681393
0.010331307706512674
0.010763236198573334
0.010229003470441179
0.010355262734247316
0.0046406968959063497
0.010965977094282535
0.0096593324548500947
0.022825024090537719
0.012380310696197817
0.0061047452610576312
0.010415905762234952
0.01295271406121366
0.0058349657605236346
0.0072560797666834636
0.012412258868987754
0.0048523562095345264
0.0049764096938603097
0.010933071075754381
0.0055088548295316887
0.012102842230130374
0.010813462704723244
0.015446920276125027
0.0033921230909701029
0.0092493923156872025
0.018058991402647741
0.049241932509277414
0.014542139736302416
0.013016209150249898
0.011040915193522009
0.059570107160756489
0.0031774918884914828
0.017143826302635647
0.010403668559267446
0.0083685641601424048
0.016716762080810636
0.0064098773721157597
0.013582750930279976
0.0052081717391328679
0.0064707020365420091
0.014923252170585443
0.014586954920864422
0.012116699855328084
0.0062905165441306888
0.0078416867495967185
0.0074114561457772126
0.010284119530766554
0.0097198859549097773
0.011444742075463442
0.0068442742731544609
0.004791100968615839
0.01055744291388689
0.0074195005730932307
0.016349259650984316
0.013440252462084922
0.012904125538269026
0.016972686948161172
0.01037157411231808
0.0096448339901964407
0.006664319409918117
0.012159344684517395
0.0082267682285295102
0.015010101463842648
0.012845379810331715
0.012018177572674987
0.023273838274900677
0.011780928509917254
0.0071777836045043746
0.01003713632382573
0.015608104987931961
0.005417759271205822
0.0084248089072572405
0.0062128135137825106
0.0086090150759055746
0.0056342025308248602
0.01021653053454843
0.0052352611312689225
0.009493127893667146
0.010208072479699784
0.0091504698441947797
0.01756232615446035
0.0070989167236408402
0.013158156804654099
0.0053186951757597479
0.018226941728324123
0.028038793835342357
0.033638009899501387
0.038703581345233926
0.0036214191961690574
0.008177017689554927
0.010150633626746319
0.013505272035879015
0.0047479615481462777
0.017481588653240412
0.0061458895833854561
0.016552691048219451
0.01714185234465351
0.0082165649668057474
0.0079125735073413209
0.0087257032301690657
0.022151729072468242
0.0029349480604879854
0.0074508807557091637
0.018074467136223002
0.0097995745381433443
0.0059526599535097745
0.003123639271703255
0.0076807951430493352
0.0075947260444028794
0.018674862825255704
0.017748007693918919
0.014476666012866672
0.01807446713646613
0.010462533327900085
0.00677463125231544
0.0087350366530103921
0.022926979486730142
0.0030915457181181737
0.0081144256260397233
0.018942294758542508
0.018936089010845893
0.018936089010890729
0.018942294758478723
0.018780878637639244
0.0187086940301191
0.016202036606545539
0.010411270549786871
0.0065030010682712233
0.0046356707066877775
0.0077598269879712188
0.0087250016800987807
0.014605114942622861
0.019661565785957121
0.010005607261768034
0.0074142220154201363
0.01063197678567397
0.0083398933917609094
0.0088950529884632926
0.0069774224618141482
0.028034289864698983
0.027081465006010032
0.0040803602526639261
0.00958146836989196
0.0060759218092002552
0.018186891942405886
0.011532901756651977
0.018725054865336113
0.018725054865359751
0.018792567175706532
0.018894577180704034
0.027796589810473372
0.025450897095996457
0.005867442147856429
0.023453010646347576
0.011563973561485599
0.012913525400919548
0.0063672706491122643
0.018868536775666977
0.02024673400586197
0.0058896320822165553
0.01577122236364251
0.0047983796413802755
0.025343825528088056
0.0036650622103492491
0.019357929999461416
0.028849125435066535
0.016889808885641542
0.033501520508172809
0.0042697201361950963
0.023292627968901403
0.016889808885826477
0.01450289300575917
0.010819459082353029
0.010838838369261762
0.027016659520647145
0.0062355248669261933
0.012769276465272216
0.017579296118904901
0.0059607545091712637
0.013357896355126107
0.0045293702542636522
0.01817001488849123
0.0053784044860197217
0.014096451254714464
0.0034309535505733998
0.026241213405829637
0.0028892115426518939
0.022097768316520567
0.0096790393588015305
0.0079556627479756056
0.006100771360867719
0.011888414515219731
0.0064771608328786289
0.012621874892235721
0.018945610704381232
0.018945610704193632
0.010457467611006861
0.0073653406754593748
0.013120431524548233
0.01044823341824919
0.0073718501946096939
0.0058704480423177148
0.01894900473270492
0.018357495609218136
0.018126546873303666
0.018126546872954195
0.0183574956090066
0.018727340427641698
0.0096793610770506498
0.0081324856659919197
0.0090488210332254557
0.0085611174578930777
0.0091947418782929672
0.0086991736189764961
0.018633960647071835
0.024678564756601403
0.010463734156007249
0.0072173418770569162
0.011129199484163318
0.019464242965324223
0.0038799529398128828
0.0067857842625614027
0.018727340427518089
0.018912007130408005
0.018893179249024922
0.023767107469783329
0.018836590420002419
0.017723325654707314
0.015269174490000939
0.014467996066820114
0.51745156431574146
0.00052298721392927787
0.018704770910565719
0.019611193884136558
0.017747057108583868
0.00071418949205912863
0.018583213148429301
0.018728783609668676
0.48732301678903356
0.012097781735369594
0.0043821303443957191
0.0087605508496183728
0.01450729704789184
0.0036543028151576487
0.0060514523975109154
0.010091120738169453
0.020117948158931916
0.010458099676092274
0.036566631590696494
0.035582728365689355
0.0012609081141883097
0.0382611340122338
0.018510936663049132
0.018510936663333574
0.018638683035457265
0.022276999725469815
0.0066091368277390429
0.012307851528446177
0.0094331935941056305
0.022974216672781027
0.0035406767493131328
0.0086231957391212869
0.018148559621328324
0.027483889106008234
0.016782854715037349
0.023889921762102043
0.033706537831204267
0.00076449533022646371
0.029606603079927799
0.027198208098541721
1.0533047355832339
0.04156017476598519
0.028219649976081323
0.016192290617070927
1.205090067611051
0.0009732165390474376
0.072430369030334479
0.010526588408964442
0.0063573783150738085
0.0080977729150167113
0.0085744348882951307
0.0078047714811166936
0.0082641864109028011
0.010558334811885244
0.013861590078609563
0.010488746303106321
0.017319141266683352
0.0085123973922680528
0.0068127490848749889
0.0082884982568960201
0.0050664986007173084
0.01144633249006639
0.0069967834638821882
0.016774306248200917
0.016774306248398013
0.017319141265882593
0.012944989947597069
0.016709370422369248
0.011578444091982653
0.014326892629476137
0.0093159748490252749
0.013176023172196584
0.011171525373757684
0.0066510523779731903
0.0049086023584848865
0.0085939167833353151
0.0086459297053935371
0.015137180601782017
0.010239559820015454
0.0071955468699013581
0.012720719386519497
0.0049020264291919262
0.015030362172940296
0.0057920649275668996
0.0097811173352567848
0.0085144479465949045
0.0066512014531240034
0.016668115291460443
0.0049964145888316547
0.012521168543386214
0.010829628562104017
0.0072409975902978287
0.010362090860290355
0.0076795873864642667
0.010211136403009222
0.0075677115149150875
0.010229142744035299
0.0089698602214718526
0.010098719683931173
0.010520924199430784
0.0087210951110591461
0.0090857042745206892
0.0088560979307604759
0.01127001361137415
0.00648760257076681
0.015330219314794037
0.0065105620587577306
0.01538447263601969
0.011666804832798187
0.0062005427866876021
0.010579355334449885
0.013155972003504704
0.0054986832238946397
0.0068378951517144111
0.011620365196550483
0.0049756418112733023
0.0056380205265962611
0.01238661664447928
0.0046678424459024115
0.010255155095919373
0.021991757075893917
0.014064116594354456
0.0068986918461358378
0.018810846669959514
0.01644235589480552
0.044833809442196899
0.014542139736370653
0.013016209150085119
0.011040915193482987
0.059570107160494101
0.0031774918884801633
0.017143826302559652
0.0096156903440526905
0.0086175336432441404
0.01475231571300792
0.0056566298077345249
0.014648923097210536
0.0056169849300219754
0.011155002141966033
0.014688707429235729
0.020918283535465061
0.011423500520206397
0.0063802819698273614
0.010802022306542121
0.010209374228671212
0.0071390422927882658
0.0067473619599215506
0.010488760488546144
0.0071619651574351996
0.0052280357895445242
0.011520251767079309
0.0065207027313688177
0.014368711345450655
0.0070358419627254672
0.012625304297785606
0.012005023384310738
0.010017772707418099
0.0095096155267215109
0.0053610275173432221
0.0097814311465431892
0.009739389405741242
0.017769945513885544
0.011820294128416555
0.01267870345459063
0.021416541820510282
0.010524949083561821
0.0077614966335526076
0.0072456071243878145
0.011267177514597831
0.0072502058989077234
0.011274328773005292
0.010725259017730015
0.0071498974340306687
0.0056552024611719823
0.010254609824113766
0.0074780516514492959
0.013559992317992105
0.0093803550586505028
0.0094622531141916131
0.014730451923084375
0.0059542369606415879
0.014906913253982195
0.0060255648862233722
0.029447056617627729
0.025457863276523912
0.028706151187577321
0.063505785576906143
0.011804580235603584
0.026114930433169418
0.038890850552159899
0.059704916282249276
0.05268353310499533
0.0093494669745094964
0.0097188549299783364
0.0032364395640809302
0.013262372324351705
0.0068514222776748217
0.028075949326025813
0.0094684213641365832
0.0085111445279691528
0.0078125866392050412
0.007075836959047818
0.011389055902260609
0.010315034751419707
0.0091251706028749706
0.0066999549209476594
0.01165104193393708
0.013343140195927826
0.0045819972500834374
0.0052474475700869322
0.0079031917442134239
0.0071165544456625839
0.005733336674153996
0.016277078572912301
0.0034553801586854893
0.0098099060876282989
0.029668136393705989
0.0091990568445201489
0.0076001994667424817
0.0097791544325353148
0.0097535951555341883
0.0071680919506471657
0.0071493570744367452
0.0078012255180846778
0.010593993226549652
0.0041329395899674035
0.010690686901451342
0.0077306660516038043
0.019996936441557617
0.0080769313314931271
0.010768156277160114
0.0042258923911703931
0.012531634372182108
0.0069403284706801068
0.020581134294647977
0.0067813712840592497
0.014590632365916798
0.023332916428507343
0.010259843826851876
0.0096438597908808238
0.0042405541392848221
0.0079735335077811796
0.0094714902487140658
0.0099988994771837252
0.009570412020401339
0.0078911174049513168
0.0075529557066829848
0.017590039736212409
0.0074081645076293431
0.018717140423315251
0.010146057128449971
0.0064099206827824664
0.012468537613154184
0.0083265410307369111
0.0078106168211109165
0.0052159622446606912
0.0081506926309838409
0.0075874559133427945
0.02053955651646755
0.0070521537743283491
0.0087693806714655553
0.0030109228965686467
0.012608939803966124
0.010169606752843636
0.013592334530445898
0.009094242369998359
0.010113286654215797
0.0084583269999217482
0.0077790156301969374
0.0090683735304394573
0.0092398832845547348
0.0040317299020654705
0.017496960646498982
0.0076346223497943417
0.0090058840230164416
0.0098709163791371613
0.0087615836696798635
0.0085893171347385371
0.010349638593721422
0.010146148397696101
0.0089545136054980778
0.0084072262174342376
0.0068280923798878339
0.0043570845077015412
0.017278210100227842
0.011025425164173262
0.010951080361061006
0.010026141169056276
0.015068823794994995
0.0097868143668205787
0.008270981875489242
0.01714258103622569
0.010236609206854763
0.0062015113819868179
0.0073378188640978942
0.00464347138777047
0.013671334053323735
0.0086514057767035548
0.018687948665937881
0.02564946665773396
0.0066253399653841286
0.0099914371537855196
0.0055009141967038537
0.015659425510788548
0.0042272730785042475
0.012033757575470651
0.0087418992688463176
0.009099018689109957
0.02012810833313889
0.011980942182495576
0.016316862230195642
0.016667792482367643
0.0076625522387810683
0.010057235131468993
0.015660409882046439
0.0057519933172522049
0.013397805825233429
0.0049209497167078571
0.0094203375788457361
0.0075828790353767881
0.0092947528557336297
0.0076903918964336916
0.0092886398111814844
0.0076853340203377864
0.010510034014859995
0.01407019122664706
0.0090558796485275227
0.0094731423597234441
0.0078629314066687907
0.0091484671291843529
0.0032371266859367613
0.023010118480599088
0.0081419835179267815
0.0098957988159403282
0.0079674628695435481
0.0094428199267606993
0.017947165113137441
0.0043931400381870328
0.0083496678155467775
0.0083778289940089311
0.011519997253475958
0.010796985937464908
0.0071640610319561124
0.0073301882072488219
0.0092376677263178181
0.012636587658601565
0.0041557038269512542
0.0056847591024350285
0.0070663407279291622
0.015893433232464629
0.0072545159356662038
0.015601184777010621
0.036358753577639
0.0022751563832746273
0.014741996814269588
0.018518921945193879
0.0067167033143312391
0.0089721545502544735
0.010832916942649486
0.021038791129892407
0.0078578648430981998
0.012369085875139522
0.0046197808818694442
0.0072877895759071876
0.0098163856823818597
0.014484324262740853
0.0080137299027826445
0.0089271480467922951
0.004939115691656692
0.0099222516481957297
0.0069200592616855587
0.0077612164198439205
0.011269772096476803
0.0060926315835914003
0.0088468824602435797
0.0097830295024098866
0.0044925333997187736
0.0072167724747522425
0.01001660574999003
0.0043877724537630218
0.0060900613042424358
0.01040331898333397
0.0082352901145118663
0.019665466497253533
0.0082300035648264318
0.0074452257166092925
0.0043955913717758132
0.006994799622500273
0.0087599699055753051
0.013939929580823882
0.0066514951899661221
0.011107645867971175
0.0042663888756244049
0.010862860165089956
0.0068013812145068259
0.017317327420568129
0.0067267630409103144
0.010082953119122603
0.0081782108379873895
0.0082532684701597612
0.0082180334530705459
0.0082934565675292383
0.017103105292056345
0.0079530653461468669
0.018063818680863358
0.0050112618173427399
0.027143286255572496
0.0075300863240979595
0.037601102871900403
0.020900353146964781
0.044608504486148365
0.028455305893572782
0.027617918840070397
0.017617186179870629
0.013044541094032977
0.0098308483667316551
0.0084558519023909037
0.045488821611277937
0.0028191300844171373
0.015165699090919317
0.034440710336656938
0.019753443021727699
0.039448846787864582
0.0080512191922833716
0.0067589636047705095
0.0051085531107745641
0.0077073829995599665
0.0070604895978025215
0.010652311195492738
0.0092703225854247097
0.01123736509521508
0.012201364341093215
0.006875465513058886
0.0078984740345941964
0.0060793605363804303
0.0084726197737120725
0.0064095506798425286
0.0089327957283771089
0.0068873497803694601
0.020368492450187119
0.010856409751211131
0.0059844525660574634
0.011297813865573008
0.013981074221332856
0.0061227577350953348
0.011042610879591701
0.004835911040047566
0.0075180119825048828
0.017511040581555209
0.01292378926013533
0.016944174018736949
0.0077695267277522106
0.010186502601395931
0.018665567066721261
0.002828958033675809
0.040868411488311149
0.0071292251966360255
0.0098766916294823325
0.014055973100542301
0.0046400115891138214
0.015175211844192292
0.0050094830376128784
0.0084476312946699956
0.007543601980601636
0.0055353377258032391
0.010507463610586097
0.0060647907551792486
0.011512498662693188
0.0072861363632887467
0.011276551721863535
0.0095889474739900542
0.0039256900510549805
0.020929439788833069
0.0085684579852002875
0.009870131366624629
0.014981246559536034
0.012069437724257408
0.0088386665270705177
0.0075390054974721855
0.0084205199242125047
0.016523280511966883
0.0040327800214762571
0.0079133778124917589
0.0077514535908575072
0.0096314634122394195
0.0082412762955416004
0.0050232809443725435
0.014862366345576049
0.0090590145233214268
0.0062052372814349584
0.012840299889867407
0.010316433827268538
0.0081649617012003618
0.0097584177975625786
0.0077233188246510947
0.0068955849380625709
0.026031072487621317
0.034202205823644014
0.016944201498839798
0.010593563313063005
0.0052481840584436322
0.0087908704220941315
0.0079144433048173642
0.010997487060340589
0.0050226790035170854
0.013852138571256644
0.0063264312268720407
0.010294624661825994
0.0065339163772168253
0.0042968374127379163
0.0071588147993633658
0.0093959989970947289
0.015654354636691917
0.0090628343557568273
0.021867378891786821
0.052811486278005346
0.015865936047814156
0.012490938580213206
0.0037526009332059722
0.030504445219112768
0.00730933433498435
0.040412289970596794
0.019237819987677304
0.011590044451633851
0.0055173114162037533
0.0090817365543272629
0.0073289080325091294
0.008772620775645449
0.0049549994389301352
0.013432738550725663
0.0075871525379191743
0.008501327104270125
0.0088677518792622066
0.0095704280185878194
0.0053612140600361492
0.014061676806951784
0.0078771460648045383
0.0089956550247885583
0.020774250089808707
0.012144662355193851
0.011290348990842473
0.017136210515893688
0.0069281687160884708
0.0056593957821468302
0.011994180492851511
0.006991869617128668
0.017391875600512183
0.0039029611325849525
0.0097083924913673719
0.01101378251268322
0.0088448989115885307
0.0097619692338123155
0.010804495632977034
0.0090162277137283611
0.0099791128844667603
0.0059954381060825651
0.011778072478693799
0.020944731350200176
0.0068971332122727191
0.008962102179621562
0.0052239525884506281
0.0053525998136338656
0.011548184946949182
0.011832575343717401
0.0097826786134924491
0.0064177682249824987
0.0067638026836838727
0.019950922993652569
0.0031468701463517358
0.0092821992149973893
0.0094350893848830063
0.007618285803787388
0.0046686593188916617
0.0097579738912174242
0.0073662020742864985
0.015396113232649281
0.0065414027286272063
0.01044996136143319
0.0072709965437334255
0.0057556195114511193
0.011876637367659058
0.0094013805882829631
0.011006130610401874
0.015969939086959702
0.010580342795503943
0.0082616826197958477
0.0071480698778154089
0.0099493678302721312
0.010465496420183532
0.0056428364507145065
0.0059355615032094513
0.0080398532278181979
0.0081236407756704893
0.0067528855412520373
0.006501632808197026
0.010045611839162276
0.0096718475550824148
0.0093105335671792126
0.0075385704306726933
0.01186728643356766
0.011354314668306361
0.0061816247914320121
0.0059144197316068408
0.0076735800647915482
0.011619808355000637
0.037980327697019194
0.0077468107266012122
0.011509966216607319
0.0023476766830695115
0.010914654864406726
0.015779617555739648
0.040082426754208561
0.0068301903259999613
0.0088940061666596161
0.0089079867083754587
0.0073464820676231593
0.0082689584374846907
0.0068194707589523361
0.01138194345090681
0.0099508171920195104
0.021589259506632031
0.0061924286626125922
0.018290019108931157
0.0052461103881346616
0.015107232465274326
0.0079257067552078175
0.006696695154996846
0.019878437863443277
0.0060233855006642549
0.017879788706400501
0.022024565162412541
0.0028483907609727641
0.031979531383356123
0.004594221744631628
0.037535518868893593
0.029331554833410822
0.0048544928889098669
0.035523071292875366
0.0058792143124670754
0.00836393242104852
0.0074508712085087784
0.00834888564097447
0.013423056742904858
0.0046426521514068555
0.0074642995419721414
0.0056782369208171635
0.016113560685582739
0.0014154326254150408
0.02133193618731135
0.0042891847419423571
0.064642155032900064
0.010137118495754523
0.0077803032490929777
0.0098799588543046022
0.0082246807822657815
0.0095894124108768068
0.0079828121889998181
0.011546830398623866
0.021465301988723293
0.01966331669324177
0.0094756756790740308
0.0082178450370848331
0.012555869754992269
0.0078152842811367394
0.0099637622319450388
0.006201851076174365
0.018981771448116302
0.010769093730432052
0.2847208822486052
0.0099832775645956121
0.020475888261320088
0.0007179539283525975
0.021416017419796558
0.0093673304623011402
0.01398475582119941
0.012113723679815691
0.016560631368197468
0.014344970689693938
0.0096279364414185043
0.0076764580124818434
0.0078837495559864711
0.0025056259244431033
0.029497000776690069
0.0093747840814236826
0.0054358975327583655
0.011670822465939604
0.01090256568331982
0.002791441227770333
0.022727111148435633
0.0058189417877044297
0.010877085612044667
0.0084825872930446699
0.014982219827362669
0.013749842612712778
0.0067103188594160564
0.0061583549875286201
0.00880353257456927
0.010550044297139139
0.0019245377068224613
0.0084853042946918533
0.010945707473462629
0.048259724038538225
0.029447056617805598
0.025457863276305667
0.028706151187539608
0.063505785576890447
0.011804580235576607
0.026114930433137597
0.038890850552130471
0.059704916281902755
0.052683533104534226
0.0093494669745502242
0.0097188549299558769
0.0032364395640877464
0.01326237232434878
0.0068514222776903449
0.028075949326024113
0.0094684213643251164
0.0085111445272888324
0.0078125866389798532
0.0070758369588323038
0.011389055901923911
0.010315034751097907
0.0091251706028837466
0.006699954920985466
0.011651041933958039
0.01334314019594955
0.0045819972501062387
0.0052474475701121482
0.0079031917442126346
0.0071165544455855621
0.0057333366741079183
0.016277078572918019
0.0034553801586465313
0.0098099060875999847
0.029668136393840513
0.0091990568440706404
0.0076001994669087905
0.0097791544323691838
0.0097535951553687581
0.00716809195057533
0.0071493570743652911
0.0078012255177127097
0.010593993226924928
0.0041329395899324011
0.01069068690136038
0.0077306660515748266
0.019996936441481865
0.0080769313314222168
0.010768156277404482
0.0042258923912007655
0.012531634372259036
0.0069403284707340715
0.020581134294786425
0.006781371283922903
0.014590632366628364
0.023332916428824322
0.010259843827008414
0.0096438597910100989
0.0042405541393487588
0.0079735335077621636
0.0094714902488056644
0.0099988994772106741
0.0095704120204409254
0.007891117404976172
0.0075529557067176584
0.017590039736142975
0.0074081645076751381
0.018717140423370353
0.010146057129538566
0.0064099206820947144
0.012468537613120435
0.0083265410306882053
0.0078106168211565848
0.0052159622446747963
0.0081506926309771067
0.0075874559133417563
0.020539556516487582
0.0070521537743349948
0.0087693806714488464
0.0030109228965628102
0.012608939804024994
0.010169606752862138
0.013592334530496689
0.0090942423698486766
0.010113286654262933
0.0084583269999638708
0.0077790156302843952
0.0090683735301378549
0.0092398832844943803
0.0040317299020140359
0.01749696064633699
0.007634622349676129
0.0090058840228186138
0.0098709163793678171
0.0087615836696994694
0.0085893171347312027
0.010349638593744756
0.010146148397687607
0.0089545136059996956
0.0084072262173764799
0.0068280923800415737
0.004357084507801515
0.017278210100680588
0.011025425164466897
0.010951080361475707
0.010026141169187661
0.01506882379517754
0.0097868143666802968
0.0082709818754464395
0.017142581036130713
0.010236609206924954
0.0062015113818037213
0.0073378188639985535
0.0046434713877190588
0.013671334053165207
0.0086514057766245746
0.018687948665460679
0.025649466657278977
0.0066253399651178138
0.0099914371542849691
0.0055009141967131813
0.015659425510915339
0.0042272730785114111
0.012033757575568073
0.0087418992688471902
0.0090990186891029834
0.020128108333093787
0.011980942181799152
0.016316862229896516
0.016667792482159792
0.0076625522386697129
0.010057235131344466
0.015660409881797621
0.0057519933171654115
0.013397805825075
0.0049209497166536002
0.00942033757871002
0.0075828790357146368
0.0092947528558764442
0.0076903918965531603
0.0092886398113172126
0.0076853340204513943
0.0105100340147671
0.014070191226883307
0.0090558796486806033
0.0094731423593953732
0.0078629314071525618
0.0091484671293128265
0.0032371266859657914
0.023010118481011567
0.0081419835180314131
0.009895798816143565
0.0079674628691888492
0.0094428199266443601
0.017947165112869375
0.0043931400381472989
0.0083496678154494179
0.0083778289940530676
0.011519997253422388
0.010796985937414674
0.0071640610319738353
0.0073301882071643912
0.0092376677262759766
0.012636587658545093
0.0041557038269322399
0.0056847591024093633
0.0070663407282880106
0.01589343323237952
0.0072545159356276114
0.015601184777542725
0.036358753576839889
0.00227515638323592
0.014741996814236923
0.018518921945232625
0.0067167033143480928
0.0089721545502143007
0.01083291694269589
0.021038791129896286
0.0078578648430968952
0.012369085875139173
0.0046197808818676956
0.0072877895757772239
0.0098163856825577555
0.014484324262679531
0.0080137299027991191
0.008927148046774705
0.0049391156916780256
0.0099222516482165152
0.0069200592617287377
0.0077612164198670079
0.011269772096499228
0.0060926315836300577
0.0088468824602909984
0.0097830295024801464
0.0044925333996746006
0.0072167724747673502
0.01001660574994266
0.004387772453772143
0.0060900613042135458
0.010403318983212884
0.0082352901143193259
0.019665466496792527
0.0082300035648546956
0.0074452257166757888
0.0043955913718030371
0.0069947996225434468
0.0087599699056295603
0.013939929580909928
0.0066514951897223805
0.011107645868311786
0.0042663888756232218
0.010862860165065555
0.0068013812144814305
0.017317327420469378
0.015860934380498185
0.018864843191232161
0.50178885256081518
0.021010848956510016
0.014240930510416744
0.00059629471325941337
0.017103105290962421
0.0079530653466618299
0.018063818680923445
0.0050112618173524161
0.027143286255541507
0.0075300863240788558
0.037601102869465448
0.020900353147962326
0.044608504485646065
0.028455305893240187
0.027617918839922911
0.017617186179769002
0.013044541093424804
0.0098308483663965985
0.008455851902062413
0.045488821609378914
0.0028191300843073094
0.015165699090284514
0.034440710336183261
0.019753443022145229
0.039448846788646186
0.0080512191931261506
0.0067589636044329219
0.0051085531109205037
0.0077073829997727538
0.0070604895979940159
0.010652311195771426
0.0092703225846744661
0.011237365094862211
0.01220136434078694
0.006547859653777589
0.0082875114077341321
0.0060360781892687546
0.008889936552425046
0.0061041449797660267
0.0089901853281820834
0.0063535532893904539
0.020695092538893029
0.010014995620489192
0.0059844525658832148
0.011297813865515661
0.013981074221088784
0.0061227577349942872
0.011042610879396368
0.0048359110399666342
0.0075180119828970405
0.017511040580212318
0.012923789259941655
0.016944174018463241
0.007769526727687162
0.010186502601298752
0.018665567066750075
0.0028289580337842197
0.040868411489928383
0.0071292251965656772
0.0098766916297098346
0.014055973100659024
0.0046400115891470544
0.015175211844283411
0.0050094830376372374
0.008447631294557615
0.0075436019808297911
0.0055353377258357738
0.010507463610628409
0.0060647907552575757
0.011512498662820564
0.0072861363633319742
0.011276551721862626
0.0095889474740218864
0.0039256900510709035
0.020929439788870661
0.0085684579852219906
0.0098701313670083689
0.014981246559729811
0.012069437724476658
0.0088386665273303341
0.0075390054981725038
0.0084205199247128631
0.016523280513023344
0.0040327800217115715
0.0079133778129892481
0.0077514535908333286
0.0096314634123237479
0.0082412762955851263
0.0050232809443743302
0.014862366345654531
0.0090590145233246395
0.0062052372813555306
0.012840299889908072
0.01031643382722163
0.0081649617011566068
0.0097584177975208655
0.0077233188246118118
0.0068955849379967217
0.026031072487762687
0.03420220582360891
0.016944201498780398
0.010593563313056515
0.0052481840584274048
0.0087908704217789044
0.0079144433048759684
0.010997487060182229
0.0050226790034422
0.013852138571069029
0.0063264312267831283
0.010294624661696491
0.0065339163774319415
0.0042968374127920353
0.0071588147994495555
0.0093959989971727515
0.015654354636813209
0.0090628343563175576
0.021867378891150962
0.052811486278938127
0.015865936048072175
0.01249093858041969
0.0037526009332627531
0.032843745826432333
0.0036495524904085865
0.017480804864414154
0.020713114609586299
0.0057869121392167518
0.0068569482529499013
0.0090817365543807947
0.0073289080324904594
0.0087726207756587665
0.004954999438937748
0.013432738550749987
0.0075871525379330512
0.0085013271042653788
0.0088677518794230675
0.0095704280186728382
0.0053612140600810768
0.014061676807081177
0.0078771460648730546
0.015358630993827288
1.4090640395125995
0.010921518538251955
0.011290348990617746
0.01713621051580037
0.0069281687160322684
0.005659395782157575
0.01199418049278392
0.0069918696171088427
0.017391875600479115
0.0039029611325777898
0.0097083924913586236
0.011013782512769514
0.0088448989115190498
0.0097619692338274614
0.010804495632960121
0.0090162277137422926
0.0099791128844510749
0.0059954381061994716
0.011778072478765627
0.020944731350351162
0.0068971332123403404
0.0089621021795919052
0.005223952588464845
0.0053525998136494503
0.011548184946990564
0.011832575343762052
0.0097826786128607634
0.0064177682251554107
0.0067638026835641811
0.019950922993302329
0.0031468701462885659
0.0092821992148123655
0.009435089385181809
0.0076182858037408879
0.0046686593189758548
0.009757973891318274
0.0073662020743986891
0.015396113232765242
0.0065414027286493084
0.01044996136130189
0.0072709965436945131
0.0057556195114187025
0.011876637367616856
0.009401380588246919
0.011006130610684332
0.01596993908700816
0.010580342795571409
0.0082616826209202434
0.0071480698770415609
0.0099493678303980166
0.01046549642033682
0.0056428364507889392
0.005935561503299585
0.0080398532275598178
0.0081236407759671982
0.0067528855412721132
0.0065016328082319304
0.010045611839152414
0.0096718475550960897
0.0093105335671843283
0.0075385704306523216
0.011867286433551547
0.011354314668291943
0.0061816247914265546
0.0059144197316021397
0.0076735800647514769
0.01161980835501298
0.037980327696986248
0.0077468107265946792
0.011509966216569148
0.0023476766830617837
0.010914654863605091
0.015779617555840317
0.040082426754501063
0.0080250085534080522
0.0084439597421824067
0.0084572328527640368
0.0069747420520668672
0.0097154631167422883
0.0080124137924735585
0.011381943451146855
0.0099508171914877101
0.021589259506278852
0.0061924286625408597
0.018290019108551294
0.0052461103880507573
0.015107232464943061
0.0079257067551342514
0.0066966951549165075
0.01987843786311163
0.0060233855005767598
0.017879788706056984
0.022024565162988372
0.0028483907610700123
0.031979531384303712
0.0045942217442001103
0.037535518869618291
0.029331554832311382
0.0048544928887339356
0.035523071291512054
0.0058792143122487449
0.0083639324207881414
0.0074508712086699342
0.0083488856409352687
0.013423056742841112
0.0046426521513847872
0.0074642995419362613
0.0038401560647940806
0.026683940329504909
0.017209024558543139
0.0056235207478528924
0.018221768867497424
0.0059544627262491691
0.010137118495717568
0.0077803032491593682
0.0098799588543700793
0.0082246807822700749
0.0095894124109186657
0.0079828121889859265
0.01154683039868072
0.021465301988168081
0.019663316692767486
0.0094756756795446682
0.0082178450369476859
0.01255586975524418
0.0078152842812848431
0.0099637622320848159
0.0062018510762544676
0.011758921058513984
0.02235790305974893
0.0066116645463852215
0.021416017418912216
0.0093673304623568491
0.013984755820916028
0.012113723679570419
0.016560631367947418
0.014344970689477573
0.0096279364413781807
0.0076764580127949428
0.0078837495561427696
0.002505625924473264
0.029497000777414569
0.0093747840815809318
0.0054358975326822519
0.011670822466177056
0.010902565683337369
0.0027914412277756633
0.022727111148536414
0.0058189417877319762
0.010877085611978666
0.008482587293018911
0.014982219827324511
0.013749842612634646
0.0067103188593930921
0.0061583549874882366
0.0088035325746716169
0.010550044296819756
0.0019245377068122761
0.0084853042945760241
0.010945707473407935
0.048259724037893706
