1317627.7987040647
1428295.759523089
1501791.5854947229
1482555.8991331579
1480437.1311672931
1530712.004736894
1510317.9597311807
1389233.7054392768
1322173.8291134897
1303543.4665858848
1358711.2206156303
1505093.569568224
1679879.9731215651
1803523.8703911083
2032947.3982228402
2095227.3088243958
2212288.805054097
2347335.6595923048
2594070.6977485633
2666221.3416591077
2351978.2261267086
2007594.5730598324
1493515.6836286001
1363493.0194929626
1313757.5329062396
1576119.9101039779
1568565.7154115122
1530208.4735733704
1565985.2059345399
1570110.829178595
1490943.0790899214
1260479.2800135505
1289935.2857441031
1348179.6730443398
1384462.9686653255
1479898.9729195819
1610703.0135456619
1704733.2622130064
1978303.8821165289
2098285.7002218449
2205195.385262127
2301379.7530636126
2364893.9748765673
2325513.1706515225
2110470.4853924783
1759016.6003149818
1747818.4139770307
1494724.6550827499
1442497.7291290981
1408224.5722176619
1259448.6130588292
1397695.6823543645
1517343.2633481468
1527368.0964116997
1549563.9481776354
1604292.4435197117
2149265.8552418053
1765125.3003130008
1755519.4275856377
1814728.1521199492
1856210.0319436162
1894270.1354059244
2283904.2791129369
2394845.1077915817
2492777.2437345539
2567162.4332723645
2693616.4872797597
2760267.400237605
2697143.7111458471
2585371.6119257137
2108987.4351989827
2108191.4299955312
1663096.9483361763
1574296.9931315919
1309415.0054082077
1365662.7006056823
1441361.0678507513
1487657.6581174699
1523861.5153824745
1549660.5492851802
2596736.1441045515
1556435.1745194583
1664299.7167583311
1784635.6370518878
1852762.6719143954
1904448.7467882708
2283454.6503853095
2404342.4902055329
2515130.0313087823
2617332.4039546093
2702864.9161548112
2796581.7019729433
2828605.4181391667
2868616.5300911725
2235090.1492655668
2187628.1014826656
1898798.8733003386
1732836.6092186216
1357633.7467401125
1368969.9481029306
1401277.6689973036
1471381.2705181134
1527645.8235102682
1497656.3909658724
2957039.4123068312
1617645.202855424
1683913.9129258881
1803886.7643003671
1882183.333233404
1938062.1798801732
2282182.5719014327
2408102.9245731444
2534546.5396205005
2642885.6663787328
2738278.5331822927
2874351.6485446105
2975449.3999602585
2977341.5865277033
2263808.2363510947
2152349.2514309017
2085101.5471890226
1859054.8254264321
1358390.2356630028
1367179.4718711339
1387772.1764802139
1444110.6136246892
1530036.715904505
1703401.8834483668
2105303.5245489888
1757136.3077049078
1756132.2388679679
1837552.6634393423
1905424.4914547696
1982402.7240004884
2303030.4225127259
2421725.4515029793
2546492.5862663486
2664919.1579846484
2782556.9281246075
2944047.0224108701
3157060.3806053274
3335934.5853716345
1887207.0608479516
1882284.8198919953
2199446.2315842272
1963953.0180767984
1342236.9265424516
1341698.4545786041
1365274.7785811715
1396506.4011917738
1474131.9224554442
2623234.7327082991
1682097.4348775465
1740609.7575230116
1766481.0521639793
1835638.8018845529
1905408.6156818026
2008036.1868313299
2286239.8425611965
2442833.2299012914
2573226.2530858815
2698639.5135887843
2829613.3840891449
2995441.2171708378
3290863.9896630943
3791802.2215409805
1395235.7622453386
1440198.7432250786
2216174.5381558859
2052089.1201607417
1269002.4145174974
1294844.7470497615
1303237.1830380433
1275353.7347610327
1202505.4024924985
3059532.5014901003
1630563.9559537203
1714570.2306534376
1765227.1464476397
1829180.015872115
1911311.354300027
2022674.6447544587
2247007.2116575739
2404270.8345751916
2564791.702373276
2691031.3121232595
2819491.0918102362
2968815.6603124165
3233203.0271301633
3818270.8103005742
1178916.612646834
1208298.205399611
2121486.2180625508
1949807.3731557901
1249728.9562249533
1259887.8137800198
1268940.7580857344
1240037.9730828435
1189482.7321917152
3041897.3492702204
1928617.2907348878
1802299.7301565581
1789281.1462975333
1830049.4834684737
1917157.9877496467
2026866.3262581346
2262112.7231564899
2382065.0854830868
2513407.9926095926
2643436.1127192769
2739799.8940299549
2873771.6813063021
3071456.4925327636
3388315.8043589983
1278184.9763539517
1282557.3432547171
2057809.7962284498
1653724.744412649
1292801.9334588707
1269453.8300300778
1257813.7455376876
1218674.5512267451
1163717.7803796262
2565512.8218304291
1919695.8571580087
1803876.7414819845
1799227.6053333296
1827751.3553831687
1895252.4945158006
1956809.870562999
2302665.337723379
2365881.8412446999
2496210.3203472802
2592124.6591662867
2630115.8833820899
2746832.4289715569
2885030.5592311886
2981409.2533306014
1456889.7513398847
1422455.6976304376
2111518.35006552
1461973.8421876412
1293762.3464088852
1277790.5011667747
1270330.1950124037
1224919.854447478
782802.06397483288
2490442.4068493745
1648460.9911214283
1704334.079026978
1766661.0474947202
1815045.1512638794
1879473.8554522358
1997201.6522465709
2164509.302073753
2173066.4278572001
2207327.7035258207
2292014.3939451575
2412186.4712076634
2541008.6777240597
2627256.3836440323
2622262.3568301857
1550629.5435897226
1489268.9698341656
1977908.1028735635
730324.19735121296
1181445.4095267437
1241231.1653077479
1321137.6324619895
1465303.6946223581
658452.84699825884
2620412.0759749687
2186622.9123219159
2010082.7349002275
1925727.6674523805
1882030.0328791279
1909230.0486698793
2130501.2518113782
2109755.8443262749
2126287.1363975317
2108629.5957225761
2119854.2788463985
2218639.6922529051
2346084.3178754323
2420090.3270757683
2369610.4253102685
1542604.6684824161
1467478.3311192694
1720684.548108595
611514.6379656028
1241631.9149773251
1354158.2006592571
1433251.5306840127
1494189.2762330424
1006581.6850235097
2284291.6575034689
2174567.6412948798
2095467.4601154544
2026589.9121112232
1988696.3113199554
2018448.2297269437
2136396.1382361059
2064506.8859046001
2089281.8479526392
2059962.923228337
1977112.4293801587
2030903.3319671801
2193923.171229593
2320880.9420342706
2327811.3502184292
1453685.0086452623
1402302.5178181466
1246653.8800702703
1096949.0763588145
1147367.3926826606
1214292.0850191074
1243321.3591553634
1214815.3805796583
1157651.8854343081
2330153.0262646405
2150613.3923465367
2076461.4863610568
2040456.7749176447
2026112.6801275718
2092026.3602877951
2213433.0660834461
2031968.8933461583
2081691.6726164576
2112012.6528406371
1725618.418223426
1777511.9168516404
2091901.7191115243
2298953.6455759653
2359831.7438679878
1272012.5463302727
1270388.9751739651
1232405.3322922455
1166699.717824732
1172347.3109833538
1174533.3001796214
1234196.3096275327
1253772.5113077797
1224286.776712948
2027336.1067481795
2078430.3489548708
2030429.6232889825
1995433.1768870151
2007094.3668126599
2103405.7773130019
2329227.2882167981
2007909.2687506562
2076082.508383004
2043512.2326437512
1297018.3405797638
1225097.5045424306
2245289.113933065
2377712.1539173368
2435666.7407111418
1131764.3398238174
1119405.3671582984
1334516.6243327528
1229561.695944946
1197258.7325071408
1143441.6823678347
1334027.7125053508
1421783.3418941747
1550765.3081242966
1956469.4037337066
2131282.1726223296
2082568.508232729
2001272.7057944071
1991008.5122469487
1981310.5208267891
2570315.7998120459
1985507.1673623612
1982082.7076194829
1752732.5952889821
1180896.4827997093
1125135.5650696806
2583214.0005378728
2504190.6809402234
2487473.0202377304
1065310.8926241337
1051720.7576091255
1313990.5953943562
1251346.9107526722
1173218.2062885466
944817.10671159101
1649630.9688055573
1664870.3144910512
1831132.4201427468
2124055.6857633363
2320304.2440638905
2252360.271946392
2086419.3326386136
2022660.7508565197
2116947.2412706744
2619029.0777744427
1912856.9268308778
1863775.3003278289
1512589.849647485
1374058.1031453903
1291502.6493017916
2556939.2773667262
2558769.6561952387
2529428.4370716284
1044655.8179194921
1050147.3716180115
1350981.8561279643
1343123.3303104755
1376830.7546136538
1430972.2575857367
2300270.3083733842
1996995.5998444736
2019244.6874558756
2207842.4705119836
2398509.0242250045
2374833.8313916456
2148193.6686090645
2027767.3236492446
2306082.7767000799
2502699.8780789482
1838729.6850711489
1792918.7809132235
1525964.7508875593
1440621.1029774225
1350263.2279700616
2351755.1174776107
2618308.0001333244
2537663.1581510156
1104401.180265802
1130131.123261557
1446625.6834472229
1467981.0024068709
1534794.802238439
1625612.3026489855
2556871.9038177989
2152251.2542107101
2023789.8179028525
2179783.7298992504
2437142.1940632253
2493436.7407248644
2283736.4488910967
2164158.2770419344
2312739.2950574611
2444302.4074342125
1813596.2709206999
1850055.7478231033
1614600.7545593907
1573675.5854471729
1595314.0286682458
2001462.1484438838
2622080.9745844076
2474954.3862605337
1289178.2703088773
1287552.7277547426
1548121.1983104001
1523753.1935062506
1608812.4705936257
1622368.605610443
3566206.8824189613
2069092.064634352
1994392.7199607573
2248836.5246812948
2638733.7886063373
2814234.9675341425
2650043.2769661597
2403149.2927244632
2368418.103883124
2452873.3759898879
1910189.9397208057
2211043.8196134823
1521169.8805073812
1531217.1632424034
1566892.9259830411
1624101.1607157816
2528387.7004888211
2408707.2705037273
1548266.3064189057
1508882.3650423316
1583179.2430014375
1568367.1960983938
1735479.0941842815
1817472.6379920833
4757730.7039772943
1731153.2837987056
1945854.0028738847
2305175.0012163008
2806965.9167404645
3083543.8272353793
2989025.9471214977
2613112.2808062336
2408516.564983251
2423548.1329208389
1849967.74832495
1924434.2063944153
1242082.5666448688
1418589.8720995623
1513394.6013564549
1557822.4195571225
2499048.5225118822
2410901.0877064406
1760793.6690945914
1679961.1808784772
1590240.4075773684
1571044.2883573445
1746949.6560266588
2027725.360462582
5114793.9914720543
1947516.1220681369
2039865.2864014988
2289558.1377114682
2689507.40091867
2961004.0733021488
2940697.2374914968
2622323.9577168603
2397672.2856204524
2394146.3072441542
1782217.9558138456
1731657.0144030401
1599130.9647684279
1594299.3199365367
1605726.6911529221
1638086.2820693839
2492800.487119175
2415541.9400243275
1912792.073859632
1828654.2102062982
1619644.4725978822
1608826.4597462458
1810129.5264545239
3006277.3361314312
4711995.6151262894
2192721.2823114144
2313305.5703410432
2565517.8874300788
2809329.7474010559
2863998.6145981997
2656966.5459308405
2440741.0258105793
2371725.4746993855
2412202.4714791002
1785181.2371908913
1749027.0663915984
1708895.3478363892
1680607.0559711598
1662925.0779479425
1719974.1401831214
2424198.6499164486
2367030.8247213908
1994679.2900832838
1950735.8729210214
1627492.6558158284
1664952.4752392191
1789086.2779857288
3384518.182807344
3992463.6336102984
2449561.7603116329
2598568.4987678644
2931642.4332361799
3228185.7696473701
3185346.4071846786
2743499.4491839521
2412893.3916166034
2397747.0379237696
2474144.1333534014
1806799.452623134
1795927.6355667
1768400.9094999684
1707924.6392985303
1668462.2516697482
1760423.8945099637
2316754.176807642
2267248.6344441203
1996222.1724568089
2008604.6547084358
1719358.3262177373
1791295.7955939779
1678773.3837237698
3491014.8784482824
3698469.4987248736
2541962.2829083004
2677467.1750391386
2949378.6678968361
3351759.2498867745
3476098.7900149631
3047651.2889488828
2582510.0059998115
2483142.5623047855
2595421.6363292527
1883595.3164923924
1885568.8803868028
1811728.7342202847
1647513.4003438214
1430593.9645104657
1886217.5695643944
2358225.798509459
2186028.1945712487
1953807.7383008511
1940113.5480339981
1961909.2718225229
2164616.7224171823
1337749.6269126912
3522423.3585915463
3510070.7105063032
2493506.5289632808
2559873.0116326539
2694363.034443629
3093132.0793670299
3377581.4444129225
3096363.8199421726
2694817.4201681935
2595009.6242920384
2733338.1237578159
1998501.0718369104
2033560.9014668125
2005964.0173135707
2044298.0153263679
2137544.3792080884
2487285.6927685332
2466770.3325508502
2155835.846499959
1825109.8834776694
1813066.8504635319
2189979.0877650175
2233307.5471657617
1875164.4719307369
3324538.7070776355
3197627.5811213776
2492645.8608741583
2474986.2559564523
2541593.204213901
2841488.1584377028
3124755.4907885478
3057109.9796147179
2851036.4369241623
2749322.8632576168
2876021.403086849
2101060.8913128101
2128613.6258307779
2086671.402587329
2057002.7061995007
2003751.6655897377
1749651.7740098354
2014638.4933533364
2053724.3038428396
1599141.3335189966
1593684.6375376277
2389042.9055493264
2385284.3418144202
2340540.3543320037
2719856.3165308409
2813212.7278782991
2588743.6421033209
2499737.3364392212
2555579.227859037
2740351.3320982843
2893896.1060780627
2916971.2579643894
3086126.8925386504
2961358.5866377866
3049425.6488741264
2197349.2729226416
2210151.8450323171
2167498.8174857693
2146043.1941835135
1990525.5638024751
1980587.3348585563
2102028.3103330624
2201116.5760405753
1463113.7332163248
1477733.1156322162
2562837.0791393118
2562138.5105629978
2473274.6749207755
2482693.6580579723
2477160.7662089723
2477736.8024244322
2511719.2618872873
2558830.8564940789
2687361.6858123993
2760000.1630108142
2753047.9432078153
3100378.8837453094
3102228.9993457263
3177879.5209929836
2227013.9048125832
2282374.6713770027
2337110.873710447
2184670.0539073413
1880887.4975228617
1998186.2901302767
2298005.8805894963
2477143.3268387662
1429475.7326244798
1487149.4328601633
2545457.1106439056
2553914.1959537868
2543614.0734873372
2293626.2591527877
2384967.0085584549
2427420.4218133101
2495971.270077033
2561290.2593300752
2706969.8357247184
2768513.6239891974
2933638.8455880629
3090983.7038307735
3141903.7721125027
3234912.2632344039
2171063.1327350149
2183973.5555094029
2112802.4855875364
1812461.5138578333
1764873.2440279166
1636457.2002341903
2640263.9822532339
2621375.0669132629
1581371.447364694
1595785.0344211352
2505918.4573349827
2541751.7612441769
2617437.3190549347
2480391.1803573668
2358052.7803126704
2402312.3739909991
2454998.8655628036
2566963.4081780212
2829784.0011422965
2805222.32393002
2914774.2250724132
3045465.7378640613
3160371.7841163739
3258208.8492792202
2116486.8817774993
2112340.7424901947
2065211.3067036276
1978152.730225455
1901400.6209250817
1800894.0129548539
2886488.8475415763
2573595.8078729403
1864674.6317044315
1853073.9104534469
2386838.1935162023
2542518.3065274148
2168330.2428622064
2565422.8574234024
2359260.7468371768
2366717.8459512587
2403902.9862830401
2472321.9601210584
2948822.3344411375
3076827.9622893138
2968584.0418533152
3062520.4698552443
3193787.4115117835
3295783.2330730846
2095996.1457405854
2100153.3428318584
2095926.7515585294
2092581.8311026881
2103286.7598949466
2084223.6887077678
2633931.2056743284
2455114.4954648232
2142434.6767554386
2112768.4021237888
2268486.1918589156
2474812.5157152871
1119048.8178964525
3644117.5985435392
2371920.0834899191
2288813.126924275
2290796.6165261548
2336626.2125040367
3004786.3798869289
3525071.7274897746
2937764.5496066925
3061191.41708074
3184798.6168836127
3323089.2618222903
2101824.3734136359
2142967.0136199812
2177703.5208319887
2214339.5840632496
2245191.0760757779
2239617.14971872
2591230.4564507548
2480893.4171601329
2228094.6845368436
2278856.1555904862
2150541.0974939554
2045937.7934274331
905679.1154107746
4570707.3590296954
3026687.9684245614
2528903.7694294546
2148381.2654513423
2025712.0548919805
2559239.6462053075
3910499.9871563595
2985861.217611915
3039713.1227955436
3087636.3923639702
3135717.1709103058
2107757.89577174
2187684.5956249177
2240033.2816317687
2287736.7881433349
2333241.526030493
2377650.3182250387
2646617.3642705958
2580154.5212849528
2159437.4315695893
2353913.5108631798
2139920.868728721
2179827.0848427834
1980277.5087987226
4399340.1725066323
3545767.3124026065
3143209.023617907
2507973.1444705883
2022006.3601931685
2181419.3711379166
3393576.5841681166
3072669.0159036787
3125368.7513205553
3057117.8394344701
3049684.0632604766
2263281.6519233412
2263659.6144902068
2291003.1468339758
2333355.1316802339
2372438.465816224
2424089.1673868326
2777304.6164801023
2685511.6026569493
2189171.160068735
2419301.0158052309
2223548.6825268487
2315659.7499270542
2678336.8930400359
3852260.7562845033
3764926.3445960972
3545155.5288097262
3356953.2011934263
2485463.2509044339
2435949.9197392189
2935681.1673038038
3185572.8861682112
3372037.2375456602
3067361.2878455087
2957963.607843379
2339658.0493524615
2289801.8726820764
2275439.0275067701
2306769.639856827
2333795.5634811516
2389497.4972327878
2888089.3308113124
2759704.9592655459
2303853.7981600189
2544710.4239391717
2353820.2107430534
2366110.0312594222
2862552.0465624435
3653889.4217921612
3892386.2981660394
3740913.9345403393
3845051.6838828912
2855573.436575029
2455194.7272326606
2504157.8340829737
2949536.4526697774
4097642.6001393888
2907286.0792085752
2861353.739940797
2419728.7474662536
2319277.9480363186
2270631.3055301378
2237108.0010002214
2234572.3309145025
2295081.7835449628
2882876.2481726608
2765348.7355453698
2486186.2439080314
2796816.3288251949
2432944.0488780546
2354900.7589513119
2840434.6517431503
3550830.9361930145
3927297.6770998808
3846844.673779394
3982576.1769929896
3684795.3061711723
2903591.0462867948
2427293.1945295925
2597609.7999200611
3764983.4425511132
2831324.4914246416
2915657.6170769595
2387765.7895324747
2332232.5026923902
2250432.6298855939
2150758.1116316938
2111562.545237524
2123095.1763027892
2755325.4285918702
2771180.0838744696
2724459.0306412494
3310974.1744169267
2539367.8276116038
2345796.1380862342
2557098.6162967789
3892293.4909280152
4131559.7329388661
3997581.9677211889
3947862.9499025973
3893871.2762681381
3699311.5661920398
2870410.0524086813
2750666.0109063243
3095133.2843905129
3217203.9091219809
3088399.4174476685
2377328.3743890342
2431420.5485339621
2134529.6254285765
1862760.7614313811
1887106.6462025864
1897247.9816032641
2449383.1887702784
2520386.3478989867
3552885.2474346212
3897345.7895575091
2670174.4491751557
2389656.8237152807
2557039.3488790859
3692649.3393090982
4062776.3058614242
4085143.3015799867
4003719.0948946574
3919060.0689176451
4117974.7576978318
3132247.292013505
2680650.1871549436
2712209.6475775102
3585139.5812759968
3011302.8751367633
2292245.8956888835
2205952.4818545966
1841984.864132904
1536184.5370564859
1644333.7035297686
1696150.4958694181
2035802.8163437638
1943466.5280642216
3722877.3524786266
3816739.324063627
1429045.7168667321
2742985.1688161832
2540038.4704708224
3020960.5868806718
3333595.658741829
4016042.7892822488
4122422.5595224896
4124278.19363826
4017220.0863115904
4250530.0847547436
3986028.4849627786
3027064.2919778414
2149323.0564044039
3045333.2124773785
2722477.9699411099
2239147.151776487
2048711.0178006885
1869292.9686274724
1504038.3217386426
1531343.4013625043
1567181.4404316421
2001205.6217279148
1654905.6413472441
3375472.4916941044
3222912.8579662167
1225956.8826755178
2930702.7910848064
2741991.3212640253
3162141.062453703
3075351.5350927119
3916256.4776035589
4057330.0991400499
4190923.9851556071
4169159.0298604025
4230791.5726756593
4320098.1146850819
4159536.1224511899
2832681.7129006316
3251978.6252150796
2687097.796532657
2072110.8223474086
1930247.2191480962
1809547.297306092
1457605.2707764762
1431729.8318777201
1446000.0792926764
2118896.6237562024
1542313.429177416
3156151.6642987225
2798292.6256956873
1519442.3028802976
2899393.4155768277
3261924.7141848649
3004343.1162021081
3191793.39298954
2968856.4209075323
3839062.9391752067
3955907.2112978264
4027314.9851354752
4167633.4013257972
4117886.4457278894
4166678.1880793516
4640462.305076994
3617298.0160161387
3319492.4701568433
2742925.530827316
1833222.4992354282
1786197.8355633051
1734244.1334702941
1620265.0475068416
1360639.6234963925
1443082.3851122053
1897307.6361163971
1686331.9514948297
3149685.9775424181
2222660.8292631106
2299459.9852031376
2616347.1080835806
3284073.6560032698
3574924.0599763598
3100166.4311314351
3406551.1395995854
2977252.3087815377
3372144.0174161289
3716884.5434878822
4123703.4347173176
4282179.6598642953
4310131.4668133305
4166769.1644989471
4222659.8866789117
3857771.8971529165
3541236.1731801014
3064636.4757318697
1666669.6172890875
1641794.3727402063
1669953.8079055778
1646411.5053053251
1247969.2514310712
1392929.1840901156
1521979.9229470158
1836443.8949794124
3406748.8733754447
1847714.6763141705
2798753.4743623161
3050668.3553869082
3316253.2849772181
3687564.5830085226
3718376.2128199083
3222354.0517996778
3873721.9503953694
3128353.9874589434
3034383.5298916833
3454222.5284060179
4201886.7419289555
4371885.6315898122
4401836.4125632541
4300791.8721512044
4191504.194319061
3967227.4244348933
3799546.6709432355
3179095.6621553306
1503684.0458243848
1530915.2109332182
1558705.4268655421
1596164.3218836219
1296491.5012328669
1401868.6108499977
1479231.5338997843
1765697.4038781628
2910644.6440740279
1950862.5838187693
2912568.5151698273
3160968.6473322995
3281003.4553510235
3433488.4037517994
3824626.6931031779
3238074.0926540331
4634776.7553723929
3002335.6480988478
2986769.0232311049
3026373.5620040521
3890830.7999778511
4384193.9399187118
4293338.901423322
4261986.9228900224
4117737.8251489489
3952945.785552551
3804542.6465079575
3047492.3986364105
1318438.9614881468
1433222.7601783364
1460708.6003796337
1524974.1455850771
1355909.6491464402
1421754.7311061444
1489792.5206302453
1739714.1050624626
2913128.9714883827
2592067.9774856372
2681570.84123387
2985155.1164705381
3047214.0741789024
3131138.9205395663
3408203.8260357128
3927617.2997866054
3499807.9385124291
4970718.8192612594
2850202.1235443181
2930355.8211713796
2906172.6960474774
3444999.3872117945
4275831.9059670344
4245549.2929839836
4206341.4549724273
4098604.4391584122
4078884.0052763158
4119999.1621675137
3247477.4845533809
1246752.7352553678
1390279.8970994602
1435716.4827996502
1512950.9766124561
1663243.6192944485
1382159.3917872398
1419394.2286160886
1935187.6095952853
3092616.4027046477
2979753.3447754695
2476074.7750163837
2762030.0189427407
2890370.7930782097
3003952.6364995772
3119208.8585878671
3821379.9008239498
3584688.9242134881
4414778.7331218431
3018180.1372660901
2992197.6634422867
2982042.3274451443
3017203.7579021351
3965816.5632337653
4103698.1493310658
4134870.5457679341
4093051.9560299031
4072528.0608075005
4152901.6948585087
3462418.7398169884
1429536.8580479235
1466147.5003154571
1463614.5516271535
1616928.4010127902
1763233.0394766321
1407144.9381119292
1525300.5207839708
2020389.6316918468
3037999.4008814981
3158044.2241869732
2432938.824734888
2657413.6241790773
2777798.6185451038
2812144.6198850488
2835190.4852953795
3217020.971358106
3412510.3861491638
3233076.4057836439
3981638.2768039997
3187118.7056180905
3043349.0364828766
2953088.3543702299
2741638.7223453657
3666995.4065490384
3935385.8399271248
3998209.7010051101
3849362.9843625068
3746510.9923138288
3966041.7617846937
3356932.2322952505
1594626.677048208
1568252.6813666059
1530859.6343126665
1676114.1459467513
1847823.2028030844
1818015.6756092927
1650999.6607635482
1757136.9578086871
2778539.8796192454
2958865.1282242616
2527816.6812929837
2675245.0004896391
2767770.9057104508
2818335.516837378
2847096.9131604703
2994943.7348221596
3175230.1144676739
3039937.3601641385
2832019.5719020097
3548948.142331697
3389176.1658437354
3070521.6053492003
2913699.9818340191
2767657.9381246143
3270345.0646669916
3840558.8414088036
3935560.9690977535
3653370.836304687
3440987.3292232985
3731146.722584303
3200846.6782996356
1869556.3455967386
1759893.7299072591
1699051.1393218879
1758088.1379414196
1935740.0543729756
2006806.3830287405
1564639.2718634405
1664624.8908085695
2499838.4446982574
2614537.5464436882
2640109.9230409293
2695399.2766142697
2775849.3926815847
2828155.7776461435
2887397.5484298095
3014886.9784708312
3133834.9320064513
3492901.5311748497
2758047.0697046136
2624741.7888397551
3166479.3897123416
3535162.3463981268
3035046.9130347096
2890569.964879659
2869647.2021930399
2977851.0037416923
3680652.2834712551
3918215.7330231871
3709439.4238266791
3517974.1766543938
3684296.0565814618
2977439.2338852398
1989803.8248502195
1908691.420330104
1861812.4340333533
1845784.2033560858
1941457.8516245303
2057422.5665016621
1660217.313459561
1689938.1311097331
2273350.6218294143
2318175.3624037169
2731934.4439876014
2716085.6672693817
2827480.2342769341
2865682.6649445477
2911699.4596182122
3084244.6160589745
3070839.2710313904
3260230.4903686792
3198472.4424251751
2362704.2793434476
2374973.5027016262
2932806.156000671
3284515.0049768439
2933938.1920701731
2872324.6660364158
2848108.6675038696
2761103.5809116736
3452106.8589687911
3843882.4241270884
3883666.1406890335
3867805.9626726066
3846187.2343236925
2799759.482996956
2094163.8055603793
2053356.7071546311
1996262.5121711686
1999338.0595831412
1999663.2601676204
2023559.321738818
1737114.6067925643
1710683.9838932375
2207493.839550579
2160145.6657640594
2921366.1475176285
2837725.5361320525
2904536.4647269691
2944285.8264668914
2875114.7129180278
2963668.5735172168
2783161.6054474139
2902310.1481639817
3046681.1214908413
1889653.0009134661
1978722.1355057468
2717685.1839980232
3004373.5491456301
2997228.3315888885
2889867.1190770725
2825219.191321448
2760316.2372501022
3099003.7054343531
3902493.2910678899
4004709.2595235915
4124508.836007711
3833982.5867672702
2556061.5029919408
2170266.3755690167
2092333.2606318858
2092993.960235392
2146716.5088168499
2082326.1326072596
1999465.2885260407
1839490.7948190663
1815966.0966468651
2172427.9697972229
2066852.183087636
2955947.2956846668
2896791.1989743221
2867138.7233304791
2801257.6340222475
2963893.9897436989
2922817.0092942091
2665126.7902376051
2660577.7029452613
2672744.6093941415
2501038.665755902
1555507.0536315432
1595754.9025601998
2260489.9575128392
2617504.2577792085
3036281.1232826067
2915054.444655573
2840720.5253284988
2861406.2947214018
2884994.242416766
3717184.5052416488
3922313.4176874734
4235162.9070488252
3622834.7258681552
2659552.4267487661
2290361.2771005644
2144717.6976330923
2203602.0731503726
2221616.5117974044
2158758.1071461462
2051501.1012248397
1913248.5767711091
1916972.2407384352
2005000.719217737
1943973.198495331
2740555.2956589703
2807935.2750554103
2766523.7528033569
3098915.5830332525
2959647.8736662641
2785327.9178262507
2579568.4385346971
2675299.2912654681
2689939.7550157346
2567375.296151544
2354152.5722396094
1523822.2056889199
1527262.7191282874
1943553.7162976849
2290814.5766641055
3090955.0762876552
2919876.4598299759
2868291.1854699897
2884963.3868039185
2743919.532031192
3367399.335593971
3768966.8738098782
4305934.4289364051
3102787.760135171
2721552.7384959743
2297468.763857461
2170136.6369143454
2205174.637931115
2241077.3938478348
2294043.6868217983
2162522.3843567627
1920973.2681615411
1923176.1773311938
1894711.1845700336
1848265.7708778696
2425105.0152398823
2644934.2089111945
2988918.6752816751
2982058.2503508721
2846174.0879664812
2722541.1478089336
2597111.2628363455
2592023.4929207503
2624246.592000647
2634631.0147554125
2687370.9466006747
2664283.6930963164
1747137.0246856925
1774063.6370793353
2046244.6027454725
2304949.8329347917
3236904.5318271723
2883916.4540822543
2887764.7614667797
2931616.6348190261
2892587.111219239
3368101.3676648941
3665900.6622639704
3355153.7917113514
2398023.8514955179
2897122.3165034428
2319307.3823977867
2191212.8356107087
2207969.7663852391
2352549.5672237184
2484179.8061991013
2320105.5463914899
1992429.1897084916
1989968.8095482076
2022078.8935733363
1995341.4228446663
2027278.0969287083
2100489.8738219975
2249822.0584965674
2559049.8740287852
2710899.4758836082
2790914.51305144
2757791.5976557722
2848988.6205936247
2874219.6125810836
2684094.2908045873
2710418.7643324509
2772576.7428670577
2058044.92163479
2102820.0157776428
2407173.2532047862
2537300.1883030133
2915606.0257266024
2757614.160483385
2873170.3777247095
3017032.596210144
3102783.5126178754
3246832.0752489739
3076921.3991741668
2595013.2242674609
2269618.8073989539
2649419.5253773723
2366385.9865235258
2271832.335290133
2231107.1317803818
2487193.5666172169
2683624.2983564851
2543302.0567518086
2169877.3501478899
2179490.5374875949
2218588.7574477107
2273940.9378368077
1858857.2066631054
2021093.7531391678
2204010.8487275452
2392363.6943164929
2682510.4432195709
2938023.224011384
2849534.8207992292
2769647.5099150604
2596784.3742667297
2556911.0882442803
2726103.7739133611
2936459.5672857882
2217487.9033467346
2261165.5786827216
2600599.4626565664
2678486.9193067872
2883586.8458054559
2839164.348230225
2883648.0423055976
3026493.5341022955
3100447.8266452332
3098778.2342200489
2653329.1920023132
2153357.8658917649
1928277.0044428268
2224485.5588478525
2625331.4132239562
2543540.4883466167
2471665.1616648445
2711784.7910977541
2967803.7833483019
2992391.9101890009
2424257.1503452105
2492889.2174609923
2382105.2672776035
2591003.1282932404
1881961.9954017063
2043090.9833154741
2203227.4702320173
2366849.869434298
2685664.1219892413
2913574.7396713025
2773975.5859925956
2572528.0569963413
2239123.3777252622
2292159.387932939
2385260.5814574445
3038334.5058791651
2195508.124121889
2237474.3033795347
2560647.2940188553
2663572.3150048256
2830768.1595189353
2931410.8955628513
2927471.6689497442
3007486.8207240151
3045440.3447837345
2943162.0257982709
2518605.6212004088
2159155.9810518268
2055776.5664029983
2251788.2316879965
2947160.9309658054
2840278.3626864557
2767313.3759575468
2917244.2414661762
3075956.6516829487
3055744.4139022627
2615266.3186404854
2762667.0123313307
2606026.2059463202
2886930.8544246918
1901874.2349835895
2123686.5168885533
2370837.2252148562
2601406.4228054634
2352119.9221942681
2454547.3750966722
2448509.8441374372
2353967.9961512396
2100796.9856534698
1889887.0649225716
1726904.4047717412
3011480.3035540758
2122163.3660521097
2204340.3815794187
2491992.6433295691
2621056.5045644469
2742462.4464712213
3036355.7484523482
2978341.3143985779
2998225.7395107676
3046366.3914535055
3009526.481114266
3226246.2327231076
2693969.0053287577
2666905.6691237008
2744864.6902854876
2956537.3701879373
3047256.1958074169
3094740.8531166287
3036451.9120474304
2951317.4079513336
2993851.9790553791
2897859.2056573532
3173905.0321709774
2203250.7563725836
2372779.6369583197
2222242.2485767519
2291292.1629371149
2435131.334228721
2438267.7483083541
2333334.2956363391
2155456.9117634059
1967685.9641337418
1768544.8569226577
1700365.9487176838
2512448.3849616591
2098991.1634903317
2166597.4704616182
2441201.874880102
2548554.5666870656
2633976.9263607739
2934525.7281687013
2975143.8868524092
2988777.3447858975
3026101.2580141285
3041856.0868615317
3074457.6942703091
3077455.0894688284
3098982.9008339895
3155519.7654313236
1786406.4219730454
1659964.9178217978
2017137.5725063886
1656577.668693414
1784829.5593626827
1864630.3044816358
1879284.3237387238
1806462.1393788327
1747092.7335224627
1782051.5661162261
1780671.3659456018
2004767.8383833745
2128643.7398925889
2148421.6726878835
2464573.9798684297
2541439.7459019138
2656290.972146498
2907372.5751011316
3136308.2974255569
3022841.2290518736
3004489.3892462403
3052299.1633491204
3073252.6299591674
3146394.5735882944
3140660.6790077342
3235401.760953695
1839359.8114819014
1813330.53757943
1923381.0330459527
1666656.0197256501
1523651.1871595664
1560498.510311095
1887000.8788962823
1813993.5568396738
1717164.4520195068
1729706.0333753985
1707361.2225638661
1809346.7420107785
2074522.4205338929
2111868.182341835
2477199.6859267647
2543703.8563622758
2644241.3247030997
2840541.743775134
3228630.6577448146
3010791.7423016899
2976606.0214101616
3078852.7250713883
3092347.7207174166
3168161.1729984819
3173652.0431259573
3271917.1416109791
2000332.8497105304
1625746.1974311231
1507663.9703218087
1664318.9226708317
1554605.8595846805
1482946.985836589
1820772.9805552934
1774428.1631234959
1697853.8775765554
1694207.3799707331
1684903.2189630414
1740279.3895674318
2026364.3215141695
2086734.7977862696
2488954.6137967403
2556104.9002170423
2654797.4952840051
2768700.6256468729
3101969.5598594751
2879004.6608891548
2909468.6264635567
2995089.2236683541
2965401.6466807267
3215721.3143852511
3208447.344685866
3467326.0422852929
2074161.8291187312
1611732.8764397264
1452477.8479006875
1643704.1371061937
1532746.7334455256
1491599.651325417
1620438.4501452125
1696850.4068432783
1660539.8860117125
1656978.8178694258
1646546.0121173968
1739826.8752270662
2004662.3166154623
2062768.0088824162
2456959.9132765499
2563264.7162593002
2682711.3790532909
2786366.9377491302
3057065.0624233158
2918993.2461842038
2862287.5030059861
2897811.098121223
2839662.1303103324
3360492.9057267876
3316355.2389705945
3558809.7665705723
2050390.6187218502
1646347.4131116078
1440731.6612939753
1565051.2078137829
1394963.8513060617
1358082.1968948778
1382118.0701044344
1720266.6122991296
1607065.5939116164
1596185.0334975051
1694252.6807225384
1889003.0560779406
2028325.783479088
2063640.0523353789
2436594.2261655526
2572887.9085908285
2697208.1381412707
2805713.9712281139
3074027.9630190874
2947279.1301745581
2841874.1500459812
2880915.6481377417
2810597.8783665868
3348530.6290017096
3304632.8816039138
3431863.6521284939
1967124.1363507125
1419386.391707184
1239363.6628265458
1559547.4408892046
1351978.4463727637
1309691.7365827246
1296665.2757679464
1583487.9862677995
1524668.5906183799
1539293.8945027599
1652525.0164283779
1896822.5882855572
1965932.0512187209
1998452.7201628457
2422137.0403629234
2579947.4823192647
2712031.1697954969
2821744.1654706602
3088586.9220564449
3149473.4203122985
2848149.5788094243
2903634.5490027368
2866712.8848620006
3312322.4143055552
3237300.7891130866
3340932.4741283259
1888068.4907228609
1620049.5851767196
1500002.6047143319
1638010.4298843925
1353598.1187999663
1307299.4950757516
1327277.1220488369
1430585.50469034
1420328.1683499811
1452213.7807431452
1537233.6968639351
1824266.1247641977
1844241.2496409626
1877573.461945493
2525694.3428581553
2604635.1515700254
2712109.8652014756
2823138.1880726917
2987739.716655103
3135709.4067639997
2781599.2213123702
2905427.6982515594
2888959.8163425173
3280303.2157444465
3168763.3306028629
3127309.5070921569
1784526.2436932514
1747135.6089832289
1623671.8609460774
1614075.1578679036
1340118.7940138662
1302898.5487548036
1282001.2418472371
1341471.3513577324
1328825.787885837
1371146.84851962
1471009.0280207791
1798662.9097344978
1791674.3343736853
1894947.2149457741
2616262.5590336323
2599674.1435857294
2710064.3201009091
2828128.8220309434
2920131.3068006565
3153242.4606966143
3048687.2910079998
3075925.7600309327
2876454.77928107
3106118.0036629299
3103534.6799614173
3039239.0679326318
1620417.8158024494
1625772.1738500292
1505179.1418222857
1529305.8468063348
1325112.7840399314
1295552.4273845714
1243472.4544749288
1251661.2495735765
1272726.4719241674
1275033.8774802643
1318945.7144020332
1623423.1046877513
1827782.6095171697
1938489.7878384639
2486685.6330050859
2590201.3871238502
2690086.4908043239
2802042.0097774938
2899144.4295288683
3079036.5486506023
3324925.1486573475
3437069.5299306102
4224823.3795909816
3325756.6718981061
2999392.7440063292
2983129.3279989026
1384673.5426019048
1533563.9247976006
1419942.2684092841
1425484.085283197
1197963.8699676264
1169574.9609140274
1207337.749333042
1202499.7000699795
1273702.2764241733
1130393.8176863443
1147989.5193842873
1370187.2559458422
2465807.6538216067
2592391.9459722703
2839198.0461731334
2930666.5086195897
2992998.5140306316
3051607.0769447023
3083303.261451581
3075275.2403465779
3215406.322317542
2960151.0928658731
2136066.8961005933
2715026.3479260369
3213469.6265278812
3334573.2552428148
1477559.5182955596
1647462.8081354231
1580484.2042447818
1535901.7272719867
1209744.8479412175
1173335.4537488816
1233319.0394913449
1080713.6472164304
1237470.8241477071
1121588.344618456
1178227.4418439073
1298576.048041601
2410605.5849532657
2457025.3388478421
3120420.4629388736
2896151.9005195657
2971562.7178475186
3032502.3056839346
3064632.4905516156
3017289.9832061497
2952393.9229186941
2605088.1149848108
2714855.8562018452
3525814.9920611074
3230187.574125539
3121656.7262598998
1630537.5132367061
1626824.7217935158
1625116.1995623922
1169938.5763695387
1072638.1480577155
1067948.0859318543
1089674.5278739014
951026.43093132111
937897.22814481554
971495.8920799878
991711.01554605889
994474.22260115435
2213097.2970668632
2079670.4444050817
2662542.4736129502
2873939.6051552766
2980750.9656944918
3046826.2648884603
3055047.1882296894
2984782.0638043266
2848429.7818083544
2677711.6918197512
2573087.1955441725
3426161.0478809145
3180547.3828972024
2857590.8918163297
1781607.168768513
1601449.3134954309
1530162.274361382
998915.79406564566
957969.19577151281
948798.16240718286
978226.20271610725
821340.22884506593
778104.34302028443
822380.28037710139
810519.33278948953
775194.22231814126
2294988.6627776511
2133216.148701244
2719578.1027953415
3005618.0912322532
3033082.8736250801
3058116.6531105074
3061113.0028462065
2977880.0384612437
2768478.7465341999
2655484.0135149853
2528722.2846088083
3421208.3828749727
3173618.0190889169
2939636.0141871814
1470411.4137947413
1355536.7310503193
1348336.0064236633
799479.23362631921
785550.48792465217
817751.79826108715
861462.17277628509
765646.98175121017
687592.39407226641
669718.57039990986
669448.89289507177
655003.52813182957
2580227.1213966231
2527241.8060251377
2776411.6030326621
2888188.5440035248
2968514.2987399008
3022502.3517402173
3021611.1802625894
2938010.0166781652
2723229.2476543928
2653779.976335777
2590130.5481228414
3339874.9177848604
3195693.9148035492
3138854.530983502
1206810.1300472161
1087383.1825104854
809276.24656555091
665465.56418941892
676259.23988651449
752592.49026269931
628387.30188071937
738938.06891535711
678950.58534699422
579729.60186056618
576861.75380252115
574152.31794578151
2878825.5000315239
2670895.6628660508
2718753.4035219634
2913471.6896074153
2883717.4317553425
2955443.8361061094
2957766.5026986292
2904019.4448352982
2739449.0723394388
2701946.2559249834
2687073.0540572014
3242963.6709249308
3164280.4938298464
3107483.760669624
1014777.6997654962
652595.51672566694
617174.90482656041
609399.36334886344
676071.49166454305
550686.19834877108
594507.19777192536
643951.1666748916
596878.33564467577
508041.18088525767
499677.74506558804
511461.9631023581
3013632.5591239091
2707241.4327728562
2729893.4802455069
2696231.7948892983
2831144.0936222533
2888362.8542985315
2904140.0548847369
2862289.6457861792
2759553.9538117233
2770041.3338563531
2718909.5399444075
3136896.0468855193
3129323.2152309474
3112707.4093574849
674732.43560898572
592223.89023474278
571482.61398133799
590616.65537967067
494491.59862129996
525003.78508657147
516875.48320013814
513263.37334285124
475426.56248131132
441271.26521873265
437394.48554877558
447315.65760448412
3066033.2419988373
2643150.4027688964
2703501.1755911289
2547949.8451737375
2821505.0159461815
2827857.0995024447
2843989.0361454384
2796643.7401852128
2765781.9461599905
2734762.3257260723
2640488.6723060119
2915179.3430765476
2871153.5745319501
2722349.582632402
484998.51836462179
487342.00937146967
514530.49088055553
411886.25916010782
460107.39402892301
460858.30092837848
444884.08739986341
430134.54223426181
409837.31194306823
389761.15610750968
380679.01951465593
379356.27910201706
2504109.7804211276
2778905.1799592003
2504813.8729961715
2871052.0463916953
2804758.2286303244
2793750.2874941379
2719207.9760780241
2719535.6316090347
2683662.9933361323
2609338.6400934896
2674157.3052791432
2617702.7935040486
2404574.8031820017
446683.38108121807
452524.34640858829
301404.74986951618
370910.06051775895
387896.51315345668
376444.63558673015
362700.97845724167
346395.37063941697
327615.07687058661
309138.30146411853
293440.03461174434
292262.80117944215
2585347.9031612948
2966831.028761955
2456434.0368025522
2880747.9422086119
2716259.4187449496
2705268.3506988869
2651342.4906024286
2632046.1311505167
2636665.7863331879
2597749.5852646679
2519927.8807776636
433291.3550639266
446879.80943845754
283001.63125097065
304497.32120619778
305480.14052780886
290559.2622565694
274383.00038008427
258590.10210100314
243242.93164587565
225097.00571868845
202912.97905322816
200077.42540214123
3391209.4411456119
2387895.7818004284
2837166.2401183341
2594991.3158691768
2632417.3705658754
2616861.4816997107
2596005.4671580843
2562171.2646930371
2519858.7429922423
437700.81577762769
436430.45317832154
222099.39887669616
229398.49395894859
232239.97652461639
212286.54617995763
194728.59853943702
175614.81615665846
156476.84868525207
135352.08175500849
108974.41707166049
101811.70048442675
2774507.3404525286
2227412.3120421474
2448846.5237953849
2560777.2452087039
2573691.0239661136
2567951.840627044
2496686.0679884725
2429226.4695622893
370972.57577768469
324929.20469481347
192722.55501605824
168782.79534091713
158146.13107825367
134397.11883770212
113242.6564652146
93057.170910319634
73017.387253949346
51006.400582146336
30593.052610103045
28663.256705120843
2284548.9337336696
2486382.4855212276
2513910.6881835712
2507443.9026599815
2491803.3926446214
2453316.2215689276
2368340.5805763905
312319.09388010221
249308.46023479098
191408.1729999638
121646.86762564347
88708.703293185958
59560.045991933213
38429.782003420376
25728.795200637927
15686.177769182828
6256.1685658346178
480.46985894848098
2475.2274782754866
2364417.0409909659
2744440.9407908521
2480104.08962239
2385097.3588834074
2391719.4534247122
2401767.3822591663
2299965.3518252368
188256.81081009578
139966.54166944977
104527.77582693152
69227.003049546576
41400.876212152492
17225.542564055006
4127.8131203431049
971.08485820703788
2426879.3079841249
2336343.4987964905
2281401.2676742752
2294219.7135413513
2222385.4781589196
59351.639313722531
52311.276765633775
46407.559536831417
25222.833530980075
7600.4501638939864
949.0698156466251
2477826.689136608
2323031.9140236131
2125787.2358369469
2178156.1262628147
2170436.1754702278
31944.117769440858
14850.751014754611
2778.7083000379475
73.198913542693418
2077126.7080710069
1988836.4353515189
2073869.8051383561
2112613.9248074228
5881.5274145132644
1030.7612292287383
1626072.0041544668
1965294.8198667383
2000281.5490987774
324.4210509794604
1528485.1696144661
2041193.4442406129
1936057.9583821213
3613817.7902978193
3097577.7088248213
2169050.1369478116
2287663.8832478975
2347113.5475482228
2223251.6095352001
2149132.1559377932
2142639.3576676366
2041699.1546569429
1816068.2921206981
1662029.3156870364
1574730.48602179
1575032.907442126
1674346.1798660581
1795719.9839978665
1853192.3883107146
2023669.4819323386
1997398.4177917913
2030674.8482771586
2082624.3832234482
2234118.3447270007
2230983.2017451054
1919535.8391323809
1607884.708848017
1223713.023895748
1113191.2289694881
2164432.6780489306
2546636.8471299196
2458602.5351508483
2323822.8666498503
2299659.7833890626
2219664.5976124103
2039870.5092836139
1679660.3998618124
1626069.7029623478
1629690.4950036658
1608367.1702770076
1652248.7562197824
1731596.3072422377
1768050.7965327748
1975738.7634757585
2011819.9726548216
2037777.8246681159
2054526.4758571242
2043760.027369584
1949514.2748989784
1724443.8776439459
1414472.0928807207
1417432.1162803511
1254578.4742112635
2381752.7898261747
2302958.4888941147
2005600.2639505879
2163751.0076932129
2270290.4381116531
2203741.2818977917
2162122.7564366749
2184266.0986932702
2624781.5655914089
2135068.2485555527
2061316.8347165498
2049435.8676841666
2019566.3014309274
1983045.0107801596
2299020.4550890271
2324450.2141763996
2336866.6589581305
2325040.2384395874
2346240.5179075133
2320266.110793259
2196470.8603028855
2063383.4662708857
1739609.7842143169
1691350.9407259126
2767200.192915041
2594885.0298104906
2105482.2229038025
2140867.0212052721
2193795.3405050929
2192827.6301545636
2196827.9394389796
2220406.8031085371
3113911.8857184495
1911560.0751904659
1988760.4775912561
2048069.3150711539
2044053.2393793212
2018831.8923787002
2328941.7457401948
2369270.5569226625
2401045.7701546149
2413706.650383044
2389122.3598917131
2364838.5810741796
2297695.5602083015
2266390.4976528054
1828345.1026356155
1784534.196998084
3181139.8812254188
2875158.951771562
2201712.7434083461
2168971.8565534926
2163423.0514895432
2206433.7302810508
2261828.6835464528
2220182.2435156875
3706758.1643190151
2006275.6980989017
2044727.4084234906
2105555.5378332944
2110385.6161359251
2088801.7179769604
2360905.6204293044
2402286.5270789312
2452904.2826769217
2473561.3555117282
2457433.3421111903
2454516.9030201528
2427935.1655402696
2378579.1740973624
1840174.3599221827
1753074.543118184
3504562.1965182992
3094804.7795502828
2216768.582800034
2185139.1058930964
2168334.431011687
2196846.8263698681
2290333.0440754271
2534140.0380363842
2950332.0557880872
2216968.4465700029
2167305.5976944109
2182716.1879784791
2172264.6442684438
2168233.9281276166
2411439.4540070756
2433945.6846617376
2474067.8047644072
2504362.6528103268
2510209.6714182217
2529694.2131037023
2590642.3739846186
2679432.8729935475
1548754.6270457185
1549292.2486670117
3700345.7751083844
3272735.4903412708
2200710.7673325827
2162015.0418368205
2157384.2660796363
2155737.673304854
2235208.8422644916
3836088.8015493071
2191641.2837338257
2242431.8120535193
2221324.1520680198
2218707.7036851174
2208539.3392322478
2229513.947033925
2428077.2150384928
2482475.3708456489
2511518.1505523189
2535087.0270336564
2551379.5610046824
2583171.8959668693
2715104.5405389727
3060019.86983721
1170730.5486636008
1216912.3217187452
3717034.0158492709
3409545.8884201283
2094173.7501411948
2102403.9213617565
2082053.4087274771
2005485.6711891263
1881062.6737467472
4192637.4573823889
2172151.2342020655
2252609.11665997
2262580.3770898138
2249853.525581853
2252614.3866358185
2280638.8916881997
2420702.1763181416
2476257.114337639
2528020.2665568646
2542844.2289861972
2554883.4229746009
2579806.5689264461
2690202.6957157371
3102780.3803158887
1001543.1133133466
1044373.8833052686
3535354.9871111033
3257291.2208448178
2059535.3683593201
2055808.6788318432
2040774.9657433184
1974303.3698882551
1893621.8247545103
4078695.8594827619
2611889.6783048953
2410877.6242724466
2330395.5167283346
2290994.0081928992
2300145.8650555839
2326286.226610071
2475467.4857761879
2487017.0725334017
2507960.1245492706
2526717.8546897881
2511668.7361446954
2527592.0786983096
2589629.4179033469
2794114.9922209019
1069892.0134291737
1094760.1802167099
3397000.8916859725
2803077.2307531759
2109827.0692704627
2070343.5157431006
2028687.3010606444
1955105.2505940795
1881238.2618471256
3498580.6651417641
2652553.7487380896
2465524.500689731
2381519.484970408
2329707.8622879842
2312376.7800077144
2281917.3835817119
2541618.1747711869
2485494.3013533442
2508483.2882037773
2502786.6312100133
2443410.0255359164
2451309.4222909496
2472373.248367562
2504924.2504118355
1202819.8753932391
1196754.350768964
3461141.5196151799
2415150.5896681002
2122650.1287279464
2083484.2391269847
2049214.3619060367
1966613.624274462
1339881.2451165018
3418471.4538478958
2327402.6705937078
2361471.3456454151
2362483.7302513625
2335072.8772561941
2322704.9324563108
2363011.0441382118
2429304.1903577824
2327610.993837086
2260260.6711354814
2244421.5373690408
2274703.8078333787
2305594.5488993279
2298764.7247360605
2254482.6986983311
1274831.4099368111
1239080.5371924252
3219399.6083769863
1261108.1090310197
1949226.809987755
2023818.4554417301
2122822.9582082727
2319089.690018598
1172064.413942117
3605710.0616455469
3027612.9015841293
2776109.7133055138
2612070.2642080816
2481741.6429993827
2419193.2902912353
2553245.3997403495
2401115.748591878
2300926.1808845378
2180012.3743757615
2101759.3559088726
2123570.9710212066
2165824.5086499788
2157957.4250937286
2079214.7488586851
1271093.1063494314
1215437.1428297742
2771212.7081896146
1085756.03567807
2031988.7125270877
2194209.6042423574
2295242.7779763024
2368804.9002038701
1672904.0740330552
3183978.7428567861
3030286.8389698854
2915715.039282064
2765486.4560213005
2628940.5743727367
2571081.981269394
2595271.2875175122
2393122.5786571354
2308856.7653797162
2170217.9731737575
2001731.1600959522
1984611.6906059885
2065557.8023074113
2108455.7762015802
2078162.7808140963
1209413.1994792712
1163700.3955661212
2031765.5746695914
1819161.5256983796
1883912.9848566942
1975856.8758208379
2002010.277954632
1935159.0579947014
1851486.0371519269
3300647.3540105424
3037613.6459000609
2926261.3299947502
2815339.0095573398
2702279.0075450959
2682712.2290448379
2713704.3321113014
2382607.6082481043
2335610.2030020636
2264476.31960613
1804502.423710766
1788753.1527358661
2010646.5384726315
2129802.6696172459
2143899.3228068282
1072773.8579870709
1060323.6080844684
2007592.7074307376
1916834.8735029371
1921205.0632841731
1911965.5044356815
1982245.6451932506
1978746.0546885661
1909342.6335463685
2927989.7508731564
2956444.5230329386
2891203.5737705291
2770847.5668695155
2698465.099624685
2724710.3340002866
2880635.4677565517
2376246.3106029984
2363941.8106323238
2255585.5212679808
1400197.1623944596
1293407.335524217
2165225.8524746061
2221317.4903193624
2243519.0839573499
962659.87819148379
943293.34039787529
2175080.8519142764
2015954.9253500823
1960439.7677842022
1866560.6732711799
2124496.0314645055
2219788.5457283081
2301591.6401755409
2674092.4856275814
2857914.4868221814
2880676.7672949289
2775793.1558943051
2689123.4832756766
2589362.0174921644
3182970.2893007314
2378583.3194294865
2320678.6930040857
1839586.9746333743
1285664.8662460074
1211654.1903761374
2438049.0231023086
2335445.4300025771
2308588.9847872793
906947.68604203279
890553.50355763512
2143219.8285394954
2050778.4702129597
1926537.1720693137
1582593.6301992582
2568054.2615408059
2491611.893324581
2498027.4762743223
2626749.8593915128
2783231.691960088
2836306.4695748994
2763243.2405985384
2692563.8347554528
2734449.6577403168
3258422.0454325513
2320979.2153146574
2240544.522840641
1633216.4752941134
1487272.0427652569
1403136.0406167703
2391124.8659109608
2383013.728007962
2348124.8283795696
889987.37843025906
889969.67129265878
2191626.1268735738
2183210.4944821973
2238597.4982143142
2329713.8053388027
3364342.0952838799
2791050.0532401768
2605340.0617600451
2608367.1419253205
2676439.9573022919
2742723.2421287824
2714981.0790397427
2691861.3710034308
2990911.3822869817
3139163.8549530967
2250250.7302014846
2185355.8451205702
1712347.0390131362
1612128.5703265306
1514469.8569064387
2214188.5318750073
2429495.2121822317
2349914.8663750952
939007.61466194806
953335.55524921755
2320476.3212060556
2356049.2287268252
2469649.8751005582
2620919.6022288487
3495743.0473356559
2905217.3478742032
2685224.2368387603
2637798.1612735451
2656505.0730343559
2756548.5236557559
2823282.5087484932
2887810.1239676708
3012806.4617124675
3074875.3693743316
2229576.9448891277
2260744.1836466668
1885491.4716653349
1827746.1422881782
1824331.8765855539
2231690.6935369149
2419088.9246909413
2283548.9021186284
1094165.569834348
1087302.6385346898
2443214.245358285
2406566.0836593863
2545961.7283597458
2571113.5027447352
4680798.2299657222
2781541.8433993617
2688233.0033073951
2690522.0777470353
2717901.5801386451
2873332.6592396437
3018171.9572464684
3081299.511278532
3085030.1196248089
3096557.0298744161
2338241.4406210394
2642330.4950806429
1835110.8457919529
1815169.468507444
1811435.5121986568
1846887.2693805618
2344708.9576280001
2234529.3347339579
1315330.3481473788
1280327.3082343559
2459636.7395058512
2430372.3136596256
2689741.3070602054
2796476.8884959365
5882958.6972461399
2346890.3397907577
2608869.0767674744
2723979.7136835558
2791342.9048102037
2936271.5168790976
3098531.2745115659
3154935.7470420944
3125147.029659139
3064579.4980793046
2265044.4047285067
2294740.8845375907
1521288.5565839508
1672540.8185105401
1743179.8612796303
1778847.4630042149
2366977.0769159254
2284785.003352866
1496421.9990570168
1432222.5902731635
2454366.2256770651
2420784.9987382265
2707917.7662041788
3045103.1721519046
5859143.0143090375
2555994.9771663956
2674995.3456910234
2759388.0139323357
2830501.0236257077
2928228.9063624875
3057982.6519834045
3126386.916341587
3099249.747245966
3022597.222882506
2190791.5958209187
2083072.6859571931
1891954.8564731961
1839390.9345874989
1826602.8142070123
1859965.7173841563
2431164.6961243339
2358689.0540437261
1619357.7773311355
1560946.1003014904
2497655.3304027282
2479488.8490212797
2799155.9515014784
3549287.2713745437
5420934.8303072555
2682571.8810484675
2754674.7356166658
2811574.8119754991
2845003.0524949967
2907612.789561593
2984138.7668104153
3061747.5644181008
3057970.6441890155
3038514.8452995969
2193655.8282115259
2101775.3712947066
2008263.7874864237
1924913.6395287474
1882911.0384203207
1954960.1157780427
2415684.5123559618
2360964.620787093
1681229.1263222417
1657067.0885453529
2508259.563175817
2556713.8789922227
2766409.7565630903
3959294.7747387937
4641747.1930511696
2789545.4761867952
2813877.4502755068
2846955.2746105255
2873706.501184334
2921961.6336794975
2983211.6428977842
3051377.1941189924
3078459.8038004693
3103814.7381966836
2211663.7611633129
2148156.9412449701
2087212.1430206988
2009146.7299611899
1962306.5750403006
2060838.8892075745
2329320.7055780785
2277842.7594164591
1679185.9338569879
1696326.52301927
2632806.5173778846
2728797.0278195706
2621424.9055679045
4076323.586319257
4314917.7027820703
2843061.7173886895
2872590.5642261379
2886053.825580833
2951745.567267294
3018899.4076288827
3068113.8154904535
3127639.3403239604
3168447.8596716681
3237359.6723008822
2288648.8582993965
2239157.324005764
2195883.739615743
2098063.5193713042
1820603.7062598895
2263807.256039347
2366172.6322351797
2198450.8227335573
1641555.4046596703
1635189.5918631773
2961962.6020880979
3230426.2010589931
2158806.6653923467
4107346.0803957577
4105515.001750242
2875781.4772886517
2924146.5589414486
2962912.1824831576
3127018.8366649467
3285651.5382179315
3308927.8173738965
3285336.6040711273
3290616.4125677077
3392323.6258417442
2406582.8112638425
2379766.5407201922
2425167.9237917974
2632626.1236089175
2595396.3417052026
2639490.8735465482
2463710.0415592492
2175642.9825327615
1538729.2816283044
1529926.5347814134
3202657.887543194
3250718.7920378614
2369899.7921447046
3887852.4313829085
3761106.2535257875
2950277.2161780791
2947092.2538580615
3032532.3634155686
3248644.1831934154
3455946.878989914
3563982.2545592454
3536283.4826533389
3463017.4004793945
3567495.9363160934
2513361.3506021644
2468403.2267367006
2460591.7836859599
2523783.9111310169
2025217.6679528584
1809227.0585103189
2048233.2264948927
2085651.9238881916
1361794.8492168288
1355109.1681217554
3277742.1449128622
3267607.6966044493
2846109.7944681607
3241958.2203842653
3343722.2382749384
3079933.3053670703
2976765.23783912
3045591.4647773262
3199462.8561280258
3337650.2760700984
3465088.9804873466
3747022.027390433
3661220.7970501343
3744230.9836802119
2595922.806597379
2539595.9959750338
2497198.4319792581
2525703.1650197343
1959131.4808208824
1969358.8442617711
2082684.5012402739
2154651.6198243885
1257737.4961422614
1267413.5751452621
3318060.5655375039
3320638.6157572395
2974184.5118718604
2985225.3786471426
2981649.2974280794
2967294.3330181241
2980890.1916058664
3020435.4383920617
3136469.4746252992
3210036.5630561672
3239614.4010803322
3618057.8248873586
3677399.9115809607
3731846.9265920906
2527238.0843873243
2493505.1715094927
2489258.7717650877
2137290.9196097571
1850993.3729332662
1944777.5689236461
2181166.5485307043
2321093.5378686702
1238345.4715463407
1280854.741030141
3226448.5376814674
3244967.4674235717
3035892.7812683643
2780276.8537258953
2882426.7750166403
2910499.8693984272
2954348.1912758718
2997503.4106573956
3124531.9835256315
3174830.1491170796
3280707.6882104771
3469871.6205822118
3523738.0056254836
3543033.0796173397
2303672.5284747356
2232954.0817555427
2092876.0035504194
1774660.5431748701
1713654.5404244047
1598350.5679609308
2442601.0334442952
2415591.8490278348
1353660.1395949258
1365308.8979963521
3174900.5925655528
3226584.9205442895
3115310.679674577
2960823.7276546513
2843598.7893817667
2870213.3614219595
2895255.9329780797
2983146.3557122364
3219663.1707678908
3156450.7531518713
3214641.705940098
3312589.8299989491
3374919.321966954
3353740.3371975822
2103772.3715016204
2040417.4783483685
1951434.1775181906
1834848.2321211563
1765384.1663751784
1695915.3193304904
2629919.8523137015
2348383.1083129621
1567765.3371290637
1560353.35171097
3029415.6570564657
3207948.8392323987
2614906.0419882555
3065197.0857585128
2787592.2209709906
2798990.2282012952
2823919.7177038076
2878542.6695591728
3287209.9077313151
3381754.3640512219
3217085.883195594
3247620.8175774324
3294768.2037588358
3262580.9771293374
1997853.9123013101
1940093.1312168802
1886700.8478609319
1848660.5703504148
1857505.6666088742
1863068.2394906802
2401141.4263892528
2238289.7842405508
1781598.1003556584
1759672.2231988595
2883513.186948562
3112377.5917169452
1491749.1296257912
4210530.2861434529
2752292.0894891503
2692480.8132808241
2691926.6297473009
2730783.6997452006
3295744.9864027519
3780528.9960014811
3147592.8775130073
3188399.6159190983
3214160.7755567115
3221326.8760769493
1961159.528858121
1937466.6254642624
1909929.4286520858
1889338.3726735539
1908164.3047509135
1924357.1711353527
2356798.9884810178
2256637.7268771818
1848182.5906370399
1892405.787357918
2756578.3891576207
2614619.4378483677
1305842.2146875886
5100922.5965298042
3419207.5955645842
2932558.2260103193
2525832.063046827
2387088.7432294553
2900545.6454782956
4166429.2437280668
3137036.7957528345
3125199.5115335733
3079560.7513008239
3026529.5111421309
1944022.8174752356
1953169.4011689359
1938839.9631758931
1920296.0180591075
1940363.865336743
1991066.483339529
2350702.3109638486
2293482.0163715249
1793329.4300642025
1955946.8344279833
2767294.1305976291
2772354.2796829422
2444494.1688981173
4860994.7080090344
3954033.9676209888
3598338.3638149328
2871330.9600453563
2362383.105728155
2495485.3878276944
3671434.6238190169
3156825.7568629854
3169951.31447651
3030131.6045713923
2959313.0974680409
2035479.5839385681
1998521.0270806893
1972002.6226655624
1949614.5509946963
1958522.3103561909
2009123.9013491108
2341532.2667553695
2266068.5519130407
1811801.2438584557
2003857.7339743881
2899851.6074451488
2958936.9946546806
3250807.4242973253
4327318.1189886322
4199784.1073406674
4017430.9883650835
3853122.419325043
2820515.8139786739
2735450.8916222346
3202772.0967022465
3225776.7604096108
3368092.8134083804
3042841.4235371016
2904704.2480243533
2064782.1817883279
2010111.0897335648
1955567.1791405114
1932057.467803566
1938003.1073739103
1985785.4591163774
2326063.6444036602
2223355.5662307614
1892981.8454319893
2098381.1462645968
3092982.0795539785
3063465.4929749542
3562257.6303551397
4254101.1204615077
4411918.3337032888
4255713.5229871897
4370434.0238086153
3184012.3365761898
2754635.4126121989
2769299.327806938
3159305.2713416307
4062388.1331941346
2923737.0661371299
2836906.8958237632
2125982.9225575263
2035518.3497046831
1961917.7137714473
1891685.3541324642
1874666.946427742
1925047.6569923591
2283825.4848582763
2191218.4223348647
2024716.2796396399
2292848.7158509563
3209178.6477914266
3075843.7929557036
3635817.1419511405
4304224.6477901349
4578077.3199485326
4417959.3464063732
4518335.9642051598
4179223.2034207387
3185059.4416690967
2683511.2742391126
2812785.8564264267
3848618.0337120779
2872130.1974935601
2921603.2060967125
2097380.9851119258
2052204.2744604375
1963590.7815938736
1845499.0210726447
1794432.2022448839
1805522.4066954013
2174607.5393985924
2173768.2983759786
2237947.7656563441
2697968.4282582127
3363080.0311269131
3099641.9042360978
3411051.2134703393
4811310.6974899722
4876388.6686336026
4641371.8582924427
4530553.9350531353
4391873.6826026747
4163606.8323507919
3116744.9161210409
2968617.0406594514
3266075.4887160612
3210679.982637316
3114149.0763673973
2075597.6924493394
2117746.3844790766
1859557.9123307907
1629148.8713332256
1637525.3033977037
1642833.7587602162
1953438.7392958214
1992535.1794200379
2922607.2049240782
3228994.534760322
3557712.1280356837
3185580.2554543912
3470200.1785124675
4689163.7664656583
4825509.7000219738
4801463.0862282915
4642804.1104116803
4445884.9977158094
4582804.928934942
3374412.6212260248
2922830.2542961258
2956638.1215881296
3526709.9786967123
3069224.0725716413
1995608.0024857291
1921002.8503147089
1618719.2712561348
1372232.5462232605
1452303.5801471279
1489512.5596442553
1676757.4361242491
1609790.1892837358
3185128.0635974617
3362461.264526234
1305395.0142614124
3666125.4768329086
3388480.2305839923
4042575.9666690733
4364609.2204901911
4816091.3713112259
4707369.401089482
4620096.2759342892
4589827.8793154815
4724947.752009552
4424523.8146235263
3298746.7830021996
2513168.6267204848
3459655.009499101
3142927.8941308344
1951358.3578238285
1786179.2761516341
1635480.0284730401
1336331.6327776324
1356738.9934900871
1385157.0638120195
1676397.7230694301
1433164.603075322
3045129.4909619619
2995816.0777985379
1168804.3011611479
3919996.1512353169
3655243.2074927301
4246097.6924812645
4115461.5574692814
4768171.0404842356
4704356.5468418514
4780364.9164732574
4853617.1918292549
4777865.320887506
4772436.0497011263
4615078.6442950135
3298414.1676320839
3912500.4779200652
3784126.2412215094
1824694.7946166229
1693026.560297169
1594240.6586986419
1292898.4559225864
1273810.3736996686
1310277.1191438977
1868187.3609496029
1370782.9870193684
2897271.0020471606
2674268.819765897
1468298.0903902173
2639830.261744976
4389658.999249747
4005028.600598495
4341387.4545197636
4066359.6212656265
4737869.9693813398
4850457.6416852782
4599550.0681122188
4664421.7540710354
4827914.4300684528
4734011.7210935038
5089512.2373766042
4192512.5297416151
4469514.3135465337
4385598.680506506
1675841.2612178638
1626527.7094363885
1600887.760490441
1429108.3368081676
1247929.3171668961
1362651.7715772127
1796906.3685966455
1499673.5704362919
2844005.415335495
2110872.2823602534
2148489.548490874
2377057.8076102226
2894732.9375244621
4879830.8822346004
4176009.7030059858
4620740.9823543988
4114937.0895229103
4471574.8115023151
4593902.5796475653
4695610.561901385
4829853.6536761206
5141401.179744387
4833110.6056695962
4711590.3645791747
4444009.4406115822
4906463.9019351201
4955641.5765805785
1633639.3223254841
1605772.1609907108
1652322.168326987
1689572.5779874888
1225188.958849831
1382144.6713161913
1519889.7851059802
1635544.825495115
3043215.2231867095
1698136.8979419256
2585997.3169717635
2756191.5299706324
2972531.1087427987
3268315.9382345048
5188041.3826405993
4491436.0521546956
5227700.9323392333
4324382.5254820595
4118845.9588263156
4587358.3303505955
5121301.2627061401
5345292.5544396648
5302340.4003221588
4978360.6932768077
4742132.3591436315
4559580.3413990904
4882434.5429770472
4834113.114225857
1569715.152722406
1589152.8191571566
1607117.0973667607
1653348.8944117241
1319515.4599179337
1435848.0651968967
1519882.4426872425
1612339.6139395984
2693644.8115474191
1871883.9834608377
2712035.4536426715
2910406.7876381068
2984860.8204597249
3111060.6888655685
5451063.1890862314
4623253.0962843085
6134558.2130115284
4241928.0424778536
4122669.7794062956
4135365.7266498045
4909390.7930215439
5479824.3564800313
5289160.5081137167
5044075.498778428
4764779.999185523
4618927.8566760728
4590080.7375778984
4470873.4335595397
1415587.9076335195
1523258.8391711295
1530311.2985794335
1590552.3220301713
1392599.6125603905
1472288.557048246
1548507.4949757406
1652021.1642597509
2801200.9462229079
2518025.9744911832
2575606.3697699783
2823540.4660217394
2834425.2769370177
2891856.584609367
3095452.814153194
5667599.9992103549
5033255.8532709135
6925175.6927166488
4131562.7268861774
4129677.1113202991
4047467.5125402026
4681644.2896991968
5409349.7687407583
5318721.5173700871
5150548.6708686836
4898637.0303254742
4809818.8229756122
4867118.6450985475
4316725.0082848845
1344930.0511435703
1484214.2529464462
1509559.6574641662
1579299.3198516585
1674506.5293553371
1433596.7444380925
1484963.8590787679
1891179.3550933162
3054597.768134445
2953250.0384273031
2422938.913183596
2673913.6677850801
2754699.6501256977
2820220.2737506111
2918447.7422152827
5513740.6421593875
5130347.1642070943
6212822.2084038695
4394062.635682838
4277529.4364921348
4201421.9839352844
4198646.8941477491
5140660.9520994108
5278248.615505157
5204075.507708637
5005535.4331026347
4892436.4600143936
4978772.9279520325
4181187.3883388173
1555536.5890115756
1582333.0886343012
1550009.8184447407
1682353.1316085041
1830140.2871555793
1455414.0931422038
1572166.8862722428
1997341.439813917
3041368.9170249742
3188165.6357093961
2427302.0944406693
2633283.6455752174
2715095.5098247491
2709092.3073534016
2730010.7278121053
3079024.2484946428
4924244.9462921191
4630060.9282293217
5660145.265634303
4653768.4128359612
4410853.1758862864
4236554.1841698727
3929441.5996238156
4854306.5097273448
5169335.0768224401
5154882.9564544791
4820890.4443997992
4599491.8363389876
4843509.1841014745
4106448.215512732
1761144.0497511132
1721887.8013164813
1650505.9893953707
1769428.8180006868
1927648.5274706287
1828647.6652521517
1684887.0064203797
1780351.9074577726
2831230.1392786186
3034402.7221413981
2571583.8689339543
2713214.0921555194
2776835.5831412873
2786620.3666674145
2790748.4060117998
2932262.1491856063
3077085.0588585255
4451749.8126273854
4124887.1624116492
5143213.7786435764
4934969.840712578
4503020.837281554
4249640.6090173461
4029870.1702681566
4665263.6472381074
5118434.0545510473
5169380.6228149179
4672529.0889928984
4308333.0186932953
4643377.4773163199
4005831.7270405255
2108396.6889245678
1968731.7645080914
1872479.7065571167
1867792.0594240276
2021971.5026066899
2135838.0494254031
1630891.1373493506
1731771.0598503093
2613067.4299978646
2738967.0040066219
2756231.4247106146
2799380.0141157545
2850632.2515166919
2868259.117826818
2893960.0447601154
2998823.8068157928
3087719.9007007391
3370635.5084908516
4142010.0804163404
3907451.9708625693
4725805.3322060471
5116657.9458099436
4513894.8637524489
4284781.0960138906
4220535.8304804545
4329066.1575405793
5026031.1128776167
5270457.1223426564
4847952.2246981347
4483138.2616311256
4682957.3763570981
3846091.4538286291
2280935.8239927841
2177043.4471883224
2098721.7546988027
1984082.5857233284
2050253.5808068691
2222393.0371545465
1749229.7594091392
1780937.1168469449
2418581.000099971
2474321.8727183142
2936630.9029887458
2891652.0228837766
2971414.6312170895
2977299.0542490962
2983118.4654004844
3106073.3560894714
3082770.4201803226
3235897.8662118278
3175389.4274690808
3837725.8389789434
3719679.3385073408
4490900.4288530666
4955844.7571711587
4456569.2433790043
4329769.6676670173
4241028.44550284
4098440.9990056651
4817175.0621206211
5273630.3994764537
5202526.995530827
5057024.4678509701
5020053.9173318464
3768753.7265030583
2432743.0800968278
2368371.9585203812
2285939.152607698
2240910.6693175612
2207519.3815602916
2243339.3376915287
1886556.6963246805
1851755.0772511808
2376265.5913955402
2311090.1826393236
3239002.4642330217
3108751.4238583255
3124083.7285895697
3108877.9540358284
2983470.3304274883
3024375.5808281424
2887717.9134802748
2968377.3488689791
3119301.7046400202
3679619.885030733
3678455.7086316613
4488715.4955420615
4669680.207801898
4613542.9196712775
4421341.774039492
4279125.1675800169
4175865.0894361567
4651047.6678460585
5413751.3788237516
5484633.9285737257
5536936.8144638417
5154981.5838418109
3745563.5528398417
2579410.1610829011
2476673.1620341665
2454546.4538351926
2492835.1371182003
2388789.768872255
2279174.2697548084
2084713.1567659907
2061982.9861672462
2388308.4928678176
2206252.8147912356
3376648.8437382989
3257909.6494832225
3152182.1778486352
3024307.799176516
3338258.4914101698
3209997.0410264577
2863467.4424197976
2837578.1548367525
2849002.0251887268
2646278.0471423264
3611585.832053103
3687769.8175079557
4407103.9527671533
4495943.6454203362
4731875.2455433263
4529877.9699732736
4369993.4016896589
4383727.8282290492
4409986.8497357154
5273911.9728858918
5479184.5453048227
5786173.5681382017
5013418.9667117866
4088175.6432577972
2795758.0486007277
2621695.7767444053
2653720.9585948773
2637580.7207843261
2533558.7721007364
2391609.0088551724
2235983.9454836184
2242071.8500881377
2276232.6472869562
2140003.3071903777
3209930.2334056799
3223106.5708223144
3126527.2910216325
3604184.6738489233
3376936.0803008149
3130616.2423273344
2874810.5258502094
2940408.2789452956
2957702.1779537555
2773273.4715253017
2485651.012134816
3537492.5561121064
3704901.8203653395
4240684.0633464744
4357983.2621758888
4860733.4149024291
4600718.6773580285
4449656.6015523821
4435163.1561863478
4234781.7282208875
4927212.157976551
5472545.4630275005
6165286.543732685
4661452.6757787811
4146989.76435787
2854796.5524119805
2689985.9087115247
2738689.4407938053
2750714.4018279188
2750054.8635125002
2577971.1128114061
2320691.2687950698
2310962.0494046686
2247686.8572854619
2157448.9975606576
2958506.1331611038
3180903.4298517774
3631570.2344341767
3549872.3153754594
3331825.3498184276
3159612.363637751
3063195.8672946766
2870819.6593971606
2938100.8669628347
2880330.2660781164
2891273.7268997915
2891379.7636750746
3431844.8162097028
3659341.6148945773
4107519.6185265705
4216847.405066058
5082075.8837744668
4591565.7559332922
4520903.2663777592
4514130.9708881294
4434778.9765558429
5054609.3748810282
5641181.3652551854
5402779.4290708434
3895613.6266853348
4376018.7483478282
2933822.7279551364
2759065.9432625705
2788877.3460804038
2944480.45823754
3047399.414663211
2831695.8083472359
2478523.8371279226
2457780.1615042943
2473550.883681946
2414773.1389614134
2568162.102930482
2637729.941827985
2795781.1941769267
3125029.2720813109
3316777.8560029417
3463275.2729690191
3499926.5861757272
3686046.1023496957
3781922.841823705
2967434.8459444591
2991309.0459874622
3051458.3852107883
3468301.0986821074
3613606.6431111423
4149585.0104549257
4228122.421859636
4734347.2379432498
4453459.3613892253
4555073.1206818139
4676939.7102519255
4745442.6103410097
4908981.3271904923
5279930.049462867
4998301.1892417055
4388725.3460889002
4580448.323682894
3076620.1671513421
2953756.885332814
2900773.6952321571
3191043.9729263894
3379862.9483254566
3184837.9496320724
2765606.6053099441
2746641.2938708807
2763738.485357584
2815347.9529033452
2333970.338754565
2524685.7065850603
2751433.6276965896
3001397.6990896245
3488337.7095160172
3900193.0849378114
3756735.6854960849
3663122.5441484312
3513600.5258809119
2913256.4182718815
3059130.7781451927
3255506.0131967156
3555779.9235766577
3645617.5538220876
4208555.9747363608
4318583.5644104881
4637217.9779670378
4608505.9611407788
4637273.0168417096
4773448.7438318711
4801654.3778485917
4756768.9938874645
4996248.5020027757
4756024.5817550402
4612780.1795546319
4733130.4905216722
3488634.151412027
3376309.6340434379
3239046.0329894284
3511210.5332668093
3827977.7736258111
3826069.3058013078
3175634.8301827284
3224451.0045579788
3052961.8006702582
3294531.0364175565
2333880.0612451429
2560098.2998171588
2796225.1742706536
3037558.0257838853
3607483.310315737
4007295.9642551569
3830694.3237749706
3591364.1797821545
3160608.426654683
3165480.6390507948
2716435.3810645672
3330078.2317202617
3518969.2503280649
3611067.1625378407
4150081.64233742
4316244.7722317204
4579422.0011802781
4753895.0573118525
4740351.0683327243
4820207.4376432439
4813975.1583439233
4621896.8070656974
4853305.1869997038
4588825.6336236242
4671107.859958075
4811767.7952938592
3975476.0287616719
3816750.6132734888
3658994.6513102166
3832185.1171569754
4068848.3949001203
4016797.3994028335
3498040.9746275083
3650510.1781734312
3429866.324003614
3775633.103386818
2360956.5536246821
2652488.0958364024
3009630.1013004342
3344591.2630020077
3246324.0055048545
3418108.2837332073
3435903.6787903318
3277356.6874867231
2909086.0919147972
2631079.9223113232
2410039.9873965154
3532311.8582578036
3418762.7668868303
3564878.4927125783
4046732.3776061381
4262401.1682199677
4463070.6616895841
4891727.4944820954
4812333.3625322357
4823708.5406182846
4857223.9022050099
4751940.5381130166
5011612.3383670067
4794953.0017340211
4742786.3042952996
4886300.0018774495
4052957.3834735015
4149632.5024887896
4182291.2767051999
4078410.3322293041
3958115.9289595215
4012938.405849216
3879566.1487261099
4244818.3421183564
2758137.1686328487
3000313.1597579159
3096870.6162528018
3192371.2016362357
3354445.8961981866
3389295.4893911728
3275947.9034693418
2980822.909533768
2677831.9414558765
2422100.7268071459
2344821.0306269545
3261716.7484771148
3397418.2436494934
3516954.9743837141
3974409.2783983173
4151926.5658956803
4296130.5468644612
4754875.1297279932
4784149.5756380921
4795830.8139918409
4831629.407268093
4803134.7395888465
4791374.4482810823
4810633.3842191547
4755270.0691014696
4903139.7911705887
2432516.9845537501
2364702.5360331121
2849528.2528382884
2428779.8350401353
2587741.0638450678
2689293.1833488774
2677702.7067598682
2558193.7547617494
2445322.8457166846
2485740.6271462995
2462665.480262469
2682189.0762169082
3459299.4442284745
3505006.9655953101
4025482.7233494711
4144433.3831155687
4321693.0493630795
4713941.6518227868
4981444.3428350426
4818466.4887156645
4793581.5243407404
4786954.845835112
4717956.8056791248
4801150.8482407406
4761473.1218659766
4896154.3971325886
2557900.6094671465
2562259.2034996143
2755818.1310722884
2432597.4556776974
2279238.243128242
2328641.6984250257
2680771.0347757349
2586318.3223914052
2448711.5700840596
2491118.6855138349
2437388.9218012178
2512560.4501238531
3381458.1971662436
3466501.3275079294
4065198.677948413
4148268.3945806129
4300580.4513534103
4611914.4245849391
5083590.4144424656
4779609.1715987464
4738156.9478943869
4742253.4949190142
4641404.9576176275
4837677.4531322075
4821002.3299579043
4953760.9565469949
2847773.2303963867
2683616.2642616783
2596050.8873412726
2535341.0462159771
2374047.1021333351
2287754.7696379926
2638977.9931795108
2598027.699519129
2495697.9629558385
2489101.2370404154
2465593.2506254567
2528631.1341416799
3316776.4508740162
3430879.6596572837
4085549.9714561841
4166435.2631359724
4310339.4947137535
4484390.4287157739
4968190.8787010154
4586795.7451459272
4630100.1455315547
4680997.1658159979
4568082.3506357726
4918579.6393962363
4886836.9386860728
5261587.0227709273
3019861.5841599922
2758469.1325863148
2566305.2504137876
2495859.1433351948
2436352.0652440628
2402338.6256605894
2460591.9350123452
2566176.0272512762
2534518.4968367587
2525180.5502008912
2515859.6740931994
2657424.8947431254
3305478.8349804389
3394008.3044074303
4022410.8973384057
4170704.8346925322
4341341.514010557
4481171.8573332513
4877993.1647324618
4638508.2722961651
4553905.3171995794
4620385.9159042891
4516898.801386673
5101425.5426360462
5037745.7147598565
5414919.7398305321
3111057.6583996178
2897163.4635352176
2626074.1045071511
2436466.6908373549
2328204.2871391354
2293680.8904594616
2336375.2893803255
2703418.8272432028
2548847.3878469989
2541913.1925814375
2697909.2368307072
2998863.6869919281
3360360.3635962764
3410926.6038422203
3991722.1495077326
4181254.228395184
4352225.942323274
4489842.2724641617
4881169.0453367503
4674754.1855197605
4516564.4602187034
4564408.3090173481
4453590.5013637338
5075512.4508210151
5015544.3545220084
5227447.1347323703
3096892.3523286935
2801023.6260826378
2559365.4688278856
2501418.515891776
2316560.4702483094
2250658.9938053288
2245219.2855094937
2622284.5794676952
2519503.4862172971
2572289.0227648327
2764671.2072668825
3155519.7352450849
3251931.7390497024
3306905.8219629861
3965835.251282651
4185945.5868980256
4364058.6144453166
4498952.1037601242
4880962.2743623871
4950893.6645235643
4515592.3229117701
4591318.1514960239
4525090.2985858843
5024582.3873147564
4918478.9190529482
5087125.6043198006
3089576.4672102332
2860049.6551642306
2693300.5080594621
2728624.882045351
2394186.0270831268
2310170.3602986941
2345013.326749404
2497380.7621408785
2473529.4164072084
2561494.2209795802
2750720.5352636063
3266116.2751064701
3071063.7619292662
3141520.6226809635
4115779.5118204057
4216328.118991835
4355169.1409334773
4493256.4284058465
4715866.0461797379
4945439.4410786657
4428665.6341625368
4597026.9972122973
4563243.7637593504
4983411.0579950735
4815996.2637897171
4770324.4900149042
3024345.9430321548
2999048.3342669555
2819356.9268604415
2794508.9749428928
2472252.6447734758
2394478.531831868
2362147.065442367
2471350.2588685877
2458640.4816922233
2567623.0648521087
2779536.15962032
3406052.4450596962
3043369.5275697368
3240812.8068189244
4249207.3372677667
4210108.7913710838
4348229.7928540008
4495583.3358223625
4601468.7374060517
4945219.5932891686
4805610.7572559891
4855553.009851044
4549993.5465007536
4733280.3372572716
4725087.2766561955
4639298.9891131185
2850724.5940421042
2891693.9027812765
2710519.2478728658
2761872.1682586297
2577298.3557821885
2489500.3632482737
2400157.4711770089
2439062.1528294603
2496748.9098433717
2529825.6914585433
2642247.7635103227
3254141.7851640265
3105136.3267319864
3323770.4184749825
4027121.9830900598
4206713.1085104113
4323009.6015214287
4456160.9861768112
4569122.2810608121
4818679.8687188318
5172777.5846442236
5406160.6628519455
6450988.8306964673
4905445.0874471236
4562255.5611755988
4505973.3779384289
2575603.3991291639
2843991.5189834791
2668379.3611666081
2692135.0040725353
2606104.5368320378
2485211.3139219051
2486345.1661227704
2480985.964922796
2632290.4003637745
2359193.2151160138
2420291.2000738308
2882614.0119691002
4264826.8477347568
4482370.2650183914
4650480.5307676801
4779730.3476484548
4821650.495237587
4857539.1252364162
4869349.4771190779
4843577.8801782038
5051469.2841324285
4819197.3080131803
3641337.7218529028
4215400.1606263649
4885797.3416133672
5101556.2796192467
2820165.2663481017
3173742.1055872338
3086056.7573924018
3000681.2960338714
2809585.1032573874
2649316.2747234544
2686231.6008370128
2492854.732806846
2714016.5812390638
2476973.2584051597
2632222.3276049085
2922373.2867292729
4151800.8650751403
4258433.0104328645
5291539.7223934159
4731478.3271493642
4803831.7439943096
4832387.8230588576
4846246.1700212676
4766670.019725319
4706435.8460247656
4308424.5101438025
4433638.8304637671
4725029.0820118543
4435038.9859930174
4358615.9922856344
3314062.5814272957
3337431.9790682066
3349912.011897306
2752301.49185206
2500962.8916260377
2429667.4175445568
2464690.1497976254
2294624.9837180269
2228116.0292301904
2286215.3924843464
2379937.3844049443
2417115.865286584
3929208.2997089424
3700475.7431599842
4363163.9989548279
4728735.6903028451
4842504.5204497557
4852248.3527629552
4827099.632492532
4729122.694535316
4550031.7558967406
4332882.6288141701
4164778.0454831743
4295239.9183823923
3919585.411141607
3555536.5336047248
3808953.2752149482
3477769.7867046809
3373343.0711389878
2522662.0506155877
2379610.8205015725
2273556.4387106053
2285410.8574140784
2112018.5860863896
2001686.2469675054
2111364.0592931388
2173358.7476461511
2134091.9443842308
4174667.1570656286
3868326.4097509948
4838904.8933419576
4967393.3776140949
4964185.2669971893
4871713.9824755425
4824366.9005431943
4718601.4332469748
4422879.9777449286
4263813.3181417836
4070533.3214668795
4447590.7328542881
3951342.4662965136
3611340.6006814837
3326487.8084466732
3119139.7702025599
3124965.4877669723
2214928.8059546035
2102935.0615268415
2074170.3505778473
2065973.9999364391
2036160.4425390956
1921090.2285872949
1959231.9250575835
2009003.9169101762
2008641.0004274603
4790050.8620536532
4628469.5114603573
5006592.5193006136
4797784.7222322449
4907176.2264924441
4868825.3038542233
4791902.0839300426
4667796.2016689107
4360324.6862925561
4275664.3795402227
4177285.0004272899
4881008.8178686835
4547460.9455776503
4308246.0985916238
2836205.9461875847
2628345.2574904305
2467620.0393895046
1994361.5039796173
1927006.7441913625
2021141.9803215358
1841357.009468355
1934811.305587759
1937549.4129378148
1913168.1351204363
1958843.0837491122
2004190.9935517057
5441887.7045492381
4990281.7747059064
4992470.5626206016
5294433.4344888506
4843247.8201006791
4883872.4370650779
4790307.0725216838
4680341.5550323362
4431925.1705691284
4393472.6954428647
4370035.5311697992
5145938.1288458286
4951169.5483505353
4707319.3968089512
2665908.2010825556
2101949.6475758362
2000255.8974205519
1935552.9241331993
2032690.747695074
1987768.9489419542
1915091.4284211486
1930667.1027027511
1957539.2854645783
1917098.7686533069
1990734.301343513
2100959.8712109062
5730766.5675061317
5111236.6489084736
5078092.7683521286
4951604.3264030786
4886193.1663171677
4928139.6979618073
4855027.7637890242
4728747.756411504
4539818.6991934031
4557993.6530407704
4472600.8406107118
5087214.9444380915
5000552.6853580028
4934700.9149744082
2102649.8892313722
1924464.866511089
1878427.042204563
1925349.5424136722
2012124.6445825589
2054981.2053116094
1991290.1417708837
2055740.6050753135
2060189.326054228
2020671.3749278712
2114452.1252892781
2224086.1281395
5947160.8073450094
5130472.8997347327
5154201.3737781411
4776695.1981112016
5019526.9844309138
4976365.8451487599
4905909.5052032061
4754314.1583254002
4657129.3326274203
4575195.5777963279
4407246.3495522067
4818230.4392895224
4768715.0302790031
4588737.1795174852
1567964.556375704
1595225.0700462919
1694101.1971012251
1922224.2232014041
2021506.7989927984
2063300.0720449381
2102872.7301265271
2148881.591428861
2177457.0678614401
2206825.1065097922
2304629.4729876406
2394357.6581645086
5039523.4273565989
5442855.0744087417
4823290.8971204208
5259560.460337068
5089620.5635416145
4971790.6777927913
4763301.246974024
4704118.0492223576
4597583.776261447
4446484.9700166974
4558674.8427607706
4484035.6173282331
4185883.2256334876
1446582.4877784059
1472292.8775768415
1794953.4037027706
1957743.4703370153
1988986.2748715437
2053593.4050420648
2118594.4579465226
2180680.5296234344
2236964.8962049233
2302585.5202443879
2400755.276066646
2519214.3375681271
5272653.3492930224
5897879.8754401132
4859536.3981403811
5437219.9733903911
5087768.3468559319
4974719.088850813
4794213.6794185201
4690370.900176608
4643951.4567398839
4545409.2368417345
4461236.7389195543
1401151.7308541767
1447675.8499912978
1959433.8423367725
1971627.5587058992
1956095.393615966
2017285.8359091934
2085860.1216902346
2176728.3137784782
2294487.6202419731
2416928.6210412099
2530004.48345578
2709805.3759643454
6698970.4534135517
4833312.7228881791
5526232.1165244281
5022582.6411244394
5002366.0561955767
4897541.1177328434
4789890.088629839
4663665.6744870925
4553171.7998202899
1449763.2767620031
1448806.325357062
1961553.5385612193
1933490.2750001645
1937092.4090847161
1980824.3917944466
2066965.7310519665
2166461.8719870588
2300186.804671423
2460323.976495014
2637811.6778926956
2846221.967495251
5611182.1319533661
4569827.7220642809
4928124.6641590996
5043573.8245671345
4989833.1264898907
4909078.0142900925
4701676.8645491386
4539866.975634519
1468908.2589572705
1409818.120600237
1826919.8308408719
1884820.3264061473
1958930.7352537906
2021887.9577679988
2112583.6924908939
2206103.8885093299
2289630.1717742798
2401322.5508760219
2602138.7417411096
2819202.0032070056
4798305.3478265079
5168657.7353939218
5139632.9957410553
5035467.4937953716
4934480.8452295875
4792283.3152306415
4600913.0834906371
1624787.806400426
1665298.76936437
1950811.3013194331
2017330.2253414548
2042688.1113290719
2101846.5751453899
2171118.1291626017
2253825.1704191067
2303449.9712774786
2308065.6225116574
2379698.2559379493
2514413.9131050697
4963955.9260643274
5793233.6391199529
5275243.599798006
4986705.7294851933
4918899.0929022981
4921766.6983301919
4716492.969762302
1273089.4337964009
1573234.7182167829
1725026.2005101342
1862296.6232833304
1920798.5451648338
2007485.7383146302
2095772.4833984945
2173153.595277736
2193271.0623282464
2123518.2872719597
2063105.6140782998
2093393.9587612683
5305634.4070233619
5076440.5799602857
4878653.1164538944
4916064.5186358206
4778146.5203583455
1354349.3329256291
1471129.7457418784
1773969.9402577644
1883124.1600657855
1987163.2572961785
2073733.8508164636
2129002.3272480322
2106271.2617615717
2002861.7696730765
1858002.1171051806
1787926.9991550758
5468965.557053227
5162673.7790796356
4717584.6416295841
4832182.0862607453
4814818.3465475934
1830079.3878653927
1941781.1558666546
2033579.7381718617
2104016.1440945584
2154132.4222608409
2138564.7781422306
2037058.1633053885
1817577.3575122762
1663178.8969376273
4693718.6655257223
4599671.53514132
4794864.5277818041
4872365.7105776286
1930556.8518590829
1943869.831888855
1933989.424924237
1940923.2924362151
1933323.5034589861
1862572.223891445
1706499.5296973949
1567923.7656269693
3929217.6629395671
4768692.6406179629
4857529.8453727635
1812081.9044635429
1722016.4277418628
1683578.7295580627
1636594.2854433577
1595700.7280754885
1546950.6708808325
1508553.7129721041
3845282.4924408733
5221618.2716289572
4983180.0156518379
1678489.7618546567
1627944.3003501692
1467975.5909867722
1481434.8996021154
1434681.5620845098
1467359.8634961438
9202328.266502535
7937376.8887311192
1455460.3139006726
1517599.0364864853
1459935.8705762781
1560670.4889879751
3710571.9352895105
3689553.6704484513
3933495.0562171894
3851365.9129598183
4016100.4170274376
4101859.1890068669
2181001.3613482164
2290364.5879042284
2398416.5713946857
2274826.4326204336
2224171.9770449786
2234857.0162050347
2156280.7408453608
1948161.20484253
1798608.7983909366
1718061.1658172559
1728625.4257419128
1852448.0012969458
1996452.3958952641
2064387.4140983445
2289504.2596281297
2277010.5632988997
2350220.3424268682
2460735.9515607576
2702573.5502178078
2779606.8863605987
2494192.6480397223
2163603.3192864908
1713684.7674434481
1553877.5101795765
2143863.5990672777
2537069.7950769835
2494418.8636668799
2390179.9221215616
2390927.916986648
2324064.8633575742
2168314.4731020406
1828966.5613122398
1758104.9537013206
1774058.3654629881
1763415.586310809
1827061.6234772943
1928552.3827231366
1980217.1142691523
2233948.5682596676
2296435.1712512267
2359286.7883950239
2437599.7963852021
2482312.9385331566
2425837.4371173377
2233304.6057329038
1906218.729815572
1964081.532811637
1792584.7854462985
2315477.6825657543
2276574.5426814416
2032444.1172061686
2236124.3114441764
2372194.3244002922
2320764.2468566298
2298643.0312759588
2336549.9706041752
2787978.4085944463
2322854.1617007274
2268830.3981277766
2271618.3287536316
2256933.028769644
2230107.5787398363
2602895.7080736086
2646301.3816979835
2684441.801386511
2738048.4536781567
2834227.3951118276
2874323.2301425999
2803772.6994773634
2716417.0935791805
2416951.5906591523
2297409.6421854696
2665873.6485517086
2542268.0695178485
2117173.1911023348
2201712.7798425131
2293370.4131532842
2306643.7278213734
2318468.2965846569
2353031.4593989709
3321117.9905363983
2118294.1816571634
2211682.2437546994
2290062.6692098314
2300520.8301946637
2285976.4040706316
2653164.5688186008
2698299.0917482828
2740401.0804181383
2798698.3512674053
2843187.9170615319
2909246.9894064125
2909226.1193147707
2904936.7458692114
2514713.0466462136
2459844.1894734707
3044082.6519714752
2795430.8793233107
2196807.2229401683
2211223.3784005539
2248964.4967992879
2318412.2643850776
2387733.2645509052
2355456.1657234211
3887303.7252807715
2236579.4720596126
2291131.9108904907
2378243.539086015
2400807.8520701183
2392608.1808858938
2718657.9603314367
2770667.5334172375
2826803.2845914317
2868308.163127041
2917307.3994267937
3021125.096525697
3087149.9641620656
3065833.6627072506
2538523.8633501325
2422420.4789133579
3327563.6398683153
2985813.6435430883
2199512.1215379168
2213885.4999851068
2240731.6405093619
2310292.9885003278
2422409.5802688161
2659454.5352744865
3091210.0758829704
2491783.6760657323
2447952.6906098253
2490869.1959808595
2502563.3358424306
2517788.5608015247
2817296.7139268951
2858030.0660026884
2913579.3469316671
2961351.818810109
3023887.6143539343
3149778.2771659638
3332724.8197827758
3499063.5813027415
2154922.1632473255
2161842.3522377899
3489376.0872199703
3136724.0520252823
2174537.3150229268
2183543.7469357932
2222674.573776402
2263186.5031381059
2360843.5984406942
3903276.2542283512
2479088.2505296445
2535708.4147382523
2527595.2792608957
2556074.1678090459
2576573.9941721219
2627467.8634141088
2888900.8583203494
2979798.0631276835
3038053.2242544
3092399.6452399283
3160225.5921693631
3279825.6533892448
3546951.7012436385
4050658.3303189073
1660835.5055917061
1735894.1594465158
3476237.8712782529
3235586.8848524159
2066915.4900522821
2120388.7871363387
2143912.4014148917
2108782.2533390452
2008182.2803322182
4424885.1474546986
2457569.0997730764
2550036.8075451301
2586508.7410383029
2614060.2695221887
2658799.5803422197
2727774.6866815267
2931778.8987146933
3037504.4243738819
3135749.9358961508
3191761.1659327322
3253443.7983054286
3347393.7399509316
3573105.8334998493
4165220.6641658866
1434233.6464983679
1517204.8397927652
3274737.9978033444
3063896.9295445867
2038615.9332397601
2069303.2094562245
2097576.4743998614
2065333.2999303488
2001812.7525100994
4391494.5189159438
2903709.1389597463
2716351.3204165697
2671167.6342019928
2681121.0242227474
2743281.5936678862
2823956.4446102926
3050040.1616650485
3112576.0044825436
3183632.4995713709
3250173.3201173381
3276776.8474413636
3350680.6864939267
3500984.0797966914
3814423.0396564761
1514653.9644427288
1575061.1225763103
3109254.9793489235
2648479.5321178711
2095764.3382218466
2080888.7220427429
2079432.5899507296
2038634.2542953917
1989292.5843867755
3787136.0064639398
2927817.1253640107
2768198.8819564716
2735622.5324086598
2741228.0145658748
2781126.8659924977
2806599.4452789309
3156597.2791471472
3136500.3817665544
3238460.3194648298
3297259.3000430157
3263308.4797659079
3317114.0335342418
3400096.169581336
3474115.9685778031
1683472.943375014
1701661.550356318
3146573.4539086428
2447910.8991887812
2139220.839838651
2104348.1672593285
2096768.5460508463
2043204.3206519892
1497536.7448998431
3695662.438363648
2606641.6148000979
2668958.7002071985
2724957.0957157244
2757429.8657653658
2811899.8647170826
2928208.2620631107
3111901.8771354891
3095398.0343290661
3055917.0575866601
3054416.8967326917
3115353.0213481467
3181328.9220778053
3208785.5738704382
3166191.8451627269
1777440.4500901003
1745293.7418452392
2910972.1064108517
1347499.3753137675
1983254.0161182797
2052502.7783504049
2161137.8043745914
2357868.1014112509
1291923.4973792313
3856775.0007534758
3310301.2113476871
3100548.5395857668
2997011.4714022884
2936238.429360738
2934826.8847318324
3157187.7719704816
3076741.626241676
3054225.0821050527
2977305.8183032735
2924462.787118312
2969195.6609876622
3038288.4456769717
3051684.8367325226
2953497.0421480718
1775689.2148894898
1704914.2416932334
2478129.1752557326
1089466.1188085121
1903414.0152282359
2085734.3993147525
2211297.8324645385
2299053.606524366
1731974.2958316305
3426274.0614623041
3294170.7178664152
3221070.8028665096
3133188.9456432443
3072954.897320563
3086803.0710380124
3201498.0019524079
3045820.8148592087
3038515.7461279873
2956635.7690855875
2800320.4210855542
2805461.8817636766
2929188.276671486
3005509.4692266756
2968135.5592690287
1702868.0575601317
1634783.9939079618
1843243.4656286167
1699041.627617012
1776615.183244583
1896379.2858766175
1955370.5429919004
1930860.0439866341
1926470.5286939847
3440839.1652689218
3243143.1104563382
3194837.7531493101
3164797.5503913052
3132248.9686605278
3185046.4632448084
3318323.1048686542
3002619.1880386989
3033229.7524329717
3033366.7277796566
2525323.41118932
2540729.3883023146
2856727.0257940539
3042499.4377769129
3068191.2465524566
1527318.4474633662
1496777.8426789837
1811680.3268604383
1765377.7258056877
1807404.9483799322
1837260.3450820977
1935676.4109398108
1980642.0571210235
1994453.7749777981
3002414.9477501707
3105835.6076249252
3121079.356378295
3088729.0507698609
3102532.0833349624
3207181.821311723
3478921.9991895375
2953138.8652389725
3005767.4544663443
2961089.6729717911
2018964.8768925024
1904376.8886849892
3058716.6302567245
3169512.102623777
3210510.140571407
1380397.7915182542
1342329.2816799607
1958431.5108653554
1842894.0004929102
1838337.2088969359
1792763.0301782407
2040806.6009777661
2177126.2115154383
2318781.6470736866
2734619.7403036463
2983506.189962531
3082669.9067683341
3053508.3679934037
3044069.8005791199
3033436.5535427881
3784445.6678396394
2910948.3969406085
2881700.5825834032
2606292.1234087227
1898010.3012325976
1796161.7617881848
3430727.7358651599
3319125.9579316778
3290328.7612194344
1301624.0272385499
1272432.9937231531
1944210.5548249278
1878464.9873116908
1814214.4429173337
1570661.519033263
2412339.6906492105
2406964.993710218
2478018.3836935651
2660108.964883097
2889269.9288760847
3017572.1692059012
3016209.6035229508
3020064.0175408875
3165496.2161495578
3827049.157565848
2797707.0925847511
2722586.8395803287
2391055.4035240831
2190838.7625244074
2084275.213470907
3392452.5782031585
3381456.2292465582
3335452.8625483173
1279934.0043911519
1274254.4669998914
1990752.9141909871
1988965.5974976432
2066915.7004745984
2200752.3004821809
3133218.8247610983
2682114.3762935526
2563164.8701787558
2612291.2413256601
2753620.6432571854
2891550.5688957185
2936382.0650067753
2996914.2259571971
3390595.2736763428
3662696.157389794
2679412.6213072222
2613201.4286353332
2598100.3079628879
2478327.4038543147
2388305.7674256647
3171633.6745808604
3432280.6185617037
3322656.4550997186
1366478.0300645279
1378133.5412377808
2096065.9818531503
2128816.5081735831
2243036.3735912875
2397508.3520155875
3307627.3821270028
2805259.4857463632
2627681.2448202483
2621355.7684330139
2709079.8759016986
2876601.4761583018
3016906.5334270452
3168100.8731017685
3390788.4234910826
3565357.8857170558
2625199.3358775927
2675155.5853693574
2923644.0178840254
2900370.5885139429
3003072.5043199011
3683521.4608727582
3401221.4168903125
3214490.9858392891
1649325.8551966907
1632169.8185873146
2194283.2495498862
2165569.3540440719
2299129.2370307543
2326341.3992275139
4396153.6907551503
2717557.0538050258
2639591.0235968609
2673868.4665528708
2759580.7207551007
2976210.0825871495
3190594.6939586271
3334236.9913296662
3428743.6883278321
3539362.5956412717
2774388.1772957081
3272720.0023052157
2792727.8151947013
2881581.7886349875
3031546.5507624056
3156997.0719724135
3276383.6356060891
3124082.7330405386
2069461.7942493421
2012354.4619068431
2203517.1310260603
2181539.5695535061
2417350.5488927974
2486896.4112959947
5245153.3578985222
2360645.06657656
2597933.0730057675
2727037.9677307443
2834535.951809919
3026641.3918794198
3246269.6513039786
3374103.2388945185
3429593.311345214
3459067.2333525401
2689607.4419593955
2972460.9858536264
2312699.2945313337
2726011.8491679258
2962073.5065534967
3031830.5338250073
3242056.0177831724
3131938.5159174236
2413323.2550728307
2316624.0816387222
2200530.260972186
2176858.4822213808
2453290.4046647702
2660077.1018686811
5206700.7637250358
2576670.6454802277
2691503.8821341507
2792056.9160844027
2886296.9797132607
3007634.5587167665
3173877.0292126094
3297563.181936203
3349413.572506703
3369562.4357544263
2533133.3866676185
2577659.4747942551
2646083.4384774454
2882592.2168431575
2983856.8177540209
2986324.6425901861
3246319.0598319485
3154784.2221175968
2621287.136194882
2545296.347975655
2240069.2076339638
2229545.0161027866
2532049.5828734292
3261841.7051604372
4840961.4084541993
2726243.0776006985
2802643.2641540412
2885169.280430757
2926936.5565202218
2977255.7055259859
3060143.4805190228
3169550.711035043
3231934.0499128187
3312697.8321128748
2477071.9477701318
2466419.308775174
2513776.4556127521
2622608.670409509
2674109.1947690458
2752014.0881592208
3180070.5167507068
3112015.3201442715
2712575.9393588277
2692398.9826156958
2247940.7029858213
2290984.737196032
2503860.1967166145
3602591.3607103266
4195014.6607124051
2878763.7311097677
2916621.7739646584
2981445.9732735138
2994875.9855101211
2985534.4106256547
3014964.9239838738
3085277.3258993099
3159892.5371548012
3284645.3924042354
2428534.3525942317
2444725.5847411375
2441708.2951795263
2374202.883527556
2342375.8543364825
2495216.0290466966
3062092.59048414
2991684.4517401499
2704365.4064708231
2742337.089893599
2342220.2417917699
2422918.9620463909
2393236.1653800653
3701456.1796161709
3914689.3693486112
2971124.793672075
3027386.9020209378
3078057.9659909476
3105483.2525997916
3072113.3446386778
3049179.1820058576
3075708.2262635143
3138032.4312182907
3296747.8648507823
2422419.2614158359
2465285.9921897394
2452636.8367471644
2291189.8364364821
2039627.6747800242
2553565.0113144093
3109964.0400072769
2894661.2457046835
2641800.1546395347
2638972.1248492342
2595527.8129656343
2802441.4374665893
2029759.5063656059
3723919.2730681072
3734937.9723277385
3002935.6861135927
3081126.5633259313
3160055.926808509
3281514.75773007
3319211.1407994721
3228491.5036265873
3128363.5504435613
3121145.5537498295
3296062.3143827152
2437793.4877864732
2524825.5703649656
2636337.4640677483
2801467.2507356238
2888530.416752283
3270795.2846879791
3231215.5431876178
2877775.8949508625
2483635.0286407759
2471623.4931283793
2731749.8724109167
2760032.0914558889
2332481.9566846951
3535588.5154355867
3443476.1259877901
3044326.1992169707
3074212.0880398033
3190548.6778195873
3381308.5380682223
3462843.6837399574
3416236.0708755101
3275187.0471545528
3147294.0010917014
3299353.5282528345
2433513.6382391709
2517210.1419347147
2623308.0590737127
2720386.6310064388
2649402.8530743537
2423746.7851687795
2754377.0417110994
2804113.1582984817
2217496.5507202381
2203942.9614374936
2653002.6192770568
2640692.8635900659
2695256.6686578733
3012215.957595937
3122550.3418049542
3073115.4927751063
3038453.0054554241
3140575.5473908153
3275902.0102538657
3312361.0114246765
3304031.4430021173
3427798.5402634721
3251869.8861668678
3337282.2789004222
2429630.3934137281
2512484.5982602765
2583219.7847763291
2693325.8418617295
2565995.3390601063
2644237.5686002695
2869454.8198822895
2990824.5415952369
2064491.7215654498
2076775.2273490871
2549694.6224551057
2554269.3235030808
2779913.3732129196
2791887.7048983984
2816618.4924544273
2859035.3786790804
2946598.6390088163
3037941.0622343067
3144036.3358692946
3169946.4181150515
3134979.8031009105
3357466.0296575832
3339370.9397855285
3399550.3504271624
2408741.7772959499
2531414.6742393952
2670111.7284820061
2615832.4813730265
2374836.2228587298
2559112.8450680189
2981713.5798107618
3224712.5592878284
2045575.8349079005
2106205.5449888646
2428910.8706728169
2448302.4715544586
2806700.19702134
2601122.1681171115
2685753.577326057
2744283.0959944646
2847111.3816704075
2948890.9965904802
3090873.0453285458
3136636.1883877497
3201384.0263541415
3329697.9268149114
3375521.9421570147
3478275.6328709954
2368177.8267375086
2431269.6603675424
2414623.4734465061
2180540.9847288607
2191321.2987511018
2125168.8367277989
3203692.000554244
3226587.6821463909
2213889.7661340493
2232448.6839255006
2388658.3080806155
2431646.5187782561
2602046.8023363454
2705150.0830103094
2606612.4188374453
2654131.2708894922
2743213.8311253982
2888144.5930961203
3141047.0421099425
3111146.1184947784
3173824.7325447928
3286227.1581676444
3399349.6576554105
3519848.6520069237
2331786.9573205682
2370943.2472261838
2365761.8847545837
2309975.9871662068
2285451.1423435467
2243338.5941159027
3420930.4101703814
3084691.5435722899
2524036.1620132374
2515740.5940237907
2283828.8331912025
2404710.8328674305
2081277.7240751816
2418175.800458177
2485084.838343929
2533219.0671375771
2634194.5246670111
2741259.4962829887
3211545.9327423475
3321729.6513749231
3208556.6038716706
3303000.3066604235
3445131.9200283298
3575264.5870606438
2311731.4251612625
2353648.7722186218
2389672.2219705852
2422540.248463315
2459409.2471805681
2460894.3093400737
3175388.0985317728
2960296.8140732897
2840124.11319183
2809189.9672573549
2182407.090344219
2343342.3397164294
1290690.8317606631
3214096.361025448
2412951.7984351176
2412835.8237935514
2478539.2319895858
2567795.8196012466
3249714.1752052414
3699925.7320843996
3183921.4408885525
3298940.8609361378
3442759.6758815907
3617522.2777077626
2309330.4004146629
2376160.7347351238
2446471.7098901854
2525689.3705908637
2584880.7361077196
2583939.3029069365
3121152.6219789386
2989906.2695675767
2939212.4858300565
3012816.2651651539
2101451.0533273299
2019834.2710375555
1138390.759745386
3733087.5406504194
2563922.6254552021
2601871.1485093208
2319808.3546843496
2266094.5420814315
2725075.9923152202
3944454.9065903807
3210084.2504603784
3261518.4252324998
3343942.9522322966
3452678.310414759
2299043.3561412846
2397609.3920947197
2476781.8168874606
2567431.0586965913
2639725.5802870467
2686387.4736141604
3108690.0264054583
3035599.6517167925
2854704.7493464276
3115493.1605417295
2111496.1258794768
2130517.3663716153
1891605.8147469945
3492029.267033359
2960018.0029606
2828978.0490087736
2606269.1732624704
2243224.9153301297
2405621.3854515897
3440107.7231733836
3270402.6851883987
3325738.5367011074
3305319.0095569347
3346545.8770364425
2430155.679901809
2449160.655382589
2497274.7883247775
2575531.6693097344
2636782.1944991224
2694629.5754512041
3083600.7062701797
2986604.4324843008
2875171.6968497764
3182469.5880008424
2212571.5939325029
2249073.0828731549
2426470.2829632391
3094315.5070172842
3102691.7986010532
3150325.3794113128
3137586.5953292865
2624709.6575646722
2602370.4623022168
3064495.443474682
3369929.8571179383
3537114.9512794814
3328854.0144476066
3258945.4946593684
2508537.8463028083
2456126.5033631818
2444691.1319720494
2510225.264193851
2568628.6498400709
2632671.6856372291
3051869.130310542
2917771.4608038017
2984220.1220702003
3319187.2029928667
2366811.7662295518
2328632.1081192624
2660140.1963083772
3053741.6383206449
3194394.0523487749
3289947.6035196283
3525618.4401854505
2940269.6073688711
2628860.6706967414
2714627.0249114251
3121153.8352118987
4145368.666712984
3228147.3434570176
3196245.6471160837
2567756.6443362571
2460883.4494156921
2413275.799773105
2412889.2593262279
2442301.4427982178
2516245.8731824779
2997026.0552589186
2876770.0505104158
3155475.7561660972
3595572.1973428619
2458340.6674841265
2346939.2330707251
2758057.6951548024
3162253.5216784868
3393567.4830557378
3426918.7686241246
3635944.2696388294
3494304.5597963589
3032206.1373124397
2660743.3704870632
2840627.2892430057
3835614.948124893
3217807.1339205098
3287595.8254903047
2502011.4172985256
2442797.33933707
2374337.7560028778
2312977.2827007133
2299295.1346209911
2327689.9343989352
2866631.5245052329
2872482.0751473778
3385609.1365898894
4093898.7550224727
2566425.2295626751
2373775.510861415
2665157.7883677972
3591699.3763199789
3681093.7739246399
3626320.1399518782
3647961.5019765454
3684735.6494846288
3601273.1960229087
3059296.5122814444
2977199.220435652
3269751.4912150241
3570615.8249313906
3497875.6870489148
2448126.8016344495
2482359.2635972993
2220596.938047152
2028907.827599498
2074407.8339258209
2096832.4161521713
2580238.3890493442
2646351.8299141382
4148563.3328880453
4638938.5399897126
2703256.1336801969
2439788.9534139344
2734545.1192680513
3541943.5927315964
3644171.559355956
3708852.162189485
3713087.4709885404
3724715.3449211544
3938210.3176205647
3308472.0525246751
2967888.582602649
2977644.9181905547
3862794.3685503011
3479227.2952180952
2348993.3195889005
2264189.6677990537
1941353.5797179905
1733944.6286044286
1840072.226895177
1896627.9239756099
2191246.1970824418
2113135.9612865699
4292634.130034986
4651149.2302478785
1831316.1742988504
2775040.0545143196
2581891.038698046
3138246.9729369078
3344152.1900248849
3647693.9255174859
3633462.4096080419
3698761.5148441843
3814412.6664751652
4055025.5380859873
3929069.0212443429
3268985.9814877072
2482424.7409100491
3082721.9023972577
2884087.4126981124
2295788.2578723514
2107142.7911398574
1933113.6357098105
1683944.6774149789
1720704.6964548687
1766578.5452452514
2134902.8512064558
1838763.9068563657
3899664.3127072263
3917356.564771553
1597402.3029662331
2952859.4523955029
2768009.6870852872
3295132.2503327909
3213007.3711189283
3622637.1830595331
3651742.4552778951
3834892.8559471965
4010666.4770410475
4110254.1345148617
4258727.8116859542
4185291.866384217
2974806.6793604088
2998118.258632591
2120090.3909739908
2124143.7699260362
1978782.3357616842
1862542.0936464875
1618428.3490111504
1612088.4993172137
1649766.4834996597
2213588.8044078196
1711310.2229324186
3589201.9524077908
3385937.5387289226
1933590.5610195019
3372292.2842672165
3288429.5740243797
3007356.1277765469
3383897.8662045393
3228596.6913913894
3640566.7169040013
3777505.5717568514
4037794.8172392976
4226325.2789183855
3738161.3426241335
3829853.9645925784
4590752.6373961074
3527074.1209498201
2493544.3042027424
1528937.4650574706
1881849.4665314709
1846314.6118026671
1824162.7859911048
1731558.0942644239
1526033.5378153061
1622987.5472572492
2007938.9791934085
1782111.5970504971
3421280.41329689
2698821.4205332892
2792754.96119064
3116241.173097996
3749074.4684126801
3534573.1390892719
3013335.7555188192
3613203.8744994337
3304867.4181527495
3473370.5426134528
3674711.6477265796
4141765.9206583709
4323878.5796197914
3956671.7636642698
3849569.5510591073
4315112.8596861688
3868826.1520622754
2557788.3720898619
1541645.0502135493
1746015.351450254
1755902.282406739
1844812.5288813666
1896525.687992767
1412026.9786122241
1555505.5666799955
1683020.7224501481
1853555.3935346198
3442380.8734846045
2156306.3467778671
3333646.4271851284
3551756.8943582745
3839273.5593978022
4120919.9506721655
3202245.5180522483
2766816.9792772075
4093566.9629752594
3469379.9506998328
3273177.518602537
3594229.9638062757
4065974.3828300787
4299828.3472374892
4435965.2534795972
4211122.1633571815
4176897.2231538137
4085617.4225264168
3255422.3307222892
2010435.2265569284
1605926.2709178666
1681299.3539131528
1774065.1273928287
1833416.673273528
1428386.5285899153
1543677.5059746904
1632597.1930470765
1760724.1582758247
2929326.8368096543
2026522.441613974
3363722.1132267821
3616143.9693220994
3746107.0442989301
3894789.7526458763
2664168.0852380698
2284694.1130219228
4681383.8363982197
3436138.5824511703
3303160.4321942381
3319266.0958405621
3884190.12145899
4391255.9569559544
4392547.8455541842
4223298.313131311
4134474.4257705826
4105081.4428130612
3798993.48628214
2268674.0826724023
1413211.5285396297
1576891.8724991726
1668048.842259767
1751086.0721991723
1453770.4702205618
1541974.9157947015
1631038.6548585261
1723429.2779059622
2945654.7807484074
2656732.2936715428
3111467.4903734499
3402072.110393567
3441137.873045167
3535084.9482144974
3696052.9739755862
2575720.2150326124
2331983.2253371547
3364649.3775479831
3382493.1094822609
3328689.0258120345
3284768.8584303982
3735489.5082468735
4394822.5460767513
4399818.4238426955
4367444.6989941457
4298361.7299509095
4316281.5641362648
4356649.4951299215
3191106.9541335483
1313852.7882565542
1506156.829373684
1613438.0071202633
1696633.3573569241
1692338.7586323088
1494159.517095064
1566782.5293362981
1905985.4808902855
3114391.4650639533
3040856.7130200025
2814673.8807517109
3111489.5641392684
3228487.1124835708
3338077.5549800787
3456558.9835744868
2879346.1208941583
2686858.7768505854
3343852.8309814129
3557721.7611489599
3441042.0673348592
3405644.9653487443
3397287.3744187462
4202257.608300915
4349315.2982756821
4373918.6606364641
4321686.5468329815
4309566.0894343667
4404387.8526489036
4064367.5769853368
1484363.3184074406
1565479.1836037007
1641053.2564844885
1760331.8690385518
1813960.6196795243
1509163.2550069545
1630021.7711358345
2004918.9239404178
3091387.5557555412
3250185.1297813263
2707100.5968138515
2951835.4641177175
3067741.0138247879
3090818.439113576
3152814.9059353597
3513138.4157688688
3206892.1087146257
3038949.3051435342
3661703.007867984
3723230.2799586034
3535246.1743467906
3431785.6120131193
3214463.5223045009
3985894.701553897
4257995.9556249166
4305125.4172861176
4082708.3746504285
3962200.8717201226
4196337.9469803991
3890793.4245156874
1630502.8958080194
1626839.0362127812
1630501.4176135128
1738981.5315353358
1827913.0550816874
1828637.9913165763
1706498.5807981323
1794525.3491590954
2874353.696468866
3090951.9170814557
2753917.4494701135
2929325.9964594841
3029857.3434166056
3063289.0862868791
3110472.5609082323
3373695.7623154931
3518673.9655727176
3276186.6354612052
3082201.7166534355
3791046.3046355345
3900252.1510740295
3601305.1280998266
3435206.2260756167
3300510.1142689586
3752713.9738053726
4197218.4632746913
4257368.2710493002
3884983.525481937
3641088.4146765633
3940173.891071524
3715072.3249076251
1894520.3509937397
1775351.4873236639
1703343.7309481674
1717655.6565677715
1862689.77943524
1953963.0746635941
1632878.1153902139
1711901.9087342708
2596571.6545878351
2743731.0886447825
2848762.3394285105
2911727.1331546009
2994711.9859996052
3041580.5638645249
3104258.7344227768
3330447.070555042
3373832.0541364518
3427151.9436795716
3111104.4762330917
2956364.8819923284
3612139.1586277201
4003982.5390642378
3620336.1937451456
3456089.5145481504
3443704.2662581713
3522237.5235927319
4094206.4314086433
4290474.021290347
3970769.3537376663
3700026.9337156238
3890701.5868735597
3509724.0054091704
1984363.3412707422
1900083.7201752698
1853072.5628529273
1800445.039335761
1873190.5024509171
1995274.882095861
1696525.473109111
1719765.1062270105
2330549.6610830617
2391827.8713060208
2949464.8785563321
2898342.1162946117
2999394.7295711585
3035293.9482998657
3088407.5363510447
3264684.9751250548
3241953.7263564882
3347046.4872375512
3301237.2653223616
2889365.1187451161
2822271.7312308783
3460554.5655099102
3776244.4290790013
3592685.9391898713
3493407.0971319028
3452317.5351903732
3355431.1347331814
3946890.6466702977
4273406.0406412128
4221785.3592295889
4113478.6146206856
4109312.611246448
3412869.75648099
2056862.9921941124
2018197.6461314182
1965262.8307253262
1941107.1961547241
1930084.9295295936
1970289.9935305698
1757572.1212087332
1727324.4640305093
2215185.5778258555
2154297.4288073177
3208429.352066129
3048962.9701888836
3050932.5703440625
3072975.8979965523
3022303.2355927271
3117884.5734005286
2977632.7562270379
3103541.2016154281
3268983.6078869635
2768639.5876456886
2784414.8972377656
3439943.6520386543
3570495.7986008599
3693609.9465377601
3556898.2661854313
3472781.282744009
3416254.3805810441
3760829.7542718747
4323083.9383102609
4393621.5637973817
4442848.6542001562
4183833.6052946416
3266061.8782598819
2112866.6593988086
2045675.2078195442
2039566.5113237337
2059434.5806647588
2004693.0101483187
1957514.5702119446
1865318.977153965
1837895.69054293
2145221.4717699317
1995284.0950891005
3267600.8934124489
3109079.9014062891
3005849.7580753281
2949359.4399759299
3129423.6414753078
3079388.7389454055
2845326.7906387993
2900462.4562773248
2957754.1072713556
2694038.5394230299
2708874.0389657253
2782615.1300378586
3363803.0056334557
3437842.0785175008
3749868.0315607307
3616764.9372813916
3520673.3677859926
3562198.9082051287
3586474.7275785105
4169540.1082446389
4323705.4847860131
4550776.5506354943
4062060.0687548551
3398280.3280054708
2227340.3570889416
2107064.7139936504
2145311.7024156097
2155005.9867380639
2104497.7421131157
2002915.7285615518
1962014.2066420759
1959063.9197967818
1999090.5977678972
1887863.191472814
2990483.1092964965
2975256.2864508871
2935661.4872099147
3267463.5826032953
3115725.8702338296
2941676.0604295954
2779256.2353957007
2904028.2222186867
2995137.5835056417
2785906.890075624
2409313.5597789157
2637501.8424838106
2780259.914961216
3217230.5859129154
3316029.6390627301
3800923.5196861192
3637431.3380221096
3547116.967917101
3564180.3523761882
3423583.3990231426
3913287.5315964334
4269269.2160171587
4750012.6663704636
3746506.6146150744
3423130.3696508836
2220618.4657328548
2126417.0140035572
2206955.1976739247
2236094.3753561918
2242176.9999628048
2108509.4685858865
2015806.2722138765
2008201.616074366
1954988.7545880773
1865057.4378814187
2663413.2680684985
2843708.5604640087
3183784.8701599692
3140320.7558430848
2997588.715753857
2882425.2124380595
2806546.9526750511
2805289.9145900453
2925920.6876186151
2809527.8681423594
2762889.6143045709
2741435.4787934399
2538927.0529073202
2722129.2836978282
3090952.7815230684
3192381.3077650596
3919800.3630922297
3610847.9097146699
3566734.9047674341
3580919.9918626081
3516110.025811668
3888261.4550472689
4324904.5314497966
4189711.3615971352
3194930.0800531842
3527185.2478269641
2216847.2636209023
2121014.488880096
2278619.7106708852
2423495.2674958748
2437289.432598684
2273162.8183325292
2130910.3713509794
2118256.5344438162
2119195.3920548675
2039927.4237805388
2238026.2351670056
2288649.3039864693
2444684.5471324683
2718223.8370004576
2865751.3863479891
2953302.941907757
2961404.042053991
3061997.1680303249
3132169.7761063292
2789941.1146148848
2796893.5638699369
2851139.0200402737
2528368.2597422255
2656558.9728378439
3094703.7400673572
3191247.1895147651
3557575.1707666037
3493980.6205321215
3560701.1235360564
3661586.260311957
3695489.5352891879
3767228.020366007
4026829.6301948815
3866847.5880462877
3469200.6396779893
3605763.5364555982
2306114.0657825102
2247058.1657796325
2332237.7059634738
2578129.8804711113
2662937.832152932
2520700.3404721073
2332891.1017953353
2326009.921843213
2328924.4935572697
2334191.7778664716
1995945.0979908782
2144299.0825690515
2340666.7398672779
2534587.0379871079
2815265.6258855811
3060878.541920403
3026902.5729353852
2973172.5716769509
2909162.0414759256
2742757.8823553263
2832371.0473042722
2991225.8936202405
2554389.2525318307
2651028.9759938233
3110275.6395600047
3233375.7086842721
3478012.6252476047
3563536.2116341977
3585750.6721778493
3689450.9269529846
3688609.8690765752
3628966.0306641036
3787569.8061375059
3635300.3655795204
3547885.4203771055
3632483.1343998197
2620777.8889824618
2549892.2645215984
2509027.2146709971
2744635.5072447606
2975048.633922487
2987863.3931187633
2615259.3061500289
2667246.4663968156
2530986.3268122668
2701757.3161341534
1964323.2849841304
2142489.6614453145
2330700.4958170461
2490156.1020711535
2801760.5407948797
3031773.1199642555
2130137.9073142
2377083.1817475003
2655131.9605048131
2755761.4230610491
2547709.6586981509
3004139.4128121282
2505471.2819681014
2602570.9994164412
3038341.9844302777
3202288.5112972162
3413574.6762589538
3624641.0652957535
3618869.4851967348
3667533.8069507908
3645739.4171952046
3491107.6577783776
3669477.6918520397
3464814.4339217497
3509606.7761909612
3607507.8018267872
2953061.4989142083
2835967.9438090939
2767547.5278055989
2940128.2894940507
3133629.8552131993
3131815.3096087906
2827941.1664227732
2971685.8362443619
2812840.0001819502
3077102.7891470529
1955696.5871173835
2178663.2663227916
2473952.9392482564
2748317.6789278733
2776210.357981185
2747243.9794720127
2436030.545114167
2436709.2806966514
2526111.2115486464
2412851.9798550801
2273885.8078055196
3146533.1454049023
2411157.7425346961
2539833.7334329374
2929600.2985687666
3129773.3262761226
3305073.8390727127
3683197.4371659504
3632642.593838274
3620467.0336149912
3620739.441582487
3510103.9075688822
3606140.2761438251
3525226.7956542699
3487617.521447055
3588030.2896202207
2993456.9548030123
3108502.2634711643
3182644.7999027306
3147918.1538017816
3112133.9416402932
3210639.0664726184
3123161.1487464644
3414832.9723139186
2226231.0690995534
2470988.3811204303
2627366.6644385303
2732070.0254229
2855318.8980123363
2863040.5497100432
2769860.2480297689
2586042.4352581054
2422955.2278489894
2279444.2696900815
2256545.5089016268
2987482.4959965679
2370997.9939254639
2477788.2183392397
2843455.0131149627
3011573.0880347937
3159214.0754778143
3489506.2218838665
3582462.5053483034
3563484.538464203
3549037.9076436344
3474158.4356100517
3403880.9633426475
3458817.724273379
3428854.5542258844
3538330.3304499402
2022712.1862710922
2042251.1169301756
2435602.2848307886
2183247.8810800766
2326541.5991056282
2432308.9423606861
2428452.3022209052
2346486.5308209895
2274643.3838898703
2354037.0214468297
2373207.9902775604
2559811.759967722
2385529.6288846261
2443256.5614660019
2845985.0555717996
2961315.3752900688
3129350.1717675971
3426971.0612855963
3670413.3443544898
3527435.2775002816
3459302.983481193
3363246.4476863714
3229526.4766116105
3368916.0672497409
3351158.0050382698
3451466.3450388447
2084621.4058186766
2136357.7455639718
2321659.7770577068
2179521.9346771953
2103869.9925696813
2167805.3050155612
2413752.3747929423
2374696.0169755947
2288711.5219395077
2379935.8924266547
2378464.6844476582
2456958.0184495714
2307671.5657216371
2399402.4879944008
2846746.6173338192
2915837.4270131178
3050995.714866837
3282831.3689884837
3673580.124434852
3420676.5025220434
3342235.4910162343
3203272.6630533161
3023366.9228306976
3282509.9784272928
3278127.7733894633
3383891.5854899534
2338483.3819325273
2337650.0520196999
2304149.9349146369
2180900.4988977984
2210463.1329949885
2162810.6926933718
2419702.636077005
2419577.1037539179
2355294.8167039896
2395913.0730895549
2432387.2482042643
2519682.5111179277
2247673.1839927835
2350697.0246919706
2823444.3558494584
2882030.7919675107
2991922.2888825089
3116571.847846345
3397473.0494991634
3177430.9746167855
3171422.4422300151
3071176.0819646935
2899667.5499067493
3223802.0216112747
3216814.5023815241
3481544.5569665488
2486046.4529131278
2421161.3156537139
2295717.3172361618
2144906.7677988564
2312964.8270174931
2310305.1285307803
2362058.6626447211
2428567.8630252685
2431963.1267475612
2462715.2451928491
2524185.3732577851
2693328.1657304969
2230794.2936593518
2297984.1075123237
2736116.1103815543
2838827.1378516448
2950321.0909468778
3032714.0489505162
3272611.5111377537
3078518.4487306471
3014420.9495636197
2992984.5572178164
2871072.9688518373
3218563.4812318846
3205320.8039737665
3476143.0297983368
2618582.7441691831
2519744.9589705924
2338292.0336234909
2138435.2729894347
2268535.8894092897
2266287.8290291205
2322389.7514253701
2591184.6684166845
2492095.0461279871
2531023.0589645533
2700283.3211620925
2992288.2316658255
2256291.5759987477
2294651.2899214141
2686935.5607220633
2807709.7074215221
2904979.6401746329
2963003.6158724762
3190224.5383255421
2997374.927966069
2883236.0812440864
2887113.7391014942
2797940.714266784
3081887.9697926287
3072153.5310713551
3234098.1154218409
2649885.6314593181
2670650.0719026257
2521880.096175421
2232272.5228230655
2278096.3942454518
2232563.7057744246
2272281.9417014113
2572731.7006303938
2501695.7310475162
2616989.951957609
2830203.2863225024
3206072.6870260811
2177726.4243252017
2217437.2351332158
2643867.9050821415
2779858.5763172233
2870849.4240340278
2911273.5529480344
3104530.6888802792
3071747.3152897055
2779416.0688594114
2789300.6792007228
2734549.082868
2924669.7729927474
2891936.1567810443
3023273.3000317505
2685424.8654735945
2672362.0766007737
2563832.05870345
2441155.5531178508
2374738.8029269273
2302571.8524108767
2365448.7256419063
2511778.0063838153
2509384.7549763108
2666799.5844269893
2939434.447079374
3502783.5098065743
2059800.7552505441
2119101.3804255431
2712191.6147009949
2774720.536675002
2837759.14716247
2871783.0972553506
2937845.659628965
3029134.1793797058
2631771.8243137039
2684792.0413005445
2643213.9301040042
2774094.0270456444
2708922.5371341696
2718029.3350328356
2656163.0859872843
2597912.5267476318
2476122.1086673564
2533147.3773404812
2491059.8446100196
2413970.4721441017
2413050.278009336
2546260.7688204627
2565819.8937898381
2740568.5154280569
3025607.5491171917
3727267.9045594274
2040056.0626626064
2190921.6367414235
2782955.237900509
2760815.2210066686
2821593.7270414094
2855117.0873830076
2831703.0568465949
2985455.1317665628
2730538.1099952948
2723349.5886255675
2526362.6545252744
2514189.7019957327
2531501.6162286815
2515391.4171236502
2535308.9340271722
2513686.2308196551
2405757.8922984311
2569969.6916411915
2637354.0109166983
2549600.0693976013
2490894.086294956
2570951.590994637
2649017.1454355274
2742819.0084659392
2910487.5247961786
3553406.8182745804
2040264.0483121132
2204670.2010714114
2621725.0082377233
2760937.0067913942
2811345.1131510958
2833063.3546773815
2805879.8520640824
2876727.6761643323
2832111.7129202951
2909144.8741553123
3326602.9807760073
2438934.4234193484
2319333.0671302816
2305648.8947454141
2385523.1825312525
2540845.9888281208
2435638.023220872
2560787.9486851129
2729065.2886729101
2597073.9880791139
2634093.3195994352
2675004.2773503903
2826108.2224478358
2578431.1024246188
2610091.2946574488
3029640.8614040404
2806206.4566757819
2945525.7349150172
3066196.4984661061
3156379.399806683
3156172.2573407418
3110272.5790359541
3008932.3166449284
2876939.0277389721
2875095.3877071301
2619739.3984028436
2013746.3462012757
2444250.6044146046
2553844.9085231354
2655148.0241491436
2704733.2011366184
2969154.5561779733
2857659.8838418503
2878506.4119585119
3010132.1849102043
2817562.0852144253
2876943.7126637162
2855046.1697180588
2985808.3667973303
2773024.2002449576
2904313.8524630615
3163643.8866220256
2675998.1150032622
2757912.7730764407
3349179.391544525
3143455.1143783517
3175757.486320266
3134827.0334301228
3032538.0838726144
2839373.7174247219
2662423.5138071352
2359113.1195529513
2329138.4871939565
3251328.5020523937
2903102.3074116982
2681289.4557848177
3254356.3801632747
3206478.9014240848
3149337.2732927739
2976828.187726669
2751499.5632824185
2647140.2848872403
2666805.690071438
2622298.9252493358
2513085.5769310584
2597840.3145451332
2758007.422792248
2778979.9776889747
2562253.6732086428
2420966.3066990138
2904651.8602018976
3162706.4792703744
3240470.6148007116
3213882.6853838139
3087129.8562731859
2864203.2902572989
2599438.2596615176
2331473.6575967888
2166260.8616844206
3440062.8897238392
3203159.635108856
2761138.9663350214
3631184.2191818375
3368786.5361578497
3336485.3819416473
2839364.0883817961
2673103.8176862206
2524856.1254835902
2505949.8669200256
2459461.7947218986
2304319.638898897
2438428.5682074684
2637830.1429052795
2636480.9020761661
2724069.3530911133
2544453.7786026774
3151515.1517988835
3308305.7679378404
3346640.5467556589
3302997.2219485142
3178089.9506358691
2923887.8035140075
2570833.9755654833
2316779.0449827989
2139006.286980466
3299043.9163679667
3122787.3121757871
2833745.2464265432
3252308.9069825509
3119097.0065963459
3194072.814527371
2598424.3131444417
2432266.1852404815
2353941.2008169112
2280283.2770694336
2454807.5238661049
2282330.5215041246
2323065.0792429796
2485677.1584012611
2528348.1648649485
3106855.0447425889
3016215.8395019965
3262761.5800529285
3194795.5118399388
3313116.2639361043
3327122.2393532684
3218144.917522938
2955182.7154613012
2605968.6213449235
2399386.0236321446
2251071.3203030513
2833455.4555678214
2699312.2867288855
2653593.3932064152
2831702.8507075324
2741552.3003213275
2914988.8242832776
2413332.2205287591
2283141.5818648855
2326493.6000042488
2401366.7439661971
2449522.5052195932
2400780.4519330091
2327853.4694303037
2438476.6985731628
2533212.5524277594
3499276.8165098596
3219425.224152545
3246740.292682318
3420972.6077180905
3239497.9860627302
3291538.3657622873
3198332.0354286795
2989129.7847921778
2693371.9648837671
2519898.0467353463
2414857.0934339887
2553513.4886972522
2385956.6382957371
2340524.6732187173
2751060.7463723118
2526678.9783325195
2458193.0872439276
2369314.2102580774
2421997.3875860949
2578349.7982738516
2435924.9660485014
2462892.0847891564
2485779.906326063
2437083.8729181951
2589457.1730738599
2760658.0208503548
3655582.7279795306
3264513.2850945047
3268679.039563823
3190863.6997923115
3220834.043261765
3257374.4909280469
3185830.5856153616
3010917.6038898048
2763823.4444958549
2652614.5088821249
2545271.6353559582
2568245.9564147801
2487738.6172922291
2440771.6006746506
2358303.6620038589
2312495.9436913463
2296783.4292220832
2349349.6064225622
2585198.5741106961
2619501.3538222844
2546771.2380591785
2642246.301844521
2682408.0881210691
2685728.8254151312
2877641.0235981243
3057057.6466854559
3753044.4343265933
3256729.3481270429
3289661.1139875222
3050240.7417589342
3266198.9158430239
3239228.4857449988
3170046.9662174578
3011237.48974889
2854082.6308195922
2713582.23378861
2571249.6749423323
2533514.3861150914
2510182.5151634729
2444907.7004650543
1864213.1991997629
1933373.6576580086
2072054.7167920433
2515071.6136003244
2592346.7337625809
2670065.060760309
2765076.1459543779
2863772.496585371
2945220.9340166287
3022785.1055445988
3213160.9720349601
3385812.4682434015
3172217.7667334247
3416427.4708274365
3046764.7507525105
3381706.140522032
3275837.8974264455
3182105.341287849
3008633.8962008501
2897477.8288478609
2747301.2159486553
2612831.2323525022
2495329.6681660595
2462884.7238742909
2333536.5818741084
1723428.499570857
1767404.5962799096
2445288.3960060705
2584025.1526205302
2621373.2705782447
2745436.8162460392
2876681.7019271785
3003677.0741147473
3122494.8634688868
3254543.6806804803
3436919.6865400113
3645240.2220300548
3302420.3743991568
3646487.4448019383
3043752.0406084997
3460437.0177935576
3247446.7888947111
3164490.3561872956
3017990.1831117691
2896225.2843255345
2783630.5456355931
2676465.3372353315
2537676.3790131295
1665249.8578860206
1726433.5957587585
2664523.2590525267
2660832.1644278411
2656952.8552413657
2778790.9272533134
2915616.2768610166
3087958.8770251865
3291583.6088967575
3507687.7852586689
3717127.6475342074
4012198.8762093284
4093544.1488992595
3041626.1103988946
3489634.0019549541
3184247.3220513547
3164856.3420342081
3077134.8295848304
2969135.3771000989
2825623.0037802514
2713822.8330436856
1730192.8341602243
1734911.0355943574
2686192.2804033784
2662562.9176359186
2693565.656234365
2801886.3739432651
2965841.4496959695
3154015.0003303317
3383699.4892155412
3646665.9487396865
3947279.8925057147
4276713.3011777978
3518618.5831889138
2937193.15312048
3128062.5981445443
3193626.6819373579
3144329.5492091957
3056785.6100827823
2868639.8882283559
2729118.2037965385
1806554.7365638406
1771506.190730165
2451443.6279463195
2604466.0956556387
2775480.5860946593
2929287.5871815863
3107810.5202375124
3280617.1258603092
3429194.1334123048
3615000.5765915993
3935616.7319263592
4258677.0832044128
3078674.1008456144
3282018.4900641907
3252675.8347112299
3193114.3298512218
3101364.3771734992
2942981.4552890365
2792530.8869596953
2019473.2594657559
2131448.4524160181
2516860.0758065986
2745012.9506723071
2913251.4861423285
3099055.2625554651
3270702.1578821554
3418834.1214403999
3486842.4569613761
3489303.0374102965
3599558.43187023
3788812.474484148
3156625.6466246685
3668524.8510087649
3352321.8688737014
3146758.5148299965
3089900.0115343621
3062413.6281490186
2909796.2519793673
1452561.0605027033
2038000.6704514965
2245938.8853890337
2491671.5180128091
2654825.5243903985
2863561.625086484
3066048.8701615669
3219968.7578650578
3259854.7924398598
3151018.4019560642
3072013.3837638744
3114179.4449453615
3348689.4494595379
3174414.2112393621
3049095.9653871055
3086679.599381458
2985755.0002878895
1748245.4494516319
1866868.4191925204
2213401.8173460378
2348067.792638028
2522961.3998538782
2697133.7495992603
2843426.8256584159
2877079.8035334894
2774031.7934170901
2640851.3449209235
2577789.0781302587
3405416.9507954628
3239561.2516495688
2971654.0940252636
3053090.153297673
3037338.5634843111
2127896.7638351312
2247498.0925691007
2361638.5976857957
2484030.4503885172
2607841.8166300203
2658681.3489553062
2590670.8383621066
2408396.16468646
2269083.5993795078
2954473.8268950358
2919414.1547633526
3031793.155253408
3083340.8997254185
2184281.4867954268
2252322.2184898388
2275424.9402203965
2320211.7479185574
2346406.1452408354
2305778.8233994604
2184747.133204693
2051365.7547532753
2504151.980635419
3037398.0262572435
3102622.006853119
2098306.1627386957
2063679.0319379058
2045767.0153182184
2020106.5805590986
2003848.538557315
1990564.2232936127
1950357.5017264783
2470946.0084679774
3357045.6541982233
3211658.9356322894
1974364.665119604
1933322.4707179242
1835446.5368222778
1900961.7937609081
1886386.6933791225
1921710.186530883
5698113.6893423675
4922623.0865255557
1764050.6330342288
2001810.1860676189
1950521.5971498094
2043761.3716695691
4806090.4568203483
4792031.4854131993
5121418.6214403342
4673652.2119385442
4872571.094547281
5019633.652943125
1281819.8715362914
1322890.5375082984
1405684.6888255496
1309140.4136407899
1278288.2294705682
1283323.0693931724
1256781.15277238
1160268.2540391267
1076676.2554100263
1030450.8352789105
1038883.5355529534
1114598.6296877167
1197384.5951045903
1232990.6841301767
1389296.6324745943
1373773.3990918708
1414018.4162168177
1484950.0989049445
1637190.80691733
1687822.3492340134
1528833.8884626643
1349816.1880576818
1138982.7340883065
1024462.2566094763
1238649.6465231699
1453595.1125008557
1427219.7392985539
1364664.0979999171
1367732.7064212372
1331815.9533240711
1265092.4897525068
1105794.3071909957
1039597.6269543098
1048366.3564233134
1046812.0595135536
1093474.4234281785
1155386.5870394721
1184565.6190447013
1347060.1532130996
1386178.6843860575
1425922.7515919129
1478380.295452463
1506193.9371837957
1475496.7986620273
1374855.2664149406
1200373.3237865902
1280695.0872302977
1232063.0540172444
1304871.9440449516
1286787.6791799504
1144250.9012223473
1259203.6692133155
1338038.4715504923
1315150.4991194892
1315572.8066226935
1342054.189622889
1560025.9145007217
1341255.5152477608
1321964.3686942805
1333951.0746450196
1333999.6699438849
1319078.4591396672
1547000.2559370517
1581392.3801710915
1609665.9369483604
1645053.5730585007
1694056.2163033651
1719628.0225801738
1689202.0095885494
1657325.9955137712
1584605.6673335116
1441258.9969278541
1483307.5653523321
1417770.497234131
1177119.8058664848
1228379.5834297072
1280963.9467778653
1285865.5132098161
1274851.4991701534
1274026.506310225
1836963.4668040457
1232440.9744395036
1278094.3014347849
1323357.6431168236
1331048.1864673782
1329424.2696089803
1550571.7371400599
1586409.149107886
1613737.7299218178
1647473.6827557399
1664458.3196630657
1697393.1185913666
1689152.4880691997
1665765.5694419884
1616568.9261783182
1583319.6584634488
1677943.048642348
1540986.0282565493
1208129.377372754
1219600.8024859328
1243185.482219391
1279034.2979220513
1257296.6846076765
1199797.0681312182
2044621.9117602252
1266799.1156216951
1298110.5139440645
1351734.4213597423
1364668.0085539792
1366775.1360219109
1560709.5974168787
1600362.0455784712
1637588.3455160984
1662105.8899722812
1685549.9670591399
1734491.5262151791
1755401.2503575135
1728547.2976209244
1632455.8341219046
1561694.2360125752
1812619.7389043416
1626321.8203692138
1199568.9328648546
1207517.5448705987
1224790.8328503405
1265660.2490677515
1266160.6667078028
1322149.2445817341
1579901.0088015061
1371726.8761745372
1354811.3310470937
1386899.9477688468
1399461.463826674
1414614.8826094638
1586250.4420355754
1613312.1947403783
1652096.4632306993
1680566.900413726
1711474.4596626633
1774159.1525171918
1860798.7257961482
1939120.743223839
1402797.9565826885
1414917.428718979
1876404.7200633022
1688151.0740388604
1177638.6019360316
1184284.6883109016
1208177.0067291565
1232846.0388614032
1256882.6418493406
1895705.9117319209
1335029.6245425597
1373628.3403453298
1376001.9483590154
1397895.9921586616
1415542.9393244653
1448116.4070136929
1595956.0694321583
1648603.3682998025
1685606.2857231272
1716063.1681105373
1748847.0916992829
1807079.8764961765
1938270.9248905033
2197497.1735890098
1115621.3115092814
1175533.1741065916
1842438.5165266304
1713390.7064929372
1116902.6539087596
1145717.4565982318
1162417.9109746641
1153269.783683667
1107537.8644986879
2134118.6969224839
1308799.6457155121
1360471.7316583081
1384719.9339545767
1403924.381008382
1433318.7510056524
1473616.1094047548
1585006.5077723709
1644935.6715705236
1700259.8639183112
1731497.9643107846
1760299.3526776568
1802053.732554174
1908711.96458707
2205411.7837926531
975922.81113968184
1055455.8688849008
1710056.4480438184
1621325.1896683481
1094923.9364403319
1113068.2172274885
1131666.2893974704
1124303.1513618967
1102189.8850817822
2125804.3240260817
1486356.239772486
1414924.9481604027
1404186.5180218383
1414849.1994668699
1451867.8821715156
1499094.6266644809
1614744.8406366988
1647447.2574665677
1685454.0135756538
1720557.8292999896
1732348.4881726804
1764759.0260320953
1832657.6327817158
1985370.4071164923
1014567.5381423573
1081391.3931393609
1591601.0988964671
1426893.0694107548
1111735.494701803
1111176.3946729295
1113712.8104797322
1103282.379594954
1097236.6827488102
1856926.5951892454
1483233.9042783736
1423116.8849056195
1416715.3962901284
1425844.0301120256
1452190.6400207034
1470459.3064064137
1637795.066524083
1638158.1036829574
1681576.7007564444
1703020.9660916387
1689549.5226306731
1712341.8080541778
1746659.1006587418
1779665.2645895532
1107879.5366326433
1148129.3616540197
1595220.6444382879
1330131.2807836428
1151339.3374615775
1124898.4433415644
1118453.3021631062
1099679.2489520547
890155.13857100171
1811030.1762643468
1355901.1424815524
1382993.277375431
1409685.9209870466
1430510.4996138604
1458060.9997605027
1506812.5752682451
1572139.0741227372
1554451.6237841498
1552177.9284746735
1558583.7792549753
1585426.0612627286
1611979.4288289684
1619836.6701842446
1594390.0737665223
1162309.3317596666
1160339.0453161944
1462054.4735369247
792640.82136158226
1079442.7605747515
1100384.237548074
1144767.5580119607
1230086.1549507556
764226.43563083978
1802463.7174494716
1587759.1609759175
1511117.88515281
1476043.4526755179
1459551.4552550013
1476261.2485865923
1579861.890625763
1533515.9719875439
1518935.9524992898
1485171.7213169027
1461577.1391369209
1482639.7430166791
1510281.6443230344
1510490.5185576938
1458621.2791879459
1164533.6484452381
1125665.9586296482
1226904.5071984003
627623.70938018872
979234.31576392299
1064713.3572910714
1119464.3037182514
1155937.7043151639
948048.39969599433
1634853.3012472172
1579342.161837477
1560415.4787598797
1530127.4468882929
1507812.9846542804
1519304.5024743101
1570632.632364786
1490435.0103174818
1483079.3778849337
1444142.5832596584
1376331.61038285
1379026.8209768776
1429231.0421363418
1454607.6590030307
1428565.1730466394
1130003.2363657278
1081441.1053985434
936756.58271979145
889972.24026233703
919770.26411390316
976486.67166530713
1002178.5071997505
993437.46176988957
1025609.1917183574
1639659.4569138719
1552386.7984879196
1539893.3003042392
1532400.3305484764
1515269.4745507925
1533955.3091096298
1587051.6208797712
1430991.6174501928
1442789.0734834319
1443973.3149667825
1241540.9301358555
1244906.2758161623
1368577.6237027885
1437042.2297074609
1438159.5651009148
1031316.8165956289
997505.57393717673
923866.95434529521
913116.00908120931
935137.80870413675
949036.32523823716
990302.72848061903
1012938.7407220043
1042480.1723468297
1460136.4594026438
1490977.8750260035
1494324.1822322931
1477650.5475370076
1480777.8748969068
1520134.2826477049
1623579.9501016384
1367437.6247152204
1386700.9160776602
1391743.2183676849
1031154.7814796816
983914.85390207556
1427488.8148699803
1458059.4359255587
1468109.6075021203
942255.47634856729
905509.9885781483
1002998.6673647951
953865.16237762477
954386.67445487413
931931.51375324721
1030023.0674343662
1088381.9398835674
1158016.4781041124
1333831.1005142424
1432154.5568591321
1474000.7280821009
1456901.2612989359
1445616.7971658111
1433502.5432435153
1717557.4108811503
1320508.5884658652
1307242.5753932537
1249715.0097318967
986367.28889174131
933220.02811179298
1554211.1346519818
1498003.1965170002
1479873.1480640159
889569.94188063208
863611.49337188841
1004578.5213581998
979188.52265833516
955920.59322379658
857275.19459988596
1189577.7374078876
1177632.9080017738
1203594.4778531371
1279810.2625441777
1377864.7249159007
1434039.6075448447
1425691.3665530691
1418074.3997888772
1451447.5448963149
1707255.3389602234
1249488.9159633515
1219656.4575600345
1131761.2318666226
1072471.9180567209
1024868.6372458929
1537428.9701251262
1521609.0631832862
1493258.9844189938
871059.12387001072
861587.61009158252
1031679.6230879925
1034908.335639899
1081782.1337749073
1161773.9279341791
1479893.064231101
1278165.730494868
1217891.0843673053
1236018.4228741985
1297580.4250634427
1351241.8417281103
1358484.1644812403
1377762.070825798
1523680.5996091978
1619604.9815543443
1177712.4509717247
1152377.4760923323
1120751.4622031942
1087643.7373060742
1055542.4877635567
1459612.4560575245
1531628.7284489372
1477929.2940363681
882152.28519630828
881606.14106438367
1083075.5574980949
1101248.0306353159
1164799.6654012557
1250023.2173814967
1515716.2133055932
1305162.3035550753
1226069.8726685138
1220476.0011695144
1257570.8253499644
1324913.8606076466
1375279.7351540027
1428309.8736327998
1506907.5714934703
1559971.3788155671
1135620.7440059772
1148269.0248011102
1139103.0055415661
1124308.398477023
1163993.3588452975
1347106.1123727376
1495560.7055007466
1414574.2911308578
916950.62464164768
902493.45713462681
1132141.0877677598
1121062.862145223
1193971.0373433186
1208363.343256651
1937987.9573432675
1259788.5184288027
1221838.2300233932
1232303.7175600783
1266671.7381653534
1356621.941631715
1440100.5741584939
1486429.1630392049
1508362.0054349203
1535330.8893244104
1160140.5236953213
1296633.179557767
1076750.0844321321
1079708.8398895154
1130021.4793651612
1166031.9464131119
1414492.5468111061
1350093.7017028045
953089.67803058377
926247.46473787399
1141504.1950156689
1135769.9016728066
1259916.9137910132
1274806.3855251539
2269905.6344000795
1115005.0575809721
1200180.1691982977
1246101.4346203119
1288856.7981096578
1369744.8441917684
1457331.1342213522
1497982.3281863248
1501832.807869239
1492182.9941946114
1119395.6905677379
1156875.4995513407
907716.69827996008
1014070.4267087352
1090357.7056709561
1105686.9742676367
1333985.975061829
1290348.8971116086
982679.92004946538
946556.03052629146
1145558.491361829
1140242.6727910289
1297432.6070501222
1339729.9604393244
2210547.5563624022
1187329.233748968
1228852.9635567949
1261643.4376082346
1298309.4749349088
1351964.6436983484
1420067.6887880987
1461868.4940673502
1466471.3501642132
1450060.2029587228
1072048.3907820894
1048302.5472354274
1007621.3834394441
1031412.6489855894
1048905.9624249628
1053202.1008384675
1250219.9696845273
1217637.0499002712
1023365.5328498364
1002800.6052731895
1167364.7648062049
1167506.5436620894
1337250.5288662715
1451990.0045062487
2069679.1186839768
1233970.8052839569
1263272.7340706959
1286161.8658255036
1299877.2291424389
1327622.5071263916
1364532.6537477421
1404059.5257654644
1415348.1315290327
1425295.0329240649
1047872.2254690281
1026609.1586856649
1006383.0935940251
967500.4789980324
940759.95271590864
972123.83048275241
1172686.2065927002
1149536.0875393387
1050154.407682026
1051187.0505229458
1170641.5971477665
1194971.1788507118
1324190.0806641821
1582323.6044646101
1824803.5095279689
1275914.72009379
1288397.0657012302
1305094.1541056687
1312487.1132499417
1322323.3727868707
1342531.1273451783
1371246.4239503839
1390542.6782295159
1418627.456694196
1027492.0407610604
1013659.772050571
993993.3954809882
929841.7726815975
887134.56096602767
930687.80685757427
1117751.2336390943
1090644.9403918127
1044688.7717130388
1064434.834545454
1208032.1182046959
1248652.4786176963
1278374.5130893914
1621133.2020408411
1712299.8724792241
1291718.5566260719
1309807.3766285107
1323857.9132673184
1344720.8649728256
1353073.9549617171
1359747.2691317173
1378459.5433677817
1397497.7237923103
1439043.4437603788
1030439.4878648911
1021762.8616283076
994046.40461957071
920583.15576348582
827237.37652540032
983132.3637859181
1130692.5407222216
1056231.5895580696
1019991.1604038236
1022275.0555150397
1315599.3344268117
1402228.9084030071
1122301.563979486
1627409.5994943567
1639957.2325282749
1297225.1001404962
1325260.2037586647
1351840.2882893288
1415874.7451612761
1459232.1510946187
1442264.8866316369
1414839.0381447969
1412924.4618328519
1464161.6380387165
1050774.5548655451
1051675.0922133834
1058712.2544567427
1104641.6608890851
1117747.0131793292
1206266.2013567106
1168118.8635781368
1057868.3472288339
962162.24299628194
958514.13941401721
1372440.5942552239
1377141.039208035
1132349.6765286874
1551415.6487109552
1524882.7906656894
1319924.228993739
1327600.8612447223
1370654.3033228575
1460541.4248191738
1526311.3644354849
1534212.7741905639
1486482.16617075
1441506.008932634
1489325.1897152835
1062573.865695854
1061869.364269807
1065880.6525488496
1081584.0432009923
998762.02890593535
928994.04823683167
1031693.5478641108
1048428.6817732484
868096.64862858295
861620.83336310019
1334048.3307859884
1325420.3584929779
1251582.4951123709
1361072.8475540015
1402934.7877114594
1353905.678131436
1328493.3811644535
1365260.3472846763
1426527.6506000566
1466899.9829475163
1489785.3593811791
1543699.7689594256
1489076.3625630492
1521462.020830849
1069036.6460652198
1067114.5655535588
1063423.8913336464
1082714.438484957
974040.66593618563
993009.36195548985
1058777.9380970458
1096723.8237115019
815618.86443061137
819105.44391566841
1287068.6635126625
1290968.6527047039
1275688.2504463193
1282676.5426909856
1291200.6297307869
1296443.6142039534
1315520.34025609
1342622.2488979432
1387008.8592068776
1408591.4400907338
1407558.1818869615
1494757.820307656
1504706.5289868193
1522957.0626323756
1047504.8611026689
1057517.5265517454
1078448.0018523217
1011540.1654787735
925642.09938080877
969846.27160307369
1083831.2867418695
1152536.8097439592
813838.75030949223
834049.43582579552
1230301.3945172841
1243370.6575420955
1279076.529919137
1220109.6965737082
1255760.5994249261
1268977.3404537253
1295793.0383191572
1321476.8024144103
1368670.4142731747
1389238.9370508934
1402060.8885339813
1459062.9699025622
1476437.8552568515
1488598.7213929717
986086.38240345218
983673.54951476585
957190.88471360807
865942.57965549547
860828.52613333822
835211.13222750183
1152240.3799312129
1140826.3648398758
871223.17870362871
878449.5828007391
1212802.0217206606
1237010.7168426341
1226453.2656438679
1261713.5768552625
1243765.3306475091
1251637.5528475693
1269840.342756524
1311280.791211453
1387929.0579105709
1367367.9985928675
1378341.0740681931
1414070.5312799155
1441303.3289916019
1443019.0812896998
923671.83079973562
917434.06022049952
908773.97285993933
886417.20881730795
877281.43350950931
866078.2583873641
1192102.2146457566
1073006.8369081183
974978.9508155667
973600.09410644812
1162272.8277655726
1215670.4366590567
1022643.1811127347
1175507.5203556875
1191900.4616019067
1211916.2548908603
1238955.245586636
1273328.8704085511
1405120.9487681477
1436999.1261538125
1380501.1924508598
1398011.4790882117
1426092.5796671051
1429422.7715959374
893217.36239107954
885768.14717208699
889621.08093467972
901236.73139552341
918408.78951710067
925474.56668961432
1097237.8244493094
1023011.7783802189
1083929.7798197612
1074120.0747277734
1116152.1862570136
1192495.1295208605
704828.73387931671
1559031.8960052398
1154381.7710457793
1167201.0263354261
1187310.1110311113
1219403.7829442832
1406609.2585396776
1565218.7732585985
1363489.6014663915
1379071.8316629869
1403517.8219603994
1429720.1273532761
886365.27894426347
891125.60101752414
902602.21104964474
922433.64921661955
943893.55738890707
948949.5010549787
1077395.8157596518
1032516.8950308152
1118393.3686649166
1148019.1279055334
1085097.1900553196
1060722.5141161261
678092.14182577666
1831911.5302826383
1311768.313847885
1241973.8301228727
1124223.0109825425
1097163.5754371614
1260563.8271650325
1669104.6270121809
1352133.6109293695
1348900.6802076763
1349877.6397946635
1364182.0969248803
875845.25751742464
893850.365889229
907830.03363352665
928905.62945937493
950532.17847020982
968834.50354117493
1064141.3982909073
1040240.3415222495
1087449.9530383914
1187886.6063994984
1098323.0189152337
1121389.683244139
1022975.2701737469
1759870.7999079952
1499087.3988365228
1414255.8224020218
1226496.0554775596
1078367.1581225893
1124499.5037956506
1498591.737474818
1346357.1801500106
1351938.9935038937
1320299.2566098776
1318204.7968573719
902251.17008248868
900353.55712952779
905883.17926750309
923668.86423427355
940501.74996781361
960994.64995220001
1032988.0153055183
1001606.178167105
1091102.1386185742
1209053.5152573108
1131841.5704018935
1157987.8340157804
1266802.2796966177
1600632.9736582784
1518417.7314067672
1477881.3740426288
1525592.2088356325
1219052.1568405365
1189701.1529266883
1344829.6376634319
1361977.3831767235
1403032.5175873351
1319227.8196002031
1283159.9519738164
912164.65661888209
889386.34131400485
876803.0041941501
891569.00083831011
908743.73149993422
932336.03830074763
1001386.2306779452
957661.98818727559
1123132.5630665887
1254643.3421291604
1164061.0631907969
1157330.9893981123
1356659.8373527031
1567501.1543940373
1547687.1248059419
1531748.1775253529
1676022.1669408856
1332343.7623816198
1192618.4884391339
1199111.7896632336
1313685.0178846859
1594842.456149121
1281050.9105472937
1252642.8576208677
916063.88695971621
875966.23945140932
853670.25143055979
848637.85828661802
858066.28417688212
886509.75499698659
976728.65071210102
938003.4005620291
1172650.9667283758
1346967.8469478874
1163600.457945402
1128475.8271407709
1367959.9316414346
1570038.7416138998
1647251.2742753457
1623057.7521575522
1689540.0637180612
1600176.8695069938
1321706.7301031768
1157420.0398681301
1191862.6257228667
1488793.7826005197
1265184.7756981247
1276917.6258309733
876797.09586142539
852862.46612600598
826076.18065823824
806757.02594810515
805007.78689942264
818721.2459066608
934787.99413287872
932848.07582970534
1243021.0418701677
1495752.722514458
1165716.3907980709
1101581.927133593
1295663.1782653043
1692492.0875185288
1707864.0068257384
1676364.5398918928
1661477.3309692501
1628582.6181910674
1567810.4394225308
1274848.6218950686
1218615.9730374827
1289256.1267630151
1362094.0348389463
1351363.2209710407
842783.80695601227
846001.83759243833
760798.2059206909
710176.20854213263
727173.32383143133
738745.26588436379
852184.88123710779
869596.25760199665
1470734.1855186166
1691878.4820382516
1172029.3150291063
1083306.066055866
1272420.7179772973
1585414.77425258
1638629.3164685771
1673224.4051302117
1655063.6446911746
1612081.1909939882
1643247.6061830516
1337028.7466660212
1195555.186066048
1185813.1218909367
1443576.1599802799
1359141.8904135237
805875.53946382971
777030.61038320442
676399.78143925883
618582.70634439657
650915.49931083783
671819.3625496272
744218.7984406068
723547.54072946811
1570989.1168828036
1853327.2634320031
786518.91052321845
1145503.0908509437
1088593.8624590891
1374791.2871301419
1448945.7038843972
1591117.727217162
1539773.5063629323
1556725.3978179523
1559320.6921971322
1578950.2694432617
1543549.3650084054
1280041.5476006824
1042152.3314144755
1249791.6997729833
1263339.9320308149
788238.80379228503
725437.10891686531
667812.44561546762
595060.59269102383
610359.77357991959
628882.56636532256
729667.58577304636
654361.59348231356
1505627.983040323
1658827.6307664465
712976.59322116699
1158282.9538661847
1106239.6278710552
1379724.8915112244
1366060.1957860719
1526390.5419804465
1475444.8660409406
1545587.1797792139
1612126.9241366868
1577717.8706931842
1599940.1006764148
1561235.9844944323
1222787.5399833214
1304586.1918221626
1202427.9126532229
724159.95888970548
677014.97029969527
636136.19921133039
568592.137999787
572492.08222982881
590550.02079048636
742406.34847031604
625698.50780881301
1392796.4584934677
1437495.7676060793
850444.19659596926
1349859.725781518
1225153.1382886905
1138362.7192903201
1364839.7032920043
1332992.0782527351
1508307.2564404425
1528042.5114369344
1625187.1681130072
1708295.4487428772
1646280.0291577436
1596641.0926671408
1655358.837338004
1400836.8095986601
1303818.1349358798
1174894.8501001028
628115.82737683307
617295.2457839885
604331.63887632091
591161.5691661865
538272.16853556084
571480.09794726619
674363.78962768591
637683.84756626713
1266134.247588183
1088100.1305202795
1105573.591539379
1182788.8519087546
1331377.5359353067
1291379.8707037151
1101567.8633528755
1411577.2542545723
1323958.1074419422
1320945.5522014552
1494635.8395233019
1666167.9640460676
1712114.3162248563
1692739.3467144428
1597166.0653640684
1537092.1018863879
1450177.0449358316
1349886.0065913266
1238551.9656905716
565490.25381251052
568346.37681672454
590673.927564624
606472.49802493444
496269.54654320568
540561.24000359478
579794.38374505145
634598.14435080485
1176852.0725558512
793237.52738875174
1212992.3598661232
1265910.8964612558
1354326.0918507192
1408774.0225409549
1319364.5659627537
1139520.1645168636
1538175.0932682606
1331420.2421707348
1242629.6120640461
1335888.4175701963
1608193.0110925795
1656381.9551786613
1650985.4646459476
1570529.4831744758
1514595.9635462707
1460380.2609472526
1400755.9810926574
1259244.9023861038
505699.79799652682
526884.34559505852
553899.22002650553
571108.24688387383
489169.7528874923
527761.99968823185
558495.30878856184
588979.28123203164
984380.78685674793
691102.88661935134
1186278.453228262
1270327.0259997724
1313963.8197916651
1355604.0962212405
1345247.6146824094
1141765.9736210543
1660968.468084025
1281125.3448500545
1223556.0798434946
1235112.7257673109
1492521.1932515649
1619721.7058335673
1597422.825774519
1551680.113678056
1486523.2192985911
1448460.5125926617
1415336.9821300851
1249088.4531225455
439187.16717868292
486824.6192651334
514222.77752799168
539744.01841244253
486918.27991361142
520090.08508466539
553442.99198232905
560494.74062064558
973774.64551344048
887291.76997496292
1104914.7532463642
1195386.8078892708
1206362.5029687951
1239176.1237272162
1259618.0167343891
1342566.7649642916
1188464.145995456
1552326.7636325064
1229553.8444052122
1197042.1589923948
1201440.3146407488
1338821.335241426
1577647.868498449
1565884.5454900563
1537064.0148988036
1490587.0838700447
1490831.8093855411
1518700.8335922936
1356533.9058469881
405943.93188045977
464706.83205117675
495732.48232341767
521418.74131220754
545835.50056760793
502526.34546466888
533886.17456554191
604638.88898060704
1007316.6284152031
998469.88221543201
991939.50115084206
1092396.4579209315
1135762.4250096069
1172581.5463916473
1209728.7056195375
1262940.3123900387
1169309.7895258723
1397200.3878915529
1238644.6154104492
1200743.1107000646
1214768.6713489695
1214409.3887474725
1481347.3515816904
1519920.3033000927
1508490.4400334146
1475519.9931263581
1473819.414154242
1512998.4344101858
1431515.0373332391
461630.60286265932
486914.60026786767
506641.40810019412
543313.12098733219
557502.516467129
505105.55727674952
544654.24216097058
636909.80891273823
1002496.0847497465
1065455.1477741578
944063.04484016565
1032284.8268001223
1080258.6189506727
1088443.7416388555
1120297.1310195511
1245876.3231996738
1129758.206976051
1056292.758713966
1280352.002674686
1254503.0230584256
1201936.8468310046
1193833.9377701385
1134435.9764813338
1405725.242395811
1483581.3381904559
1475716.879653547
1375467.5964531382
1338915.9188310506
1422804.0647353926
1361107.0273294931
512828.03132757201
512897.79221498937
481606.60469644063
470720.20903416071
504989.2533578513
585357.92312828894
557482.05207467894
582658.58932076464
945046.60263599351
1025379.9231182927
954860.83825665002
1023850.4990288663
1066271.1969865886
1074513.5418363085
1098598.5760959536
1237896.4545482495
1301341.820000601
1032065.7169419021
955456.41184009006
1189348.8746946338
1286088.2769741206
1205508.0571511027
1172111.4602061508
1146855.6169271646
1275999.8547297767
1448372.800151567
1446354.9947936763
1293555.5600162582
1214103.1043919434
1316731.7877647781
1299293.6335823035
601372.37321096763
563201.05999439361
508896.18430928543
478412.49359460961
538742.61222991336
601371.66467715905
536875.42004528712
557203.76208670263
857253.2308074364
919148.96912469878
994443.05032266537
1021154.828101407
1055010.1002268461
1071893.8164187993
1094284.5945513735
1205278.4653104194
1227380.543693898
1169566.1694392189
966005.10253377724
919545.28845664987
1131918.4728809046
1303112.7227998516
1206340.6194053423
1162586.2521020249
1179911.0208876468
1204520.6018299279
1387531.3495766837
1433865.6158506155
1307848.4165884806
1211443.7086760534
1279628.5329215101
1230485.3264512552
626589.96122279833
599801.49113100767
585947.81098844088
581476.1618367465
602492.6359283186
626192.301196257
551428.55564178445
557701.80658502958
769096.9691159575
802590.87515543704
1037752.6615949253
1018242.6622799243
1056288.2681394042
1071751.1354173247
1090510.9877398068
1145368.4426621562
1144751.6329401536
1118013.0499486274
1035343.3748712849
903093.36724723002
884403.13895386632
1092987.2723360588
1177176.1135528712
1194397.2805955119
1164970.2287330308
1168528.3578461418
1145820.2022850763
1335920.9703903196
1419384.7848852291
1378402.7457266496
1323768.6809579746
1333900.1209598153
1207837.2688329716
644861.1958165078
632287.40770447184
616731.01759658637
620000.56822808215
618490.36148044991
623480.71613317204
571645.7858707587
564369.41109872679
734816.44120724767
721886.35456640343
1133166.0474636566
1075870.5857351422
1076978.4784395841
1081026.8639885001
1065676.5051528122
1096503.2760883179
1061395.5293482784
1068256.14704325
1097008.5883408291
868368.13817061076
873496.96210779157
1082794.8536939712
1118424.931743993
1213304.2384782606
1175908.0866568773
1163528.5723505707
1159746.3686356004
1261933.7283269214
1414843.0173054119
1423867.6815696573
1423759.5352222929
1358419.0663794987
1159002.2965106925
659509.68306733086
641114.07514547568
640226.68136741256
658644.4564872256
646342.49456101435
623489.42835273687
611080.90083622572
601105.07023075607
712496.19412981463
670799.31331198069
1168430.4763672184
1103085.1056098314
1063205.301880362
1045283.4831401036
1148340.745837295
1117353.453557007
1029819.4158953888
1058705.3190932891
1075127.9529995702
952566.09587728523
849243.82376556727
872247.90712836524
1058053.7973211855
1080727.0698807039
1218945.7010641543
1185503.9548182434
1169241.3032408084
1199366.8680389193
1210431.85190546
1360754.6639495392
1399222.6785075909
1452652.6453093749
1334685.4546614857
1186624.8195556134
695551.12807235692
662506.46585946041
620027.17024838994
622910.47360518482
665034.79179097165
634563.64976408472
655104.8718376403
651525.86130514264
670669.61264423665
638002.10195172299
1081530.4865503043
1058815.3261179882
1047384.0531477804
1207933.5906431261
1146782.6704541976
1079813.4156507547
1024930.358324801
1063872.092202758
1096099.6942464884
988898.88717524742
817267.59813147434
826606.3294967243
872085.64713682362
1010803.532757632
1042550.0117044118
1221554.1439281895
1183353.4507862069
1168869.3059697556
1189043.4147948392
1150550.6361845993
1293840.1040422316
1377867.8399562796
1502303.2999192555
1261195.2704968536
1187453.0026495096
693238.48138588201
667872.83203567122
650460.15245461965
658436.97834772756
708694.92628384591
673240.34159336123
692623.52551370126
689007.35035652469
669212.87594587321
633797.30036198313
972238.6795701012
1028321.4629641849
1177862.5944759275
1163333.9339853986
1114052.1476214712
1071505.634083604
1025789.1087424126
1022826.152391215
1067234.7415994664
978672.83376100939
932636.53348115645
923869.48947489751
789868.51442055858
848769.82110467961
969095.98314157175
1003412.781173246
1244765.2523448351
1172495.7623538962
1165917.4363085367
1181703.9706458056
1162484.150269435
1246028.4069249611
1377531.9268784409
1352709.6524132809
1100598.1216215442
1192928.4512431065
689142.50287261768
664835.84724750021
733587.5711386305
782050.08023408544
786487.24321380875
745438.05173931143
744978.34025202261
742346.49622381013
735471.49650722614
694967.73803602764
820420.23052441212
842392.97776211286
913984.37083468935
1015548.3520725623
1047322.1030153276
1032309.9030582046
1000863.1653852254
995672.61899399036
1009804.7262762281
948079.45765786944
942853.66739655216
959379.52594603191
778602.02416801802
822646.62592358538
966899.02321308537
1003374.6991229535
1111678.6759204688
1136587.3004397345
1156372.0939362652
1195069.3885944732
1202622.8683395921
1208161.9543850166
1285520.6655416065
1255299.8284145163
1152814.9366348204
1190966.5473563587
713952.30813464546
706050.02145952033
775943.87108717533
850160.55936280161
855491.32430273073
822604.95575467253
809173.30374684511
811238.44923833886
809660.15135227493
796978.94938624953
722409.30498720589
776908.03336769436
860557.97390745347
926049.16237721546
955931.1343235739
968376.32795139402
959029.53654808865
956109.35117953725
952635.20972920675
948338.65232616651
959626.56681890099
1000045.4697162709
784543.85816220543
819706.77798543382
966825.25120755855
1011182.4538018864
1087572.4948122359
1147085.7291764123
1156861.7021125641
1194468.5680067108
1190411.9950810457
1164440.7949166812
1210918.9995018726
1172538.0682478142
1151015.4974367148
1176396.9331667991
810174.4298347336
794502.48568668985
850221.69122174208
925593.61787934112
939844.32773495337
949577.48795767315
886918.34733289632
907962.35547060706
868348.34377719031
919021.16188033123
700597.99260522192
764258.200866953
839291.10521459673
880100.49030452291
912337.43939548486
934821.28773299488
772770.39027731295
809388.79073085589
877055.42922923411
922122.42463017092
878511.50087954884
983402.79834122909
769261.52700613055
803476.19950698363
941662.76293788932
998172.68041035067
1066827.0042658832
1154217.9136876953
1157402.2960853546
1177585.7087787038
1171721.4054300243
1122760.8439927788
1176725.6280589756
1114400.5791674051
1125259.3941794974
1155414.706260764
912158.19593784271
876604.66061459808
887582.12472379045
947784.12810834893
988518.27116658934
997427.57151000586
939549.71132132341
999457.3373881391
956591.80922519171
1034576.1458035203
687892.76226865093
760806.52087902674
872821.63761151722
974606.63844689878
952432.59000902704
933870.28318954364
835910.09442131361
819595.4111776537
849870.06252213928
847321.81105842115
809014.42115794995
997690.46634859766
739384.69909541425
782361.19915895711
907209.77005767357
974233.48140832712
1033617.9988776675
1161321.3369271769
1152930.799909947
1153591.247490833
1156041.0964410352
1119076.8991152826
1130653.3549756291
1124996.750958059
1113373.4510044816
1140151.8984523213
931401.17781081761
969384.61037268664
996186.45438564848
994119.11813287763
999496.21937313874
1053515.0867881284
1031021.5337922032
1121897.4187203308
746452.82023823331
857189.59051695082
885090.27736852493
930104.83589069231
968474.46746009623
954803.30598786881
906652.9326551141
866222.60583655187
854039.21438023215
818236.65494530089
797364.77650517423
962823.49589303811
724069.22987164324
761288.4597166531
878494.9623195139
935004.38078553823
987753.44412811659
1086917.7876916996
1131004.1225561397
1127697.132074334
1127050.8888948408
1101254.5741703999
1072467.3482304758
1099373.3400439704
1087190.1118131243
1118522.0416415203
679886.25956381729
708631.04922588507
820022.1261699663
773283.26429206692
811496.57274258905
835537.83611601964
818539.68230761355
795896.67883890576
787832.28176766436
802087.73274960648
798700.61200936406
847018.00215087645
717716.70472625084
743850.89035470656
877400.56245164841
916042.87341698387
973417.47302309924
1066836.4125251097
1144153.4586149282
1106738.0082293344
1091700.431673561
1063657.6365814884
1021083.8053591603
1064695.0565072862
1057080.6874818662
1086824.2314739078
647121.57498142228
683889.89476654364
744048.47427521646
749759.85494899552
737688.39813050651
753943.53134209081
791882.65719003044
775815.55477863923
736128.68110240146
755226.49243631295
758364.03146622144
786036.12056196353
690906.05252104928
726869.13608391979
873325.2134426611
898114.28975014773
944849.12193178397
1020806.8631398964
1135224.3569655672
1068002.3426587791
1049618.9970146238
1014268.9889303442
963506.80776731076
1027908.0154493618
1023900.8449886373
1056394.8389910744
687362.41560292966
721934.96335029241
732789.95767985121
683828.84773421078
746238.57043062348
735411.27470824693
764361.52136781393
758345.04423138686
725083.34452291986
730162.57058866392
739816.34869909484
762050.69021393289
678348.56690022419
713402.37755055935
861213.79439425515
883116.13288129296
921135.99780937424
965632.61672196642
1045513.7136440441
994732.97335119918
994591.52401514025
977258.52676313045
930170.24332550413
999662.30437754455
994190.31127474236
1074498.0179294965
709108.59190754173
732807.14720286184
716088.95890255726
653468.28574801248
742444.49881060165
746610.38782593631
741443.55180135521
726979.45554661052
723320.6236753501
729543.81146529724
731097.49809879251
761140.7942058089
673343.30317784706
695223.05363252852
830338.47791080363
863856.04790205136
901909.26481720048
931590.33962713415
1002810.2962078234
959127.01827305765
943101.33148524642
936353.18827213848
897948.21134385292
983190.02100247575
979955.61602440663
1065174.2928883161
754173.27115065069
746022.22248823836
700135.86362047459
630571.08065628877
703628.90159933188
704031.54445688112
705272.29240422964
738560.55810197617
716196.52143988828
728552.82433877548
741016.60607957409
792490.59966647439
677635.21101438394
690488.87781482073
809918.50569680484
848386.3325460495
881129.85938434873
902240.22583835188
969877.36846494349
930402.03974047652
899365.03340268461
892760.36485696898
860175.08710559376
932114.05954538635
930330.37240883615
983362.91947861877
750908.64934838493
767811.43899123301
724314.54707743693
633802.11531758844
684941.77633204288
670289.74222758913
677298.577295747
719676.82484715269
695378.03693897452
724894.29785054317
761329.54710826871
838453.6832652525
651485.88599888899
664125.76814503036
789034.87629625073
832460.30228508136
863295.6366274379
879190.48573061626
936604.23485257488
944982.10224962234
864248.94326146587
868147.25303568481
848047.46529592352
880032.31178403192
871494.64075055323
912138.81356845587
743653.30580718175
774011.4129201984
747854.5481433036
681860.6843117862
685526.32413086435
660841.59786488209
671232.78786928626
690657.54936937639
677315.19977063918
716742.42124807625
779899.01333276392
914937.50626156479
614974.93285616825
635846.25493520405
797792.27742875658
821423.81841149472
845636.9888223774
860574.61190518609
883324.2456437645
914464.90591835126
819643.54388041259
832423.84466114512
818518.95848886971
827542.080455255
808313.65804611053
813949.54320023756
712585.61065698171
739938.27117258706
713487.86085917696
687218.65456600732
695270.80374829145
665468.23580516339
657717.72309214668
679506.4663220084
674329.1904689552
716439.97395097336
783206.22433584812
956970.8475192897
605329.7908903372
655051.79566916055
808746.29720899719
808594.67727279372
832248.98157499288
847441.74087633309
845612.48235338426
893170.81787663896
838181.36277783138
837564.10538408568
779372.731177159
747125.87714652217
749349.26025927905
745353.32623813802
661169.44710987632
692386.9220807082
661093.6438703537
666311.71777089627
712958.35952967044
680530.73433013249
655935.79365559283
667619.02848187787
673625.22017038753
708144.85484154033
748929.92128786934
881881.9601456942
590140.5949266539
643191.8772102769
751936.72235878126
800313.58534456568
821054.69036508282
832658.05378964439
829742.26423229498
850870.4102290594
856264.41690612456
887397.58414621488
987676.55760977999
697504.57876364456
683425.20398112794
670435.08453282434
618510.55087667063
672229.43093250133
640982.64024755789
650434.28189617104
718051.80412589398
678852.77641729964
687102.67278987647
683022.11540119606
692637.47071266652
653523.35168622818
633418.18465886568
681316.0382244318
803779.11232264666
842535.34277442761
882012.14350475359
908343.04335102183
911219.86260482483
903735.54619618796
880719.13572894852
848011.69220021751
848807.64567248069
814474.13274397363
650574.39343419962
688756.20324495586
727879.64660220011
760135.77412330487
650723.01600543899
718413.32390194118
695471.83680016559
719336.85141782544
762151.73642204469
716751.41676289553
738765.87003668246
686050.54145497747
705703.33076068969
670297.53814483271
670800.07171099295
691084.9852629035
745713.76017543511
771265.87975921913
918741.17476321512
894203.10711249546
904494.89251068479
898449.55456560012
875885.56487069058
828668.34041367576
789604.34302474139
728057.26540131925
717143.63586708147
713999.7398847146
665130.22579041019
643303.9791203927
744150.85340933886
733380.86150020163
723412.34638163017
702039.32726215909
673828.87394183292
652731.83867839305
662120.26296487579
596087.43399171589
573089.57985500002
594916.89860632562
622258.72400401474
605482.11955478578
717284.16568415996
677582.6141128107
812348.75607450202
886479.03580289742
908826.30153055117
906134.97201662965
876947.89759072498
821610.28362366522
756359.9784622374
692475.26178989653
647016.68038865854
674377.86361229513
618254.28231392824
545638.47267420962
771851.93392024189
730436.30136058468
744763.19755702966
664358.8490083362
631151.98283055727
607838.34664382553
610538.14129423117
531056.79125572415
504252.1597810915
539884.20982369245
577440.97518172278
567394.45200752246
756218.69766828546
706362.29155815765
858215.78125391214
906944.20974381105
921204.82881712262
914131.26011364232
885554.59317397792
820982.3949359589
730654.96947981045
667464.05037646089
619677.12937255704
674603.17272547376
603141.49387953954
534077.64723382203
670651.07889137848
665345.54019041487
714858.72616789991
597587.92810411821
564759.22895695898
557778.02237630961
546610.50835440285
503018.4286176259
471623.23864163324
490692.10073106253
534336.36305909429
541218.82418618537
848086.33789126982
820936.3163354008
878835.66737258143
864221.87239329261
897134.75276331487
902740.49413267302
877644.33480268251
809900.60737003398
721862.51006802393
672202.46667517454
632235.7303258063
668615.63975265413
608509.86377172731
564702.50122956501
581963.40034856473
595683.88595483161
616698.43438223703
540626.07202597719
518315.01731719804
533040.49069700681
513934.39721009898
496623.82584944041
481312.16292754369
469413.41623073019
503814.2806172304
528707.21500180406
938649.47414577461
859621.10711642285
860603.23720150872
892470.3578306972
859795.88721649256
874665.91563405411
852680.4253785623
800091.15937668015
726796.30167035514
685148.74856127438
656469.03605337196
665286.39056081895
616787.96446956857
574122.66538867471
529231.26828816626
524749.15235863335
525531.67878663423
511594.99010511121
525147.61140564573
537903.49356113258
513851.73586931132
505677.53818972659
487856.52913790196
480375.36949937401
511145.59880041913
544064.64529800066
965159.22602809698
855691.24755049159
848976.61098210316
823396.39591365098
835459.55033200304
847221.47293562442
831102.9188174021
787374.11392464756
725284.68244722893
697877.17449332448
669110.77006173844
651270.77232089348
625852.31819101609
610140.85226968199
450127.92939383985
475934.14352479781
481529.48873754177
494348.39450571314
508379.55709250207
518353.08405670727
513474.56991589686
522939.06094849709
512856.72387560678
511645.60665966943
542893.97972778161
575191.52982649894
971812.63328319415
839458.9723623778
839115.31934091519
772965.01968878403
828349.02913117886
823167.92337348813
806958.02487244876
767436.37687690195
728187.43726594141
692981.11533545027
656041.86711760261
614790.02312380855
616831.25285136036
606976.36015664751
379510.56392634811
401570.01331179438
434467.8018181423
476836.27305920864
490739.31428851647
505257.99407161283
520257.16123697773
535128.79866039881
547514.52928495617
555284.38159077696
586315.240639108
620202.39267439628
807280.90347319457
852798.57640281902
752297.34702069988
837197.81733698933
812465.42174340878
789509.29774421593
746731.84306790493
718636.81713740586
680112.52647515875
645007.29110309051
581350.40929443901
584841.82723434072
554597.92688946624
351203.78343243606
363199.84461682918
446473.12295041111
472410.35659229761
483339.43053432665
502433.82079675031
522271.14930614503
542117.30394926062
560545.14881650929
581436.30582239048
612221.49967341963
650755.15732497966
825207.24998459383
871519.13248616632
719880.00523560424
835149.98253025208
785636.51350080082
765123.64979541756
729791.2647501115
698576.89636302844
666411.69272262417
637634.44098523597
567511.04881084268
338418.9597235634
352023.59800052177
465733.94420375867
468402.38566878287
472254.8986772247
490226.76346275036
510028.0382988241
537824.35403969977
569816.03946392925
604598.09569120116
639734.07037047273
691670.80245365598
928662.06563530618
699864.24192280334
820445.15988748241
750186.16221577197
744041.73677183967
723248.09994804638
695343.48210901662
656448.66618995962
627721.79607591755
349285.89883424109
351698.82341767813
450677.50823789858
450639.29246209131
459137.9042874205
475426.76970255328
500276.41708207701
530321.14002833457
566150.39659507689
606926.20341835183
653859.40015758527
706329.7191674948
804710.19151865039
686317.74271283159
720872.89640529698
730746.92195309233
714064.62945341156
690707.10197264375
647919.02728985588
614267.57503343013
347778.20926347771
335903.08374799241
400520.73210028576
424603.92249545659
453823.54704262398
478579.07832858583
506282.32657272945
532212.56340755057
553755.62119981716
581312.56734382745
628185.79495639016
674712.09658432798
704390.71945527021
739018.39650591731
723406.52092607401
706819.00454236765
681810.28771472326
640899.07863090385
605704.07011492399
357180.38206504803
362490.22994634899
394817.15176811517
427067.63171017851
459387.11622511846
491049.95732435165
518883.17446263134
539666.69837347895
544711.26574721863
541001.07693755999
554794.94451431115
580111.82643682475
709728.01763838553
810884.6798231313
730124.71195756795
677240.20674283477
657402.08174773329
642244.92528116598
607419.19428404397
328516.20284860878
348288.88169950742
382883.07679724187
409504.66728540056
441153.83767464117
471498.49686293723
491984.32929333538
492433.35872400989
469998.46877036768
456285.82323159347
458582.48296778236
712537.90323612711
661275.42638318532
623357.39046240866
625918.76034597307
601491.24082997697
268243.86198942724
281215.56268983812
327460.61313078564
342827.79054906056
366584.99855834513
389285.2612949519
406758.16978015297
407589.60589507187
388916.98283958185
363754.23320851481
350410.6238153344
706256.61955051241
659098.27759548603
590629.9264907582
599230.60127473541
590736.28659048642
295913.83135053556
310430.52349307656
322393.63265862322
334191.08349193621
346000.61418439128
348571.86512718041
337269.31677486096
308123.2095853741
287685.11494356242
580433.76308650232
561778.31261854991
571312.83007569902
576674.38695786218
292078.70716330741
301159.31729885476
300384.89311263157
301749.55489898112
300015.19014494179
293004.50892428873
278791.32824326062
261322.3972789931
464942.74088282051
553528.48838339443
560739.82816310681
273510.73217031691
270963.40673125954
265962.9153584789
261122.14952232374
259591.34061175815
259595.85390931304
252131.61246912813
447159.98471117835
592842.90636846051
561545.58568841848
250124.96571923382
242810.72014949491
236696.69390162642
247880.91193397829
249306.99145653471
251942.28259197262
950998.23789580457
817478.26273405936
216853.57529328478
261363.42174378672
257601.92996636877
264051.9238248581
592362.2912031546
590725.18440333323
611659.45611231367
465417.55783273239
470167.07138429501
476171.20225077006
1307553.4962549666
1339405.6815297469
1425940.3982588451
1318172.1388439627
1286827.7806634803
1292425.5704669063
1266941.5897354127
1171838.3556435818
1086794.8527686575
1040023.5822563496
1047989.6948056426
1122963.5790115953
1204767.7922536088
1237767.5339271128
1400201.8216908462
1382993.1195638177
1423907.8678552764
1496984.8604037522
1653378.5957209808
1708135.0627223088
1553633.6030557302
1383602.9108863662
1194266.3749608486
1071071.599744238
1256944.4287394108
1469746.0470233634
1441037.524413598
1375328.1801664983
1377946.4292995154
1342240.4943050679
1277712.2962817966
1124209.7437720874
1047476.239865136
1054721.1052387999
1053334.2939021348
1100130.8597406733
1161858.5798047844
1190810.349698524
1355193.8331591398
1395034.8521699358
1435804.0739198495
1490019.8688318904
1520257.7473423658
1493341.1192520261
1398303.2434238011
1233054.336465176
1333800.4559971662
1304202.0376195791
1314017.0833561255
1298329.6293307145
1154371.4842337635
1269674.7330877557
1348289.8228182513
1325021.4084656236
1325963.5869411891
1352757.4412023465
1547297.8934073746
1342838.4545968366
1327175.8565277727
1340336.1253550877
1340880.4820976055
1326178.9821786762
1555301.530815806
1590438.2140587247
1619016.8770629356
1655932.1000618325
1706825.4290149107
1736042.7056380699
1710201.0733696588
1687559.2032368148
1650814.2287553353
1479543.3982165696
1489529.7102365594
1426821.4404588665
1185402.3538108687
1237408.1738440413
1290393.1802748069
1295387.5067524645
1284062.8599562221
1283109.5949332302
1816098.0939851049
1241430.1602527234
1284834.6347865635
1329767.9809110388
1337507.1596392726
1336358.9124676457
1558365.5262419151
1594337.1089828548
1621734.6287167314
1656165.0011724343
1673687.9737148862
1706865.849929262
1697131.5336102976
1668418.9540399951
1672530.6167521125
1638392.7321176492
1683399.9530310109
1548382.6273835334
1215173.7368823967
1227619.5863286147
1252011.2979654332
1288033.9495629594
1266355.4227070448
1209530.1192758975
2011880.5239457071
1274284.6906238662
1304691.8044613642
1358105.5620296609
1370548.3125471007
1372577.3196704746
1566828.7211468613
1606448.8989884418
1643815.9724920532
1668300.9391057494
1691515.8749847016
1739909.1905653526
1759207.5569358508
1729615.9784037268
1688291.5407925616
1616191.8673578834
1816461.30603092
1631793.6125347461
1205908.6713104811
1215258.8896764009
1233705.3272190273
1274356.0035981156
1273004.9133330686
1324935.5232396994
1572648.5345017454
1377332.1176138825
1360401.0700241155
1392786.27138334
1405071.6592905133
1419603.5598640291
1591099.7257947037
1617787.48905776
1656362.9580895004
1684595.5258874716
1714849.7645842005
1776997.749573533
1862614.0882220585
1939052.727193549
1456410.0048973267
1470644.8644386258
1877021.7359503107
1690866.5516486256
1183936.7555154772
1192868.3375325634
1218121.120417732
1242644.5867102549
1264506.5554811999
1868037.0548149741
1340545.9815587951
1378871.0030348848
1380848.2469369401
1402500.1991007156
1420231.6474131623
1452221.0371265267
1599720.3719318486
1651809.4151764428
1688367.1594985188
1718446.1336667351
1750488.6840327736
1807786.9261876566
1937295.5729489219
2193704.890444309
1166790.0444143573
1233812.7428810478
1839001.8801957816
1711630.7309154016
1125231.3509348321
1155762.0546651364
1174307.8001195742
1167056.1230196494
1124238.1601957402
2094009.1834214809
1315242.3992902758
1364865.7211295008
1388962.2227632264
1408180.0694958323
1437462.6054508321
1476889.4168613115
1586940.9400484813
1646250.7158998887
1700951.9164500795
1731854.1716033227
1759983.5077311757
1801010.7481562791
1905769.0616193744
2197345.3565020878
1025289.46932087
1116060.0345678735
1701869.9090882619
1621406.2627366767
1104317.4991177791
1124180.1182386505
1144732.4739796044
1139691.2280892264
1120008.7600094657
2086789.7463159773
1483174.031251539
1416421.5685492822
1407635.928486831
1419398.00538279
1456163.9749626266
1502443.6023178604
1615054.2752632333
1646357.4348318235
1683712.7814947958
1718447.8411055428
1730556.2811449496
1762716.9115084996
1829366.2588632428
1979247.7875584124
1061710.4924077087
1139641.4049114224
1573885.9454746125
1434490.2315613169
1119872.9632610527
1122746.2912824408
1127621.5185549411
1119960.9298261832
1118983.8643199503
1833265.44126436
1479574.317163198
1425560.2251861033
1421249.1621475646
1431586.0845252515
1457727.8082279195
1475675.3087093977
1634576.2704643079
1634485.5219825148
1677198.1233933587
1698119.1100236143
1686705.8628713801
1709816.1810758756
1743391.9196143805
1775692.2799207661
1153585.4161536023
1204145.5062195743
1576556.4808974976
1351251.503223103
1166619.5793657685
1138729.7910164369
1132738.9375254286
1116377.6690997612
928005.65793003957
1788277.8438175744
1365150.6264168175
1391289.7337310503
1417233.7946484699
1438182.3768405847
1465668.9709077985
1512109.6916639102
1572292.0379738491
1554246.4911098215
1553279.1642329767
1558378.2248860882
1584165.6356724503
1609771.3705586886
1617020.7935965089
1591465.7193937202
1207987.8547190437
1211727.7060827697
1447984.301706342
825044.13477747003
1098013.8251345281
1115114.4367873699
1156614.8141722402
1236892.328878796
804422.00158897473
1780737.6138800902
1581237.5959154044
1510916.5494789742
1478939.5200364096
1463925.1467888055
1481703.102678064
1579966.0856392798
1533161.1171747481
1518161.3689976633
1484983.7422166662
1461791.4164061178
1482430.5064065813
1508652.3499842887
1507667.7640936293
1455687.2414813361
1211215.6740369219
1172980.4691351361
1213935.9255503251
651007.05413432571
985831.82940191019
1072110.6888775108
1126228.0293090511
1161647.7896892806
978209.93622828415
1626792.6664816446
1573737.9382824302
1558052.087763814
1530381.7324308625
1509033.6305955774
1520305.3954789352
1569236.9029688342
1488226.5089235124
1480812.8877946516
1443251.7620882953
1378498.660969418
1381011.9688891214
1428457.0424367907
1450922.8381480766
1422838.8328772171
1178901.1218362823
1127334.8320888854
937544.81903248047
900399.71239554021
928971.86419062666
986633.28048847534
1012595.7173849244
1006146.9245010108
1050912.2608193215
1630956.2297258945
1548067.4121337219
1537682.3792174079
1531431.9499142261
1515097.2249710136
1532746.6733666155
1583179.2923549388
1426077.2835746678
1437272.2882935076
1439019.1980656949
1250584.3377649272
1252679.5392938147
1367672.4942112293
1431354.9853319775
1429506.7332641941
1081348.6085773367
1042017.4332769478
929430.2054754101
923565.52402696339
946251.6579783489
961013.93933305528
1001432.860651731
1025693.984944666
1064071.123342437
1461104.8958956278
1490292.2979299726
1493897.6372107419
1477238.331128937
1480612.8495357726
1518571.1876726868
1616232.9517362791
1359203.0771458971
1376164.074503995
1386697.2322624426
1054116.6662768694
1009068.4770348752
1420986.9552526774
1448280.663393239
1456630.4797996753
991106.2825999835
949225.81743329554
1012591.1275329612
966674.53815449355
968247.0346588688
946879.06053229398
1039376.7904409261
1096973.0205812971
1167762.4938406569
1337674.7891986642
1433862.4003417268
1475078.2529206916
1457761.845018629
1446983.0640106704
1436315.7521723208
1703357.5092665348
1310133.0744472123
1296247.9548769996
1260092.4793509492
1015415.4725432209
960724.89660920121
1536750.010217827
1482910.8227052779
1464986.0926396423
935965.0067249483
906868.95804405829
1018192.5112038241
995389.30841678532
975519.3858781996
884775.32370637136
1193296.3537624835
1181161.0123948709
1207159.4060974515
1281783.7946708915
1379164.5236083379
1435236.2769374656
1427146.4252938698
1421009.0819516801
1452207.1986326356
1693508.8535447817
1239832.3942460101
1210652.0906693083
1150362.00506067
1095374.2866295327
1048716.2296230984
1522163.6293673248
1504682.5664284541
1475920.7716238948
916580.89196241344
905025.16464387171
1048010.8070496541
1052778.5224310474
1102946.501526949
1188148.3291148178
1468068.3667674859
1274470.3924584293
1217418.2944119202
1236462.6759259508
1298278.4338911301
1352175.6317233075
1359899.3316700533
1380430.0678696306
1519514.0151703714
1611251.264560756
1170200.7130413603
1145317.1429439881
1139790.5568655124
1108481.6168235862
1078940.5571006646
1452835.9429529607
1510432.5428697537
1457205.1205454778
926261.03332013648
923318.95214539731
1100827.7466275974
1120026.8467826089
1186110.9526838083
1274055.9904897364
1496884.2168082108
1297888.6966894357
1223878.7725436862
1220212.8484556887
1258049.4276655347
1325423.673064793
1375789.868461082
1428077.311582674
1503803.1901458616
1553802.8409352133
1129198.3369850277
1140719.8701524134
1156583.7428983476
1141440.2492260979
1180917.4382175584
1350422.0300333693
1469590.4624903237
1390823.1476519492
957721.66030958761
941285.31500437611
1151051.0908121178
1141341.8339663295
1216653.4755260609
1230819.8276602593
1896321.6483102303
1256696.2750438687
1221458.874000187
1232748.2334341481
1267475.2020921935
1357167.4863889352
1440302.4798842273
1485505.5380082799
1505496.1296990085
1530413.0275482149
1154165.3525501036
1285613.8712486024
1095413.3678895391
1095744.9933097521
1145229.7045945425
1178923.5263775219
1389504.2662164269
1326646.4880234736
989919.58918303309
961866.74157217203
1161740.3455500857
1157727.1007974001
1284630.4943396281
1293074.0779903836
2217746.2487521535
1123940.6070205416
1203929.3548307647
1248173.396023233
1290396.6408597811
1370837.9195192745
1457683.4981622363
1497550.334341282
1500214.8232466332
1489772.9393458338
1117687.106968415
1155965.3753801205
927584.86393685988
1029619.2322445188
1104302.7154294536
1118334.6597469742
1310590.964017068
1268266.0904642297
1017019.7608621562
980614.2867785329
1167328.541592198
1164038.5171269241
1328208.7503332251
1351298.5346253316
2161617.7496881802
1193027.330861134
1232739.0160805495
1264242.3045827993
1300191.9088086055
1353335.8117391355
1420967.6008295366
1462197.690928279
1466203.877190372
1449997.8680828079
1073074.7017741394
1051482.015021449
1015624.9708317855
1040223.8000965532
1057546.3185317507
1060827.9379485301
1229704.5668246152
1198390.6394338098
1057082.4862121711
1038179.5148331594
1189796.062917928
1191748.2079505979
1368393.0841489448
1443159.8203036825
2028822.9639687128
1237919.7595264125
1266575.4313371028
1288704.9338815096
1301885.7698390349
1328887.4766919028
1365476.1530756247
1404476.10334465
1415494.8612444201
1426019.3549995921
1049429.7667205788
1029269.8658350239
1010801.9088496341
971997.8544987971
944880.84366064949
975395.86124017998
1155805.9172320554
1133501.5424079821
1083570.4692160995
1086833.1293335345
1192831.2769440673
1218318.9742260093
1355716.9634414366
1565349.7083310303
1799467.1948523503
1279090.8615633284
1291450.7566762259
1307824.337438338
1314747.908255918
1323667.2503653823
1343390.0301181106
1371767.7112937372
1390833.0855758516
1419056.5131023775
1028516.4851929246
1015322.6758235742
996438.91642435256
932695.10095867061
890249.97883447213
931931.86522813386
1103804.2580211312
1076599.3601539969
1077370.8492927593
1098915.0237253085
1227545.6768000936
1268565.5628018354
1312782.9757247798
1602264.4808135203
1691705.3143830942
1294452.2211417193
1312605.7584052349
1326478.8630524222
1347040.5219660143
1354923.1250180367
1360688.2303552341
1378854.4182976892
1397716.8412039673
1439014.3551511869
1030527.8060875417
1022025.4055031153
994709.30848853709
922713.79405333102
835027.50994474697
982887.98491028498
1116412.9696259615
1043835.1182215464
1051934.0080310025
1055035.176372099
1329747.3165952668
1411493.857891334
1163883.7497819287
1607304.7025239312
1622343.0678330581
1299794.7648279404
1328010.6887770148
1354487.7577925953
1418532.9363316814
1461675.458392296
1443617.3037528987
1414898.7340493521
1412732.914235088
1463520.1970414543
1049609.6916639875
1049747.3686080393
1055413.5167829071
1097576.5270222852
1110281.0663163459
1193947.2634551206
1152331.9672046173
1047888.504971221
992927.22305414383
989527.6943356581
1382639.0053802975
1384263.8023304942
1157039.6190607352
1534116.6394446485
1512799.9209624836
1322129.3292217085
1330299.4462366267
1373811.3320889689
1463828.8562276971
1529283.048107865
1536055.312646888
1485809.7487784897
1440574.9707060237
1487963.4423861688
1060703.197765267
1059247.4057858628
1062249.3846008154
1076429.1028631688
999226.17070012947
933613.18757624505
1029138.5020982481
1044380.7498642085
897898.09333015804
891045.21335342806
1342503.0718141855
1332932.0623097266
1260987.1250926876
1359245.1550995463
1400023.7727110086
1355862.268500508
1331863.2564580881
1369176.0831281978
1430361.3608131369
1470832.7375247316
1493027.4561784093
1540373.6462894899
1487236.2151513197
1520004.8871702687
1067479.7391622239
1064718.9058603498
1059784.8798384711
1078141.1729364737
977199.29813696782
995375.28174639004
1057685.631110504
1093584.4065236084
845425.17037298076
848793.31887083978
1294895.317038158
1299214.4792643478
1279520.0408441229
1286764.870690068
1296376.4205982138
1301748.8856148731
1320247.3416105877
1347440.5573192725
1391457.558408713
1413362.4403809572
1412382.9307045683
1492078.2137815687
1503474.3991753208
1522327.1218201378
1047260.2891760669
1056712.7235096169
1076397.1482082051
1014072.5158068838
933183.64840136457
973718.622208238
1081203.7914438937
1146036.6223919103
844910.06280122511
865016.51347329165
1238367.6166324376
1252595.2431305763
1279393.2185763591
1229284.7504352191
1263563.8297189658
1275917.0055877303
1302012.5864615105
1327281.8167704497
1372976.9411788636
1394343.180385601
1404897.3984875735
1459143.532989369
1477174.6210097291
1489796.5112964278
987641.3682279333
985870.27080886078
960822.48299649823
874669.85098318139
869842.2737709356
846215.26354996068
1142882.2373805013
1128445.2334185967
902344.01353339164
909802.07191625435
1221581.3594866754
1246803.0781498791
1219685.0033480853
1265032.7657871619
1253373.2731455071
1259899.5327650725
1278165.8545463139
1318833.0961818474
1390356.9190587883
1371632.911925853
1380775.3697968924
1415876.4404684503
1443634.235860189
1445546.0842286402
926173.98848258564
920275.68472344906
912856.48748839926
892394.63981422945
884477.93362715014
875140.41306592
1172359.6477254422
1055529.4553911311
1005501.7881293059
1004504.4952689542
1171629.9223787817
1222484.8593938563
1020196.5203949885
1168198.4414993469
1198169.4045777505
1220736.9472996367
1249359.1339552929
1284654.4731597472
1406876.1934670547
1437780.0303661358
1383884.2942085986
1401407.938269071
1429830.502372286
1433208.6317839264
896244.81389232562
888798.85170246067
892917.14273046167
905528.07624863053
923502.76678377204
931345.89608682366
1078104.7656653468
1005240.1550220445
1114546.708569119
1104947.1525244489
1126695.713157661
1200754.1630849333
727115.01942173205
1537580.160830209
1157908.8009935962
1177810.3456201809
1200382.9470589035
1234537.293492256
1408530.9663124469
1559328.6237923403
1369960.7953649727
1384143.340965674
1408678.051436241
1434956.8039021115
889560.51430091017
893910.20384040836
905049.73906765389
925201.81633260765
947055.18683739915
952316.28144170914
1059141.6995728158
1015056.4390596409
1148881.6761670229
1179976.1739553662
1098525.0485924112
1078210.0844475459
714237.69884238369
1797767.6728452859
1303038.9496267946
1248305.965028015
1139676.1138379083
1117692.3333404982
1272290.5321710312
1657494.9217851576
1358026.4563025346
1354331.6766609431
1356526.2615978697
1373147.1497825724
878203.17170183593
895614.57247776177
909103.84604661248
930099.64170595934
951641.49731435487
969096.8257536852
1047074.5530178455
1023822.5647384783
1117569.3328972275
1221332.4210290932
1113750.6905037279
1138919.4936063213
1043033.0806729397
1734790.9454018569
1483548.4564448772
1408672.5529998688
1235082.6919959586
1098432.1351608001
1142914.9077384376
1498003.6184481285
1350722.7193337898
1356127.1065355998
1327432.4031510255
1327394.6601698564
901284.86208032118
900120.37454610609
905786.05843071174
923494.24554673
940069.30788188323
960041.83787960163
1018096.502344358
987369.39844394429
1120516.7517111839
1242077.1423878886
1148510.2982986511
1173547.0845019447
1279370.7072201581
1591835.3959105865
1507098.1740056225
1468234.2372566771
1521178.7581222742
1231350.1290754464
1203018.9991733027
1352536.6954128426
1364809.6572659444
1403751.1920238503
1327818.1616339192
1294019.7915484433
910812.27249756677
888246.56654029386
875805.19214513327
890741.44892607955
907780.38199940522
931184.63958114607
988599.18996068311
945331.67793438747
1151016.0396354962
1287191.0044306025
1181461.2108162728
1172370.8963767909
1369318.6040029493
1565637.5842158941
1539325.841729891
1521246.4909357578
1663174.1079786757
1339099.673674145
1206366.4802984877
1214270.9725335015
1323077.0758855762
1585029.2507412881
1294474.2357754144
1266239.9756696236
913324.2588533645
873353.90538941114
851574.36384774139
847454.30018834665
857225.00357807067
885902.19253474684
965175.53456973389
927056.29634372401
1198123.8898417584
1379019.0940489471
1181162.4557383426
1144440.941374836
1385225.3718088288
1571592.5597132165
1637424.8269548344
1610643.3001823535
1674255.2940330834
1594533.2306997005
1329483.9830355374
1173191.8073802839
1205673.9651071362
1483037.9431548142
1282655.9437476504
1292628.2953758866
871735.83078978141
848071.98119553237
822547.24068179517
805569.13381973549
804974.54383421515
819435.41486577503
924147.98656350432
921059.59572350793
1266891.6211844962
1522285.7889113312
1183292.5877871553
1119341.5428342649
1323169.4394960366
1694275.3681007444
1692536.4539756421
1662599.7958729651
1647803.7374566908
1616783.785353428
1563397.2985805222
1284197.5108176344
1229257.6464806045
1293634.7928441481
1374549.6886103889
1368644.6325765259
834777.59016715968
836437.74622029613
755237.26217527152
711123.78118981235
728934.53925189283
741122.99296647066
844893.26359105296
861273.34808577469
1485419.237022338
1710711.8869131184
1188866.6721169231
1100608.6834740918
1301940.758100349
1594763.3134936071
1622785.4962612593
1659716.6446139982
1642411.5612022153
1600261.4941568756
1631177.6514871626
1343149.2602554159
1209105.4871432108
1198679.0600525367
1449502.3188967856
1380705.031514352
797487.19170486578
769172.09640974307
673354.79814537999
623417.22526499629
654744.88633858145
675539.36813455506
741495.57851214032
722478.41115071485
1581825.3992351196
1880938.7508621009
805409.44798799057
1159927.0269295785
1103139.6387361952
1398034.7679586788
1465580.6282176513
1578501.4620875423
1529111.1240984846
1546897.5668363357
1548190.7617543254
1566009.4776147895
1538045.0444487561
1290055.8562234831
1066079.1612446168
1259902.2131592552
1287821.3025140606
780152.00603316142
718455.48123709834
662200.73597426177
598785.60009639408
614388.15804611042
633331.60088682955
725237.55820472306
655974.20701431681
1514669.6749686191
1679337.6529221612
731938.72980298009
1170092.2012316529
1117928.308556394
1400655.3488517806
1387271.7610260649
1518327.7737598764
1467405.4662000057
1536097.0837398516
1601945.0277783847
1566388.8820092976
1589192.8861056073
1556107.0028920933
1238984.6483437566
1313719.1848722424
1223401.4710896404
716879.64527727966
669761.09038600896
629460.46159709583
571257.12322019134
576492.48344160395
596323.32361447462
737150.29403913568
626428.20032093744
1397697.9363252914
1455943.4343121604
870133.79931356653
1359844.5591184038
1234657.8589073934
1145988.118616791
1385298.2176617971
1356805.4314584362
1505410.896580653
1521051.4353033144
1615970.615801387
1697856.1727895695
1635807.6159259495
1585682.1044050215
1641588.5652577572
1404712.8994409635
1311268.1651836876
1191913.5769892272
620177.12039509218
609671.58678771928
596804.87384099921
589900.52772520285
542157.18204242922
576423.61055791157
673892.91170542431
631626.00125030347
1261472.08091255
1107507.0651271904
1125491.8443418425
1199648.1616022682
1339368.3865070881
1299375.3597598372
1105324.1285809113
1427865.0394343804
1346623.4334941104
1327243.2619360122
1493266.4755969679
1656874.1380656469
1702112.0143010695
1682686.2531016518
1587749.0754694308
1528939.1242798376
1450604.5605597538
1354281.3428775531
1250369.1007285682
558322.49589957716
561463.71010405419
583511.88151344936
601272.31978736154
501604.84598589095
545452.01139412855
584422.29687185667
623492.8856754778
1158085.4906288646
804634.2342459705
1234275.639885637
1282376.3142309529
1367801.9790537225
1413036.2627115638
1327192.1705129959
1145935.1933667192
1550357.0665507757
1350201.6350933095
1255154.9246393656
1341665.1089345387
1601357.2491253822
1647841.6503520003
1642503.2504162919
1563053.6194204623
1508734.1726082426
1459062.5009119939
1401029.0234736679
1268841.2017580932
499526.78440384753
520193.02185708686
546892.28293571388
564013.09359917906
493067.47922043898
532004.8631876501
563315.76392541954
579371.52847514639
971431.79421426309
688062.99960545311
1201136.0585791133
1285629.2141236344
1327625.2846380759
1366396.7771064467
1352730.4862732191
1148630.8457818225
1659400.0724677485
1301441.0234335039
1237583.0698109148
1247231.7380822727
1492164.0637141708
1611448.514320615
1590035.0473402543
1545019.9192843447
1481566.7013182305
1446141.9704455372
1415756.192049704
1262732.7604236854
433587.92744953447
480249.85658107261
507348.54142318334
532514.5096749519
489035.93896780949
523243.76963605575
557703.05700613582
553718.74599547393
966082.34779791103
882643.65843488881
1121994.6158003828
1210438.499483976
1219585.2916673194
1251136.8278888396
1262486.9830480169
1348401.2688077004
1193269.7303557501
1547324.7463914715
1251209.494093359
1211648.1916236081
1214802.5776211473
1343874.75811394
1569721.774341034
1559275.1019188168
1531391.8130933093
1485874.4659776525
1487702.5350250313
1517121.9974960892
1372681.8828695202
400440.11342062574
458292.96361465065
488888.56944213971
514324.56729220174
543569.03557697765
505416.74156975868
538729.78051079868
598832.52639820322
1001763.6837564301
994426.5044297718
1005112.8092887686
1105202.12452335
1147661.2180051561
1182680.2735954593
1218159.3884198337
1266686.0374272871
1171438.8867759348
1395313.0760823723
1255984.2508633782
1214111.9337107851
1226960.0979328665
1223383.8962438439
1476480.7769085593
1514529.1240054031
1503753.1157219908
1471017.7904412695
1470116.4873049317
1510270.0920360929
1447368.9074290646
455676.12111599831
480841.98235408333
500119.8015267342
536387.69270536408
552155.43329698546
507533.25450607605
547128.45421883638
632220.7353976873
999606.27608870168
1063717.4144854844
954407.64721738349
1043141.5405624073
1090808.6446167249
1097882.7120559739
1129820.6351064192
1249551.4865449057
1132552.1006177117
1058006.5939132373
1280441.5588219839
1267227.3522437762
1213519.2112670601
1205246.0244148658
1145762.8371960991
1405777.8169021851
1479119.115964717
1471409.5271509411
1371749.8970360823
1335320.7920864525
1419344.8723629846
1375493.9800790187
507342.73140860925
507781.16726523044
476751.11633182905
466158.0257763351
499947.85704783391
581935.60117713548
557082.4093633109
581530.51464527822
944906.66558665235
1026031.7684261518
963141.46729055257
1033467.1761156992
1075976.0557814483
1083368.1694798497
1106609.3207171587
1246159.5056821816
1305953.5991502253
1034931.6971441514
957849.99783239048
1191704.199858133
1294371.9376042141
1215846.1951387573
1182373.2487707736
1157407.6127809833
1278662.9946399713
1443519.6786339369
1442378.9107053401
1290596.2331112134
1210967.6764125482
1313099.7892760355
1314628.1782594938
596181.06560432492
558134.6574563178
504253.32135364355
474024.75647300947
533459.04787792126
595764.48237648082
537984.16505597625
557417.33697931375
858165.9807828354
920703.20211505797
1002526.5417518339
1029590.7628401798
1063254.3217555359
1079940.8248644164
1101258.1873757546
1212931.3458652012
1237289.3269798202
1173594.3096608093
969491.48529838689
923018.61628828535
1137268.1334440894
1306837.704498878
1216607.7448481815
1171977.9348938623
1189226.4870898961
1210892.1011591151
1385337.0407721258
1430480.5726690418
1304869.5905888753
1207904.1257532272
1275762.6304070924
1247795.8804531847
620734.10963467427
593880.29697651195
580138.12488153926
575388.72626698704
596230.94112138357
619769.69667607686
551216.01252299885
557460.44345199841
769255.81319431437
803149.01339031709
1046008.2924995067
1025669.0944473133
1063464.7782499646
1078485.1388096565
1096541.1471494238
1150366.1399017612
1155124.6644027801
1125910.0792564824
1038264.7591835852
906993.37506629503
888442.84117562242
1099765.3384016077
1180699.6648416899
1205277.7646325009
1174111.2007700305
1177549.0785906205
1154766.4127639369
1338406.2758324041
1416281.3492412027
1374401.124758899
1319037.6314346581
1330018.9651589189
1228841.3900078146
637542.51949361735
625101.29114449362
609732.19865452906
612999.40110782254
611682.96559361706
616804.3789104555
570254.34321846615
563300.56586713577
734001.6287753745
721025.33005460678
1143908.4373636944
1084135.5524267384
1083673.8924650727
1086217.2128497646
1071323.8367857833
1102055.2521695006
1070812.1852683809
1075995.5661408205
1103347.081777913
872283.07781821745
877563.92334166146
1088366.7859749068
1122521.1423452413
1222464.7662568665
1184477.6999601419
1172378.335212141
1168904.401358325
1266113.4277178417
1409036.5913739351
1418115.3589459483
1416914.7474855727
1355594.3136594573
1181001.8356615182
651037.48607154167
633231.35668500501
632334.9867353607
650770.06813698623
638875.6828896451
616472.61976142204
609070.64145462716
599312.63000154821
711013.700672618
669440.04516326124
1181358.3238688011
1111786.5482516831
1069557.1532130395
1052182.4789204341
1158545.9173351612
1126090.623432395
1037671.4389951299
1066786.5013684083
1084138.5038050173
956727.82249694609
853172.52215654065
876306.68287015823
1063015.1708829396
1085131.0974885277
1226661.2376901424
1193578.3945552588
1177849.9933369961
1208068.3889144838
1217745.1803873179
1356589.6646498314
1392973.8085151447
1442163.718636604
1335134.2797183495
1206121.1096352886
686459.80441932927
654424.14115345117
613251.20280518441
616045.70990332949
657244.48327359976
627423.25942427386
653566.13196800533
649719.62943919585
669194.71548448992
636306.54613892781
1093487.8080161128
1066015.632867737
1055386.9076441128
1219000.4520325605
1156805.1962992162
1089175.1464352706
1034134.2281368308
1070966.2435271442
1104799.1023650321
995060.98558576091
819376.00410135125
830267.34394105792
876014.81172027253
1015446.8520529796
1046930.2853918441
1227422.8037226424
1191066.6286981225
1176858.7577439947
1197419.3986198695
1159907.6326379175
1295526.2454920656
1372654.0747523073
1489634.9603686202
1271569.6188151487
1205273.187183117
685301.34772066749
660438.73107408884
643711.91340631817
652007.75498281093
700644.67479248904
665629.423145712
692059.33292453375
687854.69913780049
668032.55641840061
632066.47907352995
983256.56568851171
1037308.2289637042
1189930.8321052101
1173872.9723148504
1124091.0661440296
1081440.0846050049
1036264.9137580148
1029574.220041315
1076767.7954556467
983434.9629261446
935926.37594599882
926516.05498200655
793307.286932869
852226.1673080835
973244.67912289849
1007792.9132372221
1247395.6448526729
1180527.1759722114
1173379.9479855751
1189316.3590636186
1170573.9063857887
1247707.0903143534
1370663.1333315661
1350539.643452835
1115296.3223816531
1204184.2200410618
682575.35655779729
658519.99716890987
726399.26755599619
774019.88145524333
777935.65231578902
737365.88289682684
745325.32617163903
741791.18117381784
734521.40526229434
693266.66374353948
829268.92011668289
852607.73694239312
927428.81046523049
1026310.211649992
1056686.4342846919
1041059.8826130201
1009766.3628069535
1002618.0687765689
1018165.1798331116
949845.38299841969
944461.73414228915
960354.75684336096
781684.37134035409
825798.8346765677
970753.93580308498
1008098.17156664
1113970.7933018536
1145415.8188331549
1163514.8756922272
1202055.9301897851
1209442.7416557297
1212096.1992104237
1282104.3561041879
1256117.0609260669
1160060.9770688296
1197839.5031716495
707630.18769626529
699961.60572583508
769266.19227832614
842204.7860423018
847082.91374853416
814495.51797607145
810179.76169037214
810644.25073385681
809322.99066969811
796115.57992740825
728611.30077238276
783929.60171589872
869278.17034792504
934108.82440122496
962832.51393868984
974098.37417902786
965617.44676572399
963106.27886661887
962936.72029441106
954178.40160631191
960593.52770534658
997950.39623036236
786820.019042484
822495.51805092418
970211.99115879671
1014983.5844543293
1090236.8673139808
1154116.505670283
1163301.4082081758
1201050.6813359805
1196659.7959350932
1169608.6273655221
1210384.5826516787
1174839.7683235086
1155152.3938170106
1180254.1116985241
803154.95570602326
787674.42695073143
843613.8802539967
917952.26687473513
931791.27502173965
940683.44604014372
888763.41355569183
907219.49293179007
868061.73348433408
918988.77096654521
705081.34772703587
769022.93275812978
844405.93681018671
885070.9504609307
917744.5701620332
940609.82846382528
778885.83956453588
817727.67479915393
888901.91970603552
930629.79361064127
883083.7497202931
975954.82114799239
770756.02681743063
805839.76347205404
944594.74662203295
1001471.5391301967
1070056.8163861642
1159263.4878741116
1162811.8969617749
1183205.4957387184
1177402.2112349849
1128833.5441613209
1178817.5516657948
1117867.3921185599
1128072.2466871997
1157797.060363312
904950.11761847045
869784.57833512232
881581.41745422978
941389.7332371407
981961.0520060889
991784.79353375768
941794.79254001437
998159.97300556418
955547.57538271172
1034676.6071972146
690119.28372922319
762123.21081530093
875750.79394436907
980124.03332427284
958387.67999599467
941004.5299467158
843494.87209329568
827383.34016494418
858433.65843704401
858093.84241937019
820185.29442349391
983475.1193379449
740545.4611373021
784288.4259255717
909984.73214289546
977341.91450897069
1037413.3842726141
1164140.9247080432
1157485.0902633311
1158332.8102951501
1160895.0289268964
1123776.4970802814
1131079.54178507
1125965.1436862503
1115422.6126466515
1142247.7338772905
925553.64816398162
963521.4885224466
990526.57873888093
989504.28197270236
997299.44131436374
1050312.1395276883
1028269.0083405284
1122175.9458790317
743333.22903458879
858906.47646680765
890945.22054916841
936262.0180337152
973645.40371444006
960411.64022923005
913059.78778809425
873638.530739018
861755.37366281683
827206.90977975854
807680.19096973515
955124.97532700771
725224.35833596473
762990.35790522036
881061.01914453635
937951.11550744204
991785.8028076546
1090233.3649611173
1135564.6109498031
1131849.079920717
1131271.6668049698
1105077.3567015787
1074674.4855651248
1100705.7597228033
1088966.5635193677
1120670.1002507496
683160.79755509982
717925.85270362417
825637.0498228072
787123.91068348836
823401.1133636171
846135.70374808251
826901.4088424478
804683.21766178089
796278.26631619257
807905.19568841858
804034.21525960555
848339.39226650831
718970.91343543935
745618.02021776384
879868.05302145972
918720.17384495318
976593.70504369948
1070047.414546161
1146649.6441719194
1110096.366424903
1095538.9477321408
1067275.0565996368
1023802.6684799129
1066339.8520268386
1058845.9703519163
1088953.1021223911
645374.14241835871
684918.20700957347
744180.27924449136
759569.08951688884
751538.29564606969
767722.49395110749
797107.55738367385
781908.07138393261
741118.83665258042
758931.82815061172
761743.10840812593
788681.06079176266
692505.00407243159
728796.64990166458
875612.06790404255
900511.82916836522
947721.7731450703
1024192.1928079642
1135726.8555799187
1070864.0324111995
1053168.7263155063
1017921.7088232603
966885.02557706728
1029565.7576570342
1025505.4278975116
1058282.4819596782
685969.63916466699
722250.47278093174
734563.96584264701
688117.63563427178
758787.20090123883
749270.03072849812
767471.38020463148
762134.78100198496
728181.45909004624
732590.61536230915
742490.06470913917
764697.69449015928
680185.07623516361
715422.81758126465
863394.63220743008
885431.15623633668
923719.45252757415
968803.07860992453
1046744.5699011555
998059.17512704467
997965.74185171234
981309.01143755857
934458.28333894897
1000774.9557231601
995367.97663486982
1076094.9540996538
707382.41649935476
733171.06998703233
717324.36602322233
655755.34671594156
753607.45273252774
759457.28247326892
748057.97107277124
728486.62453263334
725041.64423729398
730885.55659338878
733199.7913390802
763533.77920305275
675530.78055308037
697190.54683764011
832329.2179546695
865809.80925809173
903759.79588737618
933252.78415676591
1003563.9571952885
961835.73747661733
946213.55743372242
940313.77358367736
902530.30579900823
983147.15982587473
980649.75329935504
1066647.0439754475
755009.14702126465
746933.81285990565
700812.54665645631
631524.63785749488
714963.63829688902
716404.1220526871
716004.02953727765
738464.40872055246
716959.97762618389
729250.7993941207
742435.84295606113
794240.25909498823
680346.96296896285
692721.74838014424
811707.02763539052
849961.37779290962
882563.81940016092
903140.18045897281
969936.56278155663
932917.77369346318
902409.86098187789
896659.58934686973
864801.15431886935
931945.58319138503
930468.02297939081
984177.59451547684
751447.43305827072
768540.41830914794
724673.56972180004
634067.58922617743
695147.54100218171
680380.80896983668
687513.58924027509
721716.60510504292
696942.74946543353
726170.55775041727
762956.88177916803
840316.48325024592
654384.42927773052
666804.68489407469
790525.99465203041
833610.4529500301
864318.13819676777
879688.1822304104
936382.93396930059
946096.56721887132
867342.17635835067
871844.98270817252
852124.42642256757
879594.63702544791
871153.90320626716
912183.97164002946
744206.67787977832
774847.79117967235
748037.75706534088
681781.79178809456
694536.79374723008
668949.27040282055
678103.25368984963
695028.06399988767
680261.6919215573
718313.42516138765
781695.02036797418
917371.78481014492
617842.60477347614
639503.98794946005
798072.18173512479
822068.55555192323
846359.86461199773
861139.38102272176
883820.46618507209
915598.11508802627
823683.8950959451
835868.83407042001
822026.15205448063
827093.03120597207
807757.56870221952
813601.3182168284
713151.48955749325
740749.97147854441
713954.87379848585
687387.24700466043
704336.86454717268
673001.70648277365
663724.50743326265
683948.99698558846
677349.45457481896
717681.63633703429
784807.99181835924
959698.12611405109
608096.48096314445
659153.16798896855
808135.72582103778
808880.09871114173
832833.73181361239
848314.92026415502
846459.17548288289
893761.62752830551
840824.85712686938
840557.03948888858
782534.05524771544
746051.41387352021
748118.39534872456
744531.74980510387
661781.16567617853
693352.38830953767
662034.64613923908
667303.83659031906
721893.64575994783
688258.42902339064
661911.9710448432
671745.32409201167
675456.24131501315
708478.76196098852
749795.24558932567
883753.70621219196
591054.25839684089
645483.62170775223
750218.73478216818
800596.6942889177
821731.34571903013
833585.56388452149
830690.66551050765
851423.49034039828
857105.33190617454
889853.78455565753
984413.67205816461
690864.36190605466
681619.27326292812
668136.21955007466
622598.87889852293
674704.05183333997
642886.90764053422
652672.25937560014
727797.93007351586
687195.98596534168
695065.63626380009
688241.89713438659
690746.41555865714
651416.45730694872
632851.34807930537
679832.4902721144
809549.97885810246
848144.74780808424
882724.73817759939
909419.87070264097
912155.17645402008
904888.36534890614
882163.87927421648
850001.02326482825
850850.15210578183
821210.33703615912
660527.02944908
695208.98849631951
728370.72961685865
760608.74351205688
650527.44015705923
719202.34159709723
696728.71304909477
722438.36510624317
771941.40899682546
725437.25563557039
748277.172482947
690676.00997838564
703492.84487846401
667975.36278953287
671011.35452732921
692319.18141901761
749141.36918425083
775252.70729278808
918500.89018949261
895460.56260949629
905671.50032048742
899996.10443725367
877857.20354287059
831292.05531490117
793364.19532208203
735142.09533220553
722341.71246523433
712562.31462165737
664375.3435899684
642040.75436975004
744806.63237466768
733946.08226259903
723693.64035958936
707895.54421429511
682754.21147236042
661064.83688722155
670248.07249847334
596735.21800951334
572794.23883290589
593431.77221537731
621900.56420220656
604951.85299919383
720089.91009072051
680496.83364484354
813067.11046328011
888019.52825225459
910391.49122923147
907901.70868869312
879204.98746067996
824409.57819936622
759818.92693999107
696808.35383201553
650686.1488438145
672700.40968597436
616878.07606557943
544086.56318153441
772574.8273842748
731253.13945931301
745604.70624338533
672466.58416849526
639244.10143515235
615769.74373306776
617970.340896626
530618.93599562452
503793.31187406031
538724.1751380231
576828.0518050039
566706.16504361131
759261.93728496507
709802.57422624435
860288.90451026126
907280.94137293857
922754.22231838107
916125.96877440019
887971.82862935448
823806.68693647976
733791.62745314743
670757.44606837293
622567.75309627794
672778.53114875068
601662.39854536625
532414.32332732854
670076.8684583588
666383.22453535732
717818.3723009635
606509.03839925362
572934.88495227601
565672.63428508304
553095.43681282131
502097.55030626548
471108.00605523522
489799.58745692211
533601.60960789386
540496.09633372433
852057.47454867454
824592.13218875416
881751.03557581967
864358.46290876309
898753.03307503543
904817.04158426437
880264.72529369523
812860.45001011423
724657.84573815286
674747.73833661084
634576.4632040601
667224.49869586958
607509.62420058926
563427.39408042852
578869.8502067856
598147.00031485001
622138.00539189833
549286.08535833762
526199.14300273685
539843.49086765002
518587.51289813395
497094.21584462392
481693.60198005196
469498.87727816607
503749.50465605297
528513.41374333762
942399.62703188672
863016.74980464799
863763.79691229376
893538.12896485592
861292.42231515166
876621.73650783009
855064.85943886172
802704.15549575025
729308.84572283458
687482.66099118348
658456.57728112105
664619.77570927388
616384.1071694335
573845.04411680123
523238.94740013056
529647.74835792324
532935.19631149108
519046.93231855257
531528.8636274708
543152.81795157189
516658.10818481667
507718.43544193462
489574.07687350159
481608.7146492452
511887.47331730567
544768.10426225851
968483.68153859512
858129.41688922176
851125.65747777431
824622.74744848325
837068.55351946969
849344.18090936018
833568.04617495253
789891.56247149105
727482.14389302419
699913.21602568205
670875.87318170292
651208.99182860286
626038.67843537941
610807.05426790996
447829.94660647959
480004.24244312098
487353.38552368979
500448.1450614793
512742.79255842947
521860.65813930903
516483.50252806552
525533.25168674299
515244.40296365111
513789.43369609915
544826.98218362976
577104.55239462166
975106.78213779384
842232.57754114678
840829.71541986137
774038.80516774592
830055.77668956469
825509.71883311227
809496.19321028574
769917.0940981477
730385.60505554394
694937.85301199544
657921.83202356088
614996.87290966406
617431.9975178974
608902.57801601605
382165.21175257582
405801.80098223314
439708.59695267357
481054.07874075079
493836.99105389946
508320.20347663085
523225.92068412254
538016.60709685448
550243.22956138977
557777.13824322855
589157.5559750247
623400.38536500849
810948.04070801451
854630.00975754519
753493.11357069458
838549.09485425614
814458.41918098019
791738.01062988257
749042.85682930227
720934.36344571912
682238.51898559008
646837.62600028212
581485.06562739331
585283.86449020565
555503.89018022304
353713.94273611362
366283.63644067961
450724.68260550773
475494.20287112333
486336.86740400491
505229.39565596322
525108.99138552963
545089.17979147157
563410.96485305182
584328.17623118882
615370.36101364635
654454.82019894163
829542.07914752699
872856.29140022281
721072.58491093921
836182.87278321409
787460.51017717062
767397.85804435145
732136.48546000267
700809.36035251908
668314.50318782439
639164.40462249925
567577.13618878042
340705.97977543331
354529.37807814393
468505.23219257046
470826.09513786912
474846.20688354759
492725.20796251053
512590.18203429255
540620.02059667138
572634.96131265454
607705.10679054225
643045.76563212415
695487.39349097293
926825.98550173489
701741.11180333106
821628.68399392324
752098.40713772678
746259.85562979185
725544.1083120798
697628.76318934641
658342.72227644629
629372.51467863435
351672.24166887993
354468.8511758176
452313.52572605113
452468.55778767506
461085.02441065549
477524.70160708542
502589.5255567304
532957.84527281916
568953.95447224739
609972.62834647403
657061.29095775657
709623.32287202624
806475.88743355963
689469.44090030482
723118.00308885123
733104.02892938419
716518.59841220023
693161.55417020211
650156.46242791065
616296.26182154438
350206.07435918809
338711.4567023323
401663.46391284536
426101.43205418729
455294.75571946008
480336.42991297308
508365.23552527401
534560.47509394528
556340.43763909966
584036.40846782562
631070.98203482747
677553.12044513249
706979.7592984169
741125.83591491077
725808.53807362914
709373.8495864959
684446.73205747036
643304.27381756343
607628.55824252788
358409.55944720749
363991.35148341506
394761.74770214432
427803.16885697976
460543.25604834617
492905.54971668671
521193.40631692304
542165.60162579385
547352.05595832074
543747.12614880176
557536.37205875444
582875.65594130638
711570.34745459526
812819.18105350842
732948.49162669003
679627.05030903826
659759.18266815192
644333.46680260275
608976.70388678962
330214.38660287234
349673.53520347946
384380.28478935244
411095.93308231141
443299.76235769666
474000.61355037795
494669.05792330485
495206.2979532766
472736.47283231927
458866.74817087507
460923.33065182739
714992.14243944478
663656.14440757362
625326.82802236429
627602.38792406511
602951.10108862852
269406.40679745947
282238.94699036964
328769.77422299795
344280.85607459745
368400.09658758837
391503.67790440749
409293.71444660675
410253.44049812324
391441.82721109001
366043.72440265195
352467.45012377191
707656.25760095275
661219.82977658394
592325.78967582399
600824.60009866289
592212.87999106897
296557.13958618284
311857.05423309706
324033.67161538859
336181.75941545289
348207.12070179376
350965.93273660738
339718.09876897791
310355.58497598814
289677.21138735517
581799.88111541374
563612.06823659921
572941.58348499832
578094.212007622
293056.18064848264
302896.73154319555
302365.42333138513
303833.50381649891
302265.44636428519
295468.69806335901
281201.00208104751
263534.97906440526
466155.45033663569
554733.31061718659
561868.08129702078
274471.15528417763
272715.07249485696
267813.36447896104
263199.55874700146
261838.69336546891
262118.37335557534
254533.41300058516
448047.13900711847
593456.14658435725
562111.82157567062
251099.09247129309
243879.18133296596
238813.40554495933
250438.49121744343
252329.29588357522
254862.02329156009
946564.82601107366
813630.76584011014
218084.89165099312
264905.99652747612
261275.61722978958
267218.17310484918
599314.28656924621
597924.51485729718
619703.13560718438
469254.52897257422
474579.37950829195
481138.16520273237
1289017.7066345755
1326813.1158330294
1434862.4435528752
1322709.8804675166
1291266.6559339894
1293823.6506255213
1273433.5284391164
1187030.5056662578
1104863.1160653983
1059859.1715234164
1070402.9694986993
1148018.2014835381
1231493.3105642372
1273325.3504032835
1457198.2732405434
1432763.3503216975
1474930.312868048
1552797.41697744
1712962.1867613904
1771064.6280116732
1616826.9068846365
1450245.0117047436
1277773.6778746105
1143159.5692358504
1256964.135253113
1471974.8487603059
1444618.4374416105
1375891.571941202
1379947.8517301758
1344377.776181597
1287296.8113860369
1145905.437425806
1061845.8277083077
1069991.8749284439
1072154.4722952999
1123549.5418947896
1187593.8206692834
1225084.7853505893
1405447.006292688
1445746.8392965454
1492963.5609647508
1553893.5258490834
1583126.9829318535
1556981.065213528
1464732.0335907345
1302525.8739683486
1424892.1741197659
1415316.383604923
1335997.943500896
1317113.4053358608
1159252.8473640522
1268697.3353419255
1345604.1110409799
1326251.7683594348
1334385.8001515218
1366817.1623110075
1541433.5216653894
1351201.3520173521
1343459.0455438355
1364850.7750581857
1370025.244634911
1359665.8689244268
1602157.349471045
1646989.7741473801
1686476.5944142914
1731909.9848787691
1787372.5414677511
1819223.3869074739
1794629.4182693316
1778156.9922198826
1774175.3961786651
1564762.949490722
1526760.1406811816
1455840.6891593633
1197869.0502103365
1243867.6654588608
1292886.8346171842
1295573.53018097
1293754.3346173002
1305052.3865327635
1802958.0996043847
1256420.4545307944
1301012.3129729209
1351091.7222632151
1363489.6866604441
1367513.0809169072
1601997.6372252498
1647414.4474314558
1683916.1349439025
1727512.6788677247
1751070.6351474454
1785334.6792086109
1769649.1793730017
1731464.022362601
1785272.0220031596
1748404.5065638558
1740729.315729538
1591355.8657162918
1236964.7218480001
1245427.7091815937
1266205.2431315468
1297011.4185061329
1292558.275979744
1253427.5556723261
2000586.1739207373
1290297.025422551
1321530.5581288522
1377891.9801735226
1394246.7689678902
1402075.7496893732
1607205.9828677853
1653759.6116038661
1699251.7356581176
1734092.8147062175
1764569.7192853321
1815629.8081334601
1831302.3512630202
1795621.0177774625
1800250.2269514259
1724441.8818930811
1890939.9519707025
1688490.2274348207
1238291.0430064851
1244030.9310400721
1258358.3722693219
1296240.976234003
1309097.5243244616
1372940.5996919482
1602523.8486785067
1395436.2376671832
1378202.2209697501
1412909.917123382
1427569.0517695476
1446776.3904913715
1625276.4601798328
1656374.939602742
1703756.6556853917
1740244.5609689497
1778415.4949097726
1848103.4454728605
1936220.8690137961
2012583.1771652687
1557914.3143346524
1575341.7825084275
1964543.1028397919
1761654.1626347636
1227450.77172052
1231972.3509775186
1254285.8476549757
1276598.8289245721
1301161.7844213429
1892307.0915095415
1365890.7957081818
1401600.5096780176
1401482.8238431506
1423189.1614380351
1442087.5710085062
1475915.3164253386
1628443.6548758077
1685862.6360377602
1729656.6326330968
1766008.2971195532
1805629.2723532994
1870954.378346693
2007448.3216448911
2271764.6232849872
1258408.116361073
1333660.6324554991
1936784.5538839474
1794940.6606272198
1179275.1359989487
1206867.9602333591
1224247.1497570004
1214576.1758754132
1172416.121313394
2114685.6475497652
1348525.0246804778
1392175.7907750548
1413181.1912702729
1430755.4328051961
1459354.075651045
1498385.9484379981
1610025.8981927112
1673135.9062434875
1733804.1659990789
1772145.8924423233
1807718.2913186965
1855407.6887023691
1968015.2802812513
2268467.5352702071
1109314.8745493675
1214647.8580795941
1794803.8378226499
1714608.4865442605
1168699.3392409612
1188044.5541857213
1207580.778488769
1199804.1943925237
1179266.363008952
2112452.0730529148
1521682.7573689569
1450922.1555653377
1438480.9252081779
1447897.7108535992
1481911.9784121807
1524704.9155251933
1633271.4991780103
1666110.7200162145
1708028.4655691034
1748438.1674877361
1768858.2400796302
1809428.6716233739
1884731.605677732
2041290.4270058391
1144788.4694522675
1236780.8744799395
1649487.5570194162
1529289.3856024691
1190489.5065206264
1197547.755134447
1203100.7830026436
1193569.3592737035
1193940.4143328844
1872442.3896732915
1526827.6111469285
1471764.3393361543
1462621.0371172277
1469959.0967727494
1491047.0080588248
1503512.3929988793
1651010.5981836331
1650581.8059610154
1695411.1501125693
1719135.2372221544
1717931.1625684085
1750670.9840174175
1793266.9968232091
1830719.1969053717
1238079.3462014662
1301048.6421220922
1673298.7486933551
1451514.3950902945
1250292.1927317334
1220912.8408409792
1214646.8570000448
1196216.8930285249
1017237.6767565054
1830789.722726586
1425310.4759732941
1447418.9296915203
1467194.7626879334
1483400.13331084
1509119.1340931752
1552500.4763536388
1603856.5754239634
1576357.7533831806
1569117.7353502901
1576030.0077587098
1610995.4099160244
1646742.2356524973
1662663.3250191559
1640395.4047958557
1294162.3431133456
1304069.353772871
1583158.4763100503
908238.88569520914
1181558.4491629698
1196426.5989705969
1236400.7629987921
1313714.5615121284
936654.02085861191
1889258.1128415696
1690283.9821891326
1615837.0206226937
1572845.5606102864
1543393.8273919551
1548685.2765258872
1632328.4108400431
1573393.4960936212
1545727.4719627716
1501966.0763756819
1478587.1507011228
1508352.4339721401
1544422.556682932
1551445.3909230805
1501763.7173833
1298422.9322505691
1259712.2911428933
1345405.8327044297
756584.24832226068
1109792.2357092961
1204273.3234939033
1260539.7863086544
1294021.7074023914
1115411.2887986535
1739478.0464257756
1688178.870039386
1670850.9607517375
1629941.9020107884
1594951.2812092758
1598106.600404179
1638374.3785946907
1543071.1222328327
1524131.0041193655
1476775.9316530263
1410523.288823236
1416458.2405988758
1469401.2668276876
1497347.3153811859
1470466.0607367279
1267551.164670957
1211107.8060154177
1052951.0597306998
1020367.8949160706
1048699.548608074
1111509.3711837821
1138447.5764612642
1125665.5295805749
1173361.0926865365
1735696.2189406715
1668966.9819580836
1666680.0666768665
1648303.4321950215
1622509.7213414442
1631415.6883988173
1672445.4375869331
1496796.3700388439
1498935.1002641856
1491413.1321640264
1306189.9154822347
1306570.1741527389
1419223.0893598541
1486057.2611278319
1484317.7458924633
1167944.2314092624
1121699.4634092725
1052950.3277222831
1055461.9761910129
1080733.9191447962
1091078.2720184766
1133304.588966884
1144247.9038150089
1148704.7965757137
1525816.7173750787
1606203.9542355256
1640352.6243051572
1613547.614615679
1610670.5763534629
1641094.2299334616
1729979.6950459532
1445346.3990083158
1451895.9751735816
1455839.5319676236
1124651.3042680011
1081284.3658413542
1480981.7107182043
1513811.9511968545
1523530.6349723681
1073565.9375012543
1025036.0584610639
1157031.7514313958
1117570.5808618241
1121410.1866180431
1089602.847922967
1187043.8774599684
1234152.6984338921
1247853.4476233211
1372000.7453017598
1515243.500972457
1617948.7699610018
1611108.6886668075
1590912.3905581762
1577175.449311438
1846804.3145474868
1412799.9382061786
1388375.2176741238
1311184.6304651881
1087062.6626263086
1028604.2649860122
1599634.6152701629
1552913.9688045867
1537510.5512643247
1014159.8090373562
980790.98875496734
1177566.7738196861
1158996.065726232
1137843.3364778669
1037254.474409715
1357160.0450173414
1314921.5703747512
1270836.4125661503
1271702.2072234233
1369843.4943319215
1508910.0618339358
1566934.6502485743
1578636.3004358741
1626106.6035849294
1866891.2967191236
1358531.6338295715
1321573.1094841568
1168573.9895650549
1127257.0124463681
1068611.1273786367
1590825.3537170198
1574197.5585495788
1546528.5281274116
994547.56144359265
980342.93628864456
1225978.174391116
1235174.9109144663
1293496.7516050306
1390784.9894803637
1622025.1620402078
1369656.6018379286
1243889.3512683543
1189623.4498656522
1214040.938065182
1338671.1908988906
1469877.0307885299
1561978.2710557163
1715476.6899340376
1809887.8591976757
1306226.5451202739
1275362.1181894937
1065875.8517234612
1012608.7666833802
930605.15870143997
1527746.4279235627
1575743.9304843813
1522049.4468687533
1015940.892647765
1010200.5073801803
1297319.9616073391
1323319.6563185381
1402788.1382629243
1504440.1406069417
1610958.8243818779
1392723.1692204664
1310323.1351425992
1225063.6197754662
1165261.1866753497
1276378.271662439
1483078.4830550766
1640587.5725930333
1723719.4247811779
1775440.859948776
1284922.305267585
1287864.0955111317
985558.69145075569
894316.89060877496
796736.13942383393
785391.24105109065
1533843.3628074045
1453145.5609572395
1088577.9655163893
1068315.8182847279
1364714.4171614335
1357657.8570781744
1448623.4763171254
1462408.2687042502
2016610.6422548597
1376019.817307855
1359668.0958657304
1259197.3021686398
1126586.4978104648
1224453.2255769712
1482308.7479302734
1691463.5789149343
1750309.9127758148
1776497.2611750513
1307000.6627779144
1376774.6560601657
959538.42433047993
826712.97872320481
695344.06055152544
638784.52307360759
1489395.1012070677
1422557.3687518586
1186551.1326347068
1152344.8572431309
1385760.7920105925
1386091.9157475766
1538608.063824326
1537452.6213254521
2445068.316227138
1272400.6680468984
1371833.9799843165
1296121.9382224176
1121590.5080419551
1145568.8069564705
1380233.6426816948
1655004.6523504166
1767493.6402635048
1754897.5044593986
1284876.9968008867
1226213.2063136704
849754.81154803396
715080.57907796325
623560.20037940482
628824.21015090484
1521573.8862543909
1473155.8151139759
1266908.5999402308
1222883.4661802256
1397956.7248779943
1399109.822650573
1602028.9666267869
1602115.3519129346
2405556.48171895
1360368.4537529794
1416677.7784588651
1374495.3403823634
1241672.4286026384
1200192.4884095541
1352717.6548444971
1612240.2915964592
1745280.1677012425
1730290.8948844967
1279411.7217663396
1210178.6480225874
1022060.7476086023
829737.03792456223
748577.14627787995
779254.56302007183
1595080.9981204066
1556399.0953848932
1332262.5368567393
1311343.7724316162
1425957.9046374573
1432098.1308392282
1650364.8485119734
1635653.0844537802
2263960.4481378263
1372245.0981043617
1379040.8118621951
1325827.1047576009
1239124.8924964294
1255580.4528786819
1431572.4841221145
1629173.9880267039
1699452.1776843548
1717112.2462295459
1266581.6800822271
1240885.0035049911
1185067.0999483704
1095770.8861099847
1037581.0055230985
1034936.7766304645
1621625.1810376886
1591495.4662603207
1365748.7160355418
1372633.2841529683
1429341.3588604794
1462416.1861759711
1636164.6521229795
1765474.9277492426
2021848.8236239101
1389901.5175103168
1343452.4315422294
1227107.8965412825
1097986.9960690974
1133842.0076214881
1399358.038171093
1626449.9771041956
1680624.137256088
1718118.3137541609
1249169.4166154123
1235733.1954137387
1210625.7975098707
1196100.9787352998
1200625.9413456621
1219456.6532826391
1590160.1314058742
1550170.2227985132
1357232.6297563938
1386023.2553524284
1465942.5635251065
1516271.9561955845
1588542.5859503767
1805130.604056366
1904891.8555331812
1445934.6582584386
1418887.8188495028
1309285.5471803681
1139615.4606308406
1083664.9397816765
1318594.8857289092
1595343.4430468823
1692489.816698723
1745736.3388517781
1254284.6138281454
1247414.5816402303
1211862.8915378246
1205162.1088273728
1180627.2689778067
1363944.505463426
1604462.6449556076
1504424.3893201028
1325181.727446021
1330073.2288027711
1575776.1801978587
1667680.6195737228
1420461.0574541562
1809184.0809666857
1829217.9837760937
1521320.7979488638
1548801.8361085588
1531143.5110380847
1448856.8365342556
1385474.7489394571
1499596.9868137166
1652913.8718554345
1708376.6973672817
1772514.2285675902
1276767.5552411722
1282222.5270682194
1308968.6873112642
1430370.5855342539
1522843.3876950149
1680686.9806392172
1647818.7003336388
1514696.1875033982
1251803.9311659597
1247731.5026636855
1608866.0268157499
1608714.759939567
1349811.1437208191
1729168.0079519053
1711186.7798844411
1581497.2463115721
1605134.5975322246
1665449.4626237503
1693593.9099041324
1679729.6691487427
1752958.9742708097
1777150.0118081176
1727762.4603013436
1784489.4539126665
1281454.1967771612
1289211.4127933886
1323588.9800542516
1379929.522184782
1362381.7724412924
1316719.2603697737
1485047.1061959695
1518772.949531124
1134922.5068160873
1125863.1639758667
1502632.5357491688
1490882.5776009315
1448984.7965443807
1548630.8766393694
1599653.5768793391
1603638.2274235608
1595979.897843624
1656072.3957110345
1694744.7122118934
1700854.5793834359
1759192.9042489566
1842725.6623286235
1771003.771822341
1802457.9130149891
1276628.7120740865
1290526.6609185888
1309493.9459986107
1355938.2750185188
1298493.020167137
1354807.4465636099
1481086.0641237947
1543202.6741368675
1070744.5557206143
1074786.050777778
1390761.8387803971
1396005.8788909141
1461285.6776417487
1469495.954052659
1488312.7574555078
1510683.4370531105
1554856.9591400819
1608091.7548399738
1653685.9234070363
1667126.771337769
1670559.8887207012
1792999.5134438802
1806638.1819875042
1825713.4390779876
1267984.2162025073
1302259.9731060821
1347556.8964026351
1300993.8981507099
1207612.722435582
1266956.2459659961
1431774.6964756092
1538005.9154983542
1071765.0814474626
1096377.5471989654
1306318.973149332
1322495.6582167884
1452970.4108092752
1400759.1098229082
1437101.2567942175
1460201.2920922597
1507080.8054410981
1560598.2653636264
1626073.0322756644
1654786.8331827153
1698172.9734919432
1774881.9419717744
1809018.9924479763
1845851.1248145094
1244085.8856300686
1260964.682402503
1238294.8933880471
1133313.3212073627
1120421.7150752565
1089363.1426212022
1463518.9751094007
1466271.3496564275
1141830.1721649258
1151432.1275029867
1286816.6771797
1314237.9812319111
1318246.6065154909
1421476.9533168548
1406343.9143041086
1418999.5836631183
1457826.3647956895
1529301.8171872594
1632371.1881534546
1627930.8601998526
1657010.721009803
1725248.0648300173
1787005.0752126325
1831903.0046037
1204685.3553011008
1214535.3516096373
1203317.8648597132
1165898.127245645
1147101.7483281833
1135070.7242092667
1499548.3079686554
1357040.8901586873
1266552.3138919377
1265998.0259387456
1234792.4590242072
1285124.5399763475
1075041.6091327402
1226375.0365334621
1317921.3575555733
1349568.6471113036
1402084.2368599705
1461029.380682413
1647503.9974069232
1690495.8731253678
1646547.4164134827
1698320.3124161176
1766546.5493688707
1815255.1726788133
1165131.0397677328
1175223.7842899372
1183599.6551707077
1185235.1061320731
1196410.1302869972
1204122.5973723996
1389059.5603130742
1295308.0173240672
1399703.2622257681
1388435.0670166987
1186742.9521826277
1257113.0696648967
780777.42707814998
1526984.9694969573
1256823.4620834657
1284508.6869753329
1323991.0953525316
1375850.0724756643
1655804.6073500442
1820599.7749511926
1620906.6725491388
1661425.6016133355
1725340.3472156057
1795162.5982975408
1133305.0035450121
1153110.0756199248
1174912.9372979146
1193522.8341272683
1213701.9360300994
1220531.6073044543
1363914.8627420729
1307497.2388604539
1441811.4332123506
1481441.1193860979
1161376.6350625942
1130351.5945617929
747471.49746631098
1657955.9326026349
1174768.8538252658
1345283.538873039
1242739.6883397812
1235951.9693156891
1399617.8614981379
1862852.6613823709
1595272.6324044664
1605589.1373735426
1641248.3382868681
1696436.7204484139
1096622.8871199565
1128168.3523706829
1152442.8144450695
1177386.5476268178
1202098.5412053682
1226079.8101787183
1334284.9084270131
1305261.4254326054
1402825.0768640169
1533381.4581378051
1186614.8218194223
1190057.8540827818
1022296.6970250239
1528170.0442405031
1318380.7432368898
1327657.8817563856
1331775.1275940516
1204071.5383344991
1262415.675555808
1634749.2850379571
1576656.7699242118
1590101.0736343823
1583346.5739448571
1608394.5307596575
1111518.0519716705
1116233.9186118057
1127590.7387433606
1151816.7808964949
1174001.6073896878
1200951.0394020129
1263097.3462199832
1225248.4118250844
1404963.9298258077
1557847.0990969222
1229984.2335815616
1230860.9210196827
1235005.2094831467
1368220.1554316017
1345355.0602346989
1436470.349507201
1507518.4007516908
1326805.5922480393
1310637.6047346524
1480598.5505933654
1589484.7174260183
1629818.0322056944
1564402.994700717
1541967.3185587516
1116122.7105094644
1087254.650239184
1073201.4821781411
1096099.9630557722
1121060.5570584382
1152291.8779046638
1192419.9561629843
1140413.4358550778
1440181.497634914
1612549.0061031848
1272531.6588616674
1241832.5529585443
1360995.6503820964
1393332.1171741544
1388139.4979792563
1490185.3134887277
1640266.9712177236
1429993.8744553069
1305934.9322488678
1331384.8592992714
1457166.492528067
1793103.473545314
1513558.5264199022
1494266.9803832935
1104751.4318426845
1053418.3391984818
1028273.9736803783
1029945.3030166547
1047388.3213765961
1085890.5787422759
1151451.5148510721
1106087.8965737172
1493885.1725196275
1723335.3106590181
1289615.416071628
1230133.8800425401
1433505.3808951979
1513889.6950923987
1526378.3589206024
1548039.1291240833
1648469.8413668144
1592070.9522201321
1434034.0173909746
1286140.8650143782
1334253.6526265997
1637308.5154818969
1495556.3013913974
1511305.8362085323
1042480.2647093412
1010512.3479043047
981572.13488880533
969787.08699217718
975756.96277286101
996990.69163387653
1101906.0941912162
1097279.7352091258
1570869.9612265953
1886198.5369405353
1316880.2705158703
1228214.4694694593
1418126.5604866915
1724576.1516095274
1656787.9970047048
1633477.207966143
1637954.9532133357
1618113.4178056722
1588614.8655363542
1397931.124507803
1350372.9821171381
1421709.4375857187
1593647.6302546081
1592467.9431895572
990904.16877416405
988022.66045818175
895523.6653422591
853545.20540365123
879158.17811628385
897271.36207696097
1010912.2126747901
1029848.3530846121
1820565.0136597373
2095546.0245216924
1350692.902946326
1234173.1341826015
1437457.424831745
1701531.623807292
1630871.1252812766
1665877.345812629
1640259.8260014195
1605898.9342789587
1653033.7279414814
1458617.2898139898
1331573.0632252214
1329430.4210075571
1670190.2189806784
1610543.7203153423
946029.77001451084
912416.552311006
803271.09113920946
751982.04681965453
789870.30664472247
817016.45532526856
892318.63052788202
871649.66962284991
1916780.1517081757
2279143.2095576418
974067.02052485116
1347355.2764334229
1263540.2451791638
1566865.3701675897
1618696.4135910249
1607110.1191289397
1608270.3901464625
1615201.1327464725
1512045.8399239653
1545051.4217315291
1593164.7980441775
1420296.8591157808
1201448.1007807131
1409323.943246756
1502665.2740588756
925770.91049215256
853388.38235581852
787418.04289077944
720972.06165756856
741803.61270297144
766617.33217274782
870207.22189423849
792394.67298598308
1800870.4029963682
1957590.5768795991
861000.471532834
1393158.9878319295
1310874.426490675
1600554.0779567901
1563485.2064973195
1579366.2872223561
1584070.6423430978
1640593.8097388784
1590232.1423153689
1567641.8061215086
1664112.2018029226
1661335.2868729755
1388490.690431287
1478347.5653557554
1414671.4590203061
849987.54416221404
794289.72252997837
746065.07886434742
687175.74869742314
696265.49145372678
722054.0539808647
876375.17848607281
745268.71904887911
1634210.5399453896
1669680.1954751909
1007070.841237181
1574025.3448877346
1509011.1769115042
1373923.519079712
1621643.9134448559
1569389.7128128314
1591290.6301699849
1606666.0683322474
1693802.7028140293
1769084.5806455361
1715138.3752731972
1679326.9917785882
1761398.5787183016
1559119.848950424
1486517.8139491701
1372236.8800278686
730677.15677260444
718682.48518486612
702135.37635010679
703909.42596675851
653032.79295915412
693680.98813530861
799773.41278507421
733742.43189253018
1460425.1624127065
1296948.7970129186
1320920.3709842409
1429324.3463694819
1614855.0097933025
1634505.1009700117
1371560.4877681274
1680191.414031852
1581486.25608499
1543776.7011708142
1588420.1346105039
1762568.0633757806
1806963.3524009753
1788016.5906373111
1698730.7291730421
1654128.7016462681
1605456.2809022693
1532021.1482669443
1435153.8588715196
653203.11179024098
656604.35007560649
681052.62181069877
702290.56224101665
602393.12708498468
652678.58232936787
697327.95205431955
716658.70750839682
1330313.6174192796
948966.30025012407
1475778.221845693
1549723.1257681346
1661271.5636161629
1704317.7144955546
1728899.7859141161
1492716.0200367011
1834150.1042457994
1608123.3844626562
1477989.2067096033
1559778.4314342199
1762159.104879854
1798531.0185532549
1771475.0711592259
1690883.3924955002
1647605.2218737171
1613479.9028790859
1569298.3539932757
1448020.1690933257
579497.14027786732
603418.91987816105
634387.93510005181
653876.64783554967
586586.11402147973
632376.21337768377
669507.03680911171
667141.8520616024
1123385.657277182
804011.28764159582
1445713.4868292015
1553949.3436162379
1616383.0391985171
1667498.0373536965
1832469.0291547198
1553430.3386973811
1975458.4028470882
1586556.3595064422
1483152.6883101608
1474095.78381521
1689170.6008479509
1793959.3274372108
1747004.0431302777
1695970.4235639989
1637874.428083091
1611240.0789051717
1583926.9199467364
1441052.8008450051
501317.82126881776
554751.75604644918
586518.20208449557
615739.38011208933
577574.51026324625
619010.48354934109
660803.10336989129
641516.49450407422
1124859.141182892
1031081.8890548977
1357981.3616683753
1461597.1887581716
1483269.8363927805
1526062.7405955133
1518941.9642284149
1856651.737645603
1629106.4919303369
2065358.5426933684
1561220.608606945
1486933.5480692876
1462839.5924533403
1601403.6983872289
1764728.5709018658
1744041.7364069074
1706132.8148351461
1661404.1466489632
1669747.9970751025
1702000.4476921794
1583368.675470717
462119.37773452164
529051.58550808299
564412.60898218001
593925.46269610268
635347.21749295096
597432.70249840466
639205.68405401357
696077.89615734399
1170062.6816927411
1164060.5993403951
1211857.0880398566
1332912.0099302162
1385105.2894080153
1429322.739704269
1474603.2679883318
1736157.0357114924
1587607.198081668
1866558.8926859905
1596379.4279479594
1519204.8145241195
1499043.5269297892
1477469.1710552059
1689866.6318517006
1724552.971837682
1697541.4945879283
1658967.4586507282
1659657.0738777628
1703535.4228489408
1685424.7009655535
526414.89053134935
555879.07267397502
577923.21571377013
619626.5285879263
653342.4630609653
599255.79045496613
645701.49462236441
736603.58430319594
1171635.900479119
1249611.7710919776
1140839.1015392698
1251669.2130426383
1315151.3849595226
1330413.1376788209
1378168.7505755147
1519113.0772479435
1552121.2602400156
1435593.0352221322
1718804.0977272729
1630907.1423635061
1543564.8604624264
1498769.3818161748
1409699.3286426708
1632326.2993202722
1713289.7572701073
1678723.5759423177
1552252.1578019955
1518689.0996479944
1611218.2713508217
1607326.2213092959
587556.84436244576
588255.92873873573
587151.0798819256
628192.02913158212
659721.82059121935
679190.30508472235
653833.03157368826
681514.54276008205
1111517.6932747487
1209590.3727730596
1148546.9271351339
1238955.2198142831
1297321.4033910916
1309830.9678444455
1343307.7703751712
1523009.2816611209
1595483.6746063516
1420547.7946354835
1303905.3700121893
1608800.4859894046
1669305.0212571374
1561409.7464972795
1490479.2878310129
1437331.1644668698
1569997.6265428152
1695466.2766243313
1667368.3326551842
1472398.0227864173
1387471.8438363441
1500913.8345731692
1544662.4276015086
692624.97770155896
647753.25427868671
621510.6309268825
641440.62697454914
688252.65371499548
705378.76798673661
634696.10646435653
656686.09442648885
1012451.257220395
1087556.6513654033
1202989.9187374183
1238608.6978851829
1281628.7280109723
1301228.2463430329
1327444.8149264425
1472241.8071573467
1504637.5029855995
1411235.9984200555
1344131.1769784191
1262420.031975247
1548422.7009522356
1679690.4498274412
1573168.9849600797
1496920.4219424867
1489918.7927899535
1501510.7056513696
1652035.3015492372
1686405.928727597
1515605.7459119896
1392829.8910712525
1469458.0680323481
1475861.5884777999
721560.50838151597
689758.04050979915
673394.21009523969
668902.85572729423
692719.7780001245
718361.50473560661
650564.26229763788
658526.88334623782
909761.16911734175
950536.31611036265
1258699.0590391106
1233621.9238991074
1279974.4873328826
1299220.3545589666
1321078.6492680141
1382428.547324765
1389075.3954574151
1354754.0897359841
1254119.4174236222
1350631.7423610364
1277469.4333802271
1516754.0752785797
1594191.4590162502
1575971.9022948374
1521272.4090764071
1496948.9967500798
1451428.2041029646
1614130.7761606076
1690537.6525097371
1616791.7304093372
1533795.83478286
1547269.7003258881
1468111.3297393266
741549.78464691655
726065.5130645762
708290.04192218056
713950.70646906504
713250.4488617162
718760.24017386744
673350.26551093382
665645.76259483036
869355.13324203924
855450.52277147549
1375857.2355686862
1302884.6087573597
1303802.8590253133
1306374.7336499046
1289158.0477502176
1324946.3256245106
1286530.4535561216
1296249.3274079887
1331015.6504827109
1473630.4389288703
1448240.9170494899
1628719.0487807754
1572714.0543316277
1610445.4648906323
1549424.9707770685
1506968.9815172432
1479516.8234379059
1586187.5932503734
1688803.2204846086
1685810.8594853533
1669899.5300316834
1601274.1280341344
1470166.0929449818
760065.85139161174
739472.9711643405
738271.28294100612
760504.8353494599
747942.49826074508
722732.42506427085
721431.2254371423
707631.43676664517
842438.03866910085
796504.70129789459
1431439.8794226598
1343261.4558882909
1289534.6611504699
1268615.0176158706
1402079.6135674627
1359259.1174194957
1253892.6669634816
1283093.3910472558
1290044.3287453083
1126421.8835825042
1561825.6333046919
1622081.4595734966
1807609.6019769718
1677973.7611021793
1620718.3955988938
1567807.8319581316
1521256.3605562616
1532845.1849075807
1531152.1360656521
1643571.5697913808
1676905.202288552
1729070.9317404886
1607764.4876283722
1550049.5556125096
805498.77725848358
768932.30098753027
791339.71724216221
798277.73430489807
775543.8178985439
738061.28826772189
782478.7222500277
777575.56925064581
799051.48095846758
756615.37419178186
1336124.8882391846
1295610.1596562583
1279043.6880846256
1478105.9267712936
1399976.0130100837
1318946.0469312172
1257552.1938643695
1291021.8848871745
1312492.7934837346
1178666.2442107499
975729.14407800173
1490676.1452026933
1635018.7363191054
1829817.0039230133
1738720.728418503
1621036.9645525818
1562130.0853437954
1511246.2891739712
1510889.937100047
1455267.3361230148
1616218.3222535884
1752731.3538734212
1906892.8680137082
1644950.5115980811
1545044.4110717564
806890.23631843051
778321.42595825542
839187.36945398024
853438.29216324468
829450.70077816839
785236.24946134246
838417.06654101738
833953.45731069439
799179.37205755932
745648.4240866811
1200335.8323816049
1261804.4730242558
1447464.2671450055
1426841.9706276762
1365901.1551464854
1315714.365077121
1262211.0647970398
1249629.2241939972
1293993.3790385302
1166424.5583895545
1109486.8890075416
1094786.1419397963
1263711.0624245426
1429866.3108022904
1649537.5425147123
1599220.011032115
1639175.0715286231
1541878.5188262325
1495905.90601015
1485495.6894027402
1455301.5710042722
1540206.9038913937
1945962.7604100229
1943541.2613208105
1524229.5361952528
1545224.8584577169
805524.1002704252
780408.48060750752
878294.53853713383
932251.19238893955
919317.54032175348
871197.50802410999
906521.14417686476
902177.79132201069
882377.78597039846
821184.13791846309
1009998.7652773976
1037505.3485470226
1131395.7367226908
1251950.3189728591
1283057.5731084226
1254298.621143267
1219252.2550657205
1213296.8061881738
1233967.9818007236
1123771.2915907402
1115977.4037240923
1135072.2612177208
1110349.9212490653
1202444.3044461347
1434527.2065280832
1432690.7645940189
1523164.2376351284
1497420.7392647557
1489196.7090157331
1500694.2482827583
1498703.2751725805
1499942.7584587571
2015281.7501370653
2051599.5190366274
1792080.4608017015
1681829.0911521651
839003.79527112981
832755.58965360303
926097.76982874016
1009655.9656738254
1004634.6220457745
965953.39494960464
983736.96311972756
985517.63972167391
980781.53090856387
956250.75713631441
884703.70128947299
950637.94302450237
1057133.8070364448
1130952.9096322933
1141826.214531197
1141747.8951059075
1150864.3794687474
1163246.9274663783
1168174.9788051511
1138727.4577269668
1140689.202391587
1180317.1794750863
1090738.7061916371
1136013.4523605106
1328069.6053934903
1370574.1812910731
1461086.5501670344
1512342.1894621064
1506243.6017609374
1520482.3203137079
1497200.5131819085
1460858.4749098979
1981266.4135862871
2052283.5777573544
1989291.2153319358
1852986.268007328
959423.91996043816
944021.8360982507
1010793.4111476331
1093793.1900969378
1108484.5014060345
1118401.5042153669
1073957.5564813821
1096245.7661289843
1049484.4821904053
1107200.7509039282
853313.03434138827
930399.55414360878
1023367.5713343204
1061949.1306144574
1070782.2973705672
1083625.1483678806
932278.19544637646
985209.76722250099
1077309.8166771603
1131808.6615066102
1053719.6402923239
1148317.4188524669
1072766.5619186081
1116522.6178469008
1295178.6418240289
1355466.091956795
1437754.8104376183
1519800.7086189699
1516178.8714471722
1520408.5181112809
1494488.0651473908
1428075.5885119932
1910836.9354570811
1877012.4010571905
1876697.6553597008
1803742.874616761
1085284.2605179721
1045217.8039502259
1079571.0073730152
1146586.155491112
1172264.3964157356
1184117.1978710282
1134732.3890378382
1204807.9189192837
1154615.7617660786
1245701.3113869599
832097.55828616431
916854.28382617375
1055372.9443913137
1180766.450609691
1128787.4823201732
1099727.0636819911
990868.52046581951
987000.54467157624
1035888.2704602494
1056984.5354613012
1032817.3379141279
1181132.5966146826
1038685.850410889
1095051.5505578751
1254723.0516201847
1328106.5753928726
1399023.3779679206
1521730.32134537
1507442.2375013866
1495381.3798105342
1483005.8963904523
1429130.4369091545
1436790.5965551815
1641315.2438814773
1573766.8829991305
1582911.0140527983
1130183.5365493363
1175222.9712454425
1184886.8518520584
1183162.400482093
1194865.495919975
1262843.0759473881
1236212.514306267
1346504.0289143045
887711.68108329305
1033028.445250034
1071236.2015721558
1120669.603646985
1147748.4315096149
1116430.8238645655
1060470.5729558785
1034972.7223389142
1038593.9401100237
1036280.2574263463
1037165.3326627687
1181666.4446835138
1024115.2444956715
1072630.3927293881
1223009.1419627799
1282079.2068178128
1339406.3353180592
1461138.1011513423
1476060.3111311926
1463405.6665804028
1449473.8497092591
1411071.2498572636
1374648.8504809469
1407644.7188125395
1359176.0240116052
1410281.9193115882
821997.16127310426
870748.77539470058
993968.53755104262
956565.85941721499
996447.04002829804
1020392.4815674101
989984.27171148511
962300.61368218332
954316.78351039998
989606.062897683
998394.25349738484
1037351.1490078085
1020869.3362519264
1054592.6403529469
1230309.9466186976
1265095.5818106134
1323108.0422739673
1438069.4099522012
1488877.7451432243
1437908.4435746465
1407942.3837981408
1373827.819741423
1326630.5353049173
1335711.877904353
1318690.7203399299
1351816.8080966703
767136.95625537122
817945.0108991937
888983.68925137445
918375.26080929744
912600.44725077448
928994.86254411924
948546.25961900759
928151.39189963252
877332.70902613446
893752.00974387571
897801.91393032332
935968.93185133673
990900.98461398517
1039021.5465444759
1235006.1124055255
1251452.8254580176
1295771.6572125172
1388294.216776436
1474933.5786423136
1391785.6901785245
1362166.3432382881
1327802.0596028408
1273011.8427233759
1292720.7588658265
1285809.8624941714
1324840.231171428
808525.86672541359
863122.33041274222
885815.82575119648
832103.81306943495
913444.81754444039
902795.82849633251
905848.38973930106
897680.59127922542
854486.82995133207
855690.86986251455
865626.58109246183
891628.50869862456
983337.79541778809
1029351.0225236078
1229227.4471506334
1243302.8341641605
1276608.2041304549
1322119.935128306
1418909.4597363225
1307942.7718571806
1302381.4344474117
1282317.491448384
1226425.6512188774
1261187.5643259485
1253246.6262912652
1353485.0780648943
810210.3461247267
874549.96504697413
868846.71646589134
767406.89502187562
897662.80983280484
905955.36244814715
882271.7896982017
850296.43364757719
843935.74847680936
853794.64892163931
851868.47054792021
876019.60883857694
988141.11149295676
1015071.71957819
1198167.3625677263
1229031.4403825016
1263745.3571537128
1283831.2157216219
1368355.0931406345
1274496.9309415529
1247583.4912463871
1225609.1385426244
1172278.4053245587
1243248.6815510693
1236474.720220746
1343023.5319054862
862649.82750322227
874634.79966515291
798168.78477515944
680782.83428259986
845840.42224317335
847450.7277056959
842021.56746449601
853378.85939780029
829089.462077579
848225.44583227823
851311.07256193587
894909.23234192305
1005590.9191748204
1019473.169112352
1181845.8977758074
1221138.9848823918
1249783.5591054668
1258873.8398571631
1339438.8114080443
1251848.01229713
1205592.7999061665
1181408.1871465158
1130705.0260707524
1186130.2212886524
1180921.0536378273
1246656.6238151339
875397.97460625169
894524.81433682481
810232.77182049281
683582.18008250394
817361.01790561771
798967.45243144187
804613.27479132835
832350.81933286681
804964.1033437046
835682.96413973649
865390.31823260349
943357.34069289675
978880.69960646913
992821.88638545258
1163490.7912008599
1212424.4236359959
1240407.617794648
1243942.1858028907
1312086.0135361757
1277208.4149235836
1173055.1405832798
1165421.9626157612
1128120.6189890648
1130573.3146632486
1116552.018839438
1165287.4498649673
868180.88732155843
903959.95868992549
868933.48297877866
781372.27310034959
809823.67600511864
778021.01926769398
785253.37262108107
798395.36356461723
780646.62657779304
821855.22802167933
881844.84212830896
1025723.4054350253
936385.05230226333
965436.31721537362
1186046.1855350898
1210272.1948107304
1231477.4110631929
1236095.7330706811
1254137.8214004959
1297240.5709929476
1128665.4862956193
1133599.2942321214
1103567.0153462873
1074309.9574435663
1044830.6624321934
1048272.4206728938
827119.50358769856
860013.74971423671
826342.38872647181
791485.64185592229
815446.55400942324
776012.82850157528
762159.18799226102
776497.91238198359
765010.91375267936
812631.34702865535
879828.02100328938
1068393.7436075809
932715.36236906331
1010552.4190021445
1211697.7117235642
1206285.966140701
1229002.9396660912
1235973.3932794984
1215954.9226483796
1275403.9128929195
1164525.2364661503
1155118.0917674208
1066665.4778733773
980712.73484386201
976884.52142348781
966732.31654538831
764381.49656088161
803264.6771597293
763685.37911952497
764525.46623237955
830192.23014729854
788004.87870621658
753977.63630131236
757439.9503280361
759500.25171870331
795188.90614814311
836355.21236642299
985331.1576162217
911533.65771817055
998027.24683796719
1133860.8378528492
1209465.1005098789
1230286.896913507
1233693.8111527404
1213312.4614826431
1233516.6874622819
1193236.2650100009
1236773.1402606363
1351520.316370483
912732.59463111439
899732.64512268
874926.83837978845
719302.93230171851
777467.75608156156
737321.13923055283
746000.09298363235
832088.40977509052
783151.29442817648
789783.50182158686
777571.7975959559
771828.98597639136
723309.15045473131
700961.41375410673
753287.53210665716
1256394.5046587673
1316509.4692606321
1348277.3665662394
1390092.021485927
1385856.9728789341
1360673.8433881267
1310695.8029508197
1250309.5113699147
1242755.1149088736
1169486.6333823144
943072.6716746802
951638.6216445415
981589.58590210229
1015211.6634026552
737686.01139760623
817783.0467907472
784262.23374723282
816514.52615476004
874590.70352241653
822222.99023088114
848525.4889816608
782532.17097078252
790744.20732124196
743946.51284695917
742287.23153127125
765036.82839297783
1167789.5497720698
1212075.0717735847
1430078.7967058937
1384546.4059891151
1396550.8358114667
1375190.6474993695
1326041.1876051286
1239412.3834688272
1167942.9346106234
1071502.704598017
1040546.2104788624
979711.24384726177
906030.96457825601
865787.72612732055
823455.10987516411
769660.86031592719
737595.4672894479
788376.55466640461
766914.49255540653
743900.01717476454
755396.58613436902
664282.97120674339
642079.11717748002
652397.99953135382
672530.41573751287
656250.64840433991
1148550.8391502455
1086880.1962551118
1270846.9204931632
1391155.5884786875
1423335.5403899313
1409245.8016918036
1350204.0266429924
1248856.8853059628
1135112.1172333437
1026947.2571856541
950926.28968253906
934929.70129506208
849702.90696758637
741467.88807207614
846985.4270481834
760777.59856012533
752817.41685239424
745930.31070442998
710684.51443423878
688118.05167602107
693131.094795421
576470.4688568369
548481.71351144358
580950.78663882834
616912.33769366983
607128.72781180311
1234985.2159037488
1152365.6605519846
1386745.546549204
1434619.532640917
1459822.6221492994
1442955.6251700474
1385730.92706823
1266369.082852145
1111503.5349945864
1001380.9143934159
922109.31244823558
949276.57155708235
838052.01142012305
731145.8859505381
739070.4376813909
739237.99103764945
788840.66677814035
668571.24805455073
633079.86377309635
628982.96295524982
617638.04937342706
534237.23276508239
503080.03423162224
526930.8681741748
572973.19965937093
576367.92536945501
1396130.8950723307
1344489.5842172236
1429241.8992141946
1375865.5912601019
1434581.0332718147
1441418.2754749281
1390751.6101855682
1265153.3646754913
1111710.3855765103
1020924.4282580104
952023.71552361932
956772.20561054279
857065.12229192432
781912.65062243829
632917.68859766028
660962.39102569292
673700.01330188161
601315.61271931126
578066.88790300838
595277.33313276258
548814.43449540797
524160.30751201406
508972.25485432404
500490.30059453129
536690.57336812094
559005.2746429285
1552293.8976048063
1412285.2336612262
1407179.3278812699
1455802.1778072875
1384695.5569733139
1407289.3009480804
1362205.9873575117
1262436.1485499181
1121381.4841319197
1041974.4379701543
998432.20446171111
965060.82699165493
884150.55775286583
811151.64161717589
559717.41476955509
570957.46765881509
577551.57977840269
563657.3711926511
578304.84647268383
571106.11063721729
541954.69799637538
532725.99698546913
512851.55328627524
507154.58876080299
539754.97168876103
570828.28986284568
1616830.4535914795
1418691.5006763181
1396343.3892974965
1351738.0770336417
1356403.4585599382
1372732.3829988155
1337712.3613120688
1253416.5303835855
1129249.9427221173
1070132.7747079444
1026062.2399946392
952121.38847288128
906520.16869372979
875552.18143722229
474783.97917099361
516160.6870606622
525932.36902997189
540652.16150524176
538236.30123480142
546312.76599237183
539252.99847963837
546840.87704984797
534144.34008283319
532795.31367602735
562332.25749812787
592886.98400310916
1674988.0015683186
1428483.7066784136
1398358.1004812641
1280623.3386734712
1355979.721496227
1343655.3402014517
1307235.9701485117
1230736.5359893541
1153242.7939955352
1081107.7278680091
1014606.3465385615
905426.56898342236
900915.42743201368
877892.34960879816
410339.07254836749
437319.62940944452
474584.99749341508
500725.95971617609
514335.28585434653
528181.57046276098
541238.53905931744
553987.22017265623
564608.24291913072
570774.61761844275
598426.67108359525
630763.99346779741
1395234.2394572073
1435145.4127610608
1257715.7624643149
1380688.3182768894
1336224.8601275536
1287906.3866511204
1206232.916267087
1146884.2010335561
1070078.9052396426
1006213.7718058012
861587.40214341017
861713.58517186472
803742.84949604783
379713.31378735119
393859.38379323122
463243.97610670381
490127.3431669632
501452.17005068489
518286.11656365055
536255.57855293935
553811.81585620483
570389.25396381482
590199.9001896457
620050.07035984728
658769.99636121385
1417714.3780418835
1474174.2201174626
1215151.928713857
1387916.2429885962
1302416.6743595861
1257866.9590947095
1188097.3504630588
1123478.9778433945
1056971.029248155
1003238.0265395148
826585.97093718871
365468.15864831139
380582.34530066658
476140.02983442449
479546.82587087457
483389.43611928093
498770.47448313283
516424.30256713729
542200.72823748249
572284.35414679162
606205.56581841945
640751.01819814951
693161.02575165452
1565769.5623645964
1192661.9172583378
1375134.0908110789
1253865.4642958576
1232272.4796758923
1186626.1856375553
1127373.1593707998
1049784.4096594038
996480.70688461384
376763.06178782386
379944.30964446545
454573.2383374229
455124.9784012012
463144.75786209898
476996.24534204771
499642.65909738524
528107.62987631955
562148.89204912866
601534.71612094063
647400.55724010023
698942.51783308212
1371111.3958756349
1170956.9425030525
1218092.1013812495
1220354.5186014357
1180203.1752972808
1127876.183298887
1044224.8090154396
982989.72928231081
370400.35064220522
356371.70581677166
402799.50961301581
424693.32831958804
451563.03094287327
473942.53129870835
499501.87973888684
523585.36504781409
543564.69651423499
570341.94038609858
615904.14240333322
660694.41851898155
1207843.5870753347
1259178.9369202275
1219251.023754271
1176140.3052073019
1120429.3299910042
1039330.6211235123
974894.67716160044
370858.57513616851
371944.31137724343
394622.15182394919
423526.93210260861
453772.14958998625
482618.95107939711
506174.10286672442
522344.38085695804
525498.62632632523
524027.28109538229
540440.75753219007
565769.52806641534
1213703.238473312
1383681.1066615321
1242489.0033126392
1138101.6915325818
1088399.0427673589
1047332.6925752172
983057.12112520717
331357.15626234893
346928.21526309376
378620.07378442818
403065.0578630048
431003.34705659194
455606.01251778385
472444.17289599089
472912.54600571172
453100.07536766713
443508.9407060658
449188.30546420551
1214391.1641237859
1120800.2038986494
1041748.3142295812
1029513.8542200768
981288.08526045585
265613.2297320675
276634.03261028806
319682.70757769153
333700.41808344575
357184.24261814769
378886.66619063838
397907.77635980543
402059.9287300682
386808.26616484002
365554.49940271012
354391.78990134236
1200940.7267010857
1123649.0993307189
997686.56458128546
995034.85920635913
971967.16551869363
285654.98515874916
303104.79627583845
318765.80916255247
333780.58120120392
349257.33790633938
356016.06572554453
349151.72344463051
323644.6660036362
302968.37628331606
993630.52219410089
956383.37791170378
955922.03797051928
956690.81086323247
289847.57587061374
306726.48945924622
310184.91965527571
314189.07051914645
315597.90590121207
311332.81922484492
298912.49620462261
280707.0590037033
794536.24069990113
936217.57700015325
940771.14618522697
285063.44597126317
288691.28400431725
285054.28793629445
280888.08838334942
279679.58111222414
280851.81938252872
273165.08457328833
767521.60139008262
1011410.0944621285
952896.11623069015
269645.77535759838
262857.48249714467
258372.42463018998
270259.25728463038
271765.27972229553
274715.72017906659
1601914.9842117392
1375776.1124383085
237020.02146699509
289862.36914449214
284522.72690998873
290297.81929988577
665177.14412407565
661539.12613457826
693519.29536939855
558815.34185497835
568208.72070584458
577876.1846158664
1313287.938232631
1342527.5709210208
1455014.0866941626
1331718.6392109641
1299728.8691033558
1302693.5377600591
1283373.6600577624
1198770.2167758546
1115244.0942055581
1069578.2332490121
1079607.5917712473
1156593.3030754267
1239265.6569575903
1278407.6077016126
1469066.7156903842
1442654.2949039568
1485471.62844367
1565612.9852112655
1730244.1658559646
1792607.2518782835
1643015.1707934423
1486269.223880871
1337849.3049933047
1193138.8654883453
1274888.3257662239
1487814.6485931287
1458340.1199844086
1386415.849025202
1390041.9708119207
1354810.1218353759
1299960.734790059
1164630.3180057041
1069966.0729021155
1076496.257192632
1078758.8563833258
1130311.3454838758
1194281.9473104109
1231579.588204602
1414054.2530244899
1455093.0585646417
1503461.5517723768
1566450.6904788918
1598335.5919215288
1576039.5928023027
1489887.0419035039
1338095.1480035512
1483117.6723994133
1495659.4711591518
1345459.7377915911
1328861.5312006017
1169339.2908226843
1278951.0090237027
1355624.6938778746
1336065.6620632496
1344799.5665565527
1377664.4044404768
1528599.0447772222
1352788.7541876705
1348752.0604079384
1371392.2322239392
1377192.8516781002
1367065.5028966661
1610685.9079574868
1656526.8535128578
1696728.1770400552
1743896.701806264
1801364.0284647732
1836942.6336546498
1817401.7232476969
1811673.2572445234
1846951.8698167792
1604559.4043357263
1533396.9979379976
1465168.672305306
1206238.7930535669
1252904.0009249467
1302273.7949248392
1304957.9699142464
1302891.8991966427
1314432.4239891998
1781756.3915589845
1265400.2214103073
1307830.1117150642
1357701.8752920472
1370262.0584486108
1374832.1871073151
1610164.4693889702
1655877.0452666339
1692743.0738305033
1737033.040532324
1761090.4236682435
1795717.9809667405
1778416.69520802
1734440.1065544628
1844937.7588835629
1807103.8309901808
1746653.1915577834
1599085.4450499997
1244177.8779905466
1253540.1204441739
1275090.4467290395
1306044.568176561
1301776.9341837645
1263745.1902902522
1967089.9333861188
1297976.5410095551
1328179.1688582671
1384414.1236124288
1400358.5146939843
1408041.4679620313
1613541.9624040164
1660305.4465896015
1706002.6400583121
1740677.6226407846
1770892.2105655982
1821378.9054536994
1835226.7925933574
1796702.6594787061
1859627.4637148776
1782376.6622914956
1895289.8414791026
1694431.8607523902
1244982.4787074465
1251937.0344184795
1267359.1047808544
1305092.6751186573
1316220.7114171516
1375914.4442160411
1594973.6627277473
1401370.6043719649
1384038.2394913482
1418944.0354248912
1433338.7833439577
1451938.8397623019
1630315.3068066549
1661044.4446617046
1708181.5193465538
1744389.9974734564
1781898.7726900843
1850968.8416529142
1938094.2637853869
2012302.0170111808
1614264.3657909401
1634501.6832165087
1965458.0823985923
1764763.8232551601
1234294.7592106219
1240977.6251558128
1264561.7962449607
1286735.6365565092
1308995.0020848988
1862886.1299968953
1371605.6453267415
1407053.3493091841
1406578.5256409876
1428037.0006745679
1446969.2870767522
1480142.8002656761
1632202.416546796
1688982.7229314956
1732332.8947326534
1768448.7796380466
1807301.1330990209
1871506.8728797971
2006552.692232366
2268788.7899240819
1312965.9833992806
1395536.4827327896
1933054.3131901389
1792847.90382724
1188300.1902879889
1217700.4282112531
1236852.4398435585
1229101.498679141
1190077.6161425353
2071980.6214489988
1355256.2598016709
1396729.9204046924
1417561.5255440162
1435258.1324318552
1463856.9367616889
1501809.8553228339
1611942.606131603
1674414.7900115289
1734371.6802544338
1772368.5052442895
1807388.3605659991
1854253.2603032384
1964754.7720113769
2260136.0483330884
1161434.4251682367
1279050.9219089723
1785399.936900002
1714413.0319307607
1178965.8277968259
1200252.9817376775
1221694.7796253511
1216337.22788462
1198300.7327049426
2070860.1638926475
1518213.7476533949
1452480.9054144889
1441954.8944285884
1452557.6499877891
1486410.4934173531
1528148.0914337602
1633579.5457253382
1665049.0406499293
1706285.4417072635
1746099.0908498529
1766775.1387626922
1807213.4454244955
1881172.2424685932
2034852.8796689219
1194975.2536426731
1298952.8617110855
1629025.0062524206
1537349.2543878262
1199730.2129515272
1210609.4662422985
1218531.4546383019
1211948.7219811317
1217359.237741678
1847268.0234882585
1522857.0056122884
1474243.0345651042
1467226.7819912524
1475986.4873022342
1496821.2348847059
1508805.5911667533
1647552.0350246753
1646808.3665622866
1690910.3111740088
1713941.1955031357
1714701.347663892
1747813.4201312212
1789741.9392911342
1826272.5515732744
1286879.5692159331
1360909.3791406378
1651730.2525811915
1475642.6924639565
1267942.0202278201
1236854.6227043606
1230973.8483718033
1215133.1178645073
1059118.2211713593
1807119.5350764075
1435261.9023230807
1456158.8167021975
1475113.6069307826
1491450.6945850169
1517140.3759501919
1558016.38699954
1604081.2825311413
1576141.7342311353
1570100.5644548067
1575822.8072030495
1609631.9739020462
1644304.5622589155
1659555.3669620096
1636838.0751348471
1342824.9305111843
1358931.8685242508
1565005.3107441359
946193.23509898281
1202795.9798139087
1213314.3572010328
1249898.8706886515
1321470.5757191314
986419.39974848647
1862623.3144014194
1682603.019823441
1615590.7938162973
1576033.8949235205
1548162.0271274124
1554684.1311183439
1632557.6227505782
1573013.0917976904
1544933.1932096472
1501789.4892657418
1479014.5742372128
1508266.9434702939
1542516.6239724329
1548386.8522248184
1498504.5393536387
1348118.2886762789
1310007.6543460677
1329043.7357914948
785833.06350200693
1118024.4431099452
1213527.230781164
1268977.1054186558
1300985.1647827604
1153102.1411327031
1729749.9741415018
1681447.0478309274
1668001.9295717462
1630216.8186467865
1596298.7694253749
1599193.7628839791
1636902.3577209977
1540750.238575825
1521803.0507123878
1475995.5382017416
1413079.1824864682
1418670.5278737282
1468242.4855781428
1493195.961994373
1464383.6676640743
1319499.4711829831
1259853.7806853522
1053850.8153355129
1033320.4883072813
1060214.2854961178
1124335.3508964465
1151685.478217276
1141529.2579541299
1203976.8771838881
1725480.6016073553
1663769.4785410133
1663996.9676708085
1647034.4144933401
1622100.6459787749
1629836.777082734
1668155.5405701112
1491405.9479330669
1492784.7924447658
1486119.1197725774
1316177.0725584798
1314874.7534635172
1417986.5406077108
1479749.2415308487
1474721.2850709644
1221028.0913580977
1168928.6063339205
1060075.4504750806
1068894.3481605367
1094960.4665386758
1106312.9056951355
1147500.9403153409
1160006.3043641092
1173230.6580670394
1526404.5901381299
1605342.3383593662
1639773.9311449316
1612942.0255011006
1610281.8895157585
1639349.0176938542
1721676.9230075248
1435904.1659886672
1439832.2383848815
1450228.9739903992
1149714.256279991
1108606.5809307182
1473541.6690770704
1502931.2512479469
1510520.0387382307
1125496.1561229362
1071403.7835085269
1169316.7311693486
1134336.4292246134
1139577.8455261765
1108923.9457428851
1199132.3186643745
1244813.4210349249
1258548.8788528452
1375983.8114736555
1517126.7509973487
1619179.4579584056
1612251.2226202888
1592783.3374879004
1580855.2044829733
1829610.7034544551
1400443.9027027241
1375577.7945040036
1322176.3409784536
1118525.5041117829
1058485.0493947996
1580107.5154399043
1535831.353112845
1520619.2938578688
1063545.2081752566
1026793.1088127953
1195201.8621344445
1180329.9721598418
1163531.8518737198
1072931.8394578227
1362189.0535859652
1319419.6336469196
1274794.2847445302
1273582.800788183
1371195.2250891118
1510467.9894183301
1568911.6553028782
1582473.3619438636
1626959.7812447781
1849634.7527540328
1346670.6535419198
1310669.6220367318
1187151.227264215
1150493.7848791573
1092354.2513171241
1573825.3187007443
1555277.1030841605
1527010.8931925134
1043188.1180058927
1026660.7630131784
1247533.0657112405
1258960.8336758788
1321433.3498551801
1425307.6632526517
1607412.5892696495
1365428.1597531326
1243393.9388509889
1189924.3365243778
1214593.5303978212
1339685.608523306
1471552.5408832254
1565339.9992380461
1709788.8968238207
1799122.6269238996
1296856.8359568454
1266447.3870589442
1081990.1388035677
1029304.5058254271
947168.06300663762
1520412.0618947556
1552091.9247352043
1498605.7785483561
1064199.7310526974
1055757.7273396761
1321106.6596542052
1348674.5772718466
1431445.3476511966
1536695.6703497053
1588436.8671599415
1383963.9585384906
1307866.7546423287
1224735.9001798513
1165455.7457832024
1276782.0453037797
1483478.4071963464
1640132.6375579732
1719418.9048880674
1767208.5629022722
1276599.7044463281
1278146.3485039072
997890.79172006843
904561.34630539129
804384.76248109166
786136.86928689794
1504591.3154424466
1426141.2072446488
1136826.7256197389
1114330.8432987249
1390337.8620228444
1385292.5479765066
1479527.5287956626
1493044.5915244611
1967594.6394896817
1371905.5804651408
1358902.3464693849
1259437.3787198698
1127112.2346257742
1224820.2959369598
1482346.7713578301
1690144.322334856
1746720.5996892462
1769802.2597679552
1299095.7552053223
1363943.2960103345
973318.58632505022
835454.97795358603
700607.39414697315
642468.80958346103
1459817.5681242356
1394622.519542448
1235418.0404903139
1199682.84568398
1413402.3112231523
1416248.9435321686
1572697.9306407818
1562738.9698985759
2377083.0608319421
1283496.6963606963
1376488.3008438875
1298188.1194210134
1122780.3224106801
1146391.1213170099
1380495.9511060086
1654279.9148179221
1765495.8275482999
1751710.8910780812
1282679.6766788454
1225247.3209720207
865641.76564653858
722523.85940353153
627942.81068509119
632781.10385104257
1489170.277852111
1442350.1703313221
1316443.5584119621
1272075.6063950029
1427846.4650808994
1431908.0328182043
1644787.2617382025
1618213.7041520963
2341511.8739362676
1367816.2978467313
1421921.8677001251
1377439.3085388662
1243355.0970192277
1201425.0275284518
1353514.0574931232
1612518.2697123901
1745097.1940922267
1730445.0574897772
1281042.6426112263
1214626.4133768205
1030063.4682999558
835088.64683571702
752504.06694687111
782961.55754752865
1559378.1969064618
1522990.003108979
1382155.2230110832
1363691.2090769438
1456990.8712915785
1465473.6450875334
1693428.580173397
1624052.8864096734
2210519.8519753856
1377003.2288779549
1383037.3851483308
1328601.5196975151
1240857.1968029584
1256724.2363467878
1432685.0555917588
1629834.1036301337
1699865.7213632753
1718067.6615407476
1268770.8767493642
1244669.9974362075
1190832.7431355587
1101194.1561430371
1042277.2922348034
1038007.6446341993
1587295.7401442644
1558989.0379021803
1415099.9488590239
1425450.6791839448
1460134.3200775026
1494605.0944735163
1679696.3281221178
1743497.3484728797
1988834.2838247244
1393565.1246025087
1346797.84620592
1229520.5721688536
1099550.0416023924
1134904.7903473363
1400476.2544730685
1627340.5037588461
1681322.7254864082
1718813.2384294944
1250523.7850681744
1237981.9403594148
1213950.4436384058
1200650.8262001392
1206310.7677569205
1221635.471463932
1560181.2237006715
1520062.7566907839
1405482.6119834927
1437350.0662870738
1492890.0814771738
1543650.9939124337
1636011.5334155527
1780676.4874686345
1878158.7764461886
1449199.2212178917
1422046.8550453323
1311635.124775904
1141215.8737979056
1085029.3446716794
1319643.0802411521
1596056.6966534783
1692985.0759245367
1745759.1465890887
1254334.7526105645
1247645.048553729
1212673.6422532056
1208688.4758132016
1195832.3592218694
1363302.5673293606
1574151.7174413833
1477965.9025602371
1372396.0646105339
1378668.0469761449
1595231.6511503698
1680327.5977960159
1477834.0183159621
1783199.5681347062
1806638.4716432705
1524802.5519204701
1552520.8428560719
1534453.4799843784
1451681.1870080768
1387797.7195534934
1501198.469884028
1653176.6141459034
1707850.8016339787
1771321.7947226325
1275139.231207845
1279324.0816507007
1303484.3689230313
1418214.2430219068
1508738.4376131922
1656456.2784488027
1614924.8727552274
1493742.6190256805
1297298.7509054467
1293577.0634232552
1622583.1640794419
1618131.3063681005
1381988.6640152384
1706978.9538472774
1695829.8716779572
1584860.5005071361
1609267.2333091083
1670227.8340491476
1698165.371966904
1683416.1997571164
1755416.1416502085
1776276.961943706
1726318.7780634072
1782386.5751605164
1278768.184569024
1285282.5079099413
1317812.5773993533
1371468.7992905627
1363327.278271737
1325821.4925459591
1479876.2345774255
1510312.4871348978
1179247.272546848
1169624.3594245755
1512994.5834779022
1499990.5012838561
1461462.2023076592
1546479.7046897514
1596070.7546021838
1606693.6780419243
1600893.9509510172
1661834.1150655765
1700258.0118698825
1706182.0512222685
1763650.1998395945
1837986.427850574
1768601.0074136541
1800517.0377525382
1274271.0079580059
1286940.082549664
1303941.4878541927
1348511.7062285219
1303908.3538994133
1358817.6557273089
1478729.2980249897
1537063.5509757528
1115056.4814849854
1119074.6148550748
1399504.230536544
1405448.5578642844
1466670.0560193341
1474862.076579022
1495070.2756077095
1517849.2009920911
1561350.3311168689
1614798.0063468823
1659832.6309681945
1673727.7742696758
1677236.157510615
1789077.1926687874
1805220.4948152292
1824992.614363357
1267408.2510323736
1300969.8181290177
1344441.4806660048
1305030.6075502378
1219829.5665680398
1273165.0126287509
1426946.0226065239
1526146.5865539906
1117878.6317410464
1142517.8687424874
1315268.310739879
1332788.8752096742
1453211.2384668989
1412679.8976572461
1447136.7821747547
1469259.1470232063
1515478.8734274704
1568594.2562548683
1631978.5222817697
1661847.1297425274
1702211.6272622917
1775066.7175716795
1810051.7040071574
1847591.8832557891
1246385.1409681579
1264379.0801021627
1244274.294423766
1147512.9074772673
1135016.7152984277
1107181.316347287
1447288.0553305417
1444687.1938596633
1188091.2757201493
1198117.6310294014
1296575.4978241036
1325109.2880347322
1310544.4249478125
1425889.7296605522
1418271.477506781
1429390.5506718757
1468610.4113068837
1539590.6418705552
1635912.9275783682
1633723.5157914846
1660638.0967844033
1728247.7801072623
1790305.1147480875
1835601.826009013
1208972.9148374954
1219523.6225976699
1210222.7970649854
1175764.8673334559
1159067.2337338417
1150052.8735677053
1465975.5671103811
1326980.2541256102
1311792.4905300369
1311854.8695393235
1245034.2882145196
1292491.4678395055
1072144.5851545075
1218424.4108804218
1325438.1104656116
1360131.0292762127
1414998.918756373
1475531.4542125533
1650114.7598205055
1691533.1601011483
1651289.9053751945
1703502.2435174626
1772269.9224020599
1821105.8892909945
1170268.9617769816
1180579.8574474824
1189343.2584909031
1192441.4707261021
1204799.3865149785
1213883.7956421229
1356095.7349758444
1264613.4677435546
1445220.588547948
1434229.4852243837
1198185.2449295092
1265809.5892032692
803685.51979312499
1505550.8890521063
1261147.776116214
1296863.7535736002
1339523.8786239771
1394255.4481071867
1658306.1242963532
1812381.9317121566
1629592.6882426704
1668555.0130931542
1732964.7202643068
1803391.3658766754
1138615.9688137646
1157652.4024106574
1179018.2654631617
1198078.6159989808
1218585.2279224037
1225658.6672603446
1332204.0180801761
1277211.0300439731
1487271.5949207533
1528954.47007516
1176042.9604179296
1148935.5573449808
783125.75158756657
1627683.4129868248
1167793.5866734961
1352644.6525441392
1260690.0013159993
1260358.2841082001
1413693.7885619134
1847779.2363852223
1603313.3899929731
1613197.9832805975
1650873.4075109141
1709913.8116829186
1100387.6035447353
1130947.0685414097
1154447.824512921
1179256.384034859
1203660.0773388869
1226897.4290457938
1305729.2212169389
1277432.3117169868
1447397.2790547416
1582897.515066203
1203737.891284232
1208658.3464847964
1041288.4483487763
1507959.2774966406
1306105.7024743077
1322733.9544479544
1341658.3620915746
1227483.6504767239
1284200.2762219247
1633975.4627789636
1582662.1896076151
1595807.2464629654
1593263.6073553013
1621418.4272161417
1109817.4117955524
1115773.7446264103
1127263.1428159277
1151493.7927920891
1173244.83155634
1199108.6929816469
1239083.8741686887
1202658.7473746268
1448571.793568803
1606773.1704930123
1248509.0998924871
1247548.668665129
1246713.6100682933
1361676.4060888581
1336493.3613372101
1426914.2751096499
1502739.515438288
1340814.9730943299
1326304.1418633037
1489962.4253189329
1593259.6978516043
1630626.5153892052
1575893.9130400743
1556870.5855391121
1114088.8250595343
1085519.1190852798
1071568.7934694611
1094685.2010366709
1119479.0941837823
1150604.7091914676
1172995.1158740355
1122145.709257178
1481609.8931915653
1660736.5086411184
1292108.1990598503
1258404.1294937413
1373624.9124966855
1391998.6060727774
1381075.9799989711
1479975.9061597423
1627365.864276415
1437767.1992707581
1322018.1306911658
1349474.206820705
1468693.4031297637
1780698.2756216575
1531583.5472607792
1512637.5072331366
1100500.1821099159
1049722.4602115115
1025246.3947719503
1028078.3983094816
1045945.3921420063
1084823.3069877985
1134494.3809054613
1090141.5284592116
1531465.0126177296
1770460.8212418039
1310001.1370742121
1248144.3966214634
1451405.2693255881
1515259.921928372
1517160.718746782
1536344.1165197864
1633343.5076659236
1586300.6161676834
1442950.7061301677
1304522.9443474659
1350710.4374404154
1630252.8288325341
1518656.6861320829
1532073.0588661493
1035508.0914852287
1003807.6635126866
976514.77574972122
968068.88971207349
975602.0588708272
997817.91229831369
1086338.957871716
1080043.2622987072
1606097.4767111044
1924902.6878823263
1337866.3474652513
1248962.6322662863
1448370.5997819344
1726289.1856804835
1641526.4425807188
1619703.7638145892
1624221.2160608184
1606117.7396460909
1584221.2889889297
1408860.7840615988
1362857.0047622775
1426600.2387827188
1610342.8754381053
1615324.8228792739
979640.80301280075
974482.76632051531
887493.23250081262
854759.52548719675
881606.91149847861
900554.4136797653
1000221.7311857578
1017867.5895720472
1842462.4025053475
2122782.5380948056
1371708.8746083083
1255476.8860794008
1472144.3336533203
1712717.5997772908
1614559.9060684573
1651692.561756761
1627422.6195175848
1593882.2449203015
1640825.6168427765
1466021.2162581524
1347533.9239397065
1344686.2982666416
1678036.7791310786
1639152.3766086409
934088.68242185493
901194.57438054157
798741.87175335956
758830.25423074781
795309.60029583902
822346.32968511328
888376.13943658641
870079.27658167924
1932409.420424764
2318598.6753667523
1000689.6066094676
1366471.3544203995
1282288.9569912034
1595159.2625314
1638584.515181385
1593691.6788147613
1596293.6603060162
1603737.679175653
1501104.9172070662
1532912.6102189783
1587123.3341542652
1431862.9428348909
1230412.2663405102
1421761.2963266855
1534519.7276090556
913858.27677666128
843322.44944608107
779226.50572375499
726172.53624829801
747549.87195778883
772892.18109788175
863959.30385232798
794745.66730299452
1813629.737675433
1985067.7715922124
885862.77833703521
1409650.9229199409
1326360.9364552004
1626762.4554309994
1589575.8821447499
1570644.0039693986
1574282.480472673
1629563.5689718495
1580441.4878439188
1556078.4427760877
1651710.3158072133
1655254.4281312048
1408276.0885580659
1490017.7174722578
1441292.1549113928
838116.56926414405
783840.01434258011
736503.87036861107
690904.9430571259
702023.24024014373
730270.4503910325
868879.19441972917
746389.25323914376
1640962.24640912
1693522.7416064143
1032498.8012177871
1587546.8825025994
1522930.0653798522
1384506.4041633003
1648796.3954084197
1600126.7505208934
1587922.9447759581
1598634.7366603713
1683346.328218312
1757439.7633014775
1703249.9153735004
1666453.5235545852
1745174.556947063
1564268.9774755405
1496327.2452671281
1394064.5015786011
719380.79575198598
707794.17764281272
691487.03203888214
702087.06009867741
658723.72359205794
700852.01704575482
799072.49782692397
725621.74390115112
1453590.9319139912
1322833.8428754308
1347687.8782445651
1452640.1651040295
1626553.2271415652
1647011.6316025713
1377447.9751204473
1702277.0804124377
1611591.6840481758
1552343.1708257135
1586745.6384290077
1751444.1917833334
1795392.4297896484
1776529.0208874177
1687575.1495914438
1644341.5533102464
1605996.2950137376
1537644.0757325934
1450339.9771337458
643137.73163242661
646875.90783437085
671101.17894632276
695281.32187958097
610003.28574268997
659724.02018312726
703774.50933201076
701445.66871316929
1304770.9789750299
964521.89396331389
1505453.9542578969
1573430.9700833885
1680794.1934257443
1710339.229343097
1742005.840951181
1503629.0680371206
1850838.8913152239
1633833.7488530902
1495223.8501796785
1568070.8566616159
1753418.9313019835
1787874.0894355306
1761619.3155217664
1682082.8099493207
1640494.6434618144
1611827.4202741256
1569529.2258829724
1460320.1547944066
570697.35975713015
594149.97460508673
624733.65069570846
644107.84203539044
592093.69819324813
638307.83339131053
676153.76394370536
654115.53991983098
1105715.4554198137
800022.14598086372
1466392.579160027
1575914.5224939531
1635965.1569516426
1682852.5129134161
1846016.2286165233
1565887.7265645731
1973255.4689905646
1615797.7124304292
1503078.0107713183
1490847.4911238563
1688726.0257123651
1783034.0851701971
1737703.1209440797
1688059.5107885923
1631934.2589373838
1608312.5181349479
1584372.9354266115
1458473.6376260077
493686.35874854459
545752.63971329981
577098.66558099876
605718.87131326308
580538.32148103055
623438.11802414677
666660.16405817587
632185.31172900484
1114077.505521548
1024584.4775281107
1382248.4129471625
1482876.2412493865
1501965.2856969822
1543125.7847869135
1522913.7117346157
1867673.8830134736
1637985.585425403
2056025.4408806758
1593695.2474929662
1508492.0089351756
1481659.5503167768
1608460.0386031312
1754300.9716623712
1735492.4076052026
1699103.8128730005
1655553.3102360365
1665866.1158946294
1700148.2896991244
1604542.2142176898
454370.78100909153
520291.15331841615
555002.60218513664
584104.99572354741
632194.80410213175
601487.49219304172
645949.72227367084
687737.5023740608
1162079.8119895174
1158325.0231238578
1230616.0457482145
1351157.8598267927
1401860.5867022895
1443649.1411276949
1486858.0930859623
1743247.1183859035
1591438.7217677815
1862882.8191066158
1623472.6067141318
1539702.6794358564
1516839.7351376517
1490381.3216930074
1683241.0908152678
1717512.2449609586
1691776.1636109203
1653721.4118415217
1655437.9365535402
1700634.3796590655
1706343.9962247147
518231.82478031982
547605.31219242327
568964.52433940652
610079.32579734316
645681.49885272002
602696.46670863638
649149.24492238276
730026.35663028504
1167557.4665999403
1247336.7944161899
1155579.5275007356
1267032.4764210244
1330149.22835358
1344007.8185894433
1392049.8983459915
1524598.7237921348
1557520.9599525223
1438792.5518124977
1718950.3309029911
1651768.2216539176
1561991.9835262075
1516058.2075557923
1426697.438861758
1632463.7648177547
1707243.7160783436
1673339.4542877802
1547827.9515450031
1514428.1454471475
1607234.2694903521
1626382.2546686523
579947.34645247785
581114.04805005493
579381.25551890198
619832.45236979495
650886.75912407821
674735.08065051062
653470.45435944479
679949.17791483959
1111382.8559594739
1210891.4936252374
1160400.1290949597
1252328.8197671149
1310936.7856067887
1322589.0546564572
1354778.6710125664
1535172.9834312405
1602283.0894579347
1425809.8868064347
1308226.5223615498
1613447.2842922078
1682559.3599293244
1577868.1627376555
1506444.8137679123
1453456.0681506759
1573987.6814449932
1688881.6514003163
1662033.0805494627
1468414.1430870162
1383378.6141780491
1496269.5710522442
1565376.910087968
685445.00002695061
640694.52781582426
614150.40769017546
633454.37877244537
679252.9025199234
697141.04809072718
636428.29630044696
657050.01222224324
1013666.9264257749
1089618.8554226693
1214286.592579748
1250261.4506397662
1292976.3194910313
1312384.6998191702
1337269.4695918066
1483340.6987189641
1518891.9227975209
1416966.264080273
1350573.3477478949
1268596.7779056514
1558505.9916703606
1685775.6298568577
1590014.0573035476
1512056.2932197407
1504364.6085006956
1511077.2072939074
1648863.9759831366
1681404.7276618893
1511334.8506279709
1388004.4258215977
1464606.7120595395
1499275.628498774
713247.29047345358
681665.34422991087
665381.3708214116
660542.87131939887
684148.65973056632
709358.81499627628
650420.2887961216
658162.36313045979
909923.8458308659
951091.95174371859
1270310.9865435972
1244141.0998112522
1289962.3827800006
1308342.6628709498
1329589.2732957872
1389488.9484082675
1403758.6114266771
1366149.7763320024
1258281.5383653168
1359287.6704152308
1285519.8920926515
1529433.2635768047
1600800.6232662094
1594607.4924799963
1536653.1751609026
1511553.715398059
1465387.5596341905
1617360.7060389009
1685752.6263082405
1610998.5954987374
1527020.6456983951
1541848.1427585462
1496862.9299112074
731230.49683603283
716062.04454630555
698590.22978132137
704178.98840137746
703655.0642424071
709363.68875090301
671493.62902701064
664105.04364202905
868313.01842209208
854813.42257023382
1390558.6739944348
1314426.5086320979
1313163.2916411075
1313412.1222060786
1296967.8506488467
1332895.862904168
1299973.1148998176
1307319.7040049646
1339893.0315804579
1484801.5093232708
1458801.1286639143
1640786.9628149928
1580574.2930226347
1626312.0443401702
1564036.0699476984
1521373.4058150228
1494082.2599273073
1592525.3633017112
1680085.566480513
1677259.1412591084
1659919.4002971931
1596890.5723864818
1503158.8941463993
747884.6721260167
728340.92565913231
727226.32986392546
749276.80864149833
737180.79643729806
712772.51900978794
718516.53618179157
705143.3871886956
840548.21887307882
794649.06642906216
1449790.4645395696
1355277.592299944
1298251.4049296298
1278120.5651034515
1416534.9238005392
1371992.1273676369
1265190.9470230679
1294708.8654604661
1302644.2053173471
1132075.2531455869
1574624.0356893074
1635527.6426569826
1821654.5417568977
1688355.3821691775
1633971.6665253444
1581450.8015735452
1534858.9026668661
1546523.0508794393
1542624.1510478014
1637390.6807104312
1667698.3653550933
1713668.6974503396
1608243.9372018166
1581170.9235067489
792454.63341420912
757268.06244761823
779281.42137693975
786617.43871882942
764386.01097026339
728036.57409092109
780359.93422849861
775080.00282644294
797104.13472427893
754284.85072358965
1353667.0001208349
1305918.5623594909
1290437.0667624949
1494211.6820844079
1414441.9516071321
1332471.6853747331
1271118.0679692451
1301430.5672438103
1324613.0675743483
1187193.0883541962
978598.35347020591
1502347.7647437621
1648396.0680704096
1844411.3862929814
1750685.2394171893
1630655.2682394856
1574858.4228485173
1523873.7397097116
1523941.8301585461
1469780.91239895
1619423.6137011095
1744159.2632587587
1886332.3964207948
1661824.4428540235
1573683.3569415782
795470.37950417073
767530.42936883366
827259.39014839043
841701.22792809783
817905.7429829184
774507.31205615203
837324.97175632848
832282.07163635525
797600.13535565406
743327.1426282191
1216376.8966448389
1274684.479047341
1465159.5076172643
1441909.9739654064
1380561.3061035946
1330332.7113853807
1277632.96370603
1259622.3827513794
1307672.6614595277
1173059.029925959
1113988.7476717485
1098376.8826508299
1272504.9067626304
1439640.171520507
1661402.4498539839
1610253.6710242073
1643563.8057794387
1555115.8525418178
1507838.5868675804
1497448.8250097497
1467798.9426389686
1542718.2986869006
1932478.6407756205
1939612.9036744491
1551090.0259561003
1563865.8756975038
795972.72282342485
771227.70634978125
867329.88762239635
920178.98885867011
906985.75650802965
859869.57730071852
906822.89809124882
901343.93166902044
881180.28469491913
818754.99019005778
1022460.3013236907
1052364.8940934043
1150953.5425269017
1267509.2036996963
1296868.0074701183
1267034.2363083486
1232012.8211709131
1223394.2955038853
1245839.5724013816
1126092.1099791089
1118191.7513419099
1136532.8703498559
1116517.317096597
1209310.5930265535
1443003.3529111706
1441880.4127589853
1527616.8475754589
1512284.6189441297
1500867.0183481416
1511839.5196917118
1509397.7348087048
1505805.703761711
2006103.46959823
2053455.0961402021
1809324.5652844049
1695363.3148387191
829739.06482236204
823831.72215315071
916205.28990801075
997940.26390449004
992592.05647919339
954422.84987797914
984865.13487944694
984809.95549286704
980442.47300340165
955213.10315876699
893738.56623046042
960899.56606310757
1069981.4715079993
1142706.2186501373
1151389.6182613077
1149326.5706047565
1159935.2336776289
1173254.1549015203
1182829.6611172459
1146831.2349730269
1142319.5874441557
1177686.1031169051
1095053.7005299125
1141316.533343982
1334311.1573279523
1377111.428411471
1465762.6972759718
1524201.1802029849
1517005.2161057359
1531082.7812132027
1507207.9844653837
1468762.8851819986
1979586.9948143463
2058732.6821633975
2001993.684172017
1862925.5069187048
949228.2193138724
934040.48222989088
1001165.0366013937
1082631.1424814828
1096815.0901669827
1105587.1385796489
1076661.687569621
1095369.8877438726
1049290.5597719296
1107341.6671815848
859804.84054381377
937107.62528023263
1030829.3646319752
1069223.6963561364
1078073.3489108314
1090992.1802651321
940848.43279134401
997068.35106284975
1094214.1110145687
1144385.7480978416
1060189.9851433206
1137912.7498336439
1075594.5759176509
1120747.5139935995
1300660.3441315836
1361530.9858875715
1443405.4039280284
1528234.9550874075
1525131.3915709849
1529692.7440128359
1503865.6059019349
1437470.8328169507
1916439.6258472428
1886672.1915252451
1884788.5328133483
1810165.7370464099
1074851.2316780994
1035189.589600009
1070296.6017022785
1136895.0693237181
1162718.4433703185
1175765.9486584975
1137904.6027117749
1203164.0665574868
1153462.3870050861
1245851.3600678586
835448.98963473109
918438.38250469952
1059343.2551977774
1188885.5298077946
1137930.4144296432
1109293.1556055362
1001062.7286978016
997554.22675495001
1047814.1291049215
1072985.0349980323
1050432.1473647349
1159651.3138924961
1040838.09121233
1098546.5839223594
1259823.2793726709
1333935.871102165
1406013.454322109
1526430.408838083
1515033.2820156796
1503305.9357432744
1491015.315366403
1436325.0754864141
1437260.6942949339
1643425.5421794415
1577789.5226395733
1587030.8008730842
1121054.829742735
1166306.0359285919
1176876.2900125198
1176443.9527741643
1191672.0445279831
1258484.2396401854
1232661.1070911081
1346964.2760789774
883334.89102257136
1035103.1628888169
1078145.2372241879
1129365.3441409988
1154639.8916846206
1123938.6974117984
1068841.8393446887
1044959.5241217954
1049426.6486171749
1049852.4852681144
1053667.1276779952
1169640.1393751947
1026649.3117898405
1076102.2685209629
1227710.6264810767
1287538.320537315
1346707.6809188845
1466591.3414036126
1483787.0332260872
1470295.5317289792
1456280.5108109694
1417124.5935672414
1378023.3346912954
1409573.3280735582
1362075.8113606477
1413811.1320828209
826699.61964634352
884178.58706450218
1002247.9974985558
976466.9520347818
1013212.940806661
1035247.4537323051
1001871.4831715312
974934.44522802404
966298.90840252908
998126.90259160567
1006464.0338829544
1039270.3185867205
1023568.2869821888
1058166.2332703501
1234965.0008433312
1270288.2251346023
1328982.5984814949
1443735.6837574376
1493051.8174344837
1443195.8373706609
1414110.9812347691
1380047.8878983699
1331492.3443377283
1338451.2173749937
1321511.203992171
1355048.462439612
764475.11078613892
819318.51068132883
889204.04626549489
932752.45453010581
932395.99985063833
948467.31635562691
955858.93246083485
936727.50708067627
884209.73374458787
898710.46492800966
902344.98916781216
939589.17306252744
994029.07751483785
1042848.4334911837
1239531.7675545176
1256361.3297449579
1301039.6073679477
1394553.7164361689
1475852.031697829
1396468.3670162857
1368079.1107556773
1334233.0967092088
1278994.602386544
1295583.4908677167
1288263.9297059532
1327758.0078675579
806339.1472243655
863499.31895607477
888277.69899370056
838114.89494938287
930824.30144622747
922191.17284743034
910312.47636577871
902932.50509765965
858694.41172039753
859008.79171134427
869100.7961170749
894982.85356560233
987206.02171722089
1033506.6228167585
1233700.0048692334
1247767.1073953242
1281057.3646045572
1327619.644621152
1421201.0086787206
1313917.393253712
1308284.0521515226
1289041.2263216365
1233602.2235014143
1263161.4959346519
1255216.7665285536
1356188.4024676553
807703.38140446274
875006.02666712413
870635.59996409446
770381.23595288687
913159.2892009872
923740.96434831759
891331.17888629914
852244.69326388987
846455.42649513239
855978.57237237075
854788.85051542812
879139.89025833074
992982.74746447813
1019359.8410396189
1202352.9755840087
1232793.4313109315
1267352.642641925
1286960.2990241381
1369592.011204316
1279261.4705138325
1253077.4414329664
1232092.8521025502
1179659.7619199923
1243515.7300729658
1237564.1973755043
1345542.2271644422
863692.93185387261
875675.40777618927
798943.44399631582
682085.74825007073
861153.23748860322
864281.83237215958
856492.82626891264
853036.82571881998
830373.97397170239
849611.38128774089
853535.51333869831
897319.52981828561
1011601.1284226577
1024564.4098682743
1185703.6995596599
1224459.2746277929
1252730.8887499364
1260864.4908977686
1339513.3539898293
1256498.582439488
1211029.6866811137
1188027.3326955372
1138193.2684700352
1185927.7398395273
1181043.2881628496
1247936.0741706719
876342.61244620488
895572.85156387067
810588.53329722735
683865.09167112526
831156.75490586844
812464.10494451504
818219.01036682748
835217.17137272842
807262.10106694326
837375.36538427812
867352.53210228693
945615.55909390119
985304.8305038492
998843.27344276372
1166621.8791384844
1214930.3826537898
1242592.333594383
1245273.0178561562
1311817.5486320066
1279361.3781045913
1178661.245167444
1171860.6337945799
1135031.5891844488
1130080.0383370195
1115941.91419227
1165105.7371912878
868999.44017078902
905201.64594133908
869247.50242080342
781199.41625966737
821636.91852560267
788577.58083686547
794283.27922394907
804180.52646830131
784394.17563897197
823808.00656055799
883994.65539755137
1028668.4693302636
942914.14134084003
973682.35622994707
1186569.94987144
1211489.6140092763
1233178.5895252712
1237520.0616272758
1254969.7345863362
1299468.9366350258
1136363.9153230758
1139924.0942009613
1109379.5386944765
1073690.4363142897
1043747.0220046201
1047532.9823779372
827686.57672054635
861031.76451128442
827053.53061917983
791854.86839064467
827179.5000226798
785640.60458421288
769994.30345191096
782145.40244178404
768673.21428817231
814330.26232810935
882188.35565224511
1072000.1772025544
939164.51491408132
1020262.2020031395
1210132.5243481621
1206921.1429512375
1230453.3279045774
1237732.9459280923
1217442.1332452935
1276416.3111737997
1169722.7244663518
1160842.3841638127
1072327.9309310617
979037.74854217155
974909.98433983931
965476.96159330534
765068.665673004
804524.02665787726
765115.46241606516
766010.33412234916
841888.04449071549
797819.78969281481
761737.89911667595
762774.42506619846
761647.3694481916
795581.39120470686
837761.01383078308
988032.45644479489
913407.265096155
1003533.5556059419
1130030.2146297642
1210270.8843763184
1232327.6069033737
1236067.956724199
1215422.2571308673
1234500.5667264087
1194071.5313265698
1241345.1005190394
1344932.2675628408
902366.98776101496
896826.50113435893
871086.22027650161
724427.60699102446
780599.15694804944
739852.2212925877
748992.73003376252
844317.56719718385
793712.77386481734
800033.63162978413
784195.23535231699
769128.92590010085
720548.73722672043
700385.00422001863
751770.89649698569
1269777.2934019815
1330007.3829416826
1349526.4237402875
1392791.6907367127
1388907.2809839426
1364060.3877155446
1314268.7300264519
1254432.1596344893
1246598.1439550731
1182725.592202839
962811.73347659176
962094.15057837148
982652.02522989362
1016205.0587564766
737345.58749069902
818624.89767661958
785956.34960809711
820578.73674639687
886612.05708651093
833070.61582369485
860516.71225210407
788260.60412357608
787741.58398865024
740961.79295329831
742490.48187693628
766559.61414573831
1175950.4743185898
1222241.2680906728
1429933.7567930946
1387719.5737755781
1400071.7689693074
1379296.1522560292
1330815.2116466921
1244943.5645564932
1175496.1677345147
1086264.2975520433
1051368.6918337771
977083.89696349064
904399.95312095655
863561.13011330483
824157.9704245996
770198.72034636699
738176.47296149831
795573.32485555694
777953.30948276422
754102.65237538167
765394.0744310068
665121.22157693759
641677.23855815444
650585.43871718959
671922.87625298544
655400.08392314229
1155710.5253439862
1094213.7591422761
1272737.6659358195
1395046.3702010589
1427373.6270405331
1413828.7600925413
1355622.1655320339
1255244.2485113158
1142683.6468686317
1036084.8531336621
958878.27176402637
931294.75354243291
846932.27304460725
738751.39077245479
847578.26283135347
761647.27552685223
753968.21374483174
755367.85340077593
720264.21070922632
697732.77766530006
702256.42776598816
575959.33269708697
547941.58241808135
579592.42240562232
616148.06211012206
606174.28678588744
1242972.776608825
1161247.879926289
1391403.6748682661
1435795.2290409796
1463785.0852356453
1448021.1101322947
1391714.826232926
1273286.7857389925
1118647.213156265
1008055.2046180276
928303.94339139969
945362.56664318463
834976.52646736801
727981.22733139305
738287.97182186623
740655.81524523243
792729.28286544979
678868.46104974602
642696.59799549985
638453.18358849618
625526.87297317642
533162.98640004057
502551.31551695114
526008.89006094134
572181.59669909766
575449.50939946983
1406201.609003681
1353788.2954173074
1436083.5716314344
1376790.1766764368
1438925.3433593861
1446806.9804385463
1397259.1058373163
1272162.5499706694
1118134.3116500184
1026452.7925804058
957095.38767643552
953751.72457394039
854639.75368150731
779129.11078444135
629095.19330277806
663958.3484089243
680147.95635800203
611574.03825238103
587423.16122518748
603501.62610127928
553922.99776096211
524695.22591695143
509412.49458071747
500633.16786292318
536612.28926983243
558792.00819908851
1562244.74306116
1421044.9124208998
1415003.2027003272
1458233.723163567
1388933.6521577302
1412680.2808110951
1368049.084376575
1268864.0574752465
1127433.3842033132
1047135.1619501492
1002816.2986200769
963435.082965796
883247.07915923966
810568.79573610856
552579.16741836292
576718.63870469364
585977.99357060832
572161.93100518233
585655.07466816949
576841.41624311742
545024.08173988224
535072.88591414609
514722.78847175714
508403.91635368852
540515.03049074276
571743.31818981876
1626479.2414180404
1426226.6930490579
1402591.8598917397
1355035.6443059319
1360805.1237786778
1378014.6100473958
1343397.9289809677
1259593.9107357285
1134812.0358375378
1075127.4232714972
1030533.7639675261
951835.57795892737
907088.78255663055
877010.64779220324
472000.71316711319
520554.65337848995
532379.75416371285
547394.02403764543
542903.48513758741
550215.56285130919
542557.66665613616
549684.80172859016
536794.80251836067
535084.00941579381
564268.1554487691
594982.0417751061
1684247.558158397
1436713.279636869
1403867.0709393146
1283876.4977835058
1360454.6639229874
1348875.39415392
1313043.571334284
1236691.2060960699
1158656.6667118901
1086186.4159110377
1019319.3029978429
905873.91999646986
902638.81263107923
882221.52347491577
413231.96511433169
442064.01532063982
480658.06795922975
505468.56002105272
517809.71639600705
531450.94899900095
544435.15475170827
557019.33475278085
567564.65872097143
573583.42858234432
601443.30580042396
634176.42773346836
1405644.0254702414
1439934.4098023218
1260776.7508506081
1384860.8421824703
1341233.0522518784
1293451.8991409191
1211879.2008902961
1152235.4251228392
1075245.9322224506
1010788.112162668
861793.89478939609
862832.67060909758
805780.67307115078
382409.6687409057
397389.3588550979
467557.83361433994
493459.1624797401
504698.9805650753
521197.26222260576
539185.37271945004
556796.42875672318
573354.60871011042
593348.80338485294
623505.65176629391
662655.78811502655
1429514.1220899946
1477107.5264195639
1218319.7037856332
1391570.1415877731
1307549.9383852882
1263811.4874592978
1193867.814735342
1128656.0744779808
1061920.5237644175
1007700.7917521117
826432.72636450955
367978.03058238147
383451.02681362833
478941.59116060502
482035.51296634978
485999.52831565519
501254.6042355473
518948.85406357341
544826.10324702726
574964.28782388358
609210.2399572616
644070.15539018391
696848.18459925835
1560571.4218169483
1198159.7163098301
1378188.610810491
1259176.973292402
1238300.0698534963
1192502.2896510495
1132850.4796970782
1054529.1940758394
1000850.8603328535
379411.04114277003
382792.5286716994
456402.09113392985
457049.93324206572
465138.59047470777
479117.31615281332
501760.58246968902
530416.2850203109
564754.38234562124
604420.39288895624
650422.43960769929
702105.40697376349
1376442.2235006755
1179803.9609286597
1224897.119660917
1227350.4179975861
1186587.696102073
1133721.137591284
1049328.6169181739
987722.66769606224
373095.42803832761
359374.75660336128
403937.49957586173
426209.884868461
453127.29956209875
475769.74541486619
501392.41988077713
525713.84065306827
546119.36200227938
572976.6897959694
618565.80939863226
663432.39113250107
1215341.539102878
1265242.4621229516
1226257.8139020833
1182966.4415902565
1126583.8076830336
1044880.1523632564
979730.37568554922
372140.6412098002
373412.36128582963
394486.43401733215
424261.68091681076
454914.95284611464
484370.55788450578
508363.53816105658
524722.40437305882
528054.12546441297
526557.9053398117
542934.88762483164
568350.41584736097
1218618.8690340102
1388990.811109676
1250561.2079145876
1144847.8000589912
1094474.2070629254
1052767.7107998985
987664.30061547353
332971.44166925416
348312.58781483507
380201.97404762683
404694.63210100995
433002.52206261433
457932.49934047594
474819.10947026289
475359.59736752091
455547.2172005251
445900.10606078606
451489.24257974792
1221785.5859813811
1127477.1814990386
1047475.5291667776
1034554.1017311465
985477.14540483756
266692.11228160188
277598.41257416137
320939.10908212449
335124.88553784793
358907.81076514605
380940.71770724171
400196.10109652701
404460.10157094273
389255.47946338408
367907.6956319022
356533.54283882189
1205777.6457262035
1129740.1387484812
1002483.3164073962
999474.22241660033
976028.24477203842
286241.1408903636
304400.7649570005
320296.43491906149
335725.87654553674
351454.22003684641
358406.44948970864
351704.51685320708
326083.59304920933
305126.65540204768
997570.60498933424
961022.73739830416
959538.57526359835
960302.77903047437
290902.05151185073
308530.40951506875
312289.37071577786
316434.08193035598
317938.90504964959
313944.83224222215
301631.46959162905
283251.90057215112
797448.69739437825
938891.52209016099
943535.6613663527
286208.23894837918
290678.85599432932
287175.50990538462
283181.66552988015
282121.68769042729
283653.53066243115
275953.07639335073
769465.19689827668
1012889.7636923181
954630.75639813591
270729.41540598567
264018.68590955954
260821.52511509202
273194.36676241917
275082.48679387226
277991.99306007923
1588168.2403811498
1364294.2116560598
238464.45518622283
294060.05021031707
288690.91186928691
293893.97023493523
673546.16032831033
669782.61236162658
703194.39630248421
564254.75582990411
574165.56564562081
584623.20831050782
1720191.146625757
1751209.7406290479
1910497.3375186883
1736968.7652235129
1681139.7655594689
1666919.7535308555
1629110.4792793135
1510178.4385474843
1387731.1099402749
1313551.6499823243
1300544.1139656587
1359656.2635719709
1425453.8986098787
1443356.236179074
1641358.8297962402
1583403.4060081323
1611451.0416037717
1687177.6685893165
1862764.587917272
1941035.3221290638
1801645.4274473703
1659541.7345764746
1531927.3683749055
1361510.4066558834
1628711.5965420809
1912273.7227443233
1903672.9776499183
1820540.945530439
1813298.6798870231
1751961.3239390613
1674247.6014672942
1491818.1716821073
1333381.2833192276
1319126.148737252
1298125.7313918681
1329046.1707180578
1373790.3178996101
1392170.6463841698
1574215.5180104696
1590854.6597564414
1620180.5519439136
1669976.9987881947
1700404.3381487429
1693083.7312882252
1629254.2514567061
1495542.1567117076
1685892.8964639485
1725767.1994034972
1659066.0398026891
1666178.0090221439
1510636.4917344956
1680726.9446261381
1775613.6457856174
1747447.1595672432
1761019.9105434937
1782427.5308336101
1867196.3139309597
1653612.5248024964
1628304.1264782364
1619418.9587684916
1586831.8674957058
1543117.8794436431
1784385.6369273104
1799431.309183504
1805371.5195523875
1819298.01431716
1867958.4097646822
1928722.6215494173
1951383.0807172861
1989759.1838905474
2086942.0455327507
1788940.6553538011
1845089.6727684869
1793274.8251924263
1520334.6698142935
1614496.2585444706
1685624.788490505
1694843.9808942971
1701424.5052405521
1713271.7755242903
2164527.3740131478
1587312.9257350103
1611246.2914044729
1614607.3532514544
1588186.5695775601
1557164.6043772798
1785422.9141263529
1797057.846380858
1793630.7778219699
1791490.7987197393
1793627.421812587
1847820.6763083939
1869451.6055271269
1848430.8179349524
2067883.686800678
2029874.3963227044
2052317.6801724413
1908108.7946984738
1522725.0101089275
1564335.8475192057
1611229.2256952226
1660009.3266263567
1676741.1677391015
1644385.4480696593
2393743.9833973893
1668008.4530408694
1666939.0109766228
1658504.5246269407
1635415.2633557583
1605797.7184695804
1798507.0011138462
1811595.4142569425
1821626.7581618738
1813952.6482627497
1819969.7141656014
1880699.3044420769
1923976.6753111132
1901325.4503607473
2091416.0493882827
2005472.6524828598
2167213.4660526388
1966829.8965733997
1481420.1774499065
1514880.8149833002
1554052.4385685627
1615645.2422915027
1657559.0050689885
1749070.1001033769
1981562.3159910117
1767073.4086331397
1719049.7614941255
1706294.4450711384
1682962.4294239602
1666585.4838803972
1830168.2678080779
1826686.0701061208
1845626.450121925
1853705.8102851301
1871872.6778866523
1941220.6905448122
2046092.0447787659
2136134.2795258043
1821427.3779394985
1846603.8594153477
2182588.7821210953
1989519.5572735183
1427611.1092295211
1457995.9441423763
1505136.3740958695
1547431.6294829252
1597264.9193341304
2265267.432462587
1649534.5027381687
1711737.2850231065
1707100.9084734102
1707528.2879383005
1699679.8042379846
1706915.7632295904
1848340.2189406175
1879661.043950048
1898075.6326553361
1910979.9621291342
1931992.1510318744
1990913.8675362223
2138098.6814715196
2421070.0430941912
1491723.6046305115
1589793.8129650329
2088318.5218690725
1959975.3306477997
1336330.2467296454
1387164.5560488892
1424590.1921233572
1435922.7464039167
1412274.0416847055
2329794.1111938148
1583852.9074815728
1656988.9437501761
1687848.3739375332
1695684.8143320836
1711220.6811833568
1734710.7816331238
1838160.9042880884
1886447.1733935156
1929534.7144440592
1947300.5321851345
1963488.298629862
2000542.8064404675
2115692.2709837318
2430398.394153568
1323602.4770431377
1465881.4057222186
1895696.4517634707
1838432.5972447146
1286166.7533818048
1316650.481705884
1349012.9916592112
1363797.2183209516
1360855.5577158662
2223398.2528449721
1691357.8969807413
1661973.8065587471
1674996.7195032267
1691149.1345008791
1725966.6916548179
1764874.5697310236
1872046.3274309493
1892542.6642669735
1920593.3260007424
1945369.9722984557
1949943.8288732381
1978928.6261141687
2049453.3780776775
2211289.8579781447
1358316.4052343389
1485204.6542761321
1713546.1006395232
1647313.7113842482
1276347.3036662859
1284722.0019072152
1294021.8496240762
1305573.42126222
1333984.2546514275
1971046.5580951162
1647761.7281610917
1625715.7121739525
1652905.4248859202
1685285.8441027966
1721434.3963281731
1738819.0458400995
1886087.8891922077
1876265.6080657614
1920858.4999934519
1934592.0448957039
1914791.2130316289
1937858.0393659091
1972607.3442291582
2006312.9092260089
1456581.2805010851
1550001.0784494579
1673648.4763651164
1569798.6429776198
1344186.7115724867
1299610.8875594623
1289698.5160096318
1288158.8051195622
1162249.4171851324
1916102.3379349187
1552743.5169809381
1587664.2859992553
1636914.0873578254
1684208.2381546986
1726712.2916203444
1776570.7766419533
1847871.7182594468
1853212.6644002257
1858122.67780444
1831991.9290607176
1826558.030348215
1840017.6136115554
1846835.9022786717
1814951.2235519101
1517267.5625355244
1542079.3834924428
1462523.8968494819
1030999.1417912894
1277055.1808147749
1276380.2519115338
1309279.6729570264
1383012.6183468776
943906.99952820945
1695339.3856262325
1559050.2785482788
1529618.3447362734
1567143.7468263763
1632948.7938786997
1705006.3454078508
1826725.0336087847
1791907.4717827884
1803439.8786002186
1787968.0927837465
1754023.554893347
1743423.5868942197
1742066.5483017182
1732343.672603138
1671806.6677266499
1524239.1356001773
1483536.1798024508
1185313.1869679936
732653.21330383385
1010717.6109846361
1102509.4940593238
1160971.700588133
1193409.1659039075
1086096.6338369071
1581156.6835932489
1541125.0128184136
1542056.4009852041
1587165.8733148815
1660932.6849544083
1719205.5665156606
1796487.2535175406
1721955.9295174445
1734632.5854764816
1720286.9137017482
1663937.2891304919
1649411.2175513699
1668839.9778162802
1674343.7821438303
1635921.5952304364
1495537.4477686763
1426969.9704391432
930088.70639026072
927948.10609761695
957613.00501700467
1025324.8591169
1061317.872690723
1059893.8721603735
1131629.1414893295
1573621.5566379216
1503279.5205090803
1506383.5313358975
1568872.7185848884
1642256.1368982415
1705035.165666417
1790420.0794627566
1636274.9106347261
1664275.3320788213
1685846.2468579221
1527528.3735990229
1519989.7079347908
1611302.0246079224
1660389.0202179479
1647262.2506812834
1389693.2048506006
1326275.7428350258
898933.06029570859
926116.57698139409
970968.89608744055
993754.65498169325
1042548.7343926218
1068181.2266959748
1111929.0831825158
1419856.9047467601
1443228.4852541047
1472474.8999314753
1527316.0692202754
1601807.3625008685
1675529.5690957424
1807441.2665182664
1551581.890879764
1583099.2808407091
1621250.2812661424
1340365.1090396296
1295038.3233646976
1664162.4626452592
1687075.9126887063
1691030.2664841444
1284368.561806367
1219152.1851886329
957600.3625798854
940654.25572938879
972472.01620954857
966966.46912693256
1047469.6860081259
1108076.6076041623
1168017.0543621609
1297551.631017088
1379859.1650038911
1446326.0172425508
1497061.516439375
1550754.2531769946
1587310.0353021307
1878334.1778755847
1487054.9175103509
1481918.9809419883
1532217.9982967742
1315913.9219008782
1245417.1048515667
1769361.8478757953
1722318.0564496659
1705145.7948997114
1214084.6536048187
1170081.5828448141
936829.85983881995
921391.00466495648
934578.96802019898
909172.74114182743
1148371.7048170879
1161306.9808510423
1190353.8509589203
1242735.9128491078
1328339.7252738294
1405643.8579317885
1450550.3747659163
1501871.5240567266
1581708.1360687637
1850816.6226288187
1390581.5819789369
1366648.7313564622
1418545.9535428684
1373513.1408300465
1316096.3737649871
1764500.5131021223
1742091.5630517078
1709986.5173089779
1187304.7132983692
1166747.2998986591
917817.30384884553
913534.24496402324
973680.6309869024
1096691.4081682332
1354826.0401046537
1217677.8680229506
1176678.8555952327
1195076.9522183619
1267047.8867231004
1344065.6443341468
1389116.6164013629
1448813.5175737059
1609399.369089477
1750754.3409916218
1293510.5620645846
1271158.8193034804
1368802.3267384351
1328688.6162850896
1278467.4667269741
1715527.0843113533
1732600.0278420683
1672887.6543089312
1172506.5449020476
1161006.3190509898
919007.34037874464
923177.00715910969
983944.2018038932
1080940.2816691652
1362814.2200184297
1203696.104288439
1138683.030802788
1151151.5945833125
1214677.5179789241
1290180.6588254226
1353576.0959939649
1439375.4029951957
1566690.650477618
1671969.681594406
1226838.4482497936
1236939.3064712533
1336440.224054232
1289683.2902659564
1286084.1197175293
1390988.3730598972
1666719.0083069606
1581391.6546179221
1128660.7436134971
1105082.5907073382
926004.11224295408
910454.30669838155
974613.44138268777
999465.13931122934
1647967.430647989
1141576.5604104945
1096012.9175173005
1120114.1826341413
1178512.9608762593
1254150.1657242125
1327427.8038391471
1407855.4937334615
1508315.5785924981
1606611.2725214756
1228275.5325831641
1364398.2636888914
1252462.5355987593
1211545.1477513418
1210813.0130851408
1219337.9391321691
1562133.6636628576
1493485.0204961507
1044782.3290272974
1014780.1675973772
911968.13414487604
902028.1976217326
1002101.5542367498
1006071.7908295151
1548414.3235702084
1010671.4177075635
1044423.7415766557
1087460.1145125502
1159222.0345815048
1228501.0893363096
1295958.7915073293
1361002.6385645687
1444885.872133231
1525955.9061681607
1186160.7858676426
1255540.704436555
1076697.564615086
1123731.8800260751
1152362.3615760698
1170240.8761116334
1432114.6812521429
1388206.0485472186
981414.61031317222
948752.70609869168
907100.94208705123
900805.19244838553
1034289.6993473787
1016028.8632888901
1296112.3399397798
1021637.1737340234
1037870.611468201
1064614.4564394131
1127951.4636565803
1194624.7767609765
1256060.8857517545
1315810.0227809292
1391372.7668134514
1465790.4810493996
1132358.8893864923
1146830.3382793986
1139725.4682777778
1160141.2137105674
1171454.4279768441
1177990.589542506
1289117.8617658319
1259972.8148309905
986066.36828660534
974882.83095270407
923345.83637857425
922500.4315753656
1061192.0450708084
913499.84651168296
1226566.8167645291
1027668.1973210672
1049868.4100665958
1057882.6345225477
1085369.7346525916
1147276.5964568143
1207210.2939554746
1273395.6270254934
1340673.5641194258
1417348.0302011005
1082814.2015314982
1094563.434017515
1110713.6514554152
1145407.860159124
1166124.1595714847
1172357.1486386452
1179109.9950038684
1158686.5896302408
1004228.8579159073
1013411.5749712186
925148.67259880959
938845.41007665137
1050118.1645482392
976625.06701147964
1110446.8870938402
1006520.7335576083
1020783.3660629994
1030796.9554957489
1051836.0261117688
1100092.3173243757
1158485.1737049532
1225775.2689225581
1290337.557284317
1369741.9864586736
1029503.4045381672
1048186.8764563423
1063462.5408025333
1085130.8350117896
1102601.9493461435
1129616.2280976283
1121033.0859295439
1091567.0509814876
996938.37047844112
1020666.0025528334
945331.51666594169
968966.11169383931
1027592.2906680761
996559.80340106296
1050668.3084910247
947627.81251462083
965192.27563860535
994113.23719846038
1026389.2461203089
1061720.8842285392
1117566.8401484378
1182100.4146172795
1245899.3752746913
1335991.8249718009
992489.96833622863
1016812.2406587654
1023052.1661504273
1012065.8743594226
985307.87507455389
1140684.426048523
1127671.0905743253
1059542.0280990247
973561.31647435285
978682.64904782199
1007293.8765989905
1051252.1227871857
939492.63384317339
997050.12669726019
1011746.919198863
904054.89490804775
925512.80342560133
959247.54819772148
999347.15666835313
1032642.7747455286
1079872.5266930396
1141308.853783529
1206338.5094735704
1302500.3277647973
968549.51446280163
999831.78268456168
1034633.7372107393
1104247.9799192969
1149436.4148731523
1221623.9728713287
1156058.8336816062
1074332.8426449238
920930.2569118347
918506.41055599926
1013725.1049892501
1007372.8544956456
795823.02811201871
955513.51525127003
952180.13589380251
901439.31102690904
911064.54600166366
938347.39873229235
978876.34662142862
1015784.1204621688
1051660.3704224164
1108466.5912732622
1171462.0235229724
1259774.2854153831
932873.19696220418
965451.74465875712
1001774.0948396665
1040784.3727403115
1002319.3764155143
977967.60704516096
1075366.3924273711
1095590.8235441151
838806.1141962565
831821.38003212004
914965.86248070188
906528.59301548533
831888.33271796699
873555.47629308025
900505.91983778239
907458.37452154129
903838.79076624615
930903.10563844524
962945.62096161104
993394.78500537295
1021547.2084183975
1102503.2656848335
1151795.1544950649
1230918.5156979512
898214.93029448926
929845.01518923498
958274.57688863087
1004064.766835312
957101.97985296068
998112.5540456064
1084943.2688392072
1129298.3536673819
794488.88301069848
797256.05625217955
811359.82811948261
815012.19948556356
831580.65096786048
836318.63320913189
848074.28535019967
859312.61640501255
880814.57332741877
911291.70885548135
944407.24911036529
965986.01222743792
982408.12804837897
1084339.5896603006
1140696.8607218955
1207590.4481997434
864407.38690228888
899861.05108042457
941666.93789922923
932315.03854351724
897402.57633774274
948412.31244192994
1063769.8121169845
1132839.3115864627
797522.97849727783
814592.61734458839
747393.02277653338
757834.14055807923
821442.64238294028
804054.92860631179
822245.39331748255
831553.11250374455
854649.70560441259
888095.82607787137
929521.01414266275
957028.46444081247
1013495.4697019169
1074546.3092162136
1120806.9369819462
1175844.4139466677
813494.92654198327
837389.15423549304
839450.86954968155
795915.09866599739
821232.85275203432
835625.06829727092
1072129.3999203374
1066703.2872469639
846073.6802945158
853194.85371175897
735425.41654172982
751981.42782992835
881182.21438391123
809141.04265904333
809312.82315193501
812355.71807298646
831399.9579560525
874636.09611293057
932487.11251380749
941343.73462229106
973175.68392442074
1032035.6651851407
1086642.2240076654
1131967.0055358701
758030.9451404002
776852.87840674259
789615.64874474681
782716.60318377882
799532.43521559355
822553.24060975236
1071668.8735878814
973733.9357107731
930686.65657894849
931103.45671226433
707133.77291019657
732618.49851812294
800283.09384992439
906270.41697573906
762462.60956493428
781439.67686740542
807808.07299692533
842420.61382048344
945967.02638186875
973690.53819966153
962687.50845304993
1008680.7484289247
1063998.6665005782
1106889.2087930408
719571.49299067084
731771.02748173953
750325.90421802981
772212.31302355521
796125.61689519649
813849.15366041858
997957.68913498544
930648.58412936551
1022674.4218554709
1015427.0039787147
684554.9124402036
728193.94819353789
612544.41249800264
1091004.2709717711
728956.6088799811
750656.51044782088
772246.14982687565
802793.56867552118
956247.6166972022
1043657.9210784019
954150.57555336109
988375.79163044249
1039158.1092571329
1094147.6407567582
697041.01897729351
712636.44110690628
734478.34754437057
760476.43216776615
786464.62445664289
798034.42365410109
980072.20266994461
939790.06392197241
1051879.0563306031
1081723.7459690748
672311.79370799428
679575.4180203405
501207.10443976085
1115529.0287895638
799471.91382926912
780118.68443239143
730802.58975102601
732502.62448931427
816814.42871978169
1061832.5839507915
945859.53791374608
959002.17274379788
993398.9938374554
1042004.8272119106
674170.05802175764
697508.44618841528
718092.61832065065
742275.15414013749
766505.02090874454
785591.59152321052
948921.77222334209
929035.334117183
1024031.1187350075
1120171.7563642864
676085.02564959193
703283.5268907214
656614.29121797788
1009437.6454724284
866789.23443614517
815952.3720534608
773205.87718922365
713958.05701347056
748781.91669940716
945247.73773922131
942364.17138669337
954620.9363835
964717.46763037937
991445.25359507988
682442.1688200162
690004.51552221191
702374.33510896692
724070.47800691624
743254.64498712542
762131.48919894884
872569.56087552896
847016.51741614577
1023892.9582730246
1136187.7625150508
685228.37854208343
695841.38984704379
748375.8334151681
899979.72545642359
881135.61880084209
858066.77194519609
864849.01284000964
776512.7438801208
773685.14979256014
872539.73909505375
954848.13556835218
982499.21740435844
964050.95718931907
960055.193512353
692679.01557589695
676499.86302691838
671925.78566260973
691503.53605570178
710456.15591867082
731304.8191213723
796921.23895107023
762483.42243441835
1045364.7147778485
1173103.7187250156
694311.84524831385
681130.45282599167
775826.23225948191
857454.32641948399
948206.94728420454
965808.8092252682
964497.19798784738
832874.88424068864
776304.43704403448
802304.78758447873
880342.28536882426
1075444.1954828408
951349.89307104493
945852.52605192782
691003.39214966737
660955.16546085745
649076.07508990285
655446.12995781994
668940.63201463223
693873.02398256352
759580.07081162219
729853.99768826447
1077791.0770296566
1248386.3767830944
690578.52699052461
661602.69387091522
781264.0275670368
886876.36292294611
1118427.2762894088
1193242.5307710294
1065178.8442458566
943015.8233493499
851547.9323455639
784233.67338896822
822168.79631132202
991734.20791662461
961160.38068268297
971437.62318249734
655949.76123613224
638522.29492536862
625147.09897026839
624626.02299087378
631165.29784008767
644864.47353968932
727246.87251523498
723236.77836431994
1125122.9191450079
1349762.4236228699
692585.4258764874
650601.15371046308
768318.83258809673
1008419.1085483267
1213909.8133512137
1391400.3109311068
1198434.7479920916
946901.16843476635
908536.69157185277
852437.33448110812
836037.87473247445
879728.00780917029
1025624.343705555
1031719.6151768492
621039.15798294044
618824.91182162473
569851.41741993581
558424.06031618384
577772.56423290295
588690.81967306288
671918.36494733416
683950.240324768
1272298.214319671
1475354.5376827458
695545.32719212829
641306.82515980792
767408.62987881247
940515.15576350212
1116928.0290438277
1352514.1837789803
1293948.3255422397
991271.1310272126
937149.2377849886
893744.50413337373
837130.83199710888
846573.56138585985
1064683.2324869791
1050596.9653226875
591091.86663762585
571198.8999646703
511428.69229956542
502355.47341675888
525923.00169489812
541668.40327710705
599441.23933383415
588358.61199461797
1317276.1105601746
1603514.5433247064
699745.27816263365
677336.18085477222
640463.3484921708
807312.82451948279
827997.71917038539
950702.7967422565
1091363.1030970698
1176920.705998732
1004149.6125380751
938327.42397418665
923036.08324320079
900286.46679082571
799235.48805833177
929215.52183758293
1012203.391369696
577522.347767086
533881.77987519139
493910.08368077595
481539.68726836168
494716.84839519643
510443.63343188533
581707.78752480925
539355.00913376769
1217852.4816726937
1328180.1259284362
603685.12668065447
681843.68949795247
646395.47333220404
804439.00077051041
789796.55250741367
808837.07174928277
868060.2004594953
992507.26521153166
1005826.9998750885
953865.42257821432
957886.97032404726
990497.77837529266
917235.35278242338
996547.32757113711
1002699.3487217199
527480.17463920102
494379.53946560365
464496.03060158971
456854.31495525804
464524.47294136242
482913.84146673442
572687.24580087664
501557.97115223028
1089180.5240091034
1109770.76557849
687742.48184604838
1067775.606038355
716896.12786152575
656384.56542813603
797010.4658062238
777365.13076509745
793504.66280875506
799408.28451014904
906621.71887725871
999360.0432067432
960192.94554062712
957579.66217885714
1042885.4502779066
1002937.2198161334
1033938.6988838753
1009920.9177675317
447986.42900375614
442046.79414909484
431868.61930346041
459970.71240689128
434360.05758895486
460952.57908763725
518638.07100740075
478732.38160899864
959862.21548441506
889140.72627763241
911307.13225996401
1007793.6207063865
1159729.0513574823
748176.78011645749
627339.00239888905
802628.04370576551
764163.67372998758
720342.12665387359
778670.3394298217
888002.084692106
947735.11519901804
957736.65276252909
947641.10524862655
966302.09520429932
1013728.0031104323
1068915.0788531268
1059478.5037853867
393578.51003981795
398573.26282832678
415102.45703389007
430040.49717899138
400531.88065478456
431508.67240846384
459216.973976465
456918.03456454421
851375.60866524721
661830.9243605705
1046852.9587866032
1114342.5680120515
1215617.5390431087
1235870.2883547777
746793.20600290061
644279.66116238805
843475.93268797558
747875.03418133745
682300.01251968753
707207.05030068033
857678.99531238282
890522.77098030399
912530.62410211028
915008.22577176197
940040.64069451182
988524.6457972303
1037730.902085835
1035583.2710216944
343854.37980705377
361410.08319067711
384050.91430063255
395917.72878848063
385678.65294071747
415662.58338263142
440505.62901432085
424869.38961451082
719931.01561799389
523701.70045192004
1030146.0765457127
1119977.5519487546
1178736.4518687834
1220462.7304603371
742326.20685632376
628823.00598559377
867372.17033805314
712020.42521759949
662875.44781029562
657077.47971106239
806109.76511790301
855979.06152288138
866085.27953544899
883828.45608354267
900937.45500982145
937725.30667014944
957894.82056985819
1007613.8247988884
294860.98761335207
329876.85320679937
353930.19729740958
372083.69168302463
376356.49364296033
404917.54458183912
433793.69773053547
410307.72095960961
725433.18451660767
668116.24809595209
971912.2462148068
1046178.5987082009
1072492.829526169
1116904.217936838
1102603.4905195856
715672.18563219567
628285.08357795537
781520.29481529724
669925.59294970566
633274.2335151335
627620.20402307971
674443.29047360504
813863.45012748975
827478.34925989551
853551.87550040742
878160.20641705045
921253.1731687471
959756.45834740577
1017070.7148250496
269615.20139467029
313191.85095004778
339862.71489871491
359734.0508259692
406379.24119238823
390778.2140509141
421572.18043705792
443983.46874246292
754348.88342069043
753063.11912009469
855547.52006102086
943680.71972901886
989943.4257048337
1035558.6625459623
1075949.4164340324
643664.7364782443
590690.96403362206
693776.33589001547
639331.49208245263
609149.50190330786
611170.81845060049
605062.63850473112
746757.00471069582
779777.37127595802
811280.70588077756
854862.80596740544
904117.18328921671
943772.52147055906
995566.46787123452
305115.70715168223
327083.73049133818
347000.30011726642
377376.69830546697
402778.48031049123
390943.06592323817
421500.97983115993
471199.39958733181
759039.85236734862
810359.24462453742
791977.48293273209
873600.33417479997
927415.42228627496
951680.41868549609
1001221.3441992368
1095638.8823729693
554631.0948202553
516528.74981281516
619288.41294012999
607124.58333465771
576763.74630923022
571668.20797852124
545202.41214805748
705582.03634553123
743290.85002642008
761637.55377801554
800830.95612182154
863032.72372264625
911825.4490215457
948487.23161002854
337363.32038745756
342625.56115584366
348315.08629506489
379180.5073499147
399677.73338487773
432028.52127994958
420343.41208583734
438409.74625294376
720366.59949864645
784733.75077442953
781513.63401087804
850167.21766858036
901340.09813515388
921976.23275344551
966822.97190828272
1106529.0241801389
1145599.3758631325
480786.26985950564
445118.34065268253
551942.1320972573
582518.04972065554
544712.61370898236
530097.5306026066
524800.92843590188
564234.21983798419
703235.11780962814
717259.48664167966
750675.38903376646
810388.63638844772
858419.77918421745
902983.95029388322
389229.47443698905
367835.03156879655
357967.76966325106
375320.86834411073
406924.78782475885
416218.82255805912
406807.61105973681
418325.35945214675
646519.59329042328
696737.61556390696
803095.2158173559
833759.47925516684
874771.81676768442
899460.00074847438
935941.84949526482
1054588.6475539166
1086115.5705233121
1013329.3595666498
421542.9012993261
401176.90554355166
491861.31792791421
557782.10870925849
510235.54276312049
489516.12119388906
510940.74354741408
521335.98812222772
649160.34037893184
683669.56739895279
715591.12077288097
753067.00465902453
789894.61843603279
826957.14974502486
390642.25922275567
376267.30524419737
373336.14578120253
377903.87441738928
399332.02322192077
415804.71982415143
408739.51809486415
413250.82481298561
568979.76136798644
594469.36338017089
823679.25455311453
813084.50394961564
855987.33571911324
881333.05168283521
910179.5307672096
965367.32685855916
991667.93032393255
975989.94428030273
902994.6541343187
370293.82733870164
362243.933729749
441330.3554010705
450520.73939394619
459177.71604727895
445124.49767640367
464669.14542154921
466829.70237686392
617823.6971568556
651159.21646755538
676519.39945722127
706863.55476247682
732916.85109427164
766275.33668196446
387080.45215835044
384043.3107674772
379735.37760827382
388571.93508305936
396891.36567644682
403866.21673587541
408722.27948459337
405357.26433104248
529863.46157678124
520788.16712869541
881251.57253010594
839763.03174950252
854267.09507701185
868941.27847259247
876815.50860707578
916027.79997367121
892256.99398158432
921402.80257130845
949625.37942488887
332488.1590921976
334390.38844594389
408846.92490245122
411043.95318599307
419387.13102837605
403587.8007544626
416129.6053463883
440027.22795918398
474015.27816249355
617987.24508432322
640052.52218665776
674591.42001400446
675205.24269645114
627360.49291717005
374815.46932008123
370806.652389094
377690.08434408216
397299.62771454651
401090.38887824235
392573.13308603491
420894.19981133903
413032.78971543349
496139.54061391897
471208.73326065083
902166.07244054775
848526.62733505969
827572.86631053989
832267.34467001469
843847.99118175881
854385.7823967057
831527.9024126305
878774.77969373856
894577.4177965204
769002.54389305215
302000.5182111559
311152.44394535752
375159.52660391515
377466.80145470903
395158.36088505137
380060.71074350248
386331.07610773609
428331.006189393
444989.8226026101
568161.31343010161
598894.37075987156
646434.21824956301
633937.44783753727
548167.51505684864
374585.75902682252
362402.88526946428
383972.49438952777
400263.29513488297
400270.25992991368
386116.13924025669
443186.73634145915
441102.01763137314
456926.10896951036
434143.16794391762
825234.8505941286
799827.76303515211
804534.78429665323
834919.39370710263
817510.55474669638
795678.88440035656
786742.90612048982
826619.32306864928
857967.83236266847
789310.93608709541
655428.27656720753
274047.7056379334
290682.23934357491
336290.74049523514
343754.65904102253
380215.95592736284
368268.88327346073
371110.29032394977
401414.47408806259
402533.58739469439
536268.52690451837
568248.53582802066
627829.69532353675
560808.88758494111
545892.33426295291
356813.83917971991
350586.87456435733
390535.36644992122
410290.4420959198
409591.01546673686
392952.86939438182
461529.60771201696
461298.5176268362
444940.66162255168
414455.13919539523
701514.06093723106
730099.31083773507
776017.26246153098
769301.56425618718
752830.20511276321
738456.94494093698
733956.02992005565
773534.40993949096
813900.37278976454
744550.79085775756
711703.68456177204
683891.58221381705
243214.9478599368
263134.34606277233
302064.9889991685
309785.52074474958
375402.72615090339
356424.57496212178
358544.78738669126
380169.01882563002
383703.283602187
397197.5696459391
542347.80444446299
550851.17678657908
495756.2198996612
534783.89446501178
335893.96023607551
332902.06903079117
391073.76144791039
428654.58748700528
434091.96218109067
417640.97253338207
484343.96213576826
486390.28208833531
479442.87267942377
444632.41144401702
556198.83354538842
563913.73360204918
602496.77892235492
647931.22855950973
679933.78450291557
697796.4372243121
704674.86286118813
720136.82607228355
740529.22344319324
677002.77119567955
670630.60489268543
684316.36854635575
221476.34975254943
236618.00778175605
281273.79573039885
290457.4201986168
311985.20597959944
334876.57040024456
342128.38071014947
365787.59710723476
380579.41323221236
382050.31504236412
483788.70530003525
490874.2969518709
483188.64853383956
506168.2801092593
330223.81509935402
333257.05916795187
388995.47043414024
441198.23238095915
454127.32356177253
444473.41869285627
502529.41421487823
510004.38756732579
518241.35172792961
505885.63303771871
469996.95228225697
497545.07319021749
538345.89320997708
571372.02523393917
618285.81829960004
667408.90119967179
686604.49410061492
699345.67559229687
704410.67840079812
677102.96135602181
670459.81611935981
692034.79761342995
205755.11327429744
218393.01978188948
261722.58040166911
275229.81720529689
293720.73249659571
320761.45691522682
327000.8121236962
347385.00504393922
360410.63970886805
358338.4096964557
429696.56087095087
429369.17069272528
443418.16638464067
460572.73083599366
362894.40952628059
363270.75002322713
520848.19453132752
572309.76677992265
475864.85187501967
493769.13351987256
515109.72478852124
538585.13022686017
532050.02123038983
565997.34123910766
436122.84031035652
466956.59987791552
499173.00767189788
525057.03921770246
585080.79927760537
639528.20556713664
567148.246641687
620139.68803676206
655585.64514932851
638445.15797326376
623994.85440741095
661698.91306105279
185046.28099452224
196888.41023492071
235887.07092926346
253571.29555754282
271953.89975204295
306147.55909912509
310121.42404000915
323912.94863034255
334405.96905042685
325121.54546212271
403001.79005341494
384346.1489216534
399105.07870156865
417257.64615465968
384109.21143213171
373203.23155359348
491563.76614821877
540062.68404277985
476293.04593700095
502936.94749226252
511707.23834344215
564038.33503140777
558987.20857873489
609743.04586216039
414082.56070800888
448460.48290862574
504973.50346612773
568196.05822819693
561577.65503073868
577806.35099309427
560349.86646849639
564740.18860618817
569099.22319470614
560988.48535100312
540207.30985036504
627593.0468093846
161412.80696853486
174457.12993796979
208171.71877922883
228620.05302431018
244247.18330845353
295299.35650080856
292270.21018653433
297653.62150551274
308143.86217448243
299196.83138575306
287401.89272024122
357312.36151642929
362843.62582170876
380501.99952563795
352085.9872210109
393495.28543694312
450339.24144673272
473132.31292955653
503199.95706754667
556573.5170660835
564952.07759780553
627372.99899177917
425688.72941938136
503200.9748553292
517594.48277728405
546179.09749090578
565405.54647703085
575463.10192954261
565090.80512199737
529433.70238820242
514345.4153338499
522905.76395609509
537697.56867991597
602783.52034057234
140338.60378154455
151387.36489871069
181296.79029237267
199250.21075797966
215162.18651762715
232060.03553704175
267592.22196767729
269926.71275650593
278097.84986703389
272028.03959612449
258498.75420899355
318469.36344206583
324172.15509613586
342118.75997575198
388394.86321227142
419147.50298453774
473969.51559473533
467807.7457067197
479496.89617666526
487259.35084282537
474023.3133292803
470465.44661010732
477266.8270932677
501538.08040171786
524858.43657822581
555494.52841752733
120225.10158951666
128704.65498492669
159183.17844676954
172992.62542808181
192120.78223363706
212926.6173522266
246674.06513104474
241228.71917489305
244798.61269892124
238807.62354733108
226581.15227776452
276666.25041311421
282324.90982691105
298383.29785182246
339614.05584256427
369582.00764188485
400301.80200138252
437969.43924408156
439118.40433611843
448121.99891769257
451394.09994734341
450936.36529975373
437701.62547993113
459925.81816845149
479827.70814979571
506393.60138633463
96900.69436193796
105907.02445394914
134606.5118518997
145535.50816177434
161487.18267933931
176891.49845918626
227403.57845874492
209577.44881003367
208780.06882918056
207522.61602161438
198346.88597730402
233074.25247276473
239475.83931384608
254580.62390737719
333541.57717443549
363182.77124185185
373488.49526439799
342125.88676794549
426429.49220567977
424291.55327871675
427889.9929084981
430204.11645222723
417403.36975804233
426906.10504017811
442192.07478250476
460005.6413309222
75789.505637427763
83584.09773472356
107916.12427499778
117416.02291598062
130199.67874403662
140801.24313000581
145081.05088679327
168268.99933561814
169206.86377117055
174178.44656249665
169302.64627496683
190543.84109061118
196005.07540403481
217884.04373853153
300728.12825853977
336988.33561152464
340784.86904557323
295179.57965233986
379479.64331159659
381239.04229415045
412940.08021860337
385918.5092331004
383905.59801711363
394833.53161842859
403279.79328614415
418193.56825854391
55068.154884284035
60279.633030025492
78729.479822306181
88025.277444033127
98592.713172778182
108863.5894765666
118141.10629978191
127625.43444583274
128674.3674030776
133234.79746137626
131030.93715828141
149235.22418861766
153891.93740021391
173917.63559171846
286246.38184339431
300850.97249580576
277266.66420175374
232374.3272451064
319389.49934486736
317824.03065620502
310002.25582999387
344243.37094821432
341182.9423622922
356021.71371545468
362811.55530040985
381708.93340325973
34129.964655766722
37643.552298859642
50352.951534943968
58425.250375441305
66463.064648719723
73677.184204182879
81637.751998065127
90920.007377073998
88477.073776543257
92679.158430285082
91735.093999593635
103495.47857078734
107333.40819468972
117380.48486391842
253797.5287279028
264648.96466228866
249430.20846535641
215370.85939864282
277865.76343567116
274047.95714435278
279858.94406357897
293581.15205919871
293144.23804914375
309021.36956457573
321325.37056431698
349405.21949407348
13552.245256526665
14888.345419031764
22503.104873497352
28602.754779210427
34467.885672719625
39214.63263584151
41762.079526009016
67886.946529667708
53460.304949968042
53846.535714084239
55078.120258767703
58550.019482818672
60415.871028537302
67153.589117805648
209567.27887730679
223417.425071971
231489.02646274609
215257.49872483723
232370.23672018014
226968.18703606664
235669.70803835144
243363.38668308326
241659.58830982383
257325.70353301219
277011.16148799099
320542.34291655978
2555.2666776588853
2749.1009262216885
5179.9631145193398
6895.2644278736734
9308.4539385209409
11548.655180732831
10836.060416845121
4423.457084509726
21256.123435779082
17149.767445882229
20210.917862587212
21626.46680993749
19703.355922393686
23811.900323121739
153785.96553348954
164362.55611232491
163403.21757533451
159239.91673877757
184774.80003815406
179031.0997391901
182045.21821535999
188746.53434454795
188269.24609771135
202874.27814300635
221876.09300843417
270485.04014489165
480.09667856816105
915.15271646031351
664.40777890756613
82.491732479083012
418.93861536567744
340.17101599540905
2734.0199025339848
607.69954352755269
2340.9201845292059
3106.9710628368675
892.24920068334313
3007.2363071638033
95120.466670886861
102992.08771966401
101313.9782447124
101511.40725576096
133485.35348989221
129590.73125104785
129043.52452049888
132211.79483805233
134964.6610296205
144937.8820381785
155537.06905696061
185940.10840178726
69.730228005844069
85.369735558263002
153.26551063671161
75.575885800180899
43340.642982623918
46192.389870156083
48971.904554831468
55408.908405418639
75200.000924588501
80115.104689776781
94475.496464069889
91412.895613636545
84383.091586861919
81612.64015406894
82784.968591470504
92527.486156700397
10512.445203936355
9627.2218602767261
15543.865034224058
28347.241536608308
26599.8249674039
36659.592879615324
60215.077978825138
30426.013862356558
37865.826683386476
29991.202500806568
37784.793741253088
49921.923421921994
961.03053234973913
3608.4499049535816
3541.7620519277439
2555.6871585740887
7765.0905135383418
19665.33955175602
8908.0870849112707
4429.9755388729063
114.10625872117612
7632.0382889231096
16495.585479771958
1144.5599064209177
1439.2793985070532
6451.9714119778637
11846.905037413459
1031.3927661761677
566.91801008896709
2424.6410604359171
184.43041599957436
1390.2345066471769
5743.8813460765996
9667.8836262342375
91.228840795052832
726.07673396190603
2792.326159030189
215.92501954900837
3931089.5511561194
3884594.0271415035
4172301.2265245249
3702325.5215663016
3571859.1656120424
3543512.7049647882
3481786.395709346
3258017.5766113461
3005568.7845961591
2857247.18237158
2843948.7007104284
2973164.9960125228
3111187.3278689161
3153448.5077743763
3621681.2560163592
3486354.5596349626
3552886.3196237055
3702188.1755406708
4041517.6045581191
4165543.3864788003
3826527.8535410762
3463674.7564616674
3224434.4437355874
2852042.3316690051
3783930.2933268207
4299521.5142933875
4115163.4506768119
3864840.3707156042
3844594.693584769
3738082.8590366379
3592328.1464837268
3246238.6528307968
2872942.2703162716
2844619.7065824131
2814459.8706691554
2893185.4313114323
2994268.0674894722
3051379.2539343326
3471186.3540703882
3516171.1072094631
3601540.7637320417
3702459.2849840377
3723117.0829232568
3673451.3134876736
3505463.6613866254
3175825.5936654704
3582222.8944316749
3749628.7414688617
3873284.2391091376
3794369.664171604
3285051.5756040066
3570098.6173753613
3745231.0626974511
3712060.6515824692
3755165.3953408538
3801363.0419876473
3888492.3278555935
3505821.0187925873
3481806.1908605839
3497022.6289408943
3446867.2917293641
3372407.5384898931
3919251.5722970716
3984914.7141456157
4043503.1766317934
4084578.3601640398
4152636.405779948
4231157.0162329124
4214814.4715181477
4250834.0927105844
4549130.1154675707
3784362.5987768751
4319458.7136987746
4115320.567963351
3362188.8627952854
3481410.3528728336
3581852.7739945441
3595735.326070162
3622247.8824097118
3652016.5481158355
4468557.7438883949
3393496.4444711115
3443115.6018558866
3469128.3499099999
3430021.6985797845
3384839.5019294173
3901868.9650883302
3968417.5697700111
4016464.3456078083
4046095.2713248036
4025232.5653557484
4058402.0991420378
4002862.7709453274
3876814.5269203153
4459515.9328978639
4367844.84923892
4886044.9036228601
4461059.7486878531
3444108.3171294183
3455742.2085906616
3499658.9324558089
3560735.1026595621
3583965.9604542288
3532288.5407932433
4910354.1432177313
3570085.8641525069
3562295.2667955058
3549010.8478616551
3511645.6680671833
3464464.4689581036
3904865.8506237022
3971675.6678012288
4040867.7099392596
4065974.6851616302
4066273.8276292374
4116949.3959756573
4102456.6937388224
3992503.9616671316
4488682.1862542611
4307207.9556971071
5265205.8793036472
4690124.2398268599
3429732.281492678
3433727.3908200865
3461583.4759159475
3538243.3288051877
3586748.0052490067
3758675.2285999171
4205076.8117026156
3788561.8120621108
3675107.2927924432
3645829.5450073476
3599414.9573773183
3570348.427207659
3929861.1166187618
3943585.4786985554
4017888.6723798937
4062014.5506048938
4097451.9732974409
4192837.3845546101
4325489.3422361976
4459266.0025539314
3923904.6578214089
3985418.9574508434
5408691.4568766104
4841325.0698794276
3386067.1259624772
3395862.9206452705
3447368.8787020473
3491923.3168801591
3546964.8015283621
4755370.6018776996
3582483.5735940547
3695425.5957231806
3664254.2081926921
3650141.6350066043
3626179.37933385
3635733.9889960131
3933756.9182315441
4004106.0692740614
4055790.2138049318
4092649.4693592829
4131306.4643249623
4222501.6195105528
4464619.9197371481
5001139.2905281596
3244426.4325362775
3472052.1989306509
5254666.4756864263
4853884.355480344
3263654.6964714113
3327966.8849276351
3367263.7520708414
3347148.9298625397
3272951.121484729
4956761.1746996669
3492606.8048496912
3608950.0812936658
3646079.2464806694
3637056.6221756581
3648946.5074445531
3678140.3677247074
3878483.5051416159
3971419.3927001194
4058130.3035795852
4094624.152310695
4120659.6898239008
4174979.2421298223
4364311.7397287441
4964344.4905513441
2891651.5759050814
3228848.0412621056
4782874.0515839038
4650350.9303023545
3218128.2686560187
3259146.521420775
3289097.3769042664
3281527.0816426659
3261649.9164360329
4830995.9073852133
3759293.1344949589
3667225.7981320387
3659558.5757922078
3660537.630872848
3697851.0724089923
3743823.6312370151
3926252.3967207693
3939831.7921711151
3982489.5569419675
4026094.0688270824
4031000.2207525978
4075518.1234548446
4186804.1976788491
4489207.28152881
2957635.0736615928
3261559.8555676644
4265601.0805131644
4243177.4179158108
3225415.9946377557
3257609.9636174859
3255115.9659318221
3250368.2151441593
3311198.60011076
4371568.2065908555
3722208.9133877545
3664686.1435531066
3678487.23313548
3704572.7938556983
3729913.0643431474
3719733.9474486988
3947522.8981197276
3885207.5037311246
3946303.9291742016
3951293.0157131739
3912611.0196107603
3954095.7020716863
4003814.9732851409
4059277.171488862
3153129.0209399029
3385628.1992411981
4324281.9733164757
4042984.919505408
3449241.2421031073
3334022.8818234666
3292381.1616567685
3261534.4111517095
3029990.7837575274
4273246.569223186
3589892.9738397365
3639490.1530115427
3693686.4183681668
3740944.6465340811
3792428.2172391168
3854013.5077728904
3926883.4624996781
3865133.6013751826
3817543.3873395692
3730427.2078136606
3713556.115171026
3737397.5713653299
3740413.8879923327
3669865.5132471719
3276111.7412259593
3350312.3002448301
4112560.9571984792
2772800.7597295679
3299545.4997901502
3275873.0355855348
3322720.1050808551
3452584.9725736035
2955456.8832166302
4195579.1981231868
3875242.7656629747
3745110.298425362
3738644.0508036208
3782406.84374128
3852955.2561761597
4012937.3609818988
3851897.6000236073
3791308.342935035
3687929.7829299136
3579059.4355449742
3550404.1210766984
3539952.3340738839
3509928.3625627453
3385376.4570015674
3293546.1799171111
3212751.487466028
3495993.0787812332
2349890.788415743
3060243.7077851021
3285096.4277390847
3400731.6519319289
3468890.381935304
3307735.3195340009
4020079.503240162
3876126.8580654385
3804310.4312410401
3817166.2927274229
3889996.0173176378
3944252.7057100548
4030358.5476216469
3775830.1754736505
3724072.2722963528
3625180.8556083604
3467933.6380580384
3409876.4947521454
3422290.6099389154
3411474.2994282418
3324625.7997173541
3242363.88903304
3090842.0131967408
2848547.1038779821
2883322.1554550985
2921188.534587624
3064365.4128576573
3116280.3508180361
3098114.2399628945
3353187.493121312
4164356.6993626244
3908970.3286979659
3810474.4798012618
3870519.2924559093
3968496.8315485846
4025223.5021258509
4114756.5948642436
3673306.7756541688
3660532.4485405725
3631697.6880308199
3300416.7418328258
3236626.9767114469
3357173.162710269
3422475.3842549818
3376419.6585937957
3030968.1293757581
2879992.7630532449
2859165.1457983893
2943475.0486233728
3020620.0869186795
3028594.4670202658
3108587.9527495252
3151250.3089440404
3270691.4180416781
3957425.8773310762
3904386.835758165
3853701.4596053567
3911762.667860948
4013852.0308674248
4086787.690351659
4273238.5477309264
3576158.384214995
3563887.0416196459
3588367.6050284542
3003256.4848175556
2883980.3148867683
3487412.0822768179
3512105.6168740974
3508146.2675177427
2812336.9722679183
2658456.7765560229
3133287.9374880996
3079864.0440267348
3124122.0835754005
3056877.5664533223
3228699.4337162953
3348669.5368261044
3457265.3862949279
3723888.8340785266
3855254.7920069862
3925094.5619481569
3972175.0472263461
4023677.0967816613
4031032.7629802465
4566303.8066811999
3530635.260662036
3454880.8181477785
3387445.8213959318
2984805.6704025739
2815986.7362819067
3672281.5387223591
3588680.674172129
3557833.847898636
2659557.08996261
2556840.3822483351
3152001.6633317396
3120668.5114539196
3131971.7488596411
3027856.8552420652
3593117.5316887083
3547886.4876232101
3580541.210007912
3679099.5513350945
3840829.628231511
3966044.2501632418
4009509.8758135522
4076892.6048063212
4215848.4130761158
4677535.0921847001
3424261.1787499995
3332306.4298229744
3280190.1895447872
3153733.7109324671
3031996.3736403454
3670902.5904053212
3622763.6569417925
3558985.8687249292
2608854.3148686108
2558070.8312114566
3200251.6781318947
3212262.2652028184
3406951.4434144106
3774196.0002058484
4163355.6960086087
3723565.2569586532
3614432.8920239988
3665757.8971691611
3802989.6995163108
3944053.7776177372
4002497.7659779782
4102807.3441256862
4398789.4798567249
4619241.6709621195
3327013.4618686531
3249553.6858563782
3437126.7391197043
3305053.4577991981
3183738.7905751369
3609901.1481891926
3582333.7345066676
3461302.021379916
2646056.8313935907
2611821.1841113386
3321795.0430084183
3368304.3910060916
3587541.8733925903
3900441.4469103506
4168006.3312540739
3755916.4643702628
3631403.6654056609
3672768.7441602768
3793642.2067394177
3936076.3698215955
4030273.9752450525
4182861.9027942964
4424391.0273898756
4579613.820494635
3299860.1902710926
3313227.6950256727
3684322.5233893683
3539295.0960424417
3458202.0208400483
3671247.5451692049
3432649.0546981948
3261920.7485358524
2785951.0381700802
2723546.5326305414
3475639.6577614937
3458683.5356144444
3703581.7013114672
3754342.5426317039
5022927.7987387581
3700912.8636294608
3651983.877299381
3735024.6759854523
3841564.9938863204
3989086.0940235481
4117081.2718600724
4251645.2931901067
4429703.1789943855
4593898.4764153957
3456019.8379350915
3789021.3067966797
3644308.2316969093
3478357.8717055591
3366023.0065837987
3320383.6939052469
3298651.8296804731
3155891.1803401164
2976885.8625151222
2889640.4376716483
3550350.7793707312
3569880.7790501514
3968523.5535297976
3897340.1460353085
5948548.5050345724
3493885.5276161679
3650626.6296170535
3800853.5323295849
3954947.4615678568
4086324.2841150053
4197964.4243244063
4289534.1432064883
4428538.9869735837
4555879.5927201221
3472911.8143604533
3618315.0305818361
3185111.6288831448
3211929.4503161879
3202904.9456640235
3217105.9980264497
3273303.7414481277
3176300.4938961836
3135883.5338282767
3036997.6506767008
3605093.7511226963
3635185.8857952505
4205288.7446071273
3989111.4622601783
6075326.4114576848
3661556.0429750937
3749844.4504381209
3867615.296143698
4031270.3333954131
4161924.5186529038
4259182.6755645834
4337771.0376820751
4457189.9906317322
4562575.4173301328
3437313.4698371785
3412314.3395372336
3343859.3074761592
3272962.5559798158
3213206.1317970604
3234292.6976562715
3317237.945744066
3249206.5664893356
3274314.2895003925
3246897.8109416501
3682492.5525571173
3719011.0991156911
4324566.3540823553
4437125.7900850624
5781735.1835026974
3799440.2378701898
3884532.1947574881
3975852.3116416014
4067196.5117470473
4188412.028747825
4288639.6712193321
4395277.7390241195
4492290.4807951152
4607364.9887855835
3426125.9719882212
3381092.1083430871
3352745.3398906994
3287053.7716091056
3230967.0873333663
3260552.3413070249
3322495.2219492001
3269696.6640067827
3343413.3106831736
3383029.972959171
3688777.143329273
3782262.822910795
4293787.1351422565
4700210.1097046044
5306371.2101978902
3956828.0468582306
4000750.0604250683
4070635.895929737
4133504.7810307546
4208969.5910470085
4314036.7062227493
4436591.2908786377
4530212.6437292229
4654336.6290021073
3393573.6393700838
3359227.8219469176
3316788.5852136947
3250948.064178634
3222973.2098653475
3283456.6441760012
3267156.9569686656
3178528.0186603535
3316792.9921859098
3401272.831020304
3745303.4775011837
3872077.5023095268
4209511.3218051475
4786698.6501302784
5041492.0070278319
4038408.9470852851
4101102.6607087487
4164927.4599051941
4218652.0964788524
4252572.224521393
4358789.3847795306
4484833.8893928491
4585441.8005360495
4750337.4400323639
3411451.3642246844
3385403.2378964722
3302117.4946721015
3175735.7823041915
3070700.7115930528
3432397.6455104793
3304975.8772889273
3110657.6931403726
3239913.6340309414
3259713.91350458
3966088.6485274155
4129752.2845090278
3895308.6689767134
4781501.9075004077
4868287.8534695953
4074692.5643747863
4151695.7856093077
4206316.0275144381
4274096.8683676068
4312150.0556927938
4399481.6466626795
4531732.9330834514
4655038.5889370143
4854030.055070281
3477914.0437747696
3454665.653808007
3438513.9810513887
3530344.720259985
3564604.9273750582
3662418.1252061361
3397045.7014279608
3173090.1284834519
3066964.2527471371
3060003.2749012974
4165564.4363938994
4123921.1511137565
4061722.6617856105
4593608.2099198122
4608881.3854385829
4164021.7399436068
4183487.2560619572
4237818.7674785936
4323120.4238795647
4363025.909828404
4426850.3355509071
4590587.2924906909
4734210.7507127421
4924269.6470377166
3506603.2692333004
3475484.0023315619
3457941.9603746543
3485027.8185467753
3200246.5596892685
3079701.4354727836
3251701.050362031
3273966.6724859369
2802388.2662386685
2778007.1202113451
4294180.3610087158
4251896.5304173548
4152317.2595220506
4285907.4673224119
4394345.7415885013
4298416.3094254332
4236705.7603068324
4303994.5530448351
4368414.2133179521
4386906.7661528783
4423887.6455947952
4691018.1586261615
4833840.5956195472
5041953.6120190173
3543075.603927467
3508002.6611379948
3459097.9131695428
3494845.8237885763
3158077.12909539
3205900.0802971679
3345610.0724942107
3420612.0022809184
2661194.1055257381
2669929.8167599533
4416817.7016348783
4440055.92285538
4126083.574184563
4152394.6938559683
4193944.2361775814
4200316.839933089
4233407.4326784397
4309071.4068280682
4396916.5914432462
4411786.1516816486
4383795.39139436
4702646.2212646278
4902078.8336844444
5096445.4682543715
3531915.0176465819
3519939.810084519
3511088.8194521558
3276809.2060978967
3088991.0166731505
3141761.2301366748
3355788.649933896
3490255.2784881121
2676164.3497348297
2731024.6448330735
4349792.6090609739
4418868.3654656839
4067848.0736862239
4056163.7543895892
4141913.4124565399
4153369.6812103423
4209996.9119126741
4285947.5076835258
4399821.7515549427
4460405.5147705637
4576062.4850950493
4745690.4177124202
4862132.6327162879
4962422.7030263459
3322896.1168381926
3295966.1319191782
3177708.9298967305
2930483.3160425802
2896207.5895581231
2848415.3260043501
3410463.7917879568
3320254.308184003
2831021.9331059344
2855523.9750443124
4318558.0560986362
4422069.2627328811
4590357.9126853421
4085771.4811250824
4150946.3472413095
4137985.2671745201
4178684.095528556
4294975.3195695067
4445700.6466237837
4428331.7284062589
4471299.3968701381
4618569.0372598302
4724624.8358388506
4719583.421476203
3032477.605980488
2997926.2781703682
2959393.5950133265
2875833.0973952762
2853459.2776702056
2868353.751519864
3325872.5976291336
3001746.3329790467
3096603.639039685
3100330.387727248
4157736.0006893245
4286482.4362204894
4325101.8198795784
4855075.5211269446
3961092.0272428091
4065767.2462927923
4148346.8025169061
4254894.1266062548
4496316.7513973881
4583827.705652656
4477892.7420385601
4559226.8518402837
4647202.4195229923
4617360.2419244042
2869577.3440272682
2806713.3979220791
2791035.0101760519
2810963.5159129258
2863443.3126547229
2917524.6267425921
3042578.2644195152
2838137.7844239161
3389631.8059271881
3367694.06755614
4030986.2142486339
4259558.8318652622
3552286.3608274553
5787541.0047083162
3817161.4028135235
3967863.2817937555
4047433.9705495103
4173818.2406913969
4511894.6612310251
4869448.777952143
4476917.8772734432
4509291.9174194941
4574578.409218736
4611592.2906848751
2816371.325039261
2776250.4854943366
2766202.6496413136
2786050.8272913145
2841377.9563070703
2878848.3816130981
2989560.0817438583
2867960.9945193552
3481762.3290759302
3583062.663471546
3986002.4164968026
4033312.9368825364
3116302.2945873351
5976446.1031940281
4428847.2264552908
4102040.0930816089
3897252.6911997502
3898352.8655963619
4233011.1277129855
5092215.4554838212
4441579.1375555303
4418068.2890223898
4418295.0342642171
4459968.0945080537
2757377.6692614872
2755217.9340509819
2743164.1573047084
2750308.1253857678
2790051.5375498687
2849150.0909088552
2932801.076037847
2872706.969097306
3390379.974347712
3710823.4227854838
4065367.2147454605
4200895.2033284549
3910348.1849450921
5568206.7293470167
4762809.2094250536
4504236.2301525883
4103305.0699555902
3820471.5140987681
3920266.9775978993
4759965.9426238323
4402618.2001906177
4408570.3162510488
4338032.1993138427
4339751.9221471082
2754868.2313164906
2733319.9696496041
2710092.3852498513
2708693.1042772648
2727592.8936581388
2786163.2579405392
2778465.5066517233
2698756.0943334373
3386346.1448508753
3759386.075937618
4214864.709340469
4234255.3507154472
4455897.086740952
5129139.149971283
4922398.1869518384
4719578.3476521494
4737050.903102221
4124212.4422611673
4052021.6364676566
4452624.2940282291
4426804.0432158662
4519959.8067310648
4388110.7471330659
4302443.3354800129
2757903.8534909319
2682819.8464417923
2614434.6575699858
2608075.9858190352
2631988.4117658967
2701120.47376497
2620476.7857757579
2507300.8295671195
3447640.9165798924
3874860.5371722956
4376915.5372070959
4242360.8416017815
4720320.8347210884
5015534.3012860436
5046602.0173220485
4912702.4364671735
5032534.4638045821
4404564.9214105988
4104594.6662417105
4162074.791058532
4442608.1999989543
4978547.7973673353
4399974.4701475175
4294498.6346260374
2749386.4831092884
2629576.145178142
2543972.9456454827
2495194.7386171492
2504683.7370161074
2592687.7093923716
2531254.3448631405
2433287.8191891094
3540090.3672010885
4112391.5587233156
4466212.0352859162
4229956.9299786007
4889619.0980999814
5151909.8641453879
5192922.1330077499
4989239.6170023829
5058533.600257921
4933953.0979326861
4440085.453705336
4083254.1201790106
4185360.4721743991
4793063.3605309781
4465054.9126724955
4459806.5650634915
2610367.7359248484
2545776.1305877436
2464149.8247847557
2402698.9117073189
2392287.1171005066
2441553.5422232482
2415606.4389480921
2381794.2790531674
3726150.0091485172
4416161.2246297076
4585527.8081739843
4273245.1873178948
4980351.6113973297
5703773.5274143843
5290315.6535215313
5114986.076467121
4713713.3367132815
4631775.0442240629
4937098.0761721153
4408812.117144309
4274378.2966319257
4398516.9406170575
4706162.5673014745
4765212.2354213502
2456577.0338057401
2439286.8002362372
2236997.820167969
2173685.6695054416
2219999.4723922424
2257760.0896733073
2242706.4531898638
2268254.7007620162
4239842.4814255945
4722395.0949586118
4691915.0449879728
4303620.712273214
5135296.2747579115
5738130.5714447564
5127204.9855344342
5248838.1754222298
4884889.7158645233
4723969.8135020407
5127279.8767431341
4595444.7766205529
4289511.036216055
4280305.3671616036
4841710.8134146128
4882011.2200535433
2330364.822025503
2251951.4630507953
2027440.8323655876
1974479.3842988517
2043482.5516839374
2096549.3426574462
2025800.0512081494
1998293.3992219782
4299385.6807301687
4895895.6038181772
2075925.7142462896
4662023.4408736974
4379566.5268370332
5505072.3557799198
5585967.4327937877
5092136.7610523598
5251609.2014369685
5468786.1871364163
5049527.5378025807
4896681.331522245
5015235.4046842325
4549323.63031461
4123397.9959623688
4649676.9916265504
4803069.9014322255
2278824.4073837902
2107712.6972377738
1955296.1848642407
1876331.5093524444
1924737.331365465
1982486.7897216706
1948890.2379552636
1824124.7669192001
3809554.0039640605
3747688.098091518
1704464.1185307966
4797683.4686499853
4509562.6060613738
5587573.0319137378
5463382.6492428919
5056656.5868616207
5138042.02878258
5629785.2570307208
5551775.5062325438
5086359.894622609
5179051.5257299198
5248272.7781317281
4690336.7252188185
4949590.0768499533
4895117.0390574466
2088306.9039634392
1954238.1336860145
1839450.5533505504
1773245.4307470392
1808049.5897359266
1883370.0311680767
2028975.1031731891
1641246.0576153835
3334808.1976738395
3099791.7974275392
1903364.0129623336
2976729.2646198138
5149965.2267588703
4657600.5424108943
5649429.505256597
5513074.2371198833
5153499.0560287442
5117606.7325433213
5634881.5557945604
6008790.2227951763
5541098.4610322332
5261140.1810565749
5447315.6472252347
5125333.1257709283
5092168.6698329309
4963015.4677853845
1798056.6545126324
1769525.0359008396
1735872.5327223295
1760000.6849138243
1687820.3541684872
1791187.0576171367
1977490.3847358047
1500270.8906448437
2948665.922186092
2708249.1005820571
2717585.5063083926
2977415.5711708195
3420558.8470445662
5490996.6687951768
4551463.7662718007
5764373.8371664807
5538260.5919812834
5146519.3238176713
5178177.2447554553
5728964.8223591335
5861843.5840040324
5675196.0340999272
5344163.7063168371
5182353.7981379041
5240766.3198306346
5283431.4339852761
5183132.1808171226
1626484.2982905968
1642922.8705071202
1714330.6821125373
1809505.0610220022
1559209.6705580105
1672794.7755718457
1775323.0564145264
1430384.1624049747
2668028.9364093053
2125668.3950183531
3348640.4252793081
3436666.1814122973
3584253.5549957217
3505328.7919181692
5612610.454374426
4840109.3399516586
6174129.3689376172
5545820.984842523
4995563.8614054304
5110370.4535850324
5632757.4768310124
5683922.9942361899
5561700.8885708638
5303788.3873753129
5179908.7552886363
5214459.6178459739
5267435.7982050888
5175840.6171586495
1463935.3297377941
1526760.7972918779
1609080.716223435
1661613.6500962977
1490468.233373936
1605679.4887707666
1701942.6081931428
1374242.8140203534
2356691.6840318814
1774313.2842705606
3316455.8520922149
3502744.6294189356
3463014.3505723523
3454088.1403303542
5726805.0962025905
4865008.3453108994
6385549.7999235867
5474715.0025153514
5006842.168747264
4914895.2783158589
5410496.8153067837
5601965.3545243125
5460573.5341047123
5296046.1375638871
5121064.0553001519
5117690.0241807615
5137816.2842794452
5154550.6484910687
1274310.9228506966
1406929.8067589116
1488567.8792352162
1560246.3668005106
1444537.6966753984
1557748.5209249749
1671158.9313620343
1409291.4011542452
2496797.1455021426
2301294.5197216272
3158315.4856865942
3286567.8713339451
3168602.5511621884
3137550.0735210488
2978543.7626195094
5730295.453154875
5008735.2146218298
6158691.4020164609
5385980.4337182399
5007310.4235833958
4885354.0710217301
5187202.6462462479
5477941.2190941544
5419903.3891436681
5291741.4770759391
5140513.3996104868
5206347.6472155182
5381479.1116525317
5247218.6642701859
1168241.7124272657
1341154.0135442889
1429636.1997670184
1500572.2393267339
1534040.9698367857
1498752.4722928493
1620964.7702759409
1607626.1917892396
2708224.0430432502
2664258.5936810188
2773325.4708593772
2964156.5273573077
2927928.0405765534
2881429.3197012288
2884578.68988798
5445062.2916313382
4910990.8567952495
5666773.7462068899
5391005.7932989262
5057689.4074884197
4949905.784421199
4826807.3139488501
5243807.8315990884
5323582.1753630601
5223040.1545739006
5176935.0387041522
5276849.0385283977
5471236.3873356516
5216696.5857036673
1338009.9876722875
1419896.1534819349
1472800.9764380853
1566134.5631561403
1657546.0850342303
1495617.412305672
1607804.5806331548
1736116.9835504049
2758827.7785108248
2911216.6880980558
2560238.9874172024
2740373.4753629277
2741670.4347963915
2646262.2173953718
2644908.5752666579
2754509.7793399533
5034576.4984466052
4600773.6015497232
5398293.2817186005
5389595.5609417921
5070845.7465386139
4902803.9256511675
4617867.4542860249
5099605.8628344815
5245646.9543358078
5115716.1684668502
5043504.4817296034
5223890.4441734599
5471603.9577640425
5081435.4079410434
1505505.4274075073
1520192.4288570513
1513271.1239987591
1592600.024397434
1641107.8451165885
1620968.3305661441
1590581.3142775979
1631629.1453866623
2609289.3055304396
2803897.2765610497
2522027.2154044076
2665093.7602242809
2660938.2081245799
2553760.1748122447
2513030.8495495124
2696462.0829259595
2647739.92733627
4678282.9565887693
4274328.8207330965
5211240.8246706137
5400311.0142749688
5086732.2822010396
4861735.2162143905
4681231.6816843376
4935400.7437760597
5133700.5011931723
5037142.0187692204
4918278.8670880441
5094554.5284608295
5343458.1976836398
4977412.0796544943
1772122.1412225706
1664748.3731984824
1594328.5204228498
1613117.0610142131
1681980.6912258223
1699771.9497910182
1533553.095874151
1563920.6880891328
2350146.2523571113
2481826.4934197646
2595758.5348609234
2612594.1523753344
2572788.12648889
2477521.2827859311
2410759.5091658239
2580820.3988492507
2507719.0919802855
2166358.8407579968
4374935.0392639721
4127795.9347239444
5048426.8195293592
5336448.9804738211
5102123.2492901534
4870348.0859338734
4831258.8052407932
4773815.6783999326
4995433.6256940952
5054491.588327135
4907790.5286653889
4924905.6436354611
5117824.3184491815
4722326.3594957963
1808643.6368410091
1736670.4024216856
1673533.2352387407
1601924.5827026044
1639516.0996728484
1704082.4711760897
1523363.3400090307
1534328.661943173
2072370.1971941411
2129926.4256955944
2668311.8066270393
2542297.6758103077
2499897.7803257462
2407652.038688642
2333847.7442258853
2376620.5416459432
2289667.0425624396
2041658.0555629516
1786733.1606484312
4105421.3434495842
3985282.2717827559
4858420.8387126485
5025967.5167021556
5063150.305533113
4880425.4358547023
4802965.4889288275
4613549.0727158524
4911363.5790560003
5008309.7893852489
4878873.117763726
4829207.4938257597
4965153.2873233277
4552681.269225115
1813292.1791507185
1792745.7146782752
1731108.1811457842
1683256.6873860715
1661912.6417358764
1685813.286147926
1521268.8863948514
1498563.127580825
1930329.272136668
1880194.0145519995
2846798.1688915407
2613463.2283668462
2496124.870752417
2397420.4354906757
2277258.9570058784
2265312.3581400346
1967440.1642395258
1886229.6955398046
1828447.2228298851
3941250.9684709753
3933813.1853246158
4772214.267339088
4796394.5514471987
5072514.4587141033
4861252.1504103942
4725732.6321299365
4611067.9045396745
4794642.0464922134
4906903.2031110115
4853965.5499994
4842336.5302729206
4810859.004403986
4303865.0613295529
1780664.6080237576
1757219.6539551916
1786902.9038909227
1825424.850342137
1748104.5513629974
1674375.9478965199
1580558.6113556004
1546771.3030885584
1830582.8430475099
1716837.496707099
2897564.5722010867
2642959.4076014385
2462434.0429061661
2388448.7920595952
1910486.4223001187
1891002.2968016854
1765087.1149329271
1752914.8382813865
1665173.2908820591
1342516.1729481097
3827153.8808999835
3910256.4923152118
4666190.1748570977
4677986.8024531836
5047279.5122457175
4860185.9452086035
4702931.6411643522
4719376.4228208205
4668464.3223954765
4763877.8134017279
4797038.8768411204
4862475.5634338912
4721375.626564784
4323452.1786922812
1813850.5432761682
1745319.1501651173
1795764.6284865066
1829110.0348092364
1786782.01147537
1685614.0119528319
1685356.5603155098
1676179.962142511
1708417.367094568
1590389.7020689123
2617570.7660718211
2492706.7935104505
2453296.1293003992
1950864.2505939247
1877184.5933627931
1775312.5103871205
1652685.9285404864
1608415.5649387154
1530107.1983867656
1308449.4566184476
1029882.1824349303
3710650.3464071755
3896711.914958105
4443254.6147281472
4519735.0019595521
5010520.4855469447
4847999.5949278027
4693721.4023893392
4688980.8193746246
4503852.377109671
4664773.2441990133
4757705.7792700147
4963853.4893850014
4416392.3650919497
4292994.0143498825
1799687.5921628624
1681077.2953746126
1812055.3710450253
1928037.2302852089
1887283.8566438002
1768516.3779194993
1777986.1614580159
1772335.4691484978
1666025.462259555
1508431.9996098459
2151524.8942392115
2188142.6745398049
1996851.9523744164
1843681.4321377445
1729078.0040738056
1615683.6284557157
1475068.6379655779
1443539.4722404431
1400043.4413324285
1171633.5814636732
1072378.8552198524
1012442.8126278642
3524662.3394689164
3764625.8832056909
4240324.415286785
4333162.1849401733
5013667.6615732769
4806029.964496702
4686885.5910433689
4660076.2649543975
4505661.5427423399
4600207.2991660535
4695011.2188978698
4631565.9455705965
4000532.6086813817
4157010.3851903118
1864243.8621760882
1757987.5140229329
1996233.0927894942
2149059.8716537482
2057793.8924410676
1927440.0583972186
1887825.3389455404
1879161.4520874072
1784307.5600975489
1595446.395925089
1659160.5783926512
1625030.3984605686
1615476.6474134186
1584578.8271741094
1518373.039637147
1411692.1280041605
1287440.3900653182
1221616.6859054356
1222661.7157320052
990954.69798850629
960721.2435927632
982566.2821441954
3435884.7052616994
3618237.1669179779
4201242.3021586714
4294712.9319720445
4629978.4093086869
4670103.2029868495
4651949.8250345159
4693076.3896197192
4575367.9496333189
4454681.3561557019
4459043.3802819559
4370371.7789875381
3987888.4411734496
4007053.080137975
2020901.6817350679
2039127.1791558019
2218087.0505455993
2305480.2534743608
2219951.4310891796
2103800.2039689277
2008633.9237601568
1996597.2319562326
1926184.4233577221
1806534.1862735157
1387010.3468336889
1418783.9405591665
1419865.395636261
1377453.4639974632
1308343.9418347403
1253215.5947847331
1189816.7289674324
1141183.5402945017
1111859.6323849997
949902.17302685685
935621.93468865415
967715.76771303278
3430599.7170720524
3586443.8545879531
4182063.7735388675
4283439.2537932349
4519654.9282790041
4665232.6807240164
4645678.9738539262
4682105.7881350089
4513755.9441435533
4318774.2800718183
4262257.187588878
4118954.6339709079
3905533.1228221389
3873308.4760137075
2308339.0045559332
2293767.6004258217
2408961.7557597514
2482779.3246479626
2424552.6195612405
2368110.7490803129
2202014.9965603291
2171627.6580538675
1984841.8364355695
2018793.6256007056
1245789.3963611322
1291255.0242178622
1283096.762835081
1235210.7664920145
1211506.7073509733
1204235.6388397003
992815.68469377921
983052.38207538042
934305.65348974941
856987.31512350438
872141.97876715823
915227.00014084263
3355122.0900844107
3509112.8117967676
4073912.8225484327
4228099.3707002476
4454851.8092396613
4651844.8814274855
4629894.6083653038
4610288.4138715174
4475376.3817432281
4243003.1007124558
4167744.3230252587
3914925.8234541835
3794671.0850317753
3792448.640106352
2561126.4195104693
2441328.9975857623
2491796.7562624966
2580133.1887463829
2546502.0516093415
2471018.3709189487
2328362.9289171183
2339009.4086480443
2107281.5978093697
2188123.2191872848
1144164.0413656754
1209630.0253027247
1287153.3901783612
1368218.1368600682
1077397.9617409122
1021127.2573411771
928319.9135410086
847975.74939732114
764252.97577184287
710412.01558105322
627229.90037572419
717982.26315678365
3265287.9843452233
3451546.6940860543
3942270.5035905098
4140238.4266647343
4347323.8690205161
4615491.6385254925
4575934.6651898958
4508928.0742963143
4423487.9101377586
4232908.3879455226
4201274.4899068307
3861561.6000618003
3751507.4783706176
3772640.42753061
2572784.8767484855
2613504.4805606282
2550492.0126073216
2443637.4967874479
2367317.2227405556
2372212.5788855772
2171033.5867747073
2285712.3343491848
1164520.670976833
1366302.7713021173
1288767.3209542644
1242618.0732963486
1114869.3667712866
1004484.8984485116
880851.8636580538
752782.21756198595
669003.00042085466
606335.93161598349
543575.87109692511
521237.12959030428
3235908.1894415775
3389176.2343833931
3840594.3405569424
3997144.941826995
4160264.4291746463
4494508.245847336
4462975.6255389601
4407554.5587463016
4331668.6800186224
4182782.4694707082
4052827.8235228905
3810581.3107958548
3712044.1498145182
3753343.746770435
1100666.0810841504
1142594.4558043233
1187563.0339620134
1058685.9174076987
951615.5575867825
860212.59451408416
736224.3255899878
644883.46792937047
580089.23005156836
517927.50107177399
453318.50622476911
424351.06904821505
3212063.3032948468
3323609.7911272058
3862337.5247072373
3942062.1460829135
4095729.457889569
4427803.6187496921
4466283.7642187141
4323792.5630327277
4216043.0214559715
4088253.3279583319
3932208.5919429488
3752205.7543428354
3655375.1437042467
3689350.4637047611
974155.12363869837
1014005.707361164
1007890.009788118
914743.4636977386
850026.45140855166
784202.40711619589
684806.55888750695
592835.85127507034
484452.4297293385
415951.10509069078
341884.03102620319
310824.40875963483
3110256.8572372999
3266230.5616896176
3867863.0198445031
3895498.4975842945
4012670.8675481207
4291234.9253490791
4405589.7012011828
4195152.4740326237
4098848.5556791946
3967341.8159294636
3786554.6154217911
3652186.4709570166
3579823.984847134
3641161.4828944011
981680.67021198454
1016345.420295169
951364.17982506286
815483.45131984481
791624.59954099054
749797.33733361273
556516.22518864518
498247.43185375287
404600.10656044655
317637.66540416563
232320.47245774799
192011.99332657707
3086306.0289833387
3227443.2338267122
3837040.8136230567
3862102.3852510676
3947636.8580628121
4085850.9265724681
4345124.3506863005
3986005.6733473944
3954998.6945206542
3856856.1683876351
3667648.3138304488
3569792.305537248
3508903.5876280144
3745022.8898569201
928792.05029811803
977645.70927384787
893769.0761073461
741123.40740753757
662498.83062450856
652875.75250043615
435519.36636492162
369594.97903755045
303176.204415632
209568.99718181399
118446.6685441505
81929.2001534148
3104135.9682571623
3179544.8751644311
3728835.486037178
3801424.223033783
3894610.0073518874
3945997.5555639053
4181916.3849436566
3906861.5296495105
3820754.7759668976
3714310.2275346415
3528653.7686130763
3488004.9675567215
3451266.9855850139
3742738.0370309707
935313.9545882002
928361.10715384304
817366.72104841087
663013.93508095993
526184.71039840521
486868.907228878
386605.35026334767
273593.95294602797
187642.54817283797
98483.668536511017
33600.435952754138
16874.584490437079
3153137.2026172737
3192360.416091674
3669418.0927245943
3758891.8155859374
3834741.9993617879
3854314.1941186846
4082157.384872267
3859259.3015384907
3722012.9464477017
3620280.7012300277
3444353.6029083962
3359573.7359920642
3325304.839874946
3506530.0926761352
889393.60592701577
870025.67951670231
696704.8958826093
530120.89133771567
435109.67958313035
377019.46310231305
266584.552289924
166221.06006176479
77819.811221700904
23038.732993612288
2626.7326267676385
1227.3955711899246
3068063.0094197555
3104787.4862424475
3584187.4174048277
3705153.7156618396
3781961.741831393
3791134.8970069336
3988289.1339795412
3926840.0374391102
3643391.2000683905
3609340.0325832609
3481328.1048318418
3291607.9373748219
3218479.8304933701
3318759.1964213601
809405.60404822207
782717.73543985013
604681.6235375664
458343.88645548432
326022.01071510668
259893.31122539018
152657.17683771296
63218.118368897296
14051.612873084758
1023.6815972236679
2934585.3491441924
3023504.0997963543
3596218.1772151208
3659469.52562522
3723789.8012799434
3745709.4071717956
3812959.2557889293
3965389.2148765195
3545066.7911912561
3545066.4834802807
3440424.1134986705
3186103.3381319209
3056136.1359340129
3027767.6085845521
687627.10757861042
654283.49907332903
495240.47958576569
395985.91993696237
211016.28987694409
145368.95921322567
52892.57349780354
9147.0115082007233
2942380.2671134081
3211594.6392084877
3619807.6850097743
3607439.5199910146
3676310.2737538293
3710552.2643766515
3676625.190029351
3869095.5149232978
3648753.9140551132
3616661.0808749148
3340181.9992448152
2954750.5960836136
2896003.1323997905
2827741.9769845568
549956.65776607418
516155.24621791433
363001.35525543871
300622.39969456993
101976.72501654754
54731.838418380488
7887.5304676383275
2992924.6343785794
3305365.4511074279
3329163.5202750727
3577694.9693004442
3636952.0283297156
3659245.9011805067
3629024.5800104639
3703888.0444903499
3707764.6132587143
3879494.8863734035
4128790.6538394336
2716742.1468617842
2702787.2103885291
2579086.0176601517
429404.65114791732
395570.99242680916
253861.56510067414
214536.37676971706
27251.637912569247
9560.0607616631769
4125279.9039745084
4298724.5321736922
3973271.8484348292
4073255.167205337
4038622.0108263372
3973698.6774412594
3867737.3202016503
3744008.9951402312
3759116.2805566317
3752812.4924958046
3139196.7629801496
3083644.3659518943
3046553.8693082333
3109743.4598145708
299424.20587649487
263529.37461913651
159763.78880466512
168341.36064028708
2782.8020927218072
3527611.7806127062
3669399.1388234044
4269676.2871255996
3994052.9411947299
3999158.6766729364
3932637.162601586
3837243.8176892623
3668900.1921757734
3562852.4911233336
3429111.1888539763
3342510.9121836275
3078211.1642426257
2839359.2672767625
2688371.2340940367
158922.69096333455
96720.371588753595
59520.014159166596
3502003.7457902385
3308394.8713177103
3603701.4227725365
3953879.6536583044
3979863.4765219488
3870480.6140310639
3764303.8724362049
3606861.3369651129
3396140.3517384706
3194515.4748991174
2997751.8410411812
2957020.6898760065
2695126.7424030397
2341144.267327589
40328.189726093769
12353.520660649117
5633.3102786799609
3823192.6879938212
3529042.7732102755
4104736.5845094603
4006803.245266736
3982546.9331061873
3777754.9271340761
3661419.3355863579
3525655.1944738734
3242328.722359925
3025922.3509989982
2832203.3499737708
3002879.8145197397
2656529.9349892349
2292462.3251934536
3280.1080766761056
4306688.4326104354
4070585.2911813487
4210389.8101925906
3795112.8344838303
3866055.1980500761
3710483.9314262369
3547940.0077697118
3395416.864926483
3151163.631428706
2993769.2217807397
2833913.7459398797
2943613.4858313315
2625252.1798487562
2365652.410290366
4742536.7845400395
4240577.7492204169
4115294.8128020479
4161026.9935902767
3731224.4550000466
3689274.7565092924
3496410.7050460302
3339218.776845335
3091885.1714236867
2958470.4197587273
2873595.3592157909
2823265.6819127132
2576344.1690137913
2353325.9423355726
4957186.5540342415
4263277.4015546171
4056363.7800224093
3857591.7563749361
3680046.7729324792
3681535.8416593252
3528589.9396673487
3332310.7620224589
3057922.8019253979
2953835.8601902858
2862607.1134451148
2648101.9436974917
2512468.3540452085
2418777.4232394323
5175643.328579708
4338428.2898856793
4082400.1951806475
3664587.3302252782
3692234.1581795365
3631572.3359282576
3490019.9183802567
3275755.9338552654
3086308.3675865624
2922094.515115472
2756663.3357679276
2396827.5280228234
2370637.3034369485
2286993.9246915532
4264094.4429439912
4198960.0132075148
3603578.0442715562
3761193.4225089983
3613856.0612486782
3433923.6175862961
3191558.5323916739
3029641.8526392723
2833122.8449406344
2667188.3026373065
2168235.9529075655
2149687.9002859974
1949188.2463109812
4284474.7280219151
4282166.6128338892
3490222.4216239369
3776876.7032037722
3521776.4519669903
3346533.6548647736
3123436.3627855126
2929646.3600703282
2744343.8853780208
2599106.3875167267
1888320.3371732528
4451276.6586621655
3456332.1007350348
3733693.8232894121
3382142.2536328966
3260159.179909985
3092714.4453867925
2900421.4884418366
2670849.9338358035
2522224.0410629176
3963428.1005767127
3226489.8868982401
3286699.1848096168
3209758.8252461697
3042489.3958466547
2855475.4755106797
2600496.2326081027
2426879.0292097665
3295381.7947663087
3373968.1972086928
3181653.3831045022
2988445.7210838273
2780168.4782260368
2520795.7585618356
2334167.703041723
3261805.3835020494
3653913.8212225372
3214146.8807647442
2855647.2771729687
2645783.9419755274
2467564.5596038327
2278019.7457086253
3059142.6561232982
2762305.0220705546
2478126.9287571162
2356946.067216306
2198899.9448913955
2937657.5271150228
2710051.4663718217
2320174.0283936127
2207739.3434083019
2100302.7444650517
2326931.2007848504
2156942.3543962883
2039915.4874565164
1982284.6688176936
1713511.3232428825
1925924.8908263731
1867231.5862157224
1588905.1026270844
1983063.6823282687
1805620.4984457623
2927839.6953799087
2479436.4219105169
1922543.8543961248
1885982.1096701252
2055869.5864430398
1813517.3315068339
1754637.9589628114
1746065.414483048
1728935.0743289834
1636808.1299034215
1519567.805595478
1454637.6364076892
1460978.0850056934
1525634.3634415634
1592502.2318139726
1622417.9302612853
1887310.8583460427
1818617.0145058404
1867925.3423124216
1958822.2838195732
2148192.8833604041
2232421.9300248204
2072932.0334809483
1886229.103975232
1793477.6412553582
1584206.339163786
1850333.3838585843
2088827.1478683059
2008934.8836020187
1899139.900643982
1895012.2448737915
1849827.0662977372
1792512.67117139
1649176.0854576128
1450886.433261229
1440948.1658803821
1436060.6815892882
1483018.3885293596
1536521.1483418199
1577045.1867331341
1807203.7916728144
1839276.5002821616
1901236.9256340277
1971033.2494911118
1990693.3422425373
1981567.3728700781
1917176.8916697488
1769063.1442336594
2035096.3900299177
2173599.1778388172
1877924.7262247603
1838375.2429735574
1593301.1166808987
1752391.7071669393
1846178.3825069412
1838281.6616473049
1867840.7846366393
1894607.0065134754
1908235.5257223789
1753169.3128016326
1756384.0649573535
1786560.9205398711
1773771.1250888682
1744868.6538850989
2041845.1828897118
2091693.3531089651
2133410.8120220662
2168403.0536194737
2218376.1649661935
2282846.9037040621
2302603.2450252809
2376947.2274589613
2649856.7428003177
2144112.2279144004
2051004.8627963592
1959069.6068592167
1611281.6612542646
1692019.9420648296
1755054.2768778908
1771997.8259522079
1790206.164302059
1803705.6735115813
2175529.5759167257
1712351.1673255251
1740412.0187495605
1768504.181853987
1761404.5104064585
1751867.8150693264
2034634.0286935996
2084292.5429824267
2115723.5993546424
2133532.3411085964
2132571.2065036367
2170563.3748196205
2159889.8730398887
2097751.8541565691
2568750.1794846444
2521084.0970105994
2270901.8267107508
2086222.4274968423
1631346.947054615
1659251.037844755
1698645.476779033
1737274.6319375886
1756051.6933523188
1737274.2174373236
2339264.0470038448
1800761.5222064052
1800579.1115219528
1805476.3994347523
1799926.5075288294
1789409.6322419334
2033273.0961412303
2085855.3397490247
2134035.5023301984
2151231.7202462214
2157355.3997192052
2200172.2467327258
2208625.5548440618
2153039.1645419225
2595126.6824417626
2491467.9961708356
2417750.7201158926
2164852.0870581376
1605069.1327006628
1629684.3390927713
1659814.3327759544
1707439.1161229813
1738514.7957181269
1816301.0446317983
2017464.6488575761
1892841.4850821272
1846758.4026024698
1848294.8780274899
1840278.9935711971
1839525.7861419274
2039991.834238217
2068903.7217674311
2124859.7677162732
2154726.8097324707
2183328.399114843
2248710.7257377175
2332190.8876103302
2406537.8752333685
2277029.4579463671
2317443.0586174233
2454293.7775569186
2208670.3965964718
1569342.7418406582
1594864.8691055877
1635503.9478065884
1671237.2331460826
1704356.8519665461
2199436.9008668954
1765540.8574434058
1830258.2105899665
1828195.7510236795
1838960.294080205
1845306.2564757788
1866248.891455617
2036825.5970125017
2094830.5813875783
2139100.7582529145
2169623.1277848845
2203263.4916115748
2264615.2568822969
2404584.1065688259
2694286.676497485
1900677.854615337
2041195.0474821939
2348685.0016623856
2183374.4775493336
1506485.4017691042
1551488.8282147392
1585813.110494694
1594246.1516645255
1576569.3874048961
2256057.0685837707
1702796.9550309149
1768194.5074256288
1800455.275983165
1815444.4464694564
1842075.4332630839
1875521.901458344
1996723.5984233948
2065014.3665986063
2127836.2940695179
2163090.573567796
2190046.6784969708
2230310.3301005918
2341437.9442084352
2660814.7726509972
1700069.5654295655
1913165.9681385406
2107393.4223172814
2075908.7925674813
1478714.6900413637
1507580.5206719353
1534093.1470574217
1547404.1636261323
1549505.1441611135
2186717.214655879
1776821.3831578097
1762672.6970445381
1783175.0532455307
1807696.7564024997
1848516.5182905057
1894087.8082605042
2005091.0277583187
2033745.0420090877
2076665.0749699438
2115936.8403963964
2132940.1950424109
2167297.5843069623
2236194.4760843529
2398823.6101946137
1734493.3505575797
1927804.5436182423
1848137.9740043292
1905838.1875933642
1472905.7516280666
1494176.1824473855
1503100.6290926025
1517696.6527997206
1561058.3295596011
1994284.0354716205
1735573.610132264
1736554.2741582824
1769725.1329641754
1806091.1610266
1845209.2187476063
1866260.6583558477
1993527.4909826859
1994947.0519844096
2043856.7875055226
2059356.0494025899
2058551.3151103749
2091822.9305364024
2126741.7332689925
2159343.5659267316
1839060.438770066
1991217.7723299151
1860075.0008263008
1869746.8383146836
1589217.1129893179
1529241.9754559579
1514235.9381654889
1515583.8709402429
1464096.3584652699
1945779.700735664
1695727.2446912259
1728187.3453211421
1771417.9983786379
1814774.1768341167
1860258.2205341251
1903243.0918170777
1946790.9674947092
1941896.5114760953
1958630.8749889776
1938950.7036128764
1941974.7830258054
1963031.8197396824
1970919.6376180556
1935825.3169368342
1905981.2525384699
1960706.0534241404
1744920.6049617871
1336013.4829575091
1528826.8333339056
1505966.8867239908
1522439.8433712716
1574049.6466432018
1354866.86248706
1781071.9223462672
1690419.6429547968
1670299.269192656
1711768.2230044552
1783301.5653530424
1848475.9430016573
1932101.3499341442
1882630.7049811997
1884363.3517475845
1865974.3603930951
1836303.7277812522
1835102.6653402501
1837107.7515039872
1827580.7716776824
1764404.2320150696
1917475.0129833873
1874422.927310135
1472451.202367906
1076619.5862552337
1325253.7319307514
1416729.6537854907
1460478.5319505348
1482740.3924631022
1480135.698413851
1723352.36677041
1679641.5379949161
1678498.8286389781
1720877.1896163733
1793581.0628516825
1840576.7712202386
1893570.0998432348
1801911.2371601926
1805612.66489323
1789158.4732669718
1743926.8954674096
1732402.1347468719
1745712.1929515994
1744573.208165453
1699130.3228063462
1893299.1495224489
1803387.3473619591
1222996.6646389593
1261988.7936638924
1268987.4896662193
1328669.0800966732
1349610.9437413905
1344537.2369008518
1480194.7223548661
1755014.3097501141
1665855.3129016685
1650628.1242934756
1701486.9790027852
1765343.0984997356
1811933.4689316347
1874343.5699901651
1697542.5083277819
1717165.9722943301
1736477.9968627649
1634289.8532780192
1619202.7298938094
1676416.2372521469
1708998.9190891194
1684941.3828994301
1779636.9766997013
1684300.8134951305
1225928.7256073593
1273085.1307227558
1307078.5850412089
1311252.6881619142
1340222.4170847887
1357237.5274964818
1422507.6680280108
1660346.1957740409
1642362.2773002936
1637530.8842886742
1677945.1060730971
1739901.9735795539
1788580.9396426778
1882237.4716939135
1593555.8194616726
1608667.6290926472
1670394.1248722035
1502694.8297103303
1463918.7256961423
1700480.5748253176
1710882.9040557616
1708012.4109235753
1657389.2508140341
1560654.4238039884
1342177.7590900252
1326470.700331639
1347743.840621402
1319902.325784967
1370822.9864085512
1410918.354165249
1452427.3720405186
1549662.8751827974
1602073.4339184498
1634029.6056296858
1668375.8504920623
1710576.4693691237
1729151.8931120348
1935536.646392337
1521906.5441378308
1506659.554639206
1642621.6076729982
1504536.6913392879
1424947.0808029606
1758883.5859071882
1720152.5281742436
1702881.9019643308
1568044.8059054727
1503916.5468445392
1351333.6063450098
1342808.6159500487
1353528.8063946823
1329148.3276345097
1497893.4728079934
1467389.3448369065
1467195.8070684385
1498901.9085126284
1562384.3771197447
1614275.2463150132
1638724.8443645297
1679858.904823252
1725334.6050152394
1917387.7655178406
1429179.8278191297
1403663.7827361047
1566595.7249358946
1536912.5025071383
1479216.3211240971
1764602.7038776146
1732752.1147887688
1696326.4656823603
1538442.8474279211
1505369.2748830342
1367108.9876316013
1373443.3842653744
1459912.9976893461
1624028.6987578024
1674099.5653504606
1503761.8265604256
1448736.2530218381
1458775.5098999434
1509638.1417583409
1566006.94864256
1587135.0491356787
1630973.505762432
1745095.7398460333
1844484.9983557682
1342202.5959000196
1319548.1293422601
1524436.1097572888
1482381.5059932889
1429182.3622691657
1753854.9634395789
1702566.1465848368
1641445.2945100651
1557397.930104845
1532877.0426360944
1410056.1730609119
1429619.3041736328
1525213.9476166801
1662160.3890414285
1626465.1963814883
1478032.171497849
1425409.0158243112
1432322.788086208
1470711.9142807017
1520452.6362172766
1555017.1093241777
1615656.6948807244
1711626.0413751449
1779537.5675234967
1285366.1878626284
1289778.8215844494
1493225.6288542687
1427865.2608494933
1396570.9163599913
1432394.8917379354
1611677.1847527504
1532980.9942724563
1632144.8702268566
1593343.230466051
1463725.8227337541
1457392.6922714151
1562475.2612401373
1585861.8706654808
1884983.7177817032
1438590.7242959563
1411536.1758187765
1429310.7741684383
1455704.4848864402
1502007.2627507288
1545459.6922805093
1595527.1411386214
1665086.571613488
1733163.6601633509
1298510.9818358757
1410817.5720940896
1420316.2696437915
1344844.7985350257
1305753.44991337
1288120.6824760318
1517702.373370524
1453418.9260636258
1734876.0986326272
1683893.8590497039
1485369.7580522245
1492829.9104228676
1659938.1231267159
1621724.6561122271
2123427.1347288201
1359217.7048931199
1393564.9829755251
1427860.0697796636
1466665.7065944686
1501838.0345196419
1535019.6215988016
1566430.5735007408
1619836.807205925
1673652.1995484894
1279699.9175469987
1341681.4522680347
1241329.5798614565
1240222.1944011783
1230068.2837612897
1231829.596657264
1423405.8337967272
1382967.8938653579
1820718.0173863843
1766007.5056708083
1504709.8871153134
1517635.6998776207
1762079.618903988
1635700.9801679787
2070155.5539647769
1385021.3293857996
1405112.394258315
1425751.4431768053
1463444.7042262838
1494808.4425723271
1518986.2010224611
1542904.3537673799
1589013.2481745041
1636294.3506151687
1245532.7260892631
1254269.2486014217
1253754.1971730981
1228408.2301281639
1198860.5832513936
1205063.2919920967
1334283.5999914343
1309274.4586716208
1896575.25712817
1886827.4770090303
1536728.2068207623
1552514.9794987205
1809137.2456248323
1578228.7499178555
1983746.296522808
1405971.662379401
1428224.6884293316
1436977.7835397883
1445633.8129928815
1471059.9211636216
1493923.4012970307
1525284.0623863256
1562463.2645100956
1614000.7814845715
1213221.0968394852
1212312.6437219644
1219542.5498464557
1198425.7658345865
1174354.6961964874
1185809.4770044228
1268574.9472568012
1249942.597054936
1933385.3880980881
1962026.2360977444
1538942.1483308196
1575518.4131581928
1796446.5824147931
1654028.2898129993
1851563.7686953286
1426319.7260970841
1434155.2297063873
1440335.056588934
1441657.1653656072
1449397.0948611742
1472076.6584390996
1507190.5768062088
1541446.5308930851
1596156.9702385142
1177627.9170605862
1180020.2056261292
1181594.8770546115
1171929.2326815338
1169471.8431714925
1187937.055123206
1230485.6292854971
1195926.3016441113
1916478.9156557114
1969095.9006819411
1556183.5712765178
1604671.7455057227
1770048.2843386699
1680487.2442458288
1767975.4994835937
1422294.3102791619
1435421.2927600325
1446964.1994653989
1450757.9621748447
1444254.6417655267
1465026.6380229769
1498430.9550092504
1533078.7066871952
1600982.2822845681
1164355.1528440476
1171545.6543571674
1160090.5450415527
1136167.9518428436
1131778.3830369657
1244424.5125507333
1243328.2913746845
1172324.0416530524
1872631.0620890274
1886211.3844368856
1633252.2446551945
1686015.2555388755
1662510.4478279606
1675162.9721637038
1712694.231278684
1424202.9234678491
1443628.4486442257
1452110.191319197
1461594.8884454186
1456787.6750881618
1469100.9533374333
1500121.8917301917
1538575.8730528876
1617828.1443076197
1174932.8243116182
1184001.2704376522
1195554.406246999
1234886.8388082399
1284481.3025411977
1364764.5053289849
1276977.0672945331
1203837.207075926
1774295.8910139366
1771078.880160671
1696768.6933428058
1672471.2845740011
1525800.6562018199
1613910.9231276272
1632608.9132267563
1461367.8949444527
1463292.3358606857
1470242.5322693828
1484370.6043350569
1477890.1773010632
1482096.5615010227
1522362.1896346461
1558428.5963963405
1626849.3620749416
1177370.4327467454
1185848.9270613387
1200464.8789114209
1222625.2723961631
1254003.4461406162
1209846.3220253976
1256100.4816307814
1260607.7168104274
1626685.6442033737
1612203.4519786022
1720371.9457329637
1701154.3032428622
1521853.3842921709
1541765.6706643039
1575289.0436893816
1525920.0763873006
1497137.0867557216
1509363.3277272091
1520724.7304159936
1513260.5261257077
1510495.8528824092
1575934.9967949258
1606210.3039521929
1666781.9405456509
1190300.0211294678
1202545.9137367916
1207659.8089567637
1229872.2141576121
1263037.8697004316
1267200.6194964745
1306798.0268362912
1336121.1607205875
1548847.1953258114
1553959.7115292971
1743123.7956992772
1753902.2306687683
1500656.6440752633
1510612.232022478
1524216.7914970424
1519242.9226264164
1518394.9440306008
1534939.8112165625
1563160.8582097986
1562953.9854613966
1534015.4998384747
1647549.8010691965
1692415.8108702509
1753502.91244452
1235480.1378503405
1275575.3908216723
1313869.8792429355
1324985.9248563997
1259204.6807481754
1263814.652645234
1330949.9610966707
1375634.9467317606
1560619.8535175368
1591347.1179643415
1708501.9660137126
1739048.9152519286
1472856.8267276171
1493563.7318514767
1521648.0024346381
1520174.9254744593
1533248.9796417311
1556625.1761686648
1598080.4802123238
1629550.058928597
1719210.0974179031
1757473.72088883
1796440.8826523109
1864758.1705475522
1280369.5465448524
1313845.5222736187
1307057.377374189
1240019.0656057678
1215486.3098306407
1183635.6152918704
1354935.4915017842
1303466.9069316988
1646320.5621561327
1660954.0921701987
1697742.9347599512
1740761.2403608896
1671700.6943901244
1495524.3663144154
1538543.5909541482
1530604.2723734046
1546210.0106209968
1591821.1832712367
1641400.1055858098
1661943.9734281562
1707325.0336223724
1790101.2622846565
1871924.3853143901
1944385.1728481296
1299597.1398581855
1314465.2091361033
1311211.7266960642
1286172.3878407574
1259584.6481845898
1243491.5103282519
1291163.6642353002
1162719.5685811539
1789764.7254484214
1793359.9737747363
1636821.8406888798
1677944.7444614398
1600358.5991888356
1778335.3541809947
1471562.3535019155
1519459.5007248577
1559478.1546788602
1608306.195223981
1700780.6558457687
1753890.2036469628
1758553.2197499571
1839704.9432764559
1939307.7810162653
2018353.4312174355
1311021.1605533669
1318049.2751381968
1325710.5823510566
1329696.4771147668
1335132.4810926158
1342937.3032496439
1170213.9861077443
1091736.7983376
1950682.4563724531
1939686.1720112157
1590224.4954776547
1668336.6507258858
1417492.9629212357
2076056.6639545928
1421438.6281552839
1499641.0486905822
1545890.502063856
1612776.9814418673
1739914.3727933376
1885031.849846859
1814384.0053554596
1883083.6581178412
1981357.6186980854
2086550.8191256269
1321554.090565705
1332742.8993479852
1349338.1887116267
1367734.8000104076
1379655.7577344154
1379829.7967643528
1156535.5138207825
1109854.6052477793
2001181.0433907185
2061068.8287859324
1583384.8330723108
1607741.3941633634
1304662.7374017753
2134075.963688761
1643928.2611533178
1549017.3439684049
1514217.29539131
1549696.4423092634
1679112.5634370106
1983767.4889163859
1857735.3483304342
1894014.9763251264
1967894.4525110086
2070755.5313239659
1311276.0728085882
1337558.2462719348
1354303.4781342375
1375392.1863514083
1387661.6023415946
1400868.8477970045
1193468.4624164139
1169609.8141390076
1949371.5860107089
2135138.7783980202
1628572.4157148397
1673636.4594618869
1553120.2826421214
2031700.5239797693
1751373.542165431
1684694.674758838
1595646.6077641759
1539644.3070437668
1600935.1384809723
1909005.1007541006
1899073.4266653697
1930164.26503171
1971842.5962454905
2031477.4882110024
1326786.6804580016
1339459.5404392539
1351194.4452377902
1370924.6934769549
1378235.1471073474
1395791.6475589636
1268797.241063776
1232701.9132708898
1944633.2181651567
2160190.3702268093
1710701.5311674133
1697546.868912312
1743149.7782444933
1917948.7240964887
1828493.2709998954
1759718.7340589224
1789809.3014326331
1660953.5703542831
1662586.2380547253
1839277.709773741
1941663.2248978405
2007735.9264364003
2030605.5184767805
2035044.6960844062
1359813.5901843002
1330617.7413238005
1313600.4671988706
1330772.2301641265
1346202.0169887831
1374344.8401862085
1337398.3765746888
1279224.9302562256
1973802.5280667101
2222361.3617108916
1806820.4579054837
1724997.7836265194
1864649.5552897213
1906784.2342126456
1903928.7933868635
1853989.7826090141
1891701.6886968969
1781153.6186405593
1710432.7023972331
1777166.3586983683
1921789.7646220145
2193193.6901234183
2081021.4469883696
2066380.1429827453
1370147.6315142498
1315805.7936052841
1286640.5736487831
1284435.5998275524
1296700.3226169539
1337864.2532486008
1350545.6605445587
1299031.2665865328
2018374.5784530013
2352574.819952595
1882498.0755254242
1755084.4985563951
1969333.7801594462
1989453.1686458855
1976550.9148255473
1899892.7400031381
1917456.9808373998
1927408.8584500803
1863510.7285054412
1778599.9842621081
1860142.5349303628
2109621.3314920883
2164937.797401859
2172993.1628814684
1305631.2905013789
1278076.9657666418
1253570.0379524699
1249047.8305970419
1253472.0475392002
1277345.4509315642
1296213.653542164
1274626.3673376795
2125717.1119033778
2511914.4616200682
1970241.8388015484
1813454.4714269522
2080720.1542639267
2251093.8652658216
2022972.3419874164
1962368.8576392266
1925119.9178707497
1931548.5385633188
1986570.2759200814
1930661.9154185553
1912626.2341543648
1971917.8183045122
2288600.8377648173
2333952.3338166722
1221260.9853245034
1210038.2193065863
1133421.6381717315
1143130.4849496121
1177113.2404569718
1195730.5178555292
1209518.7505552764
1223467.838847633
2387981.1935851206
2622371.5016561477
2045240.5952882045
1858472.5126708308
2211092.6827199818
2367284.8876525564
1987092.5327585731
2038757.7815777226
2019492.4875322368
1982813.0302562588
2061295.8589631165
2028807.6628664988
1955038.2725937041
1980368.2973512323
2328975.1105984631
2406920.6018344997
1154179.979271289
1118497.6312256213
1027735.1177377461
1060371.8172322845
1095890.8708447651
1120491.0392584859
1095712.8448731767
1086295.1149959567
2280490.9599268311
2524565.876996682
1061021.7263316761
2064581.4218462023
1919365.7544765812
2386403.5240470814
2379325.6711664358
1978375.9222694344
2046511.579932766
2151450.2712829662
2082184.5353264518
2062874.5737854501
2103586.8291115011
2090377.4626657472
1991230.6091476586
2210608.5838855417
2395936.6062312713
1128067.0425591606
1046157.4633099975
973927.95418800099
1009405.5915261179
1034207.8764612492
1064115.4224209045
1034505.3446550841
969396.42429768946
1808845.2175426728
1596829.8323170361
770982.1559980287
2159654.8542930796
2006425.0786919454
2453227.8805633942
2374903.4468392478
1992676.2318465968
2118114.2965629203
2330519.5831052144
2300749.2847874942
2159464.4602146712
2185353.2724283743
2297657.8649774012
2248337.81400591
2381924.8383372216
2456210.5083634858
1033881.3217862769
967285.10841303586
911768.46071750473
950816.97926590417
972886.1416503865
1020821.902190852
1070878.4904840158
821193.82516900054
1498077.3149471467
1209215.1552892544
787526.7055973747
1373586.1601544423
2350460.4578931248
2091746.7373290919
2522554.4241265897
2446841.2555912714
2098829.9964239825
2183682.0239851084
2379403.973968171
2441780.3207881739
2303469.4641643032
2250019.4094339069
2393871.8304352174
2407658.2583071804
2479438.3411011784
2500847.605335454
889059.7899099841
876648.54359509796
863403.57957116119
931487.4914988653
915182.07446021971
979866.05492558528
1068226.0913915536
706158.50599385914
1361014.3544449185
1279616.0736005784
1348118.4709094274
1618738.28788973
2011128.5699058399
2536810.2223737109
2071955.4349928971
2566830.535904082
2483435.4575843452
2246389.8070329516
2173391.9730343614
2358439.3921155958
2414803.8859564997
2386520.6049127895
2250127.9867468071
2250991.73599242
2448096.9294873024
2570250.3447848372
2601774.4775516051
812233.16921437113
823839.37023666606
865492.7160148673
928287.16835504759
864241.52545600641
928241.10866918357
985661.02339176869
673150.85309549654
1272076.1220464155
1155256.0118951409
1926082.2014061904
2047478.7547292991
2186626.4702230259
2125487.3096029181
2622193.4286065358
2260271.5400150768
2738388.6896383977
2496948.0093410686
2213716.4489458483
2214110.8672684031
2367407.6475384035
2384514.8495955234
2359841.4656781219
2251210.3609544975
2266274.5823331033
2424597.590495625
2517974.3141895561
2573749.8726142817
738054.07525823999
772647.93879477598
818305.03830466757
846354.23080898204
832807.66955406428
899146.01125335076
954369.43562581972
671384.87154348847
1172488.8510481769
920634.47007550427
1966183.5571206857
2113650.0353735825
2116463.1417825697
2124000.5766565311
2696260.3080453258
2291162.2427934995
2791305.6337391981
2503858.6022186922
2241248.8551237844
2167292.6620891565
2336553.1183867222
2382209.1082676016
2340707.6310469159
2322571.1451056604
2310510.9425951745
2367911.6080796826
2410191.3584368117
2564486.9699785137
644159.39810102317
713660.45090269658
758925.36330014141
795127.85089407687
806985.89738532272
874562.07944423368
940802.59311279806
731073.23634972726
1310602.5846748489
1218667.8921842459
1906274.9747791036
1986159.7294176016
1938196.6474038456
1947565.4312348107
1846591.0072991066
2700712.4327388746
2347971.3208104791
2808005.5936162858
2494785.865969175
2271218.8725939766
2185062.4165720767
2279793.5280829137
2339838.3377552046
2340622.6824063389
2333224.0140461125
2325262.259984659
2398329.563337232
2490651.5606733807
2630499.4741026713
588491.71899025387
679171.57108215813
728730.15243781044
767105.92675031663
842338.07194168342
842185.59848088468
916331.94329585228
867756.38916668051
1476889.2051874821
1451226.1677150887
1667605.1055835863
1789382.1650124015
1788200.6897159822
1788056.5457274865
1808478.5905041357
2557751.397204326
2286852.370021814
2598798.1269954024
2492285.3651464083
2305270.5885844328
2223949.9238937534
2147671.5877955761
2262543.8496846301
2312553.5931943227
2310756.706961954
2346622.6295921961
2428500.2817130163
2523067.7675550338
2621653.2430796241
673475.82003865996
719250.57111749123
751104.53983596154
804927.97016549995
863359.80186181283
838694.34987672837
901115.28468058258
948820.87707314501
1530037.8339953548
1620501.9057332661
1530976.8672915779
1648801.9312976908
1669405.3594013166
1635356.4261058255
1663259.9701527341
1730954.7078451123
2356316.4276319346
2140427.7004639544
2486827.9220864899
2469953.159426684
2305560.235318833
2204800.3647951153
2069025.5886505398
2234038.4394597826
2291806.8998171035
2263480.8457544032
2284414.623150059
2398652.1347405598
2513082.4243964246
2543003.2684763866
758609.70808028418
770543.03728140891
771242.80142706272
820755.660813211
850752.51057582919
887233.43454894004
881036.87592557969
902125.98672318889
1457729.4403725902
1576051.9563888288
1494410.6165206216
1594707.1166549355
1613840.5782509814
1568947.9310675929
1571024.683951664
1702469.5822435047
1665776.9213083375
2169420.9195539216
1978571.1152720947
2403415.9161026152
2436216.3010293567
2295411.1534664622
2176769.7175609488
2085986.9786618955
2150414.2671289975
2246500.2326722238
2221238.7188576502
2211723.6028849091
2324000.281345821
2438077.5861856756
2482543.9422340528
891095.88912825566
839762.84268307372
808668.08006588661
827324.10346428328
870249.17274556286
883061.07966373814
854643.2199885021
868122.95617826772
1314162.1872785473
1397374.1642422592
1518929.599837597
1546076.6735179159
1550974.1577806133
1513294.9645989786
1494884.618168171
1621781.2215824646
1596946.4462554089
1390590.698010125
1998361.0575698661
1889638.5440218947
2313550.3851882634
2367417.0500899171
2282233.136690822
2163069.5997155611
2133770.9412839236
2088516.952387352
2195530.2649618639
2217552.6164446981
2184572.7325377259
2225395.6774165072
2317292.7494944124
2342094.8558606454
897678.24835801322
865713.54114749469
803999.51632117131
732174.57176732901
800754.84960523539
881929.7174564132
844666.17701486812
851927.79103960539
1157084.0732372617
1194537.6744141714
1551022.4392349471
1492085.1098497086
1494722.2483051715
1460421.5996610229
1437937.7938900061
1486142.1897735363
1470909.9284618422
1332787.7990841297
1167139.3409061886
1845359.7883478499
1794455.2928448573
2187745.0587524041
2213491.979062112
2241798.9922344447
2146504.6703184512
2104421.8178527439
2015069.1372640855
2172984.6157858749
2192102.5348925111
2156657.4787557079
2160547.1979181501
2229952.8855450163
2237017.9756708127
882561.91678010696
882879.79587298061
823365.02259829326
763615.81553224579
805465.43871772557
868992.78510184493
834854.47800587828
826046.93362674362
1071739.0426184947
1047360.291063903
1651928.1830781649
1527668.7983699068
1479546.3422061978
1438368.7500211881
1392226.6337170727
1407774.5807915023
1260828.4804031516
1227046.3686239612
1194210.903975318
1746264.5242151194
1743682.717574398
2105902.0980558232
2091613.7695155442
2204094.1656670021
2108537.0151675981
2046157.1205239333
1993691.3986917373
2042147.9403313862
2131086.3001884548
2127386.1367920986
2139142.9246694688
2145509.2530189375
2052620.1838233748
830758.40667893516
826612.49635780149
862767.71721022367
909472.46665424819
888180.69157026894
858529.18339518737
857414.61353486567
839510.17438290326
1002280.5708548275
945221.57880210597
1675844.2836492287
1532533.8567246967
1444374.5836427738
1420697.3873179883
1170085.3088712385
1173157.2072112826
1118707.3339233194
1126035.2544844304
1077279.099632977
869033.76500309294
1668180.4482202458
1705404.6854581141
2026016.5809419788
2014169.8445419041
2152430.3245449713
2072595.0242717171
2005514.7199777856
2016925.3221684149
1990466.2716453781
2059259.7282909369
2079604.831838714
2112450.7934692614
2101761.315007803
2000324.234709878
814238.64187171031
761371.77386886778
786658.31419705169
867405.97708744905
900508.47350319324
856640.70839040563
909378.0196262846
903345.17989271949
926875.51917814172
867510.41755008616
1510511.7858317473
1434881.8460357662
1428207.7025335142
1173059.4098009747
1139873.6397201319
1090926.124523602
1040030.9267079299
1025943.9695682486
976485.9507143721
848332.07142918347
684415.28889949468
1594641.9291680011
1674448.1413935034
1897433.6115979811
1914915.2234815147
2094091.3924640466
2030706.8120988128
1969043.4021545914
1978665.125248949
1906154.6702138302
2029538.4479779694
2047973.916556543
2130332.8298746073
2003146.7904554252
1982707.0949183551
844620.84673815814
807642.01492903079
844766.19583215972
908981.37003563007
941674.66094320104
889314.21293709322
957721.74073551793
955606.37543430645
902470.07728597312
817918.71713685873
1237127.3829841521
1257249.3512732901
1165259.5038371144
1092386.4886402292
1038920.3858698267
979981.3591242627
907999.39539011824
920575.30670833308
894563.97642420325
760337.8050298607
713570.81537284749
670728.76420502982
1497659.2170052507
1595706.7629012612
1780385.3375647282
1801397.528043282
2056837.3973302457
1982104.3762618471
1931704.6207564347
1933316.7507469736
1872144.5935071581
1871974.1676822144
1988983.7337698499
2002655.0422586417
1830356.3638671809
1899547.0238653333
895147.83376260882
888239.98521431373
1002740.7794935285
1045966.7089225611
1016470.2170822523
960135.95726447029
1010816.2070939495
1006907.0520885515
961647.24139588722
861684.73455674562
946166.53648240399
930870.8790627002
937238.19355240208
928630.3005288709
900767.74614518182
843430.37378772174
778117.09892536362
745186.17405097326
748113.86637854041
647055.84707493894
631626.95287833968
646293.9489765655
1433928.5602368827
1506827.8676017877
1733427.4329923301
1753087.5158543438
1858544.4251938825
1894957.6866506762
1881873.3298196939
1908128.3858665475
1866612.8200128092
1805737.3411296688
1882776.9735888052
1884046.2028488982
1780624.8178972939
1802939.5373414985
935249.71416716056
968204.59844388918
1073071.4321785003
1111933.8075515893
1089103.2053065225
1041694.2897089042
1062947.8595338145
1058112.7297741554
1031995.8419440676
972381.57129235356
782459.91191455151
803246.39006122784
813752.11838974711
798649.74916964385
764326.05519162712
738207.98916117975
715414.81718027592
695598.74071800336
680668.94002841285
623775.12714315229
611820.19622470986
631984.70706516283
1399061.8278925472
1465204.9393325555
1701445.7759286782
1719602.7262398275
1794613.6955045098
1847391.7655748785
1840987.7947949131
1864638.6192563348
1807032.7760699978
1729559.0771614481
1790768.0186391645
1758667.3599345486
1709438.1690750767
1711921.139853094
1058553.7843811498
1077655.9759318419
1152350.338069617
1187566.0213339184
1179739.0723466577
1167094.4078405448
1144552.3075820715
1138582.8241590343
1055832.5954191764
1079343.9832222052
697507.4207453297
724064.9337360881
725703.29540313629
706197.71540488733
698979.6394603902
700715.75090551132
586643.09974118636
591125.62161775329
572776.34965389385
528548.8669751375
571903.91989002377
594066.67481281119
1355794.6628259178
1420176.4218948188
1640107.6452246048
1675640.3169931604
1750075.2086737959
1803676.3745679813
1797304.3783729076
1800531.4121934033
1763243.0391810497
1679349.0118230029
1744305.5338019081
1656902.0907453315
1635264.4987799483
1650566.2947249275
1173551.4572773175
1123475.995297356
1162949.7390380308
1224481.5668016232
1230211.9985727
1218129.9464436045
1188352.4958902646
1210899.546664516
1108302.2624888557
1157374.182953866
638066.20763969305
673165.69479640399
720723.71132461855
774031.31163112773
613914.91861117864
589399.14323736192
545098.91549221706
507782.31001429952
469333.62517848267
443566.93209249631
395878.24614462466
463655.07402718021
1329775.7536169963
1401281.2070607222
1577850.6882392941
1627454.9346915004
1692773.7374275867
1762325.4901219048
1746917.2336115653
1730344.7312630846
1719430.2228407445
1654370.2254042353
1620138.1981717874
1613705.8668035413
1590529.0542147146
1617958.8599775252
1189876.6302131421
1226037.0341975475
1219851.1847839023
1193217.9616585686
1182918.8664738999
1214469.886865777
1130765.9525428016
1194554.7904980246
636785.17086360441
756424.42099177302
702039.97273990826
686537.75458737242
629469.98400220834
577876.47075826733
515155.10701056995
449901.78546816122
410687.76109684788
381413.44306168804
349204.68799097708
340199.92153839895
1324177.3878093748
1378158.0474411671
1535431.2758669676
1566502.8221111174
1606166.9339646869
1712247.077359057
1681535.7323758954
1662556.1302776372
1657328.695218991
1616676.0689741357
1561568.4238333723
1576709.678257237
1554757.5930491008
1592513.5828141409
594603.02451422752
623644.27297553816
645243.49307659687
587943.71202880843
533544.27864890557
486964.33044690354
422927.32990265719
380626.97584936983
353170.22227401973
325758.07829798461
296953.43825606193
285625.98365591466
1318165.7585562547
1356413.5618536964
1549551.3894296847
1547641.0244813531
1575500.1550869944
1685574.6293237237
1660369.2190747394
1614791.5062339853
1598263.5814867578
1571447.9336450982
1515225.5976761323
1543216.1079787835
1518984.1562560906
1551750.1935104185
511460.08096277964
537846.23595748038
537785.6022332923
506740.98615778168
475215.55828325538
442660.80859491235
391128.97168065771
346138.23439853766
290877.22062512499
260746.77452269557
228188.46179739837
216492.23300503576
1283845.9155974525
1340819.0518894466
1561279.301175657
1539421.7025378123
1553201.1461189939
1645830.4258387582
1630928.5501944367
1571130.0930489937
1554631.2347489898
1528190.7490338066
1469622.8593716111
1494933.9825956933
1480082.1676927567
1524195.682123299
508473.66829694109
530321.96714885603
500626.70659154392
431367.52222197346
436004.30057452753
415327.89030966081
317606.04012795666
287676.58873290697
239064.84358259413
197801.01592014782
158277.77135322857
140599.53893892755
1284837.3647249241
1334893.7040641529
1562311.9618237591
1541939.2836327585
1544658.0199476336
1578486.3623602847
1664130.2783323741
1511519.4705587593
1509436.8458732781
1494842.7552591022
1434843.0575189167
1455003.6727401232
1447578.9518242672
1566863.4547136929
472279.14916113479
501323.67721650278
465099.38191293849
391247.82143145578
354201.0675317134
348729.03090844501
249732.92193808031
209911.48032012826
175286.11597524805
130152.7755706868
85405.178500512091
67769.609518518875
1308848.9717070363
1332112.3590524353
1537631.7972313117
1536634.2193514546
1545071.6533811437
1538550.2127814011
1615113.4993557306
1502371.0092249126
1476711.4260463072
1449482.8258235969
1386513.416141721
1420071.1657169433
1423365.5436121887
1566585.1653536086
467066.14144013182
467347.66640638385
424021.22640108335
344903.09283538058
270273.47901605273
248954.88277984862
195464.06858360366
147344.6211009621
104254.74698465168
60757.789247195818
26812.912876806586
18304.887457992485
1348931.1010862659
1357182.8104181148
1534872.8244162134
1542917.0809828832
1546788.8466134677
1529293.5482812326
1603859.7167799966
1509430.6349066382
1464242.0571427282
1432404.2250083629
1368345.9297427631
1375023.991187341
1375849.7254012746
1470290.0493563318
435195.46699819592
427805.99566111481
316488.8324354472
212478.96845386576
214808.90552652258
185274.36911801688
128850.73224037283
80311.030018698293
39098.514277302085
13144.905352494257
2376.5676082598557
1808.793490120692
1334723.8512053662
1341062.157456662
1518781.8925998514
1545584.7388318111
1553861.4807197109
1535277.1465567395
1603161.3858931644
1550314.8543101719
1459197.1724550189
1454458.5989707776
1407457.0650383693
1360489.9783904441
1344172.7235555737
1402137.1507206948
388478.67777704896
374910.9980211755
239820.48280079974
135114.33069620797
149090.83625959506
116049.66673776445
65221.26284498578
26432.711333381892
5330.3521834389403
1298748.3912797358
1332809.5027493346
1539929.2871800154
1551129.9554623172
1560416.0534730637
1551606.4793962496
1569009.8516423032
1642132.624286944
1457233.2518092522
1459246.3319724184
1418506.1321484067
1334268.0713504876
1290645.9538841052
1291905.1022235611
321195.7869745057
303718.51016265911
211956.85741366693
144513.69097070111
81654.329390254396
52898.528641327641
17521.274278159661
2985.4829220848146
1322341.2421302283
1446503.4896659921
1567582.9967171901
1556802.1331379621
1572893.9582388184
1573213.11590148
1545987.964810041
1622435.7821743023
1529124.7840642885
1519480.1493963967
1406005.1967039274
1255593.0489308804
1237697.5347332058
1218613.9784841377
248628.80672219649
229729.73915147581
152696.89909181546
117696.92978190968
28443.901580404079
13090.048975203656
1551.645338725104
1349224.6988405115
1501081.0318023507
1456668.719163121
1573979.6871661022
1591084.4696620593
1589750.0251028542
1565802.8568221426
1592905.2472560795
1565916.8906010306
1659861.8290053913
1736328.7596951071
1147289.4133766682
1169165.1033318359
1118931.7308655062
185986.66198148334
163137.21675116927
91977.139272261018
73796.739886576514
4100.4614076187436
673.24371972515348
1888941.6266500615
1966991.2628675404
1773988.9707558863
1828366.3643242519
1808526.3557530742
1771010.3927588805
1715712.0035212557
1660419.651392251
1674400.8057230222
1673964.4218014269
1427894.3794087069
1383537.7880635303
1350052.7742560438
1385746.8346203975
117555.21037963909
93238.893238508186
43151.889937572196
46889.998749763086
154.60011498753121
1613502.3146706393
1687374.0470911742
1937757.8349652069
1830109.8100148006
1834831.6834573266
1799900.931650283
1750548.29448283
1669634.5118455745
1624152.3131890083
1579394.426349099
1524021.9481114608
1356869.673581749
1264796.2187698961
1205989.4198111987
48232.701037950734
24248.017274656617
12190.191367094129
1656026.7077167116
1569559.53009771
1681056.5588083966
1853457.7776313107
1868807.5519102742
1817236.5152126262
1764860.925176203
1686939.1674206178
1586418.7211000659
1492976.851368553
1397936.2959685114
1323087.5584456169
1212314.9445265932
1061303.7884864197
5416.6160850837341
814.45449895446995
1850294.2323467417
1713079.4249742643
1976198.2359388552
1906115.1544170834
1908759.1566533202
1818933.2804413331
1764489.9907968056
1693189.27996124
1552962.1693515631
1452431.1517948667
1361399.9174581529
1400577.5399068645
1229785.3239463873
1054864.4343031277
2106030.1069962308
1987649.7182237103
2052926.1493931462
1829459.8514415857
1887634.8290168096
1826563.3679039618
1752182.7815907949
1671565.9905700646
1546659.2785127072
1471874.0310414659
1394497.509194429
1452470.2969902919
1273686.1999261454
1119377.2990767362
2344881.5233690059
2094499.8924637439
2036039.0508528026
2052896.0549110691
1855630.5193354671
1849333.2723195488
1761770.8659007216
1680576.808545541
1553561.1742958627
1481215.040402126
1434568.1841183116
1434773.2746507719
1293478.8175054134
1161815.3736331554
2485186.8586117034
2133003.5667960523
2018641.1915158853
1911790.2942518829
1862268.4327585541
1873647.445090153
1807808.370386482
1709374.5074412171
1571345.2117414519
1513695.9728019761
1459157.7765625778
1364748.5813031425
1292830.4413948746
1246961.5342898422
2615786.0587055944
2200611.0232824315
2061989.1212660214
1840692.1025044755
1896697.9320790528
1873992.5800754125
1813170.4015016095
1709472.3574913356
1616404.9620052371
1529243.5807726209
1437952.8212155912
1275889.8421143442
1264952.9031571606
1229280.302663858
2197214.7023140173
2156828.5898942002
1845019.9297850626
1959436.5269454627
1892982.8737121851
1812564.6956563548
1694926.6894816104
1615805.4002593288
1514174.3460077718
1424718.1549791782
1194983.8172461209
1188402.0495437824
1088024.9308949674
2233360.7679164996
2217942.8535065637
1813367.5535578809
1995877.963988808
1873176.7475857607
1795789.5598065087
1688576.427139723
1592762.3446599871
1498808.18789145
1421627.7936922072
1090053.0879302465
2300903.6389659783
1819892.8056974204
2002320.7842190252
1827060.0174828698
1777412.936543538
1701742.1304576986
1608051.24007769
1490578.0023370124
1412586.1346316943
2087397.8136945043
1781000.3613857911
1809686.7090066806
1778937.2925501445
1702380.1577878094
1612316.2174043665
1481968.2108084809
1389865.3703710525
1843084.1153646479
1888149.1010444777
1793185.3778649934
1698766.6314810326
1596646.0623335033
1465068.5618695898
1364525.3336131144
1828479.213039065
2065767.4561954464
1847316.7138192519
1654213.7123407228
1548315.7658624698
1461643.0761048018
1358597.4918430632
1781659.2606666661
1626879.7964773683
1481227.2369851836
1427911.2907629409
1341277.9013975298
1724813.6924552079
1620887.8818540419
1415423.9076722169
1368705.9875937963
1312180.0257524978
1421884.1814974803
1343083.8909141095
1290699.3714616501
1269589.7776500171
1091737.104689063
1249179.5065240439
1230725.2052406615
1038617.7077862557
1326056.4187493229
1225811.3940679529
1969767.7087932155
1681138.4748127605
723425.95173332491
713666.15904767637
794130.42510826804
708092.60205674218
694196.11361163622
698854.52658335492
700519.29488071904
671887.90120665007
630034.60539669881
608709.58843321493
615669.92558015545
645223.90822002792
677599.88753926824
696266.56669945247
819338.64312243427
794601.7411127392
825536.63348953635
877027.66670097993
976004.87056235247
1033261.0614260294
981210.87251033552
917853.74345426273
897918.31220425537
792442.21693282435
692092.06824167236
788707.1258282566
774559.89783932781
744338.32305792207
753191.15511694958
744649.20670756535
730952.34076105489
682772.37245357654
602753.64562139683
603460.45304413186
605958.32445415785
629317.97182957805
656421.35352658457
679922.07652815059
785551.74750903668
805554.30162723677
841835.0771398592
883786.12331929652
905844.8572604449
920189.48295716208
910755.24321474251
865689.73964945925
1019265.5844819547
1099484.4338729421
697912.72480606614
693278.91550737421
615954.53862951323
690551.58499934641
738406.84377007221
745503.10629505129
765138.18151390424
780336.02869502618
788748.82087189623
736195.56182855915
744911.90360865684
763924.05790813011
764153.45782947552
757098.00044093083
892177.85228324961
921365.63664386875
947490.12777457281
973273.50427719159
1010559.7762185757
1061137.6305421633
1093516.3625489695
1156837.0463882273
1324513.9600575399
1059606.117916544
760975.37429469405
738282.85325004184
623190.27945408272
668434.59754176391
705179.04155957536
722386.72073857253
736804.7467465417
744514.2353375036
903316.80148895679
728764.48937650968
745795.92953613051
762886.85011850868
765566.7590752804
766779.0227988509
896240.86811594106
924493.88226837676
945300.57053189934
960890.32855609269
972157.4712465154
1007639.8156287121
1021604.7483721928
1002976.180506702
1275159.3161504345
1254398.7640647972
841974.23958963109
785745.48035249859
631064.53882031131
656532.95941409608
685123.70571808971
711048.09471415065
727621.5946222035
723575.53671583638
964492.00470739685
774576.87356809655
778312.12413195393
786077.21445862972
789572.46980480966
790213.96887113759
903726.56458475883
933805.84589491272
962813.05440162471
978276.62719849695
991471.4774137981
1027380.1833559399
1049679.7311741579
1032237.3970294906
1292659.8946594533
1241540.2567688015
895483.2315097797
814864.32994665147
621656.41605240759
645798.54136169469
670955.63474304718
701271.01071323606
721729.68186223565
753492.01047861448
835429.69338824193
823675.66880525171
805849.48914290394
812676.08484967006
815371.51704405993
820383.2648877441
915917.73474564042
936364.23080082692
969568.63997013739
991413.44278049306
1015358.9428387028
1060794.4760370899
1118888.7360022999
1164825.3303409135
1136187.312962672
1157901.8894286004
908627.4776379728
831500.36588331987
608991.08446761989
633113.44775963132
662699.08304773667
689343.94967786141
708193.94922866579
896314.11065329064
776829.50843285001
803300.64160436136
804944.25405901531
816425.53778246325
826283.11597264581
841752.43181452248
925781.1909125814
960099.26008030993
988425.67165453429
1010967.8849544077
1037242.4612172625
1080352.110057923
1165502.1119745574
1316990.0942531081
953124.87103936076
1025342.0476915697
869511.90646766138
820956.25435610011
586249.6378945075
618360.68797963206
645593.22460332699
660128.02029718261
658294.4213516406
958837.31736816792
753516.3624497616
780436.74654305645
798667.83492818067
813585.85259974306
833466.86221670662
855742.52582715405
918809.39262178435
958800.47219783033
996052.47042235022
1021449.6160546101
1044245.0290338174
1076016.960397888
1145980.3087216006
1310436.1554160872
853690.33022105484
964527.04739776626
778709.61463251954
776228.86289254855
581529.74763916875
603289.71282658749
627096.35209763353
641383.43119016988
644897.30553588481
951618.55877247942
785581.57508361526
781995.33952704701
797423.94577581366
818005.31513259199
845336.1063013901
874405.73262403905
933545.50918586785
955989.68286814622
984977.7861841633
1012427.4959351908
1030058.4459324827
1057403.5987030964
1104814.8246972756
1192325.8471375918
870125.59814043634
970829.28747192165
678278.39597004827
710376.3075421761
587026.00965322298
601436.26529659377
617246.15362409537
631172.56562736409
650883.08679059159
873561.68843332585
767820.80555608508
775042.20253344346
799201.28515494813
825265.88321478944
852052.29261163797
871356.49623260996
934732.14809502149
942768.31842691649
978419.40468299005
997442.88205229305
1006559.5815886309
1032122.7315727805
1060162.2596403887
1082240.9158576666
920275.52681700268
1000513.6876122275
699347.67419626832
753981.08998270647
640554.99415153405
620128.6280037117
623630.78016408172
631407.72044627892
619398.12423278089
852340.48688016902
756197.59630948643
776279.28869215143
805156.85246132768
833634.05637359887
865050.01862674521
897021.83936567174
933471.48770276504
945452.95906086883
959116.07089371723
954165.15311056387
961821.14111308882
978937.99358933873
990305.50547226076
976467.24550183874
952658.02687991061
982804.70399473433
689587.61077427992
549920.56012767262
619183.45108268224
612635.02477004693
625469.61653667514
649626.94867594203
584371.64415271033
813143.04559993802
778749.12874400243
772179.4227634283
793473.7383981453
827378.78054385912
863562.67869311792
915106.05003935227
907875.99004769477
918861.63929697743
918699.27820883424
913437.69039255159
918387.18963561649
924226.15596047114
925059.44794374506
895712.19563164574
958670.84901454463
938148.6219977244
595276.66763004148
446427.20049571904
531490.59395020176
572457.91338522069
600994.49409907963
618453.7995460534
633899.06217183033
791677.96503261873
774192.81807952246
774768.72619065596
797926.97144978167
836872.18514851772
866694.76468586829
905076.05426678015
872937.62118481216
883968.91806871141
885772.76367252285
873471.00351139088
873919.84097267385
884517.94671056012
887994.50675356609
866223.89024555939
947683.32615806255
902428.92272393091
486889.39918477129
502884.4563305878
503792.71269915055
538023.85015837406
560013.57464030269
571079.16162624571
645078.68801072089
794362.59839886322
766088.30384808558
764300.03481957561
793585.05966006476
834650.25925356522
866291.83768020745
904738.82331081491
827063.61821887363
844100.55659355433
861423.37358636083
825717.44895265892
823550.91321945447
853252.68965475401
873008.33963752177
861644.79048069497
893265.35303104494
843689.10619974183
468223.23130675475
489275.27727092936
513760.91662044026
532056.35463629302
559473.71904246847
583684.71171248541
631976.89311874332
746030.26523805677
754561.83153982123
763274.69490654988
791563.03759123478
831741.36985084158
863831.30274851876
915309.55314018577
780540.76397766499
791190.35899341758
828327.44416535622
770690.04051383666
756706.14821542718
865370.42591102631
875904.41776380385
875909.29940572928
833313.86169084464
783286.40161614853
502993.57372702454
503531.71440111729
530966.13447466469
538629.51524417475
572710.92371868622
607871.43096796656
644008.38177835685
702792.67966778495
741933.98049434787
769357.20415458642
795637.56406620622
824547.28634638165
845726.68530301843
948419.72760607454
749496.82297320093
742757.6310636932
837233.77479067235
777394.89882178255
738094.26014147769
893865.34575850214
879851.15174744348
872845.52388958354
788549.07734336506
755491.64568982669
510014.92924552923
511148.24624504719
533004.11252278928
547186.73458168027
621506.60558114131
632785.26290778164
656176.76845942996
687167.82252336515
733230.31953395845
771795.99641362589
794963.76774440112
824425.26724424504
862989.31657316769
951493.16814787814
710363.6352716831
697616.94742210058
807578.12421393325
793367.51320495096
764897.50479114801
901247.83449762571
885372.86995490466
867738.41729273822
772706.95542264369
755410.76832235674
518729.73222194222
522284.70890928444
563999.50215579884
644187.22324796591
706623.82051435509
657895.14625633392
657344.59723212477
678291.10622701037
720139.4393829141
762070.04406071559
785606.94195130735
818345.3289513411
878020.20456861902
930118.71864630107
676581.50426479743
664963.08368259482
796662.61465405638
775193.42121095699
750028.61361152655
901467.01716587588
867298.66925247654
836894.41827200365
770599.14787977608
757518.58118597372
534679.57072557718
541545.54462184059
580429.38128336368
637737.30963028339
718564.14004967699
668264.29117532878
659955.25848539756
678655.54122190562
716003.11563797493
755221.33817180782
783647.04662497679
822709.95741302194
876035.23526521306
912288.57208358322
658840.44362722861
661022.86850814417
792526.66205022309
759351.23283274379
743688.36710964062
759331.25916730275
818440.55709240609
779369.3086334141
770755.24226538104
751941.87569947971
556880.10863465024
554564.30952107639
596186.45067127072
606754.82465801656
846216.105203046
670347.58358959598
669533.8091432621
693846.89576645719
726143.2011037675
764318.7926882637
797122.57198559109
829834.40379610332
868727.48552565137
904565.63978213863
678909.15119384869
736462.11664461135
761696.41594478756
721415.61696297245
701019.38100082614
691189.95505933568
772088.67797256727
739762.31658732856
765623.98109697353
743296.84702664497
569626.73608178168
574288.13896823116
639517.39215616637
622266.4626763477
906631.11193208571
659539.42894236499
681785.90747997432
714559.75917525205
753123.74235882435
785652.88500348385
812817.60869461717
834861.81248603691
864711.15160468488
892159.90188909485
682156.02617544052
714172.73678607738
669118.10967896436
666243.83253866166
662712.68942179682
665272.85917845322
727756.27647095302
707321.43017299077
764544.94651708659
742068.22144936328
579984.00290433539
587155.26202640752
683720.49648687732
627797.07686560648
886534.48503960238
694602.73873600818
710345.38208277884
738803.66133389378
777390.00648930017
806660.59273495479
827907.86734417221
844472.93470739922
869770.25224871002
892507.65529755026
675694.41558100889
676817.8127938977
674393.08639283734
665313.66760069074
655545.14111690864
657980.26028635423
687647.35112995736
675285.16030328814
783063.97862308624
780303.76409049868
592830.27939921198
600525.44238643325
702032.73177765135
687516.33665281441
851923.81022750109
727776.20336102275
746599.0725867477
773610.07062352693
797465.68388709263
820138.35464859486
838165.85636292654
857160.88797693292
875838.7172236921
899166.98441513826
670630.91257051635
664486.79910256166
663048.63061997516
655924.63006836665
648906.61419994093
651786.23660405481
658706.59173156321
649436.27976305026
796318.57780529012
809321.00426810456
593692.88921284617
609112.41408011992
697464.34681325825
717625.99817025941
800498.37833165156
767766.69865699508
782984.70905684249
809279.20819152275
824772.82655601052
832072.20506759326
847266.58379336551
867079.94105424371
882843.65665791766
906291.97667508025
661571.7876256716
655619.37226792949
649417.16869592038
641349.45537634299
640391.53437426547
648854.65059002524
641507.33495575271
623313.21466884215
789119.1473931988
811451.38425334299
598977.58041226002
618600.38527845533
687952.56451696053
728473.97128933994
765941.33383563173
786898.24322907021
810485.93294246099
840398.05756657093
851590.22202226927
845920.93595081882
857790.70876408694
875843.22875305766
891629.50520082994
921744.07375299756
661787.40494375513
657284.84701869078
642812.83191976196
623339.99136733764
619278.81257934636
674206.26159472554
647343.99942183192
611455.38257681776
771334.61922977597
777072.89707023359
622723.56261337409
642952.42919924576
646690.4082161265
725506.56138306833
742961.78101971361
784388.74889597378
811934.06145463581
843769.24755157717
860134.43897865992
855897.55663968553
862890.54949194728
880321.42654778261
899728.56929202005
936742.88848397811
670869.98920340277
666131.63142187172
662248.26683514635
674213.45028280804
689283.30909474287
716695.3557368943
664321.77988845203
629760.23523674835
731047.08762340865
729755.78503192076
615488.52747399034
607293.88954234147
678407.51835535618
699829.71843979822
710541.78900132386
782331.60151454655
799785.78172853705
829745.40456000378
854596.18851371726
858071.05109856045
860269.00477596174
881480.67892202735
904282.54146221781
939255.40567838389
670060.11597560288
665845.93623066507
663585.30852708116
667705.76511736354
648284.96639446961
635470.81865429785
660384.25823338504
663165.94563331257
671237.3393190963
665103.85613814124
551545.58953120094
544851.93988578278
669437.04265628988
675214.19435825769
699094.12506670598
763533.46273463487
780416.19185541803
813951.52570503147
834514.97956487769
838995.12825756974
842911.88551692478
880645.29034921434
906197.87197921076
945890.00121311576
667931.77559385425
665028.75357426668
657626.70665271976
666571.26333911205
642235.45792637847
654359.31353638298
682490.08980473666
697565.62812660728
639843.48626065627
642023.30755509576
489108.23648179678
492384.9431679307
655431.53352139937
659565.10693256452
676548.53273034003
700726.87165117322
738372.37688778341
779063.6435312283
802410.86458712339
810229.74552671902
816714.39003362192
859285.0278855178
900083.59342272149
941459.48536851874
660362.65832421172
662880.60458504362
665559.46500341455
648634.88480704452
631057.24830335227
642582.17556455394
681580.84587557043
705254.59219837375
645216.7057842185
657748.85773643316
451944.69670340832
460374.46959754289
636695.345620443
642016.02295070142
652593.44920940546
665963.04245436809
697563.7846623006
738591.55751964019
771813.39910511905
789787.97791441204
804910.39038165566
845931.96830911422
876063.48885632167
902041.93165422173
614139.89484530443
618792.81341845624
609510.12095124333
582593.13513525936
590103.62392106745
596585.38176095532
675061.93927302561
654361.75021484285
679761.86406024743
685867.05875201046
446342.60031114804
457898.05014525633
605367.26240049966
624279.3084876826
632393.62352395104
636937.65215094527
664503.15984660864
708842.16392461036
749947.80474867369
756737.90099330479
767391.45472621359
803773.08484196558
832010.8812124437
838704.74279556202
546935.73732397915
551438.2252726747
560619.45157478657
560780.44524179003
571089.37486774218
586661.65006121981
638446.32253241318
578756.31133705401
736974.31639030634
738792.51251682988
430874.57947948633
440747.68409658078
533429.40555544791
590675.86487883411
570177.32281820907
594433.06554802833
631346.90727033967
667652.08758409077
739930.67299600283
752748.357536625
742044.1257619292
768677.14248705329
795198.97927724582
801346.67341971956
506543.44249443751
505204.61363315681
518190.23090930231
541591.31981596339
563258.10222076345
577441.62028198887
585907.21513821604
546589.31258828554
801852.48673932487
797537.42438604217
420971.08241686574
444492.40317170369
481560.78942034912
666911.92765075457
529521.47595077415
560572.81322647724
588935.26198474632
620494.54901504354
738118.99418766447
773006.23951272178
721600.45126343227
732741.41467763553
759004.30905193393
782749.96179031127
488722.99141740613
492532.51059996797
505629.77116359235
528854.07741808589
551514.68687585671
559723.53118952119
576496.17534011486
553337.94332955265
822164.14345447114
846925.98250966927
418521.18765768665
440219.44730349781
379956.86269540549
644037.46668578102
500863.06070876541
563397.78833019605
550340.29938475054
564193.00611445238
595951.3150031832
732998.30664291396
689520.44237780082
688925.70659538917
708497.41137163108
740930.02307714301
466563.76166794403
478049.78569089266
491459.59168190911
512211.33958673698
531106.92263057968
542523.25637003942
565077.60137836041
553878.29404975742
800884.79673340486
877373.3107317806
415804.90177473717
447464.79742208013
442650.30049233476
590077.11384415301
530837.31053613464
521547.99836913374
559083.05257269403
535250.89551666344
549440.11012287531
634603.72340926982
658068.95937127038
659939.48495084129
667805.57096076012
688604.35306982556
456935.3471070822
462552.60222824541
472434.44679296837
491682.38270078937
506421.22853189177
518271.65861635155
531126.87066988379
516342.39008531353
798500.46863947297
887223.67779753497
411598.41193892178
425884.53486618964
470102.89423140063
542898.45710476651
543008.64587967843
535679.80494838872
544433.37614476134
543795.88325205829
539879.89981482329
588101.8124083057
648652.06266413594
648805.02686035482
647774.53036087973
650276.00164486165
455327.8541002429
443851.65178697289
441402.01149510767
459615.09653906163
476020.4857444645
490749.98270629242
496026.96114252962
474741.34469717386
809326.23340673
912073.96344346576
407441.09741109621
405629.9372411794
473010.38043779519
512064.49924633611
537108.85973068106
539376.89295327885
552323.69463316654
557315.98316084582
527405.89305960154
538296.05673403933
564474.99409845762
654001.15383308183
626713.06100923242
623814.43951803853
441375.47260228655
420780.17745823477
414441.02523064183
426712.60825318942
441852.58387540135
460442.66945956543
478455.99848182529
460163.15681885666
824467.21694091486
962299.12376677827
395726.09796788765
385362.40550321172
468698.13493868569
504803.2379490746
530610.12512854894
529830.26614075759
538053.09029280138
535563.29761974246
549187.56549241673
511979.64806117001
521108.65137162508
575989.4615155207
617565.03466906818
620187.56222128239
405668.72277087456
392002.77291024511
387100.62350864615
399535.01119839656
412187.40884684538
424456.66701962671
460842.27176834247
456699.05743401329
846283.65307564044
1012066.7311696566
384488.37513080408
370663.38074912986
460652.0002064287
530646.72651519615
512960.29623156332
528926.72748845862
529303.45532633946
521355.27563347283
525411.30369794765
520851.15153249278
504158.22680376365
508840.88034905132
632341.41751347133
646380.36844626663
372602.63651021168
364533.51494124555
343576.81494116888
356490.83943259617
374599.93945664051
385502.4943736376
433600.59998168185
440341.65897395747
916881.18194073508
1116556.4880435085
369674.74183935398
352539.59401949646
451005.00790795946
500551.34252433339
483718.66292869777
524908.11207316932
536250.19866882428
516599.4775768292
524058.31011233578
521410.69806376001
491902.3012144579
486613.57509906119
637942.56590600742
665513.52591445297
352523.99131975544
341327.0725851474
315437.02247370954
329714.38169729628
343676.76708737871
355678.41300075292
398199.98867786757
395217.05041702971
987895.64462046372
1372531.2171160458
658178.04751267668
344817.23272151005
336935.00148046657
454810.47623514629
463872.69813907519
460351.54299871437
494343.94147683244
540002.8672195226
526063.19932942162
507543.09378395707
495070.6094913421
500177.26250286069
463220.95287873939
491525.38317802071
623955.24880988698
345028.02187559364
320440.76285599847
298477.68076119776
314084.07554841915
324648.77682984906
337098.649125016
386940.47220954683
379907.28605449223
993065.87370209105
1256108.8394338477
604019.61068722012
332375.3366183961
325019.7722792576
439731.50113899511
445126.7507251869
434622.10419578385
475740.36151277507
544900.38731872838
548504.08695552207
508472.3695875408
493916.18333793059
505599.59464577783
494843.41660604865
511779.2912728042
557834.38313991006
315761.38533655228
295542.3070249763
277970.21939702804
296819.06175031554
306072.06230978091
324992.59458547982
373829.90249216417
376116.149126145
916216.8697826725
1080330.5716464038
702171.05551417766
1003903.7331649691
333343.05153041711
314655.0229495315
424637.30482781271
435078.78366154822
421212.90567312395
389312.31935929769
466784.29864398291
544246.59843461332
513024.02363504784
492720.03140001761
510305.73809225648
507957.44424238702
518613.13044233678
525333.44928432349
267460.92101217795
263723.76982304308
257599.06181081457
290948.76633766055
291109.43459425378
315652.98771364358
344706.27544486866
358549.22622247366
768116.57526902936
805845.56954087119
831788.30723514198
875302.42913514189
919350.25561758946
330157.01431853458
278977.82160984632
431025.45483216539
432291.92945304536
389505.56460446597
299318.10717379692
412856.50380551664
515211.55514858972
513970.75297874975
467320.74619224347
459007.67260537646
508653.6829783796
535340.18408652907
548565.33633632271
238978.01880391975
241484.1787366842
250954.38788125268
267055.78679133655
281487.30614918756
303935.47506966296
323420.78339841962
326055.95199994493
615719.21503274271
538100.59001483419
840265.63388904009
878424.39494287421
958602.45227399922
959701.34827247297
311585.35034654144
268403.54801688524
460312.57362763246
422652.59859052749
382548.98246139823
390183.20747112355
459124.25035997323
491743.44916129409
494812.18097419059
459583.72460637486
459655.94294462085
504394.29439277382
526761.89213876764
546920.46573296736
212284.32161332259
221018.05765218666
232762.32526354733
240164.52160825403
274287.07800602942
296664.87860414729
315132.67659621523
297791.4325730339
511542.09646961291
383378.08699622989
789242.91948638286
866204.50846281473
937384.67122758401
984350.01987864461
296267.15169356484
253854.46147306205
451578.92355133686
405907.14378951967
376626.91210747976
380635.37745537033
473681.08433654939
482536.30306573823
481479.86781736655
484245.13336420251
484735.27384411689
497411.47872780293
506891.4462634275
546325.79237596132
183472.9636808699
202010.20424330962
214127.38657840117
224483.08007960441
265970.14667786588
289084.00517926237
311746.81870708102
280901.50293136452
511153.88007002318
480066.87581233465
761256.98174685158
821311.94360251969
863968.92314980889
929480.65575270052
915958.88742471673
287190.35028647829
256086.24828726222
317617.86904156429
390464.75625253795
368469.35119353165
379750.11016913556
405807.55816214427
468645.25103380706
475800.92530479969
485188.89509737986
491768.05906555115
510408.24161956599
529227.15181667323
614406.37560901255
167264.14308639106
192234.42014647654
205472.39227328572
217110.7139551694
275651.33173985389
279223.08254319517
306074.44382292608
295637.82428849803
520298.34090363368
533584.36304399418
677583.94436523272
753056.73919540725
808907.08529451443
873632.34505265509
929629.50199433416
275971.23322312383
254709.98732366425
299709.81083544705
377426.7524079007
364703.37049021991
382757.90996474004
382972.26080390555
447692.62122625078
466421.02028332272
481615.08426560939
502034.87143646739
524582.63810255728
543760.1989845644
667965.63410136022
192064.70160408592
204046.09082277704
211779.71388423667
229579.43771138333
251250.0349151406
278600.6785585169
299844.07959012123
315170.51598479447
528028.90997783584
577811.66662268969
636477.17899670312
710350.90529717365
771983.30541920243
814607.55878431629
888397.88767666265
972702.79823583702
262153.47214340826
244984.84781390749
293281.34423208534
369341.30353346182
359701.01162403956
374886.74496502912
368919.44195680256
443308.39329489728
464623.05465101817
474742.43189515988
495778.18388975313
526954.47053991188
550279.1450695215
655590.55434926227
218223.37321598618
219633.98654338752
218546.02807141069
238155.27763291454
253757.74363086812
292958.71438098478
293574.61864357343
305145.22155078739
517672.24825704983
576280.18601043487
636874.63668800052
705802.01634471398
767392.19329515949
801853.92204089859
866375.69659927161
1005158.6490120959
1032973.2317109525
248314.62546013188
233017.42062600836
291531.07210044173
370672.50647928467
361779.36123063311
369221.06276551291
376573.82303906925
398183.44065811852
464578.04897113511
470837.98205039621
487590.4551041724
519726.38336447609
542985.71486272535
652174.26726576209
261873.3309435058
244533.93576795282
234848.80884281942
247301.36561574609
269813.8335355075
281214.84892247792
296671.71054669004
305231.95780355588
483452.60035030759
529513.68342454534
666056.43818540336
704467.71023924544
762132.40606336237
799385.68136783305
850531.53021514101
993255.38244099566
1044522.0300350325
967846.33018137538
233940.35606700415
228243.6053872479
292826.80141438794
370870.34770696244
369576.76411041268
369915.16949406354
390676.14745555772
393534.46308110689
462956.74515231856
476675.96284803987
489188.55867984548
506957.50218094292
525886.79330083751
628408.79263876821
271119.85352350416
260040.51848186104
254512.59751160597
257195.35760069281
275485.8310991191
288770.91561324155
306350.27716719551
312031.57762664638
440605.66213037231
467241.50728995085
706372.77239568008
706195.91848099465
764062.32728414913
803026.4679373831
844313.49403128435
933819.76460506814
1004528.2042174859
981889.83184695279
905275.75736799685
222737.4074843303
223527.81597914099
290960.30682450678
308069.1616939237
373803.01084624551
373529.22197164787
391206.49956467131
388466.11495014466
467220.72847580921
481949.42647433956
492645.94790797605
502723.89266581147
516819.72277224407
613294.71734246344
272938.50883681711
271668.65957056778
268554.36020123173
277283.39113285899
288229.66609381733
295396.23014326091
320089.90931418055
319349.05653207476
426705.96090898255
425554.18954849243
789751.77099487837
758819.90075547749
780962.40089830523
799256.36909777462
819366.54216185294
872136.7486856631
917213.46353816055
950757.8913731653
977833.90466052981
218985.39547400741
225003.20783612374
290472.08665698091
299995.99497714714
376770.71172573086
374458.93689587573
387927.98132973217
395497.98986573791
414127.21212596539
482952.60497245291
496757.99491420784
508402.11396315548
507770.03073837358
584031.16564236826
264476.50488044578
262755.74565945228
275903.83649247442
301632.07378105354
308532.69727797364
303844.7963132282
349357.05685388728
341816.86363544385
417687.01411621226
403257.64332128171
844924.09763867594
791207.00028982409
768958.72507737065
773094.42085779493
892608.57356713782
892931.45354109805
869425.91751445364
924884.06310348515
940871.61561403295
804808.86980793532
215504.1798639209
226550.74712552706
287504.32288965234
296591.77879179665
374642.35641121428
374779.99915107549
387129.25999484223
409956.50156919158
413871.78309591516
479827.68322163046
492045.81791565818
506557.79087294894
505548.85375589482
584693.71261712618
267024.74956541031
248066.27688318118
260242.41768207951
301152.77112168103
325519.57415158075
315639.06035644223
392966.54178907262
386715.28542272997
404310.80703760608
389294.84350752854
805219.76744406833
764642.26801430411
764875.87128005421
904072.75311763166
871754.21620545536
843536.97426327481
848785.75960185472
898784.51310296566
915963.11815520166
850011.39332490193
737875.60558812029
211172.6294598057
228818.01434117524
276955.30449456931
289350.2818938588
370269.07800600951
373320.76191666763
386668.15819008462
411194.22341790382
408742.41533686488
485593.9642529398
501072.44310748158
535525.45923215395
574007.42810315068
579751.82587102917
285293.83202147839
273491.88493965659
294637.4302505533
331513.20980169903
353904.93061202008
340698.66892388265
442902.71377414634
437646.51671553642
420203.29579060094
392418.36210381438
731677.50060558133
753953.592635573
860659.51407658716
849378.82434495399
822929.680216818
801197.29740270355
800088.31467788166
857305.98441036127
899074.82931982726
828369.66747909586
819114.57798551267
796481.02247802063
202284.24078564401
222819.5729552487
266182.5725678663
281789.57168767246
371298.58094586415
374480.63709377771
386866.80965784861
410189.89560994197
413152.38863995671
420397.28648615477
509363.03316319949
534148.38741808792
523802.63932791795
558159.38439495082
308123.35167314828
310346.07209961221
362155.58885117888
393432.88077562815
398394.91349938238
384527.74902373482
496169.14304286847
490448.10743968742
481885.07209117408
448404.60395848122
619624.25066366361
631238.0843786163
681952.57791779889
733993.40249721508
758587.96545962908
755227.27172525343
758417.76656745363
777751.31577136728
803054.10927522404
816662.47852329712
818197.86895758321
833026.67458546616
196386.99563916889
213589.2836627964
263844.08163593285
285896.80739803828
316156.49850297032
372171.79491082218
384622.85672873934
413067.13567999983
423024.91671824112
417100.21958781494
498953.25978440675
513871.84884854557
515579.41079942725
537071.40227647661
326040.15524802357
337279.23025821929
392602.05862117495
434407.52916442725
446877.20186109224
438727.62657690345
546109.76909201348
544856.66680372111
554115.04566224292
546289.95752887113
540491.2962347283
572672.5138271522
624258.42040995718
661131.06260003126
689382.15338259528
713694.95098969329
733876.15654651844
769877.28011053789
800414.49311613047
880697.29621889046
865273.9354806724
878167.4202267105
193615.89297726427
210393.28277918193
263150.39339683385
288183.41319525894
312440.06579180394
373481.29433573427
383556.09372905473
411265.28943551402
419983.49687000405
411347.0946255576
484562.51524876122
490040.05982739391
503474.43995790218
518554.86552506342
380318.76822497451
387303.15809293423
436520.16330052918
482558.04605438525
505348.40016724641
525564.48914138041
591238.24157560116
611224.45530241565
607897.78172297368
652712.91120755509
515004.2864315898
556531.08838955197
600965.03889812564
622502.83542816155
659079.82919952355
693159.152597451
789121.4800565989
794578.98073427391
793740.10105152102
807687.22129101271
815780.57042367745
838323.05615032976
189136.16700830436
205885.56086078752
257005.69120032521
285121.15521637007
309495.63997743756
370865.70679953351
381497.10717982514
404628.68369070417
417845.20973629475
408567.1138238514
479555.62515621207
471527.53503043228
490161.14012121822
508719.53784080764
439422.4093880821
425934.73544767092
463145.48384736455
516812.36696744629
548758.40858927811
583363.8979984941
617522.06954840722
676579.63508711534
680132.45153623435
749351.77662419865
492753.6909195155
536318.0518589305
614620.23035114433
691883.57823914732
724776.37603652198
741031.2572361565
740487.28143726953
733025.3455831717
733704.14238864416
759106.3465727435
756744.96234883729
839519.50101202657
186319.53707712085
204426.75431993324
249463.92951837552
279877.93491082906
305904.86127365474
368569.25697491923
378761.93535161903
395499.05544583721
414296.63682647632
409229.825440154
401921.17739248235
471590.15058478923
483678.10509454372
506471.61289758066
487377.72233754891
532914.75583621382
564342.01819802809
593351.24734294601
637605.87783370411
712249.03141923097
732834.28110293462
818948.46403767657
526976.31228942028
617996.97248748434
756776.0493628293
774678.37216136046
746671.60281733423
724307.75279113511
710889.60677754506
703879.56981315243
726640.77977332135
745252.0020963375
783917.62429942982
887690.981639695
185445.22532946183
201072.44078483977
243425.64878454135
270815.26878898864
298274.45594186318
330451.85604155378
371609.74180678144
383002.98984164523
404087.05680446816
404702.89350535546
391918.83018272463
469003.09255173447
477681.41112475342
504578.14179754676
554223.69644376473
626509.85476695513
712062.38152291358
713957.63413112494
732906.57782946003
754234.00767266401
731978.84287633398
715140.42546592862
719963.56323674752
754192.64298884303
802663.94470934919
867164.48511450808
183765.65991520099
197239.7647473586
245197.06237520781
267425.351935666
296118.27135271498
329230.763944701
368983.51266988477
371916.25134650141
391385.70564778545
397983.93591457518
386712.64607497456
462079.44488760078
469836.28376789478
495322.97807831678
522991.8543446291
575166.89769922628
626637.8061495648
686654.57249623898
705999.66027053399
722895.08512882888
708932.97104042524
715565.93763486319
706765.29130886099
748185.39622533019
791376.75215594308
842805.79540998233
177730.0369710181
193929.33781963057
245824.7676072632
264826.63817657594
290802.04136518383
323289.18696231849
364978.61938548117
364147.70568390522
379821.60182494915
391005.90382733633
382328.48609276721
447896.27150303812
458608.39871023927
487680.81293048081
556079.0234021846
610600.55818053323
638859.93489897787
614092.46878897562
730226.50162806013
732563.72045629064
717346.56431241729
736683.06506681745
729216.17153273686
751894.38139963185
787634.15107055206
826646.19052721607
176148.93981705356
191327.70889992564
244140.26296339126
263176.22605195479
286400.47973552952
313175.71709991788
340773.94030562276
353881.53367037611
366007.77770769707
381934.7712215801
375364.34701108438
432450.08105118963
445765.50646791718
499130.50543227472
551504.09624921635
629577.80925204477
657741.69247187278
597789.22941290995
737679.36356555764
752949.30356042576
749695.55241749424
722421.67335357366
734088.14341247489
761555.87353425391
789628.28708673443
826674.06167678558
177465.77370091324
188993.24874529205
238149.17353258317
259549.50050710465
282948.56281037285
304117.34261203173
330536.70385554276
348618.71180254739
352438.83407154644
364470.30533969245
357764.34616297245
416108.51818623394
432797.43147528538
493708.82732690033
588209.85824555333
641190.04662027408
664183.72840718937
572024.37806267163
714016.0940203052
725146.36324232549
728340.5872867686
729611.97858032968
728668.88761662203
768210.34597147733
795007.15628205484
844337.07612167089
180660.10355241763
190471.55278313463
235166.67970541268
257627.94666012045
279408.66916767368
297048.53714272898
322274.57612242439
343105.61727164709
341304.42657310038
351208.01570963068
344051.69990865886
394280.76152029785
410298.4657156429
454588.41490536637
609578.97762939695
655926.04485051136
548673.22638265486
393538.57244214829
694179.66872722388
686682.32615207101
709471.51856597932
726399.45716154343
721463.61278402107
768580.47858706152
807942.79531140369
885133.85229944333
176395.23346883373
185952.88695503346
230231.98054845273
255255.7625183152
276963.63408258028
293213.08422065119
317464.72269840405
348320.07619391085
333900.48221912479
346534.42507953796
343824.42398229288
378913.15274920163
389857.46047475666
422475.32477528293
624522.65959466808
665170.88074267237
508068.76669993921
350290.04249971226
688979.0885583791
669300.25579709024
690674.97958211461
711445.18483034591
709688.3425267128
761817.48696037813
827233.99663630628
966137.0679454715
170264.41157407837
183859.8545849004
230720.19983254938
253359.0877128448
274991.77531561063
292112.00101756852
309606.28364699957
330941.06708676642
327806.35137992946
337131.52357299993
336035.08437852038
359301.7983470097
361896.9120498441
376862.69045631227
599578.73482260224
638178.58779876959
595191.56903926877
518730.25955510361
697633.06036304601
669799.25076448871
673900.79792981117
694429.21696487814
691884.55823650758
749460.58357665851
825510.58622549183
1010774.3556675436
169428.75825273467
190361.64032306965
236920.08453629608
251469.15845465273
274494.14248043019
292658.87783606874
303005.86172174936
325470.26495208405
334451.77648846747
339202.35590935312
321558.84792921285
325080.19533877511
333525.82925714529
341940.87779169885
558260.01768276759
602849.10825268005
594656.52549421287
591470.52304766222
711830.51230822364
681847.43261125614
666925.58828498935
673592.35676202434
679388.21013032401
726958.73961923481
783896.50413878623
936738.57073329156
165595.31021307749
184766.40676309424
222303.16075711368
251946.94387794498
275716.53009838681
293391.69431676611
303381.12602502306
316186.61177160096
336360.27635408321
361065.57735254295
379495.46019119938
282695.96918171772
302540.46154967259
300395.38132628577
537216.49582854728
540561.79849084164
529161.71372900147
590068.96446582349
713528.58191461291
677000.84099048958
695409.85901515395
691936.83139297378
687902.98079973226
658884.94077555626
654169.07117246604
708675.20548253425
225391.42013156851
234244.32566030248
273638.42011113698
294669.84938504442
312258.54224606004
326241.88524605095
330913.98383336613
329475.01545184315
337531.67573966278
356040.51826003857
307987.3179529573
329998.40156344121
332877.09716973611
354632.53303113446
545881.73954912066
564549.24602935277
552473.14785758615
640079.97654058412
745210.27160558465
704645.27065170032
735869.64969771612
712089.42527263274
712661.40474710998
680180.9741543181
690251.79273632099
716661.70488458942
184398.23106498164
192315.31384471265
219017.74714501979
299682.8925758953
316377.16003633669
332973.86680879921
338532.19916768721
331785.02596038941
329245.20616997441
327227.73845233925
317869.2577480927
299791.01383140648
290391.36894605873
288492.36026654439
628806.22898203123
583802.01154894847
552494.68093344569
657529.35761179414
650192.16433373152
632772.8771077923
643951.51140567509
588678.41470474855
574224.5160882686
585569.53304609738
605705.52012817131
591847.88777381415
181437.85804651378
174049.63085961496
274370.77731130423
302805.50921002077
321070.81413142732
338959.4746405005
344465.34021792101
335622.24149415188
319368.36894668499
304049.66549711954
286272.68979760358
277882.36120506685
262255.94865590567
238651.63297526847
650203.85684269643
578479.12361566105
566794.13306722825
611790.89324189397
588227.59604134562
577768.36614433653
585389.46650411177
492052.2705313107
471903.39030391769
503633.60875879187
537493.87999260437
529622.86311667098
192468.00136072558
188624.87168568667
229827.87183244876
304522.16846540075
323487.44673240359
341749.45376070484
349303.61496707733
338393.07482269756
311597.39608654508
293195.25490161561
275844.04019951227
288693.96399855323
258574.25790989492
228344.38972264109
552661.73178458062
558692.24100349366
605057.71654640988
533470.97641306184
510768.30498246872
517525.29201039427
515189.05536975566
434743.43682702584
415307.32648713182
446535.14465434029
490909.57523893268
490931.70460072701
205547.51870715281
210901.92643244143
236998.97079007892
290755.21412735025
316647.20146703499
337084.91735696723
345450.23734511482
333513.83249708009
309012.69384419534
295705.74455855147
280835.77863139455
301496.14890030574
269025.51403833303
241679.45048041563
464072.32342660811
495798.93609395268
507975.91839053138
468326.32617794035
457500.19288585457
477586.63604984293
430059.03915504075
413127.98347314738
408165.23274972843
414366.46170432167
449250.39297111559
464199.32282752392
211037.76667125779
205865.02193280595
230974.5298526776
246357.57810008476
305069.1775471131
324110.45770535321
333738.5355947176
328126.50431427406
306730.71988473891
295387.02893392631
286945.80654008413
302579.75765163003
278422.45474572788
255723.99626928335
399412.65620809689
421121.22242674796
431673.56952705659
426546.48320515855
444854.2445302878
427552.1797278201
411260.08500468987
411415.51848059858
401469.328850833
405342.03548618243
439413.39015871886
465916.75100748916
204463.86231167935
192828.17908244385
219105.78016024639
224306.14739012765
290822.00734183734
308337.20043687127
323200.74580139405
320880.21796162234
303601.72655501164
298034.88730716589
288885.15638732788
292288.58463997167
284049.61970190256
281094.82217910531
338070.51204715017
377894.15967268479
387621.97821369272
400341.62696232222
386393.26963750116
398115.94699541084
398659.42244811443
409579.4446855025
404828.57645351021
410333.84541944909
442708.49523251806
472002.86035153462
195696.52006823939
180815.49527893765
204991.42416369365
200034.22346775886
277303.72095421806
288993.38668344065
305227.841702929
306247.0468134532
302462.38152436167
294975.56851753703
280632.71322122711
277086.47195635946
283293.79486698617
289901.50181957643
299181.85268775711
321076.18096121593
349619.34185791388
340894.94381727709
357319.49654318549
372337.5005037412
386184.39867761644
399825.36851256347
413403.44008291274
425271.3030998013
454168.14887615643
484234.05079107702
170246.21982749028
194693.29750432388
183552.43060727097
267289.27670201065
273007.05811811861
286968.3716443486
288712.28365941072
290722.47539887525
284102.0577956023
272650.53316679754
262239.11245643755
270104.52573937963
267320.35703021789
276880.78100379789
288099.33063321578
295580.24783728237
320500.66160434153
334850.02364874596
349730.15182951541
366685.71127986821
383635.8408780453
401801.0219200991
424388.485046666
455494.54270574061
490024.76032209082
175372.05439526177
188257.88153595745
164996.37186857671
252763.1572646382
251859.41717527169
267433.50170946552
272700.83058719902
274845.18056770565
273010.98936604371
265546.01932225015
270966.81380989589
266222.39732344821
277579.50115717947
290037.96774942311
297903.09507873777
307009.21603268431
320205.82786333526
336309.96918917721
359333.93821126537
386877.8318259574
419346.32024354103
455113.59382296499
499462.42990402319
194873.04650253942
157488.52865559762
234407.45682438806
227805.98969872933
247768.53779735352
259914.45048201262
265085.31396854442
262428.62772517587
256531.79808283906
272355.4534066497
274970.27801907866
259118.46166219082
265704.30138435034
277950.94487181352
289549.13589260576
308003.89909455273
332505.53154390282
362811.78020339523
399339.33255451277
443321.63539488323
486394.42137190676
179562.98150485329
194301.51714596536
208721.99152561047
231041.38584565592
244975.25717928339
253189.66209606439
251378.40719309801
244670.33378280676
252937.39378982014
236878.48942677901
218028.72870054116
224387.42160156177
235975.25436302024
244455.63488333841
262538.81804069353
289470.42113407259
322505.6523569022
360624.08418739092
407427.84647518944
445545.68769872945
193945.3726292341
205026.67607938781
215477.4241506494
229046.16992275894
237691.98715566719
238394.83068555297
231713.62839142873
232019.87666250634
216857.84731159732
202344.53482670549
194840.04526015505
193092.68443634213
194474.73357288734
207654.43742435519
234200.12495518534
268433.64697648538
306025.40776971041
345646.14018940099
373623.87895312207
192856.50836223585
221431.25633703926
209493.50743808973
207921.17309960368
218084.25249578766
227564.04258132898
222037.73597202596
182491.25661393171
178865.45731737177
177619.14808048101
169955.52110188964
169011.79668910112
179124.44034024808
198644.1748075003
222989.2999835948
249694.57296585492
277992.36947621242
293596.93394739716
192137.17589753971
188258.58304089113
196259.60338391157
212006.79481949762
210103.73942085498
141543.80660703039
149555.56835716148
174741.35117338708
173888.86585584414
175381.62722764845
182468.53652645426
193871.68884216432
203986.4255645693
212398.20012602146
223181.20162624953
227991.88200361328
180217.77258432211
177991.00695874472
175221.87219098525
192852.55329617433
196228.93384509473
170577.11796532702
183998.26429139942
187256.51634644446
189902.00342131531
196049.17402495965
198953.11301846354
195425.73214601219
190762.15846081477
188196.74425952134
157202.52043288347
158396.10672532662
171217.87610429784
180201.48583388192
181520.92634204731
193902.58164824755
194480.71004676211
194057.69899148258
191272.51419237792
186489.80191138887
180231.11502672429
171958.369353188
123057.01000098359
154147.14690003896
164865.54529355298
185141.74534235857
190036.77148940926
187696.2141265877
184897.51536137186
185141.28741341617
182386.00470816009
173021.22716499103
114202.15281931318
155802.62925847169
153333.01749028603
176521.23405800443
174109.91965222891
175660.69120209836
187215.60829366426
186259.71318494889
182886.31221889734
230986.32597713493
200312.60388023549
159232.33542880317
199712.76302829848
196324.65510483534
196967.5268362927
450603.24004880595
446978.49824676901
461047.00487105362
350082.97295417904
353338.81110884773
357594.55260364589
3256310.5628807945
3160295.0504480666
3466057.1514831311
3007828.6701105549
2899168.5615009009
2876284.7526150472
2855491.6730201533
2714582.5239901808
2510157.74302981
2396772.3484118758
2396794.0659367559
2482024.0769520667
2585766.0506823459
2630542.2915273863
3075323.4964192188
2953229.2624523151
3040410.5174003188
3184135.1551861414
3494946.0857679276
3655437.9147716681
3438484.2496624193
3212759.9536904329
3195615.2743229796
2805610.9041892705
3112552.4733215817
3496805.6943129925
3364245.4554297929
3168642.0327568236
3153530.1397588067
3071592.7045090655
2982721.504766264
2779367.293997542
2420592.0535921138
2384034.017921519
2349769.8884192714
2414654.1352563365
2496416.3272615895
2567082.7629675888
2936987.7447401364
2990390.0079164864
3105140.0633348781
3225360.4692198387
3262483.0395834441
3270664.1770511009
3203592.6176306293
3033077.2758101961
3594400.0449474524
3934694.4093969925
3131248.2747418983
3078118.8141084453
2667064.3627831703
2937441.8886159179
3097132.4516156628
3078362.0639357907
3117379.5217642672
3155536.5736336694
3111497.1178819938
2890489.0265784604
2867918.2738375594
2916332.0625095898
2889833.3468390205
2841055.0453245435
3321638.1970036933
3409458.3548844876
3494858.6426021825
3579248.1468288493
3676770.7190409722
3792663.9274770133
3841942.3905172949
4024089.1384633882
4664517.5006548623
3660411.0813159244
3441372.2988452055
3296559.5782513316
2702545.5872748098
2847745.6484867041
2961484.6767552099
2984455.1596613647
3006775.1161582572
3019500.569744736
3499440.012112129
2850765.5149210813
2861970.6671996671
2895362.173445513
2878743.1498244014
2859851.276525917
3313685.0907071717
3397481.806577445
3471388.1636946271
3531472.3155587683
3546544.4725932018
3600089.9091469352
3556166.9648771998
3428003.3788307901
4447453.5554896416
4368281.8067220431
3826694.90563069
3519584.8791096946
2753129.4621229074
2811912.3938901555
2882834.9739763476
2939835.8298883112
2963255.2118686056
2932650.3768413966
3712190.7008672366
2995243.4877406787
2971716.1159189199
2964288.4907690296
2947272.9883801467
2922160.0694208974
3310350.0390586513
3396458.9432927654
3491577.4795833142
3544855.6575382198
3571204.7643057904
3632206.6632725163
3620523.1336635142
3511870.9074784606
4492618.7539962083
4315865.0639487589
4065802.595749916
3647354.876886616
2719377.7906104107
2772728.6584919808
2828826.7878680332
2903797.0842499654
2939767.3881859588
3043402.9169587023
3322525.4731427939
3147780.2036856804
3058580.0692164949
3046959.4185853493
3021674.3577787029
3006620.2044672156
3320652.4676347654
3363209.7888130201
3458071.8276364491
3515563.6869905964
3572587.8036842546
3680442.2202285952
3810951.8993278001
3927829.4310856285
3957672.2668051901
4037018.6654279754
4129889.1195349824
3726409.0609926684
2671473.8068269836
2728518.4089635247
2805240.3236064301
2865973.5555119361
2903798.9601011858
3538607.1949526588
2963494.7796218093
3061280.3577448078
3044198.3033356196
3044077.5970282336
3039233.7464612075
3056339.5473757582
3319721.0729041658
3403611.6988741746
3470046.434943961
3517749.6292503825
3575453.6792636593
3683574.5574529548
3919259.5657713721
4388905.6270334926
3336227.1543720616
3600340.4298530999
3953073.0662512043
3681020.5562731032
2590550.9903152934
2680829.6434378624
2749309.7646640358
2770152.6325862673
2749250.3746505226
3620562.1521577365
2882209.9609523462
2971988.5861350601
3011045.4800222805
3016607.2485084878
3043696.8802114273
3077993.0066037634
3256416.9514462329
3355059.9348261869
3445699.0335777784
3500461.0747391446
3546511.8911441714
3619772.7078749975
3810316.2731859675
4320791.7632714957
2996502.6019726302
3403774.1507895626
3529438.8560963729
3518361.9445254337
2571967.7867423501
2631864.9419511701
2685053.524229473
2715652.5816474031
2725414.6483910722
3545048.8165564779
2989762.8057730817
2971447.9777194723
2996977.7059239005
3022740.5483984193
3070046.1462599682
3121640.4367594188
3272572.89084333
3300478.0992947994
3358544.5924508995
3417802.6751355259
3450266.5758838118
3513607.294229791
3636862.3651415105
3902078.7058588727
3051251.2575081345
3421851.1321768686
3041731.67954684
3261130.0939205484
2573939.6857089237
2627872.8948268383
2656176.8098291568
2691672.42173112
2778651.358516796
3299495.5706998841
2939596.9630012629
2958233.7152456869
3003812.738261777
3046649.2134401202
3087468.033796092
3100616.6443223935
3249835.3480862812
3231826.7238472444
3300294.7812056681
3318990.0320847742
3330328.3273552679
3394920.8757300647
3462549.1510712435
3522322.5193312392
3215877.2371660378
3515589.4644040801
3176316.1248698677
3326684.9856376061
2818700.9828485027
2710242.8950942811
2689575.7725640452
2701598.7490567947
2698765.9079888356
3230115.5300951339
2937458.393552219
2983278.5233411072
3034887.5940694651
3081152.4062225432
3136720.594386172
3185610.8644637298
3218569.1912142062
3187194.410016695
3198193.5424059755
3148639.5385142569
3153888.5481570833
3195837.4977987995
3217454.3938469272
3165333.549063026
3323249.3330601626
3441920.4395335116
3201743.286269966
2486203.2085425132
2730608.0185966245
2674362.5181945893
2690012.7602555323
2753930.4607574455
2677180.0165674458
3077774.5726662981
2973518.5622460521
2935918.0156224351
2976250.1850759774
3051316.8888115771
3132293.946264117
3238013.6755582262
3128315.0984968273
3100423.7757953238
3057260.3387974785
2998382.1352913841
2996142.9615013194
3001718.8475648435
2991642.1423726943
2892580.5002004839
3345666.3194083353
3277965.8549148915
2809211.9088047808
2212792.9895273708
2493458.013429441
2617233.324881597
2684606.5470224856
2723636.7536676056
2862136.8948472887
3050796.2397709657
2972163.3772261217
2957862.1708800886
3004261.5482005836
3091009.5513501777
3143096.8368144785
3209077.9124980555
3024540.1825407115
3003935.4762568562
2964951.2658430282
2888492.9131524647
2862117.0801492771
2872974.4955199603
2865798.1860939134
2787522.1511383033
3312919.3851856324
3153023.2247336726
2337778.6996448142
2417636.8775996906
2356752.9656399153
2456582.7903267634
2498528.4680675026
2509644.3630342297
2826044.2700987649
3143093.5283935745
2988532.9896611529
2941890.6222158764
3007883.8281924827
3096576.3261665981
3145943.9545559562
3215668.5679223347
2881109.3025849964
2887592.2261703303
2898151.8915763921
2776398.1010908475
2733406.2847975092
2783623.8196537858
2820348.3985128053
2770214.525379038
3133679.378338045
2952212.6338846534
2271467.8455163343
2352620.6403243751
2408976.3334274208
2438300.1544115082
2496049.0116266524
2546604.3924002619
2711544.8984134537
3050409.7539910297
2999551.9061424253
2964206.3788102651
3015325.5780196656
3101723.1200087541
3153771.6127151931
3263814.2899722555
2727365.3940801062
2717216.0432906887
2820333.2628559233
2637614.4117037654
2574296.8330597798
2817066.6200083448
2828368.5722136609
2818620.5399156311
2930782.6196125513
2747321.9656525883
2464525.1461752206
2453937.3615976125
2520400.0696451389
2495811.6985707772
2573795.172859712
2654074.76640293
2738217.2187285083
2895596.4166227942
2976667.8679610775
3010416.531700023
3049591.8315414181
3104921.7911165436
3125745.1331757652
3383241.6929949983
2633521.480064346
2582713.0186504712
2825634.3876883308
2672619.9799827421
2531986.7086607814
2876516.8787378757
2831391.3619824592
2807883.3582221814
2774061.0584805305
2653389.1210079198
2514939.4629255729
2519569.2263122946
2574701.0694368356
2592949.0272502056
2798047.39326157
2752924.3546274775
2769794.1921112877
2834322.1829083469
2949806.4793197708
3031607.8081926773
3061507.5728834276
3127052.7375459345
3193778.5888992706
3418370.4727710565
2518722.3079147167
2463487.4505209918
2776710.9983409829
2729088.9117589998
2637474.9534459547
2901283.0237177489
2844607.9083177266
2785360.4617204196
2725003.3947806316
2660369.0669086436
2581832.6369269835
2606041.697967133
2787764.798407658
3124891.7585693523
3072118.5955122518
2810207.7923570294
2753844.216713266
2796638.977060474
2898681.6515048984
2999617.3135616696
3032476.9019859578
3108606.8782891352
3257975.0524279587
3377968.2625147919
2423926.7267870754
2377307.1838154653
2810260.0106766918
2732997.4308157964
2654503.6328865425
2926710.5307563711
2772646.9662699807
2674142.98218511
2778879.1193839544
2726490.4765855912
2688423.224062636
2735967.4633998442
2926423.2784839226
3189962.6051868489
3000539.2450032216
2796588.1030510329
2753468.6048853439
2794860.5613213899
2878540.6142775984
2970913.8499750071
3024018.3667021911
3118444.6733883265
3259228.4809098733
3333923.5963281514
2381428.1909953915
2381836.8199641453
2876472.0486372579
2759061.2016624324
2697156.9830199243
2728852.8724108357
2601287.0099856593
2479924.0072790775
2981197.4154388141
2906287.4428335801
2810298.9350516996
2811525.0694936812
3019889.6015842385
3057821.5050358423
3422734.7911190959
2791445.9513996486
2789268.1027322048
2850745.1900839885
2911187.111979269
2999536.0062161065
3072421.5140234269
3145568.0644619898
3241036.4207681431
3327167.8163253311
2468744.7635350442
2651698.6241471348
2816680.1921767397
2660772.8174093687
2574462.3849628577
2527466.1866094577
2476665.94841915
2374781.5490705515
3274851.1978680585
3178237.862877016
2869326.637295471
2896899.7639449332
3223970.6307030641
3118402.2020816486
3954005.4885209706
2763677.4147484228
2831700.1316139246
2918890.2247831794
3002771.8757591718
3070649.5578700574
3124607.4933616752
3162893.6782463407
3232903.1487667277
3298538.1490821349
2499617.0508659943
2601785.2145195254
2491332.6979932263
2457948.7171798158
2439900.6338227689
2448475.5720266281
2409107.3176111807
2344106.4327755999
3512880.3683053297
3414014.6100509311
2918712.3891393412
2957089.7296695029
3450700.4088822836
3123661.5098814671
3991028.0060818358
2861339.6326382398
2910208.3145557204
2977364.0313732815
3067921.4887655736
3131323.9639969678
3168925.2564595351
3192780.1532230848
3254294.0654257825
3309458.5995492693
2490729.656952335
2487372.2866404573
2479336.1122977878
2455141.9829156133
2432564.7405842571
2436751.8227954572
2387686.5956179076
2348887.6079936847
3679047.6726956964
3674578.2178508169
2983346.7913613222
3023935.363120154
3540277.9963848088
3191758.8318563192
3854890.7338867695
2945069.4806051576
3002191.9242770039
3058496.7228002632
3101402.3309285925
3153366.8816817403
3188899.342023632
3229797.5171956625
3274769.9142381242
3340554.5713528101
2481303.5877778488
2451072.9368759147
2440816.1605231776
2430055.1496242131
2420349.1174494405
2420513.9601590261
2374242.491124203
2343173.4338543136
3746335.5266001201
3815220.2422807743
2986850.5351730525
3063170.4923463198
3518058.9666355439
3307017.9613868203
3667360.9990294706
3051422.8434983231
3083091.5257982714
3131160.2814255902
3155850.1080652243
3167845.2107059914
3204538.941614192
3257655.2922447715
3297864.7046993128
3369889.6161797759
2452977.1858747024
2424586.249902973
2397168.4324291046
2370905.7505796612
2376159.4260980855
2403015.7249706187
2346543.58302892
2278111.1383262808
3710434.7726739976
3821009.5502126589
3006018.763305095
3101098.620338093
3480080.9876979571
3351643.5512056965
3521515.3052896676
3101829.9893107763
3151421.6404382014
3201407.6470119301
3220640.7638067924
3202225.4381366242
3235345.732622141
3287573.5053324741
3331341.8492315141
3431308.3784825103
2458611.4257745272
2438204.4362117238
2380979.9095053007
2309545.1596804643
2318875.0538111804
2490351.7118281214
2373080.2491170699
2244950.7514016796
3628239.0194918499
3658262.2150349589
3124831.2663736674
3204093.139693005
3309179.6941286423
3333435.9793930212
3423305.1183663029
3121866.42454636
3185990.5819063755
3230947.9792413982
3262706.118229439
3249944.7687507635
3266291.608773414
3315001.2860958264
3372851.7873970238
3500524.8609445565
2501470.2062693327
2479754.1462911316
2457814.4094821592
2482504.581970958
2545689.7214504951
2649352.4549911059
2438768.9170245985
2324080.2166231805
3440298.1234172005
3435913.4648195882
3223685.4436420491
3165216.9863041868
3260694.4032413992
3220848.3326759436
3288310.7766234791
3181388.0585983386
3207659.1189900408
3253271.0643064589
3302324.6612295909
3291781.6036999482
3289147.2412768067
3353354.5174503489
3409393.9754675771
3514910.1070327275
2505074.1262316392
2490407.9192903265
2480212.6335495673
2488961.0431103995
2494969.9195594401
2433026.0188531061
2475162.6554273413
2471570.1737799426
3166124.7453494864
3137028.6009018649
3256627.3917958885
3216046.0998870796
3175532.6030708035
3158571.8771664798
3233440.9953135033
3258815.8939630464
3240905.7514929599
3300597.4794634446
3336438.9328327361
3320280.829201553
3307089.2189480248
3407015.6762237451
3454497.2323724413
3543705.7982592974
2498334.0688794437
2500815.6024999134
2481392.2838653536
2509410.5688487976
2523089.7883746019
2531065.5017448035
2586551.9381704442
2626674.3028594903
3023696.3990724259
3033877.2363822171
3294311.5388698014
3317343.484753387
3105975.0932165366
3127920.2064762069
3170298.2947230972
3189293.4680276723
3230363.7238344168
3300861.4463949865
3359517.8168492741
3357984.367648676
3313282.8628999451
3451679.1261909446
3540458.5767684765
3624377.5721620023
2527970.7242637598
2577041.8123299084
2623098.0016437313
2621479.4875424965
2536117.195666885
2531426.3880074262
2621407.1445577024
2682672.4931251276
3052762.6552594481
3110736.7128360253
3230281.423441018
3294025.2449562466
3030529.0492463731
3117680.7438207422
3170493.7942652651
3170303.0746999858
3212436.9629907841
3283368.5025741626
3361915.050191097
3416526.3246574821
3493392.3448350485
3574169.8393026628
3637948.2783887121
3712730.7596397796
2524838.1787128607
2573135.0892017465
2556856.2754613645
2456426.319936207
2433716.4376328182
2406703.228306144
2611262.8284573662
2497122.7104502702
3210638.0766749796
3240158.7713983851
3214384.7646098901
3300354.1933753463
3245871.8347937623
3078948.5381535431
3185927.6201403369
3160523.3164111027
3199879.1485915934
3298859.4549644198
3375050.4635150484
3394953.5468236683
3430249.9916089815
3556859.1950560263
3666586.4971956736
3724958.6520340345
2458649.9638506779
2482520.0519912923
2494630.7967438931
2467975.6330252546
2452653.5218578475
2461652.1027905066
2422866.7141189938
2187626.165210309
3466546.2762104594
3476771.9304840178
3103563.999085994
3163866.1887492845
3067722.49880083
3376898.9083907218
2977345.7643325245
3082177.1939787199
3181744.0678450204
3290014.4396060826
3416528.4163914905
3482551.9096635003
3457335.5945029808
3564573.7599568218
3690256.004904788
3758158.2013965184
2408318.6496205661
2411320.3239640468
2440635.0907635512
2481291.886043136
2521691.3603232931
2556777.9270827803
2195919.3348429045
2049183.0620908886
3760061.5021888874
3742236.8213404133
3023344.479689904
3155039.3314054175
2903430.7291243081
3833824.2644407288
2834570.068558427
3012278.2223220211
3114248.5081500849
3254960.5273487978
3444696.618816047
3639251.0480996831
3502374.6461420488
3561867.5635173023
3684231.6846318427
3812980.7360347696
2386678.1219532797
2396403.4216093742
2433521.5867413394
2491800.1818411271
2542495.2149761268
2556757.1640459597
2168539.4599830969
2081853.9304209445
3851134.8586863121
3970262.6820192146
3020714.0634983331
3100842.2256841939
2646958.6920237439
3863648.780253021
3111842.545384936
3059767.0961443642
3026400.1074444661
3105667.3207323635
3268313.6183502362
3710057.241379377
3490588.8065315909
3504861.7383100674
3590401.5576487822
3745451.0543597769
2332763.4520435128
2368699.2773179719
2403833.4057310405
2460900.1604302474
2504796.6124562109
2536235.7989393915
2199713.7172178817
2157586.013447619
3752973.0552108646
4113967.4236533018
3058197.3079860918
3177084.3420849913
3015280.188911079
3719791.5242507281
3304369.9826403763
3267531.4728774936
3115817.6543628462
3037372.2875142731
3106130.9845777135
3539060.5925457776
3467085.8469355567
3490217.1340538287
3531267.2271384983
3621584.8086114279
2310574.6235005874
2332027.268919454
2359110.7014859593
2412748.4497385849
2443004.5718893725
2480049.6072310237
2243241.0162729709
2181391.693057335
3738803.8832291723
4156260.4366746736
3139212.5349580473
3145937.8956551841
3285736.8508654186
3563756.7563798088
3450772.6665447587
3339365.6003802125
3326039.7052580202
3176503.1644569198
3151024.8075002953
3405464.6309407908
3483532.1773485295
3541952.3616977171
3581161.86065782
3581964.9972150638
2336212.9494258226
2281702.2226130371
2257149.7976574386
2305662.3963222378
2347821.2598176175
2404994.1194319287
2276426.6543744351
2178521.2040580651
3781394.5498090079
4266638.1443929123
3266929.3173718089
3150627.7764915181
3464627.7053733272
3535702.9003627547
3549276.2859390653
3224821.9553071782
3142769.6433317275
3332851.4313005018
3202710.2944067805
3276722.4878934836
3442917.3061541533
3743865.1040186756
3641225.2021159087
3596058.9369834946
2314569.989653612
2217398.390317101
2173434.3163190782
2192091.0302503402
2231709.4615000752
2312686.8355738884
2271342.4870258737
2185592.224677382
3842204.4319992457
4495473.9592165882
3356463.6378745232
3163671.5346238189
3622208.4741199114
3645135.2039108169
3645733.1100968528
3285596.8901802809
3189180.3790356391
3467321.7666557739
3401297.5578617272
3236156.9011097425
3310453.2633728501
3580345.3163452949
3743624.9202238759
3735872.1956636594
2168822.9336477225
2114521.8560182047
2080215.4915869036
2104521.0804202165
2136950.3199553955
2189533.8547408013
2185406.15575665
2147214.860589793
3987707.3494811077
4716862.4830156816
3455050.5638222215
3225262.3519190461
3804465.4840781931
4057761.5558477896
3681768.6409319672
3658164.7345140767
3573039.6275827354
3507448.3644890417
3567294.7254704726
3426191.557361301
3350046.0271862918
3371887.6017191159
3881945.1796290539
3987478.7333013867
1997318.6940723322
1960289.9022614486
1855968.466568232
1923209.6050585641
1996225.7728793526
2039795.0650026945
2062776.3997200204
2084737.015014238
4352723.3237803001
4998032.1354131633
3517032.4652261292
3247255.6555759371
3983580.9199114554
4207775.7042019526
3711985.0982445795
3885740.2783071953
3825117.3091445356
3606977.7435773821
3628705.3923408296
3538033.5671843397
3392173.785159416
3373138.4565556082
3902558.611966203
4132635.6340829832
1883424.1148594155
1825609.0852172181
1703817.5186367112
1807598.286181197
1864720.9799422766
1912497.757740306
1904725.1056032248
1899706.5628770676
4345339.9652800933
5454054.0987019138
2511820.2811204162
3480575.8796723238
3283188.1966502587
4200256.5055725919
4179307.3483832381
3723091.1086254837
3860562.6790535161
4013099.1627200642
3837605.275036918
3646338.3580222246
3610420.6758808834
3524293.8187098531
3382020.3113557394
3587764.7247132398
4068166.3172523258
1840878.9617128356
1711451.098958015
1598940.4504682824
1715216.756923724
1763420.8973987554
1820951.1413949153
1810974.3416129241
1760864.3426633519
3819904.9188481546
4135604.9048097874
2048157.731793999
3571024.7517532688
3360485.9144794447
4253373.7903039232
4170764.655331966
3592977.0988810831
3818289.4779882831
4205724.7218646882
4151841.5579959056
3783175.8914370551
3667561.6518357596
3804732.9240029608
3694768.4917091508
3798377.1057237573
4012511.5149034648
1691402.1396954122
1580089.6206194512
1491021.5953041555
1613970.3739085286
1662895.5645419159
1765940.7599824138
1847913.7855628903
1585662.1356172969
3317583.3538392032
3337971.2856374253
2210838.6806489532
3396310.6566107217
3818960.465758651
3435351.5932226768
4323486.2342846468
4277220.68701223
3722229.5879751388
3864994.8630249798
4199807.8782164846
4249043.516577905
3949054.1801578063
3765275.5446756808
3880543.277362451
3883967.3228330519
3910377.8777246028
3988274.9807312721
1456672.6358047347
1435795.8286724286
1416696.0753345829
1562018.0121084601
1583149.5483382572
1718786.7306920318
1852973.9943408531
1397033.5139545642
2862753.2459752313
2950340.4852063889
3084030.7382768267
3498716.4538736581
4008067.8171440749
4057921.3651487874
3316930.9125123564
4396490.7066050833
4343305.6237351224
3849142.0861135554
3878634.8110486129
4111344.8967799707
4162344.6454418404
4077327.3685200219
3778913.4811909813
3701848.2808568529
3969614.1860588975
4075306.1965388795
4140593.2414960396
1348779.230317957
1368766.231834119
1439956.3801334766
1570774.0715054704
1541556.5757093427
1661158.9279570656
1765857.0627277289
1284825.0569557732
2443267.5892878654
2313643.0165731017
3779557.7779124444
3995178.9055158067
4276148.9586535683
4110434.3177893339
4146835.5592273618
3572490.5753058847
4692195.165382104
4338147.3052344099
3833234.4937887564
3802300.2081850232
4123874.1685063359
4105562.8264115644
4021851.7803667127
3793252.6632508156
3756280.5790593196
3967587.0239228345
4053345.5925999293
4151234.6720565124
1241798.5290878979
1295902.6512243247
1368099.6655905929
1416052.288594862
1502553.1377515362
1626280.7002816198
1728520.078291469
1248439.5881354793
2190957.4010046246
1734661.4335927442
3717630.178646374
4039278.4392222306
4157122.3747519921
4239353.2963490598
4237083.8195711467
3611713.9513985277
4664048.6310206745
4333354.1191358259
3872769.2752807685
3767869.2385387057
4118857.7109284941
4106999.0339168492
3998647.612008296
3931872.3513360936
3865253.9556559981
3924966.6411929945
3978773.3997286446
4205633.6793952463
1090761.4408082634
1199828.6188654064
1269439.7044685427
1327512.8033128937
1454153.3087008621
1584708.4262136861
1710431.6543040904
1313758.2578434022
2397504.2905448
2255547.8874957776
3655242.7915192912
3838832.6301585501
3854902.8790522395
4015305.6050375528
3860584.1345894616
4240782.0491624838
3700216.8810089044
4385385.8712507756
4316978.220590489
3913736.1356894895
3815411.295003511
3961899.396873679
4029584.8160401341
4022881.8911342123
3984097.9658936127
3934852.2154021091
4035496.9276012988
4183430.5915433369
4507624.8015515283
994462.66713527811
1143357.8495990066
1218713.4141801689
1280560.3899259642
1485563.6249155649
1527202.3826480987
1676830.4465403047
1518138.2944818728
2639973.8376418748
2643285.2015468231
3235615.9545684275
3509282.1033938453
3602947.2882522317
3749454.2637710804
3915664.714681088
4049673.1041162978
3627160.0949435649
4114047.9613366872
4284169.3662232719
3969357.5305500976
3892631.614139392
3780249.3736068294
3907365.1716437354
3995848.9971588897
3988879.6572376755
4020994.0539387478
4134265.4489802737
4290194.9421736281
4686013.1346242167
1145899.0509958782
1221509.3560602169
1263193.3564446694
1349125.3884747843
1464828.2844687747
1519386.2930097566
1630974.360135128
1660939.1521530179
2741998.2160662906
2952358.7212104197
3017059.6938165729
3292436.0365032423
3430960.2927855249
3487960.4235554184
3706395.5659314995
3916724.6475810334
3782480.2194390837
3440124.2667903882
3997054.7419493478
4236687.0885571083
3984365.0785661102
3881364.3540342194
3688123.769744507
3896533.7839464452
3994233.0280606351
3958121.2844842169
3977459.9810613836
4147491.2986726309
4333439.481622939
4591172.3113038391
1306956.0324342656
1327556.5947186141
1318020.2491335801
1399964.0801848664
1455005.3404941226
1565458.3128863275
1580987.4988209968
1616820.1091473745
2666635.3364595925
2926297.9075242737
2994052.452999725
3249714.5138065387
3391354.0263433512
3407119.6866349978
3560775.2781945667
3946899.9780570688
3880746.101696379
3531557.1815840392
3231792.0825337912
3938597.454460403
4190572.8262061984
4001155.8252047007
3859412.1240749019
3749680.0665194974
3828589.7908546664
3983699.1549216271
3944794.1402806314
3919733.0708165932
4095118.5651836675
4274935.4396435004
4550530.0583684696
1555838.9719085626
1470068.5198495425
1416937.320223775
1450008.1472972743
1520227.3323481353
1549082.5594462098
1576640.129710736
1604539.290251204
2471270.0286186594
2658758.4936592937
3110411.6774989464
3219464.5771259512
3340502.5531699578
3367924.5955607849
3456448.2221310632
3854183.2930927109
3943512.6451935493
3600903.5678327973
3294489.8345460496
3135616.1035067495
3894255.8991065659
4089908.6847084537
4038054.5749960612
3876825.8762693629
3871647.1765949689
3786910.5445169308
3991895.9150192775
4007921.3442631611
3932933.2608285449
3986900.0924587008
4137840.1723237131
4340690.7855521478
1563309.409869774
1537097.0222456828
1532587.3930577014
1514993.0205643736
1548910.435275136
1581730.6389087634
1592368.1627748173
1613675.0739579438
2231819.1749896025
2330984.7764829202
3275026.3789628092
3196324.0109089538
3310581.5551560344
3347285.7225481379
3404714.8837846643
3633382.264622123
3814248.0483831405
3644695.1624175087
3306557.0493368991
3106020.8507117047
3047186.2326103863
3783146.1008846485
3833069.4038030254
4048721.0433202903
3906135.8561098184
3880849.7347083492
3737237.6345006125
4035899.6012320421
4040387.2785299723
3967357.24399305
3948332.4548920356
4066862.7673267974
4179413.6458630045
1482278.1888788864
1440949.5191127465
1297869.8597703425
1387529.639057673
1591139.3785509784
1620809.0957017292
1632980.4715947383
1620476.8790443689
2133444.6036381903
2108382.6475965925
3623055.9212567275
3394938.2685673777
3364402.5635450385
3332517.4535307223
3312946.4630890847
3437158.327664752
3443579.2132523214
3510264.5819544503
3564136.0235551973
3024637.2832006542
3029791.6535260747
3698172.0807081675
3688299.3930887715
4054521.2954773293
3904131.7752937186
3843469.9792396291
3753708.3906444428
3792641.4617921966
4002643.8048939547
4001337.4297401053
3993163.9161260598
4011834.224687431
4200233.0520928847
1416169.2961912611
1272479.5091075997
984114.80999223259
1254480.9583607886
1687689.1458555311
1663464.293655308
1760342.2406030714
1718177.6794647672
2072780.3833671114
1979095.3264040279
3839195.496121983
3522300.44662927
3335228.3100438034
3295053.1768011544
3379413.3511424358
3353252.208614646
3224926.4107717872
3391716.2665932695
3389044.5371881607
2816947.7105468037
2963033.1861673053
3033058.0137586067
3634166.811961507
3635061.528119226
4039632.3595233071
3919419.9007553868
3840694.457267527
3851661.473133394
3773607.6760162306
3984334.5314609031
3992821.6843620073
3995135.664230397
4024876.381143129
4435970.0892808009
1575079.7296326316
1428743.6898877937
1321933.1518220531
1561366.5921129109
1802250.9317336653
1723644.5754580803
1969600.630836695
1937369.1644312951
2000509.3065055201
1896385.6862157248
3620408.6469213092
3392499.8074278571
3361094.8279036861
3458586.3101429194
3311981.3130992847
3175880.4617202412
3141223.3832524116
3258071.3880336029
3239522.9915033602
2956216.7394887307
2554614.0895124571
2884130.9371427586
3051966.728680071
3494486.6890299022
3537475.5627362984
4009598.042466918
3937959.7786745597
3869593.2606690871
3908744.4919635374
3786164.1203950127
4056761.5290886541
4062815.0539598265
4184916.3489814559
4345106.1390194576
4389510.7020969447
1788332.674286522
1740649.2432242068
1890821.5611000531
1988474.4979934455
1963421.149608589
1863451.1112684112
2215508.3863386535
2187742.5823674044
2066016.0105786647
1887265.0743861638
3215166.8909812723
3262564.7084815307
3439980.2149110762
3281972.1650350904
3120173.9829675891
2994758.2288559577
2941289.1834695907
3081836.7227423475
3166216.6879159054
2851568.2879433371
2811411.8253250206
2714312.4111558599
2736910.1259595919
2942207.8979834253
3341771.5954274135
3422490.8161182352
3992103.5700264922
3953590.4816715042
3911676.1117045465
3963167.9307792881
3876708.6861320403
3872205.4373669978
4072125.1249013767
4186187.4095983929
4026295.5959424409
4171916.2102948087
1933081.3759621929
1947022.4193082966
2191479.3379855743
2257512.5890059909
2210593.7020757967
2100566.6573020453
2475232.4145617201
2435437.820812426
2336394.7602632735
2119737.8352980181
2676690.804162682
2675077.1894636848
2787607.3799029859
2863229.9164536581
2867090.9736622693
2796346.7210375019
2758397.4371462543
2792726.8200558294
2879067.6421293891
2760760.3464445965
2757740.8546351939
2808205.5626514973
2646568.2976770871
2812647.6010994958
3310693.2700487608
3428892.2741793017
3681808.9315607641
3911064.991493362
3918868.4365143375
4014566.5559928655
3953839.5615479127
3824644.2900032843
4017060.7406656151
4071453.2634349251
3927791.1881011301
3987675.9731272813
2064444.1102559795
2150278.8046296001
2407119.0213368856
2510578.7766627236
2485820.0681058704
2397064.1193294479
2736686.8788684411
2695496.2776232706
2663581.0289351828
2561093.7316522948
2317412.1969483439
2410493.6187366443
2528274.7497951859
2578653.3499628636
2609295.1346440907
2642685.0602764604
2662601.453114273
2753613.8259538873
2867899.689685374
2978579.8573482409
2898887.8590113502
2927580.6250376361
2610962.7827540562
2772854.1174539314
3305707.1989687579
3432843.4207373275
3619965.0782476971
3923022.3686617073
3931609.3585917475
4023578.7257166603
3925483.8889882164
3761530.8107269146
3952387.2684030226
3930658.5254534301
3861175.2139584096
3873481.6119679105
2411401.3232476939
2448420.0848608101
2669060.0573663563
2815246.6967003881
2835247.7461555232
2849542.2454665913
3051074.6449774834
3052573.0607184903
2906345.6924617169
3039526.8903815271
2173328.8187035923
2311504.6980077093
2413714.8681865036
2422140.696789558
2507035.7564114532
2596342.4673993555
2856095.7548401491
2848540.8212435446
2832618.8721276992
2858915.9811206469
2752932.8921169406
2758087.374933281
2558994.6354386159
2721983.4228138076
3236113.6344528915
3407410.2524813628
3603500.0844915416
3912470.8333916999
3935507.7359748264
3991068.2598567512
3938927.1029036413
3775622.1755007287
3933268.7328418805
3812168.593199987
3803438.4789875755
3846620.5785859399
2766534.2580390126
2644223.1873799497
2816465.9614829184
3051176.458963871
3120412.3087131064
3177744.0282411887
3268891.6174210692
3422562.8706994983
3272698.101535874
3497283.0964455572
2042281.366581212
2194102.0861728676
2457349.7070370167
2716445.4454154661
2741264.9039533935
2751848.6327771377
2709404.4610195993
2628832.4953705827
2602746.2467230898
2698727.5866687535
2687413.5194347287
2781249.9121857043
2535863.9867608002
2716758.0930401981
3154631.8261240055
3361410.2314155316
3571729.0147841698
3876766.8740453352
3915290.6685538529
3938316.1286730003
3948119.4435099484
3823921.8290227856
3752887.1601872733
3815293.7489478174
3807292.9270385643
3890712.6735186395
3012276.6500623734
3199951.0405383008
3257683.7453025379
3281620.1785359853
3383644.4394833138
3617504.7724626274
3551580.534944891
3869932.0805310686
2181802.4484305675
2552552.323958376
3118460.2006001109
3105400.538373006
2852730.4554216177
2689499.3409086769
2603558.4730175608
2546893.4069778365
2609366.550225798
2639701.9986528717
2780024.9764939984
3064807.6620141445
2541184.4892161037
2690737.7648731642
3098910.8843431799
3273834.47119048
3467408.0624688799
3758483.8334815199
3853772.244591652
3861624.0651224041
3900545.4311353001
3827432.2764643896
3700568.5574368928
3848202.0896826633
3828225.2342586135
3950935.0015172767
2417209.3391491668
2731185.0840463801
2986448.5216844026
2957510.6674305825
2948474.3656454915
2969947.3185295085
2803973.0628422322
2674589.5953479414
2642630.9844008796
2700702.3067853786
2868988.7744542784
3104387.3155328161
2535348.2625082717
2659057.4188299514
3144296.2790636248
3255618.5788492174
3438327.3278360544
3740238.2017021743
3854928.3524508141
3804084.5893499316
3833965.9663639399
3810819.0294406214
3684432.4641545331
3862218.6788229151
3838160.2647243119
3960315.9890759573
2301817.9383610105
2513300.4233372328
2635777.9691126938
2817726.7794814575
2895492.1523831696
2912492.5795761868
2721331.6315921918
2706513.8657546635
2647440.9319550903
2764333.7485781573
2909302.7108265683
3096427.7484064214
2472028.3932786947
2631720.1163936299
3172648.0101314932
3248180.2818366229
3404029.3145116963
3689964.6429533083
3814326.9318759572
3753622.7202741946
3785135.4637390608
3775744.6937504872
3651333.5811023014
3825795.1011182135
3831344.2700517261
3993415.6613567588
2504230.4258357119
2727680.6964431973
2701882.2669821531
2455551.2955484129
3046035.396369657
3048072.7497796342
2780438.683796844
2847653.9586745803
2815937.0122012412
2864578.4579147198
2973668.8387429379
3124055.9272631053
2476003.1655828403
2618310.6205997267
3170852.2089207778
3250545.5700563663
3381982.6751742638
3571931.7167761442
3810181.7407343029
3671295.5263764034
3714490.2538084374
3740031.0972456671
3620823.1100109345
3791117.7265627692
3823497.2650005426
4196882.4748313976
2556147.2849427322
2891009.0009519248
2858415.5385546954
2482277.7735468098
3195390.4400809701
3282477.6086981553
2968788.6642115214
2847440.4604681777
2895766.4273255048
2962580.1993139852
3063031.9679106623
3206503.9031536877
2523307.252727258
2611910.1388821886
3115715.1383800087
3226196.5440584864
3366291.4749984914
3475008.3675417881
3700035.8075115187
3664938.7806454943
3647480.6350285849
3664868.3014430008
3547451.642916007
3746995.6655708123
3813819.5984721482
4262169.1079178303
2833247.4865148119
3042326.3634736366
3055212.6036198386
2676581.8317920431
3220886.3011921248
3276748.8190807188
3255052.9775578161
2972711.3598539834
2933829.5468439241
3048130.6609908151
3121916.4488196094
3294216.6000767187
2596210.4205833822
2655198.9531813343
3100010.9387586904
3224655.557266342
3347319.5552717149
3424825.4272781066
3643147.1742946547
3670211.2648510225
3610233.6871266095
3621992.1832799139
3503955.2894442137
3667516.8050622633
3728020.9436048041
4042385.9281121586
2988250.7128654323
3197649.7068624282
3137228.147486846
2733619.9307543179
3209957.1719114883
3148055.0805272087
3192255.7197187576
3098594.4445277569
3007237.9711313392
3144741.3369542239
3235810.358884051
3504844.942373815
2571351.860634381
2621771.515585965
3050589.9622647283
3210124.0559220305
3335876.3369229878
3406852.1073364201
3617444.7197582293
3749665.5364999287
3589911.5427704435
3647662.0048001953
3571970.5175248398
3633403.6235373267
3656933.7513216147
3893741.8225765633
3143682.4679575204
3339944.6308240034
3201804.052672626
2851014.1577779348
3281691.6936074276
3144197.0671017403
3161228.320544987
3146911.1075689872
3062488.9622445372
3247210.12348986
3438746.0433046883
3933572.4702704181
2511798.3018694995
2621788.8069959874
3065330.7228206992
3194476.7357315039
3322831.0874712653
3413585.3441910329
3542347.6325242636
3762420.3451693482
3590906.2475255262
3641900.948719664
3586503.1351687745
3549408.7438010038
3550087.0065959548
3664462.6670461646
3163616.6534206779
3293382.0249199211
3048696.1741713407
2837583.2670181412
3446467.6614274024
3253218.3989418489
3185041.1834370829
3177553.0342009966
3079238.4618663238
3284540.5765558751
3531340.0877938983
4244085.8689318309
2545586.5698383083
2816633.8461427363
3116956.4277867135
3181263.6266349298
3322935.2398389061
3431161.6543075102
3475563.8536141166
3699208.8237400982
3723863.7317155148
3757142.6841870979
3536055.3568242886
3316639.611549932
3382185.7782858605
3445007.3283339161
3084877.5144199422
3254796.7516105352
3014475.4244352845
2956768.665337347
3652857.2734870096
3438140.3451486975
3263160.4607719816
3192649.5715673985
3110473.8196598804
3233221.8142383262
3435452.6511711706
4072390.686639613
2526196.8640484177
2831724.3044277527
2892017.9319589385
3198818.569713756
3339785.5568184843
3441113.9814982731
3489758.8435673798
3606826.9422430396
3775795.8723702724
4079200.8364502164
4210304.2809366984
2935651.4617441809
3137278.7558288011
3067550.8792680181
3145792.8922051284
3189354.5111733791
3031807.8044423438
3217347.5536263324
3816668.940120379
3543361.9484307538
3533929.8040053807
3406028.9551198576
3208949.4394401894
3027607.0349827791
2944878.9583917223
3095149.9101856356
3545415.0167366932
3689038.7474790653
3558774.9367264775
3724765.6371653411
3776923.5216508075
3810978.2845516303
3802766.4755271729
3777338.358252333
3882766.0944568142
4154354.7772612893
3661794.7200308451
3756456.2249044552
3652927.5617516078
3827371.901572878
3272995.6692047971
3438079.3063897337
3277256.6683834065
3640728.5504732565
4148189.908753573
3842616.4168073293
3928920.8694308898
3637500.9966462702
3456169.7763233376
3249402.759322993
3208906.1362710688
3252467.4161490588
3008083.5862415638
3157986.363743843
3577151.5930011701
3745945.0882071597
3818395.9947051136
3856675.8085151939
3864269.2497168384
3802424.7436815342
3828661.4399626157
3899233.2618132061
3791796.4617992421
3504064.4091860685
3353904.0696227043
3272674.7464074176
3905575.3086269405
3555093.4588409821
3305539.0370124821
3814008.2262042412
3767609.4076853497
3609859.9835100002
3618932.5558970296
3082485.5373603385
2969319.9663519678
2943753.0867991038
2988435.4148676004
2884866.2048401781
3135350.8536845306
2985474.1536096456
3437701.3672479228
3799641.8420398557
3879964.8000853704
3879247.394468904
3882424.2370756632
3828516.1268066028
3719361.2439965191
3630259.8561244896
3449868.0313562108
3386912.7505835523
3181441.8913893807
2852102.8003060441
4145734.3911325959
3714713.3963009347
3659170.7202060623
3743839.8550912389
3560799.5198240648
3402106.7008339455
3376324.6474469006
2682364.361528412
2554975.3626895258
2682158.7280319561
2840888.0327816322
2766962.2221066179
3527976.0668278141
3310471.8804714987
3830278.38232231
3889448.1550960676
3958412.0633529504
3875274.6510579493
3873714.2876738347
3833552.8995996001
3628996.4336275212
3508312.0506606819
3341521.694563136
3583040.5182359326
3208327.565914494
2809019.5433159084
3611651.3224155572
3731080.4347610264
4101570.220689469
3467465.995026717
3250357.8919593957
3165227.3334932839
3027472.3341857069
2485666.4072291763
2339792.2677850449
2470512.302517558
2677507.5680774772
2650909.4112343062
3980491.6370347817
3817177.5618119696
4014612.6935275877
3749020.4500235729
3939136.1615541512
3899292.8157595368
3851967.3195952936
3787165.4951198399
3617964.8958685957
3554943.833025699
3417054.7393081267
3764195.7763799196
3347320.903173279
2993301.5962662147
3036392.5138246496
3348571.068163686
3461586.5477394611
3170205.9672351284
3008085.6442359276
3030111.8977019927
2723785.6371883494
2491518.6798334662
2401106.756867093
2396248.4991540709
2555998.2380030975
2608955.3110646517
4418137.8205140084
4013486.0521051083
4024657.1160701546
4090123.6665225229
3915309.4605521476
3971383.4102555239
3894667.9063063567
3825549.3184203189
3651329.5521627693
3589864.3452187204
3519742.1171146627
3815117.9548518928
3497890.2584623951
3204622.8218861702
2606427.9447156354
2961019.2498924718
3052057.4013126725
2972287.9665416093
2993695.6314082178
2886742.9353269069
2661202.5084018018
2579031.2216569516
2464582.2018476245
2454632.2966253366
2610891.807496849
2734845.3549898681
4733561.9816904319
4119035.2033239636
4014581.815609247
3847652.9916642131
3969014.0239276406
4056221.4418666624
4030715.5234435569
3921949.495767544
3725492.9513881183
3696782.606169092
3602696.6581323789
3736196.0056631709
3627842.4322192576
3590788.0102057005
2290780.6555481972
2660509.9337284402
2758985.6603113119
2836446.9389754874
2756127.3948727823
2749381.3244723082
2679416.3400447709
2681472.0681168977
2605581.7924826569
2598700.5334890825
2724988.8439280549
2859527.17019619
5010302.2956991252
4286593.8333652727
4127733.2440642817
3728181.1507822704
4080397.449372401
4095070.9141716002
4080547.1598206372
3964410.8368595
3869642.8022236065
3770572.9979165285
3595783.6478477027
3598020.7038510786
3674687.4128882918
3737573.636390463
2104939.5931214751
2282466.2255498674
2495592.1638657493
2601798.2667576354
2626482.0035540345
2674080.2757198205
2717505.5179979787
2750182.021770786
2781337.939224245
2802747.7844874267
2906307.5002313918
3047339.9465160891
4342797.9708345737
4338057.8242571102
3753622.2544047018
4257284.4519080613
4182969.4459192669
4130858.4705785844
3986611.519108946
3920642.9914423283
3791648.7210689317
3628309.8340100632
3500619.5480818003
3587356.8819187726
3490231.1017353651
1946775.8617962822
2035274.3314214798
2424690.4263597024
2534181.1888367492
2580984.8955194317
2642150.9935206156
2712388.1522346195
2775667.9653282943
2836741.8634002348
2921941.0232090689
3048950.6164332274
3232367.4304309399
4497340.1737483274
4495330.9292681608
3723672.8336608973
4385893.8274988225
4193947.1161113065
4156459.6874334961
4038977.9912377079
3938682.6498141279
3835110.7999741449
3703154.0780041632
3655062.2145853611
1869427.441449974
1953277.6939561113
2454107.0416249428
2478172.4282107456
2503816.4724213015
2560060.1083817952
2630253.3334973021
2744011.7809525207
2872903.4324920913
3020206.5588844358
3182642.3522601626
3447350.3392056599
4674055.3302820837
3782198.188645646
4457066.8114881227
4150685.1022618832
4180857.0051668561
4143966.2888659211
4058336.5506514604
3905571.58116171
3775988.9825807326
1928145.8392327712
1948205.2140970929
2304560.0537220128
2346812.7329297098
2409369.674687854
2466013.1982872402
2564450.5138602247
2696989.590347053
2852042.623725703
3028986.2624938106
3243553.4033844625
3494564.7533045532
4334649.8358264798
4101348.4238254023
4195373.0932171196
4257901.2402016521
4226889.3675879724
4165753.1424086592
3989799.6666985238
3815484.9635248589
1879412.4552655059
1808929.6847431667
1968071.4337376554
2089423.6243989789
2193298.9876805614
2242262.8261277522
2352169.335258055
2513258.3568142597
2696741.6987517993
2892138.7215683865
3116503.3151135957
3323290.1736741206
4334683.0339484997
4477432.0309503106
4379580.034179478
4303975.3799870983
4216218.7616314534
4040754.8534846129
3841332.1043447568
1831596.51551451
1817099.8239692627
1836782.0624718997
1910878.3200992057
1924631.7527710758
1938702.1481288807
2031770.9353390061
2198114.9110808605
2394514.8427316919
2592093.1731223613
2777472.3240889083
2916383.3645017059
4336879.3331429036
5000013.2585234493
4643735.1933824904
4295719.7163138613
4186572.3760463861
4130761.2907221578
3932483.9556566123
1679263.9083456772
1734819.2093685784
1791841.0347995176
1723546.3697702384
1714796.2892552041
1790265.9826150434
1913827.4602088269
2050019.8714050427
2187637.3116913792
2323461.2115314687
2384728.017652818
4588753.4179073591
4321321.7820656374
4129227.07444272
4172707.1597230094
4014272.9823906114
1402793.7814646978
1482736.6371349199
1711150.8512672125
1674324.3160178731
1653288.1055737352
1680163.0099536113
1743662.3955102547
1790217.988388035
1820440.6430746221
1870563.4678718788
1882297.8575190438
4526696.37074365
4421713.2731259419
4083839.4888078165
4153059.9167895359
4065906.4689823831
1609505.39376423
1702701.8060690972
1679915.3946981092
1645693.6433166375
1650614.3570529877
1640967.9106235548
1589642.5111848994
1554242.746091753
1544390.8927043332
4041029.2291230741
4015721.0430968027
4044818.5912950668
4080963.5029486767
1653575.241238123
1754687.0780581138
1720712.9392273298
1663783.0639782602
1595946.8599080627
1529084.1036109824
1469051.4799134231
1406201.8292518682
3314594.7061070586
4006920.4857557002
4146773.5447678133
1687969.3655809418
1746059.1388408705
1698115.8938984326
1637586.0156827834
1608379.3180922857
1548921.4063017701
1448320.9324853118
3237040.1708319369
4433329.4079233659
4313645.553101832
1629127.814453738
1601702.7885580452
1627218.5489618469
1718802.558987553
1671722.6918842793
1608767.4586026601
6697216.855001227
5830014.3419800447
1479107.9305346878
1893219.7732542944
1825943.5429253574
1799421.4665409592
4374280.9619095782
4281539.6393223694
4494931.3380869608
3854121.7359995153
3911158.9015771938
3967325.1465557846
3376896.4745129794
3246860.8016629037
3581833.6654139324
3077663.602740773
2959888.7320798617
2917938.5682952851
2908233.1110962629
2780063.4132349836
2571110.1968644778
2453515.5604226198
2443770.7920212974
2517758.6644825526
2613422.8778387117
2648169.8799410881
3120232.5764892409
2996490.1751536061
3092232.9524278361
3241645.6321039754
3555893.0441406905
3717090.5892164842
3517552.1955522872
3352630.3910750444
3465632.8793585701
3022883.1539181019
3198377.2816676241
3575361.7185494835
3434970.5863354201
3234869.8389633866
3216171.8014060124
3122610.6533706146
3034799.6209295471
2859475.8779040971
2470628.9059752044
2426732.778615742
2383326.9479411547
2444929.7143145842
2522576.15780405
2594801.2248553997
2971507.1818964593
3032235.2073705136
3154921.5050065937
3279943.4254134907
3321114.8159122276
3338662.3467561747
3294866.9486275851
3174674.2510458408
3848422.9188141818
4301930.2797283325
3177289.3900354849
3127827.9329402694
2705033.6757084089
2980321.587132595
3142801.4890669254
3127133.2610212578
3152543.1296387403
3177152.7690192633
3069354.1776769771
2907424.8046585042
2892129.2379156789
2946040.0719141145
2920967.1471183947
2873029.083343301
3358113.2256274242
3451721.4208976347
3536582.771573816
3617612.6055442365
3726047.9107884644
3860963.8197161402
3932976.6702119117
4161641.115149613
4959089.7029014202
3786443.1379912943
3515357.6124736937
3363176.4587012418
2733717.2518964615
2885998.79441948
3004116.3526186966
3028895.0562250167
3047612.7517872117
3046749.696337244
3417746.8185770703
2897294.1509687426
2893334.4954715623
2922909.1121701137
2907443.9715813803
2889718.4253743114
3347404.002466883
3433978.1235003937
3502681.3403963838
3554199.3787103342
3574414.5536396485
3633045.5039677629
3585524.4587423224
3439271.8502807701
4656910.4921090733
4573190.6264451789
3907499.5700120903
3582528.043090879
2785690.2341443701
2850740.1122158952
2926880.5862376359
2983309.4564614031
3003544.3330309321
2974639.5321824495
3568301.2054314236
3037201.951599448
3000465.8010906139
2988485.2000164776
2971494.3252019105
2945864.0274067312
3336822.0988555383
3426352.5994269215
3519614.2619729196
3568054.0858097188
3593982.1203814792
3653445.9008227307
3634919.4813815732
3515962.2188282441
4695789.697085429
4512685.38910631
4100752.9008278581
3676120.4109927034
2748685.8943854203
2808346.5161243314
2869325.2572145392
2944946.9555094526
2972270.8129124912
3055364.9830814456
3288151.0102010169
3176446.3635436837
3083703.0645632665
3071131.6543756505
3045175.3063612836
3027525.7626688597
3339512.2753606983
3382244.7511257576
3479506.0435438328
3533498.7748341328
3587341.4542754777
3694305.1407199185
3818845.6783275562
3928700.5403523045
4148051.8702119305
4238918.2069524806
4140231.9373097927
3740242.5555482744
2698296.2886126181
2765384.0852270001
2844094.1027011746
2907461.3639073879
2940007.4410355231
3401103.8454036126
2989624.7385693989
3087154.0253604581
3069077.9823230379
3066959.3545249058
3060940.1105920929
3074499.8840451068
3335478.2104017474
3415783.1831481149
3480498.0635837805
3525147.7908472279
3580051.9674157789
3687934.5775335389
3917766.1337958891
4376402.2788566211
3523153.6829286069
3818189.7818571576
3941165.0507601732
3672279.1134001953
2633531.0881772144
2732034.9121139208
2798923.5184734366
2828870.764343719
2826935.4700335641
3442852.6591960839
2911495.9633270251
2993714.5680638687
3031369.0763405198
3035174.0064334916
3062484.1568685118
3091987.8098360985
3265942.2412551716
3362340.9343058141
3447405.5269080605
3500379.8690395011
3543640.0618357612
3614963.7061959649
3799441.57290019
4291194.8204698013
3175397.4740010467
3634451.9548517433
3490790.0241114101
3520453.3256906983
2627452.9118019575
2692945.3830917184
2746716.4992011255
2786807.4361905158
2805130.2103760443
3385429.0277282749
2976003.9905147832
2978728.4645936587
3012386.5145228161
3041317.4660834079
3087762.9147882527
3135520.0886983559
3274718.6385227069
3298589.2230300065
3353893.7339388859
3411103.6404789542
3443626.7227692758
3504129.9952275967
3622314.3999113296
3877475.6095827809
3229917.4949105559
3648248.7138948068
2952904.5828635371
3292673.5254764683
2619015.1696611284
2685686.5156326336
2721844.6301060584
2769150.7738114437
2871845.6985227172
3206197.3517159019
2924310.2451008898
2967923.3750145547
3022072.6348164938
3069618.2128110672
3109575.9776216433
3121840.8911040206
3237082.0728830807
3220348.685575536
3286719.4500962649
3302294.6552613676
3322055.7890798347
3385959.8911247686
3448917.1384651167
3505646.6699697156
3388338.298914074
3732784.0365877021
3081748.4996958305
3433308.1773177152
2900330.2541776942
2779482.4241451947
2758003.7280180715
2782641.8956815577
2866635.9357117559
3144127.4694649908
2977341.7720885333
3018587.3532675928
3066105.9857960087
3111803.1948785204
3167981.8344633738
3207811.9109273306
3218449.8145912513
3184442.0071218908
3201320.1172373062
3148989.6974304905
3152013.7365402821
3190239.0247091376
3207542.7377261459
3153259.3595264764
3492978.3446958861
3637682.4881191729
3089987.5965883988
2674540.3813119247
2826039.8806195715
2747244.6523013036
2746028.0257841074
2785343.1155412821
2890611.6808705437
2980587.7465941757
2950222.5465149954
2938507.2847443535
2989916.104785088
3070297.74065316
3156710.0353460237
3240518.8082917137
3126427.0892306049
3094524.2937748637
3054083.4014797537
2998565.8027959741
2996101.8593443101
2996117.0528096445
2981324.8349018102
2880798.6394232586
3517921.5065766177
3453048.8348094169
2725431.4543897603
2357924.2956958888
2528349.0229623858
2655316.5137541071
2719140.5554093258
2752488.6317423945
3033096.0189548656
3013943.1629554448
2951665.2193545075
2952784.277202101
3007702.7724879868
3096688.9097746825
3149108.7068191506
3206347.5550229279
3017566.2796597709
2994768.1925049527
2960459.4353042413
2897844.3498227848
2870366.1280297204
2868409.7148981816
2849915.4635457131
2764491.0813220106
3490881.0760187274
3320387.7548728492
2340652.669266053
2474961.7567173373
2403352.5631430931
2510264.5305891926
2554411.8669389007
2577786.0254999329
2955463.0582530284
3103741.7182640019
2971802.3333141683
2937215.1427150965
3006475.565276498
3089829.1723276656
3133889.6840716996
3199203.8605312696
2862024.2999943183
2865112.0887151198
2878145.3004436339
2817593.6699234671
2766486.6194159482
2778394.3863924951
2795061.6808599723
2733597.2518452671
3318716.5758268824
3115262.3956273594
2297761.821304102
2401996.4542106516
2464796.9731461597
2504109.7716354169
2557331.3875818169
2613597.2063346175
2809555.3216144065
3047158.4157569758
2996120.847165992
2963414.872972135
3014572.7155673681
3095467.6877845023
3140241.0132694445
3230610.252923056
2690057.1984981042
2668875.0947226048
2798141.3922603838
2737137.9401817154
2680998.5535415052
2785104.3604538948
2784606.4428007216
2768058.1598741529
3114454.8992844601
2909106.1844469644
2508480.5853161956
2514384.5206040666
2593245.5184569163
2580500.5441258946
2628340.9936035881
2699481.4664127701
2779026.5805790317
2912022.1748138671
2987927.9311000807
3013448.3623979269
3052055.4748899527
3112209.0037321877
3140902.5555011118
3318043.7184845614
2584336.1910810713
2529930.8581322464
2869352.442072174
2797618.27342118
2652659.6936168028
2798949.989734042
2764330.441119385
2741846.5372546962
2949213.6386925303
2814602.1364489999
2577486.4146128367
2595517.298859783
2671729.1830665045
2740609.2191144475
2825081.0246598143
2772577.6054556235
2785646.4329358372
2848534.2146072895
2963248.0381172495
3037540.1833277983
3066516.3999646935
3141372.9587246678
3197737.3653166271
3352296.9644322973
2472489.8064376004
2420130.2008408774
2859317.7680469919
2829200.4718468795
2741100.4766395194
2834289.3525684481
2769958.8829848226
2708572.1856578807
2898239.5635648211
2824067.0180090549
2655703.3242849838
2686973.6306939544
2884803.5736349602
3250629.3566044015
3012308.8335894877
2789684.953479975
2749068.8813058129
2798862.0125614856
2905528.9617528473
3005492.7841336494
3037943.8892836696
3121449.9316958315
3236784.677107309
3338494.1490991339
2389554.7667408562
2344310.0034475131
2898387.1494898233
2826039.1172324945
2754192.2154729115
2898192.7451112592
2678983.1270145802
2581860.3278428032
2955356.823016806
2892327.5862019043
2766950.95881696
2819302.3464919068
3021133.6019899515
3298459.9874142529
2900645.3994975826
2754744.2026233254
2739110.3567554476
2791087.6344385063
2880708.7317249156
2973606.5089569497
3024981.4920163085
3116550.0654029357
3243598.3161240472
3304889.0273565217
2351891.6050845394
2346475.1920717466
2960982.6053658635
2837097.6907908572
2766233.4213379077
2738450.1315242634
2485390.5811209725
2373918.8190830001
3172772.4210796459
3090001.775277385
2892681.0387955988
2900544.9636805775
3119931.9017960476
3158315.8681065296
3199483.1751030041
2767313.1058112304
2783898.6940030358
2850851.0340589033
2913210.8036921937
3000814.33105281
3072037.44485632
3141118.4100729418
3228911.2826351468
3304426.1194429514
2439323.3624818022
2597170.1842932603
2910023.055459775
2735320.5273652887
2635374.6492339205
2574973.1158702234
2361872.9072953598
2267502.577012883
3491054.0478432709
3388445.2497073272
2958055.2788239401
2994185.6020681919
3334300.6457597092
3199760.5990772527
3676430.3115570191
2809497.0218637376
2849575.7760681394
2928321.7068034955
3008656.7772144084
3074152.3013358368
3125371.572276175
3160762.3130625216
3227476.976213159
3288482.5885182912
2491119.3816480101
2597326.9784849179
2590620.8788633477
2526733.7861734862
2494034.298124854
2497447.7937965523
2294226.941107654
2235813.9411172299
3747151.2663154644
3648054.6955862031
3014812.3791866554
3063653.1326074903
3590717.0008783475
3175508.6510923309
3716737.3489672965
2891261.2804966704
2930111.7753639156
2990692.8725122847
3077425.0953668025
3138605.55917871
3172881.9405820118
3193472.5915248683
3254590.2074548015
3309992.7213133597
2496358.5761020663
2504841.8941747434
2520505.5698619196
2496882.2859639423
2470880.6636410789
2470855.5754688405
2276102.6020797621
2244777.9524454991
3920132.9177765804
3929283.4246710851
3083216.0094884001
3132066.2933082231
3679809.3007538435
3137373.4268611968
3622990.789813506
2966121.8244577488
3019753.5527563416
3072163.7829295797
3112509.5126820905
3162034.9925821405
3194720.5816671983
3231805.5395333664
3276927.2937130183
3345036.1504724203
2489468.0424924283
2464721.85732895
2463223.2459834581
2455907.1732715657
2446455.6350292386
2438153.7882850408
2275255.9712678473
2249094.5782552529
3985750.5459242174
4071536.7321805335
3086300.2830790277
3167213.5012278808
3658984.194258281
3210944.9168870202
3523465.8755144989
3068861.7368663233
3099447.1289502233
3145299.3080823817
3168191.0027262932
3176456.1137228808
3210770.0740271052
3261482.3489263919
3300802.6997964592
3373797.1805232307
2458472.2451598695
2431152.6494907006
2408183.0277531464
2388449.0875189677
2398148.1886680359
2412683.6943181148
2261688.8287048251
2193266.4527339274
3944551.8068142165
4070600.6748551568
3092603.7451891564
3188606.0739522539
3634291.4354250641
3245193.3042141921
3404714.2035869495
3117317.5956952255
3166857.63664698
3215914.2168820663
3233221.0159035246
3212140.7132219318
3241685.4563295376
3290767.215882774
3333012.2691928605
3431374.4577795048
2458177.234036983
2437488.7497952124
2381970.2162315105
2321029.9295433038
2367123.4369860203
2489947.9746413934
2286034.1026556278
2169683.3754538894
3859889.9712217664
3895524.5303983539
3186183.4677438745
3242624.947667216
3499486.0552842114
3219121.7778481008
3322383.2206384121
3136963.6802237206
3202356.9582046429
3246873.0173716317
3277075.3534174478
3262075.2942636427
3273553.4779210156
3315875.8568906449
3373841.608303146
3499895.6085715801
2495370.0541006252
2468045.1781794038
2436603.6551017324
2439042.458760682
2503665.638050023
2586102.5368714812
2350388.9839394395
2265472.4807443763
3662377.3137445021
3659459.2476629522
3268253.8266609958
3195604.2261242145
3390619.6719723609
3120087.2844298379
3217601.5395571371
3195193.1865027891
3224471.8841627641
3271403.1393589904
3319478.7455477407
3306800.7651071483
3298483.6262591612
3350371.2556237946
3407318.9966243296
3511889.2038763375
2495892.5660520117
2475403.8036830868
2458399.7714164993
2457946.6741791656
2497592.3595392266
2461183.9650889128
2460509.7483299347
2447705.2923207893
3381768.0935455491
3350250.0184463225
3295599.4029220743
3250255.1919575003
3224421.9071653471
3144873.8440533299
3214015.1922897296
3270218.7649794044
3260413.115600985
3322541.6095949034
3356591.59148861
3340343.2523860564
3323927.7695077793
3388804.5089271236
3444236.7761836275
3535697.6548247742
2488166.2767401822
2486269.1597478716
2460344.6967994948
2481690.9950070758
2542651.8649451719
2543499.7721101088
2578369.3983929963
2607958.3709481764
3237632.1555026444
3249656.6511450289
3332668.8094627061
3359156.408878088
3126218.8070303099
3147956.0400096946
3195105.3614277537
3217326.2327656271
3256553.0497428579
3327860.3300057896
3384243.5632076426
3384228.9548945287
3338869.5557182007
3433392.708585422
3531928.462421299
3621061.6198269106
2525125.3767847698
2572123.2720273868
2611790.0239705998
2637004.7091197604
2582115.3526766147
2553694.1714321976
2602673.9183419417
2642663.2912194044
3274398.6683538677
3335547.894437463
3271418.2432682696
3342739.7867510556
3030801.2316251271
3166295.8819474783
3210040.9829684203
3206762.0248711323
3246953.0806093873
3316440.3139927927
3386889.2862810795
3446351.24428858
3510163.9495788408
3572386.4860535855
3640820.3745142133
3721216.7879408249
2536553.0115275201
2591239.6429412616
2583087.4328836068
2511504.1023226068
2489950.2704347754
2473864.4962446531
2547572.9326941967
2418938.6475550025
3435522.3403287954
3468623.8573655174
3260382.8890342698
3352347.3994023432
3136135.2435636888
3094796.1632145927
3235951.2173340437
3204620.1006633737
3246943.8950477699
3341910.4836000251
3389034.8759793509
3419280.8369520009
3447437.4332101587
3570997.9274556176
3680338.960251959
3739821.70096177
2476978.9414230525
2505549.9703754289
2525206.1895978586
2507993.8503703992
2500349.2731254189
2521512.7430466409
2298953.7636148194
2079041.5941142722
3686917.5394135141
3701287.617025103
3152713.2248854595
3194550.6070047282
2955612.230074509
3222237.7264734819
3016649.9454861814
3132123.5698398179
3237602.5887429779
3353184.449183153
3426093.5104840915
3485445.6649911418
3477868.9103679741
3588466.2208007895
3714576.9992840108
3781870.4605453974
2428406.7199072074
2433042.6476096394
2467859.689644678
2514489.4343371824
2557369.8556080963
2597894.7634041067
2077124.9246278994
1938990.1437981399
3981796.3783465219
3966210.8770067734
3080222.9998238217
3197201.2763732234
2996036.0825243667
3572294.273716405
2864182.0489793923
3068370.9719147198
3179735.3992243432
3339584.0064120847
3455057.0273784855
3603138.5459556747
3539356.6371692074
3593255.3224868756
3718015.1512154257
3849279.3062710781
2408381.4573786547
2415392.5141674611
2454336.7705469248
2515083.3842334822
2566217.9554416258
2581521.8165304959
2054315.8155829886
1973173.7847350249
4072196.1534858658
4201976.8093861686
3097002.5993002416
3210528.064871415
2871785.1987197711
3597677.7948926892
3045408.7527404246
3085393.3439470376
3108023.1834109449
3222512.9434240279
3334311.4748932021
3640446.2575358525
3526827.4982805019
3539208.0528234132
3632697.4874675823
3805539.9192727231
2349632.2354211328
2381018.894622942
2415398.5906632245
2472626.1993918377
2514361.5770685687
2542443.7238662802
2092305.141418031
2054125.6131371965
3969482.0644064061
4355179.3274454018
3142295.3282452868
3279414.9567535375
3142859.3597206497
3572177.677308144
3209458.7007865529
3240581.1421810049
3164629.4734172323
3151492.8409680012
3208115.3195976778
3529990.6068459717
3495634.8775714827
3516663.3786031827
3575561.505469277
3680074.8704201723
2304314.5253679617
2331083.3341913368
2360683.6961863954
2415622.2114670775
2443049.4499539817
2476175.4811621378
2144860.9858735828
2087393.1223713306
3949918.0790528175
4394326.0891862847
3222222.7308490966
3229637.0611597924
3356720.9038531454
3513288.9391631149
3391157.9915037979
3288768.0859479294
3356280.200040841
3247319.8551173387
3227016.2905830992
3446180.1183498413
3502136.9366596239
3546231.027581925
3635483.82099105
3652068.2137937276
2327157.8611382931
2273114.8475416582
2252474.4927984686
2303682.1566156074
2343027.9469824242
2398546.0735170036
2186578.164724878
2092995.2227487888
3982234.1543021449
4502328.1689590951
3347437.8001392381
3227145.743746961
3534128.8454783293
3523268.9695785404
3503012.0042391159
3367406.0468447688
3393916.1858838038
3374622.9602623829
3283734.8951388681
3362402.269193559
3494557.095726327
3682384.6485986388
3729054.4110891414
3684494.1249340521
2295760.248638011
2200101.7683527125
2160867.7164134239
2185533.4594420968
2226362.0203383965
2309852.7555823983
2188847.3310838393
2107387.5055926666
4025013.053394469
4726078.2551854923
3456407.3128569019
3255234.5515984572
3712178.4435877339
3645787.4561244887
3586371.1396945766
3466222.1335574477
3418986.2897219202
3491216.4583130372
3448793.5145749836
3330706.1318356218
3393909.1554262186
3543485.7769742683
3856440.775216023
3837998.1112216087
2136818.6283123838
2083803.0967110584
2056705.3620237114
2097542.259996416
2138911.3115860443
2196438.732329818
2108983.8363494626
2063687.7782797774
4155824.7072658986
4896374.000913634
3576819.3886986924
3341086.7453615153
3954709.1798863234
4085381.4965849407
3708716.925334373
3723788.1857517003
3555054.9406590462
3449597.5851650503
3538923.5157389436
3496190.3537533809
3425369.4010566249
3402651.3464820343
3963937.0877122721
4100639.5037172143
1944663.2681881399
1895177.1781637291
1817708.7808845288
1931622.005807413
2011324.2530928438
2058979.7423842456
2011138.724535767
2028493.9428869092
4461518.9613174228
5148833.2224171888
3635135.7564878683
3362630.9901293488
4169648.6000839514
4294966.0494997455
3814572.6427074973
3934409.6279784911
3768608.572431487
3554894.0045032483
3557444.9087850619
3593582.4825527305
3483153.4758557999
3453968.2908645622
3939978.883356316
4274161.5522286389
1825720.508093402
1773138.0735663683
1684553.6845980904
1845649.1479514583
1895675.291572144
1942450.4221047424
1885679.1780492999
1893066.5418908382
4424299.9994861037
5740458.3532135244
2734525.4580317368
3591172.7969764476
3387923.7663898412
4352375.6939649945
4280625.9817532636
3785772.0895012827
3855596.3452870008
3942184.9503761716
3782255.3620540285
3567192.1464291746
3560030.5435320651
3582256.9516222714
3537166.9315385618
3652239.2020839122
4236454.8383433335
1787630.2399880376
1664497.9265500011
1561018.2596161964
1745461.1893828036
1796221.900497803
1856345.266200552
1781201.9696151488
1770078.453460431
3866812.0002832538
4297328.6999218417
2206621.4731454188
3670441.3944351049
3450204.8643961796
4394764.6846318422
4307404.8849985255
3587763.2754974873
3778209.7178886198
4106817.2898177658
4062919.8316544141
3711513.2447631806
3585937.2270200863
3757858.151314578
3800610.4061709316
3860665.8635687726
4172315.3170389994
1635977.9624935964
1530708.047538382
1445019.1897540274
1636511.7895570078
1695465.4578407975
1810622.5084715574
1810699.7422010554
1586279.8707625559
3333130.500412181
3420470.0215198202
2329468.4426950626
3520705.0653036893
3900578.999232424
3495641.8287081355
4473596.484519667
4447024.5989587475
3717407.6099056797
3938061.759061126
4209295.9201414138
4147687.5438751401
3879105.2688942165
3692093.7761211288
3784296.7015891485
3919704.7918796483
3975480.193563059
4133274.7732592039
1400164.2975833204
1381297.4851973355
1362597.2588924814
1555203.4789421137
1615003.4351286995
1758999.7666786129
1851095.9672623242
1356776.6682278684
2825409.4871171792
3054623.2604632708
3218442.7242633519
3667048.9840613082
4143775.4471103316
4131490.5957930116
3351408.6041283458
4524787.8490704028
4528014.5638560215
3912924.5044946596
4153784.5051534502
4183738.9840412596
4082155.4290553932
4008737.1600401299
3826682.8715383257
3758324.1235187887
3979593.1263731001
4119349.5549983727
4251995.6211611126
1291189.1165533648
1315503.8570235255
1386217.1029221981
1532242.2719757245
1584664.968052862
1701399.9158045712
1803315.3585401343
1213558.7738277249
2325124.7243027571
2388223.4598090015
3930941.118695145
4151047.8611803572
4425788.0514885345
4167785.2297579781
4227344.5349516692
3640369.2394940145
4800100.0390124749
4500179.0327677326
3936662.3287399127
3838756.1763171088
4106290.2704769066
4028204.0706294728
3952681.0428981911
3848170.1508853585
3826114.8285803166
3960341.007200921
4060845.1624227627
4244243.4936812986
1187504.8111121794
1240582.7129957287
1312765.4211296472
1359150.826795703
1534594.473856105
1661206.8761525345
1766823.694843607
1181278.8494702161
2097744.4039708613
1703196.0580285513
3818435.8148738206
4161556.0927143148
4278754.9493141035
4356082.5197039964
4314663.2601121282
3682712.9334482313
4659538.2947791107
4504980.1186494268
3982707.8081326098
3853702.1449217568
4105827.3763008094
4032346.6522475053
3936485.3935794672
3881355.0033621304
3828829.7612884678
3912232.7543179714
3986843.9712445033
4334546.9562599435
1041065.4196074401
1144031.2795289201
1213868.7905643249
1268651.8080815237
1472541.7776991215
1611855.5781771776
1745634.5305465064
1259720.0895693055
2328805.609726883
2207682.6610546848
3793333.8815060169
3956271.9735848363
3970497.0506474739
4163867.1858259859
3962589.2188601731
4300218.6831935178
3746170.5402157921
4349680.8946080916
4500716.8501643231
4027923.5014235633
3917822.1910473616
4011360.1019384237
3968505.8134990772
3972198.4109653793
3939612.6568460078
3901127.8709674538
4018174.4151309612
4175901.7840184183
4647264.7171361465
943611.38172031147
1088621.2534497746
1162390.6636886373
1221492.3841039403
1467430.2212139948
1551325.1095090534
1715725.3376498546
1467037.5713925401
2580515.5956835831
2594186.0995344399
3343380.933757823
3611972.3951218412
3704177.004492308
3880687.4024364064
4073884.2705111229
4102420.9836885673
3659338.114068815
4109613.1657804665
4434503.9629676733
4076902.8400758705
3992421.3768439544
3864917.485926786
3879775.6777114891
3957593.8033585874
3950493.4611070822
3987219.6145917112
4106460.8887123405
4270098.9239631603
4810067.1427189028
1090888.4946231451
1169083.4775940154
1209904.6197213673
1291876.0239454298
1417138.4071346677
1539387.344020695
1651119.7416692404
1620073.6072798527
2702721.5953178355
2918398.5710026133
3101738.6547751818
3380869.946005079
3517381.4852210307
3591687.0491776271
3864162.3500664658
3978606.4668489485
3837086.9764678618
3476629.6055662516
4016322.5427839202
4350533.6421641875
4086022.9878120888
3984167.387109363
3790179.1146832495
3909828.6643275968
3960239.8885190752
3922116.9803726338
3947141.8645255985
4115900.8978987988
4303128.6949965069
4699524.38778851
1251299.7383141001
1280710.7230834872
1272142.1027977297
1349271.0977445277
1394791.9394349048
1537599.6964217981
1577900.4492368384
1601689.6194148413
2646493.5105467127
2910497.5557170035
3059411.8755041305
3327505.0465440601
3472365.4767925185
3485907.4967313819
3669050.4070862681
3880234.9048857125
3560976.9325755564
3589492.5624426627
3279282.7756436961
3990075.8785635508
4263250.375826193
4093177.1795850396
3954584.7740423172
3834687.6605172218
3823874.808899411
3950108.0931821852
3911018.0724972738
3887316.3913124087
4061819.5799003807
4236659.4325106805
4669427.5245349519
1491526.013848956
1364920.8876957069
1185195.1659844944
1241959.3265651006
1435340.2016462791
1481236.0848731811
1582701.9676077806
1600295.9111436605
2461573.9480424626
2650702.3406474763
3174408.1201663292
3287723.7310490562
3410810.3832062338
3432147.6939138621
3523507.9998422554
3789706.3474068637
3769976.5535721984
3464124.126970489
3371962.3804070069
3198011.4080187953
3969247.7678841986
4123852.2076392677
4131604.1346929353
3965788.4958964558
3947383.3511671899
3821590.342209911
3991602.1053758832
3979836.5867063487
3888213.2645913679
3937606.3928305516
4091451.4158349489
4532076.5698748846
1533237.2709216967
1440221.3752808822
1289788.9706922041
1300434.815886392
1466874.620606953
1511392.8803478747
1587369.2711042962
1609365.7343173178
2227073.0599731086
2326396.5155031933
3341013.4382303269
3252765.5724904076
3363618.1684231912
3397699.9923427347
3454059.196386849
3659834.2472818806
3832493.2488208469
3656386.1126895067
3360358.7637248607
3211304.6885502506
3122305.7033610982
3854796.5077938056
3871202.4232942499
4151072.6054534861
3995590.3490400142
3967433.4209625376
3812700.5795521331
4077185.2277498022
4017521.8282707762
3920109.3714867765
3886835.4439504705
4016080.3050838024
4498768.0387711255
1550296.6902690863
1548089.6833482268
1530037.630253454
1547122.9422882395
1548923.7078571273
1554228.5498394887
1617311.6184091307
1608492.0367326664
2124053.2514684438
2100455.9831284978
3691384.5055304016
3445769.7138232361
3408052.2923919982
3364032.2607389363
3349552.6129684253
3471890.2383607402
3510513.2940117824
3635597.4650314054
3719773.4297807384
3128840.5806515859
3103983.0639731046
3753130.8840589067
3729868.7423556517
4140830.9235311346
3988013.7333835033
3928925.9101210358
3833154.7966830838
3817879.8640407776
3960890.5262941937
3945305.7110403241
3914272.0058110566
3970560.2022453398
4493952.6283932067
1519065.7451834907
1454459.8127243479
1356100.2403669141
1498100.8470953931
1640752.0465448229
1599082.5294089399
1738264.6304677965
1695781.7999714334
2051843.0531074791
1962912.1796848136
3932014.3753861333
3580823.9360380392
3376992.9466731199
3346199.9244696205
3462783.1411381941
3430363.9552858686
3288972.6018490582
3515868.6281610345
3528248.089810506
2848593.1673506619
3034232.4216941097
3092242.5410630023
3689738.0096659502
3680273.1915257135
4112217.9070102279
3995365.075542483
3919903.3495545378
3915014.0749624842
3811394.6045871638
3961433.0489637023
3935710.290332431
3885938.5595221799
4010963.6726263077
4623540.3097144412
1624725.1797374068
1506691.2501706006
1487486.7883190215
1642744.4991875966
1728961.3525268699
1656853.7562384496
1953707.9981192672
1917701.5127708297
1982900.7100852341
1878249.4729561161
3727336.103430781
3448817.710572022
3424223.5107203959
3535331.4387116637
3384437.851377286
3253832.194583511
3223136.156849992
3343388.129499875
3310101.3813648042
3010786.5512956269
2624406.5903312135
2934264.5989300483
3106637.5205866676
3551577.5909884693
3582880.8528689668
4063736.5652003749
4009595.9859449607
3947811.0320209218
3984321.1635427475
3857204.6169871408
4089951.0584407789
4015483.8939218381
4061086.4729379537
4445008.1894351374
4566762.0215620352
1768545.0573990156
1724018.6975654848
1908270.2629100387
1973821.2233852444
1886891.4774153729
1794474.1869853495
2215521.9819511469
2180374.4258316411
2059888.6063793048
1876619.4572684893
3319581.4984804112
3337830.6580565944
3522951.9365850496
3351530.7405009987
3186055.256245045
3068962.5759126125
3011743.9750106954
3189933.8640108695
3261318.586472068
2909181.2556231562
2890699.698874427
2772082.4082440059
2774338.7504610666
2984750.263968132
3390642.3671176694
3467717.7869921075
4017243.7282037493
4030348.5001416174
3990522.7040428095
4052552.2102840943
3959336.7183908406
3877472.6161313211
3994787.7111361958
4162802.6917699273
4180653.4806396933
4280207.581907047
1873099.6705278635
1912208.057570836
2144180.1865329389
2171362.5205347552
2128210.7933824933
2028612.3544456239
2492693.4519805624
2436648.8868214628
2333006.5584269296
2108734.1682870393
2767780.7916788138
2761201.6596992672
2879733.6379842432
2933745.6318067289
2929053.3437795094
2857105.2977988175
2755818.605014978
2682363.3834634731
2746379.6947387648
2779079.1617808375
2777890.6380106201
2826186.443749378
2666554.5665456573
2839836.9026226564
3354148.8723926125
3478953.7499020258
3706196.8362652189
3997749.7879142361
3995693.3114037327
4088766.1082358998
4009097.4368704464
3843717.547472666
3960157.9900911534
4072341.3816194171
3997687.7986190561
4038575.9588456172
1982634.5606908528
2125479.0164698488
2377508.1337456042
2423191.9724795083
2400661.0852674097
2320570.118238559
2776038.7172410605
2730632.9396372321
2692768.121327376
2567258.3809711142
2383463.5596114807
2470145.8816453535
2574356.9921835749
2623984.3320469921
2629217.1023631855
2627127.2566494532
2604806.1949418886
2653462.9314043056
2808798.9804937821
3011106.3934856881
2888904.6347022611
2895492.8438382312
2620613.8691346357
2792222.3906457094
3342278.3281749673
3473623.7202691515
3644275.3531958554
3992971.8161305045
3998996.1853792584
4085316.5988433808
3969092.6933402144
3787452.5328715737
3929247.353158833
3947657.46287423
3896406.3682936495
3890063.7807512307
2264406.7682478428
2253511.6418025629
2515279.5052860342
2730018.5836219718
2746363.3738869969
2755272.4247270022
3098011.8226998425
3093501.1492727883
2944864.2082761615
3054159.8064396493
2212906.572307271
2350771.7490382749
2436329.7392553855
2438765.5806649122
2488668.6128718266
2529550.108645523
2933153.0090942318
2904970.162496285
2881113.340831249
2912150.1616222127
2772579.0348952827
2670809.5153957922
2565083.0409722892
2741421.6035335129
3268789.3293031696
3440441.0877361544
3632341.6171498746
3963181.51474398
3990893.4157573939
4044089.3908828418
3980881.8306761328
3813527.3414695482
3947022.3306141985
3850808.4160614237
3829073.7999321478
3852296.3527824436
2632331.9069129382
2484165.4780542925
2688257.9904710418
2973594.1100956639
3046050.5765165444
3111844.275357083
3298870.8845725073
3429147.7384298062
3273112.424629509
3493002.1025093538
2062337.1500856527
2199973.4663543487
2466689.1011545104
2737633.698015898
2763160.2420948129
2807326.2991764606
2786896.7745247995
2700051.2216545516
2680455.2337357718
2801898.4740286306
2797103.0900136959
2650908.9229169255
2544174.5278337845
2738109.5023705293
3185887.2148409816
3392713.7492568498
3611171.1746089123
3905259.6350812293
3960776.0206940849
3986267.8826933405
3987519.3060296606
3854561.1374601275
3743991.6677925852
3829909.8519374821
3822303.5165516613
3892738.211290691
2981385.1916599479
3125422.7535803639
3191310.2785437647
3226906.42656316
3357846.8508065869
3589123.3729217937
3519440.6236510333
3854881.26466764
2153840.0095456601
2558322.8564260439
2942197.9303124193
2983303.7748005264
2836333.7982683536
2730115.7149161194
2662622.1766805053
2616329.4659211352
2696275.2862849422
2724124.6457040859
2892968.1016621217
3043303.9636004535
2549131.2513799877
2707350.0492497887
3123682.4521212745
3302480.7307791156
3511221.5576776238
3793401.7852203739
3897772.9044642299
3903771.164033581
3940108.9769513747
3859105.9604576002
3715813.0164909614
3858834.8642688585
3842193.7110807141
3959241.3692996292
2461696.2198923407
2792847.649620574
2913973.0622951179
2991375.2700978657
3041300.0370387109
3073424.8845664253
2872859.157463206
2750682.384069379
2729677.6435116292
2740360.2377545042
2959310.9255980118
3234553.3718208144
2538818.6954691964
2675652.8576144418
3170121.9935845295
3282074.2631513998
3473992.8133277656
3776587.4924295391
3879783.753008795
3838913.1240903409
3870541.5318600456
3848506.2134522954
3717460.9966556234
3840936.0338251409
3830163.9786748625
3975796.3519205423
2281765.1809209525
2515914.1089274683
2657105.6462573232
2890687.1771161114
3046966.6395290471
3067518.1016842965
2763738.1803552471
2762470.5647297902
2713885.2757857754
2826009.7578475275
3023483.7537600417
3263255.522836043
2470995.5481916708
2643247.2665610029
3197775.1415358083
3275942.9151318334
3436647.9838209739
3730721.7248293888
3820933.7003335208
3787904.792699072
3823719.3916954175
3823425.1534324195
3704401.1547835674
3803395.3366271425
3825856.9741281127
4018485.6037713708
2482515.8676084462
2732158.308437679
2908023.529793838
2939793.943030071
3194177.1193250772
3219118.8491983516
2820547.8958285153
2901178.308124824
2878464.0246580266
2942079.1118611852
3099518.8250932633
3288591.5756854885
2479994.9352560011
2629073.4953785469
3193934.7169870296
3278095.9827561001
3410374.3503352464
3609663.9730092702
3825805.06141451
3715183.7057946539
3756295.1655530464
3791382.7190571227
3681747.2198095103
3798990.8157935278
3842435.4699977781
4230244.5887557063
2528345.0240197792
2889149.9124226449
3048196.7043624725
2853316.950080141
3353276.0409785993
3469702.6505127382
3069722.2893624478
2878385.1059962232
2928595.2286405647
3007597.8696351456
3185221.4933088552
3372906.8885796689
2535624.9728307328
2630373.0505886157
3139216.6684071342
3248476.2928000004
3388596.9983561714
3497150.5510177314
3709126.969135982
3701756.6464152541
3692218.2490315898
3717399.3055496938
3605825.1710156975
3755987.9366940334
3831959.3945119167
4298497.1096250266
2847929.5007707574
3075003.9799622521
3147735.4432095955
2866848.2347061289
3405152.8363006655
3482087.0251391078
3438411.1515667853
2974836.5493805069
2947795.4574561166
3076529.2724359608
3200743.6726431679
3403304.592933075
2593918.8493904835
2663630.9651968763
3121808.6539209289
3244326.2324638306
3365351.6311986065
3438603.1496370011
3643614.9986243206
3707917.8388867457
3659780.1340245777
3680363.5936588836
3564967.3782731695
3685688.4530971157
3747702.9683669154
4064964.4157369123
2981668.5933085536
3233255.3116222452
3341106.3233005162
3049521.8837439981
3388042.7984438576
3327248.4823106234
3375587.0231541866
3134857.6301308209
3038844.1024819026
3183262.6423409316
3298422.0130870333
3583962.6892387234
2580831.3203201834
2638594.9454753972
3065283.1521762204
3225151.5113037354
3350399.625012855
3417151.6321911388
3615177.4673675513
3766466.5180453686
3637683.4311613529
3700377.7355960966
3626598.0614944384
3639085.9557982385
3664097.0187412314
3909887.5774025964
3103074.49205735
3336032.3793097441
3452060.9060792485
3284757.3815424275
3447111.9940719926
3296683.0148126669
3299714.2430318645
3220179.4754989659
3132873.8520725635
3329649.3853648352
3501102.6062122113
3991461.3926501316
2552445.3575850087
2673300.8151192544
3063066.8675368261
3200812.248879123
3334602.8176227105
3425175.2214012328
3550350.3738387069
3781945.5739405411
3655291.5880149473
3695717.1552472874
3640284.6948100189
3535950.1568384892
3556367.2639557412
3696912.6748396438
3110570.3528153882
3384409.73839392
3335303.1215026886
3163610.2207655525
3625190.3016945003
3400984.3157541375
3316855.2166963713
3266267.3355989703
3179134.7221187656
3372908.9347342723
3565965.9301414066
4281211.6592227304
2586057.5467306785
2875325.8004368325
3104413.1153881941
3184390.4749710117
3333281.7217664476
3444051.9605052611
3487012.861429716
3707621.0338388095
3769653.075381747
3811016.6106504048
3597618.0015975242
3300162.8526685168
3377305.1620511576
3460311.4676178321
3047472.306025486
3370268.9323181468
3235680.9043351542
3129809.5294380169
3847450.7996956194
3597747.5921353395
3393667.7582518682
3286378.5440804441
3166488.7502831155
3242291.2161224899
3445623.0029331115
4130193.1537842974
2497182.1850233795
2823914.802802098
2867070.538384676
3203179.8053485928
3354083.1788550979
3458795.9328678809
3506871.0492909001
3615503.2973897355
3784785.7530234409
4125291.8635367421
4132505.4859444452
2814579.4626402934
3107955.1140985419
3025549.3243028889
3199895.2476580674
3449969.1693941983
3298202.8056761282
3290830.3066506311
4043487.3445767364
3726028.8885927238
3708062.4442149419
3525102.9130623681
3156400.3279836117
2965415.8186425669
2948087.3313295753
3119394.0669578547
3526513.8594636214
3666810.1290539834
3566016.4404754136
3742807.6715993364
3798241.5873276889
3836853.8236646401
3832902.1081698313
3815890.580975906
3921884.7819917542
4300874.7111435132
3904823.4050519941
3888018.9480856885
3676408.4973157779
3853714.385463099
3176297.5735416636
3641921.1231081169
3592743.445241089
3776800.4133475376
4387889.6496100388
4049678.3734760373
4147463.3837168072
3796001.5101971515
3421433.5090576503
3206223.1634513536
3261828.0421700203
3362748.8065610975
2983706.8198144631
3147633.6062480318
3502723.9930180972
3769884.4825197062
3844851.9538973523
3888803.0860288851
3902628.5093815378
3853535.0779490685
3912477.3473784216
4096578.506881468
3967763.4393637078
3448191.971667266
3331794.3280241964
3263161.8529569712
3687838.9554603756
3589343.8321080869
3548553.4330243198
3966802.3281919626
4002891.8474191106
3823424.8322429238
3822977.6919257995
3174909.0781120504
3034546.3878070074
2982178.6277528265
3044995.0984455394
2919508.3092026929
3172399.327450172
3026182.3650379139
3453246.1624760563
3829689.8744328786
3910082.4752316871
3915352.3188073733
3927257.6083058687
3884064.9994017631
3792914.3746153372
3765450.7883417038
3600123.2975656474
3315087.2544171284
3150005.101777249
2840036.4505147683
3894122.3275790894
3654096.4288423657
3745302.5224996759
3959908.8046906535
3773442.4717807272
3605739.6974919229
3569535.5492907134
2758891.9138332079
2647784.2744495752
2769209.9657098143
2881817.4128681594
2754577.3832861129
3600178.3466051496
3387854.3493686505
3866259.0714841648
3897860.2397993938
3986262.4585487833
3913496.23328277
3923273.3907987839
3889300.1884679371
3695326.9812838794
3594319.7441247557
3439580.4798545167
3504173.56553968
3157637.7150158947
2769376.4518031529
3468450.4742149841
3569997.970687225
3923933.4316325323
3716311.6246740692
3473718.8002175093
3373634.8269927744
3195448.3950134935
2510184.731885246
2389944.8876780132
2526436.0584156103
2697450.8541855616
2634963.3108655722
4036410.2858889205
3874798.7717717248
4063536.3157786834
3754947.5820064628
3971951.992671018
3940635.0426419037
3902855.1457733293
3841581.0254082875
3683784.2472443064
3636803.3790000575
3498087.9405883532
3696576.138220028
3285038.1682273056
2931218.3724538111
2893567.5117958467
3333068.2492646235
3629086.8022679193
3421582.7109853951
3229706.1277894974
3219492.6139018121
2836311.9391780072
2508901.7191041359
2421032.0623569908
2434102.8957961649
2595220.3445652938
2631227.5544424695
4440510.5313727641
4047256.5980485943
4078781.1965065557
4106943.8001077389
3947317.6540938732
4015827.3151005181
3947388.5821479182
3881270.1754025784
3718188.7728827712
3663602.3187781745
3582498.8045425643
3782664.7414907417
3472600.223757158
3181761.4136397601
2421139.0808265558
3109801.1288193576
3268242.8815656919
3186682.9378243568
3176587.6781275794
3008590.5590787246
2717123.3619412724
2614151.0013393881
2505948.4284563893
2515789.3036514027
2676347.2893248205
2798247.4055521083
4785808.7021248294
4166630.2506979024
4065531.2076084828
3879484.4674838437
4002770.2339689434
4100784.056233508
4085446.4537608251
3977222.5739140934
3784596.4634805252
3754259.0182283609
3648775.6571975411
3717408.0897785486
3632880.7429008214
3612533.3653177423
2225905.8870015293
2767757.1053709881
2923092.3537766915
3010844.2309901458
2870585.4252710701
2833966.392935981
2746209.413581003
2725791.2930504056
2660047.6744391769
2679634.9431755729
2799449.7955624308
2926723.6444821409
5098934.9527006801
4375177.4949937658
4192771.0569136152
3765041.5087103541
4117967.2049361318
4140189.6076671495
4131040.8190686572
4017422.4895583075
3913031.2894692956
3808772.3483131966
3636335.1928174854
3564808.2371794041
3667817.7646593228
3776707.2103151684
2182789.1676035128
2407767.2058622288
2651677.2395283794
2713317.4573761709
2707681.9354507341
2752320.2657102151
2793099.4641538276
2813410.5835531554
2851884.8629138754
2909784.2699542278
2995712.4511633911
3106921.5405916944
4467269.3114509424
4402191.3661169354
3781158.7167967027
4297486.3217963558
4225055.3864545971
4178184.4102376229
4043896.4709033691
3969489.7699296833
3835279.813847315
3671440.7003426272
3480091.9562064274
3581529.9316458302
3488072.331204474
2015495.4184124132
2124417.9143076376
2538844.4562897445
2619277.6534431083
2661464.4328482659
2716280.2021349585
2785267.7722573257
2847454.5127790812
2915791.3175770766
3028687.8528948785
3150093.6563167167
3316649.3369493065
4639580.7996763308
4544081.4612153191
3760840.371076196
4427741.3976902654
4242776.3186371988
4210838.3695009062
4102596.3202420701
4002769.587824882
3896138.6841690727
3756593.6647347598
3654394.0550818942
1930389.3744603293
2023724.4541050512
2530009.2644481738
2548783.1699478258
2576462.1037270282
2626382.7720905733
2694586.704307247
2811242.3051511706
2938374.9956319593
3079988.8023795215
3253445.0119348853
3542045.3074287106
4656813.4836856117
3856385.1880570296
4504839.4169394234
4212727.0362938391
4245102.850687908
4212481.3591799019
4127724.4429509169
3973401.102501587
3841938.0479972041
1996546.7363057383
2021247.2455990056
2356596.3770437157
2401287.1936282632
2465752.4117121738
2522789.3800726207
2619990.3191083511
2758469.433294585
2914994.144509349
3086019.6547333137
3301916.012449129
3558823.0347228954
4413035.0988569306
4251336.28401432
4289156.388033431
4330174.0275660772
4300313.703599805
4242907.9015267268
4068606.3592267944
3886400.3287043297
1946258.8844054996
1882471.9489076175
1996562.5443188073
2129622.3173626708
2236175.2746945638
2286769.7495963238
2397644.6015171115
2565205.4973115679
2756576.6052124579
2956158.8455988797
3163676.8206841294
3353067.5243237768
4496474.9824423641
4596573.8898162814
4469574.6275239643
4377220.784754918
4283238.1694078203
4105844.7737785694
3896065.3510468113
1860624.9048496198
1846957.0618955879
1828971.0542118899
1930170.6047244756
1954065.8682925475
1969323.2480438629
2070044.5900083601
2244018.2131455741
2450408.0399060538
2657402.5873231427
2835204.8651727242
2960061.3654399165
4463025.0861320142
5125542.0301947296
4777296.94806235
4391972.9884896353
4247308.9427245688
4173482.6449669339
3976390.7294927933
1722057.4720033186
1768600.1750264177
1832823.8300319372
1761654.1159982879
1746571.900445879
1825280.0179707715
1955126.9933313255
2101963.478708887
2253367.6904430748
2392202.5117007867
2443624.0795864845
4682790.650184432
4412341.2514173966
4197136.4301238433
4221440.0891004847
4059525.5772359022
1437913.6452099576
1516927.6555270774
1757182.9132409007
1719302.0798414613
1693900.0630565409
1719415.1834519864
1787558.1790894349
1839158.3442743509
1877147.1695740712
1937043.9037287824
1949443.3135613794
4562439.4892514674
4499424.1405932689
4155367.9746292164
4204988.5100110294
4098514.3173986212
1635868.372121755
1748848.5876318247
1724301.8898062778
1689313.5073954838
1696335.3554836328
1686360.0127079643
1636300.1267643129
1617542.20852266
1618615.7674644284
4121050.0220972043
4102671.1947967489
4059646.8020871975
4068433.1915876013
1685178.7463939798
1808357.223839215
1776725.0364013845
1720273.8740866508
1647671.2194003912
1583429.7877644694
1545667.7306876031
1492171.3894438799
3394123.429486373
4052873.1524025355
4166173.7579829525
1722249.5853083562
1811023.24605738
1765497.1207448056
1709651.4555696796
1680977.6309586971
1639199.8868997456
1544897.8546324626
3325571.0994115351
4517012.1229610918
4379553.0371604431
1666501.0435161523
1644963.2403136557
1721204.6554651689
1836041.2590196661
1802456.3907255086
1733456.9281575195
6455435.3886748413
5617631.946152471
1536945.2637484132
2073052.5457891866
2010358.5659247751
1946369.5673846432
4734076.7882131729
4624977.4442936331
4845769.8665558146
4056712.9675374907
4081820.0293553751
4117431.7234542714
3505211.8760416885
3331546.2410278302
3693890.8603431587
3135579.8545357049
3019467.000139792
2973315.2388210665
2966857.1109421216
2872477.453900096
2653471.4545062995
2508095.7241800018
2489542.3612046321
2553278.0033773109
2640102.4485275173
2660071.6664243001
3159044.9371298244
3035723.8041614462
3144786.1260645203
3335075.6651636483
3654905.1503463895
3780283.2566692606
3580080.0538766203
3478046.2627848624
3744882.7119077775
3246983.6000400716
3289034.4572657421
3654205.1570731699
3510300.594865982
3300463.1492010518
3282818.9031726732
3185057.7639790322
3100176.2654534094
2975257.4140175078
2535096.6116776993
2463844.6934828633
2415300.9027605215
2473845.9609990725
2548556.2763109095
2619411.9507698831
3002626.7549436293
3071133.9542222787
3201021.5064785401
3354242.5131413471
3399158.5337130004
3405176.6383068054
3378060.2523740702
3309453.8791294792
4110764.258236907
4685610.7751129344
3217009.2967829336
3179669.0700883814
2756564.5607897975
3041288.2047804627
3201514.1638035867
3185238.8975537322
3213595.4805535153
3235827.2008910128
3025582.9062112453
2920360.9976807954
2914927.5038409275
2974189.6027830322
2952572.9328998029
2903822.198897141
3392293.8705026391
3492721.7664619731
3576271.4996086112
3654149.5208255565
3772734.1443118323
3923910.251028588
4021512.69552234
4301946.6612543846
5257730.731593526
3907052.0105473902
3539405.6616112911
3402679.6371424301
2774655.6760640563
2939080.6492790827
3056481.3397127627
3080878.7816038947
3100961.3352033594
3093420.6443108232
3328039.6977821761
2941084.9308866831
2923972.6530147786
2950550.037999379
2936982.4957265169
2918380.0949467807
3380816.018137129
3471800.8058934929
3532575.9712651819
3574621.8922667038
3598278.4579434884
3659553.5010999278
3611497.4405755373
3451130.4214431527
4862662.3737412216
4773974.4140766673
3934708.0830989224
3617622.8663035575
2820241.6946262885
2892978.9414494731
2973194.9178423388
3024032.4306914327
3042145.7455077968
3020311.088184034
3418875.1292684916
3077602.2613906455
3031792.1264035422
3015938.2759644268
2995828.5661839861
2969984.8452312355
3365667.3680352746
3458028.370218731
3549350.0240318277
3591212.2474228977
3611960.440623187
3670715.2535985331
3648496.8423459586
3520245.5747748078
4894358.1905044932
4704519.1700429097
4127366.9327783645
3705946.0352677866
2778915.8904734473
2844185.0398538662
2910418.5313234264
2983931.9643648728
3002543.0342155271
3068140.505484629
3252126.3366972026
3203957.2222758522
3112047.8361246958
3098743.2454456021
3068393.9981572968
3048369.9001515368
3358859.453203232
3401643.1215679049
3503296.9950248329
3553309.5606611278
3600340.8754631397
3706529.2441746155
3826978.7271366357
3930774.2505635004
4333285.5851078397
4435911.1062157415
4149612.0179409236
3750398.792202923
2722787.6963650589
2802440.7923936802
2887113.1247608834
2952693.0273813079
2975911.9432771201
3262299.6631745943
3014066.9471517624
3110987.5667731226
3093003.4851534739
3089785.862551942
3082325.1122325328
3095092.9571609725
3354144.3064234513
3423423.5560641126
3486304.415015311
3530266.1187014957
3582570.6804143665
3692689.649358463
3916731.3472097111
4364459.7712387899
3705350.7738042232
4031313.8018776984
3929024.2911280976
3657732.6461097514
2666414.4743158808
2776988.4592962614
2852500.7802936295
2891070.7917368114
2903920.6156229819
3264622.2323775119
2939878.3849494248
3014334.1284948047
3051182.5485007013
3053873.109391016
3081476.5250377571
3108759.818001044
3278427.3990975171
3365313.3384139435
3444552.7447565133
3497850.4737679684
3538353.3134744442
3610743.2744235173
3789124.9670442156
4262001.4210571321
3348693.9634117815
3860516.8811586839
3452670.7130743149
3521197.5092660571
2674866.4527503974
2748557.3145504007
2808486.93174006
2858092.429502611
2884790.7195387953
3227450.1312832809
2962174.5332694459
2986031.345274589
3027848.2762993099
3060199.329843407
3106096.3848826182
3149634.738245789
3268995.9561920259
3288575.8767599692
3348245.606100658
3403394.9632578958
3436374.2276212536
3494917.5866467026
3608456.5398379425
3852769.3627734701
3405311.9089589952
3871269.3082229667
2863632.4294737596
3324467.6246429067
2665107.9450166943
2745155.9693663972
2787808.8672054377
2847012.0334987626
2964630.5350138727
3115486.918226962
2909453.3908367725
2977685.4439151939
3039946.6859718529
3092586.4519035309
3131809.783264352
3141710.8852589973
3211382.0287205777
3194439.781778614
3266990.2405533274
3279011.2940569534
3309448.0446608067
3376208.862287262
3435536.1742921364
3488961.1575143272
3557696.5551696466
3946756.0503463754
2987843.6004529316
3544076.7632761397
2985898.1306409147
2850757.6140892347
2827347.934253552
2864772.6301320805
3034066.2974229879
3059458.0165668079
3017894.3010236816
3054080.7122733495
3097194.9553669435
3142534.1033667061
3198784.693956756
3227373.6667631185
3213141.6568307602
3171628.7491003624
3190292.7995638512
3134202.0056350594
3138615.839753537
3181110.8770026844
3197456.888520285
3141432.5905289943
3659110.2476451332
3830138.1255636411
2972599.8702598475
2872724.1895092377
2924973.4482777077
2822079.9936453928
2802960.686223757
2816932.3172170524
3106984.5777151007
2882080.8370536417
2927800.7468727767
2941741.1578518548
3003728.5887549156
3089558.6752054924
3181146.5528979157
3242092.8244987065
3123639.075021442
3083153.6880483832
3037427.6039378038
2980992.3099218546
2980810.8846995239
2983989.4706313144
2970030.7947783158
2868831.324190075
3686549.2155165966
3624415.9916345128
2641878.5188785018
2503022.4221258448
2563707.6439638538
2693732.9695723709
2754089.8656329019
2782182.4189233473
3209825.8113989197
2978591.3736982904
2932340.4888271443
2948307.2359942701
3011205.0262566651
3102753.2992903884
3155620.8153255899
3203640.6339351595
3011715.6966192424
2985238.2444649264
2949688.6503194212
2897672.4355097194
2869348.2654225943
2858434.815073723
2832942.3386974209
2741194.8370351293
3664078.1180927558
3483569.4312922675
2343167.7882496789
2533318.3881952884
2451087.8658581735
2564530.451873899
2611295.0901075965
2647964.2647623699
3089295.8915026952
3067397.837454773
2957911.7344803521
2935763.0922080385
3006995.6779580549
3088929.7761672367
3127725.0168202897
3182602.3903921773
2843101.4482212663
2843026.5143622747
2857217.6921256906
2857494.7065648674
2797347.5089933164
2770979.1447478542
2769566.7377116196
2696869.3526165178
3498970.040646161
3274027.4775042017
2322021.9444356728
2451108.0026958636
2521361.0123732225
2570706.547041873
2619833.5830873814
2683223.7133545075
2914199.49395577
3050298.1288094339
2995733.8945788294
2965368.0188924111
3015825.227646742
3094837.4379329318
3132123.8701582323
3197049.1336845779
2652881.3232144346
2621033.0431517507
2776013.7916557775
2836337.689505626
2786771.9261139054
2752014.2278346019
2740779.709516766
2717364.4698473797
3294156.8238534955
3066751.9391425755
2548591.3190611806
2572256.0423319293
2665858.1596264872
2666409.4953158395
2684234.4310527961
2746664.5623858683
2824111.9368314394
2932819.103862775
3000141.8751006294
3016355.3701804485
3054681.9675351535
3119333.7520264359
3155905.319180849
3252749.5427290434
2535159.6194799407
2477361.8236180758
2912996.1295685638
2922507.4505489552
2774632.9436974106
2721081.9926184877
2697231.7995096277
2675751.6833581435
3120474.7198733333
2972034.71702189
2636086.467201401
2667951.9887194918
2767116.2200170457
2889090.0279567535
2853180.8635862041
2792732.6812587259
2801550.7724466547
2862702.6301419521
2976475.8252036204
3043291.5216641859
3071607.7164409095
3155768.7542953179
3201573.7929123375
3285962.4935818124
2426262.0887036524
2376868.8366505867
2942379.8353651627
2934328.8055222617
2857677.498142025
2767232.4737424012
2695459.8612999828
2631782.0023623817
3067810.6379848486
2984307.8293722915
2727190.2245828849
2765617.6326930411
2980142.3006445449
3375460.9841320319
2951972.5238464507
2768929.4790441287
2743934.174329645
2800820.6217038333
2912180.9952674191
3011014.1055379342
3043310.5402322807
3134329.141118974
3215503.1046187705
3298701.0450820792
2354976.5407617469
2311212.3974212441
2987000.0829451815
2943817.4875238352
2916678.1121119028
2869589.6722984393
2585081.2242806815
2489454.7035486735
3128752.6130636898
3055346.8650281173
2848437.3778364719
2902901.0995308389
3116304.4627231611
3411191.8972429708
2800074.6092541828
2712206.3085570638
2724330.1521640318
2787145.6070206203
2882788.9505947172
2975946.3459949321
3025723.6272150911
3114530.1682865261
3227703.6891606189
3275605.9514810019
2322062.4300601692
2310808.4640288632
3045993.4131331807
2961641.1017837026
2963311.3115506377
2927435.5577943739
2368870.4831118593
2267716.0819664891
3362342.6780844745
3272148.7560655102
3000744.4781813789
3015661.9951532008
3248343.930470956
3287543.7853520899
2974872.4929812904
2741634.2905570287
2777916.3569128215
2850788.6848886609
2915296.3262294456
3001939.5783975674
3071584.2512821713
3136723.6726173679
3216609.9769588895
3281719.8012305219
2409892.7397208158
2542477.723702603
3003790.588470933
2862820.331880983
2847246.2640732615
2817033.8962515569
2246633.7243329417
2160233.5651159622
3706680.7693356066
3598476.9287976008
3110392.2563342317
3168693.9830325558
3531484.8247655048
3350863.6717783543
3407861.5371053834
2855133.9912272664
2867297.180825674
2937696.9320380781
3014517.0620968938
3077475.0116983172
3126035.9040056355
3158927.8985648621
3222134.9847100456
3278419.4292654763
2482634.7309507742
2592774.7181500415
2689922.1586788385
2671302.3850432369
2719454.2432148377
2732389.2670356547
2179111.4257742479
2127563.5956890518
3981819.5850121393
3883176.8086773762
3197634.7471074527
3272707.5623973296
3855753.4417010411
3321661.606942019
3443730.3765693908
2921350.1869256049
2950143.3877110253
3003909.8811000474
3086700.7310934239
3145544.2999600926
3176694.2174706543
3194422.7464130553
3254876.9752220665
3310381.1523245694
2502021.7703543808
2522298.7206425294
2561534.4690534002
2614460.2727655056
2657541.4988101665
2644046.3448917749
2164581.1484715724
2140740.8440070427
4162304.4007073892
4185738.1138089276
3275306.7282993402
3343847.2437983043
3951228.7395831561
3082864.7211849187
3392136.1180998338
2987341.0734398817
3037422.7197363204
3085813.0881296387
3123545.6562469425
3170511.8978439677
3200280.3033872559
3233752.2054899051
3279371.6422594506
3349883.3741938649
2497728.4648901904
2478706.1074691922
2485857.7252802639
2507569.1392729804
2527227.4698790587
2517061.1284562191
2176526.1160254027
2155268.4433107041
4226134.9298865059
4329438.8167944634
3277904.8814747147
3376496.8749611354
3934271.7993329884
3115191.5000834865
3380419.719207834
3086396.1447192729
3116119.0022519561
3159564.9016195526
3180535.3527853563
3185402.6873538862
3217145.4547325894
3265253.6371312346
3304029.7382183941
3378132.5626104018
2464015.0974840159
2438087.1935792337
2420004.9205292258
2406198.1861278364
2423161.8497376405
2434165.8154150224
2176900.1042843037
2108589.8362421128
4179327.1341690379
4321516.0638529072
3268991.5526206135
3378668.0575765204
3919356.8568646279
3139556.0199861173
3288725.2709830999
3133063.7135635042
3182814.3528840565
3230690.1766295284
3245941.6704155095
3222532.9210018893
3248307.4659206225
3294042.1476444006
3334831.437447106
3431585.0481340382
2457785.2123813499
2436693.4404521948
2383348.1134678912
2332760.5402367655
2415139.8881361736
2489510.9609321994
2198866.5163124213
2094329.9178226469
4093326.6919273082
4134313.652522807
3333768.0098568685
3375589.3379199221
3809790.5340048792
3105657.1527054664
3222225.5428045643
3152077.4720876575
3219067.6368419398
3263282.0118026282
3291732.3193609947
3274092.7949157096
3280559.2072041542
3316768.5476613007
3372829.4129357194
3497081.8761301814
2489160.6846026946
2456164.8991324394
2415174.4007046828
2395234.6230047308
2462093.0418288028
2525444.0845587384
2263661.7388274027
2207375.4388577822
3885802.0417112038
3884453.7452305616
3382266.8039930006
3296317.3831838341
3520293.3655153234
3019149.4059378197
3147004.5918902154
3209013.292202855
3241440.3342157975
3289894.0936685931
3336726.3453493365
3321374.1971816914
3307508.7786084488
3347414.5734534813
3402084.0515039661
3503599.4003811232
2484737.9433571007
2459599.8281269372
2435787.0425592358
2426077.8456835905
2500016.8479583859
2489548.4239383163
2446295.19673145
2424131.2092983439
3598641.9659021376
3564761.8345510308
3371146.9745420795
3320045.1331154448
3273042.9570167507
3131026.2070750492
3194506.4965696922
3281756.1076910123
3280021.5394330481
3344863.4366696868
3377046.2765967161
3360246.3076186874
3340336.0260490156
3370290.581667555
3428391.8076237845
3508796.6944047394
2464340.1943939822
2464086.7725635073
2434368.6626470177
2451510.1590638957
2561888.6573758689
2555820.8792654225
2570197.504185867
2589210.6654906552
3452703.5050778864
3466916.7691122624
3379625.3392914012
3409388.8409678978
3146251.2463688795
3167409.0358928507
3219528.030633911
3245376.2670862307
3282695.3892863751
3355310.3421234949
3409366.3877040087
3410241.5460965391
3363994.4638370941
3414535.1065680599
3514062.7949732519
3588883.5523205013
2498699.1930960855
2550916.1252267775
2591695.3166258857
2650048.5984951267
2626834.5462862332
2574938.6878754324
2583042.4357837802
2602442.5512422919
3496779.537254889
3561639.7335253065
3309827.9974754131
3388377.2215031511
3030633.7116654087
3213293.15468407
3247903.4867583099
3242434.8448512475
3281342.9207739267
3349837.0442742407
3412265.165511766
3476007.5920401239
3526649.6327529605
3570199.0787800443
3637474.4030191386
3713115.7955737934
2534373.2844185634
2598018.3065862702
2603568.7569623101
2564644.1554578571
2545462.8678139863
2539878.5929854796
2482108.4961852455
2340133.9954834552
3661651.0097214617
3698336.6920849606
3302390.1162162358
3400088.8145326446
2871130.2169602118
3108130.3764346498
3282873.9767110776
3247257.4836638081
3294029.2736355276
3385000.3936957335
3403322.6991367131
3443706.058240748
3464372.9410673957
3584953.3991250671
3693114.0006722067
3755912.1092664329
2497899.050674987
2530987.3820319427
2558477.9601882612
2550441.0051552891
2549544.2802338656
2582309.2816485022
2174445.5534222028
1969987.0252972837
3908545.9256924442
3927095.3754421645
3197944.6584161711
3220749.5922101834
2621644.0870956201
2833751.3122785557
3052133.369043699
3180176.892546467
3293271.0358066685
3416034.0789935752
3435518.3610389335
3488331.8605016908
3498319.151188707
3612153.2198905726
3739287.2466518926
3811837.1632260182
2455554.6847417285
2462440.051931934
2502631.5828108867
2551805.4738192726
2594684.4036828377
2640212.9437384238
1957893.5242701748
1828293.4087882328
4204627.0847791173
4191574.1844257889
3133719.2405211488
3236241.8247496742
2846047.9633877212
3131989.878687581
2890318.0702045178
3122038.5587804466
3243210.0556831406
3422516.7041556868
3465201.4538629903
3567193.6181714926
3576745.9874415328
3624620.6464545643
3751783.0416211216
3887360.9772070129
2432750.8515026779
2437919.1619638437
2479338.2451144517
2539658.8555115592
2588806.9559881603
2606622.1246241517
1940303.2967224892
1864089.4542421489
4294069.7932174411
4435078.5478918226
3170237.0020788196
3319409.8311266028
3098080.7664532172
3283038.6749844095
2969269.4651754661
3109289.7411746732
3187669.0230010501
3338229.2014791602
3400910.8852376444
3571585.2058674344
3563272.70480164
3573524.7303274916
3675067.1616162192
3866375.5849896753
2367178.547710591
2393697.7337294519
2427678.9024215452
2487114.5599414632
2527548.0858842498
2551689.6707489453
1984601.0329361802
1950382.2189316005
4186893.7226131773
4597751.1577728065
3221375.2719880044
3381337.6199168451
3274414.0698410063
3447196.62472576
3131425.4874204737
3212743.8664786117
3213829.8013232555
3268946.6001920737
3312763.76310651
3520951.0447435621
3524303.3112574611
3542999.9555363571
3619774.7211437146
3738773.8945712871
2298367.6882634689
2330140.3136984156
2362242.0029886127
2421775.6531677623
2448696.1597051588
2476822.2148740734
2046197.822835556
1993248.9320759359
4161932.6301507126
4633429.2474220041
3282660.7758233272
3300142.9924131925
3427650.7469182657
3477257.7527354988
3343281.4041974703
3240948.5240667397
3351476.7654154818
3321853.7671375093
3305012.6685912344
3486598.259327603
3521169.2974180942
3550735.0597358416
3689718.7732916949
3721663.8703658432
2317770.8023729473
2264269.9270344647
2247596.2342432695
2301648.9256928312
2339289.0200933251
2396194.5674844552
2096602.4562668407
2007478.8595257849
4183964.8525144015
4739047.044777194
3410844.8909732155
3293953.0635130582
3602938.7912185993
3510452.6102268281
3456074.5980558707
3321940.291365684
3348848.8652915373
3417555.675849461
3366986.7632332696
3449599.9058906641
3546561.9399076416
3621179.7500692168
3817049.1103975624
3773029.3767164466
2276440.8872043961
2182550.1718366714
2148029.3196801362
2183874.4577399166
2230192.9378440133
2314450.4571294691
2106483.0624127053
2029199.7140846539
4208525.8412018036
4957947.0705066938
3560038.4761141348
3350406.7289574612
3801062.733194699
3648314.8929778943
3528929.6676894366
3406368.2674085749
3348531.0493071419
3457651.7174707428
3500535.9589458313
3426838.7332930951
3476872.3800801826
3505682.5492183124
3969134.412881007
3939781.4770542257
2105198.3410545085
2053135.2823838624
2033273.6089733327
2095690.0882005347
2150275.3485076316
2211184.2302172189
2032777.6313351227
1980319.5571287654
4323965.5498831272
5075052.0755556365
3700701.920932313
3457743.7536638249
4103656.6894354471
4104626.2046780312
3656570.9256461151
3716275.3480329695
3485378.3697468811
3336554.0759546217
3506512.4188118353
3557632.6992065292
3495952.2911096425
3433342.4323378764
4045457.5501914141
4213499.2858576002
1891118.9780557984
1829945.7179606457
1779384.4234861117
1940217.1459627612
2027903.1451445939
2081305.4478645648
1959672.596301706
1972811.6283603082
4573572.5059339525
5349457.7868388835
3753963.3037725757
3478927.1522016488
4356643.5591501333
4372831.4558781562
3864593.5777250682
4056680.871814548
3850103.5185353495
3523497.1529792896
3498063.2481739842
3633124.0672222213
3567114.2094512763
3445065.5484968764
3977548.2205672911
4415318.6514089806
1768988.1325498449
1720673.689776158
1665328.9149197172
1884079.0968381804
1927581.227612925
1974263.9733151039
1866695.8277333176
1886697.2436657911
4563848.3663895158
6279905.6706565721
3150323.7617702861
3699406.0180421993
3491196.2629954503
4504594.4390414478
4381761.6677085124
3922181.7053990089
4046504.7913900656
4161772.717892509
3903999.047197632
3530122.0795229147
3529181.6109626177
3534611.8020279566
3299190.4814952943
3027515.0667572953
4136353.6152714454
1731216.144783397
1617327.2691181717
1522596.6539826181
1775900.8337768465
1829570.4083163021
1892841.4149067539
1756061.1896275098
1792381.2652276545
4072246.3058517184
4817537.8812019508
2564447.7688228097
3767817.8126806216
3538183.8911990253
4536089.333445319
4443794.9522887785
3647468.6015839712
3884652.7374531343
4255747.7632959429
4149991.3360480196
3686473.3888392905
3511321.1794678103
3620065.5816832432
3224533.4383524391
2986172.249193978
3525287.5460404507
1581704.2215421915
1479423.8412801288
1396196.9147246187
1659235.3893590793
1728542.6292047806
1856283.6874218518
1777585.2090733489
1629157.0817190553
3540444.5985223735
3809689.6443926534
2652600.3519000146
3878112.6646409277
3986162.6316656093
3558211.5187486084
4624857.9473957364
4617295.3744037524
3704521.0981141939
3926224.9010420227
4219595.5517005511
4122070.7468080102
3822017.0293962611
3620795.2769448222
3601715.9011723087
3384622.1648364398
3049009.957382712
3245312.2826542994
1334249.0046896504
1318637.9226736529
1297029.2527498654
1548298.2264153203
1647491.7290564694
1800134.5047357432
1850420.8815149516
1368786.9504722215
2927139.7747728075
3325183.0614513508
3516711.3097938728
3946612.758126718
4290315.4723788789
4210055.4265132854
3389137.4661647733
4655036.9391501481
4715451.0822143899
3978363.3416310931
4146321.4639339391
4106489.3047174443
4003917.4279121007
3945641.7253485057
3640888.887697719
3574794.820249544
3760430.485006907
3566756.5736403409
3617390.663120144
1219258.0742840939
1245024.6560201899
1310022.6126973419
1463903.3817167003
1628680.9574501652
1742728.9048452938
1841733.1943736405
1183286.6109510977
2284612.3064262159
2529899.9760477184
4150244.1315498264
4325162.1857609246
4580918.9197041681
4255665.7777239438
4305529.0626319041
3706418.0026566149
4912927.3204556443
4668048.173121307
4043056.3860764508
3875966.9239889802
4048009.9395727161
3954609.6407020269
3897687.6533003096
3661286.1255958066
3635992.0826800135
3904685.4375984902
3882191.9354988611
3948402.0118376119
1112838.9781622016
1162238.7331980965
1230984.2750195789
1274645.1770966593
1567504.2595160578
1696958.0669714541
1806234.7351686375
1144917.6933324873
2053643.2698928076
1702030.8828315223
3928164.6036397642
4286316.0404949589
4409333.4906060658
4486918.9036053689
4387381.5587745188
3749892.0041488246
4659577.7549297018
4681806.0189730031
4094727.1376649011
3940044.9140771087
4103371.5375536103
3962826.3723776597
3882422.5807932224
3827312.71625295
3780528.4598799013
3874506.1494618217
3922747.4842199096
4164186.1684410847
970514.84576906322
1064188.4341115481
1133064.3943258636
1184956.1151757524
1491003.6113841597
1639166.4514770494
1780611.7998129702
1221052.1023812303
2289102.2531986935
2186454.7140859431
3932002.4730962496
4076113.0678883032
4085212.9420437799
4314310.7000459535
4073273.1517477152
4357572.0278024618
3790719.5033195438
4313458.2835399006
4685381.2173856525
4147374.1123958915
4026059.2850153358
4060576.0196044627
3908008.2354144296
3922117.7651931425
3896036.670150016
3869620.2356650243
3999344.1633669911
4155750.4164921553
4600580.5125397891
872683.84670519247
1009090.3601589155
1081902.1104477411
1142754.1071072556
1449144.5528445337
1575487.462461103
1754833.3737119576
1419890.319127108
2529504.9580814764
2558774.2970188968
3450956.6164147817
3714864.4086635998
3809300.389001138
4025908.8956548227
4252158.4243906802
4153865.9738086062
3690769.9993672017
4105307.3781496468
4584193.3294752939
4184753.7351857056
4092989.4752109242
3949284.9214191199
3847660.0528513114
3917453.1579124029
3913032.7839491474
3956724.6103385668
4081332.4513303111
4248236.5891752494
4870838.5764900884
1011443.1303059822
1085156.2148250609
1126719.9176345661
1219592.9971640469
1366029.0360385929
1559763.6082011503
1671752.3081153347
1580385.5504935195
2665241.5948961745
2888422.0803188933
3180679.1734092082
3467363.1433235449
3607397.053651955
3707387.6874849731
4044046.2266771286
4122812.3896666481
3890774.9054979356
3512594.901341367
4033528.6841993327
4462823.226385083
4182825.6461004149
4082902.1275764168
3884838.978367554
3915458.800593439
3923097.7212213888
3886693.0775047331
3918813.2942097536
4085999.520201222
4273062.5249883644
4763876.245428483
1172267.2852626955
1191946.5324623201
1143238.641461282
1241389.7678220563
1338595.5195181011
1509795.5090943775
1575189.8751834016
1587200.3728386925
2628305.4016481512
2897598.2088522217
3103656.5890775179
3392082.0163913565
3556749.1546245841
3584067.3139687073
3798137.9335409938
4019735.3815036234
3628516.1236525089
3647046.2796426625
3320020.1835572054
4026700.5969539508
4333834.665342045
4185009.3734992961
4050312.7823956143
3894985.2244539536
3766317.7172319223
3914972.6136215329
3877195.8815353406
3856397.6670558676
4030530.7564805439
4199855.0071354816
4780373.3424156001
1430351.5015018021
1303758.7650694482
1117462.4639545667
1184060.3340057235
1381841.0639118485
1423428.2381161572
1588419.2667840584
1596168.2722253539
2452677.122984224
2642191.3361129225
3220161.1781926313
3345634.0609859689
3481124.4634510754
3510663.3462955314
3622446.0069749663
3878446.4809927642
3825837.4423880507
3436744.9255573051
3445358.3067463865
3254496.2835807125
4031377.9078820529
4157062.6285462757
4224487.3477572594
4054409.0371721485
4005670.4649802856
3823211.8623370137
3991064.8247077176
3952276.99745687
3844584.8902310552
3889551.4937904589
4046188.7827345994
4700554.6971578188
1496277.2518681339
1404523.2350909617
1284710.9546855323
1292063.9942636215
1412728.0747360461
1446061.5956180613
1580602.4308754734
1602679.4746197937
2215593.3911980269
2312055.3556781122
3405249.9238699432
3308617.2096063811
3415683.8490128536
3450416.5541204498
3536188.1161199864
3722117.7739237538
3880754.4843408582
3645417.6960020205
3286340.5009059105
3290293.010221432
3183808.4471852658
3924978.3057666486
3906548.1688337959
4250982.0441119019
4082972.6423270502
4053770.2079444579
3883506.023953517
4118998.1690439172
3992528.2141226707
3871482.1263708039
3826143.0350327543
3965958.5495234816
4743451.5489958348
1527604.1349135065
1506303.7311393467
1480841.3366857555
1494782.7838646201
1485754.6105691639
1488678.1200671149
1598789.3930612409
1591880.7936438117
2101293.5657303152
2075136.8115983373
3763262.4367816416
3498200.5586309694
3450653.6597434701
3400204.3536445466
3408194.748435711
3540130.8947891714
3589135.7329518734
3654463.0590904392
3694387.6391498796
3195604.5693437643
3159547.9912536903
3811360.0314120078
3770386.9555045925
4223471.6138208956
4068328.4464522479
4012584.6510359142
3908850.1893697386
3837711.5066144071
3918450.6061377795
3887343.6097161346
3835380.8131944751
3929903.8767932048
4738822.2841039822
1531817.124094056
1528410.132690327
1585241.6540063077
1630452.2064948599
1571778.8228207885
1534249.7466594805
1712603.3133818943
1671306.9056628847
2019204.1803072067
1925657.472947828
4017946.2993805376
3633538.3487876439
3414460.3769291886
3399023.2448147777
3564928.5572090838
3534611.0204194766
3388043.5182664907
3594807.7413424626
3575679.1680577472
2858227.1044796519
3084214.0557739139
3143248.5701531493
3748377.0446839952
3725209.1902584704
4181971.6390723414
4068511.8240650897
3997193.5164954267
3986779.3609427176
3862539.5202055736
3953823.3789461465
3888862.6749206451
3780534.201316684
3998452.5411838591
4812044.9101713961
1612524.9571222262
1552988.9913895982
1694310.7204720126
1765645.3731816206
1655148.3137110271
1589481.523755946
1927131.374080403
1891128.0852211108
1954767.2367862223
1845945.5245560703
3817144.2513349289
3488716.2053849013
3477892.1291986201
3616715.1688299295
3465185.4794274806
3346372.6768857748
3334151.3601896078
3436841.7648174833
3375182.7781467997
3075472.0606490807
2727477.9063813849
2975842.7440094464
3157715.6412179354
3609110.0726158395
3628063.2168378932
4116945.538173472
4080730.2934697634
4025704.91220323
4068040.0856786799
3941957.9042180185
4151258.3194813938
3985187.1922030509
3947485.2070393581
4550434.7565057389
4745821.4702800531
1695384.4206872804
1633054.2072995743
1810936.6702183473
1890787.1434845633
1809371.5993157348
1723689.6284546126
2193767.0133147752
2149193.128694911
2040799.7133421144
1862854.8712177244
3414840.9098550132
3402931.4245344927
3605469.3677149657
3421861.0105106421
3252782.2887524008
3143666.1457768362
3090353.8247084301
3271509.6441041161
3367241.6685749106
3050302.6546627702
3105874.3516722107
2982222.8570727077
2808948.0083731101
3026834.9942328311
3440576.6923688231
3512602.5680195056
4042667.3289875328
4107202.3392288005
4069739.0167726763
4139144.4803247661
4043990.4158698861
3893701.6807290264
3923904.8030278883
4161507.0592549206
4357329.2920830538
4389583.0773164649
1800934.0122185252
1791708.2114543281
2012080.1843845474
2085004.9104987017
2043843.1962032411
1953246.4116705528
2485570.8945423076
2417162.3024295541
2323548.2426804178
2103878.0126639148
2857600.0537529211
2846429.3171618725
2971142.0053096619
3004448.7414843063
2976621.4139972557
2873316.2679625102
2754545.808305982
2653824.8031941126
2712429.9407583354
2887753.1303515388
2910152.228282345
2951091.9037110661
2686982.7194049722
2871239.2923484929
3400751.8816751386
3527633.9424636355
3730397.6233229162
4084181.0467382595
4073107.8490135549
4163639.4615732231
4072422.8895572964
3876958.7839552402
3904681.0309670586
4086656.5479529421
4086919.863030476
4097962.4867917965
1921106.1608112666
2020440.0513295445
2265850.1303274008
2335420.2424874115
2313618.4258898231
2242457.4499595119
2785459.6658630022
2725419.874881078
2698360.1818264979
2577954.5646644919
2449230.4448000612
2518774.6523777246
2621233.8469302077
2679733.1420539878
2660613.078594774
2602879.6073794914
2558301.8027013871
2609808.3716452215
2796798.1597471507
3070419.1360536828
2898528.6733378083
2898472.0377618587
2631653.2867686381
2816426.2607389307
3382093.1032776325
3512865.6531532621
3668263.9238064224
4062613.2382102455
4065059.3894287855
4145371.186450168
4017856.1109422692
3824026.5888189934
3912764.7710817326
3965807.1101276944
3935127.1960260374
3916899.0550066507
2275159.2184059457
2363528.9963836018
2582264.3863502778
2644404.5131301545
2660177.6326727574
2663689.5896138116
3125257.5413678791
3093233.8719808529
2961378.1577538177
3088588.4208040233
2255598.2083462635
2379624.0363232582
2459647.1886103484
2469884.2539528986
2521437.2598621421
2547746.3174578655
2850496.914915863
2848246.7189839473
2899699.933496133
2962921.1903099483
2804015.1514235749
2597626.2159567615
2572135.3660684051
2763346.9206570545
3303387.5173898507
3472864.1848918633
3660986.941004192
4013253.3794002151
4044599.0549130617
4095201.3864526711
4024470.2814176078
3858205.6545926938
3971705.2669111434
3894084.3947210629
3856612.7073181057
3862450.0382784945
2680308.1935631614
2618676.2595966547
2758584.7955230325
2895697.5194370598
2974520.9658038635
3046279.4868534934
3326124.7515062396
3427943.3792306953
3286849.7473289184
3531426.3496988029
2080966.921530528
2204961.6225911984
2474180.1711561754
2762950.8032183461
2824205.4950002525
2795184.1214417093
2752309.2588074985
2681231.980884965
2735721.5982061471
2923270.7086501173
2942469.1260662121
2545079.6767066387
2552820.6222362933
2761967.1102809403
3219395.9576021098
3423442.3305360782
3650122.0343024186
3932494.62094814
4003346.5139396638
4032543.2170743612
4033009.2271700115
3897921.1702798465
3748906.1275832271
3845923.8186836699
3836102.6946665375
3890208.9341996526
2918237.9133993364
3050628.5953776659
3124620.9439594024
3170789.2670279653
3332454.3566520144
3558557.821475917
3496535.1262555015
3870013.4849169147
2132745.4551772396
2570080.4745799997
3496619.0735816429
3426327.5280888593
2943557.3922445253
2716870.1030238033
2652057.3932929696
2651771.7167448285
2789977.7189175198
2844488.0048925378
3063636.9265904929
3066365.3315280303
2556984.7412880627
2724221.7633132325
3150856.0704575921
3332934.002941194
3553508.9449969428
3825018.5378360637
3932305.017021874
3940305.1453292738
3983826.1593575054
3900886.4992778287
3742810.2588455305
3873719.6622711173
3844207.8463125196
3947235.7487616776
2514202.6928840135
3039703.2298257146
3296097.9994242215
3422216.0029090894
3251661.3962474894
3197277.5588187249
2966387.6813890683
2835091.5948577682
2857038.8522487963
2839244.2588341748
3091135.5683461726
3404982.6176093104
2543274.7937640897
2694278.7441092427
3201173.9945482109
3311153.422366655
3508242.2087266957
3810188.2466236777
3890175.1471101423
3864728.7550625955
3905336.728364767
3893904.8107616426
3767469.1072252784
3862090.5961506097
3834917.7494092993
3973295.0251204963
2260754.4903659499
2568074.4433018817
2760996.2230623364
3099439.199776337
3240989.1162485527
3232737.5490281195
2827677.3836440225
2826263.5966681093
2812590.0654899059
2923547.947374329
3127298.1439841511
3416501.1254187278
2476721.6395681095
2660302.4862746852
3225605.3888259651
3304495.3348449711
3469031.0258756825
3770804.1416481258
3813846.9256870444
3814614.690200611
3860263.7666904386
3887712.1540889009
3786737.6436733943
3841959.1442125016
3854349.4556616307
4039600.0797405583
2460740.9877331243
2734482.0357286176
2985250.0118020913
3124058.4836648949
3354806.7943059886
3393098.1233075974
2871802.5468554972
2961329.538345532
2931789.6526839314
3010723.7015303182
3197764.2846647468
3403295.1553910179
2490632.8731323252
2642957.6485886131
3216664.1900234148
3306245.9602561472
3439032.4134213817
3647559.5137257855
3841957.3790863734
3756782.1987531078
3797137.3558789394
3852936.7424005484
3762807.4689816488
3833383.345306166
3873721.3845661441
4264515.1074382206
2501877.6802417389
2887149.1765198777
3111237.4164895928
2988985.6668699114
3510033.8695077761
3656870.7768990621
3179278.5047811521
2912294.8067261237
2956113.6024702946
3049441.6329508987
3294373.2953975992
3525638.4736971394
2548988.740956624
2648565.7645655703
3162398.0730449632
3271313.0224272101
3411247.4128586841
3519484.2392324922
3718352.5074688322
3739548.8964649639
3736643.350708853
3769615.2774051949
3666520.4915020471
3765283.9857629128
3850537.9517188561
4336675.1381862918
2865581.6808750946
3079556.4647454699
3184963.9048404573
2965573.3398284502
3588604.7321532289
3688770.133367015
3625665.8282091962
2987392.9646924725
2984097.2929249001
3177201.5476888712
3400153.4123966983
3626324.3235558365
2589733.3398415479
2670887.8238778575
3143649.9620586676
3264335.7564868233
3383572.6217712485
3452558.6022391268
3644136.8452734197
3745896.8353975359
3709587.4440802289
3738852.1107958327
3624064.0228848988
3686796.2887613
3761826.5157401497
4094691.0443485999
2989665.3973668092
3241144.1555164461
3395873.7219258002
3144499.1561002899
3565932.5411326136
3507514.2738824142
3560640.9903965699
3179069.6091314401
3104917.5724536437
3309637.4630845073
3493890.3900291361
3803991.4008409544
2588846.5285364687
2654383.7722247923
3080113.8330571372
3240208.098280163
3364618.0458221422
3427473.7037494313
3612990.906229008
3783238.6106687258
3685416.0285532679
3746451.1559970751
3669823.8054642556
3624141.6797702825
3663839.1268377174
3931824.8332308461
3093988.4915675302
3363796.6495273951
3501372.0420272057
3305823.8024830385
3612098.7166768285
3449212.8675081148
3437653.3477905919
3290591.994508977
3206685.5412546359
3419267.6710734935
3597027.1268376997
4130015.4756477624
2593697.1942028138
2725238.6128537618
3060711.2342818738
3206919.7460356937
3346156.3134045843
3436804.8915753835
3558671.9658076307
3801988.6098962273
3719240.8716928447
3742738.3570719701
3682662.3334020306
3516992.1378596285
3557665.3122131824
3725427.5622580792
3077502.6310526635
3404697.9726828691
3294082.7941920445
3032992.5219758996
3803290.574733628
3548988.173807214
3452251.7007876392
3353641.8501064051
3265828.7012687158
3450260.5312256115
3628113.6938113454
4375367.3509462187
2615688.1485450715
2919234.6439502481
3091346.3398226746
3187362.1959517407
3343650.379462074
3456988.0384448422
3498696.7224922352
3716495.4191437536
3814486.441973601
3864359.7372728381
3657216.6920062248
3283401.1862072968
3370085.4869400435
3472339.3682358298
3000200.0204186817
3414539.2968733227
3241343.1344659482
3018061.1987754088
4041949.6274307282
3758280.4767136625
3527143.0300573278
3380590.9984249952
3222474.8894744101
3255778.2272415957
3456173.1004189951
4193837.5051725144
2399465.592488131
2737920.1705908859
2841436.3501719786
3207377.6771231848
3368002.1255155373
3476125.390598041
3523563.9561890285
3624118.044860845
3793025.3629861013
4168568.3079145001
4047468.5494391527
2691364.3113209708
3081152.0328435679
2988501.9039253867
3223421.3999596336
3588279.0725823888
3458850.9554971787
3318464.4123365148
4270973.4939810717
3909542.5009668097
3883023.4042719039
3646960.2301146402
3110901.0784582775
2909934.0952271237
2957472.3683930379
3154165.1337006562
3401807.2835344844
3540287.0518488553
3573328.3324959665
3760716.3610124197
3818975.4944268512
3862191.5618481287
3862649.8217618638
3854491.2179103442
3958208.5491607673
4442391.1532851551
4141207.7636139276
4031130.7600660995
3708340.736952425
3895884.6301007201
3084925.9931362383
3690278.947797792
3713128.4924188633
3858977.4406006057
4625105.3449801942
4255866.5705441777
4365772.1779074697
3964755.9311393225
3390579.5931096524
3170887.5709086801
3341553.3168395236
3509124.9144028421
2945743.1674798983
3125999.5212469115
3416667.4726705495
3793704.2154418766
3870660.7561332891
3920243.8800328323
3940990.7981225885
3905027.6629342511
3994332.1661013849
4260880.7874210831
4090429.1227157474
3395784.7882507583
3316125.1540769646
3263388.3743085833
3622102.402331776
3546884.4273759848
3503660.5192152513
4119212.3618285372
4238151.8005260034
4036857.1505015348
4026615.4021301819
3278452.2628134084
3105476.9123187223
3036380.0115545187
3122438.3147353935
2960547.8153604795
3208175.9080711785
3066163.2930981382
3467510.0398688121
3859282.2992344019
3939095.0314577748
3947313.6420500991
3968984.9182292041
3939789.8920802232
3872051.9377310853
3877114.1653828309
3703929.7793299202
3246051.4466077583
3126286.5575415418
2838960.3233371358
3918531.9125238219
3459505.2219783366
3340301.6356335678
4175221.7745607668
3985740.5774807301
3808821.4903124962
3762474.2027676911
2851668.1423811913
2756801.6233591139
2872504.5022437177
2914838.9007043876
2713297.0415626625
3671039.9778882982
3463822.526462208
3905445.985944387
3903967.3884193301
4011153.0331857037
3944828.8576515978
3966736.2971615065
3943792.7410881156
3766883.9941241359
3686291.833763741
3531729.1319862171
3420978.5848920052
3112485.4757563989
2741179.1751691992
3464738.2850035732
3323125.3069697469
3332896.3062374773
3966988.8417016505
3698384.1700746883
3582982.4921192457
3363714.492723668
2554051.763522651
2455602.0714670075
2589271.1483888081
2699443.5134362006
2586452.405395539
4095807.8299966422
3938606.3305488625
4113068.4068072694
3757176.1415074952
4001237.6222576392
3976688.5121137341
3948054.5425831727
3907510.7231433243
3763082.7806481626
3718314.5911658676
3578215.3613933041
3621504.9209807133
3222433.9685222805
2875618.0583259282
2766779.5164453122
3273669.3739966652
3799431.1029804829
3676998.2974769915
3454004.4343788056
3410653.4853375982
2976331.3407196952
2551206.948379545
2458167.6817287295
2475110.2520621335
2627456.539492406
2641677.0759517974
4417715.6471336437
4052009.2832936607
4131696.9444114449
4134393.5652892212
3978467.7015810795
4057360.9070105413
3996264.5244711796
3949127.6562153958
3798932.9920048402
3740158.9781535463
3649124.4603819367
3748760.9351869505
3449414.2192947795
3167755.9067019359
2242677.7686083843
3260717.862722923
3487879.2542325412
3404078.7396240854
3361478.4951690128
3142497.6284251986
2793339.1367339133
2669580.7464525439
2563067.6947239079
2584180.0289858119
2745032.4887481094
2871441.9856813438
4775886.7254817197
4179178.6665417408
4117800.6373521723
3917252.9638633085
4035699.5284870225
4144370.3277541888
4137115.670069865
4030021.447958976
3843784.6238801149
3815536.8495258549
3700579.8854173343
3740550.5679429942
3657263.3443579045
3635991.7557019587
2159437.8471910777
2870545.3943700856
3087443.3079898297
3187289.6469766241
2987109.3373991549
2923633.2754781721
2821787.3329210612
2779160.8170801559
2721860.7956357133
2765316.6718042791
2895844.0145334448
3031203.8410542174
5176658.8453225782
4468129.0380073814
4262432.7254511109
3802261.5417395332
4155584.7060021032
4185894.7001511483
4180033.2703888179
4068297.4273108365
3962330.0082968143
3852859.7154822452
3677697.6614570208
3626757.2433295073
3712129.5280763349
3812024.869646762
2261761.0693488298
2535730.2252255217
2810682.7365310779
2823329.1227202322
2789344.850093089
2831108.5530156009
2868947.6021494442
2880202.6311669005
2926484.2040644852
2994914.2299204809
3080797.2399525787
3200751.3267981368
4596185.9581597485
4468157.6031463146
3808465.9250332159
4337431.6194469845
4268308.4861677391
4226609.6582378009
4101051.7321545072
4021502.2275769776
3882205.1724033062
3714454.5750655695
3522872.0156359039
3606679.0423476649
3502277.307835266
2082868.2596005867
2213600.3374470077
2645230.8241968984
2696216.1644787383
2737782.4098557113
2790635.1698611579
2858130.4260313245
2919447.3325848752
2994629.5506587662
3109852.4018463278
3226156.6452491269
3406702.8626479269
4785257.6265709838
4593488.8641669638
3798041.0579706579
4471142.8964882335
4292726.0320420535
4266276.4901466966
4166414.2666304735
4061729.8942097961
3952233.1474277154
3809919.0024450799
3669918.9410328683
1989710.8140746367
2093098.1077005889
2601322.701874184
2612439.8896105071
2644769.8145300881
2692679.5420077643
2758861.5834546452
2878779.2134657819
3005000.4425305896
3146207.4176386381
3328717.2802334391
3634522.2932674484
4637551.3179904735
3930493.34782273
4563101.4217115315
4281207.3998896806
4310133.1575528625
4282201.254674972
4190512.2947573718
4033608.552782217
3907581.9855078203
2065298.1936453762
2094135.5095453288
2408048.6306427703
2455737.4731567358
2522076.4205489573
2579572.9509941428
2675452.4504170809
2820128.384174841
2978785.3551212586
3149062.7616332662
3363857.3447694131
3620769.5076707522
4491207.6848951988
4417422.3118797392
4393435.7303547347
4405911.7407358875
4375056.4228007747
4348988.8919870164
4174081.3685811907
3956840.7305012271
2013505.3461224607
1956801.1101125053
2026706.7200169526
2171507.5428894879
2281317.6082526804
2334183.823566061
2446036.8617842314
2619774.0551831946
2817728.6293105604
3020472.1195750646
3215056.6401630244
3390791.7774877795
4669922.0686723711
4729330.7738296809
4568964.3931921367
4451210.0117230592
4382444.1215968914
4203011.259743277
3952034.9526742562
1889136.8051756492
1875493.4036158752
1821996.1292735436
1952619.6579030592
1993936.8134989066
2012433.5315598554
2116799.6241227291
2297663.9164133007
2511488.4841982098
2724665.9331945423
2899296.3095931448
3013878.4905437552
4601716.9801837569
5267956.0075891204
4921401.7811346436
4489332.3176519806
4315084.9317977084
4224925.7633040706
4023404.8499479285
1766308.5160312308
1804722.1177944695
1878289.5520264902
1811136.5434030052
1796164.5725067286
1881637.8299382483
2021265.2913334034
2174458.1126738959
2325696.9499210743
2458099.4547539121
2505649.5567391254
4784001.3912769007
4505511.5155227603
4271776.4116404755
4277771.3752593957
4110948.8820178811
1475386.8438625108
1553566.2497090697
1805536.955023306
1776722.6469481925
1775858.1166571109
1829391.4869478126
1918081.4034171635
1977923.0662530118
2007551.5784091272
2047774.8347504628
2047318.1656672438
4604239.9175834609
4577361.6967353141
4221102.9122527204
4271898.6800701506
4172926.765810723
1664895.119250525
1812905.8473838505
1827762.8172682934
1841349.951373993
1882986.0808055284
1887928.4514705837
1834146.4524001572
1788377.2763373849
1757460.0360477297
4195709.057613235
4179099.3276563711
4122745.4145175139
4152469.8768313788
1733416.4797563767
1892497.2087731373
1890882.4043468568
1870462.0646647499
1818370.8718166004
1764193.32296857
1714033.0644668231
1631264.3744688737
3465755.7992651975
4127751.3795675258
4251996.2048890227
1761265.3038681822
1880670.6994153247
1852092.1960078701
1818187.794437346
1797224.3780561909
1764846.8854876051
1667848.2339105136
3411181.5307452655
4596573.8459842587
4451381.0277448166
1704132.852386263
1688741.7131096993
1816644.5418108616
1948632.8624551017
1930964.4767273269
1864715.9715771847
6205040.6566963866
5400101.8291880647
1593135.8996087746
2242845.0894656
2183163.2113486147
2085385.893075532
5053339.0970728407
4932580.4583347403
5170326.8974529644
4224532.4985765871
4221950.9560905555
4240218.1824756758
3084551.6984565491
2897766.809985219
3215334.7653384376
2686293.8234942676
2579786.6485097809
2539018.9594245604
2538771.6642253124
2471212.9653022131
2274194.1973829316
2136020.7974368134
2109048.9788409658
2145348.1717684134
2202330.6000792156
2205301.0512543106
2645434.7192446128
2525683.4421077785
2588609.6905151247
2724183.8396958099
2970151.2412519897
3069642.8587433062
2915804.9064350831
2868838.4148626602
3174230.7547082575
2734835.4155043629
2871558.1504770285
3165738.2569673778
3026471.6929663047
2829997.5651113121
2810048.5695035672
2727646.9166243388
2661031.7968340176
2581461.708828433
2165662.944152663
2087312.4906594157
2037934.4854852625
2076467.8709897466
2127219.5597126712
2178594.6530563845
2500811.9738308378
2543416.1393631855
2634434.3077067751
2754894.820126703
2785850.0512782764
2785841.4786834903
2768923.8014488155
2739841.3256103634
3448111.2609563521
3996097.9729391192
2768066.777293677
2739644.7820931789
2368467.9836078417
2607462.3451670147
2740951.0887656715
2735645.5739613944
2762977.0997075248
2770475.8259578818
2497475.4584081415
2452422.1967488602
2452111.7713479442
2498064.1093717432
2473182.7793905917
2425767.4180345288
2818833.0039244844
2889260.7539616683
2954274.5759957866
3025034.0363857369
3126343.9221149627
3234115.6731623062
3298497.3359880028
3531938.1247221041
4389593.1803136934
3182392.2093935632
3028789.2962123444
2920919.2553130742
2381829.9056071388
2520970.548980766
2615505.507273763
2643636.7664238391
2664697.1492215502
2648911.0408440502
2715283.6769366707
2495086.4809730672
2469722.9486346347
2485737.3254997176
2468388.7067910973
2446271.8159146933
2820231.5465836092
2884419.4636542583
2924741.4557209765
2961178.7278938545
2982804.1729360991
3012937.3787512858
2933821.0473732608
2765756.2988480576
4005962.0885429061
3928982.3540292722
3368782.9114847365
3101749.1118778065
2418737.9467674284
2480621.7777007576
2546260.5370969675
2585875.5893951915
2600165.8338187463
2585575.2209932832
2750486.0864683567
2613180.0430940827
2566518.9045098363
2547590.9634264386
2522696.2680078065
2492594.2678537583
2816301.4242190327
2880686.2164387517
2940112.0062053734
2966993.0891757542
2976680.5639400836
3005556.3474908876
2953620.7010114891
2827149.6908969744
4019639.2393884617
3864206.8098025043
3527833.8777987896
3168909.604184588
2378069.241563655
2436796.0711222924
2494606.4063907056
2548947.6092558107
2555030.1042580856
2597383.4291784675
2707553.3496747725
2720946.1063798629
2641545.4995479472
2625551.4912847094
2592484.8992159953
2565239.4962078845
2816500.141352552
2842054.1503965706
2912265.3140420453
2936699.2985968902
2957165.726083728
3025976.5755573097
3100377.4259878267
3168859.4091516277
3564278.6137661906
3653931.1009536376
3524163.1741871224
3186063.0442031762
2324632.5093992213
2400258.065456145
2475183.1304986812
2525551.6797648743
2533754.2542186854
2640702.3149999012
2565757.6901418976
2646814.0607021623
2629719.3729276918
2622222.266977889
2611505.0562169608
2618225.3748101131
2827338.0383355641
2865948.1306655374
2904370.9704582845
2926932.1483316235
2950910.6909381216
3023098.6924530524
3182772.9079599828
3529774.5136336768
3063688.7636646046
3344590.9834679049
3314902.8226285432
3083581.5288149198
2280138.6967593813
2380114.5772249331
2449911.5850576116
2488897.0612821267
2509671.7052615727
2615352.2297345358
2506043.8975069593
2564365.7253666455
2594891.6143855476
2594841.6743135038
2617501.0204017032
2639640.9384383098
2775801.8686444066
2831917.6582558756
2883366.5118277255
2916146.4599788068
2930720.881259962
2970398.2610188718
3091416.7192357294
3452392.2246858785
2774884.1536548291
3218480.5469450117
2889433.7658916428
2977240.7502342337
2291668.0923957112
2359614.8971433877
2415254.3054169351
2464746.6164500718
2493340.1363478801
2601584.2721388228
2490325.9095867006
2528713.016042958
2572577.0072060181
2604608.0072707585
2645439.9313573032
2679423.7332496787
2763780.2501774435
2775986.8555601551
2823361.7664317596
2854841.3600859642
2864239.4591559302
2891232.5137347835
2960845.4264276261
3142248.0527538126
2822478.708441725
3225702.8602170455
2350291.7386916094
2834889.2191443034
2277140.9270941145
2354949.3561244467
2396115.8112694314
2455732.0173559338
2565443.8377107247
2557639.7204088941
2443045.9719817638
2521696.1153247566
2584356.3762092264
2636560.4055317314
2673952.3465503366
2684029.4080814053
2707315.1830591466
2692702.3393639941
2765359.819450283
2773291.8876599977
2784785.0721998848
2813989.0881239115
2837769.5637726793
2868141.6222070656
2939153.8747582235
3279217.0992095801
2442047.6373818847
3065328.6940161972
2576974.6550767575
2451064.0205640378
2429286.3518127725
2471807.1210225271
2680314.295313851
2515515.5448350953
2577150.9422468795
2605277.1011715685
2642086.500641318
2684783.895547783
2736977.0089690713
2757308.7245815792
2742602.9048266145
2727933.2548566931
2757890.2268808587
2702052.3170508263
2679996.1697316687
2677219.9404674754
2660681.6868538037
2601655.7790940823
3017267.1426569195
3171340.7200995684
2388178.9372613262
2573180.4414452701
2536171.8445274779
2429838.9930406781
2399194.947366945
2391521.2590796333
2733999.8142428352
2325985.7498733173
2428215.9743935256
2466366.8157560872
2535173.7826734949
2620341.2120436183
2710148.757274623
2752341.2833200768
2661172.9555316358
2640780.1846010569
2623508.7722941022
2584799.8023671606
2564887.6739322641
2528677.4466271773
2483545.7996641584
2386932.5278013577
3040502.3125812346
2992959.1629562215
2134006.4457695098
2190598.1937527154
2153739.5244317614
2260331.3864352517
2305873.7436529114
2323618.062360439
2789602.9488144633
2451911.9209278985
2431308.7025073306
2463214.9807816045
2530596.4074565344
2617290.0380863957
2668755.6384779867
2709638.0151253929
2552077.6285908027
2536942.2365309265
2523466.0330222864
2498861.190707874
2465589.8537051994
2423650.9418484871
2370049.0263763405
2277964.2397936471
3025300.1119185239
2875297.3911492415
1950388.7937592678
2148961.979951798
2068205.7821859787
2164332.5528893378
2204216.7839222113
2243885.2997553609
2657516.6129267006
2516515.4473871756
2447548.7050799029
2446030.9331176151
2515646.2575936518
2590850.3361469707
2625830.4142781454
2671104.4017113042
2388951.2097934713
2391322.3020794527
2411363.3329112963
2463253.2721352684
2402241.1232135198
2339011.7194505688
2308357.0802436913
2231858.5186195923
2899691.6668180982
2706351.4814261845
1948622.6245207801
2069695.8217064678
2126871.4575545411
2173339.2222562572
2210152.1635643584
2267546.8198521989
2487115.2959636701
2523988.0671471013
2479997.5157965571
2463771.9710988901
2512694.0442978907
2585048.5814169156
2617178.720208785
2658553.0889992923
2203595.6413856153
2173427.3822792587
2330834.6896421234
2479058.4639377506
2438666.2368958918
2292318.9840680254
2263661.5682759723
2234738.8437273046
2737115.9704716061
2541259.2115482525
2145133.5821362347
2170733.9334394853
2249400.0703915902
2257565.9894220787
2247319.0973135172
2291595.4259249908
2356654.8335585413
2431294.8943832647
2480460.9844160564
2493422.9730159324
2536452.5577507722
2601114.2570554181
2643234.7005586866
2668279.5737527767
2086119.9129009629
2038884.6947053166
2495918.4966200739
2569351.7316426714
2438434.4173679994
2223657.475383481
2205715.3433523537
2185978.8541894611
2593591.8691071388
2465996.1174688973
2218055.9684572495
2248729.870108298
2340753.3638893422
2479437.2859434066
2358395.3064683373
2301606.5187438764
2303738.8869006475
2354105.6013709386
2448450.0374311809
2504537.032249222
2537776.8729675612
2620752.3885076931
2654394.2015020875
2680927.4810560453
1987402.4286712371
1950897.4433871377
2543720.4413776984
2549280.1252465895
2478693.5728889592
2266585.9493905366
2198448.5517310775
2141591.4819675111
2550573.426073337
2477686.9762771474
2286321.6732106684
2319876.2454384463
2505419.8643883751
2850557.2016941654
2365209.2451478485
2243693.3213068922
2229220.4812978744
2279199.1138465386
2379523.0358077749
2467140.6052771318
2499923.9952261229
2586579.8135745418
2636285.4909315859
2698947.2023771224
1926346.8604251482
1893276.588163025
2564366.4384644949
2510009.2991709337
2453115.3767141267
2381498.705951869
2091100.8428238945
2011043.4853564552
2600953.5100514693
2535270.1448854036
2374263.4167192178
2422787.6619009515
2603980.5315992883
2852378.3453245927
2199566.9086855976
2165831.9529574271
2188542.6594580403
2246694.9589155852
2335709.178809341
2420501.0639655171
2469362.4917774382
2549253.3909008424
2640922.2098076316
2677847.7559648193
1894421.0017436042
1882061.3787073432
2585544.9243790917
2463695.1218959591
2377155.5505485521
2246224.4014843805
1891363.0010679991
1814273.4030851484
2795624.2083828677
2718979.4923629262
2469436.4248976749
2483473.7352452334
2677358.1909977179
2711898.1548463879
2238885.3783348752
2184783.2810329041
2218903.2692131526
2280626.5803125035
2343114.5968987155
2423693.7963492372
2490905.362381517
2553048.5270198439
2623670.463078999
2678165.3221397283
1960743.3550043784
2052640.8343172902
2544869.3010480967
2361509.3570189038
2242703.1075601769
2165454.7495425907
1788782.6846493355
1722496.1107826717
3084061.5571437348
2994541.747076774
2518967.8369121682
2556268.6431875494
2849016.5395547012
2701044.7013707976
2496901.1708938256
2305126.7061338467
2284240.5974505218
2332322.6929686395
2403236.4034880041
2466391.8672879185
2519838.5280379439
2560575.6323264372
2623221.2302140081
2676894.8434707476
2031986.5263374788
2128987.8682464911
2289053.8019389859
2176052.2197387433
2110549.6869503991
2104805.9364343826
1731618.4818054612
1693504.0016992355
3313033.0088931541
3235470.6689859922
2568542.624216795
2619473.6849215589
3091970.1604813812
2628031.3041264713
2495783.1453075819
2322550.8372467509
2331395.378183804
2363819.1110277306
2437444.1327455244
2502858.4303938434
2547009.9322989644
2579829.6902889307
2645939.57505666
2705745.6986370333
2056529.310079593
2086728.7608255865
2139630.0162550039
2111998.0312375375
2076123.9689480204
2070285.202865195
1720662.7697281239
1706135.4861280092
3459966.9364075959
3488813.2000929653
2627975.9160914607
2676461.5415737573
3160541.5478988616
2364706.6482090214
2483935.8271603226
2348084.2655937024
2381813.4169936632
2403814.0722669954
2438645.7506550816
2503519.748668029
2553285.8331951131
2602709.997624537
2662420.7583265807
2739539.1881588008
2054681.0598196203
2048760.2081035639
2064310.2165931547
2062942.1290380091
2054330.0740940082
2032767.5162522465
1739298.6263685075
1724742.6378969543
3508947.9709538608
3603016.92300461
2629751.5431941957
2697450.820496412
3144704.7197899325
2361785.1023411043
2535632.305556511
2390997.0110457195
2408829.797798296
2426818.0041951225
2453981.4147597528
2497431.1465951428
2556894.443754449
2623570.0939857503
2681615.4673600886
2767187.5622953
2030057.8562698944
2013547.0557568935
2006504.733058902
2000954.7472842496
2015595.0898737186
2008571.4289001662
1749278.3233146528
1692620.2226310298
3468144.2992413575
3592262.6509125596
2616166.2422483764
2690657.9265498957
3146802.2185568037
2373919.6058654971
2483025.7789474106
2393774.9956379165
2423287.693075873
2448398.4854149879
2481330.080548957
2514593.6447089608
2576326.4704762963
2646404.2374311513
2709469.3384886417
2815314.508167923
2027564.2206226361
2013780.9679195879
1975322.560773236
1942242.6234576213
2038046.4840615815
2060606.6784940285
1767186.3356033962
1688581.5667715068
3399739.5927744349
3435997.9187645777
2656475.1845357111
2662701.3950675246
3098455.4744203542
2341991.3625517483
2442049.2650834098
2396838.2331374637
2440591.2904405594
2465795.0686145332
2513527.8502860786
2553859.000667233
2604848.8128401842
2671187.0045540151
2750235.4706619065
2879200.4559056186
2058711.2680264916
2032830.0735971183
1994487.9747026439
1960406.591032323
2019841.6937297813
2063598.83539385
1823621.6613354587
1796191.6552252155
3228273.8430257575
3228442.6935087265
2721243.9489638968
2638003.839191359
2831751.0572231892
2282827.3018349507
2403759.8168217703
2445238.6669116886
2463081.9889242966
2499887.9176941114
2558294.273866354
2601075.4940398866
2646431.8534001829
2711531.7713220487
2793250.2132548145
2903764.8606341393
2067184.1873278299
2046167.4838385065
2022208.756581095
2006838.9267483517
2113902.069684702
2112133.2660300606
2032128.7313770133
2002833.7990936399
2996696.0567016643
2968377.5298669767
2790905.1424492961
2745660.112007156
2585280.8262687544
2430408.4410207625
2472066.5119255749
2523521.9765639836
2515414.521182653
2570876.8707302343
2616735.4308277955
2655901.9070800538
2700576.8649608684
2746380.5852425266
2836254.828243135
2918639.1344778333
2055581.0938959762
2060090.8238620893
2034369.88149291
2041972.8657836386
2198111.2080953694
2170439.1437570076
2148153.8290391783
2150614.3380781258
2880025.3616922833
2893211.4379229965
2874021.61766362
2901828.1349097718
2468403.3588053747
2484481.8329396723
2523390.1316102957
2536903.0491483044
2554565.5304144416
2615239.3873838764
2680388.8665190255
2717308.3244021595
2716791.8502048403
2832282.0482251165
2949374.4014176922
3021721.3529202663
2103110.9485740699
2170911.367228833
2224836.4729396966
2311296.1607207782
2293980.1989820246
2208768.5989963477
2164187.943505479
2158063.2888112655
2919824.1516831322
2974348.388616432
2848085.4960008934
2920930.3885205914
2366321.6789936973
2545709.0324378437
2566714.958396099
2556158.6795781306
2579804.0910002342
2643601.3980334541
2714079.5397826964
2802308.2697712635
2955892.5785851772
3017380.7959909001
3125282.7992220558
3247227.0854006656
2240877.8946796944
2321432.9403222054
2337790.5252812495
2311955.9727569842
2259809.2969098305
2225818.6937341872
2058642.0132485963
1919524.2136706053
3053162.3272202127
3085079.4407503032
2848793.6150451079
2936675.0821217988
2424290.7755607851
2448003.632838551
2613813.2783217472
2578954.6088654837
2615225.6779192952
2701379.96501785
2724286.3418121962
2804541.0618319162
2879358.8200620343
3050502.5312077464
3228710.8986848942
3402201.0871127048
2335275.8414332727
2386821.6940813805
2385029.8837133339
2341253.4397536712
2302670.6979417144
2305634.7792245806
1749812.5674024401
1584015.9832928455
3245082.0587020824
3262932.3449166967
2761508.8824857171
2765479.2189275874
2324016.1121631437
2493342.9522480089
2442787.3854586952
2548461.2020532554
2636350.8774921885
2746673.3336390844
2775896.1331974776
2836482.2948834365
2903294.8078867667
3074740.8818322108
3276123.4421039731
3461583.686173968
2305708.3724850141
2347318.9488674095
2367956.0015167999
2357192.8678445444
2358226.2012313311
2389004.1232730062
1560720.3005131541
1458035.406900615
3479828.7233204385
3471541.5632687612
2708749.5907260501
2776122.8000618205
2632962.8916605883
2609943.6538131856
2319320.8174467902
2516396.5296613974
2612418.0626937463
2767938.7443494028
2824170.022853239
2883550.6706532049
2977693.0079910075
3071420.0812790827
3256754.9479062236
3465541.7912526787
2215168.7921272605
2244569.9492375734
2283079.3789348206
2305987.1809521569
2325120.6389618153
2337717.5703197289
1547047.7132369566
1486957.680525169
3549541.2696898221
3669229.7908874028
2755254.1770007741
2881544.663704528
2744227.6618337845
2586933.9141107458
2408761.0210030694
2484018.6338843824
2583834.8464954142
2729728.2696466614
2746329.5144880046
2827213.7054014336
2956320.1649011876
2995816.9307756918
3144739.3042868404
3386406.0414372631
2086455.5977319153
2121632.0916696261
2155153.3859677901
2194474.9733917527
2221573.4586537355
2243266.8940684795
1572157.7187332213
1546272.5044885774
3461768.1308782301
3804620.5715638031
2810235.118097927
2925486.3312491588
2809882.2235385627
2724418.3152418407
2476053.3661045949
2568130.2503298461
2582084.267447982
2672171.3776758579
2700650.0049805371
2788495.946033061
2904070.285485236
2928249.5553127448
3041115.556770849
3188839.7928704857
1968676.570663942
2002860.5529577758
2030172.8842522565
2077873.2792208591
2102131.6992050628
2130654.8626963384
1586833.7715599895
1546971.4836723169
3438393.0596532873
3830670.9495549598
2876548.8146793772
2862266.1112091588
2908638.8493589149
2817048.1860305532
2664046.1559265484
2575373.6454434195
2698681.9079884258
2676083.5887984755
2668001.9312702497
2786379.184834837
2883685.4575861399
2886543.857260711
3047111.6821224461
3101732.7764480957
1949048.5308713827
1896942.7856585239
1878581.8832973733
1925525.4539861819
1962303.936436276
2018893.0116443564
1592124.2519938173
1524100.9548986037
3448247.8745570262
3912043.3460649033
3022725.4717550278
2886206.9224360776
3081082.1845728289
2889285.9624685664
2777226.2251508767
2644483.4289478008
2647726.8053794717
2725371.5718465848
2709901.2251511114
2772981.8865254633
2818418.0256447033
2842382.4441579091
3115532.6614525034
3091453.9653334152
1863541.0510346349
1777937.3695232873
1746871.6235233229
1784153.0218838749
1833469.3163576077
1914053.2592287522
1587839.107228244
1530352.3711172899
3452305.2372259921
4078159.3170822412
3209940.1084141913
2983544.0634427057
3296555.2329112659
3036434.9872709643
2842617.8718754724
2631327.2807293693
2542945.0746808033
2717275.4844133076
2779376.8424649956
2742422.3287099847
2763044.3556500073
2701156.8746308712
3198714.8791164532
3171811.1811787304
1680434.8172165048
1627174.6389318486
1609864.3528735461
1677125.1752688908
1738446.0633339451
1800443.2641301388
1532643.412535714
1487165.8983193873
3511246.6671685809
4105132.8812606451
3390435.4674644615
3133678.922067997
3653744.3953434005
3426553.4494497306
2804248.4212747393
2722740.3229007469
2661007.3389816801
2642485.4739649389
2737196.7131980183
2795005.7931907647
2739469.2514831959
2653951.7184895556
3207647.1436456945
3359790.6434800057
1480905.7803614093
1413981.9232055577
1384225.1891372174
1538847.2941196992
1617750.4270123835
1674262.4417645927
1490984.6689180334
1500164.0295688163
3626949.9148163698
4124504.6941837384
3480213.1528772358
3195266.3911339506
3969564.3893300877
3793032.9969765833
2883683.8334793653
2960453.7730796491
2904628.2869670405
2727925.395700349
2689789.2473947168
2818995.6846763715
2783910.2452023202
2770580.623402725
3120269.8869732046
3532003.970535147
1383113.467859515
1344180.2928078505
1317870.587066266
1502650.2300927625
1535083.8432659414
1581620.251131939
1433538.9483596543
1457436.1843830219
3309586.6282316973
4338222.1729490403
2169768.9049411765
3469622.1978275343
3240769.9275700878
4119586.336187589
3938316.1004838408
3054658.5589952851
3046648.133674812
3005261.8264394049
2885598.8848565738
2698756.724393886
2748997.4990849877
2829545.5371892261
2991163.1997027067
3020454.8528605765
3563438.5253838422
1353110.533127524
1267807.7705434128
1196569.4201763365
1407698.4121094351
1458752.2632895061
1517628.7474061763
1315051.715265295
1321848.5688371765
2419145.648814931
2404400.4707707292
1398556.8961795599
3574762.9875603146
3320020.9121329561
4188593.8308536224
4055205.2451183512
2998422.9954278995
3045666.2691830983
3132494.7534531057
3073819.9059443534
2742022.5264269877
2602261.6020751409
2833365.9416721365
3187366.6562686963
3220331.9811097528
3541656.0422430448
1222060.7041177365
1147684.3041975251
1076952.1658903833
1311848.8349512131
1377963.5005417403
1482661.3715906355
1315347.677873614
1044973.1298299553
1808427.9018258261
1383158.0841159674
1059682.7427849725
1930614.9411427451
3822782.090293827
3361697.8134056269
4332729.0474705072
4289863.925581065
3128647.5899962052
3180667.1514932145
3273550.640938988
3173087.175836781
2883244.8687847452
2684102.1333574643
2778158.2772438638
3145370.2396209487
3299456.8447458632
3494919.8766818084
986835.12086955062
974403.28932654904
934852.09870549338
1199829.8763179956
1296991.934407199
1405934.9267258497
1394313.4131974089
771857.3164121717
1531035.7031430088
1640918.624651165
1836365.9921222928
2461547.2615576009
3066418.028874957
4072925.178245557
3234079.1193611021
4343607.8443047265
4416856.165671546
3642695.4488935582
3410741.9233502429
3331327.5375612234
3217490.7028742372
3110670.6536614066
2920820.9539727396
2810603.1325819232
3059807.961319861
3249813.6944436841
3443379.3370671398
838495.97477347858
847551.1535176381
861889.68777159578
936091.17626697361
1255491.7778192554
1328564.7558408757
1392265.7578555639
663386.95424283983
1288439.1240712369
1596583.8046346807
2822048.4471079935
3124603.9078670791
3419113.2905458719
3122387.0306647285
4196521.7722433899
3611798.1067816811
4578673.8824910559
4400023.1947448049
3748922.2371603302
3512712.157480292
3373624.47427285
3248160.6198746022
3120663.5008260985
2991682.9642849001
2906609.7180775083
2996364.2620573002
3072739.9615642764
3331407.2118850322
712980.81877403299
731851.19213740574
760865.4026454211
781626.28023374919
1172102.3645077997
1264171.0164381398
1344195.2416900529
678648.21564193431
1249433.2526488754
1095347.0512608998
2853566.8490826143
3184696.170211032
3263135.2663489669
3302374.9974264987
4306349.9793815231
3684681.3877348513
4293600.7696242528
4491460.2873303127
3846505.7390776547
3636548.4201020794
3478661.7632939285
3274959.7835069015
3156805.3420187682
3056819.6154178721
2947975.8838697658
2993732.5105589163
3066463.7491368139
3450172.0044222372
600788.28175478557
648110.2088079605
684718.77466020244
717830.27067279024
1092580.7357495322
1203371.0110506341
1311120.8533506875
792706.05059959448
1505027.8971245331
1450287.4256093598
2920191.3592237318
3008175.6707084728
2998766.3494900903
3168628.5838026786
2958049.6394633194
4313618.2885822644
3735147.5882690614
4155330.8997146394
4572006.8167393934
3967720.8540772195
3772049.9819072159
3725707.6961172936
3264723.3249923773
3246252.2335427543
3150133.7220399859
3049918.5571091063
3119247.1718160952
3244862.6147792963
3577815.0058086547
535770.18073177664
613467.6343916991
654954.13810724043
706088.50806898985
1035310.1099367187
1152379.1812723039
1290261.4416403768
981882.68682001194
1760311.2704611302
1767286.0689927442
2538966.1507437946
2718823.2130219392
2773351.3740065014
2937152.473275579
3105414.6058194442
4154022.8726514019
3658840.3765432183
4009906.0926021435
4520289.6983016208
4059609.6732951286
3875045.1639859793
3683741.4665704519
3281814.6510816147
3301770.463767475
3215131.8498807559
3163444.9083834449
3218345.4800681695
3348011.8199782111
3582386.6608710466
625765.8340306835
660320.54121518682
677353.9847600694
782526.31343340699
949240.74331338471
1138545.9309791618
1218986.1797717582
1115195.7745406816
1895718.9232355747
2051558.5135740014
2321597.3516664971
2521162.9934231723
2607907.9207621417
2679771.1229198873
2933171.4346807036
2943038.9746697452
3924522.4542497746
3519491.3764432897
4002678.9807866565
4428922.8128561964
4110434.1356404475
3931218.6428631716
3700246.4909926536
3392277.0206551445
3334832.1398054063
3235910.4216800043
3180463.2203295082
3264300.4846321684
3404448.5494156969
3568520.4030096866
745097.3809938957
731210.43193309451
611023.69710992416
743742.6286021549
944132.459916319
1072532.8284182602
1135447.8209091434
1135832.0430762642
1879080.0099078815
2072120.9479503499
2247794.7799245804
2450412.1111665638
2554780.7906206613
2568526.0374130318
2718288.9163698438
2861734.6986033455
2538975.9715825231
3709853.8992831693
3358374.5161313242
4045687.6299720751
4297050.3580005914
4154225.338601572
3961448.7497457028
3743917.486690274
3530109.5913863825
3354055.5057560094
3275412.1474642805
3168598.7866520374
3256459.6877357075
3380984.0822148076
3706678.3075536233
975501.24804738548
888695.26184327144
754935.88640979421
831727.08199278289
990000.99452765216
1009457.4183795401
1149507.5688919309
1148605.5592084457
1758058.4644085935
1890995.7657028222
2322598.2188979937
2404046.1618118649
2482899.3647613861
2492903.6500295815
2560951.3992529335
2717532.7026012596
2657974.2016080571
2341153.636536119
3529635.4302870445
3317135.8777556424
4092517.0782270492
4103347.0607258934
4238549.0958430627
4026878.4370815284
3884407.7420228557
3636467.8890800308
3486648.5753770215
3388827.6910235551
3192729.8131037829
3170384.8150065495
3292336.9007093101
3783737.3402871708
1082153.9503555482
1035132.0917322278
1025874.4943480283
1019540.9420700878
1019059.6700608805
1028080.5005415018
1135998.5730137548
1151112.130422913
1586343.2113063771
1652641.8065144897
2447977.440426656
2363541.9650713694
2418294.0785260228
2425813.4711860279
2477738.5411606631
2579629.0185728995
2675040.4572375002
2488521.4397151158
2217298.4045686326
3372103.8581825825
3248368.1196875232
4001501.3775106659
3949057.5696244375
4331031.5075506493
4122626.4104450895
3996245.7688485975
3753900.4145480357
3649216.0728314118
3447176.7597725447
3252829.7565085529
3151414.7393306652
3265092.4445584239
3920781.7479269775
1121174.6982581562
1095661.1961919535
1067331.8161623701
1071847.4648579389
1062058.0319966373
1063904.0006869598
1145068.8720975488
1140241.8204607449
1504192.614930887
1483886.288038756
2694468.7619281872
2486688.7513198559
2433086.3397593717
2379713.4483488719
2380630.266105698
2463105.88088826
2476939.1097224578
2481761.5769391488
2480595.321866855
3261379.5560158859
3215994.3924158327
3874052.4410399296
3816350.2446193043
4326275.8133836482
4150476.5935551063
4005473.8113400559
3788240.1405808069
3621191.1127389525
3373978.9358321219
3289769.255957155
3178050.8208879237
3277418.3866575672
4025165.1641359953
1146574.2789867059
1137560.0547992624
1155225.8580499252
1170743.0028041652
1123756.5815060025
1096581.9227675523
1228249.1198131826
1198823.9763971334
1451461.3348970318
1384335.3235236914
2879953.1346998261
2582191.7560011134
2409205.0490825982
2397956.6406927174
2457163.8464382663
2432198.5837628366
2335813.6494550658
2451162.1368751926
2408287.5246848995
1911236.4656638557
3124522.0600210028
3187464.9168120972
3803545.3053151541
3767536.2024137112
4264451.5905278148
4144195.321774906
4001967.4403559058
3864116.3839770094
3668422.8975649485
3438249.7465634476
3319640.0415787552
3138837.9296782785
3380579.0130452048
4135005.3599434807
1242692.9681778289
1208906.1530302239
1268784.2977944785
1275779.6010943227
1189538.399378255
1139640.1555099373
1389345.0178757752
1362291.9857382197
1411009.2287233486
1330304.4578730748
2741473.6447110847
2476772.6369579094
2470687.3671958051
2496516.0838792091
2385562.8874547244
2301611.8296714313
2295700.3032328459
2346178.8749168427
2282694.501200798
2079950.1759537163
1851810.2071693682
2992704.4476540727
3185723.2213581754
3647169.5229472443
3655716.6981622446
4150895.3509518728
4117314.139228703
4010254.9844514425
3954181.7271263259
3773353.2916337308
3658841.6210554508
3414629.6912990692
3276370.4062146032
3870258.6292663291
4073023.753137467
1311041.63028245
1273140.9189893345
1368475.0972991928
1378659.6568757605
1309649.0676109262
1244408.4769512268
1592949.7650232613
1556666.0884422974
1478003.306075782
1344329.3286070107
2452178.4066507393
2417426.9084663619
2520058.5089809257
2368177.5124586471
2241532.0251500471
2159883.9488034681
2125951.0248517687
2218051.9579272503
2284196.947219729
2067618.0329531338
2116372.3456526268
2021834.0801126694
2806650.152737678
3031330.325911575
3452499.6338916211
3516981.0407914822
4019803.0169389155
4106549.4066863237
4022447.3312814995
4009858.0135396831
3853776.4560744693
3631021.152067102
3329311.661677273
3537260.5769206355
3768586.9933850486
3719833.3956030756
1379228.7524790631
1406415.039838321
1547939.8232415423
1532048.426562459
1488001.6012997446
1418840.6966090819
1814193.633405461
1757777.0747453228
1684465.8381471322
1516456.338983973
2053151.7790025994
2032010.6598805382
2100625.1313009602
2088397.474774037
2057856.6601166783
1990395.9714636267
1911901.3816157342
1841160.1554854761
1889230.1502167128
1926387.5026038373
1943642.3758707137
1969163.4855436909
2658637.171213787
2850780.7779393177
3385841.220021979
3509512.7719325023
3672364.1385832173
4047333.2735513542
3991412.3259099391
4001121.9775354825
3837506.6458651843
3606737.8717058995
3337156.3821728961
3495127.7825246509
3485319.8632829012
3456779.8831708585
1464775.980712814
1594237.6050373442
1763218.3405084189
1729702.1077595274
1695793.6897721018
1639129.1017194511
2039601.3351350983
1983044.4281356044
1958564.9437545233
1864952.828102391
1752307.4133814268
1786462.2784449218
1836416.5538767644
1858228.2295443595
1866391.3205527852
1848211.7634257514
1796153.5291884949
1812964.6513919313
1947378.3673973982
2042187.2301136532
1904802.676173948
1895294.6936883372
2569110.544144453
2764688.3949442701
3337403.0013527512
3461065.3035297277
3591390.8325911141
3967449.9204653222
3942201.744879487
3951211.3476737575
3752122.2981699985
3532632.9655910484
3380882.5667218319
3412763.2642115355
3340879.2560923551
3293412.6898916736
1740611.5229599318
1829760.6769852263
1983397.3660264071
1974296.348022446
1970038.295122273
1951477.560365536
2313509.222740971
2255509.1896302216
2154669.7525658673
2247402.5570617234
1597983.0570303728
1673767.5624470739
1710086.9884432014
1708151.6269597581
1793241.5752482456
1854747.8478641545
2022186.3850852458
2007648.971593156
2012605.6022261453
2025409.3707518005
1857092.4784338465
1664717.9841576209
2490688.4534917008
2692921.4390382133
3232762.1921158307
3387826.7867014161
3559799.3271584646
3868545.4353738055
3877509.2306197388
3870913.1647185753
3734060.9287469252
3542454.9666358847
3454226.8746769163
3369695.745644873
3268656.9384266175
3228696.8850836344
2065755.1473929018
2026570.5447112988
2116179.9520163052
2178144.8759049429
2224317.5881187194
2255739.9523697305
2485112.1566203181
2510764.0599267725
2393584.1522229384
2572544.7407385488
1457644.7363607208
1531120.0644238675
1707281.8393046209
1910068.332202882
1943899.9115418713
1935380.6519353208
1914159.5735349238
1847322.4019626011
1867921.1151446302
2000021.4576647328
2028604.0024835905
1618718.5616848902
2465961.1109504644
2682535.9578978368
3126537.3219509711
3311327.5153525411
3523651.0015707859
3741968.0783749633
3789821.1206137976
3776856.0840583458
3717864.9102485972
3545158.4653318827
3354874.1902071419
3288128.542570665
3241942.5540993805
3244433.041756609
2237205.2841335773
2306892.7466415064
2342977.7805720484
2357314.4992972198
2468277.4143095315
2601702.577172732
2529321.9662725525
2804992.7533697933
1470923.8530059378
1788533.72881296
2454897.8492392739
2391857.3370172097
2022120.890421212
1865491.2769474753
1802924.7339284171
1789023.033991592
1889100.7824949448
1941319.5874307384
2131854.8459307868
2043444.4712454607
2442454.3832487669
2614732.4840811593
3033881.1966301384
3198097.8629920646
3399563.3227116391
3624123.1668097964
3671220.9083687132
3652074.9278720589
3647113.1020444115
3517952.8560480489
3333709.1342724478
3298972.8336114353
3238796.9594567581
3287567.1219536499
1793750.1112262222
2199440.1112445132
2331969.5067529362
2454525.1409016903
2294994.6087888489
2228588.4950815872
2040917.5376013538
1938247.7435489544
1945329.7481797046
1923013.8861335774
2133658.3753103032
2349564.0845061513
2411477.3112362982
2569979.871515838
3062029.4773856387
3150505.0537122069
3320923.1080707689
3589300.9434297169
3572062.7662590817
3542259.7370532337
3545439.5150169837
3457484.372653415
3280580.7095149676
3285644.9158446682
3228159.7957966845
3314150.8806337384
1582037.7617914053
1813016.1639791753
1943490.0531450533
2193281.1126582166
2308494.1685588779
2284748.4862794154
1931622.5666432865
1922023.8542121795
1906228.0032559878
1974753.706414717
2125746.5139990328
2333489.4864128064
2349092.6984423031
2529348.7087195902
3060080.6494170213
3118942.7992281392
3255298.4639352914
3524034.7252246016
3463193.5465841065
3467319.6663744445
3480646.813402378
3374698.6350202071
3200006.2142762099
3268743.574729607
3250678.4909739057
3378426.9907402536
1730154.521692809
1930034.1318070779
2163495.2666325383
2338308.7918562498
2384658.0753934444
2415895.8144771229
1952498.4358254499
2009120.1724179646
1984022.4544719954
2039037.0012189467
2153978.4190517976
2286138.3261041814
2355118.9327753899
2495513.711365575
3027163.3988060951
3096319.7295297948
3197382.4005471966
3372370.4845723389
3506925.6935122907
3393562.3228133707
3402203.0060857669
3353190.8061127542
3207536.508000223
3244974.9455152056
3257104.673460003
3565560.3422968052
1766612.2892544668
2046512.5197741697
2166527.5144893331
2018396.4760606701
2512447.6365803122
2632028.8656272232
2190262.2141022896
1974425.6582843054
2002173.1012416377
2066502.0471076353
2246175.0178814167
2402302.646810899
2403292.2989446656
2490017.5997145157
2956470.3258383516
3036072.2346981266
3141357.3578457735
3213798.2748253387
3367309.1971050454
3341934.5953945564
3325120.3119015675
3320209.7155886656
3199894.0736144823
3158996.3928248119
3219301.8696991573
3618898.8569153585
2063737.8671075453
2198525.6013228656
1956735.9814691455
1601487.593181144
2601930.4124614666
2681446.7015441414
2616672.3801362258
2034428.4141849095
2041876.433071879
2162316.8699149597
2331718.443115701
2505339.2816476258
2435504.806881615
2501056.0899607143
2918806.3131274427
3005606.3799265404
3088749.8163556433
3120859.4057110865
3267769.4458410419
3322361.1321623651
3279798.4679835266
3275080.8532829699
3158219.5703343279
3076959.6029131757
3132480.832283183
3401866.2965761544
2158759.7962327125
2315249.5514339819
2180822.1708277822
1844635.5433914659
2595369.3073813505
2548146.2089616694
2568792.1718699764
2204989.0948379906
2158240.3230184219
2278617.7473436408
2400932.7133009355
2638047.9743020153
2433930.6693720864
2480376.8034961009
2837093.2127970457
2959719.953887552
3046066.4589835703
3071389.1737968605
3205728.2127439147
3315180.2376325368
3229021.7604752961
3248824.1482897825
3164399.534901395
3002016.4378761831
3028214.1428913809
3248066.9494405361
2234928.3348531174
2414068.484176496
2543767.1733835572
2416581.2990576932
2636939.4142769221
2505244.6651451574
2469339.3936915467
2314186.573114018
2249826.8989366032
2379700.7423259974
2487444.1853815299
2871675.6761070904
2434529.7818198851
2550819.8295304636
2788933.7622182276
2903854.8748579472
3006667.5590026681
3058440.0471808496
3134976.8779687216
3334122.8456698167
3237609.7853724449
3221753.7584772026
3150545.3843460171
2892489.3812911222
2924686.5962427044
3077803.0973504269
2219409.0061774622
2460226.3049682095
2528952.8117695204
2444431.3478222969
2796106.4702173304
2588825.669730816
2496042.3519416978
2382545.9996220018
2305616.9879182563
2405694.3038309566
2514378.3305820469
3053667.5467147194
2435023.6833034139
2721999.5555480686
2787142.9035428651
2866847.5546973692
2984468.2972766398
3056795.0985464389
3061784.296496782
3231717.0227483376
3276273.3746576468
3305226.9779289905
3117020.4149412168
2685859.4880856536
2789852.3250980461
2906611.7997812489
2165646.7033002567
2498767.0555686154
2479964.1115800655
2367165.0970980781
2993151.134882872
2760549.6020234879
2562663.1038469151
2425768.1713859574
2286806.9629978826
2271410.5075021596
2398085.0408754847
2934277.8682420012
2140728.5043588877
2462729.9319676524
2533182.0586689818
2871132.7240463286
2991909.1676246845
3058422.0301817111
3068290.7397489846
3126731.447569815
3210237.6661732602
3524848.7014416293
3306230.4203658435
2115027.4162117611
2531848.8931255322
2458617.3189335898
2385268.1733611878
2673488.8416189132
2535341.1189081492
2383458.7157008178
3195174.6354003935
2898220.5791762592
2855589.3541046381
2646035.3253191081
2163153.1479095579
1997642.6458966595
2047891.5008721869
2195879.1051816149
3036443.0416632909
3161185.1661285819
3203804.605043008
3357207.8032848281
3377082.3741280385
3381530.3403442656
3350997.3423554944
3317658.4506031713
3368803.4893435733
3806107.8406609031
3613303.7066865293
3386274.551650506
3035398.0725273527
3192208.3223109213
2228005.872144585
2716725.2572288034
2708344.5690214387
2740914.5197262671
3472735.2994934679
3178820.9724397254
3251855.2583948299
2882176.5735720093
2361341.7431101864
2193279.4057618249
2366850.5900883051
2520686.3673592051
2664199.3209863561
2842141.4366244581
3056375.1334300595
3366142.3649469893
3407690.3784100297
3415016.1388957761
3403207.9753392492
3348428.7134092189
3410572.7149648629
3656412.7414914477
3463949.9308781195
2719192.3640103214
2667542.4051716449
2628232.9427076578
2664679.9454881414
2630090.3409417197
2621741.7780294111
3078670.9958752883
3210257.9000582565
3044740.7280951859
3025172.6770817763
2344293.2596477862
2190470.4011239894
2145694.592892658
2241871.64489607
2105334.5267201988
2968560.8978277226
2837122.1424514018
3056000.1234109309
3410621.4065772132
3455269.5228897594
3420518.4250333849
3410031.9863657011
3364319.4022955787
3294068.2945538382
3288084.2836162634
3121951.4725062982
2566128.9235929847
2513773.2112117345
2302910.9339548191
2949912.835646261
2690218.4321066136
2667848.2458211901
3178766.8123393143
3033304.4863795824
2886418.7115762667
2838788.8036320116
2053826.4598633368
1984701.9556942929
2064848.4974151161
2082359.5476184296
1908285.3884169965
3420364.1064376151
3216858.0356384343
3557958.806225678
3422376.2664379166
3505564.9941191035
3404503.1034915978
3393161.62629832
3353002.2762711961
3190209.3101858306
3110631.002597196
2969632.9551540888
2677830.2657078672
2474349.4326024875
2201254.9408111102
2584553.5907336972
2607505.8403622312
2772356.695805815
3073164.5906102038
2851811.3586873924
2742300.7733525787
2543822.8494283385
1849962.073810447
1798331.9727541285
1893803.1761617428
1934347.4778336473
1820791.0516873221
3802881.6218385221
3628969.7645676429
3744521.3980839532
3281555.1142933532
3491226.2182024526
3431844.4897037316
3372620.1598255467
3316486.3396647428
3179888.6055738712
3126271.9981495761
3001702.3641766645
2850829.3036730592
2536893.7195694968
2279092.9353119149
1986456.739234444
2483936.881923961
2924674.0579041145
2878758.4286169116
2683924.2740224903
2620148.7902277391
2247377.7306186669
1861528.7334349002
1791786.4102737925
1833672.781490413
1928199.7980501044
1899420.6582582311
4088551.1381623712
3721190.2881718278
3751109.3905738089
3703858.3988154023
3464033.5092618098
3510822.7347062659
3420975.7945280336
3353691.4673822592
3211397.1934164283
3159536.9214958814
3076337.161446
2993189.0204441962
2812483.7049155058
2626369.7462829836
1560795.1015970989
2523571.4690048066
2735129.5774966129
2664639.7124259258
2599306.4148130626
2398593.5476887734
2093307.2511756157
1973411.7712991138
1894199.3488003679
1934329.2414562837
2039703.631268281
2113013.8215170167
4436606.6739794938
3850286.1636144449
3739031.5315759024
3518788.2241777158
3517796.7371108499
3596539.7888503089
3552655.1725500221
3426648.5345900021
3245974.066245731
3216385.3778955536
3114039.3584706788
3033882.4901212142
3023418.6941363849
3045231.2134050839
1562994.6478080202
2199964.6599854887
2404448.0561532411
2485731.1076563001
2294055.8892162247
2220860.6684000259
2129296.5830572941
2075610.4380782994
2033347.4588139744
2076121.1793459668
2161660.7570440629
2253444.8101127418
4833892.0544386711
4157874.9472673452
3888169.1473052697
3416989.1799556869
3638317.7682003179
3646652.5731447046
3600372.3885969268
3469426.7962962706
3347506.7185712708
3225515.9346593185
3070491.1930446448
2982723.4030537419
3030934.1014167052
3109790.3116379473
1735325.7067117093
1971871.6860210567
2197174.7585507012
2187576.4636300523
2135512.4413043926
2156965.8079817258
2175976.7851498341
2171173.4576577521
2198549.8717160327
2248051.890819733
2303123.3420227645
2388312.7200457002
4310178.9010208249
4082382.8792836578
3424436.5430650478
3812738.0252011484
3730535.5852994244
3655099.6651897323
3516891.7842640607
3411640.0542116859
3263251.648319223
3109299.395160283
2902445.7541800262
2943745.5169910202
2834975.7152722096
1593394.3300037787
1705456.5674324527
2065189.2085029772
2076886.0851644336
2102898.2158771711
2137621.0698051495
2180146.8583493247
2218293.961234624
2266441.6395116379
2343893.7756475019
2423905.2235966716
2562558.935994491
4482907.4664119724
4194227.5657706866
3445257.1487773946
3947742.622397983
3773434.5654137437
3711356.0173274036
3594267.2572426023
3465387.9829058079
3341825.061384547
3209737.5318780015
2968179.5856713578
1518675.169180064
1602376.5715828391
2020733.7398674025
2018823.8512462126
2041835.5171938643
2073412.7518251156
2115457.5798171889
2201050.5279802964
2288419.3806339856
2387129.7002013903
2520313.4529823847
2754137.0130724018
4164082.2082674829
3603811.5617076838
4057309.0233494611
3795587.2618835913
3774485.2467755317
3714701.7645499012
3598966.9072890962
3433728.8146707811
3315842.8737041089
1583792.0380952847
1607024.408954527
1875791.9167799607
1912119.4645948061
1958134.0475517169
1996455.5179691489
2062662.0159108341
2170698.0494561698
2286237.7896254938
2408497.9060822949
2564025.1438575792
2753696.0875871992
4112878.7493113922
4040422.2201476758
3942491.0644777734
3884143.2121687215
3816877.8486783439
3756294.4629907748
3576302.4351551901
3376758.9695177302
1555932.4582241653
1522992.4560461189
1576897.2428328972
1697961.7967075855
1778278.6900838807
1813092.9077091401
1894277.5164103492
2028252.1461532097
2181985.2155973404
2335695.7767057372
2472455.4723762861
2595356.7170632263
4277359.8473533364
4283401.9883811241
4072575.2428461555
3901204.9975342238
3794531.109723554
3610039.5992038171
3380243.7110319762
1452573.9157679765
1452386.579949368
1400806.7754158615
1527745.0495058002
1563394.3962809767
1570290.0549327808
1648155.847094707
1792755.5114758098
1966133.8124324295
2137177.8708504713
2266080.7513753204
2344576.2231997829
4186942.8394673751
4772324.0709831258
4440072.6928196941
3971903.9187133461
3758402.4719443619
3643741.2107150774
3451916.6008474361
1408522.1116546404
1443145.3071412493
1509656.0227879824
1450831.5025846476
1423653.2453878457
1479626.1127388834
1590246.9965272411
1721477.4323761489
1855071.9709123904
1958022.4972406882
1982996.6954851651
4289657.8236993114
4005238.2252029614
3741478.013160802
3696836.0523034846
3531027.7046234356
1197872.9999795102
1265435.4249658214
1480815.1233240752
1450989.1067640751
1424335.8425303285
1442785.8422798354
1502475.8151040534
1549714.6267682628
1585268.8344100993
1634523.6897072676
1638836.5246924344
4081084.4741486055
4068509.7698020837
3711722.1582702156
3709861.5242190082
3609960.099290852
1366513.0692308147
1500565.7300291387
1485106.3750928736
1460268.9761814638
1470832.7157013819
1460429.0428902919
1419188.5264634511
1413855.8724854277
1413565.8388401093
3726110.3890471961
3701206.9893441452
3612756.0761029087
3634805.5523310117
1438123.3037367244
1583394.7509706058
1567244.4161043938
1525993.9839045659
1462786.6092357705
1412526.0543295224
1384173.855418311
1328842.0971110996
3084396.7365584718
3652473.9616085771
3755138.6656280532
1485496.1891100865
1612561.1275450222
1581073.5421557166
1547620.300994843
1522442.5728052056
1482616.2890407676
1390764.3240662832
3050574.4330368396
4075199.460559234
3937081.8115892014
1449033.6018967356
1442683.2791774487
1589318.8467269801
1706743.2862010926
1676985.506345829
1599608.5907419759
5207568.0411475562
4533132.1154016722
1371054.4525037135
1991475.6277020499
1927616.2649810247
1808104.4528119636
4428836.7040840527
4296495.4785281019
4490465.6960140513
3638768.8884931044
3606236.776819461
3597479.3216135586
494922.09766150202
463420.08293067577
520219.45133310888
439211.39412381395
430844.4348728155
434213.25669154641
444897.58448335569
443771.06215416698
416595.62262452504
399436.24782527541
399875.55321560532
409764.29073423578
425261.52043879771
430508.20235796942
525913.59811566968
507563.85467587115
525858.0316575563
558167.73679398943
613514.39803176862
643251.96088555804
622410.03733468149
626926.79185161926
710163.43373188132
611089.58185534866
462498.79274364811
508600.5801144517
488603.22908736463
462663.99392362783
469939.78237786988
468833.26934104768
469779.66586355708
468403.041112946
398217.07886029751
391312.92168134166
387702.99017427821
399234.86884823447
414061.69478262361
429372.02904449007
499913.53988376458
513752.98078261147
537808.8685199928
567932.41208482033
580010.58449378889
588871.97537074529
597295.81952670217
604910.74859478243
772343.58356363105
902687.56566354551
448964.22761552187
445755.74829327816
386717.93834741105
429427.54582632729
460834.21436237847
473636.89835082256
489862.58724680985
498706.55363596795
459827.04961707635
463106.39232646365
471898.57439140958
488541.91868815018
490635.51938143116
487660.65238096501
573324.31086938642
593686.30096522253
612477.91620441759
632876.41371434717
661392.59867881436
694010.37311453244
721746.88767560408
785159.96740216785
987058.30241614045
705275.32955807669
497846.30564815755
482479.76950633741
396855.08417357568
423907.73146076547
446522.86522787006
462913.48007731832
476916.72502813028
478514.67488018103
505415.62345570314
481654.97402707167
484739.99463578506
495997.02839389007
500290.30559768499
502719.00665348378
586337.25057803711
606586.85458116781
620848.93837733928
633146.92027871415
643422.55348273239
657817.6348898469
649578.38600377378
615062.77336705185
894591.57608949463
876490.4206862991
563940.21689275745
521846.79690733331
411417.36296577391
426902.85820574668
444567.7324179514
461201.74348424887
474543.32947745052
476659.72332025494
507010.26992325927
516045.42515897006
513212.12137314148
518797.53844182182
522202.29806309339
523558.71880703175
599730.8784298657
621384.29040568753
640717.20241318305
651758.44466054172
659182.31400411669
672108.79155020276
667885.26637288753
642730.77094630059
895612.53166431177
860775.86632900056
600806.90588380001
542559.40375227632
412037.41066163691
429267.13280728366
446874.63127491967
464330.76748814975
472694.91548655083
480702.37910560443
502012.49075654912
552230.79607554292
539937.19733084517
546357.04197558295
549108.03599579236
551844.8914162931
615352.31778086815
629993.52092541486
652800.21228470944
664101.86145838187
673908.9168873874
695328.3249084804
718695.74053435109
737820.880168351
794493.38198191219
815170.65172914765
608745.50169631152
553874.38676975085
410742.50442779815
432155.42946685542
453498.36602831003
470250.03095615521
474724.71487643046
479657.33239958936
533696.1742152581
547374.65422877891
547883.71064823354
557195.45108747098
566121.31956651516
577650.05421744753
634393.06904887571
652759.47054239584
669608.5751068088
681134.60247746354
691784.35090357321
713457.77265368705
755626.09911881993
840250.59448125213
684944.37083369179
749046.06680781313
580371.99926304037
543716.55644819094
411145.02834672859
436812.1220141396
457986.58873835462
472420.33549565519
479140.1114364916
518070.78264909302
527919.69373286364
537463.95590864378
549833.98122874566
562716.85177513107
580269.68689574918
596807.49412720231
639399.53598402487
663224.52494797378
684025.24918286165
698380.40502695891
706169.17664425424
718848.56519709947
750617.9412818026
838317.42550257908
620768.90492825722
722482.47062941233
508458.61732088629
528957.54882471659
423206.08487300639
442159.28898664447
461284.22466140112
475227.0863867423
481267.08878254192
539906.11733128608
527874.15957332368
537806.85064952564
555014.58692522312
575567.05924090638
598413.7998165004
619234.4848109599
651268.44446353416
667267.24597364734
689098.59477917582
703382.19780294877
709275.12796339812
717197.47965815628
734892.84751667385
779229.37183559581
631617.80547690589
723876.99634981377
409527.12394565542
504551.16974185675
429588.72881493613
449681.52109794324
466808.08145209885
482160.85855970817
502511.16116666864
536997.36096931063
519835.18039408437
542445.36342263629
566783.64411776327
592518.95736975467
614923.36830358591
631646.71672309807
646106.58514859469
654217.39543293894
688000.56760739908
702385.71718988253
708937.80416542862
714874.57347008248
718960.51794914494
725492.27408680541
656841.4822239629
734945.8545292659
435026.00739058986
587311.28431939462
494020.0297443571
473753.59544042283
477339.61512335128
489613.46319695399
535216.28603517893
528296.35756888974
553542.39423335204
565373.04952005891
585250.60643182171
608568.56317403901
636617.16682563873
657448.42702896893
675595.05252202158
694488.93629525695
713743.17204519617
706564.53435190883
701501.82434708532
695255.02686617256
686456.00534440542
669362.94207508652
673670.47306308371
709625.86029986409
441154.94307034503
502859.45146152121
488789.8958216203
470987.22045516665
469576.45162348211
469281.61736387532
589689.00667940185
519750.25213471777
551236.85352607293
563320.29651477223
584897.69708815636
612500.46139145677
641581.83930569107
661296.39441783645
657682.03212447965
669801.67118128506
681679.61385913624
685055.77690682851
681571.46136524819
666714.90362016624
649364.87081396778
621763.42857975129
678906.3295486829
668708.00580834493
403871.16495886206
436795.04882951279
428844.58625059086
458338.4447930546
475532.38717699144
484983.91063581547
599125.15166833031
554202.09945921996
551773.28669024375
559801.83771505707
580391.83579314372
610063.48358282901
631874.59937346773
654044.44247499981
629374.3173418151
638884.01836757024
650423.80898936302
657671.9257113568
654132.17451551231
641094.14509308722
622795.29692362412
595901.73303558119
675796.77410760894
642142.82930850796
378463.60306905775
426187.68346794805
415898.75866004999
441613.87273587927
458568.22214379418
476798.19309829967
579243.7459970935
562206.83247673779
554466.51967062918
556807.94478002272
577550.45584094187
605553.88584268722
623877.95934697636
645524.03837456752
587741.96646545501
597924.99722238071
613779.81979676476
643584.79697580542
633314.91494417109
615092.98219764873
604670.46237970353
582691.10971624078
648807.31151346327
604795.08002680517
383501.11374958127
413316.62126708956
431225.0254573329
448361.22211320145
465373.53461130604
489412.95726001507
552025.29413097946
562602.93111761112
562630.02968062402
565316.14438815624
583751.49130827852
609887.08887323039
626117.55642011948
643171.04986943258
539609.70916858956
537383.77058721031
586846.71663349168
652388.73021559394
647026.27333233098
596160.50709240371
588219.83222209092
579918.02984689793
613364.08954545029
568709.90466719354
425403.5862413962
434413.8290442935
460187.01230793184
473510.61562356725
479116.71874378744
499254.64992751594
523979.38977525831
548774.08595454192
568392.66342399712
578665.07646917668
595994.8638003607
618457.08418925654
638922.67415296112
645397.06346233957
509127.31707744201
500084.74026867253
651257.78532364231
680133.2454614786
646925.24542078678
572366.72992591769
568994.60961492034
563693.35943163722
581371.90315567679
552248.94869474671
446229.15557541593
455618.92275949748
485007.3975739837
529896.79631033691
503441.58385709854
504007.61213134823
518305.44781843788
539779.72081019834
570657.94034680538
591452.07870655647
606845.44339512661
633893.2101078711
652916.61850621528
653074.37797606655
486342.44785707223
478527.30046730407
666776.56276691938
670724.79391832603
652608.39305739861
585326.55972839019
566234.24631210428
550693.18697767425
572840.32488660479
556112.71378632053
466789.33808426285
475362.34018394793
518785.71743694413
599420.58445746941
509590.12025193515
497534.11723123287
510043.98917184549
532468.55820606311
565893.56974940735
594427.28521563648
609972.69963064219
638192.60602510441
650041.05504622462
665561.84180428542
475277.58130187413
467881.92150413804
669221.76693719276
655130.56609918003
639556.6296572201
619831.42419597902
535999.86031713162
514896.09013225837
595394.27136079804
579872.13306382822
489841.55556956149
501258.8823806544
540349.20862723072
592998.90396261006
490583.47309227206
495545.42059824103
513275.70795914269
537049.9926731023
568600.50133311213
596765.51772911486
614129.72502267815
637729.46983630303
661238.52002465224
669225.08103400306
472949.25603571726
470183.26762453944
670408.99286767142
636217.92374498292
609709.89677126252
567237.52812239691
480927.69570094103
461891.69069490029
675672.46348429623
657038.82395993266
514425.42879623949
519299.80954914278
560911.60437578091
567194.93998636783
501265.92624913313
516914.90052860545
535796.82418157882
561176.40556370944
586747.77754258353
614038.90919720277
635448.84664725594
653056.86884488701
670412.27426499466
682120.99660478102
498145.9513634069
518725.5826948891
660484.27829500032
608261.70886095043
572189.7818691564
549295.34967532544
454264.77653193305
437900.42237701057
796275.24019332591
773215.55487659643
529243.97463227133
539460.53388089931
601918.75567808177
567555.90827669285
612028.9449445873
572374.72036679974
572319.28557830653
594918.51610305079
622771.05824219703
644895.70922343084
661697.29908496246
673126.79694338539
687607.35784172418
697783.27443368884
526955.36771117989
548973.32393045269
596556.89464666473
558803.85474300687
536736.50463879353
534586.78722353303
439928.70464605646
430843.70651538367
890747.26072230167
870726.20997988794
542189.129452836
555320.12125517044
657364.89538069861
552093.80426176288
681530.47327336681
598500.80717588263
605455.46482724871
627076.70716179931
657382.13768584956
678850.71580707619
691821.3188522876
699592.67866611271
713711.33803303028
723603.75028698763
544713.67937288934
547737.2450732619
557086.932454561
542564.67181239533
529623.46091941826
528685.41188667109
438311.58399696741
435460.01284147252
941215.78875968978
950413.25879351073
555356.42368039326
567292.70879520127
672027.9369118507
668313.57288142375
682825.77359330282
629492.50194387324
641785.27308654203
665608.92442626716
688076.16978970624
706619.08748108393
719024.52887738624
729269.86113658361
740207.39616392541
753309.46977727988
558190.70649077988
549560.72623516247
546525.38004149578
538303.11813311919
532138.20890949713
525976.65129331336
445213.6748153331
442066.27974458016
955124.99493970047
981886.98435836798
555830.36649049446
571395.14062565716
669042.31362322043
663029.26408877748
707330.32157280867
682245.65769869951
690959.95863761229
710535.23115940159
725744.44480617566
732866.73634815565
745582.01977436093
759467.40906939353
768643.37901763967
782706.50946431956
565742.27491519111
552360.797113362
541913.95477109938
532155.95967583393
532027.39312910289
528199.31612105132
449707.485087724
434913.36309795704
943703.23746464541
978413.30862218526
551626.84571904154
568272.50772244495
670101.02817177644
665306.16326576658
695242.80006162543
726882.68120270839
743122.88355472812
757635.30664352281
764273.78600747138
763266.8321074585
774266.92386391282
788426.10935414571
798883.17816891836
817892.09698755457
578935.27494688821
564821.18095253233
544079.04649106867
526263.9166052111
549285.61596782599
546445.94876528892
454661.12798695714
435061.09047295403
925424.32489522558
935751.50479106279
558945.92307139072
558698.540148161
663623.10035059974
655220.23775231733
685284.75021268707
747402.43104094313
768302.54134548467
782265.57692116022
791930.73541052954
792494.04227904265
799782.17615605157
813454.69226605049
830553.77591915941
857476.46432856214
601614.57768803753
581462.44934712036
557178.66572750581
534431.85437140486
539213.48099427728
539172.64205445582
469849.0694314994
465393.24741677463
878822.45608225779
879173.63843261509
583576.32604898827
564449.40344799077
821992.93893745635
639698.13373026287
677810.10400680092
759651.16134490969
771347.44164660678
790596.96044762223
808635.31231285073
813188.03936434502
819381.23063779261
834701.59505033481
856939.77791773924
883761.56574633077
617755.05096235836
597331.76293765556
575219.3458609411
559596.12345748115
558071.94233288302
560805.19771801389
533024.28554852074
523260.48356792476
816815.2448649999
809151.2894335395
629345.176564247
618846.44957552431
742475.48235855286
692218.09167520131
708015.74032963545
764030.23553210415
775583.73653094296
802529.04965114628
817728.533981113
823877.59212089377
831916.33136001008
840356.56763936568
872665.82480719616
904954.83464164787
629797.3542212412
613961.11923932412
587830.67462415714
577641.94871095126
580522.41425037582
573811.72012309439
564534.53787549492
561615.31414708088
785781.32906299434
789571.56545147824
678324.13376182166
685091.408664166
705476.65200628934
710561.30744214286
726996.89710572944
745005.28059648525
769833.09803934058
801970.75549692509
822925.58258590824
831738.78026682721
831869.88922194391
844313.40657560911
888062.65970545623
928114.24844086636
651150.20569976186
643412.81562023587
622626.48383424396
609445.927491526
608299.4590945146
583359.57344379951
564835.24812418001
559348.2736280188
797034.92237484932
812000.38304737175
684395.03910748195
702504.31783283455
672407.05099138664
728008.21772187215
732704.5098011893
739433.98643519671
763844.65188840264
796076.86579872959
820034.65534045652
842202.97482053586
857105.32975390635
871159.11523812532
894766.14429463807
918320.16070987459
630475.01260482532
633008.6715685582
614202.51841909508
598344.32806104748
588142.59566437546
588004.44801166805
526609.75707991223
490419.65792799037
832942.94312486169
841852.88926132442
686423.70462662715
707871.31031271373
644786.98137394409
693567.20810688182
742133.08346362901
740347.67285802355
767091.97639233281
802651.26307816606
810059.81944293575
828051.57573588099
832829.49231650424
860760.60079270031
877767.01980810368
865728.74735923856
558505.46428248729
556256.58190314495
562412.16120342666
562017.97852543311
566509.04182047036
581186.17772476724
439565.35913061688
399396.83732008218
883379.03559516557
888639.06144952122
666100.98184237035
664788.38861825259
601893.07674753631
642927.48910243798
687586.78516802262
726066.80868352915
767951.01198931574
809682.16888149281
814486.8801043618
827093.40705264418
834262.59230958519
856033.97342755552
869321.59124039696
848535.70002278709
519013.27340134402
502249.41504813865
509785.78016214323
528482.1661578659
546490.72084199509
563837.76779826253
393385.60571955802
367521.03437284613
945765.80398848583
943806.3724562251
655656.03741711157
672622.59890360502
702626.09988379048
661469.62111826765
650740.20902717253
716195.81919657544
757632.04453342385
813512.40529464558
823578.95275773853
830235.3712082922
853854.12789911393
854543.53950649092
866363.10451889387
866063.72278520558
519151.15329107648
502161.31095158221
500892.2886476898
509892.38736227562
524312.07440392347
535084.78785226075
391182.37737655104
376048.86624029372
964012.95672191214
996894.02059909678
668144.69790035055
711747.9421456143
705940.14602933661
648835.32867022511
630107.06853062264
707839.06788166997
751231.33267170098
806644.05536420993
812086.95730482438
817413.82006110169
848768.8381297678
843259.18340273935
852686.7610806881
876373.73067393957
514019.09928800078
504407.6124457579
498756.86901773303
500880.22582238837
506634.61606128578
514688.27153405116
404184.85753054247
397597.90083383379
940042.60962633265
1033684.2806297743
674368.98952142498
718041.55235515034
718807.22900156467
691889.52486400411
651206.82181003515
696971.26695993205
752098.19534256193
793523.83234693715
807454.36519763793
824776.15400659374
836148.62125534145
836619.54756202211
848678.25112330948
865452.72322585166
494146.00686743128
495797.21317387582
494424.5353184531
496638.22065604414
496669.66896011488
502092.21094767703
422509.18245558348
411811.32264591916
933304.17520440056
1040139.5998757669
679017.98280697071
690287.62136750168
730079.858558345
722573.57514027273
706616.88555578724
703299.20483089832
751949.8316661499
795842.97622244235
800256.03699825041
838715.63508938916
833240.06463379879
837457.24252923345
881085.13713456236
886968.11906667554
500317.4367858778
488800.92408748495
481742.42406314274
484239.97069913865
485283.46880754421
495770.40786388278
437981.79148094496
419337.33105225582
934897.72200566321
1061473.1474386756
702896.49333100382
685855.87202746596
763043.88946258835
737771.847718723
732852.8683267727
721278.88041551202
738695.59041100659
813766.90270572738
822912.12805871223
852794.73754076543
871627.18421187438
845365.4513812178
938292.63125521271
923260.06773792731
499338.94622167648
480891.59714847466
472268.19555827678
473320.00652012561
476965.19956389465
493257.94321219
442853.88759312988
426995.42085484543
936212.10290270904
1107615.2206512387
735842.86083211564
699056.93957074604
806849.19242941425
769508.2555466044
743483.36333928024
730001.16715919471
729623.163013604
782983.04771916708
852720.14516725764
859372.35555830912
875766.02739909815
844771.50727699883
1000104.8478969469
987870.15585348743
467618.51816684788
459989.85435080359
456847.86620889464
468632.47319585161
476761.71424353484
488490.66248791968
427270.79638334777
412196.44815366599
972912.50388279383
1130556.9284859798
764454.19316249224
723230.8855080799
881513.35394076305
852068.01193217759
723701.83049269114
750758.93323758768
762310.4015412383
763866.89444600709
809662.02247543621
891188.67909446417
888281.90187621838
867621.68380596628
1018233.6962386548
1069989.126489131
416196.07802253228
400851.20514077297
398866.64558685716
449100.20250031224
467111.0845154436
476148.86550771957
419987.93226655386
419726.1229633941
1035293.510814379
1198522.9907268297
770021.00392095745
724646.5770995646
939574.76553220849
912490.27830855269
748242.45188300323
791435.73037970951
806706.30173615064
790048.37732922705
800733.6360379972
915496.99270057143
930991.95056219376
947837.51245841011
987955.40896859206
1130526.2958320989
386536.67192814942
377121.64924135292
376328.9849982484
450985.64070090582
456065.72066213691
462058.72055683041
415169.92391246994
423998.04151836754
1014673.0316438248
1414248.1345600784
741216.71736495721
753089.98008394486
720454.42993682937
958719.49073446216
928609.96731657628
799420.99282033101
808151.71545972012
826966.60109195719
832066.08672301169
811594.69589705998
861577.76714701974
979300.5051828929
1083827.3147712776
1108623.4123580609
1200989.64184717
377962.04593693803
354333.35703484894
335790.80920058524
424231.09998009063
434257.30564937944
446704.28212667728
389489.47238660377
407622.84629875404
849620.22982509399
982601.13657254679
566176.32704395754
760309.77778406569
722376.4300408999
961838.61169160658
955300.24638791021
781673.45952143625
803001.19136689987
854945.65587034158
880486.75229708431
856446.34641061979
856334.6975019353
940947.608614453
1170831.3284690341
1206901.4526610365
1306986.1830440913
344826.55896868889
322389.91048809147
304315.82857169368
394347.72018466808
411626.27785477851
448174.89473541192
408086.81682916009
353760.04576776602
707285.28881978511
703202.59042694839
521337.90371869371
812454.00348017958
796333.67484444787
717493.75572315662
981206.99663946487
1004189.0021456996
819652.07289142127
841925.58100793848
890212.73193912779
902829.19265815453
895644.36951002805
881505.65391378361
928771.63527497894
1141726.4129410908
1251151.8177284333
1347579.9934434127
290924.00860127388
286461.72333652427
280449.82838541694
361559.98239036376
402197.46110082621
449856.95769170381
459661.06667557184
279479.04342153238
591887.44277188811
685609.12362420862
753022.68450844334
918141.70512355224
1052126.6473378662
831310.48635579133
667442.93801492197
1000133.3810981304
1044800.763999274
862357.49879014504
919563.61400556704
906268.14928995154
908912.53209358489
928111.04561487457
917679.74674333003
933771.24354475609
1089833.5064439897
1213549.3459285665
1311837.9045709383
270385.92460776021
274074.94577071624
285239.97731194901
324907.91640247847
420940.69080226147
454345.12073878001
482762.84077716747
239505.69435414035
471124.38858137949
593028.34918944072
1019346.7486348611
1086594.5726207553
1166018.9198708958
1066076.7521380379
840580.79870316933
723267.48334090912
1071367.2167925143
1040556.3036813267
898384.05842180259
852070.68346048915
921309.33778601617
909535.35757745954
920684.82810943155
930210.89488643711
955039.95442655333
1042572.0429754447
1106620.8270452933
1239010.4399647799
251411.89068051855
258058.03427041907
267712.45695283543
276743.66299547511
418179.45244242781
455182.0643798621
485732.07262553019
244926.85322650193
453784.6827123746
402096.3176750511
1002228.6673590947
1109793.7892366494
1135679.7709551249
1153500.3672273546
850781.36152479809
731557.98261622246
984446.46122539951
1047041.4916580952
915114.85326325288
889505.81519199954
959488.84839931759
912079.80664613005
918820.11425865919
940547.60355394555
957075.8867412277
1014049.4994517617
1058750.7467893194
1271759.6119881393
221314.40631606511
237352.79437074956
247408.9112925771
257532.34251679882
401009.40252776287
444408.61451482167
484363.63538706972
286657.87104240333
548830.65658637951
531380.11531011446
1045368.538489676
1072683.3865370746
1067388.1840500659
1134960.3930347546
1063548.783470619
849458.5535333528
744324.24787301058
833959.22352426162
1050854.64690792
930030.69115968351
923893.33560954069
924681.25969218207
907224.27298683487
932079.99823634222
954797.93495923257
974357.04928621161
1030243.6508458547
1081074.3763903051
1298859.7351628684
198912.73298665712
226487.57810685696
238608.03480233639
254818.13472840862
378741.63764688291
427767.66479658487
479917.43629426125
355429.42851505696
642333.22604685638
647542.43379218003
926020.87558210606
989603.7102277932
1007908.4237861799
1071682.181357566
1139830.2489332608
821614.18417778017
731923.29916934762
809718.39525068225
1019886.4596301349
936874.90650083392
942247.24030461966
916547.28805329977
906548.30020562408
935117.38686473621
959329.90327290772
993740.69245180383
1041867.4816838898
1090622.1483388685
1274635.9556996399
234460.57618384165
247293.05911963701
249268.11818006932
282759.49007939995
343355.79544363986
422337.27268682426
451933.03309150739
405758.39542614901
694631.4960629954
754489.17259022198
860534.00511506631
934148.55254333117
964795.90699565527
994289.54301655304
1094151.5548034227
1096786.5110867305
780929.44046602549
705714.79898336763
809660.62759138562
985841.33556714642
935449.77098845888
941653.50704320334
914725.60148908116
940058.00395627099
938646.85401804326
949881.13920417603
982161.9520603721
1036499.9039452464
1086532.9818211058
1256732.097518387
281205.30457954406
280036.42289449536
253745.84940735073
292868.31874198472
339356.21066427667
392069.14229217346
418723.31751726579
417519.02174098341
692968.61816111463
766535.24877003045
843368.70558479417
920313.427160447
959841.40979995218
966729.44928532362
1025125.6662040235
1082969.2161248631
963143.37782842794
744588.58321157354
678436.62441808835
823411.73626571312
954010.49551213207
939839.31169855676
934839.31737287401
922533.814153946
880425.81516764744
943791.18255392532
947251.81251748116
960326.69751282362
1013604.9303844741
1057954.9478769796
1286523.8085735787
361230.21746909257
332845.2573006759
303939.71665081364
323884.24455610779
355446.43469019543
363408.15473293216
426512.78255412885
425503.41857299249
652684.9753874368
703152.25549473509
880843.21280934568
912790.54193619953
944556.30358717008
950298.26922833035
978472.98331929196
1039410.1530774948
1018970.410907569
897745.68095743051
715228.09920524759
675839.32225663157
842679.01494744024
913462.51320412604
957917.21003848105
936731.74335744651
950163.01424247655
909850.10224629578
977089.79026343406
967199.37128853309
953009.18670116924
972363.1592215061
1014228.0812441758
1288394.7052089549
385881.91194294655
368685.6695848669
365087.9183802089
362933.14953377174
365161.02458784822
368937.66653042083
421438.50118009059
427692.17992171913
590974.15387599461
616591.91601608426
935522.4368600985
904388.01191510085
928892.85314095858
935172.04055983259
956527.25481038005
993729.96780233097
1035671.3459918379
969359.32685018145
868627.72992127808
688343.11020996107
666503.26766097953
834557.6391698817
830370.16477487457
974576.6655791261
947202.13247993181
964659.70023626508
935874.64098524477
1025293.7863886845
978786.09628893854
957689.82433572377
952714.5844933911
991496.70756315056
1315747.0270752078
390155.01276230504
381642.98507240397
373653.09368147695
378119.39048946509
377903.4286773284
380109.40298577683
424007.4030513303
423329.70713021769
560983.06959267089
554656.05495308456
1034576.4884179229
957435.45269324363
940460.16587752744
920735.79664147738
922195.57672439644
953891.55007310002
979446.72002849542
979289.36275452271
979922.69563635171
669107.47332124622
663818.85053026432
814321.64586053835
809363.52221135411
968603.91640248988
945375.62246973917
955557.75906366413
945235.87735568616
917342.50022437598
955514.03697207873
953199.40487944603
941701.8535321221
980624.23399599956
1307406.0853685217
392722.20693103643
392051.97649928648
400909.87304598349
409269.36424116039
396497.9722297127
389348.75632332807
454343.34311053227
444030.58901091223
541351.41877854778
518190.55812061875
1113549.2643300823
998111.90929434297
932510.72338208486
929920.13231053553
996100.35241160938
981441.29899104149
941509.92385144718
984306.24631345877
965250.55980513885
769895.93849049963
644786.92278838193
663186.63906167576
806198.97107033769
805453.46354336536
957499.98676698899
945163.46681053028
951564.24443582317
965790.50501904148
937793.33408049017
970753.81041667098
948872.22591598635
911787.12160144001
1004270.4608129247
1306215.1542466155
420907.24899057607
411974.7203148033
435175.57802303298
441957.96774071263
416730.29942776362
401800.88386329531
514144.48256119131
504415.64620674634
526235.20615051163
498465.71733550128
1066522.0885739366
958314.67687519034
958630.47933554847
1013989.9689585497
967935.66526726738
934221.75251335534
935995.44249389123
956218.61815386498
930157.28845343227
851459.8186586271
762983.17067992606
622661.50826003123
669116.48313338915
780150.94096792827
788948.17859138956
938442.03051730106
948689.14644015185
959979.95188404701
990505.74029414437
970889.08985542483
1041458.0904358727
976839.58567974856
950314.50299360941
1205562.4674903364
1286642.9188164077
440404.90723518125
430600.84740020445
466311.8647218374
474252.60696140479
455609.28065971535
435628.13396330475
590098.85271046089
576854.45586557209
552185.00821215997
504647.34806573548
962863.30507404474
947545.10126854212
1015013.0957406095
962039.75220830797
915255.00400006108
886101.16546882689
879271.34097176918
908613.58525217022
941037.36912286282
854793.33849939844
879291.48158721754
840180.47084877198
588532.4580971963
641602.28034240904
745250.68047935679
769664.4847035039
916153.74912558962
961193.7273788692
971913.86028739065
1008080.0138519963
996979.37466046424
942516.36175144138
956298.92023651872
1052048.6581670465
1182566.2225079944
1171147.6615690007
458086.24058147008
471863.62935767026
524568.54304233007
523636.72269470745
514838.21822406311
494531.78846085857
670407.30656505679
650557.15897950716
629704.91763610346
570200.71901848516
811625.3612800875
807581.97108733328
845680.57259942638
850184.06378657802
847120.9023320023
827445.74858842418
803855.59986730607
780185.5068332043
804656.94185532094
797276.92959189869
806090.67812162847
815966.88241759874
560938.4647083648
607744.26140674821
737238.03201667347
781104.15861933981
825965.09354047815
966193.03210931132
973051.98484604363
1009724.4283802046
1000311.3708486438
951955.47573842329
961456.27334407519
1037666.6278661148
1080967.4631329388
1082136.376283101
480185.16143689811
530091.81299493962
594731.12109306513
588186.94661591609
584883.62056140148
570024.447967591
745926.15077498206
728878.67197664443
731962.21488914499
703151.11399193562
690962.87941600801
707484.14500064962
737017.19449481636
756214.51240773767
772661.35661591636
774653.73297570518
759374.04954502219
770092.08318929793
828681.53963896842
849046.88107849599
787125.80031184293
780315.91936903249
543883.64297542302
592562.30474308971
732590.78986827203
778665.04532627366
815866.56500149565
959227.03414853383
969100.92242853181
1003072.1148454327
986654.77131584927
945344.3600616937
977335.15420461283
1008223.7546636194
1021961.8884954972
1021623.8910291709
570505.95248811145
607408.6073980995
667557.86412668193
668945.16914744594
677280.12142707198
676668.64520176908
832775.00353699701
819723.23678658961
804069.8208123279
848520.05366111896
629375.60059262032
661226.24466540862
682882.76335199561
691926.87476178189
742681.71704424929
779612.02961251186
864946.10749913356
858565.67549367493
854035.24242987251
850753.58188155107
770953.29884064244
678310.34064530558
530337.73434096936
581278.36987321405
715391.10132680775
769043.47373990226
817346.81683431671
942298.50143181835
960648.0559430921
989951.39927619835
987428.25049732043
954595.03304096661
1008155.096784341
1002120.411094254
995733.88703154016
995537.7071106782
679430.03103262733
672050.33638991253
708609.35681761662
735651.82714233315
763191.21747974528
786221.99754368258
888980.99823768274
909555.19236761704
888927.58252938802
966839.93245101464
573556.05804277351
601703.24094719836
676961.39152018318
767257.17998925759
788561.65821991512
804094.36233038246
808700.92676344956
781254.40739661059
784043.63742320181
838889.00350420095
850005.90250499337
642938.29638182232
529288.35612901708
583898.75404965866
697294.7360340202
758160.09515782888
821509.55743172369
918955.56740876974
949921.3229350805
974066.18711149821
989557.04729328363
959560.10884243296
905101.24981629802
980348.66229573754
983076.86464155943
996087.76001642446
740579.7781987749
774301.16305200057
799473.9374824058
818817.10407397011
875837.41633344232
938016.70745547046
927783.51368399453
1042617.565371418
566522.87390755536
698299.58741395222
899482.61628793622
900420.61649103719
804850.41695961228
770373.28379889764
751531.84088222508
743704.25528970337
781847.02963677654
809188.56572285132
888940.36545060354
815928.31535027153
525947.92005214747
571305.70759893209
681065.29318515654
738065.76278156333
806182.68215522426
872845.27372536506
936446.66364828381
950243.60369018989
978075.99717769306
957641.35089670983
905610.22315779363
985438.65872879745
979849.74589285394
1008429.9578617366
688284.42312049866
841303.33272200066
870761.69377115765
944640.94878442353
908403.14810762496
891642.5936758992
818093.08310068888
785276.88616163877
794135.56395899656
786627.3259219696
871102.82365529856
945779.08160529553
520604.60970259638
563604.85066866281
690811.97908671328
731896.90373441705
795253.06124893436
872312.76303989824
920796.88062724157
929354.51663385273
958211.43811089976
946769.19458918506
895697.64746282471
983095.8060216509
978721.42872222606
1019471.0399857241
590044.29590900056
681556.98748689354
725244.07969697146
855868.17995310575
917246.50062593131
913647.9312292384
766554.0933568175
766395.78090433462
760952.47466863913
790473.93392002815
849728.67580236716
928934.334288185
508982.22654141067
556521.7270832872
692770.17797439406
728487.33470066974
784453.75340191263
866651.36003486975
899326.15317329101
920633.46007844328
948529.59814887855
927758.60708436905
876236.10521700233
981904.10964103264
989202.86496754491
1041447.2549081098
637450.56622543209
717377.96351975866
800300.88805737533
860591.64165531774
933348.21769980295
949724.18328372261
763248.24201296666
785043.13593625219
775447.50307288545
801964.19949161424
847010.28963000735
896014.87431449827
511366.68113698723
550011.06570958789
687342.26426310639
726137.52599760704
774303.7298266982
841302.71048335487
887598.20079616527
916109.86356403935
934922.29118888872
931391.02479273081
890013.62665977783
974918.05233801331
990563.23662907141
1099846.7145265923
640471.96661636361
748341.01073419652
806502.0702704445
771812.27323631605
959837.00770704821
1006413.5812331712
852619.52645999449
755984.3412939671
766056.6494631886
795271.66361656482
872092.49520215578
934239.15108665871
522586.85553562699
549457.81855604646
672467.85362685157
713463.06429143657
763042.88616712554
807111.50890214718
858092.9721048458
911664.00358927355
921322.32461743581
940136.14947505365
911896.30481358478
951546.85354293929
981954.73645851959
1118768.6159163425
742307.48080333276
791750.71754877362
765699.30411638436
681836.18704558199
975230.13193387701
1005589.9553788027
977519.87606061436
759051.20097311516
768267.54907392175
811805.45965159242
884277.09376652655
960786.27891407639
530830.23308828566
552815.53592551372
663942.14488029643
707014.04517763737
751573.30433306238
785542.621046682
834828.99534014985
912252.36542286561
916128.52363656694
941338.55804883107
919093.21001345885
933954.07381907268
960439.64351008937
1053280.3909558002
762081.30592683551
817005.63400928141
815961.15668837016
735670.88364474836
956528.09834496002
941790.08229309192
952046.77683587722
808175.82793099736
798440.55140421446
839667.04873386747
889084.97794122214
988534.84060513671
530768.18221479061
548238.13332010352
644116.57508861634
695590.68196496391
741444.40127948963
774279.66984139022
824489.85097141156
915118.50013151567
911047.78382657003
940528.62119356717
929617.56328011351
915864.99313069019
931415.07005783822
1007946.7950501821
773147.1258485351
836241.52361369564
887022.95769929886
858521.17790148046
950646.45563871122
905378.24680166843
894439.60706900957
837377.66194141749
815532.65038972849
860425.63007307041
905418.16548741434
1052113.7036532592
530027.89260706957
564736.3712284175
630091.89623306331
680278.08977783087
730841.10261851514
771410.15093443857
816118.37204688578
885615.47251136112
927653.85763425147
939479.3585901045
932900.68437789124
887576.21165338031
904756.65398358204
960956.31644467986
750979.84047181613
836869.12863744027
872735.48082276178
849138.84997990378
986837.98576221149
914107.83697594202
884478.03316601168
844854.73480634694
818514.32570770895
850525.70894136943
893749.1913602741
1092913.9632188336
526051.88356197171
594329.6207665985
631289.22952978662
668943.20518369798
723195.98525983212
769585.50368289847
800572.71161073423
860572.32973402529
943125.29199482175
968461.32246342872
930015.40594836406
829715.16636587086
869288.07436889713
913774.23071473173
715847.40266454825
832884.18841258122
833675.52609819639
795724.60011161107
1033728.6025104657
953429.69775429019
887097.84224550892
839938.96583522216
791622.50365723518
783806.08266045223
829171.92436213314
1020846.8169394869
450642.04203284602
520900.1082238456
574152.53192770947
666614.87435188715
721841.60840186279
767159.4513578515
800181.57673868467
834128.62079777615
926207.14250914357
1040383.9998759372
970918.41045685392
643163.39712015574
791145.75582213514
769993.2138971535
780709.29918065143
876319.65852728987
827102.54822644126
773061.74528678379
1080713.0271990895
982559.68989931897
974113.85219838505
902075.668438041
736534.86558946793
657447.11972434307
668279.90251082974
740631.43659110065
635570.51571074035
661419.94203890034
731306.14193238062
780104.06802078779
810145.15809337364
844231.09188196098
871358.11826049222
894801.16522135283
935886.44551322178
1137782.0872200739
1108808.7701050807
1088195.3508324339
961503.85189335083
1014626.2147590552
704224.47434044885
867810.97999120678
868831.11463860457
880776.19778031285
1141407.5863432693
1053019.6908873364
1086857.8660224215
947837.80499935022
783161.02660639805
697435.36719885294
752451.41175811493
837111.38027721108
553698.72445146518
591768.63628738187
630819.34830477729
783802.53543273057
811799.83730178815
847299.88161294465
880468.99958974333
905192.93052902212
965469.01470439765
1088477.6706387545
1046784.2327335321
868234.3304075601
854529.45401421457
841358.76399349293
830255.55067411903
824099.94235900231
823099.14130876167
968899.07048629981
1029164.6458603388
983357.71405936766
983221.93858868559
742535.21960276563
694562.82102883852
667775.90939439705
698780.99399296357
665118.54413639114
618909.73391709244
593881.57830545248
707708.73492002301
790367.97456447373
816253.81421193562
842095.40817291255
875908.84033020993
902449.15253274178
925134.77094882971
967401.03468926938
935733.85625538556
823955.32783187018
816581.25979757856
748812.44563731691
894349.27776413923
816550.06533738924
811413.41786414781
978774.61611373036
941605.1500173707
912052.90272125788
907547.87711406546
629110.00727129867
613513.56595759024
630334.88876892591
631643.29650447925
582779.61347445671
709347.72104772099
676372.07743366307
754077.44750944292
783325.0123113459
820044.61876183143
830698.31526093418
864117.27739899722
889805.2612487016
884984.98217453016
902458.94830382871
878293.96693379339
843839.38038518257
792129.05136045022
709479.46479168232
760680.48392260517
770418.06726666843
826937.09455973376
919566.08021547517
863234.39983991708
849151.48445082491
802298.77496821654
541668.26742551813
536095.78027814499
572752.56733537687
582733.46412117616
542067.56737363688
779326.68369381106
756712.79091470339
794651.84168398008
749683.08831751079
814015.88913588284
828467.92902883829
849563.40883049532
869466.24203962798
869293.68119888462
891149.03267216962
871681.01986824279
872608.12404317595
784711.92478780367
713436.76926973241
571762.76229300513
732568.81634798052
831434.01219373825
841292.79981309886
796477.09424272622
789977.39986132109
632436.13566405035
524982.51145138661
512719.81963869394
535214.01364397735
560998.47793743794
537874.22938987811
826249.16281086113
765975.39391950984
796383.27312523546
793667.16706149932
805849.52916595864
836746.84638832568
849636.44721703918
866279.67356435768
863821.23161468958
883893.35028590367
874967.09842738579
895506.09596770245
854096.44039867527
809515.38481843797
425067.88631741999
704477.58820835745
772218.9605517037
758965.50621814479
750167.52871485765
649877.67707084306
572045.22729753924
543568.02447584667
526533.27338923456
541747.4893431922
535010.88554132264
528633.22014715837
887048.31229284185
783935.83362673747
789813.33037560584
753718.20967603638
811130.1961797683
846093.78239489358
868860.6607295546
870174.76093703054
856956.1213163822
880919.67036581761
866671.67288532213
889445.97964234499
900356.61911675148
919108.51846279332
418542.57332995493
608258.68713513867
670506.95348991069
696277.16240008967
605328.47258087271
589765.92689337605
568058.41998789285
553353.76259066898
544561.94820885779
561084.22565206874
547545.54899787542
543388.85638548795
958696.28698549198
839142.74776736076
810704.43488977128
723636.24591128353
830108.13602742983
847943.23316487262
867753.55029625224
867043.65796125261
867075.28198215959
863970.18627005455
835998.61310950061
858512.53682773106
878411.67200885806
896342.89810815291
479655.28953532135
548931.12137084908
613394.98868699709
554643.68854345044
548327.71610263374
555747.22183670988
559831.00043669017
558079.35813184571
566341.49919542193
581745.33499972709
598104.92747378396
611450.61674283794
869456.87722859473
839928.66083088354
715546.85922700842
859725.37334850221
856537.17652753741
868695.68837518699
865948.16038829461
868347.98188448406
857106.46600774594
829491.61875675246
815903.22367263015
823649.93941289966
786378.2021763348
439615.70843500394
472379.04640450765
496558.47964994301
508467.02871338499
520142.54395817936
526929.78111711412
536638.61106288002
546126.03154843452
559247.70876506297
580857.4944900322
604644.60568633873
642319.19011520664
912110.51609956508
858368.25877085316
713553.1397659122
879147.02891599003
855910.28490467719
870545.12434584799
871519.70414592419
867072.55789770384
861787.44691866112
840218.47594346059
819267.46486291557
418557.79896058474
442147.3495988755
468039.23981800373
472434.03478425206
481348.32634581055
486926.02144461527
496064.17077562562
516968.99698323722
539259.58797956503
565764.47259803652
602930.02390879032
663009.74236658833
848398.78421166225
745742.53846063325
894789.42746139097
851075.35220033233
872986.30166464439
886757.96703783248
885341.63439669239
869168.78351562389
851467.91351313132
434872.95814992976
441634.51295228233
416240.40640468372
426107.87143522856
438563.74791380262
445348.62383396667
459334.66150759562
484800.87464242021
513427.25901791546
545337.98727658682
587082.32546575565
634566.06248257321
849972.51270334492
901899.16692353005
880511.29897408781
885177.82456613635
896437.5429142575
907730.06811261573
888065.88927022764
850384.55082872172
409428.40617000795
393286.36061598134
345859.29123719974
364692.67085177888
378615.78617522772
382832.95911112445
399314.42513514869
429653.30107512872
466599.29091952683
505345.58916396904
541617.30241066904
572125.31821794109
954648.18202625529
950379.26478704973
913850.27776890714
900325.46874604071
899404.37041674787
878436.76632681873
833290.63855792081
356304.2998536338
339152.10861409846
302058.23648129351
314147.40634703374
316287.25113558926
312947.90197890252
327312.32128261257
359275.47930044873
400269.46910358593
442987.12429644749
477298.28873873461
497507.03047416691
927399.68729079538
1053440.7049668948
992410.44790513394
904632.45420747157
874965.32612206461
869712.74648730864
833936.62257934769
304699.77719226398
298146.89729010459
301529.2903593189
284921.55282995367
274578.96417857427
283150.39856549137
306674.7922852558
337852.49424735858
371592.9326409279
398990.39038588852
407651.35777314991
949320.39101828856
896405.4169805838
856204.10543285764
866037.24567343434
836637.15896448225
242005.14051260622
253011.17260685313
294255.51489158615
284954.46246401989
276285.39923610457
277629.13219810778
289341.4991886582
301035.305653024
312194.1710249274
326773.02599388448
330479.51523580973
890312.82152697921
896982.06304394768
833821.83801554819
852492.72614331043
839386.51642667991
269888.573501623
296798.98212222446
292027.596240554
285387.53944459453
286901.54122543312
285245.16518243763
278922.74792119663
281096.8685068927
282934.1024999714
820636.9030089631
822797.60927994107
815563.98449812341
830302.71200027305
284106.82120625931
314121.23940098961
310179.66977018787
301346.44352066296
288652.27948552306
279669.90364026243
275790.37530365214
265461.40955490491
679876.22028993117
812108.28354142956
843590.52228757506
294291.39802006172
321851.55414970731
315415.92909333139
309036.51929915341
304150.34604259161
296628.3961623169
278260.35808355547
668992.95196209289
893629.51520512055
867870.87684199831
288272.18924840057
287701.46006293671
320849.55374226096
344925.43005734676
338594.2190945028
322263.66168490605
1100337.9571827024
958968.05216124293
275259.52744128817
406458.27658197324
392563.76168734481
365268.05498552846
898994.73751355463
870099.90823554201
909878.27742915391
736253.86609549983
727838.42914958356
724888.3443243138
970084.24114369077
901009.97069943917
999929.72116699652
830757.25862268324
805258.65296822297
803115.21102684853
815545.50703883311
807637.08451502805
752837.41415946907
718551.10195379832
718289.38033108541
736281.80067831092
765895.22034016694
778644.51699997648
959781.86111144745
934535.97239763581
978354.83923602151
1046177.9524671078
1154697.5097417855
1211433.6892550543
1168528.4759438618
1174354.9991625655
1335092.9717386221
1144757.595381083
902750.23785024497
985085.5530153726
933842.63312248338
871505.06826936908
873013.89759246167
860044.71627328312
853136.58106047323
846291.45278900489
712436.04213447543
695237.72245184297
687600.98020705709
708179.63783254696
735785.96835166495
766632.79930806893
899507.62205744616
934143.800386296
987918.13262791897
1045012.6276757021
1065206.1953459352
1088886.9526634517
1111303.3834556337
1124034.4891391366
1436783.491413289
1685865.3225555033
868807.06089011382
856735.35577430902
732459.37668642751
801434.28792695247
846328.23697296192
855765.07398338674
876236.54954795714
887377.99805689242
800894.65438876383
803280.38196457014
814004.71369305684
841866.94538850558
846430.56716559606
844552.18318687833
1000256.7207380031
1052696.8863313084
1109533.592291533
1156197.8882197828
1197961.4028972338
1245462.3402729623
1301113.7955048438
1428705.13843768
1810833.1398004384
1289667.2107255282
957437.52873807773
920947.11796032195
745387.06688399881
783733.12783210538
811146.13087005029
825674.95057460933
840051.70724501438
838813.68410157179
864999.72986097133
818681.37573987991
811995.20308594708
826898.58311459864
833372.98147323821
839578.85932101228
985097.49131381989
1040527.3277353387
1110379.1951836527
1165955.3670155765
1178354.9800898398
1168080.2446679578
1134523.815983858
1080495.4063116203
1634314.5176408784
1604915.6157563336
1080180.7592474846
990296.50729336147
766625.08768439479
782257.95437448821
799740.40561031864
813543.39558887016
821543.87955239858
819792.07015098014
858347.13842099078
850025.61875031958
835501.37521626404
837250.48735066154
838676.20118444331
840500.00172719895
965999.38994889322
1014838.0693074102
1091959.7085531778
1160435.9639172463
1182969.1566538946
1174360.4201583548
1136882.4482455242
1087499.7427472598
1642085.140828867
1578842.6405511757
1146141.6374479602
1024391.420671832
762759.48974274087
780208.90418076247
796743.62027719559
810840.6699952503
811399.78271217307
820289.43034402048
854171.04913638474
878073.74354815006
854254.14767405065
854799.79029232753
850910.21808464115
850586.47772012767
947002.70121225808
973080.91657365812
1030231.2448970898
1084867.2995465489
1121013.5181527997
1145973.974099261
1171075.2408750202
1200124.7597517911
1457772.7183442113
1496361.8815754377
1156155.6695719061
1040858.3560028563
756830.71542657691
781116.13079155562
803221.21691633319
815028.18582326896
813021.92697280459
810448.44760951912
829358.03606706462
852674.69715788274
847245.67266934505
848100.60494905268
848649.73739189049
856313.61663730291
933227.32401223946
957261.9895189763
986040.42417503253
1016427.3417258069
1049417.3147595103
1094980.4342175031
1172723.3018851483
1310943.7571128698
1258280.5260471837
1377056.8740308722
1098665.5962442015
1018239.7511648113
756259.48956312507
787555.09647585754
809610.00868331676
820017.77983632579
825593.86733600229
817701.77002091613
818028.65794486797
829396.27342517767
836932.65717319655
837187.35165959585
845081.80861250812
853680.03469187813
901058.4558233947
925515.91946932056
953215.50139989681
981258.50165484985
1007567.5043533359
1045897.1137063028
1114212.1733905333
1255550.2963726614
1141298.5082006429
1329978.0587196825
960023.92130732315
995988.63956629985
774232.11795948911
797082.24152108084
814844.80152895232
828507.67924383469
835858.0375780951
828330.59194879699
815499.27118400193
825439.45704381482
836044.98087007063
843602.96667020267
853443.57710122061
860794.89430897892
883593.03083443129
887724.49012763158
908384.66653572221
932952.77054590278
958696.31049294502
993188.80409916455
1044360.7718539012
1121550.2829648887
1161434.3332239471
1332618.8906967631
769489.60041692655
956918.2467969039
778344.27609394281
809416.29653315258
824737.3798343346
842509.80236150289
877358.15258274018
831392.48368478252
808314.57244370563
835237.31050480716
851140.23288339714
863367.82065922988
868616.64649794041
865885.1491312139
860064.19579514535
851407.97953294148
871938.16299270687
877932.3329602296
905131.93258319912
945148.16028054187
981968.49808005523
1006612.4941712836
1206455.3214210267
1351996.4604111006
819204.77331181744
1062915.1079220471
892919.19599242473
850768.74368348578
844395.64957723359
857459.87678757019
940500.56095166155
821175.38201418845
867942.06324094988
873669.47621198429
879266.57056243287
886189.44365070178
899686.33933592925
901322.29026755178
881551.68054761877
857590.67945146188
852454.89590328152
833400.488276185
847226.93497242953
881574.03104778903
905726.24834815029
898854.81270500482
1236610.6674053629
1303964.8434847158
830650.46354811161
917649.90639205533
882806.0508297286
844111.29350845783
830358.66491729987
820540.43601122661
1069882.7787154703
815722.1996307784
864997.51916746306
874050.24063866155
887709.34892967099
903815.75449474691
918047.96537950751
911735.96815673972
868143.64810444438
843171.92474532267
818412.24009143328
797671.9660504536
805780.75213774911
824489.16843340371
838058.06589239964
817928.30659743131
1246416.6591372848
1228036.0760766221
764793.48209531
841242.65103640058
808913.80066781677
849246.82962727023
865096.30353860045
872049.26168334868
1083093.21662329
881343.07179011882
871944.53980153461
875410.96819770325
888950.81395934033
908786.22263035493
915558.79760246305
916924.3484448758
853708.48995302699
837596.05446815095
821283.56096536433
806778.72382805008
799531.08980704064
801552.98678071052
803109.73324047623
780983.98343596689
1241104.8629458235
1179301.1767522597
723925.43728373328
816369.73847224715
784897.64181918686
816773.02668381506
831762.01544333773
851280.34315850341
1023296.8538946902
919979.37525897182
893263.81770052505
882953.19442747778
898591.23566444591
919339.34273492522
922712.98299697519
928092.30594789004
822249.19976450328
815571.70774881786
813629.01481321012
839666.43141112768
817729.1918701781
795582.5785751181
794833.35227393231
772920.80073748995
1192792.2864387534
1111120.063537983
739583.41828652879
793906.36458885903
814752.03522403177
830079.57675745187
842720.49165161338
867502.90038105322
958645.1184494521
947076.29523199704
924149.81379388738
908419.14002702117
919919.35076183442
941575.93890332582
946232.10914784356
949069.55721537152
779467.77600182663
759309.20424636232
807892.71957796661
877702.97732748068
867079.7987893289
792738.32165769325
794496.60883107397
787936.74047615903
1128247.5219006226
1045313.0683078653
824579.70047160122
838293.00232018868
871672.36068744073
880143.82846738386
871380.45690771006
886574.41218184563
908890.80520482617
928583.59408970037
941294.81232537678
938630.68536603823
948633.00538819481
967807.2896711434
984481.17079394206
973085.59510246536
755714.61436024017
730824.00409408624
880147.54688266129
919402.85030630126
874941.28681823169
772093.62736347457
778913.63916832604
776942.06105874875
1069361.8801304891
1015336.105896787
865457.91843181301
882433.33245576045
924383.7725117706
991169.33310705097
917267.50541406369
893112.18159269856
894809.16040163033
913608.46350999037
946359.01746961591
962904.7715055641
972352.38874252955
1002817.7113562634
1020754.6100541283
1004374.5197706056
738862.86636296206
721060.77710852807
926949.66883636417
922883.16490368242
898509.20618327567
796050.43405549321
774682.6395958577
758036.55320637417
1048962.5370317325
1017883.8382791528
906231.25855044206
924055.36771478236
1000833.6075014473
1139375.1506260678
905344.63276421733
868799.97363189061
873815.34307494911
898407.43816420331
935532.45686749893
966289.30325981427
978686.729300507
1014560.2368837513
1023432.0043130377
1041685.3009279121
737886.72817492241
721581.79451726924
990312.97323344357
961857.02856373473
938750.70374480449
847791.27096775151
731476.86626464082
705753.38716246793
1040606.3605693512
1013148.6973457608
946580.56513379223
975349.25531489681
1049555.4970860023
1140873.7651389709
842132.83319781546
847634.78751727485
871881.37578670087
900056.69438876561
932910.21444682404
962690.03382002038
978550.313241667
1008326.990488884
1041550.429466067
1054924.8740069496
743267.51145157043
734753.27551487205
1061258.3439810805
1007465.0847138619
957767.38210053113
893810.40078726655
657016.3157573283
632415.62829811114
1026759.936081026
998195.69361616788
959120.75904591312
969454.83087571966
1045718.6904860003
1055257.4742053407
837210.68367289356
873639.71920745191
901961.33457108308
930490.66527788714
950451.67067559727
976842.56684776093
998870.56560084678
1020210.5408445963
1046576.2617012507
1067932.1172014119
782198.45057637512
816222.71111763688
1073242.1132900899
991073.23399391619
925387.09084506286
885949.47732570139
621961.79769523628
599799.18616297131
1002275.0874597029
973688.04922173638
927750.71649484162
926116.4932932948
1031258.0579860854
990224.43816862616
911189.37395084265
957742.99034752825
950931.1423353916
970402.2149530109
989813.97989233921
1005291.7444061761
1018798.8263453672
1030435.50155967
1053468.0359780411
1075592.4660971782
821852.4479526357
869731.38619982207
971089.20250227931
911992.47701236408
878155.80266171985
890081.35681968706
600767.56671295012
588527.57461839623
985660.10912103148
963515.18789843947
915863.56071187742
916112.63516580197
1077948.5251277965
921683.40257478133
907663.1225104538
976742.25877067191
983250.68358227843
997580.81300386577
1018045.3435932533
1029925.889012982
1035313.1427863869
1040050.7422195071
1062544.6754836203
1087628.4284335508
832026.71103466803
853943.61119498964
892838.90431213472
932459.4318523797
959500.49119311175
953167.86293006293
596888.48779106198
593313.22866835829
999687.2950330663
1010260.0116570987
932171.98403108248
936701.7776374236
1094865.3566446537
906631.23152311333
912531.78706090641
992320.20407338149
1009865.6474880581
1025113.4245559203
1030968.3226948392
1036668.0522976841
1038910.9564319839
1044953.3428128998
1061170.4698213928
1090250.32057422
821246.7187078679
826028.43074073398
844867.58515854215
950271.50000063202
1031553.9047069693
985032.60246786161
606070.83705554216
601861.90561693592
1010284.6660228074
1039242.7779453762
932751.68148039852
941448.73483103456
1084912.1876551814
896104.03960761544
952805.8341466689
1013642.6468647899
1027723.4156449303
1046115.1200793906
1046743.5719630695
1034502.6765063758
1034247.4700444773
1042413.7113698248
1053124.0702192434
1080922.5544432094
793924.94651982002
791927.9265621003
797765.59080371738
855980.3003397031
912200.42779029428
900300.82287978812
612414.63111950364
591935.65094727685
998136.80840216263
1035211.1960673229
928786.78586355119
940453.21142612479
1093253.8473721244
898529.40992242808
938549.92829326028
1010878.79487168
1032433.7982973622
1058700.4854582024
1058853.9299862727
1033908.4275575361
1027687.0553212933
1031714.1980407933
1039413.4859862975
1068634.1158010429
768003.19707727898
766271.67873660184
757627.21013121505
758516.69864700374
814309.95383658761
832882.2796952863
615724.06374869682
590881.67895354959
979161.35240127286
989983.36923310696
942919.16681682586
930633.43987851974
1094336.9102093123
884241.18170502607
926132.37083252298
1000857.7811699319
1027851.897083509
1053348.0734573826
1056884.7785916894
1031015.8453028634
1014957.0565437786
1011669.8652979885
1020860.7519448535
1053774.8792613966
749531.50286184566
741823.13022350054
730108.03490393958
720667.86318425986
742568.21681311261
735270.03452086833
634335.01182164927
633955.64360087272
929996.95167539967
930338.74178572814
964662.6189730349
929280.94600301492
1130648.2258727278
863948.76614829246
917944.41789150005
1006627.3076490269
1024487.2310626854
1044236.6309418137
1052579.1247178153
1028314.493925452
996749.02730347938
986094.86115672183
970168.86217491259
976063.74494663766
702023.55100109521
709577.77365028183
709487.35319444211
709862.36699523067
711628.45357447758
740729.1268635022
722371.28942400729
716271.29182269308
864666.27031903493
856556.65175330814
978165.86910609226
961400.25403157366
1015053.6283947559
940689.44932967261
957590.30211099447
1012547.9462945602
1020303.4873967582
1037731.6624171125
1037467.4778916128
1012406.4536382318
974951.70338185679
936675.23154065933
893392.20878526627
876234.25878344977
634236.4176800556
660108.47570423083
669511.87736706866
691323.10123602266
709446.88580456015
726434.06380712322
744959.2466353483
751775.35506821808
831939.82326564228
836178.38247641362
992145.70833989023
1002440.6446048426
961050.01192715019
965807.69827492628
985472.64531775529
994420.47599551838
1000168.4887591911
1013621.5174260562
1012218.5838309239
996767.25369266479
970165.55939187261
884938.34182216192
856446.8177441851
846108.89137873764
612508.41501918668
634606.4311643542
651454.53032495209
679872.57666683069
711580.74660347961
709384.07538295549
713769.07187325065
719204.41173101438
844085.35922273167
860096.86217776092
977685.22040930064
1004096.7491431078
912497.47608024569
987432.67338638043
992353.10719051061
984876.98967490112
985912.26000727538
988140.82705592108
978824.41937270015
977798.64049689739
900464.11786977656
889374.25597608369
859967.74092947261
832507.36260855896
574233.22240607825
594996.92575927346
615229.64534587972
637411.27714525571
665377.42046738986
702856.99363359064
640899.91352233011
608485.70897137234
881848.04827550112
891459.22749684379
978212.74431280966
1009497.2765346396
886693.47254715045
931691.32094631926
994314.44603869901
973386.5424662492
976462.74873883137
978598.38958007994
944209.93606109265
927490.09977531026
886332.04324503441
875966.58266946091
849264.15472438012
792001.55375668535
497263.29244325199
506704.58916937787
547765.11053907347
576093.7267182268
611648.80212012236
659015.80883007683
533698.30920273019
490232.23638546927
934377.64232032862
940064.84092201444
949491.22614357562
946451.36478246725
836503.76772776304
891748.99502998928
909522.06353923085
942595.56394047174
961407.61508480122
983936.70772907021
915765.2929693436
902769.24401137047
876325.53203341563
859053.56144478486
834591.45551089058
781444.47642893787
465809.43135874503
454029.73474881036
480852.70608869725
529784.71629733953
570332.7698941055
597689.24847866583
487445.36493564816
455466.1532032204
999644.52436939161
997725.40484859608
934675.1616296157
956494.35413226567
986455.45649037941
899850.5633467522
848967.75121946831
917400.96141484147
937939.93991788907
982012.7977585484
894154.60943973321
882554.15679443756
881009.37400408939
844192.52453741222
822505.50493634806
796770.55417503684
470225.79819053726
457528.26088059926
470705.21696388582
509806.1238537819
546247.32259163354
558323.83081692667
483674.8998530074
464972.64817394415
1018685.1498541585
1053755.9201917732
953230.3105817684
1014186.7918451731
1003627.684128133
867137.7047603149
841493.89469812857
886386.75051357248
917905.40525799838
954329.38717985398
925046.85288069898
870165.74247137853
849855.93482790072
819497.37357207469
799210.89846120169
803854.30641070311
467758.09304489417
462718.00235854083
469415.42831393803
495860.51365084422
519375.90776930511
527595.54287190747
479888.54645487835
472081.66750645777
993573.01543713058
1092704.2223486132
958770.41354903346
1017433.2551536286
1004728.0506851255
926896.57997304806
854741.21767939348
899569.41803493642
895842.78798469622
919096.76238587266
897747.86551244033
882381.86387329712
807693.794914008
794042.36264892179
781182.39153584337
783632.76633285719
447209.14831032156
451284.6313659572
458405.03055730829
477643.64482080512
491358.55559907365
499326.37245622062
452191.64011317265
441119.88190737844
986419.80476987781
1099347.2742453143
955324.89542158239
968049.93754228763
1010240.8141116402
971687.62475494388
923334.01011903002
892091.31003111787
930917.53706420539
900054.76329683117
873804.56204887014
879071.45856590918
786064.49452683853
772702.73474140873
792478.52955570142
785401.8612110659
447576.52994005702
437539.35946216207
435868.81706247496
451106.34296717355
463124.02635831392
476359.62066744053
420419.13186276646
402707.59258336161
987576.21007461031
1121528.6259451599
975307.24981725821
950229.51079637976
1047155.4212039906
978054.57583042444
888220.96064946009
823430.99424694246
852355.20124550362
900246.24262743851
883008.59569468198
871897.52255512471
847427.63032714534
762680.10758056608
821649.34126923943
794027.43200537167
436434.24119345803
419067.13887358684
414248.99583784613
425765.72520298138
438769.59957749513
457380.15451400168
406980.58906342078
392271.56330779789
985299.96951149707
1166276.1471169833
1004631.6859685718
954877.94362996798
1096480.846235537
970652.49622901215
807073.26425540529
752485.47558809223
793858.79929026985
866280.84604711598
882789.30769898708
851776.84763101907
823589.48787115491
756014.58616917103
840378.32678147766
821447.58448668406
397703.81165991543
387737.44444098149
386538.15399270889
406437.69161084213
422659.72121861699
436949.94366487791
393677.44394620438
382609.44657858473
991100.48821493878
1164752.5578047985
1023273.7772068821
970602.81741646631
1174289.3956448056
1038413.0423101395
778323.66928026988
775634.28972970333
821393.80141592224
845344.60427573964
888808.6690927993
849706.59840183565
811156.7338717723
762278.55453253188
829301.23365166795
872630.73270285816
348841.35945672286
332515.90163289802
331498.21109286038
378778.76692433661
399596.13576223922
412373.25564318203
387341.3633123521
390215.20387335919
1010100.0840680279
1303957.8647358711
1006079.5824967398
950512.46794920275
1224385.1428315244
1140033.4089276893
850612.00787428243
863503.45970861427
897167.94413501211
887063.96032069006
860033.37199192087
841757.62726538698
816373.1950892536
812199.97617800965
800850.77501054434
920691.37743051711
324278.78593239735
316030.38267893554
315881.77607541182
376335.59656875423
383376.43672531925
393328.56111471244
378650.67180700053
386681.63305708795
1208142.2507507862
2029114.7284109117
1120432.4643955275
956603.07666489307
918751.71444616793
1223580.5143071257
1175861.0175919153
964881.48100399075
983553.45140634757
1005455.92345262
950534.97521147854
842337.26201351406
856677.00344408129
833692.06521414453
942138.14640402282
982241.21616345865
986608.70770882745
317499.28659262974
297858.58614340593
282315.62358487555
353056.08287092869
364947.47686125978
378887.14524854335
366559.9826937099
419896.47075859411
1449891.6676788575
2287126.3809157326
1217398.0409974831
935485.69611638633
891991.41414723452
1192554.4168260652
1182568.2596549811
963803.28502320626
985741.6898295657
1010187.0166318541
970433.75658665912
877750.32366843894
814573.1635079449
837561.54792318039
1036679.0878264077
1068704.7390036508
1087450.5007127505
288048.20016940788
269967.32440844888
254038.50029032386
328306.74008093833
345336.90701542038
374521.12815645529
357780.34083023737
487866.10092181881
1430930.0759199965
2080689.2585877071
1434802.4402213441
1707360.9229846054
947275.70792413643
855087.55058931676
1177621.2637998448
1197363.8917410704
984166.25250533177
969876.42723159818
979040.01414706034
959484.83943844284
906766.79799533682
811975.49190753489
781926.06242859783
973089.3055816174
1068836.038448144
1103873.4146493578
237037.81148470676
233569.37713221941
225325.39200184302
297704.46722902614
329639.61936442513
362295.07612978801
359036.46988561307
448837.69676940958
1087852.7199693585
1390916.7019538591
1425354.9789862169
1340714.4693843543
1091432.493373808
960771.59866331634
771016.5216197921
1146284.6847824689
1191205.8528365346
953089.20255905611
1027533.4556624435
980735.64442172193
948265.62459944224
905845.71708124969
824493.57713578513
761310.43158842169
848762.87245077931
934046.61462584604
997108.2095462397
210717.29206860351
212228.53473776675
216223.9299637634
240752.69144409327
329965.02097082109
351321.17265358625
369620.06521759491
353344.64006788121
688145.54179055907
795253.99567663064
1166189.5203622943
1077932.4294165417
1063381.2278137752
978296.16432216647
937640.43625829159
806461.0014580898
1157972.1704903517
1123417.7757654595
957619.17072925984
885031.16669839993
943107.50424959976
898819.42414491752
860459.44564270228
812136.11605700222
768285.21782401693
776666.27089076245
793864.40082107764
887943.58752022812
187783.12436562643
190299.51297221208
194789.53526299822
200211.0965154029
314529.83880715282
340607.02954476984
362836.10527076846
307828.35431331681
547323.42938353727
437412.33952769067
898834.46902714891
956973.62137283094
1018553.4205250662
1053147.3821552561
900635.53616203018
769484.23054812278
1015960.5437564632
1072077.6245813717
927087.85424145777
884481.93182142882
936319.18426300632
853774.48692818254
820754.42148921033
792623.43431863992
753949.97490307502
761392.54435549409
782266.76697114052
911878.47491569957
162294.6632183161
171601.37585639724
176448.3114307923
183274.17536368303
295164.07155219506
326852.88085770584
356952.58237133472
276999.77339967771
531847.73298900854
512421.19176075089
869073.95188946021
907622.13864927809
937345.7677951284
1026804.24719048
970355.54257115081
849732.36041584844
737044.91135265783
803960.50567551819
1016446.0379413458
886528.18259474169
863589.32593921409
838515.81110270473
797899.20162858476
794879.56181128125
777469.66171344684
751520.07487993431
771211.08751616708
806311.53636278666
953048.4870611903
146183.44738654193
164637.88258793522
169609.8403834897
179036.31647682554
275833.29282767081
313766.57821732119
353890.26378695917
273829.84225989162
506206.5369827791
536501.92677820998
759391.55290239176
825311.98877795425
870135.93903605617
959555.83126752079
1038362.7854633076
781139.65126402176
688367.483474029
751736.24908277928
920566.51047983172
836778.8193440045
827751.95019300759
795703.78451363381
751619.43641208182
760104.10387695092
753279.19123182283
749007.72994214972
769560.20544704201
805949.75841958693
955239.82344117144
174272.86884641671
183057.37640756951
179507.25876511907
197961.95885305043
239335.86213804359
309695.69565727987
332310.96065768163
297415.4718893494
514622.76498188643
569525.06563350093
698227.85068373894
770395.46652030444
821553.27470059553
876387.68307757762
990211.7430270483
1000725.4956593992
712989.84143450914
636343.73061233584
720479.32516168093
832183.02526228025
780189.42936270847
771245.3492948293
739200.7341404981
751612.92584106058
728294.40500480891
717834.83085385186
721476.48997120687
752154.14494618715
790048.04467721214
935295.86202434672
210806.30100112082
213128.72580639177
207080.68159441868
224691.5885503992
235926.94396962572
285307.36836289422
306129.0279921614
306439.58954012947
515800.24011618498
574830.01802243397
678202.17602892558
752333.8866893471
809354.84844603087
841287.02308588929
920087.83139556227
993512.49767888163
892402.77650938975
655269.08338122058
589884.79258733266
705349.00248536863
755036.73156670539
729827.99686151452
710715.52605863858
691918.14862877363
642764.99205964606
695918.53656416573
688111.49316782074
684934.64250739745
719512.22363376978
753859.14267756278
937956.17694170563
264516.88108068099
247014.16145698426
241139.25689146918
246368.76595341822
247870.27354205438
254583.67228083048
313409.47412720387
312820.35795326601
485773.27051245817
528429.68571492867
703499.49116846931
740880.1765819029
790641.09092509933
819683.41559416486
868864.44988242979
947714.04436932597
947468.20462355122
841187.31823176914
606306.04846595332
564036.37493064324
685663.09666254616
686144.99502206838
690230.5661094503
656230.9007687259
664201.69425813819
634890.99324039416
685662.01631840144
673902.45576174476
658434.28316438128
672919.17429290805
705795.65719377552
911233.70724162122
269971.83091064839
257171.58563371387
253060.88382969078
251135.1871422448
255102.35475289146
258515.12116926105
310357.82453924062
315528.49362773541
439477.09057952167
461805.54329549725
743296.2092243816
730160.34065393615
773392.29949269735
801827.63793337962
843046.09639708558
897159.99097701791
958433.9575884298
913472.96249824844
824611.08011710865
563550.11846924853
535768.81348280062
642964.4557890615
612131.87222100026
642205.14024563122
607905.73276514467
622215.89339116111
611108.83405431709
698641.47412949253
657253.16951569205
640549.42157760437
641234.74626229843
671699.61745151656
907409.5000608085
265800.72128391289
259726.09949101845
255257.41146038324
260639.77588946267
263266.91959737125
265853.00442417513
312103.38985842437
312682.06071294012
417242.33596670924
414364.87731744378
820134.66936001868
770707.81312084512
778405.89639306883
781046.64225613303
805384.78690680105
851891.6253223574
907433.78075602185
921428.81458777131
930239.97770792933
531853.63231440599
516942.94302820612
602670.3305376299
579225.02435564296
591649.5228352088
562725.77924014151
570778.78264271596
582174.44434814795
563499.74210761406
618700.24050853273
617397.67527666001
615749.71365348122
647329.62272107741
853328.8719454119
264554.03872841678
265369.1143586965
273310.48594640894
281078.72948091826
274844.97058817133
271431.70140240208
333692.21123544517
326418.67435745522
401378.95416609134
386760.27193693561
883659.10349941603
800824.43878657382
763429.96250436537
776304.41796789109
898830.28400014981
894449.08547177981
872847.20094068337
925766.78796326148
918061.40835448098
737518.15337002999
501403.49863210262
504609.9910938362
582097.26623363234
563787.73045300948
570619.54054035083
545322.07042634347
543423.40096388734
571831.06963119924
563687.9613555657
607434.18828239816
597763.12061572482
581619.26863135211
651194.37103221007
812561.2577261629
281068.97429366002
276480.52985060361
294118.05550663144
301480.8466885222
287436.71216622478
278886.56023464049
377432.36641471938
369941.86119322048
389189.36295754084
371860.89591206342
851242.88631063746
766917.13566298399
776694.59573562804
901885.8301249817
867580.99185771565
846822.4004105645
865590.23750487599
899476.06313312519
887807.84722063888
822418.36087947292
741112.9127194722
477625.15578923083
501353.68107542873
554539.53987928934
543957.33150654391
560743.05946074706
551894.19242403517
544824.37415519415
571000.76840791188
566742.18838363944
642208.20062834956
601339.1997872988
588083.74876589014
746402.37219957134
800310.07800281327
291065.39076781971
286357.92172534333
312736.4665498744
321283.32323013467
312360.09852698637
300571.60809081758
433662.1980398536
423834.5719093603
409739.7981500309
377990.54777771246
778975.58835240512
770576.3649926153
870329.03799262317
845595.73656945443
817633.15881650208
803624.56687592471
816141.38181584212
858143.97034207056
901533.44412469317
828595.69339733315
856903.8971465684
818119.90446485067
448160.56146843429
476664.07869105227
525407.42493658338
523989.59521141439
546723.39421040867
562558.57688812434
555049.63109918532
574220.84268578247
570364.36463120021
536425.45854148816
574201.69333040447
636490.02908181434
730929.50918421219
726494.79747423087
298368.54519693821
310271.36534357967
348900.10403734399
352053.14800412912
350911.55518350168
339571.20316064794
492930.07383534272
478788.83067665575
469494.42017846776
429925.77261752315
662273.52422767901
666489.05864219088
716380.21856112883
740917.70192009537
755881.1641981178
754579.60969730443
755565.51737299911
750239.17672639783
779428.49051362288
772153.45915192517
782198.34723292245
791380.05110928265
426107.68919246207
450524.23260382004
519325.98458716064
524227.80288103427
539030.78850674396
565506.65638104768
559859.80380531435
572789.927522999
567541.222789063
540387.33614906843
565933.33746848733
617856.26523850055
658238.37659462134
664389.20059959369
308075.23751879245
483612.77656337165
532820.58266750106
392387.89156618004
396697.09328313556
390073.53636529157
545655.06344174396
535236.78558371472
547513.66396552615
533280.51355981384
563304.06968692469
582891.5784159156
623618.73997971835
652464.04373542685
681204.97232006548
702943.40301979205
715375.20083106414
742207.06447776197
800749.17684022174
823846.80153107538
760743.87622375903
752657.8280715415
414212.61175973539
440322.18630127591
517824.18341319659
520776.24917910731
530891.50303724979
565879.42391489411
562519.6216220177
569949.71415218397
557482.62603753689
534206.35016090679
566769.99407705443
590276.60520052712
610597.16072494211
616377.2595518023
364271.42093799298
537177.32598585833
584744.88662878273
442676.93656488007
456457.9846674389
463319.48898355477
599126.55191275082
598217.54160622519
602416.43128098221
645815.07429664652
515892.00045820151
546967.52022944018
577427.6839884175
593259.46484064567
647602.15095090971
695960.5336271401
811193.51309589669
819853.04165273532
823112.84611065185
815780.34631638008
746903.89556679677
650140.01410469518
406205.77798728365
434383.81558141229
508850.40454713482
518575.40839823498
536881.51113669609
563859.99138186674
564332.43579011469
565096.44482772134
556364.257171629
536348.3990144456
580725.91312032519
580156.60841315752
585020.88713670813
590544.96223512106
431617.71900557139
429963.29881030985
458449.66826384753
482992.80128850049
511371.0017199656
539295.04211933375
629658.95922250254
659869.59696086112
664546.0900478398
734868.69750264939
472962.34521871927
498110.61375062546
569855.94208024943
656083.46119383373
684548.996377556
714879.4329969181
743369.91911396803
737669.34908216586
749325.92155711516
803851.87283518584
816643.73745124624
605144.46288887307
408922.38384922349
440276.57847158628
500479.09521446517
516425.66848471586
543409.68950732076
552694.55755985808
563701.93081871036
561728.48268734314
557696.19512525212
537129.25007393979
505423.22706723714
560844.65213192033
568241.79091037507
581058.44693147892
471308.48096612544
503001.77217549761
531124.70038078434
557498.80558739777
613625.40725056047
675516.74529861868
688248.56287002424
787659.5242307802
462335.70427901862
575376.51137120544
751180.39510447299
763016.00498922495
695117.00116293319
679852.66982155759
681038.94334647572
691517.63994872628
737876.84562276641
774015.43431385863
855883.25486905349
768742.59396892868
411233.97199769138
436120.34770569112
494947.7812218265
509145.61103067093
533162.75720479642
564771.35293388739
556825.54990884312
553687.24630201794
554174.78765232861
536696.71640051983
506164.19998553093
556267.58875010442
558118.18503097736
579287.8339469285
556982.54053682426
691035.0195666455
724665.85539371346
808877.25454441784
794581.57209886832
792435.92934516165
737854.64556582167
722128.33769190952
742035.74409212777
746223.34944021818
832346.59469006909
896442.25072545244
412583.39340347779
436349.61965292989
509782.00130084855
512295.81693263492
528425.71036958799
565446.34767929825
546397.58131642756
542915.01729238534
544464.84762047743
529500.92896792525
498565.59046398493
547811.92037932109
549956.99409236095
577518.93856005312
469177.73188946804
549988.35946724692
593476.58258741256
739137.1284632507
803876.84907258628
810941.08848379937
687775.95628269564
698429.52222971781
701789.87691946211
739754.48699723464
801901.44754161988
875894.49411646952
409521.73163640278
437321.194935954
519304.75925592484
518169.2270812054
529155.85002342577
567098.83829027531
530821.1324452816
534744.2436874425
537536.6377470463
515491.57257605856
482737.85053909069
539865.34697816917
548212.62398369331
581667.02121945191
502623.43696590757
572619.52670390834
646883.02187909908
704280.16375901934
811693.44875788037
831476.82571099838
685290.42261324613
709675.09588606341
707050.9028835129
742202.16472475184
791187.33984642371
838064.52534257981
418686.39485843485
439794.46471309446
524304.60543873103
525740.02047177928
531091.04914276337
551777.86071441253
568960.85574101075
529888.35364611621
530663.89046874619
513414.12421608448
483573.98345014447
528457.64839058323
540883.16203951032
604895.00690437609
498630.06976969569
590533.32189540658
668546.32724179886
676627.52828251454
823639.1588514609
865204.02461449499
770563.35137589881
678207.08127660083
691162.33659698558
728371.03130748624
807526.86011269758
867443.34875123762
436165.76632383099
448092.34794190736
523331.4808947788
526713.44634900498
533118.75105612422
533274.09517942404
551517.94402001332
529586.97550388693
525265.22526794847
516987.58925783087
493070.80487822823
508267.29176066298
528034.58464639308
606083.56756921823
573941.0476233064
618410.82265182468
690855.31489976519
689235.16255655594
827209.88743446802
857365.00785828964
841362.78184834111
670485.38517715188
687242.83294961648
734472.34688932984
811127.31768914906
888098.55816749041
452286.40891784418
460354.82229821739
527869.69784802943
533527.94907641911
536358.2011699935
528777.29165096278
545330.2369415008
533520.07509535772
524222.51184339367
518612.21012358979
497714.36822067533
491493.37776252214
508536.65745207248
560771.30603417847
582196.69423505652
630080.70925607381
701500.04587881989
692376.15430417378
804095.91860520525
798950.57412035216
822508.13816469128
705596.93548523716
709369.9518249057
754250.01557286561
811175.69454604341
911292.93788952858
461513.37361366506
466359.91389189113
523481.88378579402
537594.98152992234
541909.0678205929
532913.04442486982
547131.90910058178
533064.69980986684
519215.18299746863
516769.43569408689
500746.70683312707
474225.60924105346
484854.44355291047
527010.58234058809
583316.9687009207
637736.44310134102
687393.44334636466
684198.91679320531
790552.10131257377
760725.61733832443
763061.74292240024
725422.59044595982
720568.19122515514
769326.38149638928
822433.96813339135
964829.82015370578
468264.73458223429
489195.69063125487
523403.60489164619
539838.16723637364
549299.11205374438
545247.19673665264
545872.83283722564
577369.6185157221
525479.93331518327
515870.96745949227
499362.12298871821
451438.21001369983
462394.03075178573
493426.65712510288
559723.14761799446
631743.97185942484
669593.25279574876
655049.45904000942
813261.20525687432
760713.26139008335
748648.80423945538
727713.58253362705
719114.00891648873
755613.55178853206
806091.30219067051
995264.1516702933
473557.40899560932
530183.90845236857
532540.34556900116
546223.81224859843
560732.04147065082
561141.21120550053
545019.69621775812
565950.42822913826
535440.06611438503
533138.73169168271
496030.67387648841
414278.36600562499
435932.28272304789
460334.08220975043
527256.00595725747
622352.79664671922
634532.58945955092
609309.14199152763
845156.93682226643
787694.08577421738
749059.7773823177
721729.03914140654
690581.57711322
692475.1947253237
742382.59137643257
921828.0279687834
412198.47123336175
476942.32158761274
492074.86880202824
560887.68122121319
579188.88687386981
579861.5199754315
563903.56672535546
561832.76471281308
522680.73439127894
568389.79689229757
514082.41203456762
312213.6972076802
388668.34906079882
378814.49170327256
571773.88678234932
648937.090799622
624494.40882461146
588922.98038053839
879020.24183277052
807133.30199168611
816541.95494799293
778669.17946047313
644170.61142558779
578143.40288860595
595335.97389317793
662332.56978394592
592114.04774463165
616478.36340948683
636801.27666760306
673073.9903893884
674833.50947440369
664098.14748612128
638301.77034259471
611651.27018779202
603142.18866611936
633978.34434004244
599963.3925408544
524760.90424532292
461945.11375930934
488673.96932519646
510344.45147404738
638449.29694823129
652006.67395846231
667848.26803610288
925808.93912073609
858872.09889156721
897159.14016015711
870519.79489533289
714576.09916627302
622618.22839830047
661541.85801767814
743970.96831630438
525218.10282666178
562555.91575520148
598389.85473775293
692541.60355423752
703169.89897929505
696643.510456605
673600.22400184465
634068.05677456537
614813.38923206402
628554.91519920714
573629.58591976122
402581.86726530886
397968.57884686626
393504.72116843879
605000.7094405978
608289.25610908959
615707.61207522533
785123.10687602102
836684.34986885136
800118.94581804273
801818.65923757595
668336.68875648663
631547.63864594977
592189.13797878474
605211.61802461953
578982.4736292382
596855.8791645848
572411.86133048357
640259.56976401387
718156.29870006291
733380.80740774947
725727.35397059505
703561.49432282476
660602.70157315873
611175.47219118045
575078.5020511261
528740.94957070809
376157.06902228808
371060.1526038131
341998.27409230202
654649.18181928713
603436.61123041261
605741.05303032382
793537.76470177621
764723.31304904772
742246.42957036581
738924.37700862344
550037.88883710699
533539.97658176615
547811.00645620492
546250.53038805246
501114.75061501999
690472.7588380021
655772.0628240552
725773.07774423168
726095.51828980318
756763.36573206855
748820.46215893421
730937.16063530382
681595.42449256999
609771.83542444219
559477.62628523516
517375.67835285247
396687.17023123696
366178.55319512909
325861.71267606976
560359.41101424897
571513.43812883075
617545.47134032031
746298.0990530774
700610.346375547
690710.67735625512
652529.35212604946
469345.59014559031
465483.98577524652
499379.01178701594
507694.60938885558
471034.90897888545
761948.49562845484
734767.40308326902
764940.10414934799
700080.1490972375
758791.38589951466
763291.18205348693
742583.55159623653
691682.27718022827
623044.18894236756
576508.14044530911
536391.08269922086
436745.90072611527
385633.60524486128
343427.13567996531
422843.08217256085
547099.846893318
677140.67270740226
687065.55151802558
649216.64050298766
642172.99897293397
550537.58017487684
454682.56208057108
446290.06203755946
470221.19924284017
497508.1764059079
465222.2479675989
809889.41198329721
745612.99386600999
765726.15396336711
756979.73492570349
748115.61077137617
767913.36502422288
746031.77451733942
704148.79905400658
639205.86762160563
594255.03814442584
560901.46108155302
474829.6421108942
444383.19358686218
412327.95667004294
325279.85811724904
574164.64565861225
631091.74106872454
621260.11868880526
613484.81609368685
563890.52135518612
496106.71791355166
472427.26371049811
462567.01917506621
481896.34384171164
424337.96761342534
378836.45798875618
870741.16275169246
763822.73625572666
757805.1658584649
717301.99724690896
746748.81138953101
768239.63799299195
757821.65762835811
712889.38826276711
647791.42278994597
611243.0607332862
575465.49352186616
495123.91538510978
490499.15898096137
490457.14489245281
336183.02755040553
494420.39268063061
546708.49874027935
568296.86850669666
520538.56163375097
509388.6422215323
494648.56069590768
486115.1826533826
485115.91618811031
506277.74300685182
438538.2902287505
390164.14559483755
940433.61887550715
816776.23655593023
775928.10037534114
686333.79082905746
757153.08482390468
761826.28742538462
750950.67030784616
710997.39006940078
663807.00357930956
614136.24078886956
571398.23586263019
498426.65646079154
499563.55563935544
502067.09199572564
390105.58789823583
447627.67821702652
500559.71100482641
478150.78810061608
471971.48016174394
483209.31311820151
493586.42756417755
498287.35563012864
511900.0009580683
532034.01904725982
552160.52467875078
550504.91240716353
842974.14687585528
800742.80172764754
675144.44575320079
777031.34796765575
762218.30602026335
746037.88048490963
709309.9502825219
670387.23059661698
620294.57584633341
579843.35438588879
491395.52126953966
486534.34515191364
455707.59498194052
357201.6381236809
384421.06327355257
437509.48802241235
442876.05670957814
453867.51078672428
466249.18578994245
481330.30967442016
496223.26570404141
513991.09649336099
539121.28020784131
566250.52644302766
604239.03735680133
876836.46215356071
812410.06216737733
670239.7557787199
788226.7556557511
755841.23488540424
742663.25357007736
712495.8570083048
672970.74721864157
631897.55557151919
597583.25039221812
484959.69381286955
339765.75025873206
359213.20587552746
417200.6044012683
419146.95729850314
428706.54084572848
439678.87072374043
453750.01799295156
478512.64686524059
504247.56163782405
533711.77454624895
573224.89062437555
632502.50881577353
794289.10508861649
699465.90930178214
796681.56291987095
746506.3079574944
740725.29036820657
723216.89409890352
689646.63301545137
643868.63835688552
614195.05224231153
354152.87590078509
359809.22511758457
376982.8542833855
385672.17944568448
398898.46620961506
410958.8904157186
429196.92855913221
457905.87734752218
488987.92893877381
522792.49907809822
565742.1433905944
612610.19054169278
796557.3951366999
801429.41593947122
769202.60952259228
747593.06992713595
729799.1164552609
708543.1328458857
662985.69535005325
620027.49618751893
339441.98749780789
329482.41018506157
312282.11246536765
334741.19910191809
352235.71981599717
361793.57639708644
382079.60558756441
414759.16191993392
452863.45167486672
492146.53946630267
528370.41147393268
558144.82803115284
839359.4217088843
824074.03076922591
769027.26407427213
731703.26133164973
702909.82408100727
660254.26083708298
613665.95086293726
302305.3622188943
294130.71375535271
270420.74216919072
291638.71552610595
300610.69498766458
303431.80076290487
321669.30013137218
354943.86552316486
395714.99126302579
437438.30169771437
470511.83419320587
489459.80718695658
806308.69392819272
902328.7499158557
830259.25537786691
734067.69635189872
684693.95704837085
656347.81242260721
617994.80821280519
273232.38785810024
272538.77608213492
282228.48117438209
272277.14556703495
262995.19435549236
268227.8221724389
289366.82215255493
323638.50699866127
365054.13236205379
394701.22143912769
397313.66391398222
785143.24409660662
726282.40379821591
670478.05279972672
655284.32635646267
622270.89860979642
223105.61330692971
233714.94745005594
272657.63191645971
257420.54752022834
224372.93090512796
198925.25650182899
194843.49442749613
203807.29231775456
232233.32143373034
275098.53468683298
291337.43131753447
727512.74735404726
722531.92317466834
652987.99589586514
647069.23350818048
627253.56751154282
244197.19588236904
254143.98758866126
208230.625478573
152131.43149964249
120500.78042640476
104713.00536103899
112173.63221549001
163142.61845932901
204808.89040515892
652174.6233946404
642255.00970320101
620404.16064709018
622906.39646373212
240889.93784922824
252135.23066271926
219498.03523474155
175656.83562467535
140528.2708351443
130967.65622547356
155703.35260423901
177304.4754997025
527144.58571144892
619268.85505310353
635027.58531972917
258966.6018559096
283285.28610968508
262897.38818755309
242219.29651542558
233125.34849707823
222987.95810587544
205440.19194854971
515346.38064073044
679356.94059817481
653998.88793017995
255629.52151241765
256009.67452147533
287266.9635787009
310124.1713237472
293756.82430918101
265466.9304588738
823363.37928233901
715769.27606268472
243150.56100137517
361459.80571310699
345425.35852033825
313834.56109923316
785669.63236063044
752714.1416180447
768498.21745980624
599583.82528441725
583897.40344498248
573616.92182283185
8395469.6099082958
7645848.88619434
8399861.2897812296
6741933.8912405465
6393883.3355618101
6252930.4268297227
6243086.2419104194
6080027.37952895
5527770.797222144
5142325.3873115536
5018648.5328892004
5052614.5403945344
5133448.9268619344
5002636.6027450813
5970294.8536619041
5589194.0192474062
5663514.6049076319
5844109.0401331242
6213054.8773751762
6290843.3073447729
5860120.9342149552
5714738.8935962059
6489798.848687035
5500476.1191068059
7702456.9592868015
8273469.5740587236
7702688.8991783271
6934076.3382732132
6799776.2599577298
6665505.7690010974
6503591.8395358082
6394001.0297712162
5179950.6565604806
4917398.1356721986
4754998.2315271227
4808220.614050935
4874645.8527461942
4905372.9905474512
5548659.1335054729
5540868.6447224068
5672343.7022855198
5844660.1083027953
5785386.9089847943
5675045.4699748158
5536888.8816656359
5394037.8542674435
6820132.1578554977
8123566.5245001996
7187034.359553772
7046739.45366053
5915536.0048803389
6267790.9426166331
6493701.1406960003
6535719.135939125
6591045.184773731
6584393.7893614611
5488141.6667088401
5547694.6884970628
5540490.7789876573
5616633.4626201866
5512259.0674415017
5342274.632188702
6106930.3990117339
6149559.64123399
6189504.6130834278
6269558.7188289827
6366945.7995184623
6417552.3548322096
6363675.7559435302
6684703.6093720235
8478603.1090678815
5901195.658350016
7742602.0197327537
7419236.9635678697
5902802.2868740736
6105764.9738948857
6203121.4224231904
6211131.1134901438
6266054.5565902302
6233541.0559941716
5764440.8932831148
5681496.7422419647
5497070.8106469093
5449224.2942089355
5375419.6058770204
5270221.1887986567
5965955.2666781023
5999962.9622619171
5987630.2472038986
5974755.9249630244
5891634.5749468589
5747123.7059651781
5353622.1897119917
4881666.7512069754
7549890.8981381441
7397623.2525441013
8587816.737278983
7829979.8852823051
5960588.0685499031
5980313.624206054
6008515.2506201481
6011180.0078026513
6048992.7148980275
6063549.0747148143
5645015.0292851422
5870101.9583845744
5636870.4181213723
5463923.9615086699
5352372.5519422814
5234272.5221335599
5821986.3344568796
5845858.9093100028
5851820.34944514
5789918.2454999527
5663332.9820010783
5508047.6073481077
5173010.5231435047
4821140.299789099
7543322.0159443403
7252161.2736800127
8929447.5599013343
7925091.6933757123
5811791.9735623272
5851310.0544085437
5877145.7255383506
5874532.6578652179
5859306.630763866
5936046.3046682179
5963885.4898341009
5909215.9554273775
5675779.0353771849
5532512.4644424077
5393069.9105728613
5267454.5143376663
5688435.8631738052
5626162.0739342961
5638108.3310911544
5548125.4563312661
5425592.0155937411
5352007.7230650773
5251770.4002910554
5242673.6352646602
6703853.7598227048
6888009.0119007174
8767786.7418299057
7842712.331711146
5644585.0798992226
5744739.6807063455
5817224.5317878211
5798853.195414451
5756523.2002797062
5449738.1925741807
5417210.4395836173
5598213.6178488936
5521042.8693145765
5434606.4268001663
5346175.381069351
5285052.1358448267
5603041.0352841327
5542210.3174534105
5477464.2467410369
5373008.8048800351
5250883.5276773283
5191797.4845313774
5234326.9159147935
5661385.530934466
5806050.6032072948
6376657.5775711518
8108463.238038063
7453957.8542869287
5545305.9710196024
5686235.4961206792
5771511.9419182856
5789557.4686163953
5847520.1086645219
5021393.2972583147
5284919.4645597227
5362447.9828346903
5375382.2001400068
5306605.8851580741
5283907.2417985825
5240191.6746868948
5400330.9723679516
5379006.4100331506
5325717.6954898117
5237432.4538619779
5096069.1431209557
4983335.1435328871
4963740.3672716701
5388817.7991471924
5277270.49520161
6182507.9452058394
6938470.5829688469
7267199.4307955066
5550650.9058098067
5658667.7744939877
5718765.5590950754
5794227.0035162522
5854983.5696341246
4933983.2457507951
5124646.0685020583
5235965.1901156027
5286206.9182125833
5277240.7093963353
5277060.5007065758
5242524.1163434563
5267258.6622600779
5173098.608836147
5125554.4261189532
5032632.9525903212
4895369.6808487214
4764693.4995397627
4672921.7428200962
4831932.4224838382
5374709.7872381536
6194008.1801537983
5400154.9376203837
7073525.1721329493
5433488.1270552715
5629774.8803293016
5670897.1773316916
5797600.0194340385
6078792.3767568879
5063008.4701337647
5050297.8619942367
5241986.1345855324
5296421.1105044391
5312253.8064391958
5297244.3785536895
5224229.4349914882
5075029.5686048809
4953225.9311599536
4967568.9286604803
4837099.2203837065
4705591.9808068359
4575753.1790819624
4425546.5845503472
4374862.3744466528
5569540.1819481691
6270322.0472575724
5542131.1637787176
7460504.1378659448
6245471.3823326686
5864082.170279271
5745095.9707836108
5852426.1302948138
6597879.1433326798
5010671.9449712401
5519395.2377602467
5500100.7514704373
5445461.4806146054
5415328.7366478946
5407862.5598515281
5308482.1602560217
5122729.3166403892
5050134.2225517537
5064955.8248123787
4809537.7387979357
4556309.4002268659
4330059.3278666092
4128828.8256918155
3958818.762219979
5699455.2038033661
6030801.2292891126
5140741.7116864519
6691821.8865477089
6188987.8917301884
5820026.7280205777
5635000.027847968
5496675.7958990699
6607470.0798651809
4219475.491020388
4662848.911539265
4831869.9664481785
5001838.8600247093
5148016.1685154708
5260680.1455849232
5178666.0323029459
4914984.1000246275
4846357.5323660411
4800004.7189081507
4624667.2057914408
4384717.6705174726
4080454.2184108347
3822369.1148339733
3605971.8347841832
5744361.3505196348
5665500.4391485378
4657695.5411105584
5588633.5965360459
5040099.0551374136
5178032.486814063
5175655.9374913685
5132110.0937724095
6594905.884421384
4646563.3603913654
4667256.8560211947
4801742.1983254552
4986925.2653233167
5119819.6913626324
5103075.0115272533
5031535.9049929716
4635518.8014106788
4547630.5015040869
4497838.287951313
4404259.6207757937
4178040.8599004485
3876002.546092249
3602857.0019439557
3387614.6383397663
5723200.8070352254
5437102.137842969
4536624.6594116818
5202268.3962886231
4883709.829483836
4987142.1926806113
5002247.4047250906
5037537.2342651989
6002085.223003231
4830428.93440961
4701620.6975918328
4742010.0384420957
4930212.223963256
5027360.421148384
4945546.0786687285
4872334.0579388421
4243963.9435424311
4156189.9613857241
4133708.0690772608
4275691.4241467416
4015625.7382200281
3673992.3352205348
3446681.2918828367
3252969.3890097956
5517078.7648950582
5128508.2433949765
4597687.4369570799
4934076.7816578299
4974957.9329343643
4992702.0017908895
4981782.5499349684
5004998.3825885728
5384290.9351885607
4978728.9995329808
4769952.9707935983
4735627.7354845377
4867696.7758876663
4963403.0337692657
4878155.4557124302
4746511.4249805193
3811309.0683436426
3669353.1273348425
3963931.1368629881
4317166.9871662296
4152213.5406410089
3468860.4989554775
3270378.7266784762
3170733.7886248035
5230198.2356272358
4834535.909815466
5064744.7896751324
5114646.0127594881
5196557.0554010198
5153576.0963323163
4960910.852306434
4934410.7286478132
4900602.5865779063
4779731.0700279865
4726281.6983879413
4717716.5436329953
4840378.9772511721
4960329.3840009421
4934988.5897996677
4619370.1331711784
3540373.1029443047
3422171.4505474921
4166657.7494695415
4475175.1017292198
4212287.1267513344
3180823.6973041706
3097155.5737295756
3041008.6061193226
4958469.1420286242
4701344.8321350468
5184109.1522237593
5249710.9936510101
5408919.7839423707
5767692.1978700347
5068739.3426181199
4839220.897629858
4698060.7759373812
4618181.1992860213
4649878.2518049376
4691726.6918858886
4755406.037202944
4910840.3844228303
4791517.9239685666
4590673.2083742414
3360886.6190488716
3295418.2824603482
4309946.4379633795
4372017.0958614442
4271242.5665893182
3211907.6892364384
3071597.0429453161
2961083.1992290751
4838797.9035864044
4690813.5421556914
5249588.1066241078
5317221.388333383
5725337.668191527
6505436.5759925647
4733970.8681004597
4525812.620130254
4442252.0068175299
4474937.9117036443
4578286.8535555862
4665443.8314392297
4667513.9485709416
4762481.0638543917
4682066.5835204227
4656490.595509503
3266748.5939179505
3206648.9781344999
4295731.4631059989
4243632.859996452
4193906.9032949181
3448590.3464793391
2877254.3925714437
2748406.9101621467
4538037.6183389602
4414151.7657700321
5367546.055808574
5470470.9089759793
5879470.4974401202
6451331.7211159375
4151889.094483458
4199316.325371881
4255077.790386484
4354968.8796425341
4483510.7745765001
4543899.7657244233
4523878.6753880726
4580925.1028562216
4645563.5463006152
4595357.1411910346
3188166.9014667012
3139226.6040831055
4259629.4467424043
4082156.5203153063
3984814.3666933901
3674663.9876588965
2523119.3542617634
2427164.9796928219
3641857.1283063795
3537815.8647874319
5476763.356062091
5506126.021740634
5938966.189927076
6026876.8545370419
3817491.0617302447
4202964.5006142966
4276011.5259215869
4360004.5952397296
4415262.0400330415
4426352.2912508417
4390412.8511767769
4420140.1569762472
4513126.4581188709
4542789.1975297304
3226412.3593094386
3268067.6389739309
4220733.409470316
3903729.7357035987
3747917.9056251575
3622570.721580775
2327411.3692386448
2248247.8694771095
2292928.5948736528
2229898.9445635374
5478937.2280218396
5535290.3435693588
6167432.757285947
5823670.0764669254
4051371.907799968
4567402.6445973655
4418837.2116755554
4434022.3793898849
4481187.1677159797
4441755.1838315465
4349165.3249392677
4306084.5706224423
4390441.2464045919
4473003.1390275015
3327613.0961815976
3415239.0420799768
3831405.5641665687
3604571.728402386
3528788.624042091
3503906.6591084031
2128305.9878366669
2088946.7882830722
1286688.838004228
1255460.2716695077
5533918.6385357743
5623256.2557084979
6659733.9651275389
5519009.5692117373
3854207.9548197552
4490839.0319176028
4466155.2250383869
4461888.6131764613
4516518.8575540213
4508104.0731676714
4406648.9674776709
4314415.1761833178
4369366.3824167587
4448420.454490656
3348252.7240674086
3357199.4672673037
3415926.3027005089
3376677.6619039918
3355569.9233464599
3335001.2760946313
1954900.879039116
1947294.5047959434
972142.77112294303
983528.90890816483
5654844.921241805
5744050.4829628384
6782163.8262849851
4102151.3031403916
3924085.4230606174
4455898.2543998025
4503714.3135587554
4496642.1400529742
4483615.2275186135
4498437.4383069491
4453215.2199488739
4391485.2026063735
4392477.4239815241
4438050.8785018865
3270816.6702397927
3210334.3106291895
3187625.9686721526
3179614.5139073795
3189301.5643509193
3136924.9125610688
1878322.9072508048
1867671.3772680962
948268.34258041158
975867.17437727377
5658173.9213645244
5772109.805026128
6743474.8009398123
4007486.0299781426
4212551.2162186401
4422961.1821849821
4457324.4781594668
4477620.1043426646
4464010.8924892461
4432149.682909104
4423056.557426393
4410912.9265235597
4379109.4684916558
4388081.8932295423
3142414.1633880869
3055365.534289578
2993146.5701831006
2985857.9291972006
3013145.0687186262
2961978.373528664
1869390.7846041378
1805654.2720597114
936583.99475773203
971749.04239634774
5603465.6071016844
5725124.2452204693
6796497.0188092887
4007358.2431528084
4179117.1700577191
4297047.7312596478
4348654.9172237683
4411251.3997268947
4420560.9673931682
4365177.6583680306
4358007.7365892176
4349971.6778313788
4315084.7069152212
4333937.068138144
3036722.994592858
2952031.7410024181
2835109.8893226297
2754338.9383873567
2899130.1087250002
2875174.7564402227
1883330.6763786604
1809352.1135493731
918996.04174038209
929346.60685599991
5613086.8160682414
5546058.2510793423
6809421.3387586577
3931988.5671474352
4140173.3470752691
4227962.7838348094
4300580.2167611849
4338221.2480972214
4301389.2521514343
4198103.5874566287
4200591.4470840665
4242250.5031614276
4250969.1294899173
4294689.8380905865
2979440.7477022377
2869596.603922036
2732693.9751113681
2592693.921345585
2566266.2710935189
2375786.6318275891
1951981.5618765398
1955162.4595283943
872973.5033502091
873308.54653932841
5569066.5928804865
5361651.0802590707
5345385.325042909
3851395.7635901105
4134474.3204635843
4296167.9608553099
4346858.6096002543
4349781.3812829359
4268603.3449454643
4097550.7839098196
4001783.7693898906
4079011.7104639309
4141184.3390884358
4149160.2263251957
2874711.9852605416
2802918.1460441225
2712540.2973804534
2644201.1256775432
2416400.5219757031
2455261.6363688349
2280903.8275638362
2228064.2863322655
812170.41938987747
804421.50252549793
5343513.2945971377
5243784.3775344165
4720450.8235636568
4298389.9557078369
4342514.8455977561
4425925.6573738856
4407241.2145390818
4414028.6738412632
4328606.5437265569
4163780.9921391811
3998055.9253851124
3923444.4855567878
3967831.4675625395
3925042.432130293
2702263.3019644781
2699831.5354823405
2648004.0377557576
2656041.8194335634
2498911.3667524029
2467819.7937813709
2396587.012505834
2358808.1417041025
781619.8805626391
785528.64578703255
5151006.112689482
5208374.0203626174
4433997.5855212361
4443655.5453495728
4515446.3738197982
4489698.6473602504
4401610.4681257391
4392616.3624132881
4343010.4192685243
4242599.5798573531
4110338.1111158892
3869934.7632204043
3898157.0627752068
3818665.6497568758
2608120.2993961852
2640477.7389405021
2658902.3514204454
2606145.4726947979
2631911.3182592276
2495412.5039708805
2352745.9068756262
2299603.370544727
793168.70624569792
808120.27422963281
4974728.2976269275
5117007.0668902295
4182197.6833229694
4556343.9223110629
4564497.0094772829
4479523.7322285408
4387501.6454696152
4335514.4145370005
4260548.5025548004
4247159.545168709
3995528.1991675044
3966077.7879976463
3927046.4136262084
3814083.3031295026
2552159.9307468785
2604249.4037521901
2609497.6292523197
2602149.9167813165
2556789.9732242534
2536194.2606604169
2151355.5356364488
1985119.9938949961
828514.70515683747
837461.1473489292
4972104.8966391953
5136157.9954689322
4138563.8819814823
4231529.9526510183
4528872.4681481477
4384667.1898398707
4342515.0420446852
4312174.4994543223
4122625.1488556513
4069032.1895834175
3911418.661098124
3909187.6682495717
3864547.4092718898
3701868.1029672325
2373089.6531140781
2400135.095823721
2461495.9959521531
2468206.8991701812
2481263.6716362392
2534520.538986716
1742555.4267796578
1582785.9638049626
876966.87634217762
882309.126810099
4829312.0750326253
4787579.5395395616
3966037.9096740335
4199858.7600639174
4070076.7829228337
4192489.8113745423
4241821.9681077143
4326581.5483012404
3992272.2834686814
3930332.132173236
3845068.5435140496
3816731.9515134441
3771764.0907175094
3614204.7909541144
2209260.4833923103
2177134.4674803033
2242236.6230194829
2330623.6280491492
2409523.617929427
2475069.0692737461
1545250.9957014481
1444519.7834441685
937383.45163737575
935786.09226585866
4751982.3637475921
4818840.255964743
4859360.2634181473
4015329.9938237928
3737161.8054674771
4024319.5118708634
4084873.162709007
4265754.1187154893
3891035.4352449272
3795608.0886273766
3833192.5863821632
3689134.7802052414
3633083.106923575
3555575.1629848634
2120400.8113678019
2072656.6870158243
2102341.825673773
2188658.327544752
2277180.7313443599
2307929.2914249897
1517156.7457530508
1458416.1189431429
955059.72007284802
988095.07335570036
4872771.4280357566
5134844.8407604257
5043869.1847213097
3700089.7055660142
3676179.2305145804
3809602.7738328883
3942761.306823839
4090959.9449593555
3888853.1164214751
3604772.0163452663
3619317.8746237112
3485101.2771719703
3402332.1323174615
3417990.489555893
1967604.8443982713
1928185.082907605
1931168.0429214966
1987103.9293858353
2055852.7437545327
2087007.047978323
1363879.6938386015
1342989.4092829626
931667.17823427683
1024764.5635083335
4936292.5495537873
5112385.29390899
4824536.669199585
3992147.3404553514
3618837.7054996672
3788667.3223490831
3760430.8623016411
3862510.4007549779
3736533.4587056413
3565376.7914633052
3340285.3889505984
3260478.399946793
3172307.2114522834
3152996.7892249031
1736667.8480395349
1722804.858093339
1703858.2300432359
1729270.0657465025
1777390.9612167273
1825730.5939945746
914445.17909567023
893234.02639019233
924709.48360978172
1030882.0612891334
4942810.5746856285
4849936.2959458353
4735388.4285912467
4210177.8512907354
3859022.1174928234
3627660.3565502488
3747534.8785032728
3647005.4451331254
3525402.880310738
3500955.169524279
3175894.7073484338
3049252.3471949366
3056552.2164934007
2981268.1896744166
1572132.8700832431
1504238.6881543626
1436961.9813596073
1435132.0904233141
1482404.4922470017
1558197.0828779582
435062.14135460369
417270.22063060745
925285.02393093402
1051404.4222410121
5070024.0930702146
4766977.9014589852
4874616.5030214377
4261266.1459537214
3925095.3169881348
3617626.3967051995
3517029.4419979285
3543280.5235008486
3457020.5732179079
3379357.9208740201
3211429.7256329544
2828618.8642819985
2988505.5273864735
2825064.7371872957
1351219.2518935069
1261193.8077853711
1182765.0570839231
1152395.0077588863
1200000.6487383216
1296290.638713887
236277.26847121614
227057.45318303077
889545.26748432033
1052457.7148525403
5263482.2680301266
4815178.8348515006
5091370.8221873268
4361086.7766165156
3875779.1094374624
3606678.7048100987
3335163.4128977098
3316715.9343526415
3345982.5617332575
3193455.9118229486
3025163.5743534933
2666201.4423983023
2835516.8546791249
2735043.6913197227
1089263.4431055172
1011544.7498220714
934942.09318864148
911670.7021832983
958552.8552956013
1042152.3908881737
204029.0966253459
197037.65114376179
647965.7762290031
737408.15695582447
5399997.1631720886
4926401.9174153879
5566733.8560886206
4736471.1751714041
3564996.1486650617
3462908.560555744
3250737.8980796877
2977086.0479803528
2996137.646346496
3029398.3487880356
2849126.9963800861
2630943.0269480348
2656548.2435226315
2802136.9846968395
898421.35425228137
814757.49995915522
732747.85748679761
712074.87710885017
730407.46511302411
817266.26844775595
181722.35210558996
195799.46469692988
354090.18524223554
369815.86644414673
5345783.0437925085
4850541.0983674387
5908480.2128646821
5218931.4109551776
3315979.306963135
3269770.3920619651
3069174.102521664
2764242.44668771
2648345.1277152798
2883399.5605068565
2758585.9272087957
2629813.1466017743
2542801.6740379557
2948440.0124980672
839885.42709455721
808671.83969350497
762805.85682662227
607344.40249680798
614689.31319490331
692105.48955524189
108971.57895352034
110026.27306317852
411272.27024403145
703760.31805298151
444612.02143862389
5132721.3236755813
4721485.0205053333
5799131.4358377205
5312024.7540390966
3290389.2128007542
3124986.5225512679
2863011.8614142081
2672101.7662510583
2465866.6513915826
2513842.9651466007
2627750.3717456697
2711337.7081906479
2545367.9492196483
2734167.6983197364
826848.76926565752
777952.86398071924
733491.12606315734
521094.37235785194
582040.49474642205
647288.1895344035
56049.1091514418
69929.943813018515
837058.14939139667
1774616.609287255
943802.71676780935
5068958.6038853759
4624224.5065729758
5611992.3900931645
5272293.6323639741
3204294.2938306849
3026757.1726029362
2825253.4902367289
2735443.2116822577
2511641.6948386384
2269498.3682914502
2220948.9451715699
2618742.0764118955
2462901.2167804982
2198502.0431729415
721962.68053205276
687708.61006248754
633846.74801520386
489797.1094149783
544858.88677310513
575396.82128857647
191347.35289664683
200629.12983714315
1033056.5421155879
2620868.8427125732
1820577.2970833706
1344598.6612442171
5171003.4755880013
4437522.7050765781
5584555.3094143514
5336129.7708570026
3295085.6783672078
3034124.8199805012
2872478.7232814562
2701973.9713157094
2436510.0107329679
2101580.9802832748
1900951.5129167826
2169072.1253091726
2031797.8392333095
1704033.1043137773
491570.54697132792
491359.5375705703
430185.73080353311
422716.76389197825
436712.05219473754
408138.46479736781
297819.31142147124
245876.83807634059
747870.09525382088
1624187.6325399172
1521882.1877770654
674223.83803812834
182843.56904435658
5255892.1544486703
4084325.8736212589
5126190.0246261815
5122690.1704364745
3898532.3251447207
3073314.1756780092
2795636.2602689848
2582064.2383043598
2309580.5503093731
1945970.3721142323
1639392.625659507
1596965.5845257235
1348919.2547449935
1168714.0615238941
265398.2258475952
261659.52272200168
214761.52759242422
143414.39424865154
264851.91598236037
228912.94782448938
199269.7133798908
183018.14637386496
384059.42750323837
390758.16278619692
365907.40831647458
153671.94210320152
6616.2424041177128
1842.3728959437308
5173465.0990392976
4449329.1460349448
4867723.0672868323
4706268.5223762253
3845543.283699831
3362166.4768331773
2638599.4182175756
2384429.5873613409
2060864.335309474
1715963.3909864146
1386278.9085284958
1194334.8222608692
962253.89622288116
854582.86041699443
84703.202604144768
76903.864903868191
72384.340862956436
60572.621551303127
102319.41885811275
87212.513585153531
84104.087522093541
132984.80626363511
221662.03099298663
145287.58973037516
66535.972108859685
5088832.1875066552
4328882.3601723574
4236737.9825243047
4591148.9360756911
3740300.2936689551
3316881.9405351221
2541946.0807632566
2150376.7247463474
1826174.1995084798
1476059.5984636641
1096206.2714658021
940703.14317927137
926939.25689214061
908557.68501728994
9626.171590661741
5955.9318851680109
14145.919266215769
22009.145763672805
22750.799691310407
14626.173340895384
18961.072708864453
69442.794915761813
132026.12143755102
123487.88497292981
4945739.2291653184
4189146.4538837695
4376100.1138525307
4487906.229547278
3672814.1741541061
3194466.1686767484
2886796.935403611
1852487.7430348343
1634164.8055508807
1249871.2189497463
828001.76394758176
686922.95852462028
765064.27162231819
669381.08058867266
243.73383162626081
2332.6726564934347
1812.1562732478319
2318.4923150492236
14444.785786682203
33341.983995680865
58262.850822036649
4652335.4805610515
3967187.8102602758
4153940.719150695
4209315.0283259032
3584490.8440472195
3073328.4229790578
2729411.2354496871
1623395.6465194956
1431352.1501137535
1020641.331795321
579729.60665204248
421316.59983361245
507298.69555807015
313798.1732957518
683.69811255425702
577.38975215666358
7723.3865597202521
4291676.3042235672
3721672.4411937883
4069533.067902551
3928988.3906754688
3475617.248631103
2964691.7615006962
2558904.2581316028
1493193.922948367
1189005.3821781622
801786.68959605368
348675.1441563954
182826.55603374666
270333.60907206987
169170.13248574419
3973821.2562946174
3481016.9854949932
4038161.8553503086
3589811.1742879427
3350011.0825841916
2868795.2034343672
2355948.7447402515
1932906.523684097
883272.39432542713
596800.98934140126
180710.11826871929
54091.890230445351
118607.83923516161
79846.427193490992
3697094.7405338059
3363599.9951583701
3962576.6292678029
3235587.045940897
3258850.2809312018
2817698.4345993241
2274160.5784195024
1867312.9368291951
666644.65542987408
413846.9433605104
83632.784668473148
24696.207963856956
53906.528143087089
36378.899004073464
3418447.0566854277
3191455.8704715115
3691822.1541639571
3408498.3308687913
3175411.1756735486
2780285.1968605546
2223375.1038867454
1744483.8785552145
519702.96930666413
227950.04420525825
22337.52320024672
12015.648836986849
26051.11885720574
18421.190815056263
3168646.7126252726
3033949.5571953449
3401492.8205158962
3176918.802722509
2991396.1734589012
2667320.620711342
2097691.2095669373
1491561.3307241071
1097024.8082520748
62278.160725271387
694.21829106168389
5773.6022031567209
13108.67259256032
6136.8450433944608
2902024.4963752045
2888465.2829988017
3210185.2186628715
3021496.6886287555
2770828.7096507754
2494254.1278897282
1936729.2393885406
1308474.7622574624
947817.25212900981
168.33532896458468
498.26868302790535
3244.0153679423206
7792.5026268072816
2642727.5967796296
2751847.1043261625
2945931.0301197041
2803465.8619584218
2514162.9250179054
2287607.8985923114
1757146.3704963285
1172798.1397483083
791447.14113148872
511.82113348269206
1466.1877657058988
2380209.9654881191
2502834.4123110585
2656353.6594909402
2528183.6509611146
2242998.6081068106
2050180.7411512842
1575099.5661528471
1020213.5058936586
592216.33787562384
378387.93996859866
2184216.1632325021
2265734.9629680831
2476078.6230673646
2322703.7949733352
2221442.2205625037
1745357.1259938034
1392734.400562973
855947.7618588492
372928.26963542879
184648.67883916321
2015177.039903864
2092007.4168818612
2311560.8955081804
2125900.9221821083
2042942.4034759626
1486084.0191327501
1219970.7261897714
693861.01303011482
201271.17625876793
30142.550298668091
1853472.1337722726
1931392.2521002495
2111414.8263744889
1943669.7487114605
1895301.3705896772
1314361.2421662351
1060068.8468896728
538855.44255582988
125546.46105374038
1218.4689032710548
1748996.9814748208
1826076.8101238727
1916896.6581954064
1765243.5703016592
1693587.4983906746
1121317.048984749
863968.06822931033
408624.70170516265
69429.683108815632
1648767.3670462272
1683563.6983434269
1736736.9095593574
1571629.1635083368
1418631.1798565411
1302125.8993321864
611904.86514266348
301361.94886372657
28168.535820382131
1537517.661486208
1554474.4904962427
1628975.0617560947
1409967.1574981629
1204589.3523410216
1136216.8855808971
412480.93179982243
205397.93965174761
4460.3863831659628
1410509.748595586
1428988.4343868319
1494559.3482622171
1252478.1521127285
1022873.2922921395
895834.90658077411
284002.4573848705
114764.64759406053
1325544.5114968836
1308466.2551454976
1342334.3942520672
1097895.5343777379
846850.28357279324
608276.6135744882
406846.24711826077
34463.398994465962
1265298.3909893124
1205112.5159615083
1175038.7528580946
927268.91371757805
674962.0907449713
391011.06445424282
239671.36192051356
1197175.6978104284
1107894.4939780594
1021730.7106917897
769120.95643989544
509610.69199281989
236794.16406757914
111090.16350704791
1104251.1740773749
997295.49589727249
857706.68635573494
611081.91373489075
348829.57095399912
117995.1407920507
29324.889249119082
993902.99404128257
910191.13087422238
711928.74388558755
454516.35587510315
201361.83796406878
39516.881143130602
2282.7796499517517
2071.3142538493189
913164.93665265618
955314.42016255949
515002.57466543693
307820.29440071678
91400.384204034111
5372.6301889582392
744005.50822606205
862499.17475134018
295326.64877336379
187169.95410785198
26514.613684399581
975159.24239019223
1011772.0836824516
263752.28729408892
114703.73663579611
2424.1775695116157
782491.14534524002
832983.55006463628
881990.57613329869
34103.700559108285
835883.6572188834
744512.30630052229
912537.88237600343
665341.48691896524
440558.56686500111
972938.3416238121
643928.71382143511
331867.5205868897
1023962.7941521255
643258.63162089942
221466.81169945578
49405.611734221471
1096556.5054525416
650089.34272370476
162087.88121258665
1175033.6472101884
686526.77779038332
169686.0351526844
610036.20670520514
179652.86896032534
401598.98178688769
133335.88785756574
38116.650937666505
8253221.1573546771
7396149.4073302476
8287657.0530674504
6522165.2690611053
6174595.7987523023
6071624.9635692649
6109438.1369651332
5976393.5321836416
5427144.1700982656
5048073.4917459823
4932976.4591309866
4994537.7541369107
5120617.0452926746
4975804.4909254462
6043997.3869966436
5724219.1100846548
5870331.6893473025
6136640.4733340302
6662483.9417564375
6960416.4042160334
6717495.7482203068
6871436.8074543132
8296487.4590648822
6974972.5870257551
7501445.5567205558
8038715.5010272218
7558146.3451840896
6779854.4650045689
6650405.2546577109
6550166.5888861194
6441974.3447033446
6437424.2004345115
5094649.2250452852
4831161.0681247469
4689817.8196405973
4776553.6166845243
4878010.3704384658
4931693.9784215512
5636876.5720033012
5714649.9004582325
5918582.2741553215
6183067.8260718286
6216953.4399290504
6286648.774251746
6382417.0999619337
6524548.8757563476
8611668.9655492771
10501518.721490672
6834005.1996719306
6832410.2016879292
5830024.2032444775
6202248.8222116353
6455534.835888329
6500918.9641685765
6554049.9472715557
6536912.5825772341
5115119.7756317854
5441517.4553188859
5536435.4846780878
5656770.0099477116
5585339.7164057316
5456518.8181669237
6306865.0831192853
6428319.4506407185
6542590.9805513676
6721566.6842263704
6919276.7353137434
7146008.0457697306
7361983.5862510251
8033728.1113394843
10585149.691697413
7082856.9615025567
7340673.7032649387
7155787.9030506685
5803874.8958691144
6085871.4791809861
6238449.8447697544
6261902.7053719806
6316581.2207345264
6285987.5018604165
5286907.6741686752
5739253.2821218362
5575840.1770420643
5547230.7658994589
5513393.7957247058
5454362.2752530491
6220671.03867919
6324086.0602387879
6397747.7931559868
6492196.7800160386
6505399.2453161115
6468211.4662085688
6194504.6539273513
5705831.6576668574
9218269.8682078365
9033178.7187261917
8240320.671877902
7612519.347398093
5879399.8108492773
5971977.1656864369
6086416.4903577901
6121361.0039648488
6197546.1377782533
6253750.6975940038
5030809.5994616989
6010050.3429684537
5770588.2557763644
5610370.2539998759
5525013.2881270656
5447309.0152881453
6115209.0713863196
6212865.6574341245
6309659.9043923719
6362393.8559843265
6340753.4900877299
6289592.4838356655
6063095.4640952367
5719782.8439243929
9194494.717955647
8838519.386583291
8627901.512396777
7736635.1359277423
5767375.7404259611
5878358.2452064501
5980623.6061927658
6018975.5384023245
6024239.1521809977
6053612.8362907935
5843219.9713090118
6122670.7462146413
5881569.4383911109
5749232.2998076919
5622612.9441120634
5525148.5045205383
6018589.9118795153
6028153.6425693333
6119912.808034691
6127654.2082566768
6140036.5932348529
6207016.9379037889
6255592.5557440985
6332418.6562463753
8183166.1035429332
8425500.7968708519
8482487.7682274152
7664617.9094762402
5658268.9780257232
5841561.5811824715
5980748.3056530785
5995860.3527622232
5931120.0509610968
4991831.2230598908
5709100.3085371694
5869296.8006565887
5780231.4878353802
5706103.2925343569
5634164.0381724499
5595524.1272535697
5981261.1428191606
5966624.3323002104
5968477.0841455162
5961334.4639109802
5973486.4946690584
6070732.8857100327
6303208.8798387526
6915648.8331039762
7130632.5174633553
7873909.0614813482
7865986.1371599687
7274165.6967319166
5646800.8438201249
5869779.3355560852
6039842.8415267291
6106646.4152719686
6208113.3752790801
4635736.4372710614
5639468.0805766443
5668915.69289234
5678664.8149011414
5630827.3463732256
5629265.5060255416
5583882.3841973618
5791680.3121522302
5835266.1830750527
5841663.945101046
5843365.1979826912
5817282.0470929462
5857186.3144024424
6026083.5900189048
6623471.6351980157
6498536.0474354504
7682093.5541422125
6671555.959655893
7184860.909063248
5750845.9145205552
5937954.0279853074
6085603.5409380533
6208508.5939247385
6278899.0363935186
4740584.9875385566
5394539.7921333546
5557956.7680839272
5638362.5457205521
5663630.5010498958
5682528.3367312364
5642607.327746558
5667467.8344940543
5630799.6282810299
5645338.8500775006
5631227.050608092
5616729.8748400901
5630649.8554576989
5710450.5489893472
5993499.4943563696
6632459.8319003517
7697796.470376242
4920902.7408381961
7103277.8658996951
5692043.7720294427
5993072.2646554084
6128700.9173252564
6307887.4756318834
6615832.2300013015
5116295.1414666716
5349463.558001698
5636217.7655730918
5732827.4678224307
5787500.808048185
5790670.7898468478
5737091.7446882166
5480898.0307749538
5377205.9808654469
5482529.9049033793
5440854.1638163477
5436520.5101878261
5441075.7493241718
5440285.11719725
5471922.5738009084
6845826.5091048172
7766282.0986357015
5186462.481911514
8065249.229877199
6744364.9194712909
6339166.664975903
6265373.5883307429
6436501.6459815083
7488652.1240672339
5081624.5282248361
6058466.7770656226
6029427.5946916118
5975135.7266778704
5962851.1080449661
6004424.8993748501
5926016.5978168705
5749569.5540915448
5736117.907146764
5782184.638564853
5536617.4478403497
5343599.8583662314
5203221.8102136329
5103162.8197496366
4971897.8708091434
6986251.6926254136
7434998.9605209474
4815433.0966398641
7736864.5954705644
6755243.5769367823
6314332.7907431806
6088998.2012104932
5857539.3729034215
8176335.107172193
4467605.309991709
5235936.4701198768
5491588.6313357381
5700089.8954990339
5861470.8548138291
5975530.2423040653
5819168.4629770843
5573207.3705784008
5535565.6425828664
5533759.1843146412
5416710.9204172892
5232409.3269051835
4968461.7127787471
4765325.1007269518
4560150.6751644732
7041631.0309979618
6955504.5905537382
4666466.7791871978
6617920.3594232108
5599652.4121813076
5799000.9191579828
5825232.8934885114
5791942.3066701982
8048085.873019862
5181294.7367062289
5263304.9948213734
5437456.1646381421
5659287.2006153949
5820720.3065347588
5817399.1298231557
5743269.1286412776
5307205.6729816692
5253095.5144358194
5284708.8192759436
5289290.3479134012
5099728.7114698766
4795970.127082237
4541644.2255977821
4312976.0778776966
7019937.227049157
6667370.3139484376
4918093.320274936
5870766.2625216842
5488644.7818974787
5663795.6354863737
5736583.7642572476
5870745.548071539
7235722.9117701109
5398085.4984792285
5349319.7181503046
5415922.7692033323
5635945.308921189
5780459.0692788791
5709053.3557898793
5638699.2925353143
4925561.6545905666
4862236.7700645672
4906829.3811419876
5318520.9006045936
5053786.0032382868
4620334.0632427046
4398244.1490317667
4179970.8104687994
6799785.8464455996
6300294.7785836821
5120964.8278217549
5581174.2422300139
5661398.5135044493
5766262.218857212
5787388.6854516314
5889201.8440106576
6483770.8529837299
5707792.6185409427
5509522.7457101168
5500577.1927009812
5672361.480650452
5817252.2756810486
5739491.0485821469
5553881.13680261
4475908.9988183407
4305851.2301626941
4746278.5636015795
5597097.7238078648
5472973.7534369268
4374046.4366674209
4226344.401683596
4130567.4419715283
6470451.033940943
5958415.7498277919
5739046.1574624088
5864911.406861688
6033870.7074507037
6097095.834714246
5824226.5239860732
5802095.0215633055
5783620.7977856426
5591342.6401856896
5548053.8919226108
5566376.5208315244
5736867.1049693003
5916261.6577047277
5984444.7245875476
5425391.7453697966
4189987.4475577055
4041259.0666128225
5316075.7075652564
5895152.8574712044
5593947.6256297827
3995175.0493383007
4001412.0390165984
3967258.0140489023
6137035.3367430922
5804595.7915230673
6002683.810524255
6145979.4521816215
6442035.1375862025
7098286.1525020506
5897689.9903202336
5643969.1721208589
5524250.2732774206
5463935.5406588195
5536425.2692300137
5621049.7570637958
5746180.0569140716
6005985.1931219725
5958393.4577221395
5507566.3615652258
4053363.9699961673
3974199.8207742823
5692051.6838225722
5783001.5626443876
5681782.0106737902
4122196.2396910493
3950761.9829138331
3828818.5343196527
6021580.4784024144
5826951.8312112382
6203653.5177090289
6326362.8414658802
6868442.0122286472
7874094.4372726064
5242771.2045078715
5191980.049904719
5233991.3943496756
5354589.678344233
5530551.7232198361
5683253.0747267716
5754001.7165789241
5959332.1434718948
5804823.4134856919
5790216.0239623133
4065154.5970465313
3980482.0519984574
5921150.2877890617
5876162.5920520714
5895699.4578976184
4540395.3118383726
3644748.3597422619
3495214.2889461103
5951809.985740589
5776054.4672072819
6438587.6864612065
6596075.9332265984
7111965.7431980427
7804769.3138197204
4544829.9798257789
4843527.5711047603
5077955.4550259551
5289889.4873968549
5502155.017664385
5622131.4639539411
5645873.3548597666
5770134.3329779962
5873992.1554233488
5845467.75790569
4059473.2043626308
3983394.1588466223
6130716.3553775558
5946038.3277159035
5895164.2205901351
5390012.3071464989
3140904.7090379
3041375.9208204844
5820747.6537514739
5653204.6066375952
6663371.9209038252
6747376.9310623612
7295485.0519793397
7377073.7994782627
3803138.7982549374
4995973.6591443466
5225867.8710199902
5400019.3373897579
5511921.0672389409
5563701.3931025555
5564465.0259355428
5652301.6265793461
5814823.5735934786
5886823.5848199427
4211454.2416181304
4256193.0116194235
6189927.6947351079
5803912.9154351689
5679418.0449988572
5517357.9417552175
2942683.0872121206
2852009.8383888793
5633156.7788749412
5472324.88092147
6769678.5313674444
6901534.6319920588
7701441.7317212056
7158886.2788077975
4364366.9357434995
5805684.795555491
5580623.6902371245
5623120.8435642021
5704931.5294799684
5683840.0759035805
5602337.3512741337
5597403.4193984084
5767621.3098496357
5937028.195651398
4500831.0273225652
4716840.3006589925
5664090.3338611489
5412167.4260282507
5400807.97981539
5373741.9351025047
2822415.4913122957
2780555.8040254731
5516881.3085698392
5401045.6615352407
6904812.379710665
7081280.0720534315
8447088.6573426481
6751529.6350515662
4605830.8458741503
5775425.0965969097
5740937.9626857638
5766546.0391121656
5865968.4132070234
5881064.9203840187
5779508.1898944825
5702448.7569537554
5840628.9871441657
6033656.8522442803
4624150.500212837
4737752.8648343282
4970782.4473447995
5050891.0094645154
5102637.4762967732
5065482.7690474838
2803779.3161891629
2807231.9797316734
5587892.9663496846
5661295.7764003975
7069544.0588318761
7226913.1018224312
8595185.3649180178
5674856.6166578773
4838456.4066123897
5804083.4443391906
5864845.1720238794
5904671.3717957847
5936341.6219902942
5982244.72952973
5950964.4713275991
5903216.9151322907
5967959.3631523978
6119970.5180244483
4586943.6507858345
4582624.3434301838
4652728.3665437289
4746482.2756268512
4818678.7322798334
4728866.7879717462
2881637.1300248886
2873460.5975488648
5641239.3536697403
5814387.6659115041
7072762.4850926436
7246855.2563850796
8560127.5104554277
5408709.4984287554
5544121.0241585281
5928404.6336822687
5966210.2202291675
6011956.3323461106
6028514.5125249382
6008696.7100885613
6025539.0564721478
6041100.7395003214
6048711.2966654021
6138230.874700726
4457574.9486262444
4394139.2107194634
4390141.4323775321
4491447.3967714459
4602749.5489329919
4494240.3772041108
2951620.6251999876
2846227.2514894898
5570382.2847451111
5786487.1186795663
6959200.3924000459
7127688.6280447235
8662863.6114247665
5376582.3155458141
5587072.7585839685
5976165.177268222
6043082.9981329534
6093031.5381282289
6098917.0659740046
6047053.3884045724
6058765.7954593841
6069214.0835955832
6057730.8678905526
6140330.3270859309
4347233.6104552299
4273034.4946615295
4170605.6945922235
4156253.6182208085
4537472.7960769059
4385514.1925407518
2970880.3954193234
2873225.3633257537
5469871.9133144962
5533176.9269722588
6888602.4462475246
6739018.7354048705
8803911.7341481559
5240999.4143498335
5582210.8396193953
6023434.9903198211
6121354.1525365794
6128964.8266085209
6067100.2245566454
5952104.0508701252
5981277.4840304218
6046895.1083305683
6075583.9530575061
6175968.4120541597
4306338.9126486871
4171205.6768371859
4000264.6187866242
3790542.181511553
3880636.9660108164
3735890.9434751207
3093651.3160939082
3153425.6949955621
5195398.4311593976
5199198.6017981702
6902417.1038779253
6601137.3115704823
8061108.8681240436
5159737.0743606454
5671759.6293714568
6173258.3742502602
6230707.7759646373
6233378.1077802991
6132609.4964493951
5920320.147999702
5842600.6520860661
5959343.4113509711
6051417.8001376176
6079148.9000118803
4215791.4783255942
4112579.1967552085
3996445.7353036045
3902529.1782103549
3941419.535289845
4085590.1632557712
3770266.1506250976
3681362.4507387979
4840402.3807357922
4794980.8993930025
6944872.4765175199
6801139.9487716472
6912280.437468729
6100704.5986577505
6154355.7777848961
6395975.4490613975
6399149.626161051
6452510.3037063386
6365179.6187224789
6176131.0510517219
6008226.3891326403
5867946.4939840846
5962808.0386529602
5871250.972918042
4024313.9764551399
4011591.3107992425
3937960.9590107044
3941696.4238420343
4109405.4010575502
4059050.7749163816
3960379.3529390199
3921269.1874148631
4663544.137682911
4689610.3232115582
7049246.8396831062
7137914.4986130269
6422233.2402167255
6438774.4355320847
6555989.1181182973
6576882.78267207
6520697.4074497484
6584778.2731259121
6586922.8398228558
6492729.5292182555
6295558.7676977208
6060599.0358497566
6112112.5606184732
5936699.6170669775
3989354.185854957
4051353.8463280806
4133848.9392599496
4261086.0816484969
4350845.202327271
4095213.6140804999
3855834.0854821033
3775000.8130089184
4735263.2840590011
4826033.2435858799
6969423.3535689274
7190672.9257297674
6013023.637614578
6726902.5328800725
6710443.619889739
6639912.8708159672
6617868.9857926788
6661146.1938778646
6654512.7402514955
6739495.3570680199
6664551.1389020067
6562637.2478441838
6554843.1788179921
6465979.6022404395
4293176.2506831791
4315162.9464250738
4338653.7060566293
4407976.3680930985
4299334.8745754221
4265170.9659660552
3428615.8332556086
3152989.218127578
4942287.1982439924
4997796.9996371623
6998497.53640763
7244162.542735233
5268600.6298463177
6202269.6769702639
6782334.0567914676
6631060.6464484595
6713942.3698183708
6808893.3308653012
6565269.3639941523
6670706.631237681
6592051.103649931
6745398.7354739271
6876865.1269150851
6941956.3461972084
4623030.9492726531
4572354.974361538
4485678.109427711
4361687.7602157732
4286973.7204558589
4356211.6714835586
2655433.912825678
2424682.3748793579
5217486.8235943904
5252952.1071929019
6814147.9436261319
6683370.9406416165
4831795.8751258189
5057378.3017002586
6188651.7590548536
6500408.3973682327
6750062.7051061895
7026516.3263489017
6555141.464634181
6572976.5092446534
6667348.8149271505
6838140.9158835765
7023318.3012664532
7147177.8672957439
4644651.0148952054
4597987.2613698784
4490785.198062066
4321905.7932633786
4261279.114254117
4350428.0343681099
2346470.5304732271
2195375.8790745735
5566755.3451346867
5559905.2968253205
6750509.69717352
6817778.3151159203
6533519.5095885647
4712678.628440124
5766300.6868972955
6396852.4809857216
6689767.349624211
7179551.4517030492
6574476.4540428603
6406445.947231492
6885749.5282500265
6847926.2464440521
6996358.2662438452
7151335.0470852153
4416392.5231259605
4336692.0554996617
4261605.3623395888
4128590.2685358417
4081760.8785122009
4127002.0269279117
2343145.1875066748
2255412.0744164516
5666324.5886396915
5866011.4914458273
6996508.1076758625
7581686.8446179237
8026966.2462398643
4656477.4552972931
5433911.6075623967
6118423.1262953626
6688321.3522112528
7230241.3167700944
6927781.0758552318
6186607.9622324575
6762481.3812030014
6689434.3487519659
6784777.9908836382
7065973.7291324306
4101436.1283553238
4017623.4281639997
3939386.2990118703
3845474.5374644869
3810453.6428315602
3854025.9477172568
2406311.7201961661
2371370.7785537546
5526984.0029450664
6083856.6007563854
7157927.5753593342
7611479.7146580843
7593515.0434846999
5715343.7780700363
5455164.1787627824
6120216.4018402603
6504905.2543280981
7053141.2437649919
6965625.7265107194
6510865.5180885708
6519444.1789422333
6477063.1251648702
6573918.1957614794
6727490.7217032351
3711195.6293024081
3713650.360362466
3657351.7722773198
3611787.9577265498
3583400.0231894278
3625489.2957641575
2420235.1499411254
2361465.3506798488
5483443.9159665685
6115922.4326355839
7227867.3367833123
7260885.8983400567
7380962.6418099841
6485217.8860706594
6134007.9749906082
5982139.7573675141
6473401.4395221649
6809426.4190379735
6739101.2184593286
6747615.8580439584
6366417.166318316
6257229.8233139552
6644052.7882091384
6674900.9132493399
3596719.4893814721
3481537.4240386169
3378788.1739112623
3353687.2317667035
3354304.4955631667
3445121.5337788681
2391935.1202090178
2289959.7813511854
5478635.9373291656
6231634.3277414385
7518871.9143392863
7230971.2865961203
7715572.3262899732
6856136.0874951566
6499815.201126256
6213112.5472219624
6207453.3613733482
6765755.9710667692
6883450.2033609385
6930307.2843711274
6733384.0617073476
5940154.2322409302
6935620.9507397674
6741100.0108193913
3399630.6780831921
3244501.9241579417
3145974.1250337316
3122830.0405251076
3156585.2548418362
3299849.6827233676
2370909.0599582614
2287192.7370504136
5455315.0601877151
6474281.8376216507
7959514.5547183882
7449941.0299192881
8261574.1230091574
7276164.3837963911
6608942.0518381968
6420697.8834711043
6130152.8826280255
6491158.2162079085
6840590.8076897729
6865238.8100735638
6711640.418530507
5885926.4855763419
7140378.5834030723
6972583.6434744718
3029292.2400747784
2937382.7292168215
2886462.7894196785
2964756.8853841503
3044350.5557490285
3161065.313679772
2281652.4977624542
2185485.6282528648
5599300.3006074438
6450583.9322098112
8207640.3597423341
7706516.0755527932
9263277.133944314
8009217.6302672252
6178338.0065775132
6390412.9238404818
6289472.8655768149
6017110.4093872011
6362481.3466821713
6786113.9970678985
6606189.0527129499
6170731.5017882725
6977538.8967012679
7411517.0926434305
2593014.1505022775
2432147.2002336574
2435299.1191038722
2784567.756977581
2900076.8132365025
3001778.1280851923
2267627.6465319218
2263615.0031850217
5769393.0882603126
6635469.1016644062
8144475.9510526331
7642317.7538971528
9966781.4974749591
8887457.4925487321
6061215.9238965129
6339709.2639054134
6319548.7391038723
5917173.0222012224
5828668.7526576407
6711944.9702667156
6757244.3733156212
6658950.3217486506
6636833.028668927
7874253.1198087186
2398087.7813391709
2337707.9676932334
2378229.4244470717
2791864.7841007831
2809237.6964866319
2880159.6560169798
2263378.9890737417
2327496.0608013454
6468147.3655304946
8915248.5798114501
4286214.4096629033
7869822.0093316259
7466550.09137756
9830544.835261222
9190131.8989539798
6265384.9680387648
6295482.7209138395
6295542.1580136083
6127017.7106255367
5779378.0150384158
6284064.4849255234
6738871.7425436508
7515971.6059310017
7153130.0924277902
8206039.386061254
2339946.403960112
2212237.3034018409
2105179.538637971
2569000.962032923
2668378.0033507599
2775698.3016804284
2134915.3084008796
2396146.7485220144
7107227.7745499415
9297042.1444492526
4400570.4473731555
7803579.0447070785
7319930.1943218447
9636839.3731152024
9431034.6976105478
6154800.1166154267
6248711.4287384599
6517753.5534800543
6628687.5320197437
6273358.4818473058
5966302.914851727
6333010.9122589016
7694658.3816800229
7576552.2466551671
8452676.0024298821
2070152.0054852476
1959553.6129143776
1829666.0278213895
2343697.0991365258
2492324.4732482843
2560689.6866388968
1854323.2344076708
2448022.8270603339
6563690.3599994788
7813373.2853379175
4622101.3216835624
5034157.7612106288
7975262.2748953309
7035043.0053502889
9708508.0219717734
9824545.9709172025
6603462.8986932719
6560317.0921996562
6815626.0400691712
6826711.00639237
6524270.0632177331
6024988.1118032699
5874083.685424434
7243146.0508352527
7737453.3296900429
8437456.0509608947
1526172.0976145843
1527413.6923946657
1427353.146452893
1971327.4509923258
2057514.6908615474
1960173.2004861238
1529275.3090262245
1976187.7069334243
4609821.3557987548
4963583.5729341907
4204364.0627019824
3267170.0490850806
1450345.7307157107
8184674.8263013568
6410351.9377380135
9456943.1076090243
9987231.5361221191
7734826.4069758663
7207050.9445533995
6868782.7953540394
6810709.8827003036
6663265.0217564041
6226580.4861198282
5960123.8672745302
6764103.296845465
7388566.3678614097
8073525.1193284355
1089714.38581665
1119786.4767233352
1104420.3215355454
1116477.7838838524
1428842.1877783176
1314964.3196718295
1243172.6193182422
1387116.6833599478
2584273.4202527348
2703624.1734723514
3065939.1074400526
1649804.2254864487
563384.42715730565
127968.15118723144
8148632.6980839893
7006568.0363865597
9643284.6221679002
9564246.3736513648
8083114.014370109
7360128.8407083014
6925899.6812119093
6666143.0260467641
6486756.7064551665
6252273.6406753594
6067536.3586873747
6379422.6499630595
6676357.1002712455
7608611.8782171262
733360.15095406095
769816.8828848605
829687.85705610062
839969.06491964986
856146.3236409853
852161.03444109252
883079.32002702809
1070010.6197233866
1823311.1787814975
1286237.3174077966
1370512.2967895507
752852.38669033116
173245.00795165816
8038995.3691426357
6895944.8713869713
8287218.6630808869
9439075.0052687917
8036827.7832921799
7606644.8076693444
7222438.0427959086
6499347.5058930106
6343814.1767609417
6228327.3118121214
6007695.1265737666
6177083.1774481349
6449990.1004740996
7922785.3872712012
527204.72574437654
591588.80250737781
672617.53401559091
716928.23271666944
586141.13241529663
616060.30315646401
677453.54088950623
729980.21203223208
1335444.7059553545
1206166.2141924924
613579.61992607452
344928.14605076413
34025.514781012913
7857749.7443375606
6771117.9251020001
7103342.3681349289
9315317.4828538913
7945381.3355786325
7609964.6026115334
7215588.8015042534
6290923.213636538
6325455.6283926461
6209538.5895193145
6016314.5138168037
6221886.5050002234
6572510.1475581806
6897412.8060805695
447924.91123900027
543526.43291395251
609393.14503771986
643743.23899394937
485574.48994289147
541471.81621153385
605744.5131114003
474259.23207071156
784895.96654854284
833048.28306907043
184538.22269934681
83960.502260263311
7484044.9147812473
6504676.0420488007
6927616.2500923788
8748903.1268865056
7812422.1769194286
7534201.0732433423
7121033.4020406511
6212244.5307462346
6245358.5060647577
6177982.479110253
6190248.0019482337
6384333.5592447212
6726769.2263015211
5597912.6863901578
509702.45616427419
580591.53418978874
639902.0846237716
671066.24333683006
714417.80137800623
520766.9867276022
559572.55360754509
459354.99104729126
570497.56808056845
490942.28544428753
23127.314382171277
3820.4248157606871
7055886.1702779485
6226586.6353823459
6936006.4164296398
8197058.8928747838
7641830.6778327497
7421444.7429419402
7054934.624620378
6414527.2142211255
6134588.9912930336
6144938.0748005901
6418106.7397348629
6720723.1544076111
6965417.1338694701
5504735.8167811204
567682.7620181886
623150.47154581628
651316.86552997795
644122.88335956831
584111.43925041461
451580.18468796631
468382.71892542194
397826.52220757102
375511.56998226384
245600.3533942395
942.88814434811297
6697891.0099320905
5964910.9913053168
7053634.5659053633
7669111.7107817978
7531629.6458781585
7294657.7601286229
6983197.7690224387
6329481.5538588827
5990610.0459749345
6115226.2011392191
6405532.6245281324
6752226.4079583529
6912252.8384824237
5388222.9911410892
598786.45763621875
593332.49770444073
582178.84923567635
529441.53277763841
453128.98374857404
382886.31911522156
305590.47647721466
222936.17076625227
138412.79204913246
58838.495253098219
6396036.1603922043
5917339.900183578
7206286.3124107327
7128191.5662703384
7551490.4662177879
7224787.1725384044
7060114.416466848
6530163.3963319371
6102312.3264756333
6030564.3334993599
6003383.4543553554
6162083.7045252156
6383056.8635966145
4944610.9590718718
465333.90692584618
454491.49982303422
407827.00623379654
350502.39403550915
322811.3799183364
277809.19795935584
145967.16031931672
97166.005286440879
38874.378185106885
4499.0780183254583
6101149.0474050585
5794092.9872376006
7033372.2816917095
6711255.751053446
7534924.7040128941
7166309.6556646079
7036567.3714524712
6617680.3361101532
6328633.5073567135
5789117.7246053815
5426306.0567485113
5343975.3408375178
5684125.1761154765
4489906.7700940482
352343.27750986954
355123.4289843078
296420.66362353379
236240.71873430282
194488.23043778521
155998.86903635884
78450.05258959299
51131.209358273176
16207.134953731585
5803328.6879126346
5663431.4190247301
6711304.4160536742
6476786.0754242186
7283563.4268560549
6977785.1829955
6799987.8807467455
6483004.6279019229
6026807.3683597306
5298779.1023097113
4936250.8525157878
4681100.6793295918
5117494.0066203382
3841393.1017235061
261025.57481046583
261298.71353982363
249968.26636430793
182056.27026310947
85525.583136468485
52769.536781679053
34343.492572946794
18250.14662401866
3901.3558037515354
5454138.5073293028
5571629.8531490099
6579451.0431353133
6402168.2923853854
7068937.6489191102
6841377.7765726252
6621907.7870891895
6448002.1914662188
6095309.6472062673
5128161.6550264787
4762789.3098820262
4341382.1718348479
5003526.005885045
3451683.5265616211
212367.82173792092
204825.36821571138
174175.10961057045
90710.841205940029
22908.257220378953
5717.049592526002
11970.082074710383
4948.9275136032102
5128388.0842246534
5514975.0593165373
6307900.3259655731
6223572.0606955709
6829697.1112903431
6795249.8214206733
6587838.4708691873
6503658.9248328526
6213372.4147454826
5287915.8601165852
4539919.3316346072
3953812.8708892744
3377455.1934003388
3379210.6824308587
196676.524833631
184216.25871918601
116707.71871155525
27918.330331344983
5201.9024095560017
2737.094259201167
903.85878277038898
4806663.0877928771
5222936.4864608319
5965621.988580632
6012240.6890495997
6528115.433983095
6804592.5708809486
6610418.444801826
6538598.7043475471
6236567.0809016293
5685541.9551079944
3875896.0915817539
3783323.5715367114
3470623.6001361078
2915385.3822384397
196697.11438314948
147104.57903610659
57009.271328294948
571.60588617934582
237.1727050823244
4620211.9101411961
4953411.0294338958
5845870.9161748681
6010667.899535385
6143189.680822894
6737901.0016318979
6563198.6155447261
6470770.2770101205
6102412.8533411259
5638614.2914584866
3651538.8356916136
3584851.6197057706
2927009.8281305511
2468957.7707558149
186066.20048636498
147050.0553307962
54837.210703589968
4465299.2411866179
4799615.9483711636
5750943.8452351755
5894160.6089191018
6011622.3986437758
6580892.6452240078
6481089.7455095444
6376435.3204350993
5879503.3224258423
5409805.3605431458
3568314.2219081414
3300661.8535302896
2563924.1557584209
2156624.0183001454
141215.37761514759
106164.4930144242
37304.273615829072
4305876.3636835488
4666192.2444626773
5572683.6062997971
5765323.2161363149
5992366.7801685752
6399806.5295004882
6374076.9123568814
6250837.7212240463
5757152.2658285471
5242953.6210442586
3473510.2612118106
3026959.2766340179
2341655.9718285464
1961826.9751787512
73385.331063735779
32452.998508160279
4271167.6598685142
4662133.6899666516
5400780.9734962126
5647174.5100681549
5985497.1578913312
6136148.5538461432
6206108.560006992
6091582.0939624654
5649214.3896629689
5070798.2849543793
4666347.1242225757
2613247.4538378776
2170932.6818572003
1831425.1619792171
4255426.3805865468
4561684.6816300573
5251894.2292558225
5475890.7118899999
5797300.135153817
6102709.7178162383
5970856.6564536663
5860828.8477859078
5481757.6267964887
4923274.218019194
4574483.3100797534
2410790.6447087955
2043798.5489762579
1736179.2301670518
4197822.9388894448
4481698.5365350647
5304050.7457892662
5397406.1345215393
5637125.5386194242
6046375.563026729
5736074.2400826458
5626769.7994728675
5233991.8090719171
4677278.8001980456
4313428.5547215249
2305534.1205192818
1939872.5757095052
1656356.4920187541
4091735.3428815459
4400635.6205694275
5284290.5895409845
5339663.381534839
5519775.7382165967
5946383.9341596598
5469934.9701270834
5396420.9645493478
5018680.1285511348
4358662.6327767624
3937203.9102854175
2222825.0839417055
1877569.9757050402
1607546.6706252403
4113722.4677475668
4341184.2570764506
5221017.9615196651
5290177.3869948825
5399735.2324473243
5660526.3808652442
5786471.3400261542
5117473.0918538747
4786607.7550310092
4116959.7455689963
3658955.90708513
2136103.9943914595
1814752.0202160145
1629545.5961797233
4218400.4399838941
4339942.6020449242
5088800.2717440445
5155719.2478267364
5271012.5138189904
5330718.228511394
5514178.3523871014
4851213.5287272204
4560551.2385728741
3960272.4926844481
3507991.3290362293
2023786.2512479925
1745714.6674605615
1610280.143264337
4303601.8238711637
4368261.0522728311
4999631.9107871717
5077407.8034410393
5150435.4108685208
5123579.2261236943
5282366.5666175121
4687180.6613047272
4379122.2798408307
3853646.6533060935
3434428.5473394459
1946408.7759012703
1670511.0813572269
1482011.0455664012
4326461.0655905921
4342872.4436417501
4819116.3147247992
4964812.3455402926
5044349.2034592694
4970905.76752239
5016581.0620410796
4485817.9054018287
4134319.5914595774
3718459.5807131412
3368391.8462440241
1877940.5971513127
1594517.7591022491
1402666.164837789
4315476.5138922241
4491718.3434686949
4669462.6718272939
4824209.3959513875
4934027.6555207008
4846650.4370576655
4688072.6311379634
4768852.3074933542
3950186.8974722833
3604385.1112121204
3278926.169074594
1795433.8519207791
1528709.2450885798
1336246.2945902795
4266882.348311685
4788137.507130824
4603198.8153357897
4730980.2965388903
4821339.1425011847
4693364.2812376907
4387865.0139680328
4448378.855528052
3822408.2757890434
3618089.0760081667
3188160.9143872829
1660353.7846975976
1463935.0058113793
1282138.3473477387
3540519.7528237258
4135210.1521164952
4118686.7838842818
4700999.5154347317
4722654.0119219376
4522608.386212281
4236770.2419360131
4102508.2438016124
3588609.8924634191
3700829.2498868094
3160101.6061060471
1250963.018429985
1337391.3237186202
1092591.1494319327
5021231.1199372364
5220728.8886188185
5237330.7304526521
5381336.0005241605
5143396.2096298067
4784025.0597044509
4428177.409592459
4118557.0258388803
3875542.7701724409
3949306.3216955722
3701750.6484944047
2248486.0409284192
1687003.4876625552
1518756.9232819034
4379644.3210002566
4711417.3697730461
4938150.0073771141
5157663.5510850288
4968235.9577748021
4596889.3110542335
4255293.2721383246
3913263.7100564139
3711241.2396973581
3710955.3010932584
3321503.1114190258
1811796.2549144288
1576638.328144924
1341465.9734968848
5064982.3328039702
4840023.3322460763
4480263.8142293552
5005890.102631486
4881243.8988214247
4489106.7584293541
4089022.7210559887
3694713.9075204115
3383116.7019378385
3156695.1394018256
2866667.3580094143
1713234.5066932354
1541154.8833776368
1252686.6012313236
5894168.0506810704
5511734.9837008603
5884171.3858214039
4814780.1735500284
4822937.3103415594
4398667.8661032915
3964207.5306137674
3489289.8740969151
3046151.9235013044
2781642.9396904022
2557991.8940514866
1648039.8016589959
1441764.4253262449
1171515.5147400105
6468938.5497966083
6086508.3774874751
6107843.0442656521
4462137.2679975331
4594647.9854722759
4253448.3484393032
3795983.0537871765
3276691.1978735081
2816954.2887159241
2568856.167137926
2368559.6888887985
1513437.6341128526
1272164.374810362
1055216.5625446674
6862704.0085738515
6167437.9939752081
5977153.6532432362
5610753.9442557702
4249996.2937497692
4090085.504481772
3603954.8683318403
3106803.0039635724
2659714.7515923758
2393154.8013083804
2219146.5086921551
1337955.1343133613
1154340.1785345415
976481.09183934785
7428537.6142364154
6352646.7916828962
5851058.0999474004
5269361.2321230285
4110847.0755188707
3975867.6316816858
3492638.8188511049
2981663.8540484258
2518344.0781882084
2242802.0580918216
2055332.216175521
1106353.1832598608
974737.40134185948
857397.732995242
8021066.8031824604
6821991.1458813073
6026121.0919573354
5057778.9852600526
4176159.0111089409
3930050.7647701059
3408498.405732519
2886563.7702874835
2448274.8726104158
2083288.2990836499
1858445.2436794394
857714.78530647582
724153.96674783912
560909.971836076
7032519.3778493004
6243329.6768829226
4981654.5167114912
4297783.4446512973
3940182.3754293346
3376838.8925811248
2831984.1274624844
2372503.6860058075
1958717.8866068786
1723599.3992736472
642815.86846903071
501757.08893767488
239627.99402751512
7183879.3192195203
6255735.6226951517
4967681.6081304969
4360836.6397424666
3909795.1814443856
3337302.3160033245
2791900.3658513012
2292767.7209826997
1864586.3980225755
1629156.1607388519
117181.66248385327
5890650.8132204516
5221243.177886351
4403699.7204688238
3856988.6128156143
3302597.6176537848
2776539.5921609406
2265311.4714721274
1781371.4692172734
1543503.5369403856
5941877.6780723026
4454488.3405104596
3977133.0545972036
3299885.2672439609
2740684.744633893
2234721.1259878795
1725455.9193409083
1442062.6811666784
4502125.0902238386
4162550.1237444817
3359624.1203161487
2683613.0554229496
2126584.2131226161
1610662.1896742505
1314283.4770664216
4144283.5232758783
4329904.502015233
3515464.5075437445
2626330.2309800414
1982642.5527435245
1486416.0515904196
1209900.6301025255
3108848.4828756917
2530030.2789466851
1850067.1710569407
1377458.7498673461
1107704.5381832614
2667452.1168526621
2366821.9096131437
1708984.2335590522
1254137.5873010196
1007359.5646247281
1878056.2306581116
1538952.0294377629
1101655.8048417172
890388.9344388271
1092369.5825329092
996980.36459578492
794918.24108699721
914705.82121654751
931056.39838115289
715929.43873837893
907100.50706604728
719356.97050077433
16882135.600677818
14798424.58611827
16834823.494935699
12845616.746741002
12296961.097012687
12228709.963459624
12400214.889474945
12179943.8318191
10952307.925261816
10174665.463677203
9930036.1358528938
10068497.370705159
10387191.372612299
10036797.042009171
12486971.565382238
11833030.816900713
12155679.602372473
12823740.245776642
14231215.917752666
15128024.402536051
14797919.220717743
15531941.609915145
19857334.865481291
16381422.965970231
15109033.833607635
16057938.209187202
15089535.851811323
13413997.990643775
13256377.841829911
13127886.015281968
13075734.9481938
13382259.602277229
10164556.611163044
9628088.9375776295
9413004.6382368021
9596118.7237788457
9848109.3716130499
10033475.187804392
11533595.407446558
11761445.063823014
12268570.573497994
12847302.685042782
13069214.890107309
13522986.259750472
14025103.433407441
14688949.912391007
20016525.734531138
25262966.097745534
13178927.890765525
13434497.654682115
11548051.870891821
12182411.889127187
12693117.356628552
12838286.967957474
13034443.561071347
13011103.916996084
9241888.4836901706
10603289.859214034
11076027.317088956
11362581.174057689
11244036.149197925
11075444.299579209
12862453.885125058
13164285.664504318
13539276.64210793
13959570.878756855
14397682.332403392
15097438.60479367
15827334.221563544
17590472.460438929
24053010.705814846
15108061.516360627
13887423.204737769
13800363.461958747
11330815.062632883
11865290.682969658
12173217.066423554
12308274.972019289
12459808.757037666
12387884.108133532
9178399.6720908694
11461212.018752001
11103709.480921891
11081671.54713257
11062839.107073385
10987223.998448336
12583687.178875372
12856690.385756718
13110205.562601082
13422327.966358075
13516375.335008014
13462961.238188637
12872461.598191043
11690338.734245479
20210091.396701604
19780613.769342266
15597659.294664156
14587363.874404445
11376528.426150914
11601496.911122277
11876303.166830532
11973138.406258902
12155050.669286076
12311812.707517412
8098162.1280651223
11926378.326457972
11373120.019432876
11078882.826509397
10966721.033807257
10871287.115420289
12247365.371740423
12488844.627156233
12742845.524895461
12941263.937905874
12958027.677123424
12861049.391176786
12362123.612869695
11584532.268878311
20048047.357207999
19263116.701260619
16282471.615274245
14706451.401459474
11081240.172108505
11345179.307537397
11605668.212323165
11698944.588284241
11676223.340316487
11572656.818265488
10660505.048402457
11951838.565971674
11499081.424060285
11267970.509080593
11058313.960439647
10922712.942754554
11937721.625988564
11983935.044089515
12209760.762151236
12284036.888888272
12367694.032174127
12527076.505930299
12616640.079385649
12745157.373297526
17861593.429731492
18447843.597543456
15782421.609437594
14354969.619137211
10822161.084055753
11239727.318303173
11560797.009404613
11599506.370663913
11390232.557794267
7952943.7634201469
11004338.087037299
11342641.819929058
11191479.710087828
11104239.359861137
11005254.246365907
10951121.287946234
11718855.953280021
11684795.389147
11752580.586152079
11777126.307549616
11849761.705387639
12089268.212908678
12549484.241407851
13725958.119455336
15686035.940151351
17467510.022426993
14389587.766124336
13326049.111664057
10863730.612904107
11341634.009018755
11743904.054861125
11956584.98916932
12277659.736874476
6951187.0882114302
10827201.160580082
10846680.178212525
10885410.036098516
10877338.852120474
10923394.394699438
10813966.272290662
11220393.714855973
11328296.183999186
11365168.31836392
11394188.662050674
11377905.378595956
11507229.852826258
11840770.173435854
12911351.818003003
14343023.973069431
17188178.510718752
11918809.07036571
13344011.467329403
11101664.293699367
11538051.726890752
11893862.284049772
12210788.002727415
12386107.523153782
7361659.4730958389
9879194.0645511318
10416334.95651523
10685765.533074228
10827858.798846101
10911185.349842934
10820746.22122507
10819762.464639785
10806919.450489111
10850599.790623235
10839205.065634958
10873365.395369649
10936923.841640251
11099052.804676926
11591817.041397382
14710061.362802874
17244396.391056895
7991820.8214464737
13490228.638196049
10927058.539200386
11662684.446777895
12005673.614006631
12431898.212459708
13075173.136126483
8643249.1024012472
9727995.3732852694
10503061.301305501
10809729.283289505
10996412.494188838
11049383.041997619
10993607.153152302
10268192.82709983
10168978.530495817
10392800.276229169
10321861.604786552
10432960.660745895
10473835.191765865
10475180.067479044
10527826.14540283
15105164.509420821
17322501.493645944
8510843.1213247292
16028132.617549373
13389365.044506108
12484956.409948992
12322324.126645863
12765866.442615613
15443695.050144665
8638522.7733415086
11551323.589203229
11444168.920723654
11337702.533031454
11352175.550489731
11450629.281828249
11240024.129969502
10746488.734809794
10758777.735647174
11000161.625590064
10607937.050461924
10250393.50848032
9958968.7522153631
9751922.7352969442
9493778.0929850787
15351445.099542342
16472770.852683103
7099956.1759238644
16795931.71380242
13562140.286965597
12475604.833570246
11843874.543783667
11120030.755954659
17220545.007766627
7017547.8784935577
9252453.5821324792
9978882.8222043421
10487992.617499296
10878603.790674156
11173666.088016523
10731875.403091157
10325523.025731981
10313497.203554742
10405307.148146179
10280462.7232209
9957990.7416371517
9414093.0849558897
8999143.1016928609
8602144.7702190243
15469639.879078249
15310848.454437276
7686342.9851416294
13827172.487073388
10660587.862132002
11005455.668874428
10985403.247490725
10842563.17891011
16679470.122834275
8948746.1130880434
9321012.561456956
9802148.7717812266
10291909.835035656
10616296.204880176
10627224.283719629
10437774.846109718
9661560.9900909364
9615600.3811358009
9778573.4043820426
9949688.3538517356
9607512.9867532905
8953503.3210174888
8413409.000725558
7946639.2656178456
15422709.2712423
14645446.980779681
9147758.1472846046
11523367.643737903
10586551.586452618
10928822.13095418
11078082.161232997
11424259.419207416
14540640.855870295
9370813.5705003534
9509012.3295126762
9755734.6885094792
10167145.732970199
10384265.412168754
10234218.28687885
10053494.985107107
8745240.4226612579
8652467.8688804731
8822434.3758472223
10089888.544141907
9539743.2992673311
8469721.1936782859
7942824.1955519235
7484095.0023113219
15040301.821651695
13871862.529853282
9807359.864803087
10857814.216855759
10973221.801951844
11248769.12467034
11214761.863141736
11413638.599180406
12744013.348559208
10279006.318312505
9906519.0760072581
9921657.1936502401
10193176.677643519
10394265.841889963
10187551.20701672
9640761.8045714945
7697808.9163791221
7363420.3764610197
8424652.3725901321
10916864.227129368
10731247.975389805
7716027.6307215905
7387088.6050113495
7183774.2978418591
14390359.419843633
13178812.300374174
11129216.990464617
11453021.652869048
11788852.573135193
12041689.446305091
11206050.792081589
11005224.088631023
10847611.577567412
10210069.004730389
10051705.415176352
10021075.342107246
10289361.31335306
10602533.162803648
10747343.788070265
9047304.9804524947
7016753.5757464655
6764190.4099141713
9936821.529349504
11615176.083314231
11062744.260466335
6697472.0091883866
6779388.003542386
6723482.2169680549
13658107.232904213
12871780.556130111
11719805.427080983
12078957.581000173
12764273.242299244
14509245.849789366
11082964.088088093
10437808.737301113
10083696.450650502
9909209.8337602839
9966710.642033549
10055843.071955545
10283347.139761139
10786086.175307242
10519976.619382448
9112863.2279077917
6739653.5181767056
6643417.6403198745
10857653.047143325
11179109.083750596
11018988.066589173
7008082.0599985244
6636174.2946137702
6395224.2282697679
13423919.241341401
12955168.936730089
12110793.630953003
12388998.79303227
13516235.628668994
15619200.863323759
8907178.8332655672
9165879.626246253
9364032.8636488337
9629714.6854372174
9912852.7725157458
10151008.197611164
10271393.679705851
10639084.216676235
10020861.075573366
9780464.5382801685
6804148.848622974
6686443.6555273458
11132409.656901522
11098137.320205556
11164078.282040574
8038195.1059971787
5946968.8108952064
5684019.9299476091
13407698.538132256
12971918.296581501
12553924.375783682
12878135.872652963
13919080.724644486
15325606.821776917
7238606.3813331034
8308068.4849102423
9003547.7453401312
9489345.8112029023
9886528.4389661606
10065758.188791906
10056291.881325794
10198069.791384619
10188229.865748247
9940493.7002545055
6808335.2020817986
6643432.8427766617
11270410.656570787
10870874.436074972
10682298.998092461
9270847.6264228914
4874887.9653574508
4768580.1820558952
13562483.528144706
13169074.022352006
12999147.975848524
13218614.046105459
14322455.021949524
14480676.51652284
4710654.2259160206
8715923.5547677111
9365757.0628837496
9739087.2795578279
9930700.4192445297
9972931.8647572063
9926565.4944043811
10004188.545377662
10140128.49070063
10095473.624935215
7080785.4140187064
6939726.5176459979
11382963.619826298
10523377.191487635
10167298.852383783
9765931.3491281308
4545262.0144871464
4437254.5678953398
13809736.245947123
13424110.883453341
13280569.452131657
13621576.366613008
15218659.398476541
13922140.780180806
5240264.3882197691
10937293.224519406
10274464.3392892
10265542.149720285
10343694.813361527
10235714.37170133
10024087.020123214
9948381.7057736274
10151468.529887466
10340771.550289217
7775202.6040249839
8132911.9590887409
10528586.411105722
9777811.9422151987
9609482.4738240615
9529248.762960352
4398303.5634398106
4369147.4619358927
14032732.558703475
13779851.918399954
13614379.375083394
14064519.150247887
16915945.331976265
12925339.118945783
5648846.1323308386
10763209.136526205
10613096.310371075
10595473.229193425
10711314.856152207
10665324.859335534
10401523.943961186
10190098.543479295
10375110.334489575
10655858.629601086
8155462.2387595242
8396761.9160471931
8907597.4083180111
8962210.4922142345
9011099.5658034608
8935410.5877917781
4489212.7997986991
4543494.1196928453
14368644.792440373
14630292.106836192
13958485.813779965
14337966.109960753
17163740.645860229
9657144.9450693186
6445644.6845578011
10748633.614911364
10831678.734091397
10879564.140032314
10900135.278420577
10916402.283090306
10786830.783056276
10620321.525087822
10695709.44959924
10940769.403606178
8194565.6645921096
8181463.7226298349
8310721.7048241524
8453322.4696221221
8574658.4369839951
8362566.0580395553
4792705.460433864
4804821.8518245099
14497329.137978027
15002689.976560561
13965005.565314621
14331267.110115912
17114825.882135741
8802898.9078977425
8583012.6181469578
10957751.260990646
11030523.92268406
11117896.943002526
11120484.257604714
11012552.97825559
10990229.208722845
10961579.185582269
10944428.082538689
11088206.589828469
8041256.9837323418
7902684.960075737
7896794.7261461811
8102275.3986337567
8340674.2759042559
8051627.4432652723
5034463.8264013305
4838717.2337497231
14301181.52832506
14904417.105506148
13633660.52378403
13952175.291315677
17438311.615804031
8654532.976219859
8929964.683999598
11028888.148017347
11174525.481277168
11294572.398995753
11282644.279406674
11128472.849941986
11090204.636747077
11067215.822848743
11032629.884946646
11168102.508407973
7893484.7853768244
7738296.3577493019
7547686.930138831
7585101.0842659324
8566960.6810967736
7895519.9866111707
5063899.4263437446
4957005.0547791719
14075319.556393571
14250416.341571599
13242594.536558952
12747754.396374047
18058640.697227541
8325306.1964060105
9067188.1654327288
11087797.924725272
11303201.097557928
11358093.005788207
11232362.716401219
10975297.89481849
10978772.821489971
11045522.619107999
11098583.241468584
11307277.613148727
7864405.9993003858
7570131.2364524249
7182845.4835454347
6612599.3623555955
6893201.3870970849
6712664.423614027
5365548.8477361659
5623556.9990780009
13369677.227810856
13389721.073028851
13025425.235186912
12338353.574658349
15744085.658605177
8263830.5982941315
9505207.1540256385
11311951.292942923
11465816.076580554
11516298.531622794
11329053.950746553
10921349.598138455
10742520.697154554
10860488.745745191
11060656.306230756
11213105.154231649
7781789.1907425355
7540627.5789505029
7260715.5506538088
6997019.2519827364
7630465.2451199004
8045548.0705966428
7116923.7950343993
6862204.8318926021
12502225.114914646
12387589.577869408
12869873.612213437
12557642.985285414
12914464.282879634
10824995.80017947
10864237.95159022
11643178.40592459
11740398.349995263
11871773.858914481
11701237.606257394
11367127.770728568
11050983.36878835
10537303.273210172
10846088.582111882
10881170.95402753
7535425.4394355193
7465331.7787326276
7219816.6584623
7140634.0670281071
8141535.953396976
7959705.4991143243
7588793.5315016005
7440522.8244514409
12072907.145568769
12158423.489241498
12881529.204413146
13073345.390204519
11757371.026932655
11747747.185619369
11997202.741676927
12085252.407062825
11942228.74161347
12063273.326675322
12036457.188951893
11891455.218441116
11570568.276133886
10766813.189794863
11014725.503439059
10939410.450388666
7526327.6871198853
7654742.7283876119
7721633.7641460085
8349342.3294987762
8808064.2882467154
8174645.9253064208
7423929.528770797
7120778.3309233664
12273018.088030908
12523805.747477176
12697048.57315081
13160663.266019087
10802736.457188228
12468498.279392656
12328527.849687453
12168519.606046889
12094037.856430467
12161466.811624203
12070579.337187083
12265971.399080571
11969923.541169962
11660024.438328657
11691899.75867418
11635708.739180785
7913926.3535125908
8112702.4209515555
8355458.5667283013
8874365.2345231771
8785836.521442119
8860104.7011017725
6274673.4314816175
5654741.2396011315
12793609.774018038
12951143.855004175
12784922.042152382
13275056.929551316
9784821.981611494
11140235.771215569
12451286.70019453
12099375.352931906
12251842.037084915
12416619.110291997
11747449.860015215
12016337.647228196
11799500.93434326
12024847.57990274
12189682.744639954
12182526.54508527
8151185.932199589
8195280.3787911171
8382781.8886927264
8609004.0598415006
8728317.4644020721
8997533.2896890119
4365720.4211351406
4024861.3907074039
13414006.25027583
13524896.646796772
12485574.163465394
12034920.807922948
9304937.1464652047
9580900.2929961588
11191494.948985871
11807736.053488234
12284226.032157073
12872929.044271927
11645810.659821734
11609482.376068691
11913124.964586804
12226926.554049714
12523409.525539795
12612484.877066575
8134708.3440736029
8099182.4144365145
8228768.0459777853
8462373.0931624249
8659162.8735269476
8883354.4303548876
3804861.3410045463
3567447.002352776
14236202.16535119
14237537.803453734
12448613.368684953
12402694.643250685
14064102.021173974
7277238.711524412
10274905.367389377
11629459.476007512
12210709.02395892
13203012.813530898
11669308.134671662
10967401.222462701
12419921.163461599
12322561.623289494
12643070.628900122
12981149.828874411
8021410.4811513331
7927208.3988236617
8036331.4423404988
8225629.6900127539
8380039.8718056176
8449864.0854875017
3851074.3230802012
3711799.9286116473
14456548.94448165
14992464.892130619
13100502.32900111
14482137.746720323
16217991.630602326
6253521.2201780127
9130961.970264364
10911119.015037099
12303384.858583083
13491503.26957394
12523761.201024219
10206506.994151689
12201726.732613679
12092475.614534982
12418545.879591482
13221928.00540428
7652145.3988305246
7594994.7527405526
7642082.9470356526
7784008.1557186982
7873023.7341562845
7897032.4417541446
4123321.3887133356
4072208.2965749358
14104302.124606291
15554367.004256032
13566455.001518968
14468461.790567301
14593500.500949634
8714972.0164782163
8726619.0033885315
10390792.99576997
11641255.324313834
13093513.065801306
12831001.853158852
11146895.486413423
11745169.318279106
11693350.004864613
12123265.610820003
12636242.725905629
6914237.0908853384
7070009.2153246272
7154363.0861673253
7331615.6444175057
7392482.2287986781
7425646.5115035372
4435515.1679175673
4333240.719657681
13977904.755944911
15612486.454722309
13870667.732259616
13770525.391632441
13561201.511625748
10710561.897742664
10019163.993908377
9173134.2683300376
9124777.1639096644
12219928.563274045
12185887.307892442
11971752.350522567
11441504.968878809
11178817.289580669
12374080.456164708
12638654.469496466
6837240.8020397248
6668847.7757865833
6623473.7211165065
6798470.5893364754
6892337.6265885131
7055398.3116252022
4654517.8112763548
4458959.6995251356
13910800.868217969
15868922.092494503
14674298.376715219
13829802.92686828
14113175.443899361
11617859.247377774
10545593.82730281
9536580.3094879407
8862256.5439871661
11885081.398394242
12457926.060810624
12618786.502434377
12059614.376090474
10094219.085316902
13171748.95260304
12933168.025562348
6473004.0282743229
6203291.6443651654
6129109.5912332563
6279863.8896947494
6448854.7025038721
6758427.1313617816
4751025.8615859197
4590556.4404586013
13742149.246413477
16388898.596877884
15735109.961347748
14420230.09529805
15302361.07814195
12394596.764915967
10504644.34388436
10106325.701760639
9108783.8147715088
9662339.9718142785
12098973.703009589
12531539.39328262
12243234.056159407
10000889.955719279
13773666.777336523
13460532.192353351
5693366.1612271182
5531297.0798167074
5549906.2577277608
5942786.5088898288
6236283.1659377143
6511430.5818603355
4620619.1681939289
4396184.1246866109
13800140.539094903
15881719.950813651
16302212.808225013
15095838.212840311
17764864.463964377
13657163.573371189
9441749.1564188041
9773303.9085468277
9463385.0180355888
9059275.0642987192
10174886.333906934
12092006.082862305
11934451.32821146
10972545.602906944
13324700.693217935
14339054.951226003
4713961.5299147274
4323730.6509861816
4561808.5850791475
5655992.1725154221
5995074.831830157
6237060.6521121282
4723264.8617639532
4724173.1850645486
13623564.750656607
15907403.008292049
16349899.213679103
15187234.473751614
19737847.996711742
16216356.220836496
9002698.0141344331
9395656.4240686242
9421171.1782444566
9127125.3709427956
9250430.6853905395
11792655.724603551
12308428.175712684
12322650.172487581
12408628.539166655
15372657.43064798
4304892.8219217742
4224726.0455898847
4546938.8306253105
5869649.9110363536
5888744.1236829059
6039924.0408924147
4850441.3074909607
5058509.0167986015
13854936.590552622
20913704.446220767
11219505.14140765
16053417.542996824
14985913.056409489
19286595.533677857
17354654.991797451
9486000.8938044105
9405639.3153906055
9061286.1805856992
9078170.7611933425
8933763.7739258204
10165126.904608138
12255267.791869892
14822095.602668177
13784024.96349844
16382658.42292924
4213144.0004936056
4005922.0752566285
3865240.4607277685
5417235.8617945192
5628539.0365993185
5866509.5963529833
4453499.670208551
5190195.2949548755
13405996.18007708
17714334.912694309
9868626.8134162761
16150236.689100487
14837433.88768138
18996438.773092382
18165001.081824418
10055255.02152871
9655560.2099707928
9247627.2645504065
9468702.2523256298
9562319.6012447886
9497188.3205104601
10557996.453201605
15014668.546364563
14794692.38284497
17176886.213781469
3793410.6995447497
3559396.1873677657
3359587.0666287513
4968120.7535836445
5319127.4882773142
5757432.6149595361
4332212.0429421151
4920603.7689645393
11692017.383858865
14226128.214220719
9734338.8263591528
11319616.676302269
16681197.236384619
14258277.693458457
19497851.222977996
19341695.510555927
11172378.273572937
10157692.536336355
9832496.0192235429
9871495.589310715
10014080.819845941
9639981.5829345193
9475662.0088215116
13505851.831483398
15188047.504528333
17251729.853127476
3004476.4883977734
2991288.5066903341
2915302.2196482294
4210559.144525433
4892835.4185278192
5237042.862299188
4685580.120054489
3572396.0343341292
8381122.1317432169
11025154.326935714
10625737.397892533
10718375.161093349
10062962.621068094
17499567.280367102
13265112.009298904
18547325.027815849
19731428.921116885
14458331.96300395
11286597.651682341
10328599.336720288
10355097.586124085
10416150.581608251
10005416.885026969
9850818.1021970306
12106875.642347313
13954603.456490794
15965131.190216847
2643788.6358925845
2740654.3022343894
2880488.5633831508
3393994.2634330723
4592438.5976464273
4726373.2686732439
4856685.9413732653
2506494.5573411421
5056019.8159280475
7300055.3287847517
11193608.874302313
10650327.000242872
10469458.834884044
8949300.6850903444
17949682.459744386
15435234.806661649
18614791.682216395
18899657.47635847
15507648.183724577
13476838.937121531
10979837.351021919
10564976.694758153
10371078.110644503
10171874.904543005
10151686.538244318
11184987.337580515
12031387.994081361
14530212.847849941
2347520.9829303455
2453303.2522216574
2615791.7091795788
2711494.0501425657
4012944.4052045322
4299272.6089304322
4568041.4842916811
2378969.3941119965
4536580.5783090992
4110461.6204064824
9528166.9753173646
10150082.910914034
9684285.2755367011
9162404.5827258136
17920236.725663431
15401226.204397637
15338006.059006676
19139853.334466618
15708336.81210649
14407673.793225253
12028014.154504403
10455108.974745812
10325491.800649107
10279868.866459744
10136856.433207519
10746403.34225118
11443741.722042158
15261106.456582526
2001189.9290664238
2177050.4233384077
2347770.3306802395
2453162.7837776621
3586378.3494766378
3974049.4437627797
4362177.107153709
2568008.139762125
5079023.6054388974
4968517.2095044814
9497966.4945488572
9336326.0113219526
8483226.6068167258
8172988.5514810802
6956121.5600380851
17288429.723001149
14816393.827875458
14627399.618398791
19270072.014726195
15861927.135279849
14724783.080463976
13393571.496162087
10351805.437144376
10509544.02762609
10417996.869005019
10255332.486082328
10784264.062272273
11477702.636823364
15010105.098922828
1747604.0627183539
2043812.461698059
2199536.033274814
2314478.8959199521
3184065.2363918214
3775107.5077807922
4293271.0174204102
2916558.1357108569
5392526.763432526
5556620.9537779726
7898246.7176596392
8021868.6183197219
7369097.8974295985
7054575.3591360906
6924233.0061145946
16070793.333224915
13839256.501298176
14417611.140324611
18129779.325152073
15736497.463874973
14543507.971948037
13364873.382793192
10632681.250054283
10611364.568655279
10531423.313178098
10669858.280482022
11068288.205608232
11714288.326293409
14176761.186678056
2057589.4833998943
2248839.8425926552
2339276.8878106982
2496133.2295222217
2856982.4344617925
3707424.2364550941
3968315.21369906
3327692.4786307178
5704000.6205849787
6169186.9947000491
6747862.5090640504
6944709.2128738845
6460847.5819420228
6005481.0352775156
5912955.8644192694
5151107.2869129051
14985600.145650657
13125528.576724507
14441959.505598778
16837225.534590378
15468939.566114891
14462110.665880498
13496402.923200602
11356807.260120353
10565172.273294618
10688151.710998239
11269362.447970131
11721750.259332767
12184660.722672429
14073822.252963638
2455525.970562818
2547026.7495939396
2550825.7647399837
2681071.0111962459
2673333.7897155387
3239106.1161293681
3565625.1079051509
3491158.6891610059
5659026.3554101689
6149193.8468523566
6024347.9586569471
6254869.2074148003
5875194.4535730463
5277698.0731818313
4897102.5029986603
4488324.8237617463
3378693.5680690217
14125472.202094978
12507257.819810051
14690274.165971078
15446185.633957954
15234182.650183605
14438424.863148794
13577169.56996564
11817409.555266475
10348793.31972496
10819345.002721585
11548081.535336301
12074794.479894718
12331617.866551427
14335225.429840622
3010247.9235094418
2812869.6798889446
2713745.3171697967
2745450.6383327222
2754813.0481304266
2831770.7326327218
3562236.5963192829
3491349.8461876251
5167191.6172726788
5414555.0522131016
5766676.8140180362
5675282.065473903
5243011.7427715017
4636638.2656070627
4099329.8684907518
3668152.5380442939
2970580.9909859202
2035913.8721502949
13379335.763242096
12359319.267292466
15098628.151105596
14051944.689629385
15265956.163218688
14393220.488789422
13794951.506645419
12474284.985963719
10767692.791183408
10758934.947781319
11104668.022673266
11465481.020003723
11794907.348000243
13955316.457270933
2957856.4769815551
2816749.8523546872
2753151.9449495077
2722158.2029895303
2797054.9818826234
2827667.0344613669
3317689.9915989479
3342121.1094474182
4404871.7369444044
4438270.864889781
5614750.6097485004
5103438.5711882915
4598199.6794929281
4004900.6571417805
3541758.9977980349
3069686.0466794181
2458957.7991542639
1646797.0005967279
1050748.6969160875
12664738.782628907
12035528.440676013
14673196.383002182
13614101.750846196
15291170.195896721
14342849.819187447
13821044.804882403
12829743.737190887
11530563.301614998
10419303.510449789
10195900.169149041
10283958.450880138
10898811.469761144
13663176.400371278
2812311.6696709469
2746547.267504863
2671399.4700628626
2759572.8927729372
2841949.2059581997
2866219.9149134308
3054390.4504810805
3029330.2877936275
3855931.5866024117
3701381.64860202
5619569.7861091979
4838427.9225551598
4237184.5930249207
3730099.38443251
3319149.4622595445
3031638.7282616445
1538174.9075058578
1037361.8063050007
672910.17638639675
11801350.946725445
11536677.951089745
13708406.161329053
13057487.521895424
14650228.359631937
13949403.604810782
13393020.509240871
12579391.504662566
11335577.593316918
9674336.5861227605
9483926.3350247536
9323563.7898363695
10249670.525597954
13059901.132224726
2726698.9669851963
2745581.0790912774
2828343.4195932983
2967768.9349070559
2937221.6451429557
2886023.3310952731
2973946.6649557441
2913995.5586493118
3463189.9189446592
3210256.3216563119
5442582.2570800083
4618921.3199838251
4068070.2413620981
3943097.532975655
765324.01614134677
834944.72192813072
723799.76978636777
413925.1011439882
181171.64785056774
61625.981940139667
10790648.058406537
11172940.417747337
13314144.463258423
12808035.719692985
14084793.218359333
13598899.055215767
13024635.721440949
12483406.57379761
11617088.013827449
9814764.009783119
9357500.5806868616
8689289.4279689137
10453931.742109813
12600569.27502067
2886739.8447463098
2825006.7625320596
3048339.9387522936
3201822.3316701553
3011601.1073614284
2879340.371645458
3085124.0477173366
3060307.6131714797
3127067.3321913835
2842116.07725748
4635549.7624315228
4104966.6990079493
4116727.0967852199
675259.83930157521
696590.10198478308
590926.75904894434
312203.03527080448
91435.982138621242
9947692.1072146948
10907669.264386587
12656069.996786276
12381775.79124533
13427376.944301058
13419953.094177179
12891208.307522468
12576956.463999316
11974761.796449888
10818044.196744122
9496236.693872977
8641281.592392087
11417444.922130842
12390094.707882306
3120510.1166205606
2990344.9889600147
3258068.2674642093
3372215.3339824243
3160494.1946377023
2972551.4412379167
3217214.6145100244
3180594.235353217
2969327.5921374853
2574201.5283764834
3226708.4093381958
3003136.2349670785
1169431.9332185923
588312.03018542472
351350.12189587916
207254.9033900745
56246.290680269653
29568.877213674717
9233699.9963114318
10157454.895501025
11789962.759328179
11876703.692984674
12590075.577864401
13379707.775426028
12888630.43048637
12584864.676675396
11973781.521570377
10681267.262427885
8842174.8563286122
9810787.4742516726
11558443.923295673
10939199.864275204
3426170.3880037349
3414464.9743220233
3673281.2339927913
3603855.4382246486
3397946.4826045386
3190175.1969151418
3346029.1888590218
3271282.4019907461
3004974.5095010395
2515997.738028287
1991941.5202179858
1705304.1189004313
1168670.844624097
438802.5894360292
50101.848319815726
7274.6297424064387
3312.4544383763428
3185.5696755789149
8772103.1992300432
9485437.2309502941
11357336.488102043
11740909.969690716
11742159.066512296
13185156.878244061
12720675.195912527
12348037.634087617
11655768.536525445
10811363.947640613
8918578.1000562329
9698718.8745124713
10045497.546362581
9783162.9161687698
3611479.3663316611
3844496.4491507267
4105726.6395632126
3891764.0902616237
3656628.7299682358
3449417.2519887188
3460169.1190132638
3328516.1379426201
3066299.6995042479
2659248.2512147892
1375742.2031965398
1186861.6491433915
660854.94932801323
208717.06042084651
24339.745709780844
8384410.5717077022
9125256.6695608459
11056456.485880826
11313115.757962612
11396351.845959222
12661799.602057785
12419473.055355767
12089738.189793292
11268203.044358334
10542493.527447036
9151808.7724783123
9408376.6083499603
9250516.1422667466
9018268.2181818727
4012369.6354521872
4224434.7376913289
4461911.7647146629
4250449.6080881199
4012881.9889481449
3719353.0168026476
3881184.1391380797
3510175.1572067924
2936759.180473424
2707338.2092861715
883608.60713294288
684304.01507952146
261837.07978179722
27062.006468509619
2806.731596633244
8021052.2256280258
8796836.3154061344
10558542.026393803
10887635.820918819
11262138.698906327
12127948.296896614
12059465.097239532
11748178.696651071
11044499.400722196
10386486.558674444
9486015.1715749837
9263423.9448810145
8853633.6412509941
8658075.0989599079
4118873.2365167472
3715489.4547646865
4084559.9443840757
4492289.4596694242
4296389.2438512743
3986245.3625677107
4107618.9178669066
3621985.604486384
2835400.2280170415
2624182.1219831095
577351.64152120461
445600.03817586409
189426.79771853049
23838.750037268346
3450.7263390738008
7841962.2137722103
8622272.8714082688
10047793.365299871
10526717.24508542
11189919.23242713
11474602.617230497
11662180.029513521
11390461.27385084
10864451.065491917
10181532.608303932
9306998.0624279175
8692620.4304472338
8557009.6028956659
8503277.6831978466
4197347.2942594988
4546937.5852926904
4262012.773229463
3911981.3574114409
3701249.7700617719
3360940.6177916774
2614091.8445105786
2495854.8824373204
372491.14978615468
482175.1458026836
44412.285087072327
28147.875811353832
7345.8525314945737
7695893.3869891213
8316769.0729408143
9654094.728574127
10091693.4688523
10774682.861162482
11267455.770576479
11235348.938619556
10964964.048837306
10629486.10039195
10061403.341248274
9399141.56585861
8589240.2548501957
8401659.7748802993
8485365.9291989654
206375.19455369114
154348.36726329048
43061.81656962695
24376.732413217152
6924.9733862756202
502.80102923023696
7478071.5041752858
8047379.3627802618
9594741.8560841996
9806196.7258890085
10313264.144961542
11069872.661227478
10670260.324074177
10533071.892753916
10267381.165835828
9865224.6830708142
9324991.0758074615
8474845.9249663819
8295971.825095376
8505754.873821618
58107.125332276475
42993.60045535324
17124.801546638893
11076.820473647151
3088.9515945467497
7190574.8308971617
7769145.3999203406
9404693.7286402881
9577396.8473917712
9939330.8645308279
10746044.571395505
10086527.065005857
10186311.269804223
9994083.3330346588
9607772.932498768
9150903.083477864
8367740.7406339217
8282507.6208165698
8588681.7943285964
35356.6794813167
17943.526592292572
1720.367823152033
1905.0476262235284
969.87543475628183
7169298.4783379687
7584414.7058732901
9181453.3197570425
9359089.4654215854
9569126.8752874564
10085311.414092785
10159448.660998356
9853925.1547728479
9667895.0767564345
9365730.8508050907
8963207.9120058268
8163263.7769625839
8177583.5121398401
8983586.6897990834
19371.353254826721
10137.593269679917
7310224.877172268
7517385.8693420179
8821695.9758645371
8955706.5431142431
9180984.6855901629
9311560.5327590201
9572441.9823278692
9471927.9431024194
9370890.4009430166
9163296.1402873863
8758939.8289278597
7819212.8119188296
7997395.54173881
9040699.370568512
12656.109877831908
6097.8212437875645
7396718.6685220273
7481844.6833333839
8532992.5719913449
8678715.6346253194
8821484.6450198647
8803830.896431651
9055970.3733853977
9288150.8053191584
9161593.5904437974
9053969.7089354638
8679174.5730408095
7588662.6905966932
7697700.4008820336
8338579.3765950203
7391.7633497575416
3624.1447787487409
7408408.1845372859
7386108.7559206989
8078729.95347647
8341203.7631910425
8494075.204928128
8462784.5596167184
8669159.5497965608
9002331.7684652302
8865343.6487165615
8832520.5645664688
8574186.8075706121
7331388.4134638691
7357059.3938997379
7886058.2289154027
4841.8886041470259
2179.198824452536
7330903.458155863
7635459.6363298353
7633903.6833545081
7937796.1101559391
8186809.1186688337
8259073.2103288369
8373269.8975782385
8907600.8143156376
8870510.9443507232
8624489.9283282254
8352135.8665265162
7087090.39813527
7095641.379910023
7427091.4009925984
5791.3369181924581
3455.0450492986056
7091082.7690397035
8016450.6270059403
7367085.6218885817
7649607.9306713268
7940104.1169193024
8083644.8077766448
8049312.7938311808
8447777.4813656937
8722512.0756542329
8727792.9240023457
8195530.9795518406
6527526.7531199716
6702008.6094931951
6947038.6111153048
3642.0765232322951
2003.5049110451728
5517594.297267911
6544147.9351032358
6441492.4426219994
7512965.7226819051
7810425.4523225203
7946737.881753549
7949188.0570449801
8025856.1412936943
8239218.3159251576
9148753.0774560124
7768691.6727258693
4527869.3930475423
5918117.9975733971
5636081.5225775689
2341.5147767631402
1206.6114363467987
7773629.5904827612
8071474.427715891
8339897.823803517
8687592.4809913896
8644868.9761176631
8634216.9267533608
8572922.8156709392
8525456.6463393886
8568475.1727644317
10258185.794344705
10311148.884284386
8816298.3104725331
7292015.7661523391
7577474.4369222708
1530.3376183205769
1035.2257774470968
6726018.3102533966
7294588.1166801592
7449128.046387108
8510488.3603807576
8562326.0572085176
8583059.9606899545
8560443.2717952691
8484458.7420920543
8788483.1836359389
9775521.090046484
9051610.034618469
6517184.1843466265
6378061.5987465037
6125914.5364701841
225.64644173708743
8040089.9608160434
7692579.8919443954
7486095.7814211706
8431388.3827272039
8635884.1284821723
8726355.7130356599
8609596.1917881183
8347359.7974725841
8266554.2953107236
8452969.5478310082
8004830.9599479772
5997275.7266332209
5888050.0782501604
5314018.7969317595
9329377.5527759325
8725207.3349268064
9059007.0601849966
8123228.7853203034
8685283.3636470046
8882510.7850217614
8775039.9607737511
8234942.4058991401
7722623.483135961
7692000.2315961393
7387871.3085304694
5886865.1018039659
5547293.3217613371
4942787.6694860104
10074899.301711304
9428543.7503867988
9392704.106377719
7671565.8566055996
8470445.5169824548
8747074.1713759694
8684455.4372386876
8045380.702828995
7429112.7018725555
7360479.7743866649
7083640.2585935239
5899072.9951636503
5384976.989325596
4921370.7750864299
10571900.173008386
9456675.1673023365
9214562.1624640059
8631199.2975370213
8041553.4741668822
8366500.3537726561
8259591.2497269074
7794886.3551132651
7274628.8191763954
7153662.9098406006
6919968.3365392461
6001364.2252687542
5713259.9285754021
5421493.5873120017
11434183.501273235
9725618.1242792457
9006892.6167529114
8157346.6299567269
7834430.1260228083
8043134.0067305369
7930205.5771907177
7538740.3355159713
7066372.9961700421
6964095.2482157769
6721792.597066287
5942732.4363073353
5927663.8919661278
5964637.6431390597
12170682.237557832
10379944.714653963
9221182.415556835
7795222.247684299
7930813.3532228628
7909031.1382389311
7703514.6541346749
7335915.1549242614
6980317.9889471708
6736412.9580416624
6455320.1013240032
5642419.2451484688
5642439.0495654065
5656125.7004864654
10669692.064445466
9473313.7371117156
7630891.3482361985
8141919.1389205856
7894602.6415093504
7606229.721042295
7228287.3986954782
6874499.1044401387
6575536.668945225
6309304.7821164941
5222393.571425478
5128236.6473289002
4712107.7615637109
10996541.554727186
9469069.5209136605
7624274.2975723939
8245849.0910237888
7832946.7990897419
7535919.8320664428
7171418.8122485522
6765247.8169566486
6464164.7125293873
6219664.321043402
4711493.45648662
8743100.1574769318
8085645.8019801276
8342821.5956479684
7761391.7096451269
7496057.1209301427
7204172.4819930242
6812790.9706619205
6386351.0431390293
6145550.1082400754
9177129.281252902
8736830.1787867136
8063859.2109049456
7519548.0188368894
7183759.4784330186
6861703.8565948922
6392508.7899385234
5999404.1800217805
8999490.1349965557
8565569.4168240428
7689567.5289286254
7096719.687771068
6654005.2956140637
6195223.7330823075
5745576.3457234083
8418505.6263276953
9191017.4269903116
8245366.1328861453
7023458.1849314375
6355715.3021086119
5955931.855349266
5559664.0237607015
7541442.124748447
6828073.9759634184
6123869.8338444196
5809793.6169864647
5441324.40332253
6743908.0598996673
6653778.1426905533
5841204.1480689552
5601557.0505462512
5355228.4542990336
5858284.9205671614
5630118.988735822
5242064.6393764056
5181215.9011458009
4496106.9162724707
5122754.4659575168
5144412.1871420667
4284021.896757354
5451523.8445640262
5148450.8307205085
6123336.7698077196
5295902.900220165
12326211.7559379
10603741.549290206
12280353.315159095
9083687.7978567015
8754891.5080597941
8810730.0773661807
9037120.1146722864
8901854.5073851738
7903478.4573830385
7310986.4282979248
7097788.7774438625
7191689.695920256
7462518.6137121785
7120411.9873415036
9054310.6358196829
8515800.9173300415
8638849.2196113151
9140461.2804734018
10632686.325679211
11608810.840415517
11406513.69773747
12399596.373147769
16911004.373920687
13743695.150572799
10835911.262241712
11455475.58193879
10913214.692999277
9708239.2896221969
9588569.9316491671
9533114.0148130599
9658912.4484413993
10086842.795371305
7307333.3113975497
6891361.1802191874
6757278.5594807155
6879222.2911174158
7086532.1109816981
7254739.3976012766
8357595.6363167251
8533090.9845199883
8855721.0505475905
9223340.895728955
9688720.1359362267
10337047.294512082
10881292.035062697
11897727.186646242
16995616.301809937
22166795.58122528
9049549.3930371217
9453590.1618103329
8357513.6324865557
8897787.1414769981
9262906.6976209972
9367738.3943913504
9575055.5737101771
9536676.8650792502
5964172.1131065041
7456924.2386345835
8020046.083861636
8291739.2009812724
8209106.5070077199
8133028.5636235541
9460051.1173326671
9688703.9690922722
9991076.2022636626
10327146.842844589
10735061.551303558
11471972.206655636
12251094.489265921
14123946.565408856
20390082.094745833
11905549.534315698
9355273.7725412194
9581207.495976923
8091435.004936968
8582738.7803112157
8883479.5931587573
9045916.9068752844
9181406.3588934001
9113559.9035781454
5595832.2048207419
8374685.8461020878
8153668.1249466473
8189438.8754302077
8191129.115746269
8134294.935781627
9316474.9307204057
9521422.9949746821
9745575.5759337004
10062825.763903463
10212609.107685076
10220944.963553097
9764242.0476387776
8769759.4696075208
16491638.913823221
16163519.278738458
10459278.907766921
10032242.879018867
8059419.1699759718
8345078.6117965328
8663613.8887354825
8795977.3679663818
8979658.5821646601
9139737.9644691367
4464456.2692379486
8875384.0911480468
8429540.6679513287
8208618.4315951616
8146989.8197547533
8110513.0939390641
9131356.454550175
9290503.7985339668
9505148.0327267852
9710076.1406413
9769533.4764084443
9697822.1654956434
9323090.6997938305
8711401.02594232
16357154.229562912
15703563.076217709
10873919.111852145
10001140.215840999
7772684.7045932189
8095275.6628502831
8415718.6596318614
8566683.9053450935
8558236.4982153066
8371984.4711539755
7231189.3512419797
8910092.7353012078
8566698.2230004352
8400524.2059506979
8264885.8091746736
8198437.0358619401
8967783.4669028427
8985882.8148905784
9183680.9518008325
9282262.7768423166
9382457.5005514957
9509548.2397145815
9600044.9794649519
9729286.5443845261
14580584.560068909
15107445.855877895
10410812.730968485
9626520.3685557768
7570252.7170288805
8015232.2459650347
8350653.8702097833
8489459.1729827244
8307636.9898129152
4513550.1626707129
8218407.779942275
8461536.6536507122
8353942.2642511688
8316563.1554759257
8258761.9031468704
8242318.0079053454
8805043.7675889358
8766570.8883916307
8888927.1340391561
8937376.6286812834
9034256.0947833806
9265917.4469605386
9644307.0529296231
10533440.313651616
12888452.792816861
14489487.92795529
9254173.9574796483
8666562.6642270386
7624817.4875344988
8097322.8415569095
8512381.9724775273
8852705.6779663023
9225385.1528697256
3664999.5878161089
8112634.5036979578
8082001.2613667054
8130925.8208403029
8182481.7097583851
8253524.8396123508
8175165.2406725874
8470904.8449284192
8566318.1016244311
8637588.343549354
8696209.762884276
8720858.8517696727
8872810.4690414071
9154604.228152629
9901421.904174462
11821708.039525585
14376651.072749998
7381750.9060296044
8697899.3378243539
7812070.2325373106
8245548.4882401973
8665831.8520119786
9057481.5465132743
9230461.0869689994
4225756.8086371021
7081837.8310098434
7658003.6820718991
7971409.0829522321
8170115.1050844202
8294867.0498655047
8247801.1235012356
8207832.8040453894
8230259.4014539355
8283752.3283420391
8309104.6030953797
8402937.9531388786
8502338.7589463722
8653525.1325302534
8990244.5092384573
12208968.996023014
14456081.904049056
4318674.5449287705
8924723.94723792
7699643.7129624793
8370202.6095766844
8780566.1052174922
9220002.0636022873
9708133.6758153252
5644543.267266877
6941038.8969146386
7718556.9177590068
8092981.5316594141
8350342.9546216214
8464385.5054895505
8505522.7289876509
7729939.8400565097
7689985.8516251566
7922125.535076594
7930097.8362633493
8134997.9458837984
8218624.6509753531
8246596.9117611526
8285563.1543115545
12479088.018440537
14465258.471235225
4677886.4448098391
11721742.886930371
9801075.2759502046
9089940.3101065587
9040429.9789393377
9517902.5172024127
11929307.616637697
5676755.2437112229
8690254.8673654906
8601506.1599086504
8582009.0139856767
8687545.8614846468
8856657.4101062994
8721396.5679930653
8322545.940479367
8450189.5736781247
8730205.5873610675
8441211.9096286073
8169534.8321836749
7927459.5921807317
7762461.8594001364
7559998.4325411757
12627742.275569923
13663788.576474382
3139937.6795890522
13386744.783716483
10041209.726337388
9124113.2940411214
8589654.6251506638
7910905.9149142401
13198436.420096487
4183491.1394033078
6543337.1216027373
7327540.5789614264
7865320.9828703245
8285479.4820535248
8612300.4491983503
8192025.4775470272
7999738.7118781824
8095186.6512596728
8280344.9078529589
8288291.7580231344
8057874.5322014065
7580560.621195904
7220026.0598964067
6900450.1203306038
12718073.275857152
12609920.130056288
4209049.3902770588
9822591.7503109463
7090133.2135506524
7440730.6826913171
7510851.4869399751
7439394.4060013313
12697589.408905845
6093746.3544371333
6594542.6943636248
7116749.0021307897
7615018.2371113198
7964834.0241831709
8061710.3104335722
7943143.2823372781
7430002.2044159649
7505855.1122585442
7781656.3283827212
8118585.1954568522
7872049.0178237166
7257601.039253016
6756675.076260319
6343714.5662726341
12666327.481128672
12029225.778532043
5817209.7809747504
7809091.4958863966
7181630.7175359055
7547031.6589231016
7806108.1024230355
8236130.1680457629
10918907.945432726
6322130.5930146901
6703677.2975706877
7060346.7424198166
7458590.8562422646
7714518.2130365251
7689546.4851601897
7586720.7208372094
6639961.1640045783
6648648.7071221201
6901073.5939481752
8452855.6751840133
7982824.0963626085
6863094.2069728822
6335837.4480115371
5907356.7878892804
12435126.369563712
11419061.768291535
6440135.8151267758
7322433.2321096733
7482764.2449701754
7846283.1715169437
7954640.4024155186
8247728.7072816808
9503661.6032071915
7120966.5635885373
7004103.6142320568
7188464.9446671559
7478438.4032055978
7722625.8755720863
7643814.0265648514
7154816.7217138056
5712977.5921948235
5459606.9101971826
6545424.321963774
9505632.0058448017
9431866.9231959917
6050348.1644058125
5779880.4411484012
5595458.2620165562
11966158.88599753
10896511.612261139
7389947.6932336194
7709489.1488740239
8059033.4147397429
8471463.0998593383
7847040.8635256542
7733649.3814352974
7693199.0011062669
7128157.7831277046
7097464.4897972774
7234531.4756985074
7543589.2563424986
7901535.4640005073
8201790.2156973965
6463172.8567318348
5087313.9015907776
4905718.467141577
8314445.4899163237
10251743.662801376
9828130.5827513263
4966113.5573725021
5148974.705900033
5128857.2613615179
11365263.112745997
10670396.267019371
7842672.1356875822
8160058.554424284
8811924.7319730297
10502532.753424084
7530888.9769008979
7114927.707571011
6927661.6388874119
6836056.9358971538
6970043.9296969492
7182852.1899040341
7493569.6319765514
8032452.4248416116
7909611.6130891507
6454388.7293839017
4860783.0789960502
4821068.6940069105
9328137.3971760068
9726869.2452122997
9636762.4612490237
5326764.0944952806
4981320.6404063096
4782672.3572983984
11183649.797073307
10763933.262575962
8087094.6304579172
8298548.3309219889
9154089.1528848391
10784125.901197445
5434862.8965565488
5956065.7213957245
6274624.6780368993
6563410.3607028257
6882389.9770372109
7184808.7754688598
7425475.0948350672
7863177.6239819359
7295866.8457770841
7116945.5005381564
4957302.8103318764
4886773.4133328097
9511259.3229911476
9566822.6671479307
9732072.118220007
6452028.9440281233
4278573.3313717861
4081382.3367103562
11222999.41723996
10826716.237671854
8327060.9927045982
8540629.5753385294
9265598.7573734764
10275376.500110606
4115913.287144118
5231123.9469781546
5916256.3277701028
6383554.1788953813
6811821.2573289284
7071577.7126038671
7195896.9076200854
7414287.3461486297
7437814.1648886409
7275632.4872397818
4956373.503980387
4805466.9037113115
9484780.7036261894
9197419.9152218699
9123647.5357181877
7605481.8214904033
3241346.8448369056
3230785.0575111308
11519304.014990294
11187021.198702239
8581584.5160139482
8747494.9944556076
9503255.9059437346
9632496.0498127285
1625085.5701295144
5565362.5108135054
6162229.0792823676
6519458.5076174838
6792648.5372192487
6942300.1834995309
7043056.8865051977
7217915.7359293578
7381077.3846374312
7375191.2844050266
5146674.6563905664
4921245.2028305456
9534162.8601910323
8848298.3883767202
8657894.6570864376
8321032.648549065
2968345.280518109
2936285.7357209725
11970448.517335281
11648270.470088955
8779930.5123059452
9043062.2154928613
10118978.99902668
9140789.9398021027
1609125.2259439526
7556671.0203067055
6903100.0086201774
6892661.0517900661
7049446.9613949768
7084117.2712490978
7053928.423077587
7124846.6407116055
7369424.9079688033
7596666.7018535789
5810989.467529119
6207665.5081848549
8874579.3706335742
8264495.0862158528
8192996.0919226818
8124659.1844113693
2811039.8583295336
2833751.7606353713
12321244.502797196
12140756.85537683
9025663.3500528466
9377758.9193173405
11363651.209021652
8342445.3360336199
1901781.1955632397
7323427.7046949593
7145718.5863044104
7130706.4526113933
7290982.6543375412
7361913.7671152484
7279436.056786268
7241626.179194211
7499500.3480433626
7854211.3859906327
6160641.317770089
6527643.1760815848
7197194.4599076146
7416251.7688285112
7549888.8365048449
7454537.4463275401
2853301.4458418577
2938744.6333097909
12651438.537104707
12953963.656873167
9263481.3828698304
9549648.123770481
11490610.116647592
6037852.3490092084
2691933.7470721304
7277745.6957287164
7310606.6173163699
7341119.2955618389
7416646.7017424051
7524047.9939268287
7528304.9991321927
7503716.310578824
7693797.9389080042
8035436.610096341
6155750.1815627599
6281038.4534122804
6537757.8659701217
6807933.7641809443
6994614.8759958996
6773504.0967187379
3126770.3904227135
3159506.3844931885
12746002.836503308
13248418.472701825
9268725.02573549
9515158.109423615
11466185.693092735
5210559.4102291204
4735048.6985879885
7432454.961539045
7475741.6381368544
7529537.361065805
7577492.8013812304
7584669.3066205056
7659285.1765957866
7727357.2447517235
7832044.652489597
8079613.8393180436
5969284.2314491672
5976071.6501512146
6097508.6775043998
6404320.0418513687
6687114.0405986933
6376265.162266897
3371069.5723078726
3225505.6198932868
12560315.955223219
13139635.77563218
8987106.3258684929
9179919.2566847466
11757222.192919582
5049480.6537386263
5159090.7649449967
7509356.1787179336
7611877.812407665
7686389.1179168765
7711905.0422448078
7681386.0897197854
7717369.8334248336
7778364.4435414663
7846892.5748670381
8042362.1241748231
5761530.7716142042
5735766.6865484873
5706120.9928712966
5887279.3051950578
6927076.0942973178
6104604.3921605954
3371549.0319571407
3364024.32164953
12400303.137505859
12563809.191538775
8591109.261868909
8130965.1273510996
12396209.454306606
4767242.6983769685
5351896.8018648606
7565603.418283144
7726111.606814744
7769553.5761837903
7718955.3452004399
7604988.000723212
7651284.2377435034
7732339.9435690111
7830870.687339766
8057769.0713847121
5643376.5771737527
5458945.7527447296
5200663.4914073143
4706614.735538031
5032169.3758701449
4894185.0660682218
3677326.0910612191
4004490.2077039084
11774447.97452803
11802691.134973101
8414019.8248027861
7889306.3464325992
11369056.357677739
4774819.4109862316
5838141.0485992385
7706601.0999319823
7829346.6734149205
7900681.7560657868
7815647.2303388882
7597289.7533922084
7523840.7635526909
7573019.8132487247
7758838.6011135839
7948020.2137322836
5532516.3905075984
5372188.2211761121
5183463.7999095358
4982339.4438018901
5773311.4084874848
6313533.9618906323
5404254.4107046286
5163205.9595332518
11051325.070140179
10954678.976871964
8434106.340392638
8200117.5769003714
8956586.139906358
7113668.4165354185
7107400.5043096552
7903237.6512847058
8039504.5944475718
8184487.4153933031
8106935.9544085274
7949238.2316262294
7791673.0020294292
7261718.9147663014
7564363.397771298
7638309.5037139077
5294867.9110355563
5257164.3962827846
5081582.4730667518
5033414.9985450292
6188645.376923875
6065518.5428097639
5743208.287295511
5604664.3110819794
10694315.190560061
10792675.345153656
8585795.2547054309
8733765.2678062078
8008144.8088249322
7977584.7107345406
8167935.6972293667
8303997.6468009977
8239672.1434568698
8371791.333514086
8391211.4934097119
8358113.7042648243
8178476.3123505311
7444840.6548858061
7671055.6489506578
7578796.1932630101
5179898.5259239674
5281852.5013942225
5369671.9053741265
6118087.0424613133
6732223.6025479836
6199476.093377986
5472823.7006344208
5175386.0303405374
10882200.453015301
11126364.561676716
8542868.5627148096
8895653.7712506484
7241746.2845889917
8646800.219199501
8479734.8919834904
8401746.7108934019
8410128.6767825671
8506671.5642869547
8459417.0398025811
8684923.6523776874
8539275.4659866672
8221366.125036113
8270967.7499063676
8184494.0349439578
5488910.5889939563
5590907.1207406865
5912869.0081708776
6620157.2606399525
6724545.1247248938
6943941.1782429274
4252352.4523635004
3773418.4440263291
11335993.836307678
11491168.703809215
8636686.2228595335
8994502.7049535625
6195883.5583790205
7538227.7976829866
8649823.6424438264
8415504.9638140611
8605999.1562445592
8785761.3209560178
8209719.1765638776
8533688.7668835502
8417665.8551227618
8624774.2889282871
8810853.5608221479
8872017.0465790909
5959462.0179133583
5928332.6698492244
6078344.5986268558
6381803.1011791565
6635133.0826195357
7001508.9880965948
2515757.268595899
2367472.9736246471
11802412.404869044
11920367.431237424
8459632.5799626447
8004240.5753730135
5808120.2618600549
5895993.9128842875
7759483.1256789761
8295566.2598850308
8735073.0388200991
9258207.4844532181
8173586.0888297521
8152583.5634076837
8549166.037935704
8873222.5962368306
9194179.1420589983
9407605.7197283134
6187491.8691520998
6160525.4566934351
6198875.5308530666
6406249.9446813017
6606885.7422755258
6815592.8239745023
2148542.8315366218
2023029.5575562529
12456998.597076891
12476968.450924981
8498151.9118994437
8371435.2710773712
9987969.0905322842
3406466.5600931607
7108921.2560430104
8291681.1076273462
8819120.1434586998
9646726.272440359
8254707.0208290452
7492573.6769029945
9056377.5805967115
9036921.5033973176
9386399.5202139765
9784615.2370361108
6107944.73386773
6031315.095903351
6114138.4964254554
6348576.4221694237
6514933.6057176637
6525552.4239929589
2228545.7621624572
2151905.8675508294
12615187.496032976
13110749.549185719
9072852.484764738
10312011.967329284
12244424.925568584
2625742.4281557649
5775734.1760552051
7700882.0320422649
9037393.1830237601
10126516.398435714
9199493.7428609785
6770064.9179770723
8953849.5458653681
8926212.0312922783
9302153.3267656397
10104394.112789726
5775080.8846018696
5717755.4065259062
5758344.9580791658
5972206.0713976631
6099983.6895905109
6047613.6130767241
2517974.2287853914
2494808.094220235
12309261.385897579
13606483.869409697
9459087.5170907248
10250799.217994282
10714761.165148584
5062179.3521200921
5273596.2261553658
6971272.1893402664
8423479.5502927434
9894749.878320504
9672315.6931029167
7828669.9988560565
8642301.4349457808
8624573.6678605285
9119544.7057519145
9640030.0171796065
5086362.8836430861
5248489.81735959
5331831.0007238341
5498612.5850958806
5564788.5301468493
5577248.5095071448
2886743.5576913068
2825560.905304261
12186793.984468425
13635075.546486184
9784529.104900118
9758576.2052900512
9600403.1171807144
6961040.4599612346
6378739.2523488207
6329339.8709902605
7378135.2005716469
9053662.5229677334
9115029.7288890928
8796822.867456913
8400454.7982110847
8156049.4611575352
9396639.4880911596
9721128.688851485
5046409.5491667483
4930948.2447824785
4923211.5036274549
5063596.3434215849
5126371.5497241477
5261817.2774171745
3178971.0823125397
3046526.5406815475
12077805.468345787
13823412.999426791
10452949.607419353
9867191.0062509719
9974101.5585276932
7835585.6218397785
6906884.0275162095
6645738.8600373408
6665007.6405805154
8709150.7698867209
9439149.8533069491
9617095.8701773733
9046170.1667877864
7010390.5108874515
10225919.470114015
10078131.596044442
4744779.2216882668
4559946.7050726889
4541066.5365185998
4699996.5856484771
4842005.6656020433
5087219.0259581376
3326158.4208295383
3220810.020472107
11849895.943724182
14209363.945996711
11056959.214415705
10223174.438732808
10972014.881106758
8480592.0466879103
6855454.3368267668
6701633.6893896246
6291297.8218187597
7288519.7907611923
9038798.1311935838
9667203.1228280924
9421653.6954163667
7085471.2873401735
10853914.088017398
10579764.330487767
4111727.8175305808
4002555.2280811518
4076601.6726518371
4488498.5612643017
4763949.2200345304
4996066.5705161188
3261826.9365959456
3052378.801753642
11843257.551047774
13510236.668641828
11458350.912306752
10789867.217837382
13076089.445107058
9273394.6148484387
5907449.0854249382
6354070.4496810753
6443499.2532375436
6284123.4698061012
7082492.0464801956
9192041.458632296
9187170.5760005452
8294665.5198309403
10373971.647294087
11314020.480398286
3259361.9708436029
2895632.0594372563
3250933.1898299675
4386659.2787063727
4695461.3773893192
4892731.2117480682
3481446.2874083281
3473628.7749315705
11454210.114012655
13367594.406513251
11751676.510320771
11075881.471424768
14842084.439844057
11552358.177615108
5322119.8241039431
5933497.0762032522
6454246.196949468
6379766.1842517033
6302726.8128842302
8879825.750270633
9579898.0324402489
9666979.5340850148
9451772.9573429823
12240278.594053688
2931960.034114101
2896635.6330319592
3343290.3418716402
4747116.3373005847
4721711.6431211876
4822401.6818630993
3765663.9049525578
4002041.5538778394
11457179.581410861
18239689.392971486
10303752.360285925
11642019.387393031
10921988.192199657
14325635.79137052
12681568.740345407
5778621.1706094984
6215487.8457989218
6610395.6842561373
6694707.1689185482
5917484.7687503081
6321974.7153370464
9456027.1929727029
12205965.521536784
10934996.515275836
13381407.61211958
2869353.3749270705
2755887.736436245
2703692.5093821785
4365969.9256303655
4533014.6578421136
4723454.4572208142
3392236.6718838643
4159481.2580419779
10935279.707257131
15480814.46539145
9358141.5037739072
11667379.951803155
10726570.636544243
14060660.110013327
13506891.4542115
6911899.2090865867
6985623.8007510891
7052935.1366751445
7163026.1155658681
6633369.3248613123
6227371.8818389075
7529471.3216309603
12150175.553035375
11814698.654840684
14359638.617966605
2583282.3611398758
2416557.4346511276
2288790.720572866
3978080.8740566284
4298213.0547390431
4731735.0519677615
3290392.6992460042
3884218.2149177105
9558815.9651807714
12858635.838716038
9537771.6300801728
10869842.639200367
11925982.961126989
10133087.990391262
14476673.82351643
14530302.388999986
8237156.4872164959
7487847.8800080623
7430763.521486029
7497206.9684469551
7343844.3253388954
6780056.2987171523
6581763.7688115826
10667934.810493791
12325857.90406085
14608439.864656921
2029128.5961495207
2021951.193574067
1982909.587956131
3246749.596548283
4031800.5609395285
4416093.6570457742
3844722.6286322754
2599215.8960746974
6631265.5664259493
10232233.895321365
10444563.36979763
10634196.147089384
9474932.7612986155
12516603.984133894
9303862.7860259525
13693985.577328032
14988370.645185396
10581652.927491013
8573761.1971813757
7544611.3406907329
7542414.1904146913
7486154.9791306332
7130511.4314250425
7155579.4901924618
9423074.7629074398
11170141.269193185
13290885.303702764
1864984.6274153078
1954160.6401244081
2082837.071713109
2636734.7157112304
3997626.0626052474
4139204.6743575661
4266325.1119961888
1613662.3927794658
3520926.7434745636
6819416.4975854643
10796045.286091631
10275391.541277235
9840854.7189637423
8067916.9255690752
12998655.647572838
11180132.232446082
13858464.385830134
14445016.408869797
11848269.003690939
10174314.88498126
7955059.4050456556
7507890.5762407416
7444904.3123000087
7460498.1490763463
7594897.4967682734
8652879.6377182472
9414698.2118824758
11920600.87568859
1745743.1449430585
1814992.0590444601
1929980.3633950895
2011347.8748693867
3584402.1450545201
3860426.6316978186
4113426.2871135958
1614268.0519819653
3322235.4376916946
3351575.1770074647
8754327.8780348636
9568505.0268988945
9397795.630712267
9204813.4442562964
12919805.284324473
11164753.42519445
10840608.256703626
14815803.815250214
12128346.695791861
11175937.04376445
8958628.3992313333
7501020.9110862724
7547062.1517730476
7644880.1715128813
7690260.2518658731
8323526.9009529371
8979649.9568290301
12756827.29751284
1515863.94859083
1620562.4947373341
1736994.3131757977
1803550.2737953004
3212215.7372320858
3597860.6152626388
3971774.9447164028
1950511.6263001978
4062888.2349602659
4091127.7088784026
9057021.8085375503
8971565.2861419301
8798408.2805152945
9405600.4104768857
8452715.7860482205
12284017.155650601
10551246.035076424
9900239.2352381945
14976989.753650235
12224181.455783887
11478749.286727805
10162046.897253757
7526042.0740473568
7765876.9617820326
7865622.6782295238
7888958.0546058621
8382536.9327544998
8966297.6609189268
12858337.056420788
1300612.4668725391
1518704.0366263094
1617829.8481610459
1698764.6210834468
2714803.7252589772
3422158.1942832032
3943729.2212553727
2352714.2578180907
4523254.8647528635
4715183.6301233293
7704270.7742907517
8037959.9806089289
8112071.0405473262
8843646.4764482174
9517973.9946867637
11306543.322955554
9758261.7282710336
10025073.847343972
13933635.786426444
12066525.197641224
11253038.489916882
10286599.948672963
7947267.5046680365
7936492.1279853471
8032891.5726938322
8279005.3147466807
8628192.5145005658
9155820.9183149468
12409524.121222239
1566700.6213816644
1717502.0640950308
1756066.604836476
1880920.5975835063
2254444.5289878249
3352288.9649024322
3585521.2986616399
2782527.307225896
4945892.0969421687
5425256.1228567548
6933033.5200609667
7453379.2401406374
7689129.3892199164
8233812.5801267475
9262003.8856219966
8855326.8279643469
10468845.583518505
9218682.6101920921
10164306.796061337
12764171.194473384
11816512.703296248
11185737.878665084
10564718.200089442
8776067.4670226108
7983559.7677631667
8282135.2127365321
8882698.1415614877
9172035.5255625155
9534738.4453325067
12384287.187831266
1946702.841461289
2024637.6049501847
1987102.4978491876
2086522.9228432004
2084118.2011015476
2740531.3642454376
3148294.2018582691
3053993.759216425
5044645.9156459225
5569387.093546438
6628377.9936809801
7276208.3635785952
7663205.7557950541
7917390.0615044087
8578593.770233741
9010402.8136780206
7813297.5175485285
9857743.6868912224
8808198.4071692955
10458726.246584738
11570284.793036275
11662710.913313814
11214634.391869916
10777853.096730124
9208855.9568455759
7837793.0681095868
8511331.9450593144
9257665.5086912345
9514467.0216019079
9691061.9301327821
12805860.687740395
2471889.6767502548
2281025.6288470728
2148443.7695388012
2172188.4835461807
2198745.7901449739
2302772.9641718403
3232348.1500902227
3144628.8268793696
4754307.2556286342
5094485.9441444883
6879803.0843737619
7189148.6960463403
7549751.3344792714
7716591.8451653346
8115779.8948810454
8659174.2463923004
8542273.0048665237
7530845.7215561792
9384124.410918314
8776506.3017952237
10999116.238893822
10425673.864418935
11755658.116536029
11195500.825287722
10936729.671553399
9870061.9856545534
8351965.3512576493
8427960.9103932139
8870090.9294622168
9101788.8877831716
9348821.1674871184
12710966.522912417
2462189.0604359
2314020.7380577479
2245975.0351869343
2214584.3617440751
2278088.0926773483
2303462.4628351536
3069256.9869641485
3100404.3562706113
4247147.6521424958
4423107.9857827425
7307087.6876700791
7095559.1584280403
7415171.2243919531
7603668.2198761385
7893822.2381813405
8234645.2530918345
8799893.1546444856
8450952.9366144631
7732468.8022264084
8953398.1391993705
8611640.324474806
10901544.787208224
10103268.295301594
11843208.507743808
11185418.891677376
10941203.079873212
10220447.687401485
9242127.7519605681
8143946.9655637955
8051842.1984256329
8132563.7125049587
8675122.9619430788
12766320.917665424
2355817.3152689412
2287560.6896677632
2266903.3924813294
2320258.0923622828
2323489.9737423123
2360756.6238071881
3019994.0062917098
3023290.6965380153
4012505.1901716371
3980357.6380410818
8095784.304209454
7526856.9598131031
7514824.9081358733
7424680.5901249535
7594498.0247805025
7955010.567091519
8781863.4844801836
8740396.9999342859
8706662.2814620342
8356373.8981861249
8274167.1376581518
10122777.440334372
9676507.9468388502
11282057.63538954
10871614.093461694
10656873.216375712
10109123.475093957
8921590.3082648944
7519946.8450059639
7448364.710859173
7315256.9494230552
8255433.386386076
12544924.301504385
2321285.2765591918
2337470.1490630587
2384072.9639680842
2466406.5608489886
2430918.5437415442
2441355.1852653613
3219806.9273897717
3151389.7900090758
3901230.9411163549
3764841.8511890685
8878750.2006993573
7907813.2041042848
7433535.5596848177
7544103.1078169355
9661100.7515138015
9335687.7289006505
8903698.0047549214
9005635.893893661
8501633.3285491206
6605481.3171217283
7553452.0472123316
8002982.1797721647
9806269.4632053357
9434653.8061282076
10800710.507686349
10577028.354903007
10386855.755786287
10127446.555405146
9400784.5440242235
7770257.9891722342
7350695.5618901802
6679144.076843244
8608180.8518739417
12205561.326504663
2576164.7767120455
2495966.6343070124
2560993.9409525204
2665777.1737599596
2600963.5676728473
2568530.2671635505
3680361.1250120248
3583707.9504832146
3825166.9719472905
3685510.784994836
8737478.242094228
7625714.8803098872
7736526.6935711671
10018388.552744396
9455804.1824023277
9080836.934084449
9017723.7146609705
8705326.3799063955
7980335.8857686697
7108241.3557546344
6243454.9547055867
6928999.6260380307
7820304.505383282
9357909.9249125831
9150355.0360236876
10229175.61973409
10436971.838685429
10258013.111680645
10229690.099735407
9889403.7681535203
8919055.9964406732
7601559.2741502635
6717657.7498475304
10689153.885414844
12013629.239859518
3049543.3183501405
2812969.6886051479
2851124.23609454
2926077.9658696721
2879015.4890106046
2810262.1595237311
4324872.5861741425
4168225.0247605857
4124569.3913243809
3859633.2914725593
8294063.9133944111
8117312.5401888294
9867304.941146465
9606593.5888000634
9231215.0567994211
8868389.5217015818
8402167.1753116008
8001105.4819303788
7863685.4798199432
6835520.6446032682
7019079.1954822028
6572766.2719204659
6514456.3458025781
7308962.4839903656
8707962.6453664806
8832868.7831199281
9487980.909441743
10479018.46696081
10284706.929845989
10218088.099240595
9909988.141258847
8699822.7963853162
7200360.4893876752
8368854.8097209027
10972592.05327799
10446766.853723982
3688392.8958670031
3384105.0515442924
3295639.7196009853
3300276.2131348937
3287400.6418887121
3211353.4130356703
5041196.1357233068
4832081.4441012749
4810034.0727881873
4440529.3874940714
7236104.2015427826
7401360.3552507646
8248962.6063785348
8655387.9018877
8539506.5430625472
7701615.6846596003
6885580.9993692106
6238634.6474265866
6268680.4612274626
6013200.01921851
6048920.1408984028
6126761.5419101566
6262882.5978851207
6865185.9204008728
8393803.5481280126
8806158.8429290224
8713219.4144905396
10443170.698638964
10186486.725453384
10041460.529685296
9692810.8755363468
9051662.152990358
7537912.2034950415
8444419.3607814703
9330891.5562440008
9311327.7355878353
3805933.4122401997
3717602.0315074669
3790744.3050139253
3797878.4014226347
3814230.2595335776
3759691.1078208769
5696105.18308389
5494826.1818545535
5670900.5145965442
5563975.0982070686
6135090.3935972042
6457913.0581212733
7229767.4574278714
7672052.1011231095
7036161.5631551109
6064715.9537994061
5826013.7427120041
5751345.594939284
6037530.5883445889
6258423.9603590062
5688336.1731921341
5603780.8557983385
6033652.1665945556
6633001.8145430442
8165439.6922650142
8475475.6893515401
8498898.2146013454
9992222.5927126892
9920783.1561080813
9844691.382108584
9429647.5103689879
8959458.8968420215
7935428.93898274
8372684.1368448418
8571234.9251997694
8510570.2753898129
4088321.9654466133
4082480.570918872
4391651.2131414237
4427884.0010741344
4516876.7702359846
4511070.035732449
6419838.3240743559
6307195.837631166
6389121.741260374
6838012.863240568
5646145.2824185099
6108835.8588558706
6652038.9534009965
6762142.7301267674
6276409.3470033901
5708093.2203890346
4307704.2623981368
4834856.571020185
5626249.9322191821
5465541.3247192083
5635852.2807334671
4691099.0448031547
5802941.8038159581
6423625.083722272
7804141.2374076806
8156385.3754354315
8455930.7176479157
9496494.2950392794
9593205.4782541115
9584168.3794492371
9254800.3245376702
8875946.9016000722
8434053.8103319984
8429545.1961880662
8236791.4516037256
8176176.9964137729
4915552.1529898057
4901871.2052585874
5006548.3454724075
4981475.0172719304
5233627.5521024168
5502288.2527133739
6840314.4353375658
7011375.7371371174
7115293.4806073634
7850084.494113964
5206709.4980299678
5495774.6103389384
6397300.4562465074
7379211.7240847191
5997193.2078876747
5423457.6785904923
4624279.228872559
4671637.2743302258
5083914.5803765748
5297295.3395317318
5164670.5772899063
3645010.2199589829
5686076.8444664814
6329936.9253452858
7488130.9527674261
7933040.4914298737
8527103.6186772529
8936568.2683334555
9302866.6828289721
9334432.4161037616
9145427.5576403812
8720532.060852943
7852766.1064870693
7949371.9767001253
8052717.5173900574
8147827.7793028234
5292192.839593065
5310681.612942908
5531900.4652903825
5789047.8193016713
6457276.3305687588
7039599.0690816678
7206541.5067130597
8371916.2853403501
4877746.3214797005
6257503.9273721278
7115911.3124027364
7004692.2977707656
6055459.1473030373
5348365.0749229072
4811442.0004179506
4819099.2691668421
4983443.5663549984
4894370.4811809612
5099261.3615946602
4089793.7470466467
5607213.5511805788
6143103.7249453841
7260931.030199213
7680630.9223191133
8346309.8337332858
8751119.8366985861
9069181.8051282912
9022315.0925538391
9025692.9712212868
8701221.4709552862
8114866.2246567123
8035618.9474483533
8018453.3048121994
8259309.6166328611
5968502.1580354339
7265153.106840115
6960779.0605553202
7495728.2403426087
6813840.2447689474
6277350.9024044778
5347692.8489280455
4872580.1930079581
4692764.6033370104
4365503.6672033938
4590811.8282037051
4778231.2808838235
5489102.0683757793
5982349.220259943
7254695.4682536535
7529301.710076523
8049518.0506590158
8692258.4938207511
8619360.4030652754
8723746.7132145371
8817000.2276928518
8706830.8243207075
8298156.2546045268
8108169.2301557083
8077594.2880589627
8446227.1925585605
4733988.2597516086
5501952.9145264672
5584065.6520601269
6416700.8908181023
6697225.5473357392
6322936.2335929368
4811873.9457556643
4451789.2397912368
4072738.1463354332
4028771.2404874791
4211558.7861969657
4563610.5286428053
5334469.6741013248
5812058.9326235773
7159987.2492810534
7446378.6176414937
7855827.5295420056
8619966.5069897436
8177535.3912310796
8594277.190398261
8717694.2832100205
8702855.2988051102
8453293.4472365174
8154135.1203602822
8220756.7713329466
8717930.9184442405
5017753.3761117421
5618881.3617637046
6053023.5230401643
6406228.9126492189
6334546.0532061029
6311687.2826906014
4291350.8730639312
4144278.592158753
3855913.0770119019
3907159.8652602322
4077318.9275047327
4273153.5626115892
5376996.265589172
5725596.9748774208
7069088.3204622613
7367786.963601755
7660726.2088104384
8259792.4053430846
8339408.8931675144
8587388.8023014441
8592006.9520755671
8688331.2276229877
8550021.0979970731
8047398.3844614616
8282140.7091605421
9422152.5497613978
4938302.8010101421
5694657.001235324
6092954.4969802266
6052521.6275040796
6002309.6887789806
6276511.1296634236
4440488.9796933532
3740491.503368739
3711985.46432334
3771482.5157481371
4079609.9488582239
4370944.0620889673
5561697.2435647305
5752124.4512943197
6871163.0211572945
7115933.4313550135
7436406.7229884425
7701583.9049010947
7945170.4055367066
8451247.9989072811
8525393.1066689286
8703970.7825491801
8547642.239658365
7805866.7902479377
8344785.7810057094
9827053.5471422039
5698452.9298774889
5863049.860837861
6208869.284763841
6139902.0234906422
5746525.7761357715
5841604.819212771
5422457.7975049252
3716144.013023389
3696300.0275801453
3771991.5437935838
4091130.9221253898
4522777.5587014491
5722710.9131882796
5812271.02810938
6719935.1957408367
6975745.8191166176
7234084.6829991657
7371623.2903230721
7608850.421177634
8456242.9774870053
8540316.9125634693
8800445.4369616434
8659422.9298068602
7764287.2404626021
8140810.7530254759
9094164.0072927941
5650422.7259274386
5824494.9331450388
6146671.8342717141
6028652.1788379587
5441675.5487902174
5240168.7487485483
5050620.6542593269
3989077.1403825809
3853066.4724881281
3952703.8353231032
4212328.1785251275
4767144.0720399367
5846643.1648974409
5847174.6164361499
6415198.4694415033
6767019.5097297197
7051305.5195486965
7189386.2269034432
7443077.9589258116
8246229.9737148751
8451882.5474653747
8753382.1742963046
8715154.1481350847
7656810.7354532871
7802929.8606318776
8569474.9243102092
5518044.7757976977
5759706.9037832124
5871534.6302810758
5791382.7252260298
5229628.7838111436
4864062.4912503678
4576678.6934336117
4141595.3749824865
3987474.109696161
4106063.1609666711
4363294.5746041639
5154077.2841533972
5839694.1988172857
6170555.0339384656
6051700.9568714583
6478910.0407358427
6879414.2233517226
7133902.3423882881
7419127.8536660578
8108604.9550553206
8781083.0196725801
8732587.8085527979
8663228.2283836752
7582164.8737828536
7766879.2240863973
8324280.8113588607
5139849.5074280668
5577495.9973692503
5604252.5333760753
5379645.0540895797
5358508.5974295866
4861748.7478982089
4530846.4906002758
4226318.2576092845
4042969.3095469228
4084421.8587640314
4291598.6101660598
5308766.5728982147
5566555.659970711
6387120.5455985181
5879581.7361768447
6302222.8967360491
6752125.6440521991
7090641.2563998122
7281737.9551954726
7761087.1436117375
8754398.9080835208
9001462.2952996343
8693848.7858662996
7101283.1221344816
7490494.0254151551
7997032.4322982142
4697873.6551366858
5357730.7446288746
5137512.1944531649
4786245.0479993233
5602795.2399353916
5091274.866704491
4619730.9530445039
4257560.0563732665
3909523.977032532
3817050.1588828205
3986000.2700123251
4856226.4936977345
4137010.9348752433
4986492.1238925159
5172750.4521060642
6260191.9437389625
6734912.1264162287
7082975.4941864097
7322556.1741847433
7530646.4707668256
8263060.1075967848
9583317.4517555907
7622371.3802198321
4454789.7218332253
6611518.8912532218
6350030.6866937298
5050149.2243241267
5481098.5967504401
4921675.990212962
4486795.0000507962
5900089.4763602139
5300995.1253056321
5168480.4707360063
4709215.6582257506
3651069.6238061441
3207964.983920522
3171646.3127670973
3393809.6299371109
5985488.5620122636
6208956.0124634998
6931117.9683362655
7391095.6479019132
7563458.7417579433
7824058.9932358647
8065878.4941720897
8340093.5066315737
8668153.1156432722
11425575.828017978
12195036.847515242
10998192.852263939
8641813.9075298551
9011096.6555557493
4265965.7934311992
5173135.9123694254
5034115.0387811167
5087903.6459857859
6273078.7950608172
5742538.1224800451
5885027.8929606648
5272755.6956481701
4173240.8796301526
3526105.314003536
3546211.5846694787
3882445.3721098928
5269284.9490063731
5776772.9682872798
5757137.479554465
7396495.9928136077
7606772.7065490428
7912918.1262689214
8214784.6546187364
8524240.7925598454
9343689.2254777476
11134415.093121754
10346085.925379302
7747079.4581877934
7644341.8808647087
7228551.2782923682
4934985.9947277922
4806804.8310179729
4713901.4305800255
5360437.8694111323
5744432.1841651257
5453316.9086944964
5423011.0612631664
3991397.750284927
3741584.8714200677
3389468.1493268404
3348337.3777521756
3132602.7657631407
6660765.9122862658
6410461.4256112212
6574941.7296250938
7461954.4478202453
7785699.032551487
8169785.0227351971
8402626.9114843961
8527962.4356155191
8907433.634607099
9635271.0956001766
9271815.2973972484
7112501.3901852472
6993023.2457283773
6261956.944338317
5177615.2827374795
4693094.4704831485
4640963.594873013
5566878.5105418963
5336936.8496782742
5116937.2911741836
5052152.0658112643
3288972.0950877173
3173956.6388499243
3177317.441579212
3088273.9610655215
2788455.5765754976
7817134.229796879
7385646.0768385762
7588892.195781176
7187840.9326955955
7909894.475331136
8412387.8707934506
8673881.7535764892
8507092.5468688942
8394324.6942310091
8822509.5605263226
8662456.9857689831
6847960.8382903803
6582029.2640695274
5903411.9131013416
4332613.501386445
4416308.6629182082
4758596.64437682
5381990.0896322085
5010122.5655551134
4851102.8414367354
4498043.9446789185
2852627.3481936245
2830297.2842121935
2966363.3266084963
2930039.4576840806
2675082.7595702647
8448082.4357484374
7987644.0399649795
8047252.739360868
6865756.6251659719
7840420.6491249027
8384918.0246139839
8680179.1589100994
8405539.1983743738
8136463.2696449477
8463318.4754045755
8338058.5493560061
6751092.6342610754
6470074.9830970326
6125450.4644301152
3213053.5752070928
4295476.1142658731
4912370.3675616067
5017155.9400095483
4689475.4613646315
4572066.5247814227
3544174.6940345485
2830275.594143251
2741461.193183627
2825818.7366030738
2912515.9070212524
2790263.3548973529
8934989.1084280871
8110108.8996501639
8106594.5191870937
7609279.6361763505
7600663.7007487053
8125225.5725311851
8339749.6382015403
8226438.8702029949
8068805.7833662201
8279915.0526751773
8140882.650513595
7035817.1661672601
6947555.6046135388
6872501.0340845548
2300589.9963494791
4211067.0693355845
4662351.0522871986
4559839.3651270857
4431922.0725475475
3749077.8115336052
3215476.1333334143
2993695.6129037328
2874191.288933882
2932008.9310191823
2960904.3711108202
2996552.1453506076
9792950.5974971261
8451931.6150122732
8045680.5406025574
7322038.577766085
7537485.701562142
7908817.6709044212
8110857.9820900131
8096213.4784356523
7951813.0802813759
8101024.6094783964
7934288.0266070226
7343384.5464792419
7426794.6515229205
7600115.7060241578
2345697.4422673364
3600149.1706582154
4032226.889236555
4189682.2330280952
3578345.6889954722
3421514.5452489597
3244244.3394466238
3102249.0706271827
3019894.5421440625
3087162.2993159783
3099309.1146472902
3150593.8689938141
10484385.22559558
9150500.8038663846
8324406.0606876891
7077000.3809228037
7742867.740139015
7892684.4312681966
7997494.1314381436
7977134.8191654235
7876209.3229032885
7842679.4212261923
7671471.2787887035
7300315.4540086063
7322592.19685644
7709103.7700678324
2850085.9724162035
3301904.7731216559
3705918.9275227557
3371287.2912097001
3266725.2166715423
3265969.2609173791
3244012.3889091625
3180654.1657329355
3175284.9612018261
3219563.5955572673
3266625.8819911894
3351331.6027697725
9599322.1105341818
8634755.7551253326
7017861.6270772247
8072324.0322683165
7977596.7715608273
7973779.95344052
7892560.018960556
7779520.9508994687
7735576.0102725448
7583479.2053160481
6929653.4904772434
6809818.0064043906
6606062.852954614
2601890.4573105001
2815514.5223166812
3103021.615887891
3117616.3392319828
3147780.1521433205
3145370.9380661258
3158023.042933627
3165075.6355275149
3186216.6692325519
3247808.2941222396
3324998.3446445195
3515452.7399693145
10181802.117075007
8742194.9469926003
7150555.3492356269
8278536.7821505209
8036041.7927172165
8020286.3403651146
7935974.4487099983
7755554.1307649026
7719756.4358269963
7598615.9223028552
6505438.9917469621
2471275.5596811357
2618965.5355156083
2940386.1024661725
2939673.591917214
2962542.6473065796
2956924.5840856801
2968536.4554808284
3045695.8871893142
3118497.0242296932
3206359.2127808435
3356126.1234825533
3666605.1399250394
7932158.7847011108
7712907.7838444449
8495862.8478759695
8089627.1583934808
8107638.9769710051
8096926.0549113778
7917397.0032609347
7725686.8610063521
7606022.4545348333
2585977.9957675161
2626271.6339668557
2658899.8065495417
2700569.2092633359
2743514.192816393
2755343.9000582905
2800886.894465954
2909882.2466797843
3021820.8597429101
3138034.1078393795
3304333.7274940056
3532890.2957420447
8735653.6404575128
9393683.0710341278
8588758.1908625662
8228083.0798270795
8146093.6220749542
8040680.3218161138
7796685.9698459199
7473240.1436737916
2484537.0512475604
2420065.1799288061
2240766.517785171
2391071.4447209937
2497249.6087865015
2541906.3703759778
2618439.3547444604
2730828.8744961731
2843118.2894200571
2967486.1472739032
3087858.22480737
3213593.1045961301
9743943.1626580749
9265638.1744567137
8532105.466177661
8108578.1699542552
7844555.964490273
7594924.0347697735
7177217.0414686045
2195050.7244912568
2141226.4278325085
1962188.225684992
2170771.7168611516
2301251.0930954372
2358210.9177441918
2454368.4649976799
2564509.1447737548
2643725.5234523001
2710426.4114034097
2781652.5916308998
2849535.1735280696
9086174.5993590541
10041409.988888163
9323946.2051707059
8125595.4685870036
7582058.9090373302
7354282.0481951861
6986546.4272579029
1999494.2231222037
2006490.7337305862
2142424.4578322582
2138642.7593574775
2119015.3212261898
2178654.9985919278
2258629.8276329124
2336383.0998919802
2368138.6574462233
2379275.427536828
2393819.8322372767
8586832.773845505
7968865.0742696691
7425603.8532847716
7294445.3672962552
6944689.3696456244
1637116.5557242262
1674360.6780221104
1872473.6746771252
1704554.1883984194
1548771.0846681495
1546162.2929033006
1638000.0377176255
1748246.8363719084
1895180.0384133263
2029988.2984340314
2038629.3848247416
7712391.2533419831
7875266.4879684532
7163633.7211135011
7120257.1391255474
6942331.4094506716
1430035.7626504395
1365704.7215771889
1141835.517972053
1040706.2956391752
1114307.9115459246
1241027.5850183722
1454444.503048559
1694246.6752660456
1765657.4601103272
7084442.7955671344
7036715.7597380169
6753113.8415666753
6829796.8359969109
1285081.1705652054
1456645.1819277976
1398493.1637572243
1301899.4406557647
1320627.2583604713
1469125.5211171845
1607124.1700834446
1601191.7617803288
5739790.1043694513
6732327.0390873468
6935826.4173989054
1629650.9907976012
1856776.5412878259
1774941.6277943035
1748808.3801845834
1787635.183366738
1783303.7933425198
1668837.0431440917
5562160.5525715416
7239481.0509174103
6999095.8030437073
1748439.2683747483
1759038.9587638064
1970865.6791802079
2095259.6493969285
2041937.965330061
1940709.9395735736
7595516.8694613762
6646122.7736039087
1661276.5836970024
2486162.1961924755
2387813.9426282039
2198075.9620322175
5372815.6362154298
5209637.4672071179
5446449.0130602904
4150818.3262544791
4167609.2932724091
4220869.8543910468
