1.84032
0.18786900000000001
0.179116
0.48863299999999998
0.31680599999999998
0.425541
0.088440000000000005
0.081516000000000005
0.12986900000000001
0.147254
0.37590800000000002
68.122699999999995
168.279
64.341200000000001
88.852699999999999
12033.700000000001
18255.799999999999
13301.700000000001
14128
18037.599999999999
2659.6300000000001
4241.8299999999999
456.64499999999998
721.46100000000001
396.19099999999997
347.84899999999999
123.691
172.41399999999999
517.34699999999998
0.38714700000000002
0.044484999999999997
0.041202000000000003
0.0092409999999999992
0.010364999999999999
0.054697999999999997
0.03934
0.0030769999999999999
0.010883
0.030211999999999999
0.017469999999999999
0.065810999999999995
0.012468999999999999
0.056271000000000002
0.029912999999999999
0.034536999999999998
0.028836000000000001
0.013583
0.006156
0.034244999999999998
0.029474
0.083562999999999998
0.15606600000000001
0.056252000000000003
0.073969999999999994
0.011148
0.053387999999999998
0.046613000000000002
0.060323000000000002
0.095998
0.070587999999999998
0.24210000000000001
0.28512199999999999
0.24124999999999999
0.40198499999999998
0.23077
0.147649
0.22181600000000001
0.205481
1.22153
0.144815
264.24400000000003
57.208399999999997
168.22900000000001
39.382899999999999
120.158
65.103999999999999
6267
17634.299999999999
16496.799999999999
10544.6
2128.5799999999999
2506.6999999999998
827.24699999999996
880.67499999999995
716.63599999999997
550.08600000000001
240.167
255.00200000000001
263.96699999999998
0.12309199999999999
0.122615
0.059796000000000002
0.052059000000000001
0.023775999999999999
0.039508000000000001
0.069199999999999998
0.079757999999999996
0.025000999999999999
0.053804999999999999
0.17340700000000001
0.061342000000000001
0.019779999999999999
0.066587999999999994
0.027195
0.039437
0.037088000000000003
0.027674000000000001
0.0092519999999999998
0.031602999999999999
0.054987000000000001
0.082293000000000005
0.18073400000000001
0.088683999999999999
0.034965999999999997
0.008234
0.011372
0.010403000000000001
0.0098980000000000005
0.034877999999999999
0.117828
0.040208000000000001
0.125809
0.46645999999999999
0.30859700000000001
0.069120000000000001
0.35326200000000002
0.14054700000000001
0.26488499999999998
0.28458899999999998
127.37
280.00400000000002
49.802900000000001
154.94499999999999
81.7547
51.237900000000003
139.876
5631.4099999999999
12759
4631.3000000000002
11151.799999999999
1905.1099999999999
1606.02
868.35400000000004
1243.48
669.596
253.60900000000001
198.66499999999999
106.83799999999999
245.37100000000001
0.156641
0.066252000000000005
0.040904000000000003
0.0053899999999999998
0.114679
0.46569100000000002
0.051753
0.043339999999999997
0.113889
0.025311
0.063882999999999995
0.017954000000000001
0.118313
0.16925100000000001
0.366784
0.26918399999999998
0.038448000000000003
0.013573
0.0038639999999999998
0.023033999999999999
0.051057999999999999
0.077849000000000002
0.083130999999999997
0.012548999999999999
0.011779
0.0065269999999999998
0.010965000000000001
0.0060309999999999999
0.004182
0.025592
0.087711999999999998
0.050618000000000003
0.062232999999999997
0.22761700000000001
0.17002600000000001
0.30403999999999998
0.13419900000000001
0.33805299999999999
0.106049
119.574
79.846199999999996
234.11000000000001
35.636600000000001
330.94999999999999
47.613999999999997
31.769400000000001
0.796122
0.23769699999999999
20000
4075.1100000000001
3995.52
1959.99
2312.71
1816.8399999999999
180.613
1428.99
126.69799999999999
110.09
154.67599999999999
116.014
0.092544000000000001
0.054218000000000002
0.028523
0.010492
0.11537
0.135853
0.073548000000000002
0.017059999999999999
0.045474000000000001
0.017763000000000001
0.171462
0.12559600000000001
0.104742
0.076629000000000003
0.208623
0.070354
0.122502
0.044838000000000003
0.071993000000000001
0.195521
0.18636800000000001
0.055245000000000002
0.062386999999999998
0.044796000000000002
0.014348
0.017136999999999999
0.016192000000000002
0.030530000000000002
0.015311
0.027632
0.018176999999999999
0.10915999999999999
0.121612
0.16192899999999999
0.20832999999999999
0.57663699999999996
0.055230000000000001
0.035321999999999999
109.623
213.86500000000001
50.790999999999997
112.986
63.482900000000001
275.77600000000001
68.455500000000001
56.169899999999998
0.070341000000000001
2474.4200000000001
20000
11881.6
5691.6800000000003
2481.1999999999998
1883.0799999999999
507.51799999999997
351.08199999999999
890.69299999999998
132.03700000000001
221.51400000000001
144.71199999999999
85.287300000000002
0.18820700000000001
0.031733999999999998
0.023377999999999999
0.02051
0.040612000000000002
0.073971999999999996
0.183647
0.068432999999999994
0.026963000000000001
0.027134999999999999
0.28244000000000002
0.073511999999999994
0.108907
0.070989999999999998
0.66518999999999995
0.058007000000000003
0.12828600000000001
0.11334900000000001
0.13094500000000001
0.051930999999999998
0.090000999999999998
0.12303600000000001
0.030658000000000001
0.025236000000000001
0.023196000000000001
0.088787000000000005
0.12209399999999999
0.072086999999999998
0.057784000000000002
0.040915
0.073372999999999994
0.30441600000000002
0.68718299999999999
0.082202999999999998
0.24984700000000001
0.22278899999999999
39.782699999999998
164.61000000000001
165.726
119.699
110.00700000000001
148.72399999999999
74.586600000000004
235.30099999999999
104.65600000000001
65.213999999999999
94.844200000000001
2476.1199999999999
12620.6
5875.5299999999997
4642.4300000000003
616.61400000000003
1435.6500000000001
390.59699999999998
451.08100000000002
624.37599999999998
158.958
217.14099999999999
183.36799999999999
0.036436000000000003
0.13674500000000001
0.048349000000000003
0.024410000000000001
0.031130000000000001
0.044801000000000001
0.097495999999999999
0.038150999999999997
0.013088000000000001
0.026484000000000001
0.24795200000000001
0.214703
0.21063200000000001
0.21302599999999999
0.076971999999999999
0.26761600000000002
0.158668
0.116577
0.013798
0.063519999999999993
0.071920999999999999
0.111206
0.027137000000000001
0.15362100000000001
0.05101
0.122791
0.099667000000000006
0.029895999999999999
0.052652999999999998
0.033903999999999997
0.073893
0.14698600000000001
0.32292399999999999
0.56763799999999998
0.71036200000000005
0.152203
0.123266
31.759699999999999
97.066900000000004
124.762
160.06899999999999
140.33799999999999
285.77999999999997
161.75200000000001
135.143
760.96900000000005
66.459000000000003
132.73699999999999
2628.27
12094.200000000001
2157.9699999999998
1740.0699999999999
1412.3599999999999
633.06899999999996
225.125
376.58300000000003
447.18599999999998
319.93200000000002
161.45099999999999
0.1017
0.0395
0.028729000000000001
0.13009599999999999
0.012626999999999999
0.0066280000000000002
0.013525000000000001
0.028385000000000001
0.087011000000000005
0.076886999999999997
0.049188000000000003
0.067345000000000002
0.32357200000000003
0.101008
0.32467499999999999
0.019063
0.301514
0.163717
0.013061
0.036892000000000001
0.015688000000000001
0.032960000000000003
0.036985999999999998
0.035152999999999997
0.21187700000000001
0.113465
0.125252
0.074163000000000007
0.047266000000000002
0.036108000000000001
0.247701
0.45713599999999999
0.074179999999999996
0.073540999999999995
0.32983899999999999
0.081522999999999998
0.092075000000000004
0.038405000000000002
0.203678
0.102201
250.78299999999999
279.60899999999998
118.43300000000001
172.72900000000001
201.28200000000001
261.565
790.54499999999996
193.86799999999999
1274.2
3065.5799999999999
5574.0100000000002
1161.2
1443.8800000000001
940.745
168.31100000000001
186.81399999999999
452.642
554.13999999999999
109.806
0.042353000000000002
0.10133399999999999
0.076151999999999997
0.23025399999999999
0.091422000000000003
0.056632000000000002
0.024551
0.036266
0.025041000000000001
0.16104499999999999
0.151702
0.121835
0.096197000000000005
0.03746
0.123228
0.184477
0.187193
0.112631
0.18467500000000001
0.06787
0.043799999999999999
0.060181999999999999
0.23039799999999999
0.069192000000000004
0.41573300000000002
0.095506999999999995
0.15390599999999999
0.087928999999999993
0.049604000000000002
0.18428900000000001
0.13638
0.078292
0.89333099999999999
0.25894899999999998
0.054192999999999998
0.083180000000000004
0.12113
0.030067
0.108685
0.22644400000000001
0.14310600000000001
0.22386800000000001
422.53300000000002
71.030299999999997
121.333
210.26499999999999
225.27799999999999
131.23500000000001
375.94600000000003
1086.7
2591.3099999999999
6278.3500000000004
1314.79
1953.04
982.76900000000001
182.15700000000001
121.438
911.30999999999995
0.16985500000000001
0.031697000000000003
0.019793999999999999
0.16059999999999999
0.87121000000000004
0.18596099999999999
0.13289400000000001
0.106396
0.087024000000000004
0.10767
0.063972000000000001
0.77459800000000001
0.13097900000000001
0.52919400000000005
0.29784300000000002
0.226608
0.096196000000000004
0.152425
0.45475100000000002
0.206095
0.57447400000000004
0.249248
0.14787600000000001
0.16162599999999999
0.082965999999999998
0.021717
0.12789800000000001
0.111349
0.170102
0.208124
0.045289999999999997
0.067645999999999998
0.069653999999999994
0.16727900000000001
0.40078200000000003
0.37462200000000001
0.054271
0.13364799999999999
0.068291000000000004
0.160582
0.16045300000000001
0.097827999999999998
0.055780999999999997
0.15653500000000001
0.24662500000000001
0.41663299999999998
213.97200000000001
111.736
224.63900000000001
95.973699999999994
1835.5699999999999
1577.0999999999999
1019.34
4647.5500000000002
1769.25
2146.7600000000002
600.798
154.375
234.25700000000001
0.330957
0.052183
0.046732999999999997
0.044229999999999998
0.209753
0.958283
0.24008099999999999
0.018974000000000001
0.028060000000000002
0.023729
0.12399399999999999
0.356601
0.23139399999999999
0.24929699999999999
0.20405699999999999
0.14404800000000001
0.47164200000000001
0.26120100000000002
0.15911400000000001
0.106951
0.190355
0.48333199999999998
0.380135
0.36834699999999998
0.098222000000000004
0.102661
0.325015
0.36790499999999998
0.77337100000000003
0.12071800000000001
0.049745999999999999
0.037622999999999997
0.037303000000000003
0.071604000000000001
0.91872100000000001
1.6598999999999999
0.48555199999999998
0.056514000000000002
0.080413999999999999
0.082386000000000001
0.13838200000000001
0.13054099999999999
0.327156
0.061356000000000001
0.095998
0.059532000000000002
0.072693999999999995
1.6285700000000001
0.34609099999999998
172.98500000000001
49.758000000000003
2376.04
1172.8800000000001
797.34400000000005
3818.04
2622.5799999999999
685.80899999999997
1235.46
74.061199999999999
45.580300000000001
398.92700000000002
0.038751000000000001
0.021565000000000001
0.045154
0.53839700000000001
0.82539499999999999
0.068171999999999996
0.107948
0.022941
0.068805000000000005
0.034030999999999999
0.11540499999999999
0.084977999999999998
0.17249400000000001
0.30114099999999999
0.36070600000000003
0.17777999999999999
0.360709
0.50525299999999995
0.207339
0.78044599999999997
1.21753
0.24456900000000001
0.13509199999999999
0.084062999999999999
0.41793599999999997
0.25687399999999999
0.19262499999999999
0.17971300000000001
0.13048999999999999
0.050637000000000001
0.010286999999999999
0.075314000000000006
0.056919999999999998
0.18981999999999999
0.227579
0.27096300000000001
0.253691
0.16616
0.12634300000000001
0.29927700000000002
0.35974800000000001
0.135431
0.041147999999999997
0.120701
0.081914000000000001
0.077824000000000004
0.48070099999999999
1127.3900000000001
253.21100000000001
35.821100000000001
1304.52
384.56999999999999
658.46199999999999
2382.0300000000002
1330.76
705.798
703.80499999999995
85.365200000000002
267.47500000000002
283.15199999999999
0.0088739999999999999
0.023831000000000001
0.069400000000000003
0.40880100000000003
0.30207200000000001
0.094739000000000004
0.096532999999999994
0.020635000000000001
0.036818999999999998
0.025662000000000001
0.059029999999999999
0.12330199999999999
0.12809899999999999
0.19205900000000001
0.24964500000000001
0.18018600000000001
0.76045499999999999
0.235488
480.45600000000002
252.03899999999999
0.43940800000000002
0.17552400000000001
0.33124300000000001
0.065337999999999993
0.105485
0.025857000000000002
0.031586000000000003
0.14005400000000001
0.56983200000000001
0.20307600000000001
0.026117000000000001
0.013063999999999999
0.0082590000000000007
0.064455999999999999
0.27570299999999998
0.16445100000000001
0.47781099999999999
0.076466000000000006
0.40320800000000001
0.28942899999999999
0.40096599999999999
0.64906900000000001
0.36970399999999998
0.097762000000000002
0.013707
0.038630999999999999
1699.47
1851.01
168.84800000000001
185.94300000000001
707.68700000000001
1271.1099999999999
328.41000000000003
1456.3399999999999
658.65999999999997
357.13200000000001
59.327599999999997
113.90000000000001
200.874
468.08800000000002
0.040599000000000003
0.049521000000000003
0.12259100000000001
0.17766399999999999
1.01773
0.23134199999999999
0.02367
0.047432000000000002
0.0096659999999999992
0.029287000000000001
0.026543000000000001
0.063642000000000004
0.064375000000000002
0.029203
0.053619
0.054799
0.090267
0.045469000000000002
0.03986
0.075609999999999997
0.41881200000000002
0.21051500000000001
0.057440999999999999
0.030144000000000001
0.124304
0.047417000000000001
0.020493999999999998
0.17755399999999999
0.094836000000000004
0.034502999999999999
0.108569
0.108233
0.080071000000000003
0.065372
0.24065300000000001
0.31093599999999999
0.40805599999999997
0.095704999999999998
0.20874100000000001
0.49311899999999997
0.19256899999999999
0.096480999999999997
0.11867900000000001
0.017044
0.081897999999999999
609.01800000000003
810.85299999999995
3900.29
299.779
360.089
1048.95
1107.3800000000001
261.26299999999998
1471.6900000000001
371.93799999999999
353.44
118.846
155.714
257.911
0.079113000000000003
0.092720999999999998
0.025009
0.078864000000000004
0.348881
0.11165799999999999
0.53014600000000001
0.13664799999999999
0.13730899999999999
0.028545999999999998
0.066868999999999998
0.047988000000000003
0.33272099999999999
0.047063000000000001
0.018669000000000002
0.053358999999999997
0.051118999999999998
0.058319000000000003
0.063298999999999994
0.060419
0.048304
0.13683300000000001
0.070212999999999998
0.14373900000000001
0.19232099999999999
0.16392100000000001
0.357626
0.068301000000000001
0.082687999999999998
0.18013100000000001
0.020951999999999998
0.13406699999999999
0.066180000000000003
0.67642199999999997
0.17341699999999999
0.152838
0.095807000000000003
0.38852599999999998
0.100923
0.055681000000000001
0.065698000000000006
0.083895999999999998
0.049327999999999997
0.064117999999999994
0.126114
138.11099999999999
191.751
1091.3900000000001
2196.9400000000001
252.74799999999999
220.43000000000001
716.07899999999995
608.50599999999997
344.43799999999999
1067.5599999999999
748.64300000000003
746.26599999999996
48.464100000000002
132.66499999999999
718.553
0.016906999999999998
0.025475999999999999
0.004849
0.013285999999999999
0.109793
0.51113299999999995
0.061727999999999998
0.153617
0.063617000000000007
0.039108999999999998
0.077322000000000002
0.049527000000000002
0.043041999999999997
0.118566
0.076576000000000005
0.060420000000000001
0.10230300000000001
0.132219
0.24298400000000001
0.53254299999999999
0.120311
0.022886
0.149641
0.066433000000000006
0.16880999999999999
0.560423
0.053853999999999999
0.12512699999999999
0.109333
0.164238
0.081490000000000007
0.093186000000000005
0.38122
0.208458
0.066209000000000004
0.179565
0.018030000000000001
0.067383999999999999
0.076617000000000005
0.077373999999999998
0.037259
0.042661999999999999
0.144981
0.054310999999999998
316.92599999999999
202.16
212.42599999999999
1771.1800000000001
833.95000000000005
815.25900000000001
271.077
1072.1600000000001
1068.4100000000001
210.38800000000001
456.40199999999999
513.08000000000004
1130.5799999999999
44.938499999999998
100.751
965.81600000000003
437.017
1866.8399999999999
723.54499999999996
0.114841
0.322878
0.117229
0.076924999999999993
0.31872800000000001
0.16392000000000001
0.060492999999999998
0.029942
0.099113000000000007
0.17105200000000001
0.22967499999999999
0.17826400000000001
0.041993999999999997
0.047764000000000001
0.066640000000000005
0.026078
0.145542
0.059315
0.045815000000000002
0.14973600000000001
0.088053000000000006
0.220189
0.224412
0.061211000000000002
1.24282
0.273262
0.193911
0.300012
0.065051999999999999
0.41996499999999998
0.11398999999999999
0.019345999999999999
0.037643000000000003
0.021141
0.028464
0.046031000000000002
0.11601599999999999
0.029857999999999999
0.087057999999999996
0.073471999999999996
245.37299999999999
277.63900000000001
211.97
438.38099999999997
563.32299999999998
621.178
768.75599999999997
392.39800000000002
1120.8199999999999
465.24400000000003
360.60599999999999
744.26999999999998
540.63599999999997
0.168958
0.20536599999999999
209.09
679.14599999999996
1104.0599999999999
1997.1300000000001
502.06400000000002
1009.66
0.33862700000000001
0.15631100000000001
0.21198
0.10557800000000001
0.16486000000000001
0.05287
0.032223000000000002
0.066617999999999997
0.122088
0.053878000000000002
0.050455
0.056564000000000003
0.015036000000000001
0.045405000000000001
0.110669
0.072242000000000001
0.1799
0.76754900000000004
0.84720200000000001
1.37626
0.10230400000000001
0.39264900000000003
0.18182000000000001
0.092450000000000004
0.202565
0.034008999999999998
0.082677
0.11408699999999999
0.12540299999999999
0.036214000000000003
0.016553999999999999
0.0087510000000000001
0.011789000000000001
0.041180000000000001
0.13484499999999999
0.16785900000000001
0.23394599999999999
0.080674999999999997
0.088579000000000005
198.21199999999999
156.61199999999999
213.49700000000001
243.06200000000001
638.51499999999999
422.17599999999999
544.94299999999998
263.77600000000001
513.577
176.93199999999999
293.07799999999997
398.59500000000003
298.35000000000002
0.14827599999999999
0.16040699999999999
0.13200899999999999
0.35850199999999999
1580.6800000000001
2410.8899999999999
446.93200000000002
847.54999999999995
1173.51
0.042402000000000002
0.0091549999999999999
0.017304
0.11594599999999999
0.077646000000000007
0.096342999999999998
0.078433000000000003
0.069875000000000007
0.14816199999999999
0.12907099999999999
0.027222
0.14255799999999999
0.077117000000000005
0.044428000000000002
0.076775999999999997
0.31236799999999998
0.33924900000000002
0.88947900000000002
0.28939799999999999
0.25783499999999998
0.11811099999999999
0.36629099999999998
0.199742
0.31009300000000001
0.26354100000000003
0.23799600000000001
0.24057700000000001
0.18831600000000001
0.078009999999999996
0.014174000000000001
0.012770999999999999
0.020945999999999999
0.055581999999999999
0.127884
0.78003599999999995
0.176875
0.057435
0.030710000000000001
312.161
118.78400000000001
176.24799999999999
300.65300000000002
365.95600000000002
489.678
1494.1600000000001
268.137
694.05100000000004
233.5
210.61799999999999
286.00999999999999
265.80799999999999
0.077084
0.080809000000000006
0.100149
0.62857300000000005
4300.4899999999998
2287.7600000000002
347.07999999999998
510.27100000000002
1445.3800000000001
0.16090399999999999
0.14028599999999999
0.15182799999999999
0.034599999999999999
0.088998999999999995
0.064995999999999998
0.017520999999999998
0.037005999999999997
0.090838000000000002
0.068268999999999996
0.012029
0.077120999999999995
0.119421
0.26463399999999998
0.017656999999999999
0.056210999999999997
0.60041199999999995
0.63083800000000001
0.50304599999999999
0.28936400000000001
0.035675999999999999
0.204984
0.48827900000000002
0.35383100000000001
0.060607000000000001
0.052930999999999999
0.112939
0.16789000000000001
0.211011
0.206646
0.038040999999999998
0.072043999999999997
0.095905000000000004
0.059334999999999999
0.25864999999999999
0.11641600000000001
0.12063500000000001
0.15312400000000001
0.094109999999999999
214.93299999999999
211.25200000000001
1073.28
210.37899999999999
406.27800000000002
538.08799999999997
1139.8299999999999
473.005
234.87899999999999
389.68000000000001
297.72199999999998
320.85399999999998
100.72799999999999
0.15745999999999999
0.38760099999999997
0.36225299999999999
0.040216000000000002
624.17399999999998
570.17499999999995
326.05200000000002
1206.6800000000001
920.43600000000004
0.19781000000000001
0.090882000000000004
0.039380999999999999
0.038012999999999998
0.19930800000000001
0.033473000000000003
0.085106000000000001
0.157804
0.221416
0.28102700000000003
0.062383000000000001
0.045561999999999998
0.041595
0.036512000000000003
0.15898499999999999
0.81455699999999998
1.2398100000000001
1.8091900000000001
0.300375
0.180725
0.093970999999999999
0.188336
0.614209
0.066034999999999996
0.082393999999999995
0.42396600000000001
0.638544
0.221
0.28850900000000002
0.045515
0.096587999999999993
10.905200000000001
18.834099999999999
17.276700000000002
0.046885999999999997
0.25228600000000001
0.063158000000000006
0.099547999999999998
0.074790999999999996
0.076427999999999996
0.20663999999999999
427.05599999999998
409.20299999999997
614.22799999999995
774.86599999999999
429.85700000000003
142.60499999999999
1208.23
887.13999999999999
369.47000000000003
107.625
46.276699999999998
139.452
1.68859
1.12517
406.637
579.98400000000004
579.24599999999998
1128.4000000000001
1323.05
0.19620899999999999
0.085418999999999995
0.12848300000000001
0.13919999999999999
0.027650000000000001
0.039638
0.088235999999999995
0.22156000000000001
0.176732
0.043313999999999998
0.13727200000000001
0.060248000000000003
0.049189999999999998
0.44340400000000002
0.174181
0.19614799999999999
0.30382999999999999
1.85551
0.48611100000000002
0.80242599999999997
0.46807500000000002
0.15937599999999999
0.19011700000000001
0.080564999999999998
0.11509800000000001
0.079261999999999999
1.2454700000000001
0.184276
0.18873899999999999
0.062074999999999998
0.046059999999999997
7.7564500000000001
0.27523199999999998
0.16522899999999999
0.103437
0.050957000000000002
0.091953999999999994
0.050667999999999998
0.062927999999999998
0.16239500000000001
0.021454999999999998
289.06799999999998
768.19299999999998
331.541
561.505
333.36700000000002
152.417
2050.1100000000001
1443.1900000000001
492.65499999999997
196.22300000000001
83.163399999999996
174.244
16.722100000000001
26.8978
588.49099999999999
888.10000000000002
312.85300000000001
471.22899999999998
0.62321099999999996
0.185999
0.22398399999999999
0.16023100000000001
0.25492100000000001
0.65349599999999997
0.22112100000000001
0.078350000000000003
0.11958199999999999
0.30498500000000001
0.085114999999999996
0.108699
0.092394000000000004
0.16692899999999999
0.13106699999999999
0.050176999999999999
0.082290000000000002
0.27530199999999999
0.12361999999999999
0.62465800000000005
0.52250099999999999
0.88999399999999995
0.25348500000000002
0.38823099999999999
0.177819
0.100392
0.098724999999999993
0.069163000000000002
0.068741999999999998
0.16484199999999999
0.23435600000000001
0.048086999999999998
0.10309400000000001
0.045527999999999999
0.17721400000000001
0.060054999999999997
0.084668999999999994
0.220529
0.24682000000000001
0.080574999999999994
0.19015599999999999
0.55685200000000001
514.726
307.19
179.67500000000001
449.39400000000001
379.834
117.65300000000001
264.976
364.55200000000002
565.05899999999997
321.416
91.230099999999993
56.6464
19.772200000000002
26.4527
189.43799999999999
1673.02
450.24599999999998
522.86900000000003
0.25491000000000003
0.062623999999999999
0.31520999999999999
0.14527699999999999
0.42288100000000001
0.707036
0.22796
0.052262000000000003
0.46546599999999999
0.31464900000000001
0.16297600000000001
0.035272999999999999
0.10763
0.110761
0.036567000000000002
0.022727000000000001
0.042208000000000002
0.027545
0.015211000000000001
0.047324999999999999
0.33854699999999999
0.197961
0.44342100000000001
0.36589500000000003
0.23887800000000001
0.039194
0.064716999999999997
0.079493999999999995
0.26213399999999998
0.32519100000000001
0.147507
0.078800999999999996
0.22959299999999999
0.20191700000000001
0.27500000000000002
0.13598299999999999
0.07424
0.36025699999999999
0.15226999999999999
0.211975
0.25346000000000002
0.13420399999999999
320.32499999999999
361.97399999999999
212.78200000000001
290.50200000000001
358.96199999999999
223.06100000000001
48.743499999999997
133.54499999999999
1021.96
566.63599999999997
135.65100000000001
47.043999999999997
11.8361
34.254800000000003
153.43299999999999
114.968
331.42599999999999
0.229325
0.22949
0.17042099999999999
0.19008700000000001
0.072849999999999998
0.050064999999999998
0.040825
0.14174999999999999
0.042645000000000002
0.046293000000000001
0.26610899999999998
0.52286999999999995
0.23108899999999999
0.18374199999999999
0.27875100000000003
0.04018
0.045603999999999999
0.033564999999999998
0.016875000000000001
0.021451999999999999
0.034048000000000002
0.12321500000000001
0.064129000000000005
0.089025000000000007
0.42775600000000003
0.33269199999999999
0.096994999999999998
0.15251400000000001
0.28410400000000002
0.130106
0.060426000000000001
0.036450999999999997
0.046399000000000003
0.093715000000000007
0.23299300000000001
0.12562499999999999
0.24305099999999999
0.067017999999999994
0.107527
0.20907400000000001
0.23441000000000001
0.35799700000000001
0.044083999999999998
0.018409999999999999
403.255
163.39500000000001
193.62
316.59800000000001
177.673
95.359200000000001
225.18899999999999
864.73299999999995
527.17999999999995
122.04900000000001
30.704899999999999
17.958500000000001
34.824300000000001
156.19999999999999
123.134
0.121935
0.27350099999999999
0.240205
0.018846999999999999
0.27623999999999999
0.121785
0.046559000000000003
0.0076059999999999999
0.006999
0.076580999999999996
0.094196000000000002
0.27173999999999998
0.49146600000000001
0.23882
0.99434800000000001
0.88524499999999995
0.14386199999999999
0.11132400000000001
0.026324
0.033064000000000003
0.0062760000000000003
0.030533000000000001
0.031694
0.014295
0.80144899999999997
0.414738
0.127216
0.30397400000000002
0.055466000000000001
0.305865
0.071374000000000007
0.074203000000000005
0.103173
0.17077700000000001
0.15321399999999999
0.029862
0.023030999999999999
0.013493
0.031792000000000001
0.044691000000000002
0.111738
0.089647000000000004
0.45425900000000002
0.30924099999999999
0.046677000000000003
0.012975
0.024132000000000001
0.077467999999999995
0.037540999999999998
193.87200000000001
178.59700000000001
169.09200000000001
545.976
456.41199999999998
427.17099999999999
35.828400000000002
28.267399999999999
46.777000000000001
175.161
273.303
364.26999999999998
0.24848200000000001
0.054649999999999997
0.029812999999999999
0.13519800000000001
0.034755000000000001
0.034957000000000002
0.022162999999999999
0.0062230000000000002
0.016722000000000001
0.010988
0.028729000000000001
0.150448
0.10204100000000001
0.13228799999999999
0.22067500000000001
0.056701000000000001
0.16425799999999999
0.030279
0.040544999999999998
0.019993
0.023871
0.14387
0.15448300000000001
0.54809200000000002
0.23374900000000001
0.253639
0.17799999999999999
0.13888400000000001
0.120369
0.063150999999999999
0.154086
0.088499999999999995
0.12407899999999999
0.061733999999999997
0.064824999999999994
0.015710999999999999
0.017899000000000002
0.046885999999999997
0.041431000000000003
0.160388
0.062413999999999997
0.23247999999999999
0.206369
0.052521999999999999
0.017642000000000001
0.0024550000000000002
0.021121999999999998
0.04478
0.019883999999999999
0.013280999999999999
118.127
471.91699999999997
195.881
657.17100000000005
872.05399999999997
19.2376
67.663700000000006
154.45699999999999
150.61000000000001
398.96499999999997
419.43200000000002
0.18368000000000001
0.060037
0.025307
0.0081460000000000005
0.013889
0.0046930000000000001
0.006241
0.016413000000000001
0.0084939999999999998
0.029814
0.040793000000000003
0.104127
0.12604299999999999
0.053893000000000003
0.076272000000000006
0.104682
0.35095100000000001
0.15252399999999999
0.193743
0.051519000000000002
0.044325999999999997
0.33463799999999999
0.22206200000000001
1.6546400000000001
1.26326
0.27245200000000003
0.21249399999999999
0.34845900000000002
0.13971
0.105994
0.084938
0.106266
0.019452000000000001
0.017694000000000001
0.009757
0.010002
0.018193000000000001
0.062058000000000002
0.139628
0.049903000000000003
0.196824
0.15087200000000001
0.089596999999999996
0.019663
0.008182
0.045152999999999999
0.043873000000000002
0.0087510000000000001
0.0097710000000000002
0.18842700000000001
0.119821
2112.5300000000002
969.79499999999996
747.36800000000005
1155.72
42.178600000000003
170.63399999999999
350.50799999999998
321.56400000000002
302.65199999999999
546.67999999999995
0.16767199999999999
0.112835
0.071975999999999998
0.031708
0.00413
0.001371
0.002147
0.028466000000000002
0.044005000000000002
0.055578000000000002
0.016995
0.11136799999999999
0.14352500000000001
0.11415
0.094770999999999994
0.16661500000000001
0.62101899999999999
0.12096700000000001
0.21531800000000001
0.241372
0.30999300000000002
0.20805100000000001
6.2335200000000004
2.22662
0.36805599999999999
0.60243899999999995
0.25666600000000001
0.21093899999999999
0.077026999999999998
0.096445000000000003
0.083196000000000006
0.043672000000000002
0.053932000000000001
0.129272
0.021707000000000001
0.012132
0.164159
0.29033599999999998
0.61052300000000004
0.70087699999999997
0.191718
0.20755599999999999
0.021044
0.018553
0.058645000000000003
0.19100900000000001
0.018031999999999999
0.010918000000000001
880.75999999999999
2810.6100000000001
1775.1700000000001
770.351
830.404
84.497
44.646599999999999
96.288200000000003
359.96300000000002
449.63099999999997
115.23099999999999
90.966899999999995
63.184600000000003
0.20080200000000001
0.122389
0.048892999999999999
0.015871
0.0030460000000000001
0.018966
0.42064200000000002
0.24307100000000001
0.32220100000000002
0.026301000000000001
0.025957999999999998
0.083804000000000003
0.038539999999999998
0.15609600000000001
0.61339900000000003
0.869371
0.312359
0.26140400000000003
1.6354900000000001
0.74891399999999997
0.18964800000000001
0.65273000000000003
0.22120799999999999
0.381969
0.121395
0.54381900000000005
0.220218
0.088805999999999996
0.57714399999999999
0.31709500000000002
0.10799300000000001
0.11486
0.260851
0.26843600000000001
0.035279999999999999
0.041884999999999999
0.089061000000000001
2.0975600000000001
0.37309399999999998
0.060958999999999999
0.088942999999999994
0.031149
0.098465999999999998
0.027875
0.011284000000000001
0.0054169999999999999
0.019907999999999999
2032.8299999999999
1885.3
1886.8399999999999
1739.8
73.795500000000004
56.752600000000001
36.260199999999998
131.625
535.00099999999998
389.26299999999998
270.46100000000001
311.178
164.358
0.107354
0.23935400000000001
0.064245999999999998
0.037768999999999997
0.048510999999999999
0.111137
0.14877199999999999
0.40503
0.040094999999999999
0.097418000000000005
0.15484300000000001
0.046428999999999998
0.023552
0.23216100000000001
0.245866
0.48676399999999997
0.066665000000000002
0.069572999999999996
1.2710699999999999
2.47831
0.44616
0.39523799999999998
0.44501299999999999
0.068957000000000004
0.098691000000000001
0.73185100000000003
0.76342100000000002
0.789775
1.9161999999999999
0.13150999999999999
0.398451
0.142095
0.084865999999999997
0.34795500000000001
0.099926000000000001
0.106167
0.032281999999999998
0.49194900000000003
0.33376400000000001
0.142093
0.088844999999999993
0.051662
0.038815000000000002
0.042610000000000002
0.017776
0.0077190000000000002
145.053
1430.8399999999999
2452.6199999999999
767.44100000000003
385.12700000000001
89.575299999999999
31.050699999999999
34.2301
35.442799999999998
492.20299999999997
642.19100000000003
476.26999999999998
231.416
0.38507599999999997
0.077370999999999995
0.094507999999999995
0.058507000000000003
0.01306
0.070716000000000001
0.21360199999999999
0.33384799999999998
0.047107999999999997
0.14980499999999999
0.15281500000000001
0.14633299999999999
0.19620899999999999
0.10952099999999999
0.014756
0.169127
0.21043500000000001
0.039257
0.18457599999999999
1.02207
0.63774799999999998
0.35941200000000001
0.38083600000000001
0.224772
0.187005
0.51875499999999997
2.0028000000000001
0.196354
1.2423999999999999
0.14626400000000001
0.089379
0.028537
0.17790500000000001
0.28731299999999999
0.120078
0.033084000000000002
0.023733000000000001
0.069817000000000004
0.230188
0.049445000000000003
0.26498300000000002
0.027224000000000002
0.033634999999999998
0.056766999999999998
0.088489999999999999
0.013032999999999999
0.013741
417.012
973.02200000000005
1700.1600000000001
750.08600000000001
43.390300000000003
105.346
29.8123
25.787099999999999
38.152200000000001
425.54700000000003
325.43700000000001
314.35599999999999
0.100664
0.138651
0.094697000000000003
0.078266000000000002
0.113691
0.058939999999999999
0.086615999999999999
0.16982900000000001
0.72235099999999997
0.28397600000000001
0.21446100000000001
0.089932999999999999
0.31753900000000002
0.26444899999999999
0.19781399999999999
0.047557000000000002
0.30749700000000002
0.154137
0.27463700000000002
0.052132999999999999
0.16025800000000001
0.15776000000000001
0.087706999999999993
0.53674200000000005
0.18929099999999999
0.37243999999999999
0.51464299999999996
0.98667000000000005
0.48457499999999998
0.27863900000000003
0.511548
0.104209
0.038147
0.065975000000000006
0.025645999999999999
0.077760999999999997
0.050791999999999997
0.0096489999999999996
0.17538899999999999
0.231346
0.034844
0.071633000000000002
0.094995999999999997
0.070388000000000006
0.12421599999999999
0.072665999999999994
0.076994000000000007
1335.3299999999999
430.19799999999998
419.923
1717.0899999999999
71.058599999999998
44.895699999999998
56.948599999999999
30.986999999999998
12.73
11.0159
129.55500000000001
211.38200000000001
206.87700000000001
0.69740500000000005
0.75145899999999999
0.187526
0.039026999999999999
0.11147600000000001
0.067595000000000002
0.61871299999999996
1.0487299999999999
1.51244
0.35833399999999999
0.156998
0.142399
0.065758999999999998
0.066880999999999996
0.208706
0.561693
0.73045099999999996
0.14305599999999999
0.28036699999999998
0.27347500000000002
0.047212999999999998
0.34571200000000002
0.13924800000000001
0.096236000000000002
0.090677999999999995
0.133273
0.065941
0.096662999999999999
0.31520199999999998
0.24033399999999999
0.50078500000000004
0.29209299999999999
0.051514999999999998
0.10800899999999999
0.142349
0.13755800000000001
0.057723999999999998
0.078805
0.094928999999999999
0.096823999999999993
0.29671599999999998
0.071693999999999994
0.023286000000000001
0.094962000000000005
0.031927999999999998
0.057647999999999998
0.111758
855.83699999999999
468.608
445.673
2058.1900000000001
1430.1199999999999
59.817599999999999
21.003
31.489000000000001
15.6601
19.088200000000001
68.526499999999999
179.99600000000001
161.578
0.14375499999999999
0.23155999999999999
0.24506
0.076536000000000007
0.29592800000000002
0.23985400000000001
0.65806500000000001
0.37561
0.72402299999999997
0.35122100000000001
0.43592399999999998
0.83636999999999995
0.095986000000000002
0.092714000000000005
0.14655000000000001
0.465391
0.25902900000000001
0.105535
0.31183499999999997
0.209069
0.12576399999999999
0.073833999999999997
0.53314099999999998
0.38886999999999999
0.031904000000000002
0.19647500000000001
0.059982000000000001
0.072764999999999996
0.29772999999999999
0.080936999999999995
0.079380999999999993
0.273725
0.055621999999999998
0.23303399999999999
0.20530799999999999
0.245619
0.057718999999999999
0.28980400000000001
0.093751000000000001
0.027806999999999998
0.046331999999999998
0.095874000000000001
0.065226000000000006
0.058019000000000001
0.044808000000000001
0.064111000000000001
96.4619
50.384399999999999
106.508
365.84100000000001
1649.03
889.096
1262.24
647.755
30.9056
17.0913
10.0863
38.367400000000004
90.3964
0.047343999999999997
0.047482000000000003
0.143621
0.345642
0.48999999999999999
0.164826
0.12797700000000001
0.46583400000000003
0.19566500000000001
0.28395500000000001
1.3764099999999999
0.59967199999999998
0.096505999999999995
0.65714899999999998
0.243307
0.080805000000000002
0.133687
0.28454499999999999
0.18662500000000001
0.13137599999999999
0.062605999999999995
0.062047999999999999
0.201602
0.16369900000000001
0.066358
0.031605000000000001
0.079074000000000005
0.048597000000000001
0.16340099999999999
0.223523
0.060407000000000002
0.057568000000000001
0.115466
0.026794999999999999
0.099330000000000002
0.066563999999999998
0.058520000000000003
0.115386
0.056853000000000001
0.066928000000000001
0.037559000000000002
0.072541999999999995
0.098129999999999995
0.056239999999999998
0.037262000000000003
42.945300000000003
26.055700000000002
156.28
30.183
122.383
0.17919599999999999
666.02599999999995
424.93000000000001
498.03800000000001
41.4739
11.795299999999999
11.0623
6.3952099999999996
33.951500000000003
165.631
0.20293800000000001
0.081914000000000001
0.18126400000000001
0.66969800000000002
0.11494799999999999
0.44422400000000001
0.64272399999999996
0.538215
0.17263800000000001
0.18466299999999999
0.081241999999999995
0.13872399999999999
0.31314500000000001
0.222548
0.109128
0.43093399999999998
0.33628999999999998
0.66774500000000003
1.02759
0.24917900000000001
0.081998000000000001
0.30237199999999997
0.15103800000000001
0.101463
0.13803399999999999
0.14934800000000001
0.28798699999999999
0.10122399999999999
0.19331100000000001
0.061003000000000002
0.065214999999999995
0.102742
0.67415000000000003
0.022929000000000001
0.116517
0.054789999999999998
0.046552999999999997
0.087934999999999999
0.060331999999999997
0.013483
0.088667999999999997
0.076199000000000003
0.060644999999999998
120.172
148.91499999999999
19.567299999999999
42.286000000000001
100.79300000000001
54.505200000000002
0.078328999999999996
0.38900800000000002
938.39400000000001
187.13999999999999
186.86099999999999
487.517
13.3521
6.5194000000000001
3.5719500000000002
43.308700000000002
0.074390999999999999
0.32796900000000001
0.31046099999999999
0.10945299999999999
0.28592600000000001
0.187472
0.26165899999999997
0.423761
0.24751600000000001
0.285302
0.25328600000000001
0.17135300000000001
0.24462400000000001
0.073369000000000004
0.071749999999999994
0.088470999999999994
0.066145999999999996
0.16559099999999999
1.46133
1.0495699999999999
0.58756900000000001
0.030151000000000001
0.064140000000000003
0.079880999999999994
0.151564
0.13121099999999999
0.061634000000000001
0.33457599999999998
0.14532400000000001
0.37830399999999997
0.25692199999999998
0.056734
0.38110500000000003
0.264372
0.049700000000000001
0.092494999999999994
0.28727900000000001
0.149923
0.224578
0.032143999999999999
0.033870999999999998
0.024701000000000001
0.039614999999999997
250.23500000000001
181.51400000000001
69.813500000000005
23.376200000000001
61.109000000000002
53.374099999999999
0.14501
0.46339200000000003
0.20599100000000001
901.45600000000002
406.53199999999998
175.30600000000001
437.44600000000003
155.25299999999999
998.84900000000005
7.1493200000000003
0.044985999999999998
0.51168000000000002
0.089837
0.27730900000000003
0.180898
0.44044800000000001
0.35558200000000001
0.22311700000000001
0.27452399999999999
0.088489999999999999
0.173264
0.220411
0.22104699999999999
0.32283200000000001
0.32699600000000001
0.41360400000000003
1.18347
1.2404999999999999
0.087831000000000006
0.11787400000000001
0.67396999999999996
0.25708500000000001
0.085082000000000005
0.043496
0.051039000000000001
0.007489
0.051601000000000001
0.041855000000000003
0.19828000000000001
0.144873
0.19847100000000001
0.101281
0.043961
0.119447
0.21846599999999999
0.039838999999999999
0.044322
0.114908
0.24280499999999999
0.068492999999999998
0.033717999999999998
0.19239500000000001
0.129723
1660.54
132.66499999999999
203.167
152.17699999999999
40.439799999999998
0.089693999999999996
0.071018999999999999
0.130576
0.45430399999999999
85.781000000000006
399.97699999999998
91.713499999999996
733.428
254.12700000000001
142.499
17.389099999999999
15.3192
64.222099999999998
113.11499999999999
0.24904999999999999
0.078014
0.14149700000000001
0.042118000000000003
0.65620699999999998
0.51312599999999997
0.14835599999999999
0.17688899999999999
0.14192299999999999
0.19048100000000001
0.40931699999999999
0.199271
0.17661499999999999
0.15693499999999999
1.60388
0.43608000000000002
0.70524900000000001
0.072580000000000006
0.17826700000000001
0.229157
0.575654
0.49749500000000002
0.098513000000000003
0.047315999999999997
0.025714000000000001
0.021021999999999999
0.096321000000000004
0.097536999999999999
0.176428
0.11228399999999999
0.0053439999999999998
0.011258000000000001
0.026209
0.037504000000000003
0.083199999999999996
0.68680799999999997
1.0706500000000001
0.72275699999999998
0.163248
0.49038700000000002
954.49900000000002
1984
126.41
314.55799999999999
97.967399999999998
69.022199999999998
0.022769999999999999
0.020149
0.061968000000000002
0.37611600000000001
98.372399999999999
596.13599999999997
265.916
389.12799999999999
518.88999999999999
158.16
18.175899999999999
231.26900000000001
93.241799999999998
66.834400000000002
152.59299999999999
194.71299999999999
0.191721
0.097267999999999993
0.089227000000000001
0.58959300000000003
1.3546100000000001
0.057789
0.208568
0.32287500000000002
0.18754599999999999
0.12771099999999999
0.15468699999999999
0.63324100000000005
0.19914899999999999
0.28885
0.36229299999999998
0.092138999999999999
0.24232699999999999
0.17624999999999999
0.244863
0.095757999999999996
0.52327800000000002
0.046224000000000001
0.020861999999999999
0.013039
0.036170000000000001
0.051881999999999998
0.087332000000000007
0.015343000000000001
0.0048409999999999998
0.0036949999999999999
0.037470999999999997
0.032391000000000003
0.16967299999999999
0.26357700000000001
0.24440100000000001
0.21869
0.074824000000000002
1727.97
1227.1900000000001
876.91300000000001
338.79000000000002
201.85900000000001
47.079500000000003
44.6297
37.739600000000003
0.031224999999999999
0.15282200000000001
0.54800300000000002
209.70400000000001
128.87799999999999
337.56799999999998
617.85199999999998
592.06200000000001
226.04900000000001
716.10699999999997
156.214
180.036
132.27000000000001
187.34899999999999
280.78899999999999
534.06600000000003
771.50999999999999
0.270922
2.60134
1.8204100000000001
0.45480599999999999
0.19487199999999999
0.12109300000000001
0.49229600000000001
0.066534999999999997
0.085667999999999994
0.37847900000000001
0.13613
0.92366800000000004
1.27945
0.082600000000000007
0.217612
0.25605699999999998
0.38431599999999999
0.29602699999999998
0.29504000000000002
0.109371
0.040190999999999998
0.017548999999999999
0.027900000000000001
0.054782999999999998
0.074408000000000002
0.060297000000000003
0.016843
0.011563
0.031495000000000002
0.045543
0.080448000000000006
0.14292199999999999
0.37340800000000002
0.040987999999999997
0.27818500000000002
1.4715
1472.29
1339.52
643.80899999999997
190.19200000000001
52.981900000000003
41.106000000000002
44.717399999999998
51.405799999999999
0.035469000000000001
0.92747199999999996
1.7495000000000001
365.959
759.50999999999999
623.34199999999998
137.11199999999999
402.77800000000002
891.70799999999997
265.28300000000002
331.66199999999998
85.428600000000003
0.39230500000000001
415.964
536.76900000000001
3129.6700000000001
210.05099999999999
903.74099999999999
1.6695199999999999
0.949044
0.15595400000000001
0.23163400000000001
0.17638999999999999
0.068433999999999995
0.149566
0.25059500000000001
0.53635999999999995
0.36921999999999999
0.58888499999999999
0.39063999999999999
0.68287799999999999
0.70514200000000005
0.22326299999999999
0.16328899999999999
0.049466000000000003
0.081680000000000003
0.054016000000000002
0.049059999999999999
0.022171
0.053061999999999998
0.19900200000000001
0.042272999999999998
0.053176000000000001
0.017871000000000001
0.016147000000000002
0.224604
0.105103
0.14007500000000001
0.091267000000000001
0.29893199999999998
0.085129999999999997
3.18933
0.67343799999999998
1376.25
851.452
190.554
95.409499999999994
79.312399999999997
71.635900000000007
104.61199999999999
17.8385
426.07299999999998
218.33500000000001
48.183599999999998
38.427199999999999
127.42400000000001
307.85500000000002
70.176000000000002
672.81799999999998
289.40300000000002
88.189800000000005
206.322
0.27694200000000002
274.68599999999998
1932.04
4402.96
718.97400000000005
351.72899999999998
0.80503199999999997
1.8047599999999999
0.33060600000000001
0.168154
0.50829899999999995
0.057957000000000002
0.36291699999999999
0.24685000000000001
0.62311399999999995
0.20322999999999999
1.1248
0.63505500000000004
0.33603300000000003
0.35326299999999999
0.11339399999999999
0.018303
0.085720000000000005
0.013328
0.064689999999999998
0.086126999999999995
0.079272999999999996
0.14035600000000001
0.275173
0.109655
0.040204999999999998
0.017368999999999999
0.011575
0.066761000000000001
0.21529799999999999
0.47995900000000002
0.277808
0.99985400000000002
0.202822
0.35375499999999999
0.29394999999999999
0.19756599999999999
0.089533000000000001
0.10433199999999999
0.054644999999999999
0.053158999999999998
0.040821999999999997
0.13428000000000001
0.021999999999999999
339.68900000000002
251.89099999999999
55.877800000000001
39.700200000000002
126.482
478.10500000000002
70.940600000000003
1029.97
330.95999999999998
178.11199999999999
240.251
884.31799999999998
0.25669500000000001
2007.96
6276.3000000000002
1082.5699999999999
1047.7
235.107
0.30720900000000001
0.421093
0.13098000000000001
0.099849999999999994
0.089649000000000006
0.052587000000000002
0.161084
0.71678500000000001
0.072139999999999996
0.178235
0.084066000000000002
0.78032699999999999
0.31287900000000002
0.067808999999999994
0.033340000000000002
0.020587999999999999
0.019227999999999999
0.029912999999999999
0.092699000000000004
0.203322
0.18342900000000001
0.077844999999999998
0.16108900000000001
0.153755
0.082955000000000001
0.010943
0.026762000000000001
0.42518099999999998
0.80880799999999997
0.75639599999999996
0.183949
0.73998799999999998
0.10333000000000001
0.81611800000000001
0.76384099999999999
0.094658000000000006
0.38504899999999997
0.084485000000000005
0.015810000000000001
0.071447999999999998
0.114374
0.016063999999999998
0.46261600000000003
0.114441
0.73071900000000001
0.068513000000000004
0.030863000000000002
317.62400000000002
229.97
1719.76
541.22400000000005
336.983
436.464
653.68200000000002
1208.3399999999999
1287.01
4118.1300000000001
2083.5100000000002
647.79300000000001
197.69
0.092908000000000004
0.31537199999999999
0.29931099999999999
0.18717600000000001
0.66051700000000002
0.159052
0.181951
0.23843600000000001
0.25945400000000002
0.62176200000000004
0.275254
0.35761399999999999
0.40720000000000001
0.0054679999999999998
0.025155
0.022875
0.015494000000000001
0.059430999999999998
0.15753700000000001
0.082607
0.048603
0.41745900000000002
0.106157
0.061485999999999999
0.14086299999999999
0.045453
0.016121
0.026495000000000001
0.11358600000000001
0.263268
0.19855700000000001
0.433979
0.070527999999999993
0.226989
0.62728399999999995
0.26660899999999998
0.13368099999999999
0.22028700000000001
0.15560199999999999
0.204397
0.060544000000000001
0.128972
0.49315199999999998
0.16458800000000001
0.36594399999999999
0.048963
114.062
438.59699999999998
0.16035099999999999
1180.3299999999999
487.72699999999998
377.94400000000002
467.64999999999998
966.82399999999996
875.78800000000001
1734.05
375.15699999999998
10.0578
18.572399999999998
7.0347799999999996
35.635199999999998
0.20725299999999999
0.58291999999999999
0.20816200000000001
0.51479699999999995
0.15232100000000001
0.548068
0.291549
0.468862
0.54543200000000003
0.093403
0.35848400000000002
0.16395999999999999
0.032454999999999998
0.046970999999999999
0.029753000000000002
0.018848
0.106643
0.10079299999999999
0.024310999999999999
0.090518000000000001
0.044325000000000003
0.104795
0.10351100000000001
0.098984000000000003
0.025506000000000001
0.10102999999999999
0.121532
0.14063000000000001
0.092196
0.34273999999999999
0.19021299999999999
0.094212000000000004
0.12676699999999999
1.1482399999999999
0.357877
0.13952400000000001
0.048863999999999998
0.111961
0.063798999999999995
0.026192
0.066542000000000004
0.034957000000000002
0.033466000000000003
0.075373999999999997
0.037950999999999999
112.994
275.38400000000001
44.938299999999998
0.28517500000000001
662.02499999999998
816.33000000000004
513.65499999999997
781.42600000000004
843.36400000000003
1085.3800000000001
488.14400000000001
1038.9300000000001
21.395800000000001
7.5200300000000002
25.232299999999999
0.43966300000000003
0.77982499999999999
0.32930599999999999
0.260855
0.077117000000000005
0.23811599999999999
1.24644
0.24757399999999999
0.62984700000000005
0.073564000000000004
0.51208900000000002
0.097172999999999995
0.13489899999999999
0.10331700000000001
0.180474
0.036920000000000001
0.147538
0.11413
0.079250000000000001
0.17736399999999999
0.119765
0.052295000000000001
0.028402
0.083123000000000002
0.25661800000000001
0.033612000000000003
0.020542000000000001
0.13112399999999999
0.136466
0.16193299999999999
0.033174000000000002
0.101947
0.117587
0.20291400000000001
0.083235000000000003
0.045796000000000003
0.23377100000000001
0.33818399999999998
0.122906
0.391596
0.093505000000000005
0.019536000000000001
0.011263
0.029638999999999999
0.13883899999999999
94.996499999999997
100.262
49.479599999999998
87.037800000000004
1443.97
626.87099999999998
253.34100000000001
1124.8399999999999
452.38799999999998
946.63999999999999
489.74400000000003
0.070730000000000001
0.097667000000000004
14.284599999999999
42.1813
0.54097200000000001
0.27211000000000002
0.43248599999999998
0.36564200000000002
0.215474
0.37017099999999997
0.56446799999999997
0.21058199999999999
0.19567699999999999
0.076139999999999999
0.1608
0.22470200000000001
0.080976000000000006
0.033367000000000001
0.042651000000000001
0.020799999999999999
0.031005000000000001
0.063661999999999996
0.086638000000000007
0.123048
0.15836700000000001
0.087416999999999995
0.085472999999999993
0.18687999999999999
0.14779400000000001
0.066475999999999993
0.072464000000000001
0.064515000000000003
0.044054000000000003
0.061145999999999999
0.059497000000000001
0.28998600000000002
0.14797299999999999
0.099180000000000004
0.32416600000000001
0.13611999999999999
0.051093
0.090917999999999999
0.19139500000000001
1.4512400000000001
0.38478099999999998
0.029395000000000001
0.044697000000000001
0.075965000000000005
0.015393
0.071403999999999995
163.81999999999999
32.090200000000003
59.275100000000002
668.80600000000004
163.21899999999999
420.714
834.41399999999999
596.03599999999994
663.46000000000004
0.84424699999999997
0.28863899999999998
14.221
12.0326
0.017128999999999998
0.020823000000000001
0.111052
0.13012099999999999
0.20346800000000001
0.24519199999999999
0.088016999999999998
0.59198600000000001
0.353995
0.69239499999999998
0.051867000000000003
0.087541999999999995
0.125556
0.028594000000000001
0.027056
0.015681
0.018041000000000001
0.006901
0.103718
0.097360000000000002
0.046824999999999999
0.13636100000000001
0.080736000000000002
0.046960000000000002
0.082675999999999999
0.033931000000000003
0.23288200000000001
0.062469999999999998
0.070959999999999995
0.011952000000000001
0.053437999999999999
0.035569999999999997
0.23075999999999999
0.192577
0.15570100000000001
0.071152999999999994
0.117974
0.033987000000000003
0.052096000000000003
0.019730999999999999
0.12837499999999999
0.45012600000000003
0.044981
0.080874000000000001
0.046879999999999998
0.068166000000000004
0.057493000000000002
0.350024
43.976900000000001
52.5227
274.21100000000001
199.78800000000001
192.33099999999999
86.917400000000001
491.678
885.505
526.34799999999996
53.590600000000002
12.2821
3.5453600000000001
0.013738
0.065405000000000005
0.12568399999999999
0.64829300000000001
0.40240300000000001
0.121249
0.082447999999999994
0.11144
0.220912
0.389235
0.072538000000000005
0.099139000000000005
0.130936
0.022249000000000001
0.045907999999999997
0.021432
0.042869999999999998
0.011093
0.095646999999999996
0.55789599999999995
0.264569
0.210475
0.074082999999999996
0.082955000000000001
0.083392999999999995
0.12157900000000001
0.019675999999999999
0.012862999999999999
0.11204799999999999
0.055606000000000003
0.043577999999999999
0.084954000000000002
0.031050999999999999
0.057901000000000001
0.039641999999999997
0.059910999999999999
0.027226
0.015277000000000001
0.054116999999999998
0.063702999999999996
0.09579
0.091505000000000003
0.25348999999999999
0.21348400000000001
0.047952000000000002
0.042728000000000002
0.116456
0.19583700000000001
2135.2199999999998
1898.78
403.964
217.67099999999999
158.898
131.702
655.375
951.44100000000003
547.64400000000001
464.97000000000003
0.27083000000000002
0.071801000000000004
0.16539999999999999
0.161883
0.088165999999999994
0.27646599999999999
0.039165999999999999
0.081326999999999997
0.053595999999999998
0.65204099999999998
0.072956999999999994
0.082950999999999997
0.11007400000000001
0.036852000000000003
0.044435000000000002
0.17147200000000001
0.034374000000000002
0.024299000000000001
0.052623999999999997
0.070843000000000003
0.067850999999999995
0.11934
0.039078000000000002
0.035985999999999997
0.048797
0.026047000000000001
0.040639000000000002
0.033738999999999998
0.040439000000000003
0.032078000000000002
0.0079480000000000002
0.11060399999999999
0.071162000000000003
0.021047
0.01035
0.029975000000000002
0.026438
0.021035999999999999
0.014563
0.032620000000000003
0.0075599999999999999
0.025884999999999998
0.02445
0.115699
0.24134800000000001
0.40366600000000002
0.181696
0.056162999999999998
594.45000000000005
2501.4499999999998
2761.0500000000002
1525.55
552.33399999999995
238.73099999999999
196.19499999999999
166.55600000000001
342.03500000000003
625.13
280.14299999999997
90.931799999999996
0.31073800000000001
0.167933
0.127998
0.029564
0.14666999999999999
0.095632999999999996
0.016237999999999999
0.10653799999999999
0.066109000000000001
0.59377199999999997
0.083627999999999994
0.13125999999999999
0.063130000000000006
0.017675
0.131103
0.32447799999999999
0.018540999999999998
0.012562
0.037027999999999998
0.036294
0.057299999999999997
0.64357600000000004
0.029439
0.317214
0.053635000000000002
0.013207
0.021850999999999999
0.035924999999999999
0.27308199999999999
0.055266000000000003
0.066545999999999994
0.030161
0.037437999999999999
0.040388
0.062868999999999994
0.029186
0.0089440000000000006
0.0070419999999999996
0.018193999999999998
0.019983999999999998
0.019283000000000002
0.013317000000000001
0.049626999999999998
0.156496
0.35706700000000002
0.177841
3619.1700000000001
2703.4400000000001
1521.7
2966.7600000000002
1702.95
29.673999999999999
26.199999999999999
17.446300000000001
274.65300000000002
237.42400000000001
87.346800000000002
644.64800000000002
262.923
464.50299999999999
2306.1799999999998
0.37375199999999997
0.093932000000000002
0.185831
0.034175999999999998
0.072059999999999999
0.11716600000000001
0.037279
0.034658000000000001
0.092287999999999995
0.034877999999999999
0.089658000000000002
0.28834399999999999
0.089843999999999993
0.22554399999999999
0.018304999999999998
0.121792
0.02104
0.022638999999999999
0.0078270000000000006
0.097531000000000007
0.091061000000000003
0.063784999999999994
0.047750000000000001
0.014255
0.093118000000000006
0.14186099999999999
0.059955000000000001
0.086323999999999998
0.033524999999999999
0.033556000000000002
0.042741000000000001
0.070544999999999997
0.15238399999999999
0.053370000000000001
0.034197999999999999
0.016920000000000001
0.046788999999999997
0.051808
0.020434999999999998
0.017552999999999999
0.0068360000000000001
0.05987
0.14815900000000001
0.568855
3769.21
2429.52
1012.9400000000001
1929.1099999999999
4226.1999999999998
118.241
36.3489
24.119199999999999
17.030000000000001
32.205800000000004
116.42700000000001
93.700699999999998
524.80799999999999
122.708
484.92599999999999
2336.8099999999999
715.43200000000002
0.11966599999999999
0.33937299999999998
0.033674000000000003
0.049097000000000002
0.070109000000000005
0.104911
0.27770600000000001
0.157778
0.038793000000000001
0.161943
1.61711
0.19186400000000001
0.092650999999999997
0.089644000000000001
0.108657
0.11566700000000001
0.12144199999999999
0.063419000000000003
0.030917
0.019005000000000001
0.037127
0.010340999999999999
0.030360000000000002
0.058706000000000001
0.054519999999999999
0.015706000000000001
0.57273600000000002
0.063983999999999999
0.020990999999999999
0.016962999999999999
0.012637000000000001
0.070747000000000004
0.245056
0.14163799999999999
0.145179
0.229602
0.057414
0.014390999999999999
0.0082470000000000009
0.030425000000000001
0.015603000000000001
0.028135
1068.4200000000001
3539.23
2307.8099999999999
1050.29
27.1233
55.882899999999999
142.64400000000001
64.680599999999998
32.6892
36.549399999999999
62.8703
1830.1300000000001
115.358
1008.13
195.798
573.60299999999995
1122.3399999999999
1070.1400000000001
863.82100000000003
0.027550999999999999
0.021836000000000001
0.027827999999999999
0.14938799999999999
0.26280300000000001
0.055465
0.048829999999999998
0.023251999999999998
0.018926999999999999
0.074025999999999995
0.211317
0.20277300000000001
0.108247
0.102254
0.052565000000000001
0.056300999999999997
0.049286999999999997
0.034778999999999997
0.013542999999999999
0.016795999999999998
0.025010000000000001
0.014454
0.02495
0.026223
0.045929999999999999
0.164302
0.079232999999999998
0.01532
0.041737000000000003
0.202376
0.099118999999999999
0.040514000000000001
0.045308000000000001
0.043624999999999997
0.05339
0.013346
0.013499000000000001
0.0072220000000000001
0.015106
0.037023
0.24150199999999999
950.10199999999998
1044.8599999999999
2051.1100000000001
25.353100000000001
51.092100000000002
193.50800000000001
162.78399999999999
78.2654
30.309799999999999
34.726199999999999
304.75599999999997
1711.25
0.052996000000000001
193.977
357.10300000000001
717.005
1302.98
1375.1600000000001
1291.8499999999999
482.60700000000003
0.264075
0.14881800000000001
0.26031799999999999
0.40896100000000002
0.062544000000000002
0.021697999999999999
0.041998000000000001
0.010392999999999999
0.085050000000000001
0.124653
0.45008700000000001
0.095146999999999995
0.18742900000000001
0.064879000000000006
0.070713999999999999
0.027324000000000001
0.094933000000000003
0.036769999999999997
0.0327
0.013514999999999999
0.011579000000000001
0.055537999999999997
0.086315000000000003
0.247671
0.26415100000000002
0.28016999999999997
0.119468
0.277389
0.049519000000000001
0.046435999999999998
0.023307000000000001
0.040377999999999997
0.06114
0.082142000000000007
0.051067000000000001
0.0047450000000000001
0.0027320000000000001
0.0052139999999999999
0.023283999999999999
1230.26
935.38900000000001
6.2800799999999999
44.692900000000002
57.0212
99.056700000000006
526.05499999999995
239.16900000000001
137.19399999999999
21.515699999999999
472.86900000000003
1340.5699999999999
0.02615
0.069833999999999993
382.33100000000002
344.185
872.32799999999997
1314.6900000000001
1870.6300000000001
455.762
353.70299999999997
0.24416099999999999
0.15032200000000001
0.104361
0.085666000000000006
0.027258000000000001
0.047483999999999998
0.126642
0.032697999999999998
0.039176999999999997
0.186279
0.080393999999999993
0.244228
1.02624
0.37262000000000001
0.25564399999999998
0.056065999999999998
0.072313000000000002
0.23610500000000001
0.030242999999999999
0.14610500000000001
0.040962999999999999
0.034314999999999998
0.23524800000000001
0.086072999999999997
0.099529999999999993
0.28125899999999998
0.52446000000000004
0.51130100000000001
1.44835
0.54176899999999995
0.86108200000000001
0.10624400000000001
0.116701
0.21085200000000001
0.18521099999999999
0.021763999999999999
0.0071289999999999999
0.016638
0.045364000000000002
0.201184
1060.3099999999999
9.8694600000000001
22.470500000000001
59.030999999999999
157.18799999999999
357.99200000000002
151.65100000000001
43.802700000000002
573.73599999999999
411.39299999999997
0.202956
0.056784000000000001
0.34697099999999997
208.15100000000001
466.03100000000001
768.21600000000001
528.52999999999997
1148.7
858.89300000000003
295.81700000000001
182.47
0.21334600000000001
0.20768300000000001
0.051935000000000002
0.012935
0.043539000000000001
0.084250000000000005
0.137817
0.277669
0.50445300000000004
0.74173999999999995
0.28690100000000002
0.252967
0.48760799999999999
0.13741400000000001
0.48161399999999999
0.13053999999999999
0.099037
0.14843500000000001
0.15310599999999999
0.25095000000000001
0.37006299999999998
0.35746699999999998
0.13508600000000001
0.25362699999999999
0.67730299999999999
0.28011900000000001
0.18456600000000001
0.75242299999999995
1.0995699999999999
0.311224
0.123262
0.087349999999999997
0.35656500000000002
0.34686600000000001
0.27706199999999997
0.053441000000000002
0.023560000000000001
0.016843
152.149
81.897300000000001
31.1751
36.875100000000003
56.619700000000002
97.898799999999994
419.28500000000003
243.017
1185.4000000000001
73.983699999999999
98.814800000000005
0.036163000000000001
0.234212
0.082702999999999999
345.30799999999999
470.19900000000001
1440.3800000000001
547.56700000000001
1093.9200000000001
1296.51
540.76700000000005
160.90299999999999
146.434
0.062348000000000001
0.042754
0.035097000000000003
0.13488600000000001
0.16339400000000001
0.27224399999999999
0.41986299999999999
1.13859
1.4358299999999999
2.0055700000000001
9.3260500000000004
0.50859399999999999
0.485568
0.159078
0.21122199999999999
0.14646799999999999
0.11385199999999999
0.79323399999999999
0.69382999999999995
0.43629899999999999
0.57309299999999996
0.033709999999999997
0.10619099999999999
1.0559700000000001
0.53335200000000005
0.102988
0.37179299999999998
0.53221799999999997
0.048505
0.069539000000000004
0.193412
0.231879
0.46480100000000002
1.4278299999999999
0.27011000000000002
47.554900000000004
235.27799999999999
103.773
72.105900000000005
21.450800000000001
40.239400000000003
126.669
50.892899999999997
206.774
140.15199999999999
766.17399999999998
135.721
167.63399999999999
80.400400000000005
201.054
223.93100000000001
442.00400000000002
558.91700000000003
395.286
354.346
874.11500000000001
1048.97
459.601
332.73099999999999
86.763599999999997
0.037397
0.019432999999999999
0.101475
0.076631000000000005
0.26455600000000001
0.119534
0.069400000000000003
0.31726300000000002
0.55935999999999997
0.66253300000000004
1.8023
0.070431999999999995
0.111441
0.097173999999999996
0.105475
0.043917999999999999
0.061031000000000002
0.42413400000000001
1.0543199999999999
0.18850900000000001
0.104396
0.157386
0.15740199999999999
0.059839999999999997
0.193018
0.29749599999999998
0.15285000000000001
0.086730000000000002
0.095473000000000002
0.083569000000000004
0.20913300000000001
0.22820299999999999
0.92578899999999997
0.78782700000000006
61.264400000000002
30.049900000000001
86.490899999999996
59.462200000000003
101.967
78.507300000000001
122.11799999999999
177.29900000000001
207.74600000000001
183.78
47.508000000000003
42.3904
30.1769
131.673
74.151399999999995
134.06
325.20499999999998
765.15499999999997
475.10899999999998
582.79999999999995
292.27600000000001
610.67200000000003
381.76600000000002
298.74200000000002
358.40300000000002
0.016847000000000001
0.063358999999999999
0.070139000000000007
0.26524300000000001
0.47464899999999999
0.082795999999999995
0.103453
0.14347199999999999
0.28218700000000002
0.91629400000000005
0.28484700000000002
0.237679
0.102898
0.088358000000000006
0.067597000000000004
0.17832600000000001
0.048061
0.043716999999999999
0.071503999999999998
0.221912
0.118783
0.049362000000000003
0.095934000000000005
0.12928000000000001
0.20538699999999999
0.331098
0.469445
0.12520300000000001
0.040694000000000001
0.049673000000000002
0.034638000000000002
0.38911899999999999
0.108001
0.14083000000000001
18.700199999999999
32.096200000000003
84.766999999999996
103.208
167.44200000000001
61.5807
66.209900000000005
42.478700000000003
51.759999999999998
171.49100000000001
153.15600000000001
44.548900000000003
45.604100000000003
0.110198
0.088576000000000002
0.083542000000000005
0.021339
546.42999999999995
468.35899999999998
931.82399999999996
1320.1700000000001
260.36099999999999
302.72399999999999
824.52300000000002
308.76600000000002
0.42982700000000001
0.053129999999999997
0.033992000000000001
0.059052
0.081680000000000003
0.16366700000000001
0.19370699999999999
0.026747
0.15540899999999999
0.93969199999999997
0.56041399999999997
0.284501
0.27037699999999998
0.34284700000000001
0.033796
0.103446
0.30104399999999998
0.31984499999999999
0.135967
0.104085
0.063880999999999993
0.014146000000000001
0.011622
0.017169
0.025932
0.069926000000000002
0.165242
0.78518699999999997
0.090730000000000005
0.022959
0.015393
0.048765999999999997
0.022617999999999999
0.083713999999999997
0.083471000000000004
20.806799999999999
17.105
112.586
82.512799999999999
59.942700000000002
84.351100000000002
76.883600000000001
74.444599999999994
99.062399999999997
129.04599999999999
51.585299999999997
67.719399999999993
0.28100700000000001
0.040113000000000003
0.22974
0.034132000000000003
0.45966400000000002
218.80799999999999
583.23500000000001
670.27800000000002
905.14599999999996
242.37700000000001
492.99900000000002
895.71100000000001
39.861400000000003
0.14377499999999999
0.048573999999999999
0.10552400000000001
0.139596
0.144259
0.116095
0.18053900000000001
0.085360000000000005
0.172762
0.58319200000000004
1.08707
0.95287200000000005
0.57922799999999997
0.124515
0.051587000000000001
0.048951000000000001
0.120799
0.104696
0.192469
0.033644
0.052243999999999999
0.017009
0.028774999999999998
0.039067999999999999
0.046815000000000002
0.026190999999999999
0.116379
0.060020999999999998
0.092483999999999997
0.060948000000000002
0.045215999999999999
0.052935000000000003
0.068185999999999997
0.015532000000000001
8.91235
11.7454
22.6998
37.2866
47.1419
57.467500000000001
50.250399999999999
212.75399999999999
146.518
231.845
140.53200000000001
35.058
0.090611999999999998
0.38859300000000002
0.15503400000000001
0.146483
0.13591400000000001
268.69200000000001
245.24000000000001
219.327
309.26799999999997
619.58399999999995
256.37400000000002
490.81799999999998
892.10299999999995
56.562100000000001
71.977599999999995
0.48800100000000002
0.030751000000000001
0.063672999999999993
0.056848000000000003
0.044998999999999997
0.079440999999999998
0.34309099999999998
0.1671
0.124484
0.30436999999999997
0.74197400000000002
0.166411
0.023511000000000001
0.067904000000000006
0.24154100000000001
0.030754
0.064921999999999994
0.081842999999999999
0.088211999999999999
0.084252999999999995
0.126003
0.051020999999999997
0.15293100000000001
0.040501000000000002
0.022415000000000001
0.036705000000000002
0.080702999999999997
0.16592999999999999
0.073594999999999994
0.0050569999999999999
0.091243000000000005
0.26356099999999999
0.14584800000000001
0.029914
16.5611
18.543600000000001
61.257399999999997
47.656700000000001
49.0824
51.014899999999997
169.173
123.515
408.786
166.512
80.852900000000005
0.61912100000000003
0.17239599999999999
0.255438
0.129772
89.720200000000006
292.91399999999999
181.21700000000001
191.947
343.61099999999999
548.34199999999998
475.27600000000001
707.10299999999995
741.48900000000003
34.648000000000003
40.047699999999999
0.30830000000000002
0.16572400000000001
0.036261000000000002
0.109625
0.064085000000000003
0.143815
0.29042200000000001
0.1182
0.179233
0.32868000000000003
0.37274400000000002
0.062879000000000004
0.075778999999999999
0.076952000000000007
0.22950799999999999
0.111938
0.19561799999999999
0.153361
0.31206
0.072447999999999999
0.067327999999999999
0.056967999999999998
0.010359999999999999
0.015075
0.068797999999999998
0.071607000000000004
0.024372000000000001
0.026193000000000001
0.068934999999999996
0.111079
0.14036699999999999
0.15068100000000001
0.13944400000000001
0.621834
27.3292
41.107700000000001
68.917299999999997
31.633500000000002
38.169199999999996
120.84999999999999
178.34200000000001
45.1492
116.458
162.59999999999999
84.120599999999996
0.28172700000000001
0.024476000000000001
0.041091999999999997
149.297
117.753
188.68899999999999
141.80000000000001
161.006
212.55799999999999
670.62
123.461
682.29200000000003
228.28200000000001
369.62099999999998
455.44600000000003
83.756200000000007
277.28899999999999
0.069411
0.066636000000000001
0.063259999999999997
0.059917999999999999
0.140711
0.026388000000000002
0.184776
0.082863000000000006
0.109332
0.33454
1.01613
0.16008700000000001
0.093133999999999995
0.68818000000000001
0.25200699999999998
0.15794
0.048221
0.160297
0.094232999999999997
0.044653999999999999
0.018190000000000001
0.140599
0.069092000000000001
0.025496999999999999
0.073078000000000004
0.051513999999999997
0.113555
0.030755999999999999
0.067138000000000003
0.076898999999999995
0.122848
0.27889999999999998
0.16434299999999999
58.200200000000002
77.5595
36.711599999999997
79.407200000000003
182.35599999999999
336.505
57.798699999999997
103.038
131.34700000000001
72.931600000000003
179.12899999999999
285.45600000000002
0.013246000000000001
163.60300000000001
321.82499999999999
152.25
184.58099999999999
55.631999999999998
158.517
289.07100000000003
83.730199999999996
1615.1900000000001
382.40699999999998
566.96799999999996
241.863
57.058399999999999
0.022311999999999999
0.036644999999999997
0.212232
0.051265999999999999
0.070565000000000003
0.01085
0.052540000000000003
0.18746599999999999
0.083139000000000005
0.137156
0.27311800000000003
0.560222
0.12747800000000001
0.130609
1.11639
0.13181799999999999
0.068637000000000004
0.068207000000000004
0.068723999999999993
0.162268
0.102684
0.037804999999999998
0.10038
0.12235
0.060822000000000001
0.23627100000000001
0.185228
1.64775
0.041685
0.23738699999999999
0.047398999999999997
0.027018
0.057972999999999997
0.089038000000000006
0.18476000000000001
66.922899999999998
29.395700000000001
72.9482
140.89699999999999
304.54899999999998
61.775199999999998
44.863399999999999
74.978300000000004
108.056
213.80199999999999
430.92099999999999
71.314800000000005
86.272599999999997
187.346
159.26499999999999
255.886
69.093500000000006
89.087100000000007
414.49400000000003
0.096934000000000006
0.010843999999999999
0.040724000000000003
150.83500000000001
61.828200000000002
90.456299999999999
0.031324999999999999
0.034278000000000003
0.228299
0.18631200000000001
0.16487599999999999
0.076902999999999999
0.080813999999999997
0.094447000000000003
0.118397
0.189889
0.080931000000000003
0.35630600000000001
2.16628
0.29402600000000001
0.46324900000000002
0.16675699999999999
0.122464
0.040219999999999999
0.037941999999999997
0.054886999999999998
0.119369
0.046295000000000003
0.037356
0.044031000000000001
0.070307999999999995
0.098943000000000003
0.252641
0.29329699999999997
0.29364699999999999
0.046385999999999997
0.167355
0.012930000000000001
0.0034480000000000001
0.061107000000000002
0.38469500000000001
0.11103
44.247900000000001
75.5321
144.50700000000001
375.06
136.96899999999999
61.317599999999999
56.712400000000002
50.444000000000003
176.00399999999999
306.40499999999997
293.51900000000001
127.089
318.52699999999999
58.268999999999998
211.19200000000001
193.273
75.968000000000004
0.14761099999999999
0.26670500000000003
0.017364000000000001
0.105763
0.105129
101.068
83.702399999999997
15.4323
34.680999999999997
0.253328
0.41097
0.101227
0.118256
0.14169499999999999
0.088076000000000002
0.18121899999999999
0.22425899999999999
0.050894000000000002
0.36642400000000003
0.30215399999999998
0.16304399999999999
0.53778499999999996
0.28387499999999999
0.47505399999999998
0.15737100000000001
0.043188999999999998
0.022852000000000001
0.029256999999999998
0.16082099999999999
0.15603
0.11325399999999999
0.142344
0.021964000000000001
0.30628300000000003
0.617753
0.87498600000000004
0.079615000000000005
0.17630499999999999
0.101921
0.041625000000000002
0.092114000000000001
0.564496
0.20005300000000001
0.28618700000000002
0.042949000000000001
163.66
84.242000000000004
100.128
37.495199999999997
48.495399999999997
69.519099999999995
116.28700000000001
83.511200000000002
196.67400000000001
190.24600000000001
127.562
58.529699999999998
217.16399999999999
311.07499999999999
119.919
298.60899999999998
0.070843000000000003
0.15145700000000001
0.064175999999999997
0.14969299999999999
0.18134400000000001
0.12262000000000001
17.316800000000001
60.259099999999997
0.15348999999999999
0.12080200000000001
0.034495999999999999
0.019827000000000001
0.085833999999999994
0.261326
0.072665999999999994
0.01146
0.090740000000000001
0.13628100000000001
0.089292999999999997
0.101725
0.249137
0.15055499999999999
0.087413000000000005
0.041287999999999998
0.076884999999999995
0.083752999999999994
0.137244
0.179734
0.20268
0.062725000000000003
0.036274000000000001
0.063807000000000003
0.28055600000000003
0.42078300000000002
0.427732
0.20813000000000001
0.029825999999999998
0.034110000000000001
0.20951400000000001
0.065173999999999996
0.36007800000000001
0.19011800000000001
0.066669000000000006
0.028490999999999999
0.14110300000000001
0.034603000000000002
29.183599999999998
29.604500000000002
86.757599999999996
85.912599999999998
75.910799999999995
46.856900000000003
18.498100000000001
237.583
205.93600000000001
232.69200000000001
170.32300000000001
303.791
107.44799999999999
246.791
579.43299999999999
1583.98
1943.98
1538.47
3272.27
0.0082909999999999998
0.089819999999999997
57.633099999999999
661.86400000000003
0.11008
0.25110100000000002
0.046850000000000003
0.148262
0.27384799999999998
0.17266100000000001
0.019800999999999999
0.01159
0.104167
0.087554999999999994
0.095279000000000003
0.087821999999999997
0.094133999999999995
0.055197000000000003
0.065703999999999999
0.014484
0.040647000000000003
0.15171499999999999
0.29409200000000002
0.035895000000000003
0.064871999999999999
0.071726999999999999
0.079995999999999998
0.29475299999999999
0.44436199999999998
0.061062999999999999
0.064323000000000005
0.119325
0.051191
0.051569999999999998
0.088169999999999998
0.21925
0.14497499999999999
0.23610300000000001
0.171519
0.374946
0.38031799999999999
0.18577299999999999
0.109863
56.981200000000001
92.592699999999994
100.86799999999999
45.885899999999999
25.740600000000001
32.440300000000001
147.83099999999999
223.023
133.46899999999999
554.33199999999999
261.40199999999999
253.59999999999999
365.37799999999999
1290.8299999999999
1312.6500000000001
1192
1883.49
1534.6099999999999
0.032643999999999999
0.027477000000000001
508.29000000000002
243.852
0.35265099999999999
0.080009999999999998
0.19406899999999999
0.033399999999999999
0.037381999999999999
0.091122999999999996
0.037585
0.029196
0.044810000000000003
0.031050000000000001
0.057929000000000001
0.202569
0.20025799999999999
0.033910000000000003
0.047814000000000002
0.031191
0.14228199999999999
0.092462000000000003
0.031694
0.0097890000000000008
0.10552499999999999
0.11830499999999999
0.164378
0.41339700000000001
0.137241
0.53468199999999999
0.119154
0.01813
0.064697000000000005
0.12772700000000001
0.19438
0.097053
0.056321000000000003
0.42705700000000002
0.097083000000000003
0.53164699999999998
0.316195
0.121486
0.44197599999999998
45.011899999999997
145.40299999999999
60.967500000000001
9.8340899999999998
20.190799999999999
89.425899999999999
448.31700000000001
185.999
304.70299999999997
150.71600000000001
215.72399999999999
224.44200000000001
1764.5
882.57899999999995
1310.3
1259.4400000000001
1070.7
539.76599999999996
336.95600000000002
521.66300000000001
0.401897
0.38474000000000003
0.60546699999999998
0.12353699999999999
0.032571999999999997
0.14235500000000001
0.207173
0.14376800000000001
0.025926999999999999
0.020972000000000001
0.034762000000000001
0.032419000000000003
0.214231
0.10792
0.025734
0.10773000000000001
0.070545999999999998
0.17096800000000001
0.120618
0.01566
0.056750000000000002
0.057812000000000002
0.10527
0.271314
0.56353600000000004
0.17960100000000001
0.22994200000000001
0.038929999999999999
0.027855999999999999
0.028348000000000002
0.028493000000000001
0.019910000000000001
0.027047999999999999
0.055042000000000001
0.21268300000000001
0.078694
0.31721700000000003
0.39287
0.072801000000000005
0.117933
0.11493100000000001
0.158634
44.810299999999998
6.1053800000000003
6.4966299999999997
189.80199999999999
256.30900000000003
285.61399999999998
273.49200000000002
205.83799999999999
320.41000000000003
127.691
1176.9000000000001
594.80899999999997
2361.7600000000002
763.875
1112.3399999999999
654.32399999999996
0.25375900000000001
1113.1099999999999
317.452
0.10880099999999999
0.35775600000000002
0.046431
0.026987000000000001
0.027480000000000001
0.144123
0.066559999999999994
0.034444000000000002
0.015445
0.078822000000000003
0.036732000000000001
0.131943
0.058521999999999998
0.022065999999999999
0.039347
0.069279999999999994
0.20804700000000001
0.024494999999999999
0.043094
0.043679000000000003
0.18763299999999999
0.11872099999999999
0.15607599999999999
1.4826699999999999
0.39423799999999998
0.28983100000000001
0.86593500000000001
0.21962899999999999
0.020733999999999999
0.15982399999999999
0.15637300000000001
0.028139000000000001
0.03925
0.16000300000000001
0.021114999999999998
0.53917499999999996
0.75051199999999996
0.159024
0.102198
0.041411000000000003
0.065047999999999995
0.092094999999999996
7.4051799999999997
8.7231400000000008
17.311199999999999
389.202
658.19000000000005
183.18700000000001
81.712999999999994
389.25400000000002
134.90799999999999
487.33999999999997
437.39499999999998
1417.1199999999999
984.26099999999997
454.017
584.17700000000002
0.026092000000000001
1942.27
231.536
0.41648499999999999
0.048333000000000001
0.025444000000000001
0.013641
0.012963000000000001
0.086127999999999996
0.046038000000000003
0.035096000000000002
0.0082240000000000004
0.031398000000000002
0.029222000000000001
0.16376499999999999
0.0096089999999999995
0.028466000000000002
0.234545
0.28173900000000002
0.069131999999999999
0.13546
0.058755000000000002
0.031046000000000001
0.142341
0.16322
0.355346
0.45009199999999999
0.42109600000000003
0.31056699999999998
1.2119500000000001
0.209258
0.145674
0.204985
0.086499999999999994
0.20488500000000001
0.037860999999999999
0.103133
0.41256100000000001
0.29688300000000001
1.196
0.146647
0.026411
0.059891
0.085013000000000005
0.141877
0.034497
21.993099999999998
10.1821
1158.9100000000001
1149.45
297.66899999999998
63.361899999999999
168.63300000000001
247.59399999999999
519.76800000000003
907.41399999999999
3729.48
832.89300000000003
682.37099999999998
783.62599999999998
1537.99
1192.1099999999999
0.17943100000000001
0.070175000000000001
0.090564000000000006
0.117821
0.010134000000000001
0.030745000000000001
0.040185999999999999
0.024538000000000001
0.017687999999999999
0.043431999999999998
0.0058300000000000001
0.060365000000000002
0.048784000000000001
0.012185
0.048607999999999998
0.12895300000000001
0.35008600000000001
0.15384200000000001
0.062350000000000003
0.072120000000000004
0.036570999999999999
0.112066
0.35009000000000001
0.55243600000000004
0.22122900000000001
0.13196099999999999
0.41225000000000001
1.91174
0.245864
0.45854600000000001
0.051788000000000001
0.094395000000000007
0.078167
0.040377000000000003
0.17849699999999999
0.20610500000000001
0.154254
0.26568000000000003
0.052214999999999998
0.065665000000000001
0.034034000000000002
0.032983999999999999
0.049502999999999998
0.022003999999999999
324.55799999999999
19.482299999999999
1029.99
1006.17
281.87299999999999
120.351
203.83000000000001
142.959
415.97699999999998
507.464
2006.7
993.79200000000003
455.39999999999998
1292.6900000000001
1028.73
17.5459
0.19523099999999999
0.14746300000000001
0.38960299999999998
0.122409
0.044042999999999999
0.026608
0.028275000000000002
0.037441000000000002
0.013563
0.020764999999999999
0.017056999999999999
0.22256500000000001
0.032166
0.037907000000000003
0.043071999999999999
0.72690999999999995
0.38997199999999999
0.23954900000000001
0.093590999999999994
0.15287400000000001
0.28992499999999999
0.56782999999999995
0.069916000000000006
0.140349
0.186054
0.223778
0.195408
0.79518900000000003
0.499834
0.427616
0.053328
0.14957699999999999
0.043438999999999998
0.14083100000000001
1.2412099999999999
0.57805499999999999
0.109833
0.097808000000000006
0.31416899999999998
0.397812
0.11638900000000001
0.061224000000000001
85.688900000000004
163.934
151.011
43.830500000000001
41.542000000000002
849.51599999999996
527.27999999999997
322.27100000000002
110.892
124.21899999999999
774.81500000000005
854.31500000000005
558.29600000000005
300.01100000000002
722.93700000000001
2061.2800000000002
38.801099999999998
60.346400000000003
118.52500000000001
0.096910999999999997
0.047514000000000001
0.065665000000000001
0.167269
0.021677999999999999
0.021832000000000001
0.016559000000000001
0.042596000000000002
0.096340999999999996
0.076688999999999993
0.035962000000000001
0.033507000000000002
0.067019999999999996
0.066213999999999995
0.282136
0.121096
0.53859599999999996
0.079141000000000003
0.63749299999999998
0.151614
0.37654500000000002
0.089901999999999996
0.088528999999999997
0.18004300000000001
0.10202
0.13905899999999999
0.301755
0.48915599999999998
0.49839600000000001
0.30825599999999997
0.055685999999999999
0.40486899999999998
0.55215000000000003
0.60464899999999999
2.1396299999999999
0.88233300000000003
0.32377499999999998
0.094131999999999993
0.88678299999999999
0.039534
213.12100000000001
118.482
101.11499999999999
43.207900000000002
47.9773
44.150300000000001
416.47300000000001
651.98900000000003
599.91399999999999
251.31999999999999
796.15599999999995
1648.9400000000001
449.27499999999998
248.422
206.922
1090.4000000000001
47.400500000000001
42.001800000000003
86.829499999999996
100.874
0.076311000000000004
0.025165
0.090614
0.027130000000000001
0.013632
0.019549
0.030998999999999999
0.14325399999999999
0.21171200000000001
0.091734999999999997
0.07392
0.016157000000000001
0.065661999999999998
0.048465000000000001
0.31445699999999999
0.058208999999999997
0.46537299999999998
0.22231799999999999
0.048938000000000002
0.35293400000000003
0.49865100000000001
0.13606699999999999
0.055599999999999997
0.076854000000000006
0.060449000000000003
0.093341999999999994
0.14138800000000001
0.27854099999999998
0.29733999999999999
0.081934999999999994
0.040639000000000002
0.26996799999999999
0.48507099999999997
3.0624500000000001
2.5890900000000001
2.4990199999999998
1.1216699999999999
0.260162
0.19700599999999999
415.75099999999998
459.303
124.67100000000001
116.312
76.653300000000002
104.337
53.094700000000003
250.81800000000001
666.78599999999994
633.61500000000001
559.37300000000005
574.81100000000004
1153.77
217.00299999999999
226.459
614.80100000000004
780.25099999999998
0.067044000000000006
0.19830200000000001
1.1502699999999999
0.50911799999999996
0.56594599999999995
0.298431
0.17682500000000001
0.18207699999999999
0.031677999999999998
0.083070000000000005
0.093066999999999997
0.119659
0.044454
0.101086
0.070179000000000005
0.061142000000000002
0.045305999999999999
0.177395
1.09108
0.26984399999999997
0.18243699999999999
0.405391
0.24535000000000001
0.122729
0.13966500000000001
0.48386200000000001
0.059429000000000003
0.013332
0.032606000000000003
0.21309
0.059552000000000001
0.026727000000000001
0.040767999999999999
0.094839000000000007
0.037768000000000003
0.17618300000000001
0.76766000000000001
2.4134799999999998
1.6881600000000001
1.9831799999999999
1.0575699999999999
0.050800999999999999
268.935
262.24099999999999
360.13299999999998
109.242
137.44900000000001
52.655000000000001
0.234401
0.056869999999999997
0.65294799999999997
721.15099999999995
759.19100000000003
2309.9000000000001
551.91600000000005
715.53599999999994
444.74000000000001
329.97800000000001
268.98399999999998
427.61700000000002
234.18799999999999
0.173707
1.03146
0.56185499999999999
0.76794600000000002
0.1033
0.082707000000000003
0.13627800000000001
0.068973999999999994
0.10781499999999999
0.079994999999999997
0.18545200000000001
0.080647999999999997
0.017069999999999998
0.04036
0.064460000000000003
0.11729100000000001
0.37993199999999999
1.2619899999999999
0.77204799999999996
0.080405000000000004
0.242588
0.027417
0.074190000000000006
0.12005200000000001
0.124824
0.051683
0.057586999999999999
0.022401000000000001
0.091318999999999997
0.039100999999999997
0.038724000000000001
0.050699000000000001
0.038834
0.15254499999999999
0.54787600000000003
0.736267
0.4672
0.24101500000000001
1.7341500000000001
183.76499999999999
166.16900000000001
323.71199999999999
173.69399999999999
248.13
120.029
191.67500000000001
0.079396999999999995
0.19573099999999999
0.010415000000000001
1251.77
1182.05
691.19200000000001
1224.4100000000001
828.03700000000003
763.51599999999996
453.23899999999998
756.21000000000004
409.77300000000002
245.60300000000001
0.44159700000000002
2.36145
0.99941899999999995
0.28675499999999998
0.247444
0.38086700000000001
0.169937
0.535748
0.19754099999999999
0.046120000000000001
0.14222099999999999
0.047803999999999999
0.1036
0.041238999999999998
0.080066999999999999
0.187276
0.1724
0.33940900000000002
0.77556199999999997
0.52883000000000002
0.28236800000000001
0.21274000000000001
0.067240999999999995
0.075801999999999994
0.18589800000000001
0.13159100000000001
0.61172700000000002
0.026043
0.15467600000000001
0.023812
0.010067
0.042710999999999999
0.068667000000000006
0.222048
0.27239600000000003
0.21604300000000001
0.41425499999999998
0.316411
0.18452199999999999
805.87300000000005
668.39099999999996
343.09500000000003
136.357
163.66900000000001
226.24299999999999
129.12200000000001
0.010529999999999999
0.056237000000000002
0.055537000000000003
0.084820000000000007
0.055858999999999999
1822.72
1116.8
1692.28
488.53699999999998
441.78899999999999
690.57799999999997
1034.03
69.899000000000001
260.79599999999999
464.59899999999999
0.65704899999999999
4.9846700000000004
0.64174500000000001
0.170212
0.21133199999999999
0.17700199999999999
0.22791
0.36085400000000001
0.063442999999999999
0.12242599999999999
0.18296999999999999
0.23291500000000001
0.193135
0.095831
0.091713000000000003
0.40454400000000001
0.070416999999999993
0.25765399999999999
0.98407500000000003
0.171458
0.389567
0.104074
0.100295
0.28195399999999998
0.29661199999999999
1.7254100000000001
0.052193000000000003
0.095117999999999994
0.051215999999999998
0.070934999999999998
0.031724000000000002
0.055381
0.19772700000000001
0.045118999999999999
0.063778000000000001
0.055344999999999998
0.051450000000000003
0.15279000000000001
285.27999999999997
1327.27
333.89499999999998
104.94499999999999
149.30600000000001
187.99000000000001
70.030500000000004
40.2468
0.030683999999999999
0.045434000000000002
0.229769
4031.1199999999999
2663.1500000000001
1135.72
1093.1500000000001
366.12400000000002
742.221
623.69899999999996
1593.8900000000001
18.898299999999999
328.28800000000001
537.44299999999998
284.06999999999999
0.344887
0.67116500000000001
0.156523
0.051687999999999998
0.20096700000000001
0.68221500000000002
0.041882000000000003
0.030342000000000001
0.23444899999999999
0.16861799999999999
0.28718500000000002
0.15660199999999999
0.066127000000000005
0.23497599999999999
0.065112000000000003
0.032767999999999999
0.033538999999999999
0.18232899999999999
0.11432100000000001
0.094691999999999998
0.099989999999999996
0.028927000000000001
0.039253999999999997
0.126304
0.39111299999999999
0.053864000000000002
0.013521999999999999
0.054457999999999999
0.033966999999999997
0.090487999999999999
0.10863100000000001
0.067485000000000003
0.0063879999999999996
0.020473000000000002
0.042248000000000001
0.039462999999999998
0.090121000000000007
0.31858900000000001
0.095690999999999998
0.15919700000000001
0.063850000000000004
0.11157400000000001
0.13981299999999999
0.093238000000000001
0.0082369999999999995
0.014453000000000001
0.092493000000000006
1350.8
2399.1700000000001
1542.73
751.67499999999995
1256.1099999999999
291.63499999999999
685.60699999999997
248.73599999999999
1255.6700000000001
15.039899999999999
27.146899999999999
21.846699999999998
307.94400000000002
0.63583299999999998
0.28049000000000002
0.18710599999999999
0.47248800000000002
0.222909
0.14661299999999999
0.448133
1.0338499999999999
0.51095400000000002
0.51730100000000001
0.41251700000000002
0.100656
0.16714300000000001
0.192997
0.037655000000000001
0.136846
0.10637199999999999
0.36216599999999999
0.22254299999999999
0.056429
0.051048000000000003
0.024091000000000001
0.039965000000000001
0.042535999999999997
0.12916900000000001
0.10378
0.178257
0.1201
0.120451
0.057946999999999999
0.087191000000000005
0.054349000000000001
0.087190000000000004
0.063161999999999996
0.040765999999999997
0.022613999999999999
0.097836000000000006
0.054708
0.101993
0.083932000000000007
14524.799999999999
1266.53
1710.5
443.125
338.91500000000002
1764.3
4270.8900000000003
1452.1900000000001
1397.8699999999999
948.97000000000003
842.05999999999995
1844.1199999999999
344.70699999999999
264.29000000000002
23.378399999999999
25.053799999999999
53.1982
33.749899999999997
20.639099999999999
33.706800000000001
28.284800000000001
200.268
0.59872400000000003
0.22419800000000001
0.20169999999999999
0.54815499999999995
1.1051500000000001
0.388156
0.26491500000000001
0.342302
0.24168400000000001
0.22082399999999999
0.25748300000000002
0.263125
0.117906
0.089797000000000002
0.28490500000000002
0.13574600000000001
0.091055999999999998
0.30704700000000001
0.047017999999999997
0.026419999999999999
0.068365999999999996
0.037600000000000001
0.28207700000000002
1.0911200000000001
0.30637999999999999
0.50045300000000004
0.365786
0.146727
0.055716000000000002
0.068894999999999998
0.1002
0.092394000000000004
0.044872000000000002
0.023153
0.25165599999999999
0.042244999999999998
0.050152000000000002
0.25377699999999997
0.241177
928.83500000000004
1266.96
469.44499999999999
491.01100000000002
2443.73
3359.04
1391.1199999999999
1651.5599999999999
3023.0999999999999
1326.4300000000001
2591.6700000000001
1050.9400000000001
211.36500000000001
57.476199999999999
34.440100000000001
63.889299999999999
37.686999999999998
15.732799999999999
17.265999999999998
32.735300000000002
46.615600000000001
6.24749
90.778999999999996
131.732
0.11203200000000001
0.34113199999999999
0.17252200000000001
0.39111400000000002
0.23128199999999999
0.12519
0.12074500000000001
0.18021799999999999
0.063263
0.040398000000000003
0.15473700000000001
0.18820799999999999
0.111954
0.18359
1.07145
0.025367000000000001
0.023774
0.04156
0.063036999999999996
0.045587999999999997
0.476047
1.2094400000000001
1.14836
1.8809499999999999
0.12734300000000001
0.12812499999999999
0.092753000000000002
0.026811999999999999
0.060928999999999997
0.0060850000000000001
0.014144
0.120437
0.040298
0.040523999999999998
0.15221199999999999
0.147671
0.237427
1175.74
697.94100000000003
851.09100000000001
2837.75
3448.5900000000001
974.697
916.41099999999994
2860.8699999999999
2380.1700000000001
3268.1999999999998
663.75999999999999
0.15407299999999999
0.22328600000000001
0.117884
0.098932000000000006
31.0626
14.552300000000001
10.1258
29.7287
134.953
12.8832
53.006999999999998
141.48500000000001
352.37200000000001
133.18199999999999
398.01799999999997
0.39495400000000003
0.50990000000000002
0.13939799999999999
0.036037
0.562195
0.089675000000000005
0.091963000000000003
0.32788099999999998
0.065935999999999995
0.062333
0.15092
0.17696799999999999
0.36753999999999998
0.30144700000000002
0.238347
0.060880999999999998
0.048952000000000002
0.197212
0.57611299999999999
0.697519
0.81181700000000001
0.90997700000000004
0.25709399999999999
0.15067800000000001
0.017877000000000001
0.053102999999999997
0.063884999999999997
0.016254000000000001
0.020251999999999999
0.044339999999999997
0.049674000000000003
0.089749999999999996
0.24454100000000001
0.32449800000000001
0.42454500000000001
0.159854
1275.4100000000001
7028.9899999999998
1540.1600000000001
844.64099999999996
2531.46
1915.79
3740.3699999999999
1984.1099999999999
0.062234999999999999
0.068555000000000005
0.020872000000000002
0.033362999999999997
0.069862999999999995
840.72000000000003
457.959
264.495
48.909700000000001
78.861699999999999
19.978000000000002
164.941
175.52000000000001
225.74799999999999
224.40100000000001
188.57400000000001
0.13983699999999999
0.43625199999999997
0.071416999999999994
0.080404000000000003
0.18668799999999999
0.052932
0.15493999999999999
0.414464
0.13220899999999999
0.122784
0.055227999999999999
0.063320000000000001
0.71373600000000004
0.171515
0.110934
0.058020000000000002
0.080438999999999997
1.1990400000000001
0.154973
0.55098899999999995
0.54860900000000001
1.0057100000000001
0.25238899999999997
0.025779
0.042249000000000002
0.022006999999999999
0.0035460000000000001
0.013736
0.013218000000000001
0.013958999999999999
0.043747000000000001
0.20343900000000001
1.0105200000000001
0.240901
0.138652
0.41583999999999999
0.120987
1307.76
647.63099999999997
1231.6800000000001
1135.7
1371.3900000000001
2082.3299999999999
720.41300000000001
210.04900000000001
147.69200000000001
1332.2
0.056596
354.35000000000002
912.23900000000003
554.80700000000002
0.061371000000000002
0.20536799999999999
80.060900000000004
56.244599999999998
119.04000000000001
54.036099999999998
128.429
243.19399999999999
352.29899999999998
511.00900000000001
0.102242
0.28933900000000001
0.095379000000000005
0.52272399999999997
0.055586999999999998
0.117879
0.68048900000000001
1.7525900000000001
0.57383700000000004
0.440527
0.146675
0.13580800000000001
0.164686
0.030439999999999998
0.26711000000000001
0.22914200000000001
0.20952799999999999
0.173761
0.054940000000000003
0.072455000000000006
1.2704599999999999
1.2115499999999999
0.37210399999999999
0.065670000000000006
0.010038999999999999
0.013220000000000001
0.022485000000000002
0.011242
0.014267999999999999
0.016900999999999999
0.23327300000000001
0.83879000000000004
0.058532000000000001
0.34948299999999999
0.168407
1482.05
3101.8000000000002
1056.5699999999999
1307.48
1551.55
1863.4400000000001
940.85699999999997
556.44299999999998
370.69099999999997
133.001
3505.8699999999999
1292.99
233.21899999999999
350.07400000000001
0.092822000000000002
0.30844500000000002
0.085797999999999999
0.106601
245.27799999999999
108.88
66.778899999999993
112.054
378.37400000000002
449.339
0.23391899999999999
0.070004999999999998
0.11103399999999999
0.19767299999999999
0.105031
0.109264
0.284665
1.5551900000000001
2.9229799999999999
0.38696799999999998
0.70012200000000002
0.30067500000000003
0.051542999999999999
0.16444800000000001
0.012213999999999999
0.083201999999999998
0.274339
0.013502
0.038951
0.082281999999999994
0.12089900000000001
0.27340799999999998
0.102064
0.147088
0.20180300000000001
0.013169999999999999
0.018960000000000001
0.018245000000000001
0.012227999999999999
0.011985000000000001
0.006228
0.014964999999999999
0.38524399999999998
0.20861399999999999
0.081832000000000002
1418.4200000000001
2363.3000000000002
3263.5900000000001
805.46900000000005
1154.9200000000001
1262.1099999999999
983.32399999999996
751.88
0.0087770000000000001
814.72000000000003
3300.9400000000001
4343.6000000000004
1358.46
2965.6199999999999
621.87
217.59999999999999
388.43299999999999
0.13609399999999999
162.78399999999999
214.571
79.421599999999998
56.447600000000001
119.851
412.495
358.95499999999998
0.12745400000000001
0.078900999999999999
0.16361800000000001
0.18271299999999999
0.25765399999999999
0.377253
0.39448
0.82727899999999999
2.1279599999999999
0.064173999999999995
0.17807600000000001
0.20566000000000001
0.45807199999999998
0.035442000000000001
0.021336999999999998
0.101384
0.099541000000000004
0.069864999999999997
0.037305999999999999
0.036367999999999998
0.078881999999999994
0.26539499999999999
0.19692399999999999
0.43888899999999997
0.183391
0.059105999999999999
0.037680999999999999
0.078151999999999999
0.054865999999999998
0.054705999999999998
0.015176
0.053293
0.039611
0.126383
0.115116
0.19803399999999999
1812.29
2042.3599999999999
810.82000000000005
743.89999999999998
830.96799999999996
463.26799999999997
427.63799999999998
784.03099999999995
953.26900000000001
0.045449999999999997
3613.1300000000001
2670.8200000000002
5141.1099999999997
604.42399999999998
319.99400000000003
645.096
796.19500000000005
1310.8
271.32900000000001
66.641800000000003
61.595799999999997
137.38900000000001
225.31
481.18700000000001
0.11254699999999999
0.046968999999999997
0.17999399999999999
0.54337800000000003
0.20341200000000001
0.26911000000000002
0.11457100000000001
0.050436000000000002
0.31434499999999999
0.089038000000000006
0.031132
0.094832
0.26198300000000002
0.086027999999999993
0.012685999999999999
0.011736999999999999
0.068774000000000002
0.11087900000000001
0.29645300000000002
0.027687
0.11024399999999999
0.064188999999999996
0.030994000000000001
0.10659399999999999
0.066128999999999993
0.183867
0.25239800000000001
0.515293
0.103366
0.252413
0.051499999999999997
0.046431
0.043541000000000003
0.20318
0.238258
13.2814
2432
2823.1900000000001
1260.26
429.154
280.55700000000002
419.137
311.75400000000002
0.090681999999999999
0.28786699999999998
0.186996
0.16073799999999999
0.104244
3243.2199999999998
1019.16
420.92599999999999
819.30399999999997
965.62900000000002
190.899
126.944
52.793500000000002
36.345300000000002
290.45100000000002
119.226
0.045540999999999998
0.063214000000000006
0.089205000000000007
0.064792000000000002
0.052006999999999998
0.35762699999999997
1.06071
1.07159
0.14899399999999999
0.41036499999999998
0.094682000000000002
0.041540000000000001
0.083880999999999997
0.023068000000000002
0.060921000000000003
0.043660999999999998
0.101595
0.064332
0.115452
0.051687999999999998
0.161938
0.034063999999999997
0.209732
0.016996000000000001
0.043206000000000001
0.067371
0.069761000000000004
0.34224300000000002
0.13605
0.14401900000000001
0.17424899999999999
0.040051999999999997
0.080144000000000007
0.12331300000000001
0.19064900000000001
7.1930300000000003
8.6357700000000008
1182.0999999999999
1074.4300000000001
1004.9400000000001
159.88399999999999
195.15199999999999
380.48500000000001
291.83999999999997
0.027489
0.087139999999999995
0.095813999999999996
0.084560999999999997
0.13243199999999999
1.1351800000000001
1189.03
801.74300000000005
257.74099999999999
3286.0599999999999
170.51400000000001
149.53999999999999
64.2791
30.771699999999999
273.02699999999999
0.090078000000000005
0.156032
0.226491
0.071938000000000002
0.012999
0.020133000000000002
0.38621899999999998
0.27748299999999998
0.64232800000000001
0.65831600000000001
0.17654700000000001
0.233235
0.052394999999999997
0.027793999999999999
0.031745000000000002
0.019102000000000001
0.050282
0.047759999999999997
0.68125999999999998
0.31533099999999997
0.200768
0.310782
0.157556
0.175373
0.071936
0.028572
0.023755999999999999
0.12510099999999999
0.089732000000000006
0.071851999999999999
0.147207
0.13720299999999999
0.054001
0.26900099999999999
34.006500000000003
13.9229
16.446000000000002
15.7079
2471.6999999999998
1686.9100000000001
1225.04
166.69399999999999
108.633
232.88200000000001
412.88200000000001
569.81700000000001
0.124072
1.24952
0.076569999999999999
0.26313199999999998
1.14672
1072.1099999999999
1160.8
505.13900000000001
65.940700000000007
96.738699999999994
67.341399999999993
104.76000000000001
57.706400000000002
0.96935899999999997
0.20352000000000001
0.03925
0.19750599999999999
0.217386
0.035990000000000001
0.030734999999999998
0.31827699999999998
0.74487300000000001
0.77319199999999999
0.82794000000000001
0.13437199999999999
0.052909999999999999
0.151033
0.16166700000000001
0.070063
0.042361999999999997
0.059776999999999997
0.14382800000000001
0.13650499999999999
0.106003
0.13522000000000001
0.39935300000000001
0.34610099999999999
0.041024999999999999
0.28781699999999999
0.158884
0.032863999999999997
0.043687999999999998
0.061279
0.13413900000000001
0.62442699999999995
0.039482000000000003
0.016830999999999999
112.167
19.2285
17.120899999999999
45.938499999999998
16.419499999999999
134.41999999999999
94.896199999999993
1199.8399999999999
175.608
65.371300000000005
98.815399999999997
385.33100000000002
442.57600000000002
515.86000000000001
0.35154200000000002
0.045309000000000002
0.096697000000000005
0.26937299999999997
0.28607700000000003
742.81399999999996
95.684799999999996
75.093400000000003
84.231700000000004
60.075899999999997
105.004
0.41205999999999998
0.229958
0.088735999999999995
0.061594999999999997
0.042559
0.30132599999999998
0.089973999999999998
0.25173299999999998
3.5275099999999999
0.63885899999999995
0.69643200000000005
0.48535299999999998
0.25043500000000002
0.48423500000000003
0.29292200000000002
0.15718699999999999
0.031891999999999997
0.066550999999999999
0.113161
0.16333
0.77607300000000001
0.051692000000000002
0.069900000000000004
0.112983
0.132351
0.077800999999999995
0.093090000000000006
0.37490699999999999
0.116067
0.052922999999999998
0.093269000000000005
0.32836900000000002
0.094556000000000001
0.063871999999999998
0.25081700000000001
153.59899999999999
18.886299999999999
4.0883799999999999
300.04199999999997
75.733199999999997
175.58500000000001
24.0669
139.49600000000001
37.066899999999997
65.391300000000001
52.082999999999998
270.20999999999998
452.29599999999999
134.286
850.82299999999998
393.94200000000001
457.839
0.085283999999999999
3812.6599999999999
463.14100000000002
78.598299999999995
56.3048
90.216899999999995
77.233599999999996
0.011231
0.066589999999999996
0.017978999999999998
0.13647100000000001
0.038897000000000001
0.039378999999999997
0.47114099999999998
0.023753
0.194992
0.56466700000000003
0.56364599999999998
0.54827700000000001
0.20624000000000001
0.74204800000000004
0.75240700000000005
0.34233200000000003
0.136739
0.032887
0.116842
0.049327000000000003
0.51238799999999995
0.14719499999999999
0.095979999999999996
0.103023
0.23127800000000001
0.121477
0.094103999999999993
0.0063480000000000003
0.26762599999999998
0.146704
0.12773000000000001
0.020211
0.017298999999999998
0.069880999999999999
0.078706999999999999
0.35059899999999999
0.50774200000000003
0.018749999999999999
267.649
209.876
42.890300000000003
42.525300000000001
43.954999999999998
77.681100000000001
75.001400000000004
30.8782
2.6070099999999998
25.4741
590.19299999999998
209.928
746.59699999999998
308.19
418.27800000000002
332.55700000000002
155.518
219.471
32.113
56.5914
173.22499999999999
0.022572999999999999
0.068468000000000001
0.070499000000000006
0.036947000000000001
0.064384999999999998
0.20027200000000001
0.25578899999999999
0.150425
0.28417700000000001
0.257658
0.51883400000000002
0.50344100000000003
0.53458499999999998
0.31367099999999998
0.091271000000000005
1.0136400000000001
0.22758999999999999
0.22237199999999999
0.088724999999999998
0.077192999999999998
0.058839000000000002
0.040418999999999997
0.15557099999999999
0.60894999999999999
0.47936099999999998
0.16065699999999999
0.51754100000000003
0.29156300000000002
0.056500000000000002
0.085730000000000001
0.110496
0.082934999999999995
0.057333000000000002
0.59237700000000004
0.078187000000000006
0.43667
0.17030400000000001
0.212009
915.25
316.72500000000002
316.01499999999999
136.226
58.735599999999998
68.2928
26.638300000000001
65.744299999999996
41.780000000000001
7.4695400000000003
39.003700000000002
330.279
204.86500000000001
962.85000000000002
157.929
523.23199999999997
157.607
121.965
133.22900000000001
48.929499999999997
133.959
0.16148599999999999
0.058511000000000001
0.103933
0.28809499999999999
0.057713
0.032607999999999998
0.10846500000000001
0.13580700000000001
0.21323800000000001
0.309367
0.35169800000000001
0.19414999999999999
0.39377800000000002
0.246639
0.31913200000000003
0.094015000000000001
0.048022000000000002
0.099084000000000005
0.084591
0.073542999999999997
0.062302999999999997
0.052519000000000003
0.047869000000000002
0.15388399999999999
0.44818200000000002
0.67313299999999998
0.42608000000000001
0.72052099999999997
0.16899700000000001
0.12650900000000001
0.14063500000000001
0.16720499999999999
1.0469999999999999
0.83909
1.73953
0.206793
0.045476000000000003
0.073923000000000003
0.054177000000000003
873.63499999999999
212.06
226.19
202.70699999999999
46.568800000000003
55.614100000000001
22.7151
52.119100000000003
19.212900000000001
11.517099999999999
64.700100000000006
332.108
117.742
332.30099999999999
184.77600000000001
218.90899999999999
206.46100000000001
321.66699999999997
89.045100000000005
83.051000000000002
0.018603000000000001
0.38680799999999999
0.101803
0.19347700000000001
0.33127000000000001
0.52091200000000004
0.39859299999999998
0.21631300000000001
0.059173999999999997
0.16043099999999999
0.059931999999999999
0.217836
0.161527
0.106058
0.177149
0.031642999999999998
0.037830000000000003
0.029523000000000001
0.029007999999999999
0.044458999999999999
0.15503600000000001
0.036852000000000003
0.16470899999999999
0.063024999999999998
0.20132800000000001
0.70713599999999999
0.59293899999999999
0.87022699999999997
0.41032800000000003
0.17098099999999999
0.079323000000000005
0.115078
1.1006899999999999
0.30546299999999998
0.156642
1.0252300000000001
0.082833000000000004
0.028667000000000002
0.084940000000000002
0.189832
0.046288000000000003
0.123892
468.80799999999999
366.91399999999999
807.07500000000005
287.25799999999998
60.032299999999999
26.3523
11.524100000000001
14.0495
53.367899999999999
187.77799999999999
49.116599999999998
236.21600000000001
350.81700000000001
272.10000000000002
253.345
159.36799999999999
237.012
94.000200000000007
142.84899999999999
139.78899999999999
0.042722000000000003
0.128582
0.37409500000000001
0.20016700000000001
0.53439499999999995
0.18742900000000001
0.22164400000000001
0.14446899999999999
0.33505099999999999
0.109945
0.15365300000000001
0.28205799999999998
0.36924899999999999
0.059057999999999999
0.022246999999999999
0.0094039999999999992
0.034916000000000003
0.019275
0.117035
0.037716
0.090846999999999997
0.065030000000000004
0.049466000000000003
0.14352300000000001
0.19372800000000001
0.15495900000000001
0.35125800000000001
0.167708
0.150834
0.069639999999999994
0.152833
0.22062499999999999
0.14598700000000001
0.44281900000000002
0.113773
0.088611999999999996
0.340416
0.085821999999999996
0.060994
0.27172000000000002
0.11873400000000001
0.020913000000000001
1156.8099999999999
392.17000000000002
37.698500000000003
263.10899999999998
58.057299999999998
13.27
74.727099999999993
132.51400000000001
43.830300000000001
324.24200000000002
206.87799999999999
185.113
329.12799999999999
192.54400000000001
327.06700000000001
98.892399999999995
170.084
194.34
0.0081860000000000006
0.092802999999999997
0.146373
0.31948199999999999
0.38777899999999998
0.030474000000000001
0.076312000000000005
0.21016799999999999
0.34644000000000003
0.120198
0.127863
0.10377500000000001
0.069113999999999995
0.050812000000000003
0.057879
0.018067
0.080045000000000005
0.17017199999999999
0.33429799999999998
0.119601
0.86459900000000001
0.65097799999999995
0.178812
0.21265700000000001
0.730348
0.50790999999999997
0.086026000000000005
0.122013
0.31374400000000002
0.19971800000000001
0.088585999999999998
0.077771000000000007
0.107844
0.12459099999999999
0.114454
0.16095699999999999
0.107543
198.82599999999999
67.3733
175.47999999999999
96.0976
124.411
0.047349000000000002
0.021715000000000002
13.5253
11.6982
69.312899999999999
21.0883
187.84800000000001
65.831800000000001
175.988
363.82799999999997
218.28899999999999
162.517
364.29300000000001
290.346
201.416
173.607
239.339
103.30200000000001
343.83600000000001
0.17277300000000001
0.103161
0.14659800000000001
0.11895500000000001
0.042694999999999997
0.17602200000000001
0.48017300000000002
0.46945199999999998
0.40307900000000002
0.220774
0.053411
0.061130999999999998
0.0090139999999999994
0.019609999999999999
0.25766299999999998
0.26158900000000002
0.038052999999999997
0.17360400000000001
0.30149900000000002
0.45245099999999999
0.17609
0.11687500000000001
0.072761999999999993
0.64466199999999996
0.089718000000000006
0.109288
0.17657300000000001
0.16408300000000001
0.41123999999999999
0.14824799999999999
0.048936
0.074840000000000004
0.103848
0.065654000000000004
0.44611699999999999
0.344781
0.126084
0.043216999999999998
103.538
54.8018
97.502300000000005
190.49000000000001
0.080390000000000003
0.049896000000000003
0.051471000000000003
22.918099999999999
60.656799999999997
40.099800000000002
95.183599999999998
1412.73
364.32100000000003
299.16399999999999
107.58
283.50700000000001
463.64800000000002
92.053200000000004
58.349499999999999
85.682400000000001
61.026899999999998
231.345
141.06
597.29100000000005
0.13048100000000001
0.26831300000000002
0.26219799999999999
0.98796499999999998
0.98970199999999997
1.6075999999999999
0.36788900000000002
0.062292
0.040869000000000003
0.089124999999999996
0.019613999999999999
0.046025999999999997
0.060609000000000003
0.088619000000000003
0.15287899999999999
0.12545100000000001
0.45213199999999998
0.29424400000000001
0.19550899999999999
0.13439899999999999
0.053564000000000001
0.53196900000000003
0.251973
0.198049
0.18731500000000001
0.17624600000000001
0.13469100000000001
0.21281
0.085211999999999996
0.066924999999999998
0.042278999999999997
0.22616600000000001
0.68701299999999998
0.23197000000000001
0.17211399999999999
0.067909999999999998
0.059948000000000001
67.096199999999996
66.928100000000001
239.23699999999999
189.852
0.045634000000000001
0.075425000000000006
20.952300000000001
38.0627
63.861699999999999
33.842399999999998
1026.9200000000001
443.488
302.32499999999999
279.91699999999997
370.35599999999999
296.625
472.62200000000001
114.03100000000001
60.0122
161.90899999999999
178.101
147.35499999999999
430.81700000000001
516.53999999999996
533.95600000000002
0.371533
0.328011
0.63257799999999997
0.63012000000000001
0.33082099999999998
0.110176
0.29012399999999999
0.13053799999999999
0.171042
0.046413000000000003
0.059718
0.11258899999999999
0.082736000000000004
2786.54
1172.53
0.074798000000000003
0.040205999999999999
0.037746000000000002
0.057019
0.157384
0.066522999999999999
0.092174000000000006
0.061112
0.096253000000000005
0.11468299999999999
0.060979999999999999
0.27349800000000002
0.282891
0.119833
0.14549699999999999
0.11240600000000001
0.12057900000000001
0.070237999999999995
0.156469
0.092413999999999996
64.694800000000001
42.892600000000002
188.89099999999999
210.387
0.059671000000000002
622.23299999999995
265.15199999999999
266.32999999999998
81.355900000000005
30.621600000000001
730.11199999999997
699.63
4.5922900000000002
4.2451600000000003
25.429400000000001
479.97800000000001
326.26299999999998
937.22500000000002
67.505200000000002
149.21199999999999
170.73500000000001
84.856800000000007
241.74299999999999
124.366
676.59500000000003
633.697
794.40300000000002
0.67408500000000005
1.02156
0.37157299999999999
0.12623799999999999
0.34584100000000001
0.089199000000000001
0.106072
0.034619999999999998
0.35322799999999999
0.71253100000000003
0.024763
2934.75
1468.9100000000001
711.21799999999996
0.097250000000000003
0.043203999999999999
0.045796999999999997
0.067972000000000005
0.019630999999999999
0.042648999999999999
0.43349599999999999
0.54708400000000001
0.26115699999999997
0.10693999999999999
0.24170800000000001
0.19112299999999999
0.086910000000000001
0.065192
0.36125200000000002
0.22847300000000001
0.119685
0.088747999999999994
0.111495
38.985300000000002
21.457999999999998
59.378100000000003
0.086193000000000006
291.24700000000001
122.355
17.3003
0.16035099999999999
399.42599999999999
371.40199999999999
1164.3199999999999
1227.8900000000001
7.0395899999999996
2.4950399999999999
11.1066
485.351
185.50299999999999
285.56099999999998
0.033307999999999997
0.072498000000000007
210.374
69.874700000000004
285.43099999999998
188.24600000000001
487.42599999999999
596.02800000000002
557.24199999999996
0.11029799999999999
0.070565000000000003
0.37140000000000001
0.155718
0.034495999999999999
0.027368
0.23825399999999999
0.24110300000000001
1.15754
0.64349400000000001
0.130436
1324.22
754.15099999999995
862.63300000000004
589.90300000000002
0.083506999999999998
0.142757
0.10116600000000001
0.10052700000000001
0.117037
1.39185
0.25505899999999998
0.44747199999999998
0.162105
0.80505800000000005
0.21285499999999999
0.113902
0.021614000000000001
0.054096999999999999
0.0253
0.078213000000000005
0.068573999999999996
34.529400000000003
53.651299999999999
34.983600000000003
23.800599999999999
0.18195900000000001
0.30056699999999997
66.742000000000004
25.091999999999999
38.752299999999998
303.221
428.23099999999999
575.05200000000002
4.3495600000000003
10.8391
2.6912699999999998
2.9784600000000001
200.08600000000001
288.76999999999998
201.798
6.0895299999999999
0.085458999999999993
0.035237999999999998
0.082795999999999995
89.760900000000007
288.81599999999997
626.73500000000001
488.13600000000002
1187.1600000000001
416.101
282.39299999999997
0.52745299999999995
0.84424699999999997
0.43585699999999999
0.17979800000000001
0.047135000000000003
0.048161000000000002
0.18176
0.36690200000000001
0.12698400000000001
3056.4899999999998
399.61200000000002
1374.3099999999999
0.075567999999999996
0.12531500000000001
0.033709999999999997
0.088244000000000003
0.353356
1.5512999999999999
0.23084299999999999
0.114444
0.013429
0.093802999999999997
0.083252000000000007
0.25942500000000002
0.098898
0.035685000000000001
0.02843
0.023809
0.031872999999999999
109.348
27.944600000000001
74.891199999999998
28.237400000000001
24.854299999999999
69.431200000000004
44.928400000000003
30.2926
24.030899999999999
1.0828599999999999
663.66200000000003
269.85500000000002
900.71199999999999
746.59900000000005
699.38099999999997
614.56600000000003
57.3598
76.534899999999993
352.77600000000001
4.3973399999999998
5.6872600000000002
0.196765
0.12664300000000001
0.33469300000000002
0.22323899999999999
150.20699999999999
703.101
385.81799999999998
1141.5799999999999
439.767
276.85300000000001
1.06395
0.40556500000000001
2.62913
0.241815
0.056743000000000002
0.17130799999999999
0.38501999999999997
1.4709399999999999
0.96965999999999997
3080.7199999999998
494.93799999999999
0.070723999999999995
0.022883000000000001
0.050397999999999998
0.062998999999999999
0.047372999999999998
0.14627000000000001
0.41206399999999999
0.044045000000000001
0.018610999999999999
0.0083529999999999993
0.067930000000000004
0.23241600000000001
0.087396000000000001
0.089782000000000001
0.041820999999999997
0.034818000000000002
0.027824999999999999
65.890500000000003
72.246899999999997
55.487000000000002
88.034400000000005
12.7212
0.11190700000000001
0.065013000000000001
0.091422000000000003
0.289906
1.1478900000000001
0.79406600000000005
0.13566300000000001
710.66999999999996
1898.03
1540.78
737.19200000000001
13.043200000000001
60.532299999999999
109.77
6.28207
2.5866400000000001
3.6073
0.50973400000000002
0.090831999999999996
0.17075199999999999
0.25092399999999998
166.137
859.27599999999995
731.46199999999999
1128
735.82600000000002
537.24400000000003
0.20768900000000001
0.63758599999999999
0.19347
0.11137
0.81352800000000003
1.2735000000000001
0.33002799999999999
0.51264600000000005
0.27309699999999998
0.088066000000000005
0.090515999999999999
0.44148300000000001
0.086674000000000001
0.078214000000000006
0.14691000000000001
0.17602599999999999
0.303068
0.40530699999999997
0.12792999999999999
0.16882800000000001
0.159859
0.129631
0.37104999999999999
0.209705
0.053169000000000001
0.052597999999999999
392.36599999999999
180.292
72.060699999999997
94.673299999999998
76.260900000000007
0.76153599999999999
0.17050899999999999
0.16784399999999999
0.036796000000000002
0.058409000000000003
0.13369300000000001
0.26067000000000001
0.042941
257.517
1217.23
3046.54
2933.1999999999998
1623.3599999999999
25.316099999999999
55.125999999999998
3.1034700000000002
4.4173299999999998
4.1450199999999997
1.70103
2.5266799999999998
0.073450000000000001
0.20904500000000001
0.061885000000000003
0.21013599999999999
787.82500000000005
587.68499999999995
824.09799999999996
1547.77
685.89300000000003
0.057022000000000003
0.164798
0.104965
0.046462000000000003
0.48407
0.27995599999999998
0.60823300000000002
2.6683599999999998
0.49418200000000001
0.032964
0.012884
0.23469999999999999
0.31225199999999997
0.184002
0.094631000000000007
0.15532499999999999
0.21901499999999999
0.42888599999999999
0.171954
0.220586
0.22068299999999999
0.74134599999999995
0.306371
0.11072799999999999
0.032497999999999999
389.38799999999998
314.12200000000001
186.23699999999999
110.014
107.736
1.4598
0.86990400000000001
0.51876599999999995
1.1760200000000001
0.18240600000000001
0.29123700000000002
0.054722
0.27009300000000003
0.118476
342.17000000000002
1563.5699999999999
1924.45
5209.1199999999999
2540.1999999999998
340.53800000000001
2.6582300000000001
3.3287300000000002
4.1497400000000004
2.4553199999999999
1.5178400000000001
1.5111600000000001
0.035635
0.116123
0.037113
1770.76
1107.72
1429.1500000000001
577.26900000000001
5149.6400000000003
0.362902
0.111377
0.39183400000000002
0.19303500000000001
0.29103600000000002
0.34174900000000002
0.80018800000000001
0.36605199999999999
0.97221400000000002
0.202373
0.024629000000000002
0.031724000000000002
0.076522999999999994
0.51649900000000004
0.65316799999999997
0.56468200000000002
0.52922499999999995
0.23119300000000001
0.039774999999999998
0.12529799999999999
0.041152000000000001
0.18867
0.17160800000000001
0.030598
0.034747
332.31799999999998
442.78800000000001
541.14599999999996
223.72999999999999
82.1845
41.169899999999998
0.71797299999999997
0.73785400000000001
0.63035200000000002
0.85082800000000003
0.10366499999999999
0.41978500000000002
0.401785
0.56263099999999999
0.24986
0.11250499999999999
0.15249699999999999
3956.4499999999998
2996.8499999999999
2465.8400000000001
593.221
209.154
1133.5799999999999
2.8027700000000002
2.7418499999999999
1.09677
0.406723
0.067793000000000006
0.018651000000000001
500.45299999999997
1170.76
1168.3599999999999
944.51099999999997
1878.54
1385.9000000000001
0.151173
0.053076999999999999
0.040968999999999998
0.28346399999999999
0.18587899999999999
0.086245000000000002
0.158748
0.18728800000000001
0.16628100000000001
0.104493
0.068023
0.027314999999999999
0.013625999999999999
0.038667
0.315967
0.23549600000000001
0.38451299999999999
0.079972000000000001
0.092669000000000001
0.020754999999999999
0.058876999999999999
0.047489999999999997
0.013635
0.013283
0.031230999999999998
120.444
661.28999999999996
553.60799999999995
177.017
66.993899999999996
77.273899999999998
1.2349600000000001
0.39125399999999999
0.218218
0.037650000000000003
0.095519999999999994
0.27948200000000001
0.065041000000000002
1.56054
0.16896900000000001
15.364000000000001
41.312600000000003
0.028197
3793.1500000000001
1828.6400000000001
267.654
251.25399999999999
1182.6600000000001
19993
10156.9
6921.1599999999999
1808.8800000000001
57.7241
0.056016000000000003
0.038431
725.428
874.28200000000004
2225.1100000000001
1726.0999999999999
1510.75
0.040725999999999998
0.13706599999999999
0.38916600000000001
0.101398
0.16744800000000001
0.176401
0.055256
0.033758000000000003
0.079077999999999996
0.14437900000000001
0.040901
0.010695
0.051774000000000001
0.43003000000000002
0.19823199999999999
0.45815899999999998
0.50653599999999999
0.032459000000000002
0.46213399999999999
0.151867
0.081772999999999998
0.062934000000000004
0.055312
0.139602
0.018789
227.28800000000001
357.14299999999997
674.02099999999996
111.626
70.954999999999998
63.465899999999998
0.52290800000000004
0.094825999999999994
0.054919999999999997
0.034980999999999998
0.085805000000000006
0.42641499999999999
0.33571200000000001
0.63381799999999999
18.971599999999999
15.982699999999999
28.294899999999998
0.0091070000000000005
17.590900000000001
8.5199200000000008
7.0541799999999997
16.494800000000001
5.7693000000000003
8.2622300000000006
12500.1
11687.799999999999
810.21900000000005
14.9901
40.436799999999998
90.175799999999995
750.04899999999998
952.96799999999996
1313.5
2406.3200000000002
1531.3299999999999
0.013971000000000001
0.050743999999999997
0.55146700000000004
0.115257
0.59586600000000001
0.19551199999999999
0.12453
0.12884499999999999
0.159693
0.11995
0.083340999999999998
0.17613200000000001
0.11944100000000001
0.128335
0.55990200000000001
0.23075200000000001
1.35799
0.066512000000000002
0.12734599999999999
0.144064
0.037904
0.16720399999999999
0.18047199999999999
0.097518999999999995
0.14277999999999999
0.37641200000000002
239.37700000000001
446.19600000000003
158.45400000000001
48.201000000000001
77.221599999999995
68.674099999999996
0.44020100000000001
0.10914600000000001
0.074415999999999996
0.046265000000000001
0.085609000000000005
0.16498399999999999
0.090428999999999995
7.3964499999999997
15.870699999999999
25.069800000000001
0.0074710000000000002
32.168199999999999
5.3033200000000003
10.292899999999999
9.8787099999999999
3.9831400000000001
2.8094299999999999
1.41838
2.24566
980.48099999999999
19.782299999999999
35.098599999999998
98.744799999999998
73.788799999999995
41.080199999999998
1338.6700000000001
1518.0799999999999
0.207098
0.127943
0.083399000000000001
0.093174000000000007
0.349352
0.41883399999999998
1.2752600000000001
0.23069100000000001
0.34318399999999999
0.13481899999999999
0.131302
0.105485
0.092259999999999995
0.081056000000000003
0.050435000000000001
0.100817
1.0483
0.20337
0.34807199999999999
0.069242999999999999
0.083596000000000004
0.012751999999999999
0.13283200000000001
0.077558000000000002
0.13373199999999999
0.21087
0.118536
0.138158
0.042462
0.058567000000000001
0.59448100000000004
0.123699
0.29128999999999999
0.128001
0.178394
0.27143099999999998
0.046170000000000003
0.111758
0.192606
0.12264799999999999
3.7570899999999998
17.891300000000001
31.3355
6.1732399999999998
5.7790900000000001
13.7003
15.8291
6.7331899999999996
2.6155599999999999
2.3902700000000001
3.7997800000000002
1.5882000000000001
0.62304800000000005
23.1709
23.536200000000001
101.818
110.193
60.1751
39.448099999999997
43.356900000000003
0.094070000000000001
0.14319399999999999
0.043069000000000003
0.093588000000000005
0.40119700000000003
0.290717
0.14291200000000001
0.12545700000000001
0.32901900000000001
0.091785000000000005
0.050639000000000003
0.091644000000000003
0.099006999999999998
0.041508999999999997
0.011328
0.042834999999999998
0.19592300000000001
0.15001700000000001
0.14128199999999999
0.857626
0.34291500000000003
0.113827
0.049181999999999997
0.027564999999999999
0.036326999999999998
0.22950400000000001
0.21524199999999999
0.59057099999999996
0.13050500000000001
0.099037
0.54686800000000002
0.26647700000000002
0.463121
0.65008200000000005
0.85780500000000004
0.10968799999999999
0.099780999999999995
0.342194
0.21728800000000001
0.21283199999999999
0.252695
11.742699999999999
8.3920499999999993
4.9095800000000001
5.1088800000000001
6.4169799999999997
13.613200000000001
6.0965199999999999
1.75505
2.50543
6.4326800000000004
0.109095
0.42283500000000002
206.209
127.215
80.028499999999994
31.613600000000002
58.2973
54.638500000000001
28.9574
153.57499999999999
0.14147199999999999
0.015343000000000001
0.072333999999999996
0.28709400000000002
0.15338199999999999
0.038188
0.040044000000000003
0.106159
0.179558
0.053509000000000001
0.088841000000000003
0.088829000000000005
0.11143500000000001
0.057515999999999998
0.041158
0.05638
0.283333
0.27993600000000002
0.070513000000000006
0.096493999999999996
0.24051700000000001
0.122266
0.066479999999999997
0.061976999999999997
0.033808999999999999
0.10756400000000001
0.28267399999999998
0.102508
0.124387
0.173237
0.081590999999999997
0.37829699999999999
0.28523100000000001
1.00909
0.11858299999999999
0.26011200000000001
0.095558000000000004
0.10269499999999999
0.29649799999999998
0.18925800000000001
12.7034
11.912000000000001
2.7739699999999998
6.32416
14.277900000000001
13.801600000000001
26.056999999999999
66.999099999999999
1.7237800000000001
7.6350600000000002
0.041012
0.033534000000000001
233.11000000000001
267.399
54.335099999999997
20.366599999999998
27.673300000000001
82.705299999999994
29.313700000000001
108.85599999999999
0.13111800000000001
0.031435999999999999
0.16782
0.23391600000000001
0.116825
0.082061999999999996
0.054705999999999998
0.14890900000000001
0.111877
0.114852
0.017930000000000001
0.040393999999999999
0.72413899999999998
0.28044799999999998
0.21990899999999999
0.107567
0.268511
0.22161700000000001
0.081631999999999996
0.44822899999999999
0.114117
0.47347899999999998
0.23538600000000001
0.099153000000000005
0.053994
0.081632999999999997
0.10891099999999999
0.019413
0.025548999999999999
0.106782
0.39629599999999998
0.38168000000000002
0.18740399999999999
1.1186799999999999
1.5553399999999999
0.35805300000000001
0.31457299999999999
0.18746499999999999
0.16233600000000001
0.15575700000000001
0.16350400000000001
0.27401900000000001
2.5027200000000001
3.5139499999999999
30.7547
14.7761
34.551000000000002
23.1434
70.295599999999993
59.547600000000003
0.12055399999999999
0.193633
0.080883999999999998
389.96800000000002
29.029199999999999
15.9893
31.3553
69.109300000000005
94.621099999999998
89.287400000000005
0.112479
0.070253999999999997
0.031604
0.63754299999999997
0.167018
0.27740500000000001
0.254193
0.41085300000000002
0.023429999999999999
0.041368000000000002
0.052200999999999997
0.070636000000000004
0.28945500000000002
0.19428799999999999
0.53910100000000005
1.05914
0.51735299999999995
0.66897300000000004
0.348358
0.054108000000000003
0.076554999999999998
0.054496000000000003
0.061206999999999998
0.048479000000000001
0.029014999999999999
0.019601
0.047995000000000003
0.019746
0.077122999999999997
0.18227099999999999
0.49984400000000001
0.39331300000000002
0.225573
0.95227399999999995
0.895536
1.6594100000000001
0.465113
0.086585999999999996
0.059096000000000003
0.14791399999999999
0.28962300000000002
24.624199999999998
18.517600000000002
7.2657299999999996
45.055199999999999
9.9559999999999995
7.75075
8.1074699999999993
29.508299999999998
67.987899999999996
281.202
258.74599999999998
201.77500000000001
942.49699999999996
17.5075
21.049800000000001
17.421099999999999
46.877400000000002
84.721999999999994
69.148600000000002
253.18799999999999
0.081356999999999999
0.12665499999999999
0.18950900000000001
0.339584
0.230299
0.43897799999999998
0.92589399999999999
0.17476900000000001
0.130136
0.023948000000000001
0.021571
0.215225
0.32789299999999999
0.205761
0.23680100000000001
0.19514500000000001
0.426873
0.104571
0.13853199999999999
0.036783000000000003
0.071307999999999996
0.29400900000000002
0.132129
0.059244999999999999
0.015834999999999998
0.043521999999999998
0.048197999999999998
0.067063999999999999
0.046032999999999998
0.21088100000000001
0.087095000000000006
0.322828
0.28213199999999999
0.35427500000000001
0.17916499999999999
0.13441
0.075312000000000004
0.043901000000000003
0.084680000000000005
0.18024200000000001
34.4377
12.9438
5.7618200000000002
2.9357700000000002
2.7694000000000001
5.0092600000000003
9.0042299999999997
29.465399999999999
159.744
234.155
161.012
94.706599999999995
26.166399999999999
11.6464
28.423100000000002
24.049399999999999
112.746
128.31
69.131100000000004
278.53399999999999
120.086
12.8858
0.198161
0.21312400000000001
0.31845400000000001
0.77011600000000002
0.30431399999999997
0.62841899999999995
0.61909499999999995
0.014924
0.085474999999999995
0.050432999999999999
0.29478399999999999
0.76078699999999999
0.54123699999999997
0.71178900000000001
0.50425500000000001
0.27384599999999998
0.051278999999999998
0.020417000000000001
0.55048299999999994
0.103173
0.055330999999999998
0.038199999999999998
0.053782999999999997
0.056032999999999999
0.089533000000000001
0.089775999999999995
0.033862999999999997
0.1812
0.449407
0.49031799999999998
0.380579
0.32609300000000002
0.114286
0.086704000000000003
0.058999999999999997
0.147868
0.131717
0.45151000000000002
38.159700000000001
13.779199999999999
8.9184099999999997
3.4542000000000002
1.0502100000000001
0.92496800000000001
1.9433100000000001
21.704999999999998
107.504
221.37100000000001
204.27199999999999
169.39599999999999
21.678100000000001
11.4717
17.712199999999999
14.603400000000001
40.692599999999999
324.47300000000001
156.49700000000001
124.32599999999999
49.617600000000003
42.164200000000001
21.852499999999999
0.406109
0.11619500000000001
0.23683999999999999
0.15059700000000001
0.20069500000000001
0.085683999999999996
0.040287999999999997
0.056443
0.067822999999999994
0.095660999999999996
0.373776
0.68629200000000001
3.6762700000000001
0.72299100000000005
0.18670500000000001
0.120971
0.110071
0.15323600000000001
0.026124999999999999
0.025724
0.0086289999999999995
0.025507999999999999
0.071228
0.079072000000000003
0.086165000000000005
0.082927000000000001
0.23647299999999999
0.27725100000000003
0.20179
0.145284
0.074069999999999997
0.047681000000000001
0.095856999999999998
0.13494400000000001
0.17543300000000001
0.14793700000000001
0.34810200000000002
0.095515000000000003
13.807
5.7923400000000003
2.41995
2.0117799999999999
1.34135
2.8837799999999998
0.063678999999999999
171.88999999999999
94.421099999999996
20.1373
17.948499999999999
9.27745
6.27881
15.4535
41.788400000000003
20.127500000000001
51.873100000000001
56.7288
61.877800000000001
70.060699999999997
21.6099
13.9239
57.921500000000002
0.735842
0.29408299999999998
0.16295100000000001
0.18001900000000001
0.072467000000000004
0.106943
0.026287999999999999
0.063825000000000007
0.14893600000000001
0.50350399999999995
1.2443200000000001
2.06013
0.446185
0.85424299999999997
0.32665100000000002
0.10335999999999999
0.086095000000000005
0.051762000000000002
0.057527000000000002
0.103578
0.089076000000000002
0.101262
0.10646
0.123556
0.077419000000000002
0.080859
0.20311199999999999
0.019862999999999999
0.025467
0.021585
0.139296
0.14724499999999999
0.21968099999999999
0.115555
0.094872999999999999
0.12847600000000001
0.018200000000000001
16.1313
7.4142400000000004
3.7056300000000002
1.5112099999999999
0.90128600000000003
4.9701599999999999
0.082142999999999994
141.03399999999999
49.319699999999997
26.061399999999999
4.6822600000000003
4.9360600000000003
3.4075299999999999
26.666499999999999
29.487100000000002
9.1023800000000001
74.269400000000005
72.759799999999998
34.664099999999998
29.440300000000001
46.304099999999998
11.6312
25.371400000000001
24.882200000000001
40.626600000000003
29.2072
0.17366100000000001
0.066959000000000005
0.040566999999999999
0.14180499999999999
0.74758500000000006
1.49274
0.89590400000000003
2.2716099999999999
0.39659499999999998
0.44689899999999999
0.17615
0.36183599999999999
0.096097000000000002
0.13788600000000001
0.047356000000000002
0.393785
0.045862
0.170651
0.099437999999999999
0.064055000000000001
0.19986599999999999
0.084691000000000002
0.36070099999999999
0.17208300000000001
0.15020700000000001
0.16400699999999999
0.067025000000000001
0.097777000000000003
0.51505000000000001
0.227322
0.087490999999999999
320.81700000000001
353.37
350.80099999999999
35.779600000000002
11.159700000000001
3.8505199999999999
1.20495
1.42882
0.095819000000000001
0.105591
0.019741000000000002
29.643899999999999
16.238700000000001
4.5760699999999996
3.9757899999999999
4.0196699999999996
18.5519
22.093699999999998
13.838100000000001
0.013166000000000001
78.141099999999994
55.737299999999998
26.7898
61.747399999999999
14.5654
9.5262600000000006
16.7517
27.977900000000002
12.8535
23.6541
22.816400000000002
0.157919
0.050763999999999997
0.20321600000000001
0.359099
0.44190200000000002
0.605819
0.22520899999999999
0.032041
0.11101800000000001
0.062706999999999999
0.269395
0.190106
0.069205000000000003
0.33210699999999999
0.123334
0.21219499999999999
0.26291799999999999
0.15911800000000001
0.104779
0.40303800000000001
0.41593000000000002
0.225796
0.92576199999999997
0.090463000000000002
0.130748
0.21629100000000001
0.30162
0.39802999999999999
0.45671
0.059390999999999999
0.16470199999999999
682.15499999999997
9.4972899999999996
30.883199999999999
12.653499999999999
2.45844
3.4636800000000001
9.5415500000000009
0.11964900000000001
0.052789999999999997
43.907600000000002
20.825299999999999
8.2337299999999995
4.7846099999999998
4.9768100000000004
15.4048
17.6248
12.3504
0.062434999999999997
0.096695000000000003
0.056531999999999999
0.070911000000000002
0.456793
16.422699999999999
20.582699999999999
13.2277
29.206199999999999
8.1133400000000009
23.089400000000001
17.494900000000001
0.18032999999999999
0.31498399999999999
0.61791099999999999
0.93665399999999999
1.20011
0.36531599999999997
0.103924
0.12681200000000001
0.15901000000000001
0.031329999999999997
0.069181999999999994
0.095645999999999995
0.121225
0.25786399999999998
0.43405300000000002
1.5169600000000001
0.17413600000000001
0.50357300000000005
0.18590100000000001
0.085886000000000004
0.37724000000000002
0.28367399999999998
2.8130099999999998
0.126695
0.078831999999999999
0.112773
1.1044799999999999
1.65947
0.20652100000000001
0.18257699999999999
0.428616
1.25878
20.165400000000002
58.493000000000002
30.095500000000001
6.9735899999999997
3.6828699999999999
382.24900000000002
0.088134000000000004
0.082804000000000003
35.789299999999997
19.7727
14.365500000000001
5.0957800000000004
5.3336399999999999
14.264200000000001
46.971800000000002
22.0548
0.35549500000000001
0.25226799999999999
0.31533800000000001
0.120618
0.095791000000000001
0.123449
0.17440700000000001
13.7814
11.7646
7.2313099999999997
6.6400300000000003
14.0435
0.10483199999999999
0.234484
0.15153700000000001
0.497446
0.65458000000000005
0.485732
0.025974000000000001
0.037187999999999999
0.080177999999999999
0.050658000000000002
0.055197999999999997
0.032402
0.079112000000000002
0.32106400000000002
0.85327500000000001
1.8635999999999999
0.97086399999999995
0.71463200000000004
0.908555
0.175568
1.14259
0.61106799999999994
0.73636999999999997
0.060802000000000002
0.053407000000000003
0.091758999999999993
0.79575700000000005
0.28379799999999999
0.13059899999999999
0.157527
0.072016999999999998
0.33105200000000001
58.712400000000002
38.782200000000003
26.2119
11.232100000000001
14.6576
428.94999999999999
1328.77
132.148
37.452800000000003
68.179199999999994
13.472
5.7765899999999997
4.5309900000000001
15.748799999999999
96.821299999999994
18.538599999999999
0.58469099999999996
0.49400100000000002
0.269787
0.033679000000000001
0.047961999999999998
0.18501600000000001
9.2086600000000001
4.1774699999999996
8.5973199999999999
10.354100000000001
9.3860399999999995
36.973500000000001
0.19984199999999999
0.121185
0.107208
0.096291000000000002
0.19440199999999999
0.11870600000000001
0.45737800000000001
0.19059400000000001
0.29444399999999998
0.018671
0.045990999999999997
0.14566999999999999
0.12576599999999999
0.38715899999999998
0.95509999999999995
0.55349300000000001
0.34470499999999998
0.55549300000000001
0.46081
0.83307100000000001
0.59805900000000001
0.80177900000000002
1.6364000000000001
0.124319
0.27432899999999999
0.055537999999999997
0.39757599999999998
0.14852099999999999
0.10255599999999999
0.232932
0.064229999999999995
0.171901
192.99799999999999
97.006799999999998
20.926300000000001
9.01525
7.6300600000000003
402.91500000000002
28.421500000000002
501.80200000000002
26.384499999999999
67.772099999999995
31.176600000000001
6.96387
3.5779899999999998
19.313800000000001
343.46199999999999
32.664200000000001
233.078
527.87599999999998
0.024875000000000001
0.014666
0.073618000000000003
0.21207300000000001
0.083418000000000006
5.8879400000000004
8.5929099999999998
3.5739299999999998
10.449999999999999
13.3285
0.02665
0.02674
0.080299999999999996
0.152007
0.183945
0.20405300000000001
0.35175000000000001
0.46701799999999999
0.37641799999999997
0.049165
0.087284
0.45295999999999997
0.035241000000000001
0.239671
0.282663
0.69379800000000003
0.32778000000000002
0.57787999999999995
1.46279
0.49865599999999999
0.24715599999999999
0.32603300000000002
0.65436799999999995
0.36563400000000001
0.11073
0.12609100000000001
0.384631
0.80824499999999999
0.16950399999999999
0.046445
0.069964999999999999
0.025395000000000001
211.869
78.271600000000007
29.597200000000001
11.6356
4.85006
4.8254999999999999
35.662300000000002
219.80799999999999
35.072000000000003
22.507000000000001
504.77199999999999
5.7299899999999999
4.7834199999999996
19.714200000000002
466.18000000000001
75.114999999999995
207.84299999999999
473.02800000000002
197.84399999999999
589.971
0.122868
0.054206999999999998
0.036422999999999997
0.15673699999999999
14.6516
2.8887900000000002
4.1421999999999999
12.7544
0.037791999999999999
0.074755000000000002
0.064950999999999995
0.164159
0.112526
0.19098599999999999
0.465785
0.096773999999999999
0.39254299999999998
0.20028599999999999
0.047273999999999997
0.065459000000000003
0.11862399999999999
0.11623699999999999
0.27840599999999999
0.053872999999999997
0.21726699999999999
0.50856699999999999
0.44947500000000001
2.5685500000000001
2.04671
0.28362199999999999
1.31063
0.16982900000000001
0.22838600000000001
0.16008800000000001
0.68178300000000003
0.75659500000000002
0.16584299999999999
0.074013999999999996
0.076691999999999996
0.015566
157.25899999999999
95.643600000000006
17.4969
15.1478
11.336600000000001
9.8659300000000005
42.999200000000002
46.671999999999997
58.722000000000001
16.915600000000001
447.78500000000003
0.18181600000000001
0.34849599999999997
0.17193900000000001
189.05799999999999
49.793500000000002
232.41900000000001
384.79599999999999
329.43900000000002
704.61800000000005
658.88999999999999
423.46699999999998
0.073911000000000004
0.029731
15.226900000000001
6.4559499999999996
6.1763300000000001
9.2557100000000005
0.16205700000000001
0.069395999999999999
0.020594999999999999
0.033083000000000001
0.13506399999999999
0.26808900000000002
0.31664999999999999
1.2472099999999999
0.79868700000000004
0.12175999999999999
0.094468999999999997
0.099325999999999998
0.043331000000000001
0.040751999999999997
0.128023
0.18005499999999999
0.58147499999999996
0.54480099999999998
0.507073
0.61430399999999996
1.4951099999999999
0.34676200000000001
0.25424600000000003
0.017465000000000001
0.050429000000000002
0.093224000000000001
0.21112500000000001
0.26930100000000001
0.17457600000000001
0.323127
0.12288300000000001
0.21240899999999999
330.49400000000003
106.19199999999999
15.2171
11.567500000000001
2.3543699999999999
11.57
34.460099999999997
46.398899999999998
55.409700000000001
27.147400000000001
416.363
0.028301
0.039321000000000002
0.098332000000000003
0.54653399999999996
0.33576899999999998
0.284412
245.46899999999999
376.41199999999998
391.73099999999999
473.97699999999998
249.04599999999999
135.99700000000001
13.980499999999999
26.521999999999998
5.5585100000000001
0.38825999999999999
0.096087000000000006
0.081973000000000004
0.028174000000000001
0.011304
0.040884999999999998
0.039940999999999997
0.093505000000000005
0.20406199999999999
1.7858799999999999
0.22442899999999999
0.068109000000000003
0.81135500000000005
0.18477399999999999
0.120059
0.043664000000000001
0.037740999999999997
0.30735699999999999
0.33726800000000001
0.092704999999999996
0.84651799999999999
0.87965000000000004
0.35072599999999998
0.36456
0.40392299999999998
0.22162899999999999
0.031487000000000001
0.45327099999999998
0.066394999999999996
0.153783
0.17016300000000001
0.61982599999999999
0.17712800000000001
0.119351
131.95599999999999
43.057699999999997
23.814699999999998
10.7014
3.4774699999999998
25.8445
36.369500000000002
22.645700000000001
51.783299999999997
111.639
509.983
321.19400000000002
0.018769000000000001
0.13380700000000001
0.060928000000000003
0.037470000000000003
0.072000999999999996
0.18137600000000001
0.16549700000000001
223.20500000000001
497.73000000000002
239.571
97.462999999999994
395.32900000000001
52.280799999999999
0.120141
0.25182399999999999
0.46194299999999999
134.60300000000001
0.031642999999999998
0.0079190000000000007
0.12352299999999999
0.035878
0.070287000000000002
0.564693
0.59145599999999998
0.144957
0.12809400000000001
0.30538199999999999
0.192907
0.149203
0.039907999999999999
0.047114999999999997
0.10274899999999999
0.218441
0.086810999999999999
0.043468
162.93799999999999
62.3767
71.202500000000001
589.83500000000004
313.04300000000001
47.171500000000002
21.6053
0.36837300000000001
0.14280699999999999
0.226047
0.18156700000000001
0.45047300000000001
0.17907100000000001
0.093484999999999999
46.648699999999998
26.418299999999999
17.630600000000001
4.0725699999999998
12.5046
23.258199999999999
8.5583799999999997
40.012999999999998
206.959
241.45699999999999
0.069647000000000001
0.170932
0.15565100000000001
0.032635999999999998
0.078219999999999998
0.034993999999999997
0.17291000000000001
0.11805300000000001
0.328928
976.53399999999999
138.65600000000001
156.11099999999999
255.55600000000001
0.13634499999999999
0.070553000000000005
0.135549
0.098149
0.035049999999999998
0.027236
0.01112
0.090140999999999999
0.023230000000000001
0.110028
0.40062799999999998
0.42561100000000002
0.050403999999999997
0.27568700000000002
0.41155999999999998
0.33984199999999998
0.047236
0.011447000000000001
0.012217
0.025561
0.060478999999999998
0.202547
0.040329999999999998
0.17488699999999999
63.759
52.107599999999998
396.75099999999998
143.66200000000001
31.299800000000001
65.277900000000002
0.048013
0.14915600000000001
0.94572599999999996
0.35843199999999997
0.61494700000000002
0.10285900000000001
0.20937900000000001
48.206800000000001
24.722799999999999
36.884599999999999
53.003900000000002
16.341200000000001
9.9847199999999994
8.6781100000000002
23.786899999999999
18.480699999999999
0.18518100000000001
0.092636999999999997
0.27462999999999999
0.139902
0.065838999999999995
0.086681999999999995
0.13555200000000001
0.087043999999999996
0.057931999999999997
1900.7
548.38099999999997
281.99700000000001
256.00200000000001
378.61599999999999
65.732399999999998
0.011061
0.020903000000000001
0.121561
0.180809
0.102627
0.042758999999999998
0.38516
0.075725000000000001
0.12989300000000001
0.279835
0.70590600000000003
0.443106
0.27679199999999998
0.66251599999999999
0.17036799999999999
0.056424000000000002
0.033549000000000002
0.048401
0.059679999999999997
0.37936599999999998
0.51960399999999995
0.39828999999999998
252.904
19.803799999999999
74.427599999999998
342.827
167.274
30.579000000000001
36.848999999999997
0.317608
0.34530699999999998
0.151089
0.203016
1.49563
0.31041200000000002
0.085543999999999995
0.031536000000000002
32.127899999999997
32.017800000000001
23.084199999999999
12.028700000000001
9.2259799999999998
8.8675300000000004
24.129100000000001
6.9865399999999998
15.879099999999999
23.5809
0.069290000000000004
0.15306700000000001
0.092313999999999993
0.163439
0.32582800000000001
0.057318000000000001
1789.8399999999999
2286.8499999999999
0.65370799999999996
397.262
639.02800000000002
245.816
51.7453
0.010874
0.023026000000000001
0.045589999999999999
0.035465999999999998
0.058434
0.28728700000000001
0.41447800000000001
0.18407000000000001
0.22511400000000001
0.176623
0.55654700000000001
0.11033800000000001
0.27332000000000001
0.175787
0.054507
0.076569999999999999
0.023188
0.102936
0.107447
0.29188799999999998
0.16381699999999999
0.84235400000000005
201.30500000000001
25.699300000000001
77.275199999999998
178.642
142.822
29.415400000000002
74.063400000000001
27.618200000000002
0.027522000000000001
0.080537999999999998
0.20364199999999999
0.372359
0.344883
0.045832999999999999
0.058638000000000003
0.10688499999999999
0.050111999999999997
20.6281
12.269500000000001
25.063800000000001
17.426500000000001
10.3971
4.7027200000000002
8.7758500000000002
26.628499999999999
19.414200000000001
0.064962000000000006
0.075092000000000006
0.088450000000000001
305.08100000000002
153.37299999999999
0.120259
0.39111800000000002
0.23769699999999999
415.084
317.09500000000003
328.50799999999998
50.364199999999997
0.044149000000000001
0.098325999999999997
0.031064999999999999
0.18865299999999999
438.67599999999999
157.68899999999999
321.80599999999998
0.17861399999999999
0.15498400000000001
0.21709800000000001
0.32513500000000001
1.22594
3.6333000000000002
1.14537
0.39069799999999999
0.25634499999999999
0.18343699999999999
0.034492000000000002
0.036558
0.104198
0.14505699999999999
1.2791999999999999
180.53299999999999
1328.2
34.179000000000002
179.32300000000001
82.307500000000005
30.410299999999999
54.429400000000001
24.293299999999999
72.769099999999995
0.045463000000000003
0.085936999999999999
0.14707300000000001
0.16464300000000001
0.080024999999999999
0.23328699999999999
0.19256899999999999
0.23596400000000001
13.2773
55.8583
58.822000000000003
18.6829
11.3003
7.7703699999999998
9.9411900000000006
6.8489199999999997
15.939500000000001
11.4673
310.20400000000001
259.15699999999998
434.62900000000002
0.40488000000000002
0.12299300000000001
0.54576800000000003
556.173
901.79700000000003
417.41399999999999
449.85599999999999
52.985399999999998
0.18815399999999999
0.34198899999999999
0.11110399999999999
120.19499999999999
235.39400000000001
156.053
229.739
616.93499999999995
0.63029900000000005
0.54242999999999997
1.47817
0.766818
0.73518600000000001
0.56877299999999997
0.498164
0.57103099999999996
0.16708000000000001
0.15717800000000001
0.066826999999999998
0.43523299999999998
0.635791
0.72597199999999995
161.62100000000001
857.05799999999999
1465.3399999999999
226.04400000000001
65.543499999999995
71.782300000000006
19.328800000000001
80.377099999999999
171.685
0.059521999999999999
0.060458999999999999
0.060544000000000001
0.31570999999999999
0.11081299999999999
0.143346
0.21690799999999999
0.12324400000000001
0.15331800000000001
0.333536
59.944699999999997
15.5519
4.2036800000000003
4.0117599999999998
7.2819599999999998
20.9496
13.398099999999999
339.97899999999998
163.607
41.690199999999997
14.3009
1.32907
0.16717799999999999
0.76842200000000005
412.24799999999999
581.41600000000005
410.49099999999999
447.64499999999998
0.26231100000000002
0.45455099999999998
0.097168000000000004
0.46382000000000001
57.365400000000001
173.54499999999999
0.12167699999999999
0.21110499999999999
0.093576999999999994
0.51686299999999996
0.60302500000000003
0.65287899999999999
0.15009500000000001
0.13808500000000001
0.20598
0.59256900000000001
0.17657800000000001
0.030950999999999999
0.088136999999999993
0.021971999999999998
0.197684
0.56170100000000001
0.20225699999999999
403.95699999999999
269.99900000000002
1534.55
135.53999999999999
78.001000000000005
84.654399999999995
41.4666
54.263199999999998
96.7059
0.065551999999999999
0.084468000000000001
0.40181600000000001
0.083909999999999998
0.083229999999999998
0.114592
0.126884
0.017812000000000001
0.15384600000000001
0.29428900000000002
354.654
17.293600000000001
2.74173
2.5798899999999998
2.8462900000000002
3.8776899999999999
218.553
265.07600000000002
239.81399999999999
65.972700000000003
26.552
19.2727
74.350499999999997
120.34
233.95699999999999
714.46900000000005
489.63299999999998
284.137
0.81676899999999997
0.26272400000000001
0.095579999999999998
0.053719000000000003
0.139242
0.211061
0.27973599999999998
0.43133199999999999
0.074361999999999998
0.43623499999999998
0.29791800000000002
0.657115
0.39042300000000002
0.261826
0.36838399999999999
0.120527
0.063202999999999995
0.0084709999999999994
0.031558000000000003
0.051053000000000001
0.125053
0.16913600000000001
0.13478899999999999
1.5096700000000001
0.86191700000000004
0.30652600000000002
306.63299999999998
37.419400000000003
81.825100000000006
72.864800000000002
72.549400000000006
100.274
0.10091899999999999
0.28723399999999999
1.20309
0.1341
0.093839000000000006
0.148983
2.2772600000000001
0.865672
7.1899300000000004
38.387300000000003
9.9613899999999997
9.6012299999999993
11.8825
3.5617399999999999
1.7387300000000001
575.42100000000005
337.26299999999998
344.58600000000001
20.194600000000001
18.6343
42.236600000000003
27.049900000000001
32.853299999999997
162.07599999999999
371.95699999999999
455.20600000000002
629.91600000000005
0.17064199999999999
0.73333400000000004
0.17973600000000001
0.081200999999999995
0.35843799999999998
0.16442200000000001
0.074948000000000001
0.095762
0.19312299999999999
0.17668500000000001
0.41136600000000001
0.61460099999999995
0.052158000000000003
0.036304000000000003
0.11888700000000001
0.25898399999999999
0.021142999999999999
0.30793500000000001
0.043021999999999998
0.041995999999999999
0.051235000000000003
0.098669999999999994
0.305039
0.170323
0.55549499999999996
0.27066299999999999
0.046745000000000002
0.023355000000000001
0.039639000000000001
0.17901
0.35700999999999999
0.045054999999999998
0.22223200000000001
0.14834700000000001
2.2519900000000002
0.358711
3.2934199999999998
1.30609
1.19225
1.4292100000000001
1.15943
10.5501
20.8598
0.20430999999999999
17.835899999999999
10.5405
7.6506699999999999
604.053
316.83100000000002
260.48399999999998
40.9589
13.0374
18.883199999999999
30.7471
26.330200000000001
26.744299999999999
173.84299999999999
453.62
356.245
389.351
161.85300000000001
0.69762100000000005
0.54206799999999999
0.80849599999999999
0.238703
0.031613000000000002
0.044058
107.521
125.389
1.0764499999999999
0.15559799999999999
0.19878199999999999
0.10420500000000001
0.041314999999999998
0.20472000000000001
0.053482000000000002
0.054834000000000001
0.79802099999999998
0.10402599999999999
0.42239500000000002
0.222997
0.15434600000000001
0.45305899999999999
0.088094000000000006
0.091496999999999995
0.02334
0.058978999999999997
0.065472000000000002
0.048172
0.077788999999999997
0.38661000000000001
0.023996
0.115663
0.186609
0.401922
14.8744
4.1059000000000001
0.46609400000000001
2.2128000000000001
2.0165799999999998
1.81199
0.094274999999999998
0.073197999999999999
0.266986
27.7576
298.47699999999998
404.517
341.68099999999998
35.3735
5.1181000000000001
60.371899999999997
25.218800000000002
25.855599999999999
36.1569
30.637699999999999
29.290700000000001
202.63800000000001
352.73500000000001
434.50299999999999
313.16300000000001
187.03999999999999
0.73572899999999997
0.70950100000000005
1.8832899999999999
0.49397200000000002
890.15300000000002
220.25399999999999
87.1875
0.26236999999999999
0.214281
0.41125400000000001
0.58788600000000002
0.136906
0.089665999999999996
0.20244000000000001
0.087775000000000006
0.041177999999999999
0.239782
1.75482
0.86280999999999997
0.50102199999999997
0.32725399999999999
0.31289299999999998
0.115887
0.079908999999999994
0.071853
0.070015999999999995
0.042826999999999997
0.033194000000000001
0.14443300000000001
0.088463
0.046226000000000003
0.077554999999999999
1.9531099999999999
3.83684
16.944900000000001
5.4313599999999997
0.56261300000000003
1.69672
3.2581600000000002
0.052566000000000002
0.048561
0.19943900000000001
0.046219000000000003
701.29300000000001
488.18200000000002
300.589
274.57400000000001
45.648099999999999
9.9245400000000004
21.212499999999999
29.5822
21.898
31.095400000000001
23.256599999999999
50.819400000000002
84.424000000000007
297.78199999999998
314.601
150.33199999999999
50.227800000000002
0.35356900000000002
0.89958800000000005
1.84476
1.2250000000000001
1097.2
418.15800000000002
0.10983999999999999
0.13112799999999999
0.21235299999999999
1.12338
0.64536499999999997
0.086738999999999997
0.024464
0.22475000000000001
0.091312000000000004
0.033478000000000001
0.055326
0.34909899999999999
0.896312
0.49241499999999999
0.85349399999999997
0.29861100000000002
0.05459
0.262631
0.11654100000000001
0.26083699999999999
0.056461999999999998
0.074770000000000003
0.011475000000000001
0.0063010000000000002
0.0075160000000000001
3.2166000000000001
2.5991399999999998
3.5514600000000001
12.467499999999999
4.6231200000000001
1.0729299999999999
2.8602300000000001
0.013635
0.043581000000000002
0.019227999999999999
0.073053000000000007
542.00599999999997
625.37300000000005
499.47199999999998
400.12
8.1254600000000003
24.357199999999999
9.2933900000000005
2.83534
21.953299999999999
24.2456
27.6828
20.638999999999999
32.124899999999997
118.42700000000001
151.524
116.241
220.917
0.18359800000000001
0.43046699999999999
0.99871799999999999
0.85906700000000003
0.974194
636.553
1582.49
499.40600000000001
0.11722299999999999
0.48732399999999998
4.11768
1.76468
0.14099700000000001
0.122195
0.080657999999999994
0.18342800000000001
0.060388999999999998
0.17560000000000001
0.11291900000000001
0.123806
0.101368
0.116239
0.250504
0.11187999999999999
0.35770400000000002
0.043539000000000001
0.52324700000000002
0.159776
0.097612000000000004
0.013188
0.0026610000000000002
0.041778000000000003
2.9443199999999998
1.41954
3.7305600000000001
10.692500000000001
14.105399999999999
1.8482000000000001
3.2359499999999999
0.114248
0.038767999999999997
0.018572999999999999
465.58999999999997
359.79899999999998
367.11000000000001
594.91700000000003
46.826099999999997
44.530799999999999
0.034132999999999997
0.013017000000000001
1.78148
15.708500000000001
24.596900000000002
84.346800000000002
21.357800000000001
49.353200000000001
59.045299999999997
146.88
109.258
163.30500000000001
65.402000000000001
0.87961500000000004
0.72887000000000002
0.135654
1.49186
619.37800000000004
2966.6900000000001
0.29192400000000002
0.28405399999999997
2.3056000000000001
1.1162300000000001
0.61004700000000001
0.21803900000000001
0.221026
0.21936700000000001
0.100176
0.028438999999999999
0.177119
0.051671000000000002
0.084239999999999995
0.196572
0.14613000000000001
0.41276400000000002
0.37304100000000001
0.38739099999999999
0.114311
0.35516700000000001
0.126218
0.165354
0.110457
0.032631
0.056783
0.021842
3.0918000000000001
4.8806799999999999
36.737499999999997
8.9796700000000005
1.5981799999999999
3.2974000000000001
38.389899999999997
54.620399999999997
424.685
376.00999999999999
327.10399999999998
244.47999999999999
657.79499999999996
0.040267999999999998
0.056802999999999999
0.025058
0.017937999999999999
0.020698000000000001
14.677199999999999
40.340600000000002
148.447
42.302799999999998
24.128900000000002
135.59800000000001
132.268
120.146
270.37299999999999
92.094800000000006
198.68000000000001
0.475825
0.51963400000000004
0.29832399999999998
654.39599999999996
0.056648999999999998
0.054157999999999998
0.23566699999999999
0.43198799999999998
0.105744
0.52946899999999997
0.222444
0.281607
0.32072000000000001
0.15159900000000001
0.043177
0.044165000000000003
0.055211000000000003
0.079455999999999999
0.042568000000000002
0.074778999999999998
0.099957000000000004
0.147004
0.18334700000000001
0.070527000000000006
0.16982700000000001
0.065828999999999999
0.10073500000000001
0.0067860000000000004
0.055357999999999997
0.046504999999999998
0.155
0.038381999999999999
6.6704600000000003
27.528199999999998
10.522600000000001
2.8524400000000001
7.9508799999999997
21.820399999999999
11.714499999999999
323.55500000000001
376.95400000000001
285.036
176.80799999999999
1234.95
0.044790000000000003
0.038482000000000002
0.093415999999999999
0.036366000000000002
0.040958000000000001
0.049770000000000002
0.22015999999999999
290.47300000000001
62.980899999999998
115.02
379.57400000000001
228.40799999999999
242.059
359.96699999999998
131.41499999999999
158.054
617.99099999999999
0.15220400000000001
0.054551000000000002
0.111385
0.30156300000000003
0.067570000000000005
0.367338
0.49544199999999999
0.111313
0.21115300000000001
0.046462999999999997
0.25797300000000001
0.22959099999999999
0.23700199999999999
0.21393999999999999
0.068727999999999997
0.099986000000000005
0.12150900000000001
0.098473000000000005
0.119698
0.049451000000000002
0.011051
0.031167
0.022856000000000001
0.10380300000000001
0.25994600000000001
0.039143999999999998
0.043917999999999999
0.032469999999999999
0.053841
0.058112999999999998
0.087748999999999994
0.062711000000000003
61.988799999999998
9.8010000000000002
5.7064500000000002
8.1659000000000006
17.965399999999999
17.743600000000001
25.386800000000001
75.197900000000004
206.81399999999999
257.68200000000002
0.039620000000000002
0.10054200000000001
0.064406000000000005
0.067613000000000006
0.20843100000000001
0.29902600000000001
0.108353
0.78021700000000005
224.744
145.59399999999999
130.78
272.149
89.382599999999996
414.60899999999998
606.38099999999997
153.90199999999999
173.69399999999999
0.33354299999999998
0.051728999999999997
0.57699999999999996
21.061
0.061790999999999999
0.056257000000000001
0.081962999999999994
0.20848700000000001
0.13523399999999999
0.29821399999999998
0.49254999999999999
0.22458400000000001
0.473055
0.77912300000000001
0.185754
0.158357
0.22883800000000001
0.11046
0.077330999999999997
0.151528
0.070045999999999997
0.091966000000000006
0.087402999999999995
0.023354
0.083128999999999995
0.017087999999999999
0.046255999999999999
0.057248
0.13437399999999999
0.064349000000000003
0.059062000000000003
126.886
70.265799999999999
54.326000000000001
213.08000000000001
92.522800000000004
6.7292399999999999
14.5562
15.3757
40.121400000000001
60.454300000000003
23.436699999999998
71.948899999999995
0.008123
0.0092300000000000004
0.071088999999999999
0.283223
0.089522000000000004
0.25523899999999999
0.52300500000000005
0.14510999999999999
184.56999999999999
167.58199999999999
95.833399999999997
395.96499999999997
141.26599999999999
380.625
335.822
79.918899999999994
61.226300000000002
238.952
166.22399999999999
0.078516000000000002
23.776700000000002
0.23597299999999999
0.044394999999999997
0.064647999999999997
0.22291800000000001
0.17388400000000001
0.288661
0.18704000000000001
0.110955
0.21438399999999999
0.27456399999999997
0.075130000000000002
0.047409
0.244223
0.039713999999999999
0.04129
0.0097520000000000003
0.098938999999999999
0.10030500000000001
0.025589000000000001
0.072172
0.088697999999999999
0.042516999999999999
0.021878999999999999
0.14990999999999999
0.076809000000000002
20.298400000000001
97.236599999999996
79.616600000000005
63.466999999999999
66.475899999999996
0.20424600000000001
0.39555099999999999
187.54300000000001
165.04900000000001
13.728999999999999
29.238
26.530000000000001
34.335599999999999
37.721200000000003
4.7467100000000002
9.8338800000000006
29.247599999999998
0.239009
0.74369300000000005
0.43325900000000001
0.81185499999999999
274.75599999999997
358.74700000000001
486.39299999999997
239.32400000000001
55.893799999999999
771.91600000000005
402.88200000000001
262.40199999999999
90.529700000000005
18.5167
72.991299999999995
0.091696
0.074379000000000001
28.4468
33.787399999999998
68.640900000000002
116.381
76.344499999999996
1.0594699999999999
0.25072100000000003
0.176207
0.028851999999999999
0.044332000000000003
0.16767399999999999
0.11822100000000001
0.176929
0.219138
0.066961000000000007
0.040181000000000001
0.019612000000000001
0.051423000000000003
0.008855
0.013507
0.030858
0.039981999999999997
0.026734999999999998
83.317899999999995
205.89599999999999
19.713999999999999
39.474600000000002
135.405
122.16500000000001
0.118114
0.13802500000000001
0.29178900000000002
0.074026999999999996
144.15700000000001
204.67699999999999
154.58799999999999
404.43599999999998
433.54300000000001
92.895399999999995
51.452100000000002
6.9924299999999997
12.0258
113.378
73.299700000000001
186.41300000000001
231.68700000000001
212.91399999999999
339.084
232.624
0.110787
0.124183
65.904700000000005
59.336500000000001
306.738
107.598
59.545200000000001
17.2226
46.911099999999998
0.027958
0.039359999999999999
19.3688
21.270499999999998
64.652500000000003
40.842500000000001
85.882599999999996
162.78899999999999
81.798699999999997
51.199100000000001
0.018325999999999999
0.012344000000000001
0.080657999999999994
0.11178399999999999
0.200461
0.31314900000000001
0.046038000000000003
0.077192999999999998
0.040018999999999999
0.036649000000000001
0.034682999999999999
0.019399
0.033839000000000001
0.033889000000000002
190.60599999999999
133.77099999999999
102.50700000000001
14.1151
33.106400000000001
65.112700000000004
0.012775999999999999
0.035103000000000002
0.13645299999999999
0.049098000000000003
0.15709600000000001
0.236398
185.78800000000001
353.31099999999998
374.48099999999999
161.94
123.206
35.796300000000002
50.2913
0.146151
79.9328
72.928799999999995
272.79300000000001
257.065
172.126
94.691599999999994
474.12299999999999
224.43299999999999
0.14971699999999999
69.638099999999994
67.954800000000006
302.84800000000001
122.38800000000001
23.457000000000001
18.7865
0.26517099999999999
0.059133999999999999
0.051916999999999998
0.14308599999999999
0.177092
37.616999999999997
51.762799999999999
85.689800000000005
168.673
108.65300000000001
46.732300000000002
61.556100000000001
64.405799999999999
0.042674999999999998
0.033057999999999997
0.25470799999999999
0.33431
0.049883999999999998
0.22805600000000001
0.097375000000000003
0.57673600000000003
0.041928
0.013287999999999999
1802.9100000000001
780.79600000000005
0.015204000000000001
0.107178
0.15962599999999999
0.46401999999999999
0.107588
0.27063199999999998
0.020566000000000001
0.022471000000000001
0.35800700000000002
0.28832000000000002
0.24179999999999999
0.47331400000000001
482.97899999999998
415.26400000000001
368.36900000000003
52.968000000000004
89.9148
43.865000000000002
0.014348
0.059018000000000001
0.10027
0.10660799999999999
194.548
408.46300000000002
66.707300000000004
165.93100000000001
484.10199999999998
133.02699999999999
119.57899999999999
416.625
23.902999999999999
216.773
88.189599999999999
30.2926
0.59056500000000001
0.79674999999999996
0.100289
0.050369999999999998
0.09196
0.114505
0.93399299999999996
46.783499999999997
56.556199999999997
65.091499999999996
257.16399999999999
0.080271999999999996
0.128939
0.042951999999999997
0.042761
0.080019000000000007
0.099520999999999998
0.43302299999999999
0.10040300000000001
0.038740999999999998
0.39327200000000001
0.14882200000000001
0.076791999999999999
0.034261
0.044041999999999998
0.092171000000000003
0.030238000000000001
0.16658500000000001
0.28564800000000001
0.058838000000000001
0.32248599999999999
0.234398
0.016482
0.060421999999999997
0.20338600000000001
0.060977000000000003
0.222834
1540.6500000000001
618.42200000000003
625.14200000000005
263.90199999999999
126.319
46.766500000000001
29.629799999999999
15.321300000000001
9.5931099999999994
0.58457199999999998
1.25458
150.05099999999999
634.21900000000005
60.109900000000003
212.06100000000001
271.06200000000001
113.27
99.418499999999995
315.94999999999999
40.119900000000001
181.011
0.74904199999999999
1.0859000000000001
0.33123200000000003
0.44646000000000002
1.6062099999999999
0.35742499999999999
0.108386
0.19994799999999999
0.26579999999999998
0.071532999999999999
0.16448299999999999
0.150787
0.94689800000000002
0.414742
0.064909999999999995
0.040665
0.087941000000000005
0.24479200000000001
0.070475999999999997
0.177314
0.042728000000000002
0.041265000000000003
0.016892000000000001
0.007757
0.082364000000000007
0.22257399999999999
0.092156000000000002
0.14649699999999999
0.20030200000000001
0.084124000000000004
0.29998200000000003
0.179365
0.15546099999999999
0.149755
0.043242999999999997
0.016515999999999999
0.107642
0.076824000000000003
0.14683499999999999
0.12893099999999999
267.07299999999998
414.74599999999998
373.90800000000002
69.337000000000003
221.03399999999999
51.9146
24.361499999999999
11.831200000000001
25.0275
756.23699999999997
818.41399999999999
0.066955000000000001
49.6815
192.86000000000001
147.08799999999999
263.12099999999998
38.849699999999999
146.49199999999999
218.06399999999999
0.037735999999999999
0.48631099999999999
0.15824199999999999
0.159605
0.071349999999999997
0.77780000000000005
0.37654100000000001
0.094744999999999996
0.13573399999999999
0.21202199999999999
0.16483800000000001
0.098563999999999999
0.175959
0.055197999999999997
0.20510200000000001
0.31121700000000002
0.072277999999999995
0.093109999999999998
0.066933000000000006
0.15029899999999999
0.26781199999999999
0.029027000000000001
0.027764
0.0073480000000000004
0.045924
0.048823999999999999
0.15642600000000001
0.076291999999999999
0.096324999999999994
0.29818099999999997
0.204817
0.032932999999999997
66.017099999999999
89.6661
51.342100000000002
76.907700000000006
83.771699999999996
133.571
0.13445299999999999
0.60372599999999998
1.9281999999999999
0.15623600000000001
0.17732600000000001
348.233
151.50999999999999
117.249
42.330300000000001
34.639499999999998
15.9979
11.6258
0.42619499999999999
0.10073
0.202149
53.893300000000004
231.36600000000001
241.37700000000001
450.10700000000003
28.452400000000001
162.952
188.09999999999999
394.13299999999998
0.156362
0.12568199999999999
0.104922
0.109475
0.17289099999999999
0.090669
0.17002400000000001
0.16303999999999999
0.044596999999999998
0.033152000000000001
0.089951000000000003
0.34789199999999998
0.10187
0.074965000000000004
0.417462
0.71672000000000002
0.33472099999999999
0.250828
0.29348299999999999
0.066924999999999998
0.038252000000000001
0.042000000000000003
0.036381999999999998
0.054851999999999998
0.053453000000000001
0.025718999999999999
0.068825999999999998
0.241203
0.23687800000000001
0.146761
0.094356999999999996
0.12567900000000001
38.951099999999997
54.704000000000001
2.8925100000000001
0.41549599999999998
0.21820600000000001
171.69399999999999
140.375
0.071542999999999995
0.063460000000000003
0.065726000000000007
0.230272
191.392
346.26299999999998
86.116
67.822299999999998
37.198700000000002
13.1759
12.0794
4.8126199999999999
0.132275
145.97399999999999
94.175700000000006
56.043399999999998
538.55799999999999
21.211099999999998
0.11254
0.071300000000000002
0.024237999999999999
0.028478
0.094513
0.071801000000000004
0.072918999999999998
0.57445299999999999
0.14024500000000001
0.38788899999999998
0.24355399999999999
0.10455399999999999
0.049109
0.061830999999999997
0.037158999999999998
0.53020299999999998
0.100133
1.2487299999999999
0.32247700000000001
0.44563000000000003
0.147368
0.068417000000000006
0.058975
0.041936000000000001
0.031046000000000001
0.013971000000000001
0.072409000000000001
0.049735000000000001
0.031654000000000002
0.183586
0.15521399999999999
0.100136
0.16506000000000001
0.039120000000000002
0.22134599999999999
0.31276900000000002
0.19150200000000001
121.545
396.67200000000003
163.59800000000001
180.51300000000001
200.54900000000001
162.99100000000001
0.035070999999999998
0.11625099999999999
0.49319200000000002
0.114491
0.085148000000000001
77.592399999999998
119.349
49.065199999999997
17.4451
15.315799999999999
31.196300000000001
80.848600000000005
117.373
127.408
111.774
52.053699999999999
0.349022
0.22322700000000001
0.014165000000000001
0.029805999999999999
0.068239999999999995
0.047243
0.056592999999999997
0.076200000000000004
0.31306699999999998
0.097543000000000005
0.87854600000000005
0.158691
0.158891
0.062949000000000005
0.086801000000000003
0.12057900000000001
0.17433599999999999
0.073103000000000001
0.64615299999999998
0.36990699999999999
0.31364700000000001
0.136988
0.19694600000000001
0.089459999999999998
0.089140999999999998
0.039234999999999999
0.024018999999999999
0.021207
0.024598999999999999
0.040089
0.096893000000000007
0.097505999999999995
0.051247000000000001
0.14185400000000001
0.60906099999999996
0.35936899999999999
0.26187300000000002
0.210483
0.19531399999999999
181.619
302.00700000000001
208.34200000000001
98.012600000000006
320.87
166.89500000000001
0.062801999999999997
0.115928
0.25033499999999997
0.50603399999999998
105.116
32.1143
69.351900000000001
8.6550700000000003
35.857100000000003
28.495100000000001
72.120199999999997
113.937
161.083
0.239374
0.16546
0.048391999999999998
0.105388
0.064774999999999999
0.037807
0.095133999999999996
0.045436999999999998
0.014807000000000001
0.025676999999999998
0.111626
0.154977
0.25770199999999999
0.229688
0.050395000000000002
0.086341000000000001
0.202629
0.058560000000000001
0.28855700000000001
0.42507200000000001
0.235288
0.196962
0.301431
0.578955
0.52081900000000003
0.101856
0.035560000000000001
0.015264
0.013283
0.026335999999999998
0.005032
0.0083350000000000004
0.11566700000000001
0.037193999999999998
0.013998999999999999
0.067560999999999996
0.011121000000000001
0.088839000000000001
0.116689
0.38359599999999999
0.269625
0.070961999999999997
132.452
122.941
174.46000000000001
317.03300000000002
98.276899999999998
102.47799999999999
0.112136
0.650254
0.13661499999999999
39.250500000000002
64.918199999999999
268.40800000000002
142.57599999999999
32.5274
47.6143
182.197
12.1662
103.57899999999999
98.068700000000007
0.252446
0.31476799999999999
0.077633999999999995
0.02102
0.010408000000000001
0.031803999999999999
0.0083660000000000002
0.015661999999999999
0.020503
0.031536000000000002
0.20375299999999999
0.032232999999999998
0.089747999999999994
0.035867999999999997
0.25189800000000001
0.14893700000000001
0.01491
0.027740000000000001
0.29583199999999998
0.17991299999999999
0.077512999999999999
0.96210399999999996
0.95355500000000004
0.30220399999999997
0.12987799999999999
0.068829000000000001
0.089154999999999998
0.037609999999999998
0.053127000000000001
0.012482999999999999
0.051123000000000002
0.073683999999999999
0.065013000000000001
0.038103999999999999
0.011384
0.030290000000000001
0.031189000000000001
0.24343200000000001
0.088092000000000004
0.375919
0.26292199999999999
0.10842300000000001
0.81553600000000004
179.99600000000001
229.75299999999999
75.895799999999994
86.021799999999999
208.90799999999999
0.44768999999999998
0.095571000000000003
0.17422899999999999
441.62
161.00999999999999
169.75899999999999
51.451300000000003
64.904600000000002
69.998400000000004
12.4924
63.351199999999999
140.67099999999999
0.47029700000000002
0.15729599999999999
0.055310999999999999
0.023986
0.065574999999999994
0.022577
0.0054910000000000002
0.016421999999999999
0.025912999999999999
0.011233999999999999
0.04759
0.103507
0.0075500000000000003
0.024937999999999998
0.169236
0.031324999999999999
0.040554
0.062988000000000002
0.105348
0.146179
0.51924400000000004
1.17896
0.73078100000000001
0.047333
0.028365999999999999
0.051590999999999998
0.032052999999999998
0.019512999999999999
0.021866
0.079279000000000002
0.048514000000000002
0.23317099999999999
0.131823
0.16337399999999999
0.084262000000000004
0.045258
0.064513000000000001
1.18387
0.435031
0.33844200000000002
0.27491700000000002
0.166579
0.15589500000000001
628.18499999999995
405.55500000000001
80.085800000000006
109.61799999999999
0.14720800000000001
0.86011499999999996
260.92899999999997
314.75900000000001
918.41099999999994
400.71300000000002
210.52000000000001
32.523699999999998
286.07600000000002
479.15699999999998
19.189299999999999
59.961399999999998
152.291
217.131
61.336300000000001
0.121906
0.020310999999999999
0.0062430000000000003
0.0067140000000000003
0.0057559999999999998
0.050248000000000001
0.036156000000000001
0.17323
0.105338
0.030651999999999999
0.100063
0.24099899999999999
0.23164499999999999
0.017231
0.05126
0.044421000000000002
0.056409000000000001
0.52290499999999995
0.39118199999999997
0.20347699999999999
0.094087000000000004
0.014363000000000001
0.010309
0.042448
0.015169
0.070243
0.047247999999999998
0.042752999999999999
0.26148700000000002
0.23861499999999999
0.13930400000000001
0.14127799999999999
0.054036000000000001
0.12095
0.17963699999999999
0.25165599999999999
3.2821500000000001
0.35019400000000001
0.12895899999999999
0.27976200000000001
0.860788
945.99599999999998
416.279
70.795599999999993
66.887299999999996
113.40300000000001
1107.5999999999999
403.45400000000001
282.178
551.19799999999998
357.43200000000002
175.696
29.530200000000001
525.16800000000001
612.26599999999996
337.77300000000002
77.444100000000006
134.94
493.28500000000003
1065.99
127.804
795.57399999999996
2696.2600000000002
0.0054819999999999999
0.0050939999999999996
0.061520999999999999
0.025392999999999999
0.65389600000000003
0.25828400000000001
0.12956000000000001
0.11463
0.18717900000000001
0.040786999999999997
0.070974999999999996
0.012435
0.028823999999999999
0.10233299999999999
0.13702800000000001
0.08201
0.204375
0.13692299999999999
0.019185000000000001
0.028131
0.091328999999999994
0.12620999999999999
0.055689000000000002
0.067159999999999997
0.034169999999999999
0.115896
0.308278
0.073254
0.065615000000000007
0.078243999999999994
0.25143900000000002
0.553535
0.53029999999999999
0.17472599999999999
0.068703
0.019448
0.22179299999999999
0.10995199999999999
1087.8900000000001
206.73699999999999
14.887700000000001
45.559600000000003
650.279
1363.05
254.393
391.72899999999998
1093.21
586.11900000000003
105.533
77.280600000000007
0.069123000000000004
0.10845200000000001
547.07500000000005
62.410600000000002
283.94299999999998
532.65099999999995
674.83699999999999
213.44399999999999
1163.24
3759.3800000000001
5330.1300000000001
9949.8199999999997
0.028875999999999999
0.059634
0.903389
0.27490999999999999
0.19839999999999999
0.14609900000000001
0.27984399999999998
0.081900000000000001
0.040235
0.046460000000000001
0.037532999999999997
0.065386
0.230044
0.037987
0.18886
0.13314300000000001
0.033647999999999997
0.110378
0.040211999999999998
0.072636999999999993
0.87197100000000005
0.25485400000000002
0.116645
0.013979
0.142265
0.051437999999999998
0.085847000000000007
0.16874900000000001
0.14658599999999999
0.328621
0.30753599999999998
0.058708000000000003
0.017930999999999999
0.084132999999999999
0.35425400000000001
2555.71
38.306800000000003
12.306900000000001
8.2188800000000004
29.311299999999999
1066.1700000000001
1466.6199999999999
1008.33
847.52200000000005
581.96400000000006
262.81400000000002
68.8934
283.81299999999999
1568.05
0.60606599999999999
0.324237
80.644599999999997
477.99000000000001
608.60500000000002
941.78800000000001
253.50899999999999
318.99200000000002
1604.4300000000001
2753.2800000000002
8147.5200000000004
1620.1300000000001
1581.8900000000001
0.219717
0.33411299999999999
0.14707200000000001
0.16258700000000001
0.12756700000000001
0.0059979999999999999
0.012895
0.035559
0.072591000000000003
0.024725
0.015336000000000001
0.110156
0.31117400000000001
0.105661
0.247614
0.24090600000000001
0.137932
0.075909000000000004
0.147176
0.124297
0.028278000000000001
0.058620999999999999
0.10520699999999999
0.097751000000000005
0.17182900000000001
0.17357800000000001
0.062662999999999996
0.035671000000000001
0.061922999999999999
0.019456000000000001
0.031303999999999998
0.051035999999999998
514.18899999999996
16.369499999999999
23.622499999999999
9.5101800000000001
6.8330200000000003
11.0943
577.48900000000003
1655.8499999999999
1819.1900000000001
851.70899999999995
1380.3399999999999
342.19600000000003
36.364400000000003
296.95600000000002
1432.01
464.51600000000002
0.162213
0.040547
570.35699999999997
751.57100000000003
863.90999999999997
615.62400000000002
568.197
1735.1199999999999
2956.1399999999999
11233
3867.6199999999999
1527.71
0.81763200000000003
0.20544599999999999
0.095813999999999996
0.13925899999999999
0.57025300000000001
0.020048
0.011439
0.0093869999999999995
0.049350999999999999
0.047544000000000003
0.029898999999999998
0.31979299999999999
0.54906299999999997
1.0378799999999999
1.24976
0.56833999999999996
0.19114900000000001
0.33035500000000001
0.13551199999999999
0.14657000000000001
0.20746700000000001
0.199736
0.12336900000000001
0.30422100000000002
0.54839000000000004
0.26458399999999999
0.086548
0.016673
0.030072000000000002
0.028794
0.10437299999999999
0.078083
25.481200000000001
8.51159
20.735900000000001
11.9823
12.9193
14.2666
0.095947000000000005
1098.76
1514.6099999999999
1860.53
1078.3499999999999
202.827
166.124
267.11599999999999
941.58600000000001
426.67000000000002
274.00900000000001
140.429
0.057763000000000002
766.63499999999999
692.70899999999995
605.22799999999995
756.476
1442.73
5454.0699999999997
18410.5
5273.1999999999998
1710.6700000000001
0.36391600000000002
0.094267000000000004
0.042948
0.21710599999999999
0.39713300000000001
0.069038000000000002
0.035015999999999999
0.124082
0.024001000000000001
0.065159999999999996
0.22942899999999999
0.069778999999999994
0.63764399999999999
0.54769199999999996
0.211284
0.253718
0.80263300000000004
1.0625800000000001
0.090194999999999997
0.126361
0.275225
0.48430800000000002
0.79496999999999995
0.63853800000000005
0.63782099999999997
0.067732000000000001
0.11708
0.102829
0.043450000000000003
0.011682
0.011135000000000001
112.004
16.261199999999999
30.050000000000001
24.6541
13.0534
9.1237499999999994
0.082090999999999997
0.018076999999999999
0.13267799999999999
3058.4400000000001
820.68299999999999
688.80399999999997
207.10400000000001
67.912999999999997
151.34100000000001
810.65800000000002
283.11799999999999
333.93599999999998
104.131
233.43899999999999
903.12
806.90700000000004
528.32500000000005
210.38300000000001
203.13
5785.4499999999998
8666.9699999999993
3506.27
0.099339999999999998
0.116226
0.107582
0.064296000000000006
0.16080700000000001
0.057838000000000001
0.018269000000000001
0.019852999999999999
0.043302
0.095911999999999997
0.114749
0.15091099999999999
0.12692999999999999
0.25692300000000001
0.44183699999999998
0.27395799999999998
0.83774099999999996
0.67132800000000004
1.41452
0.74963999999999997
0.19612199999999999
0.532551
0.51550099999999999
0.16816700000000001
0.65167799999999998
0.615622
0.095033000000000006
0.029697999999999999
0.030629
0.012735
0.018783999999999999
272.64800000000002
33.824300000000001
21.845099999999999
27.347300000000001
38.9208
10.1158
3.9925999999999999
9.391
0.023910000000000001
0.33022600000000002
0.114173
0.036220000000000002
734.86199999999997
192.54400000000001
22.120200000000001
126.87
557.26800000000003
251.61099999999999
225.28999999999999
82.016599999999997
116.988
298.94200000000001
479.42500000000001
1572.6900000000001
2416.1300000000001
1158.8399999999999
5267.5799999999999
10695.1
0.36844500000000002
0.14495
0.132963
0.097504999999999994
0.069640999999999995
0.074659000000000003
0.049799999999999997
0.30719400000000002
0.059443999999999997
0.029791000000000002
0.005568
0.093609999999999999
0.15017
0.19886300000000001
0.113537
0.35680099999999998
0.17683399999999999
0.508131
0.88231300000000001
0.40482499999999999
0.202656
0.33226699999999998
0.25625599999999998
0.27128200000000002
0.098288
0.163105
0.108013
0.052728999999999998
0.042591999999999998
0.010692
0.013165
486.78300000000002
264.858
41.924999999999997
21.125499999999999
54.273600000000002
37.290900000000001
9.1296800000000005
3.08941
3.9925799999999998
3.2836099999999999
0.090378
0.039921999999999999
0.020750000000000001
0.11063000000000001
0.050290000000000001
0.021780999999999998
0.0034060000000000002
405.62200000000001
150.565
295.25400000000002
114.82299999999999
58.776800000000001
263.87700000000001
1266.96
2614.52
3693.6799999999998
1424.1900000000001
1597.29
916.38800000000003
0.110151
0.076045000000000001
0.050834999999999998
0.056300000000000003
0.089076000000000002
0.029725999999999999
0.20930199999999999
0.096725000000000005
0.032844999999999999
0.029647
0.033385999999999999
0.034480999999999998
0.096180000000000002
0.31994699999999998
0.174763
0.15839900000000001
0.156116
0.27356200000000003
0.21229200000000001
0.21012900000000001
0.46931299999999998
0.13866800000000001
0.37193300000000001
0.15195
0.081221000000000002
0.28050999999999998
0.33343600000000001
0.38222299999999998
0.069906999999999997
0.055962999999999999
0.019678000000000001
0.038837000000000003
0.016133999999999999
26.797599999999999
22.245699999999999
96.972099999999998
53.405500000000004
16.699100000000001
2.92998
1.20651
3.74349
3.5314000000000001
93.882900000000006
39.401200000000003
66.271100000000004
920.923
666.30100000000004
1932.0599999999999
2286.6999999999998
0.124352
0.37810899999999997
0.12311800000000001
58.846200000000003
196.648
841.86699999999996
1875.3199999999999
1212.03
1330.1900000000001
1021.63
754.63599999999997
0.16372900000000001
0.108865
0.060006999999999998
0.091391
0.051575000000000003
0.20300699999999999
1.1290899999999999
0.120168
0.033721000000000001
0.17850099999999999
0.098535999999999999
0.023491000000000001
0.039155000000000002
0.124329
0.099461999999999995
0.55169500000000005
0.26325999999999999
0.382077
0.053434000000000002
0.106554
0.16055700000000001
0.40817599999999998
0.89398100000000003
0.58355599999999996
0.32447599999999999
0.092421000000000003
0.14145199999999999
0.19955600000000001
0.079366999999999993
0.071538000000000004
0.043892
0.057861000000000003
0.029929999999999998
0.010038999999999999
0.069334999999999994
0.129359
0.195884
0.39134400000000003
0.17721999999999999
0.174424
0.018319999999999999
0.055634999999999997
51.265999999999998
20.197800000000001
115.31699999999999
731.53899999999999
478.88799999999998
1267.02
1446.46
261.94999999999999
370.13400000000001
457.58199999999999
86.797600000000003
103.646
632.56399999999996
1153.1700000000001
719.27499999999998
1528.1700000000001
562.74699999999996
1693.8800000000001
0.2172
0.13969999999999999
0.28969600000000001
0.31464300000000001
0.103856
0.061710000000000001
0.080423999999999995
0.34285300000000002
0.110289
0.12113599999999999
0.116719
0.026606000000000001
0.025524999999999999
0.051638000000000003
0.39365299999999998
0.26865699999999998
0.310168
0.116215
0.10702299999999999
0.22625899999999999
0.079797999999999994
0.068699999999999997
0.081792000000000004
0.086269999999999999
0.080775
0.15675500000000001
0.035410999999999998
0.065919000000000005
0.14303199999999999
0.076737
0.055934999999999999
0.036312999999999998
0.0079000000000000008
0.034055000000000002
0.16395699999999999
0.047503999999999998
0.126612
0.13131000000000001
0.11998
0.050231999999999999
0.079604999999999995
0.071274000000000004
0.12611700000000001
0.216337
0.13058400000000001
0.018319999999999999
0.047357000000000003
1077.3599999999999
657.62
440.42000000000002
420.01400000000001
54.992699999999999
55.506300000000003
62.661700000000003
156.65000000000001
1957.3
997.65200000000004
1004.76
542.678
3164.9099999999999
3566.6799999999998
0.59043599999999996
0.35128199999999998
0.115282
0.15013099999999999
0.108584
0.41317599999999999
0.13929800000000001
1.03189
0.261712
0.062992999999999993
0.029911
0.015717999999999999
0.076456999999999997
0.73891300000000004
0.20155999999999999
0.19262000000000001
0.057897999999999998
0.074768000000000001
0.053719999999999997
0.115064
0.149061
0.08863
0.048342999999999997
0.080796999999999994
0.36011900000000002
0.023982
0.033806000000000003
0.100608
0.054168000000000001
0.096116999999999994
0.028212999999999998
0.013283
0.025745000000000001
0.049877999999999999
0.161222
0.105682
0.24535899999999999
0.138736
0.13447799999999999
0.34215099999999998
0.23671400000000001
0.082663
0.038789999999999998
0.084824999999999998
0.085620000000000002
0.088690000000000005
0.113315
1356.8599999999999
229.81700000000001
19.264600000000002
121.395
49.856499999999997
50.2181
102.69799999999999
0.075881000000000004
96.621899999999997
2001.3800000000001
1860.51
3927.2800000000002
5524.2299999999996
626.428
0.16820599999999999
0.065944000000000003
0.086624999999999994
1.09015
0.55265900000000001
0.046935999999999999
0.43564000000000003
0.20156499999999999
0.118104
0.027754000000000001
0.021545999999999999
0.067373000000000002
0.110776
0.65651999999999999
0.31623299999999999
0.19923299999999999
0.20859800000000001
0.032476999999999999
0.14666699999999999
0.42820399999999997
0.10638599999999999
0.026505000000000001
0.029068
0.050721000000000002
0.024452000000000002
0.057763000000000002
0.43471900000000002
0.193717
0.13098000000000001
0.137266
0.067581000000000002
0.017520999999999998
0.066405000000000006
0.27583999999999997
0.102913
0.465783
0.079368999999999995
0.084364999999999996
0.38201800000000002
0.092293
0.063283000000000006
0.038688
0.015576
0.077483999999999997
0.040547
0.068248000000000003
0.060715999999999999
6.1910600000000002
7.4572900000000004
86.491900000000001
27.5182
42.045200000000001
81.628200000000007
0.27757700000000002
0.18770999999999999
193.47499999999999
667.91899999999998
420.37200000000001
4499.9700000000003
985.60000000000002
2081.5100000000002
5974.8599999999997
15.7613
54.584499999999998
164.387
107.94
0.087975999999999999
0.14539099999999999
0.11364
0.081503000000000006
0.035083000000000003
0.034303
0.060044
0.52957500000000002
0.68112600000000001
0.064352999999999994
0.12417300000000001
0.196963
0.73574499999999998
1.3201700000000001
0.074594999999999995
0.057043999999999997
0.078067999999999999
0.046301000000000002
0.061799
0.060213000000000003
0.33122499999999999
0.11125500000000001
0.14488200000000001
0.097223000000000004
0.049207000000000001
0.108277
0.126744
0.385015
0.29272300000000001
0.21893099999999999
0.125863
0.129077
0.16111200000000001
0.142679
0.01702
0.019667
0.041866
0.075766
0.191383
0.037705000000000002
0.040654000000000003
10.858499999999999
9.5353499999999993
96.826999999999998
43.704599999999999
78.110699999999994
100.96899999999999
107.158
0.037086000000000001
278.87900000000002
240.78899999999999
410.49700000000001
249.36000000000001
0.20549000000000001
2498.73
3002.3899999999999
27.693200000000001
76.690700000000007
174.50399999999999
98.841300000000004
0.079264000000000001
0.21008199999999999
0.109213
0.24316199999999999
0.063188999999999995
0.094561999999999993
0.022546
0.070746000000000003
0.20429800000000001
0.056718999999999999
0.062278
0.32135200000000003
0.508382
0.20973600000000001
0.89895499999999995
0.24660199999999999
0.090862999999999999
0.14288400000000001
0.12653800000000001
0.28959099999999999
0.112133
0.145264
0.30454399999999998
0.032128999999999998
0.102439
0.38039600000000001
0.254278
0.53137000000000001
0.19412199999999999
0.50142100000000001
0.125504
0.118101
0.043565
0.065712999999999994
0.070663000000000004
0.68627800000000005
0.063400999999999999
0.065811999999999996
0.115684
0.36121399999999998
0.069616999999999998
11.544700000000001
25.049600000000002
74.088099999999997
50.477200000000003
100.95
247.66800000000001
0.18603700000000001
0.035453999999999999
138.071
355.18299999999999
191.19
213.42699999999999
327.65600000000001
417.43900000000002
1966.71
153.191
122.099
214.19900000000001
0.26538299999999998
0.30874499999999999
0.19048799999999999
0.252278
0.30584099999999997
0.20288800000000001
0.052964999999999998
0.055885999999999998
0.058942000000000001
0.016067999999999999
0.058448
0.021068
0.33211200000000002
0.111026
0.15192800000000001
0.64309099999999997
0.105643
0.053770999999999999
0.038641000000000002
0.20111699999999999
0.64227599999999996
0.62787899999999996
0.174674
0.063378000000000004
0.056050000000000003
0.062705999999999998
0.071004999999999999
0.27729900000000002
0.88744800000000001
0.74192800000000003
0.17391000000000001
0.29516300000000001
0.44553399999999999
0.24621999999999999
0.043795000000000001
0.083183000000000007
0.158362
1.2490300000000001
0.098052
0.083737000000000006
0.133685
0.19473599999999999
0.39508700000000002
28.336600000000001
34.764600000000002
56.201000000000001
293.57400000000001
365.00200000000001
322.80200000000002
0.096303
0.139124
253.727
286.86900000000003
307.96899999999999
357.63099999999997
399.65300000000002
3233.0999999999999
541.36300000000006
258.767
0.93090499999999998
0.472721
0.080211000000000005
0.104466
0.073416999999999996
0.32897300000000002
0.51462600000000003
0.053065000000000001
0.081918000000000005
0.026074
0.046247999999999997
0.023607
0.090941999999999995
0.052152999999999998
0.094097
0.048613000000000003
0.092776999999999998
0.089000999999999997
0.031248000000000001
0.076573000000000002
0.26595000000000002
0.23489499999999999
0.33290500000000001
0.18676599999999999
0.71552899999999997
0.22850300000000001
0.096244999999999997
0.052028999999999999
0.103782
1.12599
0.72179400000000005
1.57602
0.33642300000000003
0.19114800000000001
0.48794599999999999
0.26275199999999999
0.203845
0.081712999999999994
0.65975600000000001
0.296489
0.113008
0.063136999999999999
0.099445000000000006
0.056903000000000002
143.25200000000001
20.986000000000001
88.512500000000003
268.74799999999999
506.99099999999999
267.17099999999999
276.149
166.04900000000001
690.40800000000002
0.20754400000000001
207.62
503.274
295.25400000000002
4604.9200000000001
254.863
228.19399999999999
0.34853000000000001
0.48558200000000001
0.313143
0.29565799999999998
0.102864
0.130886
0.038218000000000002
0.26057999999999998
0.074458999999999997
0.091653999999999999
0.093684000000000003
0.033695000000000003
0.027278
0.027030999999999999
0.021349
0.033071000000000003
0.098724999999999993
0.077852000000000005
0.046400999999999998
0.59104000000000001
0.35899599999999998
0.052906000000000002
0.15556800000000001
0.080250000000000002
0.220503
0.35448299999999999
0.048542000000000002
0.028157000000000001
0.10183399999999999
0.216359
0.175957
0.32074399999999997
0.29860399999999998
2.3434400000000002
2.0796999999999999
0.118253
0.57318199999999997
0.088547000000000001
0.24438199999999999
0.40123900000000001
0.099848999999999993
0.070637000000000005
258.88200000000001
165.65799999999999
201.64699999999999
539.27300000000002
1672.22
82.992500000000007
306.45699999999999
584.66499999999996
200.113
250.33199999999999
1828.8800000000001
2206.7199999999998
92.759
218.059
833.27700000000004
2691.1199999999999
177.50299999999999
259.44099999999997
319.22199999999998
0.54262500000000002
0.13644999999999999
0.053519999999999998
0.242005
0.063808000000000004
0.090375999999999998
0.070628999999999997
0.048113000000000003
0.030136
0.025395999999999998
0.0091000000000000004
0.043014999999999998
0.028389999999999999
0.032168000000000002
0.020833000000000001
0.060652999999999999
0.042584999999999998
0.026016999999999998
0.170546
0.78376999999999997
0.497672
0.38857900000000001
0.14946300000000001
0.498083
0.1825
0.026786999999999998
0.039384000000000002
0.116171
0.076909000000000005
0.068177000000000001
0.021413999999999999
0.194768
0.64533600000000002
0.46565000000000001
0.123297
0.29933700000000002
0.27581
0.10176499999999999
0.24771899999999999
0.19438900000000001
0.072359000000000007
241.65100000000001
136.46199999999999
320.74000000000001
1056.77
3825.1399999999999
0.074346999999999996
207.16499999999999
521.63400000000001
249.56299999999999
467.15100000000001
1679.25
2188.0700000000002
0.187889
189.589
682.67499999999995
1982.79
76.959299999999999
258.245
0.306085
0.31845899999999999
0.037465999999999999
0.017988000000000001
0.21337
0.25942100000000001
0.038436999999999999
0.044241999999999997
0.058296000000000001
0.0086510000000000007
0.020562
0.046047999999999999
0.018903
0.014027
0.046974000000000002
0.020395
0.055572000000000003
0.103001
0.091510999999999995
0.10119
0.11332100000000001
0.151952
0.39843400000000001
0.14662900000000001
0.094063999999999995
0.040240999999999999
0.029137
0.049038999999999999
0.128806
0.45636599999999999
0.078543000000000002
0.147096
0.371423
0.412713
0.055830999999999999
0.12876299999999999
0.75141899999999995
0.35241099999999997
0.27332400000000001
0.29539300000000002
0.112312
0.061858000000000003
238.631
160.33799999999999
378.18900000000002
1765.9000000000001
6604.5299999999997
1741.6199999999999
154.864
644.89400000000001
172.65600000000001
1127.6400000000001
5714.9499999999998
2617.0999999999999
31.2469
525.54899999999998
591.35599999999999
944.50599999999997
70.930599999999998
0.013368
0.21932299999999999
0.062599000000000002
0.027758999999999999
0.046573000000000003
0.028327000000000001
0.115341
0.060907999999999997
0.20514499999999999
0.18488299999999999
0.39478400000000002
0.062810000000000005
0.028774999999999998
0.0040419999999999996
0.022277000000000002
0.0052729999999999999
0.0058100000000000001
0.017961999999999999
0.029627000000000001
0.02231
0.21881600000000001
0.071888999999999995
0.11618199999999999
0.066727999999999996
0.032804
0.21288399999999999
0.031888
0.029328
0.060755999999999998
0.094856999999999997
0.114273
0.12869900000000001
0.191749
0.15707199999999999
0.048987999999999997
0.251749
0.32513199999999998
0.120583
0.084467
0.088110999999999995
0.15431400000000001
0.137437
0.111084
0.042354999999999997
299.017
754.42899999999997
1852.27
6799.5
2298.9200000000001
1337.48
2259.0799999999999
126.95699999999999
1417.5899999999999
8768.6200000000008
1920.3099999999999
1231.3299999999999
1332.03
32.841299999999997
4.8318199999999996
49.6845
80.5398
79.752099999999999
0.151084
0.097441
0.048462999999999999
0.044532000000000002
0.080021999999999996
0.22906399999999999
0.10648199999999999
0.68608400000000003
0.19628799999999999
0.221745
0.021173999999999998
0.003872
0.0038479999999999999
0.0030899999999999999
0.0062179999999999996
0.015166000000000001
0.0084229999999999999
0.014675000000000001
0.071043999999999996
0.018166000000000002
0.031609999999999999
0.021769
0.137826
0.10417
0.104949
0.033975999999999999
0.078497999999999998
0.048655999999999998
0.207894
0.27219599999999999
0.054872999999999998
0.24901400000000001
1.11372
0.38350899999999999
0.22512299999999999
0.50758199999999998
0.069542999999999994
0.090608999999999995
0.081325999999999996
0.015979
0.086684999999999998
0.093907000000000004
614.27999999999997
844.31600000000003
1070.6500000000001
7796.8599999999997
2467.3400000000001
2128.1300000000001
1891.5899999999999
192.148
609.75400000000002
1732.5
1246.01
37.799100000000003
27.0138
10.888500000000001
2.4072300000000002
61.974600000000002
86.480500000000006
128.047
0.44742300000000002
0.22928999999999999
0.034770000000000002
0.13514699999999999
0.147341
0.527833
0.28704000000000002
0.64500299999999999
0.55712399999999995
0.040219999999999999
0.0016750000000000001
0.002415
0.0025790000000000001
0.014772
0.020042999999999998
0.026440999999999999
0.036568000000000003
0.016573000000000001
0.0078779999999999996
0.011239000000000001
0.059348999999999999
0.026544000000000002
0.075193999999999997
0.36136099999999999
0.10781499999999999
0.046281000000000003
0.14196700000000001
0.138485
0.089704999999999993
0.33419399999999999
0.033596000000000001
0.32302199999999998
1.05619
0.84054099999999998
0.069512000000000004
0.10413600000000001
0.073312000000000002
0.017328
0.12460300000000001
0.043915999999999997
0.034893
0.075576000000000004
0.260185
772.65999999999997
1052.4000000000001
4816.8000000000002
1581.24
2154.46
671.23199999999997
424.25400000000002
627.92899999999997
1389.75
82.477099999999993
45.909799999999997
15.812200000000001
15.721399999999999
2.08588
34.043500000000002
57.5304
151.44
0.37928000000000001
0.36727500000000002
0.12583800000000001
0.38823099999999999
0.197661
0.21623999999999999
0.12534799999999999
0.119535
0.036412
0.060257999999999999
0.0058719999999999996
0.0054840000000000002
0.018394000000000001
0.079374
0.087111999999999995
0.015009
0.046088999999999998
0.120892
0.022658000000000001
0.057015999999999997
0.1915
0.088509000000000004
0.088817999999999994
0.082104999999999997
0.12912699999999999
0.075565999999999994
0.25879099999999999
0.20843800000000001
0.202489
0.190829
0.52285700000000002
0.42102299999999998
1.6014600000000001
0.15618799999999999
0.075753000000000001
0.40262500000000001
0.095515000000000003
0.027177
0.037857000000000002
0.011912000000000001
0.0081530000000000005
0.19104699999999999
0.065790000000000001
0.266268
0.030683999999999999
4022.4200000000001
543.22799999999995
1400.21
721.03200000000004
573.58299999999997
238.822
66.749499999999998
67.086600000000004
44.381500000000003
9.0721699999999998
15.159000000000001
2.7601800000000001
80.899100000000004
41.418999999999997
229.268
329.435
0.21009700000000001
0.041389000000000002
0.12716
0.131494
0.16695299999999999
0.027813000000000001
0.18095600000000001
0.21873500000000001
0.050042000000000003
0.016684000000000001
0.073638999999999996
0.125227
0.043487999999999999
0.043866000000000002
0.093024999999999997
0.103742
0.022669999999999999
0.016625999999999998
0.096585000000000004
0.095068
0.105505
0.33929300000000001
0.093318999999999999
0.1444
0.20392399999999999
0.62463500000000005
0.40328900000000001
0.67640599999999995
0.83047199999999999
0.24779300000000001
0.37580999999999998
0.27074399999999998
0.18021499999999999
0.58192100000000002
0.21766099999999999
0.048705999999999999
0.095675999999999997
0.121742
0.029388000000000001
0.10052899999999999
0.130804
0.070042999999999994
0.141601
0.31093399999999999
520.52800000000002
1499.03
1405.8699999999999
1041.77
820.92200000000003
476.149
225.02099999999999
58.964799999999997
45.267200000000003
8.9203499999999991
28.315999999999999
8.9532299999999996
71.477800000000002
45.025399999999998
185.38800000000001
446.20999999999998
0.15188699999999999
0.049271000000000002
14.265000000000001
31.196400000000001
35.502499999999998
12.7615
40.270899999999997
0.063948000000000005
0.025374000000000001
0.017517000000000001
0.052886000000000002
0.06547
0.034819000000000003
0.040486000000000001
0.067131999999999997
0.207149
0.047992
0.085498000000000005
0.068213999999999997
0.093184000000000003
0.45406299999999999
0.31353900000000001
0.089838000000000001
0.037307
0.076978000000000005
0.25336999999999998
0.52076900000000004
0.19701199999999999
0.63632599999999995
0.67680499999999999
0.033437000000000001
0.068858000000000003
0.52916200000000002
0.24468000000000001
0.18245400000000001
0.22703100000000001
0.061823999999999997
0.17246300000000001
0.081369999999999998
0.041834000000000003
0.30191600000000002
0.16064300000000001
361.32100000000003
3185.8400000000001
368.238
1570.0999999999999
2090.8400000000001
1880.47
2859.6999999999998
704.51099999999997
73.208600000000004
55.8202
32.6173
10.6747
32.1417
18.741399999999999
60.711799999999997
88.105199999999996
184.30199999999999
597.84900000000005
645.71699999999998
117.797
16.2531
31.592099999999999
40.037500000000001
37.151800000000001
43.941200000000002
34.674599999999998
317.29700000000003
0.028421999999999999
0.039489000000000003
0.041317
0.042854000000000003
0.10610799999999999
0.22980900000000001
0.176951
0.047558000000000003
0.035020999999999997
0.061519999999999998
0.67959599999999998
0.68455299999999997
0.182084
0.087942999999999993
0.068884000000000001
0.078156000000000003
0.36420400000000003
0.32405899999999999
0.072079000000000004
0.35608699999999999
0.240783
0.012755000000000001
0.146429
0.30274899999999999
1.59996
0.10152899999999999
0.336839
0.077814999999999995
0.142209
0.163517
0.12305099999999999
0.037207999999999998
117.917
473.84199999999998
2914.98
615.26900000000001
710.37800000000004
1065.4400000000001
2601.4200000000001
3408.3099999999999
504.5
61.077100000000002
122.316
44.857500000000002
10.382199999999999
47.703000000000003
218.37100000000001
100.726
119.361
381.49599999999998
419.07600000000002
0.77373599999999998
100.414
30.065300000000001
35.554200000000002
62.083500000000001
50.9283
72.443100000000001
64.931600000000003
258.36900000000003
0.022091
0.013186
0.17186399999999999
0.28549200000000002
0.094436000000000006
0.068727999999999997
0.11136
0.033197999999999998
0.011635
0.034611000000000003
0.199823
0.43129800000000001
0.18892200000000001
0.072327000000000002
0.083317000000000002
0.186916
0.159139
0.26042900000000002
0.48077700000000001
0.65598599999999996
0.076226000000000002
0.031952000000000001
0.34598600000000002
0.251606
0.19823199999999999
0.045575999999999998
0.355514
0.31126300000000001
0.26459899999999997
0.30557299999999998
0.054588999999999999
314.03399999999999
159.90899999999999
373.63600000000002
1315.24
1455.3299999999999
570.048
998.33199999999999
4052.9400000000001
2562.9000000000001
186.71100000000001
55.915900000000001
21.438500000000001
47.704300000000003
9.1505500000000008
180.529
447.32400000000001
71.491399999999999
118.407
517.55100000000004
0.33119500000000002
0.21770600000000001
125.88800000000001
29.194199999999999
58.6492
86.853999999999999
71.015000000000001
333.03100000000001
86.006399999999999
170.56200000000001
978.52700000000004
314.57999999999998
0.23588400000000001
0.505969
0.155554
0.10093199999999999
0.12914200000000001
0.055057000000000002
0.036305999999999998
0.017232000000000001
0.25026100000000001
0.46261200000000002
0.16899600000000001
0.43932300000000002
0.075144000000000002
0.13800299999999999
0.165191
0.296931
0.078933000000000003
0.24052000000000001
0.054205999999999997
0.71314599999999995
0.33526899999999998
0.25585999999999998
0.146287
0.078480999999999995
0.055074999999999999
0.099420999999999995
0.34505000000000002
0.72701499999999997
0.12945999999999999
277.12
435.46499999999997
431.23000000000002
1020.71
430.31599999999997
611.654
1535.1700000000001
123.81
124.944
163.36099999999999
23.946200000000001
10.3416
34.688600000000001
11.4976
408.065
0.18665000000000001
0.18098
0.43959100000000001
1.4093899999999999
0.19791900000000001
0.13148899999999999
0.35314200000000001
0.13711200000000001
34.194699999999997
89.521500000000003
135.90000000000001
426.42700000000002
128.69200000000001
121.995
570.73900000000003
313.654
0.340057
0.27823300000000001
0.188744
0.28898400000000002
0.069375999999999993
0.05645
0.120602
0.16745099999999999
0.575681
0.225628
1344.8800000000001
316.935
346.75299999999999
0.24456
0.21288299999999999
0.364429
0.30451099999999998
0.19336800000000001
0.12604899999999999
1.18753
0.250807
0.246945
0.13503899999999999
0.357622
0.24851500000000001
0.59501000000000004
0.531389
382.15899999999999
603.16700000000003
169.52199999999999
269.54000000000002
288.25299999999999
1236.0699999999999
366.35300000000001
601.05600000000004
87.751199999999997
144.96000000000001
126.34399999999999
449.51299999999998
14.6089
6.2826000000000004
33.497100000000003
0.45302900000000002
0.182361
0.144146
0.29144900000000001
1.30155
0.35190500000000002
1.0185200000000001
0.32258100000000001
0.15709200000000001
0.329401
11.5783
71.479299999999995
235.53899999999999
246.25999999999999
72.791700000000006
125.03400000000001
366.44799999999998
0.46576400000000001
1.3016399999999999
1.1349499999999999
0.92261899999999997
0.045959
0.046197000000000002
0.03526
0.053268999999999997
0.061415999999999998
0.116701
0.042016999999999999
1358.48
1276.0899999999999
198.96799999999999
114.03700000000001
0.46490300000000001
0.224414
0.056182999999999997
0.41977300000000001
2.6405500000000002
1.1203399999999999
0.32237199999999999
0.15592
0.27221800000000002
0.30487900000000001
0.18082500000000001
0.25561099999999998
0.103681
504.49400000000003
361.26600000000002
179.15299999999999
223.31200000000001
137.571
825.61400000000003
335.97399999999999
725.04399999999998
204.458
140.34399999999999
108.148
186.38200000000001
10.692
8.5957899999999992
10.454599999999999
0.504081
0.180421
0.166769
0.40670200000000001
0.39971600000000002
0.121973
0.32620900000000003
0.243816
0.15188699999999999
17.8904
9.0672899999999998
91.158600000000007
224.011
313.90300000000002
54.729399999999998
163.63800000000001
0.14280699999999999
0.43523699999999999
0.36179800000000001
0.33350299999999999
0.87099499999999996
0.31077900000000003
0.032582
0.023417
0.158723
0.074135999999999994
0.058540000000000002
0.29775699999999999
960.73000000000002
2956.4000000000001
362.87599999999998
161.755
0.057112999999999997
0.036865000000000002
0.108755
0.092383000000000007
0.099736000000000005
0.38533000000000001
0.055059999999999998
0.027376999999999999
0.093425999999999995
0.16647700000000001
0.192608
0.101413
0.101773
307.86700000000002
348.18299999999999
83.514499999999998
285.27100000000002
122.83
859.53499999999997
873.11500000000001
1279.3299999999999
253.57900000000001
135.95599999999999
75.819100000000006
536.16700000000003
10.029
6.4126799999999999
14.0319
0.058459999999999998
0.20358699999999999
0.155721
0.36428899999999997
0.070907999999999999
0.139737
0.20420199999999999
0.39401700000000001
0.35918899999999998
0.21870000000000001
0.410549
0.14943699999999999
0.10567799999999999
0.067375000000000004
0.083070000000000005
0.12681500000000001
0.14897299999999999
0.105652
0.093270000000000006
0.36605599999999999
0.180751
0.30235899999999999
0.031653000000000001
0.080887000000000001
0.096591999999999997
0.13361600000000001
0.048233999999999999
0.59173699999999996
991.64200000000005
2460.23
398.88799999999998
244.12200000000001
41.368600000000001
0.060925
0.065046000000000007
0.029724
0.082474000000000006
0.118634
0.17605499999999999
0.030674
0.013308
0.16158900000000001
0.050751999999999999
0.277646
0.094012999999999999
200.72
178.56399999999999
166.04599999999999
161.23500000000001
166.39099999999999
889.26900000000001
960.85599999999999
1361
832.87900000000002
374.85599999999999
342.98200000000003
193.27699999999999
167.25700000000001
9.9669399999999992
18.857700000000001
0.75115100000000001
0.277142
0.051656000000000001
243.935
90.982600000000005
153.131
67.072400000000002
75.731499999999997
109.631
312.36799999999999
0.17111199999999999
0.060130000000000003
0.054886999999999998
0.030405000000000001
0.15518399999999999
0.057919999999999999
0.13636200000000001
0.21811800000000001
0.59108799999999995
0.212117
0.193909
0.28727999999999998
0.10902299999999999
0.086514999999999995
0.104919
0.035066
0.117835
0.33334200000000003
668.01800000000003
2970.71
553.93799999999999
368.38099999999997
76.843900000000005
0.031550000000000002
0.43367899999999998
0.19117500000000001
0.49363099999999999
0.21507299999999999
0.21168500000000001
0.100397
0.015532000000000001
0.0089339999999999992
0.028448999999999999
0.084811999999999999
0.103114
0.29248000000000002
103.54300000000001
240.62
793.75199999999995
658.05399999999997
1026.46
537.02200000000005
509.63099999999997
693.74699999999996
241.697
610.31799999999998
213.99700000000001
257.96800000000002
216.238
38.496699999999997
38.863599999999998
0.25101600000000002
0.049565999999999999
173.18100000000001
121.613
277.04199999999997
51.740900000000003
132.16900000000001
155.38200000000001
234.85400000000001
0.16082099999999999
0.10285999999999999
0.063551999999999997
0.059859999999999997
0.19520499999999999
0.061008
0.030993
0.046966000000000001
0.27959699999999998
1.5705100000000001
0.394677
0.281945
0.048029000000000002
0.047196000000000002
0.187976
0.095274999999999999
0.040486000000000001
0.093078999999999995
0.49553799999999998
2501.5599999999999
1862.01
1684.49
141.47499999999999
111.33499999999999
0.108168
0.086660000000000001
0.72490699999999997
0.082544999999999993
0.40381600000000001
0.161358
0.057014000000000002
0.016188000000000001
0.026141000000000001
0.050747
0.019453000000000002
0.047292000000000001
46.276299999999999
454.10399999999998
775.36900000000003
777.88300000000004
464.78500000000003
163.267
305.01799999999997
947.39599999999996
0.028254999999999999
351.47800000000001
329.63400000000001
317.25400000000002
167.148
82.798000000000002
54.183100000000003
170.54300000000001
0.116475
181.71600000000001
82.748500000000007
154.959
76.347700000000003
114.27800000000001
179.56
102.23099999999999
0.27985399999999999
0.132767
0.073941999999999994
0.166212
0.137878
0.087068000000000006
0.038730000000000001
0.146368
0.69664700000000002
0.64770799999999995
0.38461299999999998
0.46262399999999998
0.15851299999999999
0.058438999999999998
0.025742999999999999
0.058388000000000002
0.15121899999999999
0.420516
0.232682
1445.02
1770.3199999999999
7045.9399999999996
146.42500000000001
0.070942000000000005
0.320384
0.119698
0.69973099999999999
0.88893
0.17569199999999999
0.35830600000000001
0.25645499999999999
0.023654000000000001
0.106785
0.14039299999999999
28.012799999999999
49.984699999999997
56.877400000000002
152.58699999999999
146.80500000000001
1323.6500000000001
869.74400000000003
301.48000000000002
156.02699999999999
392.90499999999997
53.4009
81.866100000000003
99.394300000000001
166.655
199.249
83.013199999999998
44.844299999999997
133.364
91.334100000000007
0.24655099999999999
90.081000000000003
219.464
171.44200000000001
183.87899999999999
113.491
1575.3299999999999
0.64887799999999995
0.28722300000000001
0.116102
0.44640000000000002
1.05196
0.30626799999999998
0.327268
0.11003499999999999
0.320216
0.39345200000000002
1.2787900000000001
0.95678099999999999
0.126975
0.061053000000000003
0.14723800000000001
0.15650600000000001
0.82439899999999999
0.10104
0.089328000000000005
0.084936999999999999
0.060566000000000002
0.26638000000000001
0.049951000000000002
0.10388500000000001
0.15277199999999999
0.127272
0.28500599999999998
0.21714600000000001
0.20277100000000001
0.25398500000000002
0.144541
0.10387299999999999
45.866599999999998
25.956700000000001
30.2059
81.455699999999993
36.662199999999999
289.81400000000002
74.304299999999998
46.320999999999998
126.571
0.13877600000000001
404.64800000000002
188.62200000000001
56.3352
45.047400000000003
68.648600000000002
265.40199999999999
175.28200000000001
119.94499999999999
56.469700000000003
107.896
88.5334
0.082937999999999998
0.49005500000000002
217.03299999999999
216.33699999999999
79.1173
113.664
1388.29
691.44100000000003
2129.23
0.21659700000000001
0.57417899999999999
0.99598100000000001
0.317355
0.17388899999999999
0.386349
0.43317299999999997
2.47099
0.59868699999999997
0.13266500000000001
0.086443000000000006
0.089137999999999995
0.040785000000000002
0.112025
0.13531699999999999
0.283607
0.31012499999999998
0.17266000000000001
0.034643
0.097545999999999994
0.053311999999999998
0.17361199999999999
0.20999499999999999
0.061093000000000001
0.20063300000000001
0.219053
0.078362000000000001
0.067969000000000002
0.28607199999999999
0.094592999999999997
39.940399999999997
18.276900000000001
54.699300000000001
63.649000000000001
46.355600000000003
256.56999999999999
153.327
59.278300000000002
63.854500000000002
24.4437
0.080149999999999999
256.07600000000002
30.2317
13.7555
73.146100000000004
87.973100000000002
142.43799999999999
60.666200000000003
122.378
154.30500000000001
105.261
0.029626
0.13006300000000001
0.34097
0.13528799999999999
0.222165
265.00900000000001
676.98199999999997
618.803
1632.5699999999999
6106.75
0.18431500000000001
1.0115799999999999
1.8902399999999999
0.58820600000000001
0.59044099999999999
1.5488500000000001
2.7578200000000002
0.95700499999999999
0.068999000000000005
0.052456999999999997
0.102815
0.070343000000000003
0.257573
0.12775
0.61064300000000005
0.16136500000000001
0.099454000000000001
0.14092199999999999
0.25552599999999998
0.040945000000000002
0.180066
0.136215
0.31032999999999999
0.42088199999999998
0.27119700000000002
0.121841
0.61898299999999995
0.109191
31.506399999999999
82.936499999999995
9.7906399999999998
49.1511
61.388500000000001
95.843299999999999
389.84399999999999
145.148
48.869
46.3352
39.590800000000002
0.080879999999999994
0.244397
71.393000000000001
35.694000000000003
68.641900000000007
26.278199999999998
59.804499999999997
50.524099999999997
254.084
200.81200000000001
128.30500000000001
0.031954999999999997
0.217358
0.122422
0.094136999999999998
0.114685
0.127249
1192.6700000000001
1200.1900000000001
1519.6600000000001
5913.3999999999996
5990.6000000000004
0.55955100000000002
0.83687199999999995
0.46927999999999997
0.44397500000000001
2.5255399999999999
0.26777400000000001
0.61415600000000004
0.161826
0.028143000000000001
0.046425000000000001
0.14005699999999999
0.14111199999999999
0.33036199999999999
0.092530000000000001
0.039558000000000003
0.062549999999999994
0.081367999999999996
0.051968
0.51662399999999997
0.28998099999999999
0.27649400000000002
0.42156500000000002
0.186413
0.100829
0.12081600000000001
0.47611399999999998
0.74565800000000004
0.099070000000000005
34.273499999999999
20.507300000000001
11.2944
111.47799999999999
184.059
215.92599999999999
204.07400000000001
44.722799999999999
163.62700000000001
23.810500000000001
0.07467
0.21757099999999999
512.70100000000002
43.271799999999999
36.597099999999998
69.453599999999994
83.474599999999995
117.89700000000001
81.328100000000006
190.09999999999999
0.209452
0.043219
0.051329
0.073113999999999998
0.15582499999999999
0.48253800000000002
0.25194100000000003
0.32344400000000001
1527.3800000000001
1288.96
4342.3000000000002
5085.2399999999998
1920.3800000000001
0.143373
1.9150100000000001
3.4315500000000001
0.68251099999999998
0.133636
0.078895999999999994
0.17786399999999999
0.056591000000000002
0.199853
0.27377899999999999
0.33257199999999998
0.14403099999999999
0.108274
0.100962
0.18722
0.16892599999999999
0.49387199999999998
0.80833900000000003
303.76299999999998
193.31999999999999
572.64999999999998
0.076327000000000006
0.28503899999999999
0.088614999999999999
0.91182200000000002
0.79811699999999997
1.1866399999999999
0.12105299999999999
18.973099999999999
34.3596
58.127800000000001
283.50599999999997
262.577
227.82499999999999
102.995
403.65699999999998
27.962800000000001
19.694800000000001
1927.8299999999999
579.55200000000002
100.949
38.979900000000001
94.205600000000004
165.66300000000001
181.39699999999999
242.90799999999999
21.166699999999999
0.083751000000000006
0.118286
0.054751000000000001
0.068491999999999997
0.23549800000000001
0.44755200000000001
0.92885200000000001
0.18498700000000001
1783.79
2078.5100000000002
5458.7700000000004
8539.8799999999992
2776.4099999999999
1526.55
0.73839299999999997
1.9488000000000001
0.23007900000000001
1.0236700000000001
0.14006099999999999
0.26544499999999999
0.156615
1.5408599999999999
0.27561200000000002
0.76983999999999997
1.0347999999999999
4174.9200000000001
2175.8499999999999
814.52200000000005
434.11399999999998
613.53499999999997
127.161
358.83499999999998
322.56700000000001
321.11599999999999
0.24691099999999999
0.042076000000000002
0.21576600000000001
0.83371799999999996
0.57423299999999999
1.1743699999999999
0.12586700000000001
16.7578
31.4438
125.874
511.00099999999998
816.58500000000004
475.19299999999998
100.09999999999999
500.74099999999999
48.653799999999997
553.62099999999998
1186.8299999999999
147.24299999999999
92.773300000000006
27.6629
72.7166
159.51599999999999
73.650300000000001
88.523200000000003
25.467199999999998
62.628500000000003
0.053395999999999999
0.043409999999999997
0.099767999999999996
0.58226900000000004
1.02657
0.12858900000000001
0.25078600000000001
0.052104999999999999
2308.4899999999998
8201.0400000000009
4957.4700000000003
5325.1300000000001
1463.79
286.09899999999999
0.47515800000000002
0.29048499999999999
0.48487000000000002
0.082265000000000005
0.15704199999999999
0.86303399999999997
0.19924900000000001
0.140428
0.41705900000000001
0.49573400000000001
2279.2600000000002
1989.75
554.87300000000005
318.99900000000002
411.96899999999999
277.87700000000001
307.45800000000003
614.42100000000005
610.78300000000002
0.50787800000000005
0.080703999999999998
0.18238399999999999
0.34958699999999998
0.45571499999999998
0.36332300000000001
0.041147000000000003
0.091594999999999996
80.161199999999994
75.457700000000003
644.149
678.75599999999997
703.12900000000002
164.83799999999999
10842.200000000001
6282.3000000000002
2206.9299999999998
1187.02
295.673
81.600499999999997
35.483199999999997
45.543799999999997
0.222916
48.625399999999999
43.715400000000002
34.357999999999997
31.0761
0.035798999999999997
0.037379999999999997
0.174985
0.134848
0.31831900000000002
0.061800000000000001
0.120685
0.064126000000000002
6635.04
5436.3100000000004
5754.5299999999997
11519.700000000001
2978.6999999999998
626.82000000000005
0.29097699999999999
0.13702800000000001
0.059899000000000001
0.031379999999999998
0.11225499999999999
0.035549999999999998
0.71443699999999999
0.20691799999999999
0.80076400000000003
0.446548
627.61199999999997
2556.54
0.027996
0.47251500000000002
0.10451000000000001
0.13991899999999999
1.0950500000000001
1.93902
0.332067
0.19022500000000001
0.053302000000000002
0.11173
0.32623099999999999
0.997726
0.448629
0.041521000000000002
0.039999
0.13194400000000001
153.61500000000001
435.56700000000001
2084.3099999999999
543.77499999999998
8521.75
7931.5699999999997
5796.29
2874.8800000000001
892.72500000000002
436.57900000000001
100.05200000000001
37.259799999999998
25.549399999999999
0.32065900000000003
29.349
41.682699999999997
23.467199999999998
34.119900000000001
0.13536200000000001
0.120282
0.027432000000000002
0.093287999999999996
0.324878
0.24965100000000001
0.101989
0.059316000000000001
3511.8499999999999
8551.5900000000001
9382.3199999999997
11362.700000000001
0.36115199999999997
0.093521000000000007
0.055881
0.127805
0.096544000000000005
0.052773
0.13823099999999999
0.108403
0.132387
0.062354
0.37074400000000002
0.17468900000000001
0.282138
0.18032699999999999
0.100608
0.093611
0.143067
0.61214000000000002
1.3058000000000001
0.101217
0.15692800000000001
0.23386000000000001
0.071357000000000004
0.26011099999999998
0.78177600000000003
0.063231999999999997
0.377695
0.47076099999999999
0.19837299999999999
0.066243999999999997
0.15338299999999999
0.197381
10565.9
7087.6800000000003
9960.3899999999994
4537.1899999999996
5803.6700000000001
2414.2399999999998
951.01599999999996
217.16
85.222200000000001
2345.4000000000001
0.200019
0.074426999999999993
0.52119199999999999
37.443600000000004
23.3935
65.658699999999996
0.25442500000000001
0.066784999999999997
0.023739
0.25747999999999999
0.27648299999999998
0.16700499999999999
0.043886000000000001
1226.6800000000001
1131.04
5469
6584.2200000000003
0.21894
0.18984799999999999
0.236961
0.131748
0.061358000000000003
0.072375999999999996
0.023796000000000001
0.041435
0.038483999999999997
0.019179000000000002
0.27094000000000001
0.262882
0.61988600000000005
0.282806
0.068523000000000001
0.068835999999999994
0.070354
0.340281
0.56592799999999999
129.50299999999999
777.63900000000001
1015.9400000000001
2783.5700000000002
1931.79
243.434
1728.21
406.44600000000003
1127.8399999999999
259.65199999999999
0.079285999999999995
0.083478999999999998
0.038530000000000002
2304.2800000000002
9700.4500000000007
7551.3699999999999
2945.0900000000001
4502.6300000000001
4380.9899999999998
1617.04
428.46100000000001
317.82499999999999
44.539200000000001
87.079800000000006
5230.6099999999997
0.093132000000000006
0.18415500000000001
37.152700000000003
22.8569
38.338900000000002
0.147901
0.040273999999999997
0.030325000000000001
0.32889499999999999
0.063417000000000001
0.086924000000000001
1042
709.39400000000001
814.16600000000005
3644.1900000000001
0.085126999999999994
0.054994000000000001
0.070221000000000006
0.269926
0.15089
0.091421000000000002
0.13953299999999999
0.10653
0.070643999999999998
0.12661900000000001
0.037129000000000002
0.413636
0.32938200000000001
0.59081700000000004
1.21898
0.24160899999999999
0.25144100000000003
0.21188699999999999
0.086359000000000005
0.032557000000000003
303.64800000000002
479.55599999999998
590.68600000000004
2883.52
1220.5699999999999
297.36500000000001
1756.6600000000001
522.06799999999998
1411.76
0.11935900000000001
0.103809
0.144736
1523.9000000000001
2348.1399999999999
6172.9399999999996
5333.96
4454.3400000000001
5595.3500000000004
3726.21
1266.6400000000001
348.52300000000002
333.12200000000001
64.638900000000007
2374.3699999999999
2820.9699999999998
650.65499999999997
0.25593199999999999
0.28098400000000001
38.613300000000002
69.727900000000005
0.10025199999999999
0.154837
0.047730000000000002
0.15582299999999999
3102.3400000000001
2199.8400000000001
1026.9100000000001
928.03899999999999
0.024029999999999999
0.013188999999999999
0.42532799999999998
0.016586
0.063362000000000002
0.27218500000000001
0.45341100000000001
0.175839
0.24196100000000001
0.042672000000000002
0.072377999999999998
0.18823799999999999
0.12138400000000001
0.16469300000000001
0.120559
0.15923499999999999
0.49292599999999998
0.32296900000000001
0.54434199999999999
0.305701
352.56700000000001
1000.6
448.09100000000001
363.51799999999997
695.65700000000004
1206.73
747.19000000000005
251.018
1100.1700000000001
160.13999999999999
0.077048000000000005
0.13894400000000001
0.247997
0.16309799999999999
0.033845
2111.0300000000002
3385.4299999999998
2588.0300000000002
5037.0100000000002
10652.4
3500.2800000000002
2188.0599999999999
531.28599999999994
178.75200000000001
1381.1400000000001
2473.1900000000001
918.56500000000005
0.045464999999999998
0.41193000000000002
0.52015900000000004
0.029801000000000001
0.22422
0.084209000000000006
0.42898999999999998
0.216338
2025.0599999999999
4245.75
1954.0799999999999
1334.72
1181.8
0.054674
0.025943999999999998
0.29393599999999998
0.12404999999999999
0.66143600000000002
0.95879800000000004
0.31529000000000001
0.058574000000000001
0.065819000000000003
0.12608800000000001
0.040455999999999999
0.026733
0.033099999999999997
0.106568
0.058620999999999999
0.032316999999999999
0.10054100000000001
0.19933999999999999
0.30904300000000001
273.07100000000003
808.69299999999998
1213.3599999999999
835.625
245.19800000000001
466.95499999999998
1593.98
571.01300000000003
315.99099999999999
883.37900000000002
0.17568600000000001
0.10385800000000001
0.14675299999999999
1.10398
0.269511
0.26222600000000001
3929.0700000000002
6003.8199999999997
1757.71
5341.9700000000003
8217.7900000000009
5419.25
1654.8299999999999
865.14700000000005
159.06999999999999
370.15199999999999
1411.3099999999999
0.042858
0.084949999999999998
0.17246900000000001
0.151727
0.060809000000000002
550.03200000000004
0.123393
0.41980699999999999
509.83300000000003
1761.22
6000.4399999999996
3685.98
0.54893000000000003
0.17464499999999999
0.056209000000000002
0.043597999999999998
0.12071900000000001
0.13777
0.35319299999999998
0.47445399999999999
0.032848000000000002
0.13733799999999999
0.079112000000000002
0.092954999999999996
0.19323799999999999
0.095403000000000002
0.050879000000000001
0.229243
0.072988999999999998
0.052547000000000003
0.096198000000000006
0.31077100000000002
652.61800000000005
327.81099999999998
1086.6400000000001
480.89600000000002
1275.0999999999999
416.738
617.25300000000004
985.78800000000001
236.62
215.857
0.088807999999999998
0.083287
0.148673
0.53443099999999999
0.39128099999999999
0.12621099999999999
0.027163
6557.3199999999997
2452.6999999999998
2477.54
4309.1000000000004
7386.1599999999999
3687.9200000000001
1161.6900000000001
844.70100000000002
432.34699999999998
1110.79
1247.1099999999999
0.10929
0.22452900000000001
0.42550300000000002
0.175707
0.062004999999999998
349.05399999999997
0.057426999999999999
913.50400000000002
566.60199999999998
912.36300000000006
4051.3000000000002
0.46779100000000001
0.063337000000000004
0.089859999999999995
0.27823199999999998
0.062218000000000002
0.048726999999999999
0.28959600000000002
0.20690500000000001
0.19863700000000001
0.25294499999999998
0.086046999999999998
0.080907999999999994
0.029323999999999999
0.067666000000000004
0.056847000000000002
0.068901000000000004
0.21037900000000001
0.019505999999999999
0.036173999999999998
9921.5799999999999
3512.6399999999999
666.79600000000005
637.88800000000003
1654.0599999999999
946.22799999999995
1316.04
430.80200000000002
697.25400000000002
322.79399999999998
0.36977700000000002
0.088141999999999998
0.16534599999999999
0.14472399999999999
991.04200000000003
1387.8199999999999
614.12699999999995
100.05
11.5002
34.679600000000001
2495.6799999999998
4635.2299999999996
6232.7200000000003
3482.0799999999999
3836.48
2204.9200000000001
1983.8499999999999
505.202
0.029006000000000001
0.077669000000000002
0.082413
0.040311
0.077036999999999994
0.060921999999999997
211.953
779.39200000000005
0.35315200000000002
1088.05
506.32499999999999
1375.9200000000001
0.41344700000000001
0.042986000000000003
0.026119
0.055710999999999997
0.11879000000000001
0.14868200000000001
0.021113
0.12698999999999999
0.108572
0.70369899999999996
0.23225399999999999
0.023778000000000001
0.077863000000000002
0.022308000000000001
0.017014999999999999
0.31643199999999999
0.30427700000000002
0.25683299999999998
0.101864
15663.9
20000
4747.8900000000003
1192.6099999999999
1079.52
2145.8099999999999
885.95399999999995
1304.53
499.92500000000001
1000.97
0.14679600000000001
0.19273100000000001
0.084151000000000004
0.105921
0.26878600000000002
0.080800999999999998
2293.6599999999999
143.071
65.704300000000003
19.9787
24.476900000000001
0.039260999999999997
2682.6999999999998
2977.8899999999999
2031.75
5928.8599999999997
2348.46
3146.23
1268.5999999999999
12537.700000000001
4612.3699999999999
0.025467
0.060123999999999997
0.077338000000000004
62.8598
275.23899999999998
458.89999999999998
503.18400000000003
1097.21
0.053758
0.059525000000000002
0.15887799999999999
0.095353999999999994
0.041270000000000001
0.10886999999999999
0.14003399999999999
0.031314000000000002
0.054483999999999998
0.18917999999999999
0.15190200000000001
0.20308300000000001
0.096378000000000005
0.049536999999999998
0.047072999999999997
0.038760999999999997
0.02861
0.037218000000000001
0.038948000000000003
95.731300000000005
1536.8499999999999
9610.8899999999994
14518.4
3751.6999999999998
954.61900000000003
2686.1799999999998
5407.1000000000004
34.018300000000004
48.1218
39.369599999999998
39.978999999999999
10.8652
53.225099999999998
0.111738
0.070655999999999997
0.078536999999999996
0.012293999999999999
361.48500000000001
210.49199999999999
75.698099999999997
44.152099999999997
83.219399999999993
140.80600000000001
136.988
220.85400000000001
2573.4400000000001
10271.799999999999
5499.9700000000003
8445.9500000000007
2990.8000000000002
11818.799999999999
9368.2999999999993
3149.0300000000002
0.076233999999999996
95.428700000000006
62.222099999999998
141.30500000000001
310.10599999999999
989.24800000000005
0.048681000000000002
0.066007999999999997
0.156335
0.41442800000000002
122.86799999999999
263.24000000000001
75.241
0.092325000000000004
0.071435999999999999
0.12479800000000001
0.024833000000000001
0.16023499999999999
0.22095000000000001
0.13666800000000001
0.16767599999999999
0.127718
0.064681000000000002
0.023571999999999999
0.18649499999999999
0.038441000000000003
0.328596
0.084383
0.23213600000000001
0.0077949999999999998
0.041813999999999997
0.112539
0.56974499999999995
0.185585
13.0862
25.7119
24.787199999999999
56.403500000000001
25.241199999999999
42.838000000000001
0.047906999999999998
0.028528999999999999
0.113804
0.064776
0.035672000000000002
122.637
24.784199999999998
53.3887
65.986500000000007
131.608
65.171000000000006
218.77000000000001
161.946
99.4041
3146.3299999999999
3695.0300000000002
7438.2700000000004
8886.5300000000007
7567.9499999999998
2940.6100000000001
6757.2700000000004
715.06600000000003
78.799700000000001
159.30199999999999
314.31999999999999
0.018513000000000002
0.016801
119.009
195.077
251.94300000000001
174.95500000000001
284.24700000000001
0.195882
0.043815
0.33028800000000003
0.074828000000000006
0.093927999999999998
0.019866000000000002
0.038561999999999999
0.080050999999999997
0.25073200000000001
0.056777000000000001
0.17893200000000001
0.200739
0.091048000000000004
0.086617
0.10333100000000001
0.147762
0.34684399999999999
0.014989000000000001
0.027477000000000001
0.10620300000000001
0.51729700000000001
0.22001699999999999
10.788399999999999
51.096699999999998
36.496000000000002
96.533699999999996
92.953900000000004
0.070943999999999993
0.15463299999999999
0.18784200000000001
0.043735999999999997
0.15401200000000001
0.058749000000000003
0.15415499999999999
0.13903399999999999
159.643
101.363
87.081900000000005
135.166
207.108
284.096
160.12799999999999
0.83016199999999996
0.222138
4490.8500000000004
6235.5500000000002
6877.6300000000001
2571.25
3813.9400000000001
360.53699999999998
289.90600000000001
124.794
164.09999999999999
