iteration,accepted_updates,status,linearization_refreshed,mean_objective_gradient_norm,lambda,objective_loss,train_mse_normalized,validation_mse_normalized,best_validation_mse_normalized,normal_seconds,jacobian_seconds,normal_matrix_seconds,solve_seconds,candidate_seconds,candidate_train_seconds,candidate_validation_seconds,checkpoint,best_checkpoint
1,0,rejected,1,4.51446e-06,4.98635e-10,9.73199e-11,9.52936e-11,2.2148e-10,2.2148e-10,1.74887,0.118521,1.6257,0.0146348,0.0229194,0.0229191,0,,
2,0,rejected,0,4.51446e-06,4.98635e-09,9.73199e-11,9.52936e-11,2.2148e-10,2.2148e-10,0,0,0,0.0116089,0.0233098,0.0233095,0,,
3,0,rejected,0,4.51446e-06,4.98635e-08,9.73199e-11,9.52936e-11,2.2148e-10,2.2148e-10,0,0,0,0.0123226,0.0227402,0.0227399,0,,
4,1,accepted,0,4.51446e-06,2.49318e-08,7.87429e-11,7.70201e-11,1.65056e-10,1.65056e-10,0,0,0,0.0097053,0.062794,0.0427812,0.0200127,,best_validation_checkpoint_1.bin
5,2,accepted,1,1.40207e-05,1.24659e-08,7.0967e-11,6.95392e-11,1.47142e-10,1.47142e-10,1.82427,0.117599,1.7046,0.0113477,0.0665178,0.044764,0.0217537,,best_validation_checkpoint_0.bin
6,3,accepted,1,8.23143e-06,6.23294e-09,6.81385e-11,6.67371e-11,1.3958e-10,1.3958e-10,1.7463,0.116245,1.62798,0.0113732,0.0679284,0.0458533,0.0220749,,best_validation_checkpoint_1.bin
7,4,accepted,1,8.2335e-06,3.11647e-09,6.65073e-11,6.51776e-11,1.35331e-10,1.35331e-10,1.76827,0.115216,1.65089,0.0116012,0.0673648,0.0453442,0.0220205,,best_validation_checkpoint_0.bin
8,5,accepted,1,1.31719e-05,1.55823e-09,6.59581e-11,6.48368e-11,1.33195e-10,1.33195e-10,1.86023,0.117584,1.74073,0.0114741,0.0669395,0.0451508,0.0217885,,best_validation_checkpoint_1.bin
9,5,rejected,1,2.96673e-05,1.55823e-08,6.59581e-11,6.48368e-11,1.33195e-10,1.33195e-10,1.82057,0.115016,1.70365,0.011988,0.026289,0.0262889,0,,
10,6,accepted,0,2.96673e-05,7.79117e-09,6.45692e-11,6.28347e-11,1.31005e-10,1.31005e-10,0,0,0,0.0112787,0.0673394,0.0455554,0.021784,,best_validation_checkpoint_0.bin
11,7,accepted,1,8.28851e-06,3.89559e-09,6.42401e-11,6.2801e-11,1.30529e-10,1.30529e-10,1.75029,0.117468,1.63083,0.0117533,0.070551,0.0486645,0.0218865,,best_validation_checkpoint_1.bin
12,8,accepted,1,5.15573e-06,1.94779e-09,6.38742e-11,6.25008e-11,1.29553e-10,1.29553e-10,1.82924,0.116131,1.71111,0.0125378,0.0668143,0.0452638,0.0215504,,best_validation_checkpoint_0.bin
13,9,accepted,1,9.71183e-06,9.73896e-10,6.37445e-11,6.2531e-11,1.28571e-10,1.28571e-10,1.78578,0.107971,1.67597,0.0115896,0.0664778,0.0446517,0.021826,,best_validation_checkpoint_1.bin
14,9,rejected,1,2.1334e-05,9.73896e-09,6.37445e-11,6.2531e-11,1.28571e-10,1.28571e-10,1.88475,0.111111,1.77173,0.0119483,0.0228117,0.0228114,0,,
15,10,accepted,0,2.1334e-05,4.86948e-09,6.3122e-11,6.14621e-11,1.27311e-10,1.27311e-10,0,0,0,0.0115485,0.0685213,0.0466967,0.0218244,,best_validation_checkpoint_0.bin
16,11,accepted,1,5.30595e-06,2.43474e-09,6.29449e-11,6.14728e-11,1.26977e-10,1.26977e-10,1.87547,0.108766,1.76489,0.0120599,0.0668692,0.0450305,0.0218385,,best_validation_checkpoint_1.bin
17,12,accepted,1,3.36514e-06,1.21737e-09,6.27376e-11,6.13271e-11,1.26252e-10,1.26252e-10,1.87241,0.107529,1.7629,0.0133126,0.0700852,0.0466865,0.0233987,,best_validation_checkpoint_0.bin
18,12,rejected,1,7.45329e-06,1.21737e-08,6.27376e-11,6.13271e-11,1.26252e-10,1.26252e-10,1.92563,0.112528,1.81106,0.0121271,0.0233498,0.0233496,0,,
19,13,accepted,0,7.45329e-06,6.08685e-09,6.2606e-11,6.1042e-11,1.25856e-10,1.25856e-10,0,0,0,0.0124104,0.067795,0.0451469,0.0226481,,best_validation_checkpoint_1.bin
20,14,accepted,1,1.29918e-06,3.04343e-09,6.25119e-11,6.10032e-11,1.25606e-10,1.25606e-10,1.91611,0.109409,1.80445,0.0121608,0.074749,0.052734,0.0220148,,best_validation_checkpoint_0.bin
21,15,accepted,1,1.34283e-06,1.52171e-09,6.23621e-11,6.08902e-11,1.25116e-10,1.25116e-10,1.91507,0.107347,1.80575,0.0120022,0.0736263,0.0490427,0.0245834,,best_validation_checkpoint_1.bin
22,16,accepted,1,3.56768e-06,7.60857e-10,6.22732e-11,6.09291e-11,1.24515e-10,1.24515e-10,1.93613,0.110291,1.82383,0.0122589,0.0664949,0.0447098,0.0217849,,best_validation_checkpoint_0.bin
23,16,rejected,1,1.14498e-05,7.60857e-09,6.22732e-11,6.09291e-11,1.24515e-10,1.24515e-10,1.92151,0.106836,1.81267,0.011839,0.0229432,0.0229429,0,,
24,17,accepted,0,1.14498e-05,3.80428e-09,6.20239e-11,6.04389e-11,1.23904e-10,1.23904e-10,0,0,0,0.0113828,0.0681852,0.0459091,0.0222761,,best_validation_checkpoint_1.bin
25,18,accepted,1,2.19585e-06,1.90214e-09,6.19304e-11,6.04386e-11,1.23694e-10,1.23694e-10,1.82708,0.10915,1.7159,0.0115973,0.0672034,0.045043,0.0221603,,best_validation_checkpoint_0.bin
26,19,accepted,1,2.21673e-06,9.51071e-10,6.18085e-11,6.03827e-11,1.23276e-10,1.23276e-10,1.91354,0.107414,1.8043,0.012349,0.0665456,0.0448159,0.0217295,,best_validation_checkpoint_1.bin
27,19,rejected,1,6.13614e-06,9.51071e-09,6.18085e-11,6.03827e-11,1.23276e-10,1.23276e-10,1.86309,0.10916,1.752,0.0119405,0.0309098,0.0309095,0,,
28,20,accepted,0,6.13614e-06,4.75535e-09,6.17296e-11,6.01723e-11,1.22985e-10,1.22985e-10,0,0,0,0.0131568,0.0707659,0.0483836,0.0223822,,best_validation_checkpoint_0.bin
29,21,accepted,1,1.05548e-06,2.37768e-09,6.16702e-11,6.01596e-11,1.22841e-10,1.22841e-10,1.90655,0.109065,1.79471,0.0120725,0.070485,0.0487459,0.0217391,,best_validation_checkpoint_1.bin
30,22,accepted,1,1.15442e-06,1.18884e-09,6.15731e-11,6.00996e-11,1.22529e-10,1.22529e-10,1.89949,0.110146,1.78743,0.0126738,0.0787055,0.0518473,0.0268581,,best_validation_checkpoint_0.bin
31,23,accepted,1,3.26593e-06,5.94419e-10,6.15242e-11,6.01793e-11,1.22171e-10,1.22171e-10,1.95552,0.112009,1.84103,0.0153712,0.0696575,0.0475472,0.0221102,,best_validation_checkpoint_1.bin
32,23,rejected,1,1.09595e-05,5.94419e-09,6.15242e-11,6.01793e-11,1.22171e-10,1.22171e-10,1.97019,0.113135,1.85512,0.0128145,0.0248994,0.0248992,0,,
33,24,accepted,0,1.09595e-05,2.9721e-09,6.13387e-11,5.97561e-11,1.21657e-10,1.21657e-10,0,0,0,0.0135949,0.0723285,0.0504006,0.0219279,,best_validation_checkpoint_0.bin
34,25,accepted,1,2.22302e-06,1.48605e-09,6.12727e-11,5.97817e-11,1.2152e-10,1.2152e-10,1.9798,0.111911,1.86607,0.0117476,0.066913,0.0452263,0.0216866,,best_validation_checkpoint_1.bin
35,26,accepted,1,2.07508e-06,7.43024e-10,6.11861e-11,5.97533e-11,1.21206e-10,1.21206e-10,1.90105,0.107507,1.79165,0.0115197,0.0689025,0.0470518,0.0218505,,best_validation_checkpoint_0.bin
36,27,accepted,1,5.49037e-06,3.71512e-10,6.11568e-11,6.00647e-11,1.21048e-10,1.21048e-10,1.9634,0.114012,1.84741,0.0122493,0.0759891,0.0527829,0.0232062,,best_validation_checkpoint_1.bin
37,27,rejected,1,1.69552e-05,3.71512e-09,6.11568e-11,6.00647e-11,1.21048e-10,1.21048e-10,1.94699,0.112839,1.83171,0.0126522,0.0244638,0.0244635,0,,
38,28,accepted,0,1.69552e-05,1.85756e-09,6.07394e-11,5.92948e-11,1.20099e-10,1.20099e-10,0,0,0,0.0117807,0.0693885,0.0471876,0.0222008,,best_validation_checkpoint_0.bin
39,29,accepted,1,4.27112e-06,9.2878e-10,6.06614e-11,5.93828e-11,1.19951e-10,1.19951e-10,1.82324,0.108291,1.71304,0.0113339,0.0672891,0.0455914,0.0216976,,best_validation_checkpoint_1.bin
40,30,accepted,1,3.48885e-06,4.6439e-10,6.06006e-11,5.93941e-11,1.19631e-10,1.19631e-10,1.88386,0.110525,1.76996,0.0134251,0.0677197,0.0458552,0.0218643,,best_validation_checkpoint_0.bin
41,30,rejected,1,7.781e-06,4.6439e-09,6.06006e-11,5.93941e-11,1.19631e-10,1.19631e-10,1.81559,0.10871,1.70475,0.0123447,0.0250442,0.0250439,0,,
42,31,accepted,0,7.781e-06,2.32195e-09,6.04921e-11,5.91181e-11,1.19276e-10,1.19276e-10,0,0,0,0.0105895,0.067772,0.045792,0.02198,,best_validation_checkpoint_1.bin
43,32,accepted,1,1.44144e-06,1.16098e-09,6.04446e-11,5.91351e-11,1.19178e-10,1.19178e-10,1.85088,0.108028,1.7409,0.0115089,0.0665613,0.0445908,0.0219704,,best_validation_checkpoint_0.bin
44,33,accepted,1,1.55916e-06,5.80488e-10,6.03762e-11,5.91157e-11,1.18952e-10,1.18952e-10,1.81548,0.108797,1.70458,0.0117382,0.065643,0.0448215,0.0208214,,best_validation_checkpoint_1.bin
45,33,rejected,1,4.29704e-06,5.80488e-09,6.03762e-11,5.91157e-11,1.18952e-10,1.18952e-10,1.83756,0.110029,1.72519,0.015923,0.0258845,0.0258842,0,,
46,34,accepted,0,4.29704e-06,2.90244e-09,6.03368e-11,5.89828e-11,1.18774e-10,1.18774e-10,0,0,0,0.0132276,0.0679811,0.0453561,0.0226248,,best_validation_checkpoint_0.bin
47,35,accepted,1,7.42043e-07,1.45122e-09,6.03039e-11,5.89841e-11,1.18694e-10,1.18694e-10,1.84564,0.111421,1.73234,0.0118703,0.0673643,0.0446368,0.0227273,,best_validation_checkpoint_1.bin
48,36,accepted,1,8.6139e-07,7.25609e-10,6.02478e-11,5.89572e-11,1.18508e-10,1.18508e-10,1.80639,0.107747,1.69676,0.0120816,0.0668986,0.0450936,0.0218049,,best_validation_checkpoint_0.bin
49,37,accepted,1,2.46005e-06,3.62805e-10,6.02137e-11,5.9033e-11,1.1832e-10,1.1832e-10,1.78705,0.10826,1.67696,0.0125879,0.0692285,0.0451014,0.0241271,,best_validation_checkpoint_1.bin
50,37,rejected,1,8.80114e-06,3.62805e-09,6.02137e-11,5.9033e-11,1.1832e-10,1.1832e-10,1.79006,0.107782,1.68012,0.0115735,0.0227428,0.0227427,0,,
51,38,accepted,0,8.80114e-06,1.81402e-09,6.01092e-11,5.87346e-11,1.17944e-10,1.17944e-10,0,0,0,0.0111061,0.0668396,0.044514,0.0223255,,best_validation_checkpoint_0.bin
52,39,accepted,1,1.83618e-06,9.07012e-10,6.00685e-11,5.87724e-11,1.17881e-10,1.17881e-10,1.7737,0.109172,1.66239,0.0117243,0.0696191,0.0476277,0.0219912,,best_validation_checkpoint_1.bin
53,40,accepted,1,1.85851e-06,4.53506e-10,6.00135e-11,5.87684e-11,1.17689e-10,1.17689e-10,1.84329,0.109044,1.7323,0.0124193,0.0727766,0.0506547,0.0221217,,best_validation_checkpoint_0.bin
54,40,rejected,1,4.78769e-06,4.53506e-09,6.00135e-11,5.87684e-11,1.17689e-10,1.17689e-10,1.81342,0.108416,1.70278,0.0125954,0.0228924,0.0228921,0,,
55,41,accepted,0,4.78769e-06,2.26753e-09,5.99747e-11,5.8625e-11,1.17493e-10,1.17493e-10,0,0,0,0.012664,0.0678386,0.04593,0.0219086,,best_validation_checkpoint_1.bin
56,42,accepted,1,8.4755e-07,1.13376e-09,5.99462e-11,5.86358e-11,1.17432e-10,1.17432e-10,1.82575,0.110577,1.71323,0.0108249,0.0668321,0.0450254,0.0218065,,best_validation_checkpoint_0.bin
57,43,accepted,1,1.01392e-06,5.66882e-10,5.98983e-11,5.86179e-11,1.17277e-10,1.17277e-10,1.74035,0.10751,1.63099,0.0114478,0.067145,0.0451209,0.022024,,best_validation_checkpoint_1.bin
58,44,accepted,1,2.68807e-06,2.83441e-10,5.98965e-11,5.87436e-11,1.17153e-10,1.17153e-10,1.81822,0.112017,1.70432,0.0117513,0.0666172,0.0450473,0.0215697,,best_validation_checkpoint_0.bin
59,44,rejected,1,1.01264e-05,2.83441e-09,5.98965e-11,5.87436e-11,1.17153e-10,1.17153e-10,1.76693,0.110459,1.65442,0.0110609,0.0227873,0.022787,0,,
60,45,accepted,0,1.01264e-05,1.41721e-09,5.97748e-11,5.83956e-11,1.16726e-10,1.16726e-10,0,0,0,0.0114291,0.0685559,0.0464241,0.0221317,,best_validation_checkpoint_1.bin
61,46,accepted,1,2.25949e-06,7.08603e-10,5.97381e-11,5.84533e-11,1.16684e-10,1.16684e-10,1.75668,0.107904,1.64685,0.0122802,0.066673,0.0445771,0.0220959,,best_validation_checkpoint_0.bin
62,47,accepted,1,2.17707e-06,3.54301e-10,5.96973e-11,5.84701e-11,1.16518e-10,1.16518e-10,1.80451,0.108782,1.69369,0.0110758,0.0664759,0.0446195,0.0218564,,best_validation_checkpoint_1.bin
63,47,rejected,1,5.51491e-06,3.54301e-09,5.96973e-11,5.84701e-11,1.16518e-10,1.16518e-10,1.73365,0.108385,1.62344,0.0110982,0.0226866,0.0226863,0,,
64,48,accepted,0,5.51491e-06,1.77151e-09,5.96521e-11,5.8302e-11,1.16297e-10,1.16297e-10,0,0,0,0.0118597,0.0680616,0.0461764,0.0218851,,best_validation_checkpoint_0.bin
65,49,accepted,1,1.05637e-06,8.85754e-10,5.96262e-11,5.83243e-11,1.16246e-10,1.16246e-10,1.75939,0.108785,1.64881,0.0111165,0.0660917,0.0447004,0.0213912,,best_validation_checkpoint_1.bin
66,50,accepted,1,1.21716e-06,4.42877e-10,5.95859e-11,5.83208e-11,1.16103e-10,1.16103e-10,1.83281,0.107344,1.72348,0.0116475,0.0666878,0.0448738,0.0218138,,best_validation_checkpoint_0.bin
67,50,rejected,1,3.26235e-06,4.42877e-09,5.95859e-11,5.83208e-11,1.16103e-10,1.16103e-10,1.77184,0.109254,1.66078,0.0118056,0.0251916,0.0251914,0,,
68,51,accepted,0,3.26235e-06,2.21438e-09,5.9565e-11,5.82267e-11,1.15973e-10,1.15973e-10,0,0,0,0.0119542,0.0686468,0.0471193,0.0215275,,best_validation_checkpoint_1.bin
69,52,accepted,1,5.90289e-07,1.10719e-09,5.95458e-11,5.82351e-11,1.15925e-10,1.15925e-10,1.73774,0.109927,1.62597,0.0113744,0.0670616,0.0452622,0.0217993,,best_validation_checkpoint_0.bin
70,53,accepted,1,7.13126e-07,5.53596e-10,5.9512e-11,5.82244e-11,1.15808e-10,1.15808e-10,1.74095,0.108018,1.63076,0.0118885,0.0687625,0.0468068,0.0219557,,best_validation_checkpoint_1.bin
71,54,accepted,1,1.97111e-06,2.76798e-10,5.94944e-11,5.8304e-11,1.15691e-10,1.15691e-10,1.7628,0.106766,1.65413,0.0111672,0.0666335,0.0447288,0.0219046,,best_validation_checkpoint_0.bin
72,54,rejected,1,7.41228e-06,2.76798e-09,5.94944e-11,5.8304e-11,1.15691e-10,1.15691e-10,1.78922,0.107322,1.67991,0.0110244,0.0227651,0.0227649,0,,
73,55,accepted,0,7.41228e-06,1.38399e-09,5.94256e-11,5.80669e-11,1.15395e-10,1.15395e-10,0,0,0,0.0106969,0.0668285,0.0450527,0.0217757,,best_validation_checkpoint_1.bin
74,56,accepted,1,1.54673e-06,6.91995e-10,5.93995e-11,5.8109e-11,1.15357e-10,1.15357e-10,1.7308,0.108683,1.62012,0.0104875,0.0666466,0.0449205,0.0217261,,best_validation_checkpoint_0.bin
75,57,accepted,1,1.65568e-06,3.45998e-10,5.93652e-11,5.8121e-11,1.1522e-10,1.1522e-10,1.68217,0.107711,1.57248,0.0111097,0.0668067,0.0448203,0.0219863,,best_validation_checkpoint_1.bin
76,57,rejected,1,4.25181e-06,3.45998e-09,5.93652e-11,5.8121e-11,1.1522e-10,1.1522e-10,1.75438,0.107594,1.64459,0.0108275,0.0226282,0.022628,0,,
77,58,accepted,0,4.25181e-06,1.72999e-09,5.93368e-11,5.79963e-11,1.15055e-10,1.15055e-10,0,0,0,0.0117938,0.0658414,0.0440532,0.021788,,best_validation_checkpoint_0.bin
78,59,accepted,1,7.90219e-07,8.64995e-10,5.93175e-11,5.8014e-11,1.15012e-10,1.15012e-10,1.79745,0.147363,1.63793,0.0378193,0.0668319,0.0448204,0.0220113,,best_validation_checkpoint_1.bin
79,60,accepted,1,9.49492e-07,4.32497e-10,5.92855e-11,5.80118e-11,1.14895e-10,1.14895e-10,1.85275,0.122124,1.72873,0.0110272,0.0673681,0.0452526,0.0221153,,best_validation_checkpoint_0.bin
80,60,rejected,1,2.5664e-06,4.32498e-09,5.92855e-11,5.80118e-11,1.14895e-10,1.14895e-10,2.1733,0.118114,2.05318,0.010343,0.0227632,0.0227632,0,,
81,61,accepted,0,2.5664e-06,2.16249e-09,5.92715e-11,5.79392e-11,1.14794e-10,1.14794e-10,0,0,0,0.0115083,0.0665222,0.0458515,0.0206706,,best_validation_checkpoint_1.bin
82,62,accepted,1,4.56706e-07,1.08124e-09,5.92568e-11,5.79466e-11,1.14755e-10,1.14755e-10,2.06294,0.116173,1.94485,0.0114229,0.067083,0.0450939,0.021989,,best_validation_checkpoint_0.bin
83,63,accepted,1,5.71344e-07,5.40622e-10,5.92302e-11,5.79391e-11,1.14658e-10,1.14658e-10,2.05814,0.121317,1.9344,0.0137385,0.0681158,0.0457213,0.0223944,,best_validation_checkpoint_1.bin
84,64,accepted,1,1.59302e-06,2.70311e-10,5.92084e-11,5.79997e-11,1.14551e-10,1.14551e-10,1.91179,0.125306,1.78422,0.011859,0.0682604,0.0456478,0.0226126,,best_validation_checkpoint_0.bin
85,64,rejected,1,6.08812e-06,2.70311e-09,5.92084e-11,5.79997e-11,1.14551e-10,1.14551e-10,1.98367,0.120488,1.86127,0.0110901,0.0228911,0.0228908,0,,
86,65,accepted,0,6.08812e-06,1.35155e-09,5.91631e-11,5.78145e-11,1.14319e-10,1.14319e-10,0,0,0,0.0108878,0.0670997,0.0449842,0.0221154,,best_validation_checkpoint_1.bin
87,66,accepted,1,1.21601e-06,6.75777e-10,5.91424e-11,5.78487e-11,1.14284e-10,1.14284e-10,2.00458,0.116133,1.88647,0.0109429,0.0644323,0.0421638,0.0222684,,best_validation_checkpoint_0.bin
88,67,accepted,1,1.35329e-06,3.37889e-10,5.91124e-11,5.78597e-11,1.14167e-10,1.14167e-10,2.018,0.107409,1.90875,0.0114234,0.0647614,0.044844,0.0199174,,best_validation_checkpoint_1.bin
89,67,rejected,1,3.58854e-06,3.37889e-09,5.91124e-11,5.78597e-11,1.14167e-10,1.14167e-10,1.9418,0.11174,1.82822,0.0117859,0.0231152,0.023115,0,,
90,68,accepted,0,3.58854e-06,1.68944e-09,5.90926e-11,5.77575e-11,1.14032e-10,1.14032e-10,0,0,0,0.011376,0.0674484,0.0454778,0.0219704,,best_validation_checkpoint_0.bin
91,69,accepted,1,6.51027e-07,8.44722e-10,5.90769e-11,5.7773e-11,1.13995e-10,1.13995e-10,2.01056,0.109526,1.89923,0.0107199,0.068442,0.04509,0.0233519,,best_validation_checkpoint_1.bin
92,70,accepted,1,7.99169e-07,4.22361e-10,5.905e-11,5.77721e-11,1.13895e-10,1.13895e-10,2.04449,0.110895,1.93177,0.0104464,0.0667728,0.0448896,0.0218832,,best_validation_checkpoint_0.bin
93,71,accepted,1,2.18881e-06,2.1118e-10,5.90498e-11,5.7883e-11,1.13821e-10,1.13821e-10,2.09009,0.105267,1.98304,0.0117456,0.0677465,0.0456879,0.0220586,,best_validation_checkpoint_1.bin
94,71,rejected,1,8.37796e-06,2.1118e-09,5.90498e-11,5.7883e-11,1.13821e-10,1.13821e-10,2.01058,0.105075,1.90371,0.0117059,0.0231988,0.0231988,0,,
95,72,accepted,0,8.37796e-06,1.0559e-09,5.89776e-11,5.76177e-11,1.135e-10,1.135e-10,0,0,0,0.0104599,0.0667095,0.044969,0.0217404,,best_validation_checkpoint_0.bin
96,73,accepted,1,1.77046e-06,5.27951e-10,5.89557e-11,5.76755e-11,1.13482e-10,1.13482e-10,2.13508,0.103851,2.02795,0.0128436,0.0674275,0.0451817,0.0222457,,best_validation_checkpoint_1.bin
97,74,accepted,1,1.94659e-06,2.63976e-10,5.89305e-11,5.77038e-11,1.1337e-10,1.1337e-10,2.04666,0.103968,1.94087,0.0120385,0.0674055,0.0451048,0.0223006,,best_validation_checkpoint_0.bin
98,74,rejected,1,4.90532e-06,2.63976e-09,5.89305e-11,5.77038e-11,1.1337e-10,1.1337e-10,2.04869,0.104555,1.94226,0.0119275,0.0231406,0.0231404,0,,
99,75,accepted,0,4.90532e-06,1.31988e-09,5.89018e-11,5.75622e-11,1.13189e-10,1.13189e-10,0,0,0,0.0114056,0.0665967,0.0446107,0.021986,,best_validation_checkpoint_1.bin
100,76,accepted,1,9.15546e-07,6.59939e-10,5.88852e-11,5.75894e-11,1.13158e-10,1.13158e-10,2.10044,0.102045,1.99624,0.0135904,0.0673212,0.045296,0.0220251,,best_validation_checkpoint_0.bin
101,77,accepted,1,1.1197e-06,3.29969e-10,5.88591e-11,5.75986e-11,1.13058e-10,1.13058e-10,2.07553,0.103319,1.97038,0.0121897,0.0681025,0.0463633,0.0217391,,best_validation_checkpoint_1.bin
102,77,rejected,1,3.01995e-06,3.29969e-09,5.88591e-11,5.75986e-11,1.13058e-10,1.13058e-10,2.07198,0.103181,1.96703,0.0101843,0.0228946,0.0228945,0,,
103,78,accepted,0,3.01995e-06,1.64985e-09,5.88453e-11,5.75151e-11,1.12947e-10,1.12947e-10,0,0,0,0.0105498,0.0672706,0.0451435,0.022127,,best_validation_checkpoint_0.bin
104,79,accepted,1,5.34845e-07,8.24924e-10,5.88326e-11,5.75283e-11,1.12914e-10,1.12914e-10,2.05407,0.104377,1.94787,0.0104746,0.0669897,0.0450567,0.021933,,best_validation_checkpoint_1.bin
105,80,accepted,1,6.72543e-07,4.12462e-10,5.881e-11,5.75284e-11,1.12829e-10,1.12829e-10,2.06558,0.104603,1.95917,0.0110898,0.0665899,0.0449964,0.0215934,,best_validation_checkpoint_0.bin
106,81,accepted,1,1.87043e-06,2.06231e-10,5.87995e-11,5.76159e-11,1.12755e-10,1.12755e-10,2.04008,0.104012,1.93437,0.0108912,0.0695095,0.0468152,0.0226942,,best_validation_checkpoint_1.bin
107,81,rejected,1,7.22155e-06,2.06231e-09,5.87995e-11,5.76159e-11,1.12755e-10,1.12755e-10,2.04617,0.103552,1.93985,0.0125579,0.0231617,0.0231615,0,,
108,82,accepted,0,7.22155e-06,1.03115e-09,5.87509e-11,5.74e-11,1.12493e-10,1.12493e-10,0,0,0,0.0111735,0.0676868,0.0453408,0.0223458,,best_validation_checkpoint_0.bin
109,83,accepted,1,1.46265e-06,5.15577e-10,5.87326e-11,5.74488e-11,1.12475e-10,1.12475e-10,2.04424,0.102499,1.93963,0.0105672,0.0669786,0.0449325,0.0220461,,best_validation_checkpoint_1.bin
110,84,accepted,1,1.66116e-06,2.57789e-10,5.87085e-11,5.74724e-11,1.12376e-10,1.12376e-10,2.06432,0.10321,1.95917,0.0108861,0.0673161,0.0452421,0.0220738,,best_validation_checkpoint_0.bin
111,84,rejected,1,4.26551e-06,2.57789e-09,5.87085e-11,5.74724e-11,1.12376e-10,1.12376e-10,2.01645,0.105347,1.90932,0.0114305,0.023068,0.0230679,0,,
112,85,accepted,0,4.26551e-06,1.28894e-09,5.86879e-11,5.73532e-11,1.12225e-10,1.12225e-10,0,0,0,0.0117729,0.0657345,0.0440952,0.0216392,,best_validation_checkpoint_1.bin
113,86,accepted,1,7.76583e-07,6.44471e-10,5.86739e-11,5.73769e-11,1.12196e-10,1.12196e-10,1.96297,0.104014,1.85703,0.0114686,0.0669232,0.044854,0.0220691,,best_validation_checkpoint_0.bin
114,87,accepted,1,9.7049e-07,3.22236e-10,5.86508e-11,5.73851e-11,1.12109e-10,1.12109e-10,2.05064,0.103491,1.94528,0.0101924,0.0675896,0.0454217,0.0221677,,best_validation_checkpoint_1.bin
115,87,rejected,1,2.64342e-06,3.22236e-09,5.86508e-11,5.73851e-11,1.12109e-10,1.12109e-10,2.02153,0.105246,1.91445,0.0108705,0.0227942,0.0227941,0,,
116,88,accepted,0,2.64342e-06,1.61118e-09,5.86403e-11,5.73134e-11,1.12013e-10,1.12013e-10,0,0,0,0.0105368,0.0642353,0.0446509,0.0195843,,best_validation_checkpoint_0.bin
117,89,accepted,1,4.5953e-07,8.05589e-10,5.86295e-11,5.73252e-11,1.11984e-10,1.11984e-10,2.02304,0.106778,1.91446,0.0107906,0.0670825,0.0450226,0.0220598,,best_validation_checkpoint_1.bin
118,90,accepted,1,5.88629e-07,4.02795e-10,5.86098e-11,5.73256e-11,1.1191e-10,1.1191e-10,1.96735,0.104622,1.86067,0.0112442,0.0673979,0.0452869,0.022111,,best_validation_checkpoint_0.bin
119,91,accepted,1,1.64567e-06,2.01397e-10,5.85955e-11,5.73992e-11,1.11841e-10,1.11841e-10,2.08257,0.103468,1.9772,0.0121803,0.0671393,0.044999,0.0221402,,best_validation_checkpoint_1.bin
120,91,rejected,1,6.39881e-06,2.01397e-09,5.85955e-11,5.73992e-11,1.11841e-10,1.11841e-10,2.10435,0.103005,1.99956,0.011614,0.0227677,0.0227675,0,,
121,92,accepted,0,6.39881e-06,1.00699e-09,5.85594e-11,5.72145e-11,1.11618e-10,1.11618e-10,0,0,0,0.0108806,0.0673435,0.0448722,0.0224711,,best_validation_checkpoint_0.bin
122,93,accepted,1,1.26247e-06,5.03493e-10,5.85435e-11,5.7257e-11,1.11599e-10,1.11599e-10,1.99444,0.105725,1.88692,0.0111654,0.0669943,0.0451326,0.0218615,,best_validation_checkpoint_1.bin
123,94,accepted,1,1.44829e-06,2.51747e-10,5.8521e-11,5.72779e-11,1.11511e-10,1.11511e-10,2.05737,0.10715,1.94839,0.0106606,0.067741,0.045549,0.022192,,best_validation_checkpoint_0.bin
124,94,rejected,1,3.80861e-06,2.51747e-09,5.8521e-11,5.72779e-11,1.11511e-10,1.11511e-10,2.06173,0.113853,1.94542,0.012855,0.0261238,0.0261235,0,,
125,95,accepted,0,3.80861e-06,1.25873e-09,5.85049e-11,5.71738e-11,1.11379e-10,1.11379e-10,0,0,0,0.0130524,0.0729132,0.0499698,0.0229432,,best_validation_checkpoint_1.bin
126,96,accepted,1,6.84323e-07,6.29367e-10,5.84927e-11,5.71952e-11,1.11353e-10,1.11353e-10,2.36117,0.143029,2.21573,0.0128827,0.0783816,0.0550793,0.0233023,,best_validation_checkpoint_0.bin
127,97,accepted,1,8.71554e-07,3.14683e-10,5.84718e-11,5.72018e-11,1.11274e-10,1.11274e-10,2.23246,0.112992,2.11719,0.0148955,0.0784989,0.0506038,0.0278949,,best_validation_checkpoint_1.bin
128,97,rejected,1,2.34187e-06,3.14683e-09,5.84718e-11,5.72018e-11,1.11274e-10,1.11274e-10,2.04431,0.115419,1.92674,0.012785,0.0240228,0.0240225,0,,
129,98,accepted,0,2.34187e-06,1.57342e-09,5.84634e-11,5.71393e-11,1.1119e-10,1.1119e-10,0,0,0,0.0135738,0.0719788,0.0477217,0.0242569,,best_validation_checkpoint_0.bin
130,99,accepted,1,3.98765e-07,7.86708e-10,5.84539e-11,5.71497e-11,1.11165e-10,1.11165e-10,2.1103,0.105954,2.00236,0.010208,0.0676771,0.0455943,0.0220827,,best_validation_checkpoint_1.bin
131,100,accepted,1,5.23667e-07,3.93354e-10,5.84364e-11,5.71501e-11,1.11098e-10,1.11098e-10,2.00026,0.106467,1.89158,0.0112035,0.0673819,0.0453282,0.0220536,,best_validation_checkpoint_0.bin
132,101,accepted,1,1.4686e-06,1.96677e-10,5.84203e-11,5.72134e-11,1.11035e-10,1.11035e-10,2.12406,0.103256,2.01788,0.0120555,0.0676591,0.0452442,0.0224149,,best_validation_checkpoint_1.bin
133,101,rejected,1,5.73641e-06,1.96677e-09,5.84203e-11,5.72134e-11,1.11035e-10,1.11035e-10,2.07522,0.103133,1.96988,0.0111063,0.0230318,0.0230318,0,,
134,102,accepted,0,5.73641e-06,9.83385e-10,5.83919e-11,5.7052e-11,1.10838e-10,1.10838e-10,0,0,0,0.0116502,0.0672522,0.0454472,0.021805,,best_validation_checkpoint_0.bin
135,103,accepted,1,1.10128e-06,4.91693e-10,5.83778e-11,5.70895e-11,1.10821e-10,1.10821e-10,2.07843,0.103426,1.97318,0.0115994,0.0679877,0.0458864,0.0221013,,best_validation_checkpoint_1.bin
136,104,accepted,1,1.29671e-06,2.45846e-10,5.83566e-11,5.71076e-11,1.10741e-10,1.10741e-10,2.02711,0.10594,1.91918,0.0131885,0.0727117,0.0506012,0.0221104,,best_validation_checkpoint_0.bin
137,104,rejected,1,3.42169e-06,2.45846e-09,5.83566e-11,5.71076e-11,1.10741e-10,1.10741e-10,2.0908,0.103485,1.98558,0.0108373,0.0240419,0.0240418,0,,
138,105,accepted,0,3.42169e-06,1.22923e-09,5.83435e-11,5.70157e-11,1.10623e-10,1.10623e-10,0,0,0,0.0109807,0.0676359,0.0455095,0.0221263,,best_validation_checkpoint_1.bin
139,106,accepted,1,5.92098e-07,6.14616e-10,5.83326e-11,5.70339e-11,1.106e-10,1.106e-10,2.06109,0.104406,1.95481,0.010635,0.0677193,0.0456956,0.0220236,,best_validation_checkpoint_0.bin
140,107,accepted,1,7.57655e-07,3.07308e-10,5.83135e-11,5.70407e-11,1.10529e-10,1.10529e-10,2.0827,0.104934,1.97587,0.0117608,0.0711077,0.0475995,0.0235082,,best_validation_checkpoint_1.bin
141,108,accepted,1,2.13206e-06,1.53654e-10,5.83124e-11,5.71489e-11,1.10494e-10,1.10494e-10,2.10545,0.10375,1.99962,0.0112168,0.0675131,0.045133,0.0223801,,best_validation_checkpoint_0.bin
142,108,rejected,1,8.16441e-06,1.53654e-09,5.83124e-11,5.71489e-11,1.10494e-10,1.10494e-10,2.06599,0.103643,1.96049,0.011212,0.0235056,0.0235053,0,,
143,109,accepted,0,8.16441e-06,7.6827e-10,5.82619e-11,5.69097e-11,1.10212e-10,1.10212e-10,0,0,0,0.0114939,0.0673111,0.045443,0.0218681,,best_validation_checkpoint_1.bin
144,110,accepted,1,1.65785e-06,3.84135e-10,5.82457e-11,5.69704e-11,1.1021e-10,1.1021e-10,1.98625,0.105558,1.87864,0.0127869,0.065404,0.0453332,0.0200707,,best_validation_checkpoint_0.bin
145,111,accepted,1,1.90662e-06,1.92067e-10,5.82268e-11,5.70043e-11,1.10134e-10,1.10134e-10,2.0828,0.105802,1.97506,0.0116658,0.0671263,0.0452265,0.0218997,,best_validation_checkpoint_1.bin
146,111,rejected,1,4.82736e-06,1.92067e-09,5.82268e-11,5.70043e-11,1.10134e-10,1.10134e-10,2.03754,0.105319,1.9303,0.0120117,0.0235558,0.0235555,0,,
147,112,accepted,0,4.82736e-06,9.60337e-10,5.82058e-11,5.68723e-11,1.09969e-10,1.09969e-10,0,0,0,0.0127431,0.0670735,0.0452563,0.0218172,,best_validation_checkpoint_0.bin
148,113,accepted,1,8.73457e-07,4.80169e-10,5.81933e-11,5.69028e-11,1.09953e-10,1.09953e-10,2.12418,0.102976,2.0194,0.0119319,0.0681132,0.0458172,0.0222959,,best_validation_checkpoint_1.bin
149,114,accepted,1,1.12031e-06,2.40084e-10,5.81735e-11,5.69175e-11,1.09881e-10,1.09881e-10,2.0112,0.104095,1.90542,0.0107447,0.0683517,0.0463211,0.0220305,,best_validation_checkpoint_0.bin
150,114,rejected,1,2.98316e-06,2.40084e-09,5.81735e-11,5.69175e-11,1.09881e-10,1.09881e-10,1.98422,0.104093,1.8783,0.0112361,0.023049,0.023049,0,,
151,115,accepted,0,2.98316e-06,1.20042e-09,5.81631e-11,5.68383e-11,1.09779e-10,1.09779e-10,0,0,0,0.0119214,0.0669403,0.0450376,0.0219027,,best_validation_checkpoint_1.bin
152,116,accepted,1,5.1587e-07,6.00211e-10,5.81533e-11,5.68541e-11,1.09758e-10,1.09758e-10,2.00531,0.102575,1.90071,0.0111695,0.0676712,0.0451638,0.0225072,,best_validation_checkpoint_0.bin
153,117,accepted,1,6.70327e-07,3.00105e-10,5.8136e-11,5.68592e-11,1.09694e-10,1.09694e-10,2.14293,0.104017,2.03694,0.0112373,0.0679699,0.0453472,0.0226226,,best_validation_checkpoint_1.bin
154,118,accepted,1,1.86072e-06,1.50053e-10,5.81295e-11,5.69502e-11,1.09658e-10,1.09658e-10,2.0992,0.103449,1.99397,0.0116431,0.0710636,0.0474478,0.0236158,,best_validation_checkpoint_0.bin
155,118,rejected,1,7.19946e-06,1.50053e-09,5.81295e-11,5.69502e-11,1.09658e-10,1.09658e-10,2.10042,0.104262,1.9943,0.0113298,0.0231992,0.023199,0,,
156,119,accepted,0,7.19946e-06,7.50264e-10,5.80899e-11,5.67445e-11,1.09414e-10,1.09414e-10,0,0,0,0.0126055,0.0684758,0.0461967,0.022279,,best_validation_checkpoint_1.bin
157,120,accepted,1,1.41612e-06,3.75132e-10,5.80754e-11,5.67962e-11,1.09411e-10,1.09411e-10,2.08281,0.102898,1.97795,0.0097986,0.0680614,0.045604,0.0224574,,best_validation_checkpoint_0.bin
158,121,accepted,1,1.65488e-06,1.87566e-10,5.80566e-11,5.68251e-11,1.0934e-10,1.0934e-10,2.06588,0.105353,1.95877,0.0126574,0.0681967,0.0453204,0.0228762,,best_validation_checkpoint_1.bin
159,121,rejected,1,4.27984e-06,1.87566e-09,5.80566e-11,5.68251e-11,1.0934e-10,1.0934e-10,2.01079,0.104576,1.9043,0.011273,0.0230441,0.0230439,0,,
160,122,accepted,0,4.27984e-06,9.37829e-10,5.80395e-11,5.67097e-11,1.09198e-10,1.09198e-10,0,0,0,0.0108255,0.0680098,0.0455065,0.0225032,,best_validation_checkpoint_0.bin
161,123,accepted,1,7.60301e-07,4.68915e-10,5.80282e-11,5.67358e-11,1.09181e-10,1.09181e-10,2.04119,0.103087,1.93622,0.010531,0.0672818,0.0451217,0.0221599,,best_validation_checkpoint_1.bin
162,124,accepted,1,9.7325e-07,2.34457e-10,5.80096e-11,5.67485e-11,1.09114e-10,1.09114e-10,2.04078,0.107319,1.93161,0.0112,0.0674427,0.045352,0.0220906,,best_validation_checkpoint_0.bin
163,124,rejected,1,2.65679e-06,2.34457e-09,5.80096e-11,5.67485e-11,1.09114e-10,1.09114e-10,2.01266,0.103878,1.90683,0.0119508,0.0231512,0.023151,0,,
164,125,accepted,0,2.65679e-06,1.17229e-09,5.80008e-11,5.66785e-11,1.09024e-10,1.09024e-10,0,0,0,0.0112943,0.0681698,0.0454432,0.0227266,,best_validation_checkpoint_1.bin
165,126,accepted,1,4.51095e-07,5.86143e-10,5.79919e-11,5.6692e-11,1.09004e-10,1.09004e-10,2.13764,0.104242,2.03149,0.0118588,0.0683187,0.0461164,0.0222023,,best_validation_checkpoint_0.bin
166,127,accepted,1,5.85141e-07,2.93072e-10,5.79758e-11,5.66959e-11,1.08947e-10,1.08947e-10,2.17956,0.103255,2.07403,0.0118365,0.0686817,0.046154,0.0225276,,best_validation_checkpoint_1.bin
167,128,accepted,1,1.64607e-06,1.46536e-10,5.79654e-11,5.67715e-11,1.08907e-10,1.08907e-10,2.07418,0.103245,1.96779,0.0115124,0.0683371,0.0457132,0.0226239,,best_validation_checkpoint_0.bin
168,128,rejected,1,6.32665e-06,1.46536e-09,5.79654e-11,5.67715e-11,1.08907e-10,1.08907e-10,2.08499,0.104129,1.97875,0.0128984,0.0234262,0.023426,0,,
169,129,accepted,0,6.32665e-06,7.32679e-10,5.79337e-11,5.65941e-11,1.08694e-10,1.08694e-10,0,0,0,0.0115708,0.0677182,0.0453494,0.0223688,,best_validation_checkpoint_1.bin
170,130,accepted,1,1.21462e-06,3.6634e-10,5.79204e-11,5.66377e-11,1.08689e-10,1.08689e-10,2.07821,0.10316,1.97332,0.0103734,0.0684336,0.04611,0.0223235,,best_validation_checkpoint_0.bin
171,131,accepted,1,1.43309e-06,1.8317e-10,5.79018e-11,5.6662e-11,1.08623e-10,1.08623e-10,2.0562,0.103301,1.95109,0.0116148,0.0677468,0.0455801,0.0221665,,best_validation_checkpoint_1.bin
172,131,rejected,1,3.78161e-06,1.8317e-09,5.79018e-11,5.6662e-11,1.08623e-10,1.08623e-10,2.0567,0.103508,1.95134,0.0113603,0.0229197,0.0229196,0,,
173,132,accepted,0,3.78161e-06,9.15849e-10,5.78875e-11,5.6561e-11,1.08498e-10,1.08498e-10,0,0,0,0.0117516,0.0690701,0.046923,0.0221471,,best_validation_checkpoint_0.bin
174,133,accepted,1,6.60022e-07,4.57925e-10,5.78771e-11,5.65831e-11,1.0848e-10,1.0848e-10,2.11323,0.10275,2.00867,0.0121562,0.0671854,0.0452362,0.0219491,,best_validation_checkpoint_1.bin
175,134,accepted,1,8.44949e-07,2.28962e-10,5.78593e-11,5.65928e-11,1.08419e-10,1.08419e-10,2.11078,0.104021,2.00479,0.0110702,0.0680056,0.0454498,0.0225558,,best_validation_checkpoint_0.bin
176,134,rejected,1,2.32548e-06,2.28962e-09,5.78593e-11,5.65928e-11,1.08419e-10,1.08419e-10,2.08881,0.104149,1.98292,0.0114539,0.023292,0.0232918,0,,
177,135,accepted,0,2.32548e-06,1.14481e-09,5.78518e-11,5.65319e-11,1.0834e-10,1.0834e-10,0,0,0,0.0118056,0.0683764,0.0463327,0.0220436,,best_validation_checkpoint_1.bin
178,136,accepted,1,3.89087e-07,5.72406e-10,5.78436e-11,5.65432e-11,1.08322e-10,1.08322e-10,2.13008,0.104561,2.02384,0.0111584,0.0668787,0.0451233,0.0217553,,best_validation_checkpoint_0.bin
179,137,accepted,1,5.15411e-07,2.86203e-10,5.78285e-11,5.65459e-11,1.08267e-10,1.08267e-10,2.05512,0.10553,1.9478,0.0121383,0.0674781,0.0450304,0.0224477,,best_validation_checkpoint_1.bin
180,138,accepted,1,1.4608e-06,1.43101e-10,5.78157e-11,5.66101e-11,1.08225e-10,1.08225e-10,2.13387,0.10309,2.02902,0.0107492,0.0659921,0.0455149,0.0204772,,best_validation_checkpoint_0.bin
181,138,rejected,1,5.6236e-06,1.43101e-09,5.78157e-11,5.66101e-11,1.08225e-10,1.08225e-10,2.02996,0.103102,1.92506,0.0107716,0.0231,0.0230999,0,,
182,139,accepted,0,5.6236e-06,7.15507e-10,5.77893e-11,5.64542e-11,1.08038e-10,1.08038e-10,0,0,0,0.0121804,0.0669855,0.045031,0.0219545,,best_validation_checkpoint_1.bin
183,140,accepted,1,1.0548e-06,3.57754e-10,5.77768e-11,5.64917e-11,1.0803e-10,1.0803e-10,2.05346,0.104404,1.94577,0.0128166,0.0678061,0.0457631,0.022043,,best_validation_checkpoint_0.bin
184,141,accepted,1,1.26274e-06,1.78877e-10,5.77584e-11,5.6511e-11,1.07967e-10,1.07967e-10,2.04878,0.103797,1.94282,0.0106053,0.0677905,0.0454612,0.0223293,,best_validation_checkpoint_1.bin
185,141,rejected,1,3.33007e-06,1.78877e-09,5.77584e-11,5.6511e-11,1.07967e-10,1.07967e-10,2.1103,0.103596,2.0047,0.0113913,0.0230314,0.0230312,0,,
186,142,accepted,0,3.33007e-06,8.94384e-10,5.77462e-11,5.64227e-11,1.07856e-10,1.07856e-10,0,0,0,0.0111918,0.0676924,0.0453867,0.0223056,,best_validation_checkpoint_0.bin
187,143,accepted,1,5.709e-07,4.47192e-10,5.77364e-11,5.64413e-11,1.07839e-10,1.07839e-10,1.95539,0.103451,1.8501,0.0115642,0.0679126,0.0457589,0.0221537,,best_validation_checkpoint_1.bin
188,144,accepted,1,7.45467e-07,2.23596e-10,5.77194e-11,5.64487e-11,1.07781e-10,1.07781e-10,2.12509,0.10419,2.01882,0.0111549,0.0678044,0.0454855,0.0223188,,best_validation_checkpoint_0.bin
189,144,rejected,1,2.0611e-06,2.23596e-09,5.77194e-11,5.64487e-11,1.07781e-10,1.07781e-10,2.15512,0.103061,2.05032,0.0110439,0.0230504,0.0230502,0,,
190,145,accepted,0,2.0611e-06,1.11798e-09,5.77127e-11,5.63948e-11,1.0771e-10,1.0771e-10,0,0,0,0.0120437,0.0671884,0.0449956,0.0221927,,best_validation_checkpoint_1.bin
191,146,accepted,1,3.41585e-07,5.5899e-10,5.7705e-11,5.64042e-11,1.07692e-10,1.07692e-10,2.11309,0.102735,2.0086,0.0103141,0.0678515,0.0453648,0.0224866,,best_validation_checkpoint_0.bin
192,147,accepted,1,4.52089e-07,2.79495e-10,5.76906e-11,5.64054e-11,1.07641e-10,1.07641e-10,2.00307,0.103228,1.89815,0.0103999,0.0681278,0.0458304,0.0222974,,best_validation_checkpoint_1.bin
193,148,accepted,1,1.28476e-06,1.39747e-10,5.7676e-11,5.64592e-11,1.07597e-10,1.07597e-10,2.14921,0.10432,2.04313,0.0103769,0.0684178,0.0462994,0.0221183,,best_validation_checkpoint_0.bin
194,148,rejected,1,4.96898e-06,1.39747e-09,5.7676e-11,5.64592e-11,1.07597e-10,1.07597e-10,2.07909,0.10587,1.97125,0.011013,0.0230682,0.0230681,0,,
195,149,accepted,0,4.96898e-06,6.98737e-10,5.76537e-11,5.63229e-11,1.07432e-10,1.07432e-10,0,0,0,0.0108995,0.0657385,0.0434071,0.0223313,,best_validation_checkpoint_1.bin
196,150,accepted,1,9.09627e-07,3.49369e-10,5.7642e-11,5.63545e-11,1.07421e-10,1.07421e-10,2.07522,0.105064,1.96836,0.0108783,0.068136,0.0461067,0.0220291,,best_validation_checkpoint_0.bin
197,151,accepted,1,1.10745e-06,1.74684e-10,5.76237e-11,5.637e-11,1.0736e-10,1.0736e-10,1.9685,0.104638,1.86108,0.010491,0.0668557,0.0445683,0.0222873,,best_validation_checkpoint_1.bin
198,151,rejected,1,2.95023e-06,1.74684e-09,5.76237e-11,5.637e-11,1.0736e-10,1.0736e-10,2.02239,0.104793,1.91579,0.0118866,0.0231897,0.0231894,0,,
199,152,accepted,0,2.95023e-06,8.73422e-10,5.76131e-11,5.62921e-11,1.07261e-10,1.07261e-10,0,0,0,0.0117507,0.0676244,0.0454549,0.0221693,,best_validation_checkpoint_0.bin
200,153,accepted,1,4.99705e-07,4.36711e-10,5.76038e-11,5.63076e-11,1.07244e-10,1.07244e-10,2.1054,0.10379,1.99979,0.0109881,0.0684447,0.0461021,0.0223424,,best_validation_checkpoint_1.bin
201,154,accepted,1,6.54884e-07,2.18355e-10,5.75873e-11,5.6313e-11,1.07188e-10,1.07188e-10,2.3376,0.106708,2.22866,0.010009,0.068889,0.0463235,0.0225653,,best_validation_checkpoint_0.bin
202,155,accepted,1,1.82703e-06,1.09178e-10,5.75832e-11,5.64017e-11,1.07165e-10,1.07165e-10,2.08095,0.1052,1.9734,0.0112294,0.0667046,0.0448864,0.0218181,,best_validation_checkpoint_1.bin
203,155,rejected,1,6.94593e-06,1.09178e-09,5.75832e-11,5.64017e-11,1.07165e-10,1.07165e-10,1.97436,0.109333,1.86179,0.0124532,0.022719,0.0227187,0,,
204,156,accepted,0,6.94593e-06,5.45889e-10,5.75425e-11,5.6202e-11,1.06927e-10,1.06927e-10,0,0,0,0.0115714,0.0673554,0.045262,0.0220933,,best_validation_checkpoint_0.bin
205,157,accepted,1,1.34862e-06,2.72944e-10,5.75284e-11,5.62505e-11,1.06926e-10,1.06926e-10,1.92573,0.104637,1.8193,0.0105478,0.0676598,0.0455979,0.0220618,,best_validation_checkpoint_1.bin
206,158,accepted,1,1.5575e-06,1.36472e-10,5.75107e-11,5.6277e-11,1.06865e-10,1.06865e-10,2.01196,0.104021,1.90508,0.0113263,0.0669779,0.0450064,0.0219714,,best_validation_checkpoint_0.bin
207,158,rejected,1,4.01423e-06,1.36472e-09,5.75107e-11,5.6277e-11,1.06865e-10,1.06865e-10,2.05035,0.104713,1.94376,0.0117393,0.0231764,0.0231762,0,,
208,159,accepted,0,4.01423e-06,6.82361e-10,5.74933e-11,5.61685e-11,1.0673e-10,1.0673e-10,0,0,0,0.0107141,0.067544,0.0455371,0.0220068,,best_validation_checkpoint_1.bin
209,160,accepted,1,6.89084e-07,3.4118e-10,5.74823e-11,5.61921e-11,1.06715e-10,1.06715e-10,2.07979,0.104594,1.9735,0.0105528,0.0678824,0.0455654,0.022317,,best_validation_checkpoint_0.bin
210,161,accepted,1,9.19357e-07,1.7059e-10,5.74642e-11,5.62036e-11,1.06657e-10,1.06657e-10,2.10018,0.103634,1.99465,0.0118168,0.0673448,0.0450039,0.0223407,,best_validation_checkpoint_1.bin
211,161,rejected,1,2.52799e-06,1.7059e-09,5.74642e-11,5.62036e-11,1.06657e-10,1.06657e-10,2.01572,0.10391,1.90999,0.0111388,0.023203,0.0232027,0,,
212,162,accepted,0,2.52799e-06,8.52951e-10,5.74553e-11,5.6137e-11,1.06571e-10,1.06571e-10,0,0,0,0.0109242,0.0669105,0.0450721,0.0218382,,best_validation_checkpoint_0.bin
213,163,accepted,1,4.22473e-07,4.26475e-10,5.74465e-11,5.61493e-11,1.06554e-10,1.06554e-10,1.99434,0.104108,1.88827,0.0105839,0.0654354,0.0452186,0.0202167,,best_validation_checkpoint_1.bin
214,164,accepted,1,5.53507e-07,2.13238e-10,5.74306e-11,5.61522e-11,1.065e-10,1.065e-10,2.06591,0.105274,1.95855,0.0116943,0.0677187,0.0450174,0.0227013,,best_validation_checkpoint_0.bin
215,165,accepted,1,1.56523e-06,1.06619e-10,5.74213e-11,5.62227e-11,1.06466e-10,1.06466e-10,2.01691,0.104951,1.9102,0.0115257,0.0666496,0.0447784,0.0218712,,best_validation_checkpoint_1.bin
216,165,rejected,1,5.93156e-06,1.06619e-09,5.74213e-11,5.62227e-11,1.06466e-10,1.06466e-10,1.99743,0.104099,1.89073,0.0114284,0.0226773,0.022677,0,,
217,166,accepted,0,5.93156e-06,5.33094e-10,5.73883e-11,5.60545e-11,1.06264e-10,1.06264e-10,0,0,0,0.0107539,0.0669486,0.0452086,0.0217399,,best_validation_checkpoint_0.bin
218,167,accepted,1,1.10598e-06,2.66547e-10,5.7375e-11,5.60937e-11,1.06257e-10,1.06257e-10,2.02096,0.10406,1.91494,0.0114312,0.0665349,0.0451146,0.0214202,,best_validation_checkpoint_1.bin
219,168,accepted,1,1.33116e-06,1.33274e-10,5.73566e-11,5.61133e-11,1.06195e-10,1.06195e-10,2.02976,0.104169,1.92378,0.0113088,0.0679275,0.0456367,0.0222907,,best_validation_checkpoint_0.bin
220,168,rejected,1,3.44402e-06,1.33274e-09,5.73566e-11,5.61133e-11,1.06195e-10,1.06195e-10,2.10074,0.104882,1.99406,0.0117114,0.0234211,0.023421,0,,
221,169,accepted,0,3.44402e-06,6.66368e-10,5.73419e-11,5.60205e-11,1.06078e-10,1.06078e-10,0,0,0,0.0127173,0.0670825,0.0449762,0.0221062,,best_validation_checkpoint_1.bin
222,170,accepted,1,5.8633e-07,3.33184e-10,5.73314e-11,5.60392e-11,1.0606e-10,1.0606e-10,2.05705,0.105895,1.94943,0.0107122,0.0671212,0.045262,0.0218592,,best_validation_checkpoint_0.bin
223,171,accepted,1,7.68817e-07,1.66592e-10,5.73135e-11,5.60462e-11,1.06002e-10,1.06002e-10,1.9832,0.104068,1.87732,0.0105725,0.0669,0.0446986,0.0222013,,best_validation_checkpoint_1.bin
224,171,rejected,1,2.12255e-06,1.66592e-09,5.73135e-11,5.60462e-11,1.06002e-10,1.06002e-10,2.00489,0.104419,1.89852,0.0109754,0.0231968,0.0231967,0,,
225,172,accepted,0,2.12255e-06,8.3296e-10,5.73058e-11,5.59902e-11,1.05929e-10,1.05929e-10,0,0,0,0.012233,0.0677709,0.0455345,0.0222364,,best_validation_checkpoint_0.bin
226,173,accepted,1,3.4967e-07,4.1648e-10,5.72974e-11,5.59994e-11,1.05909e-10,1.05909e-10,2.1085,0.103245,2.00352,0.0113858,0.0648648,0.0426199,0.0222449,,best_validation_checkpoint_1.bin
227,174,accepted,1,4.63121e-07,2.0824e-10,5.7282e-11,5.59998e-11,1.05858e-10,1.05858e-10,2.00163,0.105016,1.89456,0.0113997,0.0673851,0.0448608,0.0225243,,best_validation_checkpoint_0.bin
228,175,accepted,1,1.31377e-06,1.0412e-10,5.72688e-11,5.60543e-11,1.05815e-10,1.05815e-10,2.07053,0.10275,1.96587,0.0111262,0.0682958,0.0459526,0.0223432,,best_validation_checkpoint_1.bin
229,175,rejected,1,4.99979e-06,1.0412e-09,5.72688e-11,5.60543e-11,1.05815e-10,1.05815e-10,2.01734,0.104972,1.91044,0.0107873,0.0234672,0.0234669,0,,
230,176,accepted,0,4.99979e-06,5.206e-10,5.72417e-11,5.59135e-11,1.05643e-10,1.05643e-10,0,0,0,0.0119206,0.0673495,0.0453067,0.0220427,,best_validation_checkpoint_0.bin
231,177,accepted,1,9.09115e-07,2.603e-10,5.7229e-11,5.5944e-11,1.0563e-10,1.0563e-10,2.04745,0.103484,1.94214,0.0112649,0.0685161,0.0463381,0.0221779,,best_validation_checkpoint_1.bin
232,178,accepted,1,1.09945e-06,1.3015e-10,5.72099e-11,5.5957e-11,1.05566e-10,1.05566e-10,1.98266,0.106033,1.87468,0.0114287,0.0671162,0.0452537,0.0218624,,best_validation_checkpoint_0.bin
233,178,rejected,1,2.87813e-06,1.3015e-09,5.72099e-11,5.5957e-11,1.05566e-10,1.05566e-10,2.072,0.102835,1.96738,0.0119889,0.0233791,0.0233789,0,,
234,179,accepted,0,2.87813e-06,6.5075e-10,5.71975e-11,5.58796e-11,1.05467e-10,1.05467e-10,0,0,0,0.0119243,0.0680644,0.0458316,0.0222328,,best_validation_checkpoint_1.bin
235,180,accepted,1,4.77686e-07,3.25375e-10,5.71874e-11,5.58939e-11,1.05448e-10,1.05448e-10,2.03338,0.104997,1.92642,0.0115501,0.0671712,0.0450145,0.0221567,,best_validation_checkpoint_0.bin
236,181,accepted,1,6.6308e-07,1.62687e-10,5.71698e-11,5.58981e-11,1.0539e-10,1.0539e-10,2.0585,0.103753,1.95294,0.0113423,0.0672853,0.0452777,0.0220074,,best_validation_checkpoint_1.bin
237,181,rejected,1,1.84482e-06,1.62687e-09,5.71698e-11,5.58981e-11,1.0539e-10,1.0539e-10,2.00083,0.1031,1.89597,0.0105241,0.0220968,0.0220966,0,,
238,182,accepted,0,1.84482e-06,8.13437e-10,5.71628e-11,5.58493e-11,1.05324e-10,1.05324e-10,0,0,0,0.0118651,0.0669835,0.0448399,0.0221435,,best_validation_checkpoint_0.bin
239,183,accepted,1,3.02417e-07,4.06719e-10,5.71548e-11,5.58565e-11,1.05306e-10,1.05306e-10,1.99193,0.104795,1.88533,0.0117733,0.0686445,0.045737,0.0229073,,best_validation_checkpoint_1.bin
240,184,accepted,1,4.04507e-07,2.03359e-10,5.71398e-11,5.58552e-11,1.05255e-10,1.05255e-10,2.05936,0.10365,1.95386,0.0114542,0.0681515,0.0454949,0.0226565,,best_validation_checkpoint_0.bin
241,185,accepted,1,1.14417e-06,1.0168e-10,5.71243e-11,5.58986e-11,1.05207e-10,1.05207e-10,2.12452,0.115858,2.00663,0.0109587,0.0669567,0.0450919,0.0218647,,best_validation_checkpoint_1.bin
242,185,rejected,1,4.33718e-06,1.0168e-09,5.71243e-11,5.58986e-11,1.05207e-10,1.05207e-10,2.07336,0.102451,1.96879,0.0112092,0.0228901,0.0228898,0,,
243,186,accepted,0,4.33718e-06,5.08398e-10,5.7101e-11,5.5777e-11,1.05055e-10,1.05055e-10,0,0,0,0.0115425,0.0709712,0.0477539,0.0232171,,best_validation_checkpoint_0.bin
244,187,accepted,1,7.70288e-07,2.54199e-10,5.70887e-11,5.58017e-11,1.05039e-10,1.05039e-10,2.06012,0.105848,1.95246,0.0112483,0.0670136,0.0448723,0.0221413,,best_validation_checkpoint_1.bin
245,188,accepted,1,9.54468e-07,1.271e-10,5.70695e-11,5.58111e-11,1.04976e-10,1.04976e-10,2.13628,0.108596,2.02473,0.0120938,0.0682601,0.0464915,0.0217685,,best_validation_checkpoint_0.bin
246,188,rejected,1,2.53621e-06,1.271e-09,5.70695e-11,5.58111e-11,1.04976e-10,1.04976e-10,2.04327,0.105382,1.93607,0.0111417,0.023338,0.0233378,0,,
247,189,accepted,0,2.53621e-06,6.35498e-10,5.70584e-11,5.57428e-11,1.04886e-10,1.04886e-10,0,0,0,0.0122019,0.0678918,0.0456948,0.0221969,,best_validation_checkpoint_1.bin
248,190,accepted,1,4.19705e-07,3.17749e-10,5.70486e-11,5.57541e-11,1.04865e-10,1.04865e-10,2.0989,0.104429,1.99252,0.0104948,0.0668091,0.0445937,0.0222154,,best_validation_checkpoint_0.bin
249,191,accepted,1,5.59395e-07,1.58874e-10,5.70311e-11,5.57549e-11,1.04807e-10,1.04807e-10,2.04557,0.103232,1.94044,0.0109564,0.0670351,0.0450716,0.0219634,,best_validation_checkpoint_1.bin
250,192,accepted,1,1.55452e-06,7.94372e-11,5.70258e-11,5.5827e-11,1.04772e-10,1.04772e-10,2.06708,0.104312,1.96098,0.0115613,0.0671127,0.045247,0.0218656,,best_validation_checkpoint_0.bin
251,192,rejected,1,5.84101e-06,7.94372e-10,5.70258e-11,5.5827e-11,1.04772e-10,1.04772e-10,2.03991,0.105498,1.93263,0.0106276,0.0229156,0.0229154,0,,
252,193,accepted,0,5.84101e-06,3.97186e-10,5.69831e-11,5.56527e-11,1.04558e-10,1.04558e-10,0,0,0,0.0114931,0.0660678,0.0437351,0.0223327,,best_validation_checkpoint_1.bin
253,194,accepted,1,1.07739e-06,1.98593e-10,5.69683e-11,5.56893e-11,1.04546e-10,1.04546e-10,2.05682,0.103389,1.95162,0.0104833,0.067384,0.0454322,0.0219518,,best_validation_checkpoint_0.bin
254,195,accepted,1,1.31914e-06,9.92966e-11,5.69495e-11,5.57064e-11,1.04478e-10,1.04478e-10,2.07035,0.104352,1.96304,0.0116007,0.0674938,0.0454835,0.0220102,,best_validation_checkpoint_1.bin
255,195,rejected,1,3.35622e-06,9.92966e-10,5.69495e-11,5.57064e-11,1.04478e-10,1.04478e-10,2.10494,0.10339,1.99992,0.0103839,0.0232043,0.023204,0,,
256,196,accepted,0,3.35622e-06,4.96483e-10,5.69308e-11,5.56128e-11,1.04355e-10,1.04355e-10,0,0,0,0.0112433,0.0673313,0.0452038,0.0221275,,best_validation_checkpoint_0.bin
257,197,accepted,1,5.63044e-07,2.48241e-10,5.6919e-11,5.56291e-11,1.04334e-10,1.04334e-10,1.93115,0.105027,1.82426,0.0115093,0.0676439,0.0456565,0.0219873,,best_validation_checkpoint_1.bin
258,198,accepted,1,7.50413e-07,1.24121e-10,5.68995e-11,5.56333e-11,1.04269e-10,1.04269e-10,2.00691,0.103346,1.9018,0.0112407,0.068423,0.0462307,0.0221922,,best_validation_checkpoint_0.bin
259,198,rejected,1,2.0393e-06,1.24121e-09,5.68995e-11,5.56333e-11,1.04269e-10,1.04269e-10,2.05843,0.103318,1.95222,0.0109467,0.0231857,0.0231854,0,,
260,199,accepted,0,2.0393e-06,6.20603e-10,5.68899e-11,5.55776e-11,1.04193e-10,1.04193e-10,0,0,0,0.0121052,0.0665584,0.0444989,0.0220595,,best_validation_checkpoint_1.bin
261,200,accepted,1,3.38257e-07,3.10302e-10,5.68804e-11,5.55846e-11,1.0417e-10,1.0417e-10,1.94479,0.10338,1.83969,0.0118003,0.0668835,0.0446535,0.0222298,,best_validation_checkpoint_0.bin
262,201,accepted,1,4.2621e-07,1.55151e-10,5.68633e-11,5.55821e-11,1.04114e-10,1.04114e-10,1.98075,0.104127,1.87439,0.0112391,0.0675202,0.0453847,0.0221355,,best_validation_checkpoint_1.bin
263,202,accepted,1,1.23568e-06,7.75754e-11,5.68521e-11,5.56342e-11,1.04062e-10,1.04062e-10,2.0121,0.104232,1.90609,0.010537,0.0666964,0.04494,0.0217563,,best_validation_checkpoint_0.bin
264,202,rejected,1,4.72051e-06,7.75754e-10,5.68521e-11,5.56342e-11,1.04062e-10,1.04062e-10,2.0709,0.103399,1.96571,0.0100894,0.0232215,0.0232213,0,,
265,203,accepted,0,4.72051e-06,3.87877e-10,5.68171e-11,5.54937e-11,1.03887e-10,1.03887e-10,0,0,0,0.0113732,0.0675403,0.0453444,0.0221958,,best_validation_checkpoint_1.bin
266,204,accepted,1,8.4052e-07,1.93939e-10,5.68028e-11,5.55189e-11,1.03866e-10,1.03866e-10,2.00445,0.104269,1.89792,0.0108176,0.0673155,0.0453667,0.0219486,,best_validation_checkpoint_0.bin
267,205,accepted,1,1.00881e-06,9.69693e-11,5.6783e-11,5.55312e-11,1.03796e-10,1.03796e-10,2.04323,0.102958,1.93847,0.0111535,0.0678926,0.0452313,0.0226613,,best_validation_checkpoint_1.bin
268,205,rejected,1,2.81361e-06,9.69693e-10,5.6783e-11,5.55312e-11,1.03796e-10,1.03796e-10,2.01302,0.104544,1.90668,0.0121494,0.0230806,0.0230804,0,,
269,206,accepted,0,2.81361e-06,4.84846e-10,5.67668e-11,5.54525e-11,1.03691e-10,1.03691e-10,0,0,0,0.0110441,0.0674146,0.0453156,0.0220989,,best_validation_checkpoint_0.bin
270,207,accepted,1,4.66015e-07,2.42423e-10,5.67553e-11,5.5464e-11,1.03666e-10,1.03666e-10,1.99545,0.104328,1.88927,0.0114599,0.0679579,0.0456885,0.0222694,,best_validation_checkpoint_1.bin
271,208,accepted,1,6.09329e-07,1.21212e-10,5.67358e-11,5.54641e-11,1.036e-10,1.036e-10,2.0119,0.104619,1.90556,0.0100197,0.0655134,0.0436123,0.021901,,best_validation_checkpoint_0.bin
272,208,rejected,1,1.69741e-06,1.21212e-09,5.67358e-11,5.54641e-11,1.036e-10,1.036e-10,2.04328,0.104945,1.93659,0.0108371,0.0229478,0.0229475,0,,
273,209,accepted,0,1.69741e-06,6.06058e-10,5.67273e-11,5.54179e-11,1.03535e-10,1.03535e-10,0,0,0,0.0111525,0.0680508,0.045871,0.0221796,,best_validation_checkpoint_1.bin
274,210,accepted,1,2.71308e-07,3.03029e-10,5.67181e-11,5.54223e-11,1.03511e-10,1.03511e-10,2.03468,0.103194,1.92979,0.0105721,0.0671424,0.0450501,0.0220922,,best_validation_checkpoint_0.bin
275,211,accepted,1,3.64126e-07,1.51515e-10,5.67012e-11,5.54177e-11,1.03452e-10,1.03452e-10,2.07998,0.10292,1.97525,0.0112716,0.0680642,0.0458398,0.0222243,,best_validation_checkpoint_1.bin
276,212,accepted,1,1.03878e-06,7.57573e-11,5.66865e-11,5.54548e-11,1.0339e-10,1.0339e-10,2.06235,0.104709,1.95494,0.0121809,0.0668724,0.0451277,0.0217444,,best_validation_checkpoint_0.bin
277,212,rejected,1,3.8997e-06,7.57573e-10,5.66865e-11,5.54548e-11,1.0339e-10,1.0339e-10,1.98927,0.104063,1.88331,0.0106241,0.0231003,0.0231001,0,,
278,213,accepted,0,3.8997e-06,3.78786e-10,5.66564e-11,5.53384e-11,1.03246e-10,1.03246e-10,0,0,0,0.011275,0.0675944,0.0452313,0.0223631,,best_validation_checkpoint_1.bin
279,214,accepted,1,6.67944e-07,1.89393e-10,5.66425e-11,5.53568e-11,1.03217e-10,1.03217e-10,2.05351,0.104231,1.94723,0.0119892,0.0673198,0.0451405,0.0221792,,best_validation_checkpoint_0.bin
280,215,accepted,1,8.4646e-07,9.46966e-11,5.66218e-11,5.53614e-11,1.03142e-10,1.03142e-10,2.03255,0.103064,1.92769,0.0102548,0.0673205,0.0452494,0.022071,,best_validation_checkpoint_1.bin
281,215,rejected,1,2.28375e-06,9.46966e-10,5.66218e-11,5.53614e-11,1.03142e-10,1.03142e-10,2.08236,0.10359,1.97698,0.012138,0.0233756,0.0233753,0,,
282,216,accepted,0,2.28375e-06,4.73483e-10,5.66076e-11,5.5297e-11,1.03052e-10,1.03052e-10,0,0,0,0.0109716,0.0678795,0.0458004,0.0220791,,best_validation_checkpoint_0.bin
283,217,accepted,1,3.67988e-07,2.36741e-10,5.65964e-11,5.53041e-11,1.03025e-10,1.03025e-10,1.9835,0.104202,1.87748,0.0106175,0.0679558,0.0455763,0.0223794,,best_validation_checkpoint_1.bin
284,218,accepted,1,4.89236e-07,1.18371e-10,5.65768e-11,5.53004e-11,1.02956e-10,1.02956e-10,2.04192,0.10503,1.93513,0.0118237,0.0676939,0.0452345,0.0224593,,best_validation_checkpoint_0.bin
285,218,rejected,1,1.38065e-06,1.18371e-09,5.65768e-11,5.53004e-11,1.02956e-10,1.02956e-10,2.03297,0.103055,1.92806,0.0108124,0.023478,0.0234777,0,,
286,219,accepted,0,1.38065e-06,5.91854e-10,5.6569e-11,5.52624e-11,1.029e-10,1.029e-10,0,0,0,0.0106247,0.0678761,0.0450573,0.0228187,,best_validation_checkpoint_1.bin
287,220,accepted,1,2.16496e-07,2.95927e-10,5.65601e-11,5.52643e-11,1.02874e-10,1.02874e-10,1.93448,0.103541,1.82907,0.0117655,0.0680913,0.0455151,0.0225761,,best_validation_checkpoint_0.bin
288,221,accepted,1,2.9274e-07,1.47963e-10,5.65434e-11,5.52575e-11,1.02815e-10,1.02815e-10,1.94799,0.106346,1.83974,0.0120573,0.0690432,0.0464283,0.0226147,,best_validation_checkpoint_1.bin
289,222,accepted,1,8.44312e-07,7.39817e-11,5.65262e-11,5.52821e-11,1.02743e-10,1.02743e-10,2.09257,0.10479,1.98596,0.0112807,0.0681478,0.0458245,0.0223232,,best_validation_checkpoint_0.bin
290,222,rejected,1,3.17254e-06,7.39817e-10,5.65262e-11,5.52821e-11,1.02743e-10,1.02743e-10,2.00859,0.103504,1.90285,0.0111865,0.0232256,0.0232253,0,,
291,223,accepted,0,3.17254e-06,3.69908e-10,5.64998e-11,5.51865e-11,1.02614e-10,1.02614e-10,0,0,0,0.0113106,0.0671479,0.0449298,0.022218,,best_validation_checkpoint_1.bin
292,224,accepted,1,5.30537e-07,1.84954e-10,5.64861e-11,5.51983e-11,1.02584e-10,1.02584e-10,2.02739,0.104514,1.92106,0.0108936,0.0678101,0.0457345,0.0220755,,best_validation_checkpoint_0.bin
293,225,accepted,1,6.73157e-07,9.24771e-11,5.6465e-11,5.51975e-11,1.02505e-10,1.02505e-10,2.11099,0.102507,2.00662,0.0122976,0.0669746,0.044999,0.0219756,,best_validation_checkpoint_1.bin
294,225,rejected,1,1.85194e-06,9.24771e-10,5.6465e-11,5.51975e-11,1.02505e-10,1.02505e-10,1.93284,0.10417,1.82694,0.0102418,0.0238452,0.0238449,0,,
295,226,accepted,0,1.85194e-06,4.62386e-10,5.6452e-11,5.51447e-11,1.02429e-10,1.02429e-10,0,0,0,0.0113714,0.0688305,0.0459821,0.0228483,,best_validation_checkpoint_0.bin
296,227,accepted,1,2.91768e-07,2.31193e-10,5.64411e-11,5.5148e-11,1.02398e-10,1.02398e-10,2.08868,0.103884,1.9825,0.0108425,0.0667516,0.0447127,0.0220388,,best_validation_checkpoint_1.bin
297,228,accepted,1,3.79996e-07,1.15596e-10,5.64216e-11,5.51415e-11,1.02329e-10,1.02329e-10,2.05102,0.103485,1.94568,0.0128838,0.0683239,0.0461482,0.0221756,,best_validation_checkpoint_0.bin
298,229,accepted,1,1.12472e-06,5.77982e-11,5.64174e-11,5.51885e-11,1.0226e-10,1.0226e-10,2.085,0.104257,1.97885,0.0104743,0.0678344,0.0457038,0.0221305,,best_validation_checkpoint_1.bin
299,229,rejected,1,4.08215e-06,5.77982e-10,5.64174e-11,5.51885e-11,1.0226e-10,1.0226e-10,2.06658,0.104056,1.96067,0.0113466,0.0229367,0.0229364,0,,
300,230,accepted,0,4.08215e-06,2.88991e-10,5.63666e-11,5.50512e-11,1.0208e-10,1.0208e-10,0,0,0,0.0117614,0.0684519,0.0462682,0.0221836,,best_validation_checkpoint_0.bin
301,231,accepted,1,6.7018e-07,1.44496e-10,5.63501e-11,5.50668e-11,1.02044e-10,1.02044e-10,1.96717,0.103069,1.86221,0.0106846,0.0668106,0.0448978,0.0219127,,best_validation_checkpoint_1.bin
302,232,accepted,1,8.52859e-07,7.22478e-11,5.63302e-11,5.50722e-11,1.01955e-10,1.01955e-10,2.09611,0.103416,1.99086,0.0103177,0.0678326,0.045288,0.0225445,,best_validation_checkpoint_0.bin
303,232,rejected,1,2.37382e-06,7.22478e-10,5.63302e-11,5.50722e-11,1.01955e-10,1.01955e-10,2.05227,0.103324,1.94688,0.0113323,0.0232667,0.0232666,0,,
304,233,accepted,0,2.37382e-06,3.61239e-10,5.63076e-11,5.49998e-11,1.01853e-10,1.01853e-10,0,0,0,0.0112069,0.0682087,0.0458045,0.022404,,best_validation_checkpoint_1.bin
305,234,accepted,1,3.69127e-07,1.80619e-10,5.62942e-11,5.50048e-11,1.01817e-10,1.01817e-10,2.05421,0.103009,1.9493,0.0109561,0.0678623,0.0455731,0.0222891,,best_validation_checkpoint_0.bin
306,235,accepted,1,5.04876e-07,9.03097e-11,5.62726e-11,5.49986e-11,1.01734e-10,1.01734e-10,2.02644,0.104138,1.9197,0.0104161,0.067461,0.0454803,0.0219805,,best_validation_checkpoint_1.bin
307,235,rejected,1,1.42708e-06,9.03097e-10,5.62726e-11,5.49986e-11,1.01734e-10,1.01734e-10,1.92969,0.108166,1.81945,0.0133112,0.0231105,0.0231103,0,,
308,236,accepted,0,1.42708e-06,4.51548e-10,5.62611e-11,5.49572e-11,1.01671e-10,1.01671e-10,0,0,0,0.0115336,0.0686595,0.0454747,0.0231848,,best_validation_checkpoint_0.bin
309,237,accepted,1,2.22314e-07,2.25774e-10,5.62504e-11,5.49575e-11,1.01639e-10,1.01639e-10,2.0625,0.104715,1.95576,0.0116201,0.0668414,0.0451518,0.0216895,,best_validation_checkpoint_1.bin
310,238,accepted,1,2.99549e-07,1.12887e-10,5.6231e-11,5.49477e-11,1.01568e-10,1.01568e-10,2.08031,0.103658,1.97482,0.0115092,0.0687821,0.0458346,0.0229473,,best_validation_checkpoint_0.bin
311,239,accepted,1,8.74729e-07,5.64436e-11,5.62224e-11,5.49775e-11,1.01484e-10,1.01484e-10,2.02167,0.104345,1.91535,0.0113173,0.0685225,0.0459931,0.0225292,,best_validation_checkpoint_1.bin
312,239,rejected,1,3.16976e-06,5.64436e-10,5.62224e-11,5.49775e-11,1.01484e-10,1.01484e-10,2.08088,0.10896,1.9701,0.0108753,0.0241546,0.0241544,0,,
313,240,accepted,0,3.16976e-06,2.82218e-10,5.61775e-11,5.48682e-11,1.01334e-10,1.01334e-10,0,0,0,0.0112943,0.0691034,0.0456744,0.0234288,,best_validation_checkpoint_0.bin
314,241,accepted,1,4.90864e-07,1.41109e-10,5.61613e-11,5.48752e-11,1.01292e-10,1.01292e-10,2.04777,0.105159,1.94067,0.0111998,0.0675188,0.0453194,0.0221992,,best_validation_checkpoint_1.bin
315,242,accepted,1,6.29425e-07,7.05544e-11,5.61403e-11,5.48714e-11,1.01196e-10,1.01196e-10,2.02065,0.107019,1.91037,0.011954,0.0674094,0.0452531,0.0221563,,best_validation_checkpoint_0.bin
316,242,rejected,1,1.75113e-06,7.05544e-10,5.61403e-11,5.48714e-11,1.01196e-10,1.01196e-10,2.03584,0.104419,1.92947,0.0108344,0.0227999,0.0227996,0,,
317,243,accepted,0,1.75113e-06,3.52772e-10,5.61199e-11,5.48167e-11,1.01114e-10,1.01114e-10,0,0,0,0.011268,0.067548,0.0450898,0.022458,,best_validation_checkpoint_1.bin
318,244,accepted,1,2.52212e-07,1.76386e-10,5.61067e-11,5.48168e-11,1.01075e-10,1.01075e-10,2.00838,0.103778,1.90274,0.0105638,0.0663204,0.0450631,0.0212571,,best_validation_checkpoint_0.bin
319,245,accepted,1,3.93742e-07,8.81931e-11,5.60851e-11,5.48057e-11,1.00989e-10,1.00989e-10,2.07187,0.104385,1.96574,0.0122203,0.0683956,0.0457845,0.0226111,,best_validation_checkpoint_1.bin
320,245,rejected,1,1.08144e-06,8.81931e-10,5.60851e-11,5.48057e-11,1.00989e-10,1.00989e-10,2.13531,0.105137,2.02824,0.0116432,0.0234417,0.0234415,0,,
321,246,accepted,0,1.08144e-06,4.40965e-10,5.60743e-11,5.47741e-11,1.00939e-10,1.00939e-10,0,0,0,0.0114576,0.0681698,0.0460071,0.0221625,,best_validation_checkpoint_0.bin
322,247,accepted,1,1.41566e-07,2.20483e-10,5.60638e-11,5.47714e-11,1.00905e-10,1.00905e-10,2.05257,0.102216,1.94839,0.0120961,0.0683572,0.0461356,0.0222216,,best_validation_checkpoint_1.bin
323,248,accepted,1,2.40029e-07,1.10241e-10,5.60445e-11,5.47594e-11,1.00832e-10,1.00832e-10,2.0388,0.104272,1.93281,0.0108473,0.0674295,0.0450953,0.0223341,,best_validation_checkpoint_0.bin
324,249,accepted,1,6.93386e-07,5.51207e-11,5.60328e-11,5.47759e-11,1.00735e-10,1.00735e-10,2.07582,0.103602,1.97034,0.0112622,0.0667369,0.0449316,0.0218051,,best_validation_checkpoint_1.bin
325,249,rejected,1,2.48645e-06,5.51207e-10,5.60328e-11,5.47759e-11,1.00735e-10,1.00735e-10,2.07128,0.104919,1.96463,0.0109327,0.0227328,0.0227325,0,,
326,250,accepted,0,2.48645e-06,2.75603e-10,5.59921e-11,5.46875e-11,1.00609e-10,1.00609e-10,0,0,0,0.0112075,0.0672625,0.045299,0.0219635,,best_validation_checkpoint_0.bin
327,251,accepted,1,3.73845e-07,1.37802e-10,5.59761e-11,5.46895e-11,1.00563e-10,1.00563e-10,2.04555,0.103448,1.94004,0.0127716,0.0675122,0.045071,0.0224411,,best_validation_checkpoint_1.bin
328,252,accepted,1,5.14775e-07,6.89008e-11,5.59545e-11,5.4681e-11,1.00462e-10,1.00462e-10,2.02884,0.104152,1.92291,0.0098796,0.0679272,0.0454754,0.0224517,,best_validation_checkpoint_0.bin
329,252,rejected,1,1.43913e-06,6.89008e-10,5.59545e-11,5.4681e-11,1.00462e-10,1.00462e-10,2.03287,0.103703,1.9275,0.0109127,0.0231818,0.0231817,0,,
330,253,accepted,0,1.43913e-06,3.44504e-10,5.59354e-11,5.46356e-11,1.0039e-10,1.0039e-10,0,0,0,0.011479,0.0671983,0.0451951,0.022003,,best_validation_checkpoint_1.bin
331,254,accepted,1,1.92794e-07,1.72252e-10,5.59224e-11,5.46321e-11,1.00348e-10,1.00348e-10,2.00329,0.102811,1.89841,0.0116857,0.0688684,0.0466682,0.0222002,,best_validation_checkpoint_0.bin
332,255,accepted,1,2.83638e-07,8.6126e-11,5.59007e-11,5.46183e-11,1.0026e-10,1.0026e-10,2.06321,0.104557,1.95659,0.0113403,0.0676979,0.0450926,0.0226051,,best_validation_checkpoint_1.bin
333,255,rejected,1,8.5186e-07,8.6126e-10,5.59007e-11,5.46183e-11,1.0026e-10,1.0026e-10,2.03608,0.104767,1.92906,0.0113083,0.0231379,0.0231378,0,,
334,256,accepted,0,8.5186e-07,4.3063e-10,5.58905e-11,5.45931e-11,1.00215e-10,1.00215e-10,0,0,0,0.0103318,0.0671693,0.0451639,0.0220054,,best_validation_checkpoint_0.bin
335,257,accepted,1,1.08379e-07,2.15315e-10,5.58801e-11,5.45882e-11,1.00179e-10,1.00179e-10,2.08861,0.104335,1.9816,0.010553,0.0693348,0.046894,0.0224408,,best_validation_checkpoint_1.bin
336,258,accepted,1,1.6693e-07,1.07658e-10,5.5861e-11,5.45739e-11,1.00105e-10,1.00105e-10,2.0702,0.102533,1.96595,0.0136611,0.0682083,0.0455873,0.022621,,best_validation_checkpoint_0.bin
337,259,accepted,1,5.15913e-07,5.38288e-11,5.58474e-11,5.45792e-11,9.99976e-11,9.99976e-11,2.10345,0.103097,1.99841,0.0120553,0.0676756,0.0455674,0.0221081,checkpoint_337.bin,best_validation_checkpoint_1.bin
338,259,rejected,1,1.904e-06,5.38288e-10,5.58474e-11,5.45792e-11,9.99976e-11,9.99976e-11,2.05466,0.104532,1.94837,0.011101,0.02306,0.0230597,0,,
339,260,accepted,0,1.904e-06,2.69144e-10,5.58092e-11,5.45101e-11,9.98942e-11,9.98942e-11,0,0,0,0.0116137,0.0673003,0.0452806,0.0220196,,best_validation_checkpoint_0.bin
340,261,accepted,1,2.29734e-07,1.34572e-10,5.57934e-11,5.45058e-11,9.98423e-11,9.98423e-11,2.07419,0.1046,1.96757,0.0107812,0.0682679,0.0456823,0.0225855,,best_validation_checkpoint_1.bin
341,262,accepted,1,3.74151e-07,6.7286e-11,5.57715e-11,5.44926e-11,9.97375e-11,9.97375e-11,2.02918,0.104619,1.92279,0.0107418,0.0673781,0.0451557,0.0222223,,best_validation_checkpoint_0.bin
342,262,rejected,1,1.12351e-06,6.7286e-10,5.57715e-11,5.44926e-11,9.97375e-11,9.97375e-11,2.01463,0.103446,1.90938,0.010576,0.0227896,0.0227894,0,,
343,263,accepted,0,1.12351e-06,3.3643e-10,5.57532e-11,5.44571e-11,9.96773e-11,9.96773e-11,0,0,0,0.0121109,0.0679041,0.0457905,0.0221135,,best_validation_checkpoint_1.bin
344,264,accepted,1,1.29205e-07,1.68215e-10,5.57404e-11,5.44505e-11,9.96324e-11,9.96324e-11,2.09888,0.10446,1.99238,0.0111128,0.0678948,0.046021,0.0218737,,best_validation_checkpoint_0.bin
345,265,accepted,1,2.10225e-07,8.41075e-11,5.57187e-11,5.44336e-11,9.95416e-11,9.95416e-11,2.06205,0.104656,1.95572,0.0113904,0.0674533,0.0453675,0.0220856,,best_validation_checkpoint_1.bin
346,265,rejected,1,6.62246e-07,8.41075e-10,5.57187e-11,5.44336e-11,9.95416e-11,9.95416e-11,1.97841,0.103875,1.87276,0.0103977,0.0232788,0.0232785,0,,
347,266,accepted,0,6.62246e-07,4.20537e-10,5.57088e-11,5.44145e-11,9.95041e-11,9.95041e-11,0,0,0,0.011531,0.0675077,0.0454691,0.0220385,,best_validation_checkpoint_0.bin
348,267,accepted,1,6.91051e-08,2.10269e-10,5.56985e-11,5.44076e-11,9.94667e-11,9.94667e-11,2.07418,0.102848,1.96933,0.0127551,0.0676534,0.0453184,0.0223349,,best_validation_checkpoint_1.bin
349,268,accepted,1,1.21608e-07,1.05134e-10,5.56795e-11,5.43916e-11,9.93912e-11,9.93912e-11,1.98307,0.103895,1.87715,0.011075,0.0678625,0.0455754,0.0222871,,best_validation_checkpoint_0.bin
350,269,accepted,1,4.03867e-07,5.25672e-11,5.56651e-11,5.43878e-11,9.92742e-11,9.92742e-11,2.07468,0.102661,1.96954,0.0129454,0.0679352,0.0455249,0.0224102,,best_validation_checkpoint_1.bin
351,269,rejected,1,1.50358e-06,5.25672e-10,5.56651e-11,5.43878e-11,9.92742e-11,9.92742e-11,2.14605,0.105804,2.03847,0.0111863,0.0229124,0.0229121,0,,
352,270,accepted,0,1.50358e-06,2.62836e-10,5.56283e-11,5.43334e-11,9.91878e-11,9.91878e-11,0,0,0,0.0111036,0.0678373,0.0458108,0.0220265,,best_validation_checkpoint_0.bin
353,271,accepted,1,1.46645e-07,1.31418e-10,5.56126e-11,5.4324e-11,9.91311e-11,9.91311e-11,2.03808,0.104098,1.93202,0.0108251,0.0643468,0.0436726,0.0206741,,best_validation_checkpoint_1.bin
354,272,accepted,1,2.55273e-07,6.57089e-11,5.55906e-11,5.43073e-11,9.90231e-11,9.90231e-11,2.01893,0.104073,1.91284,0.0114777,0.0671847,0.0452227,0.021962,,best_validation_checkpoint_0.bin
355,272,rejected,1,9.11215e-07,6.57089e-10,5.55906e-11,5.43073e-11,9.90231e-11,9.90231e-11,2.05539,0.103866,1.94976,0.0108609,0.0231738,0.0231736,0,,
356,273,accepted,0,9.11215e-07,3.28545e-10,5.55728e-11,5.42801e-11,9.89725e-11,9.89725e-11,0,0,0,0.0121962,0.0673667,0.0451244,0.0222423,,best_validation_checkpoint_1.bin
357,274,accepted,1,7.52386e-08,1.64272e-10,5.556e-11,5.42707e-11,9.89253e-11,9.89253e-11,2.03345,0.103676,1.92784,0.0107365,0.0648464,0.0428193,0.022027,,best_validation_checkpoint_0.bin
358,275,accepted,1,1.53407e-07,8.21362e-11,5.55384e-11,5.42518e-11,9.88327e-11,9.88327e-11,2.04244,0.103871,1.93679,0.0102476,0.0670854,0.0450632,0.0220222,,best_validation_checkpoint_1.bin
359,275,rejected,1,5.53616e-07,8.21362e-10,5.55384e-11,5.42518e-11,9.88327e-11,9.88327e-11,2.09622,0.104483,1.98992,0.0104034,0.0233023,0.0233022,0,,
360,276,accepted,0,5.53616e-07,4.10681e-10,5.55287e-11,5.42374e-11,9.88007e-11,9.88007e-11,0,0,0,0.0112181,0.0674223,0.0453545,0.0220678,,best_validation_checkpoint_0.bin
361,277,accepted,1,3.9599e-08,2.0534e-10,5.55184e-11,5.42288e-11,9.87622e-11,9.87622e-11,2.12965,0.103793,2.02411,0.0118148,0.0686199,0.0463418,0.022278,,best_validation_checkpoint_1.bin
362,278,accepted,1,9.20606e-08,1.0267e-10,5.54995e-11,5.42115e-11,9.86855e-11,9.86855e-11,1.9814,0.102874,1.87669,0.0105489,0.0668496,0.0445523,0.0222972,,best_validation_checkpoint_0.bin
363,279,accepted,1,3.42053e-07,5.13351e-11,5.54849e-11,5.42006e-11,9.85611e-11,9.85611e-11,2.09919,0.103394,1.99382,0.0113106,0.0681369,0.0457059,0.022431,,best_validation_checkpoint_1.bin
364,279,rejected,1,1.29905e-06,5.13351e-10,5.54849e-11,5.42006e-11,9.85611e-11,9.85611e-11,2.09517,0.103164,1.99022,0.0124658,0.0234158,0.0234157,0,,
365,280,accepted,0,1.29905e-06,2.56676e-10,5.54487e-11,5.41581e-11,9.84886e-11,9.84886e-11,0,0,0,0.0115503,0.0675208,0.0449793,0.0225414,,best_validation_checkpoint_0.bin
366,281,accepted,1,7.02238e-08,1.28338e-10,5.54331e-11,5.41449e-11,9.84282e-11,9.84282e-11,2.06171,0.103856,1.95609,0.0120805,0.0680672,0.0459608,0.0221064,,best_validation_checkpoint_1.bin
367,282,accepted,1,2.10456e-07,6.41689e-11,5.54111e-11,5.41232e-11,9.83149e-11,9.83149e-11,2.07482,0.104667,1.96838,0.012013,0.0675956,0.0455029,0.0220927,,best_validation_checkpoint_0.bin
368,282,rejected,1,7.99605e-07,6.41689e-10,5.54111e-11,5.41232e-11,9.83149e-11,9.83149e-11,2.12487,0.103111,2.02,0.0103981,0.0231382,0.0231381,0,,
369,283,accepted,0,7.99605e-07,3.20844e-10,5.53935e-11,5.41045e-11,9.8274e-11,9.8274e-11,0,0,0,0.0110611,0.0671622,0.0450366,0.0221255,,best_validation_checkpoint_1.bin
370,284,accepted,1,3.20512e-08,1.60422e-10,5.53808e-11,5.40925e-11,9.82243e-11,9.82243e-11,2.1352,0.102776,2.03073,0.0113884,0.0677753,0.0453041,0.0224712,,best_validation_checkpoint_0.bin
371,285,accepted,1,1.2868e-07,8.02111e-11,5.53592e-11,5.40711e-11,9.81292e-11,9.81292e-11,2.04528,0.104008,1.93926,0.01056,0.0677035,0.0451923,0.0225111,,best_validation_checkpoint_1.bin
372,285,rejected,1,5.03333e-07,8.02111e-10,5.53592e-11,5.40711e-11,9.81292e-11,9.81292e-11,2.09772,0.10405,1.99189,0.0114344,0.023012,0.0230117,0,,
373,286,accepted,0,5.03333e-07,4.01056e-10,5.53496e-11,5.40612e-11,9.81026e-11,9.81026e-11,0,0,0,0.0114795,0.0676677,0.0455982,0.0220694,,best_validation_checkpoint_0.bin
374,287,accepted,1,2.04165e-08,2.00528e-10,5.53394e-11,5.40513e-11,9.80627e-11,9.80627e-11,2.12684,0.103387,2.02174,0.009236,0.0675939,0.045425,0.0221687,,best_validation_checkpoint_1.bin
375,288,accepted,1,8.04005e-08,1.00264e-10,5.53206e-11,5.40323e-11,9.79845e-11,9.79845e-11,2.08789,0.103403,1.98269,0.0103452,0.0672816,0.0448724,0.0224092,,best_validation_checkpoint_0.bin
376,289,accepted,1,3.18004e-07,5.01319e-11,5.53061e-11,5.40142e-11,9.78523e-11,9.78523e-11,2.10186,0.105057,1.99485,0.0116047,0.0672061,0.0450477,0.0221584,,best_validation_checkpoint_1.bin
377,289,rejected,1,1.26687e-06,5.01319e-10,5.53061e-11,5.40142e-11,9.78523e-11,9.78523e-11,2.03241,0.105033,1.92536,0.0100602,0.0231847,0.0231845,0,,
378,290,accepted,0,1.26687e-06,2.5066e-10,5.52699e-11,5.39837e-11,9.77934e-11,9.77934e-11,0,0,0,0.0118973,0.0680714,0.0460768,0.0219944,,best_validation_checkpoint_0.bin
379,291,accepted,1,5.97726e-08,1.2533e-10,5.52544e-11,5.39664e-11,9.77292e-11,9.77292e-11,2.06451,0.104386,1.95804,0.0113647,0.0679423,0.0457917,0.0221504,,best_validation_checkpoint_1.bin
380,292,accepted,1,2.04317e-07,6.26649e-11,5.52326e-11,5.39426e-11,9.76134e-11,9.76134e-11,2.06827,0.102101,1.96432,0.0124021,0.0681313,0.0459798,0.0221515,,best_validation_checkpoint_0.bin
381,292,rejected,1,8.0405e-07,6.26649e-10,5.52326e-11,5.39426e-11,9.76134e-11,9.76134e-11,2.11124,0.104717,2.0047,0.0128624,0.0231724,0.0231722,0,,
382,293,accepted,0,8.0405e-07,3.13325e-10,5.52149e-11,5.3929e-11,9.75786e-11,9.75786e-11,0,0,0,0.0118868,0.0669801,0.0449947,0.0219853,,best_validation_checkpoint_1.bin
383,294,accepted,1,3.98799e-08,1.56662e-10,5.52022e-11,5.39149e-11,9.7527e-11,9.7527e-11,1.96854,0.104055,1.8626,0.0116282,0.067238,0.0452706,0.0219673,,best_validation_checkpoint_0.bin
384,295,accepted,1,1.34434e-07,7.83312e-11,5.51808e-11,5.38918e-11,9.74301e-11,9.74301e-11,1.97503,0.105828,1.86739,0.011268,0.0679603,0.0455718,0.0223883,,best_validation_checkpoint_1.bin
385,295,rejected,1,5.21714e-07,7.83312e-10,5.51808e-11,5.38918e-11,9.74301e-11,9.74301e-11,2.1196,0.12172,1.99589,0.0114919,0.0243619,0.0243617,0,,
386,296,accepted,0,5.21714e-07,3.91656e-10,5.51711e-11,5.38857e-11,9.74078e-11,9.74078e-11,0,0,0,0.0118072,0.0687571,0.0459825,0.0227744,,best_validation_checkpoint_0.bin
387,297,accepted,1,3.0308e-08,1.95828e-10,5.51609e-11,5.38744e-11,9.73664e-11,9.73664e-11,2.10874,0.104197,2.00271,0.0117268,0.0672239,0.0451058,0.022118,,best_validation_checkpoint_1.bin
388,298,accepted,1,8.81279e-08,9.7914e-11,5.51422e-11,5.38546e-11,9.72873e-11,9.72873e-11,2.06626,0.106317,1.95803,0.0111661,0.067527,0.0445303,0.0229967,,best_validation_checkpoint_0.bin
389,299,accepted,1,3.33533e-07,4.8957e-11,5.51282e-11,5.38317e-11,9.71496e-11,9.71496e-11,2.11287,0.104911,2.00617,0.0112772,0.0676826,0.0453626,0.0223199,,best_validation_checkpoint_1.bin
390,299,rejected,1,1.36442e-06,4.8957e-10,5.51282e-11,5.38317e-11,9.71496e-11,9.71496e-11,1.99158,0.103697,1.88613,0.0117543,0.0231259,0.0231257,0,,
391,300,accepted,0,1.36442e-06,2.44785e-10,5.50916e-11,5.3809e-11,9.71001e-11,9.71001e-11,0,0,0,0.0121368,0.067715,0.0456741,0.0220409,,best_validation_checkpoint_0.bin
392,301,accepted,1,1.05733e-07,1.22392e-10,5.5076e-11,5.37895e-11,9.70337e-11,9.70337e-11,2.09424,0.10299,1.98927,0.0112347,0.0665961,0.0445527,0.0220433,,best_validation_checkpoint_1.bin
393,302,accepted,1,2.18255e-07,6.11962e-11,5.50544e-11,5.37628e-11,9.69144e-11,9.69144e-11,1.99418,0.104015,1.88803,0.0121673,0.0672601,0.045086,0.022174,,best_validation_checkpoint_0.bin
394,302,rejected,1,8.63574e-07,6.11962e-10,5.50544e-11,5.37628e-11,9.69144e-11,9.69144e-11,2.07433,0.117565,1.95448,0.0110704,0.0233353,0.0233351,0,,
395,303,accepted,0,8.63574e-07,3.05981e-10,5.50365e-11,5.37538e-11,9.68853e-11,9.68853e-11,0,0,0,0.0106982,0.0680074,0.0459404,0.022067,,best_validation_checkpoint_1.bin
396,304,accepted,1,6.47944e-08,1.52991e-10,5.50239e-11,5.37383e-11,9.68323e-11,9.68323e-11,2.01656,0.102498,1.91225,0.0107416,0.0673879,0.0449886,0.0223991,,best_validation_checkpoint_0.bin
397,305,accepted,1,1.5094e-07,7.64953e-11,5.50025e-11,5.37133e-11,9.67331e-11,9.67331e-11,2.05728,0.104248,1.95083,0.0111649,0.0670703,0.0457921,0.021278,,best_validation_checkpoint_1.bin
398,305,rejected,1,5.73992e-07,7.64953e-10,5.50025e-11,5.37133e-11,9.67331e-11,9.67331e-11,2.07003,0.102887,1.96535,0.0112391,0.0230335,0.0230334,0,,
399,306,accepted,0,5.73992e-07,3.82476e-10,5.49928e-11,5.37104e-11,9.67146e-11,9.67146e-11,0,0,0,0.0111175,0.0676497,0.0454298,0.0222198,,best_validation_checkpoint_0.bin
400,307,accepted,1,4.88298e-08,1.91238e-10,5.49826e-11,5.3698e-11,9.66724e-11,9.66724e-11,2.16917,0.103884,2.06338,0.0103573,0.0666924,0.0443857,0.0223067,,best_validation_checkpoint_1.bin
401,308,accepted,1,1.01832e-07,9.56191e-11,5.49639e-11,5.36769e-11,9.65918e-11,9.65918e-11,2.11321,0.103271,2.00791,0.0117206,0.067558,0.0455327,0.0220251,,best_validation_checkpoint_0.bin
402,309,accepted,1,3.75028e-07,4.78096e-11,5.49504e-11,5.36502e-11,9.64495e-11,9.64495e-11,2.07083,0.104495,1.96452,0.0120933,0.0674101,0.0450478,0.0223622,,best_validation_checkpoint_1.bin
403,309,rejected,1,1.52421e-06,4.78096e-10,5.49504e-11,5.36502e-11,9.64495e-11,9.64495e-11,2.01165,0.103373,1.90654,0.0111844,0.0228846,0.0228844,0,,
404,310,accepted,0,1.52421e-06,2.39048e-10,5.49133e-11,5.36342e-11,9.64082e-11,9.64082e-11,0,0,0,0.0120985,0.067826,0.0457325,0.0220935,,best_validation_checkpoint_0.bin
405,311,accepted,1,1.4454e-07,1.19524e-10,5.48977e-11,5.36118e-11,9.63385e-11,9.63385e-11,2.0827,0.103636,1.97711,0.010606,0.0672965,0.0452816,0.0220148,,best_validation_checkpoint_1.bin
406,312,accepted,1,2.71199e-07,5.97619e-11,5.48764e-11,5.35824e-11,9.6216e-11,9.6216e-11,2.04295,0.104808,1.93629,0.0110186,0.0680228,0.045946,0.0220767,,best_validation_checkpoint_0.bin
407,312,rejected,1,1.00384e-06,5.97619e-10,5.48764e-11,5.35824e-11,9.6216e-11,9.6216e-11,2.09589,0.104888,1.98923,0.0116485,0.0233837,0.0233836,0,,
408,313,accepted,0,1.00384e-06,2.9881e-10,5.48582e-11,5.35789e-11,9.61929e-11,9.61929e-11,0,0,0,0.0138237,0.0681379,0.0461496,0.0219883,,best_validation_checkpoint_1.bin
409,314,accepted,1,9.90233e-08,1.49405e-10,5.48456e-11,5.35614e-11,9.61381e-11,9.61381e-11,2.06776,0.102888,1.96291,0.0107625,0.0669963,0.044985,0.0220113,,best_validation_checkpoint_0.bin
410,315,accepted,1,1.85572e-07,7.47024e-11,5.48243e-11,5.35349e-11,9.6037e-11,9.6037e-11,2.04311,0.105044,1.93626,0.0112939,0.0677938,0.0453597,0.022434,,best_validation_checkpoint_1.bin
411,315,rejected,1,6.56561e-07,7.47024e-10,5.48243e-11,5.35349e-11,9.6037e-11,9.6037e-11,2.03243,0.103387,1.92706,0.0117057,0.0231455,0.0231453,0,,
412,316,accepted,0,6.56561e-07,3.73512e-10,5.48144e-11,5.3535e-11,9.60219e-11,9.60219e-11,0,0,0,0.015028,0.066506,0.0448648,0.021641,,best_validation_checkpoint_0.bin
413,317,accepted,1,6.84214e-08,1.86756e-10,5.48042e-11,5.35215e-11,9.59785e-11,9.59785e-11,2.04828,0.104195,1.94213,0.0112155,0.0671698,0.0451793,0.0219904,,best_validation_checkpoint_1.bin
414,318,accepted,1,1.24324e-07,9.3378e-11,5.47855e-11,5.34995e-11,9.58968e-11,9.58968e-11,2.09821,0.104601,1.99183,0.0117286,0.0670905,0.0451067,0.0219838,,best_validation_checkpoint_0.bin
415,319,accepted,1,4.26901e-07,4.6689e-11,5.47729e-11,5.34687e-11,9.57494e-11,9.57494e-11,2.09536,0.103714,1.98988,0.0113081,0.0674685,0.0453922,0.0220763,,best_validation_checkpoint_1.bin
416,319,rejected,1,1.74478e-06,4.6689e-10,5.47729e-11,5.34687e-11,9.57494e-11,9.57494e-11,2.09275,0.103346,1.98757,0.0123248,0.0232812,0.023281,0,,
417,320,accepted,0,1.74478e-06,2.33445e-10,5.47347e-11,5.34593e-11,9.57153e-11,9.57153e-11,0,0,0,0.0113834,0.0679355,0.0450757,0.0228598,,best_validation_checkpoint_0.bin
418,321,accepted,1,1.85157e-07,1.16723e-10,5.47192e-11,5.34346e-11,9.56441e-11,9.56441e-11,2.02931,0.103324,1.9242,0.0107133,0.0670925,0.0450722,0.0220202,,best_validation_checkpoint_1.bin
419,322,accepted,1,3.17088e-07,5.83613e-11,5.4698e-11,5.34034e-11,9.55194e-11,9.55194e-11,2.06838,0.104491,1.96214,0.0110568,0.0667915,0.0439928,0.0227986,,best_validation_checkpoint_0.bin
420,322,rejected,1,1.11469e-06,5.83613e-10,5.4698e-11,5.34034e-11,9.55194e-11,9.55194e-11,2.12524,0.103476,2.01994,0.0103572,0.0231478,0.0231474,0,,
421,323,accepted,0,1.11469e-06,2.91806e-10,5.46795e-11,5.34035e-11,9.55004e-11,9.55004e-11,0,0,0,0.0109855,0.0666165,0.0447739,0.0218425,,best_validation_checkpoint_1.bin
422,324,accepted,1,1.23468e-07,1.45903e-10,5.46669e-11,5.33846e-11,9.54442e-11,9.54442e-11,2.10365,0.105228,1.99515,0.0120502,0.0674102,0.0454621,0.021948,,best_validation_checkpoint_0.bin
423,325,accepted,1,2.17349e-07,7.29516e-11,5.46456e-11,5.33569e-11,9.53416e-11,9.53416e-11,2.06435,0.103695,1.95886,0.0104091,0.0675772,0.045573,0.0220042,,best_validation_checkpoint_1.bin
424,325,rejected,1,7.31475e-07,7.29516e-10,5.46456e-11,5.33569e-11,9.53416e-11,9.53416e-11,2.05116,0.10482,1.94458,0.0110845,0.0229353,0.022935,0,,
425,326,accepted,0,7.31475e-07,3.64758e-10,5.46356e-11,5.33593e-11,9.53292e-11,9.53292e-11,0,0,0,0.012631,0.0674185,0.0450492,0.0223691,,best_validation_checkpoint_0.bin
426,327,accepted,1,8.30716e-08,1.82379e-10,5.46254e-11,5.33449e-11,9.52849e-11,9.52849e-11,2.01922,0.102903,1.91416,0.0117389,0.0673007,0.045322,0.0219787,,best_validation_checkpoint_1.bin
427,328,accepted,1,1.44501e-07,9.11895e-11,5.46067e-11,5.33218e-11,9.52019e-11,9.52019e-11,2.05471,0.102134,1.95073,0.0107487,0.0668411,0.0441038,0.0227371,,best_validation_checkpoint_0.bin
428,329,accepted,1,4.83962e-07,4.55947e-11,5.45949e-11,5.32873e-11,9.50498e-11,9.50498e-11,2.01603,0.105042,1.9091,0.0100757,0.0682035,0.0458981,0.0223053,,best_validation_checkpoint_1.bin
429,329,rejected,1,1.98559e-06,4.55947e-10,5.45949e-11,5.32873e-11,9.50498e-11,9.50498e-11,2.0929,0.103781,1.98734,0.0112912,0.0219525,0.0219522,0,,
430,330,accepted,0,1.98559e-06,2.27974e-10,5.45557e-11,5.32845e-11,9.50226e-11,9.50226e-11,0,0,0,0.010426,0.0666537,0.0446521,0.0220016,,best_validation_checkpoint_0.bin
431,331,accepted,1,2.50978e-07,1.13987e-10,5.45401e-11,5.32566e-11,9.49481e-11,9.49481e-11,2.11745,0.103331,2.01241,0.0104277,0.0674903,0.0452878,0.0222023,,best_validation_checkpoint_1.bin
432,332,accepted,1,3.88581e-07,5.69934e-11,5.45194e-11,5.32227e-11,9.482e-11,9.482e-11,2.002,0.103745,1.89649,0.0119977,0.0676169,0.0451976,0.0224193,,best_validation_checkpoint_0.bin
433,332,rejected,1,1.31459e-06,5.69934e-10,5.45194e-11,5.32227e-11,9.482e-11,9.482e-11,2.08292,0.104429,1.97659,0.0118754,0.0234796,0.0234794,0,,
434,333,accepted,0,1.31459e-06,2.84967e-10,5.45003e-11,5.32278e-11,9.48068e-11,9.48068e-11,0,0,0,0.0125707,0.0676813,0.045235,0.0224462,,best_validation_checkpoint_1.bin
435,334,accepted,1,1.59308e-07,1.42484e-10,5.44876e-11,5.32071e-11,9.47485e-11,9.47485e-11,2.12043,0.102408,2.01571,0.0118605,0.0678716,0.0450274,0.0228441,,best_validation_checkpoint_0.bin
436,335,accepted,1,2.6035e-07,7.12418e-11,5.44665e-11,5.31779e-11,9.46439e-11,9.46439e-11,2.09606,0.104112,1.99015,0.0109955,0.067589,0.045621,0.0219679,,best_validation_checkpoint_1.bin
437,335,rejected,1,8.40773e-07,7.12418e-10,5.44665e-11,5.31779e-11,9.46439e-11,9.46439e-11,2.02278,0.104816,1.91619,0.0111198,0.0233577,0.0233576,0,,
438,336,accepted,0,8.40773e-07,3.56209e-10,5.44562e-11,5.3183e-11,9.46348e-11,9.46348e-11,0,0,0,0.011494,0.0679301,0.0456263,0.0223038,,best_validation_checkpoint_0.bin
439,337,accepted,1,1.00731e-07,1.78104e-10,5.44459e-11,5.31677e-11,9.45892e-11,9.45892e-11,2.1331,0.103957,2.02718,0.0119892,0.0680014,0.0460713,0.02193,,best_validation_checkpoint_1.bin
440,338,accepted,1,1.64041e-07,8.90522e-11,5.44273e-11,5.31435e-11,9.45046e-11,9.45046e-11,2.14457,0.103192,2.03945,0.0105997,0.0679049,0.045705,0.0221999,,best_validation_checkpoint_0.bin
441,339,accepted,1,5.55338e-07,4.45261e-11,5.44165e-11,5.31066e-11,9.43492e-11,9.43492e-11,2.00602,0.104625,1.89959,0.010725,0.0671119,0.0452154,0.0218964,,best_validation_checkpoint_1.bin
442,339,rejected,1,2.20492e-06,4.45261e-10,5.44165e-11,5.31066e-11,9.43492e-11,9.43492e-11,2.05232,0.104749,1.94588,0.0102601,0.0236473,0.0236472,0,,
443,340,accepted,0,2.20492e-06,2.22631e-10,5.4376e-11,5.31079e-11,9.43276e-11,9.43276e-11,0,0,0,0.0101357,0.0681173,0.045475,0.0226422,,best_validation_checkpoint_0.bin
444,341,accepted,1,2.65128e-07,1.11315e-10,5.43603e-11,5.30795e-11,9.42522e-11,9.42522e-11,2.19818,0.105311,2.09072,0.0104337,0.0678573,0.0455791,0.0222782,,best_validation_checkpoint_1.bin
445,342,accepted,1,3.91892e-07,5.56576e-11,5.43398e-11,5.30436e-11,9.41213e-11,9.41213e-11,2.03203,0.104649,1.9256,0.0103003,0.0681508,0.0456934,0.0224573,,best_validation_checkpoint_0.bin
446,342,rejected,1,1.40801e-06,5.56576e-10,5.43398e-11,5.30436e-11,9.41213e-11,9.41213e-11,2.05766,0.104219,1.95131,0.0127267,0.0235878,0.0235875,0,,
447,343,accepted,0,1.40801e-06,2.78288e-10,5.43203e-11,5.30508e-11,9.41104e-11,9.41104e-11,0,0,0,0.0113298,0.0689326,0.0453422,0.0235903,,best_validation_checkpoint_1.bin
448,344,accepted,1,1.63726e-07,1.39144e-10,5.43076e-11,5.30295e-11,9.40515e-11,9.40515e-11,2.08244,0.104824,1.97577,0.0110603,0.0669665,0.045618,0.0213483,,best_validation_checkpoint_0.bin
449,345,accepted,1,2.75526e-07,6.95721e-11,5.42865e-11,5.29993e-11,9.39453e-11,9.39453e-11,2.10298,0.103607,1.99749,0.0108808,0.0691424,0.0473167,0.0218255,,best_validation_checkpoint_1.bin
450,345,rejected,1,8.98406e-07,6.95721e-10,5.42865e-11,5.29993e-11,9.39453e-11,9.39453e-11,2.02429,0.103366,1.9191,0.0108936,0.0230618,0.0230617,0,,
451,346,accepted,0,8.98406e-07,3.4786e-10,5.4276e-11,5.30059e-11,9.39377e-11,9.39377e-11,0,0,0,0.0115534,0.0673941,0.0450524,0.0223416,,best_validation_checkpoint_0.bin
452,347,accepted,1,1.12051e-07,1.7393e-10,5.42657e-11,5.29899e-11,9.38914e-11,9.38914e-11,2.11426,0.10384,2.00759,0.0112686,0.0683787,0.0461085,0.0222702,,best_validation_checkpoint_1.bin
453,348,accepted,1,1.84394e-07,8.69651e-11,5.4247e-11,5.2965e-11,9.38057e-11,9.38057e-11,2.09309,0.103851,1.98724,0.0119043,0.0682799,0.045596,0.0226838,,best_validation_checkpoint_0.bin
454,349,accepted,1,6.01901e-07,4.34825e-11,5.42373e-11,5.29246e-11,9.36455e-11,9.36455e-11,2.05697,0.104126,1.95103,0.0115902,0.0677914,0.0457235,0.0220678,,best_validation_checkpoint_1.bin
455,349,rejected,1,2.45201e-06,4.34825e-10,5.42373e-11,5.29246e-11,9.36455e-11,9.36455e-11,2.05781,0.103767,1.95223,0.0114566,0.0231451,0.0231449,0,,
456,350,accepted,0,2.45201e-06,2.17413e-10,5.41954e-11,5.29312e-11,9.36299e-11,9.36299e-11,0,0,0,0.0266768,0.0666287,0.0456476,0.020981,,best_validation_checkpoint_0.bin
457,351,accepted,1,3.09873e-07,1.08706e-10,5.41797e-11,5.28998e-11,9.35511e-11,9.35511e-11,2.02153,0.103132,1.91657,0.0115451,0.0671237,0.0452151,0.0219085,,best_validation_checkpoint_1.bin
458,352,accepted,1,4.79899e-07,5.43532e-11,5.41596e-11,5.28631e-11,9.34183e-11,9.34183e-11,2.07078,0.1044,1.96388,0.0113939,0.0672975,0.0451361,0.0221613,,best_validation_checkpoint_0.bin
459,352,rejected,1,1.55986e-06,5.43532e-10,5.41596e-11,5.28631e-11,9.34183e-11,9.34183e-11,2.12334,0.103698,2.01739,0.0105889,0.02336,0.0233598,0,,
460,353,accepted,0,1.55986e-06,2.71766e-10,5.41394e-11,5.28735e-11,9.3411e-11,9.3411e-11,0,0,0,0.0111099,0.0676103,0.04541,0.0222002,,best_validation_checkpoint_1.bin
461,354,accepted,1,1.94299e-07,1.35883e-10,5.41266e-11,5.28503e-11,9.33502e-11,9.33502e-11,2.02097,0.104808,1.91416,0.0113148,0.0681084,0.0457755,0.0223328,,best_validation_checkpoint_0.bin
462,355,accepted,1,3.29612e-07,6.79415e-11,5.41056e-11,5.28194e-11,9.32427e-11,9.32427e-11,1.97915,0.104723,1.87264,0.0112705,0.0670604,0.0452443,0.021816,,best_validation_checkpoint_1.bin
463,355,rejected,1,9.91272e-07,6.79415e-10,5.41056e-11,5.28194e-11,9.32427e-11,9.32427e-11,2.01355,0.104781,1.907,0.0110331,0.0213916,0.0213914,0,,
464,356,accepted,0,9.91272e-07,3.39707e-10,5.40948e-11,5.2828e-11,9.32374e-11,9.32374e-11,0,0,0,0.0103542,0.0671753,0.0454383,0.021737,,best_validation_checkpoint_0.bin
465,357,accepted,1,1.25193e-07,1.69854e-10,5.40845e-11,5.28111e-11,9.31902e-11,9.31902e-11,2.07837,0.104924,1.97152,0.0119461,0.0679967,0.0457264,0.0222701,,best_validation_checkpoint_1.bin
466,358,accepted,1,2.05448e-07,8.49268e-11,5.40657e-11,5.27859e-11,9.31034e-11,9.31034e-11,2.1306,0.102768,2.02595,0.0121234,0.0667455,0.0447065,0.0220389,,best_validation_checkpoint_0.bin
467,359,accepted,1,6.38323e-07,4.24634e-11,5.40572e-11,5.27429e-11,9.29395e-11,9.29395e-11,2.0562,0.103011,1.95084,0.010754,0.0649093,0.0447319,0.0201773,,best_validation_checkpoint_1.bin
468,359,rejected,1,2.65988e-06,4.24634e-10,5.40572e-11,5.27429e-11,9.29395e-11,9.29395e-11,1.99172,0.104254,1.88559,0.0126147,0.0230936,0.0230934,0,,
469,360,accepted,0,2.65988e-06,2.12317e-10,5.40137e-11,5.27534e-11,9.2928e-11,9.2928e-11,0,0,0,0.0117851,0.0676672,0.0456258,0.0220412,,best_validation_checkpoint_0.bin
470,361,accepted,1,3.46846e-07,1.06159e-10,5.3998e-11,5.27197e-11,9.28472e-11,9.28472e-11,2.04064,0.103842,1.93505,0.0107893,0.0659425,0.0439943,0.0219481,,best_validation_checkpoint_1.bin
471,362,accepted,1,5.4741e-07,5.30793e-11,5.3978e-11,5.26838e-11,9.27148e-11,9.27148e-11,1.98592,0.105288,1.87809,0.0113171,0.0675125,0.0451814,0.0223311,,best_validation_checkpoint_0.bin
472,362,rejected,1,1.59263e-06,5.30793e-10,5.3978e-11,5.26838e-11,9.27148e-11,9.27148e-11,2.08105,0.104966,1.97429,0.0106937,0.0231782,0.0231779,0,,
473,363,accepted,0,1.59263e-06,2.65396e-10,5.39573e-11,5.26945e-11,9.27081e-11,9.27081e-11,0,0,0,0.0116137,0.0677626,0.0457695,0.021993,,best_validation_checkpoint_1.bin
474,364,accepted,1,1.95634e-07,1.32698e-10,5.39445e-11,5.26705e-11,9.26465e-11,9.26465e-11,2.01996,0.103583,1.91409,0.0116793,0.0669812,0.0449393,0.0220419,,best_validation_checkpoint_0.bin
475,365,accepted,1,3.59943e-07,6.63491e-11,5.39234e-11,5.26398e-11,9.25386e-11,9.25386e-11,2.0417,0.101824,1.93805,0.0125106,0.0680521,0.0458634,0.0221887,,best_validation_checkpoint_1.bin
476,365,rejected,1,1.01183e-06,6.63491e-10,5.39234e-11,5.26398e-11,9.25386e-11,9.25386e-11,2.10458,0.103213,1.99949,0.0108369,0.022922,0.0229218,0,,
477,366,accepted,0,1.01183e-06,3.31745e-10,5.39124e-11,5.26482e-11,9.25331e-11,9.25331e-11,0,0,0,0.011027,0.0675626,0.0449278,0.0226348,,best_validation_checkpoint_0.bin
478,367,accepted,1,1.02657e-07,1.65873e-10,5.3902e-11,5.26321e-11,9.24872e-11,9.24872e-11,2.00497,0.10457,1.89863,0.0113831,0.0690104,0.0462726,0.0227377,,best_validation_checkpoint_1.bin
479,368,accepted,1,1.85709e-07,8.29364e-11,5.38832e-11,5.2604e-11,9.2398e-11,9.2398e-11,2.09891,0.104198,1.99293,0.0103903,0.0675972,0.0456025,0.0219947,,best_validation_checkpoint_0.bin
480,369,accepted,1,7.5665e-07,4.14682e-11,5.38748e-11,5.25654e-11,9.22375e-11,9.22375e-11,2.05433,0.102677,1.94982,0.0118118,0.0700055,0.0478679,0.0221375,,best_validation_checkpoint_1.bin
481,369,rejected,1,2.59474e-06,4.14682e-10,5.38748e-11,5.25654e-11,9.22375e-11,9.22375e-11,2.14003,0.103361,2.03479,0.0113946,0.0237149,0.0237146,0,,
482,370,accepted,0,2.59474e-06,2.07341e-10,5.38307e-11,5.25729e-11,9.22237e-11,9.22237e-11,0,0,0,0.0113998,0.0684157,0.0461044,0.0223113,,best_validation_checkpoint_0.bin
483,371,accepted,1,3.20912e-07,1.0367e-10,5.38148e-11,5.2541e-11,9.21439e-11,9.21439e-11,2.04873,0.104483,1.94242,0.0107663,0.0678796,0.0459872,0.0218924,,best_validation_checkpoint_1.bin
484,372,accepted,1,4.8737e-07,5.18352e-11,5.37954e-11,5.25009e-11,9.20066e-11,9.20066e-11,2.068,0.103552,1.96269,0.0122274,0.0681675,0.045857,0.0223103,,best_validation_checkpoint_0.bin
485,372,rejected,1,1.7506e-06,5.18352e-10,5.37954e-11,5.25009e-11,9.20066e-11,9.20066e-11,2.08241,0.103238,1.97668,0.011034,0.0231482,0.023148,0,,
486,373,accepted,0,1.7506e-06,2.59176e-10,5.37739e-11,5.2515e-11,9.20035e-11,9.20035e-11,0,0,0,0.0121975,0.0672704,0.0451245,0.0221458,,best_validation_checkpoint_1.bin
487,374,accepted,1,2.31098e-07,1.29588e-10,5.3761e-11,5.24905e-11,9.19409e-11,9.19409e-11,2.18129,0.103486,2.07579,0.0121708,0.0675753,0.0455474,0.0220278,,best_validation_checkpoint_0.bin
488,375,accepted,1,3.42571e-07,6.4794e-11,5.37401e-11,5.24568e-11,9.18296e-11,9.18296e-11,2.01569,0.103859,1.90997,0.0104018,0.0679721,0.0458374,0.0221346,,best_validation_checkpoint_1.bin
489,375,rejected,1,1.14411e-06,6.4794e-10,5.37401e-11,5.24568e-11,9.18296e-11,9.18296e-11,2.05022,0.104706,1.9436,0.0107792,0.0232004,0.0232001,0,,
490,376,accepted,0,1.14411e-06,3.2397e-10,5.37287e-11,5.24686e-11,9.18275e-11,9.18275e-11,0,0,0,0.0114666,0.0686159,0.0464291,0.0221867,,best_validation_checkpoint_0.bin
491,377,accepted,1,1.48318e-07,1.61985e-10,5.37182e-11,5.24505e-11,9.17788e-11,9.17788e-11,2.04775,0.10805,1.93789,0.0115244,0.0673504,0.0453095,0.0220408,,best_validation_checkpoint_1.bin
492,378,accepted,1,2.34841e-07,8.09925e-11,5.36993e-11,5.2424e-11,9.16905e-11,9.16905e-11,1.99139,0.104648,1.88469,0.0147684,0.0704788,0.0476679,0.0228109,,best_validation_checkpoint_0.bin
493,379,accepted,1,7.24993e-07,4.04963e-11,5.36933e-11,5.23783e-11,9.15223e-11,9.15223e-11,2.02206,0.104391,1.9154,0.0117768,0.0686382,0.0461098,0.0225282,,best_validation_checkpoint_1.bin
494,379,rejected,1,3.00425e-06,4.04963e-10,5.36933e-11,5.23783e-11,9.15223e-11,9.15223e-11,2.0389,0.104574,1.93258,0.0104312,0.0225335,0.0225332,0,,
495,380,accepted,0,3.00425e-06,2.02481e-10,5.36464e-11,5.23935e-11,9.15161e-11,9.15161e-11,0,0,0,0.0119829,0.0680511,0.0459602,0.0220909,,best_validation_checkpoint_0.bin
496,381,accepted,1,3.96246e-07,1.01241e-10,5.36304e-11,5.23581e-11,9.14327e-11,9.14327e-11,2.0152,0.103932,1.90941,0.0111153,0.0665628,0.0446975,0.0218652,,best_validation_checkpoint_1.bin
497,382,accepted,1,5.64405e-07,5.06203e-11,5.36113e-11,5.23175e-11,9.12942e-11,9.12942e-11,2.10691,0.104854,2.00029,0.0120067,0.0679777,0.045651,0.0223265,,best_validation_checkpoint_0.bin
498,382,rejected,1,1.87882e-06,5.06203e-10,5.36113e-11,5.23175e-11,9.12942e-11,9.12942e-11,2.09835,0.103775,1.99278,0.0104364,0.0232059,0.0232057,0,,
499,383,accepted,0,1.87882e-06,2.53102e-10,5.35892e-11,5.23337e-11,9.12933e-11,9.12933e-11,0,0,0,0.0119034,0.0682677,0.0456735,0.0225942,,best_validation_checkpoint_1.bin
500,384,accepted,1,2.46484e-07,1.26551e-10,5.35761e-11,5.23084e-11,9.12297e-11,9.12297e-11,2.02847,0.104791,1.92192,0.0116988,0.0670579,0.0454078,0.0216501,,best_validation_checkpoint_0.bin
501,385,accepted,1,3.65498e-07,6.32754e-11,5.35553e-11,5.22736e-11,9.11168e-11,9.11168e-11,2.01744,0.104693,1.91099,0.0130622,0.0686424,0.0458559,0.0227864,,best_validation_checkpoint_1.bin
502,385,rejected,1,1.22535e-06,6.32754e-10,5.35553e-11,5.22736e-11,9.11168e-11,9.11168e-11,2.09658,0.102834,1.99192,0.0115367,0.0230135,0.0230132,0,,
503,386,accepted,0,1.22535e-06,3.16377e-10,5.35436e-11,5.22871e-11,9.11162e-11,9.11162e-11,0,0,0,0.011838,0.0695468,0.0473006,0.0222462,,best_validation_checkpoint_0.bin
504,387,accepted,1,1.67717e-07,1.58189e-10,5.3533e-11,5.22683e-11,9.1067e-11,9.1067e-11,2.00486,0.105372,1.89767,0.0119132,0.0691192,0.0470264,0.0220926,,best_validation_checkpoint_1.bin
505,388,accepted,1,2.40373e-07,7.90943e-11,5.3514e-11,5.22409e-11,9.09773e-11,9.09773e-11,2.00763,0.103174,1.9027,0.011517,0.0673907,0.0455174,0.0218733,,best_validation_checkpoint_0.bin
506,389,accepted,1,7.70845e-07,3.95471e-11,5.3509e-11,5.21949e-11,9.08081e-11,9.08081e-11,2.00097,0.104639,1.8944,0.0110238,0.0669738,0.045095,0.0218787,,best_validation_checkpoint_1.bin
507,389,rejected,1,3.12501e-06,3.95471e-10,5.3509e-11,5.21949e-11,9.08081e-11,9.08081e-11,2.05676,0.103797,1.9512,0.0116622,0.0232145,0.0232142,0,,
508,390,accepted,0,3.12501e-06,1.97736e-10,5.34605e-11,5.22107e-11,9.08024e-11,9.08024e-11,0,0,0,0.0111663,0.0683507,0.0459929,0.0223577,,best_validation_checkpoint_0.bin
509,391,accepted,1,3.80108e-07,9.88678e-11,5.34444e-11,5.21751e-11,9.07194e-11,9.07194e-11,2.11724,0.104896,2.0105,0.0110777,0.0674811,0.0452018,0.0222792,,best_validation_checkpoint_1.bin
510,392,accepted,1,5.81816e-07,4.94339e-11,5.34256e-11,5.21341e-11,9.05795e-11,9.05795e-11,2.03687,0.105151,1.92994,0.0103614,0.0677765,0.0455896,0.0221867,,best_validation_checkpoint_0.bin
511,392,rejected,1,1.93422e-06,4.94339e-10,5.34256e-11,5.21341e-11,9.05795e-11,9.05795e-11,2.02553,0.103596,1.92018,0.0102405,0.0229857,0.0229855,0,,
512,393,accepted,0,1.93422e-06,2.4717e-10,5.34028e-11,5.21509e-11,9.05794e-11,9.05794e-11,0,0,0,0.0120648,0.067941,0.0455848,0.0223561,,best_validation_checkpoint_1.bin
513,394,accepted,1,2.57185e-07,1.23585e-10,5.33896e-11,5.21248e-11,9.05145e-11,9.05145e-11,2.07242,0.103987,1.96642,0.0102821,0.0672616,0.0449258,0.0223357,,best_validation_checkpoint_0.bin
514,395,accepted,1,3.89574e-07,6.17924e-11,5.33687e-11,5.20907e-11,9.04018e-11,9.04018e-11,2.009,0.103154,1.90364,0.0111296,0.0678895,0.0454133,0.0224761,,best_validation_checkpoint_1.bin
515,395,rejected,1,1.21361e-06,6.17924e-10,5.33687e-11,5.20907e-11,9.04018e-11,9.04018e-11,2.02915,0.10401,1.9217,0.0107446,0.0230043,0.0230039,0,,
516,396,accepted,0,1.21361e-06,3.08962e-10,5.33568e-11,5.21034e-11,9.04006e-11,9.04006e-11,0,0,0,0.0108128,0.067049,0.0450594,0.0219896,,best_validation_checkpoint_0.bin
517,397,accepted,1,1.5914e-07,1.54481e-10,5.33461e-11,5.20847e-11,9.0351e-11,9.0351e-11,2.04734,0.10266,1.94282,0.0106825,0.0676412,0.0455685,0.0220727,,best_validation_checkpoint_1.bin
518,398,accepted,1,2.44602e-07,7.72405e-11,5.33271e-11,5.20567e-11,9.02603e-11,9.02603e-11,2.06618,0.104014,1.96042,0.0107507,0.0676727,0.0455734,0.022099,,best_validation_checkpoint_0.bin
519,399,accepted,1,8.03663e-07,3.86202e-11,5.33229e-11,5.20115e-11,9.00909e-11,9.00909e-11,2.03916,0.103183,1.93422,0.0125648,0.0674351,0.0454911,0.0219439,,best_validation_checkpoint_1.bin
520,399,rejected,1,3.17322e-06,3.86202e-10,5.33229e-11,5.20115e-11,9.00909e-11,9.00909e-11,2.07131,0.103849,1.96563,0.011819,0.0231095,0.0231092,0,,
521,400,accepted,0,3.17322e-06,1.93101e-10,5.3273e-11,5.2027e-11,9.0085e-11,9.0085e-11,0,0,0,0.0122189,0.0667239,0.0448183,0.0219055,,best_validation_checkpoint_0.bin
522,401,accepted,1,4.06714e-07,9.65506e-11,5.32568e-11,5.19906e-11,9.00002e-11,9.00002e-11,2.07577,0.103668,1.97033,0.0105424,0.067659,0.0452647,0.0223942,,best_validation_checkpoint_1.bin
523,402,accepted,1,5.98159e-07,4.82753e-11,5.32384e-11,5.19483e-11,8.98586e-11,8.98586e-11,2.06412,0.104253,1.95798,0.0123396,0.0674095,0.0450107,0.0223987,,best_validation_checkpoint_0.bin
524,402,rejected,1,2.0382e-06,4.82753e-10,5.32384e-11,5.19483e-11,8.98586e-11,8.98586e-11,2.04267,0.103964,1.93702,0.0115182,0.0230417,0.0230416,0,,
525,403,accepted,0,2.0382e-06,2.41377e-10,5.32147e-11,5.19665e-11,8.98593e-11,8.98586e-11,0,0,0,0.0097933,0.0678537,0.0454682,0.0223855,,
526,404,accepted,1,2.66305e-07,1.20688e-10,5.32015e-11,5.194e-11,8.97942e-11,8.97942e-11,2.02702,0.10383,1.9214,0.0106574,0.0674139,0.0452064,0.0222075,,best_validation_checkpoint_1.bin
527,405,accepted,1,3.89915e-07,6.03441e-11,5.31806e-11,5.1905e-11,8.96801e-11,8.96801e-11,2.05501,0.102746,1.95002,0.0112172,0.0685252,0.0459669,0.0225581,,best_validation_checkpoint_0.bin
528,405,rejected,1,1.27174e-06,6.03441e-10,5.31806e-11,5.1905e-11,8.96801e-11,8.96801e-11,2.08087,0.105629,1.97352,0.0111385,0.0230018,0.0230015,0,,
529,406,accepted,0,1.27174e-06,3.01721e-10,5.31683e-11,5.19186e-11,8.96797e-11,8.96797e-11,0,0,0,0.0119908,0.0667835,0.0450476,0.0217359,,best_validation_checkpoint_1.bin
530,407,accepted,1,1.67254e-07,1.5086e-10,5.31576e-11,5.18996e-11,8.96297e-11,8.96297e-11,2.02027,0.104735,1.91363,0.0111229,0.0668686,0.0450889,0.0217797,,best_validation_checkpoint_0.bin
531,408,accepted,1,2.45315e-07,7.54302e-11,5.31384e-11,5.18715e-11,8.95385e-11,8.95385e-11,2.04972,0.103914,1.94387,0.010991,0.0674071,0.0452575,0.0221495,,best_validation_checkpoint_1.bin
532,409,accepted,1,8.0654e-07,3.77151e-11,5.31358e-11,5.18247e-11,8.93668e-11,8.93668e-11,1.99041,0.105726,1.88287,0.0110011,0.0671109,0.0449474,0.0221634,,best_validation_checkpoint_0.bin
533,409,rejected,1,3.33337e-06,3.77151e-10,5.31358e-11,5.18247e-11,8.93668e-11,8.93668e-11,2.03843,0.103834,1.93275,0.0115753,0.0228912,0.0228909,0,,
534,410,accepted,0,3.33337e-06,1.88575e-10,5.30838e-11,5.18419e-11,8.93623e-11,8.93623e-11,0,0,0,0.0117112,0.0672145,0.0445275,0.022687,,best_validation_checkpoint_1.bin
535,411,accepted,1,4.34081e-07,9.42877e-11,5.30674e-11,5.18046e-11,8.92765e-11,8.92765e-11,2.01964,0.104336,1.91352,0.010869,0.0670687,0.0450229,0.0220458,,best_validation_checkpoint_0.bin
536,412,accepted,1,6.01411e-07,4.71439e-11,5.30491e-11,5.17633e-11,8.91354e-11,8.91354e-11,2.05068,0.105945,1.94282,0.0112087,0.0662773,0.0444454,0.0218319,,best_validation_checkpoint_1.bin
537,412,rejected,1,2.01167e-06,4.71439e-10,5.30491e-11,5.17633e-11,8.91354e-11,8.91354e-11,2.0237,0.10306,1.91869,0.0111357,0.0230508,0.0230507,0,,
538,413,accepted,0,2.01167e-06,2.35719e-10,5.30249e-11,5.17797e-11,8.91339e-11,8.91339e-11,0,0,0,0.0118315,0.0678748,0.045712,0.0221628,,best_validation_checkpoint_0.bin
539,414,accepted,1,2.44286e-07,1.1786e-10,5.30115e-11,5.1754e-11,8.90696e-11,8.90696e-11,2.08161,0.103793,1.976,0.0112547,0.063554,0.0422506,0.0213034,,best_validation_checkpoint_1.bin
540,415,accepted,1,3.7028e-07,5.89298e-11,5.29905e-11,5.17188e-11,8.8955e-11,8.8955e-11,2.08378,0.104339,1.97761,0.0115705,0.0682142,0.0461088,0.0221053,,best_validation_checkpoint_0.bin
541,415,rejected,1,1.25231e-06,5.89298e-10,5.29905e-11,5.17188e-11,8.8955e-11,8.8955e-11,2.0705,0.102717,1.966,0.0110717,0.0232445,0.0232444,0,,
542,416,accepted,0,1.25231e-06,2.94649e-10,5.29781e-11,5.17317e-11,8.89535e-11,8.89535e-11,0,0,0,0.0102231,0.0680066,0.0460632,0.0219433,,best_validation_checkpoint_1.bin
543,417,accepted,1,1.58624e-07,1.47325e-10,5.29672e-11,5.17128e-11,8.89035e-11,8.89035e-11,2.14713,0.103789,2.04122,0.0101996,0.0687465,0.0458562,0.0228902,,best_validation_checkpoint_0.bin
544,418,accepted,1,2.45863e-07,7.36623e-11,5.29479e-11,5.16845e-11,8.88121e-11,8.88121e-11,1.98713,0.10312,1.88226,0.0100463,0.0678876,0.045626,0.0222615,,best_validation_checkpoint_1.bin
545,419,accepted,1,8.16268e-07,3.68311e-11,5.29458e-11,5.164e-11,8.86425e-11,8.86425e-11,2.10374,0.105697,1.99623,0.0111008,0.0676936,0.0457695,0.0219241,,best_validation_checkpoint_0.bin
546,419,rejected,1,3.27324e-06,3.68311e-10,5.29458e-11,5.164e-11,8.86425e-11,8.86425e-11,2.08182,0.104083,1.97536,0.0123567,0.0230226,0.0230225,0,,
547,420,accepted,0,3.27324e-06,1.84156e-10,5.28927e-11,5.16539e-11,8.86344e-11,8.86344e-11,0,0,0,0.0127122,0.0683,0.0457871,0.0225129,,best_validation_checkpoint_1.bin
548,421,accepted,1,4.12931e-07,9.20778e-11,5.28762e-11,5.16171e-11,8.85488e-11,8.85488e-11,2.09966,0.106074,1.99138,0.0114439,0.0678042,0.0453097,0.0224943,,best_validation_checkpoint_0.bin
549,422,accepted,1,5.95471e-07,4.60389e-11,5.28583e-11,5.15754e-11,8.84065e-11,8.84065e-11,2.09819,0.103226,1.9932,0.0110224,0.0677339,0.0455832,0.0221506,,best_validation_checkpoint_1.bin
550,422,rejected,1,2.05421e-06,4.60389e-10,5.28583e-11,5.15754e-11,8.84065e-11,8.84065e-11,2.10126,0.102144,1.9974,0.0113899,0.0234575,0.0234572,0,,
551,423,accepted,0,2.05421e-06,2.30195e-10,5.28333e-11,5.15919e-11,8.8405e-11,8.8405e-11,0,0,0,0.0107234,0.0677365,0.0452583,0.0224781,,best_validation_checkpoint_0.bin
552,424,accepted,1,2.58161e-07,1.15097e-10,5.28197e-11,5.15657e-11,8.83402e-11,8.83402e-11,2.05742,0.104727,1.95098,0.0108487,0.0678952,0.0456609,0.0222342,,best_validation_checkpoint_1.bin
553,425,accepted,1,3.79197e-07,5.75487e-11,5.27988e-11,5.15304e-11,8.82249e-11,8.82249e-11,2.06849,0.103584,1.96271,0.0116104,0.0672087,0.0452345,0.0219741,,best_validation_checkpoint_0.bin
554,425,rejected,1,1.27751e-06,5.75487e-10,5.27988e-11,5.15304e-11,8.82249e-11,8.82249e-11,1.95648,0.103791,1.85083,0.0112515,0.02324,0.0232396,0,,
555,426,accepted,0,1.27751e-06,2.87743e-10,5.27859e-11,5.15432e-11,8.82232e-11,8.82232e-11,0,0,0,0.0108038,0.0680559,0.045245,0.0228108,,best_validation_checkpoint_1.bin
556,427,accepted,1,1.63403e-07,1.43872e-10,5.2775e-11,5.15241e-11,8.81727e-11,8.81727e-11,2.08294,0.104441,1.97665,0.011631,0.0674085,0.0454169,0.0219915,,best_validation_checkpoint_0.bin
557,428,accepted,1,2.47606e-07,7.19358e-11,5.27556e-11,5.14958e-11,8.80805e-11,8.80805e-11,2.03423,0.10461,1.92734,0.0119655,0.0676975,0.0453105,0.022387,,best_validation_checkpoint_1.bin
558,429,accepted,1,8.15964e-07,3.59679e-11,5.27545e-11,5.14536e-11,8.79126e-11,8.79126e-11,2.02438,0.104002,1.91867,0.009849,0.0687188,0.0463201,0.0223987,,best_validation_checkpoint_0.bin
559,429,rejected,1,3.23065e-06,3.59679e-10,5.27545e-11,5.14536e-11,8.79126e-11,8.79126e-11,2.01755,0.102726,1.91306,0.010196,0.0228273,0.0228272,0,,
560,430,accepted,0,3.23065e-06,1.7984e-10,5.26997e-11,5.1464e-11,8.79001e-11,8.79001e-11,0,0,0,0.0118672,0.0668011,0.0448186,0.0219824,,best_validation_checkpoint_1.bin
561,431,accepted,1,3.90275e-07,8.99198e-11,5.26831e-11,5.14282e-11,8.78151e-11,8.78151e-11,2.05185,0.10369,1.9464,0.0112753,0.0698674,0.0463194,0.023548,,best_validation_checkpoint_0.bin
562,432,accepted,1,5.69093e-07,4.49599e-11,5.26653e-11,5.13872e-11,8.76735e-11,8.76735e-11,2.06952,0.103645,1.96411,0.0114717,0.0681009,0.0456808,0.0224201,,best_validation_checkpoint_1.bin
563,432,rejected,1,2.01481e-06,4.49599e-10,5.26653e-11,5.13872e-11,8.76735e-11,8.76735e-11,2.0075,0.104209,1.9013,0.010448,0.022925,0.022925,0,,
564,433,accepted,0,2.01481e-06,2.24799e-10,5.26396e-11,5.14017e-11,8.76691e-11,8.76691e-11,0,0,0,0.0110566,0.0682695,0.0461796,0.0220897,,best_validation_checkpoint_0.bin
565,434,accepted,1,2.46404e-07,1.124e-10,5.2626e-11,5.1376e-11,8.76046e-11,8.76046e-11,2.05232,0.105728,1.94465,0.0107284,0.0670547,0.0453063,0.0217483,,best_validation_checkpoint_1.bin
566,435,accepted,1,3.55921e-07,5.61999e-11,5.26049e-11,5.1341e-11,8.74896e-11,8.74896e-11,2.02804,0.10375,1.92194,0.0129737,0.0671525,0.0451903,0.0219622,,best_validation_checkpoint_0.bin
567,435,rejected,1,1.24743e-06,5.61999e-10,5.26049e-11,5.1341e-11,8.74896e-11,8.74896e-11,2.11659,0.103751,2.01035,0.0122223,0.0229002,0.0228999,0,,
568,436,accepted,0,1.24743e-06,2.80999e-10,5.25918e-11,5.13527e-11,8.74864e-11,8.74864e-11,0,0,0,0.0116805,0.0671109,0.0454125,0.0216984,,best_validation_checkpoint_1.bin
569,437,accepted,1,1.59438e-07,1.405e-10,5.25807e-11,5.13336e-11,8.74359e-11,8.74359e-11,1.99779,0.104542,1.89148,0.0113276,0.0670701,0.0451641,0.0219059,,best_validation_checkpoint_0.bin
570,438,accepted,1,2.44239e-07,7.02498e-11,5.25611e-11,5.13061e-11,8.73444e-11,8.73444e-11,2.0519,0.104131,1.94603,0.0114386,0.068041,0.0458021,0.0222388,,best_validation_checkpoint_1.bin
571,439,accepted,1,7.74197e-07,3.51249e-11,5.25606e-11,5.12665e-11,8.71789e-11,8.71789e-11,2.12963,0.103542,2.02438,0.0113061,0.0677081,0.0458433,0.0218648,,best_validation_checkpoint_0.bin
572,439,rejected,1,3.11306e-06,3.51249e-10,5.25606e-11,5.12665e-11,8.71789e-11,8.71789e-11,2.04819,0.104075,1.94233,0.011095,0.0233288,0.0233286,0,,
573,440,accepted,0,3.11306e-06,1.75625e-10,5.25046e-11,5.12723e-11,8.71607e-11,8.71607e-11,0,0,0,0.0106038,0.0663016,0.04567,0.0206315,,best_validation_checkpoint_1.bin
574,441,accepted,1,3.75971e-07,8.78123e-11,5.24878e-11,5.12374e-11,8.70765e-11,8.70765e-11,1.98507,0.103583,1.87974,0.009864,0.064391,0.0424621,0.0219289,,best_validation_checkpoint_0.bin
575,442,accepted,1,5.43908e-07,4.39061e-11,5.24703e-11,5.11964e-11,8.69341e-11,8.69341e-11,2.09994,0.104615,1.99348,0.0121232,0.0673314,0.0452334,0.0220979,,best_validation_checkpoint_1.bin
576,442,rejected,1,2.00471e-06,4.39061e-10,5.24703e-11,5.11964e-11,8.69341e-11,8.69341e-11,2.01611,0.102294,1.91207,0.0109368,0.0233727,0.0233725,0,,
577,443,accepted,0,2.00471e-06,2.19531e-10,5.24439e-11,5.12097e-11,8.69282e-11,8.69282e-11,0,0,0,0.0112194,0.0670755,0.045144,0.0219314,,best_validation_checkpoint_0.bin
578,444,accepted,1,2.41333e-07,1.09765e-10,5.24301e-11,5.11842e-11,8.68636e-11,8.68636e-11,2.00612,0.103761,1.90059,0.0113335,0.067697,0.0448916,0.0228052,,best_validation_checkpoint_1.bin
579,445,accepted,1,3.46021e-07,5.48827e-11,5.24088e-11,5.11509e-11,8.67497e-11,8.67497e-11,2.04391,0.102521,1.93955,0.0115302,0.0677713,0.0452595,0.0225118,,best_validation_checkpoint_0.bin
580,445,rejected,1,1.16012e-06,5.48827e-10,5.24088e-11,5.11509e-11,8.67497e-11,8.67497e-11,1.98836,0.102973,1.88361,0.0103258,0.0230694,0.0230691,0,,
581,446,accepted,0,1.16012e-06,2.74413e-10,5.23955e-11,5.11598e-11,8.67433e-11,8.67433e-11,0,0,0,0.0115878,0.0671945,0.0450457,0.0221487,,best_validation_checkpoint_1.bin
582,447,accepted,1,1.38325e-07,1.37207e-10,5.23843e-11,5.11415e-11,8.66936e-11,8.66936e-11,1.94429,0.104833,1.83756,0.0111288,0.0658013,0.0451783,0.020623,,best_validation_checkpoint_0.bin
583,448,accepted,1,2.2515e-07,6.86033e-11,5.23646e-11,5.11142e-11,8.66021e-11,8.66021e-11,2.09064,0.10547,1.98269,0.0121515,0.0670703,0.0451163,0.0219538,,best_validation_checkpoint_1.bin
584,448,rejected,1,7.43108e-07,6.86033e-10,5.23646e-11,5.11142e-11,8.66021e-11,8.66021e-11,2.02723,0.105591,1.91981,0.01126,0.0227265,0.0227263,0,,
585,449,accepted,0,7.43108e-07,3.43017e-10,5.23569e-11,5.11208e-11,8.65965e-11,8.65965e-11,0,0,0,0.0109912,0.066314,0.0450207,0.0212932,,best_validation_checkpoint_0.bin
586,450,accepted,1,8.95332e-08,1.71508e-10,5.23479e-11,5.11073e-11,8.65577e-11,8.65577e-11,2.04183,0.103418,1.93657,0.0110231,0.0675406,0.0453609,0.0221797,,best_validation_checkpoint_1.bin
587,451,accepted,1,1.44754e-07,8.57542e-11,5.2331e-11,5.10858e-11,8.6485e-11,8.6485e-11,2.05308,0.102488,1.94886,0.0111568,0.0682523,0.046133,0.0221193,,best_validation_checkpoint_0.bin
588,452,accepted,1,4.63325e-07,4.28771e-11,5.23136e-11,5.10454e-11,8.63435e-11,8.63435e-11,2.04876,0.104327,1.9427,0.011421,0.0682892,0.0462015,0.0220877,,best_validation_checkpoint_1.bin
589,452,rejected,1,1.90319e-06,4.28771e-10,5.23136e-11,5.10454e-11,8.63435e-11,8.63435e-11,2.05264,0.103521,1.9474,0.0109488,0.0230981,0.0230977,0,,
590,453,accepted,0,1.90319e-06,2.14385e-10,5.22865e-11,5.10551e-11,8.6334e-11,8.6334e-11,0,0,0,0.011794,0.0670525,0.0452004,0.021852,,best_validation_checkpoint_0.bin
591,454,accepted,1,2.35658e-07,1.07193e-10,5.22725e-11,5.10295e-11,8.62684e-11,8.62684e-11,2.09682,0.103465,1.99142,0.0125869,0.0675702,0.0454402,0.0221298,,best_validation_checkpoint_1.bin
592,455,accepted,1,3.63599e-07,5.35964e-11,5.22511e-11,5.09977e-11,8.61558e-11,8.61558e-11,1.98698,0.10361,1.88157,0.0111837,0.0681419,0.0460644,0.0220773,,best_validation_checkpoint_0.bin
593,455,rejected,1,1.10453e-06,5.35964e-10,5.22511e-11,5.09977e-11,8.61558e-11,8.61558e-11,2.08107,0.103824,1.97549,0.0105219,0.0227102,0.02271,0,,
594,456,accepted,0,1.10453e-06,2.67982e-10,5.22374e-11,5.10045e-11,8.61469e-11,8.61469e-11,0,0,0,0.0111448,0.0674015,0.0454806,0.0219209,,best_validation_checkpoint_1.bin
595,457,accepted,1,1.23137e-07,1.33991e-10,5.22261e-11,5.09865e-11,8.60971e-11,8.60971e-11,2.05935,0.103813,1.95374,0.0110689,0.0668351,0.0448248,0.0220103,,best_validation_checkpoint_0.bin
596,458,accepted,1,2.22901e-07,6.69955e-11,5.22062e-11,5.09603e-11,8.60064e-11,8.60064e-11,2.04396,0.102981,1.9392,0.0123553,0.0679183,0.0451888,0.0227295,,best_validation_checkpoint_1.bin
597,458,rejected,1,6.86368e-07,6.69955e-10,5.22062e-11,5.09603e-11,8.60064e-11,8.60064e-11,1.99326,0.104133,1.88735,0.0106534,0.0234828,0.0234827,0,,
598,459,accepted,0,6.86368e-07,3.34977e-10,5.21983e-11,5.0965e-11,8.59987e-11,8.59987e-11,0,0,0,0.0111753,0.0678384,0.0456355,0.0222027,,best_validation_checkpoint_0.bin
599,460,accepted,1,7.72934e-08,1.67489e-10,5.21892e-11,5.09518e-11,8.59599e-11,8.59599e-11,2.06601,0.103965,1.96029,0.0113445,0.0667133,0.0455434,0.0211698,,best_validation_checkpoint_1.bin
600,461,accepted,1,1.41683e-07,8.37443e-11,5.21721e-11,5.09309e-11,8.58874e-11,8.58874e-11,2.13845,0.103121,2.03359,0.0103938,0.0668059,0.0455158,0.0212901,,best_validation_checkpoint_0.bin
601,462,accepted,1,4.31235e-07,4.18722e-11,5.21551e-11,5.0892e-11,8.57473e-11,8.57473e-11,2.0129,0.105667,1.90542,0.0116634,0.0670867,0.0448606,0.0222261,,best_validation_checkpoint_1.bin
602,462,rejected,1,1.81981e-06,4.18722e-10,5.21551e-11,5.0892e-11,8.57473e-11,8.57473e-11,1.99583,0.104821,1.88925,0.01138,0.0234521,0.0234518,0,,
603,463,accepted,0,1.81981e-06,2.09361e-10,5.21269e-11,5.08982e-11,8.57321e-11,8.57321e-11,0,0,0,0.0116869,0.0695028,0.0468101,0.0226927,,best_validation_checkpoint_0.bin
604,464,accepted,1,2.13265e-07,1.0468e-10,5.21128e-11,5.08742e-11,8.5669e-11,8.5669e-11,2.05279,0.106551,1.94329,0.012106,0.067401,0.0455937,0.0218073,,best_validation_checkpoint_1.bin
605,465,accepted,1,3.01856e-07,5.23402e-11,5.20912e-11,5.08428e-11,8.55565e-11,8.55565e-11,1.97281,0.103766,1.86719,0.0112044,0.0673616,0.044818,0.0225435,,best_validation_checkpoint_0.bin
606,465,rejected,1,1.02843e-06,5.23402e-10,5.20912e-11,5.08428e-11,8.55565e-11,8.55565e-11,2.03098,0.104674,1.92444,0.0100946,0.0207604,0.0207602,0,,
607,466,accepted,0,1.02843e-06,2.61701e-10,5.20772e-11,5.08471e-11,8.5545e-11,8.5545e-11,0,0,0,0.0106315,0.0674695,0.0453321,0.0221373,,best_validation_checkpoint_1.bin
608,467,accepted,1,1.12802e-07,1.3085e-10,5.20657e-11,5.08298e-11,8.54954e-11,8.54954e-11,2.00641,0.103696,1.90094,0.0120877,0.0674703,0.0453677,0.0221026,,best_validation_checkpoint_0.bin
609,468,accepted,1,2.00641e-07,6.54252e-11,5.20456e-11,5.08039e-11,8.54048e-11,8.54048e-11,2.08502,0.103081,1.98016,0.010987,0.0676621,0.0455994,0.0220627,,best_validation_checkpoint_1.bin
610,468,rejected,1,6.45733e-07,6.54252e-10,5.20456e-11,5.08039e-11,8.54048e-11,8.54048e-11,2.05388,0.104217,1.94755,0.0126242,0.0231888,0.0231886,0,,
611,469,accepted,0,6.45733e-07,3.27126e-10,5.20376e-11,5.08073e-11,8.53948e-11,8.53948e-11,0,0,0,0.0110922,0.0663311,0.0450071,0.0213239,,best_validation_checkpoint_0.bin
612,470,accepted,1,6.90858e-08,1.63563e-10,5.20283e-11,5.07944e-11,8.53565e-11,8.53565e-11,2.02399,0.103472,1.91865,0.0116453,0.0670201,0.0450929,0.0219271,,best_validation_checkpoint_1.bin
613,471,accepted,1,1.2567e-07,8.17816e-11,5.2011e-11,5.07734e-11,8.52837e-11,8.52837e-11,2.10855,0.102363,2.00393,0.0120056,0.0670265,0.0450711,0.0219554,,best_validation_checkpoint_0.bin
614,472,accepted,1,4.14672e-07,4.08908e-11,5.19939e-11,5.07373e-11,8.51467e-11,8.51467e-11,2.02956,0.10374,1.92409,0.0116329,0.0673837,0.0454374,0.0219463,,best_validation_checkpoint_1.bin
615,472,rejected,1,1.70184e-06,4.08908e-10,5.19939e-11,5.07373e-11,8.51467e-11,8.51467e-11,2.07735,0.104034,1.97152,0.0105168,0.0232746,0.0232745,0,,
616,473,accepted,0,1.70184e-06,2.04454e-10,5.19651e-11,5.07394e-11,8.51283e-11,8.51283e-11,0,0,0,0.0112663,0.067174,0.045003,0.0221709,,best_validation_checkpoint_0.bin
617,474,accepted,1,2.03135e-07,1.02227e-10,5.19508e-11,5.07163e-11,8.50643e-11,8.50643e-11,2.07742,0.103185,1.97248,0.0102999,0.0674869,0.0453824,0.0221045,,best_validation_checkpoint_1.bin
618,475,accepted,1,2.7025e-07,5.11135e-11,5.19293e-11,5.06847e-11,8.49512e-11,8.49512e-11,2.04333,0.103333,1.93823,0.0116209,0.0676595,0.0457332,0.0219261,,best_validation_checkpoint_0.bin
619,475,rejected,1,1.01985e-06,5.11135e-10,5.19293e-11,5.06847e-11,8.49512e-11,8.49512e-11,2.02022,0.104341,1.91413,0.0104453,0.0230914,0.0230912,0,,
620,476,accepted,0,1.01985e-06,2.55567e-10,5.19148e-11,5.06879e-11,8.49382e-11,8.49382e-11,0,0,0,0.0121011,0.0687849,0.0465389,0.0222458,,best_validation_checkpoint_1.bin
621,477,accepted,1,1.12092e-07,1.27784e-10,5.19031e-11,5.06708e-11,8.48885e-11,8.48885e-11,2.05996,0.104856,1.95338,0.0104407,0.0677132,0.0452223,0.0224909,,best_validation_checkpoint_0.bin
622,478,accepted,1,1.88468e-07,6.38918e-11,5.18828e-11,5.06453e-11,8.47977e-11,8.47977e-11,2.0521,0.105182,1.94513,0.0104467,0.0680642,0.0454787,0.0225854,,best_validation_checkpoint_1.bin
623,478,rejected,1,6.17342e-07,6.38918e-10,5.18828e-11,5.06453e-11,8.47977e-11,8.47977e-11,2.01367,0.103655,1.90817,0.0111305,0.0230142,0.0230139,0,,
624,479,accepted,0,6.17342e-07,3.19459e-10,5.18725e-11,5.06476e-11,8.47868e-11,8.47868e-11,0,0,0,0.0123531,0.0668533,0.0449504,0.0219027,,best_validation_checkpoint_0.bin
625,480,accepted,1,1.67864e-07,1.5973e-10,5.18619e-11,5.0635e-11,8.47493e-11,8.47493e-11,2.06098,0.102772,1.9564,0.0106355,0.0679394,0.045308,0.0226314,,best_validation_checkpoint_1.bin
626,481,accepted,1,1.04266e-07,7.98648e-11,5.18438e-11,5.06186e-11,8.46775e-11,8.46775e-11,2.05745,0.103556,1.95174,0.0105015,0.067285,0.0453243,0.0219606,,best_validation_checkpoint_0.bin
627,482,accepted,1,2.24042e-07,3.99324e-11,5.18278e-11,5.05791e-11,8.45244e-11,8.45244e-11,2.07784,0.104311,1.97179,0.0113314,0.0672378,0.0451859,0.0220518,,best_validation_checkpoint_1.bin
628,482,rejected,1,1.71519e-06,3.99324e-10,5.18278e-11,5.05791e-11,8.45244e-11,8.45244e-11,2.10878,0.103768,2.00318,0.0112842,0.0229766,0.0229763,0,,
629,483,accepted,0,1.71519e-06,1.99662e-10,5.17973e-11,5.05788e-11,8.45042e-11,8.45042e-11,0,0,0,0.0117545,0.0670302,0.045073,0.0219572,,best_validation_checkpoint_0.bin
630,484,accepted,1,1.94307e-07,9.9831e-11,5.17828e-11,5.0556e-11,8.44364e-11,8.44364e-11,2.09806,0.103552,1.99253,0.0107506,0.0671559,0.0451314,0.0220245,,best_validation_checkpoint_1.bin
631,485,accepted,1,2.60231e-07,4.99155e-11,5.17612e-11,5.05269e-11,8.43221e-11,8.43221e-11,2.02676,0.104521,1.92043,0.0117709,0.0671025,0.0450957,0.0220067,,best_validation_checkpoint_0.bin
632,485,rejected,1,9.1685e-07,4.99155e-10,5.17612e-11,5.05269e-11,8.43221e-11,8.43221e-11,2.08336,0.104464,1.97719,0.0117838,0.0229761,0.0229761,0,,
633,486,accepted,0,9.1685e-07,2.49578e-10,5.17462e-11,5.05262e-11,8.43035e-11,8.43035e-11,0,0,0,0.0102876,0.0677978,0.0454976,0.0223001,,best_validation_checkpoint_1.bin
634,487,accepted,1,8.66441e-08,1.24789e-10,5.17344e-11,5.05102e-11,8.42539e-11,8.42539e-11,2.024,0.104859,1.91707,0.0107932,0.0672174,0.0450929,0.0221245,,best_validation_checkpoint_0.bin
635,488,accepted,1,1.63238e-07,6.23944e-11,5.17139e-11,5.04851e-11,8.41615e-11,8.41615e-11,2.0802,0.102748,1.97559,0.0106303,0.0681981,0.0458429,0.0223551,,best_validation_checkpoint_1.bin
636,488,rejected,1,5.81905e-07,6.23944e-10,5.17139e-11,5.04851e-11,8.41615e-11,8.41615e-11,2.01466,0.104318,1.90861,0.0106028,0.0230364,0.0230363,0,,
637,489,accepted,0,5.81905e-07,3.11972e-10,5.17054e-11,5.04855e-11,8.41484e-11,8.41484e-11,0,0,0,0.0124797,0.0677741,0.0458465,0.0219276,,best_validation_checkpoint_0.bin
638,490,accepted,1,5.42632e-08,1.55986e-10,5.16959e-11,5.04735e-11,8.41094e-11,8.41094e-11,2.00525,0.105824,1.89751,0.010999,0.0667147,0.0447869,0.0219277,,best_validation_checkpoint_1.bin
639,491,accepted,1,9.7884e-08,7.7993e-11,5.16782e-11,5.04532e-11,8.40355e-11,8.40355e-11,2.06945,0.104528,1.96311,0.0110742,0.0679716,0.0455426,0.0224289,,best_validation_checkpoint_0.bin
640,492,accepted,1,3.55072e-07,3.89965e-11,5.1662e-11,5.04241e-11,8.39024e-11,8.39024e-11,2.05877,0.103445,1.95354,0.0124163,0.0681424,0.0462062,0.0219361,,best_validation_checkpoint_1.bin
641,492,rejected,1,1.42273e-06,3.89965e-10,5.1662e-11,5.04241e-11,8.39024e-11,8.39024e-11,2.01437,0.103891,1.90857,0.0108382,0.0231275,0.0231273,0,,
642,493,accepted,0,1.42273e-06,1.94982e-10,5.1631e-11,5.04142e-11,8.38687e-11,8.38687e-11,0,0,0,0.0109527,0.0678767,0.0457332,0.0221435,,best_validation_checkpoint_0.bin
643,494,accepted,1,1.15814e-07,9.74912e-11,5.16163e-11,5.03925e-11,8.38069e-11,8.38069e-11,2.08529,0.102877,1.97882,0.0119111,0.0677943,0.0454846,0.0223096,,best_validation_checkpoint_1.bin
644,495,accepted,1,2.92629e-07,4.87456e-11,5.15947e-11,5.03686e-11,8.37001e-11,8.37001e-11,2.09441,0.103903,1.98832,0.0121265,0.0668411,0.0449316,0.0219094,,best_validation_checkpoint_0.bin
645,495,rejected,1,7.71363e-07,4.87456e-10,5.15947e-11,5.03686e-11,8.37001e-11,8.37001e-11,2.04928,0.10435,1.94316,0.0113614,0.0236553,0.023655,0,,
646,496,accepted,0,7.71363e-07,2.43728e-10,5.15792e-11,5.03617e-11,8.36755e-11,8.36755e-11,0,0,0,0.0116546,0.0667096,0.0447936,0.0219159,,best_validation_checkpoint_1.bin
647,497,accepted,1,4.81443e-08,1.21864e-10,5.15672e-11,5.03471e-11,8.36279e-11,8.36279e-11,2.17382,0.104651,2.06737,0.0119008,0.0666885,0.0449644,0.0217241,,best_validation_checkpoint_0.bin
648,498,accepted,1,1.39565e-07,6.0932e-11,5.15465e-11,5.0324e-11,8.35383e-11,8.35383e-11,2.07692,0.10419,1.97042,0.0103216,0.062738,0.0407506,0.0219874,,best_validation_checkpoint_1.bin
649,498,rejected,1,4.88272e-07,6.0932e-10,5.15465e-11,5.0324e-11,8.35383e-11,8.35383e-11,2.14222,0.106882,2.03351,0.0117958,0.0229454,0.0229451,0,,
650,499,accepted,0,4.88272e-07,3.0466e-10,5.15378e-11,5.03208e-11,8.35212e-11,8.35212e-11,0,0,0,0.0111462,0.0676807,0.0455811,0.0220995,,best_validation_checkpoint_0.bin
651,500,accepted,1,2.9637e-08,1.5233e-10,5.15282e-11,5.03096e-11,8.34833e-11,8.34833e-11,1.98481,0.104474,1.87823,0.0117971,0.0675478,0.0455027,0.0220451,,best_validation_checkpoint_1.bin
652,501,accepted,1,8.89959e-08,7.6165e-11,5.15103e-11,5.02901e-11,8.34108e-11,8.34108e-11,2.10087,0.102098,1.99694,0.0118406,0.0687034,0.0467165,0.0219868,,best_validation_checkpoint_0.bin
653,502,accepted,1,3.15111e-07,3.80825e-11,5.14944e-11,5.02647e-11,8.32821e-11,8.32821e-11,1.98248,0.10369,1.87699,0.0102523,0.0673681,0.0451312,0.0222368,,best_validation_checkpoint_1.bin
654,502,rejected,1,1.28607e-06,3.80825e-10,5.14944e-11,5.02647e-11,8.32821e-11,8.32821e-11,2.10897,0.103254,2.00363,0.0125172,0.022761,0.0227607,0,,
655,503,accepted,0,1.28607e-06,1.90413e-10,5.14624e-11,5.02485e-11,8.32424e-11,8.32424e-11,0,0,0,0.0115262,0.0663816,0.0446413,0.0217403,,best_validation_checkpoint_0.bin
656,504,accepted,1,9.43475e-08,9.52063e-11,5.14475e-11,5.02293e-11,8.3182e-11,8.3182e-11,2.16718,0.104084,2.06136,0.0104999,0.0668888,0.0449024,0.0219862,,best_validation_checkpoint_1.bin
657,505,accepted,1,2.08728e-07,4.76031e-11,5.14258e-11,5.02044e-11,8.30741e-11,8.30741e-11,2.11428,0.103065,2.00935,0.0100971,0.0662005,0.0445947,0.0216058,,best_validation_checkpoint_0.bin
658,505,rejected,1,7.52734e-07,4.76031e-10,5.14258e-11,5.02044e-11,8.30741e-11,8.30741e-11,2.03298,0.102877,1.92807,0.0121026,0.0229905,0.0229904,0,,
659,506,accepted,0,7.52734e-07,2.38016e-10,5.14099e-11,5.01957e-11,8.30469e-11,8.30469e-11,0,0,0,0.0108392,0.0670817,0.045108,0.0219736,,best_validation_checkpoint_1.bin
660,507,accepted,1,4.00257e-08,1.19008e-10,5.13978e-11,5.0182e-11,8.30001e-11,8.30001e-11,1.98367,0.103513,1.87842,0.0114846,0.0661552,0.0451992,0.0209558,,best_validation_checkpoint_0.bin
661,508,accepted,1,1.18089e-07,5.95039e-11,5.13769e-11,5.01588e-11,8.29105e-11,8.29105e-11,2.11321,0.103744,2.00772,0.0119023,0.0629333,0.0429675,0.0199657,,best_validation_checkpoint_1.bin
662,508,rejected,1,4.74908e-07,5.95039e-10,5.13769e-11,5.01588e-11,8.29105e-11,8.29105e-11,2.07177,0.102399,1.96573,0.012543,0.0235316,0.0235313,0,,
663,509,accepted,0,4.74908e-07,2.9752e-10,5.1368e-11,5.01543e-11,8.28917e-11,8.28917e-11,0,0,0,0.0122883,0.0678909,0.045413,0.0224777,,best_validation_checkpoint_0.bin
664,510,accepted,1,2.50718e-08,1.4876e-10,5.13582e-11,5.01435e-11,8.2854e-11,8.2854e-11,1.98804,0.10381,1.88237,0.0109608,0.0670262,0.0449091,0.0221169,,best_validation_checkpoint_1.bin
665,511,accepted,1,7.94705e-08,7.43799e-11,5.13401e-11,5.01245e-11,8.27822e-11,8.27822e-11,2.06463,0.103324,1.95956,0.0114313,0.0688178,0.0454035,0.0234141,,best_validation_checkpoint_0.bin
666,512,accepted,1,2.93493e-07,3.71899e-11,5.13245e-11,5.01047e-11,8.26594e-11,8.26594e-11,1.99677,0.105196,1.88881,0.0133028,0.0672653,0.0449764,0.0222887,,best_validation_checkpoint_1.bin
667,512,rejected,1,1.14568e-06,3.71899e-10,5.13245e-11,5.01047e-11,8.26594e-11,8.26594e-11,2.08243,0.104469,1.97613,0.0110106,0.0233608,0.0233606,0,,
668,513,accepted,0,1.14568e-06,1.8595e-10,5.12915e-11,5.00795e-11,8.26094e-11,8.26094e-11,0,0,0,0.0117271,0.0681521,0.0458859,0.0222661,,best_validation_checkpoint_0.bin
669,514,accepted,1,4.43008e-08,9.29749e-11,5.12764e-11,5.00642e-11,8.25532e-11,8.25532e-11,2.09201,0.103222,1.98701,0.0106445,0.0674724,0.0454288,0.0220435,,best_validation_checkpoint_1.bin
670,515,accepted,1,1.65241e-07,4.64874e-11,5.12547e-11,5.00407e-11,8.24468e-11,8.24468e-11,2.05986,0.103057,1.95497,0.0101376,0.0681752,0.0459028,0.0222723,,best_validation_checkpoint_0.bin
671,515,rejected,1,6.89133e-07,4.64874e-10,5.12547e-11,5.00407e-11,8.24468e-11,8.24468e-11,1.9639,0.102635,1.85953,0.0113273,0.0233328,0.0233327,0,,
672,516,accepted,0,6.89133e-07,2.32437e-10,5.12383e-11,5.00271e-11,8.24143e-11,8.24143e-11,0,0,0,0.0112077,0.068145,0.0457879,0.022357,,best_validation_checkpoint_1.bin
673,517,accepted,1,2.54124e-08,1.16219e-10,5.1226e-11,5.00149e-11,8.23689e-11,8.23689e-11,2.00506,0.103834,1.89937,0.0111085,0.0678314,0.0454317,0.0223995,,best_validation_checkpoint_0.bin
674,518,accepted,1,1.07359e-07,5.81093e-11,5.12049e-11,4.99937e-11,8.22814e-11,8.22814e-11,1.95974,0.104814,1.8531,0.011353,0.0665146,0.044648,0.0218665,,best_validation_checkpoint_1.bin
675,518,rejected,1,4.29169e-07,5.81093e-10,5.12049e-11,4.99937e-11,8.22814e-11,8.22814e-11,1.97671,0.104254,1.87056,0.0117791,0.0228145,0.0228144,0,,
676,519,accepted,0,4.29169e-07,2.90546e-10,5.11958e-11,4.99851e-11,8.22577e-11,8.22577e-11,0,0,0,0.0115671,0.0677172,0.0459826,0.0217345,,best_validation_checkpoint_0.bin
677,520,accepted,1,2.26745e-08,1.45273e-10,5.11859e-11,4.99757e-11,8.2222e-11,8.2222e-11,2.04429,0.104319,1.93819,0.0113554,0.0683427,0.0454837,0.0228589,,best_validation_checkpoint_1.bin
678,521,accepted,1,6.80396e-08,7.26366e-11,5.11675e-11,4.99582e-11,8.21515e-11,8.21515e-11,2.01657,0.10724,1.90748,0.0115136,0.0695755,0.0470048,0.0225705,,best_validation_checkpoint_0.bin
679,522,accepted,1,2.72033e-07,3.63183e-11,5.11524e-11,4.9943e-11,8.20335e-11,8.20335e-11,2.01549,0.106065,1.90752,0.0139093,0.0676111,0.0453877,0.0222232,,best_validation_checkpoint_1.bin
680,522,rejected,1,1.08537e-06,3.63183e-10,5.11524e-11,4.9943e-11,8.20335e-11,8.20335e-11,1.95714,0.104303,1.851,0.0121884,0.0230965,0.0230962,0,,
681,523,accepted,0,1.08537e-06,1.81592e-10,5.11183e-11,4.99092e-11,8.19746e-11,8.19746e-11,0,0,0,0.0113239,0.0675167,0.0449891,0.0225276,,best_validation_checkpoint_0.bin
682,524,accepted,1,4.69473e-08,9.07958e-11,5.1103e-11,4.9895e-11,8.19185e-11,8.19185e-11,2.11312,0.103401,2.00765,0.0109538,0.0672225,0.0451462,0.0220761,,best_validation_checkpoint_1.bin
683,525,accepted,1,1.69789e-07,4.53979e-11,5.10814e-11,4.98743e-11,8.18153e-11,8.18153e-11,1.96932,0.105336,1.86205,0.0105717,0.0669942,0.0449636,0.0220304,,best_validation_checkpoint_0.bin
684,525,rejected,1,6.81956e-07,4.53979e-10,5.10814e-11,4.98743e-11,8.18153e-11,8.18153e-11,2.04639,0.103526,1.94089,0.0118072,0.0231834,0.0231832,0,,
685,526,accepted,0,6.81956e-07,2.26989e-10,5.10643e-11,4.98564e-11,8.17782e-11,8.17782e-11,0,0,0,0.0113795,0.0679597,0.045671,0.0222885,,best_validation_checkpoint_1.bin
686,527,accepted,1,3.13211e-08,1.13495e-10,5.10519e-11,4.98451e-11,8.1733e-11,8.1733e-11,2.05533,0.103239,1.95021,0.0109419,0.0679466,0.0457362,0.0222102,,best_validation_checkpoint_0.bin
687,528,accepted,1,1.10925e-07,5.67474e-11,5.10306e-11,4.98267e-11,8.16485e-11,8.16485e-11,2.03181,0.103977,1.92604,0.0125115,0.0695926,0.0462695,0.0233231,,best_validation_checkpoint_1.bin
688,528,rejected,1,4.5321e-07,5.67474e-10,5.10306e-11,4.98267e-11,8.16485e-11,8.16485e-11,2.15048,0.102787,2.04596,0.0111314,0.0223699,0.0223697,0,,
689,529,accepted,0,4.5321e-07,2.83737e-10,5.10213e-11,4.98138e-11,8.16205e-11,8.16205e-11,0,0,0,0.0107277,0.0656161,0.0447675,0.0208485,,best_validation_checkpoint_0.bin
690,530,accepted,1,4.22181e-08,1.41868e-10,5.10112e-11,4.98054e-11,8.1585e-11,8.1585e-11,2.08747,0.103342,1.98229,0.0113902,0.0657466,0.0444076,0.021339,,best_validation_checkpoint_1.bin
691,531,accepted,1,7.45842e-08,7.09342e-11,5.09927e-11,4.97887e-11,8.15153e-11,8.15153e-11,2.08403,0.103918,1.97825,0.0105537,0.0671957,0.0452468,0.0219488,,best_validation_checkpoint_0.bin
692,532,accepted,1,2.92534e-07,3.54671e-11,5.09782e-11,4.97801e-11,8.14045e-11,8.14045e-11,2.03618,0.103779,1.93063,0.0119406,0.0681394,0.0456474,0.0224918,,best_validation_checkpoint_1.bin
693,532,rejected,1,1.15043e-06,3.54671e-10,5.09782e-11,4.97801e-11,8.14045e-11,8.14045e-11,2.03028,0.102524,1.92601,0.0102751,0.0230224,0.0230222,0,,
694,533,accepted,0,1.15043e-06,1.77335e-10,5.09427e-11,4.97358e-11,8.13339e-11,8.13339e-11,0,0,0,0.0108106,0.0651796,0.0433069,0.0218727,,best_validation_checkpoint_0.bin
695,534,accepted,1,1.0306e-07,8.86677e-11,5.09273e-11,4.97249e-11,8.1281e-11,8.1281e-11,2.05437,0.102368,1.95015,0.0109683,0.062729,0.041112,0.0216169,,best_validation_checkpoint_1.bin
696,535,accepted,1,2.07711e-07,4.43339e-11,5.09056e-11,4.97091e-11,8.11828e-11,8.11828e-11,1.99557,0.103324,1.89048,0.0107027,0.0670902,0.0449686,0.0221216,,best_validation_checkpoint_0.bin
697,535,rejected,1,7.84492e-07,4.43339e-10,5.09056e-11,4.97091e-11,8.11828e-11,8.11828e-11,2.17583,0.103167,2.07095,0.0109016,0.023119,0.023119,0,,
698,536,accepted,0,7.84492e-07,2.21669e-10,5.0888e-11,4.96824e-11,8.1136e-11,8.1136e-11,0,0,0,0.0100986,0.0680886,0.0456458,0.0224426,,best_validation_checkpoint_1.bin
699,537,accepted,1,9.17991e-08,1.10835e-10,5.08754e-11,4.9674e-11,8.10938e-11,8.10938e-11,2.06149,0.102726,1.95708,0.0100494,0.067068,0.0446213,0.0224466,,best_validation_checkpoint_0.bin
700,538,accepted,1,1.51382e-07,5.54173e-11,5.08541e-11,4.96563e-11,8.10099e-11,8.10099e-11,2.1574,0.103505,2.05174,0.0120506,0.0678046,0.0454581,0.0223464,,best_validation_checkpoint_1.bin
701,538,rejected,1,5.09543e-07,5.54173e-10,5.08541e-11,4.96563e-11,8.10099e-11,8.10099e-11,2.0176,0.103677,1.91216,0.0105057,0.0229754,0.0229752,0,,
702,539,accepted,0,5.09543e-07,2.77087e-10,5.08444e-11,4.96403e-11,8.09784e-11,8.09784e-11,0,0,0,0.0096773,0.0668986,0.0448456,0.0220529,,best_validation_checkpoint_0.bin
703,540,accepted,1,6.0162e-08,1.38543e-10,5.08342e-11,4.9633e-11,8.09441e-11,8.09441e-11,2.06608,0.104417,1.95988,0.0110118,0.0670343,0.0452123,0.0218219,,best_validation_checkpoint_1.bin
704,541,accepted,1,1.00961e-07,6.92717e-11,5.08155e-11,4.96176e-11,8.08755e-11,8.08755e-11,2.02841,0.103027,1.92358,0.0110911,0.0673981,0.0449911,0.0224068,,best_validation_checkpoint_0.bin
705,542,accepted,1,3.54096e-07,3.46358e-11,5.0802e-11,4.96166e-11,8.07729e-11,8.07729e-11,2.08352,0.104216,1.97665,0.0129922,0.0676002,0.0449287,0.0226714,,best_validation_checkpoint_1.bin
706,542,rejected,1,1.38416e-06,3.46358e-10,5.0802e-11,4.96166e-11,8.07729e-11,8.07729e-11,2.12841,0.104487,2.02223,0.0101743,0.0232325,0.0232322,0,,
707,543,accepted,0,1.38416e-06,1.73179e-10,5.07648e-11,4.95601e-11,8.06889e-11,8.06889e-11,0,0,0,0.0112132,0.067165,0.0440329,0.023132,,best_validation_checkpoint_0.bin
708,544,accepted,1,1.75818e-07,8.65896e-11,5.07492e-11,4.95525e-11,8.06392e-11,8.06392e-11,2.13459,0.105506,2.02739,0.0099456,0.0678439,0.0455376,0.0223062,,best_validation_checkpoint_1.bin
709,545,accepted,1,2.74185e-07,4.32948e-11,5.07277e-11,4.95411e-11,8.05457e-11,8.05457e-11,2.02367,0.103481,1.91838,0.0106914,0.0670582,0.0450769,0.0219813,,best_validation_checkpoint_0.bin
710,545,rejected,1,9.86553e-07,4.32948e-10,5.07277e-11,4.95411e-11,8.05457e-11,8.05457e-11,2.02964,0.10518,1.92255,0.0105561,0.0230447,0.0230445,0,,
711,546,accepted,0,9.86553e-07,2.16474e-10,5.07094e-11,4.95064e-11,8.049e-11,8.049e-11,0,0,0,0.0117056,0.0671272,0.0451872,0.02194,,best_validation_checkpoint_1.bin
712,547,accepted,1,1.45697e-07,1.08237e-10,5.06966e-11,4.95004e-11,8.04502e-11,8.04502e-11,1.99599,0.104996,1.88911,0.0113597,0.0681175,0.0456642,0.0224532,,best_validation_checkpoint_0.bin
713,548,accepted,1,2.05572e-07,5.41185e-11,5.06752e-11,4.94854e-11,8.03691e-11,8.03691e-11,2.10619,0.104677,1.99974,0.0112926,0.0670737,0.0450554,0.0220182,,best_validation_checkpoint_1.bin
714,548,rejected,1,6.54047e-07,5.41185e-10,5.06752e-11,4.94854e-11,8.03691e-11,8.03691e-11,2.06031,0.104814,1.95362,0.0125773,0.0230696,0.0230694,0,,
715,549,accepted,0,6.54047e-07,2.70592e-10,5.06652e-11,4.9464e-11,8.03315e-11,8.03315e-11,0,0,0,0.0115139,0.0681704,0.0453077,0.0228627,,best_validation_checkpoint_0.bin
716,550,accepted,1,1.02149e-07,1.35296e-10,5.06549e-11,4.94585e-11,8.02991e-11,8.02991e-11,2.06294,0.103804,1.95736,0.0117068,0.0673614,0.0453758,0.0219854,,best_validation_checkpoint_1.bin
717,551,accepted,1,1.42295e-07,6.76481e-11,5.0636e-11,4.94446e-11,8.02321e-11,8.02321e-11,2.08053,0.10314,1.97554,0.0116073,0.0677776,0.0454937,0.0222837,,best_validation_checkpoint_0.bin
718,552,accepted,1,4.57443e-07,3.38241e-11,5.06238e-11,4.94492e-11,8.01355e-11,8.01355e-11,2.02855,0.103732,1.92199,0.0112348,0.0658208,0.0453948,0.0204259,,best_validation_checkpoint_1.bin
719,552,rejected,1,1.64978e-06,3.38241e-10,5.06238e-11,4.94492e-11,8.01355e-11,8.01355e-11,2.01468,0.104344,1.90858,0.0108955,0.0231478,0.0231475,0,,
720,553,accepted,0,1.64978e-06,1.6912e-10,5.05845e-11,4.93827e-11,8.00404e-11,8.00404e-11,0,0,0,0.0111475,0.0676128,0.0452444,0.0223683,,best_validation_checkpoint_0.bin
721,554,accepted,1,2.20299e-07,8.45601e-11,5.05687e-11,4.93778e-11,7.9993e-11,7.9993e-11,2.10459,0.104722,1.99815,0.0128358,0.0676881,0.0454648,0.0222231,,best_validation_checkpoint_1.bin
722,555,accepted,1,3.5238e-07,4.22801e-11,5.05477e-11,4.93735e-11,7.99073e-11,7.99073e-11,2.05107,0.104817,1.94439,0.0112603,0.0679784,0.0456695,0.0223089,,best_validation_checkpoint_0.bin
723,555,rejected,1,1.35632e-06,4.22801e-10,5.05477e-11,4.93735e-11,7.99073e-11,7.99073e-11,2.04231,0.103792,1.93674,0.010438,0.0230287,0.0230286,0,,
724,556,accepted,0,1.35632e-06,2.114e-10,5.05284e-11,4.93276e-11,7.98397e-11,7.98397e-11,0,0,0,0.0105892,0.0679889,0.0452231,0.0227657,,best_validation_checkpoint_1.bin
725,557,accepted,1,2.21908e-07,1.057e-10,5.05155e-11,4.93244e-11,7.98023e-11,7.98023e-11,2.0683,0.104453,1.96202,0.0122523,0.0674698,0.0449352,0.0225345,,best_validation_checkpoint_0.bin
726,558,accepted,1,2.64787e-07,5.28501e-11,5.0494e-11,4.93132e-11,7.97253e-11,7.97253e-11,2.11641,0.103701,2.01104,0.011391,0.067299,0.045223,0.0220758,,best_validation_checkpoint_1.bin
727,558,rejected,1,8.74353e-07,5.28501e-10,5.0494e-11,4.93132e-11,7.97253e-11,7.97253e-11,2.03484,0.103306,1.92969,0.0107839,0.0228215,0.0228214,0,,
728,559,accepted,0,8.74353e-07,2.6425e-10,5.04836e-11,4.92855e-11,7.96812e-11,7.96812e-11,0,0,0,0.010377,0.0672755,0.0454343,0.0218411,,best_validation_checkpoint_0.bin
729,560,accepted,1,1.41285e-07,1.32125e-10,5.04731e-11,4.92817e-11,7.965e-11,7.965e-11,2.11243,0.104602,2.00573,0.0105484,0.0676749,0.0453616,0.0223133,,best_validation_checkpoint_1.bin
730,561,accepted,1,1.88198e-07,6.60626e-11,5.04541e-11,4.92699e-11,7.95853e-11,7.95853e-11,2.05176,0.103551,1.94649,0.0112831,0.0670563,0.0451601,0.0218961,,best_validation_checkpoint_0.bin
731,562,accepted,1,6.0236e-07,3.30313e-11,5.04434e-11,4.92867e-11,7.95021e-11,7.95021e-11,2.13576,0.101386,2.03225,0.0116128,0.0679577,0.0456944,0.0222633,,best_validation_checkpoint_1.bin
732,562,rejected,1,2.26962e-06,3.30313e-10,5.04434e-11,4.92867e-11,7.95021e-11,7.95021e-11,2.02789,0.102818,1.92331,0.011523,0.023105,0.0231048,0,,
733,563,accepted,0,2.26962e-06,1.65157e-10,5.04018e-11,4.92009e-11,7.93864e-11,7.93864e-11,0,0,0,0.0105963,0.0671001,0.0449071,0.022193,,best_validation_checkpoint_0.bin
734,564,accepted,1,3.612e-07,8.25783e-11,5.03859e-11,4.92023e-11,7.93457e-11,7.93457e-11,2.09853,0.103772,1.99304,0.011919,0.0670204,0.0448792,0.0221412,,best_validation_checkpoint_1.bin
735,565,accepted,1,5.09736e-07,4.12891e-11,5.03652e-11,4.92019e-11,7.92644e-11,7.92644e-11,2.08218,0.10425,1.97612,0.0111777,0.0685659,0.0461456,0.0224203,,best_validation_checkpoint_0.bin
736,565,rejected,1,1.68627e-06,4.12891e-10,5.03652e-11,4.92019e-11,7.92644e-11,7.92644e-11,2.05946,0.10339,1.95439,0.0118012,0.0232344,0.0232343,0,,
737,566,accepted,0,1.68627e-06,2.06446e-10,5.03449e-11,4.91469e-11,7.91858e-11,7.91858e-11,0,0,0,0.0108765,0.0672667,0.0452109,0.0220556,,best_validation_checkpoint_1.bin
738,567,accepted,1,2.87487e-07,1.03223e-10,5.03318e-11,4.9147e-11,7.9153e-11,7.9153e-11,2.00713,0.103879,1.90151,0.0106684,0.067991,0.04567,0.0223209,,best_validation_checkpoint_0.bin
739,568,accepted,1,3.69003e-07,5.16114e-11,5.03104e-11,4.91386e-11,7.90792e-11,7.90792e-11,2.09157,0.103284,1.98644,0.0119429,0.0679896,0.0460057,0.0219838,,best_validation_checkpoint_1.bin
740,568,rejected,1,1.11327e-06,5.16114e-10,5.03104e-11,4.91386e-11,7.90792e-11,7.90792e-11,2.02613,0.103519,1.92092,0.011908,0.0232356,0.0232353,0,,
741,569,accepted,0,1.11327e-06,2.58057e-10,5.02994e-11,4.91045e-11,7.90282e-11,7.90282e-11,0,0,0,0.0115137,0.0674837,0.0454795,0.0220041,,best_validation_checkpoint_0.bin
742,570,accepted,1,1.88043e-07,1.29029e-10,5.02889e-11,4.91028e-11,7.8999e-11,7.8999e-11,1.96195,0.103055,1.85706,0.0105769,0.0646139,0.0436325,0.0209813,,best_validation_checkpoint_1.bin
743,571,accepted,1,2.46478e-07,6.45143e-11,5.02697e-11,4.90925e-11,7.89359e-11,7.89359e-11,2.04319,0.103778,1.93709,0.0119056,0.068263,0.0460208,0.0222422,,best_validation_checkpoint_0.bin
744,572,accepted,1,7.41388e-07,3.22571e-11,5.02611e-11,4.91199e-11,7.88643e-11,7.88643e-11,2.10256,0.103098,1.99773,0.0114376,0.0680248,0.0458471,0.0221775,,best_validation_checkpoint_1.bin
745,572,rejected,1,2.83509e-06,3.22571e-10,5.02611e-11,4.91199e-11,7.88643e-11,7.88643e-11,2.04165,0.10419,1.93544,0.0123283,0.0213098,0.0213095,0,,
746,573,accepted,0,2.83509e-06,1.61286e-10,5.02168e-11,4.90175e-11,7.87304e-11,7.87304e-11,0,0,0,0.012255,0.0680806,0.0460766,0.0220039,,best_validation_checkpoint_0.bin
747,574,accepted,1,4.77122e-07,8.06428e-11,5.02006e-11,4.90232e-11,7.86936e-11,7.86936e-11,2.0143,0.108076,1.90442,0.011325,0.0675748,0.045427,0.0221476,,best_validation_checkpoint_1.bin
748,575,accepted,1,6.11462e-07,4.03214e-11,5.01809e-11,4.90303e-11,7.86206e-11,7.86206e-11,1.96667,0.104807,1.86008,0.0113116,0.0652615,0.0435126,0.0217488,,best_validation_checkpoint_0.bin
749,575,rejected,1,2.1328e-06,4.03214e-10,5.01809e-11,4.90303e-11,7.86206e-11,7.86206e-11,2.08645,0.104503,1.98016,0.0116613,0.0231774,0.0231772,0,,
750,576,accepted,0,2.1328e-06,2.01607e-10,5.01591e-11,4.89633e-11,7.85299e-11,7.85299e-11,0,0,0,0.0112744,0.0679191,0.0457415,0.0221775,,best_validation_checkpoint_1.bin
751,577,accepted,1,3.74864e-07,1.00804e-10,5.01458e-11,4.8967e-11,7.84995e-11,7.84995e-11,2.03768,0.10514,1.93049,0.0111351,0.0669097,0.0449712,0.0219384,,best_validation_checkpoint_0.bin
752,578,accepted,1,4.56393e-07,5.04018e-11,5.01245e-11,4.89629e-11,7.84327e-11,7.84327e-11,1.96967,0.104982,1.86276,0.0115751,0.0683701,0.0462299,0.02214,,best_validation_checkpoint_1.bin
753,578,rejected,1,1.41871e-06,5.04018e-10,5.01245e-11,4.89629e-11,7.84327e-11,7.84327e-11,2.07042,0.103552,1.96515,0.011599,0.0231879,0.0231877,0,,
754,579,accepted,0,1.41871e-06,2.52009e-10,5.0113e-11,4.89212e-11,7.83743e-11,7.83743e-11,0,0,0,0.0122188,0.0672675,0.0446685,0.0225989,,best_validation_checkpoint_0.bin
755,580,accepted,1,2.3911e-07,1.26004e-10,5.01023e-11,4.89215e-11,7.8347e-11,7.8347e-11,1.98681,0.104055,1.88084,0.0104461,0.0675831,0.0449604,0.0226226,,best_validation_checkpoint_1.bin
756,581,accepted,1,2.96892e-07,6.30022e-11,5.00831e-11,4.89138e-11,7.82867e-11,7.82867e-11,2.08038,0.103886,1.97467,0.0102075,0.0674277,0.0452531,0.0221744,,best_validation_checkpoint_0.bin
757,582,accepted,1,9.29897e-07,3.15011e-11,5.00776e-11,4.89551e-11,7.82301e-11,7.82301e-11,2.06398,0.103555,1.9587,0.0116089,0.0673259,0.0450786,0.0222471,,best_validation_checkpoint_1.bin
758,582,rejected,1,3.60602e-06,3.15011e-10,5.00776e-11,4.89551e-11,7.82301e-11,7.82301e-11,2.10037,0.103664,1.99485,0.01171,0.0227432,0.0227431,0,,
759,583,accepted,0,3.60602e-06,1.57506e-10,5.00292e-11,4.88304e-11,7.80719e-11,7.80719e-11,0,0,0,0.0118929,0.0668043,0.0449097,0.0218946,,best_validation_checkpoint_0.bin
760,584,accepted,1,6.63401e-07,7.87528e-11,5.00129e-11,4.88443e-11,7.80439e-11,7.80439e-11,2.04497,0.103768,1.93924,0.010851,0.0674728,0.0452372,0.0222355,,best_validation_checkpoint_1.bin
761,585,accepted,1,8.36917e-07,3.93764e-11,4.99943e-11,4.88581e-11,7.79785e-11,7.79785e-11,2.10663,0.103511,2.00113,0.011137,0.0675698,0.0454522,0.0221175,,best_validation_checkpoint_0.bin
762,585,rejected,1,2.67017e-06,3.93764e-10,4.99943e-11,4.88581e-11,7.79785e-11,7.79785e-11,2.0571,0.10331,1.95193,0.0109714,0.0231362,0.0231359,0,,
763,586,accepted,0,2.67017e-06,1.96882e-10,4.99707e-11,4.87772e-11,7.7873e-11,7.7873e-11,0,0,0,0.0101607,0.0678007,0.0453242,0.0224764,,best_validation_checkpoint_1.bin
764,587,accepted,1,4.72369e-07,9.8441e-11,4.99573e-11,4.8785e-11,7.78465e-11,7.78465e-11,2.12655,0.102296,2.02106,0.0116432,0.0672283,0.0452146,0.0220137,,best_validation_checkpoint_0.bin
765,588,accepted,1,5.68269e-07,4.92205e-11,4.99364e-11,4.87855e-11,7.77825e-11,7.77825e-11,2.02366,0.10308,1.91876,0.0110502,0.0679023,0.045474,0.0224282,,best_validation_checkpoint_1.bin
766,588,rejected,1,1.76029e-06,4.92205e-10,4.99364e-11,4.87855e-11,7.77825e-11,7.77825e-11,2.04276,0.103926,1.937,0.0118398,0.0229756,0.0229755,0,,
767,589,accepted,0,1.76029e-06,2.46102e-10,4.99241e-11,4.87351e-11,7.77136e-11,7.77136e-11,0,0,0,0.011899,0.0681359,0.0459107,0.0222252,,best_validation_checkpoint_0.bin
768,590,accepted,1,3.07838e-07,1.23051e-10,4.99132e-11,4.87384e-11,7.76895e-11,7.76895e-11,2.0967,0.103054,1.99179,0.0103262,0.068575,0.0461616,0.0224133,,best_validation_checkpoint_1.bin
769,591,accepted,1,3.8091e-07,6.15256e-11,4.9894e-11,4.87333e-11,7.76321e-11,7.76321e-11,1.98976,0.101595,1.88638,0.01059,0.0668536,0.0448361,0.0220174,,best_validation_checkpoint_0.bin
770,592,accepted,1,1.15286e-06,3.07628e-11,4.98919e-11,4.87864e-11,7.75893e-11,7.75893e-11,2.10032,0.104248,1.99433,0.0117394,0.0674083,0.0453636,0.0220445,,best_validation_checkpoint_1.bin
771,592,rejected,1,4.30916e-06,3.07628e-10,4.98919e-11,4.87864e-11,7.75893e-11,7.75893e-11,2.08594,0.10442,1.97979,0.0113199,0.0232699,0.0232697,0,,
772,593,accepted,0,4.30916e-06,1.53814e-10,4.98394e-11,4.86424e-11,7.74108e-11,7.74108e-11,0,0,0,0.0110123,0.0685265,0.0461101,0.0224164,,best_validation_checkpoint_0.bin
773,594,accepted,1,7.70334e-07,7.6907e-11,4.9823e-11,4.86613e-11,7.73874e-11,7.73874e-11,1.96625,0.104347,1.85999,0.0130295,0.0678882,0.0456929,0.0221953,,best_validation_checkpoint_1.bin
774,595,accepted,1,9.79873e-07,3.84535e-11,4.98058e-11,4.86833e-11,7.73312e-11,7.73312e-11,2.03906,0.105761,1.93146,0.0110737,0.0636915,0.0432197,0.0204718,,best_validation_checkpoint_0.bin
775,595,rejected,1,3.19261e-06,3.84535e-10,4.98058e-11,4.86833e-11,7.73312e-11,7.73312e-11,2.0417,0.105537,1.93438,0.0101792,0.0227665,0.0227662,0,,
776,596,accepted,0,3.19261e-06,1.92268e-10,4.97802e-11,4.85887e-11,7.7211e-11,7.7211e-11,0,0,0,0.0107219,0.0680051,0.045812,0.022193,,best_validation_checkpoint_1.bin
777,597,accepted,1,5.73896e-07,9.61338e-11,4.97666e-11,4.86007e-11,7.71888e-11,7.71888e-11,2.03621,0.104111,1.93037,0.0105222,0.0674718,0.0455758,0.021896,,best_validation_checkpoint_0.bin
778,598,accepted,1,6.75087e-07,4.80669e-11,4.97462e-11,4.8606e-11,7.71306e-11,7.71306e-11,2.0838,0.102967,1.97914,0.0101294,0.0670784,0.0450465,0.0220317,,best_validation_checkpoint_1.bin
779,598,rejected,1,2.11028e-06,4.80669e-10,4.97462e-11,4.8606e-11,7.71306e-11,7.71306e-11,1.99468,0.102558,1.89027,0.0106419,0.0234773,0.0234773,0,,
780,599,accepted,0,2.11028e-06,2.40334e-10,4.97329e-11,4.8547e-11,7.70523e-11,7.70523e-11,0,0,0,0.010965,0.0672501,0.045302,0.021948,,best_validation_checkpoint_0.bin
781,600,accepted,1,3.70972e-07,1.20167e-10,4.9722e-11,4.85529e-11,7.7031e-11,7.7031e-11,2.00668,0.103509,1.90126,0.0110507,0.0681175,0.0458483,0.0222692,,best_validation_checkpoint_1.bin
782,601,accepted,1,4.55584e-07,6.00836e-11,4.97028e-11,4.8551e-11,7.69779e-11,7.69779e-11,2.15408,0.104027,2.04831,0.0118494,0.0674574,0.0450773,0.02238,,best_validation_checkpoint_0.bin
783,601,rejected,1,1.40121e-06,6.00836e-10,4.97028e-11,4.8551e-11,7.69779e-11,7.69779e-11,1.9901,0.104536,1.88371,0.0106597,0.0231639,0.0231636,0,,
784,602,accepted,0,1.40121e-06,3.00418e-10,4.96952e-11,4.85129e-11,7.69255e-11,7.69255e-11,0,0,0,0.011858,0.0669493,0.0449735,0.0219758,,best_validation_checkpoint_1.bin
785,603,accepted,1,2.40781e-07,1.50209e-10,4.96864e-11,4.85153e-11,7.69062e-11,7.69062e-11,1.96364,0.102977,1.85889,0.0117066,0.067122,0.0452307,0.0218913,,best_validation_checkpoint_0.bin
786,604,accepted,1,3.06645e-07,7.51045e-11,4.967e-11,4.851e-11,7.68593e-11,7.68593e-11,2.05769,0.103668,1.95211,0.0112512,0.0677326,0.045592,0.022138,,best_validation_checkpoint_1.bin
787,605,accepted,1,9.09522e-07,3.75523e-11,4.96545e-11,4.85418e-11,7.68138e-11,7.68138e-11,2.03553,0.104585,1.92916,0.0107273,0.0658683,0.0439388,0.0219293,,best_validation_checkpoint_0.bin
788,605,rejected,1,3.55349e-06,3.75523e-10,4.96545e-11,4.85418e-11,7.68138e-11,7.68138e-11,2.01918,0.102025,1.91541,0.0111664,0.023249,0.0232488,0,,
789,606,accepted,0,3.55349e-06,1.87761e-10,4.96267e-11,4.84375e-11,7.66829e-11,7.66829e-11,0,0,0,0.0108315,0.0677236,0.0454044,0.0223192,,best_validation_checkpoint_1.bin
790,607,accepted,1,6.31573e-07,9.38806e-11,4.9613e-11,4.84522e-11,7.66638e-11,7.66638e-11,2.06685,0.102839,1.96215,0.0114879,0.0674153,0.0450369,0.0223784,,best_validation_checkpoint_0.bin
791,608,accepted,1,7.66242e-07,4.69403e-11,4.95931e-11,4.84624e-11,7.66113e-11,7.66113e-11,2.03878,0.103831,1.93314,0.0114326,0.0678187,0.0453896,0.0224289,,best_validation_checkpoint_1.bin
792,608,rejected,1,2.44785e-06,4.69403e-10,4.95931e-11,4.84624e-11,7.66113e-11,7.66113e-11,2.10168,0.102641,1.99741,0.010672,0.0229766,0.0229764,0,,
793,609,accepted,0,2.44785e-06,2.34702e-10,4.95787e-11,4.83948e-11,7.65238e-11,7.65238e-11,0,0,0,0.0112167,0.066871,0.0448798,0.021991,,best_validation_checkpoint_0.bin
794,610,accepted,1,4.4227e-07,1.17351e-10,4.95676e-11,4.84036e-11,7.65057e-11,7.65057e-11,2.0519,0.105399,1.94465,0.0110987,0.0668446,0.0451343,0.0217103,,best_validation_checkpoint_1.bin
795,611,accepted,1,5.37904e-07,5.86754e-11,4.95486e-11,4.84044e-11,7.64555e-11,7.64555e-11,2.01151,0.103719,1.90566,0.0118849,0.0674645,0.0453635,0.022101,,best_validation_checkpoint_0.bin
796,611,rejected,1,1.63013e-06,5.86754e-10,4.95486e-11,4.84044e-11,7.64555e-11,7.64555e-11,2.00499,0.1035,1.89977,0.0121401,0.023332,0.0233317,0,,
797,612,accepted,0,1.63013e-06,2.93377e-10,4.95404e-11,4.83608e-11,7.63973e-11,7.63973e-11,0,0,0,0.0124062,0.0672556,0.0452432,0.0220123,,best_validation_checkpoint_1.bin
798,613,accepted,1,2.82043e-07,1.46688e-10,4.95315e-11,4.83649e-11,7.63796e-11,7.63796e-11,2.11157,0.104761,2.00501,0.010967,0.0668812,0.0447854,0.0220958,,best_validation_checkpoint_0.bin
799,614,accepted,1,3.54984e-07,7.33442e-11,4.9515e-11,4.83613e-11,7.63348e-11,7.63348e-11,2.08461,0.103571,1.97926,0.0113498,0.0672563,0.0450554,0.0222009,,best_validation_checkpoint_1.bin
800,615,accepted,1,1.06078e-06,3.66721e-11,4.95014e-11,4.84012e-11,7.62984e-11,7.62984e-11,2.0346,0.103206,1.92926,0.011672,0.0674702,0.0455261,0.0219439,,best_validation_checkpoint_0.bin
801,615,rejected,1,4.06433e-06,3.66721e-10,4.95014e-11,4.84012e-11,7.62984e-11,7.62984e-11,2.03695,0.105465,1.92974,0.0113572,0.023245,0.0232448,0,,
802,616,accepted,0,4.06433e-06,1.83361e-10,4.9471e-11,4.82832e-11,7.61529e-11,7.61529e-11,0,0,0,0.0108327,0.0677237,0.0454555,0.0222681,,best_validation_checkpoint_1.bin
803,617,accepted,1,7.33605e-07,9.16803e-11,4.94571e-11,4.83022e-11,7.6138e-11,7.6138e-11,2.06024,0.103495,1.95486,0.0113815,0.0672028,0.0448969,0.0223058,,best_validation_checkpoint_0.bin
804,618,accepted,1,8.87232e-07,4.58401e-11,4.94379e-11,4.83173e-11,7.60911e-11,7.60911e-11,1.97937,0.103434,1.87417,0.0115223,0.0656932,0.0443109,0.0213822,,best_validation_checkpoint_1.bin
805,618,rejected,1,2.81264e-06,4.58401e-10,4.94379e-11,4.83173e-11,7.60911e-11,7.60911e-11,2.06107,0.104097,1.95518,0.010306,0.0230652,0.0230649,0,,
806,619,accepted,0,2.81264e-06,2.29201e-10,4.94223e-11,4.82405e-11,7.59938e-11,7.59938e-11,0,0,0,0.0123926,0.0671283,0.0450722,0.022056,,best_validation_checkpoint_0.bin
807,620,accepted,1,5.096e-07,1.146e-10,4.9411e-11,4.82521e-11,7.59786e-11,7.59786e-11,2.04365,0.104646,1.9367,0.0115465,0.0677444,0.0455498,0.0221945,,best_validation_checkpoint_1.bin
808,621,accepted,1,6.17253e-07,5.73002e-11,4.93921e-11,4.82557e-11,7.59317e-11,7.59317e-11,2.03399,0.103722,1.92855,0.010968,0.0650817,0.0440335,0.021048,,best_validation_checkpoint_0.bin
809,621,rejected,1,1.86396e-06,5.73002e-10,4.93921e-11,4.82557e-11,7.59317e-11,7.59317e-11,2.01315,0.104702,1.90673,0.0103597,0.0234474,0.0234471,0,,
810,622,accepted,0,1.86396e-06,2.86501e-10,4.93834e-11,4.82066e-11,7.58675e-11,7.58675e-11,0,0,0,0.0120412,0.0670958,0.0450792,0.0220166,,best_validation_checkpoint_1.bin
811,623,accepted,1,3.23531e-07,1.4325e-10,4.93744e-11,4.82124e-11,7.58515e-11,7.58515e-11,2.09047,0.103313,1.98525,0.0109783,0.0648684,0.0438411,0.0210273,,best_validation_checkpoint_0.bin
812,624,accepted,1,4.0495e-07,7.16252e-11,4.93578e-11,4.82105e-11,7.58088e-11,7.58088e-11,2.0471,0.103878,1.94151,0.0116837,0.0683578,0.04578,0.0225776,,best_validation_checkpoint_1.bin
813,625,accepted,1,1.21055e-06,3.58126e-11,4.93467e-11,4.82598e-11,7.57829e-11,7.57829e-11,2.05976,0.104478,1.95337,0.0112691,0.0683364,0.0464829,0.0218533,,best_validation_checkpoint_0.bin
814,625,rejected,1,4.63061e-06,3.58126e-10,4.93467e-11,4.82598e-11,7.57829e-11,7.57829e-11,2.01574,0.103976,1.90998,0.0104201,0.0222893,0.022289,0,,
815,626,accepted,0,4.63061e-06,1.79063e-10,4.93131e-11,4.81266e-11,7.56214e-11,7.56214e-11,0,0,0,0.0109284,0.0682417,0.04561,0.0226317,,best_validation_checkpoint_1.bin
816,627,accepted,1,8.38447e-07,8.95315e-11,4.9299e-11,4.81497e-11,7.56105e-11,7.56105e-11,2.04672,0.102385,1.94257,0.0117349,0.0675745,0.0452298,0.0223447,,best_validation_checkpoint_0.bin
817,628,accepted,1,9.93723e-07,4.47658e-11,4.92807e-11,4.81704e-11,7.55701e-11,7.55701e-11,2.04947,0.103221,1.9445,0.0121931,0.0670953,0.0451961,0.0218992,,best_validation_checkpoint_1.bin
818,628,rejected,1,3.1948e-06,4.47658e-10,4.92807e-11,4.81704e-11,7.55701e-11,7.55701e-11,2.0491,0.103045,1.94437,0.0113845,0.0234816,0.0234813,0,,
819,629,accepted,0,3.1948e-06,2.23829e-10,4.92636e-11,4.8084e-11,7.54627e-11,7.54627e-11,0,0,0,0.0110998,0.066865,0.0449597,0.0219051,,best_validation_checkpoint_0.bin
820,630,accepted,1,5.81039e-07,1.11914e-10,4.92523e-11,4.80982e-11,7.54499e-11,7.54499e-11,2.00561,0.105584,1.89824,0.0115224,0.066979,0.0452766,0.0217022,,best_validation_checkpoint_1.bin
821,631,accepted,1,6.78632e-07,5.59572e-11,4.92336e-11,4.81054e-11,7.54072e-11,7.54072e-11,2.02082,0.106472,1.91259,0.0099026,0.0675614,0.045407,0.0221544,,best_validation_checkpoint_0.bin
822,631,rejected,1,2.11753e-06,5.59572e-10,4.92336e-11,4.81054e-11,7.54072e-11,7.54072e-11,2.04102,0.103102,1.93602,0.0121299,0.0230002,0.0229998,0,,
823,632,accepted,0,2.11753e-06,2.79786e-10,4.92242e-11,4.80501e-11,7.53365e-11,7.53365e-11,0,0,0,0.0116303,0.0667883,0.0447699,0.0220183,,best_validation_checkpoint_1.bin
824,633,accepted,1,3.67224e-07,1.39893e-10,4.92151e-11,4.80577e-11,7.53224e-11,7.53224e-11,2.02562,0.105205,1.91862,0.0112814,0.0681346,0.0461614,0.0219731,,best_validation_checkpoint_0.bin
825,634,accepted,1,4.59867e-07,6.99465e-11,4.91985e-11,4.80578e-11,7.52819e-11,7.52819e-11,1.98087,0.103862,1.87519,0.0112191,0.0668218,0.0451199,0.0217018,,best_validation_checkpoint_1.bin
826,635,accepted,1,1.37512e-06,3.49733e-11,4.91902e-11,4.8117e-11,7.52674e-11,7.52674e-11,2.04751,0.105362,1.94033,0.0100847,0.063059,0.041667,0.0213918,,best_validation_checkpoint_0.bin
827,635,rejected,1,5.22874e-06,3.49733e-10,4.91902e-11,4.8117e-11,7.52674e-11,7.52674e-11,2.01358,0.104553,1.90686,0.0122145,0.0226827,0.0226825,0,,
828,636,accepted,0,5.22874e-06,1.74866e-10,4.9153e-11,4.79676e-11,7.50884e-11,7.50884e-11,0,0,0,0.0107196,0.0668183,0.0446257,0.0221925,,best_validation_checkpoint_1.bin
829,637,accepted,1,9.63187e-07,8.74331e-11,4.91388e-11,4.79959e-11,7.5083e-11,7.5083e-11,2.13319,0.104921,2.02617,0.0112617,0.0670318,0.0449973,0.0220344,,best_validation_checkpoint_0.bin
830,638,accepted,1,1.14015e-06,4.37166e-11,4.91213e-11,4.80204e-11,7.50471e-11,7.50471e-11,2.0484,0.104349,1.94225,0.0120508,0.0676628,0.0452177,0.0224451,,best_validation_checkpoint_1.bin
831,638,rejected,1,3.52746e-06,4.37166e-10,4.91213e-11,4.80204e-11,7.50471e-11,7.50471e-11,2.08533,0.104161,1.97902,0.0104615,0.0232593,0.023259,0,,
832,639,accepted,0,3.52746e-06,2.18583e-10,4.91028e-11,4.79256e-11,7.49308e-11,7.49308e-11,0,0,0,0.0110103,0.0686664,0.0464156,0.0222508,,best_validation_checkpoint_0.bin
833,640,accepted,1,6.40407e-07,1.09291e-10,4.90913e-11,4.79429e-11,7.49213e-11,7.49213e-11,2.12141,0.103694,2.01603,0.0107791,0.0667614,0.0450174,0.021744,,best_validation_checkpoint_1.bin
834,641,accepted,1,7.85362e-07,5.46457e-11,4.90729e-11,4.79533e-11,7.48824e-11,7.48824e-11,2.06815,0.103248,1.96295,0.0112159,0.0659287,0.045157,0.0207717,,best_validation_checkpoint_0.bin
835,641,rejected,1,2.39415e-06,5.46457e-10,4.90729e-11,4.79533e-11,7.48824e-11,7.48824e-11,2.09699,0.103664,1.99113,0.0117732,0.0235188,0.0235185,0,,
836,642,accepted,0,2.39415e-06,2.73229e-10,4.90628e-11,4.78913e-11,7.48044e-11,7.48044e-11,0,0,0,0.0106288,0.0671609,0.0449876,0.0221733,,best_validation_checkpoint_1.bin
837,643,accepted,1,4.24036e-07,1.36614e-10,4.90536e-11,4.7901e-11,7.47927e-11,7.47927e-11,2.04874,0.103762,1.94218,0.0116232,0.0677107,0.0455828,0.0221278,,best_validation_checkpoint_0.bin
838,644,accepted,1,5.14353e-07,6.83071e-11,4.9037e-11,4.79038e-11,7.47556e-11,7.47556e-11,2.10413,0.103478,1.99876,0.0113175,0.0675499,0.045349,0.0222007,,best_validation_checkpoint_1.bin
839,645,accepted,1,1.58376e-06,3.41536e-11,4.90324e-11,4.79744e-11,7.4754e-11,7.4754e-11,2.17354,0.10461,2.06714,0.010696,0.0669485,0.0448647,0.0220837,,best_validation_checkpoint_0.bin
840,645,rejected,1,5.91765e-06,3.41536e-10,4.90324e-11,4.79744e-11,7.4754e-11,7.4754e-11,2.05662,0.103621,1.95105,0.0119658,0.0229615,0.0229613,0,,
841,646,accepted,0,5.91765e-06,1.70768e-10,4.89908e-11,4.78062e-11,7.45551e-11,7.45551e-11,0,0,0,0.0106575,0.0675157,0.0454116,0.022104,,best_validation_checkpoint_1.bin
842,647,accepted,1,1.09925e-06,8.53839e-11,4.89763e-11,4.78394e-11,7.45546e-11,7.45546e-11,2.02799,0.103549,1.92264,0.0115026,0.0695844,0.0463346,0.0232497,,best_validation_checkpoint_0.bin
843,648,accepted,1,1.26012e-06,4.2692e-11,4.89603e-11,4.78715e-11,7.45278e-11,7.45278e-11,2.12655,0.103597,2.0212,0.0112515,0.0696454,0.0467089,0.0229364,,best_validation_checkpoint_1.bin
844,648,rejected,1,4.00936e-06,4.2692e-10,4.89603e-11,4.78715e-11,7.45278e-11,7.45278e-11,2.04316,0.10602,1.93541,0.0108555,0.0234343,0.023434,0,,
845,649,accepted,0,4.00936e-06,2.1346e-10,4.89398e-11,4.77646e-11,7.43986e-11,7.43986e-11,0,0,0,0.01158,0.0680929,0.0453156,0.0227773,,best_validation_checkpoint_0.bin
846,650,accepted,1,7.23998e-07,1.0673e-10,4.89281e-11,4.77848e-11,7.43918e-11,7.43918e-11,2.02982,0.104036,1.92392,0.0121073,0.068322,0.0457887,0.0225331,,best_validation_checkpoint_1.bin
847,651,accepted,1,8.55767e-07,5.3365e-11,4.89101e-11,4.77989e-11,7.43576e-11,7.43576e-11,2.09088,0.104452,1.9847,0.0109552,0.0679032,0.0457825,0.0221206,,best_validation_checkpoint_0.bin
848,651,rejected,1,2.66046e-06,5.3365e-10,4.89101e-11,4.77989e-11,7.43576e-11,7.43576e-11,2.05003,0.1044,1.94393,0.011956,0.0222769,0.0222766,0,,
849,652,accepted,0,2.66046e-06,2.66825e-10,4.88993e-11,4.77305e-11,7.4273e-11,7.4273e-11,0,0,0,0.0119134,0.0681972,0.0461762,0.0220209,,best_validation_checkpoint_1.bin
850,653,accepted,1,4.68596e-07,1.33412e-10,4.88899e-11,4.7742e-11,7.42632e-11,7.42632e-11,2.25882,0.109025,2.14789,0.0117436,0.067937,0.0457433,0.0221937,,best_validation_checkpoint_0.bin
851,654,accepted,1,5.65454e-07,6.67062e-11,4.88733e-11,4.77461e-11,7.42277e-11,7.42277e-11,2.08902,0.10412,1.98297,0.0111838,0.0681738,0.0457705,0.0224032,,best_validation_checkpoint_1.bin
852,655,accepted,1,1.71136e-06,3.33531e-11,4.88725e-11,4.78284e-11,7.42395e-11,7.42277e-11,2.08895,0.106293,1.9803,0.0114057,0.0679551,0.0454723,0.0224827,,
853,655,rejected,1,6.53772e-06,3.33531e-10,4.88725e-11,4.78284e-11,7.42395e-11,7.42277e-11,2.13282,0.107476,2.02352,0.011366,0.02321,0.0232097,0,,
854,656,accepted,0,6.53772e-06,1.66765e-10,4.88264e-11,4.76427e-11,7.40221e-11,7.40221e-11,0,0,0,0.0124342,0.0670448,0.0450481,0.0219966,,best_validation_checkpoint_0.bin
855,657,accepted,1,1.23473e-06,8.33827e-11,4.88118e-11,4.76812e-11,7.40272e-11,7.40221e-11,2.10959,0.10715,2.00045,0.0118127,0.0692952,0.0468667,0.0224285,,
856,658,accepted,1,1.398e-06,4.16914e-11,4.87974e-11,4.77205e-11,7.40088e-11,7.40088e-11,2.04248,0.104251,1.93648,0.0111283,0.067663,0.0454834,0.0221795,,best_validation_checkpoint_1.bin
857,658,rejected,1,4.49088e-06,4.16914e-10,4.87974e-11,4.77205e-11,7.40088e-11,7.40088e-11,2.09184,0.103166,1.98676,0.0108408,0.0231644,0.0231642,0,,
858,659,accepted,0,4.49088e-06,2.08457e-10,4.87747e-11,4.76011e-11,7.38665e-11,7.38665e-11,0,0,0,0.0115283,0.0669738,0.0447517,0.0222219,,best_validation_checkpoint_0.bin
859,660,accepted,1,8.25057e-07,1.04228e-10,4.87628e-11,4.76253e-11,7.38639e-11,7.38639e-11,2.01572,0.10519,1.90868,0.0122791,0.0670096,0.0448876,0.0221218,,best_validation_checkpoint_1.bin
860,661,accepted,1,9.60047e-07,5.21142e-11,4.87453e-11,4.76425e-11,7.38338e-11,7.38338e-11,2.1077,0.105616,2.00021,0.0103514,0.0676947,0.0457384,0.0219562,,best_validation_checkpoint_0.bin
861,661,rejected,1,2.92949e-06,5.21142e-10,4.87453e-11,4.76425e-11,7.38338e-11,7.38338e-11,2.05329,0.104725,1.94599,0.011293,0.0229525,0.0229523,0,,
862,662,accepted,0,2.92949e-06,2.60571e-10,4.87335e-11,4.75676e-11,7.37421e-11,7.37421e-11,0,0,0,0.012697,0.0679398,0.0456862,0.0222536,,best_validation_checkpoint_1.bin
863,663,accepted,1,5.17564e-07,1.30286e-10,4.8724e-11,4.75813e-11,7.37346e-11,7.37346e-11,2.02129,0.10437,1.91511,0.011668,0.0677556,0.0452486,0.022507,,best_validation_checkpoint_0.bin
864,664,accepted,1,6.36143e-07,6.51428e-11,4.87075e-11,4.75874e-11,7.37021e-11,7.37021e-11,2.00921,0.104211,1.90283,0.010555,0.0674811,0.0451005,0.0223806,,best_validation_checkpoint_1.bin
865,664,rejected,1,1.89936e-06,6.51428e-10,4.87075e-11,4.75874e-11,7.37021e-11,7.37021e-11,2.06565,0.102809,1.96113,0.0099695,0.022523,0.0225229,0,,
866,665,accepted,0,1.89936e-06,3.25714e-10,4.87008e-11,4.75398e-11,7.3642e-11,7.3642e-11,0,0,0,0.0107025,0.0653933,0.0437426,0.0216506,,best_validation_checkpoint_0.bin
867,666,accepted,1,3.26717e-07,1.62857e-10,4.86932e-11,4.75472e-11,7.36325e-11,7.36325e-11,2.05081,0.104399,1.94467,0.0108587,0.0675158,0.0455164,0.0219993,,best_validation_checkpoint_1.bin
868,667,accepted,1,4.19729e-07,8.14285e-11,4.86789e-11,4.75478e-11,7.36017e-11,7.36017e-11,1.98448,0.103104,1.87959,0.0099611,0.062681,0.0419057,0.0207752,,best_validation_checkpoint_0.bin
869,668,accepted,1,1.23725e-06,4.07142e-11,4.86659e-11,4.75962e-11,7.35931e-11,7.35931e-11,2.03788,0.105318,1.93075,0.0116813,0.06657,0.0444276,0.0221423,,best_validation_checkpoint_1.bin
870,668,rejected,1,4.73325e-06,4.07142e-10,4.86659e-11,4.75962e-11,7.35931e-11,7.35931e-11,1.96702,0.102935,1.86222,0.0115691,0.0227909,0.0227909,0,,
871,669,accepted,0,4.73325e-06,2.03571e-10,4.86415e-11,4.74704e-11,7.34437e-11,7.34437e-11,0,0,0,0.0126676,0.0691275,0.0470231,0.0221043,,best_validation_checkpoint_0.bin
872,670,accepted,1,8.62984e-07,1.01786e-10,4.86295e-11,4.74965e-11,7.34434e-11,7.34434e-11,2.02321,0.106317,1.91514,0.0100529,0.0671764,0.045248,0.0219284,,best_validation_checkpoint_1.bin
873,671,accepted,1,1.03449e-06,5.08928e-11,4.86125e-11,4.75172e-11,7.34174e-11,7.34174e-11,2.043,0.103002,1.93798,0.010358,0.0668609,0.044768,0.0220927,,best_validation_checkpoint_0.bin
874,671,rejected,1,3.18228e-06,5.08928e-10,4.86125e-11,4.75172e-11,7.34174e-11,7.34174e-11,2.07175,0.10402,1.96518,0.0107577,0.0229775,0.0229772,0,,
875,672,accepted,0,3.18228e-06,2.54464e-10,4.85998e-11,4.7436e-11,7.33192e-11,7.33192e-11,0,0,0,0.0109599,0.0653175,0.0453675,0.0199499,,best_validation_checkpoint_1.bin
876,673,accepted,1,5.68953e-07,1.27232e-10,4.85901e-11,4.74516e-11,7.33137e-11,7.33137e-11,2.04846,0.10312,1.94354,0.0109467,0.067601,0.0457721,0.0218287,,best_validation_checkpoint_0.bin
877,674,accepted,1,6.93369e-07,6.3616e-11,4.85737e-11,4.74597e-11,7.32837e-11,7.32837e-11,2.02207,0.103586,1.91677,0.011241,0.068416,0.0463554,0.0220605,,best_validation_checkpoint_1.bin
878,674,rejected,1,2.07058e-06,6.3616e-10,4.85737e-11,4.74597e-11,7.32837e-11,7.32837e-11,2.07721,0.103929,1.97145,0.011936,0.0233395,0.0233391,0,,
879,675,accepted,0,2.07058e-06,3.1808e-10,4.85665e-11,4.7408e-11,7.32194e-11,7.32194e-11,0,0,0,0.0105616,0.0681208,0.0453383,0.0227823,,best_validation_checkpoint_0.bin
880,676,accepted,1,3.59048e-07,1.5904e-10,4.85588e-11,4.74166e-11,7.32112e-11,7.32112e-11,2.0525,0.103857,1.94651,0.0109287,0.0679915,0.0459304,0.0220609,,best_validation_checkpoint_1.bin
881,677,accepted,1,4.57e-07,7.952e-11,4.85445e-11,4.74183e-11,7.31819e-11,7.31819e-11,2.01877,0.102745,1.91397,0.0128104,0.0676546,0.0455926,0.0220619,,best_validation_checkpoint_0.bin
882,678,accepted,1,1.34249e-06,3.976e-11,4.85331e-11,4.74731e-11,7.31809e-11,7.31809e-11,2.0829,0.10548,1.97558,0.0105585,0.0683716,0.0463032,0.0220683,,best_validation_checkpoint_1.bin
883,678,rejected,1,5.13251e-06,3.976e-10,4.85331e-11,4.74731e-11,7.31809e-11,7.31809e-11,2.09925,0.103448,1.994,0.0113552,0.02329,0.0232899,0,,
884,679,accepted,0,5.13251e-06,1.988e-10,4.85064e-11,4.73368e-11,7.30201e-11,7.30201e-11,0,0,0,0.0112379,0.0669659,0.0450095,0.0219563,,best_validation_checkpoint_0.bin
885,680,accepted,1,9.39133e-07,9.94e-11,4.84943e-11,4.73658e-11,7.30227e-11,7.30201e-11,2.0501,0.102713,1.94559,0.012128,0.065505,0.0452298,0.020275,,
886,681,accepted,1,1.11352e-06,4.97e-11,4.84777e-11,4.73901e-11,7.30013e-11,7.30013e-11,2.01091,0.104314,1.90484,0.0119443,0.0674636,0.0452202,0.0222434,,best_validation_checkpoint_1.bin
887,681,rejected,1,3.44561e-06,4.97e-10,4.84777e-11,4.73901e-11,7.30013e-11,7.30013e-11,2.17707,0.104334,2.07091,0.0103764,0.0227012,0.022701,0,,
888,682,accepted,0,3.44561e-06,2.485e-10,4.8464e-11,4.73024e-11,7.28961e-11,7.28961e-11,0,0,0,0.0114308,0.0674077,0.0449849,0.0224228,,best_validation_checkpoint_0.bin
889,683,accepted,1,6.16439e-07,1.2425e-10,4.84542e-11,4.732e-11,7.28927e-11,7.28927e-11,2.01599,0.103397,1.90975,0.0110586,0.0670969,0.0451282,0.0219687,,best_validation_checkpoint_1.bin
890,684,accepted,1,7.53045e-07,6.2125e-11,4.84378e-11,4.73302e-11,7.28656e-11,7.28656e-11,2.05192,0.103867,1.94614,0.0120514,0.0688007,0.0460196,0.0227811,,best_validation_checkpoint_0.bin
891,684,rejected,1,2.24828e-06,6.2125e-10,4.84378e-11,4.73302e-11,7.28656e-11,7.28656e-11,2.04733,0.109434,1.93572,0.0233889,0.0237534,0.0237531,0,,
892,685,accepted,0,2.24828e-06,3.10625e-10,4.84302e-11,4.72743e-11,7.27967e-11,7.27967e-11,0,0,0,0.0113193,0.0675039,0.045528,0.0219758,,best_validation_checkpoint_1.bin
893,686,accepted,1,3.89954e-07,1.55312e-10,4.84224e-11,4.72842e-11,7.27899e-11,7.27899e-11,2.01026,0.103385,1.90455,0.0109136,0.0681902,0.0455306,0.0226595,,best_validation_checkpoint_0.bin
894,687,accepted,1,4.93625e-07,7.76562e-11,4.8408e-11,4.72871e-11,7.27623e-11,7.27623e-11,2.0643,0.104323,1.95753,0.0110291,0.0674116,0.0450368,0.0223747,,best_validation_checkpoint_1.bin
895,688,accepted,1,1.45582e-06,3.88281e-11,4.83986e-11,4.73486e-11,7.27695e-11,7.27623e-11,2.12855,0.105361,2.02122,0.0115074,0.0669604,0.0451609,0.0217994,,
896,688,rejected,1,5.54902e-06,3.88281e-10,4.83986e-11,4.73486e-11,7.27695e-11,7.27623e-11,2.04755,0.105801,1.93822,0.011219,0.0227694,0.0227691,0,,
897,689,accepted,0,5.54902e-06,1.94141e-10,4.83694e-11,4.72012e-11,7.25967e-11,7.25967e-11,0,0,0,0.0121215,0.0665574,0.0446717,0.0218856,,best_validation_checkpoint_0.bin
898,690,accepted,1,1.02559e-06,9.70703e-11,4.8357e-11,4.72336e-11,7.26034e-11,7.25967e-11,2.07279,0.103945,1.96707,0.0125409,0.0681359,0.0457837,0.0223521,,
899,691,accepted,1,1.21205e-06,4.85351e-11,4.83411e-11,4.72614e-11,7.25863e-11,7.25863e-11,1.98911,0.103628,1.88369,0.0119834,0.0678929,0.0452219,0.0226709,,best_validation_checkpoint_1.bin
900,691,rejected,1,3.72534e-06,4.85351e-10,4.83411e-11,4.72614e-11,7.25863e-11,7.25863e-11,1.97183,0.104309,1.86577,0.0107198,0.0231088,0.0231087,0,,
901,692,accepted,0,3.72534e-06,2.42676e-10,4.83263e-11,4.71668e-11,7.24738e-11,7.24738e-11,0,0,0,0.0106271,0.0671693,0.0453518,0.0218173,,best_validation_checkpoint_0.bin
902,693,accepted,1,6.7035e-07,1.21338e-10,4.83164e-11,4.71866e-11,7.24726e-11,7.24726e-11,2.04812,0.103341,1.94231,0.0121394,0.0680069,0.0458948,0.0221119,,best_validation_checkpoint_1.bin
903,694,accepted,1,8.14915e-07,6.06689e-11,4.83001e-11,4.71984e-11,7.24478e-11,7.24478e-11,1.97698,0.105743,1.86952,0.0106645,0.0675235,0.0455003,0.0220231,,best_validation_checkpoint_0.bin
904,694,rejected,1,2.40854e-06,6.06689e-10,4.83001e-11,4.71984e-11,7.24478e-11,7.24478e-11,2.06632,0.103852,1.96062,0.0114904,0.0228999,0.0228999,0,,
905,695,accepted,0,2.40854e-06,3.03345e-10,4.8292e-11,4.71388e-11,7.23749e-11,7.23749e-11,0,0,0,0.0123683,0.067591,0.0452049,0.0223861,,best_validation_checkpoint_1.bin
906,696,accepted,1,4.17949e-07,1.51672e-10,4.8284e-11,4.71498e-11,7.23694e-11,7.23694e-11,2.01049,0.102696,1.90594,0.0108734,0.068072,0.0458601,0.0222117,,best_validation_checkpoint_0.bin
907,697,accepted,1,5.303e-07,7.58362e-11,4.82696e-11,4.71537e-11,7.23433e-11,7.23433e-11,2.00243,0.10235,1.89753,0.0107705,0.067209,0.0452724,0.0219366,,best_validation_checkpoint_1.bin
908,698,accepted,1,1.56076e-06,3.79181e-11,4.82622e-11,4.72218e-11,7.23584e-11,7.23433e-11,2.05772,0.103347,1.95263,0.0108544,0.0669967,0.0452044,0.0217922,,
909,698,rejected,1,5.94229e-06,3.79181e-10,4.82622e-11,4.72218e-11,7.23584e-11,7.23433e-11,2.00071,0.103612,1.89523,0.0102567,0.0229348,0.0229344,0,,
910,699,accepted,0,5.94229e-06,1.8959e-10,4.82304e-11,4.70637e-11,7.21741e-11,7.21741e-11,0,0,0,0.0108482,0.0599014,0.0402486,0.0196527,,best_validation_checkpoint_0.bin
911,700,accepted,1,1.10777e-06,9.47952e-11,4.82179e-11,4.70991e-11,7.21841e-11,7.21741e-11,2.13058,0.103539,2.02526,0.0115968,0.0675546,0.0453893,0.0221652,,
912,701,accepted,1,1.29115e-06,4.73976e-11,4.82026e-11,4.71305e-11,7.21714e-11,7.21714e-11,2.05041,0.102323,1.94563,0.0106928,0.0677026,0.04536,0.0223425,,best_validation_checkpoint_1.bin
913,701,rejected,1,3.98431e-06,4.73976e-10,4.82026e-11,4.71305e-11,7.21714e-11,7.21714e-11,2.03605,0.104298,1.92995,0.0125389,0.0228577,0.0228574,0,,
914,702,accepted,0,3.98431e-06,2.36988e-10,4.81866e-11,4.70293e-11,7.20521e-11,7.20521e-11,0,0,0,0.0119787,0.0674249,0.0450281,0.0223968,,best_validation_checkpoint_0.bin
915,703,accepted,1,7.22787e-07,1.18494e-10,4.81765e-11,4.7051e-11,7.20528e-11,7.20521e-11,2.01723,0.10321,1.91233,0.0112797,0.0691458,0.0469131,0.0222327,,
916,704,accepted,1,8.668e-07,5.9247e-11,4.81604e-11,4.70649e-11,7.20312e-11,7.20312e-11,2.00582,0.103682,1.90021,0.0109316,0.0656677,0.0441506,0.0215171,,best_validation_checkpoint_1.bin
917,704,rejected,1,2.57834e-06,5.9247e-10,4.81604e-11,4.70649e-11,7.20312e-11,7.20312e-11,2.00457,0.103697,1.89925,0.0119334,0.0232823,0.0232822,0,,
918,705,accepted,0,2.57834e-06,2.96235e-10,4.81518e-11,4.70013e-11,7.19537e-11,7.19537e-11,0,0,0,0.0117004,0.0670747,0.0449051,0.0221696,,best_validation_checkpoint_0.bin
919,706,accepted,1,4.49565e-07,1.48118e-10,4.81438e-11,4.70133e-11,7.19497e-11,7.19497e-11,2.0736,0.103899,1.968,0.0106073,0.0668229,0.0448931,0.0219297,,best_validation_checkpoint_1.bin
920,707,accepted,1,5.5859e-07,7.40588e-11,4.81293e-11,4.70187e-11,7.19253e-11,7.19253e-11,2.03395,0.10597,1.92606,0.011739,0.0677054,0.0454501,0.0222552,,best_validation_checkpoint_0.bin
921,708,accepted,1,1.6755e-06,3.70294e-11,4.81237e-11,4.7092e-11,7.19476e-11,7.19253e-11,1.93556,0.107272,1.82651,0.0104354,0.0667349,0.0448224,0.0219124,,
922,708,rejected,1,6.28627e-06,3.70294e-10,4.81237e-11,4.7092e-11,7.19476e-11,7.19253e-11,1.91832,0.106883,1.80947,0.0114354,0.0230389,0.0230388,0,,
923,709,accepted,0,6.28627e-06,1.85147e-10,4.80894e-11,4.69247e-11,7.17529e-11,7.17529e-11,0,0,0,0.012279,0.0670473,0.0450266,0.0220206,,best_validation_checkpoint_1.bin
924,710,accepted,1,1.17348e-06,9.25734e-11,4.80768e-11,4.69634e-11,7.17667e-11,7.17529e-11,2.03875,0.102908,1.93372,0.0117319,0.0674662,0.0453382,0.0221279,,
925,711,accepted,1,1.40474e-06,4.62867e-11,4.80624e-11,4.69983e-11,7.17586e-11,7.17529e-11,2.03643,0.103989,1.93045,0.0108405,0.0681137,0.0457897,0.022324,,
926,711,rejected,1,4.27221e-06,4.62867e-10,4.80624e-11,4.69983e-11,7.17586e-11,7.17529e-11,2.08381,0.103821,1.97797,0.0105451,0.0228634,0.0228631,0,,
927,712,accepted,0,4.27221e-06,2.31434e-10,4.8045e-11,4.68899e-11,7.16319e-11,7.16319e-11,0,0,0,0.0116642,0.0670981,0.0449695,0.0221285,,best_validation_checkpoint_0.bin
928,713,accepted,1,7.82666e-07,1.15717e-10,4.80348e-11,4.6914e-11,7.16348e-11,7.16319e-11,2.08594,0.103905,1.98023,0.0109652,0.0677151,0.0454132,0.0223019,,
929,714,accepted,1,9.42138e-07,5.78584e-11,4.80188e-11,4.69294e-11,7.16162e-11,7.16162e-11,2.05973,0.104762,1.95182,0.0124357,0.0681607,0.0457252,0.0224354,,best_validation_checkpoint_1.bin
930,714,rejected,1,2.74046e-06,5.78584e-10,4.80188e-11,4.69294e-11,7.16162e-11,7.16162e-11,2.11894,0.102635,2.01426,0.0138363,0.0230499,0.0230497,0,,
931,715,accepted,0,2.74046e-06,2.89292e-10,4.80097e-11,4.68619e-11,7.1534e-11,7.1534e-11,0,0,0,0.0112771,0.0678835,0.0453687,0.0225148,,best_validation_checkpoint_0.bin
932,716,accepted,1,4.76837e-07,1.44646e-10,4.80016e-11,4.68752e-11,7.1532e-11,7.1532e-11,2.03664,0.103706,1.93116,0.0106415,0.0664501,0.0446513,0.0217987,,best_validation_checkpoint_1.bin
933,717,accepted,1,6.02623e-07,7.2323e-11,4.7987e-11,4.68817e-11,7.15088e-11,7.15088e-11,2.07041,0.104602,1.96405,0.0108884,0.0669472,0.0452442,0.021703,,best_validation_checkpoint_0.bin
934,718,accepted,1,1.78517e-06,3.61615e-11,4.7984e-11,4.69623e-11,7.1541e-11,7.15088e-11,2.07505,0.103508,1.96976,0.011895,0.0673784,0.0453778,0.0220005,,
935,718,rejected,1,6.70896e-06,3.61615e-10,4.7984e-11,4.69623e-11,7.1541e-11,7.15088e-11,2.02235,0.103088,1.91692,0.0116325,0.0225909,0.0225906,0,,
936,719,accepted,0,6.70896e-06,1.80808e-10,4.79466e-11,4.67832e-11,7.13327e-11,7.13327e-11,0,0,0,0.0113716,0.0673099,0.0450886,0.0222213,,best_validation_checkpoint_1.bin
937,720,accepted,1,1.27296e-06,9.04038e-11,4.79337e-11,4.68251e-11,7.13512e-11,7.13327e-11,2.02043,0.103671,1.91477,0.0110977,0.0676065,0.0454113,0.0221951,,
938,721,accepted,1,1.48431e-06,4.52019e-11,4.79201e-11,4.68635e-11,7.13469e-11,7.13327e-11,1.9771,0.104369,1.87083,0.0115581,0.0684962,0.046394,0.0221021,,
939,721,rejected,1,4.52283e-06,4.52019e-10,4.79201e-11,4.68635e-11,7.13469e-11,7.13327e-11,2.09246,0.103215,1.98698,0.0103549,0.0232311,0.0232311,0,,
940,722,accepted,0,4.52283e-06,2.26009e-10,4.79015e-11,4.67486e-11,7.12143e-11,7.12143e-11,0,0,0,0.011845,0.0674334,0.0451818,0.0222513,,best_validation_checkpoint_0.bin
941,723,accepted,1,8.38925e-07,1.13005e-10,4.78912e-11,4.67751e-11,7.12188e-11,7.12143e-11,1.99983,0.103379,1.89446,0.0117013,0.0670172,0.0450985,0.0219186,,
942,724,accepted,1,1.02151e-06,5.65023e-11,4.78753e-11,4.67915e-11,7.12035e-11,7.12035e-11,1.97734,0.104119,1.87137,0.0124707,0.0677013,0.0455336,0.0221676,,best_validation_checkpoint_1.bin
943,724,rejected,1,2.87613e-06,5.65023e-10,4.78753e-11,4.67915e-11,7.12035e-11,7.12035e-11,2.14103,0.104008,2.03513,0.0140044,0.0228653,0.0228652,0,,
944,725,accepted,0,2.87613e-06,2.82512e-10,4.78657e-11,4.67209e-11,7.11166e-11,7.11166e-11,0,0,0,0.0111983,0.0674962,0.045278,0.0222182,,best_validation_checkpoint_0.bin
945,726,accepted,1,4.95827e-07,1.41256e-10,4.78574e-11,4.67349e-11,7.11166e-11,7.11166e-11,2.0035,0.103067,1.89865,0.0103369,0.0679249,0.0457289,0.022196,,best_validation_checkpoint_1.bin
946,727,accepted,1,6.24782e-07,7.06279e-11,4.78429e-11,4.67435e-11,7.10951e-11,7.10951e-11,2.13407,0.10443,2.02787,0.0101817,0.0698138,0.0473174,0.0224964,,best_validation_checkpoint_0.bin
947,728,accepted,1,1.9325e-06,3.5314e-11,4.78418e-11,4.68282e-11,7.11348e-11,7.10951e-11,2.11387,0.105075,2.00706,0.0116836,0.0667923,0.0448204,0.0219718,,
948,728,rejected,1,7.01466e-06,3.5314e-10,4.78418e-11,4.68282e-11,7.11348e-11,7.10951e-11,2.03346,0.103953,1.9278,0.0105394,0.022244,0.0222437,0,,
949,729,accepted,0,7.01466e-06,1.7657e-10,4.78018e-11,4.66407e-11,7.09161e-11,7.09161e-11,0,0,0,0.0117094,0.0677784,0.0456356,0.0221428,,best_validation_checkpoint_1.bin
950,730,accepted,1,1.32477e-06,8.82849e-11,4.77888e-11,4.66843e-11,7.09374e-11,7.09161e-11,2.07853,0.103752,1.97298,0.010705,0.0665988,0.0448582,0.0217406,,
951,731,accepted,1,1.52597e-06,4.41425e-11,4.77763e-11,4.67288e-11,7.09399e-11,7.09161e-11,2.00261,0.104094,1.89666,0.0131215,0.0670954,0.0449171,0.0221783,,
952,731,rejected,1,4.86809e-06,4.41425e-10,4.77763e-11,4.67288e-11,7.09399e-11,7.09161e-11,2.04421,0.104127,1.93692,0.0111497,0.0230529,0.0230527,0,,
953,732,accepted,0,4.86809e-06,2.20712e-10,4.77561e-11,4.66047e-11,7.07989e-11,7.07989e-11,0,0,0,0.0110448,0.0669592,0.044592,0.022367,,best_validation_checkpoint_0.bin
954,733,accepted,1,9.36237e-07,1.10356e-10,4.77456e-11,4.66344e-11,7.08065e-11,7.07989e-11,2.03611,0.103429,1.93086,0.0116133,0.0682869,0.0461105,0.0221763,,
955,734,accepted,1,1.09955e-06,5.51781e-11,4.77299e-11,4.66521e-11,7.07945e-11,7.07945e-11,2.11224,0.102436,2.00784,0.0101649,0.0671939,0.0455339,0.02166,,best_validation_checkpoint_1.bin
956,734,rejected,1,3.03372e-06,5.51781e-10,4.77299e-11,4.66521e-11,7.07945e-11,7.07945e-11,1.98557,0.104027,1.87964,0.0117136,0.0228265,0.0228262,0,,
957,735,accepted,0,3.03372e-06,2.7589e-10,4.77197e-11,4.65779e-11,7.0703e-11,7.0703e-11,0,0,0,0.0116303,0.0676978,0.0454204,0.0222773,,best_validation_checkpoint_0.bin
958,736,accepted,1,5.20473e-07,1.37945e-10,4.77113e-11,4.65929e-11,7.07048e-11,7.0703e-11,2.07996,0.10299,1.97514,0.0111984,0.0672608,0.045071,0.0221898,,
959,737,accepted,1,6.58854e-07,6.89726e-11,4.76968e-11,4.66021e-11,7.06843e-11,7.06843e-11,2.0428,0.10449,1.93655,0.0099197,0.0669315,0.0449616,0.0219697,,best_validation_checkpoint_1.bin
960,737,rejected,1,2.00192e-06,6.89726e-10,4.76968e-11,4.66021e-11,7.06843e-11,7.06843e-11,2.11934,0.104825,2.01239,0.0121954,0.0230765,0.0230762,0,,
961,738,accepted,0,2.00192e-06,3.44863e-10,4.76909e-11,4.65534e-11,7.06277e-11,7.06277e-11,0,0,0,0.011796,0.0684163,0.0460609,0.0223552,,best_validation_checkpoint_0.bin
962,739,accepted,1,3.57302e-07,1.72431e-10,4.76842e-11,4.65628e-11,7.06224e-11,7.06224e-11,2.0567,0.102525,1.95241,0.0123698,0.0667526,0.0448167,0.0219358,,best_validation_checkpoint_1.bin
963,740,accepted,1,4.63438e-07,8.62157e-11,4.76716e-11,4.65642e-11,7.06043e-11,7.06043e-11,1.99943,0.10486,1.89275,0.0104375,0.0668869,0.0451925,0.0216942,,best_validation_checkpoint_0.bin
964,741,accepted,1,1.24667e-06,4.31079e-11,4.76597e-11,4.66151e-11,7.06136e-11,7.06043e-11,2.02106,0.105519,1.91371,0.0114925,0.0664874,0.0447983,0.0216891,,
965,741,rejected,1,4.88061e-06,4.31079e-10,4.76597e-11,4.66151e-11,7.06136e-11,7.06043e-11,1.9788,0.1051,1.87184,0.011335,0.0230676,0.0230673,0,,
966,742,accepted,0,4.88061e-06,2.15539e-10,4.76388e-11,4.64908e-11,7.04715e-11,7.04715e-11,0,0,0,0.0111529,0.0673598,0.0453608,0.021999,,best_validation_checkpoint_1.bin
967,743,accepted,1,9.09243e-07,1.0777e-10,4.76282e-11,4.65201e-11,7.04787e-11,7.04715e-11,2.01619,0.103883,1.91056,0.0101837,0.0675246,0.0453683,0.0221562,,
968,744,accepted,1,1.11531e-06,5.38848e-11,4.76126e-11,4.65395e-11,7.04692e-11,7.04692e-11,2.01637,0.105519,1.90892,0.0110297,0.066597,0.0447008,0.0218961,,best_validation_checkpoint_0.bin
969,744,rejected,1,3.14411e-06,5.38848e-10,4.76126e-11,4.65395e-11,7.04692e-11,7.04692e-11,2.0655,0.10348,1.96021,0.0104194,0.0232477,0.0232475,0,,
970,745,accepted,0,3.14411e-06,2.69424e-10,4.7602e-11,4.64627e-11,7.03749e-11,7.03749e-11,0,0,0,0.0111533,0.0678047,0.0451652,0.0226393,,best_validation_checkpoint_1.bin
971,746,accepted,1,5.35193e-07,1.34712e-10,4.75935e-11,4.64783e-11,7.03776e-11,7.03749e-11,2.03278,0.103221,1.92773,0.010801,0.0671924,0.0452568,0.0219354,,
972,747,accepted,1,6.83447e-07,6.7356e-11,4.75789e-11,4.64884e-11,7.03587e-11,7.03587e-11,2.04758,0.102845,1.94288,0.0113156,0.0685794,0.04601,0.0225692,,best_validation_checkpoint_0.bin
973,747,rejected,1,2.09024e-06,6.7356e-10,4.75789e-11,4.64884e-11,7.03587e-11,7.03587e-11,2.14581,0.104824,2.03926,0.0108423,0.0230288,0.0230287,0,,
974,748,accepted,0,2.09024e-06,3.3678e-10,4.75727e-11,4.64377e-11,7.03e-11,7.03e-11,0,0,0,0.0113301,0.0670415,0.0451421,0.0218994,,best_validation_checkpoint_1.bin
975,749,accepted,1,3.72555e-07,1.6839e-10,4.75659e-11,4.64476e-11,7.02954e-11,7.02954e-11,2.09569,0.103625,1.9903,0.0104645,0.0670604,0.0448829,0.0221774,,best_validation_checkpoint_0.bin
976,750,accepted,1,4.79851e-07,8.41951e-11,4.75532e-11,4.64495e-11,7.02784e-11,7.02784e-11,2.07265,0.103469,1.96745,0.0112184,0.0665162,0.0453595,0.0211566,,best_validation_checkpoint_1.bin
977,751,accepted,1,1.30081e-06,4.20975e-11,4.75422e-11,4.65043e-11,7.02931e-11,7.02784e-11,2.02298,0.10519,1.91573,0.0102219,0.0676693,0.0456178,0.0220514,,
978,751,rejected,1,5.1199e-06,4.20975e-10,4.75422e-11,4.65043e-11,7.02931e-11,7.02784e-11,2.04072,0.103854,1.9351,0.0108132,0.0231859,0.0231858,0,,
979,752,accepted,0,5.1199e-06,2.10488e-10,4.75199e-11,4.63738e-11,7.01435e-11,7.01435e-11,0,0,0,0.0105475,0.0667291,0.0448069,0.0219221,,best_validation_checkpoint_0.bin
980,753,accepted,1,9.5703e-07,1.05244e-10,4.75092e-11,4.64047e-11,7.01532e-11,7.01435e-11,1.99903,0.104872,1.8924,0.0106393,0.0676701,0.0452699,0.0224002,,
981,754,accepted,1,1.16357e-06,5.26219e-11,4.74938e-11,4.64264e-11,7.01469e-11,7.01435e-11,2.10101,0.103987,1.99481,0.0111183,0.0671058,0.0451302,0.0219756,,
982,754,rejected,1,3.3152e-06,5.26219e-10,4.74938e-11,4.64264e-11,7.01469e-11,7.01435e-11,2.13443,0.10392,2.02818,0.0117838,0.0234767,0.0234766,0,,
983,755,accepted,0,3.3152e-06,2.6311e-10,4.74825e-11,4.63452e-11,7.00479e-11,7.00479e-11,0,0,0,0.0109711,0.0676607,0.0454056,0.0222551,,best_validation_checkpoint_1.bin
984,756,accepted,1,5.77372e-07,1.31555e-10,4.74738e-11,4.63622e-11,7.00523e-11,7.00479e-11,2.01007,0.102741,1.90558,0.0122971,0.0670979,0.0453717,0.0217261,,
985,757,accepted,1,7.22412e-07,6.57774e-11,4.74592e-11,4.63731e-11,7.00351e-11,7.00351e-11,2.06822,0.103005,1.96347,0.010245,0.0677786,0.0457625,0.0220159,,best_validation_checkpoint_0.bin
986,757,rejected,1,2.17889e-06,6.57774e-10,4.74592e-11,4.63731e-11,7.00351e-11,7.00351e-11,2.06683,0.10386,1.96078,0.0116691,0.0234391,0.0234388,0,,
987,758,accepted,0,2.17889e-06,3.28887e-10,4.74528e-11,4.63203e-11,6.99739e-11,6.99739e-11,0,0,0,0.0116368,0.0678524,0.0456688,0.0221836,,best_validation_checkpoint_1.bin
988,759,accepted,1,3.87424e-07,1.64443e-10,4.74459e-11,4.63308e-11,6.99706e-11,6.99706e-11,2.03894,0.103701,1.93343,0.0108466,0.0669732,0.0450605,0.0219125,,best_validation_checkpoint_0.bin
989,760,accepted,1,4.9832e-07,8.22217e-11,4.7433e-11,4.63332e-11,6.99545e-11,6.99545e-11,2.11402,0.102893,2.00871,0.0113691,0.0677242,0.0452326,0.0224916,,best_validation_checkpoint_1.bin
990,761,accepted,1,1.35904e-06,4.11109e-11,4.74229e-11,4.63911e-11,6.99739e-11,6.99545e-11,2.02309,0.105367,1.91601,0.0109289,0.0647932,0.0425997,0.0221934,,
991,761,rejected,1,5.3233e-06,4.11109e-10,4.74229e-11,4.63911e-11,6.99739e-11,6.99545e-11,2.04129,0.103416,1.93617,0.0123173,0.0233731,0.0233729,0,,
992,762,accepted,0,5.3233e-06,2.05554e-10,4.73992e-11,4.62551e-11,6.9818e-11,6.9818e-11,0,0,0,0.0108515,0.0677273,0.0451842,0.0225429,,best_validation_checkpoint_0.bin
993,763,accepted,1,1.00061e-06,1.02777e-10,4.73883e-11,4.62875e-11,6.9831e-11,6.9818e-11,2.12105,0.105393,2.01334,0.0115866,0.0668241,0.0449682,0.0218559,,
994,764,accepted,1,1.20644e-06,5.13886e-11,4.73731e-11,4.63102e-11,6.98258e-11,6.9818e-11,2.07899,0.103398,1.97353,0.0105534,0.0676434,0.045668,0.0219752,,
995,764,rejected,1,3.42137e-06,5.13886e-10,4.73731e-11,4.63102e-11,6.98258e-11,6.9818e-11,2.09726,0.103574,1.99191,0.0116176,0.02328,0.0232798,0,,
996,765,accepted,0,3.42137e-06,2.56943e-10,4.73613e-11,4.62264e-11,6.97242e-11,6.97242e-11,0,0,0,0.0118601,0.0653273,0.0423799,0.0229473,,best_validation_checkpoint_1.bin
997,766,accepted,1,6.02292e-07,1.28471e-10,4.73525e-11,4.62443e-11,6.97298e-11,6.97242e-11,2.0046,0.103247,1.89907,0.0122903,0.0667702,0.0446688,0.0221013,,
998,767,accepted,1,7.50633e-07,6.42357e-11,4.73378e-11,4.62557e-11,6.97136e-11,6.97136e-11,2.05951,0.103307,1.95443,0.0119459,0.0683959,0.0458389,0.0225569,,best_validation_checkpoint_0.bin
999,767,rejected,1,2.24316e-06,6.42357e-10,4.73378e-11,4.62557e-11,6.97136e-11,6.97136e-11,2.0598,0.104735,1.9532,0.0110292,0.0228331,0.0228328,0,,
1000,768,accepted,0,2.24316e-06,3.21179e-10,4.73311e-11,4.62014e-11,6.96496e-11,6.96496e-11,0,0,0,0.0105841,0.0682793,0.0455363,0.022743,,best_validation_checkpoint_1.bin
1001,769,accepted,1,4.05108e-07,1.60589e-10,4.73241e-11,4.62119e-11,6.9649e-11,6.9649e-11,2.06264,0.102746,1.95808,0.0106782,0.0682911,0.0458578,0.0224333,,best_validation_checkpoint_0.bin
1002,770,accepted,1,4.92086e-07,8.02947e-11,4.73112e-11,4.62154e-11,6.96316e-11,6.96316e-11,2.00446,0.105602,1.8971,0.0122794,0.067266,0.0455036,0.0217624,,best_validation_checkpoint_1.bin
1003,771,accepted,1,1.42455e-06,4.01473e-11,4.73014e-11,4.62736e-11,6.96569e-11,6.96316e-11,2.00888,0.103272,1.90387,0.010293,0.0677033,0.0456095,0.0220938,,
1004,771,rejected,1,5.40918e-06,4.01473e-10,4.73014e-11,4.62736e-11,6.96569e-11,6.96316e-11,2.03013,0.105128,1.92319,0.011325,0.0228964,0.0228962,0,,
1005,772,accepted,0,5.40918e-06,2.00737e-10,4.72768e-11,4.61358e-11,6.94947e-11,6.94947e-11,0,0,0,0.0109943,0.0673155,0.0451246,0.0221907,,best_validation_checkpoint_0.bin
1006,773,accepted,1,9.90766e-07,1.00368e-10,4.72658e-11,4.61671e-11,6.95101e-11,6.94947e-11,2.03133,0.104001,1.92549,0.0109963,0.0672169,0.0451985,0.0220183,,
1007,774,accepted,1,1.16656e-06,5.01842e-11,4.72512e-11,4.6195e-11,6.95069e-11,6.94947e-11,2.02405,0.104058,1.91824,0.0101296,0.0672306,0.0451399,0.0220907,,
1008,774,rejected,1,3.64483e-06,5.01842e-10,4.72512e-11,4.6195e-11,6.95069e-11,6.94947e-11,2.00547,0.102985,1.90043,0.0115076,0.0230656,0.0230653,0,,
1009,775,accepted,0,3.64483e-06,2.50921e-10,4.72384e-11,4.61054e-11,6.94022e-11,6.94022e-11,0,0,0,0.0117097,0.0676322,0.0453098,0.0223223,,best_validation_checkpoint_1.bin
1010,776,accepted,1,6.5794e-07,1.2546e-10,4.72295e-11,4.61248e-11,6.94092e-11,6.94022e-11,2.0981,0.102967,1.99328,0.0112227,0.068057,0.0455425,0.0225144,,
1011,777,accepted,1,7.87612e-07,6.27302e-11,4.72148e-11,4.61373e-11,6.93953e-11,6.93953e-11,2.07908,0.103334,1.97394,0.0127369,0.0676381,0.0454188,0.0222193,,best_validation_checkpoint_0.bin
1012,777,rejected,1,2.34622e-06,6.27302e-10,4.72148e-11,4.61373e-11,6.93953e-11,6.93953e-11,2.06981,0.104645,1.96334,0.0109193,0.0230377,0.0230376,0,,
1013,778,accepted,0,2.34622e-06,3.13651e-10,4.72078e-11,4.60806e-11,6.9328e-11,6.9328e-11,0,0,0,0.0110047,0.0667377,0.0450803,0.0216574,,best_validation_checkpoint_1.bin
1014,779,accepted,1,4.15324e-07,1.56826e-10,4.72007e-11,4.60917e-11,6.93296e-11,6.9328e-11,2.08158,0.104479,1.97501,0.0119993,0.0770199,0.0546842,0.0223356,,
1015,780,accepted,1,5.14331e-07,7.84128e-11,4.71877e-11,4.60964e-11,6.93123e-11,6.93123e-11,2.09842,0.103559,1.99291,0.0105781,0.067259,0.0451221,0.0221367,,best_validation_checkpoint_0.bin
1016,781,accepted,1,1.5156e-06,3.92064e-11,4.71787e-11,4.61566e-11,6.93419e-11,6.93123e-11,2.08999,0.103843,1.98433,0.0108431,0.067195,0.0450844,0.0221105,,
1017,781,rejected,1,5.58893e-06,3.92064e-10,4.71787e-11,4.61566e-11,6.93419e-11,6.93123e-11,2.07742,0.103123,1.97236,0.0120652,0.0233477,0.0233475,0,,
1018,782,accepted,0,5.58893e-06,1.96032e-10,4.71528e-11,4.60135e-11,6.91741e-11,6.91741e-11,0,0,0,0.0116864,0.067899,0.0459327,0.0219661,,best_validation_checkpoint_1.bin
1019,783,accepted,1,1.05666e-06,9.80159e-11,4.71416e-11,4.60476e-11,6.91928e-11,6.91741e-11,2.03929,0.104061,1.93342,0.0102675,0.0661074,0.0444531,0.0216542,,
1020,784,accepted,1,1.26431e-06,4.9008e-11,4.71271e-11,4.60751e-11,6.91906e-11,6.91741e-11,2.10968,0.105104,2.00278,0.0110846,0.0679813,0.0456426,0.0223387,,
1021,784,rejected,1,3.73089e-06,4.9008e-10,4.71271e-11,4.60751e-11,6.91906e-11,6.91741e-11,1.97401,0.104091,1.86808,0.0118176,0.023248,0.0232478,0,,
1022,785,accepted,0,3.73089e-06,2.4504e-10,4.71138e-11,4.59835e-11,6.90799e-11,6.90799e-11,0,0,0,0.0108682,0.0677906,0.0454505,0.02234,,best_validation_checkpoint_0.bin
1023,786,accepted,1,6.65971e-07,1.2252e-10,4.71048e-11,4.60034e-11,6.90851e-11,6.90799e-11,1.99999,0.103113,1.89509,0.0099602,0.0670083,0.0447962,0.022212,,
1024,787,accepted,1,8.08683e-07,6.126e-11,4.70899e-11,4.60151e-11,6.90743e-11,6.90743e-11,2.0546,0.103007,1.94982,0.0116936,0.068352,0.0456338,0.0227181,,best_validation_checkpoint_1.bin
1025,787,rejected,1,2.33821e-06,6.126e-10,4.70899e-11,4.60151e-11,6.90743e-11,6.90743e-11,2.07052,0.103828,1.96488,0.0109424,0.0230833,0.0230832,0,,
1026,788,accepted,0,2.33821e-06,3.063e-10,4.70828e-11,4.59587e-11,6.90063e-11,6.90063e-11,0,0,0,0.0109659,0.0675347,0.0453896,0.022145,,best_validation_checkpoint_0.bin
1027,789,accepted,1,4.09224e-07,1.5315e-10,4.70756e-11,4.59698e-11,6.90064e-11,6.90063e-11,2.032,0.103142,1.92635,0.0113306,0.0676403,0.0457965,0.0218436,,
1028,790,accepted,1,5.26379e-07,7.6575e-11,4.70624e-11,4.5974e-11,6.89922e-11,6.89922e-11,2.02485,0.102334,1.92079,0.0115044,0.0675886,0.0453568,0.0222317,,best_validation_checkpoint_1.bin
1029,791,accepted,1,1.51679e-06,3.82875e-11,4.70544e-11,4.60379e-11,6.90265e-11,6.89922e-11,2.02832,0.102965,1.92347,0.0106696,0.0656466,0.0439498,0.0216967,,
1030,791,rejected,1,5.75236e-06,3.82875e-10,4.70544e-11,4.60379e-11,6.90265e-11,6.89922e-11,2.06919,0.102445,1.96505,0.0114237,0.0222742,0.0222741,0,,
1031,792,accepted,0,5.75236e-06,1.91437e-10,4.70271e-11,4.58901e-11,6.88548e-11,6.88548e-11,0,0,0,0.0108094,0.0678774,0.045483,0.0223944,,best_validation_checkpoint_0.bin
1032,793,accepted,1,1.0831e-06,9.57187e-11,4.70158e-11,4.59255e-11,6.88733e-11,6.88548e-11,2.02587,0.10442,1.91868,0.011219,0.0656126,0.0438573,0.0217552,,
1033,794,accepted,1,1.31348e-06,4.78593e-11,4.70013e-11,4.59534e-11,6.88764e-11,6.88548e-11,2.02805,0.101805,1.9228,0.0106941,0.0652268,0.0451031,0.0201236,,
1034,794,rejected,1,3.8075e-06,4.78593e-10,4.70013e-11,4.59534e-11,6.88764e-11,6.88548e-11,2.04805,0.10266,1.94351,0.0108179,0.0227616,0.0227612,0,,
1035,795,accepted,0,3.8075e-06,2.39297e-10,4.69875e-11,4.58597e-11,6.87658e-11,6.87658e-11,0,0,0,0.011341,0.0674971,0.0451736,0.0223234,,best_validation_checkpoint_1.bin
1036,796,accepted,1,6.9258e-07,1.19648e-10,4.69784e-11,4.58809e-11,6.87735e-11,6.87658e-11,2.05921,0.103197,1.95406,0.0123796,0.0674705,0.045155,0.0223154,,
1037,797,accepted,1,8.58324e-07,5.98242e-11,4.69635e-11,4.58934e-11,6.87649e-11,6.87649e-11,1.97811,0.104817,1.87144,0.0111074,0.0667501,0.0448157,0.0219342,,best_validation_checkpoint_0.bin
1038,797,rejected,1,2.44494e-06,5.98242e-10,4.69635e-11,4.58934e-11,6.87649e-11,6.87649e-11,1.97038,0.105638,1.86286,0.0107177,0.022843,0.0228428,0,,
1039,798,accepted,0,2.44494e-06,2.99121e-10,4.69561e-11,4.58345e-11,6.86942e-11,6.86942e-11,0,0,0,0.0113625,0.0678869,0.0458105,0.0220764,,best_validation_checkpoint_1.bin
1040,799,accepted,1,4.30908e-07,1.4956e-10,4.69488e-11,4.58465e-11,6.86955e-11,6.86942e-11,2.14157,0.10345,2.03638,0.0108071,0.0667102,0.0449238,0.0217862,,
1041,800,accepted,1,5.54815e-07,7.47802e-11,4.69355e-11,4.58509e-11,6.86823e-11,6.86823e-11,1.9633,0.107279,1.85365,0.0106355,0.067131,0.0451479,0.0219831,,best_validation_checkpoint_0.bin
1042,801,accepted,1,1.56608e-06,3.73901e-11,4.69283e-11,4.59167e-11,6.87203e-11,6.86823e-11,2.08322,0.105941,1.97549,0.0103114,0.0674631,0.0452042,0.0222589,,
1043,801,rejected,1,5.88924e-06,3.73901e-10,4.69283e-11,4.59167e-11,6.87203e-11,6.86823e-11,1.99976,0.104737,1.89247,0.0116431,0.0230595,0.0230591,0,,
1044,802,accepted,0,5.88924e-06,1.86951e-10,4.68997e-11,4.57652e-11,6.8544e-11,6.8544e-11,0,0,0,0.0107497,0.0676056,0.0452304,0.0223752,,best_validation_checkpoint_1.bin
1045,803,accepted,1,1.11051e-06,9.34753e-11,4.68882e-11,4.58013e-11,6.85637e-11,6.8544e-11,2.06598,0.103213,1.96099,0.0097914,0.0669118,0.0447561,0.0221556,,
1046,804,accepted,1,1.33248e-06,4.67376e-11,4.68742e-11,4.58322e-11,6.85713e-11,6.8544e-11,2.09826,0.103786,1.99259,0.0113731,0.0674812,0.045421,0.0220602,,
1047,804,rejected,1,3.98784e-06,4.67376e-10,4.68742e-11,4.58322e-11,6.85713e-11,6.8544e-11,2.11366,0.103123,2.00862,0.0107975,0.0230309,0.0230307,0,,
1048,805,accepted,0,3.98784e-06,2.33688e-10,4.68596e-11,4.5734e-11,6.84558e-11,6.84558e-11,0,0,0,0.0122525,0.0672839,0.0451385,0.0221454,,best_validation_checkpoint_0.bin
1049,806,accepted,1,7.34236e-07,1.16844e-10,4.68503e-11,4.57561e-11,6.8465e-11,6.84558e-11,2.04107,0.103198,1.93608,0.0105055,0.0670501,0.0450024,0.0220476,,
1050,807,accepted,1,8.73605e-07,5.84221e-11,4.68354e-11,4.57689e-11,6.84579e-11,6.84558e-11,2.0593,0.104578,1.95254,0.0114195,0.067403,0.0452742,0.0221286,,
1051,807,rejected,1,2.48601e-06,5.84221e-10,4.68354e-11,4.57689e-11,6.84579e-11,6.84558e-11,2.01675,0.103779,1.91081,0.0115208,0.0229574,0.0229571,0,,
1052,808,accepted,0,2.48601e-06,2.9211e-10,4.68277e-11,4.57091e-11,6.8386e-11,6.8386e-11,0,0,0,0.0105642,0.0674216,0.0452484,0.0221732,,best_validation_checkpoint_1.bin
1053,809,accepted,1,4.36512e-07,1.46055e-10,4.68203e-11,4.57212e-11,6.83878e-11,6.8386e-11,1.98623,0.103276,1.88111,0.0115256,0.0683386,0.0458403,0.0224981,,
1054,810,accepted,1,5.61647e-07,7.30276e-11,4.6807e-11,4.57259e-11,6.83757e-11,6.83757e-11,2.07823,0.102981,1.97315,0.011732,0.0675672,0.0451835,0.0223836,,best_validation_checkpoint_0.bin
1055,811,accepted,1,1.59646e-06,3.65138e-11,4.68005e-11,4.57938e-11,6.84182e-11,6.83757e-11,2.04885,0.102529,1.94455,0.0123723,0.0669766,0.0449134,0.0220632,,
1056,811,rejected,1,6.01532e-06,3.65138e-10,4.68005e-11,4.57938e-11,6.84182e-11,6.83757e-11,2.03053,0.10332,1.92546,0.0119344,0.023266,0.0232657,0,,
1057,812,accepted,0,6.01532e-06,1.82569e-10,4.67706e-11,4.56386e-11,6.82375e-11,6.82375e-11,0,0,0,0.0106284,0.0674056,0.0448906,0.0225149,,best_validation_checkpoint_1.bin
1058,813,accepted,1,1.14364e-06,9.12845e-11,4.6759e-11,4.56756e-11,6.82589e-11,6.82375e-11,2.01045,0.103834,1.90496,0.0099568,0.0674563,0.0454767,0.0219795,,
1059,814,accepted,1,1.36023e-06,4.56422e-11,4.67448e-11,4.5705e-11,6.82666e-11,6.82375e-11,2.0308,0.10408,1.92472,0.0125312,0.0672322,0.0447861,0.0224461,,
1060,814,rejected,1,3.94397e-06,4.56422e-10,4.67448e-11,4.5705e-11,6.82666e-11,6.82375e-11,2.08738,0.103402,1.98208,0.0113365,0.0234187,0.0234187,0,,
1061,815,accepted,0,3.94397e-06,2.28211e-10,4.673e-11,4.56078e-11,6.81516e-11,6.81516e-11,0,0,0,0.0107666,0.0681923,0.0456628,0.0225295,,best_validation_checkpoint_0.bin
1062,816,accepted,1,7.19371e-07,1.14106e-10,4.67206e-11,4.56297e-11,6.81611e-11,6.81516e-11,2.0843,0.103511,1.97891,0.0112982,0.0687636,0.0460934,0.0226702,,
1063,817,accepted,1,8.90064e-07,5.70528e-11,4.67056e-11,4.56429e-11,6.81556e-11,6.81516e-11,2.08431,0.104936,1.97755,0.0130909,0.0672002,0.0451619,0.0220382,,
1064,817,rejected,1,2.53045e-06,5.70528e-10,4.67056e-11,4.56429e-11,6.81556e-11,6.81516e-11,1.98187,0.104145,1.87595,0.0109117,0.0229718,0.0229717,0,,
1065,818,accepted,0,2.53045e-06,2.85264e-10,4.66977e-11,4.55821e-11,6.80825e-11,6.80825e-11,0,0,0,0.011094,0.0675604,0.0449172,0.0226431,,best_validation_checkpoint_1.bin
1066,819,accepted,1,4.45231e-07,1.42632e-10,4.66903e-11,4.55943e-11,6.80849e-11,6.80825e-11,2.07729,0.103663,1.97181,0.0106298,0.0672912,0.0452311,0.02206,,
1067,820,accepted,1,5.72497e-07,7.1316e-11,4.66768e-11,4.55991e-11,6.80739e-11,6.80739e-11,2.04554,0.104413,1.93935,0.0109463,0.0672225,0.0453253,0.0218971,,best_validation_checkpoint_0.bin
1068,821,accepted,1,1.61946e-06,3.5658e-11,4.66708e-11,4.56673e-11,6.8119e-11,6.80739e-11,2.06083,0.102896,1.95525,0.0110837,0.0677199,0.0456051,0.0221147,,
1069,821,rejected,1,6.04202e-06,3.5658e-10,4.66708e-11,4.56673e-11,6.8119e-11,6.80739e-11,2.02544,0.103101,1.92046,0.0104849,0.0228582,0.0228581,0,,
1070,822,accepted,0,6.04202e-06,1.7829e-10,4.66399e-11,4.5511e-11,6.79364e-11,6.79364e-11,0,0,0,0.0108083,0.0678772,0.0455058,0.0223712,,best_validation_checkpoint_1.bin
1071,823,accepted,1,1.14779e-06,8.9145e-11,4.66282e-11,4.55482e-11,6.79588e-11,6.79364e-11,2.02879,0.102628,1.92439,0.0106108,0.065805,0.0443003,0.0215047,,
1072,824,accepted,1,1.37955e-06,4.45725e-11,4.66141e-11,4.55782e-11,6.7969e-11,6.79364e-11,2.08158,0.105301,1.97449,0.0118135,0.0671506,0.044947,0.0222035,,
1073,824,rejected,1,3.99692e-06,4.45725e-10,4.66141e-11,4.55782e-11,6.7969e-11,6.79364e-11,1.9901,0.105227,1.88304,0.0101782,0.0230231,0.0230228,0,,
1074,825,accepted,0,3.99692e-06,2.22862e-10,4.65988e-11,4.54795e-11,6.7852e-11,6.7852e-11,0,0,0,0.0123958,0.0669662,0.0447319,0.0222343,,best_validation_checkpoint_0.bin
1075,826,accepted,1,7.32799e-07,1.11431e-10,4.65894e-11,4.55018e-11,6.78625e-11,6.7852e-11,2.00456,0.103988,1.89878,0.0110827,0.0678528,0.0454902,0.0223626,,
1076,827,accepted,1,9.04216e-07,5.57156e-11,4.65742e-11,4.55148e-11,6.78584e-11,6.7852e-11,2.09409,0.103382,1.98854,0.0112033,0.0673948,0.0451987,0.022196,,
1077,827,rejected,1,2.54698e-06,5.57156e-10,4.65742e-11,4.55148e-11,6.78584e-11,6.7852e-11,2.06811,0.104857,1.96115,0.0108276,0.0229086,0.0229085,0,,
1078,828,accepted,0,2.54698e-06,2.78578e-10,4.65661e-11,4.54535e-11,6.77844e-11,6.77844e-11,0,0,0,0.0108005,0.0671599,0.0449393,0.0222205,,best_validation_checkpoint_1.bin
1079,829,accepted,1,4.49721e-07,1.39289e-10,4.65586e-11,4.54659e-11,6.77874e-11,6.77844e-11,2.10736,0.10428,2.00134,0.0114245,0.0659349,0.0434283,0.0225066,,
1080,830,accepted,1,5.81421e-07,6.96445e-11,4.6545e-11,4.54706e-11,6.77774e-11,6.77774e-11,2.06698,0.102987,1.96225,0.0103542,0.0671972,0.0450831,0.0221139,,best_validation_checkpoint_0.bin
1081,831,accepted,1,1.6313e-06,3.48223e-11,4.65396e-11,4.55397e-11,6.78263e-11,6.77774e-11,2.01333,0.102707,1.90873,0.0109672,0.067001,0.0450386,0.0219624,,
1082,831,rejected,1,6.08411e-06,3.48223e-10,4.65396e-11,4.55397e-11,6.78263e-11,6.77774e-11,2.17941,0.103353,2.07425,0.0103457,0.0223297,0.0223295,0,,
1083,832,accepted,0,6.08411e-06,1.74111e-10,4.65076e-11,4.53816e-11,6.76408e-11,6.76408e-11,0,0,0,0.0106616,0.0637587,0.0419735,0.0217851,,best_validation_checkpoint_1.bin
1084,833,accepted,1,1.16371e-06,8.70556e-11,4.64958e-11,4.54192e-11,6.76646e-11,6.76408e-11,2.04202,0.103146,1.93678,0.0105271,0.0673286,0.0453821,0.0219465,,
1085,834,accepted,1,1.39863e-06,4.35278e-11,4.64819e-11,4.54496e-11,6.76773e-11,6.76408e-11,2.14062,0.104158,2.03468,0.0103823,0.0650791,0.0447372,0.0203417,,
1086,834,rejected,1,4.03774e-06,4.35278e-10,4.64819e-11,4.54496e-11,6.76773e-11,6.76408e-11,2.10501,0.105437,1.99778,0.0108825,0.0218848,0.0218846,0,,
1087,835,accepted,0,4.03774e-06,2.17639e-10,4.6466e-11,4.53497e-11,6.75584e-11,6.75584e-11,0,0,0,0.0128124,0.0665701,0.0446588,0.0219113,,best_validation_checkpoint_0.bin
1088,836,accepted,1,7.47413e-07,1.0882e-10,4.64565e-11,4.53721e-11,6.75698e-11,6.75584e-11,2.10986,0.103252,2.00478,0.0109509,0.0672482,0.0454019,0.0218463,,
1089,837,accepted,1,9.11162e-07,5.44098e-11,4.64413e-11,4.53852e-11,6.75672e-11,6.75584e-11,2.08788,0.102549,1.98345,0.0108576,0.067299,0.0454723,0.0218267,,
1090,837,rejected,1,2.56179e-06,5.44098e-10,4.64413e-11,4.53852e-11,6.75672e-11,6.75584e-11,2.01773,0.102831,1.91294,0.0111112,0.0228362,0.022836,0,,
1091,838,accepted,0,2.56179e-06,2.72049e-10,4.6433e-11,4.53235e-11,6.74926e-11,6.74926e-11,0,0,0,0.0109413,0.06651,0.0446703,0.0218397,,best_validation_checkpoint_1.bin
1092,839,accepted,1,4.52721e-07,1.36024e-10,4.64253e-11,4.53359e-11,6.74961e-11,6.74926e-11,2.0567,0.10346,1.95145,0.0101252,0.0676926,0.0454178,0.0222747,,
1093,840,accepted,1,5.83669e-07,6.80122e-11,4.64116e-11,4.53405e-11,6.74873e-11,6.74873e-11,2.00057,0.103591,1.89528,0.0101582,0.0659629,0.0438555,0.0221074,,best_validation_checkpoint_0.bin
1094,841,accepted,1,1.63891e-06,3.40061e-11,4.64066e-11,4.54095e-11,6.75389e-11,6.74873e-11,2.10597,0.103982,2.00018,0.0128564,0.0680351,0.0457423,0.0222927,,
1095,841,rejected,1,6.06917e-06,3.40061e-10,4.64066e-11,4.54095e-11,6.75389e-11,6.74873e-11,2.04683,0.102187,1.9428,0.0103064,0.0230483,0.023048,0,,
1096,842,accepted,0,6.06917e-06,1.70031e-10,4.63738e-11,4.52508e-11,6.73519e-11,6.73519e-11,0,0,0,0.0107848,0.0668003,0.0449936,0.0218066,,best_validation_checkpoint_1.bin
1097,843,accepted,1,1.17512e-06,8.50153e-11,4.63619e-11,4.52889e-11,6.73771e-11,6.73519e-11,2.00794,0.103267,1.90294,0.0116725,0.06746,0.0454381,0.0220219,,
1098,844,accepted,1,1.42639e-06,4.25076e-11,4.63479e-11,4.53182e-11,6.73909e-11,6.73519e-11,2.00488,0.103824,1.89932,0.0105309,0.0632189,0.0429859,0.0202328,,
1099,844,rejected,1,4.00873e-06,4.25076e-10,4.63479e-11,4.53182e-11,6.73909e-11,6.73519e-11,2.00351,0.10183,1.89994,0.011541,0.0233889,0.0233889,0,,
1100,845,accepted,0,4.00873e-06,2.12538e-10,4.63317e-11,4.52186e-11,6.72718e-11,6.72718e-11,0,0,0,0.0118188,0.0663261,0.0441528,0.0221732,,best_validation_checkpoint_0.bin
1101,846,accepted,1,7.4675e-07,1.06269e-10,4.63221e-11,4.52413e-11,6.72843e-11,6.72718e-11,2.09944,0.103399,1.99428,0.0112543,0.066568,0.0446973,0.0218706,,
1102,847,accepted,1,9.36064e-07,5.31346e-11,4.63068e-11,4.52537e-11,6.72827e-11,6.72718e-11,2.01773,0.103499,1.91238,0.0104074,0.0658528,0.0438084,0.0220442,,
1103,847,rejected,1,2.55615e-06,5.31346e-10,4.63068e-11,4.52537e-11,6.72827e-11,6.72718e-11,2.05542,0.103618,1.95005,0.010988,0.0239823,0.023982,0,,
1104,848,accepted,0,2.55615e-06,2.65673e-10,4.62983e-11,4.5192e-11,6.72077e-11,6.72077e-11,0,0,0,0.0122343,0.0672134,0.0454088,0.0218045,,best_validation_checkpoint_1.bin
1105,849,accepted,1,4.54932e-07,1.32836e-10,4.62905e-11,4.52041e-11,6.72117e-11,6.72077e-11,2.06661,0.104914,1.95991,0.0106658,0.0675569,0.0456494,0.0219075,,
1106,850,accepted,1,5.78207e-07,6.64182e-11,4.62768e-11,4.52094e-11,6.72047e-11,6.72047e-11,2.0057,0.103377,1.90024,0.0102679,0.066452,0.0455793,0.0208725,,best_validation_checkpoint_0.bin
1107,851,accepted,1,1.6766e-06,3.32091e-11,4.62719e-11,4.52762e-11,6.72572e-11,6.72047e-11,2.11154,0.105357,2.00427,0.0122999,0.0675455,0.0454235,0.0221219,,
1108,851,rejected,1,5.97369e-06,3.32091e-10,4.62719e-11,4.52762e-11,6.72572e-11,6.72047e-11,2.08519,0.103303,1.97978,0.0115266,0.0229538,0.0229537,0,,
1109,852,accepted,0,5.97369e-06,1.66045e-10,4.62384e-11,4.51191e-11,6.7071e-11,6.7071e-11,0,0,0,0.0116838,0.0681394,0.045997,0.0221424,,best_validation_checkpoint_1.bin
1110,853,accepted,1,1.15735e-06,8.30227e-11,4.62264e-11,4.51564e-11,6.70963e-11,6.7071e-11,1.97773,0.105715,1.87016,0.0108922,0.0665274,0.0446885,0.0218389,,
1111,854,accepted,1,1.42292e-06,4.15114e-11,4.62134e-11,4.51898e-11,6.71171e-11,6.7071e-11,1.95677,0.104065,1.85096,0.0122194,0.0672499,0.0453435,0.0219064,,
1112,854,rejected,1,4.1945e-06,4.15114e-10,4.62134e-11,4.51898e-11,6.71171e-11,6.7071e-11,2.08353,0.103386,1.97812,0.0103438,0.0230322,0.023032,0,,
1113,855,accepted,0,4.1945e-06,2.07557e-10,4.61959e-11,4.50851e-11,6.69922e-11,6.69922e-11,0,0,0,0.011496,0.067615,0.0453762,0.0222388,,best_validation_checkpoint_0.bin
1114,856,accepted,1,7.91536e-07,1.03778e-10,4.61861e-11,4.51082e-11,6.70056e-11,6.69922e-11,1.91374,0.104875,1.80702,0.0114096,0.0675486,0.0453565,0.0221921,,
1115,857,accepted,1,9.1524e-07,5.18892e-11,4.61708e-11,4.51204e-11,6.70056e-11,6.69922e-11,2.02971,0.103302,1.9246,0.0113159,0.0669015,0.0450155,0.0218859,,
1116,857,rejected,1,2.5313e-06,5.18892e-10,4.61708e-11,4.51204e-11,6.70056e-11,6.69922e-11,2.08537,0.103062,1.98041,0.0109568,0.0235151,0.0235149,0,,
1117,858,accepted,0,2.5313e-06,2.59446e-10,4.61621e-11,4.50591e-11,6.69307e-11,6.69307e-11,0,0,0,0.0112758,0.0676715,0.0454933,0.0221781,,best_validation_checkpoint_1.bin
1118,859,accepted,1,4.51448e-07,1.29723e-10,4.61543e-11,4.50711e-11,6.69351e-11,6.69307e-11,2.10087,0.104001,1.99475,0.0106837,0.0674623,0.0453296,0.0221327,,
1119,860,accepted,1,5.80219e-07,6.48615e-11,4.61403e-11,4.5075e-11,6.69282e-11,6.69282e-11,2.03831,0.103205,1.93333,0.0101773,0.0656155,0.0444748,0.0211406,,best_validation_checkpoint_0.bin
1120,861,accepted,1,1.61228e-06,3.24308e-11,4.61369e-11,4.51468e-11,6.69888e-11,6.69282e-11,1.97995,0.104252,1.87393,0.0107,0.0660001,0.0439553,0.0220448,,
1121,861,rejected,1,6.13691e-06,3.24308e-10,4.61369e-11,4.51468e-11,6.69888e-11,6.69282e-11,2.03248,0.103464,1.92721,0.0114931,0.0229636,0.0229634,0,,
1122,862,accepted,0,6.13691e-06,1.62154e-10,4.61016e-11,4.49845e-11,6.67966e-11,6.67966e-11,0,0,0,0.0115073,0.0674227,0.0450709,0.0223517,,best_validation_checkpoint_1.bin
1123,863,accepted,1,1.20967e-06,8.10769e-11,4.60895e-11,4.50231e-11,6.68243e-11,6.67966e-11,2.066,0.102537,1.96158,0.011061,0.0669541,0.045017,0.0219371,,
1124,864,accepted,1,1.44725e-06,4.05384e-11,4.60753e-11,4.50495e-11,6.68399e-11,6.67966e-11,1.90196,0.103403,1.79649,0.0106949,0.0652682,0.0445495,0.0207186,,
1125,864,rejected,1,3.87673e-06,4.05384e-10,4.60753e-11,4.50495e-11,6.68399e-11,6.67966e-11,2.04717,0.103511,1.9416,0.0103023,0.0230578,0.0230576,0,,
1126,865,accepted,0,3.87673e-06,2.02692e-10,4.60585e-11,4.49524e-11,6.67221e-11,6.67221e-11,0,0,0,0.0108624,0.0673291,0.0451785,0.0221504,,best_validation_checkpoint_0.bin
1127,866,accepted,1,7.2749e-07,1.01346e-10,4.60487e-11,4.49737e-11,6.67349e-11,6.67221e-11,1.99194,0.104414,1.88575,0.011408,0.0674227,0.0450919,0.0223308,,
1128,867,accepted,1,9.00239e-07,5.06731e-11,4.60332e-11,4.49851e-11,6.67361e-11,6.67221e-11,1.95776,0.103449,1.85253,0.0117601,0.0671761,0.045431,0.021745,,
1129,867,rejected,1,2.47813e-06,5.06731e-10,4.60332e-11,4.49851e-11,6.67361e-11,6.67221e-11,2.02816,0.10322,1.92309,0.0124146,0.0227294,0.0227291,0,,
1130,868,accepted,0,2.47813e-06,2.53365e-10,4.60244e-11,4.49249e-11,6.66621e-11,6.66621e-11,0,0,0,0.0110657,0.0682617,0.0455948,0.0226668,,best_validation_checkpoint_1.bin
1131,869,accepted,1,4.40669e-07,1.26683e-10,4.60165e-11,4.49364e-11,6.66667e-11,6.66621e-11,2.12005,0.103133,2.01514,0.0104475,0.065324,0.0430838,0.0222402,,
1132,870,accepted,1,5.73205e-07,6.33413e-11,4.60024e-11,4.49399e-11,6.6661e-11,6.6661e-11,2.11256,0.102854,2.00784,0.0125378,0.0669632,0.044539,0.0224242,,best_validation_checkpoint_0.bin
1133,871,accepted,1,1.59324e-06,3.16707e-11,4.59987e-11,4.50067e-11,6.67201e-11,6.6661e-11,2.05682,0.102573,1.95257,0.0104772,0.0679817,0.0455692,0.0224125,,
1134,871,rejected,1,5.82972e-06,3.16707e-10,4.59987e-11,4.50067e-11,6.67201e-11,6.6661e-11,1.93819,0.103137,1.83326,0.0111543,0.0210526,0.0210525,0,,
1135,872,accepted,0,5.82972e-06,1.58353e-10,4.59631e-11,4.48511e-11,6.65333e-11,6.65333e-11,0,0,0,0.0110305,0.0631483,0.0418323,0.021316,,best_validation_checkpoint_1.bin
1136,873,accepted,1,1.1253e-06,7.91767e-11,4.5951e-11,4.48871e-11,6.65598e-11,6.65333e-11,2.10561,0.104322,1.99943,0.0113236,0.0660794,0.0445144,0.0215649,,
1137,874,accepted,1,1.40567e-06,3.95883e-11,4.59369e-11,4.49128e-11,6.65774e-11,6.65333e-11,2.01865,0.103061,1.9137,0.0122555,0.0682201,0.0455658,0.0226542,,
1138,874,rejected,1,3.78806e-06,3.95883e-10,4.59369e-11,4.49128e-11,6.65774e-11,6.65333e-11,2.00796,0.104879,1.90127,0.0121502,0.0227244,0.0227242,0,,
1139,875,accepted,0,3.78806e-06,1.97942e-10,4.59197e-11,4.48172e-11,6.64606e-11,6.64606e-11,0,0,0,0.0108761,0.0671529,0.0454665,0.0216862,,best_validation_checkpoint_0.bin
1140,876,accepted,1,7.11446e-07,9.89708e-11,4.59098e-11,4.48381e-11,6.64741e-11,6.64606e-11,1.99721,0.103627,1.89175,0.0106262,0.0656682,0.0447898,0.0208783,,
1141,877,accepted,1,9.08034e-07,4.94854e-11,4.58943e-11,4.48487e-11,6.64762e-11,6.64606e-11,2.06394,0.102793,1.95951,0.01096,0.0666582,0.0449696,0.0216885,,
1142,877,rejected,1,2.4408e-06,4.94854e-10,4.58943e-11,4.48487e-11,6.64762e-11,6.64606e-11,2.06734,0.103064,1.96251,0.0106996,0.0229497,0.0229494,0,,
1143,878,accepted,0,2.4408e-06,2.47427e-10,4.58852e-11,4.47891e-11,6.64025e-11,6.64025e-11,0,0,0,0.0113847,0.0674112,0.045355,0.0220561,,best_validation_checkpoint_1.bin
1144,879,accepted,1,4.36613e-07,1.23714e-10,4.58772e-11,4.48005e-11,6.64079e-11,6.64025e-11,2.0883,0.103293,1.9832,0.0108653,0.0668208,0.0449887,0.021832,,
1145,880,accepted,1,5.8097e-07,6.18568e-11,4.58631e-11,4.48033e-11,6.64029e-11,6.64025e-11,2.0799,0.103922,1.97357,0.0123795,0.06708,0.0451349,0.0219451,,
1146,881,accepted,1,1.56329e-06,3.09284e-11,4.586e-11,4.48693e-11,6.64648e-11,6.64025e-11,2.13161,0.103989,2.02563,0.0116424,0.0671642,0.0450602,0.0221039,,
1147,881,rejected,1,5.7237e-06,3.09284e-10,4.586e-11,4.48693e-11,6.64648e-11,6.64025e-11,2.02093,0.104621,1.91458,0.0126847,0.0229874,0.0229871,0,,
1148,882,accepted,0,5.7237e-06,1.54642e-10,4.58233e-11,4.47151e-11,6.62784e-11,6.62784e-11,0,0,0,0.01018,0.0678054,0.0455712,0.022234,,best_validation_checkpoint_0.bin
1149,883,accepted,1,1.1058e-06,7.73209e-11,4.5811e-11,4.47495e-11,6.63046e-11,6.62784e-11,2.06835,0.104013,1.96248,0.0115894,0.0672243,0.0452408,0.0219835,,
1150,884,accepted,1,1.35476e-06,3.86605e-11,4.57973e-11,4.47762e-11,6.6326e-11,6.62784e-11,2.06331,0.103366,1.95805,0.010688,0.0676,0.0453663,0.0222335,,
1151,884,rejected,1,3.77626e-06,3.86605e-10,4.57973e-11,4.47762e-11,6.6326e-11,6.62784e-11,2.00954,0.103006,1.90442,0.0112664,0.0229596,0.0229595,0,,
1152,885,accepted,0,3.77626e-06,1.93302e-10,4.57795e-11,4.46804e-11,6.62084e-11,6.62084e-11,0,0,0,0.0109271,0.0673679,0.0451522,0.0222157,,best_validation_checkpoint_1.bin
1153,886,accepted,1,7.07281e-07,9.66512e-11,4.57695e-11,4.47007e-11,6.62221e-11,6.62084e-11,2.03859,0.102872,1.93385,0.0122944,0.0673908,0.0452139,0.0221768,,
1154,887,accepted,1,8.85338e-07,4.83256e-11,4.57539e-11,4.47106e-11,6.62259e-11,6.62084e-11,2.07538,0.10386,1.96927,0.0111924,0.0671814,0.0448478,0.0223335,,
1155,887,rejected,1,2.38536e-06,4.83256e-10,4.57539e-11,4.47106e-11,6.62259e-11,6.62084e-11,1.99817,0.103447,1.89297,0.0122222,0.0234393,0.0234392,0,,
1156,888,accepted,0,2.38536e-06,2.41628e-10,4.57446e-11,4.4652e-11,6.61528e-11,6.61528e-11,0,0,0,0.0125016,0.0669028,0.0447387,0.022164,,best_validation_checkpoint_0.bin
1157,889,accepted,1,4.29222e-07,1.20814e-10,4.57366e-11,4.46628e-11,6.61583e-11,6.61528e-11,2.04129,0.103554,1.9357,0.0106192,0.0676439,0.0456133,0.0220305,,
1158,890,accepted,1,5.60932e-07,6.0407e-11,4.57223e-11,4.46649e-11,6.61543e-11,6.61528e-11,2.04603,0.102806,1.94151,0.0111947,0.0659894,0.0448525,0.0211368,,
1159,891,accepted,1,1.51377e-06,3.02035e-11,4.57195e-11,4.47281e-11,6.62173e-11,6.61528e-11,2.06471,0.102798,1.9602,0.0113158,0.0678652,0.0454123,0.0224528,,
1160,891,rejected,1,5.4897e-06,3.02035e-10,4.57195e-11,4.47281e-11,6.62173e-11,6.61528e-11,2.02196,0.102554,1.91742,0.012142,0.0229216,0.0229215,0,,
1161,892,accepted,0,5.4897e-06,1.51017e-10,4.56821e-11,4.45781e-11,6.60339e-11,6.60339e-11,0,0,0,0.0119985,0.0675572,0.0452657,0.0222915,,best_validation_checkpoint_1.bin
1162,893,accepted,1,1.0636e-06,7.55087e-11,4.56698e-11,4.46112e-11,6.60602e-11,6.60339e-11,1.99985,0.103598,1.89442,0.0111146,0.0673816,0.0451462,0.0222353,,
1163,894,accepted,1,1.33838e-06,3.77544e-11,4.56565e-11,4.46378e-11,6.60844e-11,6.60339e-11,2.09638,0.104439,1.99018,0.0107339,0.0680174,0.0457788,0.0222385,,
1164,894,rejected,1,3.73675e-06,3.77544e-10,4.56565e-11,4.46378e-11,6.60844e-11,6.60339e-11,2.04959,0.10291,1.94376,0.011259,0.0243598,0.0243596,0,,
1165,895,accepted,0,3.73675e-06,1.88772e-10,4.56379e-11,4.45422e-11,6.59665e-11,6.59665e-11,0,0,0,0.0118006,0.0667742,0.0449342,0.0218399,,best_validation_checkpoint_0.bin
1166,896,accepted,1,7.03846e-07,9.43859e-11,4.56278e-11,4.45622e-11,6.59808e-11,6.59665e-11,2.00626,0.104476,1.89934,0.0109658,0.0676126,0.0451705,0.022442,,
1167,897,accepted,1,8.79103e-07,4.7193e-11,4.56123e-11,4.45714e-11,6.59861e-11,6.59665e-11,1.9928,0.103969,1.88693,0.0109427,0.0668042,0.0449134,0.0218907,,
1168,897,rejected,1,2.34276e-06,4.7193e-10,4.56123e-11,4.45714e-11,6.59861e-11,6.59665e-11,2.05186,0.103039,1.94697,0.0116085,0.0232427,0.0232426,0,,
1169,898,accepted,0,2.34276e-06,2.35965e-10,4.56027e-11,4.45136e-11,6.59135e-11,6.59135e-11,0,0,0,0.0116719,0.0669132,0.0450828,0.0218303,,best_validation_checkpoint_1.bin
1170,899,accepted,1,4.24325e-07,1.17982e-10,4.55946e-11,4.4524e-11,6.59193e-11,6.59135e-11,2.07345,0.10254,1.96915,0.0100862,0.0646728,0.0424901,0.0221825,,
1171,900,accepted,1,5.53466e-07,5.89912e-11,4.55803e-11,4.45256e-11,6.59165e-11,6.59135e-11,1.94664,0.103585,1.84134,0.0110338,0.0671647,0.0450617,0.0221029,,
1172,901,accepted,1,1.48237e-06,2.94956e-11,4.55789e-11,4.45889e-11,6.59835e-11,6.59135e-11,2.04067,0.101732,1.93721,0.0106623,0.0663587,0.044283,0.0220757,,
1173,901,rejected,1,5.40064e-06,2.94956e-10,4.55789e-11,4.45889e-11,6.59835e-11,6.59135e-11,2.08445,0.104646,1.97798,0.0116207,0.0230171,0.023017,0,,
1174,902,accepted,0,5.40064e-06,1.47478e-10,4.55395e-11,4.44394e-11,6.57997e-11,6.57997e-11,0,0,0,0.0108236,0.0680473,0.0454809,0.0225663,,best_validation_checkpoint_0.bin
1175,903,accepted,1,1.04261e-06,7.3739e-11,4.55271e-11,4.44714e-11,6.58265e-11,6.57997e-11,2.09034,0.103342,1.98526,0.0101355,0.0664171,0.0446746,0.0217425,,
1176,904,accepted,1,1.31596e-06,3.68695e-11,4.55137e-11,4.44943e-11,6.58497e-11,6.57997e-11,2.08311,0.102737,1.9787,0.0113766,0.0674508,0.0453354,0.0221153,,
1177,904,rejected,1,3.50275e-06,3.68695e-10,4.55137e-11,4.44943e-11,6.58497e-11,6.57997e-11,2.02007,0.104203,1.91306,0.0118766,0.0229566,0.0229563,0,,
1178,905,accepted,0,3.50275e-06,1.84348e-10,4.54949e-11,4.44036e-11,6.57362e-11,6.57362e-11,0,0,0,0.0116281,0.0678032,0.0454869,0.0223162,,best_validation_checkpoint_1.bin
1179,906,accepted,1,6.56238e-07,9.21738e-11,4.54847e-11,4.44217e-11,6.57499e-11,6.57362e-11,2.09336,0.102874,1.98868,0.011446,0.0677137,0.0455975,0.0221162,,
1180,907,accepted,1,8.41033e-07,4.60869e-11,4.54692e-11,4.44298e-11,6.57564e-11,6.57362e-11,2.09442,0.104266,1.98832,0.0109178,0.067327,0.045261,0.022066,,
1181,907,rejected,1,2.24122e-06,4.60869e-10,4.54692e-11,4.44298e-11,6.57564e-11,6.57362e-11,2.07419,0.103429,1.96851,0.0109138,0.0231752,0.023175,0,,
1182,908,accepted,0,2.24122e-06,2.30434e-10,4.54594e-11,4.43738e-11,6.56851e-11,6.56851e-11,0,0,0,0.0117204,0.0673555,0.0451756,0.0221798,,best_validation_checkpoint_0.bin
1183,909,accepted,1,4.17334e-07,1.15217e-10,4.54513e-11,4.43838e-11,6.56916e-11,6.56851e-11,2.03458,0.104239,1.92845,0.0108075,0.0674326,0.0453867,0.0220459,,
1184,910,accepted,1,5.47715e-07,5.76086e-11,4.54368e-11,4.43845e-11,6.56897e-11,6.56851e-11,1.95253,0.104454,1.84626,0.0101694,0.0671235,0.045117,0.0220064,,
1185,911,accepted,1,1.42928e-06,2.88043e-11,4.54365e-11,4.44459e-11,6.57589e-11,6.56851e-11,2.07919,0.105441,1.97193,0.0118748,0.0680685,0.0461061,0.0219622,,
1186,911,rejected,1,5.17503e-06,2.88043e-10,4.54365e-11,4.44459e-11,6.57589e-11,6.56851e-11,2.13393,0.104504,2.0275,0.012337,0.0219375,0.0219372,0,,
1187,912,accepted,0,5.17503e-06,1.44021e-10,4.53957e-11,4.42999e-11,6.55773e-11,6.55773e-11,0,0,0,0.0114123,0.0667788,0.0449279,0.0218509,,best_validation_checkpoint_1.bin
1188,913,accepted,1,9.96781e-07,7.20107e-11,4.53832e-11,4.43303e-11,6.5604e-11,6.55773e-11,1.98422,0.103843,1.87833,0.0109083,0.0655319,0.0434857,0.022046,,
1189,914,accepted,1,1.29113e-06,3.60054e-11,4.53708e-11,4.43548e-11,6.56321e-11,6.55773e-11,2.06843,0.10446,1.96228,0.009823,0.065301,0.0435049,0.021796,,
1190,914,rejected,1,3.53194e-06,3.60054e-10,4.53708e-11,4.43548e-11,6.56321e-11,6.55773e-11,2.12953,0.103624,2.02406,0.0113989,0.023142,0.0231418,0,,
1191,915,accepted,0,3.53194e-06,1.80027e-10,4.53506e-11,4.42628e-11,6.55164e-11,6.55164e-11,0,0,0,0.0122902,0.0680121,0.0459515,0.0220606,,best_validation_checkpoint_0.bin
1192,916,accepted,1,6.53332e-07,9.00134e-11,4.53404e-11,4.42807e-11,6.55312e-11,6.55164e-11,2.03943,0.103785,1.9335,0.0113608,0.0673411,0.0453692,0.0219717,,
1193,917,accepted,1,8.41355e-07,4.50067e-11,4.53251e-11,4.42877e-11,6.55392e-11,6.55164e-11,2.05653,0.103626,1.9512,0.0106802,0.0676328,0.0451398,0.022493,,
1194,917,rejected,1,2.17382e-06,4.50067e-10,4.53251e-11,4.42877e-11,6.55392e-11,6.55164e-11,2.17572,0.104723,2.06906,0.0122173,0.0232785,0.0232781,0,,
1195,918,accepted,0,2.17382e-06,2.25034e-10,4.53148e-11,4.42329e-11,6.54686e-11,6.54686e-11,0,0,0,0.0119089,0.0673578,0.0448184,0.0225392,,best_validation_checkpoint_1.bin
1196,919,accepted,1,4.03346e-07,1.12517e-10,4.53066e-11,4.42423e-11,6.54753e-11,6.54686e-11,1.95781,0.1031,1.85275,0.0108128,0.0674816,0.0450961,0.0223854,,
1197,920,accepted,1,5.38944e-07,5.62584e-11,4.52922e-11,4.42436e-11,6.54758e-11,6.54686e-11,2.0311,0.102257,1.92704,0.012456,0.0675547,0.0455069,0.0220476,,
1198,920,rejected,1,1.45809e-06,5.62584e-10,4.52922e-11,4.42436e-11,6.54758e-11,6.54686e-11,1.93248,0.102069,1.82867,0.0114797,0.0232207,0.0232205,0,,
1199,921,accepted,0,1.45809e-06,2.81292e-10,4.52864e-11,4.42079e-11,6.543e-11,6.543e-11,0,0,0,0.0120278,0.066931,0.0446565,0.0222744,,best_validation_checkpoint_0.bin
1200,922,accepted,1,2.60052e-07,1.40646e-10,4.52798e-11,4.42127e-11,6.54324e-11,6.543e-11,2.04243,0.103088,1.93732,0.010945,0.0671726,0.0453146,0.0218579,,
1201,923,accepted,1,3.45287e-07,7.0323e-11,4.52674e-11,4.42098e-11,6.5428e-11,6.5428e-11,2.0969,0.103524,1.99147,0.0118116,0.0676665,0.0453092,0.0223572,,best_validation_checkpoint_1.bin
1202,924,accepted,1,8.97574e-07,3.51615e-11,4.52553e-11,4.42383e-11,6.54623e-11,6.5428e-11,2.13202,0.103704,2.02636,0.0110408,0.067095,0.0451384,0.0219566,,
1203,924,rejected,1,3.31556e-06,3.51615e-10,4.52553e-11,4.42383e-11,6.54623e-11,6.5428e-11,2.04926,0.104068,1.94341,0.0113586,0.023,0.0229998,0,,
1204,925,accepted,0,3.31556e-06,1.75807e-10,4.52347e-11,4.41503e-11,6.53504e-11,6.53504e-11,0,0,0,0.0107411,0.0664293,0.0447285,0.0217006,,best_validation_checkpoint_0.bin
1205,926,accepted,1,6.21432e-07,8.79037e-11,4.52244e-11,4.4167e-11,6.53647e-11,6.53504e-11,2.03023,0.103294,1.92483,0.0108528,0.0674081,0.0453026,0.0221054,,
1206,927,accepted,1,8.22597e-07,4.39519e-11,4.52091e-11,4.41738e-11,6.53741e-11,6.53504e-11,2.05869,0.102746,1.95417,0.0110194,0.0694595,0.047365,0.0220945,,
1207,927,rejected,1,2.14775e-06,4.39519e-10,4.52091e-11,4.41738e-11,6.53741e-11,6.53504e-11,2.08799,0.103468,1.98271,0.0118099,0.0229264,0.0229263,0,,
1208,928,accepted,0,2.14775e-06,2.19759e-10,4.51985e-11,4.41194e-11,6.53041e-11,6.53041e-11,0,0,0,0.0117428,0.0672626,0.045151,0.0221115,,best_validation_checkpoint_1.bin
1209,929,accepted,1,3.99987e-07,1.0988e-10,4.51902e-11,4.41286e-11,6.53114e-11,6.53041e-11,2.0251,0.103799,1.91937,0.0113937,0.0673348,0.0453909,0.0219437,,
1210,930,accepted,1,5.38258e-07,5.49398e-11,4.51757e-11,4.41282e-11,6.53118e-11,6.53041e-11,2.04465,0.104348,1.93858,0.0102652,0.0619727,0.0406263,0.0213463,,
1211,930,rejected,1,1.37045e-06,5.49398e-10,4.51757e-11,4.41282e-11,6.53118e-11,6.53041e-11,1.99469,0.103123,1.88977,0.0108068,0.0230975,0.0230973,0,,
1212,931,accepted,0,1.37045e-06,2.74699e-10,4.51697e-11,4.40943e-11,6.52676e-11,6.52676e-11,0,0,0,0.0115942,0.068258,0.04558,0.0226779,,best_validation_checkpoint_0.bin
1213,932,accepted,1,2.43905e-07,1.3735e-10,4.5163e-11,4.40985e-11,6.527e-11,6.52676e-11,2.02175,0.104248,1.91568,0.010928,0.0675424,0.0451254,0.022417,,
1214,933,accepted,1,3.35418e-07,6.86748e-11,4.51505e-11,4.40952e-11,6.52664e-11,6.52664e-11,2.16231,0.104493,2.05615,0.0108752,0.0674348,0.0451452,0.0222895,,best_validation_checkpoint_1.bin
1215,934,accepted,1,8.72123e-07,3.43374e-11,4.51391e-11,4.41231e-11,6.53028e-11,6.52664e-11,2.03686,0.102915,1.93218,0.0115064,0.0671732,0.0452216,0.0219514,,
1216,934,rejected,1,3.22494e-06,3.43374e-10,4.51391e-11,4.41231e-11,6.53028e-11,6.52664e-11,2.10579,0.10537,1.99855,0.0115769,0.0228822,0.0228819,0,,
1217,935,accepted,0,3.22494e-06,1.71687e-10,4.51175e-11,4.40362e-11,6.51913e-11,6.51913e-11,0,0,0,0.0110038,0.067455,0.0455249,0.02193,,best_validation_checkpoint_0.bin
1218,936,accepted,1,6.03696e-07,8.58435e-11,4.51071e-11,4.4052e-11,6.52058e-11,6.51913e-11,2.05416,0.107188,1.94509,0.0124159,0.0676061,0.0455696,0.0220364,,
1219,937,accepted,1,8.01186e-07,4.29217e-11,4.50919e-11,4.40584e-11,6.52171e-11,6.51913e-11,2.0106,0.103,1.90537,0.0111841,0.0689641,0.0456686,0.0232954,,
1220,937,rejected,1,2.10055e-06,4.29217e-10,4.50919e-11,4.40584e-11,6.52171e-11,6.51913e-11,2.01664,0.105103,1.90885,0.0113277,0.0231794,0.0231791,0,,
1221,938,accepted,0,2.10055e-06,2.14609e-10,4.50809e-11,4.40047e-11,6.51472e-11,6.51472e-11,0,0,0,0.0113098,0.0671055,0.045131,0.0219744,,best_validation_checkpoint_1.bin
1222,939,accepted,1,3.9118e-07,1.07304e-10,4.50725e-11,4.40134e-11,6.51548e-11,6.51472e-11,2.03881,0.104369,1.9327,0.0117392,0.0671919,0.0453388,0.0218531,,
1223,940,accepted,1,5.31778e-07,5.36522e-11,4.50579e-11,4.40125e-11,6.51561e-11,6.51472e-11,2.06474,0.105998,1.95629,0.0109945,0.067703,0.0452587,0.0224441,,
1224,940,rejected,1,1.33693e-06,5.36522e-10,4.50579e-11,4.40125e-11,6.51561e-11,6.51472e-11,2.02919,0.103633,1.92359,0.0100835,0.0228799,0.0228797,0,,
1225,941,accepted,0,1.33693e-06,2.68261e-10,4.50517e-11,4.39792e-11,6.51124e-11,6.51124e-11,0,0,0,0.0114181,0.0675764,0.0454583,0.022118,,best_validation_checkpoint_0.bin
1226,942,accepted,1,2.38107e-07,1.3413e-10,4.5045e-11,4.3983e-11,6.51151e-11,6.51124e-11,2.02863,0.103339,1.92359,0.0105305,0.0618766,0.0407295,0.0211469,,
1227,943,accepted,1,3.26209e-07,6.70652e-11,4.50324e-11,4.39794e-11,6.51124e-11,6.51124e-11,2.0706,0.102869,1.9659,0.0117127,0.0674704,0.0454038,0.0220666,,
1228,944,accepted,1,8.55444e-07,3.35326e-11,4.50217e-11,4.40066e-11,6.51509e-11,6.51124e-11,2.05708,0.10339,1.95195,0.0115991,0.0670846,0.0450476,0.0220369,,
1229,944,rejected,1,3.13231e-06,3.35326e-10,4.50217e-11,4.40066e-11,6.51509e-11,6.51124e-11,2.07662,0.103188,1.97161,0.0121845,0.0232704,0.0232701,0,,
1230,945,accepted,0,3.13231e-06,1.67663e-10,4.49989e-11,4.39207e-11,6.50399e-11,6.50399e-11,0,0,0,0.0112008,0.0673951,0.0451358,0.0222592,,best_validation_checkpoint_1.bin
1231,946,accepted,1,5.85768e-07,8.38315e-11,4.49884e-11,4.39356e-11,6.50544e-11,6.50399e-11,2.03028,0.103524,1.92504,0.0115448,0.0668342,0.0449433,0.0218908,,
1232,947,accepted,1,7.7848e-07,4.19158e-11,4.49735e-11,4.39422e-11,6.50681e-11,6.50399e-11,2.02463,0.104079,1.91868,0.0105767,0.0673552,0.0450267,0.0223285,,
1233,947,rejected,1,2.08447e-06,4.19158e-10,4.49735e-11,4.39422e-11,6.50681e-11,6.50399e-11,2.04489,0.102752,1.94016,0.0124564,0.0230354,0.0230353,0,,
1234,948,accepted,0,2.08447e-06,2.09579e-10,4.49619e-11,4.38884e-11,6.49976e-11,6.49976e-11,0,0,0,0.0109548,0.0670963,0.045256,0.0218402,,best_validation_checkpoint_0.bin
1235,949,accepted,1,3.95556e-07,1.04789e-10,4.49534e-11,4.3897e-11,6.50058e-11,6.49976e-11,1.9944,0.10389,1.88868,0.0105446,0.0678509,0.0457442,0.0221066,,
1236,950,accepted,1,5.25787e-07,5.23947e-11,4.49388e-11,4.38954e-11,6.50082e-11,6.49976e-11,2.06465,0.103468,1.95935,0.011422,0.067457,0.0450481,0.0224089,,
1237,950,rejected,1,1.29968e-06,5.23947e-10,4.49388e-11,4.38954e-11,6.50082e-11,6.49976e-11,2.05933,0.10396,1.95343,0.010873,0.0231699,0.0231697,0,,
1238,951,accepted,0,1.29968e-06,2.61974e-10,4.49324e-11,4.38628e-11,6.49649e-11,6.49649e-11,0,0,0,0.01074,0.0680264,0.0454521,0.0225743,,best_validation_checkpoint_1.bin
1239,952,accepted,1,2.32929e-07,1.30987e-10,4.49256e-11,4.38662e-11,6.49679e-11,6.49649e-11,2.0356,0.103584,1.92956,0.0112575,0.0664094,0.0446484,0.0217608,,
1240,953,accepted,1,3.20515e-07,6.54934e-11,4.49129e-11,4.38626e-11,6.49664e-11,6.49649e-11,2.0562,0.103321,1.95107,0.0102592,0.0681707,0.0458391,0.0223315,,
1241,954,accepted,1,8.53178e-07,3.27467e-11,4.4903e-11,4.38874e-11,6.50054e-11,6.49649e-11,2.39774,0.129484,2.26616,0.0184397,0.0793085,0.0524757,0.0268327,,
1242,954,rejected,1,2.96756e-06,3.27467e-10,4.4903e-11,4.38874e-11,6.50054e-11,6.49649e-11,2.26685,0.142102,2.12221,0.0195112,0.0268963,0.026896,0,,
1243,955,accepted,0,2.96756e-06,1.63733e-10,4.48789e-11,4.38045e-11,6.48967e-11,6.48967e-11,0,0,0,0.018414,0.0797816,0.0521826,0.0275989,,best_validation_checkpoint_0.bin
1244,956,accepted,1,5.38514e-07,8.18667e-11,4.48683e-11,4.38174e-11,6.49103e-11,6.48967e-11,2.43115,0.140104,2.28788,0.0174492,0.0820785,0.0567284,0.02535,,
1245,957,accepted,1,7.31738e-07,4.09334e-11,4.48539e-11,4.38253e-11,6.49275e-11,6.48967e-11,2.44901,0.140831,2.304,0.0161027,0.088437,0.0612584,0.0271784,,
1246,957,rejected,1,2.09776e-06,4.09334e-10,4.48539e-11,4.38253e-11,6.49275e-11,6.48967e-11,2.46537,0.13262,2.32898,0.0152925,0.0310706,0.0310703,0,,
1247,958,accepted,0,2.09776e-06,2.04667e-10,4.48415e-11,4.37707e-11,6.48559e-11,6.48559e-11,0,0,0,0.0157731,0.0864295,0.0591815,0.027248,,best_validation_checkpoint_1.bin
1248,959,accepted,1,4.03134e-07,1.02333e-10,4.4833e-11,4.37794e-11,6.4865e-11,6.48559e-11,2.37639,0.134188,2.23933,0.0135211,0.0810184,0.0536304,0.0273878,,
1249,960,accepted,1,5.3511e-07,5.11667e-11,4.48184e-11,4.37762e-11,6.48673e-11,6.48559e-11,2.43366,0.136675,2.29413,0.01661,0.0808112,0.0530688,0.0277422,,
1250,960,rejected,1,1.22031e-06,5.11667e-10,4.48184e-11,4.37762e-11,6.48673e-11,6.48559e-11,2.41307,0.140226,2.27063,0.0134757,0.029219,0.0292187,0,,
1251,961,accepted,0,1.22031e-06,2.55834e-10,4.48117e-11,4.37453e-11,6.48256e-11,6.48256e-11,0,0,0,0.0155319,0.0878295,0.0584084,0.029421,,best_validation_checkpoint_0.bin
1252,962,accepted,1,2.12946e-07,1.27917e-10,4.48048e-11,4.37479e-11,6.48283e-11,6.48256e-11,2.42164,0.141192,2.27771,0.0153254,0.0832056,0.0571318,0.0260737,,
1253,963,accepted,1,2.98376e-07,6.39584e-11,4.47922e-11,4.37447e-11,6.48287e-11,6.48256e-11,2.33953,0.134175,2.20171,0.0174209,0.0749049,0.0498262,0.0250786,,
1254,964,accepted,1,8.60049e-07,3.19792e-11,4.47834e-11,4.37704e-11,6.48715e-11,6.48256e-11,2.42372,0.1373,2.28394,0.0160285,0.0801712,0.0538272,0.0263439,,
1255,964,rejected,1,2.97734e-06,3.19792e-10,4.47834e-11,4.37704e-11,6.48715e-11,6.48256e-11,2.44056,0.129268,2.3087,0.0162412,0.0293688,0.0293685,0,,
1256,965,accepted,0,2.97734e-06,1.59896e-10,4.47577e-11,4.36857e-11,6.47602e-11,6.47602e-11,0,0,0,0.0161664,0.0802271,0.0572094,0.0230176,,best_validation_checkpoint_1.bin
1257,966,accepted,1,5.59176e-07,7.9948e-11,4.4747e-11,4.3699e-11,6.47753e-11,6.47602e-11,2.31015,0.130274,2.17738,0.0143229,0.0897596,0.0622067,0.0275527,,
1258,967,accepted,1,7.43372e-07,3.9974e-11,4.47327e-11,4.37045e-11,6.47923e-11,6.47602e-11,2.40293,0.14127,2.25911,0.0192964,0.0856797,0.0593809,0.0262988,,
1259,967,rejected,1,1.96819e-06,3.9974e-10,4.47327e-11,4.37045e-11,6.47923e-11,6.47602e-11,2.39405,0.140824,2.25049,0.0168445,0.0293981,0.0293977,0,,
1260,968,accepted,0,1.96819e-06,1.9987e-10,4.47198e-11,4.36526e-11,6.47231e-11,6.47231e-11,0,0,0,0.0153821,0.0814379,0.0550842,0.0263536,,best_validation_checkpoint_0.bin
1261,969,accepted,1,3.64031e-07,9.9935e-11,4.47112e-11,4.36597e-11,6.47315e-11,6.47231e-11,2.34416,0.131781,2.20914,0.0143699,0.080884,0.0547363,0.0261477,,
1262,970,accepted,1,4.95009e-07,4.99675e-11,4.46967e-11,4.36563e-11,6.47353e-11,6.47231e-11,2.41379,0.138727,2.27252,0.0166545,0.0831035,0.0550759,0.0280276,,
1263,970,rejected,1,1.17144e-06,4.99675e-10,4.46967e-11,4.36563e-11,6.47353e-11,6.47231e-11,2.41389,0.127011,2.28402,0.0145397,0.0285067,0.0285064,0,,
1264,971,accepted,0,1.17144e-06,2.49837e-10,4.46898e-11,4.36263e-11,6.46944e-11,6.46944e-11,0,0,0,0.0156598,0.0846283,0.0569603,0.027668,,best_validation_checkpoint_1.bin
1265,972,accepted,1,2.00524e-07,1.24919e-10,4.46828e-11,4.36295e-11,6.46985e-11,6.46944e-11,2.38709,0.135609,2.24905,0.0156015,0.0848343,0.0572023,0.0276319,,
1266,973,accepted,1,3.5258e-07,6.24594e-11,4.46701e-11,4.36257e-11,6.46993e-11,6.46944e-11,2.46586,0.134007,2.32915,0.0191082,0.0883304,0.0575369,0.0307933,,
1267,974,accepted,1,8.90351e-07,3.12297e-11,4.46631e-11,4.36539e-11,6.47477e-11,6.46944e-11,2.5085,0.137367,2.36782,0.0192055,0.0875369,0.0597563,0.0277805,,
1268,974,rejected,1,3.08283e-06,3.12297e-10,4.46631e-11,4.36539e-11,6.47477e-11,6.46944e-11,2.24921,0.139812,2.1067,0.0144009,0.0257326,0.0257323,0,,
1269,975,accepted,0,3.08283e-06,1.56148e-10,4.46351e-11,4.35663e-11,6.46334e-11,6.46334e-11,0,0,0,0.0149995,0.0766437,0.0505379,0.0261058,,best_validation_checkpoint_0.bin
1270,976,accepted,1,5.38082e-07,7.80742e-11,4.46244e-11,4.35793e-11,6.46491e-11,6.46334e-11,2.33044,0.13498,2.19147,0.0139715,0.0781794,0.0536805,0.0244988,,
1271,977,accepted,1,7.51083e-07,3.90371e-11,4.46107e-11,4.3586e-11,6.46698e-11,6.46334e-11,2.28504,0.132899,2.14982,0.0176093,0.0822594,0.0554347,0.0268247,,
1272,977,rejected,1,2.02598e-06,3.90371e-10,4.46107e-11,4.3586e-11,6.46698e-11,6.46334e-11,2.34641,0.129435,2.21446,0.0155154,0.0272303,0.0272299,0,,
1273,978,accepted,0,2.02598e-06,1.95186e-10,4.45969e-11,4.35321e-11,6.45979e-11,6.45979e-11,0,0,0,0.0187154,0.0789876,0.0525023,0.0264851,,best_validation_checkpoint_1.bin
1274,979,accepted,1,3.84774e-07,9.75928e-11,4.45882e-11,4.3539e-11,6.46063e-11,6.45979e-11,2.43471,0.144808,2.28717,0.0184509,0.0800537,0.0533058,0.0267477,,
1275,980,accepted,1,4.70537e-07,4.87964e-11,4.45738e-11,4.35362e-11,6.46123e-11,6.45979e-11,2.51193,0.140708,2.36837,0.015341,0.0832799,0.0578114,0.0254684,,
1276,980,rejected,1,1.19466e-06,4.87964e-10,4.45738e-11,4.35362e-11,6.46123e-11,6.45979e-11,2.38559,0.134432,2.24862,0.0141628,0.0277165,0.0277162,0,,
1277,981,accepted,0,1.19466e-06,2.43982e-10,4.45665e-11,4.35056e-11,6.45705e-11,6.45705e-11,0,0,0,0.0162843,0.0790203,0.05529,0.0237302,,best_validation_checkpoint_0.bin
1278,982,accepted,1,2.11223e-07,1.21991e-10,4.45594e-11,4.3508e-11,6.45743e-11,6.45705e-11,2.35486,0.138215,2.21395,0.0151732,0.0877633,0.05936,0.0284031,,
1279,983,accepted,1,3.0354e-07,6.09955e-11,4.45466e-11,4.35031e-11,6.45753e-11,6.45705e-11,2.33098,0.136037,2.1924,0.0151699,0.0809539,0.0544475,0.0265064,,
1280,984,accepted,1,7.85117e-07,3.04977e-11,4.45408e-11,4.35309e-11,6.46264e-11,6.45705e-11,2.34755,0.129264,2.21603,0.0189451,0.0798791,0.0539471,0.0259318,,
1281,984,rejected,1,2.89816e-06,3.04977e-10,4.45408e-11,4.35309e-11,6.46264e-11,6.45705e-11,2.38129,0.13206,2.24653,0.0152572,0.0313867,0.0313863,0,,
1282,985,accepted,0,2.89816e-06,1.52489e-10,4.45112e-11,4.34456e-11,6.45134e-11,6.45134e-11,0,0,0,0.0156877,0.0853876,0.0584268,0.0269608,,best_validation_checkpoint_1.bin
1283,986,accepted,1,5.24257e-07,7.62443e-11,4.45004e-11,4.34586e-11,6.45308e-11,6.45134e-11,2.38362,0.131797,2.24933,0.0147632,0.0823335,0.0581341,0.0241994,,
1284,987,accepted,1,7.80988e-07,3.81222e-11,4.44869e-11,4.34612e-11,6.45492e-11,6.45134e-11,2.3667,0.129669,2.23416,0.0179707,0.0859496,0.05952,0.0264296,,
1285,987,rejected,1,1.82801e-06,3.81222e-10,4.44869e-11,4.34612e-11,6.45492e-11,6.45134e-11,2.29544,0.131329,2.16171,0.0139443,0.0305798,0.0305795,0,,
1286,988,accepted,0,1.82801e-06,1.90611e-10,4.44726e-11,4.34117e-11,6.44817e-11,6.44817e-11,0,0,0,0.0171732,0.0802792,0.0542603,0.0260189,,best_validation_checkpoint_0.bin
1287,989,accepted,1,3.26858e-07,9.53054e-11,4.44638e-11,4.34176e-11,6.44907e-11,6.44817e-11,2.3988,0.142959,2.25328,0.0170947,0.0796755,0.0528807,0.0267947,,
1288,990,accepted,1,4.83137e-07,4.76527e-11,4.44495e-11,4.34143e-11,6.4498e-11,6.44817e-11,2.41184,0.133282,2.27552,0.0145575,0.084696,0.0560754,0.0286205,,
1289,990,rejected,1,1.17784e-06,4.76527e-10,4.44495e-11,4.34143e-11,6.4498e-11,6.44817e-11,2.36652,0.130925,2.2331,0.0169882,0.0248995,0.0248993,0,,
1290,991,accepted,0,1.17784e-06,2.38264e-10,4.44418e-11,4.3384e-11,6.44562e-11,6.44562e-11,0,0,0,0.0136891,0.0822521,0.0538781,0.0283738,,best_validation_checkpoint_1.bin
1291,992,accepted,1,2.08653e-07,1.19132e-10,4.44347e-11,4.33861e-11,6.44606e-11,6.44562e-11,2.28613,0.130361,2.15078,0.0147414,0.0835506,0.058161,0.0253896,,
1292,993,accepted,1,3.02632e-07,5.95659e-11,4.44218e-11,4.33806e-11,6.44623e-11,6.44562e-11,2.3192,0.142258,2.17462,0.0152346,0.0775942,0.0512301,0.0263641,,
1293,994,accepted,1,7.56609e-07,2.97829e-11,4.44175e-11,4.34075e-11,6.45154e-11,6.44562e-11,2.30263,0.130341,2.16993,0.0151942,0.0803,0.0529038,0.0273961,,
1294,994,rejected,1,2.76969e-06,2.97829e-10,4.44175e-11,4.34075e-11,6.45154e-11,6.44562e-11,2.33127,0.143876,2.18476,0.0139775,0.0285574,0.0285572,0,,
1295,995,accepted,0,2.76969e-06,1.48915e-10,4.4386e-11,4.33236e-11,6.44029e-11,6.44029e-11,0,0,0,0.0147591,0.0820298,0.055107,0.0269227,,best_validation_checkpoint_0.bin
1296,996,accepted,1,5.13953e-07,7.44574e-11,4.43751e-11,4.33351e-11,6.44197e-11,6.44029e-11,2.41822,0.131526,2.28402,0.0176828,0.0833114,0.0560096,0.0273017,,
1297,997,accepted,1,7.28656e-07,3.72287e-11,4.43622e-11,4.33386e-11,6.44413e-11,6.44029e-11,2.458,0.139095,2.31622,0.0157294,0.0916565,0.0628481,0.0288083,,
1298,997,rejected,1,1.81237e-06,3.72287e-10,4.43622e-11,4.33386e-11,6.44413e-11,6.44029e-11,2.44962,0.126364,2.32003,0.0129716,0.0308739,0.0308737,0,,
1299,998,accepted,0,1.81237e-06,1.86143e-10,4.43469e-11,4.3289e-11,6.43734e-11,6.43734e-11,0,0,0,0.0140936,0.0862608,0.0550983,0.0311623,,best_validation_checkpoint_1.bin
1300,999,accepted,1,3.27833e-07,9.30717e-11,4.43381e-11,4.32945e-11,6.43826e-11,6.43734e-11,2.4095,0.136313,2.27004,0.0167295,0.0878626,0.0614827,0.0263798,,
1301,1000,accepted,1,4.65992e-07,4.65359e-11,4.43239e-11,4.32912e-11,6.43918e-11,6.43734e-11,2.35704,0.124724,2.22914,0.0128954,0.07482,0.0507663,0.0240535,,
1302,1000,rejected,1,1.16741e-06,4.65359e-10,4.43239e-11,4.32912e-11,6.43918e-11,6.43734e-11,2.37507,0.130688,2.2419,0.0165153,0.029868,0.0298677,0,,
1303,1001,accepted,0,1.16741e-06,2.32679e-10,4.43159e-11,4.3261e-11,6.43501e-11,6.43501e-11,0,0,0,0.0145643,0.0879915,0.0597495,0.028242,,best_validation_checkpoint_0.bin
1304,1002,accepted,1,2.06278e-07,1.1634e-10,4.43087e-11,4.32628e-11,6.43547e-11,6.43501e-11,2.41393,0.134762,2.27598,0.0156748,0.0858826,0.0573802,0.0285022,,
1305,1003,accepted,1,2.92659e-07,5.81698e-11,4.42958e-11,4.32571e-11,6.43577e-11,6.43501e-11,2.40589,0.130847,2.27255,0.0154896,0.0845106,0.0582865,0.026224,,
1306,1004,accepted,1,7.46287e-07,2.90849e-11,4.42931e-11,4.32836e-11,6.44133e-11,6.43501e-11,2.43924,0.127734,2.30889,0.0166764,0.0837653,0.0570525,0.0267128,,
1307,1004,rejected,1,2.68142e-06,2.90849e-10,4.42931e-11,4.32836e-11,6.44133e-11,6.43501e-11,2.35098,0.129262,2.21905,0.0130641,0.026626,0.0266258,0,,
1308,1005,accepted,0,2.68142e-06,1.45425e-10,4.42595e-11,4.32005e-11,6.43011e-11,6.43011e-11,0,0,0,0.0168148,0.0820361,0.0559062,0.0261299,,best_validation_checkpoint_1.bin
1309,1006,accepted,1,4.88318e-07,7.27123e-11,4.42486e-11,4.32106e-11,6.43174e-11,6.43011e-11,2.47775,0.134178,2.34179,0.0140704,0.0846571,0.0559325,0.0287246,,
1310,1007,accepted,1,6.84249e-07,3.63561e-11,4.42363e-11,4.32152e-11,6.43424e-11,6.43011e-11,2.3859,0.136866,2.24648,0.0166192,0.084311,0.0585309,0.02578,,
1311,1007,rejected,1,1.81585e-06,3.63561e-10,4.42363e-11,4.32152e-11,6.43424e-11,6.43011e-11,2.42863,0.136934,2.28902,0.0137948,0.0300149,0.0300146,0,,
1312,1008,accepted,0,1.81585e-06,1.81781e-10,4.42201e-11,4.3165e-11,6.42738e-11,6.42738e-11,0,0,0,0.0163094,0.0878041,0.0601545,0.0276495,,best_validation_checkpoint_0.bin
1313,1009,accepted,1,3.28177e-07,9.08903e-11,4.42111e-11,4.31704e-11,6.42838e-11,6.42738e-11,2.38315,0.125169,2.25536,0.0159286,0.0792612,0.0540044,0.0252568,,
1314,1010,accepted,1,4.71336e-07,4.54452e-11,4.41972e-11,4.31665e-11,6.42943e-11,6.42738e-11,2.41404,0.14374,2.26788,0.0124953,0.0833616,0.0579196,0.025442,,
1315,1010,rejected,1,1.14391e-06,4.54452e-10,4.41972e-11,4.31665e-11,6.42943e-11,6.42738e-11,2.36392,0.131973,2.22869,0.0147584,0.0268734,0.0268731,0,,
1316,1011,accepted,0,1.14391e-06,2.27226e-10,4.41887e-11,4.31368e-11,6.4253e-11,6.4253e-11,0,0,0,0.0155627,0.0871704,0.0578098,0.0293605,,best_validation_checkpoint_1.bin
1317,1012,accepted,1,1.99656e-07,1.13613e-10,4.41814e-11,4.31383e-11,6.42579e-11,6.4253e-11,2.3187,0.136841,2.17946,0.0205992,0.0779806,0.0520969,0.0258837,,
1318,1013,accepted,1,2.84751e-07,5.68065e-11,4.41686e-11,4.31322e-11,6.42619e-11,6.4253e-11,2.41719,0.133041,2.28144,0.0156814,0.0820829,0.0558606,0.0262222,,
1319,1014,accepted,1,7.28988e-07,2.84032e-11,4.41678e-11,4.3159e-11,6.4321e-11,6.4253e-11,2.37972,0.142391,2.23388,0.0164243,0.0859138,0.0580132,0.0279005,,
1320,1014,rejected,1,2.6157e-06,2.84032e-10,4.41678e-11,4.3159e-11,6.4321e-11,6.4253e-11,2.36659,0.132046,2.23191,0.0161857,0.0260163,0.0260159,0,,
1321,1015,accepted,0,2.6157e-06,1.42016e-10,4.41317e-11,4.30758e-11,6.42079e-11,6.42079e-11,0,0,0,0.0161092,0.0808206,0.0567241,0.0240963,,best_validation_checkpoint_0.bin
1322,1016,accepted,1,4.88191e-07,7.10081e-11,4.41207e-11,4.30862e-11,6.42259e-11,6.42079e-11,2.38608,0.134855,2.24842,0.015781,0.0806118,0.0552481,0.0253636,,
1323,1017,accepted,1,7.188e-07,3.5504e-11,4.41091e-11,4.30892e-11,6.42517e-11,6.42079e-11,2.34561,0.136446,2.20618,0.013508,0.0867578,0.0585999,0.0281577,,
1324,1017,rejected,1,1.75389e-06,3.5504e-10,4.41091e-11,4.30892e-11,6.42517e-11,6.42079e-11,2.28466,0.130798,2.15161,0.0140541,0.0268545,0.0268542,0,,
1325,1018,accepted,0,1.75389e-06,1.7752e-10,4.40919e-11,4.30402e-11,6.41839e-11,6.41839e-11,0,0,0,0.0165815,0.077895,0.0527311,0.0251638,,best_validation_checkpoint_1.bin
1326,1019,accepted,1,3.08121e-07,8.87601e-11,4.40829e-11,4.30444e-11,6.41935e-11,6.41839e-11,2.4258,0.139766,2.28282,0.0144613,0.0831798,0.0555506,0.0276291,,
1327,1020,accepted,1,4.36296e-07,4.438e-11,4.40691e-11,4.30404e-11,6.42055e-11,6.41839e-11,2.39159,0.12999,2.2582,0.0170986,0.0846369,0.0546933,0.0299435,,
1328,1020,rejected,1,1.11051e-06,4.438e-10,4.40691e-11,4.30404e-11,6.42055e-11,6.41839e-11,2.42115,0.132527,2.28567,0.0150927,0.0253076,0.0253073,0,,
1329,1021,accepted,0,1.11051e-06,2.219e-10,4.40602e-11,4.30113e-11,6.41647e-11,6.41647e-11,0,0,0,0.0166413,0.0806566,0.0540975,0.0265589,,best_validation_checkpoint_0.bin
1330,1022,accepted,1,1.96546e-07,1.1095e-10,4.40529e-11,4.30126e-11,6.41701e-11,6.41647e-11,2.43675,0.136019,2.29816,0.0162733,0.0822856,0.0547104,0.0275751,,
1331,1023,accepted,1,2.86504e-07,5.54751e-11,4.404e-11,4.30061e-11,6.4175e-11,6.41647e-11,2.34184,0.13528,2.20311,0.0138252,0.0854398,0.0569755,0.028464,,
1332,1023,rejected,1,7.18564e-07,5.54751e-10,4.404e-11,4.30061e-11,6.4175e-11,6.41647e-11,2.34696,0.131204,2.21304,0.0147853,0.0330783,0.0330778,0,,
1333,1024,accepted,0,7.18564e-07,2.77375e-10,4.40349e-11,4.2988e-11,6.41497e-11,6.41497e-11,0,0,0,0.0175978,0.0843797,0.0589575,0.0254221,,best_validation_checkpoint_1.bin
1334,1025,accepted,1,1.22868e-07,1.38688e-10,4.4029e-11,4.29874e-11,6.41522e-11,6.41497e-11,2.41406,0.141091,2.27042,0.0145733,0.0756241,0.0517987,0.0238252,,
1335,1026,accepted,1,1.75445e-07,6.93438e-11,4.4018e-11,4.29807e-11,6.41536e-11,6.41497e-11,2.39195,0.13548,2.25411,0.0136175,0.0820864,0.0550075,0.0270788,,
1336,1027,accepted,1,4.59488e-07,3.46719e-11,4.40072e-11,4.29878e-11,6.41852e-11,6.41497e-11,2.36569,0.140221,2.22301,0.0154793,0.0823054,0.0563014,0.0260039,,
1337,1027,rejected,1,1.68708e-06,3.46719e-10,4.40072e-11,4.29878e-11,6.41852e-11,6.41497e-11,2.30278,0.132543,2.16757,0.0136523,0.030389,0.0303887,0,,
1338,1028,accepted,0,1.68708e-06,1.7336e-10,4.39888e-11,4.29399e-11,6.41184e-11,6.41184e-11,0,0,0,0.014746,0.0813714,0.0568783,0.024493,,best_validation_checkpoint_0.bin
1339,1029,accepted,1,2.8958e-07,8.66798e-11,4.39797e-11,4.29432e-11,6.41278e-11,6.41184e-11,2.2712,0.13096,2.13784,0.0143868,0.0812162,0.0567225,0.0244936,,
1340,1030,accepted,1,4.18629e-07,4.33399e-11,4.39661e-11,4.2939e-11,6.41412e-11,6.41184e-11,2.37924,0.13492,2.24068,0.0136116,0.0824667,0.0551925,0.027274,,
1341,1030,rejected,1,1.09585e-06,4.33399e-10,4.39661e-11,4.2939e-11,6.41412e-11,6.41184e-11,2.4472,0.129955,2.31482,0.0149542,0.0275197,0.0275195,0,,
1342,1031,accepted,0,1.09585e-06,2.16699e-10,4.39567e-11,4.29104e-11,6.41007e-11,6.41007e-11,0,0,0,0.0176105,0.0801083,0.0545428,0.0255653,,best_validation_checkpoint_1.bin
1343,1032,accepted,1,1.85681e-07,1.0835e-10,4.39493e-11,4.29111e-11,6.4106e-11,6.41007e-11,2.38255,0.131373,2.24797,0.0143225,0.0790759,0.0514607,0.0276152,,
1344,1033,accepted,1,2.7141e-07,5.41749e-11,4.39365e-11,4.29043e-11,6.41117e-11,6.41007e-11,2.39171,0.133005,2.25423,0.0139025,0.0826496,0.0560662,0.0265833,,
1345,1033,rejected,1,7.00563e-07,5.41749e-10,4.39365e-11,4.29043e-11,6.41117e-11,6.41007e-11,2.32316,0.138268,2.18244,0.0145127,0.026611,0.0266107,0,,
1346,1034,accepted,0,7.00563e-07,2.70874e-10,4.39311e-11,4.28867e-11,6.40869e-11,6.40869e-11,0,0,0,0.0135488,0.0799884,0.0518905,0.0280979,,best_validation_checkpoint_0.bin
1347,1035,accepted,1,1.17272e-07,1.35437e-10,4.39252e-11,4.28859e-11,6.40895e-11,6.40869e-11,2.27649,0.137678,2.13361,0.0134537,0.0784442,0.0516926,0.0267516,,
1348,1036,accepted,1,1.72592e-07,6.77186e-11,4.39141e-11,4.28787e-11,6.40915e-11,6.40869e-11,2.35159,0.137465,2.21178,0.0153124,0.0799303,0.0541798,0.0257504,,
1349,1037,accepted,1,4.49677e-07,3.38593e-11,4.39039e-11,4.28854e-11,6.41245e-11,6.40869e-11,2.34795,0.139015,2.2061,0.0161929,0.0800617,0.0552279,0.0248336,,
1350,1037,rejected,1,1.64865e-06,3.38593e-10,4.39039e-11,4.28854e-11,6.41245e-11,6.40869e-11,2.32646,0.126194,2.19535,0.0140953,0.0266682,0.0266679,0,,
1351,1038,accepted,0,1.64865e-06,1.69296e-10,4.38845e-11,4.2838e-11,6.40577e-11,6.40577e-11,0,0,0,0.0151315,0.0780855,0.0520874,0.025998,,best_validation_checkpoint_1.bin
1352,1039,accepted,1,2.88713e-07,8.46482e-11,4.38753e-11,4.28413e-11,6.4068e-11,6.40577e-11,2.35149,0.133219,2.21587,0.0151787,0.0786798,0.0524004,0.0262793,,
1353,1040,accepted,1,4.32008e-07,4.23241e-11,4.38618e-11,4.28362e-11,6.40817e-11,6.40577e-11,2.28371,0.128571,2.15277,0.0159354,0.0794297,0.0539765,0.025453,,
1354,1040,rejected,1,1.06954e-06,4.23241e-10,4.38618e-11,4.28362e-11,6.40817e-11,6.40577e-11,2.26258,0.133719,2.12625,0.0134787,0.0277356,0.0277354,0,,
1355,1041,accepted,0,1.06954e-06,2.11621e-10,4.3852e-11,4.28083e-11,6.40418e-11,6.40418e-11,0,0,0,0.0146811,0.074985,0.0489969,0.025988,,best_validation_checkpoint_0.bin
1356,1042,accepted,1,1.75913e-07,1.0581e-10,4.38445e-11,4.28082e-11,6.40468e-11,6.40418e-11,2.33621,0.145069,2.18862,0.016828,0.0837795,0.0579408,0.0258385,,
1357,1043,accepted,1,2.49011e-07,5.29051e-11,4.38316e-11,4.28018e-11,6.4054e-11,6.40418e-11,2.37935,0.130674,2.24609,0.0298932,0.0879739,0.0598695,0.0281043,,
1358,1043,rejected,1,7.10651e-07,5.29051e-10,4.38316e-11,4.28018e-11,6.4054e-11,6.40418e-11,2.36198,0.133264,2.22604,0.0186228,0.0291712,0.0291709,0,,
1359,1044,accepted,0,7.10651e-07,2.64526e-10,4.38261e-11,4.2784e-11,6.40289e-11,6.40289e-11,0,0,0,0.0151812,0.083804,0.056783,0.0270208,,best_validation_checkpoint_1.bin
1360,1045,accepted,1,1.18985e-07,1.32263e-10,4.382e-11,4.27828e-11,6.40316e-11,6.40289e-11,2.3826,0.133365,2.24679,0.0132587,0.0798797,0.0547488,0.0251307,,
1361,1046,accepted,1,1.57925e-07,6.61314e-11,4.38088e-11,4.2776e-11,6.40347e-11,6.40289e-11,2.2656,0.135024,2.12747,0.0193823,0.0718707,0.0492728,0.0225979,,
1362,1047,accepted,1,4.61639e-07,3.30657e-11,4.37996e-11,4.27799e-11,6.40666e-11,6.40289e-11,2.2889,0.131808,2.15412,0.0159563,0.075822,0.0501599,0.0256621,,
1363,1047,rejected,1,1.53956e-06,3.30657e-10,4.37996e-11,4.27799e-11,6.40666e-11,6.40289e-11,2.39801,0.132639,2.26263,0.0145679,0.0284349,0.0284346,0,,
1364,1048,accepted,0,1.53956e-06,1.65329e-10,4.37788e-11,4.2736e-11,6.4003e-11,6.4003e-11,0,0,0,0.0181466,0.0848101,0.0574198,0.0273901,,best_validation_checkpoint_0.bin
1365,1049,accepted,1,2.19693e-07,8.26643e-11,4.37695e-11,4.27363e-11,6.40107e-11,6.4003e-11,2.41796,0.137283,2.27784,0.0135655,0.0800035,0.0557011,0.0243023,,
1366,1050,accepted,1,3.50645e-07,4.13321e-11,4.37563e-11,4.2733e-11,6.40276e-11,6.4003e-11,2.44858,0.130277,2.31567,0.0136096,0.0884399,0.0610123,0.0274275,,
1367,1050,rejected,1,1.08278e-06,4.13321e-10,4.37563e-11,4.2733e-11,6.40276e-11,6.4003e-11,2.38958,0.13216,2.25506,0.0168646,0.0258672,0.0258669,0,,
1368,1051,accepted,0,1.08278e-06,2.06661e-10,4.37459e-11,4.27043e-11,6.39865e-11,6.39865e-11,0,0,0,0.0162066,0.0772411,0.0522492,0.0249918,,best_validation_checkpoint_1.bin
1369,1052,accepted,1,1.97153e-07,1.0333e-10,4.37384e-11,4.27047e-11,6.39925e-11,6.39865e-11,2.37156,0.12649,2.24273,0.0138524,0.0760442,0.0515628,0.0244814,,
1370,1053,accepted,1,2.62941e-07,5.16652e-11,4.37255e-11,4.26979e-11,6.40008e-11,6.39865e-11,2.31316,0.13095,2.17941,0.0160947,0.078579,0.050539,0.0280399,,
1371,1053,rejected,1,7.15098e-07,5.16652e-10,4.37255e-11,4.26979e-11,6.40008e-11,6.39865e-11,2.30878,0.134561,2.17079,0.0163429,0.0267452,0.0267449,0,,
1372,1054,accepted,0,7.15098e-07,2.58326e-10,4.37197e-11,4.268e-11,6.39756e-11,6.39756e-11,0,0,0,0.0131206,0.0837378,0.0556751,0.0280625,,best_validation_checkpoint_0.bin
1373,1055,accepted,1,1.18907e-07,1.29163e-10,4.37136e-11,4.26789e-11,6.3979e-11,6.39756e-11,2.40592,0.138149,2.26474,0.0141318,0.0855838,0.0578641,0.0277197,,
1374,1056,accepted,1,1.65532e-07,6.45815e-11,4.37023e-11,4.26707e-11,6.39817e-11,6.39756e-11,2.39302,0.138805,2.25073,0.0148383,0.0819556,0.0556427,0.0263128,,
1375,1057,accepted,1,4.16292e-07,3.22907e-11,4.36941e-11,4.26748e-11,6.40163e-11,6.39756e-11,2.38363,0.131558,2.24955,0.0152935,0.0826835,0.0554899,0.0271934,,
1376,1057,rejected,1,1.50051e-06,3.22907e-10,4.36941e-11,4.26748e-11,6.40163e-11,6.39756e-11,2.30836,0.130956,2.17471,0.0178047,0.0268922,0.0268919,0,,
1377,1058,accepted,0,1.50051e-06,1.61454e-10,4.36718e-11,4.26318e-11,6.39531e-11,6.39531e-11,0,0,0,0.0166376,0.0817102,0.0552248,0.0264852,,best_validation_checkpoint_1.bin
1378,1059,accepted,1,2.01075e-07,8.07268e-11,4.36624e-11,4.2631e-11,6.39609e-11,6.39531e-11,2.40528,0.13982,2.26313,0.0144186,0.0803031,0.0522977,0.0280053,,
1379,1060,accepted,1,3.22726e-07,4.03634e-11,4.36495e-11,4.26274e-11,6.3979e-11,6.39531e-11,2.35337,0.133377,2.21735,0.0155393,0.0779983,0.0526732,0.0253249,,
1380,1060,rejected,1,1.06663e-06,4.03634e-10,4.36495e-11,4.26274e-11,6.3979e-11,6.39531e-11,2.37483,0.131301,2.24116,0.0158283,0.0255084,0.025508,0,,
1381,1061,accepted,0,1.06663e-06,2.01817e-10,4.36385e-11,4.25997e-11,6.39393e-11,6.39393e-11,0,0,0,0.0174513,0.0817832,0.0558646,0.0259186,,best_validation_checkpoint_0.bin
1382,1062,accepted,1,1.71166e-07,1.00909e-10,4.36308e-11,4.25986e-11,6.39442e-11,6.39393e-11,2.33579,0.137543,2.19587,0.0137115,0.0750854,0.0503849,0.0247003,,
1383,1063,accepted,1,2.16603e-07,5.04543e-11,4.36179e-11,4.25919e-11,6.39534e-11,6.39393e-11,2.34894,0.140701,2.20556,0.0156205,0.0772664,0.0521239,0.0251423,,
1384,1063,rejected,1,6.91832e-07,5.04543e-10,4.36179e-11,4.25919e-11,6.39534e-11,6.39393e-11,2.36828,0.132553,2.23245,0.0131034,0.0263842,0.0263839,0,,
1385,1064,accepted,0,6.91832e-07,2.52271e-10,4.36119e-11,4.25748e-11,6.39287e-11,6.39287e-11,0,0,0,0.0156235,0.0804977,0.0522793,0.0282184,,best_validation_checkpoint_1.bin
1386,1065,accepted,1,1.12017e-07,1.26136e-10,4.36057e-11,4.25729e-11,6.39319e-11,6.39287e-11,2.38761,0.134432,2.25118,0.0143146,0.0836833,0.0562273,0.027456,,
1387,1066,accepted,1,1.39364e-07,6.30678e-11,4.35944e-11,4.2565e-11,6.39355e-11,6.39287e-11,2.5239,0.15038,2.3711,0.0127819,0.0846871,0.0560947,0.0285923,,
1388,1067,accepted,1,4.22814e-07,3.15339e-11,4.35867e-11,4.25677e-11,6.39707e-11,6.39287e-11,2.52968,0.140006,2.3867,0.0132181,0.0833904,0.0588026,0.0245877,,
1389,1067,rejected,1,1.46412e-06,3.15339e-10,4.35867e-11,4.25677e-11,6.39707e-11,6.39287e-11,2.36633,0.137557,2.22601,0.0160828,0.0275529,0.0275527,0,,
1390,1068,accepted,0,1.46412e-06,1.5767e-10,4.35635e-11,4.25262e-11,6.39081e-11,6.39081e-11,0,0,0,0.0160448,0.0817526,0.054535,0.0272175,,best_validation_checkpoint_0.bin
1391,1069,accepted,1,1.8792e-07,7.88348e-11,4.3554e-11,4.25247e-11,6.3915e-11,6.39081e-11,2.28329,0.132469,2.14824,0.013747,0.0776034,0.0528834,0.02472,,
1392,1070,accepted,1,3.11255e-07,3.94174e-11,4.35417e-11,4.25233e-11,6.39379e-11,6.39081e-11,2.26996,0.123505,2.14356,0.0168582,0.0759803,0.0519524,0.0240278,,
1393,1070,rejected,1,1.17165e-06,3.94174e-10,4.35417e-11,4.25233e-11,6.39379e-11,6.39081e-11,2.38559,0.125871,2.25733,0.0162673,0.0304819,0.0304816,0,,
1394,1071,accepted,0,1.17165e-06,1.97087e-10,4.35297e-11,4.24929e-11,6.38951e-11,6.38951e-11,0,0,0,0.0151304,0.0896047,0.0605467,0.029058,,best_validation_checkpoint_1.bin
1395,1072,accepted,1,2.03436e-07,9.85435e-11,4.3522e-11,4.24931e-11,6.39023e-11,6.38951e-11,2.51153,0.134478,2.37383,0.0143081,0.0780304,0.0518935,0.0261367,,
1396,1073,accepted,1,2.64625e-07,4.92718e-11,4.35091e-11,4.24824e-11,6.3909e-11,6.38951e-11,2.39388,0.138192,2.25308,0.0145878,0.0853405,0.0549498,0.0303907,,
1397,1073,rejected,1,5.88392e-07,4.92718e-10,4.35091e-11,4.24824e-11,6.3909e-11,6.38951e-11,2.37037,0.131268,2.23653,0.0160109,0.0277624,0.0277613,0,,
1398,1074,accepted,0,5.88392e-07,2.46359e-10,4.35029e-11,4.2469e-11,6.3888e-11,6.3888e-11,0,0,0,0.0175223,0.0809787,0.0538816,0.0270969,,best_validation_checkpoint_0.bin
1399,1075,accepted,1,6.85985e-08,1.23179e-10,4.34966e-11,4.24665e-11,6.38909e-11,6.3888e-11,2.30998,0.132874,2.17352,0.0162892,0.081391,0.0539749,0.0274161,,
1400,1076,accepted,1,1.66658e-07,6.15897e-11,4.34853e-11,4.24601e-11,6.38975e-11,6.3888e-11,2.43698,0.137203,2.29729,0.0141363,0.0810113,0.0523401,0.0286712,,
1401,1077,accepted,1,5.26765e-07,3.07948e-11,4.34794e-11,4.24682e-11,6.39397e-11,6.3888e-11,2.32309,0.131374,2.18903,0.0158229,0.0851408,0.0554095,0.0297312,,
1402,1077,rejected,1,1.75233e-06,3.07948e-10,4.34794e-11,4.24682e-11,6.39397e-11,6.3888e-11,2.39925,0.139394,2.25675,0.0148264,0.0276717,0.0276715,0,,
1403,1078,accepted,0,1.75233e-06,1.53974e-10,4.34538e-11,4.24178e-11,6.3869e-11,6.3869e-11,0,0,0,0.0136256,0.0772567,0.0508574,0.0263992,,best_validation_checkpoint_1.bin
1404,1079,accepted,1,2.45493e-07,7.69871e-11,4.34442e-11,4.24189e-11,6.38798e-11,6.3869e-11,2.35707,0.133902,2.22103,0.0135142,0.0813958,0.0530687,0.028327,,
1405,1080,accepted,1,4.02721e-07,3.84936e-11,4.34319e-11,4.24132e-11,6.38987e-11,6.3869e-11,2.37744,0.140957,2.23364,0.0158793,0.0830387,0.0556946,0.027344,,
1406,1080,rejected,1,1.07699e-06,3.84936e-10,4.34319e-11,4.24132e-11,6.38987e-11,6.3869e-11,2.34852,0.130995,2.21483,0.0149857,0.0326161,0.0326157,0,,
1407,1081,accepted,0,1.07699e-06,1.92468e-10,4.34196e-11,4.23859e-11,6.38587e-11,6.38587e-11,0,0,0,0.0157997,0.0763296,0.0520519,0.0242777,,best_validation_checkpoint_0.bin
1408,1082,accepted,1,1.6228e-07,9.62339e-11,4.34118e-11,4.23847e-11,6.38653e-11,6.38587e-11,2.30281,0.131626,2.16867,0.0163477,0.0791527,0.0551862,0.0239663,,
1409,1083,accepted,1,2.45249e-07,4.81169e-11,4.3399e-11,4.23767e-11,6.38753e-11,6.38587e-11,2.42216,0.140743,2.2783,0.0171642,0.0812399,0.0542223,0.0270175,,
1410,1083,rejected,1,7.00549e-07,4.81169e-10,4.3399e-11,4.23767e-11,6.38753e-11,6.38587e-11,2.44849,0.144649,2.29972,0.01503,0.0262299,0.0262296,0,,
1411,1084,accepted,0,7.00549e-07,2.40585e-10,4.33923e-11,4.23603e-11,6.38515e-11,6.38515e-11,0,0,0,0.0153075,0.0843051,0.0560624,0.0282425,,best_validation_checkpoint_1.bin
1412,1085,accepted,1,1.00715e-07,1.20292e-10,4.3386e-11,4.23581e-11,6.38548e-11,6.38515e-11,2.38595,0.125859,2.25781,0.0145931,0.0769985,0.0515704,0.0254279,,
1413,1086,accepted,1,1.49399e-07,6.01462e-11,4.33745e-11,4.235e-11,6.386e-11,6.38515e-11,2.30369,0.126509,2.17287,0.013299,0.0800044,0.0544375,0.0255668,,
1414,1087,accepted,1,4.51275e-07,3.00731e-11,4.33694e-11,4.23552e-11,6.39007e-11,6.38515e-11,2.35335,0.133922,2.21679,0.0150204,0.0789896,0.0533236,0.0256658,,
1415,1087,rejected,1,1.59508e-06,3.00731e-10,4.33694e-11,4.23552e-11,6.39007e-11,6.38515e-11,2.31723,0.124578,2.1892,0.0161936,0.0262832,0.0262829,0,,
1416,1088,accepted,0,1.59508e-06,1.50365e-10,4.33426e-11,4.23102e-11,6.38346e-11,6.38346e-11,0,0,0,0.0184777,0.0762865,0.0510738,0.0252126,,best_validation_checkpoint_0.bin
1417,1089,accepted,1,1.94731e-07,7.51827e-11,4.3333e-11,4.23099e-11,6.38448e-11,6.38346e-11,2.39613,0.133723,2.25921,0.0176265,0.0859005,0.0580021,0.0278983,,
1418,1090,accepted,1,3.95961e-07,3.75914e-11,4.3321e-11,4.23028e-11,6.38643e-11,6.38346e-11,2.39388,0.136718,2.25362,0.0161105,0.0852179,0.0584153,0.0268024,,
1419,1090,rejected,1,1.05375e-06,3.75914e-10,4.3321e-11,4.23028e-11,6.38643e-11,6.38346e-11,2.46199,0.136858,2.32223,0.0163743,0.0280578,0.0280574,0,,
1420,1091,accepted,0,1.05375e-06,1.87957e-10,4.3308e-11,4.22774e-11,6.38265e-11,6.38265e-11,0,0,0,0.0172718,0.0834689,0.0569253,0.0265436,,best_validation_checkpoint_1.bin
1421,1092,accepted,1,1.32546e-07,9.39784e-11,4.33001e-11,4.22747e-11,6.38316e-11,6.38265e-11,2.36285,0.131879,2.22762,0.0159147,0.0813813,0.0548583,0.0265228,,
1422,1093,accepted,1,2.08377e-07,4.69892e-11,4.32873e-11,4.22661e-11,6.38421e-11,6.38265e-11,2.36473,0.137358,2.22467,0.0162834,0.0818707,0.0575151,0.0243555,,
1423,1093,rejected,1,6.70022e-07,4.69892e-10,4.32873e-11,4.22661e-11,6.38421e-11,6.38265e-11,2.29588,0.1315,2.16189,0.0152084,0.0289964,0.0289961,0,,
1424,1094,accepted,0,6.70022e-07,2.34946e-10,4.32804e-11,4.22513e-11,6.38196e-11,6.38196e-11,0,0,0,0.0147636,0.0812985,0.0576523,0.0236461,,best_validation_checkpoint_0.bin
1425,1095,accepted,1,8.30434e-08,1.17473e-10,4.3274e-11,4.22481e-11,6.38223e-11,6.38196e-11,2.37229,0.1386,2.23093,0.0144458,0.0820652,0.0554681,0.026597,,
1426,1096,accepted,1,1.27931e-07,5.87365e-11,4.32625e-11,4.22394e-11,6.38278e-11,6.38196e-11,2.35752,0.141457,2.21351,0.0140198,0.0833184,0.0537297,0.0295887,,
1427,1097,accepted,1,4.27563e-07,2.93683e-11,4.32585e-11,4.22436e-11,6.38693e-11,6.38196e-11,2.38942,0.136641,2.25017,0.0139801,0.0828884,0.0562819,0.0266065,,
1428,1097,rejected,1,1.47083e-06,2.93683e-10,4.32585e-11,4.22436e-11,6.38693e-11,6.38196e-11,2.38607,0.135939,2.24728,0.0155293,0.028014,0.0280137,0,,
1429,1098,accepted,0,1.47083e-06,1.46841e-10,4.32301e-11,4.22008e-11,6.38054e-11,6.38054e-11,0,0,0,0.0152037,0.079225,0.0538238,0.0254012,,best_validation_checkpoint_1.bin
1430,1099,accepted,1,1.6847e-07,7.34206e-11,4.32203e-11,4.21975e-11,6.38135e-11,6.38054e-11,2.35507,0.134211,2.21678,0.0147596,0.0834201,0.0584924,0.0249277,,
1431,1100,accepted,1,2.99096e-07,3.67103e-11,4.32088e-11,4.21924e-11,6.3836e-11,6.38054e-11,2.37948,0.12803,2.24918,0.0180418,0.0840928,0.0555857,0.028507,,
1432,1100,rejected,1,1.0672e-06,3.67103e-10,4.32088e-11,4.21924e-11,6.3836e-11,6.38054e-11,2.46228,0.142782,2.31557,0.0133824,0.0282465,0.0282462,0,,
1433,1101,accepted,0,1.0672e-06,1.83552e-10,4.3195e-11,4.21671e-11,6.37979e-11,6.37979e-11,0,0,0,0.0166053,0.086531,0.0576375,0.0288935,,best_validation_checkpoint_0.bin
1434,1102,accepted,1,1.28304e-07,9.17758e-11,4.3187e-11,4.21641e-11,6.38034e-11,6.37979e-11,2.38426,0.127839,2.25352,0.0136708,0.0807917,0.0544618,0.0263298,,
1435,1103,accepted,1,2.10034e-07,4.58879e-11,4.31743e-11,4.21549e-11,6.38146e-11,6.37979e-11,2.28422,0.137804,2.14369,0.0131858,0.0828062,0.0530547,0.0297515,,
1436,1103,rejected,1,6.79279e-07,4.58879e-10,4.31743e-11,4.21549e-11,6.38146e-11,6.37979e-11,2.33878,0.139277,2.19715,0.0148306,0.0270865,0.0270863,0,,
1437,1104,accepted,0,6.79279e-07,2.29439e-10,4.31671e-11,4.21407e-11,6.37928e-11,6.37928e-11,0,0,0,0.0140015,0.0781761,0.052957,0.025219,,best_validation_checkpoint_1.bin
1438,1105,accepted,1,7.81763e-08,1.1472e-10,4.31606e-11,4.21373e-11,6.37959e-11,6.37928e-11,2.26641,0.138366,2.12475,0.0164921,0.0799067,0.0550246,0.024882,,
1439,1106,accepted,1,1.34475e-07,5.73599e-11,4.3149e-11,4.21278e-11,6.38012e-11,6.37928e-11,2.3636,0.127936,2.23086,0.0132168,0.0785763,0.055439,0.0231371,,
1440,1107,accepted,1,4.24082e-07,2.86799e-11,4.31462e-11,4.2131e-11,6.38433e-11,6.37928e-11,2.32843,0.13923,2.18668,0.0158457,0.086728,0.0571993,0.0295286,,
1441,1107,rejected,1,1.58315e-06,2.86799e-10,4.31462e-11,4.2131e-11,6.38433e-11,6.37928e-11,2.39886,0.133607,2.26275,0.0139196,0.0295841,0.0295839,0,,
1442,1108,accepted,0,1.58315e-06,1.434e-10,4.31161e-11,4.2091e-11,6.37833e-11,6.37833e-11,0,0,0,0.0170503,0.0849242,0.0562915,0.0286326,,best_validation_checkpoint_0.bin
1443,1109,accepted,1,9.43195e-08,7.16998e-11,4.31063e-11,4.20852e-11,6.37892e-11,6.37833e-11,2.36264,0.132451,2.22777,0.0139177,0.0835692,0.0585207,0.0250484,,
1444,1110,accepted,1,2.75779e-07,3.58499e-11,4.30951e-11,4.20792e-11,6.38119e-11,6.37833e-11,2.36646,0.133247,2.23069,0.0146382,0.0820343,0.0537723,0.0282619,,
1445,1110,rejected,1,1.05437e-06,3.58499e-10,4.30951e-11,4.20792e-11,6.38119e-11,6.37833e-11,2.3525,0.138277,2.21117,0.0155335,0.0254369,0.0254367,0,,
1446,1111,accepted,0,1.05437e-06,1.7925e-10,4.30806e-11,4.20554e-11,6.37746e-11,6.37746e-11,0,0,0,0.0152343,0.083564,0.0566459,0.026918,,best_validation_checkpoint_1.bin
1447,1112,accepted,1,1.28356e-07,8.96248e-11,4.30725e-11,4.20509e-11,6.37785e-11,6.37746e-11,2.3303,0.136643,2.19065,0.0188626,0.077955,0.052868,0.0250868,,
1448,1113,accepted,1,1.72022e-07,4.48124e-11,4.30598e-11,4.20404e-11,6.37888e-11,6.37746e-11,2.41997,0.137652,2.28027,0.0134034,0.0800214,0.0550483,0.0249729,,
1449,1113,rejected,1,6.44769e-07,4.48124e-10,4.30598e-11,4.20404e-11,6.37888e-11,6.37746e-11,2.43813,0.144007,2.29096,0.0166244,0.028395,0.0283947,0,,
1450,1114,accepted,0,6.44769e-07,2.24062e-10,4.30523e-11,4.20294e-11,6.37708e-11,6.37708e-11,0,0,0,0.0215853,0.082909,0.0590517,0.0238572,,best_validation_checkpoint_0.bin
1451,1115,accepted,1,3.60117e-08,1.12031e-10,4.30458e-11,4.20244e-11,6.37725e-11,6.37708e-11,2.42864,0.14426,2.28172,0.0123038,0.0714921,0.0476718,0.0238202,,
1452,1116,accepted,1,1.1256e-07,5.60155e-11,4.30341e-11,4.20152e-11,6.37793e-11,6.37708e-11,2.19336,0.13706,2.05335,0.0128005,0.0743536,0.048777,0.0255766,,
1453,1117,accepted,1,4.39519e-07,2.80077e-11,4.30328e-11,4.20149e-11,6.38191e-11,6.37708e-11,2.31426,0.135048,2.17658,0.0154304,0.0840736,0.0576943,0.0263792,,
1454,1117,rejected,1,1.6205e-06,2.80077e-10,4.30328e-11,4.20149e-11,6.38191e-11,6.37708e-11,2.42841,0.140609,2.28527,0.0152752,0.0298862,0.029886,0,,
1455,1118,accepted,0,1.6205e-06,1.40039e-10,4.30007e-11,4.19783e-11,6.3761e-11,6.3761e-11,0,0,0,0.0159053,0.0842153,0.0588184,0.0253969,,best_validation_checkpoint_1.bin
1456,1119,accepted,1,9.39155e-08,7.00194e-11,4.29908e-11,4.19721e-11,6.37677e-11,6.3761e-11,2.41838,0.135257,2.27995,0.0173771,0.0825933,0.0553258,0.0272673,,
1457,1120,accepted,1,2.94809e-07,3.50097e-11,4.298e-11,4.19628e-11,6.37878e-11,6.3761e-11,2.38605,0.135026,2.24759,0.0154417,0.0819351,0.0558481,0.0260869,,
1458,1120,rejected,1,1.04859e-06,3.50097e-10,4.298e-11,4.19628e-11,6.37878e-11,6.3761e-11,2.30469,0.128873,2.17346,0.0146311,0.0262536,0.0262534,0,,
1459,1121,accepted,0,1.04859e-06,1.75048e-10,4.29647e-11,4.19432e-11,6.37552e-11,6.37552e-11,0,0,0,0.0150561,0.075069,0.0498277,0.0252413,,best_validation_checkpoint_0.bin
1460,1122,accepted,1,7.40092e-08,8.75242e-11,4.29566e-11,4.19377e-11,6.37592e-11,6.37552e-11,2.2444,0.133769,2.10684,0.0148546,0.0796003,0.0546631,0.024937,,
1461,1123,accepted,1,1.86043e-07,4.37621e-11,4.2944e-11,4.19267e-11,6.37701e-11,6.37552e-11,2.33004,0.135582,2.19201,0.0151223,0.0846145,0.0571653,0.0274492,,
1462,1123,rejected,1,6.77624e-07,4.37621e-10,4.2944e-11,4.19267e-11,6.37701e-11,6.37552e-11,2.39951,0.142371,2.25441,0.0144285,0.0299786,0.0299783,0,,
1463,1124,accepted,0,6.77624e-07,2.18811e-10,4.29361e-11,4.19154e-11,6.37511e-11,6.37511e-11,0,0,0,0.0148046,0.0843932,0.058292,0.0261011,,best_validation_checkpoint_1.bin
1464,1125,accepted,1,5.54838e-08,1.09405e-10,4.29295e-11,4.19105e-11,6.37533e-11,6.37511e-11,2.3738,0.131912,2.23873,0.0147832,0.0800022,0.0531012,0.0269009,,
1465,1126,accepted,1,1.16396e-07,5.47026e-11,4.29177e-11,4.19004e-11,6.37595e-11,6.37511e-11,2.44974,0.142366,2.30475,0.0166683,0.0804423,0.0550715,0.0253707,,
1466,1126,rejected,1,4.37415e-07,5.47026e-10,4.29177e-11,4.19004e-11,6.37595e-11,6.37511e-11,2.41856,0.136528,2.27945,0.0160928,0.0287174,0.0287171,0,,
1467,1127,accepted,0,4.37415e-07,2.73513e-10,4.29132e-11,4.18932e-11,6.3748e-11,6.3748e-11,0,0,0,0.0152899,0.0817998,0.0539349,0.0278648,,best_validation_checkpoint_0.bin
1468,1128,accepted,1,4.09079e-08,1.36757e-10,4.29079e-11,4.18892e-11,6.37494e-11,6.3748e-11,2.29419,0.130562,2.16121,0.0169797,0.0787198,0.0533017,0.025418,,
1469,1129,accepted,1,7.54784e-08,6.83783e-11,4.28978e-11,4.18799e-11,6.37524e-11,6.3748e-11,2.29583,0.135576,2.15833,0.0144689,0.0812908,0.0531145,0.0281762,,
1470,1130,accepted,1,2.79579e-07,3.41891e-11,4.28876e-11,4.18704e-11,6.37735e-11,6.3748e-11,2.39817,0.135759,2.25999,0.0132501,0.0843954,0.0574441,0.0269511,,
1471,1130,rejected,1,1.09692e-06,3.41891e-10,4.28876e-11,4.18704e-11,6.37735e-11,6.3748e-11,2.40702,0.138435,2.2661,0.0140863,0.0266968,0.0266965,0,,
1472,1131,accepted,0,1.09692e-06,1.70946e-10,4.28714e-11,4.18523e-11,6.37429e-11,6.37429e-11,0,0,0,0.0140438,0.0810107,0.0547117,0.0262989,,best_validation_checkpoint_1.bin
1473,1132,accepted,1,7.0986e-08,8.54729e-11,4.28631e-11,4.1846e-11,6.37463e-11,6.37429e-11,2.30564,0.12804,2.17498,0.0159148,0.082148,0.0573166,0.0248312,,
1474,1133,accepted,1,1.85974e-07,4.27364e-11,4.28506e-11,4.18343e-11,6.37568e-11,6.37429e-11,2.27552,0.137135,2.13593,0.0162897,0.0846596,0.0545592,0.0301004,,
1475,1133,rejected,1,7.04365e-07,4.27364e-10,4.28506e-11,4.18343e-11,6.37568e-11,6.37429e-11,2.35911,0.133171,2.22342,0.0161008,0.0265996,0.0265994,0,,
1476,1134,accepted,0,7.04365e-07,2.13682e-10,4.28423e-11,4.1824e-11,6.37393e-11,6.37393e-11,0,0,0,0.0154712,0.0789622,0.0531306,0.0258315,,best_validation_checkpoint_0.bin
1477,1135,accepted,1,4.52189e-08,1.06841e-10,4.28356e-11,4.18183e-11,6.3741e-11,6.37393e-11,2.32164,0.131193,2.18821,0.0159273,0.0760709,0.0514777,0.0245931,,
1478,1136,accepted,1,1.19041e-07,5.34205e-11,4.28238e-11,4.18087e-11,6.37483e-11,6.37393e-11,2.38227,0.140487,2.23945,0.0161788,0.0808491,0.0563307,0.0245182,,
1479,1136,rejected,1,4.54057e-07,5.34205e-10,4.28238e-11,4.18087e-11,6.37483e-11,6.37393e-11,2.42982,0.13778,2.28966,0.0141342,0.0289788,0.0289786,0,,
1480,1137,accepted,0,4.54057e-07,2.67103e-10,4.28191e-11,4.18012e-11,6.3737e-11,6.3737e-11,0,0,0,0.0142184,0.0796725,0.0529259,0.0267465,,best_validation_checkpoint_1.bin
1481,1138,accepted,1,4.37047e-08,1.33551e-10,4.28137e-11,4.17974e-11,6.37388e-11,6.3737e-11,2.43515,0.137174,2.29576,0.0156665,0.0814335,0.0566123,0.024821,,
1482,1139,accepted,1,8.65306e-08,6.67757e-11,4.28035e-11,4.1788e-11,6.37418e-11,6.3737e-11,2.29066,0.133508,2.15479,0.0157592,0.0751924,0.0509551,0.0242372,,
1483,1140,accepted,1,2.9111e-07,3.33878e-11,4.27937e-11,4.17766e-11,6.37624e-11,6.3737e-11,2.24738,0.129767,2.11532,0.0137163,0.0739697,0.0501558,0.0238138,,
1484,1140,rejected,1,1.15111e-06,3.33878e-10,4.27937e-11,4.17766e-11,6.37624e-11,6.3737e-11,2.33134,0.136926,2.19197,0.0147599,0.0318892,0.0318889,0,,
1485,1141,accepted,0,1.15111e-06,1.66939e-10,4.27767e-11,4.17602e-11,6.3733e-11,6.3733e-11,0,0,0,0.0144114,0.0875029,0.0603982,0.0271046,,best_validation_checkpoint_0.bin
1486,1142,accepted,1,4.77367e-08,8.34696e-11,4.27683e-11,4.17524e-11,6.37355e-11,6.3733e-11,2.47837,0.140037,2.33534,0.0177792,0.0809425,0.054259,0.0266833,,
1487,1143,accepted,1,1.87288e-07,4.17348e-11,4.27558e-11,4.17396e-11,6.37464e-11,6.3733e-11,2.43318,0.13605,2.29455,0.0147343,0.085912,0.0603356,0.0255763,,
1488,1143,rejected,1,7.42359e-07,4.17348e-10,4.27558e-11,4.17396e-11,6.37464e-11,6.3733e-11,2.45446,0.137335,2.31463,0.0140452,0.0271093,0.027109,0,,
1489,1144,accepted,0,7.42359e-07,2.08674e-10,4.27471e-11,4.17313e-11,6.37304e-11,6.37304e-11,0,0,0,0.0139115,0.0793273,0.0527617,0.0265656,,best_validation_checkpoint_1.bin
1490,1145,accepted,1,3.32345e-08,1.04337e-10,4.27403e-11,4.1725e-11,6.37319e-11,6.37304e-11,2.31704,0.131198,2.18362,0.0153746,0.072344,0.0488515,0.0234925,,
1491,1146,accepted,1,1.19989e-07,5.21685e-11,4.27285e-11,4.17129e-11,6.37375e-11,6.37304e-11,2.24536,0.129029,2.11407,0.014117,0.0779907,0.0541928,0.0237977,,
1492,1146,rejected,1,4.77612e-07,5.21685e-10,4.27285e-11,4.17129e-11,6.37375e-11,6.37304e-11,2.25393,0.140722,2.11094,0.0146057,0.0272619,0.0272616,0,,
1493,1147,accepted,0,4.77612e-07,2.60842e-10,4.27236e-11,4.17083e-11,6.37285e-11,6.37285e-11,0,0,0,0.0157671,0.0733195,0.0500303,0.023289,,best_validation_checkpoint_0.bin
1494,1148,accepted,1,2.11429e-08,1.30421e-10,4.27181e-11,4.17032e-11,6.37294e-11,6.37285e-11,2.30535,0.137539,2.16549,0.0133238,0.0810939,0.0565586,0.0245353,,
1495,1149,accepted,1,7.71186e-08,6.52106e-11,4.27078e-11,4.16928e-11,6.37323e-11,6.37285e-11,2.38442,0.135384,2.24675,0.0138809,0.0795985,0.0530877,0.0265107,,
1496,1150,accepted,1,3.05171e-07,3.26053e-11,4.26986e-11,4.16802e-11,6.37524e-11,6.37285e-11,2.37403,0.133874,2.23736,0.0152898,0.0808512,0.0536549,0.0271963,,
1497,1150,rejected,1,1.2534e-06,3.26053e-10,4.26986e-11,4.16802e-11,6.37524e-11,6.37285e-11,2.38464,0.13898,2.24316,0.0152477,0.0278627,0.0278624,0,,
1498,1151,accepted,0,1.2534e-06,1.63027e-10,4.26806e-11,4.16668e-11,6.3726e-11,6.3726e-11,0,0,0,0.0148957,0.0821693,0.0550447,0.0271246,,best_validation_checkpoint_1.bin
1499,1152,accepted,1,5.03737e-08,8.15133e-11,4.26721e-11,4.16584e-11,6.37286e-11,6.3726e-11,2.39543,0.138976,2.25366,0.0178855,0.0773849,0.0528276,0.0245572,,
1500,1153,accepted,1,1.84748e-07,4.07566e-11,4.26596e-11,4.16442e-11,6.3739e-11,6.3726e-11,2.416,0.140227,2.27311,0.0152652,0.0796641,0.0538395,0.0258244,,
1501,1153,rejected,1,7.73078e-07,4.07566e-10,4.26596e-11,4.16442e-11,6.3739e-11,6.3726e-11,2.40103,0.134074,2.2646,0.0170211,0.0294116,0.0294114,0,,
1502,1154,accepted,0,7.73078e-07,2.03783e-10,4.26505e-11,4.16367e-11,6.37237e-11,6.37237e-11,0,0,0,0.0134957,0.0821077,0.0542463,0.0278613,,best_validation_checkpoint_0.bin
1503,1155,accepted,1,4.59334e-08,1.01892e-10,4.26437e-11,4.16294e-11,6.3725e-11,6.37237e-11,2.31067,0.128686,2.17926,0.0135937,0.0796921,0.0533225,0.0263694,,
1504,1156,accepted,1,1.47777e-07,5.09458e-11,4.26318e-11,4.16179e-11,6.3732e-11,6.37237e-11,2.35291,0.13331,2.21721,0.0148375,0.0803959,0.0538314,0.0265644,,
1505,1156,rejected,1,5.02272e-07,5.09458e-10,4.26318e-11,4.16179e-11,6.3732e-11,6.37237e-11,2.31904,0.135023,2.18153,0.0180486,0.0278273,0.0278271,0,,
1506,1157,accepted,0,5.02272e-07,2.54729e-10,4.26266e-11,4.16135e-11,6.37231e-11,6.37231e-11,0,0,0,0.0159962,0.0728373,0.0497047,0.0231325,,best_validation_checkpoint_1.bin
1507,1158,accepted,1,2.0267e-08,1.27364e-10,4.26211e-11,4.16077e-11,6.37242e-11,6.37231e-11,2.34205,0.135453,2.20363,0.0130786,0.0794291,0.0524832,0.0269459,,
1508,1159,accepted,1,8.69716e-08,6.36822e-11,4.26107e-11,4.15957e-11,6.37266e-11,6.37231e-11,2.40725,0.133585,2.27098,0.0140535,0.0898919,0.0605024,0.0293895,,
1509,1160,accepted,1,3.62505e-07,3.18411e-11,4.26024e-11,4.15799e-11,6.37459e-11,6.37231e-11,2.47742,0.144358,2.33042,0.0142626,0.0842113,0.0565515,0.0276597,,
1510,1160,rejected,1,1.46876e-06,3.18411e-10,4.26024e-11,4.15799e-11,6.37459e-11,6.37231e-11,2.4721,0.138359,2.33112,0.0165208,0.0300643,0.030064,0,,
1511,1161,accepted,0,1.46876e-06,1.59206e-10,4.25829e-11,4.15725e-11,6.37247e-11,6.37231e-11,0,0,0,0.0160053,0.0820868,0.0555969,0.0264898,,
1512,1162,accepted,1,8.94043e-08,7.96028e-11,4.25743e-11,4.15605e-11,6.37244e-11,6.37231e-11,2.39235,0.13366,2.25619,0.0144822,0.0813603,0.0553693,0.0259909,,
1513,1163,accepted,1,2.40819e-07,3.98014e-11,4.25621e-11,4.15454e-11,6.37349e-11,6.37231e-11,2.34383,0.135325,2.20419,0.0129473,0.0764511,0.0535952,0.0228557,,
1514,1163,rejected,1,9.07217e-07,3.98014e-10,4.25621e-11,4.15454e-11,6.37349e-11,6.37231e-11,2.33323,0.128343,2.20207,0.0142073,0.0265291,0.0265289,0,,
1515,1164,accepted,0,9.07217e-07,1.99007e-10,4.25524e-11,4.15418e-11,6.37233e-11,6.37231e-11,0,0,0,0.0132287,0.0819823,0.0567965,0.0251857,,
1516,1165,accepted,1,4.34043e-08,9.95035e-11,4.25454e-11,4.15332e-11,6.37235e-11,6.37231e-11,2.4485,0.139806,2.3051,0.017128,0.08319,0.0571788,0.026011,,
1517,1166,accepted,1,1.47791e-07,4.97518e-11,4.25335e-11,4.15193e-11,6.37287e-11,6.37231e-11,2.41116,0.134067,2.27402,0.0146881,0.0807897,0.0560801,0.0247096,,
1518,1166,rejected,1,5.7873e-07,4.97518e-10,4.25335e-11,4.15193e-11,6.37287e-11,6.37231e-11,2.44611,0.13766,2.306,0.0154026,0.0286633,0.028663,0,,
1519,1167,accepted,0,5.7873e-07,2.48759e-10,4.25281e-11,4.15177e-11,6.37226e-11,6.37226e-11,0,0,0,0.0141671,0.084883,0.0603573,0.0245255,,best_validation_checkpoint_0.bin
1520,1168,accepted,1,2.66525e-08,1.24379e-10,4.25224e-11,4.15111e-11,6.37229e-11,6.37226e-11,2.34365,0.126357,2.21406,0.0136264,0.0830384,0.0530062,0.0300322,,
1521,1169,accepted,1,9.53016e-08,6.21897e-11,4.2512e-11,4.14994e-11,6.37255e-11,6.37226e-11,2.36087,0.134951,2.22314,0.012984,0.0817766,0.0541845,0.027592,,
1522,1170,accepted,1,3.74457e-07,3.10948e-11,4.25043e-11,4.1483e-11,6.37446e-11,6.37226e-11,2.34341,0.137286,2.20353,0.0161892,0.0791386,0.0536496,0.0254888,,
1523,1170,rejected,1,1.55942e-06,3.10948e-10,4.25043e-11,4.1483e-11,6.37446e-11,6.37226e-11,2.38036,0.139536,2.23824,0.0141832,0.0283448,0.0283445,0,,
1524,1171,accepted,0,1.55942e-06,1.55474e-10,4.24836e-11,4.14755e-11,6.37234e-11,6.37226e-11,0,0,0,0.0168408,0.0788045,0.0542748,0.0245296,,
1525,1172,accepted,1,9.20464e-08,7.77371e-11,4.24749e-11,4.14634e-11,6.37231e-11,6.37226e-11,2.3651,0.126365,2.23507,0.0162237,0.0822149,0.0564122,0.0258026,,
1526,1173,accepted,1,2.51826e-07,3.88686e-11,4.24629e-11,4.14473e-11,6.37331e-11,6.37226e-11,2.33094,0.143274,2.18362,0.0127266,0.0829096,0.0565017,0.0264077,,
1527,1173,rejected,1,9.67613e-07,3.88686e-10,4.24629e-11,4.14473e-11,6.37331e-11,6.37226e-11,2.32095,0.135401,2.18304,0.0150576,0.0258517,0.0258514,0,,
1528,1174,accepted,0,9.67613e-07,1.94343e-10,4.24527e-11,4.14443e-11,6.37222e-11,6.37222e-11,0,0,0,0.0155981,0.0741002,0.050659,0.0234411,,best_validation_checkpoint_1.bin
1529,1175,accepted,1,4.29131e-08,9.71714e-11,4.24456e-11,4.14353e-11,6.37224e-11,6.37222e-11,2.35054,0.140132,2.20796,0.0148551,0.0797929,0.054387,0.0254057,,
1530,1176,accepted,1,1.64795e-07,4.85857e-11,4.24336e-11,4.14199e-11,6.3727e-11,6.37222e-11,2.37506,0.137187,2.23487,0.0134746,0.0836211,0.055682,0.027939,,
1531,1176,rejected,1,6.63371e-07,4.85857e-10,4.24336e-11,4.14199e-11,6.3727e-11,6.37222e-11,2.64757,0.143477,2.50139,0.0171487,0.0293915,0.0293913,0,,
1532,1177,accepted,0,6.63371e-07,2.42928e-10,4.2428e-11,4.14204e-11,6.37225e-11,6.37222e-11,0,0,0,0.0141373,0.0875855,0.0575236,0.0300617,,
1533,1178,accepted,1,4.814e-08,1.21464e-10,4.24222e-11,4.14132e-11,6.37225e-11,6.37222e-11,2.50376,0.140374,2.35946,0.01547,0.0824285,0.0559317,0.0264967,,
1534,1179,accepted,1,9.72134e-08,6.07321e-11,4.24116e-11,4.14011e-11,6.37252e-11,6.37222e-11,2.25726,0.136992,2.11805,0.0140611,0.0811512,0.0524629,0.0286882,,
1535,1180,accepted,1,3.89444e-07,3.03661e-11,4.24048e-11,4.13839e-11,6.37447e-11,6.37222e-11,2.33432,0.134193,2.19488,0.017081,0.0839954,0.0556595,0.0283358,,
1536,1180,rejected,1,1.6821e-06,3.03661e-10,4.24048e-11,4.13839e-11,6.37447e-11,6.37222e-11,2.30832,0.136997,2.16838,0.0152587,0.0266406,0.0266404,0,,
1537,1181,accepted,0,1.6821e-06,1.5183e-10,4.23828e-11,4.13775e-11,6.37242e-11,6.37222e-11,0,0,0,0.0150255,0.0822092,0.056805,0.025404,,
1538,1182,accepted,1,1.12363e-07,7.59152e-11,4.2374e-11,4.1364e-11,6.37231e-11,6.37222e-11,2.37454,0.132428,2.2394,0.0134517,0.0804967,0.053786,0.0267106,,
1539,1183,accepted,1,2.85925e-07,3.79576e-11,4.23622e-11,4.13469e-11,6.3733e-11,6.37222e-11,2.42558,0.142744,2.28009,0.0180448,0.088059,0.058713,0.0293459,,
1540,1183,rejected,1,1.07744e-06,3.79576e-10,4.23622e-11,4.13469e-11,6.3733e-11,6.37222e-11,2.47023,0.143046,2.32449,0.0193916,0.0302666,0.0302663,0,,
1541,1184,accepted,0,1.07744e-06,1.89788e-10,4.23514e-11,4.13459e-11,6.37239e-11,6.37222e-11,0,0,0,0.015264,0.0830305,0.0568432,0.0261873,,
1542,1185,accepted,1,6.45993e-08,9.48939e-11,4.23442e-11,4.13354e-11,6.3723e-11,6.37222e-11,2.36942,0.139111,2.22789,0.0139975,0.0835791,0.0526696,0.0309095,,
1543,1186,accepted,1,2.05193e-07,4.7447e-11,4.23321e-11,4.13206e-11,6.37283e-11,6.37222e-11,2.33214,0.130952,2.19879,0.0150503,0.0798345,0.0538734,0.025961,,
1544,1186,rejected,1,6.88439e-07,4.7447e-10,4.23321e-11,4.13206e-11,6.37283e-11,6.37222e-11,2.29974,0.131054,2.16467,0.0136793,0.027644,0.0276436,0,,
1545,1187,accepted,0,6.88439e-07,2.37235e-10,4.23263e-11,4.13209e-11,6.37241e-11,6.37222e-11,0,0,0,0.0139353,0.0786616,0.0535197,0.0251418,,
1546,1188,accepted,1,4.39136e-08,1.18617e-10,4.23204e-11,4.13131e-11,6.37236e-11,6.37222e-11,2.37563,0.135568,2.2376,0.01379,0.0897284,0.0595422,0.0301861,,
1547,1189,accepted,1,1.29385e-07,5.93087e-11,4.23086e-11,4.13006e-11,6.37263e-11,6.37222e-11,2.4314,0.137709,2.29133,0.0118551,0.0886781,0.0626415,0.0260364,,
1548,1190,accepted,1,4.71447e-07,2.96544e-11,4.23018e-11,4.12801e-11,6.37466e-11,6.37222e-11,2.38275,0.136098,2.2438,0.013101,0.0835452,0.0537914,0.0297536,,
1549,1190,rejected,1,1.94175e-06,2.96544e-10,4.23018e-11,4.12801e-11,6.37466e-11,6.37222e-11,2.41027,0.139446,2.26778,0.0155047,0.0257339,0.0257336,0,,
1550,1191,accepted,0,1.94175e-06,1.48272e-10,4.22776e-11,4.12779e-11,6.37718e-11,6.37222e-11,0,0,0,0.0128454,0.0827623,0.0549872,0.0277749,,
1551,1192,accepted,1,1.09666e-07,7.41359e-11,4.22687e-11,4.12626e-11,6.37526e-11,6.37222e-11,2.28584,0.129232,2.15401,0.0142881,0.0764683,0.0522925,0.0241757,,
1552,1193,accepted,1,3.69866e-07,3.70679e-11,4.22575e-11,4.12423e-11,6.3767e-11,6.37222e-11,2.33301,0.13529,2.19522,0.0166366,0.0821156,0.0558387,0.0262767,,
1553,1193,rejected,1,1.34414e-06,3.70679e-10,4.22575e-11,4.12423e-11,6.3767e-11,6.37222e-11,2.4237,0.13165,2.28973,0.013432,0.0312235,0.0312232,0,,
1554,1194,accepted,0,1.34414e-06,1.8534e-10,4.22456e-11,4.12467e-11,6.37567e-11,6.37222e-11,0,0,0,0.017681,0.0823586,0.056214,0.0261444,,
1555,1195,accepted,1,1.25762e-07,9.26699e-11,4.22383e-11,4.12339e-11,6.37572e-11,6.37222e-11,2.42514,0.132371,2.29032,0.013361,0.0797938,0.0540844,0.0257093,,
1556,1196,accepted,1,2.64003e-07,4.63349e-11,4.22264e-11,4.12176e-11,6.37601e-11,6.37222e-11,2.31228,0.13428,2.1754,0.0144535,0.0844099,0.0578877,0.0265221,,
1557,1196,rejected,1,8.21157e-07,4.63349e-10,4.22264e-11,4.12176e-11,6.37601e-11,6.37222e-11,2.28332,0.129087,2.15186,0.0136172,0.030363,0.0303627,0,,
1558,1197,accepted,0,8.21157e-07,2.31675e-10,4.22201e-11,4.12207e-11,6.37592e-11,6.37222e-11,0,0,0,0.0166684,0.0844364,0.0575245,0.0269117,,
1559,1198,accepted,1,6.49363e-08,1.15837e-10,4.22142e-11,4.12117e-11,6.3758e-11,6.37222e-11,2.27925,0.12318,2.15341,0.0137552,0.0789829,0.052958,0.0260248,,
1560,1199,accepted,1,1.56382e-07,5.79187e-11,4.22035e-11,4.11977e-11,6.376e-11,6.37222e-11,2.34798,0.13311,2.21103,0.0179888,0.0832046,0.0556645,0.0275399,,
1561,1200,accepted,1,5.39959e-07,2.89593e-11,4.21991e-11,4.11737e-11,6.37748e-11,6.37222e-11,2.38019,0.13808,2.23975,0.0141355,0.083737,0.0584153,0.0253216,,
1562,1200,rejected,1,2.29344e-06,2.89593e-10,4.21991e-11,4.11737e-11,6.37748e-11,6.37222e-11,2.38535,0.133524,2.24948,0.0137358,0.0269266,0.0269264,0,,
1563,1201,accepted,0,2.29344e-06,1.44797e-10,4.21736e-11,4.11794e-11,6.37667e-11,6.37222e-11,0,0,0,0.0148779,0.0792528,0.0543664,0.0248863,,
1564,1202,accepted,1,2.88026e-07,7.23983e-11,4.21645e-11,4.11586e-11,6.37612e-11,6.37222e-11,2.37061,0.135201,2.23281,0.0143108,0.0817531,0.0544593,0.0272937,,
1565,1203,accepted,1,4.79544e-07,3.61992e-11,4.21536e-11,4.11382e-11,6.37692e-11,6.37222e-11,2.38886,0.130151,2.25575,0.0140054,0.0818772,0.0542984,0.0275786,,
1566,1203,rejected,1,1.48663e-06,3.61992e-10,4.21536e-11,4.11382e-11,6.37692e-11,6.37222e-11,2.39342,0.13097,2.25979,0.0144993,0.0235264,0.0235262,0,,
1567,1204,accepted,0,1.48663e-06,1.80996e-10,4.21411e-11,4.11447e-11,6.37666e-11,6.37222e-11,0,0,0,0.0161744,0.0732782,0.0471072,0.0261708,,
1568,1205,accepted,1,1.23871e-07,9.04979e-11,4.21337e-11,4.11316e-11,6.37652e-11,6.37222e-11,2.34858,0.132045,2.21286,0.0135514,0.0816757,0.0543894,0.0272863,,
1569,1206,accepted,1,2.70833e-07,4.5249e-11,4.21217e-11,4.11114e-11,6.37657e-11,6.37222e-11,2.35768,0.134078,2.22122,0.0128956,0.0880753,0.0598507,0.0282245,,
1570,1206,rejected,1,1.01409e-06,4.5249e-10,4.21217e-11,4.11114e-11,6.37657e-11,6.37222e-11,2.41984,0.135582,2.28118,0.0186422,0.0280456,0.0280453,0,,
1571,1207,accepted,0,1.01409e-06,2.26245e-10,4.21152e-11,4.11189e-11,6.37683e-11,6.37222e-11,0,0,0,0.0141722,0.0793103,0.0510724,0.0282377,,
1572,1208,accepted,1,1.05453e-07,1.13122e-10,4.21091e-11,4.11086e-11,6.37668e-11,6.37222e-11,2.4073,0.143427,2.2602,0.014868,0.0780973,0.0521392,0.0259581,,
1573,1209,accepted,1,1.81275e-07,5.65612e-11,4.20983e-11,4.10931e-11,6.37671e-11,6.37222e-11,2.38861,0.141919,2.24238,0.0147472,0.0788705,0.0530129,0.0258576,,
1574,1210,accepted,1,6.36843e-07,2.82806e-11,4.20952e-11,4.10663e-11,6.378e-11,6.37222e-11,2.3297,0.122744,2.20445,0.0155715,0.0802507,0.0562732,0.0239774,,
1575,1210,rejected,1,2.61773e-06,2.82806e-10,4.20952e-11,4.10663e-11,6.378e-11,6.37222e-11,2.38596,0.129922,2.25356,0.0146983,0.0270912,0.027091,0,,
1576,1211,accepted,0,2.61773e-06,1.41403e-10,4.20678e-11,4.10762e-11,6.37743e-11,6.37222e-11,0,0,0,0.0150083,0.0823909,0.0568401,0.0255507,,
1577,1212,accepted,1,2.86968e-07,7.07015e-11,4.20587e-11,4.10544e-11,6.37682e-11,6.37222e-11,2.44418,0.137127,2.30447,0.0149502,0.0802841,0.0529914,0.0272925,,
1578,1213,accepted,1,5.31587e-07,3.53507e-11,4.20478e-11,4.10325e-11,6.37748e-11,6.37222e-11,2.40982,0.140056,2.26649,0.016232,0.0734621,0.0498203,0.0236418,,
1579,1213,rejected,1,1.6188e-06,3.53507e-10,4.20478e-11,4.10325e-11,6.37748e-11,6.37222e-11,2.30711,0.133684,2.17125,0.0144212,0.0262587,0.0262585,0,,
1580,1214,accepted,0,1.6188e-06,1.76754e-10,4.20348e-11,4.10417e-11,6.37755e-11,6.37222e-11,0,0,0,0.0130727,0.0778926,0.0547537,0.0231387,,
1581,1215,accepted,1,1.7137e-07,8.83769e-11,4.20273e-11,4.10266e-11,6.37719e-11,6.37222e-11,2.30803,0.142758,2.16299,0.0138013,0.0809806,0.0542547,0.0267258,,
1582,1216,accepted,1,3.26309e-07,4.41884e-11,4.20154e-11,4.10068e-11,6.37739e-11,6.37222e-11,2.26705,0.130047,2.13472,0.0144087,0.0730664,0.0496638,0.0234024,,
1583,1216,rejected,1,1.06177e-06,4.41884e-10,4.20154e-11,4.10068e-11,6.37739e-11,6.37222e-11,2.28839,0.136509,2.14941,0.0138792,0.0284532,0.0284529,0,,
1584,1217,accepted,0,1.06177e-06,2.20942e-10,4.20085e-11,4.10148e-11,6.37769e-11,6.37222e-11,0,0,0,0.0143885,0.079519,0.0538297,0.0256891,,
1585,1218,accepted,1,1.10142e-07,1.10471e-10,4.20024e-11,4.10036e-11,6.37746e-11,6.37222e-11,2.3459,0.137118,2.20596,0.0123301,0.0803438,0.0524799,0.0278638,,
1586,1219,accepted,1,2.23581e-07,5.52355e-11,4.19915e-11,4.0988e-11,6.37757e-11,6.37222e-11,2.33086,0.140669,2.18802,0.0167949,0.0764663,0.0520081,0.024458,,
1587,1220,accepted,1,6.8558e-07,2.76178e-11,4.19894e-11,4.09593e-11,6.37878e-11,6.37222e-11,2.33845,0.124949,2.21078,0.0140405,0.0746214,0.0500297,0.0245916,,
1588,1220,rejected,1,2.83815e-06,2.76178e-10,4.19894e-11,4.09593e-11,6.37878e-11,6.37222e-11,2.26699,0.13141,2.13302,0.0146807,0.0290661,0.0290658,0,,
1589,1221,accepted,0,2.83815e-06,1.38089e-10,4.19604e-11,4.09717e-11,6.37847e-11,6.37222e-11,0,0,0,0.0143901,0.0750485,0.0509316,0.0241169,,
1590,1222,accepted,1,3.09498e-07,6.90444e-11,4.19511e-11,4.09484e-11,6.37774e-11,6.37222e-11,2.26358,0.131206,2.12907,0.0149517,0.073835,0.0510492,0.0227857,,
1591,1223,accepted,1,5.82721e-07,3.45222e-11,4.19407e-11,4.09251e-11,6.37834e-11,6.37222e-11,2.31305,0.142158,2.1687,0.0173588,0.0731053,0.0504304,0.0226748,,
1592,1223,rejected,1,1.78494e-06,3.45222e-10,4.19407e-11,4.09251e-11,6.37834e-11,6.37222e-11,2.31526,0.137545,2.17475,0.0146844,0.0273837,0.0273833,0,,
1593,1224,accepted,0,1.78494e-06,1.72611e-10,4.19269e-11,4.09366e-11,6.37864e-11,6.37222e-11,0,0,0,0.0149879,0.0767473,0.0538589,0.0228882,,
1594,1225,accepted,1,1.89205e-07,8.63055e-11,4.19192e-11,4.09202e-11,6.37818e-11,6.37222e-11,2.29848,0.135536,2.1605,0.0149213,0.0762235,0.0521078,0.0241155,,
1595,1226,accepted,1,3.7502e-07,4.31528e-11,4.19073e-11,4.08998e-11,6.37837e-11,6.37222e-11,2.27959,0.134918,2.14189,0.0128913,0.0738468,0.0489325,0.0249141,,
1596,1226,rejected,1,1.16363e-06,4.31528e-10,4.19073e-11,4.08998e-11,6.37837e-11,6.37222e-11,2.34874,0.132615,2.21365,0.0157684,0.0277872,0.027787,0,,
1597,1227,accepted,0,1.16363e-06,2.15764e-10,4.19001e-11,4.09091e-11,6.37882e-11,6.37222e-11,0,0,0,0.015226,0.0776131,0.0509538,0.0266593,,
1598,1228,accepted,1,1.22075e-07,1.07882e-10,4.18939e-11,4.08974e-11,6.37854e-11,6.37222e-11,2.31032,0.138324,2.16898,0.0167722,0.0796913,0.0548467,0.0248446,,
1599,1229,accepted,1,2.36781e-07,5.3941e-11,4.18829e-11,4.08807e-11,6.37858e-11,6.37222e-11,2.30855,0.132775,2.17292,0.0179502,0.0795541,0.056904,0.02265,,
1600,1230,accepted,1,7.55735e-07,2.69705e-11,4.18825e-11,4.08492e-11,6.37959e-11,6.37222e-11,2.43788,0.133141,2.30228,0.0165129,0.0838227,0.0560754,0.0277473,,
1601,1230,rejected,1,3.17814e-06,2.69705e-10,4.18825e-11,4.08492e-11,6.37959e-11,6.37222e-11,2.39276,0.129675,2.2597,0.0171824,0.0271409,0.0271407,0,,
1602,1231,accepted,0,3.17814e-06,1.34852e-10,4.18512e-11,4.08662e-11,6.3797e-11,6.37222e-11,0,0,0,0.0158853,0.0834594,0.0542471,0.0292123,,
1603,1232,accepted,1,3.69568e-07,6.74262e-11,4.18419e-11,4.08399e-11,6.37875e-11,6.37222e-11,2.32438,0.138892,2.18213,0.0129821,0.077829,0.0525328,0.025296,,
1604,1233,accepted,1,6.88338e-07,3.37131e-11,4.18318e-11,4.08158e-11,6.37934e-11,6.37222e-11,2.24467,0.141421,2.10096,0.0136325,0.0755756,0.0513451,0.0242305,,
1605,1233,rejected,1,1.96295e-06,3.37131e-10,4.18318e-11,4.08158e-11,6.37934e-11,6.37222e-11,2.25457,0.127604,2.12467,0.0145666,0.0273911,0.0273908,0,,
1606,1234,accepted,0,1.96295e-06,1.68565e-10,4.18171e-11,4.08299e-11,6.3799e-11,6.37222e-11,0,0,0,0.013672,0.0769908,0.0523416,0.0246491,,
1607,1235,accepted,1,2.19183e-07,8.42827e-11,4.18094e-11,4.08118e-11,6.37931e-11,6.37222e-11,2.42936,0.13869,2.28815,0.0210091,0.0824604,0.0554961,0.0269641,,
1608,1236,accepted,1,4.39681e-07,4.21414e-11,4.17975e-11,4.07903e-11,6.37946e-11,6.37222e-11,2.371,0.133951,2.2348,0.0135247,0.0789341,0.0523734,0.0265607,,
1609,1236,rejected,1,1.29577e-06,4.21414e-10,4.17975e-11,4.07903e-11,6.37946e-11,6.37222e-11,2.39523,0.135925,2.25664,0.013714,0.0270047,0.0270046,0,,
1610,1237,accepted,0,1.29577e-06,2.10707e-10,4.17899e-11,4.08018e-11,6.3801e-11,6.37222e-11,0,0,0,0.0138195,0.0796109,0.05349,0.0261208,,
1611,1238,accepted,1,1.41391e-07,1.05353e-10,4.17836e-11,4.0789e-11,6.37975e-11,6.37222e-11,2.37066,0.126051,2.2418,0.015261,0.0808837,0.0532714,0.0276122,,
1612,1239,accepted,1,2.71577e-07,5.26767e-11,4.17725e-11,4.07715e-11,6.37976e-11,6.37222e-11,2.32976,0.142689,2.18454,0.015775,0.0756127,0.0512064,0.0244062,,
1613,1239,rejected,1,8.42231e-07,5.26767e-10,4.17725e-11,4.07715e-11,6.37976e-11,6.37222e-11,2.21568,0.128667,2.08413,0.0127483,0.0260077,0.0260074,0,,
1614,1240,accepted,0,8.42231e-07,2.63384e-10,4.17682e-11,4.07797e-11,6.38032e-11,6.37222e-11,0,0,0,0.0134485,0.0772477,0.052812,0.0244356,,
1615,1241,accepted,1,9.33383e-08,1.31692e-10,4.17631e-11,4.07704e-11,6.3801e-11,6.37222e-11,2.32176,0.125886,2.19349,0.0150569,0.0803225,0.0569071,0.0234152,,
1616,1242,accepted,1,1.74845e-07,6.58459e-11,4.17536e-11,4.07567e-11,6.38008e-11,6.37222e-11,2.37556,0.13399,2.23857,0.0147758,0.0847929,0.0537891,0.0310037,,
1617,1243,accepted,1,5.46451e-07,3.29229e-11,4.17444e-11,4.07243e-11,6.38004e-11,6.37222e-11,2.38732,0.13161,2.2531,0.0150814,0.0791278,0.0526912,0.0264365,,
1618,1243,rejected,1,2.30829e-06,3.29229e-10,4.17444e-11,4.07243e-11,6.38004e-11,6.37222e-11,2.37367,0.138392,2.23271,0.0139337,0.0255944,0.0255941,0,,
1619,1244,accepted,0,2.30829e-06,1.64615e-10,4.17284e-11,4.07445e-11,6.38115e-11,6.37222e-11,0,0,0,0.0161853,0.0815314,0.054787,0.0267443,,
1620,1245,accepted,1,2.86945e-07,8.23074e-11,4.17206e-11,4.07238e-11,6.38035e-11,6.37222e-11,2.3396,0.130858,2.20477,0.0135805,0.0805435,0.0538274,0.0267161,,
1621,1246,accepted,1,5.10145e-07,4.11537e-11,4.17088e-11,4.07017e-11,6.3805e-11,6.37222e-11,2.37894,0.138863,2.23803,0.0137775,0.0786501,0.0512715,0.0273785,,
1622,1246,rejected,1,1.41696e-06,4.11537e-10,4.17088e-11,4.07017e-11,6.3805e-11,6.37222e-11,2.39585,0.131014,2.26241,0.014924,0.0279992,0.0279989,0,,
1623,1247,accepted,0,1.41696e-06,2.05768e-10,4.17007e-11,4.07149e-11,6.38132e-11,6.37222e-11,0,0,0,0.0150418,0.0853428,0.0567047,0.028638,,
1624,1248,accepted,1,1.53901e-07,1.02884e-10,4.16943e-11,4.0701e-11,6.38088e-11,6.37222e-11,2.28994,0.135316,2.1522,0.0145988,0.0822058,0.0582987,0.023907,,
1625,1249,accepted,1,3.18322e-07,5.14421e-11,4.16831e-11,4.06829e-11,6.38089e-11,6.37222e-11,2.29027,0.129577,2.15821,0.0146807,0.0797074,0.0546371,0.0250701,,
1626,1249,rejected,1,9.24998e-07,5.14421e-10,4.16831e-11,4.06829e-11,6.38089e-11,6.37222e-11,2.23682,0.133753,2.10068,0.0157661,0.0246535,0.0246532,0,,
1627,1250,accepted,0,9.24998e-07,2.57211e-10,4.16786e-11,4.06923e-11,6.38157e-11,6.37222e-11,0,0,0,0.0133312,0.0780749,0.0536228,0.024452,,
1628,1251,accepted,1,1.03857e-07,1.28605e-10,4.16734e-11,4.06824e-11,6.3813e-11,6.37222e-11,2.25667,0.124104,2.13045,0.0145814,0.076131,0.0523848,0.023746,,
1629,1252,accepted,1,1.97977e-07,6.43026e-11,4.16638e-11,4.06681e-11,6.38127e-11,6.37222e-11,2.28118,0.134156,2.14452,0.0154234,0.0777506,0.0516773,0.0260732,,
1630,1253,accepted,1,5.98763e-07,3.21513e-11,4.16552e-11,4.06337e-11,6.38111e-11,6.37222e-11,2.35064,0.135093,2.21229,0.0148525,0.0826877,0.0569986,0.025689,,
1631,1253,rejected,1,2.52566e-06,3.21513e-10,4.16552e-11,4.06337e-11,6.38111e-11,6.37222e-11,2.54494,0.144288,2.3978,0.0141881,0.0286957,0.0286954,0,,
1632,1254,accepted,0,2.52566e-06,1.60757e-10,4.16381e-11,4.06569e-11,6.38247e-11,6.37222e-11,0,0,0,0.0138928,0.0806039,0.0551999,0.0254038,,
1633,1255,accepted,1,3.17269e-07,8.03783e-11,4.16301e-11,4.06346e-11,6.38159e-11,6.37222e-11,2.47757,0.139273,2.33559,0.014575,0.0822478,0.0519047,0.030343,,
1634,1256,accepted,1,5.63539e-07,4.01891e-11,4.16184e-11,4.06113e-11,6.38166e-11,6.37222e-11,2.32516,0.133223,2.18884,0.0151313,0.0844984,0.0562008,0.0282975,,
1635,1256,rejected,1,1.54815e-06,4.01891e-10,4.16184e-11,4.06113e-11,6.38166e-11,6.37222e-11,2.30147,0.140029,2.15911,0.0140163,0.0265613,0.0265611,0,,
1636,1257,accepted,0,1.54815e-06,2.00946e-10,4.16099e-11,4.06265e-11,6.38264e-11,6.37222e-11,0,0,0,0.0179047,0.0795344,0.0525635,0.0269707,,
1637,1258,accepted,1,1.72908e-07,1.00473e-10,4.16034e-11,4.06118e-11,6.38219e-11,6.37222e-11,2.27528,0.136954,2.13463,0.0154363,0.0817167,0.0552389,0.0264778,,
1638,1259,accepted,1,3.38503e-07,5.02364e-11,4.15921e-11,4.05924e-11,6.38206e-11,6.37222e-11,2.41601,0.134767,2.27809,0.0139524,0.0814385,0.0557695,0.0256688,,
1639,1259,rejected,1,1.02304e-06,5.02364e-10,4.15921e-11,4.05924e-11,6.38206e-11,6.37222e-11,2.40363,0.137181,2.26364,0.0146115,0.0300613,0.030061,0,,
1640,1260,accepted,0,1.02304e-06,2.51182e-10,4.15873e-11,4.06035e-11,6.38291e-11,6.37222e-11,0,0,0,0.0175319,0.0792408,0.0530639,0.0261767,,
1641,1261,accepted,1,1.22966e-07,1.25591e-10,4.15821e-11,4.05927e-11,6.38261e-11,6.37222e-11,2.39224,0.131101,2.25833,0.0134707,0.0847492,0.0556308,0.0291183,,
1642,1262,accepted,1,2.24437e-07,6.27955e-11,4.15723e-11,4.05778e-11,6.38256e-11,6.37222e-11,2.41869,0.134943,2.28128,0.0141137,0.0854535,0.0552256,0.0302278,,
1643,1263,accepted,1,6.47504e-07,3.13978e-11,4.15641e-11,4.05427e-11,6.38236e-11,6.37222e-11,2.35277,0.134251,2.21347,0.0138165,0.080856,0.0541423,0.0267135,,
1644,1263,rejected,1,2.63094e-06,3.13978e-10,4.15641e-11,4.05427e-11,6.38236e-11,6.37222e-11,2.41294,0.136318,2.27397,0.0127484,0.0307425,0.0307422,0,,
1645,1264,accepted,0,2.63094e-06,1.56989e-10,4.15461e-11,4.05669e-11,6.3838e-11,6.37222e-11,0,0,0,0.014607,0.0899927,0.0609214,0.0290712,,
1646,1265,accepted,1,3.09265e-07,7.84944e-11,4.1538e-11,4.05433e-11,6.38284e-11,6.37222e-11,2.41769,0.134286,2.28081,0.0147171,0.0797765,0.0532745,0.026502,,
1647,1266,accepted,1,6.46101e-07,3.92472e-11,4.15262e-11,4.05202e-11,6.38302e-11,6.37222e-11,2.36619,0.137719,2.22594,0.0180811,0.0855926,0.0560091,0.0295834,,
1648,1266,rejected,1,1.63037e-06,3.92472e-10,4.15262e-11,4.05202e-11,6.38302e-11,6.37222e-11,2.36567,0.133967,2.22923,0.0152131,0.0271313,0.0271234,0,,
1649,1267,accepted,0,1.63037e-06,1.96236e-10,4.15173e-11,4.05364e-11,6.38415e-11,6.37222e-11,0,0,0,0.013473,0.0764535,0.0516733,0.02478,,
1650,1268,accepted,1,1.84024e-07,9.8118e-11,4.15107e-11,4.05205e-11,6.38361e-11,6.37222e-11,2.31443,0.129713,2.18104,0.0147167,0.0877727,0.0580172,0.0297553,,
1651,1269,accepted,1,3.92022e-07,4.9059e-11,4.14993e-11,4.05009e-11,6.38356e-11,6.37222e-11,2.34917,0.135143,2.21148,0.0135239,0.0855339,0.0577422,0.0277916,,
1652,1269,rejected,1,1.07884e-06,4.9059e-10,4.14993e-11,4.05009e-11,6.38356e-11,6.37222e-11,2.36835,0.139215,2.2258,0.0129466,0.0288731,0.0288728,0,,
1653,1270,accepted,0,1.07884e-06,2.45295e-10,4.14943e-11,4.05128e-11,6.38451e-11,6.37222e-11,0,0,0,0.015872,0.0824937,0.0518818,0.0306119,,
1654,1271,accepted,1,1.28769e-07,1.22648e-10,4.1489e-11,4.05013e-11,6.38414e-11,6.37222e-11,2.41426,0.145481,2.26414,0.0136125,0.0830972,0.0564102,0.0266869,,
1655,1272,accepted,1,2.54722e-07,6.13238e-11,4.14791e-11,4.04862e-11,6.3841e-11,6.37222e-11,2.37754,0.136768,2.23795,0.0150625,0.0771303,0.0536228,0.0235074,,
1656,1273,accepted,1,6.97578e-07,3.06619e-11,4.14722e-11,4.04471e-11,6.38366e-11,6.37222e-11,2.3635,0.136847,2.2236,0.0154101,0.0757784,0.0513314,0.0244469,,
1657,1273,rejected,1,3.02219e-06,3.06619e-10,4.14722e-11,4.04471e-11,6.38366e-11,6.37222e-11,2.27847,0.132486,2.14344,0.0160842,0.0254742,0.0254738,0,,
1658,1274,accepted,0,3.02219e-06,1.53309e-10,4.14524e-11,4.04767e-11,6.3856e-11,6.37222e-11,0,0,0,0.0163674,0.080002,0.0540512,0.0259506,,
1659,1275,accepted,1,3.87035e-07,7.66547e-11,4.14442e-11,4.04506e-11,6.38445e-11,6.37222e-11,2.32507,0.131877,2.19075,0.0151079,0.0795601,0.0541549,0.0254051,,
1660,1276,accepted,1,7.09256e-07,3.83274e-11,4.14324e-11,4.04275e-11,6.38463e-11,6.37222e-11,2.29872,0.134682,2.16171,0.0172905,0.0794503,0.0544848,0.0249653,,
1661,1276,rejected,1,1.7046e-06,3.83274e-10,4.14324e-11,4.04275e-11,6.38463e-11,6.37222e-11,2.40977,0.139756,2.26651,0.017927,0.0299402,0.0299399,0,,
1662,1277,accepted,0,1.7046e-06,1.91637e-10,4.1423e-11,4.04442e-11,6.3858e-11,6.37222e-11,0,0,0,0.0161857,0.0847786,0.0595564,0.0252221,,
1663,1278,accepted,1,1.79173e-07,9.58184e-11,4.14163e-11,4.0428e-11,6.38525e-11,6.37222e-11,2.50601,0.143748,2.35915,0.0194733,0.0866375,0.0575657,0.0290717,,
1664,1279,accepted,1,4.15205e-07,4.79092e-11,4.1405e-11,4.0407e-11,6.38507e-11,6.37222e-11,2.39409,0.140652,2.251,0.0140467,0.0838816,0.0601075,0.0237741,,
1665,1279,rejected,1,1.19301e-06,4.79092e-10,4.1405e-11,4.0407e-11,6.38507e-11,6.37222e-11,2.35024,0.133661,2.21188,0.0149168,0.02576,0.0257597,0,,
1666,1280,accepted,0,1.19301e-06,2.39546e-10,4.13996e-11,4.04205e-11,6.38616e-11,6.37222e-11,0,0,0,0.0128809,0.0856879,0.0587056,0.0269821,,
1667,1281,accepted,1,1.40196e-07,1.19773e-10,4.13942e-11,4.04087e-11,6.38579e-11,6.37222e-11,2.39541,0.140507,2.25117,0.0149688,0.0875524,0.0613099,0.0262423,,
1668,1282,accepted,1,2.56559e-07,5.98865e-11,4.13842e-11,4.03923e-11,6.38566e-11,6.37222e-11,2.38613,0.133003,2.2505,0.0158598,0.0824038,0.0555263,0.0268774,,
1669,1283,accepted,1,7.74386e-07,2.99432e-11,4.13783e-11,4.0351e-11,6.38508e-11,6.37222e-11,2.43683,0.131652,2.30252,0.0150607,0.0801234,0.0545489,0.0255743,,
1670,1283,rejected,1,3.29885e-06,2.99432e-10,4.13783e-11,4.0351e-11,6.38508e-11,6.37222e-11,2.42128,0.14092,2.278,0.0154737,0.0312578,0.0312576,0,,
1671,1284,accepted,0,3.29885e-06,1.49716e-10,4.1357e-11,4.03842e-11,6.38734e-11,6.37222e-11,0,0,0,0.0156225,0.0781643,0.0544037,0.0237605,,
1672,1285,accepted,1,4.2261e-07,7.48581e-11,4.13486e-11,4.03583e-11,6.38627e-11,6.37222e-11,2.42729,0.133197,2.29131,0.0149233,0.0826615,0.0548165,0.0278449,,
1673,1286,accepted,1,6.39818e-07,3.74291e-11,4.13373e-11,4.03293e-11,6.38604e-11,6.37222e-11,2.31487,0.139836,2.17253,0.0148604,0.083298,0.0553675,0.0279303,,
1674,1286,rejected,1,2.00842e-06,3.74291e-10,4.13373e-11,4.03293e-11,6.38604e-11,6.37222e-11,2.3903,0.131414,2.25445,0.0131899,0.0284097,0.0284095,0,,
1675,1287,accepted,0,2.00842e-06,1.87145e-10,4.13271e-11,4.03514e-11,6.38771e-11,6.37222e-11,0,0,0,0.0137025,0.0791302,0.0545711,0.0245591,,
1676,1288,accepted,1,2.35484e-07,9.35726e-11,4.13202e-11,4.03334e-11,6.38701e-11,6.37222e-11,2.41543,0.131515,2.2813,0.0147897,0.0849569,0.059037,0.0259198,,
1677,1289,accepted,1,4.50719e-07,4.67863e-11,4.1309e-11,4.03089e-11,6.38651e-11,6.37222e-11,2.44817,0.143638,2.30133,0.0174974,0.0865065,0.0607045,0.025802,,
1678,1289,rejected,1,1.44514e-06,4.67863e-10,4.1309e-11,4.03089e-11,6.38651e-11,6.37222e-11,2.39175,0.142056,2.24718,0.015982,0.0263418,0.0263415,0,,
1679,1290,accepted,0,1.44514e-06,2.33932e-10,4.13032e-11,4.03273e-11,6.38809e-11,6.37222e-11,0,0,0,0.0146047,0.0839456,0.0552646,0.0286808,,
1680,1291,accepted,1,1.94179e-07,1.16966e-10,4.12977e-11,4.03135e-11,6.38755e-11,6.37222e-11,2.33227,0.140657,2.18896,0.01401,0.0819694,0.0546776,0.0272918,,
1681,1292,accepted,1,3.0678e-07,5.84829e-11,4.12875e-11,4.02967e-11,6.38743e-11,6.37222e-11,2.34234,0.135541,2.20412,0.0129166,0.0748675,0.0505471,0.0243202,,
1682,1293,accepted,1,8.45489e-07,2.92415e-11,4.12827e-11,4.02525e-11,6.38667e-11,6.37222e-11,2.27642,0.130085,2.14359,0.0158993,0.0835975,0.0564509,0.0271466,,
1683,1293,rejected,1,3.59992e-06,2.92415e-10,4.12827e-11,4.02525e-11,6.38667e-11,6.37222e-11,2.3244,0.136545,2.18537,0.015319,0.0287337,0.0287334,0,,
1684,1294,accepted,0,3.59992e-06,1.46207e-10,4.12597e-11,4.02899e-11,6.38936e-11,6.37222e-11,0,0,0,0.0171014,0.0818459,0.0537082,0.0281375,,
1685,1295,accepted,1,4.62744e-07,7.31036e-11,4.12512e-11,4.02606e-11,6.38799e-11,6.37222e-11,2.4039,0.137988,2.26292,0.0154315,0.0828683,0.0553071,0.027561,,
1686,1296,accepted,1,7.97473e-07,3.65518e-11,4.12403e-11,4.02313e-11,6.38774e-11,6.37222e-11,2.40885,0.12642,2.28049,0.0143267,0.0798442,0.0543525,0.0254916,,
1687,1296,rejected,1,2.22777e-06,3.65518e-10,4.12403e-11,4.02313e-11,6.38774e-11,6.37222e-11,2.40734,0.135161,2.26964,0.0141764,0.0258996,0.0258994,0,,
1688,1297,accepted,0,2.22777e-06,1.82759e-10,4.12292e-11,4.02566e-11,6.38972e-11,6.37222e-11,0,0,0,0.0168224,0.0817393,0.0558328,0.0259063,,
1689,1298,accepted,1,2.77218e-07,9.13795e-11,4.12223e-11,4.02371e-11,6.38894e-11,6.37222e-11,2.31169,0.138271,2.1709,0.0150607,0.0793634,0.0547881,0.0245753,,
1690,1299,accepted,1,4.88088e-07,4.56898e-11,4.12109e-11,4.02132e-11,6.38862e-11,6.37222e-11,2.33869,0.12525,2.20923,0.0135626,0.0873509,0.0598996,0.0274512,,
1691,1299,rejected,1,1.44943e-06,4.56898e-10,4.12109e-11,4.02132e-11,6.38862e-11,6.37222e-11,2.39157,0.124678,2.26269,0.0134385,0.0272883,0.0272879,0,,
1692,1300,accepted,0,1.44943e-06,2.28449e-10,4.12049e-11,4.0231e-11,6.3901e-11,6.37222e-11,0,0,0,0.0136692,0.0832132,0.0546872,0.0285258,,
1693,1301,accepted,1,1.79918e-07,1.14224e-10,4.11993e-11,4.02174e-11,6.38962e-11,6.37222e-11,2.44609,0.150261,2.29339,0.0147938,0.0808878,0.0542076,0.02668,,
1694,1302,accepted,1,3.05864e-07,5.71122e-11,4.11891e-11,4.01989e-11,6.38935e-11,6.37222e-11,2.43805,0.140305,2.29519,0.0141267,0.0816347,0.0567052,0.0249293,,
1695,1303,accepted,1,9.52833e-07,2.85561e-11,4.1185e-11,4.01545e-11,6.38869e-11,6.37222e-11,2.37289,0.134021,2.2364,0.013552,0.0825948,0.0557058,0.0268889,,
1696,1303,rejected,1,3.78203e-06,2.85561e-10,4.1185e-11,4.01545e-11,6.38869e-11,6.37222e-11,2.3514,0.137638,2.20988,0.0131094,0.0276118,0.0276115,0,,
1697,1304,accepted,0,3.78203e-06,1.42781e-10,4.11606e-11,4.01932e-11,6.39147e-11,6.37222e-11,0,0,0,0.0158869,0.077146,0.050441,0.026705,,
1698,1305,accepted,1,4.65939e-07,7.13903e-11,4.1152e-11,4.01635e-11,6.39011e-11,6.37222e-11,2.39884,0.14926,2.24738,0.0129515,0.0828769,0.0552751,0.0276016,,
1699,1306,accepted,1,8.13378e-07,3.56951e-11,4.11414e-11,4.01318e-11,6.38969e-11,6.37222e-11,2.50351,0.145147,2.354,0.0144379,0.0835026,0.0564122,0.0270902,,
1700,1306,rejected,1,2.40701e-06,3.56951e-10,4.11414e-11,4.01318e-11,6.38969e-11,6.37222e-11,2.40308,0.129918,2.27061,0.0147142,0.0298819,0.0298816,0,,
1701,1307,accepted,0,2.40701e-06,1.78476e-10,4.11296e-11,4.01595e-11,6.39186e-11,6.37222e-11,0,0,0,0.0157581,0.0814844,0.0551488,0.0263356,,
1702,1308,accepted,1,2.8607e-07,8.92378e-11,4.11225e-11,4.01394e-11,6.39102e-11,6.37222e-11,2.43263,0.145024,2.28583,0.0128196,0.0772792,0.0537935,0.0234855,,
1703,1309,accepted,1,5.07439e-07,4.46189e-11,4.11112e-11,4.01137e-11,6.39056e-11,6.37222e-11,2.29166,0.129157,2.15968,0.0157649,0.0775348,0.0513713,0.0261634,,
1704,1309,rejected,1,1.59202e-06,4.46189e-10,4.11112e-11,4.01137e-11,6.39056e-11,6.37222e-11,2.38183,0.137094,2.24235,0.0134759,0.0263275,0.0263272,0,,
1705,1310,accepted,0,1.59202e-06,2.23095e-10,4.11048e-11,4.01337e-11,6.39227e-11,6.37222e-11,0,0,0,0.0147793,0.0797431,0.0549247,0.0248183,,
1706,1311,accepted,1,2.08776e-07,1.11547e-10,4.10991e-11,4.01193e-11,6.39174e-11,6.37222e-11,2.33809,0.132381,2.19993,0.0135381,0.0843535,0.0550149,0.0293386,,
1707,1312,accepted,1,3.23844e-07,5.57736e-11,4.10887e-11,4.01003e-11,6.39148e-11,6.37222e-11,2.42079,0.140965,2.27713,0.0165056,0.085088,0.059181,0.025907,,
1708,1313,accepted,1,9.89471e-07,2.78868e-11,4.10862e-11,4.00523e-11,6.39053e-11,6.37222e-11,2.36929,0.134783,2.23142,0.0127089,0.0835926,0.0575868,0.0260057,,
1709,1313,rejected,1,4.13656e-06,2.78868e-10,4.10862e-11,4.00523e-11,6.39053e-11,6.37222e-11,2.37457,0.139117,2.23253,0.0149536,0.0250321,0.0250318,0,,
1710,1314,accepted,0,4.13656e-06,1.39434e-10,4.10597e-11,4.00954e-11,6.39371e-11,6.37222e-11,0,0,0,0.0160698,0.0831692,0.0565078,0.0266613,,
1711,1315,accepted,1,5.0868e-07,6.97171e-11,4.1051e-11,4.00629e-11,6.39219e-11,6.37222e-11,2.4594,0.135648,2.32146,0.0148913,0.0832891,0.055827,0.0274619,,
1712,1316,accepted,1,9.3751e-07,3.48585e-11,4.10409e-11,4.003e-11,6.39178e-11,6.37222e-11,2.36495,0.136919,2.22573,0.0151071,0.0837442,0.0577522,0.0259919,,
1713,1316,rejected,1,2.63773e-06,3.48585e-10,4.10409e-11,4.003e-11,6.39178e-11,6.37222e-11,2.36179,0.13689,2.22175,0.0170039,0.0299933,0.029993,0,,
1714,1317,accepted,0,2.63773e-06,1.74293e-10,4.10281e-11,4.0061e-11,6.39427e-11,6.37222e-11,0,0,0,0.0181665,0.0842177,0.0549789,0.0292387,,
1715,1318,accepted,1,3.25199e-07,8.71463e-11,4.10209e-11,4.00388e-11,6.39333e-11,6.37222e-11,2.35352,0.128805,2.22214,0.0142845,0.0828322,0.0531566,0.0296754,,
1716,1319,accepted,1,5.85369e-07,4.35732e-11,4.10095e-11,4.00132e-11,6.39296e-11,6.37222e-11,2.35668,0.135558,2.21846,0.0140306,0.0832075,0.0555949,0.0276125,,
1717,1319,rejected,1,1.67051e-06,4.35732e-10,4.10095e-11,4.00132e-11,6.39296e-11,6.37222e-11,2.34456,0.136979,2.20507,0.0154177,0.0265486,0.0265482,0,,
1718,1320,accepted,0,1.67051e-06,2.17866e-10,4.10028e-11,4.00341e-11,6.39474e-11,6.37222e-11,0,0,0,0.0134364,0.0830688,0.0562025,0.0268662,,
1719,1321,accepted,1,2.0806e-07,1.08933e-10,4.0997e-11,4.00188e-11,6.39416e-11,6.37222e-11,2.32547,0.139786,2.18317,0.0166071,0.0808305,0.0550195,0.0258109,,
1720,1322,accepted,1,3.66936e-07,5.44665e-11,4.09865e-11,3.99991e-11,6.39389e-11,6.37222e-11,2.36544,0.141371,2.22186,0.0145302,0.0826368,0.0581045,0.0245322,,
1721,1323,accepted,1,1.07498e-06,2.72332e-11,4.09854e-11,3.99503e-11,6.39299e-11,6.37222e-11,2.35153,0.133249,2.21483,0.0148911,0.0839636,0.0569177,0.0270459,,
1722,1323,rejected,1,4.37476e-06,2.72332e-10,4.09854e-11,3.99503e-11,6.39299e-11,6.37222e-11,2.48388,0.133006,2.34822,0.0156151,0.0281437,0.0281432,0,,
1723,1324,accepted,0,4.37476e-06,1.36166e-10,4.09568e-11,3.99951e-11,6.39627e-11,6.37222e-11,0,0,0,0.0181922,0.0816461,0.0570551,0.0245908,,
1724,1325,accepted,1,5.21181e-07,6.80831e-11,4.0948e-11,3.99621e-11,6.39472e-11,6.37222e-11,2.45614,0.134827,2.31885,0.0150905,0.0762388,0.0518363,0.0244024,,
1725,1326,accepted,1,9.47381e-07,3.40415e-11,4.09378e-11,3.99295e-11,6.39438e-11,6.37222e-11,2.33928,0.143703,2.19295,0.0150395,0.0806064,0.0532312,0.027375,,
1726,1326,rejected,1,2.64765e-06,3.40415e-10,4.09378e-11,3.99295e-11,6.39438e-11,6.37222e-11,2.28043,0.131229,2.14684,0.0126662,0.0265181,0.0265177,0,,
1727,1327,accepted,0,2.64765e-06,1.70208e-10,4.09246e-11,3.99598e-11,6.39681e-11,6.37222e-11,0,0,0,0.0144577,0.0794498,0.0544227,0.025027,,
1728,1328,accepted,1,3.20272e-07,8.51038e-11,4.09173e-11,3.99373e-11,6.39585e-11,6.37222e-11,2.3255,0.125628,2.19651,0.0161374,0.0772052,0.0527797,0.0244255,,
1729,1329,accepted,1,6.07138e-07,4.25519e-11,4.09058e-11,3.99109e-11,6.39547e-11,6.37222e-11,2.38733,0.137271,2.2468,0.0173516,0.0797311,0.0542461,0.0254849,,
1730,1329,rejected,1,1.74234e-06,4.25519e-10,4.09058e-11,3.99109e-11,6.39547e-11,6.37222e-11,2.38922,0.148108,2.23865,0.0163756,0.0274251,0.0274249,0,,
1731,1330,accepted,0,1.74234e-06,2.1276e-10,4.08988e-11,3.99326e-11,6.39732e-11,6.37222e-11,0,0,0,0.0160025,0.0822139,0.0540625,0.0281511,,
1732,1331,accepted,1,2.13525e-07,1.0638e-10,4.08929e-11,3.99168e-11,6.39673e-11,6.37222e-11,2.38866,0.134491,2.25122,0.0180213,0.0819054,0.0570235,0.0248818,,
1733,1332,accepted,1,3.87534e-07,5.31899e-11,4.08823e-11,3.98967e-11,6.39647e-11,6.37222e-11,2.3398,0.1366,2.20048,0.0158194,0.0843898,0.0576121,0.0267776,,
1734,1332,rejected,1,1.11892e-06,5.31899e-10,4.08823e-11,3.98967e-11,6.39647e-11,6.37222e-11,2.32575,0.129208,2.19349,0.0139899,0.0273575,0.0273572,0,,
1735,1333,accepted,0,1.11892e-06,2.65949e-10,4.08783e-11,3.9911e-11,6.39776e-11,6.37222e-11,0,0,0,0.0140921,0.0787575,0.0526385,0.0261189,,
1736,1334,accepted,1,1.37731e-07,1.32975e-10,4.08735e-11,3.99001e-11,6.39742e-11,6.37222e-11,2.32164,0.128208,2.19116,0.0132227,0.0800016,0.0533251,0.0266764,,
1737,1335,accepted,1,2.42814e-07,6.64874e-11,4.08645e-11,3.98847e-11,6.39724e-11,6.37222e-11,2.30216,0.131141,2.16825,0.0174562,0.0772093,0.0525215,0.0246877,,
1738,1336,accepted,1,7.29858e-07,3.32437e-11,4.08552e-11,3.98439e-11,6.39625e-11,6.37222e-11,2.31608,0.140033,2.17329,0.0151372,0.0763587,0.0512413,0.0251174,,
1739,1336,rejected,1,2.94796e-06,3.32437e-10,4.08552e-11,3.98439e-11,6.39625e-11,6.37222e-11,2.3751,0.132204,2.24033,0.0177679,0.0238474,0.0238472,0,,
1740,1337,accepted,0,2.94796e-06,1.66218e-10,4.08407e-11,3.98788e-11,6.39908e-11,6.37222e-11,0,0,0,0.0147455,0.0777946,0.0534315,0.024363,,
1741,1338,accepted,1,3.74177e-07,8.31092e-11,4.08333e-11,3.98544e-11,6.39799e-11,6.37222e-11,2.23121,0.13641,2.09211,0.0164517,0.0795569,0.0547172,0.0248396,,
1742,1339,accepted,1,6.58791e-07,4.15546e-11,4.08218e-11,3.98279e-11,6.39763e-11,6.37222e-11,2.2961,0.136708,2.15588,0.0149988,0.0825567,0.0560795,0.0264772,,
1743,1339,rejected,1,1.81312e-06,4.15546e-10,4.08218e-11,3.98279e-11,6.39763e-11,6.37222e-11,2.33282,0.135987,2.19321,0.01744,0.0266139,0.0266137,0,,
1744,1340,accepted,0,1.81312e-06,2.07773e-10,4.08145e-11,3.98503e-11,6.39956e-11,6.37222e-11,0,0,0,0.0172548,0.0779176,0.0525252,0.0253924,,
1745,1341,accepted,1,2.22918e-07,1.03887e-10,4.08084e-11,3.98339e-11,6.39894e-11,6.37222e-11,2.36008,0.134789,2.22322,0.014843,0.0746077,0.0512426,0.0233647,,
1746,1342,accepted,1,4.10327e-07,5.19433e-11,4.07977e-11,3.98133e-11,6.39867e-11,6.37222e-11,2.31436,0.137089,2.17449,0.0156414,0.076416,0.0500119,0.0264039,,
1747,1342,rejected,1,1.17083e-06,5.19433e-10,4.07977e-11,3.98133e-11,6.39867e-11,6.37222e-11,2.31562,0.125115,2.18831,0.0148374,0.025821,0.0258207,0,,
1748,1343,accepted,0,1.17083e-06,2.59716e-10,4.07935e-11,3.98284e-11,6.40002e-11,6.37222e-11,0,0,0,0.0166719,0.0770659,0.052009,0.0250568,,
1749,1344,accepted,1,1.45498e-07,1.29858e-10,4.07886e-11,3.98169e-11,6.39966e-11,6.37222e-11,2.21933,0.132256,2.08414,0.0156222,0.0770102,0.0529333,0.0240767,,
1750,1345,accepted,1,2.59192e-07,6.49291e-11,4.07794e-11,3.98012e-11,6.39948e-11,6.37222e-11,2.33653,0.129609,2.20456,0.0167655,0.077132,0.0509207,0.0262111,,
1751,1346,accepted,1,7.58333e-07,3.24645e-11,4.07705e-11,3.97593e-11,6.39848e-11,6.37222e-11,2.29259,0.134171,2.15587,0.0144987,0.0808348,0.0558681,0.0249667,,
1752,1346,rejected,1,3.07895e-06,3.24645e-10,4.07705e-11,3.97593e-11,6.39848e-11,6.37222e-11,2.4236,0.136022,2.28444,0.0185881,0.0276608,0.0276606,0,,
1753,1347,accepted,0,3.07895e-06,1.62323e-10,4.07552e-11,3.97956e-11,6.40144e-11,6.37222e-11,0,0,0,0.0152852,0.0811893,0.0539426,0.0272465,,
1754,1348,accepted,1,3.96e-07,8.11613e-11,4.07476e-11,3.977e-11,6.40027e-11,6.37222e-11,2.43003,0.138264,2.28792,0.0186326,0.0829402,0.0562696,0.0266705,,
1755,1349,accepted,1,7.09682e-07,4.05807e-11,4.0736e-11,3.97435e-11,6.39997e-11,6.37222e-11,2.40446,0.142496,2.25679,0.0131518,0.0760868,0.0499578,0.0261289,,
1756,1349,rejected,1,1.86421e-06,4.05807e-10,4.0736e-11,3.97435e-11,6.39997e-11,6.37222e-11,2.33785,0.132154,2.20297,0.0142567,0.0283977,0.0283974,0,,
1757,1350,accepted,0,1.86421e-06,2.02903e-10,4.07284e-11,3.97665e-11,6.40198e-11,6.37222e-11,0,0,0,0.0139849,0.0780433,0.0529542,0.025089,,
1758,1351,accepted,1,2.38156e-07,1.01452e-10,4.07222e-11,3.97491e-11,6.40126e-11,6.37222e-11,2.24292,0.126769,2.11341,0.0129612,0.0798736,0.0543487,0.0255247,,
1759,1352,accepted,1,4.5292e-07,5.07258e-11,4.07113e-11,3.97286e-11,6.40105e-11,6.37222e-11,2.31844,0.139901,2.17629,0.0136882,0.0787476,0.0521417,0.0266058,,
1760,1352,rejected,1,1.20182e-06,5.07258e-10,4.07113e-11,3.97286e-11,6.40105e-11,6.37222e-11,2.33107,0.136107,2.19256,0.0145066,0.0274527,0.0274525,0,,
1761,1353,accepted,0,1.20182e-06,2.53629e-10,4.0707e-11,3.97439e-11,6.40246e-11,6.37222e-11,0,0,0,0.0160246,0.0778934,0.0537274,0.0241659,,
1762,1354,accepted,1,1.49652e-07,1.26815e-10,4.0702e-11,3.97321e-11,6.40207e-11,6.37222e-11,2.32073,0.138874,2.17965,0.0138175,0.0802882,0.0552321,0.0250561,,
1763,1355,accepted,1,2.74015e-07,6.34073e-11,4.06927e-11,3.97161e-11,6.40191e-11,6.37222e-11,2.33091,0.135121,2.19199,0.0133926,0.0777939,0.0517215,0.0260723,,
1764,1356,accepted,1,7.8666e-07,3.17036e-11,4.06841e-11,3.96735e-11,6.40095e-11,6.37222e-11,2.32893,0.136664,2.18986,0.0133418,0.0712818,0.0478892,0.0233924,,
1765,1356,rejected,1,3.18808e-06,3.17036e-10,4.06841e-11,3.96735e-11,6.40095e-11,6.37222e-11,2.31127,0.132256,2.1765,0.0138923,0.0247553,0.024755,0,,
1766,1357,accepted,0,3.18808e-06,1.58518e-10,4.06679e-11,3.97105e-11,6.40393e-11,6.37222e-11,0,0,0,0.0129593,0.0793198,0.0539785,0.0253412,,
1767,1358,accepted,1,4.00431e-07,7.92591e-11,4.06602e-11,3.96854e-11,6.40285e-11,6.37222e-11,2.33012,0.137971,2.18991,0.0135992,0.0759237,0.0521911,0.0237326,,
1768,1359,accepted,1,6.584e-07,3.96296e-11,4.06486e-11,3.96566e-11,6.40242e-11,6.37222e-11,2.33559,0.133764,2.19799,0.0153459,0.0789735,0.0516586,0.0273149,,
1769,1359,rejected,1,1.9607e-06,3.96296e-10,4.06486e-11,3.96566e-11,6.40242e-11,6.37222e-11,2.2423,0.140592,2.09922,0.0140858,0.0280679,0.0280676,0,,
1770,1360,accepted,0,1.9607e-06,1.98148e-10,4.06406e-11,3.96806e-11,6.40445e-11,6.37222e-11,0,0,0,0.0126314,0.0755286,0.0532102,0.0223184,,
1771,1361,accepted,1,2.28168e-07,9.90739e-11,4.06343e-11,3.96634e-11,6.40385e-11,6.37222e-11,2.23269,0.132398,2.09779,0.0129186,0.0774545,0.0536805,0.0237739,,
1772,1362,accepted,1,4.38412e-07,4.95369e-11,4.06234e-11,3.96409e-11,6.40352e-11,6.37222e-11,2.21576,0.131548,2.08197,0.0155558,0.0757387,0.0516186,0.0241201,,
1773,1362,rejected,1,1.32102e-06,4.95369e-10,4.06234e-11,3.96409e-11,6.40352e-11,6.37222e-11,2.26037,0.130106,2.12801,0.0140819,0.0272694,0.0272692,0,,
1774,1363,accepted,0,1.32102e-06,2.47685e-10,4.06187e-11,3.96581e-11,6.40509e-11,6.37222e-11,0,0,0,0.014119,0.0781566,0.0515749,0.0265817,,
1775,1364,accepted,1,1.70288e-07,1.23842e-10,4.06136e-11,3.96461e-11,6.40471e-11,6.37222e-11,2.36485,0.140821,2.22135,0.0179407,0.0771724,0.052711,0.0244613,,
1776,1365,accepted,1,2.54897e-07,6.19212e-11,4.06041e-11,3.96297e-11,6.40457e-11,6.37222e-11,2.35343,0.13366,2.21752,0.0129535,0.0776195,0.0530195,0.0245999,,
1777,1366,accepted,1,7.89993e-07,3.09606e-11,4.05957e-11,3.95864e-11,6.40362e-11,6.37222e-11,2.30468,0.134633,2.16793,0.0137872,0.0785337,0.0536518,0.0248818,,
1778,1366,rejected,1,3.25014e-06,3.09606e-10,4.05957e-11,3.95864e-11,6.40362e-11,6.37222e-11,2.27377,0.134969,2.13593,0.0135152,0.025179,0.0251788,0,,
1779,1367,accepted,0,3.25014e-06,1.54803e-10,4.05789e-11,3.96233e-11,6.40661e-11,6.37222e-11,0,0,0,0.0144187,0.0730383,0.0488773,0.0241608,,
1780,1368,accepted,1,3.84829e-07,7.74015e-11,4.0571e-11,3.95978e-11,6.40556e-11,6.37222e-11,2.24032,0.135088,2.10298,0.0129187,0.0747157,0.0510917,0.0236239,,
1781,1369,accepted,1,6.90522e-07,3.87007e-11,4.05594e-11,3.9569e-11,6.4052e-11,6.37222e-11,2.37752,0.134252,2.24097,0.0164017,0.0779217,0.0515878,0.0263337,,
1782,1369,rejected,1,2.01168e-06,3.87007e-10,4.05594e-11,3.9569e-11,6.4052e-11,6.37222e-11,2.29558,0.130804,2.1624,0.0154761,0.0269827,0.0269825,0,,
1783,1370,accepted,0,2.01168e-06,1.93504e-10,4.0551e-11,3.95934e-11,6.40731e-11,6.37222e-11,0,0,0,0.0136538,0.0773434,0.0508694,0.0264739,,
1784,1371,accepted,1,2.46853e-07,9.67519e-11,4.05446e-11,3.95756e-11,6.40665e-11,6.37222e-11,2.40722,0.137545,2.26725,0.0134913,0.0787181,0.0517106,0.0270074,,
1785,1372,accepted,1,4.5124e-07,4.83759e-11,4.05335e-11,3.95535e-11,6.4064e-11,6.37222e-11,2.4368,0.134657,2.29693,0.0134279,0.0825595,0.055165,0.0273944,,
1786,1372,rejected,1,1.30447e-06,4.83759e-10,4.05335e-11,3.95535e-11,6.4064e-11,6.37222e-11,2.37219,0.136494,2.23346,0.0135657,0.026501,0.0265007,0,,
1787,1373,accepted,0,1.30447e-06,2.4188e-10,4.05287e-11,3.95701e-11,6.40796e-11,6.37222e-11,0,0,0,0.0146581,0.0755593,0.049827,0.0257322,,
1788,1374,accepted,1,1.69886e-07,1.2094e-10,4.05235e-11,3.95573e-11,6.4075e-11,6.37222e-11,2.28234,0.131674,2.14836,0.0165593,0.0795718,0.0519404,0.0276313,,
1789,1375,accepted,1,3.01386e-07,6.04699e-11,4.05139e-11,3.95408e-11,6.40739e-11,6.37222e-11,2.33112,0.132645,2.19499,0.0157112,0.0829716,0.0554526,0.027519,,
1790,1376,accepted,1,8.39411e-07,3.0235e-11,4.05059e-11,3.94972e-11,6.40657e-11,6.37222e-11,2.3911,0.143645,2.24505,0.0166209,0.0795302,0.0542418,0.0252883,,
1791,1376,rejected,1,3.35955e-06,3.0235e-10,4.05059e-11,3.94972e-11,6.40657e-11,6.37222e-11,2.34577,0.133262,2.21028,0.0137937,0.0288313,0.0288309,0,,
1792,1377,accepted,0,3.35955e-06,1.51175e-10,4.0488e-11,3.95346e-11,6.40961e-11,6.37222e-11,0,0,0,0.015513,0.0793557,0.0529958,0.0263598,,
1793,1378,accepted,1,3.86502e-07,7.55874e-11,4.04801e-11,3.95072e-11,6.40849e-11,6.37222e-11,2.37802,0.13415,2.23936,0.0144713,0.0809524,0.0524362,0.0285162,,
1794,1379,accepted,1,8.11619e-07,3.77937e-11,4.04684e-11,3.94801e-11,6.4083e-11,6.37222e-11,2.34885,0.140852,2.20393,0.0125781,0.0799641,0.0547378,0.0252263,,
1795,1379,rejected,1,2.03477e-06,3.77937e-10,4.04684e-11,3.94801e-11,6.4083e-11,6.37222e-11,2.31807,0.122739,2.19123,0.0131849,0.0262058,0.0262054,0,,
1796,1380,accepted,0,2.03477e-06,1.88968e-10,4.04596e-11,3.95039e-11,6.41036e-11,6.37222e-11,0,0,0,0.0125035,0.075498,0.048912,0.0265858,,
1797,1381,accepted,1,2.32267e-07,9.44842e-11,4.0453e-11,3.94868e-11,6.4098e-11,6.37222e-11,2.30871,0.133671,2.1724,0.0220581,0.082545,0.0549932,0.0275517,,
1798,1382,accepted,1,4.18316e-07,4.72421e-11,4.04418e-11,3.94639e-11,6.40957e-11,6.37222e-11,2.44519,0.133077,2.30757,0.0161047,0.08155,0.055435,0.0261148,,
1799,1382,rejected,1,1.31487e-06,4.72421e-10,4.04418e-11,3.94639e-11,6.40957e-11,6.37222e-11,2.44515,0.141243,2.29939,0.0154739,0.0305078,0.0305075,0,,
1800,1383,accepted,0,1.31487e-06,2.36211e-10,4.04369e-11,3.94803e-11,6.41102e-11,6.37222e-11,0,0,0,0.0142941,0.0854991,0.0566634,0.0288357,,
1801,1384,accepted,1,1.61996e-07,1.18105e-10,4.04316e-11,3.94678e-11,6.41071e-11,6.37222e-11,2.39219,0.136844,2.25296,0.0145089,0.0805952,0.0565445,0.0240505,,
1802,1385,accepted,1,2.85281e-07,5.90526e-11,4.04218e-11,3.94506e-11,6.41054e-11,6.37222e-11,2.27433,0.137063,2.13428,0.0130954,0.0766503,0.0510512,0.025599,,
1803,1386,accepted,1,8.60169e-07,2.95263e-11,4.04139e-11,3.94077e-11,6.40983e-11,6.37222e-11,2.26132,0.136456,2.12254,0.0148893,0.0730152,0.0488159,0.0241992,,
1804,1386,rejected,1,3.3715e-06,2.95263e-10,4.04139e-11,3.94077e-11,6.40983e-11,6.37222e-11,2.25542,0.138807,2.11374,0.0151554,0.0271764,0.0271762,0,,
1805,1387,accepted,0,3.3715e-06,1.47632e-10,4.03954e-11,3.94439e-11,6.41272e-11,6.37222e-11,0,0,0,0.0134951,0.0770005,0.0503515,0.0266488,,
1806,1388,accepted,1,3.71938e-07,7.38158e-11,4.03873e-11,3.94174e-11,6.41172e-11,6.37222e-11,2.31875,0.133236,2.18326,0.0138277,0.0752823,0.0509277,0.0243545,,
1807,1389,accepted,1,7.60044e-07,3.69079e-11,4.03757e-11,3.93885e-11,6.41154e-11,6.37222e-11,2.287,0.133435,2.15042,0.0159711,0.0763315,0.0519847,0.0243467,,
1808,1389,rejected,1,2.12366e-06,3.69079e-10,4.03757e-11,3.93885e-11,6.41154e-11,6.37222e-11,2.31832,0.135962,2.17922,0.0141766,0.0267747,0.0267744,0,,
1809,1390,accepted,0,2.12366e-06,1.8454e-10,4.03664e-11,3.94134e-11,6.41363e-11,6.37222e-11,0,0,0,0.0154858,0.0755342,0.0506196,0.0249145,,
1810,1391,accepted,1,2.63636e-07,9.22698e-11,4.03597e-11,3.93962e-11,6.41308e-11,6.37222e-11,2.26378,0.126745,2.13469,0.0155695,0.0797199,0.052574,0.0271458,,
1811,1392,accepted,1,3.87205e-07,4.61349e-11,4.03482e-11,3.93737e-11,6.41296e-11,6.37222e-11,2.31649,0.132682,2.18144,0.0132027,0.0747112,0.0497323,0.0249788,,
1812,1392,rejected,1,1.25274e-06,4.61349e-10,4.03482e-11,3.93737e-11,6.41296e-11,6.37222e-11,2.32672,0.137157,2.18663,0.0159489,0.0288754,0.0288748,0,,
1813,1393,accepted,0,1.25274e-06,2.30674e-10,4.03432e-11,3.93886e-11,6.41431e-11,6.37222e-11,0,0,0,0.01336,0.0767412,0.0509358,0.0258053,,
1814,1394,accepted,1,1.48376e-07,1.15337e-10,4.03378e-11,3.93765e-11,6.414e-11,6.37222e-11,2.27235,0.12602,2.14416,0.0130754,0.0779128,0.0536625,0.0242502,,
1815,1395,accepted,1,2.72653e-07,5.76686e-11,4.03278e-11,3.93593e-11,6.41395e-11,6.37222e-11,2.35136,0.138309,2.21066,0.0135699,0.0835131,0.0577716,0.0257414,,
1816,1396,accepted,1,8.35315e-07,2.88343e-11,4.03199e-11,3.93172e-11,6.41343e-11,6.37222e-11,2.4143,0.141289,2.26963,0.0191506,0.0733031,0.0494992,0.0238037,,
1817,1396,rejected,1,3.32399e-06,2.88343e-10,4.03199e-11,3.93172e-11,6.41343e-11,6.37222e-11,2.28063,0.127739,2.15058,0.0163412,0.0261201,0.0261198,0,,
1818,1397,accepted,0,3.32399e-06,1.44171e-10,4.03009e-11,3.9352e-11,6.41617e-11,6.37222e-11,0,0,0,0.0134896,0.0756916,0.0511387,0.0245528,,
1819,1398,accepted,1,3.96788e-07,7.20857e-11,4.02926e-11,3.93258e-11,6.41517e-11,6.37222e-11,2.22009,0.126635,2.09121,0.0136596,0.0746261,0.0517644,0.0228616,,
1820,1399,accepted,1,7.0917e-07,3.60429e-11,4.02806e-11,3.92964e-11,6.41507e-11,6.37222e-11,2.2963,0.144178,2.14952,0.0145667,0.0790322,0.0535646,0.0254674,,
1821,1399,rejected,1,2.07785e-06,3.60429e-10,4.02806e-11,3.92964e-11,6.41507e-11,6.37222e-11,2.42859,0.138944,2.28449,0.0133727,0.0281236,0.0281234,0,,
1822,1400,accepted,0,2.07785e-06,1.80214e-10,4.02713e-11,3.932e-11,6.41706e-11,6.37222e-11,0,0,0,0.0154765,0.0881393,0.0587461,0.029393,,
1823,1401,accepted,1,2.34008e-07,9.01072e-11,4.02645e-11,3.93022e-11,6.4165e-11,6.37222e-11,2.43692,0.136712,2.29761,0.0147795,0.078803,0.0532315,0.0255713,,
1824,1402,accepted,1,4.55874e-07,4.50536e-11,4.02528e-11,3.92796e-11,6.41644e-11,6.37222e-11,2.44479,0.137731,2.30347,0.0161437,0.0880563,0.0571688,0.0308873,,
1825,1402,rejected,1,1.31944e-06,4.50536e-10,4.02528e-11,3.92796e-11,6.41644e-11,6.37222e-11,2.35187,0.126005,2.22328,0.015615,0.0305155,0.0305153,0,,
1826,1403,accepted,0,1.31944e-06,2.25268e-10,4.02477e-11,3.92954e-11,6.41793e-11,6.37222e-11,0,0,0,0.0164996,0.081828,0.0515672,0.0302606,,
1827,1404,accepted,1,1.55216e-07,1.12634e-10,4.02422e-11,3.92827e-11,6.41758e-11,6.37222e-11,2.41945,0.137038,2.28014,0.0134374,0.0790799,0.0525207,0.026559,,
1828,1405,accepted,1,2.98151e-07,5.6317e-11,4.0232e-11,3.92661e-11,6.41765e-11,6.37222e-11,2.32548,0.14042,2.18275,0.014199,0.08278,0.0564411,0.0263389,,
1829,1406,accepted,1,8.26433e-07,2.81585e-11,4.02242e-11,3.92251e-11,6.41738e-11,6.37222e-11,2.40022,0.138689,2.25902,0.0143811,0.0839108,0.0558181,0.0280926,,
1830,1406,rejected,1,3.28386e-06,2.81585e-10,4.02242e-11,3.92251e-11,6.41738e-11,6.37222e-11,2.37727,0.140534,2.23424,0.0152328,0.0254951,0.0254949,0,,
1831,1407,accepted,0,3.28386e-06,1.40792e-10,4.02045e-11,3.92577e-11,6.41989e-11,6.37222e-11,0,0,0,0.0135971,0.0795518,0.0522835,0.0272678,,
1832,1408,accepted,1,3.96379e-07,7.03962e-11,4.0196e-11,3.9231e-11,6.41888e-11,6.37222e-11,2.3392,0.132284,2.20444,0.0129583,0.082102,0.0538696,0.0282324,,
1833,1409,accepted,1,7.45747e-07,3.51981e-11,4.0184e-11,3.92037e-11,6.41906e-11,6.37222e-11,2.34868,0.136959,2.2094,0.0146723,0.0777895,0.0529038,0.0248856,,
1834,1409,rejected,1,2.01322e-06,3.51981e-10,4.0184e-11,3.92037e-11,6.41906e-11,6.37222e-11,2.29482,0.134068,2.15891,0.0134065,0.0271641,0.0271637,0,,
1835,1410,accepted,0,2.01322e-06,1.75991e-10,4.01743e-11,3.92252e-11,6.42085e-11,6.37222e-11,0,0,0,0.0151664,0.076646,0.0514685,0.0251775,,
1836,1411,accepted,1,2.28411e-07,8.79953e-11,4.01674e-11,3.92075e-11,6.42036e-11,6.37222e-11,2.29262,0.131817,2.15852,0.0128017,0.0793132,0.0551688,0.0241444,,
1837,1412,accepted,1,4.45133e-07,4.39976e-11,4.01556e-11,3.91857e-11,6.4204e-11,6.37222e-11,2.28112,0.13271,2.14594,0.0133253,0.0765876,0.0511629,0.0254247,,
1838,1412,rejected,1,1.27686e-06,4.39976e-10,4.01556e-11,3.91857e-11,6.4204e-11,6.37222e-11,2.30401,0.134832,2.16469,0.0132197,0.0279304,0.0279301,0,,
1839,1413,accepted,0,1.27686e-06,2.19988e-10,4.01502e-11,3.92001e-11,6.42169e-11,6.37222e-11,0,0,0,0.014113,0.0792185,0.0537061,0.0255124,,
1840,1414,accepted,1,1.50022e-07,1.09994e-10,4.01446e-11,3.91877e-11,6.42144e-11,6.37222e-11,2.32172,0.135465,2.18385,0.0149149,0.0776631,0.051787,0.0258759,,
1841,1415,accepted,1,2.83786e-07,5.49971e-11,4.01343e-11,3.91709e-11,6.42153e-11,6.37222e-11,2.32094,0.13554,2.18291,0.0143558,0.0808153,0.0538676,0.0269476,,
1842,1416,accepted,1,8.231e-07,2.74985e-11,4.01264e-11,3.9132e-11,6.42159e-11,6.37222e-11,2.31633,0.135284,2.17866,0.0141445,0.0740549,0.0512041,0.0228507,,
1843,1416,rejected,1,3.18301e-06,2.74985e-10,4.01264e-11,3.9132e-11,6.42159e-11,6.37222e-11,2.33159,0.131828,2.19752,0.0165016,0.0266205,0.0266203,0,,
1844,1417,accepted,0,3.18301e-06,1.37493e-10,4.01062e-11,3.91613e-11,6.42379e-11,6.37222e-11,0,0,0,0.0162084,0.0801523,0.0547612,0.025391,,
1845,1418,accepted,1,3.68161e-07,6.87463e-11,4.00976e-11,3.91353e-11,6.42291e-11,6.37222e-11,2.32487,0.131793,2.18982,0.0171109,0.0836489,0.0574738,0.0261749,,
1846,1419,accepted,1,7.26422e-07,3.43732e-11,4.00853e-11,3.91092e-11,6.42325e-11,6.37222e-11,2.45795,0.149868,2.3053,0.0156531,0.0842265,0.0597609,0.0244654,,
1847,1419,rejected,1,1.9286e-06,3.43732e-10,4.00853e-11,3.91092e-11,6.42325e-11,6.37222e-11,2.58308,0.138514,2.44001,0.0139953,0.0290587,0.0290585,0,,
1848,1420,accepted,0,1.9286e-06,1.71866e-10,4.00754e-11,3.91283e-11,6.42486e-11,6.37222e-11,0,0,0,0.0130445,0.0803445,0.0545102,0.0258343,,
1849,1421,accepted,1,2.13134e-07,8.59329e-11,4.00684e-11,3.91109e-11,6.42441e-11,6.37222e-11,2.39975,0.131024,2.26639,0.0129358,0.0793314,0.053751,0.0255803,,
1850,1422,accepted,1,4.45407e-07,4.29665e-11,4.00563e-11,3.90898e-11,6.42463e-11,6.37222e-11,2.32742,0.149045,2.17596,0.0152491,0.0782303,0.0518933,0.0263369,,
1851,1422,rejected,1,1.23329e-06,4.29665e-10,4.00563e-11,3.90898e-11,6.42463e-11,6.37222e-11,2.36722,0.144455,2.2196,0.0210655,0.0270381,0.0270378,0,,
1852,1423,accepted,0,1.23329e-06,2.14832e-10,4.00509e-11,3.91031e-11,6.42585e-11,6.37222e-11,0,0,0,0.0123024,0.0782213,0.0528834,0.0253379,,
1853,1424,accepted,1,1.47313e-07,1.07416e-10,4.00452e-11,3.90907e-11,6.42561e-11,6.37222e-11,2.45287,0.133819,2.31597,0.0148253,0.0837538,0.0554695,0.0282842,,
1854,1425,accepted,1,2.77399e-07,5.37081e-11,4.00346e-11,3.90736e-11,6.42572e-11,6.37222e-11,2.43855,0.135776,2.30058,0.0142304,0.0827106,0.0586138,0.0240966,,
1855,1426,accepted,1,8.32537e-07,2.6854e-11,4.00264e-11,3.90378e-11,6.42621e-11,6.37222e-11,2.38722,0.145635,2.23887,0.014923,0.0865375,0.0591999,0.0273375,,
1856,1426,rejected,1,3.02324e-06,2.6854e-10,4.00264e-11,3.90378e-11,6.42621e-11,6.37222e-11,2.35006,0.132207,2.21547,0.0140209,0.0266751,0.0266748,0,,
1857,1427,accepted,0,3.02324e-06,1.3427e-10,4.0006e-11,3.90622e-11,6.42788e-11,6.37222e-11,0,0,0,0.0166883,0.0823743,0.052577,0.0297971,,
1858,1428,accepted,1,2.98389e-07,6.71351e-11,3.99973e-11,3.90367e-11,6.42701e-11,6.37222e-11,2.33175,0.133089,2.19624,0.0163173,0.0734929,0.0489188,0.024574,,
1859,1429,accepted,1,7.77233e-07,3.35675e-11,3.99843e-11,3.90154e-11,6.42797e-11,6.37222e-11,2.29458,0.133894,2.15843,0.0135848,0.0780211,0.0524782,0.0255427,,
1860,1429,rejected,1,1.68564e-06,3.35675e-10,3.99843e-11,3.90154e-11,6.42797e-11,6.37222e-11,2.31595,0.13708,2.17666,0.0136191,0.0271002,0.0271,0,,
1861,1430,accepted,0,1.68564e-06,1.67838e-10,3.99746e-11,3.90289e-11,6.42899e-11,6.37222e-11,0,0,0,0.0128882,0.079414,0.0537136,0.0257003,,
1862,1431,accepted,1,1.59308e-07,8.39189e-11,3.99674e-11,3.90127e-11,6.42871e-11,6.37222e-11,2.29547,0.136572,2.15653,0.0168439,0.0797818,0.0533889,0.0263928,,
1863,1432,accepted,1,4.30851e-07,4.19594e-11,3.9955e-11,3.89933e-11,6.42919e-11,6.37222e-11,2.26663,0.12655,2.13782,0.0163475,0.0783677,0.0522304,0.0261372,,
1864,1432,rejected,1,1.11705e-06,4.19594e-10,3.9955e-11,3.89933e-11,6.42919e-11,6.37222e-11,2.30051,0.135004,2.16314,0.0141477,0.0268525,0.0268523,0,,
1865,1433,accepted,0,1.11705e-06,2.09797e-10,3.99496e-11,3.90035e-11,6.43008e-11,6.37222e-11,0,0,0,0.0145461,0.0788215,0.0532754,0.0255461,,
1866,1434,accepted,1,1.09064e-07,1.04899e-10,3.99438e-11,3.89922e-11,6.42999e-11,6.37222e-11,2.38774,0.14237,2.24298,0.0143095,0.08438,0.0575535,0.0268264,,
1867,1435,accepted,1,2.51566e-07,5.24493e-11,3.9933e-11,3.89763e-11,6.43024e-11,6.37222e-11,2.41995,0.135488,2.28176,0.0191309,0.0785232,0.052844,0.0256791,,
1868,1436,accepted,1,7.32636e-07,2.62246e-11,3.99242e-11,3.89442e-11,6.43125e-11,6.37222e-11,2.42071,0.129492,2.28877,0.0152262,0.082779,0.0571451,0.0256339,,
1869,1436,rejected,1,2.73616e-06,2.62246e-10,3.99242e-11,3.89442e-11,6.43125e-11,6.37222e-11,2.30107,0.132899,2.16494,0.0132637,0.02713,0.0271298,0,,
1870,1437,accepted,0,2.73616e-06,1.31123e-10,3.99039e-11,3.89621e-11,6.43239e-11,6.37222e-11,0,0,0,0.0136074,0.0811703,0.0528666,0.0283037,,
1871,1438,accepted,1,2.87355e-07,6.55616e-11,3.9895e-11,3.89371e-11,6.43173e-11,6.37222e-11,2.24821,0.136397,2.10932,0.0130069,0.0799293,0.0547134,0.0252158,,
1872,1439,accepted,1,7.66999e-07,3.27808e-11,3.98816e-11,3.89204e-11,6.43322e-11,6.37222e-11,2.27505,0.132325,2.1405,0.0138058,0.079876,0.0539347,0.0259411,,
1873,1439,rejected,1,1.44623e-06,3.27808e-10,3.98816e-11,3.89204e-11,6.43322e-11,6.37222e-11,2.2545,0.137926,2.11387,0.0135172,0.0268513,0.026851,0,,
1874,1440,accepted,0,1.44623e-06,1.63904e-10,3.98719e-11,3.89272e-11,6.43366e-11,6.37222e-11,0,0,0,0.0138551,0.0735416,0.0489822,0.0245594,,
1875,1441,accepted,1,8.80635e-08,8.1952e-11,3.98646e-11,3.89122e-11,6.43351e-11,6.37222e-11,2.29293,0.129311,2.16114,0.0144149,0.0811465,0.0550891,0.0260573,,
1876,1442,accepted,1,4.43902e-07,4.0976e-11,3.98518e-11,3.88969e-11,6.43446e-11,6.37222e-11,2.39742,0.141331,2.25328,0.0156223,0.0876472,0.0578629,0.0297841,,
1877,1442,rejected,1,9.07164e-07,4.0976e-10,3.98518e-11,3.88969e-11,6.43446e-11,6.37222e-11,2.46842,0.135691,2.3295,0.016194,0.0293453,0.0293449,0,,
1878,1443,accepted,0,9.07164e-07,2.0488e-10,3.98464e-11,3.89014e-11,6.43485e-11,6.37222e-11,0,0,0,0.0147637,0.07907,0.0543947,0.0246753,,
1879,1444,accepted,1,4.38464e-08,1.0244e-10,3.98405e-11,3.88926e-11,6.435e-11,6.37222e-11,2.37818,0.138825,2.23617,0.0163297,0.0814544,0.0554213,0.026033,,
1880,1445,accepted,1,1.83324e-07,5.122e-11,3.98293e-11,3.88797e-11,6.43568e-11,6.37222e-11,2.37421,0.138021,2.23382,0.012822,0.0757146,0.0506749,0.0250395,,
1881,1446,accepted,1,5.083e-07,2.561e-11,3.98199e-11,3.88501e-11,6.43707e-11,6.37222e-11,2.26354,0.133111,2.12839,0.013182,0.0761501,0.0504341,0.025716,,
1882,1446,rejected,1,2.37725e-06,2.561e-10,3.98199e-11,3.88501e-11,6.43707e-11,6.37222e-11,2.30271,0.133496,2.16644,0.0179221,0.0258614,0.0258611,0,,
1883,1447,accepted,0,2.37725e-06,1.2805e-10,3.97998e-11,3.8859e-11,6.43735e-11,6.37222e-11,0,0,0,0.0137497,0.0841353,0.0563154,0.0278198,,
1884,1448,accepted,1,2.17655e-07,6.4025e-11,3.97906e-11,3.88389e-11,6.43722e-11,6.37222e-11,2.37359,0.138379,2.23275,0.0137777,0.0841453,0.0593826,0.0247626,,
1885,1449,accepted,1,5.4036e-07,3.20125e-11,3.97774e-11,3.88177e-11,6.43839e-11,6.37222e-11,2.38474,0.14615,2.2348,0.0131707,0.0803853,0.0529951,0.0273901,,
1886,1449,rejected,1,1.52306e-06,3.20125e-10,3.97774e-11,3.88177e-11,6.43839e-11,6.37222e-11,2.31752,0.135361,2.17948,0.0141252,0.0280066,0.0280064,0,,
1887,1450,accepted,0,1.52306e-06,1.60063e-10,3.97672e-11,3.88255e-11,6.43894e-11,6.37222e-11,0,0,0,0.0140289,0.0773655,0.0524342,0.0249313,,
1888,1451,accepted,1,1.22757e-07,8.00313e-11,3.97597e-11,3.88118e-11,6.43898e-11,6.37222e-11,2.359,0.143128,2.21319,0.0144125,0.0812833,0.0557046,0.0255787,,
1889,1452,accepted,1,3.20356e-07,4.00156e-11,3.97468e-11,3.87934e-11,6.43973e-11,6.37222e-11,2.33888,0.149332,2.18702,0.0159412,0.0836495,0.058932,0.0247174,,
1890,1452,rejected,1,9.68184e-07,4.00156e-10,3.97468e-11,3.87934e-11,6.43973e-11,6.37222e-11,2.43996,0.138558,2.29872,0.0189156,0.026077,0.0260767,0,,
1891,1453,accepted,0,9.68184e-07,2.00078e-10,3.97412e-11,3.87994e-11,6.44027e-11,6.37222e-11,0,0,0,0.0146502,0.0855578,0.0573394,0.0282182,,
1892,1454,accepted,1,8.30279e-08,1.00039e-10,3.97352e-11,3.87895e-11,6.44037e-11,6.37222e-11,2.33803,0.134948,2.2006,0.0141675,0.0787224,0.0531612,0.0255611,,
1893,1455,accepted,1,1.95762e-07,5.00195e-11,3.97239e-11,3.87752e-11,6.44097e-11,6.37222e-11,2.30818,0.136969,2.1682,0.0138767,0.077625,0.0525394,0.0250854,,
1894,1456,accepted,1,5.99249e-07,2.50098e-11,3.97144e-11,3.87528e-11,6.44318e-11,6.37222e-11,2.20849,0.133691,2.07208,0.0145561,0.0774386,0.0517261,0.0257123,,
1895,1456,rejected,1,2.2042e-06,2.50098e-10,3.97144e-11,3.87528e-11,6.44318e-11,6.37222e-11,2.28313,0.134257,2.14657,0.0145655,0.0272034,0.0272031,0,,
1896,1457,accepted,0,2.2042e-06,1.25049e-10,3.96937e-11,3.87541e-11,6.44273e-11,6.37222e-11,0,0,0,0.0132087,0.0783436,0.0514974,0.026846,,
1897,1458,accepted,1,1.51158e-07,6.25244e-11,3.96843e-11,3.87368e-11,6.4429e-11,6.37222e-11,2.30672,0.128329,2.17587,0.0170615,0.0738997,0.0481655,0.0257341,,
1898,1459,accepted,1,4.56327e-07,3.12622e-11,3.96708e-11,3.87189e-11,6.4445e-11,6.37222e-11,2.35795,0.134687,2.22093,0.0143331,0.0871499,0.060192,0.0269579,,
1899,1459,rejected,1,1.33706e-06,3.12622e-10,3.96708e-11,3.87189e-11,6.4445e-11,6.37222e-11,2.38242,0.142057,2.23787,0.0154731,0.028014,0.0280136,0,,
1900,1460,accepted,0,1.33706e-06,1.56311e-10,3.96605e-11,3.87204e-11,6.44443e-11,6.37222e-11,0,0,0,0.0152388,0.0803463,0.0549683,0.0253778,,
1901,1461,accepted,1,7.69485e-08,7.81555e-11,3.96529e-11,3.87086e-11,6.4447e-11,6.37222e-11,2.34478,0.132798,2.20966,0.0150325,0.0780906,0.0534532,0.0246374,,
1902,1462,accepted,1,2.65574e-07,3.90778e-11,3.96397e-11,3.86928e-11,6.44578e-11,6.37222e-11,2.31155,0.135481,2.17342,0.0136431,0.0762985,0.0509957,0.0253026,,
1903,1462,rejected,1,8.35081e-07,3.90778e-10,3.96397e-11,3.86928e-11,6.44578e-11,6.37222e-11,2.36159,0.131042,2.22834,0.0130223,0.0269634,0.0269631,0,,
1904,1463,accepted,0,8.35081e-07,1.95389e-10,3.9634e-11,3.86939e-11,6.44586e-11,6.37222e-11,0,0,0,0.0129865,0.0745636,0.0492768,0.0252867,,
1905,1464,accepted,1,4.62647e-08,9.76944e-11,3.96278e-11,3.86855e-11,6.44614e-11,6.37222e-11,2.23216,0.126532,2.10347,0.0135963,0.0731781,0.0492039,0.0239741,,
1906,1465,accepted,1,1.5794e-07,4.88472e-11,3.96164e-11,3.86724e-11,6.4469e-11,6.37222e-11,2.32028,0.136425,2.18154,0.0146331,0.080756,0.054379,0.026377,,
1907,1466,accepted,1,5.28602e-07,2.44236e-11,3.96064e-11,3.86581e-11,6.45004e-11,6.37222e-11,2.45374,0.135122,2.31628,0.0149893,0.0840506,0.0569188,0.0271317,,
1908,1466,rejected,1,1.93155e-06,2.44236e-10,3.96064e-11,3.86581e-11,6.45004e-11,6.37222e-11,2.44825,0.14013,2.30406,0.0157224,0.0308085,0.0308079,0,,
1909,1467,accepted,0,1.93155e-06,1.22118e-10,3.95856e-11,3.86467e-11,6.4484e-11,6.37222e-11,0,0,0,0.0156591,0.0810917,0.0547389,0.0263528,,
1910,1468,accepted,1,8.02615e-08,6.1059e-11,3.95761e-11,3.86331e-11,6.44896e-11,6.37222e-11,2.30315,0.132295,2.16825,0.015682,0.0813155,0.0550526,0.0262628,,
1911,1469,accepted,1,3.75758e-07,3.05295e-11,3.95622e-11,3.86197e-11,6.45111e-11,6.37222e-11,2.33412,0.131404,2.20083,0.0147362,0.0742557,0.0488378,0.0254178,,
1912,1469,rejected,1,1.2062e-06,3.05295e-10,3.95622e-11,3.86197e-11,6.45111e-11,6.37222e-11,2.37067,0.174684,2.19348,0.0144978,0.0319509,0.0319507,0,,
1913,1470,accepted,0,1.2062e-06,1.52648e-10,3.95518e-11,3.86131e-11,6.45029e-11,6.37222e-11,0,0,0,0.0182715,0.0825642,0.0558052,0.0267589,,
1914,1471,accepted,1,4.79417e-08,7.63238e-11,3.9544e-11,3.86034e-11,6.4508e-11,6.37222e-11,2.45446,0.134026,2.31753,0.0149724,0.0823108,0.056824,0.0254866,,
1915,1472,accepted,1,2.27099e-07,3.81619e-11,3.95306e-11,3.85907e-11,6.45227e-11,6.37222e-11,2.38709,0.136121,2.24846,0.0137031,0.0857606,0.0576926,0.0280678,,
1916,1472,rejected,1,7.62543e-07,3.81619e-10,3.95306e-11,3.85907e-11,6.45227e-11,6.37222e-11,2.45869,0.141486,2.31485,0.0164951,0.0261967,0.0261964,0,,
1917,1473,accepted,0,7.62543e-07,1.90809e-10,3.95248e-11,3.85867e-11,6.45188e-11,6.37222e-11,0,0,0,0.0167428,0.0803298,0.0548611,0.0254685,,
1918,1474,accepted,1,3.28237e-08,9.54047e-11,3.95186e-11,3.85795e-11,6.4523e-11,6.37222e-11,2.32428,0.132667,2.1889,0.0135759,0.0827477,0.0558384,0.0269092,,
1919,1475,accepted,1,1.37324e-07,4.77023e-11,3.95069e-11,3.85684e-11,6.45334e-11,6.37222e-11,2.28216,0.138928,2.14098,0.015139,0.0804472,0.0538694,0.0265777,,
1920,1476,accepted,1,4.8502e-07,2.38512e-11,3.9497e-11,3.85649e-11,6.45764e-11,6.37222e-11,2.32255,0.134613,2.18533,0.0127835,0.0799643,0.053924,0.0260402,,
1921,1476,rejected,1,1.94948e-06,2.38512e-10,3.9497e-11,3.85649e-11,6.45764e-11,6.37222e-11,2.42267,0.131612,2.28783,0.014413,0.0251012,0.0251009,0,,
1922,1477,accepted,0,1.94948e-06,1.19256e-10,3.94755e-11,3.85362e-11,6.45439e-11,6.37222e-11,0,0,0,0.0132273,0.08358,0.05757,0.0260099,,
1923,1478,accepted,1,1.60914e-07,5.96279e-11,3.94658e-11,3.85278e-11,6.45548e-11,6.37222e-11,2.47527,0.136532,2.33538,0.0144952,0.0814199,0.057635,0.0237848,,
1924,1479,accepted,1,3.28436e-07,2.9814e-11,3.94518e-11,3.85207e-11,6.45834e-11,6.37222e-11,2.35512,0.141714,2.21015,0.0162626,0.0763635,0.0512634,0.0251,,
1925,1479,rejected,1,1.26089e-06,2.9814e-10,3.94518e-11,3.85207e-11,6.45834e-11,6.37222e-11,2.3082,0.1333,2.17235,0.0140889,0.0304154,0.0304151,0,,
1926,1480,accepted,0,1.26089e-06,1.4907e-10,3.94412e-11,3.85032e-11,6.4565e-11,6.37222e-11,0,0,0,0.0149577,0.0738818,0.0490584,0.0248232,,
1927,1481,accepted,1,1.28829e-07,7.45349e-11,3.94332e-11,3.84976e-11,6.45742e-11,6.37222e-11,2.30363,0.133996,2.16716,0.013339,0.0830067,0.0565726,0.0264341,,
1928,1482,accepted,1,1.98558e-07,3.72675e-11,3.94197e-11,3.84852e-11,6.45903e-11,6.37222e-11,2.29829,0.136818,2.15788,0.0126019,0.0764981,0.0525241,0.023974,,
1929,1482,rejected,1,7.96896e-07,3.72675e-10,3.94197e-11,3.84852e-11,6.45903e-11,6.37222e-11,2.31391,0.128106,2.18342,0.016118,0.0246722,0.0246719,0,,
1930,1483,accepted,0,7.96896e-07,1.86337e-10,3.94137e-11,3.84777e-11,6.45831e-11,6.37222e-11,0,0,0,0.0130301,0.0778567,0.0533646,0.0244919,,
1931,1484,accepted,1,3.63083e-08,9.31686e-11,3.94073e-11,3.8473e-11,6.45899e-11,6.37222e-11,2.3233,0.128925,2.19035,0.0132412,0.0800093,0.0558463,0.0241629,,
1932,1485,accepted,1,1.45006e-07,4.65843e-11,3.93954e-11,3.84642e-11,6.46032e-11,6.37222e-11,2.30845,0.132723,2.17283,0.0160925,0.0802932,0.0545981,0.025695,,
1933,1486,accepted,1,5.59517e-07,2.32922e-11,3.93859e-11,3.847e-11,6.46567e-11,6.37222e-11,2.37794,0.132273,2.24331,0.0143795,0.0840906,0.0571152,0.0269753,,
1934,1486,rejected,1,2.34247e-06,2.32922e-10,3.93859e-11,3.847e-11,6.46567e-11,6.37222e-11,2.32052,0.13842,2.17906,0.0150438,0.0272293,0.0272291,0,,
1935,1487,accepted,0,2.34247e-06,1.16461e-10,3.93635e-11,3.8424e-11,6.46082e-11,6.37222e-11,0,0,0,0.0157653,0.0838522,0.0553688,0.0284833,,
1936,1488,accepted,1,3.06093e-07,5.82304e-11,3.93536e-11,3.84223e-11,6.46257e-11,6.37222e-11,2.32923,0.136527,2.18957,0.0130671,0.0816378,0.0556862,0.0259514,,
1937,1489,accepted,1,3.59265e-07,2.91152e-11,3.93396e-11,3.84189e-11,6.46593e-11,6.37222e-11,2.38989,0.139583,2.24728,0.0175642,0.0800154,0.0533491,0.0266662,,
1938,1489,rejected,1,1.52659e-06,2.91152e-10,3.93396e-11,3.84189e-11,6.46593e-11,6.37222e-11,2.48764,0.134244,2.34973,0.0139251,0.0285665,0.0285663,0,,
1939,1490,accepted,0,1.52659e-06,1.45576e-10,3.93285e-11,3.83917e-11,6.4632e-11,6.37222e-11,0,0,0,0.0145152,0.0853087,0.0586319,0.0266765,,
1940,1491,accepted,1,1.89798e-07,7.2788e-11,3.93204e-11,3.83896e-11,6.46449e-11,6.37222e-11,2.38809,0.135096,2.25036,0.0137924,0.0787561,0.0527091,0.026047,,
1941,1492,accepted,1,2.65151e-07,3.6394e-11,3.93067e-11,3.8383e-11,6.46676e-11,6.37222e-11,2.29265,0.128563,2.16168,0.0145141,0.0795778,0.0535244,0.0260534,,
1942,1492,rejected,1,1.02168e-06,3.6394e-10,3.93067e-11,3.8383e-11,6.46676e-11,6.37222e-11,2.28391,0.126753,2.15473,0.0146397,0.0268147,0.0268144,0,,
1943,1493,accepted,0,1.02168e-06,1.8197e-10,3.93005e-11,3.83654e-11,6.46509e-11,6.37222e-11,0,0,0,0.0152582,0.0821002,0.0539812,0.0281188,,
1944,1494,accepted,1,1.28374e-07,9.0985e-11,3.9294e-11,3.83632e-11,6.46605e-11,6.37222e-11,2.44563,0.132789,2.31043,0.0120323,0.0803833,0.0555849,0.0247983,,
1945,1495,accepted,1,1.80547e-07,4.54925e-11,3.9282e-11,3.83561e-11,6.46764e-11,6.37222e-11,2.4216,0.141134,2.27761,0.0143472,0.0821874,0.0558333,0.0263539,,
1946,1496,accepted,1,6.7904e-07,2.27463e-11,3.9274e-11,3.83755e-11,6.47445e-11,6.37222e-11,2.38019,0.136964,2.24073,0.0136343,0.0784189,0.05229,0.0261289,,
1947,1496,rejected,1,3.0703e-06,2.27463e-10,3.9274e-11,3.83755e-11,6.47445e-11,6.37222e-11,2.35823,0.13558,2.22033,0.0159498,0.0262617,0.0262614,0,,
1948,1497,accepted,0,3.0703e-06,1.13731e-10,3.92495e-11,3.83098e-11,6.46774e-11,6.37222e-11,0,0,0,0.0143421,0.0730559,0.0483258,0.02473,,
1949,1498,accepted,1,4.60811e-07,5.68656e-11,3.92394e-11,3.83147e-11,6.47015e-11,6.37222e-11,2.24792,0.144539,2.10114,0.0136591,0.076958,0.0515923,0.0253655,,
1950,1499,accepted,1,5.48861e-07,2.84328e-11,3.92259e-11,3.83178e-11,6.47427e-11,6.37222e-11,2.21924,0.128353,2.08824,0.0163091,0.074936,0.0515555,0.0233803,,
1951,1499,rejected,1,2.03614e-06,2.84328e-10,3.92259e-11,3.83178e-11,6.47427e-11,6.37222e-11,2.35861,0.136398,2.21967,0.0191252,0.0248855,0.024885,0,,
1952,1500,accepted,0,2.03614e-06,1.42164e-10,3.92139e-11,3.82778e-11,6.47036e-11,6.37222e-11,0,0,0,0.0167083,0.0727011,0.046869,0.025832,,
1953,1501,accepted,1,2.93999e-07,7.1082e-11,3.92056e-11,3.82797e-11,6.47203e-11,6.37222e-11,2.40873,0.137227,2.26761,0.0146394,0.0831896,0.0542295,0.0289599,,
1954,1502,accepted,1,3.72311e-07,3.5541e-11,3.9192e-11,3.82779e-11,6.47485e-11,6.37222e-11,2.36069,0.133507,2.2233,0.0136749,0.0808724,0.0540631,0.0268092,,
1955,1502,rejected,1,1.38326e-06,3.5541e-10,3.9192e-11,3.82779e-11,6.47485e-11,6.37222e-11,2.32478,0.136204,2.18617,0.0134434,0.0281966,0.0281963,0,,
1956,1503,accepted,0,1.38326e-06,1.77705e-10,3.91854e-11,3.82517e-11,6.47243e-11,6.37222e-11,0,0,0,0.0155984,0.0806564,0.0536391,0.0270172,,
1957,1504,accepted,1,1.93919e-07,8.88525e-11,3.91788e-11,3.8252e-11,6.47361e-11,6.37222e-11,2.30784,0.134603,2.17095,0.0141482,0.0809782,0.0548384,0.0261397,,
1958,1505,accepted,1,2.51416e-07,4.44263e-11,3.91667e-11,3.8248e-11,6.47558e-11,6.37222e-11,2.30522,0.131901,2.1706,0.0135364,0.0768497,0.0515672,0.0252823,,
1959,1506,accepted,1,9.21761e-07,2.22131e-11,3.91615e-11,3.8284e-11,6.48412e-11,6.37222e-11,2.30019,0.14268,2.15537,0.0139443,0.078289,0.0538141,0.0244749,,
1960,1506,rejected,1,4.17433e-06,2.22131e-10,3.91615e-11,3.8284e-11,6.48412e-11,6.37222e-11,2.32464,0.131582,2.19077,0.0175525,0.0234633,0.0234631,0,,
1961,1507,accepted,0,4.17433e-06,1.11066e-10,3.91337e-11,3.81919e-11,6.47491e-11,6.37222e-11,0,0,0,0.0159035,0.0776542,0.052522,0.0251322,,
1962,1508,accepted,1,7.25122e-07,5.55328e-11,3.91234e-11,3.82065e-11,6.47823e-11,6.37222e-11,2.23402,0.127481,2.10416,0.0154395,0.0762664,0.0508366,0.0254297,,
1963,1509,accepted,1,8.4066e-07,2.77664e-11,3.91109e-11,3.82171e-11,6.48325e-11,6.37222e-11,2.29575,0.134245,2.15921,0.0166037,0.0750838,0.0510306,0.0240531,,
1964,1509,rejected,1,2.73821e-06,2.77664e-10,3.91109e-11,3.82171e-11,6.48325e-11,6.37222e-11,2.35665,0.14327,2.21065,0.0131304,0.0272614,0.0272611,0,,
1965,1510,accepted,0,2.73821e-06,1.38832e-10,3.90973e-11,3.81613e-11,6.47784e-11,6.37222e-11,0,0,0,0.0130222,0.0780492,0.054981,0.0230681,,
1966,1511,accepted,1,4.42779e-07,6.9416e-11,3.90889e-11,3.81688e-11,6.48004e-11,6.37222e-11,2.24859,0.137397,2.10827,0.0145756,0.0749273,0.0515895,0.0233377,,
1967,1512,accepted,1,5.54577e-07,3.4708e-11,3.90756e-11,3.81717e-11,6.48347e-11,6.37222e-11,2.30787,0.130983,2.17447,0.013963,0.0814735,0.0551099,0.0263635,,
1968,1512,rejected,1,1.83777e-06,3.4708e-10,3.90756e-11,3.81717e-11,6.48347e-11,6.37222e-11,2.4174,0.142984,2.27184,0.0178848,0.0271421,0.0271419,0,,
1969,1513,accepted,0,1.83777e-06,1.7354e-10,3.90683e-11,3.81358e-11,6.48011e-11,6.37222e-11,0,0,0,0.0160514,0.0793013,0.0524493,0.026852,,
1970,1514,accepted,1,2.84173e-07,8.67701e-11,3.90616e-11,3.81396e-11,6.48165e-11,6.37222e-11,2.4612,0.144492,2.3139,0.0160019,0.0804621,0.0560282,0.0244338,,
1971,1515,accepted,1,3.74742e-07,4.3385e-11,3.90495e-11,3.81386e-11,6.484e-11,6.37222e-11,2.22047,0.132087,2.08606,0.012335,0.0799407,0.0537616,0.0261789,,
1972,1516,accepted,1,1.22628e-06,2.16925e-11,3.90483e-11,3.81922e-11,6.49433e-11,6.37222e-11,2.29887,0.128573,2.16809,0.0130884,0.0734999,0.0502658,0.023234,,
1973,1516,rejected,1,5.4068e-06,2.16925e-10,3.90483e-11,3.81922e-11,6.49433e-11,6.37222e-11,2.25336,0.13326,2.11794,0.0123302,0.0255192,0.0255189,0,,
1974,1517,accepted,0,5.4068e-06,1.08463e-10,3.9016e-11,3.80727e-11,6.4826e-11,6.37222e-11,0,0,0,0.014112,0.0812518,0.0550669,0.0261848,,
1975,1518,accepted,1,9.51114e-07,5.42313e-11,3.90055e-11,3.80957e-11,6.48692e-11,6.37222e-11,2.36421,0.13642,2.22481,0.0144805,0.0853087,0.0565715,0.0287371,,
1976,1519,accepted,1,1.12294e-06,2.71156e-11,3.89949e-11,3.81179e-11,6.49318e-11,6.37222e-11,2.3253,0.141021,2.1819,0.0166484,0.0774029,0.0515805,0.0258223,,
1977,1519,rejected,1,3.67714e-06,2.71156e-10,3.89949e-11,3.81179e-11,6.49318e-11,6.37222e-11,2.36629,0.134329,2.22667,0.0133412,0.0279744,0.0279741,0,,
1978,1520,accepted,0,3.67714e-06,1.35578e-10,3.89789e-11,3.80425e-11,6.48598e-11,6.37222e-11,0,0,0,0.013682,0.0795893,0.0539791,0.0256101,,
1979,1521,accepted,1,6.13401e-07,6.77891e-11,3.89704e-11,3.80568e-11,6.48896e-11,6.37222e-11,2.3833,0.13239,2.2477,0.0162288,0.0779468,0.0538986,0.0240481,,
1980,1522,accepted,1,7.97615e-07,3.38946e-11,3.89578e-11,3.80662e-11,6.49311e-11,6.37222e-11,2.44557,0.136686,2.30634,0.0156134,0.0750847,0.0500622,0.0250223,,
1981,1522,rejected,1,2.47548e-06,3.38946e-10,3.89578e-11,3.80662e-11,6.49311e-11,6.37222e-11,2.25999,0.134824,2.12276,0.0146391,0.0271838,0.0271835,0,,
1982,1523,accepted,0,2.47548e-06,1.69473e-10,3.89493e-11,3.80174e-11,6.48859e-11,6.37222e-11,0,0,0,0.0128876,0.0770094,0.051131,0.0258784,,
1983,1524,accepted,1,4.04657e-07,8.47364e-11,3.89425e-11,3.80259e-11,6.49064e-11,6.37222e-11,2.32167,0.146025,2.17346,0.0149811,0.0765066,0.0533265,0.0231799,,
1984,1525,accepted,1,5.42994e-07,4.23682e-11,3.89307e-11,3.8029e-11,6.49349e-11,6.37222e-11,2.34358,0.135771,2.20476,0.0142081,0.0763345,0.0511117,0.0252227,,
1985,1525,rejected,1,1.66582e-06,4.23682e-10,3.89307e-11,3.8029e-11,6.49349e-11,6.37222e-11,2.24515,0.134917,2.1078,0.0124331,0.0253733,0.0253731,0,,
1986,1526,accepted,0,1.66582e-06,2.11841e-10,3.89258e-11,3.79969e-11,6.49061e-11,6.37222e-11,0,0,0,0.0139475,0.0745421,0.0513175,0.0232244,,
1987,1527,accepted,1,2.61082e-07,1.0592e-10,3.89203e-11,3.80014e-11,6.49202e-11,6.37222e-11,2.19158,0.128236,2.06027,0.0139256,0.0749404,0.0514086,0.0235318,,
1988,1528,accepted,1,3.52971e-07,5.29602e-11,3.89101e-11,3.80012e-11,6.494e-11,6.37222e-11,2.22443,0.138696,2.08279,0.0152828,0.0735244,0.0489418,0.0245825,,
1989,1529,accepted,1,1.0917e-06,2.64801e-11,3.89022e-11,3.80407e-11,6.50198e-11,6.37222e-11,2.25054,0.143484,2.10473,0.0157603,0.075646,0.0512315,0.0244144,,
1990,1529,rejected,1,4.58918e-06,2.64801e-10,3.89022e-11,3.80407e-11,6.50198e-11,6.37222e-11,2.37282,0.136547,2.23311,0.0135801,0.0286315,0.0286312,0,,
1991,1530,accepted,0,4.58918e-06,1.32401e-10,3.88831e-11,3.79447e-11,6.49266e-11,6.37222e-11,0,0,0,0.0142484,0.0801605,0.0563475,0.0238129,,
1992,1531,accepted,1,8.71682e-07,6.62003e-11,3.88744e-11,3.79659e-11,6.49627e-11,6.37222e-11,2.35739,0.135014,2.22007,0.0146088,0.0786895,0.0539631,0.0247262,,
1993,1532,accepted,1,9.72721e-07,3.31002e-11,3.88619e-11,3.79758e-11,6.50049e-11,6.37222e-11,2.27808,0.139135,2.13676,0.0135261,0.0751971,0.0508616,0.0243354,,
1994,1532,rejected,1,2.70187e-06,3.31002e-10,3.88619e-11,3.79758e-11,6.50049e-11,6.37222e-11,2.26652,0.137252,2.12692,0.0133335,0.026708,0.0267078,0,,
1995,1533,accepted,0,2.70187e-06,1.65501e-10,3.88528e-11,3.79231e-11,6.49561e-11,6.37222e-11,0,0,0,0.0146614,0.0782029,0.0522134,0.0259894,,
1996,1534,accepted,1,4.10909e-07,8.27504e-11,3.88459e-11,3.79327e-11,6.49783e-11,6.37222e-11,2.23505,0.134261,2.09697,0.0129676,0.0699742,0.0467421,0.023232,,
1997,1535,accepted,1,6.12804e-07,4.13752e-11,3.88342e-11,3.79392e-11,6.50108e-11,6.37222e-11,2.24568,0.129248,2.11412,0.012988,0.0713834,0.0484322,0.0229512,,
1998,1535,rejected,1,1.95309e-06,4.13752e-10,3.88342e-11,3.79392e-11,6.50108e-11,6.37222e-11,2.32283,0.131816,2.18884,0.0140131,0.0283964,0.0283962,0,,
1999,1536,accepted,0,1.95309e-06,2.06876e-10,3.88289e-11,3.79016e-11,6.49773e-11,6.37222e-11,0,0,0,0.0132918,0.0801798,0.0522769,0.0279028,,
2000,1537,accepted,1,3.02264e-07,1.03438e-10,3.88233e-11,3.79076e-11,6.49927e-11,6.37222e-11,2.40405,0.151379,2.25031,0.0141059,0.0805775,0.0553063,0.0252712,,
2001,1538,accepted,1,4.08167e-07,5.1719e-11,3.88131e-11,3.79103e-11,6.50163e-11,6.37222e-11,2.38261,0.13777,2.24164,0.0152612,0.0826836,0.055216,0.0274674,,
2002,1539,accepted,1,1.33965e-06,2.58595e-11,3.88086e-11,3.79627e-11,6.511e-11,6.37222e-11,2.32671,0.14186,2.18233,0.0138371,0.0759706,0.0527044,0.0232661,,
2003,1539,rejected,1,5.54495e-06,2.58595e-10,3.88086e-11,3.79627e-11,6.511e-11,6.37222e-11,2.32515,0.135823,2.18697,0.0139711,0.0275099,0.0275097,0,,
2004,1540,accepted,0,5.54495e-06,1.29297e-10,3.87855e-11,3.78475e-11,6.50011e-11,6.37222e-11,0,0,0,0.0143151,0.0746902,0.0493706,0.0253196,,
2005,1541,accepted,1,9.62085e-07,6.46487e-11,3.87768e-11,3.78734e-11,6.50412e-11,6.37222e-11,2.25573,0.133535,2.12007,0.0132891,0.0798025,0.0566437,0.0231586,,
2006,1542,accepted,1,1.16234e-06,3.23244e-11,3.87661e-11,3.7896e-11,6.50972e-11,6.37222e-11,2.31286,0.140233,2.17015,0.0126639,0.0763959,0.053325,0.0230708,,
2007,1542,rejected,1,3.64289e-06,3.23244e-10,3.87661e-11,3.7896e-11,6.50972e-11,6.37222e-11,2.33209,0.143721,2.18617,0.0131015,0.0273665,0.0273663,0,,
2008,1543,accepted,0,3.64289e-06,1.61622e-10,3.87548e-11,3.78247e-11,6.50314e-11,6.37222e-11,0,0,0,0.0163033,0.0767907,0.0528301,0.0239604,,
2009,1544,accepted,1,5.50195e-07,8.08109e-11,3.87477e-11,3.78387e-11,6.50573e-11,6.37222e-11,2.28611,0.133059,2.15055,0.017411,0.0818385,0.0562164,0.025622,,
2010,1545,accepted,1,7.31505e-07,4.04055e-11,3.87364e-11,3.78491e-11,6.50939e-11,6.37222e-11,2.32001,0.133093,2.1845,0.0134669,0.0782768,0.0526984,0.0255782,,
2011,1545,rejected,1,2.32741e-06,4.04055e-10,3.87364e-11,3.78491e-11,6.50939e-11,6.37222e-11,2.36139,0.136611,2.2223,0.0143719,0.0292862,0.0292859,0,,
2012,1546,accepted,0,2.32741e-06,2.02027e-10,3.87303e-11,3.78044e-11,6.50537e-11,6.37222e-11,0,0,0,0.0164697,0.0799758,0.0545785,0.0253972,,
2013,1547,accepted,1,3.61256e-07,1.01014e-10,3.87246e-11,3.7813e-11,6.5072e-11,6.37222e-11,2.34427,0.139534,2.20213,0.0139289,0.0833524,0.0559091,0.0274431,,
2014,1548,accepted,1,5.15478e-07,5.05068e-11,3.87145e-11,3.78182e-11,6.50981e-11,6.37222e-11,2.38983,0.132821,2.25425,0.0138461,0.0820805,0.0546774,0.027403,,
2015,1548,rejected,1,1.61927e-06,5.05068e-10,3.87145e-11,3.78182e-11,6.50981e-11,6.37222e-11,2.4003,0.139301,2.25835,0.0134291,0.0273386,0.0273383,0,,
2016,1549,accepted,0,1.61927e-06,2.52534e-10,3.87108e-11,3.77874e-11,6.50714e-11,6.37222e-11,0,0,0,0.0142333,0.0745128,0.0514726,0.0230402,,
2017,1550,accepted,1,2.49119e-07,1.26267e-10,3.87063e-11,3.77925e-11,6.50842e-11,6.37222e-11,2.27754,0.13382,2.14126,0.0130113,0.0777964,0.0530985,0.0246978,,
2018,1551,accepted,1,3.43872e-07,6.31335e-11,3.86977e-11,3.77939e-11,6.51026e-11,6.37222e-11,2.22678,0.123804,2.09848,0.0137222,0.0721771,0.0480874,0.0240897,,
2019,1552,accepted,1,1.05671e-06,3.15668e-11,3.86894e-11,3.78322e-11,6.51741e-11,6.37222e-11,2.25548,0.123419,2.12985,0.0141991,0.0777044,0.0521009,0.0256035,,
2020,1552,rejected,1,4.42896e-06,3.15668e-10,3.86894e-11,3.78322e-11,6.51741e-11,6.37222e-11,2.25478,0.141755,2.11067,0.0169408,0.0265397,0.0265393,0,,
2021,1553,accepted,0,4.42896e-06,1.57834e-10,3.86755e-11,3.77439e-11,6.5092e-11,6.37222e-11,0,0,0,0.0128356,0.0731305,0.0499907,0.0231396,,
2022,1554,accepted,1,7.59123e-07,7.89169e-11,3.86683e-11,3.77646e-11,6.51243e-11,6.37222e-11,2.37407,0.142811,2.22851,0.0150327,0.0789307,0.0523102,0.0266204,,
2023,1555,accepted,1,9.55386e-07,3.94585e-11,3.86576e-11,3.77792e-11,6.51661e-11,6.37222e-11,2.29354,0.133852,2.15639,0.0139713,0.0748528,0.0502819,0.0245707,,
2024,1555,rejected,1,2.8265e-06,3.94585e-10,3.86576e-11,3.77792e-11,6.51661e-11,6.37222e-11,2.35383,0.12881,2.22271,0.0136026,0.0250378,0.0250375,0,,
2025,1556,accepted,0,2.8265e-06,1.97292e-10,3.86505e-11,3.7725e-11,6.51171e-11,6.37222e-11,0,0,0,0.0137943,0.0761514,0.05217,0.0239811,,
2026,1557,accepted,1,4.47442e-07,9.86461e-11,3.86447e-11,3.77364e-11,6.5138e-11,6.37222e-11,2.35232,0.130627,2.21931,0.0146838,0.0773292,0.0522913,0.0250377,,
2027,1558,accepted,1,6.07423e-07,4.93231e-11,3.86347e-11,3.77438e-11,6.51669e-11,6.37222e-11,2.26827,0.141932,2.12347,0.012755,0.0725742,0.0468701,0.0257039,,
2028,1558,rejected,1,1.86276e-06,4.93231e-10,3.86347e-11,3.77438e-11,6.51669e-11,6.37222e-11,2.25988,0.130082,2.12749,0.0149614,0.0272616,0.0272614,0,,
2029,1559,accepted,0,1.86276e-06,2.46615e-10,3.86306e-11,3.77085e-11,6.51359e-11,6.37222e-11,0,0,0,0.0133798,0.0782356,0.0536565,0.0245789,,
2030,1560,accepted,1,2.83093e-07,1.23308e-10,3.8626e-11,3.77149e-11,6.51502e-11,6.37222e-11,2.28147,0.127212,2.15208,0.0184168,0.0756666,0.0513895,0.024277,,
2031,1561,accepted,1,3.8976e-07,6.16538e-11,3.86173e-11,3.77178e-11,6.51702e-11,6.37222e-11,2.35946,0.132524,2.22425,0.0201318,0.0794652,0.0537836,0.0256814,,
2032,1562,accepted,1,1.21324e-06,3.08269e-11,3.86113e-11,3.77656e-11,6.52517e-11,6.37222e-11,2.40634,0.142222,2.2608,0.0139323,0.0805907,0.0554791,0.0251115,,
2033,1562,rejected,1,5.12831e-06,3.08269e-10,3.86113e-11,3.77656e-11,6.52517e-11,6.37222e-11,2.31078,0.1369,2.17156,0.015094,0.0278338,0.0278333,0,,
2034,1563,accepted,0,5.12831e-06,1.54135e-10,3.85947e-11,3.76627e-11,6.5156e-11,6.37222e-11,0,0,0,0.0132764,0.0768467,0.0512605,0.025586,,
2035,1564,accepted,1,8.85315e-07,7.70673e-11,3.85874e-11,3.76878e-11,6.51929e-11,6.37222e-11,2.30348,0.13059,2.17052,0.0156623,0.0757584,0.052215,0.0235432,,
2036,1565,accepted,1,1.09867e-06,3.85336e-11,3.85773e-11,3.77063e-11,6.52389e-11,6.37222e-11,2.29219,0.136867,2.15264,0.0124423,0.0790767,0.0526606,0.026416,,
2037,1565,rejected,1,3.21283e-06,3.85336e-10,3.85773e-11,3.77063e-11,6.52389e-11,6.37222e-11,2.38833,0.141761,2.24396,0.0156276,0.030219,0.0302188,0,,
2038,1566,accepted,0,3.21283e-06,1.92668e-10,3.85692e-11,3.76444e-11,6.51829e-11,6.37222e-11,0,0,0,0.0158286,0.0878839,0.0606764,0.0272074,,
2039,1567,accepted,1,5.14922e-07,9.63341e-11,3.85633e-11,3.76586e-11,6.52067e-11,6.37222e-11,2.37784,0.141124,2.23391,0.0171541,0.077803,0.0518836,0.0259192,,
2040,1568,accepted,1,7.14455e-07,4.81671e-11,3.85535e-11,3.76683e-11,6.52382e-11,6.37222e-11,2.39493,0.13802,2.25468,0.0144937,0.0817545,0.0565111,0.0252432,,
2041,1568,rejected,1,2.13252e-06,4.81671e-10,3.85535e-11,3.76683e-11,6.52382e-11,6.37222e-11,2.34877,0.131187,2.21439,0.0167357,0.0272933,0.0272931,0,,
2042,1569,accepted,0,2.13252e-06,2.40835e-10,3.85489e-11,3.7628e-11,6.52026e-11,6.37222e-11,0,0,0,0.0135535,0.0811567,0.0546235,0.026533,,
2043,1570,accepted,1,3.31306e-07,1.20418e-10,3.85442e-11,3.76362e-11,6.52188e-11,6.37222e-11,2.32189,0.130964,2.18712,0.0126726,0.0745514,0.049453,0.0250984,,
2044,1571,accepted,1,4.63623e-07,6.02088e-11,3.85356e-11,3.76406e-11,6.52404e-11,6.37222e-11,2.30282,0.132146,2.16844,0.0165102,0.0770482,0.0518356,0.0252125,,
2045,1572,accepted,1,1.39559e-06,3.01044e-11,3.85323e-11,3.76981e-11,6.53322e-11,6.37222e-11,2.38247,0.139331,2.24081,0.0128632,0.0810773,0.0548806,0.0261966,,
2046,1572,rejected,1,5.84814e-06,3.01044e-10,3.85323e-11,3.76981e-11,6.53322e-11,6.37222e-11,2.36481,0.141199,2.2212,0.0135015,0.0270999,0.0270996,0,,
2047,1573,accepted,0,5.84814e-06,1.50522e-10,3.85125e-11,3.75798e-11,6.52223e-11,6.37222e-11,0,0,0,0.0159742,0.0875532,0.0582518,0.0293013,,
2048,1574,accepted,1,1.03715e-06,7.5261e-11,3.85051e-11,3.76103e-11,6.52643e-11,6.37222e-11,2.38009,0.140555,2.23552,0.0137193,0.0856065,0.0578468,0.0277597,,
2049,1575,accepted,1,1.29202e-06,3.76305e-11,3.84959e-11,3.76333e-11,6.53154e-11,6.37222e-11,2.433,0.129939,2.30095,0.0131288,0.0836563,0.0569257,0.0267305,,
2050,1575,rejected,1,3.6873e-06,3.76305e-10,3.84959e-11,3.76333e-11,6.53154e-11,6.37222e-11,2.32201,0.136908,2.18291,0.0137985,0.0278472,0.0278469,0,,
2051,1576,accepted,0,3.6873e-06,1.88153e-10,3.84864e-11,3.75621e-11,6.52503e-11,6.37222e-11,0,0,0,0.013608,0.0763943,0.0513485,0.0250456,,
2052,1577,accepted,1,6.02908e-07,9.40763e-11,3.84805e-11,3.75794e-11,6.52775e-11,6.37222e-11,2.29499,0.136463,2.15581,0.0175808,0.0756707,0.0519799,0.0236907,,
2053,1578,accepted,1,8.26766e-07,4.70381e-11,3.84709e-11,3.75919e-11,6.53122e-11,6.37222e-11,2.29931,0.137986,2.15856,0.013947,0.0792976,0.0537791,0.0255184,,
2054,1578,rejected,1,2.431e-06,4.70381e-10,3.84709e-11,3.75919e-11,6.53122e-11,6.37222e-11,2.27815,0.133909,2.14214,0.0137346,0.0251101,0.0251099,0,,
2055,1579,accepted,0,2.431e-06,2.35191e-10,3.84658e-11,3.7546e-11,6.52714e-11,6.37222e-11,0,0,0,0.016253,0.0753497,0.0506855,0.024664,,
2056,1580,accepted,1,3.80591e-07,1.17595e-10,3.8461e-11,3.75561e-11,6.52896e-11,6.37222e-11,2.24569,0.14376,2.09973,0.013665,0.0780135,0.0545216,0.0234918,,
2057,1581,accepted,1,5.36655e-07,5.87977e-11,3.84524e-11,3.75623e-11,6.53138e-11,6.37222e-11,2.29726,0.127941,2.16662,0.0134557,0.0769523,0.0523522,0.0245999,,
2058,1581,rejected,1,1.59752e-06,5.87977e-10,3.84524e-11,3.75623e-11,6.53138e-11,6.37222e-11,2.30982,0.133216,2.17403,0.016459,0.0300202,0.03002,0,,
2059,1582,accepted,0,1.59752e-06,2.93988e-10,3.84493e-11,3.75324e-11,6.52879e-11,6.37222e-11,0,0,0,0.0127633,0.0755894,0.0494164,0.026173,,
2060,1583,accepted,1,2.45122e-07,1.46994e-10,3.84455e-11,3.75382e-11,6.53002e-11,6.37222e-11,2.34033,0.134948,2.2027,0.0170044,0.0773582,0.0536968,0.0236613,,
2061,1584,accepted,1,3.48172e-07,7.34971e-11,3.84382e-11,3.75406e-11,6.5317e-11,6.37222e-11,2.39544,0.136458,2.25666,0.0136962,0.085765,0.0564604,0.0293045,,
2062,1585,accepted,1,1.03572e-06,3.67486e-11,3.84309e-11,3.75784e-11,6.53823e-11,6.37222e-11,2.42355,0.142732,2.27845,0.0144465,0.0814095,0.056765,0.0246444,,
2063,1585,rejected,1,4.29387e-06,3.67486e-10,3.84309e-11,3.75784e-11,6.53823e-11,6.37222e-11,2.37848,0.125603,2.24987,0.0153503,0.0262677,0.0262675,0,,
2064,1586,accepted,0,4.29387e-06,1.83743e-10,3.84195e-11,3.74948e-11,6.53058e-11,6.37222e-11,0,0,0,0.0148376,0.0791858,0.0535706,0.0256151,,
2065,1587,accepted,1,7.21175e-07,9.18714e-11,3.84134e-11,3.75156e-11,6.53362e-11,6.37222e-11,2.25789,0.133275,2.12273,0.0131279,0.0749544,0.0495644,0.0253897,,
2066,1588,accepted,1,9.34083e-07,4.59357e-11,3.84042e-11,3.75311e-11,6.53746e-11,6.37222e-11,2.2454,0.132198,2.11102,0.0143779,0.0739888,0.0493346,0.0246541,,
2067,1588,rejected,1,2.73961e-06,4.59357e-10,3.84042e-11,3.75311e-11,6.53746e-11,6.37222e-11,2.30328,0.129914,2.17007,0.0152147,0.0285219,0.0285216,0,,
2068,1589,accepted,0,2.73961e-06,2.29678e-10,3.83984e-11,3.74793e-11,6.53281e-11,6.37222e-11,0,0,0,0.0145481,0.0784051,0.0528672,0.0255377,,
2069,1590,accepted,1,4.36401e-07,1.14839e-10,3.83935e-11,3.74911e-11,6.53478e-11,6.37222e-11,2.40167,0.148519,2.25063,0.0129138,0.0800016,0.0556482,0.0243532,,
2070,1591,accepted,1,5.91447e-07,5.74196e-11,3.8385e-11,3.74993e-11,6.53743e-11,6.37222e-11,2.34613,0.139111,2.20387,0.0162877,0.0838836,0.0578672,0.0260163,,
2071,1591,rejected,1,1.79304e-06,5.74196e-10,3.8385e-11,3.74993e-11,6.53743e-11,6.37222e-11,2.40118,0.136377,2.26213,0.0154403,0.0279331,0.0279328,0,,
2072,1592,accepted,0,1.79304e-06,2.87098e-10,3.83816e-11,3.74658e-11,6.53452e-11,6.37222e-11,0,0,0,0.0166822,0.0821237,0.0562989,0.0258247,,
2073,1593,accepted,1,2.75944e-07,1.43549e-10,3.83777e-11,3.74727e-11,6.53589e-11,6.37222e-11,2.30933,0.131601,2.17514,0.0125517,0.0777947,0.0528632,0.0249315,,
2074,1594,accepted,1,3.92903e-07,7.17745e-11,3.83704e-11,3.74762e-11,6.53771e-11,6.37222e-11,2.24815,0.130276,2.11523,0.0136386,0.0836123,0.0566505,0.0269616,,
2075,1595,accepted,1,1.16433e-06,3.58873e-11,3.83645e-11,3.75203e-11,6.54492e-11,6.37222e-11,2.2905,0.132068,2.15594,0.0143821,0.0797789,0.052736,0.0270428,,
2076,1595,rejected,1,4.78577e-06,3.58873e-10,3.83645e-11,3.75203e-11,6.54492e-11,6.37222e-11,2.41587,0.132206,2.28131,0.0154239,0.0278241,0.0278238,0,,
2077,1596,accepted,0,4.78577e-06,1.79436e-10,3.83513e-11,3.74266e-11,6.53635e-11,6.37222e-11,0,0,0,0.0174893,0.0855583,0.0575146,0.0280435,,
2078,1597,accepted,1,8.11052e-07,8.97181e-11,3.83451e-11,3.74503e-11,6.53968e-11,6.37222e-11,2.31609,0.129848,2.18369,0.0156058,0.0771432,0.0520144,0.0251286,,
2079,1598,accepted,1,1.02953e-06,4.48591e-11,3.83364e-11,3.74697e-11,6.54397e-11,6.37222e-11,2.33111,0.131331,2.1965,0.0139273,0.0803998,0.0549664,0.0254332,,
2080,1598,rejected,1,3.08294e-06,4.48591e-10,3.83364e-11,3.74697e-11,6.54397e-11,6.37222e-11,2.33262,0.13246,2.19764,0.0161228,0.0247635,0.0247632,0,,
2081,1599,accepted,0,3.08294e-06,2.24295e-10,3.83298e-11,3.74112e-11,6.53872e-11,6.37222e-11,0,0,0,0.0165344,0.0757274,0.053106,0.0226212,,
2082,1600,accepted,1,4.95156e-07,1.12148e-10,3.83248e-11,3.74252e-11,6.54092e-11,6.37222e-11,2.31915,0.13859,2.17716,0.0171804,0.0812436,0.0541825,0.0270611,,
2083,1601,accepted,1,6.71687e-07,5.60738e-11,3.83164e-11,3.74351e-11,6.5438e-11,6.37222e-11,2.34594,0.134894,2.20863,0.0133306,0.0835407,0.0567818,0.0267588,,
2084,1601,rejected,1,1.99752e-06,5.60738e-10,3.83164e-11,3.74351e-11,6.5438e-11,6.37222e-11,2.29986,0.130879,2.16643,0.0127642,0.0276124,0.0276121,0,,
2085,1602,accepted,0,1.99752e-06,2.80369e-10,3.83127e-11,3.73978e-11,6.54053e-11,6.37222e-11,0,0,0,0.0143003,0.0761681,0.0513411,0.024827,,
2086,1603,accepted,1,3.11631e-07,1.40185e-10,3.83087e-11,3.7406e-11,6.54201e-11,6.37222e-11,2.23751,0.134546,2.10006,0.0125787,0.0770866,0.051156,0.0259306,,
2087,1604,accepted,1,4.34545e-07,7.00923e-11,3.83013e-11,3.74104e-11,6.54392e-11,6.37222e-11,2.23696,0.126415,2.10825,0.0128525,0.0750279,0.0494408,0.0255869,,
2088,1605,accepted,1,1.2744e-06,3.50461e-11,3.82972e-11,3.7462e-11,6.55195e-11,6.37222e-11,2.26117,0.129628,2.12821,0.0163443,0.0735708,0.0489467,0.024624,,
2089,1605,rejected,1,5.33182e-06,3.50461e-10,3.82972e-11,3.7462e-11,6.55195e-11,6.37222e-11,2.28563,0.130616,2.15198,0.0128695,0.0239164,0.0239162,0,,
2090,1606,accepted,0,5.33182e-06,1.75231e-10,3.82819e-11,3.73566e-11,6.54222e-11,6.37222e-11,0,0,0,0.0140199,0.0707659,0.0478565,0.0229093,,
2091,1607,accepted,1,9.43159e-07,8.76154e-11,3.82756e-11,3.73843e-11,6.54592e-11,6.37222e-11,2.26544,0.131672,2.13137,0.0138066,0.0780977,0.053959,0.0241387,,
2092,1608,accepted,1,1.1532e-06,4.38077e-11,3.82676e-11,3.74085e-11,6.5508e-11,6.37222e-11,2.36593,0.139152,2.2242,0.0177399,0.0825584,0.0549867,0.0275715,,
2093,1608,rejected,1,3.51801e-06,4.38077e-10,3.82676e-11,3.74085e-11,6.5508e-11,6.37222e-11,2.45845,0.140496,2.31429,0.0144378,0.0292056,0.0292052,0,,
2094,1609,accepted,0,3.51801e-06,2.19038e-10,3.82599e-11,3.73415e-11,6.54471e-11,6.37222e-11,0,0,0,0.0150557,0.082327,0.0571472,0.0251796,,
2095,1610,accepted,1,5.87132e-07,1.09519e-10,3.82548e-11,3.7358e-11,6.54715e-11,6.37222e-11,2.39094,0.133335,2.2549,0.0143593,0.076686,0.0514852,0.0252007,,
2096,1611,accepted,1,7.45552e-07,5.47596e-11,3.82465e-11,3.73698e-11,6.55024e-11,6.37222e-11,2.3043,0.134161,2.16692,0.0146376,0.0751592,0.048804,0.026355,,
2097,1611,rejected,1,2.20438e-06,5.47596e-10,3.82465e-11,3.73698e-11,6.55024e-11,6.37222e-11,2.23833,0.130901,2.10465,0.0134357,0.0261456,0.0261453,0,,
2098,1612,accepted,0,2.20438e-06,2.73798e-10,3.82424e-11,3.73287e-11,6.54661e-11,6.37222e-11,0,0,0,0.0137179,0.075911,0.0507659,0.0251451,,
2099,1613,accepted,1,3.45424e-07,1.36899e-10,3.82383e-11,3.73379e-11,6.54817e-11,6.37222e-11,2.36844,0.133323,2.23275,0.0129394,0.0771765,0.0515443,0.025632,,
2100,1614,accepted,1,4.69314e-07,6.84495e-11,3.8231e-11,3.73443e-11,6.55036e-11,6.37222e-11,2.54952,0.133708,2.41184,0.0143997,0.0782608,0.052985,0.0252757,,
2101,1615,accepted,1,1.45451e-06,3.42248e-11,3.82291e-11,3.74031e-11,6.55915e-11,6.37222e-11,2.29543,0.13997,2.15279,0.0191309,0.075845,0.0511532,0.0246917,,
2102,1615,rejected,1,5.90879e-06,3.42248e-10,3.82291e-11,3.74031e-11,6.55915e-11,6.37222e-11,2.38408,0.136765,2.24438,0.0153409,0.0277285,0.0277282,0,,
2103,1616,accepted,0,5.90879e-06,1.71124e-10,3.82111e-11,3.72861e-11,6.54846e-11,6.37222e-11,0,0,0,0.013797,0.0811415,0.0550528,0.0260885,,
2104,1617,accepted,1,1.01898e-06,8.55619e-11,3.82046e-11,3.73162e-11,6.55232e-11,6.37222e-11,2.39524,0.132886,2.25979,0.0134364,0.0776097,0.0535478,0.0240618,,
2105,1618,accepted,1,1.2277e-06,4.27809e-11,3.81978e-11,3.73466e-11,6.5579e-11,6.37222e-11,2.3026,0.141583,2.15853,0.016752,0.0746372,0.0508434,0.0237936,,
2106,1618,rejected,1,3.97064e-06,4.27809e-10,3.81978e-11,3.73466e-11,6.5579e-11,6.37222e-11,2.26015,0.139148,2.11881,0.0124821,0.0274648,0.0274645,0,,
2107,1619,accepted,0,3.97064e-06,2.13905e-10,3.81886e-11,3.72706e-11,6.55104e-11,6.37222e-11,0,0,0,0.0138847,0.0753416,0.052146,0.0231955,,
2108,1620,accepted,1,6.6579e-07,1.06952e-10,3.81835e-11,3.72899e-11,6.55373e-11,6.37222e-11,2.2993,0.132958,2.164,0.0174774,0.0768118,0.0505653,0.0262464,,
2109,1621,accepted,1,8.40445e-07,5.34762e-11,3.81753e-11,3.73032e-11,6.55701e-11,6.37222e-11,2.26653,0.122497,2.14192,0.016253,0.0730279,0.0489231,0.0241046,,
2110,1621,rejected,1,2.41014e-06,5.34762e-10,3.81753e-11,3.73032e-11,6.55701e-11,6.37222e-11,2.2304,0.130724,2.09669,0.0155785,0.0252844,0.025284,0,,
2111,1622,accepted,0,2.41014e-06,2.67381e-10,3.81708e-11,3.72584e-11,6.55307e-11,6.37222e-11,0,0,0,0.0154275,0.0764124,0.0514182,0.0249942,,
2112,1623,accepted,1,3.70583e-07,1.3369e-10,3.81667e-11,3.72686e-11,6.55475e-11,6.37222e-11,2.30183,0.126244,2.1733,0.0126486,0.0785077,0.0525604,0.0259473,,
2113,1624,accepted,1,5.0879e-07,6.68452e-11,3.81594e-11,3.72775e-11,6.55725e-11,6.37222e-11,2.24367,0.13323,2.1084,0.0136939,0.0748386,0.0526974,0.0221411,,
2114,1625,accepted,1,1.66699e-06,3.34226e-11,3.81591e-11,3.73399e-11,6.5664e-11,6.37222e-11,2.30612,0.130702,2.17259,0.0140001,0.0796669,0.0540183,0.0256485,,
2115,1625,rejected,1,6.31416e-06,3.34226e-10,3.81591e-11,3.73399e-11,6.5664e-11,6.37222e-11,2.36314,0.140923,2.21966,0.0152478,0.0260486,0.0260484,0,,
2116,1626,accepted,0,6.31416e-06,1.67113e-10,3.8139e-11,3.72147e-11,6.55495e-11,6.37222e-11,0,0,0,0.0144969,0.0768699,0.0523928,0.024477,,
2117,1627,accepted,1,1.07666e-06,8.35565e-11,3.81325e-11,3.72476e-11,6.55912e-11,6.37222e-11,2.30506,0.131333,2.17123,0.0126988,0.0748367,0.0492724,0.0255643,,
2118,1628,accepted,1,1.35234e-06,4.17783e-11,3.81268e-11,3.72832e-11,6.56527e-11,6.37222e-11,2.24004,0.130735,2.10676,0.012402,0.0728979,0.04984,0.0230578,,
2119,1628,rejected,1,4.41018e-06,4.17783e-10,3.81268e-11,3.72832e-11,6.56527e-11,6.37222e-11,2.20648,0.132253,2.07211,0.0136549,0.0264391,0.0264389,0,,
2120,1629,accepted,0,4.41018e-06,2.08891e-10,3.81161e-11,3.71983e-11,6.55756e-11,6.37222e-11,0,0,0,0.0130163,0.0741913,0.0488453,0.0253458,,
2121,1630,accepted,1,7.58376e-07,1.04446e-10,3.81109e-11,3.72211e-11,6.56064e-11,6.37222e-11,2.24296,0.132107,2.10887,0.0130106,0.0727347,0.0491057,0.0236288,,
2122,1631,accepted,1,9.767e-07,5.22228e-11,3.81026e-11,3.72329e-11,6.56374e-11,6.37222e-11,2.20941,0.127792,2.07918,0.0131211,0.0770486,0.0521901,0.0248583,,
2123,1631,rejected,1,2.46416e-06,5.22228e-10,3.81026e-11,3.72329e-11,6.56374e-11,6.37222e-11,2.36656,0.131052,2.23324,0.0175561,0.0257489,0.0257486,0,,
2124,1632,accepted,0,2.46416e-06,2.61114e-10,3.8098e-11,3.71875e-11,6.55976e-11,6.37222e-11,0,0,0,0.0133115,0.0761485,0.0506252,0.0255233,,
2125,1633,accepted,1,3.55033e-07,1.30557e-10,3.80938e-11,3.71981e-11,6.56151e-11,6.37222e-11,2.40941,0.132915,2.27171,0.0123599,0.080006,0.0535001,0.0265059,,
2126,1634,accepted,1,5.57337e-07,6.52785e-11,3.80866e-11,3.72093e-11,6.56429e-11,6.37222e-11,2.32806,0.136282,2.18913,0.0137139,0.0808791,0.0548074,0.0260715,,
2127,1634,rejected,1,1.87001e-06,6.52785e-10,3.80866e-11,3.72093e-11,6.56429e-11,6.37222e-11,2.26051,0.138119,2.11992,0.0139464,0.0251196,0.0251194,0,,
2128,1635,accepted,0,1.87001e-06,3.26393e-10,3.80835e-11,3.71746e-11,6.56127e-11,6.37222e-11,0,0,0,0.0141637,0.0773072,0.0512733,0.0260338,,
2129,1636,accepted,1,3.00293e-07,1.63196e-10,3.80802e-11,3.71827e-11,6.56266e-11,6.37222e-11,2.29036,0.132418,2.15463,0.0157349,0.0740067,0.0505164,0.0234903,,
2130,1637,accepted,1,4.1093e-07,8.15982e-11,3.80738e-11,3.71848e-11,6.56408e-11,6.37222e-11,2.35314,0.133072,2.21785,0.0140005,0.0795375,0.0545751,0.0249624,,
2131,1638,accepted,1,1.01956e-06,4.07991e-11,3.80703e-11,3.7236e-11,6.57174e-11,6.37222e-11,2.36884,0.136752,2.22987,0.015952,0.0783841,0.053509,0.0248749,,
2132,1638,rejected,1,4.98772e-06,4.07991e-10,3.80703e-11,3.7236e-11,6.57174e-11,6.37222e-11,2.27368,0.133228,2.13772,0.0187252,0.0264253,0.0264251,0,,
2133,1639,accepted,0,4.98772e-06,2.03995e-10,3.80575e-11,3.71389e-11,6.56288e-11,6.37222e-11,0,0,0,0.0135086,0.0763234,0.0506022,0.0257212,,
2134,1640,accepted,1,8.92672e-07,1.01998e-10,3.80523e-11,3.71657e-11,6.56637e-11,6.37222e-11,2.32045,0.126505,2.19033,0.01502,0.078005,0.0523934,0.0256116,,
2135,1641,accepted,1,1.1098e-06,5.09989e-11,3.80453e-11,3.71871e-11,6.57075e-11,6.37222e-11,2.22688,0.127051,2.09672,0.0131653,0.0753403,0.051285,0.0240552,,
2136,1641,rejected,1,3.20267e-06,5.09989e-10,3.80453e-11,3.71871e-11,6.57075e-11,6.37222e-11,2.25506,0.124624,2.12793,0.0122981,0.0257809,0.0257806,0,,
2137,1642,accepted,0,3.20267e-06,2.54994e-10,3.8039e-11,3.71273e-11,6.56544e-11,6.37222e-11,0,0,0,0.0137213,0.0768075,0.0522366,0.0245709,,
2138,1643,accepted,1,5.08455e-07,1.27497e-10,3.80348e-11,3.71423e-11,6.56768e-11,6.37222e-11,2.29478,0.134749,2.15753,0.0168878,0.0785935,0.0527094,0.025884,,
2139,1644,accepted,1,6.83102e-07,6.37486e-11,3.80275e-11,3.71522e-11,6.57042e-11,6.37222e-11,2.34821,0.13407,2.21182,0.0138875,0.0777087,0.0512992,0.0264094,,
2140,1644,rejected,1,1.92912e-06,6.37486e-10,3.80275e-11,3.71522e-11,6.57042e-11,6.37222e-11,2.44543,0.138997,2.30389,0.0168653,0.0256245,0.0256243,0,,
2141,1645,accepted,0,1.92912e-06,3.18743e-10,3.80243e-11,3.71167e-11,6.56736e-11,6.37222e-11,0,0,0,0.0128197,0.0793666,0.053287,0.0260795,,
2142,1646,accepted,1,2.95405e-07,1.59371e-10,3.80209e-11,3.71248e-11,6.56877e-11,6.37222e-11,2.30081,0.140482,2.15753,0.0132527,0.0753692,0.0508706,0.0244986,,
2143,1647,accepted,1,4.18781e-07,7.96857e-11,3.80145e-11,3.71298e-11,6.57064e-11,6.37222e-11,2.25598,0.125749,2.12799,0.0143486,0.0745613,0.0516126,0.0229486,,
2144,1648,accepted,1,1.2297e-06,3.98429e-11,3.80108e-11,3.71782e-11,6.57803e-11,6.37222e-11,2.335,0.127461,2.20512,0.0170105,0.0737896,0.0491617,0.0246277,,
2145,1648,rejected,1,5.03425e-06,3.98429e-10,3.80108e-11,3.71782e-11,6.57803e-11,6.37222e-11,2.35522,0.14484,2.20807,0.0168365,0.0259267,0.0259265,0,,
2146,1649,accepted,0,5.03425e-06,1.99214e-10,3.79978e-11,3.70809e-11,6.56921e-11,6.37222e-11,0,0,0,0.0136387,0.0742098,0.0490332,0.0251766,,
2147,1650,accepted,1,8.53371e-07,9.96071e-11,3.79924e-11,3.71071e-11,6.57264e-11,6.37222e-11,2.34299,0.139051,2.20069,0.01405,0.0819264,0.0547446,0.0271817,,
2148,1651,accepted,1,1.10695e-06,4.98036e-11,3.79851e-11,3.71275e-11,6.5768e-11,6.37222e-11,2.36049,0.137355,2.22083,0.0148856,0.0781536,0.0523611,0.0257923,,
2149,1651,rejected,1,3.15022e-06,4.98036e-10,3.79851e-11,3.71275e-11,6.5768e-11,6.37222e-11,2.31998,0.131039,2.18586,0.0420933,0.0267989,0.0267986,0,,
2150,1652,accepted,0,3.15022e-06,2.49018e-10,3.79788e-11,3.70687e-11,6.57159e-11,6.37222e-11,0,0,0,0.0134811,0.0767438,0.0533176,0.0234261,,
2151,1653,accepted,1,4.9603e-07,1.24509e-10,3.79745e-11,3.70836e-11,6.57377e-11,6.37222e-11,2.32348,0.136116,2.18489,0.0173896,0.081397,0.0545807,0.0268163,,
2152,1654,accepted,1,6.9663e-07,6.22545e-11,3.79673e-11,3.70951e-11,6.57661e-11,6.37222e-11,2.26936,0.129497,2.13749,0.0163087,0.0714982,0.0494211,0.0220769,,
2153,1654,rejected,1,2.05365e-06,6.22545e-10,3.79673e-11,3.70951e-11,6.57661e-11,6.37222e-11,2.23188,0.145897,2.0829,0.0141081,0.0280663,0.028066,0,,
2154,1655,accepted,0,2.05365e-06,3.11272e-10,3.79638e-11,3.70574e-11,6.57333e-11,6.37222e-11,0,0,0,0.0133308,0.0785688,0.0527835,0.0257852,,
2155,1656,accepted,1,3.14232e-07,1.55636e-10,3.79603e-11,3.70661e-11,6.5748e-11,6.37222e-11,2.31535,0.140992,2.1707,0.0135086,0.0796799,0.0532605,0.0264193,,
2156,1657,accepted,1,4.46435e-07,7.78181e-11,3.79539e-11,3.70721e-11,6.57675e-11,6.37222e-11,2.33464,0.13486,2.19736,0.0183905,0.0769562,0.051771,0.025185,,
2157,1658,accepted,1,1.33213e-06,3.8909e-11,3.79516e-11,3.71256e-11,6.58462e-11,6.37222e-11,2.32504,0.131625,2.19101,0.0139726,0.0739478,0.0495904,0.0243572,,
2158,1658,rejected,1,5.43382e-06,3.8909e-10,3.79516e-11,3.71256e-11,6.58462e-11,6.37222e-11,2.27917,0.12968,2.1472,0.0152955,0.0253423,0.0253421,0,,
2159,1659,accepted,0,5.43382e-06,1.94545e-10,3.79368e-11,3.70202e-11,6.57505e-11,6.37222e-11,0,0,0,0.013816,0.0716436,0.0485471,0.0230964,,
2160,1660,accepted,1,9.27292e-07,9.72726e-11,3.79313e-11,3.70487e-11,6.57868e-11,6.37222e-11,2.27996,0.125978,2.15179,0.0168228,0.0769517,0.0511819,0.0257697,,
2161,1661,accepted,1,1.18818e-06,4.86363e-11,3.79245e-11,3.70724e-11,6.5832e-11,6.37222e-11,2.33415,0.129724,2.20133,0.0146273,0.0799275,0.0527724,0.0271549,,
2162,1661,rejected,1,3.44839e-06,4.86363e-10,3.79245e-11,3.70724e-11,6.5832e-11,6.37222e-11,2.41667,0.141906,2.27198,0.0200831,0.0284578,0.0284575,0,,
2163,1662,accepted,0,3.44839e-06,2.43182e-10,3.79175e-11,3.7008e-11,6.57745e-11,6.37222e-11,0,0,0,0.0162786,0.0793412,0.0522882,0.0270529,,
2164,1663,accepted,1,5.48829e-07,1.21591e-10,3.79131e-11,3.70246e-11,6.57979e-11,6.37222e-11,2.31961,0.1318,2.18529,0.0191718,0.0809601,0.0528512,0.0281088,,
2165,1664,accepted,1,7.54118e-07,6.07954e-11,3.7906e-11,3.70378e-11,6.58283e-11,6.37222e-11,2.3503,0.13651,2.21012,0.0143382,0.0791162,0.0534899,0.0256262,,
2166,1664,rejected,1,2.23783e-06,6.07954e-10,3.7906e-11,3.70378e-11,6.58283e-11,6.37222e-11,2.52514,0.13485,2.38796,0.0165305,0.0244423,0.0244418,0,,
2167,1665,accepted,0,2.23783e-06,3.03977e-10,3.79022e-11,3.69967e-11,6.57924e-11,6.37222e-11,0,0,0,0.0145907,0.0753709,0.0503367,0.0250342,,
2168,1666,accepted,1,3.44617e-07,1.51988e-10,3.78986e-11,3.70065e-11,6.5808e-11,6.37222e-11,2.26865,0.132707,2.13289,0.0159794,0.0749441,0.0503655,0.0245786,,
2169,1667,accepted,1,4.83481e-07,7.59942e-11,3.78922e-11,3.70135e-11,6.58288e-11,6.37222e-11,2.46514,0.127748,2.33478,0.013284,0.073761,0.050098,0.0236629,,
2170,1668,accepted,1,1.44938e-06,3.79971e-11,3.78915e-11,3.70726e-11,6.59133e-11,6.37222e-11,2.38952,0.142019,2.24506,0.017231,0.0806584,0.0555727,0.0250856,,
2171,1668,rejected,1,5.86653e-06,3.79971e-10,3.78915e-11,3.70726e-11,6.59133e-11,6.37222e-11,2.34664,0.138187,2.20606,0.0146053,0.0296124,0.0296121,0,,
2172,1669,accepted,0,5.86653e-06,1.89986e-10,3.78748e-11,3.69582e-11,6.58093e-11,6.37222e-11,0,0,0,0.0144675,0.0804096,0.0537906,0.026619,,
2173,1670,accepted,1,1.00819e-06,9.49928e-11,3.78692e-11,3.69891e-11,6.58476e-11,6.37222e-11,2.31271,0.128781,2.18036,0.0166086,0.0788649,0.0524795,0.0263852,,
2174,1671,accepted,1,1.25994e-06,4.74964e-11,3.78632e-11,3.7018e-11,6.58986e-11,6.37222e-11,2.25534,0.128125,2.12451,0.0139845,0.0771547,0.0537661,0.0233886,,
2175,1671,rejected,1,3.84513e-06,4.74964e-10,3.78632e-11,3.7018e-11,6.58986e-11,6.37222e-11,2.25513,0.127308,2.12557,0.0165798,0.0251744,0.0251741,0,,
2176,1672,accepted,0,3.84513e-06,2.37482e-10,3.7855e-11,3.69457e-11,6.58334e-11,6.37222e-11,0,0,0,0.0124605,0.0749176,0.0509175,0.0240001,,
2177,1673,accepted,1,6.29897e-07,1.18741e-10,3.78506e-11,3.6965e-11,6.58598e-11,6.37222e-11,2.28894,0.129189,2.15548,0.0128761,0.0775896,0.0506633,0.0269261,,
2178,1674,accepted,1,8.49118e-07,5.93705e-11,3.78434e-11,3.69776e-11,6.58895e-11,6.37222e-11,2.31861,0.129158,2.1854,0.0125551,0.0751882,0.0505048,0.0246833,,
